session_id,event_type,event_time,traffic_source,device_type
c9718135-8134-42b2-8e1e-2737fd6b49b1,AP,2020-12-17T07:04:52.331Z,MOBILE,Android
c9718135-8134-42b2-8e1e-2737fd6b49b1,CL,2020-12-06T09:07:47.331Z,MOBILE,Android
c9718135-8134-42b2-8e1e-2737fd6b49b1,SER,2020-12-17T07:12:08.331Z,MOBILE,Android
c9718135-8134-42b2-8e1e-2737fd6b49b1,CL,2021-01-08T02:28:32.331Z,MOBILE,Android
c9718135-8134-42b2-8e1e-2737fd6b49b1,ATC,2021-01-19T00:17:38.331Z,MOBILE,Android
c9718135-8134-42b2-8e1e-2737fd6b49b1,VI,2020-12-28T04:49:04.331Z,MOBILE,Android
d2077615-9026-4c5c-b088-a35519b64b05,HP,2020-02-23T23:03:14.612Z,MOBILE,Android
d2077615-9026-4c5c-b088-a35519b64b05,ATC,2020-02-24T08:56:58.612Z,MOBILE,Android
d2077615-9026-4c5c-b088-a35519b64b05,ATC,2020-02-24T18:52:26.612Z,MOBILE,Android
d2077615-9026-4c5c-b088-a35519b64b05,ATC,2020-02-25T04:46:38.612Z,MOBILE,Android
d2077615-9026-4c5c-b088-a35519b64b05,ATC,2020-02-25T14:43:26.612Z,MOBILE,Android
d2077615-9026-4c5c-b088-a35519b64b05,ATC,2020-02-26T00:35:01.612Z,MOBILE,Android
d2077615-9026-4c5c-b088-a35519b64b05,ATC,2020-02-26T10:27:38.612Z,MOBILE,Android
d2077615-9026-4c5c-b088-a35519b64b05,ATC,2020-02-24T08:56:37.612Z,MOBILE,Android
d31b9d4b-126a-49c4-be4b-8e5d7f70804d,HP,2020-04-24T02:35:21.612Z,MOBILE,Android
d31b9d4b-126a-49c4-be4b-8e5d7f70804d,ATC,2020-04-25T04:36:02.612Z,MOBILE,Android
d31b9d4b-126a-49c4-be4b-8e5d7f70804d,AP,2020-04-26T06:27:30.612Z,MOBILE,Android
d31b9d4b-126a-49c4-be4b-8e5d7f70804d,SCR,2020-04-26T06:19:34.612Z,MOBILE,Android
d31b9d4b-126a-49c4-be4b-8e5d7f70804d,CL,2020-04-27T08:16:02.612Z,MOBILE,Android
d31b9d4b-126a-49c4-be4b-8e5d7f70804d,CL,2020-04-28T10:06:14.612Z,MOBILE,Android
d31b9d4b-126a-49c4-be4b-8e5d7f70804d,HP,2020-04-29T12:00:25.612Z,MOBILE,Android
d31b9d4b-126a-49c4-be4b-8e5d7f70804d,ATC,2020-04-30T13:59:45.612Z,MOBILE,Android
d31b9d4b-126a-49c4-be4b-8e5d7f70804d,SER,2020-05-01T15:45:42.612Z,MOBILE,Android
d31b9d4b-126a-49c4-be4b-8e5d7f70804d,CL,2020-05-02T17:53:16.612Z,MOBILE,Android
d31b9d4b-126a-49c4-be4b-8e5d7f70804d,CL,2020-05-03T19:56:51.612Z,MOBILE,Android
d31b9d4b-126a-49c4-be4b-8e5d7f70804d,SCR,2020-05-04T22:04:00.612Z,MOBILE,Android
d31b9d4b-126a-49c4-be4b-8e5d7f70804d,SER,2020-05-07T01:52:38.612Z,MOBILE,Android
d31b9d4b-126a-49c4-be4b-8e5d7f70804d,VI,2020-05-06T00:01:57.612Z,MOBILE,Android
2a5d33d4-2ffc-4e71-9cc9-1e650e69c498,HP,2021-06-24T14:06:08.612Z,MOBILE,Android
2a5d33d4-2ffc-4e71-9cc9-1e650e69c498,ATC,2021-06-26T06:16:57.612Z,MOBILE,Android
2a5d33d4-2ffc-4e71-9cc9-1e650e69c498,AP,2021-06-27T22:18:59.612Z,MOBILE,Android
2a5d33d4-2ffc-4e71-9cc9-1e650e69c498,SER,2021-06-26T06:21:49.612Z,MOBILE,Android
2a5d33d4-2ffc-4e71-9cc9-1e650e69c498,SER,2021-06-27T22:30:27.612Z,MOBILE,Android
2a5d33d4-2ffc-4e71-9cc9-1e650e69c498,SER,2021-06-29T14:30:57.612Z,MOBILE,Android
2a5d33d4-2ffc-4e71-9cc9-1e650e69c498,ATC,2021-07-06T06:57:47.612Z,MOBILE,Android
2a5d33d4-2ffc-4e71-9cc9-1e650e69c498,ATC,2021-07-07T23:02:07.612Z,MOBILE,Android
2a5d33d4-2ffc-4e71-9cc9-1e650e69c498,ATC,2021-07-09T15:11:35.612Z,MOBILE,Android
2a5d33d4-2ffc-4e71-9cc9-1e650e69c498,HP,2021-07-11T07:24:43.612Z,MOBILE,Android
2a5d33d4-2ffc-4e71-9cc9-1e650e69c498,VI,2021-07-02T22:37:20.612Z,MOBILE,Android
997432b4-a3c3-4d35-a85a-0c7c6291058d,HP,2021-12-03T22:29:38.612Z,WEB,Android
997432b4-a3c3-4d35-a85a-0c7c6291058d,ATC,2021-12-04T06:51:39.612Z,WEB,Android
997432b4-a3c3-4d35-a85a-0c7c6291058d,AP,2021-12-04T15:05:45.612Z,WEB,Android
997432b4-a3c3-4d35-a85a-0c7c6291058d,HP,2021-12-04T06:44:34.612Z,WEB,Android
997432b4-a3c3-4d35-a85a-0c7c6291058d,CL,2021-12-04T15:00:17.612Z,WEB,Android
997432b4-a3c3-4d35-a85a-0c7c6291058d,SCR,2021-12-04T23:16:28.612Z,WEB,Android
997432b4-a3c3-4d35-a85a-0c7c6291058d,SER,2021-12-05T07:37:40.612Z,WEB,Android
997432b4-a3c3-4d35-a85a-0c7c6291058d,SCR,2021-12-05T15:54:01.612Z,WEB,Android
997432b4-a3c3-4d35-a85a-0c7c6291058d,ATC,2021-12-06T08:17:37.612Z,WEB,Android
b746ff42-f05a-4a8a-a52d-ed149a79e35f,HP,2023-03-31T13:15:52.612Z,MOBILE,Android
b746ff42-f05a-4a8a-a52d-ed149a79e35f,ATC,2023-04-02T03:51:12.612Z,MOBILE,Android
b746ff42-f05a-4a8a-a52d-ed149a79e35f,AP,2023-04-03T18:08:40.612Z,MOBILE,Android
b746ff42-f05a-4a8a-a52d-ed149a79e35f,CL,2023-04-02T03:43:27.612Z,MOBILE,Android
b746ff42-f05a-4a8a-a52d-ed149a79e35f,HP,2023-04-03T17:59:37.612Z,MOBILE,Android
b746ff42-f05a-4a8a-a52d-ed149a79e35f,SCR,2023-04-05T08:22:32.612Z,MOBILE,Android
b746ff42-f05a-4a8a-a52d-ed149a79e35f,CL,2023-04-08T13:20:25.612Z,MOBILE,Android
b746ff42-f05a-4a8a-a52d-ed149a79e35f,SCR,2023-04-10T03:44:00.612Z,MOBILE,Android
b746ff42-f05a-4a8a-a52d-ed149a79e35f,SER,2023-04-14T22:56:27.612Z,MOBILE,Android
b746ff42-f05a-4a8a-a52d-ed149a79e35f,CL,2023-04-16T13:28:21.612Z,MOBILE,Android
b746ff42-f05a-4a8a-a52d-ed149a79e35f,CL,2023-04-18T03:54:17.612Z,MOBILE,Android
b746ff42-f05a-4a8a-a52d-ed149a79e35f,CL,2023-04-19T18:16:29.612Z,MOBILE,Android
8c60ecc3-2eb6-4caa-8189-ebe59622c04c,HP,2022-08-22T15:20:28.639Z,MOBILE,Android
8c60ecc3-2eb6-4caa-8189-ebe59622c04c,ATC,2022-09-26T15:24:27.639Z,MOBILE,Android
8c60ecc3-2eb6-4caa-8189-ebe59622c04c,AP,2022-10-31T16:17:06.639Z,MOBILE,Android
8c60ecc3-2eb6-4caa-8189-ebe59622c04c,HP,2022-09-26T16:13:57.639Z,MOBILE,Android
8c60ecc3-2eb6-4caa-8189-ebe59622c04c,HP,2022-10-31T17:26:02.639Z,MOBILE,Android
8c60ecc3-2eb6-4caa-8189-ebe59622c04c,CL,2022-12-05T17:56:11.639Z,MOBILE,Android
3f468933-f01c-42ca-a274-7d923fce989d,CL,2020-08-28T05:41:04.558Z,MOBILE,iOS
baac9df5-a696-4084-b8e6-ea1e23b91fc1,HP,2022-01-26T21:50:50.558Z,MOBILE,iOS
3f468933-f01c-42ca-a274-7d923fce989d,HP,2020-08-17T05:13:25.558Z,MOBILE,iOS
3f468933-f01c-42ca-a274-7d923fce989d,ATC,2020-08-19T10:21:58.558Z,MOBILE,iOS
3f468933-f01c-42ca-a274-7d923fce989d,CL,2020-08-19T10:07:01.558Z,MOBILE,iOS
3f468933-f01c-42ca-a274-7d923fce989d,CL,2020-08-21T15:00:16.558Z,MOBILE,iOS
3f468933-f01c-42ca-a274-7d923fce989d,HP,2020-08-23T19:51:23.558Z,MOBILE,iOS
3f468933-f01c-42ca-a274-7d923fce989d,SCR,2020-08-26T00:41:44.558Z,MOBILE,iOS
3f468933-f01c-42ca-a274-7d923fce989d,ATC,2020-08-30T10:37:17.558Z,MOBILE,iOS
3f468933-f01c-42ca-a274-7d923fce989d,HP,2020-09-09T06:08:36.558Z,MOBILE,iOS
3f468933-f01c-42ca-a274-7d923fce989d,SCR,2020-09-14T15:47:33.558Z,MOBILE,iOS
3f468933-f01c-42ca-a274-7d923fce989d,SER,2020-09-20T01:34:58.558Z,MOBILE,iOS
3f468933-f01c-42ca-a274-7d923fce989d,HP,2020-09-25T11:08:55.558Z,MOBILE,iOS
c6fad938-00ff-4fcf-aa6a-2606854ff283,HP,2021-08-10T06:20:57.558Z,MOBILE,iOS
c6fad938-00ff-4fcf-aa6a-2606854ff283,ATC,2021-08-12T14:41:55.558Z,MOBILE,iOS
c6fad938-00ff-4fcf-aa6a-2606854ff283,ATC,2021-08-14T23:17:20.558Z,MOBILE,iOS
1ea40aa0-5370-45c3-818a-615866d7c482,HP,2021-10-24T09:55:18.558Z,MOBILE,iOS
1ea40aa0-5370-45c3-818a-615866d7c482,ATC,2021-10-24T12:05:08.558Z,MOBILE,iOS
1ea40aa0-5370-45c3-818a-615866d7c482,CL,2021-10-24T12:04:24.558Z,MOBILE,iOS
1ea40aa0-5370-45c3-818a-615866d7c482,ATC,2021-10-24T20:39:47.558Z,MOBILE,iOS
c6fad938-00ff-4fcf-aa6a-2606854ff283,VI,2021-08-12T14:32:55.558Z,MOBILE,iOS
c6fad938-00ff-4fcf-aa6a-2606854ff283,VI,2021-08-14T22:58:38.558Z,MOBILE,iOS
1ea40aa0-5370-45c3-818a-615866d7c482,VI,2021-10-24T14:15:12.558Z,MOBILE,iOS
1ea40aa0-5370-45c3-818a-615866d7c482,VI,2021-10-24T16:23:51.558Z,MOBILE,iOS
1ea40aa0-5370-45c3-818a-615866d7c482,VI,2021-10-24T18:30:59.558Z,MOBILE,iOS
baac9df5-a696-4084-b8e6-ea1e23b91fc1,HP,2022-01-19T09:12:30.558Z,MOBILE,iOS
baac9df5-a696-4084-b8e6-ea1e23b91fc1,ATC,2022-01-19T19:48:11.558Z,MOBILE,iOS
baac9df5-a696-4084-b8e6-ea1e23b91fc1,ATC,2022-01-20T06:24:16.558Z,MOBILE,iOS
baac9df5-a696-4084-b8e6-ea1e23b91fc1,AP,2022-01-20T17:06:09.558Z,MOBILE,iOS
baac9df5-a696-4084-b8e6-ea1e23b91fc1,SCR,2022-01-20T06:20:18.558Z,MOBILE,iOS
baac9df5-a696-4084-b8e6-ea1e23b91fc1,CL,2022-01-20T16:53:11.558Z,MOBILE,iOS
baac9df5-a696-4084-b8e6-ea1e23b91fc1,ATC,2022-01-21T03:33:06.558Z,MOBILE,iOS
baac9df5-a696-4084-b8e6-ea1e23b91fc1,ATC,2022-01-22T11:31:43.558Z,MOBILE,iOS
baac9df5-a696-4084-b8e6-ea1e23b91fc1,SCR,2022-01-22T22:12:19.558Z,MOBILE,iOS
baac9df5-a696-4084-b8e6-ea1e23b91fc1,ATC,2022-01-23T19:25:38.558Z,MOBILE,iOS
baac9df5-a696-4084-b8e6-ea1e23b91fc1,HP,2022-01-24T06:06:20.558Z,MOBILE,iOS
baac9df5-a696-4084-b8e6-ea1e23b91fc1,SER,2022-01-24T16:44:15.558Z,MOBILE,iOS
baac9df5-a696-4084-b8e6-ea1e23b91fc1,SER,2022-01-25T03:19:57.558Z,MOBILE,iOS
baac9df5-a696-4084-b8e6-ea1e23b91fc1,HP,2022-01-25T13:57:22.558Z,MOBILE,iOS
baac9df5-a696-4084-b8e6-ea1e23b91fc1,HP,2022-01-26T00:35:00.558Z,MOBILE,iOS
baac9df5-a696-4084-b8e6-ea1e23b91fc1,CL,2022-01-26T11:12:21.558Z,MOBILE,iOS
baac9df5-a696-4084-b8e6-ea1e23b91fc1,HP,2022-01-27T08:25:00.558Z,MOBILE,iOS
baac9df5-a696-4084-b8e6-ea1e23b91fc1,VI,2022-01-21T14:07:55.558Z,MOBILE,iOS
baac9df5-a696-4084-b8e6-ea1e23b91fc1,VI,2022-01-23T08:52:39.558Z,MOBILE,iOS
b72798a5-1ae4-4da1-92dd-8f5564261dad,HP,2022-08-23T23:26:55.558Z,MOBILE,iOS
b72798a5-1ae4-4da1-92dd-8f5564261dad,ATC,2022-08-29T09:05:39.558Z,MOBILE,iOS
2057147f-6536-4919-b846-29bbd737fe45,HP,2023-02-08T05:59:06.558Z,MOBILE,iOS
2057147f-6536-4919-b846-29bbd737fe45,ATC,2023-02-09T14:17:09.558Z,MOBILE,iOS
2057147f-6536-4919-b846-29bbd737fe45,CL,2023-02-09T14:00:53.558Z,MOBILE,iOS
2057147f-6536-4919-b846-29bbd737fe45,ATC,2023-02-10T22:02:26.558Z,MOBILE,iOS
2057147f-6536-4919-b846-29bbd737fe45,HP,2023-02-12T06:14:26.558Z,MOBILE,iOS
2057147f-6536-4919-b846-29bbd737fe45,ATC,2023-02-13T14:26:52.558Z,MOBILE,iOS
b72798a5-1ae4-4da1-92dd-8f5564261dad,VI,2022-08-29T08:48:32.558Z,MOBILE,iOS
e3e1df04-5698-4727-b4df-9db429a88cdf,HP,2019-02-03T15:56:39.065Z,MOBILE,Android
e3e1df04-5698-4727-b4df-9db429a88cdf,ATC,2019-02-03T21:49:25.065Z,MOBILE,Android
e3e1df04-5698-4727-b4df-9db429a88cdf,CL,2019-02-03T21:48:31.065Z,MOBILE,Android
e3e1df04-5698-4727-b4df-9db429a88cdf,SCR,2019-02-04T03:42:17.065Z,MOBILE,Android
e3e1df04-5698-4727-b4df-9db429a88cdf,CL,2019-02-04T09:31:00.065Z,MOBILE,Android
e3e1df04-5698-4727-b4df-9db429a88cdf,CL,2019-02-04T21:13:01.065Z,MOBILE,Android
e3e1df04-5698-4727-b4df-9db429a88cdf,CL,2019-02-05T03:05:04.065Z,MOBILE,Android
e3e1df04-5698-4727-b4df-9db429a88cdf,SER,2019-02-05T08:55:40.065Z,MOBILE,Android
e3e1df04-5698-4727-b4df-9db429a88cdf,SER,2019-02-05T14:43:12.065Z,MOBILE,Android
e3e1df04-5698-4727-b4df-9db429a88cdf,ATC,2019-02-05T20:34:40.065Z,MOBILE,Android
e3e1df04-5698-4727-b4df-9db429a88cdf,ATC,2019-02-06T02:27:04.065Z,MOBILE,Android
0a8aa39d-8ba6-4b5a-9b3c-c2fd88046d1d,HP,2019-05-22T19:07:49.065Z,MOBILE,Android
0a8aa39d-8ba6-4b5a-9b3c-c2fd88046d1d,ATC,2019-05-23T03:31:18.065Z,MOBILE,Android
0a8aa39d-8ba6-4b5a-9b3c-c2fd88046d1d,CL,2019-05-23T03:35:20.065Z,MOBILE,Android
0a8aa39d-8ba6-4b5a-9b3c-c2fd88046d1d,CL,2019-05-23T12:00:05.065Z,MOBILE,Android
0a8aa39d-8ba6-4b5a-9b3c-c2fd88046d1d,HP,2019-05-23T20:28:18.065Z,MOBILE,Android
0a8aa39d-8ba6-4b5a-9b3c-c2fd88046d1d,SCR,2019-05-24T04:47:14.065Z,MOBILE,Android
0a8aa39d-8ba6-4b5a-9b3c-c2fd88046d1d,CL,2019-05-24T13:05:28.065Z,MOBILE,Android
0a8aa39d-8ba6-4b5a-9b3c-c2fd88046d1d,CL,2019-05-24T21:29:47.065Z,MOBILE,Android
e3e1df04-5698-4727-b4df-9db429a88cdf,VI,2019-02-04T15:19:14.065Z,MOBILE,Android
3de606f7-d324-4799-b454-a6314a4fca16,HP,2019-09-09T19:20:35.065Z,MOBILE,Android
3de606f7-d324-4799-b454-a6314a4fca16,ATC,2019-09-09T21:09:46.065Z,MOBILE,Android
3de606f7-d324-4799-b454-a6314a4fca16,AP,2019-09-09T22:58:35.065Z,MOBILE,Android
3de606f7-d324-4799-b454-a6314a4fca16,HP,2019-09-09T21:08:15.065Z,MOBILE,Android
3de606f7-d324-4799-b454-a6314a4fca16,CL,2019-09-09T22:55:42.065Z,MOBILE,Android
3de606f7-d324-4799-b454-a6314a4fca16,HP,2019-09-10T00:44:19.065Z,MOBILE,Android
3de606f7-d324-4799-b454-a6314a4fca16,CL,2019-09-10T02:31:56.065Z,MOBILE,Android
3de606f7-d324-4799-b454-a6314a4fca16,HP,2019-09-10T04:19:08.065Z,MOBILE,Android
3de606f7-d324-4799-b454-a6314a4fca16,VI,2019-09-10T09:43:30.065Z,MOBILE,Android
df4aa437-8e66-4a02-b3d7-630a6c5d30ea,HP,2020-11-09T05:39:06.065Z,MOBILE,Android
df4aa437-8e66-4a02-b3d7-630a6c5d30ea,ATC,2020-11-10T18:15:26.065Z,MOBILE,Android
df4aa437-8e66-4a02-b3d7-630a6c5d30ea,SCR,2020-11-10T18:00:51.065Z,MOBILE,Android
df4aa437-8e66-4a02-b3d7-630a6c5d30ea,ATC,2020-11-12T06:25:57.065Z,MOBILE,Android
df4aa437-8e66-4a02-b3d7-630a6c5d30ea,SCR,2020-11-13T19:10:50.065Z,MOBILE,Android
349f7ef4-283d-4e45-ae5f-0fe5a4d9dd61,HP,2020-12-10T00:34:11.065Z,MOBILE,Android
349f7ef4-283d-4e45-ae5f-0fe5a4d9dd61,ATC,2020-12-14T07:05:19.065Z,MOBILE,Android
349f7ef4-283d-4e45-ae5f-0fe5a4d9dd61,HP,2020-12-14T07:30:49.065Z,MOBILE,Android
d92a3645-411f-4894-938b-437faba3a5c5,HP,2022-02-25T13:10:45.065Z,WEB,Android
d92a3645-411f-4894-938b-437faba3a5c5,ATC,2022-02-25T17:30:30.065Z,WEB,Android
d92a3645-411f-4894-938b-437faba3a5c5,AP,2022-02-25T21:58:26.065Z,WEB,Android
d92a3645-411f-4894-938b-437faba3a5c5,CL,2022-02-25T21:49:53.065Z,WEB,Android
d92a3645-411f-4894-938b-437faba3a5c5,CL,2022-02-26T06:39:13.065Z,WEB,Android
d92a3645-411f-4894-938b-437faba3a5c5,ATC,2022-02-26T11:03:02.065Z,WEB,Android
d92a3645-411f-4894-938b-437faba3a5c5,CL,2022-02-26T15:27:52.065Z,WEB,Android
d92a3645-411f-4894-938b-437faba3a5c5,SCR,2022-02-26T19:52:10.065Z,WEB,Android
d92a3645-411f-4894-938b-437faba3a5c5,SER,2022-02-27T00:16:20.065Z,WEB,Android
d92a3645-411f-4894-938b-437faba3a5c5,HP,2022-02-27T04:41:49.065Z,WEB,Android
d92a3645-411f-4894-938b-437faba3a5c5,ATC,2022-02-27T09:05:55.065Z,WEB,Android
87a49e15-674e-45c6-adcb-b9c4be7c33d9,HP,2022-07-19T08:00:00.065Z,MOBILE,Android
87a49e15-674e-45c6-adcb-b9c4be7c33d9,ATC,2022-07-19T17:34:14.065Z,MOBILE,Android
87a49e15-674e-45c6-adcb-b9c4be7c33d9,AP,2022-07-20T03:03:32.065Z,MOBILE,Android
87a49e15-674e-45c6-adcb-b9c4be7c33d9,CL,2022-07-19T17:36:19.065Z,MOBILE,Android
d92a3645-411f-4894-938b-437faba3a5c5,VI,2022-02-26T02:15:09.065Z,WEB,Android
73196ca1-da4a-4832-bc3c-6050139de0e2,HP,2023-12-05T22:21:06.065Z,MOBILE,Android
73196ca1-da4a-4832-bc3c-6050139de0e2,ATC,2023-12-06T03:40:14.065Z,MOBILE,Android
73196ca1-da4a-4832-bc3c-6050139de0e2,ATC,2023-12-06T03:39:30.065Z,MOBILE,Android
73196ca1-da4a-4832-bc3c-6050139de0e2,SER,2023-12-06T08:57:33.065Z,MOBILE,Android
73196ca1-da4a-4832-bc3c-6050139de0e2,CL,2023-12-06T14:12:45.065Z,MOBILE,Android
ceeacdac-562a-41e0-8385-62814315733f,HP,2022-04-21T15:03:46.155Z,MOBILE,Android
ceeacdac-562a-41e0-8385-62814315733f,ATC,2022-04-21T18:24:59.155Z,MOBILE,Android
ceeacdac-562a-41e0-8385-62814315733f,AP,2022-04-21T21:47:02.155Z,MOBILE,Android
ceeacdac-562a-41e0-8385-62814315733f,SER,2022-04-21T18:26:55.155Z,MOBILE,Android
ceeacdac-562a-41e0-8385-62814315733f,SER,2022-04-22T01:14:31.155Z,MOBILE,Android
ceeacdac-562a-41e0-8385-62814315733f,SCR,2022-04-22T04:35:41.155Z,MOBILE,Android
ceeacdac-562a-41e0-8385-62814315733f,CL,2022-04-22T07:59:04.155Z,MOBILE,Android
ceeacdac-562a-41e0-8385-62814315733f,VI,2022-04-21T21:49:28.155Z,MOBILE,Android
1169986f-9a81-40e9-b283-55119eab9703,HP,2021-12-01T08:33:02.405Z,MOBILE,Android
1169986f-9a81-40e9-b283-55119eab9703,ATC,2021-12-01T12:15:09.405Z,MOBILE,Android
1169986f-9a81-40e9-b283-55119eab9703,ATC,2021-12-01T15:59:14.405Z,MOBILE,Android
1169986f-9a81-40e9-b283-55119eab9703,SER,2021-12-01T16:01:30.405Z,MOBILE,Android
1169986f-9a81-40e9-b283-55119eab9703,ATC,2021-12-01T19:46:51.405Z,MOBILE,Android
1169986f-9a81-40e9-b283-55119eab9703,SCR,2021-12-01T23:27:28.405Z,MOBILE,Android
1169986f-9a81-40e9-b283-55119eab9703,SCR,2021-12-02T03:10:12.405Z,MOBILE,Android
1169986f-9a81-40e9-b283-55119eab9703,SCR,2021-12-02T06:52:59.405Z,MOBILE,Android
1169986f-9a81-40e9-b283-55119eab9703,CL,2021-12-02T10:34:14.405Z,MOBILE,Android
1169986f-9a81-40e9-b283-55119eab9703,HP,2021-12-02T14:17:11.405Z,MOBILE,Android
5eca6229-9e67-4719-9631-34e155f9c097,HP,2022-07-08T02:21:31.405Z,WEB,Android
5eca6229-9e67-4719-9631-34e155f9c097,ATC,2022-07-08T23:21:12.405Z,WEB,Android
5eca6229-9e67-4719-9631-34e155f9c097,SER,2022-07-08T23:24:52.405Z,WEB,Android
5eca6229-9e67-4719-9631-34e155f9c097,HP,2022-07-09T20:25:15.405Z,WEB,Android
5eca6229-9e67-4719-9631-34e155f9c097,ATC,2022-07-10T17:29:30.405Z,WEB,Android
5eca6229-9e67-4719-9631-34e155f9c097,CL,2022-07-11T14:31:16.405Z,WEB,Android
5eca6229-9e67-4719-9631-34e155f9c097,VI,2022-07-12T11:17:47.405Z,WEB,Android
5eca6229-9e67-4719-9631-34e155f9c097,VI,2022-07-13T08:24:48.405Z,WEB,Android
8b31b611-380c-45b4-be16-8f1203917c29,HP,2023-06-30T18:25:45.405Z,MOBILE,Android
8b31b611-380c-45b4-be16-8f1203917c29,ATC,2023-07-03T20:45:26.405Z,MOBILE,Android
8b31b611-380c-45b4-be16-8f1203917c29,SCR,2023-07-03T20:49:13.405Z,MOBILE,Android
a7c63158-dd92-4617-955c-b01636a8114b,HP,2023-06-27T17:43:38.021Z,MOBILE,Android
a7c63158-dd92-4617-955c-b01636a8114b,ATC,2023-06-28T05:46:41.021Z,MOBILE,Android
a7c63158-dd92-4617-955c-b01636a8114b,ATC,2023-06-28T17:49:15.021Z,MOBILE,Android
a7c63158-dd92-4617-955c-b01636a8114b,SER,2023-06-28T05:52:25.021Z,MOBILE,Android
a7c63158-dd92-4617-955c-b01636a8114b,CL,2023-06-28T17:55:02.021Z,MOBILE,Android
a7c63158-dd92-4617-955c-b01636a8114b,CL,2023-06-29T06:00:15.021Z,MOBILE,Android
a7c63158-dd92-4617-955c-b01636a8114b,CL,2023-06-29T18:03:45.021Z,MOBILE,Android
a7c63158-dd92-4617-955c-b01636a8114b,HP,2023-06-30T06:08:50.021Z,MOBILE,Android
a7c63158-dd92-4617-955c-b01636a8114b,HP,2023-06-30T18:11:31.021Z,MOBILE,Android
a7c63158-dd92-4617-955c-b01636a8114b,SER,2023-07-01T06:10:07.021Z,MOBILE,Android
a7c63158-dd92-4617-955c-b01636a8114b,CL,2023-07-01T18:13:42.021Z,MOBILE,Android
4635ec0b-9a74-41c5-8530-97600eea8388,HP,2023-08-22T03:20:02.021Z,MOBILE,Android
4635ec0b-9a74-41c5-8530-97600eea8388,ATC,2023-08-22T03:47:30.021Z,MOBILE,Android
4635ec0b-9a74-41c5-8530-97600eea8388,SCR,2023-08-22T03:47:30.021Z,MOBILE,Android
4635ec0b-9a74-41c5-8530-97600eea8388,CL,2023-08-22T04:14:07.021Z,MOBILE,Android
4635ec0b-9a74-41c5-8530-97600eea8388,SCR,2023-08-22T04:42:07.021Z,MOBILE,Android
4635ec0b-9a74-41c5-8530-97600eea8388,SER,2023-08-22T05:09:23.021Z,MOBILE,Android
4635ec0b-9a74-41c5-8530-97600eea8388,CL,2023-08-22T05:36:59.021Z,MOBILE,Android
4635ec0b-9a74-41c5-8530-97600eea8388,CL,2023-08-22T06:03:57.021Z,MOBILE,Android
4635ec0b-9a74-41c5-8530-97600eea8388,CL,2023-08-22T06:29:59.021Z,MOBILE,Android
4635ec0b-9a74-41c5-8530-97600eea8388,HP,2023-08-22T06:56:21.021Z,MOBILE,Android
4635ec0b-9a74-41c5-8530-97600eea8388,SER,2023-08-22T07:23:28.021Z,MOBILE,Android
4635ec0b-9a74-41c5-8530-97600eea8388,SER,2023-08-22T07:50:55.021Z,MOBILE,Android
4635ec0b-9a74-41c5-8530-97600eea8388,SER,2023-08-22T08:18:30.021Z,MOBILE,Android
ca2fd2c0-8aca-4e8c-80d2-5fbcc17fa29a,HP,2023-06-13T09:43:37.507Z,MOBILE,Android
ca2fd2c0-8aca-4e8c-80d2-5fbcc17fa29a,ATC,2023-06-13T09:57:29.507Z,MOBILE,Android
ca2fd2c0-8aca-4e8c-80d2-5fbcc17fa29a,ATC,2023-06-13T10:11:08.507Z,MOBILE,Android
ca2fd2c0-8aca-4e8c-80d2-5fbcc17fa29a,SER,2023-06-13T10:24:30.507Z,MOBILE,Android
ca2fd2c0-8aca-4e8c-80d2-5fbcc17fa29a,HP,2023-06-13T10:52:38.507Z,MOBILE,Android
ca2fd2c0-8aca-4e8c-80d2-5fbcc17fa29a,CL,2023-06-13T11:06:45.507Z,MOBILE,Android
ca2fd2c0-8aca-4e8c-80d2-5fbcc17fa29a,ATC,2023-06-13T11:35:44.507Z,MOBILE,Android
ca2fd2c0-8aca-4e8c-80d2-5fbcc17fa29a,CL,2023-06-13T12:04:04.507Z,MOBILE,Android
ca2fd2c0-8aca-4e8c-80d2-5fbcc17fa29a,ATC,2023-06-13T12:17:44.507Z,MOBILE,Android
ca2fd2c0-8aca-4e8c-80d2-5fbcc17fa29a,ATC,2023-06-13T12:31:35.507Z,MOBILE,Android
ca2fd2c0-8aca-4e8c-80d2-5fbcc17fa29a,SCR,2023-06-13T13:00:54.507Z,MOBILE,Android
ca2fd2c0-8aca-4e8c-80d2-5fbcc17fa29a,CL,2023-06-13T13:28:25.507Z,MOBILE,Android
ca2fd2c0-8aca-4e8c-80d2-5fbcc17fa29a,ATC,2023-06-13T13:42:21.507Z,MOBILE,Android
ca2fd2c0-8aca-4e8c-80d2-5fbcc17fa29a,VI,2023-06-13T09:57:34.507Z,MOBILE,Android
ca2fd2c0-8aca-4e8c-80d2-5fbcc17fa29a,HP,2023-06-13T14:10:36.507Z,MOBILE,Android
7b25bdb6-26c7-422a-8874-751fed877951,HP,2023-08-19T23:52:21.881Z,MOBILE,iOS
763abb72-c6da-41c3-8630-0cb7450aad45,SER,2022-12-10T12:55:50.357Z,MOBILE,Android
7b25bdb6-26c7-422a-8874-751fed877951,ATC,2023-08-19T23:52:40.881Z,MOBILE,iOS
7b25bdb6-26c7-422a-8874-751fed877951,ATC,2023-08-19T23:53:14.881Z,MOBILE,iOS
7b25bdb6-26c7-422a-8874-751fed877951,ATC,2023-08-19T23:53:45.881Z,MOBILE,iOS
7b25bdb6-26c7-422a-8874-751fed877951,ATC,2023-08-19T23:54:21.881Z,MOBILE,iOS
7b25bdb6-26c7-422a-8874-751fed877951,SCR,2023-08-19T23:52:48.881Z,MOBILE,iOS
7b25bdb6-26c7-422a-8874-751fed877951,HP,2023-08-19T23:53:10.881Z,MOBILE,iOS
7b25bdb6-26c7-422a-8874-751fed877951,CL,2023-08-19T23:53:35.881Z,MOBILE,iOS
7b25bdb6-26c7-422a-8874-751fed877951,CL,2023-08-19T23:54:33.881Z,MOBILE,iOS
7b25bdb6-26c7-422a-8874-751fed877951,CL,2023-08-19T23:55:02.881Z,MOBILE,iOS
7b25bdb6-26c7-422a-8874-751fed877951,SCR,2023-08-19T23:55:38.881Z,MOBILE,iOS
7b25bdb6-26c7-422a-8874-751fed877951,SCR,2023-08-19T23:56:11.881Z,MOBILE,iOS
7b25bdb6-26c7-422a-8874-751fed877951,SER,2023-08-19T23:56:43.881Z,MOBILE,iOS
7b25bdb6-26c7-422a-8874-751fed877951,SCR,2023-08-19T23:57:44.881Z,MOBILE,iOS
7b25bdb6-26c7-422a-8874-751fed877951,CL,2023-08-19T23:58:12.881Z,MOBILE,iOS
7b25bdb6-26c7-422a-8874-751fed877951,CL,2023-08-19T23:58:41.881Z,MOBILE,iOS
7b25bdb6-26c7-422a-8874-751fed877951,HP,2023-08-19T23:59:14.881Z,MOBILE,iOS
7b25bdb6-26c7-422a-8874-751fed877951,SCR,2023-08-20T00:00:18.881Z,MOBILE,iOS
7b25bdb6-26c7-422a-8874-751fed877951,HP,2023-08-20T00:00:44.881Z,MOBILE,iOS
7b25bdb6-26c7-422a-8874-751fed877951,CL,2023-08-20T00:01:03.881Z,MOBILE,iOS
7b25bdb6-26c7-422a-8874-751fed877951,HP,2023-08-20T00:01:39.881Z,MOBILE,iOS
7b25bdb6-26c7-422a-8874-751fed877951,SER,2023-08-20T00:01:59.881Z,MOBILE,iOS
7b25bdb6-26c7-422a-8874-751fed877951,SER,2023-08-20T00:02:24.881Z,MOBILE,iOS
7b25bdb6-26c7-422a-8874-751fed877951,SCR,2023-08-20T00:02:49.881Z,MOBILE,iOS
7b25bdb6-26c7-422a-8874-751fed877951,CL,2023-08-20T00:04:10.881Z,MOBILE,iOS
7b25bdb6-26c7-422a-8874-751fed877951,SCR,2023-08-20T00:04:37.881Z,MOBILE,iOS
7b25bdb6-26c7-422a-8874-751fed877951,SCR,2023-08-20T00:05:39.881Z,MOBILE,iOS
7b25bdb6-26c7-422a-8874-751fed877951,SER,2023-08-20T00:06:10.881Z,MOBILE,iOS
7b25bdb6-26c7-422a-8874-751fed877951,SER,2023-08-20T00:06:33.881Z,MOBILE,iOS
7b25bdb6-26c7-422a-8874-751fed877951,SER,2023-08-20T00:06:55.881Z,MOBILE,iOS
7b25bdb6-26c7-422a-8874-751fed877951,SCR,2023-08-20T00:07:32.881Z,MOBILE,iOS
7b25bdb6-26c7-422a-8874-751fed877951,CL,2023-08-20T00:08:36.881Z,MOBILE,iOS
7b25bdb6-26c7-422a-8874-751fed877951,SER,2023-08-20T00:09:52.881Z,MOBILE,iOS
7b25bdb6-26c7-422a-8874-751fed877951,CL,2023-08-20T00:10:25.881Z,MOBILE,iOS
7b25bdb6-26c7-422a-8874-751fed877951,CL,2023-08-20T00:10:54.881Z,MOBILE,iOS
7b25bdb6-26c7-422a-8874-751fed877951,SER,2023-08-20T00:11:31.881Z,MOBILE,iOS
7b25bdb6-26c7-422a-8874-751fed877951,CL,2023-08-20T00:11:52.881Z,MOBILE,iOS
7b25bdb6-26c7-422a-8874-751fed877951,SER,2023-08-20T00:12:51.881Z,MOBILE,iOS
7b25bdb6-26c7-422a-8874-751fed877951,VI,2023-08-19T23:57:14.881Z,MOBILE,iOS
7b25bdb6-26c7-422a-8874-751fed877951,VI,2023-08-19T23:59:42.881Z,MOBILE,iOS
7b25bdb6-26c7-422a-8874-751fed877951,VI,2023-08-20T00:03:16.881Z,MOBILE,iOS
7b25bdb6-26c7-422a-8874-751fed877951,VI,2023-08-20T00:05:12.881Z,MOBILE,iOS
7b25bdb6-26c7-422a-8874-751fed877951,VI,2023-08-20T00:14:40.881Z,MOBILE,iOS
7b25bdb6-26c7-422a-8874-751fed877951,VI,2023-08-20T00:15:10.881Z,MOBILE,iOS
7dd5187a-cd08-4304-ac9a-82c534a19054,HP,2022-12-30T15:43:21.822Z,MOBILE,Android
7dd5187a-cd08-4304-ac9a-82c534a19054,ATC,2022-12-31T11:17:09.822Z,MOBILE,Android
7dd5187a-cd08-4304-ac9a-82c534a19054,CL,2022-12-31T11:13:56.822Z,MOBILE,Android
7dd5187a-cd08-4304-ac9a-82c534a19054,CL,2023-01-01T06:53:58.822Z,MOBILE,Android
7dd5187a-cd08-4304-ac9a-82c534a19054,CL,2023-01-03T19:51:49.822Z,MOBILE,Android
7dd5187a-cd08-4304-ac9a-82c534a19054,SCR,2023-01-03T21:56:21.822Z,MOBILE,Android
7dd5187a-cd08-4304-ac9a-82c534a19054,CL,2023-01-04T00:00:34.822Z,MOBILE,Android
7dd5187a-cd08-4304-ac9a-82c534a19054,HP,2023-01-04T04:08:45.822Z,MOBILE,Android
7dd5187a-cd08-4304-ac9a-82c534a19054,CL,2023-01-04T06:14:21.822Z,MOBILE,Android
7dd5187a-cd08-4304-ac9a-82c534a19054,SCR,2023-01-04T08:18:52.822Z,MOBILE,Android
7dd5187a-cd08-4304-ac9a-82c534a19054,HP,2023-01-04T10:22:15.822Z,MOBILE,Android
7dd5187a-cd08-4304-ac9a-82c534a19054,HP,2023-01-04T12:27:52.822Z,MOBILE,Android
7dd5187a-cd08-4304-ac9a-82c534a19054,HP,2023-01-04T14:32:57.822Z,MOBILE,Android
7dd5187a-cd08-4304-ac9a-82c534a19054,HP,2023-01-04T16:36:20.822Z,MOBILE,Android
7dd5187a-cd08-4304-ac9a-82c534a19054,HP,2023-01-04T18:40:28.822Z,MOBILE,Android
7dd5187a-cd08-4304-ac9a-82c534a19054,SER,2023-01-04T20:45:29.822Z,MOBILE,Android
7dd5187a-cd08-4304-ac9a-82c534a19054,SER,2023-01-04T22:49:44.822Z,MOBILE,Android
7dd5187a-cd08-4304-ac9a-82c534a19054,SER,2023-01-05T00:53:58.822Z,MOBILE,Android
7dd5187a-cd08-4304-ac9a-82c534a19054,HP,2023-01-05T02:59:05.822Z,MOBILE,Android
7dd5187a-cd08-4304-ac9a-82c534a19054,CL,2023-01-05T05:03:47.822Z,MOBILE,Android
7dd5187a-cd08-4304-ac9a-82c534a19054,HP,2023-01-05T07:10:10.822Z,MOBILE,Android
7dd5187a-cd08-4304-ac9a-82c534a19054,HP,2023-01-05T09:13:50.822Z,MOBILE,Android
7dd5187a-cd08-4304-ac9a-82c534a19054,SCR,2023-01-05T11:20:30.822Z,MOBILE,Android
7dd5187a-cd08-4304-ac9a-82c534a19054,HP,2023-01-05T13:23:50.822Z,MOBILE,Android
7dd5187a-cd08-4304-ac9a-82c534a19054,HP,2023-01-05T15:29:45.822Z,MOBILE,Android
7dd5187a-cd08-4304-ac9a-82c534a19054,HP,2023-01-05T17:34:06.822Z,MOBILE,Android
7dd5187a-cd08-4304-ac9a-82c534a19054,CL,2023-01-05T21:43:35.822Z,MOBILE,Android
7dd5187a-cd08-4304-ac9a-82c534a19054,HP,2023-01-05T23:50:24.822Z,MOBILE,Android
7dd5187a-cd08-4304-ac9a-82c534a19054,SCR,2023-01-06T01:53:03.822Z,MOBILE,Android
7dd5187a-cd08-4304-ac9a-82c534a19054,HP,2023-01-06T03:59:35.822Z,MOBILE,Android
7dd5187a-cd08-4304-ac9a-82c534a19054,CL,2023-01-06T06:04:10.822Z,MOBILE,Android
7dd5187a-cd08-4304-ac9a-82c534a19054,CL,2023-01-06T10:08:23.822Z,MOBILE,Android
7dd5187a-cd08-4304-ac9a-82c534a19054,CL,2023-01-06T14:18:08.822Z,MOBILE,Android
7dd5187a-cd08-4304-ac9a-82c534a19054,VI,2023-01-04T02:03:38.822Z,MOBILE,Android
7dd5187a-cd08-4304-ac9a-82c534a19054,VI,2023-01-05T19:39:55.822Z,MOBILE,Android
7dd5187a-cd08-4304-ac9a-82c534a19054,VI,2023-01-06T08:05:52.822Z,MOBILE,Android
8bc366e1-d5d0-4629-bea4-50d7600bd822,HP,2023-02-27T22:58:59.822Z,MOBILE,Android
8bc366e1-d5d0-4629-bea4-50d7600bd822,ATC,2023-02-28T06:22:42.822Z,MOBILE,Android
8bc366e1-d5d0-4629-bea4-50d7600bd822,CL,2023-02-28T20:52:32.822Z,MOBILE,Android
8bc366e1-d5d0-4629-bea4-50d7600bd822,VI,2023-02-28T06:19:26.822Z,MOBILE,Android
8bc366e1-d5d0-4629-bea4-50d7600bd822,VI,2023-03-01T04:13:37.822Z,MOBILE,Android
2ef250db-1bf6-408a-a679-f185caf237ca,HP,2023-11-03T17:07:05.822Z,MOBILE,Android
2ef250db-1bf6-408a-a679-f185caf237ca,ATC,2023-11-03T18:19:37.822Z,MOBILE,Android
2ef250db-1bf6-408a-a679-f185caf237ca,SCR,2023-11-03T18:18:34.822Z,MOBILE,Android
2ef250db-1bf6-408a-a679-f185caf237ca,SER,2023-11-03T19:27:53.822Z,MOBILE,Android
b1f6eaa5-a390-4388-af04-212393e46143,HP,2023-11-09T15:08:32.115Z,MOBILE,Android
b1f6eaa5-a390-4388-af04-212393e46143,ATC,2023-11-09T15:16:31.115Z,MOBILE,Android
b1f6eaa5-a390-4388-af04-212393e46143,SCR,2023-11-09T15:16:52.115Z,MOBILE,Android
b1f6eaa5-a390-4388-af04-212393e46143,HP,2023-11-11T06:35:06.115Z,MOBILE,Android
3d28d586-08d3-4629-bf6d-c09b3f483bcf,HP,2021-09-15T06:47:45.887Z,MOBILE,iOS
3d28d586-08d3-4629-bf6d-c09b3f483bcf,ATC,2021-09-15T11:55:12.887Z,MOBILE,iOS
3d28d586-08d3-4629-bf6d-c09b3f483bcf,ATC,2021-09-15T11:52:54.887Z,MOBILE,iOS
3d28d586-08d3-4629-bf6d-c09b3f483bcf,ATC,2021-09-15T16:59:38.887Z,MOBILE,iOS
3d28d586-08d3-4629-bf6d-c09b3f483bcf,HP,2021-09-16T03:15:51.887Z,MOBILE,iOS
3d28d586-08d3-4629-bf6d-c09b3f483bcf,HP,2021-09-16T13:36:39.887Z,MOBILE,iOS
3d28d586-08d3-4629-bf6d-c09b3f483bcf,CL,2021-09-16T23:48:51.887Z,MOBILE,iOS
3d28d586-08d3-4629-bf6d-c09b3f483bcf,SER,2021-09-17T04:54:00.887Z,MOBILE,iOS
3d28d586-08d3-4629-bf6d-c09b3f483bcf,HP,2021-09-17T10:00:26.887Z,MOBILE,iOS
3d28d586-08d3-4629-bf6d-c09b3f483bcf,ATC,2021-09-17T15:10:24.887Z,MOBILE,iOS
3d28d586-08d3-4629-bf6d-c09b3f483bcf,SCR,2021-09-17T20:16:15.887Z,MOBILE,iOS
3d28d586-08d3-4629-bf6d-c09b3f483bcf,SER,2021-09-18T01:21:00.887Z,MOBILE,iOS
3d28d586-08d3-4629-bf6d-c09b3f483bcf,ATC,2021-09-18T06:28:02.887Z,MOBILE,iOS
3d28d586-08d3-4629-bf6d-c09b3f483bcf,ATC,2021-09-18T11:36:30.887Z,MOBILE,iOS
3d28d586-08d3-4629-bf6d-c09b3f483bcf,SCR,2021-09-18T16:40:14.887Z,MOBILE,iOS
3d28d586-08d3-4629-bf6d-c09b3f483bcf,SCR,2021-09-19T02:57:24.887Z,MOBILE,iOS
2d38ddcb-424a-40da-8c3f-90065b769a4e,HP,2021-12-12T20:26:33.887Z,MOBILE,iOS
2d38ddcb-424a-40da-8c3f-90065b769a4e,ATC,2021-12-14T19:11:46.887Z,MOBILE,iOS
2d38ddcb-424a-40da-8c3f-90065b769a4e,ATC,2021-12-16T17:47:29.887Z,MOBILE,iOS
2d38ddcb-424a-40da-8c3f-90065b769a4e,SER,2021-12-16T17:53:02.887Z,MOBILE,iOS
2d38ddcb-424a-40da-8c3f-90065b769a4e,VI,2021-12-14T19:18:17.887Z,MOBILE,iOS
a36982b4-4a44-477c-b36a-dbad1be1d935,HP,2023-11-25T23:02:38.887Z,MOBILE,iOS
a36982b4-4a44-477c-b36a-dbad1be1d935,ATC,2023-11-26T01:04:03.887Z,MOBILE,iOS
a36982b4-4a44-477c-b36a-dbad1be1d935,CL,2023-11-26T01:03:57.887Z,MOBILE,iOS
a36982b4-4a44-477c-b36a-dbad1be1d935,ATC,2023-11-26T03:03:33.887Z,MOBILE,iOS
a36982b4-4a44-477c-b36a-dbad1be1d935,ATC,2023-11-26T05:05:24.887Z,MOBILE,iOS
a36982b4-4a44-477c-b36a-dbad1be1d935,CL,2023-11-26T07:06:34.887Z,MOBILE,iOS
a36982b4-4a44-477c-b36a-dbad1be1d935,SCR,2023-11-26T11:05:27.887Z,MOBILE,iOS
a36982b4-4a44-477c-b36a-dbad1be1d935,SER,2023-11-26T13:05:25.887Z,MOBILE,iOS
a36982b4-4a44-477c-b36a-dbad1be1d935,HP,2023-11-26T15:06:19.887Z,MOBILE,iOS
a36982b4-4a44-477c-b36a-dbad1be1d935,VI,2023-11-26T09:04:21.887Z,MOBILE,iOS
0ed1565a-1647-44af-bf88-c8deaf2cace8,SCR,2022-10-31T03:58:26.277Z,MOBILE,Android
a82e9d76-ffa7-457f-b497-9017e6a421fc,HP,2019-10-28T18:10:27.277Z,MOBILE,Android
a82e9d76-ffa7-457f-b497-9017e6a421fc,ATC,2019-10-31T20:11:12.277Z,MOBILE,Android
a82e9d76-ffa7-457f-b497-9017e6a421fc,SCR,2019-10-31T19:48:21.277Z,MOBILE,Android
a82e9d76-ffa7-457f-b497-9017e6a421fc,CL,2019-11-03T21:37:33.277Z,MOBILE,Android
a82e9d76-ffa7-457f-b497-9017e6a421fc,CL,2019-11-06T23:27:20.277Z,MOBILE,Android
a82e9d76-ffa7-457f-b497-9017e6a421fc,ATC,2019-11-10T01:23:08.277Z,MOBILE,Android
6ef6bade-d320-4e25-b0a4-ebed60ad026d,HP,2020-11-10T12:21:28.277Z,MOBILE,Android
6ef6bade-d320-4e25-b0a4-ebed60ad026d,ATC,2020-11-10T13:23:38.277Z,MOBILE,Android
6ef6bade-d320-4e25-b0a4-ebed60ad026d,SER,2020-11-10T13:23:25.277Z,MOBILE,Android
6ef6bade-d320-4e25-b0a4-ebed60ad026d,CL,2020-11-10T14:24:22.277Z,MOBILE,Android
6ef6bade-d320-4e25-b0a4-ebed60ad026d,CL,2020-11-10T16:27:49.277Z,MOBILE,Android
6ef6bade-d320-4e25-b0a4-ebed60ad026d,CL,2020-11-10T18:31:27.277Z,MOBILE,Android
6ef6bade-d320-4e25-b0a4-ebed60ad026d,CL,2020-11-10T19:33:32.277Z,MOBILE,Android
6ef6bade-d320-4e25-b0a4-ebed60ad026d,ATC,2020-11-10T21:36:07.277Z,MOBILE,Android
6ef6bade-d320-4e25-b0a4-ebed60ad026d,ATC,2020-11-10T23:39:21.277Z,MOBILE,Android
6ef6bade-d320-4e25-b0a4-ebed60ad026d,CL,2020-11-11T01:43:33.277Z,MOBILE,Android
6ef6bade-d320-4e25-b0a4-ebed60ad026d,VI,2020-11-10T15:27:03.277Z,MOBILE,Android
6ef6bade-d320-4e25-b0a4-ebed60ad026d,VI,2020-11-10T17:29:56.277Z,MOBILE,Android
6ef6bade-d320-4e25-b0a4-ebed60ad026d,VI,2020-11-10T20:34:07.277Z,MOBILE,Android
6ef6bade-d320-4e25-b0a4-ebed60ad026d,VI,2020-11-10T22:38:03.277Z,MOBILE,Android
0ed1565a-1647-44af-bf88-c8deaf2cace8,HP,2022-10-30T20:39:14.277Z,MOBILE,Android
0ed1565a-1647-44af-bf88-c8deaf2cace8,ATC,2022-10-30T23:03:27.277Z,MOBILE,Android
0ed1565a-1647-44af-bf88-c8deaf2cace8,AP,2022-10-31T01:31:45.277Z,MOBILE,Android
0ed1565a-1647-44af-bf88-c8deaf2cace8,ATC,2022-10-30T23:03:48.277Z,MOBILE,Android
0ed1565a-1647-44af-bf88-c8deaf2cace8,CL,2022-10-31T01:31:25.277Z,MOBILE,Android
0ed1565a-1647-44af-bf88-c8deaf2cace8,VI,2022-10-31T06:19:41.277Z,MOBILE,Android
a4902e91-b36a-4c73-966a-0ef9dae96339,HP,2019-11-15T23:08:26.477Z,MOBILE,Android
a4902e91-b36a-4c73-966a-0ef9dae96339,ATC,2019-11-16T18:57:02.477Z,MOBILE,Android
a4902e91-b36a-4c73-966a-0ef9dae96339,ATC,2019-11-17T14:45:01.477Z,MOBILE,Android
a4902e91-b36a-4c73-966a-0ef9dae96339,ATC,2019-11-18T10:34:26.477Z,MOBILE,Android
a4902e91-b36a-4c73-966a-0ef9dae96339,ATC,2019-11-19T06:19:29.477Z,MOBILE,Android
a4902e91-b36a-4c73-966a-0ef9dae96339,ATC,2019-11-20T02:02:31.477Z,MOBILE,Android
a4902e91-b36a-4c73-966a-0ef9dae96339,AP,2019-11-20T21:46:04.477Z,MOBILE,Android
a4902e91-b36a-4c73-966a-0ef9dae96339,SCR,2019-11-16T18:56:42.477Z,MOBILE,Android
a4902e91-b36a-4c73-966a-0ef9dae96339,SCR,2019-11-17T14:41:58.477Z,MOBILE,Android
a4902e91-b36a-4c73-966a-0ef9dae96339,CL,2019-11-18T10:29:44.477Z,MOBILE,Android
a4902e91-b36a-4c73-966a-0ef9dae96339,CL,2019-11-19T06:13:06.477Z,MOBILE,Android
a4902e91-b36a-4c73-966a-0ef9dae96339,ATC,2019-11-20T01:55:41.477Z,MOBILE,Android
a4902e91-b36a-4c73-966a-0ef9dae96339,SER,2019-11-21T17:36:04.477Z,MOBILE,Android
a4902e91-b36a-4c73-966a-0ef9dae96339,HP,2019-11-23T09:01:38.477Z,MOBILE,Android
a4902e91-b36a-4c73-966a-0ef9dae96339,SER,2019-11-24T04:43:28.477Z,MOBILE,Android
a4902e91-b36a-4c73-966a-0ef9dae96339,SER,2019-11-26T16:08:32.477Z,MOBILE,Android
a4902e91-b36a-4c73-966a-0ef9dae96339,CL,2019-11-27T11:58:27.477Z,MOBILE,Android
a4902e91-b36a-4c73-966a-0ef9dae96339,ATC,2019-11-28T07:52:29.477Z,MOBILE,Android
27965221-bc73-4263-84b1-c414d36af2af,HP,2020-03-31T22:57:43.477Z,MOBILE,Android
27965221-bc73-4263-84b1-c414d36af2af,ATC,2020-04-02T13:54:07.477Z,MOBILE,Android
27965221-bc73-4263-84b1-c414d36af2af,SCR,2020-04-02T13:57:58.477Z,MOBILE,Android
27965221-bc73-4263-84b1-c414d36af2af,ATC,2020-04-04T04:54:02.477Z,MOBILE,Android
27965221-bc73-4263-84b1-c414d36af2af,CL,2020-04-05T19:53:22.477Z,MOBILE,Android
a4902e91-b36a-4c73-966a-0ef9dae96339,VI,2019-11-20T21:44:37.477Z,MOBILE,Android
a4902e91-b36a-4c73-966a-0ef9dae96339,VI,2019-11-22T13:19:42.477Z,MOBILE,Android
8b6b682e-fda0-45c6-8290-535ecae3d993,HP,2021-06-16T08:28:57.477Z,MOBILE,Android
8b6b682e-fda0-45c6-8290-535ecae3d993,ATC,2021-06-23T12:34:06.477Z,MOBILE,Android
8b6b682e-fda0-45c6-8290-535ecae3d993,AP,2021-06-30T16:51:24.477Z,MOBILE,Android
8b6b682e-fda0-45c6-8290-535ecae3d993,ATC,2021-06-23T11:59:52.477Z,MOBILE,Android
9c38faa6-06d4-4b4b-a225-92b9c6a6b538,HP,2022-01-08T00:09:28.477Z,MOBILE,Android
9c38faa6-06d4-4b4b-a225-92b9c6a6b538,ATC,2022-01-16T05:25:51.477Z,MOBILE,Android
9c38faa6-06d4-4b4b-a225-92b9c6a6b538,CL,2022-01-24T11:41:31.477Z,MOBILE,Android
0e59cb9e-4e3e-402d-a537-6baee3953971,HP,2022-04-04T14:09:11.477Z,MOBILE,Android
0e59cb9e-4e3e-402d-a537-6baee3953971,ATC,2022-04-08T06:35:57.477Z,MOBILE,Android
0e59cb9e-4e3e-402d-a537-6baee3953971,HP,2022-04-08T06:19:14.477Z,MOBILE,Android
0e59cb9e-4e3e-402d-a537-6baee3953971,SCR,2022-04-15T15:23:33.477Z,MOBILE,Android
0e59cb9e-4e3e-402d-a537-6baee3953971,SCR,2022-04-19T07:38:52.477Z,MOBILE,Android
0e59cb9e-4e3e-402d-a537-6baee3953971,SER,2022-04-26T15:56:51.477Z,MOBILE,Android
9c38faa6-06d4-4b4b-a225-92b9c6a6b538,VI,2022-01-16T06:00:25.477Z,MOBILE,Android
0e59cb9e-4e3e-402d-a537-6baee3953971,VI,2022-04-11T22:49:21.477Z,MOBILE,Android
0e59cb9e-4e3e-402d-a537-6baee3953971,VI,2022-04-22T23:50:21.477Z,MOBILE,Android
74c94037-42db-4920-858c-7339d83c8db2,SCR,2022-10-13T22:08:04.046Z,MOBILE,Android
8e134223-fb47-410f-b10f-aa96a0ec2ef2,HP,2022-09-21T15:51:39.046Z,MOBILE,Android
8e134223-fb47-410f-b10f-aa96a0ec2ef2,ATC,2022-09-21T19:47:11.046Z,MOBILE,Android
8e134223-fb47-410f-b10f-aa96a0ec2ef2,SCR,2022-09-21T19:52:32.046Z,MOBILE,Android
8e134223-fb47-410f-b10f-aa96a0ec2ef2,SCR,2022-09-23T04:09:06.046Z,MOBILE,Android
8e134223-fb47-410f-b10f-aa96a0ec2ef2,SER,2022-09-24T04:44:16.046Z,MOBILE,Android
8e134223-fb47-410f-b10f-aa96a0ec2ef2,CL,2022-09-25T05:12:34.046Z,MOBILE,Android
8e134223-fb47-410f-b10f-aa96a0ec2ef2,CL,2022-09-26T05:46:58.046Z,MOBILE,Android
8e134223-fb47-410f-b10f-aa96a0ec2ef2,HP,2022-09-27T06:13:28.046Z,MOBILE,Android
8e134223-fb47-410f-b10f-aa96a0ec2ef2,CL,2022-09-28T06:42:56.046Z,MOBILE,Android
8e134223-fb47-410f-b10f-aa96a0ec2ef2,HP,2022-09-29T07:16:52.046Z,MOBILE,Android
8e134223-fb47-410f-b10f-aa96a0ec2ef2,CL,2022-10-01T08:18:34.046Z,MOBILE,Android
8e134223-fb47-410f-b10f-aa96a0ec2ef2,SER,2022-10-02T08:55:32.046Z,MOBILE,Android
8e134223-fb47-410f-b10f-aa96a0ec2ef2,CL,2022-10-03T09:21:02.046Z,MOBILE,Android
8e134223-fb47-410f-b10f-aa96a0ec2ef2,HP,2022-10-04T09:49:34.046Z,MOBILE,Android
8e134223-fb47-410f-b10f-aa96a0ec2ef2,CL,2022-10-05T10:13:01.046Z,MOBILE,Android
8e134223-fb47-410f-b10f-aa96a0ec2ef2,CL,2022-10-06T10:43:34.046Z,MOBILE,Android
8e134223-fb47-410f-b10f-aa96a0ec2ef2,CL,2022-10-07T11:18:45.046Z,MOBILE,Android
8e134223-fb47-410f-b10f-aa96a0ec2ef2,CL,2022-10-08T11:49:32.046Z,MOBILE,Android
8e134223-fb47-410f-b10f-aa96a0ec2ef2,CL,2022-10-09T12:14:39.046Z,MOBILE,Android
8e134223-fb47-410f-b10f-aa96a0ec2ef2,SCR,2022-10-10T12:44:44.046Z,MOBILE,Android
8e134223-fb47-410f-b10f-aa96a0ec2ef2,CL,2022-10-11T13:10:14.046Z,MOBILE,Android
74c94037-42db-4920-858c-7339d83c8db2,HP,2022-10-13T21:56:32.046Z,MOBILE,Android
74c94037-42db-4920-858c-7339d83c8db2,ATC,2022-10-13T22:08:14.046Z,MOBILE,Android
74c94037-42db-4920-858c-7339d83c8db2,AP,2022-10-13T22:20:43.046Z,MOBILE,Android
74c94037-42db-4920-858c-7339d83c8db2,HP,2022-10-13T22:20:18.046Z,MOBILE,Android
74c94037-42db-4920-858c-7339d83c8db2,HP,2022-10-13T22:32:28.046Z,MOBILE,Android
74c94037-42db-4920-858c-7339d83c8db2,SCR,2022-10-13T22:56:53.046Z,MOBILE,Android
74c94037-42db-4920-858c-7339d83c8db2,SCR,2022-10-13T23:33:56.046Z,MOBILE,Android
74c94037-42db-4920-858c-7339d83c8db2,HP,2022-10-13T23:46:29.046Z,MOBILE,Android
74c94037-42db-4920-858c-7339d83c8db2,CL,2022-10-13T23:58:45.046Z,MOBILE,Android
74c94037-42db-4920-858c-7339d83c8db2,CL,2022-10-14T00:10:49.046Z,MOBILE,Android
74c94037-42db-4920-858c-7339d83c8db2,CL,2022-10-14T00:35:26.046Z,MOBILE,Android
74c94037-42db-4920-858c-7339d83c8db2,HP,2022-10-14T00:48:20.046Z,MOBILE,Android
74c94037-42db-4920-858c-7339d83c8db2,CL,2022-10-14T01:00:39.046Z,MOBILE,Android
74c94037-42db-4920-858c-7339d83c8db2,CL,2022-10-14T01:13:02.046Z,MOBILE,Android
74c94037-42db-4920-858c-7339d83c8db2,CL,2022-10-14T01:36:45.046Z,MOBILE,Android
74c94037-42db-4920-858c-7339d83c8db2,CL,2022-10-14T01:48:28.046Z,MOBILE,Android
74c94037-42db-4920-858c-7339d83c8db2,SCR,2022-10-14T02:00:35.046Z,MOBILE,Android
74c94037-42db-4920-858c-7339d83c8db2,SCR,2022-10-14T02:25:58.046Z,MOBILE,Android
74c94037-42db-4920-858c-7339d83c8db2,SER,2022-10-14T02:38:12.046Z,MOBILE,Android
74c94037-42db-4920-858c-7339d83c8db2,CL,2022-10-14T02:50:46.046Z,MOBILE,Android
74c94037-42db-4920-858c-7339d83c8db2,SCR,2022-10-14T03:03:12.046Z,MOBILE,Android
74c94037-42db-4920-858c-7339d83c8db2,CL,2022-10-14T03:15:43.046Z,MOBILE,Android
74c94037-42db-4920-858c-7339d83c8db2,SER,2022-10-14T03:28:13.046Z,MOBILE,Android
74c94037-42db-4920-858c-7339d83c8db2,SER,2022-10-14T03:51:29.046Z,MOBILE,Android
74c94037-42db-4920-858c-7339d83c8db2,CL,2022-10-14T04:03:46.046Z,MOBILE,Android
74c94037-42db-4920-858c-7339d83c8db2,VP,2022-10-13T23:21:33.046Z,MOBILE,Android
8e134223-fb47-410f-b10f-aa96a0ec2ef2,VI,2022-09-30T07:46:20.046Z,MOBILE,Android
74c94037-42db-4920-858c-7339d83c8db2,VI,2022-10-13T22:44:37.046Z,MOBILE,Android
74c94037-42db-4920-858c-7339d83c8db2,VI,2022-10-13T23:08:54.046Z,MOBILE,Android
74c94037-42db-4920-858c-7339d83c8db2,VI,2022-10-14T00:23:05.046Z,MOBILE,Android
74c94037-42db-4920-858c-7339d83c8db2,VI,2022-10-14T02:13:17.046Z,MOBILE,Android
95b42a81-bbd6-41bf-83af-efed473de4a9,HP,2023-03-12T08:40:35.046Z,MOBILE,Android
95b42a81-bbd6-41bf-83af-efed473de4a9,ATC,2023-03-13T14:59:34.046Z,MOBILE,Android
95b42a81-bbd6-41bf-83af-efed473de4a9,SCR,2023-03-13T14:57:52.046Z,MOBILE,Android
95b42a81-bbd6-41bf-83af-efed473de4a9,VI,2023-03-14T21:20:58.046Z,MOBILE,Android
3aeb5360-ce3e-4604-832e-3d2e11d3c349,HP,2023-11-05T23:35:38.516Z,MOBILE,Android
3aeb5360-ce3e-4604-832e-3d2e11d3c349,ATC,2023-11-06T12:57:58.516Z,MOBILE,Android
3aeb5360-ce3e-4604-832e-3d2e11d3c349,AP,2023-11-07T02:19:31.516Z,MOBILE,Android
3aeb5360-ce3e-4604-832e-3d2e11d3c349,SCR,2023-11-06T12:54:33.516Z,MOBILE,Android
3aeb5360-ce3e-4604-832e-3d2e11d3c349,HP,2023-11-07T02:14:53.516Z,MOBILE,Android
3aeb5360-ce3e-4604-832e-3d2e11d3c349,SER,2023-11-07T15:33:14.516Z,MOBILE,Android
3aeb5360-ce3e-4604-832e-3d2e11d3c349,CL,2023-11-08T04:52:19.516Z,MOBILE,Android
3aeb5360-ce3e-4604-832e-3d2e11d3c349,HP,2023-11-08T18:12:06.516Z,MOBILE,Android
3aeb5360-ce3e-4604-832e-3d2e11d3c349,SCR,2023-11-09T07:37:08.516Z,MOBILE,Android
3aeb5360-ce3e-4604-832e-3d2e11d3c349,SER,2023-11-09T21:00:56.516Z,MOBILE,Android
3aeb5360-ce3e-4604-832e-3d2e11d3c349,CL,2023-11-10T10:23:56.516Z,MOBILE,Android
3aeb5360-ce3e-4604-832e-3d2e11d3c349,SER,2023-11-10T23:37:05.516Z,MOBILE,Android
3aeb5360-ce3e-4604-832e-3d2e11d3c349,SCR,2023-11-11T12:51:24.516Z,MOBILE,Android
3aeb5360-ce3e-4604-832e-3d2e11d3c349,HP,2023-11-12T15:40:50.516Z,MOBILE,Android
3aeb5360-ce3e-4604-832e-3d2e11d3c349,CL,2023-11-13T05:02:45.516Z,MOBILE,Android
3aeb5360-ce3e-4604-832e-3d2e11d3c349,VI,2023-11-12T02:14:59.516Z,MOBILE,Android
6a294a67-95a9-4bd8-97a5-04b31d78b2de,HP,2023-04-19T04:40:55.810Z,WEB,Android
6a294a67-95a9-4bd8-97a5-04b31d78b2de,ATC,2023-04-19T15:16:11.810Z,WEB,Android
6a294a67-95a9-4bd8-97a5-04b31d78b2de,SER,2023-04-19T15:21:41.810Z,WEB,Android
8d01d3ad-7f25-4113-9b32-2e6f2fd99575,HP,2022-02-05T01:41:21.262Z,MOBILE,Android
8d01d3ad-7f25-4113-9b32-2e6f2fd99575,ATC,2022-02-05T02:15:35.262Z,MOBILE,Android
8d01d3ad-7f25-4113-9b32-2e6f2fd99575,SCR,2022-02-05T02:16:36.262Z,MOBILE,Android
6667ac2e-879a-48c6-aa6b-a4436b46d856,HP,2023-02-23T19:03:15.262Z,MOBILE,Android
6667ac2e-879a-48c6-aa6b-a4436b46d856,ATC,2023-02-24T03:03:11.262Z,MOBILE,Android
6667ac2e-879a-48c6-aa6b-a4436b46d856,AP,2023-02-24T11:01:44.262Z,MOBILE,Android
6667ac2e-879a-48c6-aa6b-a4436b46d856,ATC,2023-02-24T03:01:51.262Z,MOBILE,Android
6667ac2e-879a-48c6-aa6b-a4436b46d856,CL,2023-02-24T11:00:33.262Z,MOBILE,Android
6667ac2e-879a-48c6-aa6b-a4436b46d856,CL,2023-02-24T19:01:16.262Z,MOBILE,Android
6667ac2e-879a-48c6-aa6b-a4436b46d856,SCR,2023-02-25T03:00:10.262Z,MOBILE,Android
6667ac2e-879a-48c6-aa6b-a4436b46d856,ATC,2023-02-25T11:01:59.262Z,MOBILE,Android
6667ac2e-879a-48c6-aa6b-a4436b46d856,ATC,2023-02-25T18:59:47.262Z,MOBILE,Android
6667ac2e-879a-48c6-aa6b-a4436b46d856,ATC,2023-02-26T03:05:01.262Z,MOBILE,Android
6667ac2e-879a-48c6-aa6b-a4436b46d856,SCR,2023-02-26T11:01:03.262Z,MOBILE,Android
6667ac2e-879a-48c6-aa6b-a4436b46d856,SER,2023-02-27T11:01:34.262Z,MOBILE,Android
6667ac2e-879a-48c6-aa6b-a4436b46d856,CL,2023-02-27T19:02:21.262Z,MOBILE,Android
6667ac2e-879a-48c6-aa6b-a4436b46d856,CL,2023-02-28T03:05:19.262Z,MOBILE,Android
6667ac2e-879a-48c6-aa6b-a4436b46d856,HP,2023-02-28T19:09:21.262Z,MOBILE,Android
6667ac2e-879a-48c6-aa6b-a4436b46d856,SCR,2023-03-01T03:05:31.262Z,MOBILE,Android
6667ac2e-879a-48c6-aa6b-a4436b46d856,CL,2023-03-02T03:05:55.262Z,MOBILE,Android
6667ac2e-879a-48c6-aa6b-a4436b46d856,SER,2023-03-02T11:08:40.262Z,MOBILE,Android
6667ac2e-879a-48c6-aa6b-a4436b46d856,SER,2023-03-02T19:15:15.262Z,MOBILE,Android
6667ac2e-879a-48c6-aa6b-a4436b46d856,CL,2023-03-03T03:14:42.262Z,MOBILE,Android
6667ac2e-879a-48c6-aa6b-a4436b46d856,ATC,2023-03-03T19:18:46.262Z,MOBILE,Android
6667ac2e-879a-48c6-aa6b-a4436b46d856,CL,2023-03-04T03:18:45.262Z,MOBILE,Android
6667ac2e-879a-48c6-aa6b-a4436b46d856,SCR,2023-03-04T11:16:45.262Z,MOBILE,Android
6667ac2e-879a-48c6-aa6b-a4436b46d856,CL,2023-03-04T19:18:44.262Z,MOBILE,Android
6667ac2e-879a-48c6-aa6b-a4436b46d856,SCR,2023-03-05T03:20:11.262Z,MOBILE,Android
6667ac2e-879a-48c6-aa6b-a4436b46d856,SCR,2023-03-05T11:18:21.262Z,MOBILE,Android
6667ac2e-879a-48c6-aa6b-a4436b46d856,SER,2023-03-05T19:18:15.262Z,MOBILE,Android
6667ac2e-879a-48c6-aa6b-a4436b46d856,ATC,2023-03-06T03:18:13.262Z,MOBILE,Android
6667ac2e-879a-48c6-aa6b-a4436b46d856,CO,2023-03-07T03:41:51.262Z,MOBILE,Android
6667ac2e-879a-48c6-aa6b-a4436b46d856,VI,2023-02-26T19:02:48.262Z,MOBILE,Android
6667ac2e-879a-48c6-aa6b-a4436b46d856,VI,2023-03-01T11:05:47.262Z,MOBILE,Android
6667ac2e-879a-48c6-aa6b-a4436b46d856,VI,2023-03-01T19:06:47.262Z,MOBILE,Android
252eaf72-2a29-4106-af53-b8daa3bd0091,HP,2023-09-16T06:14:12.829Z,MOBILE,Android
252eaf72-2a29-4106-af53-b8daa3bd0091,ATC,2023-09-16T13:06:04.829Z,MOBILE,Android
252eaf72-2a29-4106-af53-b8daa3bd0091,HP,2023-09-16T13:12:42.829Z,MOBILE,Android
599acf8b-3812-4a51-b65d-c5974739a57b,HP,2022-03-19T19:35:54.778Z,MOBILE,iOS
599acf8b-3812-4a51-b65d-c5974739a57b,ATC,2022-03-20T18:51:51.778Z,MOBILE,iOS
599acf8b-3812-4a51-b65d-c5974739a57b,CL,2022-03-20T18:57:28.778Z,MOBILE,iOS
599acf8b-3812-4a51-b65d-c5974739a57b,CL,2022-03-21T18:15:14.778Z,MOBILE,iOS
599acf8b-3812-4a51-b65d-c5974739a57b,HP,2022-03-23T16:38:53.778Z,MOBILE,iOS
599acf8b-3812-4a51-b65d-c5974739a57b,SCR,2022-03-24T15:45:45.778Z,MOBILE,iOS
599acf8b-3812-4a51-b65d-c5974739a57b,SCR,2022-03-26T14:14:45.778Z,MOBILE,iOS
599acf8b-3812-4a51-b65d-c5974739a57b,ATC,2022-03-27T13:26:24.778Z,MOBILE,iOS
599acf8b-3812-4a51-b65d-c5974739a57b,SCR,2022-03-29T11:56:49.778Z,MOBILE,iOS
599acf8b-3812-4a51-b65d-c5974739a57b,CL,2022-03-30T11:10:16.778Z,MOBILE,iOS
599acf8b-3812-4a51-b65d-c5974739a57b,CL,2022-03-31T10:27:03.778Z,MOBILE,iOS
599acf8b-3812-4a51-b65d-c5974739a57b,VI,2022-03-22T17:30:48.778Z,MOBILE,iOS
599acf8b-3812-4a51-b65d-c5974739a57b,VI,2022-03-28T12:41:20.778Z,MOBILE,iOS
6758f039-6658-420c-9694-0711fa8417fc,HP,2021-02-24T09:53:21.371Z,MOBILE,Android
6758f039-6658-420c-9694-0711fa8417fc,ATC,2021-02-25T08:25:28.371Z,MOBILE,Android
6758f039-6658-420c-9694-0711fa8417fc,SCR,2021-02-25T08:16:46.371Z,MOBILE,Android
6758f039-6658-420c-9694-0711fa8417fc,ATC,2021-02-26T06:44:52.371Z,MOBILE,Android
6758f039-6658-420c-9694-0711fa8417fc,CL,2021-02-27T05:04:19.371Z,MOBILE,Android
6758f039-6658-420c-9694-0711fa8417fc,SCR,2021-02-28T03:31:12.371Z,MOBILE,Android
d451c7fe-39a6-4358-9134-3fdd4f1808ab,HP,2022-08-01T13:42:08.371Z,MOBILE,Android
d451c7fe-39a6-4358-9134-3fdd4f1808ab,ATC,2022-08-04T01:53:45.371Z,MOBILE,Android
d451c7fe-39a6-4358-9134-3fdd4f1808ab,ATC,2022-08-04T02:15:38.371Z,MOBILE,Android
7fd41a2b-4d16-4032-af91-4ffd8ce76009,HP,2020-11-13T19:01:34.835Z,MOBILE,Android
7fd41a2b-4d16-4032-af91-4ffd8ce76009,ATC,2020-11-15T14:50:11.835Z,MOBILE,Android
7fd41a2b-4d16-4032-af91-4ffd8ce76009,ATC,2020-11-17T10:37:58.835Z,MOBILE,Android
7fd41a2b-4d16-4032-af91-4ffd8ce76009,CL,2020-11-17T10:47:53.835Z,MOBILE,Android
7fd41a2b-4d16-4032-af91-4ffd8ce76009,ATC,2020-11-19T06:27:22.835Z,MOBILE,Android
9d23a57a-1c72-4b90-a7b6-fe7a44926a4d,HP,2023-11-10T01:24:44.835Z,MOBILE,Android
16105a45-94c5-4681-87ed-bd1296869bdb,SCR,2023-03-22T04:12:22.425Z,MOBILE,Android
9d23a57a-1c72-4b90-a7b6-fe7a44926a4d,ATC,2023-11-10T23:42:07.835Z,MOBILE,Android
9d23a57a-1c72-4b90-a7b6-fe7a44926a4d,ATC,2023-11-10T23:50:49.835Z,MOBILE,Android
9d23a57a-1c72-4b90-a7b6-fe7a44926a4d,SER,2023-11-11T22:03:16.835Z,MOBILE,Android
9d23a57a-1c72-4b90-a7b6-fe7a44926a4d,SCR,2023-11-12T20:17:51.835Z,MOBILE,Android
9d23a57a-1c72-4b90-a7b6-fe7a44926a4d,SCR,2023-11-14T17:16:31.835Z,MOBILE,Android
9d23a57a-1c72-4b90-a7b6-fe7a44926a4d,HP,2023-11-15T15:33:04.835Z,MOBILE,Android
9d23a57a-1c72-4b90-a7b6-fe7a44926a4d,SER,2023-11-17T12:21:36.835Z,MOBILE,Android
9d23a57a-1c72-4b90-a7b6-fe7a44926a4d,ATC,2023-11-19T09:23:11.835Z,MOBILE,Android
fd660ba3-c39d-49be-8a7a-cdf1a2f0a638,HP,2023-12-16T02:14:46.627Z,MOBILE,Android
0cc57495-df36-4849-be5b-6ca356951726,HP,2023-12-04T07:32:14.627Z,WEB,Android
0cc57495-df36-4849-be5b-6ca356951726,ATC,2023-12-05T03:54:46.627Z,WEB,Android
0cc57495-df36-4849-be5b-6ca356951726,CL,2023-12-05T04:00:36.627Z,WEB,Android
0cc57495-df36-4849-be5b-6ca356951726,SCR,2023-12-06T00:24:51.627Z,WEB,Android
0cc57495-df36-4849-be5b-6ca356951726,CL,2023-12-06T20:47:09.627Z,WEB,Android
fd660ba3-c39d-49be-8a7a-cdf1a2f0a638,HP,2023-12-14T20:50:56.627Z,MOBILE,Android
fd660ba3-c39d-49be-8a7a-cdf1a2f0a638,ATC,2023-12-15T02:45:08.627Z,MOBILE,Android
fd660ba3-c39d-49be-8a7a-cdf1a2f0a638,AP,2023-12-15T08:38:32.627Z,MOBILE,Android
fd660ba3-c39d-49be-8a7a-cdf1a2f0a638,SER,2023-12-15T02:41:56.627Z,MOBILE,Android
fd660ba3-c39d-49be-8a7a-cdf1a2f0a638,HP,2023-12-15T08:39:09.627Z,MOBILE,Android
fd660ba3-c39d-49be-8a7a-cdf1a2f0a638,HP,2023-12-15T14:30:24.627Z,MOBILE,Android
fd660ba3-c39d-49be-8a7a-cdf1a2f0a638,CL,2023-12-15T20:23:53.627Z,MOBILE,Android
fd660ba3-c39d-49be-8a7a-cdf1a2f0a638,CL,2023-12-16T19:59:40.627Z,MOBILE,Android
f3612baf-fc97-4b31-8d2f-56f1f2a1516b,HP,2023-12-22T20:13:28.627Z,MOBILE,Android
f3612baf-fc97-4b31-8d2f-56f1f2a1516b,ATC,2023-12-23T06:18:26.627Z,MOBILE,Android
f3612baf-fc97-4b31-8d2f-56f1f2a1516b,ATC,2023-12-23T16:16:52.627Z,MOBILE,Android
f3612baf-fc97-4b31-8d2f-56f1f2a1516b,SCR,2023-12-23T06:16:46.627Z,MOBILE,Android
f3612baf-fc97-4b31-8d2f-56f1f2a1516b,SCR,2023-12-23T16:22:47.627Z,MOBILE,Android
f3612baf-fc97-4b31-8d2f-56f1f2a1516b,SER,2023-12-24T02:27:30.627Z,MOBILE,Android
f3612baf-fc97-4b31-8d2f-56f1f2a1516b,SER,2023-12-24T12:26:45.627Z,MOBILE,Android
f3612baf-fc97-4b31-8d2f-56f1f2a1516b,HP,2023-12-24T22:34:46.627Z,MOBILE,Android
f3612baf-fc97-4b31-8d2f-56f1f2a1516b,CL,2023-12-25T08:36:14.627Z,MOBILE,Android
f3612baf-fc97-4b31-8d2f-56f1f2a1516b,SER,2023-12-29T04:11:04.627Z,MOBILE,Android
f3612baf-fc97-4b31-8d2f-56f1f2a1516b,SCR,2023-12-31T18:09:17.627Z,MOBILE,Android
fd660ba3-c39d-49be-8a7a-cdf1a2f0a638,VI,2023-12-16T14:08:17.627Z,MOBILE,Android
63e98e40-7323-4ca8-9f4c-f48b7a84b778,HP,2020-08-06T05:58:38.028Z,MOBILE,Android
63e98e40-7323-4ca8-9f4c-f48b7a84b778,ATC,2020-08-06T05:59:41.028Z,MOBILE,Android
63e98e40-7323-4ca8-9f4c-f48b7a84b778,AP,2020-08-06T06:00:57.028Z,MOBILE,Android
63e98e40-7323-4ca8-9f4c-f48b7a84b778,CL,2020-08-06T06:00:41.028Z,MOBILE,Android
63e98e40-7323-4ca8-9f4c-f48b7a84b778,HP,2020-08-06T06:01:54.028Z,MOBILE,Android
63e98e40-7323-4ca8-9f4c-f48b7a84b778,CL,2020-08-06T06:02:47.028Z,MOBILE,Android
63e98e40-7323-4ca8-9f4c-f48b7a84b778,SCR,2020-08-06T06:03:46.028Z,MOBILE,Android
63e98e40-7323-4ca8-9f4c-f48b7a84b778,SER,2020-08-06T06:04:51.028Z,MOBILE,Android
63e98e40-7323-4ca8-9f4c-f48b7a84b778,SCR,2020-08-06T06:06:13.028Z,MOBILE,Android
63e98e40-7323-4ca8-9f4c-f48b7a84b778,CL,2020-08-06T06:08:41.028Z,MOBILE,Android
63e98e40-7323-4ca8-9f4c-f48b7a84b778,SER,2020-08-06T06:10:02.028Z,MOBILE,Android
63e98e40-7323-4ca8-9f4c-f48b7a84b778,HP,2020-08-06T06:11:20.028Z,MOBILE,Android
63e98e40-7323-4ca8-9f4c-f48b7a84b778,CL,2020-08-06T06:12:26.028Z,MOBILE,Android
63e98e40-7323-4ca8-9f4c-f48b7a84b778,CL,2020-08-06T06:14:48.028Z,MOBILE,Android
63e98e40-7323-4ca8-9f4c-f48b7a84b778,SER,2020-08-06T06:16:14.028Z,MOBILE,Android
63e98e40-7323-4ca8-9f4c-f48b7a84b778,CL,2020-08-06T06:17:38.028Z,MOBILE,Android
63e98e40-7323-4ca8-9f4c-f48b7a84b778,SCR,2020-08-06T06:18:52.028Z,MOBILE,Android
63e98e40-7323-4ca8-9f4c-f48b7a84b778,SER,2020-08-06T06:20:07.028Z,MOBILE,Android
63e98e40-7323-4ca8-9f4c-f48b7a84b778,CL,2020-08-06T06:21:28.028Z,MOBILE,Android
63e98e40-7323-4ca8-9f4c-f48b7a84b778,CL,2020-08-06T06:22:15.028Z,MOBILE,Android
63e98e40-7323-4ca8-9f4c-f48b7a84b778,SCR,2020-08-06T06:23:05.028Z,MOBILE,Android
63e98e40-7323-4ca8-9f4c-f48b7a84b778,SER,2020-08-06T06:24:15.028Z,MOBILE,Android
63e98e40-7323-4ca8-9f4c-f48b7a84b778,CO,2020-08-06T06:27:47.856Z,MOBILE,Android
63e98e40-7323-4ca8-9f4c-f48b7a84b778,VI,2020-08-06T06:13:42.028Z,MOBILE,Android
413076b6-3842-4892-b69d-e018cd557ce4,HP,2022-12-21T22:27:25.856Z,MOBILE,Android
413076b6-3842-4892-b69d-e018cd557ce4,ATC,2022-12-22T15:17:56.856Z,MOBILE,Android
413076b6-3842-4892-b69d-e018cd557ce4,AP,2022-12-23T08:18:16.856Z,MOBILE,Android
413076b6-3842-4892-b69d-e018cd557ce4,CL,2022-12-24T18:30:08.856Z,MOBILE,Android
413076b6-3842-4892-b69d-e018cd557ce4,SER,2022-12-25T11:30:50.856Z,MOBILE,Android
413076b6-3842-4892-b69d-e018cd557ce4,CL,2022-12-26T04:23:38.856Z,MOBILE,Android
413076b6-3842-4892-b69d-e018cd557ce4,HP,2022-12-26T21:21:31.856Z,MOBILE,Android
413076b6-3842-4892-b69d-e018cd557ce4,VI,2022-12-22T15:23:47.856Z,MOBILE,Android
8dd49e3c-a390-4fc1-98b7-ebd84788ee97,HP,2019-06-20T05:59:56.306Z,MOBILE,Android
8dd49e3c-a390-4fc1-98b7-ebd84788ee97,HP,2019-06-14T14:06:03.903Z,MOBILE,Android
8dd49e3c-a390-4fc1-98b7-ebd84788ee97,ATC,2019-06-14T14:06:08.903Z,MOBILE,Android
8dd49e3c-a390-4fc1-98b7-ebd84788ee97,CL,2019-06-14T14:06:07.903Z,MOBILE,Android
8dd49e3c-a390-4fc1-98b7-ebd84788ee97,HP,2019-06-15T01:26:46.306Z,MOBILE,Android
8dd49e3c-a390-4fc1-98b7-ebd84788ee97,HP,2019-06-16T00:05:44.306Z,MOBILE,Android
8dd49e3c-a390-4fc1-98b7-ebd84788ee97,HP,2019-06-16T11:26:10.306Z,MOBILE,Android
8dd49e3c-a390-4fc1-98b7-ebd84788ee97,SCR,2019-06-16T22:49:17.306Z,MOBILE,Android
8dd49e3c-a390-4fc1-98b7-ebd84788ee97,HP,2019-06-17T10:04:22.306Z,MOBILE,Android
8dd49e3c-a390-4fc1-98b7-ebd84788ee97,HP,2019-06-17T21:19:11.306Z,MOBILE,Android
8dd49e3c-a390-4fc1-98b7-ebd84788ee97,HP,2019-06-18T08:36:14.306Z,MOBILE,Android
8dd49e3c-a390-4fc1-98b7-ebd84788ee97,HP,2019-06-18T19:56:04.306Z,MOBILE,Android
8dd49e3c-a390-4fc1-98b7-ebd84788ee97,HP,2019-06-19T07:19:25.306Z,MOBILE,Android
8dd49e3c-a390-4fc1-98b7-ebd84788ee97,HP,2019-06-19T18:41:38.306Z,MOBILE,Android
8dd49e3c-a390-4fc1-98b7-ebd84788ee97,SER,2019-06-20T17:19:37.306Z,MOBILE,Android
8dd49e3c-a390-4fc1-98b7-ebd84788ee97,HP,2019-06-21T04:40:26.306Z,MOBILE,Android
a97a0d38-9416-4e70-afea-38d66372fd63,HP,2021-01-14T08:17:33.306Z,MOBILE,Android
a97a0d38-9416-4e70-afea-38d66372fd63,ATC,2021-01-15T13:28:07.306Z,MOBILE,Android
a97a0d38-9416-4e70-afea-38d66372fd63,AP,2021-01-16T18:47:09.306Z,MOBILE,Android
a97a0d38-9416-4e70-afea-38d66372fd63,SCR,2021-01-15T13:31:50.306Z,MOBILE,Android
a97a0d38-9416-4e70-afea-38d66372fd63,SCR,2021-01-16T18:36:09.306Z,MOBILE,Android
a97a0d38-9416-4e70-afea-38d66372fd63,ATC,2021-01-19T04:59:19.306Z,MOBILE,Android
a97a0d38-9416-4e70-afea-38d66372fd63,ATC,2021-01-20T10:08:51.306Z,MOBILE,Android
a97a0d38-9416-4e70-afea-38d66372fd63,SER,2021-01-21T15:20:34.306Z,MOBILE,Android
a97a0d38-9416-4e70-afea-38d66372fd63,SCR,2021-01-22T20:25:46.306Z,MOBILE,Android
a97a0d38-9416-4e70-afea-38d66372fd63,SER,2021-01-26T12:06:08.306Z,MOBILE,Android
a97a0d38-9416-4e70-afea-38d66372fd63,HP,2021-01-28T22:16:11.306Z,MOBILE,Android
a97a0d38-9416-4e70-afea-38d66372fd63,VI,2021-01-25T07:00:15.306Z,MOBILE,Android
a97a0d38-9416-4e70-afea-38d66372fd63,VI,2021-01-27T17:16:32.306Z,MOBILE,Android
fb9edac3-bf6b-4769-b1cd-3241bdbe21eb,HP,2022-06-04T05:17:19.306Z,WEB,Android
fb9edac3-bf6b-4769-b1cd-3241bdbe21eb,ATC,2022-06-05T15:41:41.306Z,WEB,Android
fb9edac3-bf6b-4769-b1cd-3241bdbe21eb,ATC,2022-06-07T02:06:19.306Z,WEB,Android
fb9edac3-bf6b-4769-b1cd-3241bdbe21eb,ATC,2022-06-08T12:41:04.306Z,WEB,Android
fb9edac3-bf6b-4769-b1cd-3241bdbe21eb,ATC,2022-06-09T23:10:49.306Z,WEB,Android
fb9edac3-bf6b-4769-b1cd-3241bdbe21eb,ATC,2022-06-11T09:40:23.306Z,WEB,Android
fb9edac3-bf6b-4769-b1cd-3241bdbe21eb,ATC,2022-06-12T19:55:37.306Z,WEB,Android
fb9edac3-bf6b-4769-b1cd-3241bdbe21eb,SCR,2022-06-05T15:50:59.306Z,WEB,Android
fb9edac3-bf6b-4769-b1cd-3241bdbe21eb,HP,2022-06-07T02:16:17.306Z,WEB,Android
fb9edac3-bf6b-4769-b1cd-3241bdbe21eb,SCR,2022-06-09T23:02:03.306Z,WEB,Android
fb9edac3-bf6b-4769-b1cd-3241bdbe21eb,CL,2022-06-11T09:34:48.306Z,WEB,Android
fb9edac3-bf6b-4769-b1cd-3241bdbe21eb,SCR,2022-06-12T20:05:24.306Z,WEB,Android
fb9edac3-bf6b-4769-b1cd-3241bdbe21eb,VI,2022-06-08T12:44:15.306Z,WEB,Android
1ef8d02c-12ca-475c-85e2-b1549c24bec0,HP,2020-04-28T13:28:43.697Z,MOBILE,Android
1ef8d02c-12ca-475c-85e2-b1549c24bec0,ATC,2020-04-29T14:20:30.697Z,MOBILE,Android
1ef8d02c-12ca-475c-85e2-b1549c24bec0,CL,2020-04-29T14:11:38.697Z,MOBILE,Android
1ef8d02c-12ca-475c-85e2-b1549c24bec0,ATC,2020-04-30T15:01:30.697Z,MOBILE,Android
1ef8d02c-12ca-475c-85e2-b1549c24bec0,SCR,2020-05-01T15:47:13.697Z,MOBILE,Android
1ef8d02c-12ca-475c-85e2-b1549c24bec0,ATC,2020-05-03T17:33:56.697Z,MOBILE,Android
1ef8d02c-12ca-475c-85e2-b1549c24bec0,HP,2020-05-04T18:22:29.697Z,MOBILE,Android
1ef8d02c-12ca-475c-85e2-b1549c24bec0,SCR,2020-05-05T19:07:48.697Z,MOBILE,Android
1ef8d02c-12ca-475c-85e2-b1549c24bec0,SCR,2020-05-06T19:55:33.697Z,MOBILE,Android
1ef8d02c-12ca-475c-85e2-b1549c24bec0,CL,2020-05-07T20:43:47.697Z,MOBILE,Android
1ef8d02c-12ca-475c-85e2-b1549c24bec0,ATC,2020-05-08T21:28:22.697Z,MOBILE,Android
1ef8d02c-12ca-475c-85e2-b1549c24bec0,VI,2020-05-02T16:37:18.697Z,MOBILE,Android
7f584fcb-957f-4ea0-b1f2-f2b746537a22,HP,2022-01-06T13:19:43.080Z,MOBILE,Android
7f584fcb-957f-4ea0-b1f2-f2b746537a22,SCR,2022-02-04T04:01:23.080Z,MOBILE,Android
7f584fcb-957f-4ea0-b1f2-f2b746537a22,HP,2021-08-16T09:49:29.080Z,MOBILE,Android
7f584fcb-957f-4ea0-b1f2-f2b746537a22,ATC,2021-09-14T00:30:54.080Z,MOBILE,Android
7f584fcb-957f-4ea0-b1f2-f2b746537a22,AP,2021-10-12T15:54:28.080Z,MOBILE,Android
7f584fcb-957f-4ea0-b1f2-f2b746537a22,ATC,2021-09-14T01:28:46.080Z,MOBILE,Android
7f584fcb-957f-4ea0-b1f2-f2b746537a22,ATC,2021-10-12T17:09:32.080Z,MOBILE,Android
7f584fcb-957f-4ea0-b1f2-f2b746537a22,CL,2021-11-10T07:47:54.080Z,MOBILE,Android
7f584fcb-957f-4ea0-b1f2-f2b746537a22,ATC,2021-12-08T22:54:57.080Z,MOBILE,Android
7f584fcb-957f-4ea0-b1f2-f2b746537a22,ATC,2022-03-03T18:46:16.080Z,MOBILE,Android
fcdb5086-739d-4deb-abc2-b79b0cd9ce06,HP,2023-06-05T07:02:56.080Z,MOBILE,Android
fcdb5086-739d-4deb-abc2-b79b0cd9ce06,ATC,2023-06-10T09:43:22.080Z,MOBILE,Android
fcdb5086-739d-4deb-abc2-b79b0cd9ce06,CL,2023-06-15T12:16:18.080Z,MOBILE,Android
fcdb5086-739d-4deb-abc2-b79b0cd9ce06,CL,2023-06-20T15:00:31.080Z,MOBILE,Android
a20b3d7a-f08a-4ef3-89ba-35d6d0b54228,HP,2020-11-21T01:29:22.362Z,MOBILE,Android
a20b3d7a-f08a-4ef3-89ba-35d6d0b54228,ATC,2020-11-21T08:25:08.362Z,MOBILE,Android
a20b3d7a-f08a-4ef3-89ba-35d6d0b54228,AP,2020-11-21T15:19:34.362Z,MOBILE,Android
a20b3d7a-f08a-4ef3-89ba-35d6d0b54228,HP,2020-11-21T15:24:16.362Z,MOBILE,Android
a20b3d7a-f08a-4ef3-89ba-35d6d0b54228,CL,2020-11-21T22:23:30.362Z,MOBILE,Android
a20b3d7a-f08a-4ef3-89ba-35d6d0b54228,ATC,2020-11-22T05:22:06.362Z,MOBILE,Android
a20b3d7a-f08a-4ef3-89ba-35d6d0b54228,ATC,2020-11-22T12:17:03.362Z,MOBILE,Android
b7369138-c48d-4730-800f-b1a8c9d73d75,HP,2022-05-02T21:56:10.362Z,MOBILE,Android
b7369138-c48d-4730-800f-b1a8c9d73d75,ATC,2022-05-03T15:31:31.362Z,MOBILE,Android
b7369138-c48d-4730-800f-b1a8c9d73d75,AP,2022-05-04T09:10:28.362Z,MOBILE,Android
b7369138-c48d-4730-800f-b1a8c9d73d75,HP,2022-05-03T15:25:27.362Z,MOBILE,Android
b7369138-c48d-4730-800f-b1a8c9d73d75,CL,2022-05-04T08:53:49.362Z,MOBILE,Android
b7369138-c48d-4730-800f-b1a8c9d73d75,ATC,2022-05-05T19:45:42.362Z,MOBILE,Android
b7369138-c48d-4730-800f-b1a8c9d73d75,ATC,2022-05-06T13:14:19.362Z,MOBILE,Android
b7369138-c48d-4730-800f-b1a8c9d73d75,VI,2022-05-05T02:23:50.362Z,MOBILE,Android
8da7c84d-4e53-4b17-8214-0068b6798d83,HP,2023-07-25T02:43:55.955Z,MOBILE,Android
8da7c84d-4e53-4b17-8214-0068b6798d83,ATC,2023-07-25T02:47:21.955Z,MOBILE,Android
8da7c84d-4e53-4b17-8214-0068b6798d83,CL,2023-07-25T02:47:11.955Z,MOBILE,Android
8da7c84d-4e53-4b17-8214-0068b6798d83,HP,2023-07-25T02:50:16.955Z,MOBILE,Android
8da7c84d-4e53-4b17-8214-0068b6798d83,CL,2023-07-25T03:00:54.955Z,MOBILE,Android
8da7c84d-4e53-4b17-8214-0068b6798d83,SCR,2023-07-25T03:04:15.955Z,MOBILE,Android
8da7c84d-4e53-4b17-8214-0068b6798d83,SER,2023-07-25T03:07:41.955Z,MOBILE,Android
8da7c84d-4e53-4b17-8214-0068b6798d83,SCR,2023-07-25T03:11:33.955Z,MOBILE,Android
8da7c84d-4e53-4b17-8214-0068b6798d83,SCR,2023-07-25T03:15:01.955Z,MOBILE,Android
8da7c84d-4e53-4b17-8214-0068b6798d83,CL,2023-07-25T03:18:36.955Z,MOBILE,Android
8da7c84d-4e53-4b17-8214-0068b6798d83,CL,2023-07-25T03:22:36.955Z,MOBILE,Android
8da7c84d-4e53-4b17-8214-0068b6798d83,VI,2023-07-25T02:54:12.955Z,MOBILE,Android
8da7c84d-4e53-4b17-8214-0068b6798d83,VI,2023-07-25T02:57:36.955Z,MOBILE,Android
a1a7b41a-7656-4aa7-b368-3027faa87bd8,HP,2023-09-02T08:15:06.366Z,MOBILE,Android
763abb72-c6da-41c3-8630-0cb7450aad45,HP,2022-12-11T18:44:03.357Z,MOBILE,Android
a1a7b41a-7656-4aa7-b368-3027faa87bd8,ATC,2023-09-02T12:28:38.366Z,MOBILE,Android
a1a7b41a-7656-4aa7-b368-3027faa87bd8,AP,2023-09-02T16:46:24.366Z,MOBILE,Android
a1a7b41a-7656-4aa7-b368-3027faa87bd8,CL,2023-09-02T12:33:18.366Z,MOBILE,Android
a1a7b41a-7656-4aa7-b368-3027faa87bd8,HP,2023-09-02T16:48:08.366Z,MOBILE,Android
a1a7b41a-7656-4aa7-b368-3027faa87bd8,CL,2023-09-03T05:31:41.366Z,MOBILE,Android
7856bf00-d92a-445c-abf1-bb4079246c02,HP,2023-10-04T15:23:36.868Z,MOBILE,Android
7856bf00-d92a-445c-abf1-bb4079246c02,ATC,2023-10-05T01:07:20.868Z,MOBILE,Android
7856bf00-d92a-445c-abf1-bb4079246c02,CL,2023-10-05T01:04:39.868Z,MOBILE,Android
7856bf00-d92a-445c-abf1-bb4079246c02,HP,2023-10-05T10:47:08.868Z,MOBILE,Android
7856bf00-d92a-445c-abf1-bb4079246c02,SCR,2023-10-05T20:28:27.868Z,MOBILE,Android
7856bf00-d92a-445c-abf1-bb4079246c02,CL,2023-10-06T06:18:04.868Z,MOBILE,Android
7856bf00-d92a-445c-abf1-bb4079246c02,HP,2023-10-06T15:59:41.868Z,MOBILE,Android
7856bf00-d92a-445c-abf1-bb4079246c02,HP,2023-10-07T01:45:07.868Z,MOBILE,Android
7856bf00-d92a-445c-abf1-bb4079246c02,CL,2023-10-07T11:27:34.868Z,MOBILE,Android
7856bf00-d92a-445c-abf1-bb4079246c02,SER,2023-10-07T21:06:02.868Z,MOBILE,Android
7856bf00-d92a-445c-abf1-bb4079246c02,CL,2023-10-08T06:46:49.868Z,MOBILE,Android
7856bf00-d92a-445c-abf1-bb4079246c02,CL,2023-10-09T11:50:29.868Z,MOBILE,Android
7856bf00-d92a-445c-abf1-bb4079246c02,SCR,2023-10-09T21:32:30.868Z,MOBILE,Android
7856bf00-d92a-445c-abf1-bb4079246c02,CL,2023-10-10T07:09:12.868Z,MOBILE,Android
b7c17609-9a78-4e5a-8831-8be8900ac995,ATC,2023-11-12T21:50:32.868Z,WEB,Android
b7c17609-9a78-4e5a-8831-8be8900ac995,HP,2023-11-12T21:55:32.868Z,WEB,Android
b7c17609-9a78-4e5a-8831-8be8900ac995,SER,2023-11-13T11:27:07.868Z,WEB,Android
b7c17609-9a78-4e5a-8831-8be8900ac995,CL,2023-11-14T00:52:38.868Z,WEB,Android
b7c17609-9a78-4e5a-8831-8be8900ac995,SCR,2023-11-14T14:25:27.868Z,WEB,Android
b7c17609-9a78-4e5a-8831-8be8900ac995,HP,2023-11-15T03:42:39.868Z,WEB,Android
b7c17609-9a78-4e5a-8831-8be8900ac995,CL,2023-11-15T17:12:28.868Z,WEB,Android
b7c17609-9a78-4e5a-8831-8be8900ac995,SER,2023-11-16T06:40:17.868Z,WEB,Android
b7c17609-9a78-4e5a-8831-8be8900ac995,HP,2023-11-16T20:06:13.868Z,WEB,Android
b7c17609-9a78-4e5a-8831-8be8900ac995,CL,2023-11-17T09:33:40.868Z,WEB,Android
b7c17609-9a78-4e5a-8831-8be8900ac995,SCR,2023-11-17T22:57:51.868Z,WEB,Android
b7c17609-9a78-4e5a-8831-8be8900ac995,CL,2023-11-18T12:18:20.868Z,WEB,Android
b7c17609-9a78-4e5a-8831-8be8900ac995,SCR,2023-11-19T01:41:20.868Z,WEB,Android
b7c17609-9a78-4e5a-8831-8be8900ac995,SCR,2023-11-20T04:39:38.868Z,WEB,Android
b7c17609-9a78-4e5a-8831-8be8900ac995,SCR,2023-11-20T17:54:56.868Z,WEB,Android
b7c17609-9a78-4e5a-8831-8be8900ac995,CL,2023-11-21T07:17:44.868Z,WEB,Android
b7c17609-9a78-4e5a-8831-8be8900ac995,SCR,2023-11-21T20:48:16.868Z,WEB,Android
b7c17609-9a78-4e5a-8831-8be8900ac995,HP,2023-11-22T10:12:53.868Z,WEB,Android
b7c17609-9a78-4e5a-8831-8be8900ac995,VI,2023-11-22T23:39:56.868Z,WEB,Android
36b459e3-0ff1-407f-969b-d484d8700b2a,HP,2023-05-02T03:00:00.067Z,MOBILE,Android
36b459e3-0ff1-407f-969b-d484d8700b2a,ATC,2023-05-05T01:32:48.067Z,MOBILE,Android
36b459e3-0ff1-407f-969b-d484d8700b2a,CL,2023-05-05T01:19:16.067Z,MOBILE,Android
36b459e3-0ff1-407f-969b-d484d8700b2a,HP,2023-05-07T23:47:42.067Z,MOBILE,Android
36b459e3-0ff1-407f-969b-d484d8700b2a,CL,2023-05-18T01:22:08.067Z,MOBILE,Android
f9f66295-5199-4e5d-8fc2-258bb8b9a791,HP,2021-02-18T02:30:48.404Z,WEB,Android
f9f66295-5199-4e5d-8fc2-258bb8b9a791,ATC,2021-02-18T02:32:01.404Z,WEB,Android
f9f66295-5199-4e5d-8fc2-258bb8b9a791,AP,2021-02-18T02:34:04.404Z,WEB,Android
f9f66295-5199-4e5d-8fc2-258bb8b9a791,ATC,2021-02-18T02:32:08.404Z,WEB,Android
f9f66295-5199-4e5d-8fc2-258bb8b9a791,CL,2021-02-18T02:35:35.404Z,WEB,Android
f9f66295-5199-4e5d-8fc2-258bb8b9a791,HP,2021-02-18T02:36:53.404Z,WEB,Android
f9f66295-5199-4e5d-8fc2-258bb8b9a791,ATC,2021-02-18T02:38:12.404Z,WEB,Android
f9f66295-5199-4e5d-8fc2-258bb8b9a791,CL,2021-02-18T02:39:45.404Z,WEB,Android
f9f66295-5199-4e5d-8fc2-258bb8b9a791,SER,2021-02-18T02:43:06.404Z,WEB,Android
f9f66295-5199-4e5d-8fc2-258bb8b9a791,CL,2021-02-18T02:44:34.404Z,WEB,Android
9eb236aa-a96e-4c89-8fe8-ab04af87a89a,HP,2021-04-30T10:12:13.510Z,WEB,Android
9eb236aa-a96e-4c89-8fe8-ab04af87a89a,ATC,2021-04-30T15:45:07.510Z,WEB,Android
c47fcaef-0e6d-4f4e-a1da-39bbfb0f80b3,HP,2022-01-01T22:49:40.510Z,MOBILE,Android
c47fcaef-0e6d-4f4e-a1da-39bbfb0f80b3,ATC,2022-01-04T00:19:05.510Z,MOBILE,Android
c47fcaef-0e6d-4f4e-a1da-39bbfb0f80b3,VI,2022-01-04T00:36:12.510Z,MOBILE,Android
07c33d8a-6150-4236-9f62-5cbf613a8757,HP,2022-05-08T00:29:24.065Z,MOBILE,Android
17f634ff-bb85-4ff8-9864-7df3faea6724,HP,2020-01-20T13:05:22.457Z,WEB,Android
07c33d8a-6150-4236-9f62-5cbf613a8757,ATC,2022-05-08T00:29:47.065Z,MOBILE,Android
07c33d8a-6150-4236-9f62-5cbf613a8757,AP,2022-05-08T00:30:14.065Z,MOBILE,Android
07c33d8a-6150-4236-9f62-5cbf613a8757,CL,2022-05-08T00:29:51.065Z,MOBILE,Android
07c33d8a-6150-4236-9f62-5cbf613a8757,SER,2022-05-08T00:30:19.065Z,MOBILE,Android
07c33d8a-6150-4236-9f62-5cbf613a8757,SCR,2022-05-08T00:30:43.065Z,MOBILE,Android
07c33d8a-6150-4236-9f62-5cbf613a8757,SCR,2022-05-08T00:31:08.065Z,MOBILE,Android
07c33d8a-6150-4236-9f62-5cbf613a8757,SCR,2022-05-08T00:31:55.065Z,MOBILE,Android
07c33d8a-6150-4236-9f62-5cbf613a8757,HP,2022-05-08T00:32:15.065Z,MOBILE,Android
07c33d8a-6150-4236-9f62-5cbf613a8757,ATC,2022-05-08T00:32:56.065Z,MOBILE,Android
07c33d8a-6150-4236-9f62-5cbf613a8757,VI,2022-05-08T00:33:14.065Z,MOBILE,Android
17f634ff-bb85-4ff8-9864-7df3faea6724,CL,2020-01-20T15:16:42.457Z,WEB,Android
d95a07a3-1bf2-41ff-8f35-184cc0401695,HP,2019-12-12T08:56:06.457Z,MOBILE,Android
d95a07a3-1bf2-41ff-8f35-184cc0401695,ATC,2019-12-15T04:59:54.457Z,MOBILE,Android
d95a07a3-1bf2-41ff-8f35-184cc0401695,SER,2019-12-15T04:52:41.457Z,MOBILE,Android
17f634ff-bb85-4ff8-9864-7df3faea6724,HP,2020-01-19T04:04:01.457Z,WEB,Android
17f634ff-bb85-4ff8-9864-7df3faea6724,ATC,2020-01-19T06:13:21.457Z,WEB,Android
17f634ff-bb85-4ff8-9864-7df3faea6724,AP,2020-01-19T08:23:56.457Z,WEB,Android
17f634ff-bb85-4ff8-9864-7df3faea6724,SCR,2020-01-19T06:15:24.457Z,WEB,Android
17f634ff-bb85-4ff8-9864-7df3faea6724,ATC,2020-01-19T08:27:16.457Z,WEB,Android
17f634ff-bb85-4ff8-9864-7df3faea6724,ATC,2020-01-19T10:40:39.457Z,WEB,Android
17f634ff-bb85-4ff8-9864-7df3faea6724,ATC,2020-01-19T12:51:25.457Z,WEB,Android
17f634ff-bb85-4ff8-9864-7df3faea6724,CL,2020-01-19T15:07:26.457Z,WEB,Android
17f634ff-bb85-4ff8-9864-7df3faea6724,CL,2020-01-19T17:19:47.457Z,WEB,Android
17f634ff-bb85-4ff8-9864-7df3faea6724,ATC,2020-01-19T19:32:15.457Z,WEB,Android
17f634ff-bb85-4ff8-9864-7df3faea6724,ATC,2020-01-19T21:48:10.457Z,WEB,Android
17f634ff-bb85-4ff8-9864-7df3faea6724,SER,2020-01-19T23:58:49.457Z,WEB,Android
17f634ff-bb85-4ff8-9864-7df3faea6724,SCR,2020-01-20T02:08:11.457Z,WEB,Android
17f634ff-bb85-4ff8-9864-7df3faea6724,ATC,2020-01-20T04:19:39.457Z,WEB,Android
17f634ff-bb85-4ff8-9864-7df3faea6724,SER,2020-01-20T06:31:05.457Z,WEB,Android
17f634ff-bb85-4ff8-9864-7df3faea6724,HP,2020-01-20T08:43:19.457Z,WEB,Android
17f634ff-bb85-4ff8-9864-7df3faea6724,SER,2020-01-20T10:53:57.457Z,WEB,Android
3d298872-bcdb-4d97-a013-108c7de12d21,HP,2020-10-19T23:44:20.457Z,MOBILE,Android
5d17fd1f-7396-4782-9fdd-92f3d63ad256,CL,2021-03-24T19:22:10.457Z,MOBILE,Android
3d298872-bcdb-4d97-a013-108c7de12d21,ATC,2020-10-22T07:00:00.457Z,MOBILE,Android
5d17fd1f-7396-4782-9fdd-92f3d63ad256,HP,2021-03-22T00:42:32.457Z,MOBILE,Android
5d17fd1f-7396-4782-9fdd-92f3d63ad256,ATC,2021-03-22T14:06:42.457Z,MOBILE,Android
5d17fd1f-7396-4782-9fdd-92f3d63ad256,AP,2021-03-23T03:22:19.457Z,MOBILE,Android
5d17fd1f-7396-4782-9fdd-92f3d63ad256,SER,2021-03-22T13:59:01.457Z,MOBILE,Android
5d17fd1f-7396-4782-9fdd-92f3d63ad256,SER,2021-03-23T03:18:54.457Z,MOBILE,Android
5d17fd1f-7396-4782-9fdd-92f3d63ad256,ATC,2021-03-24T05:57:54.457Z,MOBILE,Android
5d17fd1f-7396-4782-9fdd-92f3d63ad256,ATC,2021-03-25T08:44:27.457Z,MOBILE,Android
5d17fd1f-7396-4782-9fdd-92f3d63ad256,CL,2021-03-25T22:06:32.457Z,MOBILE,Android
5d17fd1f-7396-4782-9fdd-92f3d63ad256,ATC,2021-03-26T11:27:53.457Z,MOBILE,Android
5d17fd1f-7396-4782-9fdd-92f3d63ad256,CL,2021-03-27T00:50:59.457Z,MOBILE,Android
5d17fd1f-7396-4782-9fdd-92f3d63ad256,SCR,2021-03-28T03:35:44.457Z,MOBILE,Android
5d17fd1f-7396-4782-9fdd-92f3d63ad256,CL,2021-03-28T17:00:56.457Z,MOBILE,Android
5d17fd1f-7396-4782-9fdd-92f3d63ad256,SCR,2021-03-29T06:15:00.457Z,MOBILE,Android
f53e8a4a-788e-4afa-ac43-94eaba65b9c8,HP,2021-05-23T19:11:03.457Z,MOBILE,Android
f53e8a4a-788e-4afa-ac43-94eaba65b9c8,ATC,2021-05-24T19:23:27.457Z,MOBILE,Android
f53e8a4a-788e-4afa-ac43-94eaba65b9c8,AP,2021-05-25T19:43:22.457Z,MOBILE,Android
f53e8a4a-788e-4afa-ac43-94eaba65b9c8,HP,2021-05-24T19:34:55.457Z,MOBILE,Android
f53e8a4a-788e-4afa-ac43-94eaba65b9c8,CL,2021-05-26T20:02:35.457Z,MOBILE,Android
f53e8a4a-788e-4afa-ac43-94eaba65b9c8,VI,2021-05-27T20:25:49.457Z,MOBILE,Android
f53e8a4a-788e-4afa-ac43-94eaba65b9c8,VI,2021-05-28T20:48:26.457Z,MOBILE,Android
0ad96291-433c-45ac-8b21-c80bbc415f0a,HP,2021-09-30T23:24:20.457Z,MOBILE,Android
0ad96291-433c-45ac-8b21-c80bbc415f0a,ATC,2021-10-01T10:40:02.457Z,MOBILE,Android
0ad96291-433c-45ac-8b21-c80bbc415f0a,AP,2021-10-01T22:00:05.457Z,MOBILE,Android
0ad96291-433c-45ac-8b21-c80bbc415f0a,HP,2021-10-01T10:36:42.457Z,MOBILE,Android
83ba247f-a586-453a-bda4-2fb25ae044fd,HP,2022-10-26T05:55:45.457Z,MOBILE,Android
83ba247f-a586-453a-bda4-2fb25ae044fd,ATC,2022-10-27T14:37:10.457Z,MOBILE,Android
83ba247f-a586-453a-bda4-2fb25ae044fd,ATC,2022-10-28T23:18:56.457Z,MOBILE,Android
83ba247f-a586-453a-bda4-2fb25ae044fd,ATC,2022-10-30T08:01:16.457Z,MOBILE,Android
83ba247f-a586-453a-bda4-2fb25ae044fd,ATC,2022-10-31T16:37:49.457Z,MOBILE,Android
83ba247f-a586-453a-bda4-2fb25ae044fd,AP,2022-11-02T01:34:15.457Z,MOBILE,Android
83ba247f-a586-453a-bda4-2fb25ae044fd,SER,2022-10-27T14:34:12.457Z,MOBILE,Android
83ba247f-a586-453a-bda4-2fb25ae044fd,ATC,2022-10-28T23:30:26.457Z,MOBILE,Android
83ba247f-a586-453a-bda4-2fb25ae044fd,CL,2022-10-30T08:15:29.457Z,MOBILE,Android
f9532bca-5542-4898-8ef8-141b32bd927d,HP,2023-08-14T22:27:12.457Z,MOBILE,Android
f9532bca-5542-4898-8ef8-141b32bd927d,ATC,2023-08-14T22:42:09.457Z,MOBILE,Android
f9532bca-5542-4898-8ef8-141b32bd927d,SER,2023-08-14T22:42:41.457Z,MOBILE,Android
adde8ce3-382d-414f-8a5c-f0a837821ec7,HP,2023-04-01T11:33:34.238Z,MOBILE,Android
adde8ce3-382d-414f-8a5c-f0a837821ec7,ATC,2023-04-10T08:35:14.238Z,MOBILE,Android
adde8ce3-382d-414f-8a5c-f0a837821ec7,SCR,2023-04-10T07:59:42.238Z,MOBILE,Android
adde8ce3-382d-414f-8a5c-f0a837821ec7,ATC,2023-04-19T04:44:36.238Z,MOBILE,Android
35b6b631-0742-4e49-bc97-911c41c503a2,HP,2022-10-13T17:11:28.009Z,MOBILE,Android
35b6b631-0742-4e49-bc97-911c41c503a2,ATC,2022-10-13T19:04:17.009Z,MOBILE,Android
35b6b631-0742-4e49-bc97-911c41c503a2,AP,2022-10-13T20:58:47.009Z,MOBILE,Android
35b6b631-0742-4e49-bc97-911c41c503a2,SCR,2022-10-13T19:05:29.009Z,MOBILE,Android
35b6b631-0742-4e49-bc97-911c41c503a2,SCR,2022-10-13T20:59:26.009Z,MOBILE,Android
35b6b631-0742-4e49-bc97-911c41c503a2,HP,2022-10-13T22:52:51.009Z,MOBILE,Android
35b6b631-0742-4e49-bc97-911c41c503a2,SER,2022-10-14T00:46:28.009Z,MOBILE,Android
35b6b631-0742-4e49-bc97-911c41c503a2,SCR,2022-10-14T02:39:43.009Z,MOBILE,Android
35b6b631-0742-4e49-bc97-911c41c503a2,CL,2022-10-14T04:31:59.009Z,MOBILE,Android
35b6b631-0742-4e49-bc97-911c41c503a2,HP,2022-10-14T06:23:37.009Z,MOBILE,Android
35b6b631-0742-4e49-bc97-911c41c503a2,SCR,2022-10-14T08:17:00.009Z,MOBILE,Android
35b6b631-0742-4e49-bc97-911c41c503a2,SER,2022-10-14T10:08:14.009Z,MOBILE,Android
35b6b631-0742-4e49-bc97-911c41c503a2,SCR,2022-10-14T12:03:20.009Z,MOBILE,Android
35b6b631-0742-4e49-bc97-911c41c503a2,CL,2022-10-14T13:56:06.009Z,MOBILE,Android
35b6b631-0742-4e49-bc97-911c41c503a2,SCR,2022-10-14T19:33:12.009Z,MOBILE,Android
35b6b631-0742-4e49-bc97-911c41c503a2,CL,2022-10-14T21:26:25.009Z,MOBILE,Android
35b6b631-0742-4e49-bc97-911c41c503a2,SCR,2022-10-14T23:18:40.009Z,MOBILE,Android
35b6b631-0742-4e49-bc97-911c41c503a2,CL,2022-10-15T05:02:28.009Z,MOBILE,Android
35b6b631-0742-4e49-bc97-911c41c503a2,HP,2022-10-15T06:56:29.009Z,MOBILE,Android
35b6b631-0742-4e49-bc97-911c41c503a2,HP,2022-10-15T08:52:24.009Z,MOBILE,Android
35b6b631-0742-4e49-bc97-911c41c503a2,CL,2022-10-15T10:47:03.009Z,MOBILE,Android
35b6b631-0742-4e49-bc97-911c41c503a2,SCR,2022-10-15T14:33:28.009Z,MOBILE,Android
35b6b631-0742-4e49-bc97-911c41c503a2,SER,2022-10-15T16:27:52.009Z,MOBILE,Android
35b6b631-0742-4e49-bc97-911c41c503a2,CL,2022-10-15T18:24:39.009Z,MOBILE,Android
35b6b631-0742-4e49-bc97-911c41c503a2,CL,2022-10-15T20:19:11.009Z,MOBILE,Android
35b6b631-0742-4e49-bc97-911c41c503a2,SER,2022-10-15T22:12:37.009Z,MOBILE,Android
35b6b631-0742-4e49-bc97-911c41c503a2,HP,2022-10-16T00:04:34.009Z,MOBILE,Android
35b6b631-0742-4e49-bc97-911c41c503a2,CL,2022-10-16T03:50:40.009Z,MOBILE,Android
35b6b631-0742-4e49-bc97-911c41c503a2,CL,2022-10-16T05:43:56.009Z,MOBILE,Android
35b6b631-0742-4e49-bc97-911c41c503a2,HP,2022-10-16T07:37:30.009Z,MOBILE,Android
35b6b631-0742-4e49-bc97-911c41c503a2,SCR,2022-10-16T09:31:30.009Z,MOBILE,Android
35b6b631-0742-4e49-bc97-911c41c503a2,HP,2022-10-16T11:23:37.009Z,MOBILE,Android
35b6b631-0742-4e49-bc97-911c41c503a2,CL,2022-10-16T13:19:05.009Z,MOBILE,Android
35b6b631-0742-4e49-bc97-911c41c503a2,VI,2022-10-14T15:49:43.009Z,MOBILE,Android
35b6b631-0742-4e49-bc97-911c41c503a2,VI,2022-10-14T17:42:33.009Z,MOBILE,Android
e0c55171-0920-47be-a5c9-8747fa809d90,HP,2023-02-28T13:34:24.009Z,MOBILE,Android
e0c55171-0920-47be-a5c9-8747fa809d90,ATC,2023-03-02T02:57:30.009Z,MOBILE,Android
e0c55171-0920-47be-a5c9-8747fa809d90,SER,2023-03-03T15:40:09.009Z,MOBILE,Android
e0c55171-0920-47be-a5c9-8747fa809d90,CL,2023-03-06T18:00:55.009Z,MOBILE,Android
e0c55171-0920-47be-a5c9-8747fa809d90,VI,2023-03-02T02:39:27.009Z,MOBILE,Android
e0c55171-0920-47be-a5c9-8747fa809d90,VI,2023-03-05T04:48:58.009Z,MOBILE,Android
f5cd596c-f69c-43dc-b24f-6e5b6b9d4565,HP,2023-11-03T14:19:53.009Z,MOBILE,Android
f5cd596c-f69c-43dc-b24f-6e5b6b9d4565,ATC,2023-11-05T12:00:00.009Z,MOBILE,Android
f5cd596c-f69c-43dc-b24f-6e5b6b9d4565,HP,2023-11-05T12:03:47.009Z,MOBILE,Android
f5cd596c-f69c-43dc-b24f-6e5b6b9d4565,CL,2023-11-07T09:51:10.009Z,MOBILE,Android
f5cd596c-f69c-43dc-b24f-6e5b6b9d4565,SER,2023-11-09T07:44:10.009Z,MOBILE,Android
f5cd596c-f69c-43dc-b24f-6e5b6b9d4565,SCR,2023-11-11T05:33:36.009Z,MOBILE,Android
f5cd596c-f69c-43dc-b24f-6e5b6b9d4565,SER,2023-11-13T03:14:00.009Z,MOBILE,Android
f5cd596c-f69c-43dc-b24f-6e5b6b9d4565,VI,2023-11-17T08:36:32.009Z,MOBILE,Android
7f9406b7-298f-4511-acbf-0d1ea2e07f3b,HP,2020-05-23T11:47:20.679Z,MOBILE,iOS
7f9406b7-298f-4511-acbf-0d1ea2e07f3b,ATC,2020-05-26T07:10:38.679Z,MOBILE,iOS
7f9406b7-298f-4511-acbf-0d1ea2e07f3b,CL,2020-05-26T07:16:27.679Z,MOBILE,iOS
a448f826-f9a7-41aa-8d81-df0f192681bf,HP,2021-12-27T03:24:18.679Z,MOBILE,iOS
a448f826-f9a7-41aa-8d81-df0f192681bf,ATC,2021-12-28T09:13:55.679Z,MOBILE,iOS
a448f826-f9a7-41aa-8d81-df0f192681bf,ATC,2021-12-28T09:26:35.679Z,MOBILE,iOS
a448f826-f9a7-41aa-8d81-df0f192681bf,SCR,2022-01-01T02:55:18.679Z,MOBILE,iOS
a448f826-f9a7-41aa-8d81-df0f192681bf,SER,2022-01-02T08:43:50.679Z,MOBILE,iOS
a448f826-f9a7-41aa-8d81-df0f192681bf,SER,2022-01-06T02:06:04.679Z,MOBILE,iOS
a448f826-f9a7-41aa-8d81-df0f192681bf,CL,2022-01-07T07:49:01.679Z,MOBILE,iOS
a448f826-f9a7-41aa-8d81-df0f192681bf,SCR,2022-01-08T13:41:51.679Z,MOBILE,iOS
a448f826-f9a7-41aa-8d81-df0f192681bf,SCR,2022-01-11T01:32:51.679Z,MOBILE,iOS
a448f826-f9a7-41aa-8d81-df0f192681bf,CL,2022-01-12T07:24:37.679Z,MOBILE,iOS
a448f826-f9a7-41aa-8d81-df0f192681bf,HP,2022-01-13T13:17:17.679Z,MOBILE,iOS
a448f826-f9a7-41aa-8d81-df0f192681bf,VI,2021-12-29T15:12:58.679Z,MOBILE,iOS
a448f826-f9a7-41aa-8d81-df0f192681bf,VI,2022-01-03T14:34:57.679Z,MOBILE,iOS
a448f826-f9a7-41aa-8d81-df0f192681bf,VI,2022-01-04T20:20:56.679Z,MOBILE,iOS
a448f826-f9a7-41aa-8d81-df0f192681bf,VI,2022-01-09T19:34:42.679Z,MOBILE,iOS
215e83b4-c94d-424f-bbe9-3258040be74a,HP,2023-08-31T11:06:43.294Z,MOBILE,Android
215e83b4-c94d-424f-bbe9-3258040be74a,ATC,2023-08-31T13:33:15.294Z,MOBILE,Android
215e83b4-c94d-424f-bbe9-3258040be74a,ATC,2023-08-31T16:00:34.294Z,MOBILE,Android
215e83b4-c94d-424f-bbe9-3258040be74a,ATC,2023-08-31T18:26:56.294Z,MOBILE,Android
215e83b4-c94d-424f-bbe9-3258040be74a,ATC,2023-08-31T20:53:12.294Z,MOBILE,Android
215e83b4-c94d-424f-bbe9-3258040be74a,ATC,2023-08-31T23:22:24.294Z,MOBILE,Android
215e83b4-c94d-424f-bbe9-3258040be74a,ATC,2023-09-01T01:50:17.294Z,MOBILE,Android
215e83b4-c94d-424f-bbe9-3258040be74a,ATC,2023-09-01T04:17:39.294Z,MOBILE,Android
215e83b4-c94d-424f-bbe9-3258040be74a,ATC,2023-09-01T06:47:15.294Z,MOBILE,Android
215e83b4-c94d-424f-bbe9-3258040be74a,ATC,2023-09-01T09:13:09.294Z,MOBILE,Android
215e83b4-c94d-424f-bbe9-3258040be74a,ATC,2023-09-01T11:40:38.294Z,MOBILE,Android
215e83b4-c94d-424f-bbe9-3258040be74a,ATC,2023-09-01T14:06:59.294Z,MOBILE,Android
215e83b4-c94d-424f-bbe9-3258040be74a,ATC,2023-09-01T16:31:50.294Z,MOBILE,Android
215e83b4-c94d-424f-bbe9-3258040be74a,ATC,2023-09-01T18:58:47.294Z,MOBILE,Android
215e83b4-c94d-424f-bbe9-3258040be74a,ATC,2023-09-01T21:25:55.294Z,MOBILE,Android
215e83b4-c94d-424f-bbe9-3258040be74a,ATC,2023-09-01T23:54:38.294Z,MOBILE,Android
215e83b4-c94d-424f-bbe9-3258040be74a,ATC,2023-09-02T02:22:06.294Z,MOBILE,Android
215e83b4-c94d-424f-bbe9-3258040be74a,AP,2023-09-02T04:50:07.294Z,MOBILE,Android
215e83b4-c94d-424f-bbe9-3258040be74a,SER,2023-08-31T13:33:53.294Z,MOBILE,Android
215e83b4-c94d-424f-bbe9-3258040be74a,SCR,2023-08-31T16:02:14.294Z,MOBILE,Android
215e83b4-c94d-424f-bbe9-3258040be74a,SCR,2023-09-12T12:04:35.294Z,MOBILE,Android
538d53b9-c099-4158-8aa7-16f80f23488f,HP,2023-11-21T15:00:17.294Z,MOBILE,Android
538d53b9-c099-4158-8aa7-16f80f23488f,ATC,2023-11-21T15:01:03.294Z,MOBILE,Android
538d53b9-c099-4158-8aa7-16f80f23488f,ATC,2023-11-21T15:01:48.294Z,MOBILE,Android
538d53b9-c099-4158-8aa7-16f80f23488f,ATC,2023-11-21T15:02:29.294Z,MOBILE,Android
538d53b9-c099-4158-8aa7-16f80f23488f,ATC,2023-11-21T15:03:22.294Z,MOBILE,Android
538d53b9-c099-4158-8aa7-16f80f23488f,ATC,2023-11-21T15:04:04.294Z,MOBILE,Android
538d53b9-c099-4158-8aa7-16f80f23488f,HP,2023-11-21T15:01:50.294Z,MOBILE,Android
538d53b9-c099-4158-8aa7-16f80f23488f,SER,2023-11-21T15:02:32.294Z,MOBILE,Android
538d53b9-c099-4158-8aa7-16f80f23488f,SCR,2023-11-21T15:04:21.294Z,MOBILE,Android
538d53b9-c099-4158-8aa7-16f80f23488f,SER,2023-11-21T15:05:10.294Z,MOBILE,Android
538d53b9-c099-4158-8aa7-16f80f23488f,SER,2023-11-21T15:05:50.294Z,MOBILE,Android
538d53b9-c099-4158-8aa7-16f80f23488f,CL,2023-11-21T15:06:42.294Z,MOBILE,Android
538d53b9-c099-4158-8aa7-16f80f23488f,CL,2023-11-21T15:07:17.294Z,MOBILE,Android
538d53b9-c099-4158-8aa7-16f80f23488f,CL,2023-11-21T15:07:51.294Z,MOBILE,Android
538d53b9-c099-4158-8aa7-16f80f23488f,SER,2023-11-21T15:09:02.294Z,MOBILE,Android
538d53b9-c099-4158-8aa7-16f80f23488f,CL,2023-11-21T15:09:56.294Z,MOBILE,Android
538d53b9-c099-4158-8aa7-16f80f23488f,SER,2023-11-21T15:10:35.294Z,MOBILE,Android
538d53b9-c099-4158-8aa7-16f80f23488f,HP,2023-11-21T15:12:09.294Z,MOBILE,Android
538d53b9-c099-4158-8aa7-16f80f23488f,CL,2023-11-21T15:12:46.294Z,MOBILE,Android
538d53b9-c099-4158-8aa7-16f80f23488f,CL,2023-11-21T15:14:04.294Z,MOBILE,Android
538d53b9-c099-4158-8aa7-16f80f23488f,HP,2023-11-21T15:15:10.294Z,MOBILE,Android
4604519f-c6bb-4938-a14a-cf7b20f6c339,HP,2019-03-01T14:20:33.011Z,MOBILE,Android
538d53b9-c099-4158-8aa7-16f80f23488f,CL,2023-11-21T15:15:57.294Z,MOBILE,Android
538d53b9-c099-4158-8aa7-16f80f23488f,HP,2023-11-21T15:17:23.294Z,MOBILE,Android
538d53b9-c099-4158-8aa7-16f80f23488f,SCR,2023-11-21T15:18:09.294Z,MOBILE,Android
538d53b9-c099-4158-8aa7-16f80f23488f,SER,2023-11-21T15:18:49.294Z,MOBILE,Android
538d53b9-c099-4158-8aa7-16f80f23488f,HP,2023-11-21T15:19:26.294Z,MOBILE,Android
538d53b9-c099-4158-8aa7-16f80f23488f,SER,2023-11-21T15:20:48.294Z,MOBILE,Android
538d53b9-c099-4158-8aa7-16f80f23488f,SER,2023-11-21T15:21:54.294Z,MOBILE,Android
538d53b9-c099-4158-8aa7-16f80f23488f,CL,2023-11-21T15:22:49.294Z,MOBILE,Android
538d53b9-c099-4158-8aa7-16f80f23488f,CL,2023-11-21T15:24:04.294Z,MOBILE,Android
538d53b9-c099-4158-8aa7-16f80f23488f,CL,2023-11-21T15:25:27.294Z,MOBILE,Android
538d53b9-c099-4158-8aa7-16f80f23488f,HP,2023-11-21T19:31:34.294Z,MOBILE,Android
538d53b9-c099-4158-8aa7-16f80f23488f,CL,2023-11-21T23:31:02.294Z,MOBILE,Android
538d53b9-c099-4158-8aa7-16f80f23488f,SCR,2023-11-22T03:30:33.294Z,MOBILE,Android
538d53b9-c099-4158-8aa7-16f80f23488f,HP,2023-11-22T19:33:26.294Z,MOBILE,Android
538d53b9-c099-4158-8aa7-16f80f23488f,CL,2023-11-22T23:35:18.294Z,MOBILE,Android
538d53b9-c099-4158-8aa7-16f80f23488f,HP,2023-11-23T03:35:02.294Z,MOBILE,Android
538d53b9-c099-4158-8aa7-16f80f23488f,HP,2023-11-23T07:36:34.294Z,MOBILE,Android
538d53b9-c099-4158-8aa7-16f80f23488f,SCR,2023-11-23T11:38:02.294Z,MOBILE,Android
538d53b9-c099-4158-8aa7-16f80f23488f,SCR,2023-11-23T15:41:24.294Z,MOBILE,Android
538d53b9-c099-4158-8aa7-16f80f23488f,HP,2023-11-23T19:42:08.294Z,MOBILE,Android
538d53b9-c099-4158-8aa7-16f80f23488f,CL,2023-11-24T07:35:39.294Z,MOBILE,Android
538d53b9-c099-4158-8aa7-16f80f23488f,CL,2023-11-24T11:34:31.294Z,MOBILE,Android
538d53b9-c099-4158-8aa7-16f80f23488f,HP,2023-11-24T15:37:13.294Z,MOBILE,Android
538d53b9-c099-4158-8aa7-16f80f23488f,SCR,2023-11-24T19:36:30.294Z,MOBILE,Android
538d53b9-c099-4158-8aa7-16f80f23488f,SER,2023-11-24T23:37:27.294Z,MOBILE,Android
538d53b9-c099-4158-8aa7-16f80f23488f,SER,2023-11-25T03:38:04.294Z,MOBILE,Android
538d53b9-c099-4158-8aa7-16f80f23488f,SCR,2023-11-25T07:42:35.294Z,MOBILE,Android
538d53b9-c099-4158-8aa7-16f80f23488f,CL,2023-11-25T11:45:14.294Z,MOBILE,Android
538d53b9-c099-4158-8aa7-16f80f23488f,SCR,2023-11-25T15:47:02.294Z,MOBILE,Android
538d53b9-c099-4158-8aa7-16f80f23488f,CL,2023-11-25T19:46:24.294Z,MOBILE,Android
538d53b9-c099-4158-8aa7-16f80f23488f,HP,2023-11-25T23:47:59.294Z,MOBILE,Android
538d53b9-c099-4158-8aa7-16f80f23488f,SCR,2023-11-26T03:47:55.294Z,MOBILE,Android
538d53b9-c099-4158-8aa7-16f80f23488f,VI,2023-11-21T15:11:12.294Z,MOBILE,Android
538d53b9-c099-4158-8aa7-16f80f23488f,VI,2023-11-21T15:13:21.294Z,MOBILE,Android
0faeb766-dcec-486d-8adf-8e92eb43042d,HP,2022-12-02T02:31:34.046Z,MOBILE,Android
0faeb766-dcec-486d-8adf-8e92eb43042d,ATC,2022-12-05T14:27:53.046Z,MOBILE,Android
0faeb766-dcec-486d-8adf-8e92eb43042d,SCR,2022-12-05T14:23:38.046Z,MOBILE,Android
0faeb766-dcec-486d-8adf-8e92eb43042d,CL,2022-12-09T02:11:21.046Z,MOBILE,Android
6c354187-c9c2-4ab4-8599-08a5ed9d6b73,HP,2020-04-21T20:31:15.070Z,MOBILE,Android
6c354187-c9c2-4ab4-8599-08a5ed9d6b73,ATC,2020-04-22T12:30:32.070Z,MOBILE,Android
6c354187-c9c2-4ab4-8599-08a5ed9d6b73,CL,2020-04-22T12:31:13.070Z,MOBILE,Android
6c354187-c9c2-4ab4-8599-08a5ed9d6b73,SCR,2020-04-23T04:35:10.070Z,MOBILE,Android
6c354187-c9c2-4ab4-8599-08a5ed9d6b73,CL,2020-04-23T20:34:48.070Z,MOBILE,Android
0e63f857-87be-45c3-8eca-7d233dc58654,HP,2020-09-22T01:42:37.070Z,MOBILE,Android
0e63f857-87be-45c3-8eca-7d233dc58654,ATC,2020-09-25T10:22:38.070Z,MOBILE,Android
0e63f857-87be-45c3-8eca-7d233dc58654,CL,2020-09-25T10:39:06.070Z,MOBILE,Android
b48da7ff-5160-4d8e-bdc1-7d8ee8bb5a86,HP,2021-01-13T19:12:55.070Z,WEB,Android
b48da7ff-5160-4d8e-bdc1-7d8ee8bb5a86,ATC,2021-01-15T14:57:55.070Z,WEB,Android
b48da7ff-5160-4d8e-bdc1-7d8ee8bb5a86,AP,2021-01-17T10:56:15.070Z,WEB,Android
b48da7ff-5160-4d8e-bdc1-7d8ee8bb5a86,SER,2021-01-17T10:45:17.070Z,WEB,Android
b48da7ff-5160-4d8e-bdc1-7d8ee8bb5a86,CL,2021-01-19T06:25:03.070Z,WEB,Android
4375da34-a69f-4f81-8b4b-6e61dad6bfd3,VP,2019-03-09T08:49:43.270Z,MOBILE,Android
b48da7ff-5160-4d8e-bdc1-7d8ee8bb5a86,ATC,2021-01-21T02:27:27.070Z,WEB,Android
b48da7ff-5160-4d8e-bdc1-7d8ee8bb5a86,CL,2021-01-24T18:14:06.070Z,WEB,Android
b48da7ff-5160-4d8e-bdc1-7d8ee8bb5a86,VI,2021-01-15T14:53:30.070Z,WEB,Android
586c79bd-4a6d-4771-9203-8db2359c8f85,HP,2023-01-09T03:26:51.070Z,MOBILE,Android
2e79b3e7-e215-41ae-af30-acd9234a267b,HP,2021-07-08T12:45:37.070Z,MOBILE,Android
2e79b3e7-e215-41ae-af30-acd9234a267b,ATC,2021-07-08T15:19:24.070Z,MOBILE,Android
2e79b3e7-e215-41ae-af30-acd9234a267b,CL,2021-07-08T15:19:02.070Z,MOBILE,Android
2e79b3e7-e215-41ae-af30-acd9234a267b,SER,2021-07-08T20:23:32.070Z,MOBILE,Android
2e79b3e7-e215-41ae-af30-acd9234a267b,SCR,2021-07-08T23:00:31.070Z,MOBILE,Android
67cedbc6-106f-409f-bc23-93ddae098932,HP,2021-08-15T05:38:00.070Z,MOBILE,Android
67cedbc6-106f-409f-bc23-93ddae098932,ATC,2021-08-15T15:37:25.070Z,MOBILE,Android
67cedbc6-106f-409f-bc23-93ddae098932,SCR,2021-08-15T15:37:38.070Z,MOBILE,Android
67cedbc6-106f-409f-bc23-93ddae098932,CL,2021-08-16T01:39:55.070Z,MOBILE,Android
67cedbc6-106f-409f-bc23-93ddae098932,CL,2021-08-16T11:39:43.070Z,MOBILE,Android
67cedbc6-106f-409f-bc23-93ddae098932,CL,2021-08-16T21:42:18.070Z,MOBILE,Android
67cedbc6-106f-409f-bc23-93ddae098932,HP,2021-08-17T07:46:57.070Z,MOBILE,Android
2e79b3e7-e215-41ae-af30-acd9234a267b,VI,2021-07-08T17:50:56.070Z,MOBILE,Android
586c79bd-4a6d-4771-9203-8db2359c8f85,SCR,2023-01-09T18:26:07.070Z,MOBILE,Android
586c79bd-4a6d-4771-9203-8db2359c8f85,HP,2023-01-01T14:55:49.070Z,MOBILE,Android
586c79bd-4a6d-4771-9203-8db2359c8f85,ATC,2023-01-02T05:52:24.070Z,MOBILE,Android
586c79bd-4a6d-4771-9203-8db2359c8f85,ATC,2023-01-02T20:54:57.070Z,MOBILE,Android
586c79bd-4a6d-4771-9203-8db2359c8f85,HP,2023-01-02T21:05:44.070Z,MOBILE,Android
586c79bd-4a6d-4771-9203-8db2359c8f85,SCR,2023-01-04T03:09:06.070Z,MOBILE,Android
586c79bd-4a6d-4771-9203-8db2359c8f85,HP,2023-01-04T18:05:15.070Z,MOBILE,Android
586c79bd-4a6d-4771-9203-8db2359c8f85,SCR,2023-01-05T09:05:40.070Z,MOBILE,Android
586c79bd-4a6d-4771-9203-8db2359c8f85,HP,2023-01-06T00:10:17.070Z,MOBILE,Android
586c79bd-4a6d-4771-9203-8db2359c8f85,CL,2023-01-06T15:14:48.070Z,MOBILE,Android
586c79bd-4a6d-4771-9203-8db2359c8f85,ATC,2023-01-08T12:22:39.070Z,MOBILE,Android
586c79bd-4a6d-4771-9203-8db2359c8f85,SCR,2023-01-10T09:23:37.070Z,MOBILE,Android
586c79bd-4a6d-4771-9203-8db2359c8f85,SER,2023-01-11T00:27:36.070Z,MOBILE,Android
586c79bd-4a6d-4771-9203-8db2359c8f85,ATC,2023-01-12T06:36:27.070Z,MOBILE,Android
586c79bd-4a6d-4771-9203-8db2359c8f85,ATC,2023-01-12T21:34:43.070Z,MOBILE,Android
586c79bd-4a6d-4771-9203-8db2359c8f85,ATC,2023-01-14T18:36:33.070Z,MOBILE,Android
586c79bd-4a6d-4771-9203-8db2359c8f85,ATC,2023-01-16T00:32:23.070Z,MOBILE,Android
586c79bd-4a6d-4771-9203-8db2359c8f85,SER,2023-01-16T15:35:30.070Z,MOBILE,Android
586c79bd-4a6d-4771-9203-8db2359c8f85,ATC,2023-01-17T06:40:33.070Z,MOBILE,Android
586c79bd-4a6d-4771-9203-8db2359c8f85,VP,2023-01-11T15:26:56.070Z,MOBILE,Android
586c79bd-4a6d-4771-9203-8db2359c8f85,VI,2023-01-02T05:59:44.070Z,MOBILE,Android
586c79bd-4a6d-4771-9203-8db2359c8f85,VI,2023-01-03T12:05:13.070Z,MOBILE,Android
586c79bd-4a6d-4771-9203-8db2359c8f85,VI,2023-01-07T06:17:20.070Z,MOBILE,Android
586c79bd-4a6d-4771-9203-8db2359c8f85,VI,2023-01-07T21:20:43.070Z,MOBILE,Android
586c79bd-4a6d-4771-9203-8db2359c8f85,VI,2023-01-13T12:30:46.070Z,MOBILE,Android
f4df4c31-edd9-43dc-a458-56bc61528020,HP,2023-07-28T05:34:36.313Z,MOBILE,iOS
f4df4c31-edd9-43dc-a458-56bc61528020,HP,2023-07-23T17:39:41.313Z,MOBILE,iOS
f4df4c31-edd9-43dc-a458-56bc61528020,ATC,2023-07-23T19:23:47.313Z,MOBILE,iOS
f4df4c31-edd9-43dc-a458-56bc61528020,SCR,2023-07-23T22:45:01.313Z,MOBILE,iOS
f4df4c31-edd9-43dc-a458-56bc61528020,SCR,2023-07-24T00:27:56.313Z,MOBILE,iOS
f4df4c31-edd9-43dc-a458-56bc61528020,CL,2023-07-24T02:10:15.313Z,MOBILE,iOS
f4df4c31-edd9-43dc-a458-56bc61528020,CL,2023-07-24T03:51:19.313Z,MOBILE,iOS
f4df4c31-edd9-43dc-a458-56bc61528020,SER,2023-07-24T05:31:08.313Z,MOBILE,iOS
f4df4c31-edd9-43dc-a458-56bc61528020,CL,2023-07-24T07:15:02.313Z,MOBILE,iOS
f4df4c31-edd9-43dc-a458-56bc61528020,SER,2023-07-24T10:35:18.313Z,MOBILE,iOS
f4df4c31-edd9-43dc-a458-56bc61528020,SER,2023-07-24T15:37:56.313Z,MOBILE,iOS
f4df4c31-edd9-43dc-a458-56bc61528020,SCR,2023-07-24T17:17:42.313Z,MOBILE,iOS
f4df4c31-edd9-43dc-a458-56bc61528020,HP,2023-07-25T01:53:31.313Z,MOBILE,iOS
f4df4c31-edd9-43dc-a458-56bc61528020,HP,2023-07-25T04:25:23.313Z,MOBILE,iOS
f4df4c31-edd9-43dc-a458-56bc61528020,HP,2023-07-25T14:25:04.313Z,MOBILE,iOS
f4df4c31-edd9-43dc-a458-56bc61528020,SER,2023-07-25T16:58:37.313Z,MOBILE,iOS
f4df4c31-edd9-43dc-a458-56bc61528020,CL,2023-07-25T21:59:59.313Z,MOBILE,iOS
f4df4c31-edd9-43dc-a458-56bc61528020,SCR,2023-07-26T00:31:10.313Z,MOBILE,iOS
f4df4c31-edd9-43dc-a458-56bc61528020,HP,2023-07-26T03:03:29.313Z,MOBILE,iOS
f4df4c31-edd9-43dc-a458-56bc61528020,HP,2023-07-26T05:34:39.313Z,MOBILE,iOS
f4df4c31-edd9-43dc-a458-56bc61528020,CL,2023-07-26T08:04:33.313Z,MOBILE,iOS
f4df4c31-edd9-43dc-a458-56bc61528020,SCR,2023-07-26T10:35:54.313Z,MOBILE,iOS
f4df4c31-edd9-43dc-a458-56bc61528020,HP,2023-07-26T13:08:32.313Z,MOBILE,iOS
f4df4c31-edd9-43dc-a458-56bc61528020,SER,2023-07-26T18:14:04.313Z,MOBILE,iOS
f4df4c31-edd9-43dc-a458-56bc61528020,HP,2023-07-26T23:16:22.313Z,MOBILE,iOS
f4df4c31-edd9-43dc-a458-56bc61528020,CL,2023-07-27T01:48:45.313Z,MOBILE,iOS
f4df4c31-edd9-43dc-a458-56bc61528020,HP,2023-07-27T06:48:38.313Z,MOBILE,iOS
f4df4c31-edd9-43dc-a458-56bc61528020,CL,2023-07-27T09:21:45.313Z,MOBILE,iOS
f4df4c31-edd9-43dc-a458-56bc61528020,HP,2023-07-27T14:22:38.313Z,MOBILE,iOS
f4df4c31-edd9-43dc-a458-56bc61528020,SCR,2023-07-27T16:53:39.313Z,MOBILE,iOS
f4df4c31-edd9-43dc-a458-56bc61528020,HP,2023-07-27T19:26:50.313Z,MOBILE,iOS
f4df4c31-edd9-43dc-a458-56bc61528020,HP,2023-07-27T21:58:56.313Z,MOBILE,iOS
f4df4c31-edd9-43dc-a458-56bc61528020,VI,2023-07-23T19:21:15.313Z,MOBILE,iOS
f4df4c31-edd9-43dc-a458-56bc61528020,VI,2023-07-23T21:03:24.313Z,MOBILE,iOS
f4df4c31-edd9-43dc-a458-56bc61528020,SCR,2023-07-28T00:31:11.313Z,MOBILE,iOS
f4df4c31-edd9-43dc-a458-56bc61528020,CL,2023-07-28T02:59:58.313Z,MOBILE,iOS
f4df4c31-edd9-43dc-a458-56bc61528020,CL,2023-07-28T08:06:32.313Z,MOBILE,iOS
f4df4c31-edd9-43dc-a458-56bc61528020,CL,2023-07-28T13:11:09.313Z,MOBILE,iOS
f4df4c31-edd9-43dc-a458-56bc61528020,SER,2023-07-28T15:41:43.313Z,MOBILE,iOS
f4df4c31-edd9-43dc-a458-56bc61528020,HP,2023-07-28T18:10:22.313Z,MOBILE,iOS
f4df4c31-edd9-43dc-a458-56bc61528020,CL,2023-07-28T20:40:21.313Z,MOBILE,iOS
f4df4c31-edd9-43dc-a458-56bc61528020,HP,2023-07-28T23:11:04.313Z,MOBILE,iOS
f4df4c31-edd9-43dc-a458-56bc61528020,HP,2023-07-29T01:42:22.313Z,MOBILE,iOS
f4df4c31-edd9-43dc-a458-56bc61528020,SCR,2023-07-29T09:16:31.313Z,MOBILE,iOS
f4df4c31-edd9-43dc-a458-56bc61528020,HP,2023-07-29T14:20:34.313Z,MOBILE,iOS
f4df4c31-edd9-43dc-a458-56bc61528020,SCR,2023-07-29T16:52:28.313Z,MOBILE,iOS
f4df4c31-edd9-43dc-a458-56bc61528020,SER,2023-07-29T19:23:17.313Z,MOBILE,iOS
f4df4c31-edd9-43dc-a458-56bc61528020,HP,2023-07-29T21:56:31.313Z,MOBILE,iOS
f4df4c31-edd9-43dc-a458-56bc61528020,SCR,2023-07-30T00:26:50.313Z,MOBILE,iOS
f4df4c31-edd9-43dc-a458-56bc61528020,HP,2023-07-30T02:56:21.313Z,MOBILE,iOS
f4df4c31-edd9-43dc-a458-56bc61528020,HP,2023-07-30T05:29:38.313Z,MOBILE,iOS
f4df4c31-edd9-43dc-a458-56bc61528020,HP,2023-07-30T07:57:56.313Z,MOBILE,iOS
f4df4c31-edd9-43dc-a458-56bc61528020,HP,2023-07-30T10:30:28.313Z,MOBILE,iOS
f4df4c31-edd9-43dc-a458-56bc61528020,VI,2023-07-29T04:14:54.313Z,MOBILE,iOS
f4df4c31-edd9-43dc-a458-56bc61528020,VI,2023-07-29T11:49:50.313Z,MOBILE,iOS
f4df4c31-edd9-43dc-a458-56bc61528020,VI,2023-07-30T13:03:27.313Z,MOBILE,iOS
ef384263-b425-460c-a741-c47f992d4aaa,HP,2021-11-13T17:28:11.513Z,MOBILE,iOS
ef384263-b425-460c-a741-c47f992d4aaa,ATC,2021-11-18T20:18:49.513Z,MOBILE,iOS
ef384263-b425-460c-a741-c47f992d4aaa,SCR,2021-11-18T20:26:07.513Z,MOBILE,iOS
2ffbdd45-39f2-4efb-a910-535f7a49ca6d,HP,2022-07-31T07:51:55.513Z,WEB,iOS
2ffbdd45-39f2-4efb-a910-535f7a49ca6d,ATC,2022-08-01T09:16:15.513Z,WEB,iOS
2ffbdd45-39f2-4efb-a910-535f7a49ca6d,AP,2022-08-02T10:43:35.513Z,WEB,iOS
2ffbdd45-39f2-4efb-a910-535f7a49ca6d,SER,2022-08-01T09:24:02.513Z,WEB,iOS
2ffbdd45-39f2-4efb-a910-535f7a49ca6d,SCR,2022-08-02T11:00:38.513Z,WEB,iOS
2ffbdd45-39f2-4efb-a910-535f7a49ca6d,CL,2022-08-03T12:24:44.513Z,WEB,iOS
2ffbdd45-39f2-4efb-a910-535f7a49ca6d,ATC,2022-08-04T13:46:28.513Z,WEB,iOS
2ffbdd45-39f2-4efb-a910-535f7a49ca6d,SCR,2022-08-06T16:35:37.513Z,WEB,iOS
2ffbdd45-39f2-4efb-a910-535f7a49ca6d,SER,2022-08-08T19:35:08.513Z,WEB,iOS
2ffbdd45-39f2-4efb-a910-535f7a49ca6d,CL,2022-08-09T21:02:32.513Z,WEB,iOS
2ffbdd45-39f2-4efb-a910-535f7a49ca6d,ATC,2022-08-10T22:33:43.513Z,WEB,iOS
2ffbdd45-39f2-4efb-a910-535f7a49ca6d,VI,2022-08-11T23:49:41.513Z,WEB,iOS
9f4de99e-c5f1-490d-8e03-eb4cf540893a,HP,2021-04-22T01:23:30.356Z,MOBILE,Android
9f4de99e-c5f1-490d-8e03-eb4cf540893a,ATC,2021-04-22T01:24:02.356Z,MOBILE,Android
9f4de99e-c5f1-490d-8e03-eb4cf540893a,ATC,2021-04-22T01:24:45.356Z,MOBILE,Android
9f4de99e-c5f1-490d-8e03-eb4cf540893a,CL,2021-04-22T01:24:03.356Z,MOBILE,Android
9f4de99e-c5f1-490d-8e03-eb4cf540893a,SER,2021-04-22T01:24:39.356Z,MOBILE,Android
9f4de99e-c5f1-490d-8e03-eb4cf540893a,SCR,2021-04-22T01:25:07.356Z,MOBILE,Android
9f4de99e-c5f1-490d-8e03-eb4cf540893a,HP,2021-04-22T01:26:14.356Z,MOBILE,Android
9f4de99e-c5f1-490d-8e03-eb4cf540893a,CL,2021-04-28T21:27:40.343Z,MOBILE,Android
9f4de99e-c5f1-490d-8e03-eb4cf540893a,SER,2021-05-05T17:11:07.343Z,MOBILE,Android
9f4de99e-c5f1-490d-8e03-eb4cf540893a,SCR,2021-05-12T12:58:23.343Z,MOBILE,Android
9f4de99e-c5f1-490d-8e03-eb4cf540893a,CL,2021-05-19T08:38:31.343Z,MOBILE,Android
b48b2400-6209-4614-8443-7b1686e023c3,HP,2021-09-01T14:06:15.343Z,MOBILE,Android
b48b2400-6209-4614-8443-7b1686e023c3,ATC,2021-09-04T04:47:36.343Z,MOBILE,Android
b48b2400-6209-4614-8443-7b1686e023c3,SER,2021-09-04T04:53:36.343Z,MOBILE,Android
b48b2400-6209-4614-8443-7b1686e023c3,CL,2021-09-06T19:33:25.343Z,MOBILE,Android
b48b2400-6209-4614-8443-7b1686e023c3,SCR,2021-09-09T10:31:27.343Z,MOBILE,Android
b48b2400-6209-4614-8443-7b1686e023c3,HP,2021-09-12T01:17:22.343Z,MOBILE,Android
b48b2400-6209-4614-8443-7b1686e023c3,SER,2021-09-14T16:09:27.343Z,MOBILE,Android
b48b2400-6209-4614-8443-7b1686e023c3,CL,2021-09-17T06:50:50.343Z,MOBILE,Android
b48b2400-6209-4614-8443-7b1686e023c3,SER,2021-09-19T21:33:16.343Z,MOBILE,Android
8864eb8e-2547-4f3b-8c8a-2e3310e3d217,HP,2021-01-25T22:32:30.554Z,MOBILE,Android
8864eb8e-2547-4f3b-8c8a-2e3310e3d217,ATC,2021-01-26T01:36:14.554Z,MOBILE,Android
8864eb8e-2547-4f3b-8c8a-2e3310e3d217,ATC,2021-01-26T04:39:03.554Z,MOBILE,Android
8864eb8e-2547-4f3b-8c8a-2e3310e3d217,ATC,2021-01-26T07:41:24.554Z,MOBILE,Android
8864eb8e-2547-4f3b-8c8a-2e3310e3d217,SCR,2021-01-26T01:36:18.554Z,MOBILE,Android
8864eb8e-2547-4f3b-8c8a-2e3310e3d217,CL,2021-01-26T04:37:42.554Z,MOBILE,Android
8864eb8e-2547-4f3b-8c8a-2e3310e3d217,HP,2021-01-26T07:41:36.554Z,MOBILE,Android
667806e9-f17a-40f2-a947-10e0ba679f25,HP,2021-06-09T21:58:47.554Z,MOBILE,Android
667806e9-f17a-40f2-a947-10e0ba679f25,ATC,2021-06-09T23:52:52.554Z,MOBILE,Android
667806e9-f17a-40f2-a947-10e0ba679f25,CL,2021-06-09T23:54:12.554Z,MOBILE,Android
667806e9-f17a-40f2-a947-10e0ba679f25,HP,2021-06-10T01:46:45.554Z,MOBILE,Android
667806e9-f17a-40f2-a947-10e0ba679f25,CL,2021-06-10T05:34:10.554Z,MOBILE,Android
667806e9-f17a-40f2-a947-10e0ba679f25,SCR,2021-06-10T09:16:37.554Z,MOBILE,Android
667806e9-f17a-40f2-a947-10e0ba679f25,CL,2021-06-10T11:09:38.554Z,MOBILE,Android
667806e9-f17a-40f2-a947-10e0ba679f25,SCR,2021-06-10T13:02:32.554Z,MOBILE,Android
667806e9-f17a-40f2-a947-10e0ba679f25,SCR,2021-06-10T14:56:56.554Z,MOBILE,Android
667806e9-f17a-40f2-a947-10e0ba679f25,SCR,2021-06-10T16:48:28.554Z,MOBILE,Android
667806e9-f17a-40f2-a947-10e0ba679f25,HP,2021-06-10T18:42:24.554Z,MOBILE,Android
667806e9-f17a-40f2-a947-10e0ba679f25,CL,2021-06-10T20:36:02.554Z,MOBILE,Android
667806e9-f17a-40f2-a947-10e0ba679f25,HP,2021-06-10T22:30:56.554Z,MOBILE,Android
667806e9-f17a-40f2-a947-10e0ba679f25,SCR,2021-06-11T00:25:51.554Z,MOBILE,Android
667806e9-f17a-40f2-a947-10e0ba679f25,CL,2021-06-11T02:18:39.554Z,MOBILE,Android
667806e9-f17a-40f2-a947-10e0ba679f25,SER,2021-06-11T04:11:59.554Z,MOBILE,Android
667806e9-f17a-40f2-a947-10e0ba679f25,CL,2021-06-11T07:59:48.554Z,MOBILE,Android
667806e9-f17a-40f2-a947-10e0ba679f25,SER,2021-06-11T09:52:11.554Z,MOBILE,Android
667806e9-f17a-40f2-a947-10e0ba679f25,SER,2021-06-11T11:45:25.554Z,MOBILE,Android
667806e9-f17a-40f2-a947-10e0ba679f25,HP,2021-06-11T13:37:05.554Z,MOBILE,Android
667806e9-f17a-40f2-a947-10e0ba679f25,CL,2021-06-11T15:30:56.554Z,MOBILE,Android
667806e9-f17a-40f2-a947-10e0ba679f25,SER,2021-06-11T17:24:57.554Z,MOBILE,Android
667806e9-f17a-40f2-a947-10e0ba679f25,SER,2021-06-11T19:19:33.554Z,MOBILE,Android
667806e9-f17a-40f2-a947-10e0ba679f25,SER,2021-06-11T21:13:30.554Z,MOBILE,Android
667806e9-f17a-40f2-a947-10e0ba679f25,SCR,2021-06-12T01:01:32.554Z,MOBILE,Android
667806e9-f17a-40f2-a947-10e0ba679f25,CL,2021-06-12T06:38:34.554Z,MOBILE,Android
667806e9-f17a-40f2-a947-10e0ba679f25,CL,2021-06-12T08:32:04.554Z,MOBILE,Android
667806e9-f17a-40f2-a947-10e0ba679f25,HP,2021-06-12T10:24:52.554Z,MOBILE,Android
667806e9-f17a-40f2-a947-10e0ba679f25,SER,2021-06-12T12:18:27.554Z,MOBILE,Android
667806e9-f17a-40f2-a947-10e0ba679f25,SCR,2021-06-12T14:11:04.554Z,MOBILE,Android
667806e9-f17a-40f2-a947-10e0ba679f25,CL,2021-06-12T16:04:32.554Z,MOBILE,Android
667806e9-f17a-40f2-a947-10e0ba679f25,SCR,2021-06-12T17:56:38.554Z,MOBILE,Android
667806e9-f17a-40f2-a947-10e0ba679f25,CL,2021-06-12T19:47:12.554Z,MOBILE,Android
667806e9-f17a-40f2-a947-10e0ba679f25,SER,2021-06-12T21:41:35.554Z,MOBILE,Android
667806e9-f17a-40f2-a947-10e0ba679f25,CL,2021-06-12T23:34:00.554Z,MOBILE,Android
667806e9-f17a-40f2-a947-10e0ba679f25,CL,2021-06-13T01:25:15.554Z,MOBILE,Android
667806e9-f17a-40f2-a947-10e0ba679f25,CL,2021-06-13T03:18:17.554Z,MOBILE,Android
667806e9-f17a-40f2-a947-10e0ba679f25,CL,2021-06-13T05:12:19.554Z,MOBILE,Android
667806e9-f17a-40f2-a947-10e0ba679f25,SCR,2021-06-13T07:07:08.554Z,MOBILE,Android
667806e9-f17a-40f2-a947-10e0ba679f25,SER,2021-06-13T10:55:45.554Z,MOBILE,Android
667806e9-f17a-40f2-a947-10e0ba679f25,SCR,2021-06-13T12:48:26.554Z,MOBILE,Android
667806e9-f17a-40f2-a947-10e0ba679f25,SCR,2021-06-13T14:40:45.554Z,MOBILE,Android
667806e9-f17a-40f2-a947-10e0ba679f25,CL,2021-06-13T16:32:56.554Z,MOBILE,Android
667806e9-f17a-40f2-a947-10e0ba679f25,SCR,2021-06-13T18:23:50.554Z,MOBILE,Android
667806e9-f17a-40f2-a947-10e0ba679f25,SCR,2021-06-13T22:09:01.554Z,MOBILE,Android
667806e9-f17a-40f2-a947-10e0ba679f25,HP,2021-06-14T01:56:17.554Z,MOBILE,Android
667806e9-f17a-40f2-a947-10e0ba679f25,HP,2021-06-14T03:48:33.554Z,MOBILE,Android
667806e9-f17a-40f2-a947-10e0ba679f25,SER,2021-06-14T05:41:22.554Z,MOBILE,Android
667806e9-f17a-40f2-a947-10e0ba679f25,HP,2021-06-14T07:35:37.554Z,MOBILE,Android
667806e9-f17a-40f2-a947-10e0ba679f25,CL,2021-06-14T09:30:39.554Z,MOBILE,Android
667806e9-f17a-40f2-a947-10e0ba679f25,CL,2021-06-14T11:23:00.554Z,MOBILE,Android
667806e9-f17a-40f2-a947-10e0ba679f25,CL,2021-06-14T15:10:29.554Z,MOBILE,Android
667806e9-f17a-40f2-a947-10e0ba679f25,SER,2021-06-14T17:03:14.554Z,MOBILE,Android
667806e9-f17a-40f2-a947-10e0ba679f25,SER,2021-06-14T20:47:53.554Z,MOBILE,Android
667806e9-f17a-40f2-a947-10e0ba679f25,SER,2021-06-14T22:41:03.554Z,MOBILE,Android
667806e9-f17a-40f2-a947-10e0ba679f25,SER,2021-06-15T00:35:49.554Z,MOBILE,Android
667806e9-f17a-40f2-a947-10e0ba679f25,CL,2021-06-15T02:29:45.554Z,MOBILE,Android
667806e9-f17a-40f2-a947-10e0ba679f25,CL,2021-06-15T04:22:11.554Z,MOBILE,Android
667806e9-f17a-40f2-a947-10e0ba679f25,SCR,2021-06-15T06:15:52.554Z,MOBILE,Android
667806e9-f17a-40f2-a947-10e0ba679f25,SCR,2021-06-15T08:08:50.554Z,MOBILE,Android
667806e9-f17a-40f2-a947-10e0ba679f25,SCR,2021-06-15T10:03:07.554Z,MOBILE,Android
667806e9-f17a-40f2-a947-10e0ba679f25,VI,2021-06-10T03:40:01.554Z,MOBILE,Android
d1fe04c0-cd9c-4b1f-82ad-6a90255b2b63,SCR,2019-06-08T16:03:57.011Z,MOBILE,Android
667806e9-f17a-40f2-a947-10e0ba679f25,SCR,2021-06-15T11:55:19.554Z,MOBILE,Android
667806e9-f17a-40f2-a947-10e0ba679f25,CL,2021-06-15T13:49:07.554Z,MOBILE,Android
667806e9-f17a-40f2-a947-10e0ba679f25,SER,2021-06-15T15:41:33.554Z,MOBILE,Android
667806e9-f17a-40f2-a947-10e0ba679f25,VP,2021-06-12T04:47:43.554Z,MOBILE,Android
8dd5b871-f2d8-4011-82ab-8c8dc136f32d,HP,2023-12-31T13:19:52.554Z,MOBILE,Android
8dd5b871-f2d8-4011-82ab-8c8dc136f32d,ATC,2023-12-31T22:26:11.554Z,MOBILE,Android
8dd5b871-f2d8-4011-82ab-8c8dc136f32d,SCR,2023-12-31T22:23:09.554Z,MOBILE,Android
794b3c38-2422-4ad4-be01-e002f9363fec,HP,2021-09-01T01:16:30.085Z,MOBILE,Android
794b3c38-2422-4ad4-be01-e002f9363fec,ATC,2021-09-01T13:36:48.085Z,MOBILE,Android
794b3c38-2422-4ad4-be01-e002f9363fec,HP,2021-09-01T13:36:56.085Z,MOBILE,Android
794b3c38-2422-4ad4-be01-e002f9363fec,CL,2021-09-02T01:58:02.085Z,MOBILE,Android
794b3c38-2422-4ad4-be01-e002f9363fec,ATC,2021-09-02T14:17:02.085Z,MOBILE,Android
794b3c38-2422-4ad4-be01-e002f9363fec,ATC,2021-09-04T03:08:12.085Z,MOBILE,Android
794b3c38-2422-4ad4-be01-e002f9363fec,CL,2021-09-04T15:26:44.085Z,MOBILE,Android
794b3c38-2422-4ad4-be01-e002f9363fec,SCR,2021-09-05T03:44:15.085Z,MOBILE,Android
794b3c38-2422-4ad4-be01-e002f9363fec,SER,2021-09-06T04:11:50.085Z,MOBILE,Android
794b3c38-2422-4ad4-be01-e002f9363fec,CL,2021-09-06T16:27:12.085Z,MOBILE,Android
794b3c38-2422-4ad4-be01-e002f9363fec,ATC,2021-09-07T04:50:27.085Z,MOBILE,Android
794b3c38-2422-4ad4-be01-e002f9363fec,HP,2021-09-07T17:03:43.085Z,MOBILE,Android
794b3c38-2422-4ad4-be01-e002f9363fec,ATC,2021-09-08T05:25:44.085Z,MOBILE,Android
794b3c38-2422-4ad4-be01-e002f9363fec,SCR,2021-09-09T06:06:27.085Z,MOBILE,Android
794b3c38-2422-4ad4-be01-e002f9363fec,HP,2021-09-09T18:19:41.085Z,MOBILE,Android
794b3c38-2422-4ad4-be01-e002f9363fec,SCR,2021-09-10T06:33:53.085Z,MOBILE,Android
794b3c38-2422-4ad4-be01-e002f9363fec,SCR,2021-09-10T18:47:44.085Z,MOBILE,Android
794b3c38-2422-4ad4-be01-e002f9363fec,ATC,2021-09-11T07:05:46.085Z,MOBILE,Android
794b3c38-2422-4ad4-be01-e002f9363fec,CL,2021-09-11T19:22:53.085Z,MOBILE,Android
794b3c38-2422-4ad4-be01-e002f9363fec,CL,2021-09-13T08:18:29.085Z,MOBILE,Android
155ce6ef-b63a-46a7-9826-c778811c0672,HP,2021-09-29T19:54:51.085Z,MOBILE,Android
155ce6ef-b63a-46a7-9826-c778811c0672,ATC,2021-09-30T08:05:39.085Z,MOBILE,Android
155ce6ef-b63a-46a7-9826-c778811c0672,AP,2021-09-30T20:14:14.085Z,MOBILE,Android
155ce6ef-b63a-46a7-9826-c778811c0672,SCR,2021-09-30T08:05:02.085Z,MOBILE,Android
155ce6ef-b63a-46a7-9826-c778811c0672,SCR,2021-09-30T20:13:45.085Z,MOBILE,Android
155ce6ef-b63a-46a7-9826-c778811c0672,SCR,2021-10-01T08:18:03.085Z,MOBILE,Android
155ce6ef-b63a-46a7-9826-c778811c0672,CL,2021-10-01T20:29:57.085Z,MOBILE,Android
155ce6ef-b63a-46a7-9826-c778811c0672,SER,2021-10-02T08:37:00.085Z,MOBILE,Android
155ce6ef-b63a-46a7-9826-c778811c0672,SER,2021-10-03T20:54:55.085Z,MOBILE,Android
e73e3eaf-a573-41b1-abfb-4bf7b9761436,SCR,2021-12-06T16:32:00.085Z,MOBILE,Android
e73e3eaf-a573-41b1-abfb-4bf7b9761436,HP,2021-12-03T16:37:11.085Z,MOBILE,Android
e73e3eaf-a573-41b1-abfb-4bf7b9761436,ATC,2021-12-03T19:38:39.085Z,MOBILE,Android
e73e3eaf-a573-41b1-abfb-4bf7b9761436,ATC,2021-12-03T22:39:59.085Z,MOBILE,Android
e73e3eaf-a573-41b1-abfb-4bf7b9761436,ATC,2021-12-03T19:37:28.085Z,MOBILE,Android
e73e3eaf-a573-41b1-abfb-4bf7b9761436,SCR,2021-12-03T22:37:12.085Z,MOBILE,Android
e73e3eaf-a573-41b1-abfb-4bf7b9761436,ATC,2021-12-04T01:35:50.085Z,MOBILE,Android
e73e3eaf-a573-41b1-abfb-4bf7b9761436,CL,2021-12-04T04:38:35.085Z,MOBILE,Android
e73e3eaf-a573-41b1-abfb-4bf7b9761436,CL,2021-12-04T07:35:38.085Z,MOBILE,Android
e73e3eaf-a573-41b1-abfb-4bf7b9761436,SCR,2021-12-04T10:33:55.085Z,MOBILE,Android
e73e3eaf-a573-41b1-abfb-4bf7b9761436,CL,2021-12-04T16:27:37.085Z,MOBILE,Android
e73e3eaf-a573-41b1-abfb-4bf7b9761436,ATC,2021-12-04T19:27:13.085Z,MOBILE,Android
e73e3eaf-a573-41b1-abfb-4bf7b9761436,SCR,2021-12-04T22:27:08.085Z,MOBILE,Android
e73e3eaf-a573-41b1-abfb-4bf7b9761436,SER,2021-12-05T01:26:06.085Z,MOBILE,Android
e73e3eaf-a573-41b1-abfb-4bf7b9761436,ATC,2021-12-05T04:25:02.085Z,MOBILE,Android
e73e3eaf-a573-41b1-abfb-4bf7b9761436,CL,2021-12-05T07:24:35.085Z,MOBILE,Android
e73e3eaf-a573-41b1-abfb-4bf7b9761436,ATC,2021-12-05T10:24:11.085Z,MOBILE,Android
e73e3eaf-a573-41b1-abfb-4bf7b9761436,SCR,2021-12-05T13:24:35.085Z,MOBILE,Android
e73e3eaf-a573-41b1-abfb-4bf7b9761436,SCR,2021-12-05T22:24:12.085Z,MOBILE,Android
e73e3eaf-a573-41b1-abfb-4bf7b9761436,HP,2021-12-06T01:26:25.085Z,MOBILE,Android
e73e3eaf-a573-41b1-abfb-4bf7b9761436,CL,2021-12-06T04:27:23.085Z,MOBILE,Android
e73e3eaf-a573-41b1-abfb-4bf7b9761436,SER,2021-12-06T07:29:39.085Z,MOBILE,Android
e73e3eaf-a573-41b1-abfb-4bf7b9761436,CL,2021-12-06T10:30:31.085Z,MOBILE,Android
e73e3eaf-a573-41b1-abfb-4bf7b9761436,SER,2021-12-06T13:29:58.085Z,MOBILE,Android
e73e3eaf-a573-41b1-abfb-4bf7b9761436,ATC,2021-12-06T19:28:33.085Z,MOBILE,Android
e73e3eaf-a573-41b1-abfb-4bf7b9761436,SCR,2021-12-06T22:28:59.085Z,MOBILE,Android
e73e3eaf-a573-41b1-abfb-4bf7b9761436,SCR,2021-12-07T01:29:24.085Z,MOBILE,Android
155ce6ef-b63a-46a7-9826-c778811c0672,VI,2021-10-02T20:44:01.085Z,MOBILE,Android
155ce6ef-b63a-46a7-9826-c778811c0672,VI,2021-10-03T08:51:22.085Z,MOBILE,Android
617788b5-98d7-4298-b5ed-3148c234facf,HP,2023-09-25T09:42:38.576Z,MOBILE,Android
617788b5-98d7-4298-b5ed-3148c234facf,ATC,2023-09-26T21:59:50.576Z,MOBILE,Android
617788b5-98d7-4298-b5ed-3148c234facf,CL,2023-09-26T22:11:35.576Z,MOBILE,Android
617788b5-98d7-4298-b5ed-3148c234facf,CL,2023-09-28T10:17:43.576Z,MOBILE,Android
2be2c406-4fe3-455a-9c12-14d7286f218c,HP,2023-12-05T04:15:56.377Z,MOBILE,Android
2be2c406-4fe3-455a-9c12-14d7286f218c,ATC,2023-12-05T06:41:38.377Z,MOBILE,Android
2be2c406-4fe3-455a-9c12-14d7286f218c,SCR,2023-12-05T06:42:45.377Z,MOBILE,Android
2be2c406-4fe3-455a-9c12-14d7286f218c,SCR,2023-12-05T09:13:53.377Z,MOBILE,Android
2be2c406-4fe3-455a-9c12-14d7286f218c,CL,2023-12-05T11:41:04.377Z,MOBILE,Android
2be2c406-4fe3-455a-9c12-14d7286f218c,SCR,2023-12-05T14:05:53.377Z,MOBILE,Android
b9af27b3-fa16-4baf-b93c-8e281d89c8e9,HP,2021-02-07T08:15:39.031Z,MOBILE,iOS
b9af27b3-fa16-4baf-b93c-8e281d89c8e9,ATC,2021-02-20T11:53:39.031Z,MOBILE,iOS
b9af27b3-fa16-4baf-b93c-8e281d89c8e9,CL,2021-02-20T12:17:40.031Z,MOBILE,iOS
b9af27b3-fa16-4baf-b93c-8e281d89c8e9,HP,2021-03-22T05:48:27.031Z,MOBILE,iOS
b9af27b3-fa16-4baf-b93c-8e281d89c8e9,HP,2021-03-29T03:50:46.031Z,MOBILE,iOS
b9af27b3-fa16-4baf-b93c-8e281d89c8e9,HP,2021-04-01T14:55:38.031Z,MOBILE,iOS
b9af27b3-fa16-4baf-b93c-8e281d89c8e9,HP,2021-04-05T01:52:54.031Z,MOBILE,iOS
b9af27b3-fa16-4baf-b93c-8e281d89c8e9,CL,2021-04-08T13:09:33.031Z,MOBILE,iOS
b9af27b3-fa16-4baf-b93c-8e281d89c8e9,SCR,2021-04-15T11:26:19.031Z,MOBILE,iOS
b9af27b3-fa16-4baf-b93c-8e281d89c8e9,HP,2021-04-22T09:32:52.031Z,MOBILE,iOS
b9af27b3-fa16-4baf-b93c-8e281d89c8e9,HP,2021-04-25T20:49:07.031Z,MOBILE,iOS
b9af27b3-fa16-4baf-b93c-8e281d89c8e9,VI,2021-03-25T16:42:59.031Z,MOBILE,iOS
b9af27b3-fa16-4baf-b93c-8e281d89c8e9,VI,2021-04-12T00:19:59.031Z,MOBILE,iOS
b9af27b3-fa16-4baf-b93c-8e281d89c8e9,VI,2021-04-18T22:28:37.031Z,MOBILE,iOS
5e2f9306-77d9-4eec-8be9-db41ea8d0250,HP,2022-01-28T17:05:18.364Z,MOBILE,Android
5e2f9306-77d9-4eec-8be9-db41ea8d0250,ATC,2022-01-29T08:14:37.364Z,MOBILE,Android
5e2f9306-77d9-4eec-8be9-db41ea8d0250,CL,2022-01-29T08:15:51.364Z,MOBILE,Android
5e2f9306-77d9-4eec-8be9-db41ea8d0250,CL,2022-01-30T14:38:50.364Z,MOBILE,Android
5e2f9306-77d9-4eec-8be9-db41ea8d0250,SCR,2022-01-31T05:47:17.364Z,MOBILE,Android
5e2f9306-77d9-4eec-8be9-db41ea8d0250,HP,2022-01-31T20:55:30.364Z,MOBILE,Android
5e2f9306-77d9-4eec-8be9-db41ea8d0250,CL,2022-02-02T03:10:13.364Z,MOBILE,Android
5e2f9306-77d9-4eec-8be9-db41ea8d0250,CL,2022-02-02T18:22:42.364Z,MOBILE,Android
429568c5-cef9-4c9c-8c6f-8b578f44b643,HP,2022-05-24T00:14:02.364Z,MOBILE,Android
429568c5-cef9-4c9c-8c6f-8b578f44b643,ATC,2022-05-24T02:24:32.364Z,MOBILE,Android
429568c5-cef9-4c9c-8c6f-8b578f44b643,AP,2022-05-24T04:33:33.364Z,MOBILE,Android
429568c5-cef9-4c9c-8c6f-8b578f44b643,SCR,2022-05-24T02:26:07.364Z,MOBILE,Android
429568c5-cef9-4c9c-8c6f-8b578f44b643,SCR,2022-05-24T04:37:15.364Z,MOBILE,Android
429568c5-cef9-4c9c-8c6f-8b578f44b643,CL,2022-05-24T06:48:37.364Z,MOBILE,Android
429568c5-cef9-4c9c-8c6f-8b578f44b643,SER,2022-05-24T08:56:20.364Z,MOBILE,Android
429568c5-cef9-4c9c-8c6f-8b578f44b643,CL,2022-05-24T11:09:36.364Z,MOBILE,Android
429568c5-cef9-4c9c-8c6f-8b578f44b643,HP,2022-05-24T13:17:23.364Z,MOBILE,Android
429568c5-cef9-4c9c-8c6f-8b578f44b643,HP,2022-05-24T15:28:42.364Z,MOBILE,Android
429568c5-cef9-4c9c-8c6f-8b578f44b643,CL,2022-05-24T17:40:15.364Z,MOBILE,Android
429568c5-cef9-4c9c-8c6f-8b578f44b643,SCR,2022-05-24T19:50:38.364Z,MOBILE,Android
429568c5-cef9-4c9c-8c6f-8b578f44b643,SCR,2022-05-26T06:00:16.364Z,MOBILE,Android
429568c5-cef9-4c9c-8c6f-8b578f44b643,SCR,2022-05-27T09:32:05.364Z,MOBILE,Android
429568c5-cef9-4c9c-8c6f-8b578f44b643,SCR,2022-05-28T13:02:24.364Z,MOBILE,Android
429568c5-cef9-4c9c-8c6f-8b578f44b643,SCR,2022-05-29T16:50:24.364Z,MOBILE,Android
429568c5-cef9-4c9c-8c6f-8b578f44b643,CL,2022-05-30T20:27:30.364Z,MOBILE,Android
429568c5-cef9-4c9c-8c6f-8b578f44b643,HP,2022-06-03T07:25:48.364Z,MOBILE,Android
429568c5-cef9-4c9c-8c6f-8b578f44b643,CL,2022-06-04T11:11:03.364Z,MOBILE,Android
429568c5-cef9-4c9c-8c6f-8b578f44b643,HP,2022-06-05T14:48:08.364Z,MOBILE,Android
429568c5-cef9-4c9c-8c6f-8b578f44b643,HP,2022-06-07T22:11:45.364Z,MOBILE,Android
429568c5-cef9-4c9c-8c6f-8b578f44b643,SCR,2022-06-09T01:46:58.364Z,MOBILE,Android
429568c5-cef9-4c9c-8c6f-8b578f44b643,SCR,2022-06-10T05:26:25.364Z,MOBILE,Android
429568c5-cef9-4c9c-8c6f-8b578f44b643,HP,2022-06-11T09:06:30.364Z,MOBILE,Android
429568c5-cef9-4c9c-8c6f-8b578f44b643,SER,2022-06-12T12:41:25.364Z,MOBILE,Android
429568c5-cef9-4c9c-8c6f-8b578f44b643,HP,2022-06-13T16:18:16.364Z,MOBILE,Android
429568c5-cef9-4c9c-8c6f-8b578f44b643,CL,2022-06-15T23:29:01.364Z,MOBILE,Android
429568c5-cef9-4c9c-8c6f-8b578f44b643,SCR,2022-06-17T03:07:16.364Z,MOBILE,Android
429568c5-cef9-4c9c-8c6f-8b578f44b643,SCR,2022-06-18T06:43:54.364Z,MOBILE,Android
429568c5-cef9-4c9c-8c6f-8b578f44b643,HP,2022-06-21T17:25:45.364Z,MOBILE,Android
429568c5-cef9-4c9c-8c6f-8b578f44b643,VP,2022-06-14T20:02:32.364Z,MOBILE,Android
5e2f9306-77d9-4eec-8be9-db41ea8d0250,VI,2022-01-29T23:23:32.364Z,MOBILE,Android
5e2f9306-77d9-4eec-8be9-db41ea8d0250,VI,2022-02-01T12:00:33.364Z,MOBILE,Android
429568c5-cef9-4c9c-8c6f-8b578f44b643,VI,2022-06-01T00:06:57.364Z,MOBILE,Android
429568c5-cef9-4c9c-8c6f-8b578f44b643,VI,2022-06-02T03:39:35.364Z,MOBILE,Android
429568c5-cef9-4c9c-8c6f-8b578f44b643,VI,2022-06-06T18:31:08.364Z,MOBILE,Android
cda35098-4613-46d8-a232-09e662bd6190,HP,2023-04-12T04:24:21.081Z,MOBILE,Android
cda35098-4613-46d8-a232-09e662bd6190,ATC,2023-04-16T07:19:00.081Z,MOBILE,Android
cda35098-4613-46d8-a232-09e662bd6190,ATC,2023-04-20T10:02:14.081Z,MOBILE,Android
cda35098-4613-46d8-a232-09e662bd6190,ATC,2023-04-24T12:42:28.081Z,MOBILE,Android
cda35098-4613-46d8-a232-09e662bd6190,ATC,2023-04-28T15:24:46.081Z,MOBILE,Android
cda35098-4613-46d8-a232-09e662bd6190,ATC,2023-05-02T18:10:53.081Z,MOBILE,Android
cda35098-4613-46d8-a232-09e662bd6190,AP,2023-05-06T20:55:15.081Z,MOBILE,Android
cda35098-4613-46d8-a232-09e662bd6190,CL,2023-04-16T07:01:35.081Z,MOBILE,Android
f0a69a0d-6802-471e-b38d-07ce7e26cc7e,HP,2021-11-26T07:09:37.335Z,MOBILE,iOS
f0a69a0d-6802-471e-b38d-07ce7e26cc7e,ATC,2021-11-29T09:08:32.335Z,MOBILE,iOS
f0a69a0d-6802-471e-b38d-07ce7e26cc7e,ATC,2021-12-02T11:07:21.335Z,MOBILE,iOS
f0a69a0d-6802-471e-b38d-07ce7e26cc7e,ATC,2021-12-05T13:15:22.335Z,MOBILE,iOS
f0a69a0d-6802-471e-b38d-07ce7e26cc7e,ATC,2021-12-08T15:07:45.335Z,MOBILE,iOS
f0a69a0d-6802-471e-b38d-07ce7e26cc7e,CL,2021-11-29T09:09:04.335Z,MOBILE,iOS
e406c61e-495a-4a5c-b158-9e5895251d33,HP,2022-06-30T17:40:20.335Z,MOBILE,iOS
e406c61e-495a-4a5c-b158-9e5895251d33,ATC,2022-07-01T00:08:57.335Z,MOBILE,iOS
e406c61e-495a-4a5c-b158-9e5895251d33,SCR,2022-07-01T00:04:04.335Z,MOBILE,iOS
e406c61e-495a-4a5c-b158-9e5895251d33,CL,2022-07-01T06:31:07.335Z,MOBILE,iOS
9704ab4e-a463-42d4-a53a-1e7d9855b4ab,HP,2023-03-07T06:04:41.335Z,MOBILE,iOS
9704ab4e-a463-42d4-a53a-1e7d9855b4ab,ATC,2023-03-07T08:45:49.335Z,MOBILE,iOS
9704ab4e-a463-42d4-a53a-1e7d9855b4ab,AP,2023-03-07T11:28:42.335Z,MOBILE,iOS
9704ab4e-a463-42d4-a53a-1e7d9855b4ab,ATC,2023-03-07T08:45:51.335Z,MOBILE,iOS
9704ab4e-a463-42d4-a53a-1e7d9855b4ab,CL,2023-03-07T14:12:05.335Z,MOBILE,iOS
9704ab4e-a463-42d4-a53a-1e7d9855b4ab,CL,2023-03-07T16:55:41.335Z,MOBILE,iOS
9704ab4e-a463-42d4-a53a-1e7d9855b4ab,SCR,2023-03-07T22:19:14.335Z,MOBILE,iOS
9704ab4e-a463-42d4-a53a-1e7d9855b4ab,ATC,2023-03-08T01:02:51.335Z,MOBILE,iOS
9704ab4e-a463-42d4-a53a-1e7d9855b4ab,ATC,2023-03-08T06:25:53.335Z,MOBILE,iOS
9704ab4e-a463-42d4-a53a-1e7d9855b4ab,HP,2023-03-08T09:06:32.335Z,MOBILE,iOS
9704ab4e-a463-42d4-a53a-1e7d9855b4ab,CL,2023-03-08T11:46:13.335Z,MOBILE,iOS
9704ab4e-a463-42d4-a53a-1e7d9855b4ab,CL,2023-03-08T14:32:21.335Z,MOBILE,iOS
9704ab4e-a463-42d4-a53a-1e7d9855b4ab,HP,2023-03-10T01:09:33.335Z,MOBILE,iOS
9704ab4e-a463-42d4-a53a-1e7d9855b4ab,HP,2023-03-12T06:23:03.335Z,MOBILE,iOS
9704ab4e-a463-42d4-a53a-1e7d9855b4ab,VI,2023-03-07T11:28:05.335Z,MOBILE,iOS
9704ab4e-a463-42d4-a53a-1e7d9855b4ab,VI,2023-03-07T19:36:34.335Z,MOBILE,iOS
9704ab4e-a463-42d4-a53a-1e7d9855b4ab,VI,2023-03-08T03:43:59.335Z,MOBILE,iOS
9704ab4e-a463-42d4-a53a-1e7d9855b4ab,VI,2023-03-11T03:43:27.335Z,MOBILE,iOS
220b4e66-9a20-43dc-a3cf-fc331cf1f556,HP,2022-06-05T10:48:38.371Z,MOBILE,Android
220b4e66-9a20-43dc-a3cf-fc331cf1f556,ATC,2022-06-06T16:00:49.371Z,MOBILE,Android
220b4e66-9a20-43dc-a3cf-fc331cf1f556,ATC,2022-06-07T21:24:15.371Z,MOBILE,Android
220b4e66-9a20-43dc-a3cf-fc331cf1f556,ATC,2022-06-09T02:50:48.371Z,MOBILE,Android
220b4e66-9a20-43dc-a3cf-fc331cf1f556,ATC,2022-06-10T08:10:07.371Z,MOBILE,Android
220b4e66-9a20-43dc-a3cf-fc331cf1f556,ATC,2022-06-11T13:40:47.371Z,MOBILE,Android
220b4e66-9a20-43dc-a3cf-fc331cf1f556,AP,2022-06-12T19:07:57.371Z,MOBILE,Android
220b4e66-9a20-43dc-a3cf-fc331cf1f556,SCR,2022-06-06T16:14:20.371Z,MOBILE,Android
220b4e66-9a20-43dc-a3cf-fc331cf1f556,CL,2022-06-07T21:35:09.371Z,MOBILE,Android
220b4e66-9a20-43dc-a3cf-fc331cf1f556,CL,2022-06-09T03:06:59.371Z,MOBILE,Android
220b4e66-9a20-43dc-a3cf-fc331cf1f556,SCR,2022-06-10T08:25:50.371Z,MOBILE,Android
220b4e66-9a20-43dc-a3cf-fc331cf1f556,CL,2022-06-12T19:17:06.371Z,MOBILE,Android
220b4e66-9a20-43dc-a3cf-fc331cf1f556,SCR,2022-06-14T00:47:16.371Z,MOBILE,Android
220b4e66-9a20-43dc-a3cf-fc331cf1f556,CL,2022-06-16T11:19:48.371Z,MOBILE,Android
220b4e66-9a20-43dc-a3cf-fc331cf1f556,HP,2022-06-17T16:40:16.371Z,MOBILE,Android
220b4e66-9a20-43dc-a3cf-fc331cf1f556,CL,2022-06-30T14:30:38.371Z,MOBILE,Android
220b4e66-9a20-43dc-a3cf-fc331cf1f556,SCR,2022-07-03T18:14:01.371Z,MOBILE,Android
220b4e66-9a20-43dc-a3cf-fc331cf1f556,HP,2022-07-06T21:44:49.371Z,MOBILE,Android
220b4e66-9a20-43dc-a3cf-fc331cf1f556,VI,2022-06-11T13:54:26.371Z,MOBILE,Android
220b4e66-9a20-43dc-a3cf-fc331cf1f556,SCR,2022-07-10T01:35:49.371Z,MOBILE,Android
220b4e66-9a20-43dc-a3cf-fc331cf1f556,SCR,2022-07-13T05:30:27.371Z,MOBILE,Android
220b4e66-9a20-43dc-a3cf-fc331cf1f556,HP,2022-07-19T12:44:09.371Z,MOBILE,Android
220b4e66-9a20-43dc-a3cf-fc331cf1f556,HP,2022-07-22T16:26:40.371Z,MOBILE,Android
220b4e66-9a20-43dc-a3cf-fc331cf1f556,VI,2022-07-16T09:00:55.371Z,MOBILE,Android
0bbaa1ec-9005-49a4-bb91-15079ef142ed,HP,2019-03-01T23:18:58.792Z,MOBILE,Android
0bbaa1ec-9005-49a4-bb91-15079ef142ed,ATC,2019-03-02T05:27:04.792Z,MOBILE,Android
0bbaa1ec-9005-49a4-bb91-15079ef142ed,AP,2019-03-02T11:33:24.792Z,MOBILE,Android
0bbaa1ec-9005-49a4-bb91-15079ef142ed,CL,2019-03-02T05:21:01.792Z,MOBILE,Android
0bbaa1ec-9005-49a4-bb91-15079ef142ed,ATC,2019-03-02T11:27:31.792Z,MOBILE,Android
0bbaa1ec-9005-49a4-bb91-15079ef142ed,SCR,2019-03-02T17:37:12.792Z,MOBILE,Android
0bbaa1ec-9005-49a4-bb91-15079ef142ed,ATC,2019-03-02T23:42:48.792Z,MOBILE,Android
fe0ebb91-940d-42c5-aeb6-aa53b63b9df3,HP,2022-01-01T16:11:59.792Z,MOBILE,Android
fe0ebb91-940d-42c5-aeb6-aa53b63b9df3,ATC,2022-01-03T19:06:53.792Z,MOBILE,Android
fe0ebb91-940d-42c5-aeb6-aa53b63b9df3,ATC,2022-01-03T18:54:36.792Z,MOBILE,Android
aa7deec7-67fc-4b96-9218-c5b5751be6af,HP,2023-11-06T11:15:47.168Z,MOBILE,Android
aa7deec7-67fc-4b96-9218-c5b5751be6af,ATC,2023-11-06T11:23:40.168Z,MOBILE,Android
aa7deec7-67fc-4b96-9218-c5b5751be6af,CL,2023-11-06T11:23:32.168Z,MOBILE,Android
aa7deec7-67fc-4b96-9218-c5b5751be6af,HP,2023-11-06T11:32:00.168Z,MOBILE,Android
aa7deec7-67fc-4b96-9218-c5b5751be6af,SCR,2023-11-06T11:39:53.168Z,MOBILE,Android
aa7deec7-67fc-4b96-9218-c5b5751be6af,CL,2023-11-06T11:48:09.168Z,MOBILE,Android
aa7deec7-67fc-4b96-9218-c5b5751be6af,SER,2023-11-06T11:56:14.168Z,MOBILE,Android
aa7deec7-67fc-4b96-9218-c5b5751be6af,CL,2023-11-06T12:11:47.168Z,MOBILE,Android
aa7deec7-67fc-4b96-9218-c5b5751be6af,HP,2023-11-06T12:19:54.168Z,MOBILE,Android
aa7deec7-67fc-4b96-9218-c5b5751be6af,CL,2023-11-06T12:28:25.168Z,MOBILE,Android
aa7deec7-67fc-4b96-9218-c5b5751be6af,SER,2023-11-06T12:45:05.168Z,MOBILE,Android
aa7deec7-67fc-4b96-9218-c5b5751be6af,SER,2023-11-06T13:00:51.168Z,MOBILE,Android
aa7deec7-67fc-4b96-9218-c5b5751be6af,SCR,2023-11-06T13:09:10.168Z,MOBILE,Android
aa7deec7-67fc-4b96-9218-c5b5751be6af,HP,2023-11-06T13:17:20.168Z,MOBILE,Android
aa7deec7-67fc-4b96-9218-c5b5751be6af,CL,2023-11-06T13:41:25.168Z,MOBILE,Android
aa7deec7-67fc-4b96-9218-c5b5751be6af,SCR,2023-11-06T13:49:40.168Z,MOBILE,Android
aa7deec7-67fc-4b96-9218-c5b5751be6af,SCR,2023-11-06T13:58:35.168Z,MOBILE,Android
aa7deec7-67fc-4b96-9218-c5b5751be6af,HP,2023-11-06T14:05:50.168Z,MOBILE,Android
aa7deec7-67fc-4b96-9218-c5b5751be6af,HP,2023-11-06T14:14:05.168Z,MOBILE,Android
aa7deec7-67fc-4b96-9218-c5b5751be6af,CL,2023-11-06T14:22:23.168Z,MOBILE,Android
aa7deec7-67fc-4b96-9218-c5b5751be6af,CL,2023-11-06T14:30:03.168Z,MOBILE,Android
aa7deec7-67fc-4b96-9218-c5b5751be6af,CL,2023-11-06T14:38:11.168Z,MOBILE,Android
aa7deec7-67fc-4b96-9218-c5b5751be6af,CL,2023-11-06T14:53:25.168Z,MOBILE,Android
aa7deec7-67fc-4b96-9218-c5b5751be6af,SER,2023-11-06T15:01:43.168Z,MOBILE,Android
aa7deec7-67fc-4b96-9218-c5b5751be6af,SCR,2023-11-06T15:09:45.168Z,MOBILE,Android
aa7deec7-67fc-4b96-9218-c5b5751be6af,HP,2023-11-06T15:17:29.168Z,MOBILE,Android
aa7deec7-67fc-4b96-9218-c5b5751be6af,CL,2023-11-06T15:25:36.168Z,MOBILE,Android
aa7deec7-67fc-4b96-9218-c5b5751be6af,SCR,2023-11-06T15:33:11.168Z,MOBILE,Android
aa7deec7-67fc-4b96-9218-c5b5751be6af,VI,2023-11-06T12:04:05.168Z,MOBILE,Android
aa7deec7-67fc-4b96-9218-c5b5751be6af,VI,2023-11-06T12:53:03.168Z,MOBILE,Android
ec44c2e9-fa24-4c14-af07-f6db8bdd7ea7,HP,2023-12-14T16:20:42.168Z,WEB,Android
ec44c2e9-fa24-4c14-af07-f6db8bdd7ea7,ATC,2023-12-15T16:45:39.168Z,WEB,Android
ec44c2e9-fa24-4c14-af07-f6db8bdd7ea7,ATC,2023-12-16T17:15:01.168Z,WEB,Android
ec44c2e9-fa24-4c14-af07-f6db8bdd7ea7,CL,2023-12-15T16:48:34.168Z,WEB,Android
538e779f-5843-4114-b052-1b276170ed52,HP,2019-12-09T10:06:12.394Z,MOBILE,Android
538e779f-5843-4114-b052-1b276170ed52,ATC,2019-12-13T06:55:11.394Z,MOBILE,Android
538e779f-5843-4114-b052-1b276170ed52,AP,2019-12-17T03:42:28.394Z,MOBILE,Android
538e779f-5843-4114-b052-1b276170ed52,SCR,2019-12-13T07:02:47.394Z,MOBILE,Android
09772de1-bead-4464-b13e-5584ad9606e6,VI,2020-11-02T03:38:42.394Z,MOBILE,Android
09772de1-bead-4464-b13e-5584ad9606e6,HP,2020-10-28T23:31:19.394Z,MOBILE,Android
09772de1-bead-4464-b13e-5584ad9606e6,ATC,2020-10-29T07:16:12.394Z,MOBILE,Android
09772de1-bead-4464-b13e-5584ad9606e6,SCR,2020-10-29T07:15:13.394Z,MOBILE,Android
09772de1-bead-4464-b13e-5584ad9606e6,ATC,2020-10-29T22:46:10.394Z,MOBILE,Android
09772de1-bead-4464-b13e-5584ad9606e6,SCR,2020-10-30T06:28:17.394Z,MOBILE,Android
09772de1-bead-4464-b13e-5584ad9606e6,SER,2020-10-30T14:09:38.394Z,MOBILE,Android
09772de1-bead-4464-b13e-5584ad9606e6,SER,2020-10-30T21:47:24.394Z,MOBILE,Android
09772de1-bead-4464-b13e-5584ad9606e6,SER,2020-10-31T05:29:56.394Z,MOBILE,Android
09772de1-bead-4464-b13e-5584ad9606e6,ATC,2020-10-31T13:07:33.394Z,MOBILE,Android
09772de1-bead-4464-b13e-5584ad9606e6,CL,2020-10-31T20:47:14.394Z,MOBILE,Android
09772de1-bead-4464-b13e-5584ad9606e6,HP,2020-11-01T12:17:10.394Z,MOBILE,Android
09772de1-bead-4464-b13e-5584ad9606e6,CL,2020-11-01T19:57:24.394Z,MOBILE,Android
09772de1-bead-4464-b13e-5584ad9606e6,ATC,2020-11-02T19:00:25.394Z,MOBILE,Android
09772de1-bead-4464-b13e-5584ad9606e6,SCR,2020-11-03T10:32:39.394Z,MOBILE,Android
09772de1-bead-4464-b13e-5584ad9606e6,SER,2020-11-03T18:14:19.394Z,MOBILE,Android
09772de1-bead-4464-b13e-5584ad9606e6,SER,2020-11-04T01:55:23.394Z,MOBILE,Android
09772de1-bead-4464-b13e-5584ad9606e6,HP,2020-11-04T09:33:39.394Z,MOBILE,Android
09772de1-bead-4464-b13e-5584ad9606e6,VI,2020-11-01T04:33:34.394Z,MOBILE,Android
09772de1-bead-4464-b13e-5584ad9606e6,VI,2020-11-02T11:14:58.394Z,MOBILE,Android
09772de1-bead-4464-b13e-5584ad9606e6,VI,2020-11-03T02:48:05.394Z,MOBILE,Android
a196539a-952d-4647-8e4f-d73dd029a811,SCR,2021-12-25T18:53:30.394Z,MOBILE,Android
a196539a-952d-4647-8e4f-d73dd029a811,HP,2021-12-17T02:38:13.394Z,MOBILE,Android
a196539a-952d-4647-8e4f-d73dd029a811,ATC,2021-12-18T13:18:02.394Z,MOBILE,Android
a196539a-952d-4647-8e4f-d73dd029a811,CL,2021-12-18T13:20:31.394Z,MOBILE,Android
a196539a-952d-4647-8e4f-d73dd029a811,SER,2021-12-20T00:06:37.394Z,MOBILE,Android
a196539a-952d-4647-8e4f-d73dd029a811,ATC,2021-12-21T10:39:30.394Z,MOBILE,Android
a196539a-952d-4647-8e4f-d73dd029a811,CL,2021-12-22T21:29:45.394Z,MOBILE,Android
a196539a-952d-4647-8e4f-d73dd029a811,CL,2021-12-24T08:14:05.394Z,MOBILE,Android
a196539a-952d-4647-8e4f-d73dd029a811,SCR,2021-12-27T05:37:37.394Z,MOBILE,Android
de1ad77f-3638-41e9-85f1-3b337c3505fc,VI,2021-12-31T14:34:37.508Z,MOBILE,Android
de1ad77f-3638-41e9-85f1-3b337c3505fc,VI,2022-01-02T13:24:40.508Z,MOBILE,Android
de1ad77f-3638-41e9-85f1-3b337c3505fc,HP,2021-12-30T15:23:23.508Z,MOBILE,Android
de1ad77f-3638-41e9-85f1-3b337c3505fc,ATC,2021-12-31T14:41:46.508Z,MOBILE,Android
de1ad77f-3638-41e9-85f1-3b337c3505fc,SER,2022-01-01T13:56:15.508Z,MOBILE,Android
6eb45d3c-c2a5-41d3-a4e4-66dfc621b264,HP,2022-03-06T07:19:07.508Z,MOBILE,Android
6eb45d3c-c2a5-41d3-a4e4-66dfc621b264,ATC,2022-03-06T15:02:40.508Z,MOBILE,Android
6eb45d3c-c2a5-41d3-a4e4-66dfc621b264,AP,2022-03-06T22:47:59.508Z,MOBILE,Android
6eb45d3c-c2a5-41d3-a4e4-66dfc621b264,SCR,2022-03-06T15:02:52.508Z,MOBILE,Android
6eb45d3c-c2a5-41d3-a4e4-66dfc621b264,ATC,2022-03-06T22:48:39.508Z,MOBILE,Android
6eb45d3c-c2a5-41d3-a4e4-66dfc621b264,HP,2022-03-07T06:40:36.508Z,MOBILE,Android
6eb45d3c-c2a5-41d3-a4e4-66dfc621b264,SER,2022-03-07T14:26:55.508Z,MOBILE,Android
6eb45d3c-c2a5-41d3-a4e4-66dfc621b264,SER,2022-03-08T05:58:43.508Z,MOBILE,Android
6eb45d3c-c2a5-41d3-a4e4-66dfc621b264,CL,2022-03-09T13:11:46.508Z,MOBILE,Android
6eb45d3c-c2a5-41d3-a4e4-66dfc621b264,HP,2022-03-09T20:59:14.508Z,MOBILE,Android
6eb45d3c-c2a5-41d3-a4e4-66dfc621b264,SCR,2022-03-10T04:47:57.508Z,MOBILE,Android
6eb45d3c-c2a5-41d3-a4e4-66dfc621b264,HP,2022-03-10T12:35:44.508Z,MOBILE,Android
73c324f6-00ae-453e-b020-bcbf9bf4fc88,VI,2020-01-31T18:14:56.011Z,MOBILE,Android
de1ad77f-3638-41e9-85f1-3b337c3505fc,VI,2022-01-03T12:46:49.508Z,MOBILE,Android
6eb45d3c-c2a5-41d3-a4e4-66dfc621b264,VI,2022-03-08T21:31:25.508Z,MOBILE,Android
6eb45d3c-c2a5-41d3-a4e4-66dfc621b264,VI,2022-03-09T05:24:07.508Z,MOBILE,Android
e4e17f79-d4a6-4638-93c2-58734d61e25b,HP,2023-03-15T15:38:25.919Z,WEB,Android
e4e17f79-d4a6-4638-93c2-58734d61e25b,ATC,2023-03-17T21:29:29.919Z,WEB,Android
e2aa6f2f-0649-4cee-bf95-544303f1a4aa,HP,2023-11-27T02:49:51.919Z,MOBILE,Android
e2aa6f2f-0649-4cee-bf95-544303f1a4aa,ATC,2023-12-01T23:04:30.919Z,MOBILE,Android
e2aa6f2f-0649-4cee-bf95-544303f1a4aa,SCR,2023-12-01T23:26:52.919Z,MOBILE,Android
83261043-66b2-4b5c-9777-32b42d6246b4,HP,2023-11-03T19:12:55.946Z,WEB,Android
83261043-66b2-4b5c-9777-32b42d6246b4,ATC,2023-11-04T08:05:13.946Z,WEB,Android
83261043-66b2-4b5c-9777-32b42d6246b4,CL,2023-11-04T07:59:27.946Z,WEB,Android
bade9e12-e144-4cdc-99e0-5739498a7f62,HP,2023-10-12T01:27:49.030Z,MOBILE,iOS
bade9e12-e144-4cdc-99e0-5739498a7f62,ATC,2023-10-12T01:31:15.030Z,MOBILE,iOS
bade9e12-e144-4cdc-99e0-5739498a7f62,AP,2023-10-12T01:34:22.030Z,MOBILE,iOS
bade9e12-e144-4cdc-99e0-5739498a7f62,HP,2023-10-12T01:37:50.030Z,MOBILE,iOS
bade9e12-e144-4cdc-99e0-5739498a7f62,SCR,2023-10-12T01:44:25.030Z,MOBILE,iOS
bade9e12-e144-4cdc-99e0-5739498a7f62,SCR,2023-10-12T01:51:36.030Z,MOBILE,iOS
bade9e12-e144-4cdc-99e0-5739498a7f62,VI,2023-10-12T01:34:25.030Z,MOBILE,iOS
bade9e12-e144-4cdc-99e0-5739498a7f62,VI,2023-10-12T01:41:15.030Z,MOBILE,iOS
ca20756c-ba56-4baf-b38d-ea95469b929f,HP,2023-04-30T00:55:41.246Z,MOBILE,Android
ca20756c-ba56-4baf-b38d-ea95469b929f,ATC,2023-04-30T11:53:35.246Z,MOBILE,Android
ca20756c-ba56-4baf-b38d-ea95469b929f,AP,2023-04-30T22:53:27.246Z,MOBILE,Android
ca20756c-ba56-4baf-b38d-ea95469b929f,SER,2023-04-30T22:50:03.246Z,MOBILE,Android
ca20756c-ba56-4baf-b38d-ea95469b929f,SER,2023-05-01T09:52:02.246Z,MOBILE,Android
ca20756c-ba56-4baf-b38d-ea95469b929f,HP,2023-05-02T07:47:12.246Z,MOBILE,Android
ca20756c-ba56-4baf-b38d-ea95469b929f,HP,2023-05-02T18:45:09.246Z,MOBILE,Android
ca20756c-ba56-4baf-b38d-ea95469b929f,SER,2023-05-03T05:51:43.246Z,MOBILE,Android
ca20756c-ba56-4baf-b38d-ea95469b929f,SER,2023-05-03T16:54:37.246Z,MOBILE,Android
ca20756c-ba56-4baf-b38d-ea95469b929f,HP,2023-05-04T03:54:38.246Z,MOBILE,Android
ca20756c-ba56-4baf-b38d-ea95469b929f,SCR,2023-05-04T14:55:34.246Z,MOBILE,Android
ca20756c-ba56-4baf-b38d-ea95469b929f,SER,2023-05-05T01:57:52.246Z,MOBILE,Android
ca20756c-ba56-4baf-b38d-ea95469b929f,CL,2023-05-05T12:54:49.246Z,MOBILE,Android
ca20756c-ba56-4baf-b38d-ea95469b929f,HP,2023-05-05T23:55:42.246Z,MOBILE,Android
ca20756c-ba56-4baf-b38d-ea95469b929f,HP,2023-05-06T10:57:14.246Z,MOBILE,Android
ca20756c-ba56-4baf-b38d-ea95469b929f,CL,2023-05-06T21:52:33.246Z,MOBILE,Android
ca20756c-ba56-4baf-b38d-ea95469b929f,SER,2023-05-07T08:48:49.246Z,MOBILE,Android
ca20756c-ba56-4baf-b38d-ea95469b929f,CL,2023-05-07T19:47:50.246Z,MOBILE,Android
ca20756c-ba56-4baf-b38d-ea95469b929f,CL,2023-05-08T06:46:57.246Z,MOBILE,Android
ca20756c-ba56-4baf-b38d-ea95469b929f,SCR,2023-05-08T17:45:13.246Z,MOBILE,Android
f723bf11-a53f-44d9-9c4a-2fda0b4f8bb9,HP,2023-09-16T12:44:56.938Z,MOBILE,Android
f723bf11-a53f-44d9-9c4a-2fda0b4f8bb9,ATC,2023-09-16T17:11:01.938Z,MOBILE,Android
f723bf11-a53f-44d9-9c4a-2fda0b4f8bb9,ATC,2023-09-16T21:37:30.938Z,MOBILE,Android
f723bf11-a53f-44d9-9c4a-2fda0b4f8bb9,ATC,2023-09-17T02:00:29.938Z,MOBILE,Android
f723bf11-a53f-44d9-9c4a-2fda0b4f8bb9,ATC,2023-09-17T06:27:51.938Z,MOBILE,Android
f723bf11-a53f-44d9-9c4a-2fda0b4f8bb9,SCR,2023-09-16T17:08:12.938Z,MOBILE,Android
f723bf11-a53f-44d9-9c4a-2fda0b4f8bb9,SER,2023-09-17T06:03:03.938Z,MOBILE,Android
f723bf11-a53f-44d9-9c4a-2fda0b4f8bb9,HP,2023-09-17T10:27:14.938Z,MOBILE,Android
f723bf11-a53f-44d9-9c4a-2fda0b4f8bb9,SCR,2023-09-17T14:49:13.938Z,MOBILE,Android
f723bf11-a53f-44d9-9c4a-2fda0b4f8bb9,SER,2023-09-17T19:12:47.938Z,MOBILE,Android
f723bf11-a53f-44d9-9c4a-2fda0b4f8bb9,SER,2023-09-17T23:35:45.938Z,MOBILE,Android
f723bf11-a53f-44d9-9c4a-2fda0b4f8bb9,CL,2023-09-18T03:58:47.938Z,MOBILE,Android
f723bf11-a53f-44d9-9c4a-2fda0b4f8bb9,VI,2023-09-16T21:23:58.938Z,MOBILE,Android
5092a851-85ef-4301-b129-7a18976bf4bb,HP,2022-11-14T06:00:51.061Z,MOBILE,Android
5092a851-85ef-4301-b129-7a18976bf4bb,ATC,2022-11-14T17:03:20.061Z,MOBILE,Android
5092a851-85ef-4301-b129-7a18976bf4bb,CL,2022-11-14T17:12:38.061Z,MOBILE,Android
5092a851-85ef-4301-b129-7a18976bf4bb,CL,2022-11-15T04:18:00.061Z,MOBILE,Android
5092a851-85ef-4301-b129-7a18976bf4bb,ATC,2022-11-15T15:29:02.061Z,MOBILE,Android
5092a851-85ef-4301-b129-7a18976bf4bb,ATC,2022-11-16T02:31:54.061Z,MOBILE,Android
5092a851-85ef-4301-b129-7a18976bf4bb,ATC,2022-11-16T13:35:35.061Z,MOBILE,Android
5092a851-85ef-4301-b129-7a18976bf4bb,CL,2022-11-17T00:40:24.061Z,MOBILE,Android
10227ef6-f42b-43f6-84bd-b3b61a2ecff1,HP,2023-07-05T11:52:21.061Z,MOBILE,Android
10227ef6-f42b-43f6-84bd-b3b61a2ecff1,ATC,2023-07-05T14:05:31.061Z,MOBILE,Android
10227ef6-f42b-43f6-84bd-b3b61a2ecff1,HP,2023-07-05T18:34:56.061Z,MOBILE,Android
10227ef6-f42b-43f6-84bd-b3b61a2ecff1,VI,2023-07-05T14:05:24.061Z,MOBILE,Android
10227ef6-f42b-43f6-84bd-b3b61a2ecff1,VI,2023-07-05T16:22:23.061Z,MOBILE,Android
dd5f9069-ef21-4a44-83ac-5dc1c53e2049,HP,2023-08-14T04:58:02.061Z,MOBILE,Android
dd5f9069-ef21-4a44-83ac-5dc1c53e2049,ATC,2023-08-14T06:13:01.061Z,MOBILE,Android
dd5f9069-ef21-4a44-83ac-5dc1c53e2049,AP,2023-08-14T07:27:47.061Z,MOBILE,Android
dd5f9069-ef21-4a44-83ac-5dc1c53e2049,ATC,2023-08-14T06:13:09.061Z,MOBILE,Android
dd5f9069-ef21-4a44-83ac-5dc1c53e2049,CL,2023-08-14T07:27:54.061Z,MOBILE,Android
dd5f9069-ef21-4a44-83ac-5dc1c53e2049,SCR,2023-08-14T11:13:53.061Z,MOBILE,Android
dd5f9069-ef21-4a44-83ac-5dc1c53e2049,SER,2023-08-14T13:41:48.061Z,MOBILE,Android
dd5f9069-ef21-4a44-83ac-5dc1c53e2049,ATC,2023-08-14T16:14:53.061Z,MOBILE,Android
dd5f9069-ef21-4a44-83ac-5dc1c53e2049,HP,2023-08-14T17:30:34.061Z,MOBILE,Android
dd5f9069-ef21-4a44-83ac-5dc1c53e2049,SER,2023-08-14T18:44:02.061Z,MOBILE,Android
dd5f9069-ef21-4a44-83ac-5dc1c53e2049,VI,2023-08-14T08:41:40.061Z,MOBILE,Android
dd5f9069-ef21-4a44-83ac-5dc1c53e2049,VI,2023-08-14T12:27:23.061Z,MOBILE,Android
dd5f9069-ef21-4a44-83ac-5dc1c53e2049,VI,2023-08-14T14:59:35.061Z,MOBILE,Android
d4748a44-c6cf-4f91-9645-ae28d8eba94d,HP,2023-04-07T10:11:43.056Z,MOBILE,Android
d4748a44-c6cf-4f91-9645-ae28d8eba94d,ATC,2023-04-07T10:52:23.056Z,MOBILE,Android
d4748a44-c6cf-4f91-9645-ae28d8eba94d,AP,2023-04-07T11:31:59.056Z,MOBILE,Android
d4748a44-c6cf-4f91-9645-ae28d8eba94d,CL,2023-04-07T10:50:36.056Z,MOBILE,Android
d4748a44-c6cf-4f91-9645-ae28d8eba94d,CL,2023-04-07T11:30:01.056Z,MOBILE,Android
d4748a44-c6cf-4f91-9645-ae28d8eba94d,SCR,2023-04-07T12:09:52.056Z,MOBILE,Android
d4748a44-c6cf-4f91-9645-ae28d8eba94d,SER,2023-04-07T12:49:31.056Z,MOBILE,Android
d4748a44-c6cf-4f91-9645-ae28d8eba94d,SER,2023-04-07T13:28:59.056Z,MOBILE,Android
d4748a44-c6cf-4f91-9645-ae28d8eba94d,SCR,2023-04-07T14:46:15.056Z,MOBILE,Android
d4748a44-c6cf-4f91-9645-ae28d8eba94d,CL,2023-04-07T15:25:25.056Z,MOBILE,Android
d4748a44-c6cf-4f91-9645-ae28d8eba94d,SCR,2023-04-07T16:04:30.056Z,MOBILE,Android
d4748a44-c6cf-4f91-9645-ae28d8eba94d,SER,2023-04-07T16:43:31.056Z,MOBILE,Android
d4748a44-c6cf-4f91-9645-ae28d8eba94d,CL,2023-04-07T17:21:03.056Z,MOBILE,Android
d4748a44-c6cf-4f91-9645-ae28d8eba94d,CL,2023-04-07T17:59:38.056Z,MOBILE,Android
d4748a44-c6cf-4f91-9645-ae28d8eba94d,CL,2023-04-07T18:38:18.056Z,MOBILE,Android
d4748a44-c6cf-4f91-9645-ae28d8eba94d,HP,2023-04-07T19:17:36.056Z,MOBILE,Android
d4748a44-c6cf-4f91-9645-ae28d8eba94d,HP,2023-04-07T19:55:52.056Z,MOBILE,Android
d4748a44-c6cf-4f91-9645-ae28d8eba94d,SCR,2023-04-07T20:33:56.056Z,MOBILE,Android
d4748a44-c6cf-4f91-9645-ae28d8eba94d,VI,2023-04-07T14:07:41.056Z,MOBILE,Android
672d7ab5-d61c-44a7-8fce-63a678fecace,HP,2023-09-02T14:17:31.608Z,MOBILE,Android
672d7ab5-d61c-44a7-8fce-63a678fecace,ATC,2023-09-06T19:18:04.608Z,MOBILE,Android
672d7ab5-d61c-44a7-8fce-63a678fecace,SCR,2023-09-06T19:12:29.608Z,MOBILE,Android
672d7ab5-d61c-44a7-8fce-63a678fecace,SER,2023-09-17T08:40:42.608Z,MOBILE,Android
672d7ab5-d61c-44a7-8fce-63a678fecace,SER,2023-09-19T12:08:20.608Z,MOBILE,Android
672d7ab5-d61c-44a7-8fce-63a678fecace,HP,2023-09-21T15:38:00.608Z,MOBILE,Android
672d7ab5-d61c-44a7-8fce-63a678fecace,CL,2023-09-23T19:10:29.608Z,MOBILE,Android
83f5b770-dfd4-4f63-8f25-514be46fb56e,HP,2023-11-16T22:29:32.591Z,MOBILE,Android
83f5b770-dfd4-4f63-8f25-514be46fb56e,ATC,2023-11-17T02:26:08.591Z,MOBILE,Android
83f5b770-dfd4-4f63-8f25-514be46fb56e,SER,2023-11-17T02:25:33.591Z,MOBILE,Android
83f5b770-dfd4-4f63-8f25-514be46fb56e,SCR,2023-11-17T06:22:18.591Z,MOBILE,Android
83f5b770-dfd4-4f63-8f25-514be46fb56e,SCR,2023-11-17T10:15:47.591Z,MOBILE,Android
83f5b770-dfd4-4f63-8f25-514be46fb56e,SER,2023-11-17T18:12:13.591Z,MOBILE,Android
83f5b770-dfd4-4f63-8f25-514be46fb56e,HP,2023-11-17T22:05:33.591Z,MOBILE,Android
83f5b770-dfd4-4f63-8f25-514be46fb56e,CL,2023-11-18T09:50:42.591Z,MOBILE,Android
83f5b770-dfd4-4f63-8f25-514be46fb56e,SCR,2023-11-18T13:45:17.591Z,MOBILE,Android
83f5b770-dfd4-4f63-8f25-514be46fb56e,SCR,2023-11-18T17:43:34.591Z,MOBILE,Android
d580ce34-0a8e-4169-bc45-bbbcee1fb1e9,HP,2021-01-12T05:08:26.530Z,MOBILE,Android
d580ce34-0a8e-4169-bc45-bbbcee1fb1e9,ATC,2021-01-12T09:21:43.530Z,MOBILE,Android
d580ce34-0a8e-4169-bc45-bbbcee1fb1e9,AP,2021-01-12T13:33:29.530Z,MOBILE,Android
d580ce34-0a8e-4169-bc45-bbbcee1fb1e9,SCR,2021-01-12T13:35:35.530Z,MOBILE,Android
d580ce34-0a8e-4169-bc45-bbbcee1fb1e9,ATC,2021-01-12T17:48:48.530Z,MOBILE,Android
d580ce34-0a8e-4169-bc45-bbbcee1fb1e9,SER,2021-01-12T22:02:41.530Z,MOBILE,Android
d580ce34-0a8e-4169-bc45-bbbcee1fb1e9,SER,2021-01-13T02:15:54.530Z,MOBILE,Android
d580ce34-0a8e-4169-bc45-bbbcee1fb1e9,ATC,2021-01-13T10:39:06.530Z,MOBILE,Android
d580ce34-0a8e-4169-bc45-bbbcee1fb1e9,VI,2021-01-12T09:20:46.530Z,MOBILE,Android
4346d8ae-d370-40cc-814e-a3dd5c51479b,HP,2023-07-07T13:06:05.827Z,MOBILE,Android
4346d8ae-d370-40cc-814e-a3dd5c51479b,ATC,2023-07-12T16:27:03.827Z,MOBILE,Android
4346d8ae-d370-40cc-814e-a3dd5c51479b,ATC,2023-07-17T19:51:31.827Z,MOBILE,Android
4346d8ae-d370-40cc-814e-a3dd5c51479b,ATC,2023-07-22T23:23:52.827Z,MOBILE,Android
4346d8ae-d370-40cc-814e-a3dd5c51479b,CL,2023-07-12T16:46:44.827Z,MOBILE,Android
4346d8ae-d370-40cc-814e-a3dd5c51479b,ATC,2023-07-17T20:06:28.827Z,MOBILE,Android
585e364a-6663-4716-8a6c-9209357e139b,HP,2023-06-16T21:28:09.167Z,MOBILE,Android
585e364a-6663-4716-8a6c-9209357e139b,ATC,2023-06-23T02:46:01.167Z,MOBILE,Android
585e364a-6663-4716-8a6c-9209357e139b,AP,2023-06-29T08:08:03.167Z,MOBILE,Android
585e364a-6663-4716-8a6c-9209357e139b,SCR,2023-06-23T02:55:49.167Z,MOBILE,Android
585e364a-6663-4716-8a6c-9209357e139b,ATC,2023-07-05T13:13:27.167Z,MOBILE,Android
585e364a-6663-4716-8a6c-9209357e139b,CL,2023-07-11T18:38:38.167Z,MOBILE,Android
585e364a-6663-4716-8a6c-9209357e139b,SCR,2023-07-18T00:03:04.167Z,MOBILE,Android
585e364a-6663-4716-8a6c-9209357e139b,CL,2023-07-30T10:01:09.167Z,MOBILE,Android
585e364a-6663-4716-8a6c-9209357e139b,SER,2023-08-11T20:35:01.167Z,MOBILE,Android
585e364a-6663-4716-8a6c-9209357e139b,VI,2023-06-29T08:04:55.167Z,MOBILE,Android
0073e470-c57c-4d51-b688-1d5fc226b9e7,CL,2023-04-24T08:00:12.186Z,MOBILE,Android
0073e470-c57c-4d51-b688-1d5fc226b9e7,HP,2023-04-16T12:49:20.186Z,MOBILE,Android
0073e470-c57c-4d51-b688-1d5fc226b9e7,ATC,2023-04-17T03:09:14.186Z,MOBILE,Android
0073e470-c57c-4d51-b688-1d5fc226b9e7,AP,2023-04-17T17:24:44.186Z,MOBILE,Android
0073e470-c57c-4d51-b688-1d5fc226b9e7,ATC,2023-04-17T17:30:05.186Z,MOBILE,Android
0073e470-c57c-4d51-b688-1d5fc226b9e7,CL,2023-04-18T07:50:08.186Z,MOBILE,Android
0073e470-c57c-4d51-b688-1d5fc226b9e7,SER,2023-04-18T22:15:34.186Z,MOBILE,Android
0073e470-c57c-4d51-b688-1d5fc226b9e7,CL,2023-04-20T03:03:14.186Z,MOBILE,Android
0073e470-c57c-4d51-b688-1d5fc226b9e7,SCR,2023-04-20T17:27:06.186Z,MOBILE,Android
0073e470-c57c-4d51-b688-1d5fc226b9e7,HP,2023-04-21T07:58:31.186Z,MOBILE,Android
0073e470-c57c-4d51-b688-1d5fc226b9e7,ATC,2023-04-21T22:23:08.186Z,MOBILE,Android
0073e470-c57c-4d51-b688-1d5fc226b9e7,SCR,2023-04-22T12:44:15.186Z,MOBILE,Android
0073e470-c57c-4d51-b688-1d5fc226b9e7,SER,2023-04-23T03:14:43.186Z,MOBILE,Android
0073e470-c57c-4d51-b688-1d5fc226b9e7,ATC,2023-04-23T17:39:37.186Z,MOBILE,Android
0073e470-c57c-4d51-b688-1d5fc226b9e7,ATC,2023-04-24T22:27:00.186Z,MOBILE,Android
0073e470-c57c-4d51-b688-1d5fc226b9e7,SCR,2023-04-25T12:47:01.186Z,MOBILE,Android
0073e470-c57c-4d51-b688-1d5fc226b9e7,ATC,2023-04-26T03:06:12.186Z,MOBILE,Android
326f26e4-1a3a-4828-aa5e-333ca97b9564,HP,2023-07-31T07:59:49.624Z,MOBILE,Android
326f26e4-1a3a-4828-aa5e-333ca97b9564,ATC,2023-07-31T10:04:31.624Z,MOBILE,Android
326f26e4-1a3a-4828-aa5e-333ca97b9564,SCR,2023-07-31T10:04:11.624Z,MOBILE,Android
326f26e4-1a3a-4828-aa5e-333ca97b9564,CL,2023-07-31T14:11:22.624Z,MOBILE,Android
326f26e4-1a3a-4828-aa5e-333ca97b9564,HP,2023-07-31T16:13:14.624Z,MOBILE,Android
326f26e4-1a3a-4828-aa5e-333ca97b9564,CL,2023-07-31T18:18:43.624Z,MOBILE,Android
326f26e4-1a3a-4828-aa5e-333ca97b9564,CL,2023-07-31T20:22:55.624Z,MOBILE,Android
326f26e4-1a3a-4828-aa5e-333ca97b9564,HP,2023-07-31T22:24:35.624Z,MOBILE,Android
326f26e4-1a3a-4828-aa5e-333ca97b9564,CL,2023-08-01T02:31:33.624Z,MOBILE,Android
326f26e4-1a3a-4828-aa5e-333ca97b9564,HP,2023-08-01T08:45:34.624Z,MOBILE,Android
326f26e4-1a3a-4828-aa5e-333ca97b9564,HP,2023-08-01T14:55:37.624Z,MOBILE,Android
326f26e4-1a3a-4828-aa5e-333ca97b9564,HP,2023-08-01T17:01:32.624Z,MOBILE,Android
326f26e4-1a3a-4828-aa5e-333ca97b9564,CL,2023-08-01T19:04:20.624Z,MOBILE,Android
326f26e4-1a3a-4828-aa5e-333ca97b9564,SER,2023-08-01T21:06:50.624Z,MOBILE,Android
326f26e4-1a3a-4828-aa5e-333ca97b9564,CL,2023-08-01T23:09:43.624Z,MOBILE,Android
326f26e4-1a3a-4828-aa5e-333ca97b9564,CL,2023-08-02T01:15:51.624Z,MOBILE,Android
326f26e4-1a3a-4828-aa5e-333ca97b9564,SER,2023-08-02T03:19:40.624Z,MOBILE,Android
326f26e4-1a3a-4828-aa5e-333ca97b9564,SCR,2023-08-02T05:25:32.624Z,MOBILE,Android
326f26e4-1a3a-4828-aa5e-333ca97b9564,SCR,2023-08-02T09:37:12.624Z,MOBILE,Android
326f26e4-1a3a-4828-aa5e-333ca97b9564,SCR,2023-08-02T11:41:01.624Z,MOBILE,Android
326f26e4-1a3a-4828-aa5e-333ca97b9564,SCR,2023-08-02T13:47:48.624Z,MOBILE,Android
326f26e4-1a3a-4828-aa5e-333ca97b9564,SCR,2023-08-02T15:52:48.624Z,MOBILE,Android
326f26e4-1a3a-4828-aa5e-333ca97b9564,SER,2023-08-02T17:55:10.624Z,MOBILE,Android
326f26e4-1a3a-4828-aa5e-333ca97b9564,SCR,2023-08-02T20:00:45.624Z,MOBILE,Android
326f26e4-1a3a-4828-aa5e-333ca97b9564,CL,2023-08-02T22:05:14.624Z,MOBILE,Android
326f26e4-1a3a-4828-aa5e-333ca97b9564,SER,2023-08-03T00:07:38.624Z,MOBILE,Android
326f26e4-1a3a-4828-aa5e-333ca97b9564,SER,2023-08-03T02:11:44.624Z,MOBILE,Android
326f26e4-1a3a-4828-aa5e-333ca97b9564,HP,2023-08-03T04:17:46.624Z,MOBILE,Android
326f26e4-1a3a-4828-aa5e-333ca97b9564,SCR,2023-08-03T06:22:17.624Z,MOBILE,Android
326f26e4-1a3a-4828-aa5e-333ca97b9564,CL,2023-08-03T08:26:31.624Z,MOBILE,Android
326f26e4-1a3a-4828-aa5e-333ca97b9564,SER,2023-08-03T10:30:07.624Z,MOBILE,Android
326f26e4-1a3a-4828-aa5e-333ca97b9564,HP,2023-08-03T12:36:32.624Z,MOBILE,Android
326f26e4-1a3a-4828-aa5e-333ca97b9564,HP,2023-08-03T14:42:03.624Z,MOBILE,Android
326f26e4-1a3a-4828-aa5e-333ca97b9564,CL,2023-08-03T16:46:51.624Z,MOBILE,Android
326f26e4-1a3a-4828-aa5e-333ca97b9564,SCR,2023-08-03T18:51:21.624Z,MOBILE,Android
326f26e4-1a3a-4828-aa5e-333ca97b9564,CL,2023-08-03T20:54:42.624Z,MOBILE,Android
326f26e4-1a3a-4828-aa5e-333ca97b9564,CL,2023-08-03T23:00:53.624Z,MOBILE,Android
326f26e4-1a3a-4828-aa5e-333ca97b9564,CL,2023-08-04T01:05:39.624Z,MOBILE,Android
326f26e4-1a3a-4828-aa5e-333ca97b9564,CL,2023-08-04T05:13:29.624Z,MOBILE,Android
326f26e4-1a3a-4828-aa5e-333ca97b9564,HP,2023-08-10T20:30:38.624Z,MOBILE,Android
326f26e4-1a3a-4828-aa5e-333ca97b9564,VI,2023-08-04T03:09:23.624Z,MOBILE,Android
326f26e4-1a3a-4828-aa5e-333ca97b9564,VI,2023-08-04T07:13:43.624Z,MOBILE,Android
5b65ff5f-e06d-4f05-9ff7-a31c390cde1c,HP,2019-07-01T17:57:19.534Z,MOBILE,Android
5b65ff5f-e06d-4f05-9ff7-a31c390cde1c,ATC,2019-07-03T02:35:15.534Z,MOBILE,Android
5b65ff5f-e06d-4f05-9ff7-a31c390cde1c,AP,2019-07-04T11:03:16.534Z,MOBILE,Android
5b65ff5f-e06d-4f05-9ff7-a31c390cde1c,CL,2019-07-03T02:31:34.534Z,MOBILE,Android
5b65ff5f-e06d-4f05-9ff7-a31c390cde1c,SER,2019-07-04T11:02:44.534Z,MOBILE,Android
35604cd1-f195-4b96-a576-9c6a5b413bdf,HP,2021-06-05T11:50:56.534Z,MOBILE,Android
35604cd1-f195-4b96-a576-9c6a5b413bdf,ATC,2021-06-05T13:05:58.534Z,MOBILE,Android
35604cd1-f195-4b96-a576-9c6a5b413bdf,CL,2021-06-05T13:06:14.534Z,MOBILE,Android
f53e2ca3-3161-4afb-a1fe-a9ac30f0f780,HP,2020-06-14T05:48:03.165Z,MOBILE,Android
f53e2ca3-3161-4afb-a1fe-a9ac30f0f780,ATC,2020-06-16T10:55:23.165Z,MOBILE,Android
f53e2ca3-3161-4afb-a1fe-a9ac30f0f780,SER,2020-06-16T11:01:30.165Z,MOBILE,Android
d3886e43-a06a-4e03-9cc5-eeab94bede57,HP,2020-12-17T15:31:12.165Z,MOBILE,Android
d3886e43-a06a-4e03-9cc5-eeab94bede57,ATC,2020-12-18T17:08:06.165Z,MOBILE,Android
d3886e43-a06a-4e03-9cc5-eeab94bede57,SCR,2020-12-18T17:09:17.165Z,MOBILE,Android
d3886e43-a06a-4e03-9cc5-eeab94bede57,SER,2020-12-19T18:42:05.165Z,MOBILE,Android
d3886e43-a06a-4e03-9cc5-eeab94bede57,VI,2020-12-20T20:21:59.165Z,MOBILE,Android
b661e0a3-46e5-4b5c-bbd3-d793c47d8f6f,HP,2021-08-26T18:58:03.165Z,MOBILE,Android
b661e0a3-46e5-4b5c-bbd3-d793c47d8f6f,ATC,2021-08-30T20:34:28.165Z,MOBILE,Android
b661e0a3-46e5-4b5c-bbd3-d793c47d8f6f,SER,2021-08-30T20:41:10.165Z,MOBILE,Android
d8e75edc-fe73-498e-83a1-45eccfdc1ff3,HP,2023-03-14T22:53:49.165Z,MOBILE,Android
d8e75edc-fe73-498e-83a1-45eccfdc1ff3,ATC,2023-03-15T06:24:48.165Z,MOBILE,Android
d8e75edc-fe73-498e-83a1-45eccfdc1ff3,ATC,2023-03-15T14:05:20.165Z,MOBILE,Android
16625b71-b7d8-439e-9714-b162bd5e0f3c,HP,2023-04-17T16:47:36.165Z,MOBILE,Android
16625b71-b7d8-439e-9714-b162bd5e0f3c,ATC,2023-04-18T01:11:05.165Z,MOBILE,Android
16625b71-b7d8-439e-9714-b162bd5e0f3c,AP,2023-04-18T09:31:27.165Z,MOBILE,Android
16625b71-b7d8-439e-9714-b162bd5e0f3c,SER,2023-04-18T09:27:56.165Z,MOBILE,Android
16625b71-b7d8-439e-9714-b162bd5e0f3c,CL,2023-04-18T17:49:48.165Z,MOBILE,Android
16625b71-b7d8-439e-9714-b162bd5e0f3c,ATC,2023-04-19T10:31:42.165Z,MOBILE,Android
16625b71-b7d8-439e-9714-b162bd5e0f3c,SER,2023-04-19T18:48:41.165Z,MOBILE,Android
16625b71-b7d8-439e-9714-b162bd5e0f3c,CL,2023-04-20T03:05:52.165Z,MOBILE,Android
16625b71-b7d8-439e-9714-b162bd5e0f3c,CL,2023-04-20T19:51:02.165Z,MOBILE,Android
16625b71-b7d8-439e-9714-b162bd5e0f3c,SCR,2023-04-21T04:11:42.165Z,MOBILE,Android
d8e75edc-fe73-498e-83a1-45eccfdc1ff3,VI,2023-03-15T06:29:37.165Z,MOBILE,Android
16625b71-b7d8-439e-9714-b162bd5e0f3c,VI,2023-04-18T01:09:18.165Z,MOBILE,Android
16625b71-b7d8-439e-9714-b162bd5e0f3c,VI,2023-04-19T02:10:03.165Z,MOBILE,Android
38f02a1d-9dbb-4cd1-912a-91140fb92f08,HP,2020-06-10T18:26:14.080Z,MOBILE,Android
38f02a1d-9dbb-4cd1-912a-91140fb92f08,ATC,2020-06-10T21:31:36.080Z,MOBILE,Android
38f02a1d-9dbb-4cd1-912a-91140fb92f08,ATC,2020-06-11T00:32:21.080Z,MOBILE,Android
4375da34-a69f-4f81-8b4b-6e61dad6bfd3,VP,2019-03-09T11:01:50.270Z,MOBILE,Android
38f02a1d-9dbb-4cd1-912a-91140fb92f08,ATC,2020-06-11T03:38:06.080Z,MOBILE,Android
38f02a1d-9dbb-4cd1-912a-91140fb92f08,AP,2020-06-11T06:39:43.080Z,MOBILE,Android
38f02a1d-9dbb-4cd1-912a-91140fb92f08,CL,2020-06-10T21:28:43.080Z,MOBILE,Android
38f02a1d-9dbb-4cd1-912a-91140fb92f08,CL,2020-06-11T03:33:07.080Z,MOBILE,Android
38f02a1d-9dbb-4cd1-912a-91140fb92f08,VI,2020-06-11T00:29:23.080Z,MOBILE,Android
38f02a1d-9dbb-4cd1-912a-91140fb92f08,SER,2020-06-11T06:36:55.080Z,MOBILE,Android
38f02a1d-9dbb-4cd1-912a-91140fb92f08,SER,2020-06-11T09:36:31.080Z,MOBILE,Android
38f02a1d-9dbb-4cd1-912a-91140fb92f08,CL,2020-06-11T12:40:31.080Z,MOBILE,Android
38f02a1d-9dbb-4cd1-912a-91140fb92f08,CL,2020-06-11T15:45:58.080Z,MOBILE,Android
38f02a1d-9dbb-4cd1-912a-91140fb92f08,SER,2020-06-11T18:48:38.080Z,MOBILE,Android
38f02a1d-9dbb-4cd1-912a-91140fb92f08,SER,2020-06-11T21:49:55.080Z,MOBILE,Android
38f02a1d-9dbb-4cd1-912a-91140fb92f08,CL,2020-06-12T00:53:48.080Z,MOBILE,Android
38f02a1d-9dbb-4cd1-912a-91140fb92f08,SCR,2020-06-12T06:58:30.080Z,MOBILE,Android
38f02a1d-9dbb-4cd1-912a-91140fb92f08,HP,2020-06-12T10:00:00.080Z,MOBILE,Android
38f02a1d-9dbb-4cd1-912a-91140fb92f08,HP,2020-06-12T13:03:25.080Z,MOBILE,Android
38f02a1d-9dbb-4cd1-912a-91140fb92f08,CL,2020-06-12T19:09:02.080Z,MOBILE,Android
38f02a1d-9dbb-4cd1-912a-91140fb92f08,SCR,2020-06-12T22:14:42.080Z,MOBILE,Android
38f02a1d-9dbb-4cd1-912a-91140fb92f08,VI,2020-06-12T03:56:56.080Z,MOBILE,Android
38f02a1d-9dbb-4cd1-912a-91140fb92f08,VI,2020-06-13T01:17:39.080Z,MOBILE,Android
38f02a1d-9dbb-4cd1-912a-91140fb92f08,VI,2020-06-13T04:19:10.080Z,MOBILE,Android
752f664b-aa4b-4b19-a2e7-9e5cd35cab22,HP,2023-06-30T20:13:01.080Z,MOBILE,Android
752f664b-aa4b-4b19-a2e7-9e5cd35cab22,ATC,2023-07-01T20:05:48.080Z,MOBILE,Android
752f664b-aa4b-4b19-a2e7-9e5cd35cab22,SER,2023-07-03T20:06:13.080Z,MOBILE,Android
752f664b-aa4b-4b19-a2e7-9e5cd35cab22,SER,2023-07-04T19:59:31.080Z,MOBILE,Android
752f664b-aa4b-4b19-a2e7-9e5cd35cab22,HP,2023-07-05T19:44:02.080Z,MOBILE,Android
752f664b-aa4b-4b19-a2e7-9e5cd35cab22,CL,2023-07-06T19:45:41.080Z,MOBILE,Android
752f664b-aa4b-4b19-a2e7-9e5cd35cab22,CL,2023-07-07T19:42:51.080Z,MOBILE,Android
752f664b-aa4b-4b19-a2e7-9e5cd35cab22,CL,2023-07-08T19:40:37.080Z,MOBILE,Android
752f664b-aa4b-4b19-a2e7-9e5cd35cab22,SCR,2023-07-10T19:45:10.080Z,MOBILE,Android
4aea359c-1e4b-4c5f-8fd3-fb3e8413e8b3,HP,2023-10-15T17:50:07.426Z,MOBILE,iOS
4aea359c-1e4b-4c5f-8fd3-fb3e8413e8b3,ATC,2023-10-17T19:52:15.426Z,MOBILE,iOS
4aea359c-1e4b-4c5f-8fd3-fb3e8413e8b3,HP,2023-10-17T19:51:32.426Z,MOBILE,iOS
4aea359c-1e4b-4c5f-8fd3-fb3e8413e8b3,CL,2023-10-19T21:52:53.426Z,MOBILE,iOS
276044b7-7ced-4b21-9cc6-dae39a2157e9,HP,2022-10-24T18:50:36.475Z,MOBILE,Android
276044b7-7ced-4b21-9cc6-dae39a2157e9,ATC,2022-11-12T08:34:37.475Z,MOBILE,Android
276044b7-7ced-4b21-9cc6-dae39a2157e9,AP,2022-11-30T22:52:15.475Z,MOBILE,Android
276044b7-7ced-4b21-9cc6-dae39a2157e9,HP,2022-11-12T08:00:14.475Z,MOBILE,Android
276044b7-7ced-4b21-9cc6-dae39a2157e9,CL,2022-12-19T11:16:39.475Z,MOBILE,Android
276044b7-7ced-4b21-9cc6-dae39a2157e9,ATC,2023-01-07T01:26:25.475Z,MOBILE,Android
fbcb3b27-c4bb-4168-a8d1-f023f6d52600,HP,2019-11-02T06:07:14.371Z,WEB,Android
fbcb3b27-c4bb-4168-a8d1-f023f6d52600,ATC,2019-11-02T18:01:14.371Z,WEB,Android
fbcb3b27-c4bb-4168-a8d1-f023f6d52600,ATC,2019-11-03T05:51:48.371Z,WEB,Android
fbcb3b27-c4bb-4168-a8d1-f023f6d52600,ATC,2019-11-03T17:49:19.371Z,WEB,Android
fbcb3b27-c4bb-4168-a8d1-f023f6d52600,ATC,2019-11-04T05:44:18.371Z,WEB,Android
fbcb3b27-c4bb-4168-a8d1-f023f6d52600,HP,2019-11-03T05:53:51.371Z,WEB,Android
fbcb3b27-c4bb-4168-a8d1-f023f6d52600,HP,2019-11-03T17:41:40.371Z,WEB,Android
fbcb3b27-c4bb-4168-a8d1-f023f6d52600,CL,2019-11-04T05:35:48.371Z,WEB,Android
fbcb3b27-c4bb-4168-a8d1-f023f6d52600,SCR,2019-11-04T17:29:38.371Z,WEB,Android
95f1c860-441b-4e41-8846-85de25c42518,HP,2020-05-02T15:26:44.371Z,MOBILE,Android
95f1c860-441b-4e41-8846-85de25c42518,ATC,2020-05-07T06:53:34.371Z,MOBILE,Android
95f1c860-441b-4e41-8846-85de25c42518,CL,2020-05-07T06:49:41.371Z,MOBILE,Android
95f1c860-441b-4e41-8846-85de25c42518,HP,2020-05-11T22:37:20.371Z,MOBILE,Android
fbcb3b27-c4bb-4168-a8d1-f023f6d52600,VI,2019-11-02T18:00:02.371Z,WEB,Android
45836d77-9547-458d-b8da-818673dcd07a,HP,2022-07-15T05:01:13.371Z,MOBILE,Android
45836d77-9547-458d-b8da-818673dcd07a,ATC,2022-07-17T01:21:24.371Z,MOBILE,Android
45836d77-9547-458d-b8da-818673dcd07a,AP,2022-07-18T21:36:07.371Z,MOBILE,Android
45836d77-9547-458d-b8da-818673dcd07a,CL,2022-07-17T01:36:52.371Z,MOBILE,Android
45836d77-9547-458d-b8da-818673dcd07a,ATC,2022-07-18T21:54:46.371Z,MOBILE,Android
45836d77-9547-458d-b8da-818673dcd07a,CL,2022-07-24T10:47:59.371Z,MOBILE,Android
45836d77-9547-458d-b8da-818673dcd07a,ATC,2022-07-26T07:15:39.371Z,MOBILE,Android
45836d77-9547-458d-b8da-818673dcd07a,SER,2022-07-28T03:29:18.371Z,MOBILE,Android
45836d77-9547-458d-b8da-818673dcd07a,HP,2022-07-29T23:37:56.371Z,MOBILE,Android
45836d77-9547-458d-b8da-818673dcd07a,SCR,2022-07-31T19:53:33.371Z,MOBILE,Android
45836d77-9547-458d-b8da-818673dcd07a,ATC,2022-08-02T16:25:14.371Z,MOBILE,Android
45836d77-9547-458d-b8da-818673dcd07a,SCR,2022-08-04T12:45:19.371Z,MOBILE,Android
45836d77-9547-458d-b8da-818673dcd07a,CL,2022-08-06T09:03:52.371Z,MOBILE,Android
45836d77-9547-458d-b8da-818673dcd07a,CL,2022-08-08T05:21:59.371Z,MOBILE,Android
45836d77-9547-458d-b8da-818673dcd07a,ATC,2022-08-10T01:38:06.371Z,MOBILE,Android
45836d77-9547-458d-b8da-818673dcd07a,SCR,2022-08-11T21:56:33.371Z,MOBILE,Android
45836d77-9547-458d-b8da-818673dcd07a,VI,2022-07-20T18:11:17.371Z,MOBILE,Android
45836d77-9547-458d-b8da-818673dcd07a,VI,2022-07-22T14:25:28.371Z,MOBILE,Android
712a3cde-131c-4898-9ed6-1c0d755a4dfa,SCR,2023-07-29T05:05:02.425Z,MOBILE,Android
712a3cde-131c-4898-9ed6-1c0d755a4dfa,HP,2023-07-28T17:36:22.425Z,MOBILE,Android
712a3cde-131c-4898-9ed6-1c0d755a4dfa,ATC,2023-07-28T19:28:53.425Z,MOBILE,Android
712a3cde-131c-4898-9ed6-1c0d755a4dfa,ATC,2023-07-28T21:24:18.425Z,MOBILE,Android
712a3cde-131c-4898-9ed6-1c0d755a4dfa,CL,2023-07-28T19:29:51.425Z,MOBILE,Android
712a3cde-131c-4898-9ed6-1c0d755a4dfa,HP,2023-07-28T21:24:07.425Z,MOBILE,Android
712a3cde-131c-4898-9ed6-1c0d755a4dfa,CL,2023-07-28T23:20:11.425Z,MOBILE,Android
712a3cde-131c-4898-9ed6-1c0d755a4dfa,SCR,2023-07-29T01:16:36.425Z,MOBILE,Android
712a3cde-131c-4898-9ed6-1c0d755a4dfa,CL,2023-07-29T03:12:36.425Z,MOBILE,Android
712a3cde-131c-4898-9ed6-1c0d755a4dfa,SCR,2023-07-29T06:58:53.425Z,MOBILE,Android
712a3cde-131c-4898-9ed6-1c0d755a4dfa,HP,2023-07-29T08:53:00.425Z,MOBILE,Android
712a3cde-131c-4898-9ed6-1c0d755a4dfa,CL,2023-07-29T10:47:22.425Z,MOBILE,Android
712a3cde-131c-4898-9ed6-1c0d755a4dfa,CL,2023-07-29T16:28:27.425Z,MOBILE,Android
712a3cde-131c-4898-9ed6-1c0d755a4dfa,CL,2023-07-29T18:23:56.425Z,MOBILE,Android
712a3cde-131c-4898-9ed6-1c0d755a4dfa,HP,2023-07-29T22:12:58.425Z,MOBILE,Android
712a3cde-131c-4898-9ed6-1c0d755a4dfa,SER,2023-07-30T00:05:59.425Z,MOBILE,Android
712a3cde-131c-4898-9ed6-1c0d755a4dfa,SCR,2023-07-30T01:58:02.425Z,MOBILE,Android
712a3cde-131c-4898-9ed6-1c0d755a4dfa,HP,2023-07-30T03:49:28.425Z,MOBILE,Android
712a3cde-131c-4898-9ed6-1c0d755a4dfa,SER,2023-07-30T05:45:09.425Z,MOBILE,Android
712a3cde-131c-4898-9ed6-1c0d755a4dfa,CL,2023-07-30T07:40:16.425Z,MOBILE,Android
712a3cde-131c-4898-9ed6-1c0d755a4dfa,HP,2023-07-30T11:32:10.425Z,MOBILE,Android
712a3cde-131c-4898-9ed6-1c0d755a4dfa,SCR,2023-07-30T13:24:30.425Z,MOBILE,Android
712a3cde-131c-4898-9ed6-1c0d755a4dfa,SCR,2023-07-30T15:19:00.425Z,MOBILE,Android
712a3cde-131c-4898-9ed6-1c0d755a4dfa,CL,2023-07-30T17:11:18.425Z,MOBILE,Android
712a3cde-131c-4898-9ed6-1c0d755a4dfa,HP,2023-07-30T19:05:31.425Z,MOBILE,Android
712a3cde-131c-4898-9ed6-1c0d755a4dfa,HP,2023-07-30T20:58:54.425Z,MOBILE,Android
712a3cde-131c-4898-9ed6-1c0d755a4dfa,SCR,2023-07-30T22:54:24.425Z,MOBILE,Android
712a3cde-131c-4898-9ed6-1c0d755a4dfa,SCR,2023-07-31T02:40:26.425Z,MOBILE,Android
712a3cde-131c-4898-9ed6-1c0d755a4dfa,HP,2023-07-31T04:33:48.425Z,MOBILE,Android
712a3cde-131c-4898-9ed6-1c0d755a4dfa,CL,2023-07-31T06:31:28.425Z,MOBILE,Android
712a3cde-131c-4898-9ed6-1c0d755a4dfa,CL,2023-07-31T08:24:17.425Z,MOBILE,Android
712a3cde-131c-4898-9ed6-1c0d755a4dfa,CL,2023-07-31T10:15:49.425Z,MOBILE,Android
712a3cde-131c-4898-9ed6-1c0d755a4dfa,HP,2023-07-31T12:10:14.425Z,MOBILE,Android
712a3cde-131c-4898-9ed6-1c0d755a4dfa,CL,2023-07-31T15:58:53.425Z,MOBILE,Android
712a3cde-131c-4898-9ed6-1c0d755a4dfa,CL,2023-07-31T17:52:20.425Z,MOBILE,Android
712a3cde-131c-4898-9ed6-1c0d755a4dfa,SER,2023-07-31T19:47:46.425Z,MOBILE,Android
712a3cde-131c-4898-9ed6-1c0d755a4dfa,SCR,2023-07-31T21:44:03.425Z,MOBILE,Android
712a3cde-131c-4898-9ed6-1c0d755a4dfa,CL,2023-07-31T23:37:09.425Z,MOBILE,Android
712a3cde-131c-4898-9ed6-1c0d755a4dfa,CL,2023-08-01T05:23:20.425Z,MOBILE,Android
712a3cde-131c-4898-9ed6-1c0d755a4dfa,SER,2023-08-01T07:16:40.425Z,MOBILE,Android
712a3cde-131c-4898-9ed6-1c0d755a4dfa,SER,2023-08-01T09:10:22.425Z,MOBILE,Android
712a3cde-131c-4898-9ed6-1c0d755a4dfa,CL,2023-08-01T11:06:01.425Z,MOBILE,Android
712a3cde-131c-4898-9ed6-1c0d755a4dfa,SER,2023-08-01T12:59:46.425Z,MOBILE,Android
712a3cde-131c-4898-9ed6-1c0d755a4dfa,SER,2023-08-01T14:57:07.425Z,MOBILE,Android
712a3cde-131c-4898-9ed6-1c0d755a4dfa,HP,2023-08-01T16:48:39.425Z,MOBILE,Android
712a3cde-131c-4898-9ed6-1c0d755a4dfa,SER,2023-08-01T20:34:25.425Z,MOBILE,Android
712a3cde-131c-4898-9ed6-1c0d755a4dfa,SCR,2023-08-01T22:26:47.425Z,MOBILE,Android
712a3cde-131c-4898-9ed6-1c0d755a4dfa,VI,2023-07-29T12:40:47.425Z,MOBILE,Android
712a3cde-131c-4898-9ed6-1c0d755a4dfa,VI,2023-07-29T14:31:56.425Z,MOBILE,Android
d7f994a1-82c2-450f-8a42-2c5205dc298f,HP,2023-08-24T15:03:39.704Z,MOBILE,iOS
d7f994a1-82c2-450f-8a42-2c5205dc298f,ATC,2023-08-24T17:06:44.704Z,MOBILE,iOS
d7f994a1-82c2-450f-8a42-2c5205dc298f,SCR,2023-08-24T17:06:50.704Z,MOBILE,iOS
d7f994a1-82c2-450f-8a42-2c5205dc298f,VI,2023-08-24T19:06:23.704Z,MOBILE,iOS
d7f994a1-82c2-450f-8a42-2c5205dc298f,VI,2023-08-24T21:11:14.704Z,MOBILE,iOS
93e846a3-6fff-4284-aa3b-0f4500ed851d,HP,2023-11-06T06:21:14.704Z,WEB,iOS
93e846a3-6fff-4284-aa3b-0f4500ed851d,ATC,2023-11-06T18:19:03.704Z,WEB,iOS
93e846a3-6fff-4284-aa3b-0f4500ed851d,SCR,2023-11-06T18:14:37.704Z,WEB,iOS
93e846a3-6fff-4284-aa3b-0f4500ed851d,SCR,2023-11-07T06:00:47.704Z,WEB,iOS
93e846a3-6fff-4284-aa3b-0f4500ed851d,HP,2023-11-07T17:57:11.704Z,WEB,iOS
93e846a3-6fff-4284-aa3b-0f4500ed851d,HP,2023-11-08T05:48:35.704Z,WEB,iOS
93e846a3-6fff-4284-aa3b-0f4500ed851d,CL,2023-11-09T05:35:16.704Z,WEB,iOS
93e846a3-6fff-4284-aa3b-0f4500ed851d,CL,2023-11-09T17:31:42.704Z,WEB,iOS
93e846a3-6fff-4284-aa3b-0f4500ed851d,CL,2023-11-10T05:21:19.704Z,WEB,iOS
93e846a3-6fff-4284-aa3b-0f4500ed851d,SER,2023-11-12T23:02:18.704Z,WEB,iOS
93e846a3-6fff-4284-aa3b-0f4500ed851d,SCR,2023-11-14T16:28:25.704Z,WEB,iOS
c9f7c377-075b-4240-bf91-3802eff72cbf,HP,2023-11-17T19:06:21.704Z,MOBILE,iOS
c9f7c377-075b-4240-bf91-3802eff72cbf,ATC,2023-11-17T20:43:33.704Z,MOBILE,iOS
c9f7c377-075b-4240-bf91-3802eff72cbf,HP,2023-11-17T22:18:53.704Z,MOBILE,iOS
c9f7c377-075b-4240-bf91-3802eff72cbf,CL,2023-11-17T23:51:33.704Z,MOBILE,iOS
c9f7c377-075b-4240-bf91-3802eff72cbf,CL,2023-11-18T01:28:54.704Z,MOBILE,iOS
c9f7c377-075b-4240-bf91-3802eff72cbf,HP,2023-11-18T03:07:21.704Z,MOBILE,iOS
c9f7c377-075b-4240-bf91-3802eff72cbf,SER,2023-11-18T06:24:12.704Z,MOBILE,iOS
c9f7c377-075b-4240-bf91-3802eff72cbf,CL,2023-11-18T08:04:30.704Z,MOBILE,iOS
c9f7c377-075b-4240-bf91-3802eff72cbf,CL,2023-11-18T09:39:51.704Z,MOBILE,iOS
c9f7c377-075b-4240-bf91-3802eff72cbf,CL,2023-11-18T11:19:40.704Z,MOBILE,iOS
c9f7c377-075b-4240-bf91-3802eff72cbf,HP,2023-11-18T12:57:33.704Z,MOBILE,iOS
c9f7c377-075b-4240-bf91-3802eff72cbf,HP,2023-11-18T14:34:46.704Z,MOBILE,iOS
c9f7c377-075b-4240-bf91-3802eff72cbf,HP,2023-11-18T16:13:02.704Z,MOBILE,iOS
c9f7c377-075b-4240-bf91-3802eff72cbf,SCR,2023-11-18T17:51:56.704Z,MOBILE,iOS
c9f7c377-075b-4240-bf91-3802eff72cbf,SER,2023-11-19T00:23:38.704Z,MOBILE,iOS
c9f7c377-075b-4240-bf91-3802eff72cbf,CL,2023-11-19T03:39:24.704Z,MOBILE,iOS
c9f7c377-075b-4240-bf91-3802eff72cbf,CL,2023-11-19T05:15:31.704Z,MOBILE,iOS
c9f7c377-075b-4240-bf91-3802eff72cbf,SCR,2023-11-19T08:30:10.704Z,MOBILE,iOS
c9f7c377-075b-4240-bf91-3802eff72cbf,SER,2023-11-19T11:44:36.704Z,MOBILE,iOS
c9f7c377-075b-4240-bf91-3802eff72cbf,CL,2023-11-19T15:00:26.704Z,MOBILE,iOS
c9f7c377-075b-4240-bf91-3802eff72cbf,CL,2023-11-19T16:40:46.704Z,MOBILE,iOS
c9f7c377-075b-4240-bf91-3802eff72cbf,SCR,2023-11-19T18:19:03.704Z,MOBILE,iOS
c9f7c377-075b-4240-bf91-3802eff72cbf,CL,2023-11-19T19:55:52.704Z,MOBILE,iOS
c9f7c377-075b-4240-bf91-3802eff72cbf,SCR,2023-11-19T21:34:22.704Z,MOBILE,iOS
c9f7c377-075b-4240-bf91-3802eff72cbf,HP,2023-11-19T23:12:54.704Z,MOBILE,iOS
c9f7c377-075b-4240-bf91-3802eff72cbf,CL,2023-11-20T00:51:04.704Z,MOBILE,iOS
c9f7c377-075b-4240-bf91-3802eff72cbf,SCR,2023-11-20T04:04:31.704Z,MOBILE,iOS
c9f7c377-075b-4240-bf91-3802eff72cbf,CL,2023-11-20T07:19:36.704Z,MOBILE,iOS
c9f7c377-075b-4240-bf91-3802eff72cbf,SER,2023-11-20T12:13:21.704Z,MOBILE,iOS
c9f7c377-075b-4240-bf91-3802eff72cbf,CL,2023-11-20T13:53:07.704Z,MOBILE,iOS
c9f7c377-075b-4240-bf91-3802eff72cbf,SER,2023-11-20T15:32:41.704Z,MOBILE,iOS
c9f7c377-075b-4240-bf91-3802eff72cbf,SCR,2023-11-20T17:09:58.704Z,MOBILE,iOS
c9f7c377-075b-4240-bf91-3802eff72cbf,SCR,2023-11-20T18:49:34.704Z,MOBILE,iOS
c9f7c377-075b-4240-bf91-3802eff72cbf,SCR,2023-11-20T20:27:55.704Z,MOBILE,iOS
c9f7c377-075b-4240-bf91-3802eff72cbf,SCR,2023-11-20T22:06:50.704Z,MOBILE,iOS
c9f7c377-075b-4240-bf91-3802eff72cbf,CL,2023-11-20T23:44:56.704Z,MOBILE,iOS
c9f7c377-075b-4240-bf91-3802eff72cbf,SER,2023-11-21T01:21:54.704Z,MOBILE,iOS
c9f7c377-075b-4240-bf91-3802eff72cbf,SCR,2023-11-21T03:00:53.704Z,MOBILE,iOS
c9f7c377-075b-4240-bf91-3802eff72cbf,SER,2023-11-21T06:18:57.704Z,MOBILE,iOS
c9f7c377-075b-4240-bf91-3802eff72cbf,CL,2023-11-21T09:36:36.704Z,MOBILE,iOS
c9f7c377-075b-4240-bf91-3802eff72cbf,HP,2023-11-21T11:13:47.704Z,MOBILE,iOS
c9f7c377-075b-4240-bf91-3802eff72cbf,SCR,2023-11-21T12:52:13.704Z,MOBILE,iOS
c9f7c377-075b-4240-bf91-3802eff72cbf,CL,2023-11-21T14:28:16.704Z,MOBILE,iOS
c9f7c377-075b-4240-bf91-3802eff72cbf,SCR,2023-11-21T17:42:51.704Z,MOBILE,iOS
c9f7c377-075b-4240-bf91-3802eff72cbf,CL,2023-11-21T19:21:52.704Z,MOBILE,iOS
93e846a3-6fff-4284-aa3b-0f4500ed851d,VI,2023-11-08T17:44:24.704Z,WEB,iOS
93e846a3-6fff-4284-aa3b-0f4500ed851d,VI,2023-11-16T09:50:45.704Z,WEB,iOS
c9f7c377-075b-4240-bf91-3802eff72cbf,VI,2023-11-17T20:43:40.704Z,MOBILE,iOS
c9f7c377-075b-4240-bf91-3802eff72cbf,SCR,2023-11-21T22:40:26.704Z,MOBILE,iOS
c9f7c377-075b-4240-bf91-3802eff72cbf,CL,2023-11-22T00:19:59.704Z,MOBILE,iOS
c9f7c377-075b-4240-bf91-3802eff72cbf,SCR,2023-11-22T01:59:02.704Z,MOBILE,iOS
c9f7c377-075b-4240-bf91-3802eff72cbf,SER,2023-11-22T05:13:07.704Z,MOBILE,iOS
c9f7c377-075b-4240-bf91-3802eff72cbf,SCR,2023-11-22T06:49:33.704Z,MOBILE,iOS
c9f7c377-075b-4240-bf91-3802eff72cbf,CL,2023-11-22T08:29:53.704Z,MOBILE,iOS
c9f7c377-075b-4240-bf91-3802eff72cbf,SER,2023-11-22T10:07:07.704Z,MOBILE,iOS
c9f7c377-075b-4240-bf91-3802eff72cbf,CL,2023-11-22T15:00:27.704Z,MOBILE,iOS
c9f7c377-075b-4240-bf91-3802eff72cbf,SER,2023-11-22T16:38:05.704Z,MOBILE,iOS
c9f7c377-075b-4240-bf91-3802eff72cbf,SCR,2023-11-22T18:14:19.704Z,MOBILE,iOS
c9f7c377-075b-4240-bf91-3802eff72cbf,SCR,2023-11-22T19:52:03.704Z,MOBILE,iOS
c9f7c377-075b-4240-bf91-3802eff72cbf,CL,2023-11-22T23:09:53.704Z,MOBILE,iOS
c9f7c377-075b-4240-bf91-3802eff72cbf,HP,2023-11-23T00:47:45.704Z,MOBILE,iOS
c9f7c377-075b-4240-bf91-3802eff72cbf,SCR,2023-11-23T02:27:44.704Z,MOBILE,iOS
c9f7c377-075b-4240-bf91-3802eff72cbf,SCR,2023-11-23T04:05:43.704Z,MOBILE,iOS
c9f7c377-075b-4240-bf91-3802eff72cbf,CL,2023-11-23T05:43:51.704Z,MOBILE,iOS
c9f7c377-075b-4240-bf91-3802eff72cbf,CL,2023-11-23T07:23:39.704Z,MOBILE,iOS
c9f7c377-075b-4240-bf91-3802eff72cbf,CL,2023-11-23T10:42:18.704Z,MOBILE,iOS
c9f7c377-075b-4240-bf91-3802eff72cbf,HP,2023-11-23T12:20:05.704Z,MOBILE,iOS
c9f7c377-075b-4240-bf91-3802eff72cbf,SCR,2023-11-23T13:58:54.704Z,MOBILE,iOS
c9f7c377-075b-4240-bf91-3802eff72cbf,SCR,2023-11-23T17:13:48.704Z,MOBILE,iOS
c9f7c377-075b-4240-bf91-3802eff72cbf,SER,2023-11-23T20:27:30.704Z,MOBILE,iOS
c9f7c377-075b-4240-bf91-3802eff72cbf,SCR,2023-11-23T22:05:59.704Z,MOBILE,iOS
c9f7c377-075b-4240-bf91-3802eff72cbf,SER,2023-11-23T23:43:42.704Z,MOBILE,iOS
c9f7c377-075b-4240-bf91-3802eff72cbf,CL,2023-11-24T03:02:18.704Z,MOBILE,iOS
c9f7c377-075b-4240-bf91-3802eff72cbf,VI,2023-11-21T21:01:36.704Z,MOBILE,iOS
c9f7c377-075b-4240-bf91-3802eff72cbf,VI,2023-11-22T03:35:27.704Z,MOBILE,iOS
c9f7c377-075b-4240-bf91-3802eff72cbf,VI,2023-11-22T11:43:13.704Z,MOBILE,iOS
c9f7c377-075b-4240-bf91-3802eff72cbf,VI,2023-11-22T21:30:39.704Z,MOBILE,iOS
14904c5b-93e8-4b65-9ffa-fce09b7ad98c,HP,2023-06-24T23:55:25.443Z,MOBILE,Android
14904c5b-93e8-4b65-9ffa-fce09b7ad98c,ATC,2023-06-25T10:42:57.443Z,MOBILE,Android
14904c5b-93e8-4b65-9ffa-fce09b7ad98c,SER,2023-06-25T10:49:32.443Z,MOBILE,Android
14904c5b-93e8-4b65-9ffa-fce09b7ad98c,SER,2023-06-25T21:42:22.443Z,MOBILE,Android
d989927f-cf5c-4c72-85cd-40e6df8e2c58,HP,2019-08-04T17:14:13.017Z,MOBILE,Android
d989927f-cf5c-4c72-85cd-40e6df8e2c58,ATC,2019-08-04T17:19:16.017Z,MOBILE,Android
d989927f-cf5c-4c72-85cd-40e6df8e2c58,AP,2019-08-04T17:24:27.017Z,MOBILE,Android
d989927f-cf5c-4c72-85cd-40e6df8e2c58,SER,2019-08-04T17:19:06.017Z,MOBILE,Android
999ac743-42bf-44c1-876b-8b5f1e2dec11,HP,2020-03-16T09:16:39.501Z,MOBILE,Android
999ac743-42bf-44c1-876b-8b5f1e2dec11,ATC,2020-03-18T02:00:19.501Z,MOBILE,Android
999ac743-42bf-44c1-876b-8b5f1e2dec11,AP,2020-03-19T18:52:48.501Z,MOBILE,Android
999ac743-42bf-44c1-876b-8b5f1e2dec11,SCR,2020-03-18T01:56:47.501Z,MOBILE,Android
999ac743-42bf-44c1-876b-8b5f1e2dec11,SER,2020-03-19T18:42:23.501Z,MOBILE,Android
6f44f035-ef9e-46f6-8782-0c0f906261d2,HP,2021-06-30T09:07:26.501Z,MOBILE,Android
6f44f035-ef9e-46f6-8782-0c0f906261d2,ATC,2021-06-30T13:13:31.501Z,MOBILE,Android
6f44f035-ef9e-46f6-8782-0c0f906261d2,AP,2021-06-30T17:17:27.501Z,MOBILE,Android
6f44f035-ef9e-46f6-8782-0c0f906261d2,SCR,2021-06-30T13:09:21.501Z,MOBILE,Android
6f44f035-ef9e-46f6-8782-0c0f906261d2,HP,2021-06-30T21:17:01.501Z,MOBILE,Android
6f44f035-ef9e-46f6-8782-0c0f906261d2,CL,2021-07-01T01:21:37.501Z,MOBILE,Android
6f44f035-ef9e-46f6-8782-0c0f906261d2,HP,2021-07-01T05:26:55.501Z,MOBILE,Android
6f44f035-ef9e-46f6-8782-0c0f906261d2,ATC,2021-07-01T09:24:38.501Z,MOBILE,Android
6f44f035-ef9e-46f6-8782-0c0f906261d2,HP,2021-07-01T13:29:36.501Z,MOBILE,Android
6f44f035-ef9e-46f6-8782-0c0f906261d2,VI,2021-06-30T17:14:00.501Z,MOBILE,Android
10bb3b1c-0a8a-457e-bcfa-c96f7435e96b,HP,2022-07-10T17:31:10.501Z,MOBILE,Android
10bb3b1c-0a8a-457e-bcfa-c96f7435e96b,ATC,2022-07-11T05:16:19.501Z,MOBILE,Android
10bb3b1c-0a8a-457e-bcfa-c96f7435e96b,AP,2022-07-11T17:00:05.501Z,MOBILE,Android
10bb3b1c-0a8a-457e-bcfa-c96f7435e96b,CL,2022-07-11T05:19:19.501Z,MOBILE,Android
10bb3b1c-0a8a-457e-bcfa-c96f7435e96b,CL,2022-07-11T17:03:15.501Z,MOBILE,Android
9bd7a750-4778-4fc3-aa56-cceadb19ca99,HP,2022-07-31T10:34:10.501Z,MOBILE,Android
9bd7a750-4778-4fc3-aa56-cceadb19ca99,ATC,2022-08-03T03:06:51.501Z,MOBILE,Android
9bd7a750-4778-4fc3-aa56-cceadb19ca99,CL,2022-08-03T02:56:51.501Z,MOBILE,Android
9bd7a750-4778-4fc3-aa56-cceadb19ca99,VI,2022-08-05T19:21:34.501Z,MOBILE,Android
5b89c754-5da2-4396-881d-75e712490d5e,HP,2023-05-27T06:59:47.501Z,MOBILE,Android
5b89c754-5da2-4396-881d-75e712490d5e,ATC,2023-05-27T08:22:28.501Z,MOBILE,Android
5b89c754-5da2-4396-881d-75e712490d5e,CL,2023-05-27T08:24:22.501Z,MOBILE,Android
5b89c754-5da2-4396-881d-75e712490d5e,CL,2023-05-27T09:49:21.501Z,MOBILE,Android
5b89c754-5da2-4396-881d-75e712490d5e,SCR,2023-05-27T11:13:24.501Z,MOBILE,Android
5b89c754-5da2-4396-881d-75e712490d5e,SCR,2023-05-27T12:37:20.501Z,MOBILE,Android
5b89c754-5da2-4396-881d-75e712490d5e,ATC,2023-05-27T14:00:44.501Z,MOBILE,Android
5b89c754-5da2-4396-881d-75e712490d5e,CL,2023-05-27T15:25:32.501Z,MOBILE,Android
5b89c754-5da2-4396-881d-75e712490d5e,CL,2023-05-27T16:49:50.501Z,MOBILE,Android
5b89c754-5da2-4396-881d-75e712490d5e,SER,2023-05-27T18:14:43.501Z,MOBILE,Android
5b89c754-5da2-4396-881d-75e712490d5e,ATC,2023-05-27T19:39:58.501Z,MOBILE,Android
5b89c754-5da2-4396-881d-75e712490d5e,HP,2023-05-27T21:04:35.501Z,MOBILE,Android
5b89c754-5da2-4396-881d-75e712490d5e,CL,2023-05-27T23:52:52.501Z,MOBILE,Android
5b89c754-5da2-4396-881d-75e712490d5e,HP,2023-05-28T01:17:23.501Z,MOBILE,Android
5b89c754-5da2-4396-881d-75e712490d5e,CL,2023-05-28T02:43:45.501Z,MOBILE,Android
5acdd067-5e9f-43dd-a2e5-12ea8b77cf5c,HP,2023-06-20T15:26:11.501Z,MOBILE,Android
5acdd067-5e9f-43dd-a2e5-12ea8b77cf5c,ATC,2023-06-21T10:42:08.501Z,MOBILE,Android
5acdd067-5e9f-43dd-a2e5-12ea8b77cf5c,ATC,2023-06-22T05:56:35.501Z,MOBILE,Android
5acdd067-5e9f-43dd-a2e5-12ea8b77cf5c,ATC,2023-06-23T01:16:44.501Z,MOBILE,Android
5acdd067-5e9f-43dd-a2e5-12ea8b77cf5c,ATC,2023-06-23T20:22:05.501Z,MOBILE,Android
5acdd067-5e9f-43dd-a2e5-12ea8b77cf5c,ATC,2023-06-24T15:33:46.501Z,MOBILE,Android
5acdd067-5e9f-43dd-a2e5-12ea8b77cf5c,ATC,2023-06-21T10:36:05.501Z,MOBILE,Android
5b89c754-5da2-4396-881d-75e712490d5e,VI,2023-05-27T22:28:44.501Z,MOBILE,Android
7f6a942c-64ad-476f-8208-e42267029457,HP,2020-08-18T05:45:03.747Z,MOBILE,iOS
7f6a942c-64ad-476f-8208-e42267029457,ATC,2020-08-18T18:44:55.747Z,MOBILE,iOS
7f6a942c-64ad-476f-8208-e42267029457,SER,2020-08-18T18:56:59.747Z,MOBILE,iOS
7f6a942c-64ad-476f-8208-e42267029457,SER,2020-08-19T21:10:02.747Z,MOBILE,iOS
7f6a942c-64ad-476f-8208-e42267029457,VI,2020-08-19T08:01:58.747Z,MOBILE,iOS
3166c6ba-413f-4a74-a186-e469cd8b2be5,HP,2023-06-22T10:49:51.200Z,MOBILE,Android
3166c6ba-413f-4a74-a186-e469cd8b2be5,ATC,2023-06-22T13:06:05.200Z,MOBILE,Android
3166c6ba-413f-4a74-a186-e469cd8b2be5,ATC,2023-06-22T15:24:55.200Z,MOBILE,Android
3166c6ba-413f-4a74-a186-e469cd8b2be5,HP,2023-06-22T13:08:49.200Z,MOBILE,Android
3166c6ba-413f-4a74-a186-e469cd8b2be5,CL,2023-06-22T15:27:11.200Z,MOBILE,Android
f4233253-dab6-44d6-a0cd-08304122b025,HP,2023-08-17T20:18:17.200Z,WEB,Android
f4233253-dab6-44d6-a0cd-08304122b025,ATC,2023-08-18T12:39:10.200Z,WEB,Android
f4233253-dab6-44d6-a0cd-08304122b025,HP,2023-08-18T12:43:38.200Z,WEB,Android
f4233253-dab6-44d6-a0cd-08304122b025,SCR,2023-08-19T05:16:17.200Z,WEB,Android
f4233253-dab6-44d6-a0cd-08304122b025,SER,2023-08-19T21:47:07.200Z,WEB,Android
f4233253-dab6-44d6-a0cd-08304122b025,CL,2023-08-20T14:20:27.200Z,WEB,Android
f4233253-dab6-44d6-a0cd-08304122b025,HP,2023-08-29T06:27:03.200Z,WEB,Android
f4233253-dab6-44d6-a0cd-08304122b025,HP,2023-08-31T16:45:23.200Z,WEB,Android
22de7912-58e9-41d0-a1e5-4da5f01ec57f,HP,2020-06-29T19:01:09.954Z,MOBILE,iOS
22de7912-58e9-41d0-a1e5-4da5f01ec57f,ATC,2020-06-30T06:21:44.954Z,MOBILE,iOS
22de7912-58e9-41d0-a1e5-4da5f01ec57f,HP,2020-06-30T06:15:39.954Z,MOBILE,iOS
22de7912-58e9-41d0-a1e5-4da5f01ec57f,ATC,2020-06-30T17:36:40.954Z,MOBILE,iOS
22de7912-58e9-41d0-a1e5-4da5f01ec57f,SCR,2020-07-01T16:18:35.954Z,MOBILE,iOS
22de7912-58e9-41d0-a1e5-4da5f01ec57f,ATC,2020-07-02T14:54:56.954Z,MOBILE,iOS
22de7912-58e9-41d0-a1e5-4da5f01ec57f,SCR,2020-07-03T02:15:39.954Z,MOBILE,iOS
22de7912-58e9-41d0-a1e5-4da5f01ec57f,ATC,2020-07-03T13:31:21.954Z,MOBILE,iOS
22de7912-58e9-41d0-a1e5-4da5f01ec57f,SER,2020-07-04T00:45:38.954Z,MOBILE,iOS
22de7912-58e9-41d0-a1e5-4da5f01ec57f,CL,2020-07-04T12:02:27.954Z,MOBILE,iOS
22de7912-58e9-41d0-a1e5-4da5f01ec57f,VI,2020-07-01T04:57:25.954Z,MOBILE,iOS
0211acad-445a-4e3e-bef2-d76ebbc9e207,CL,2021-08-09T22:09:42.820Z,MOBILE,Android
be2b9396-303e-420e-8bf2-e5f432d2f101,HP,2022-09-07T12:14:58.954Z,WEB,iOS
be2b9396-303e-420e-8bf2-e5f432d2f101,ATC,2022-09-10T13:37:39.954Z,WEB,iOS
be2b9396-303e-420e-8bf2-e5f432d2f101,ATC,2022-09-10T13:40:44.954Z,WEB,iOS
be2b9396-303e-420e-8bf2-e5f432d2f101,SCR,2022-09-13T14:58:30.954Z,WEB,iOS
99921fd5-d7d8-40ba-8ffe-9dd4f407f2d4,HP,2022-10-12T08:34:50.954Z,MOBILE,iOS
99921fd5-d7d8-40ba-8ffe-9dd4f407f2d4,ATC,2022-10-14T10:50:08.954Z,MOBILE,iOS
99921fd5-d7d8-40ba-8ffe-9dd4f407f2d4,CL,2022-10-14T10:46:11.954Z,MOBILE,iOS
99921fd5-d7d8-40ba-8ffe-9dd4f407f2d4,SER,2022-10-16T12:58:38.954Z,MOBILE,iOS
99921fd5-d7d8-40ba-8ffe-9dd4f407f2d4,HP,2022-10-18T15:07:00.954Z,MOBILE,iOS
73c32c58-5dba-4228-bf8d-e8b584a7477f,HP,2022-12-20T10:46:51.954Z,MOBILE,iOS
73c32c58-5dba-4228-bf8d-e8b584a7477f,ATC,2022-12-20T13:43:45.954Z,MOBILE,iOS
73c32c58-5dba-4228-bf8d-e8b584a7477f,AP,2022-12-20T16:41:21.954Z,MOBILE,iOS
73c32c58-5dba-4228-bf8d-e8b584a7477f,HP,2022-12-20T13:44:18.954Z,MOBILE,iOS
73c32c58-5dba-4228-bf8d-e8b584a7477f,ATC,2022-12-20T16:42:19.954Z,MOBILE,iOS
73c32c58-5dba-4228-bf8d-e8b584a7477f,HP,2022-12-20T19:45:38.954Z,MOBILE,iOS
73c32c58-5dba-4228-bf8d-e8b584a7477f,ATC,2022-12-20T22:44:09.954Z,MOBILE,iOS
73c32c58-5dba-4228-bf8d-e8b584a7477f,ATC,2022-12-21T01:43:03.954Z,MOBILE,iOS
73c32c58-5dba-4228-bf8d-e8b584a7477f,SER,2022-12-21T04:41:38.954Z,MOBILE,iOS
73c32c58-5dba-4228-bf8d-e8b584a7477f,SER,2022-12-21T07:42:46.954Z,MOBILE,iOS
73c32c58-5dba-4228-bf8d-e8b584a7477f,SER,2022-12-21T10:38:53.954Z,MOBILE,iOS
be2b9396-303e-420e-8bf2-e5f432d2f101,VI,2022-09-16T16:15:22.954Z,WEB,iOS
8020ec4a-d8b3-43de-a5ba-b1c7150aea78,HP,2023-10-02T08:14:32.954Z,MOBILE,iOS
8020ec4a-d8b3-43de-a5ba-b1c7150aea78,ATC,2023-10-03T02:08:00.954Z,MOBILE,iOS
8020ec4a-d8b3-43de-a5ba-b1c7150aea78,HP,2023-10-03T02:01:27.954Z,MOBILE,iOS
8020ec4a-d8b3-43de-a5ba-b1c7150aea78,HP,2023-10-04T13:45:22.954Z,MOBILE,iOS
8020ec4a-d8b3-43de-a5ba-b1c7150aea78,SCR,2023-10-05T07:42:08.954Z,MOBILE,iOS
8020ec4a-d8b3-43de-a5ba-b1c7150aea78,CL,2023-10-06T01:29:11.954Z,MOBILE,iOS
8020ec4a-d8b3-43de-a5ba-b1c7150aea78,CL,2023-10-06T19:25:12.954Z,MOBILE,iOS
8020ec4a-d8b3-43de-a5ba-b1c7150aea78,ATC,2023-10-07T13:16:49.954Z,MOBILE,iOS
8020ec4a-d8b3-43de-a5ba-b1c7150aea78,HP,2023-10-08T06:58:08.954Z,MOBILE,iOS
8020ec4a-d8b3-43de-a5ba-b1c7150aea78,ATC,2023-10-09T00:48:18.954Z,MOBILE,iOS
8020ec4a-d8b3-43de-a5ba-b1c7150aea78,SER,2023-10-09T18:34:39.954Z,MOBILE,iOS
8020ec4a-d8b3-43de-a5ba-b1c7150aea78,ATC,2023-10-11T06:16:33.954Z,MOBILE,iOS
8020ec4a-d8b3-43de-a5ba-b1c7150aea78,SCR,2023-10-12T00:04:17.954Z,MOBILE,iOS
8020ec4a-d8b3-43de-a5ba-b1c7150aea78,CL,2023-10-12T17:50:43.954Z,MOBILE,iOS
8020ec4a-d8b3-43de-a5ba-b1c7150aea78,SER,2023-10-13T11:41:49.954Z,MOBILE,iOS
8020ec4a-d8b3-43de-a5ba-b1c7150aea78,SER,2023-10-15T17:07:02.954Z,MOBILE,iOS
8020ec4a-d8b3-43de-a5ba-b1c7150aea78,ATC,2023-10-16T10:54:42.954Z,MOBILE,iOS
54664c5d-8f3c-4e14-ac53-7e722ab76d5f,HP,2023-11-27T03:24:32.954Z,MOBILE,iOS
54664c5d-8f3c-4e14-ac53-7e722ab76d5f,ATC,2023-12-02T02:22:42.954Z,MOBILE,iOS
54664c5d-8f3c-4e14-ac53-7e722ab76d5f,HP,2023-12-02T02:11:54.954Z,MOBILE,iOS
54664c5d-8f3c-4e14-ac53-7e722ab76d5f,CL,2023-12-07T01:00:35.954Z,MOBILE,iOS
8020ec4a-d8b3-43de-a5ba-b1c7150aea78,VI,2023-10-03T19:48:35.954Z,MOBILE,iOS
8020ec4a-d8b3-43de-a5ba-b1c7150aea78,VI,2023-10-10T12:23:45.954Z,MOBILE,iOS
8020ec4a-d8b3-43de-a5ba-b1c7150aea78,VI,2023-10-14T05:30:31.954Z,MOBILE,iOS
8020ec4a-d8b3-43de-a5ba-b1c7150aea78,VI,2023-10-14T23:18:32.954Z,MOBILE,iOS
0211acad-445a-4e3e-bef2-d76ebbc9e207,SCR,2021-08-10T00:53:59.820Z,MOBILE,Android
0211acad-445a-4e3e-bef2-d76ebbc9e207,HP,2021-08-07T13:13:21.820Z,MOBILE,Android
0211acad-445a-4e3e-bef2-d76ebbc9e207,ATC,2021-08-07T15:51:30.820Z,MOBILE,Android
0211acad-445a-4e3e-bef2-d76ebbc9e207,AP,2021-08-07T18:34:11.820Z,MOBILE,Android
0211acad-445a-4e3e-bef2-d76ebbc9e207,CL,2021-08-07T21:24:30.820Z,MOBILE,Android
0211acad-445a-4e3e-bef2-d76ebbc9e207,CL,2021-08-08T00:11:58.820Z,MOBILE,Android
0211acad-445a-4e3e-bef2-d76ebbc9e207,CL,2021-08-08T02:52:52.820Z,MOBILE,Android
0211acad-445a-4e3e-bef2-d76ebbc9e207,CL,2021-08-08T05:36:56.820Z,MOBILE,Android
0211acad-445a-4e3e-bef2-d76ebbc9e207,CL,2021-08-08T08:19:05.820Z,MOBILE,Android
0211acad-445a-4e3e-bef2-d76ebbc9e207,SCR,2021-08-08T10:56:35.820Z,MOBILE,Android
0211acad-445a-4e3e-bef2-d76ebbc9e207,SCR,2021-08-08T13:40:33.820Z,MOBILE,Android
0211acad-445a-4e3e-bef2-d76ebbc9e207,HP,2021-08-08T16:22:50.820Z,MOBILE,Android
0211acad-445a-4e3e-bef2-d76ebbc9e207,CL,2021-08-08T19:03:52.820Z,MOBILE,Android
0211acad-445a-4e3e-bef2-d76ebbc9e207,CL,2021-08-08T21:46:27.820Z,MOBILE,Android
0211acad-445a-4e3e-bef2-d76ebbc9e207,ATC,2021-08-09T03:16:55.820Z,MOBILE,Android
0211acad-445a-4e3e-bef2-d76ebbc9e207,SCR,2021-08-09T08:43:16.820Z,MOBILE,Android
0211acad-445a-4e3e-bef2-d76ebbc9e207,HP,2021-08-09T11:27:19.820Z,MOBILE,Android
0211acad-445a-4e3e-bef2-d76ebbc9e207,CL,2021-08-09T14:07:35.820Z,MOBILE,Android
0211acad-445a-4e3e-bef2-d76ebbc9e207,ATC,2021-08-10T03:37:52.820Z,MOBILE,Android
0211acad-445a-4e3e-bef2-d76ebbc9e207,HP,2021-08-10T06:16:37.820Z,MOBILE,Android
0211acad-445a-4e3e-bef2-d76ebbc9e207,ATC,2021-08-10T11:42:45.820Z,MOBILE,Android
0211acad-445a-4e3e-bef2-d76ebbc9e207,HP,2021-08-10T14:25:47.820Z,MOBILE,Android
0211acad-445a-4e3e-bef2-d76ebbc9e207,HP,2021-08-10T17:07:03.820Z,MOBILE,Android
0211acad-445a-4e3e-bef2-d76ebbc9e207,CL,2021-08-10T19:52:38.820Z,MOBILE,Android
0211acad-445a-4e3e-bef2-d76ebbc9e207,CL,2021-08-11T01:15:35.820Z,MOBILE,Android
0211acad-445a-4e3e-bef2-d76ebbc9e207,CL,2021-08-11T03:58:32.820Z,MOBILE,Android
0211acad-445a-4e3e-bef2-d76ebbc9e207,ATC,2021-08-11T06:38:03.820Z,MOBILE,Android
0211acad-445a-4e3e-bef2-d76ebbc9e207,CL,2021-08-11T09:21:29.820Z,MOBILE,Android
0211acad-445a-4e3e-bef2-d76ebbc9e207,ATC,2021-08-11T22:56:50.820Z,MOBILE,Android
0211acad-445a-4e3e-bef2-d76ebbc9e207,SCR,2021-08-12T01:38:52.820Z,MOBILE,Android
0211acad-445a-4e3e-bef2-d76ebbc9e207,CL,2021-08-12T04:21:19.820Z,MOBILE,Android
0211acad-445a-4e3e-bef2-d76ebbc9e207,SER,2021-08-12T07:05:03.820Z,MOBILE,Android
0211acad-445a-4e3e-bef2-d76ebbc9e207,ATC,2021-08-12T09:48:37.820Z,MOBILE,Android
58e340e5-61ab-4b76-9a8b-5c3719d1e1c2,HP,2023-05-20T17:42:58.820Z,MOBILE,Android
58e340e5-61ab-4b76-9a8b-5c3719d1e1c2,ATC,2023-05-20T20:54:46.820Z,MOBILE,Android
58e340e5-61ab-4b76-9a8b-5c3719d1e1c2,HP,2023-05-20T20:52:14.820Z,MOBILE,Android
58e340e5-61ab-4b76-9a8b-5c3719d1e1c2,ATC,2023-05-21T00:01:39.820Z,MOBILE,Android
58e340e5-61ab-4b76-9a8b-5c3719d1e1c2,ATC,2023-05-21T03:12:26.820Z,MOBILE,Android
58e340e5-61ab-4b76-9a8b-5c3719d1e1c2,SER,2023-05-21T09:29:16.820Z,MOBILE,Android
58e340e5-61ab-4b76-9a8b-5c3719d1e1c2,ATC,2023-05-21T12:39:31.820Z,MOBILE,Android
58e340e5-61ab-4b76-9a8b-5c3719d1e1c2,HP,2023-05-21T15:46:51.820Z,MOBILE,Android
58e340e5-61ab-4b76-9a8b-5c3719d1e1c2,VI,2023-05-21T06:20:43.820Z,MOBILE,Android
2859505c-82b1-4388-ba6d-9fe82aea0646,HP,2023-09-03T05:23:54.820Z,MOBILE,Android
2859505c-82b1-4388-ba6d-9fe82aea0646,ATC,2023-09-04T03:26:17.820Z,MOBILE,Android
2859505c-82b1-4388-ba6d-9fe82aea0646,SCR,2023-09-04T03:27:08.820Z,MOBILE,Android
2859505c-82b1-4388-ba6d-9fe82aea0646,SER,2023-09-05T01:35:48.820Z,MOBILE,Android
c5a88190-d21c-41d0-bb41-fe99ee17a5df,HP,2023-12-14T09:13:05.820Z,MOBILE,Android
c5a88190-d21c-41d0-bb41-fe99ee17a5df,ATC,2023-12-15T04:23:30.820Z,MOBILE,Android
c5a88190-d21c-41d0-bb41-fe99ee17a5df,HP,2023-12-15T04:17:24.820Z,MOBILE,Android
c5a88190-d21c-41d0-bb41-fe99ee17a5df,ATC,2023-12-15T23:25:20.820Z,MOBILE,Android
c5a88190-d21c-41d0-bb41-fe99ee17a5df,SCR,2023-12-16T18:31:17.820Z,MOBILE,Android
c5a88190-d21c-41d0-bb41-fe99ee17a5df,ATC,2023-12-17T13:30:01.820Z,MOBILE,Android
c5a88190-d21c-41d0-bb41-fe99ee17a5df,CL,2023-12-18T08:43:18.820Z,MOBILE,Android
c5a88190-d21c-41d0-bb41-fe99ee17a5df,CL,2023-12-19T22:53:42.820Z,MOBILE,Android
c5a88190-d21c-41d0-bb41-fe99ee17a5df,SCR,2023-12-21T13:00:31.820Z,MOBILE,Android
c5a88190-d21c-41d0-bb41-fe99ee17a5df,CL,2023-12-22T08:12:33.820Z,MOBILE,Android
c5a88190-d21c-41d0-bb41-fe99ee17a5df,VI,2023-12-19T03:47:55.820Z,MOBILE,Android
c5a88190-d21c-41d0-bb41-fe99ee17a5df,VI,2023-12-20T17:58:20.820Z,MOBILE,Android
a7c0c1c3-3284-4a71-983f-20f0c629a20d,HP,2021-07-21T13:02:51.382Z,MOBILE,Android
a7c0c1c3-3284-4a71-983f-20f0c629a20d,ATC,2021-07-21T13:05:33.382Z,MOBILE,Android
a7c0c1c3-3284-4a71-983f-20f0c629a20d,ATC,2021-07-21T13:07:49.382Z,MOBILE,Android
a7c0c1c3-3284-4a71-983f-20f0c629a20d,ATC,2021-07-21T13:10:22.382Z,MOBILE,Android
a7c0c1c3-3284-4a71-983f-20f0c629a20d,ATC,2021-07-21T13:12:38.382Z,MOBILE,Android
a7c0c1c3-3284-4a71-983f-20f0c629a20d,AP,2021-07-21T13:15:02.382Z,MOBILE,Android
a7c0c1c3-3284-4a71-983f-20f0c629a20d,SCR,2021-07-21T13:07:50.382Z,MOBILE,Android
a7c0c1c3-3284-4a71-983f-20f0c629a20d,SER,2021-07-21T13:10:25.382Z,MOBILE,Android
a7c0c1c3-3284-4a71-983f-20f0c629a20d,SCR,2021-07-21T13:13:13.382Z,MOBILE,Android
a7c0c1c3-3284-4a71-983f-20f0c629a20d,CL,2021-07-21T13:15:49.382Z,MOBILE,Android
a7c0c1c3-3284-4a71-983f-20f0c629a20d,CL,2021-07-21T13:20:28.382Z,MOBILE,Android
6844eeff-17ed-4560-9c7c-79da98e073d7,HP,2022-02-24T02:49:18.346Z,MOBILE,Android
6844eeff-17ed-4560-9c7c-79da98e073d7,ATC,2022-02-26T16:01:43.346Z,MOBILE,Android
6844eeff-17ed-4560-9c7c-79da98e073d7,SCR,2022-02-26T15:52:59.346Z,MOBILE,Android
26d41950-8c1b-4001-8426-9f8fe216fe80,HP,2023-07-22T15:32:23.346Z,MOBILE,Android
26d41950-8c1b-4001-8426-9f8fe216fe80,ATC,2023-07-23T17:37:56.346Z,MOBILE,Android
26d41950-8c1b-4001-8426-9f8fe216fe80,AP,2023-07-24T19:52:14.346Z,MOBILE,Android
26d41950-8c1b-4001-8426-9f8fe216fe80,SCR,2023-07-23T17:39:59.346Z,MOBILE,Android
26d41950-8c1b-4001-8426-9f8fe216fe80,SER,2023-07-24T19:47:00.346Z,MOBILE,Android
26d41950-8c1b-4001-8426-9f8fe216fe80,CL,2023-07-25T21:52:40.346Z,MOBILE,Android
26d41950-8c1b-4001-8426-9f8fe216fe80,SER,2023-07-26T23:52:57.346Z,MOBILE,Android
26d41950-8c1b-4001-8426-9f8fe216fe80,SER,2023-07-28T01:57:39.346Z,MOBILE,Android
26d41950-8c1b-4001-8426-9f8fe216fe80,CL,2023-07-29T04:07:37.346Z,MOBILE,Android
26d41950-8c1b-4001-8426-9f8fe216fe80,SER,2023-07-30T06:04:29.346Z,MOBILE,Android
26d41950-8c1b-4001-8426-9f8fe216fe80,CL,2023-07-31T08:11:15.346Z,MOBILE,Android
26d41950-8c1b-4001-8426-9f8fe216fe80,SER,2023-08-01T10:14:39.346Z,MOBILE,Android
26d41950-8c1b-4001-8426-9f8fe216fe80,SER,2023-08-03T14:36:00.346Z,MOBILE,Android
26d41950-8c1b-4001-8426-9f8fe216fe80,SCR,2023-08-04T16:30:06.346Z,MOBILE,Android
26d41950-8c1b-4001-8426-9f8fe216fe80,SER,2023-08-05T18:40:31.346Z,MOBILE,Android
26d41950-8c1b-4001-8426-9f8fe216fe80,VI,2023-08-06T20:43:09.346Z,MOBILE,Android
6bd6b793-d5b5-4e46-91fd-2dad7204b39a,HP,2021-10-08T16:53:42.233Z,MOBILE,Android
6bd6b793-d5b5-4e46-91fd-2dad7204b39a,ATC,2021-10-11T08:45:28.233Z,MOBILE,Android
6bd6b793-d5b5-4e46-91fd-2dad7204b39a,AP,2021-10-14T00:51:53.233Z,MOBILE,Android
6bd6b793-d5b5-4e46-91fd-2dad7204b39a,HP,2021-10-11T08:56:43.233Z,MOBILE,Android
6bd6b793-d5b5-4e46-91fd-2dad7204b39a,SCR,2021-10-14T01:03:13.233Z,MOBILE,Android
6bd6b793-d5b5-4e46-91fd-2dad7204b39a,ATC,2021-10-16T17:27:35.233Z,MOBILE,Android
6bd6b793-d5b5-4e46-91fd-2dad7204b39a,CL,2021-10-22T01:52:54.233Z,MOBILE,Android
6bd6b793-d5b5-4e46-91fd-2dad7204b39a,CL,2021-10-24T18:07:36.233Z,MOBILE,Android
6bd6b793-d5b5-4e46-91fd-2dad7204b39a,VI,2021-10-19T09:43:41.233Z,MOBILE,Android
b0a2dc64-f70d-4b7b-b431-2a3dd8a369f5,HP,2023-06-21T23:48:02.233Z,WEB,Android
b0a2dc64-f70d-4b7b-b431-2a3dd8a369f5,ATC,2023-06-23T23:53:03.233Z,WEB,Android
b0a2dc64-f70d-4b7b-b431-2a3dd8a369f5,AP,2023-06-25T23:47:14.233Z,WEB,Android
b0a2dc64-f70d-4b7b-b431-2a3dd8a369f5,SCR,2023-06-23T23:47:49.233Z,WEB,Android
b0a2dc64-f70d-4b7b-b431-2a3dd8a369f5,SCR,2023-06-25T23:47:29.233Z,WEB,Android
96a66c1b-584b-47be-9f26-1867c537c166,HP,2022-10-21T15:12:54.653Z,MOBILE,iOS
96a66c1b-584b-47be-9f26-1867c537c166,ATC,2022-10-22T22:51:02.653Z,MOBILE,iOS
96a66c1b-584b-47be-9f26-1867c537c166,CL,2022-10-25T13:32:07.653Z,MOBILE,iOS
96a66c1b-584b-47be-9f26-1867c537c166,SER,2022-10-28T20:22:31.653Z,MOBILE,iOS
96a66c1b-584b-47be-9f26-1867c537c166,SER,2022-10-29T12:21:33.653Z,MOBILE,iOS
96a66c1b-584b-47be-9f26-1867c537c166,SCR,2022-10-30T04:30:58.653Z,MOBILE,iOS
96a66c1b-584b-47be-9f26-1867c537c166,SER,2022-10-30T20:33:51.653Z,MOBILE,iOS
96a66c1b-584b-47be-9f26-1867c537c166,CL,2022-10-31T12:45:27.653Z,MOBILE,iOS
c3ea40b0-e98e-492e-857b-c329a5a2cd7e,HP,2023-08-11T14:11:14.653Z,MOBILE,iOS
c3ea40b0-e98e-492e-857b-c329a5a2cd7e,ATC,2023-08-11T17:10:51.653Z,MOBILE,iOS
c3ea40b0-e98e-492e-857b-c329a5a2cd7e,CL,2023-08-11T20:09:02.653Z,MOBILE,iOS
c3ea40b0-e98e-492e-857b-c329a5a2cd7e,CL,2023-08-11T23:10:56.653Z,MOBILE,iOS
c3ea40b0-e98e-492e-857b-c329a5a2cd7e,HP,2023-08-12T02:06:23.653Z,MOBILE,iOS
c3ea40b0-e98e-492e-857b-c329a5a2cd7e,VI,2023-08-11T17:09:38.653Z,MOBILE,iOS
0c185b51-db34-4414-9cd0-458ca8190fdb,HP,2022-07-11T09:08:40.343Z,MOBILE,Android
0c185b51-db34-4414-9cd0-458ca8190fdb,ATC,2022-07-13T18:57:26.343Z,MOBILE,Android
0c185b51-db34-4414-9cd0-458ca8190fdb,ATC,2022-07-16T04:34:36.343Z,MOBILE,Android
0c185b51-db34-4414-9cd0-458ca8190fdb,ATC,2022-07-18T14:12:30.343Z,MOBILE,Android
0c185b51-db34-4414-9cd0-458ca8190fdb,ATC,2022-07-13T18:48:43.343Z,MOBILE,Android
f6d1d94c-375a-4a79-b5c7-fb2eada75a65,HP,2023-12-15T08:42:24.343Z,WEB,Android
f6d1d94c-375a-4a79-b5c7-fb2eada75a65,ATC,2023-12-15T16:05:12.343Z,WEB,Android
f6d1d94c-375a-4a79-b5c7-fb2eada75a65,AP,2023-12-15T23:25:45.343Z,WEB,Android
f6d1d94c-375a-4a79-b5c7-fb2eada75a65,SCR,2023-12-15T23:23:44.343Z,WEB,Android
f6d1d94c-375a-4a79-b5c7-fb2eada75a65,HP,2023-12-16T06:44:49.343Z,WEB,Android
f6d1d94c-375a-4a79-b5c7-fb2eada75a65,HP,2023-12-16T14:02:50.343Z,WEB,Android
f6d1d94c-375a-4a79-b5c7-fb2eada75a65,ATC,2023-12-16T21:27:39.343Z,WEB,Android
1a881b3d-cc28-469d-9bd2-8e72ce9f1a53,HP,2023-06-10T20:09:28.609Z,MOBILE,iOS
1a881b3d-cc28-469d-9bd2-8e72ce9f1a53,ATC,2023-06-11T16:04:28.609Z,MOBILE,iOS
1a881b3d-cc28-469d-9bd2-8e72ce9f1a53,SER,2023-06-11T16:01:57.609Z,MOBILE,iOS
1a881b3d-cc28-469d-9bd2-8e72ce9f1a53,ATC,2023-06-12T11:48:42.609Z,MOBILE,iOS
1a881b3d-cc28-469d-9bd2-8e72ce9f1a53,CL,2023-06-13T07:43:49.609Z,MOBILE,iOS
42d7a790-2542-4828-beb8-77893da6b534,HP,2023-10-27T19:47:34.609Z,MOBILE,iOS
42d7a790-2542-4828-beb8-77893da6b534,ATC,2023-10-27T20:11:47.609Z,MOBILE,iOS
42d7a790-2542-4828-beb8-77893da6b534,SCR,2023-10-27T20:12:17.609Z,MOBILE,iOS
42d7a790-2542-4828-beb8-77893da6b534,SCR,2023-10-27T20:38:02.609Z,MOBILE,iOS
42d7a790-2542-4828-beb8-77893da6b534,HP,2023-10-27T21:27:58.609Z,MOBILE,iOS
42d7a790-2542-4828-beb8-77893da6b534,HP,2023-10-27T22:19:03.609Z,MOBILE,iOS
42d7a790-2542-4828-beb8-77893da6b534,VI,2023-10-27T21:02:20.609Z,MOBILE,iOS
26f655b4-6357-4a24-a172-d63bea0102e6,HP,2019-11-29T03:02:48.534Z,MOBILE,Android
26f655b4-6357-4a24-a172-d63bea0102e6,ATC,2019-11-29T03:53:38.534Z,MOBILE,Android
26f655b4-6357-4a24-a172-d63bea0102e6,ATC,2019-11-29T03:52:54.534Z,MOBILE,Android
26f655b4-6357-4a24-a172-d63bea0102e6,SCR,2019-11-29T04:43:35.534Z,MOBILE,Android
26f655b4-6357-4a24-a172-d63bea0102e6,ATC,2019-11-29T05:32:27.534Z,MOBILE,Android
26f655b4-6357-4a24-a172-d63bea0102e6,SCR,2019-11-29T08:04:13.534Z,MOBILE,Android
187b226a-476a-4a63-95fa-9d1c3f00cf86,HP,2019-12-23T02:58:19.534Z,MOBILE,Android
187b226a-476a-4a63-95fa-9d1c3f00cf86,ATC,2019-12-27T05:17:25.534Z,MOBILE,Android
26f655b4-6357-4a24-a172-d63bea0102e6,VI,2019-11-29T06:23:20.534Z,MOBILE,Android
26f655b4-6357-4a24-a172-d63bea0102e6,VI,2019-11-29T07:14:35.534Z,MOBILE,Android
187b226a-476a-4a63-95fa-9d1c3f00cf86,VI,2019-12-27T05:26:17.534Z,MOBILE,Android
8b07795b-b47b-4cd1-a96c-8705c906f916,HP,2021-08-22T07:48:24.534Z,MOBILE,Android
8b07795b-b47b-4cd1-a96c-8705c906f916,ATC,2021-08-25T19:23:55.534Z,MOBILE,Android
8b07795b-b47b-4cd1-a96c-8705c906f916,AP,2021-08-29T07:14:33.534Z,MOBILE,Android
8b07795b-b47b-4cd1-a96c-8705c906f916,SER,2021-08-25T19:19:59.534Z,MOBILE,Android
8b07795b-b47b-4cd1-a96c-8705c906f916,HP,2021-08-29T06:59:31.534Z,MOBILE,Android
54493fa2-16b9-4f89-8dea-2dccfe6df765,HP,2022-02-26T02:00:12.534Z,MOBILE,Android
54493fa2-16b9-4f89-8dea-2dccfe6df765,ATC,2022-02-26T21:32:28.534Z,MOBILE,Android
54493fa2-16b9-4f89-8dea-2dccfe6df765,CL,2022-02-26T21:37:19.534Z,MOBILE,Android
54493fa2-16b9-4f89-8dea-2dccfe6df765,ATC,2022-02-27T17:12:32.534Z,MOBILE,Android
54493fa2-16b9-4f89-8dea-2dccfe6df765,CL,2022-02-28T12:49:42.534Z,MOBILE,Android
54493fa2-16b9-4f89-8dea-2dccfe6df765,SER,2022-02-28T08:21:52.534Z,MOBILE,Android
54493fa2-16b9-4f89-8dea-2dccfe6df765,SER,2022-03-01T04:01:33.534Z,MOBILE,Android
54493fa2-16b9-4f89-8dea-2dccfe6df765,SER,2022-03-01T23:35:41.534Z,MOBILE,Android
54493fa2-16b9-4f89-8dea-2dccfe6df765,ATC,2022-03-02T19:14:08.534Z,MOBILE,Android
54493fa2-16b9-4f89-8dea-2dccfe6df765,ATC,2022-03-04T10:25:17.534Z,MOBILE,Android
54493fa2-16b9-4f89-8dea-2dccfe6df765,SCR,2022-03-05T06:05:09.534Z,MOBILE,Android
54493fa2-16b9-4f89-8dea-2dccfe6df765,VI,2022-03-03T14:45:56.534Z,MOBILE,Android
2a6d7694-cb2c-4f59-ac9e-616ce8a39d48,HP,2022-11-13T01:12:49.534Z,MOBILE,Android
2a6d7694-cb2c-4f59-ac9e-616ce8a39d48,ATC,2022-11-13T02:10:08.534Z,MOBILE,Android
b5bea466-e677-4721-9b4b-8a5fa11c6c3b,VP,2019-04-08T03:38:47.270Z,MOBILE,Android
2a6d7694-cb2c-4f59-ac9e-616ce8a39d48,AP,2022-11-13T03:09:59.534Z,MOBILE,Android
2a6d7694-cb2c-4f59-ac9e-616ce8a39d48,CL,2022-11-13T02:12:54.534Z,MOBILE,Android
2a6d7694-cb2c-4f59-ac9e-616ce8a39d48,ATC,2022-11-13T03:11:54.534Z,MOBILE,Android
2a6d7694-cb2c-4f59-ac9e-616ce8a39d48,HP,2022-11-13T04:11:05.534Z,MOBILE,Android
2a6d7694-cb2c-4f59-ac9e-616ce8a39d48,CL,2022-11-13T08:09:48.534Z,MOBILE,Android
2a6d7694-cb2c-4f59-ac9e-616ce8a39d48,CL,2022-11-13T09:08:23.534Z,MOBILE,Android
2a6d7694-cb2c-4f59-ac9e-616ce8a39d48,SCR,2022-11-13T11:05:43.534Z,MOBILE,Android
2a6d7694-cb2c-4f59-ac9e-616ce8a39d48,ATC,2022-11-13T12:05:07.534Z,MOBILE,Android
2a6d7694-cb2c-4f59-ac9e-616ce8a39d48,CL,2022-11-13T13:04:30.534Z,MOBILE,Android
2a6d7694-cb2c-4f59-ac9e-616ce8a39d48,SER,2022-11-13T15:02:03.534Z,MOBILE,Android
2a6d7694-cb2c-4f59-ac9e-616ce8a39d48,ATC,2022-11-13T16:01:24.534Z,MOBILE,Android
2a6d7694-cb2c-4f59-ac9e-616ce8a39d48,SER,2022-11-13T17:58:51.534Z,MOBILE,Android
2a6d7694-cb2c-4f59-ac9e-616ce8a39d48,ATC,2022-11-13T20:55:44.534Z,MOBILE,Android
2a6d7694-cb2c-4f59-ac9e-616ce8a39d48,VI,2022-11-13T05:10:02.534Z,MOBILE,Android
2a6d7694-cb2c-4f59-ac9e-616ce8a39d48,VI,2022-11-13T06:11:04.534Z,MOBILE,Android
2a6d7694-cb2c-4f59-ac9e-616ce8a39d48,VI,2022-11-13T10:06:27.534Z,MOBILE,Android
2a6d7694-cb2c-4f59-ac9e-616ce8a39d48,VI,2022-11-13T17:00:49.534Z,MOBILE,Android
2a6d7694-cb2c-4f59-ac9e-616ce8a39d48,VI,2022-11-13T19:56:33.534Z,MOBILE,Android
5062765d-ee43-4e85-adcb-0bc55ed77097,HP,2023-02-19T08:04:08.373Z,MOBILE,Android
5062765d-ee43-4e85-adcb-0bc55ed77097,ATC,2023-02-20T02:18:33.373Z,MOBILE,Android
5062765d-ee43-4e85-adcb-0bc55ed77097,SER,2023-02-20T02:10:16.373Z,MOBILE,Android
5062765d-ee43-4e85-adcb-0bc55ed77097,CL,2023-02-20T20:12:45.373Z,MOBILE,Android
5062765d-ee43-4e85-adcb-0bc55ed77097,CL,2023-02-21T14:25:53.373Z,MOBILE,Android
5062765d-ee43-4e85-adcb-0bc55ed77097,CL,2023-02-22T08:36:45.373Z,MOBILE,Android
5062765d-ee43-4e85-adcb-0bc55ed77097,HP,2023-02-23T02:47:59.373Z,MOBILE,Android
6ebae595-7cf6-49ec-ad36-868576d2c06d,HP,2019-04-04T22:56:42.261Z,MOBILE,iOS
6ebae595-7cf6-49ec-ad36-868576d2c06d,ATC,2019-04-05T08:14:13.261Z,MOBILE,iOS
6ebae595-7cf6-49ec-ad36-868576d2c06d,CL,2019-04-05T08:18:18.261Z,MOBILE,iOS
6ebae595-7cf6-49ec-ad36-868576d2c06d,ATC,2019-04-05T17:36:42.261Z,MOBILE,iOS
afa59554-b5ae-4f08-9a95-2a47befd7009,HP,2020-05-07T18:57:37.261Z,MOBILE,iOS
afa59554-b5ae-4f08-9a95-2a47befd7009,ATC,2020-05-10T00:36:57.261Z,MOBILE,iOS
afa59554-b5ae-4f08-9a95-2a47befd7009,SER,2020-05-10T00:36:51.261Z,MOBILE,iOS
afa59554-b5ae-4f08-9a95-2a47befd7009,HP,2020-05-12T06:09:28.261Z,MOBILE,iOS
09fe06e4-e9c6-4c7b-816f-a5f60daa0834,HP,2021-02-05T13:48:27.261Z,MOBILE,iOS
09fe06e4-e9c6-4c7b-816f-a5f60daa0834,ATC,2021-02-06T20:48:34.261Z,MOBILE,iOS
09fe06e4-e9c6-4c7b-816f-a5f60daa0834,ATC,2021-02-08T03:48:31.261Z,MOBILE,iOS
09fe06e4-e9c6-4c7b-816f-a5f60daa0834,VI,2021-02-06T20:53:46.261Z,MOBILE,iOS
fd26d111-3694-4fa2-a77b-fabddda7d55c,HP,2021-09-02T03:12:03.261Z,MOBILE,iOS
fd26d111-3694-4fa2-a77b-fabddda7d55c,ATC,2021-09-09T09:01:33.261Z,MOBILE,iOS
fd26d111-3694-4fa2-a77b-fabddda7d55c,ATC,2021-09-09T08:53:29.261Z,MOBILE,iOS
084c43d4-fe0d-4f60-a403-6d2cff943070,HP,2020-11-17T20:53:25.606Z,MOBILE,iOS
084c43d4-fe0d-4f60-a403-6d2cff943070,ATC,2020-11-18T05:04:12.606Z,MOBILE,iOS
084c43d4-fe0d-4f60-a403-6d2cff943070,ATC,2020-11-18T05:03:32.606Z,MOBILE,iOS
b1afa885-e813-48a4-a8ab-2303df619896,HP,2022-06-16T14:14:30.606Z,MOBILE,iOS
b1afa885-e813-48a4-a8ab-2303df619896,ATC,2022-06-17T08:56:31.606Z,MOBILE,iOS
b1afa885-e813-48a4-a8ab-2303df619896,ATC,2022-06-18T03:33:15.606Z,MOBILE,iOS
b1afa885-e813-48a4-a8ab-2303df619896,SCR,2022-06-17T08:50:27.606Z,MOBILE,iOS
b1afa885-e813-48a4-a8ab-2303df619896,SER,2022-06-18T03:21:10.606Z,MOBILE,iOS
b1afa885-e813-48a4-a8ab-2303df619896,CL,2022-06-18T21:55:33.606Z,MOBILE,iOS
34bf0a43-ea38-4c59-8eca-b1f326567f65,HP,2020-10-29T05:50:09.049Z,MOBILE,Android
34bf0a43-ea38-4c59-8eca-b1f326567f65,ATC,2020-10-29T06:11:20.049Z,MOBILE,Android
34bf0a43-ea38-4c59-8eca-b1f326567f65,CL,2020-10-29T06:11:20.049Z,MOBILE,Android
34bf0a43-ea38-4c59-8eca-b1f326567f65,CL,2020-10-29T06:31:39.049Z,MOBILE,Android
93ef7ba6-251c-4db7-9661-c22c2b9d0ed1,HP,2022-08-17T14:49:45.815Z,MOBILE,Android
93ef7ba6-251c-4db7-9661-c22c2b9d0ed1,ATC,2022-08-19T05:15:17.815Z,MOBILE,Android
93ef7ba6-251c-4db7-9661-c22c2b9d0ed1,ATC,2022-08-19T05:08:49.815Z,MOBILE,Android
93ef7ba6-251c-4db7-9661-c22c2b9d0ed1,ATC,2022-08-20T19:31:21.815Z,MOBILE,Android
a286cf81-1609-46ab-8ba0-c9fd2d44e033,HP,2023-04-25T01:43:32.457Z,MOBILE,Android
a286cf81-1609-46ab-8ba0-c9fd2d44e033,ATC,2023-04-27T22:04:08.457Z,MOBILE,Android
a286cf81-1609-46ab-8ba0-c9fd2d44e033,ATC,2023-04-30T18:34:51.457Z,MOBILE,Android
a286cf81-1609-46ab-8ba0-c9fd2d44e033,CL,2023-05-03T14:52:29.457Z,MOBILE,Android
a286cf81-1609-46ab-8ba0-c9fd2d44e033,CL,2023-05-06T11:23:30.457Z,MOBILE,Android
a286cf81-1609-46ab-8ba0-c9fd2d44e033,VI,2023-04-27T22:05:21.457Z,MOBILE,Android
25d9684a-8d5e-4e94-8135-bf69d985f592,HP,2022-12-27T12:13:08.197Z,MOBILE,Android
25d9684a-8d5e-4e94-8135-bf69d985f592,ATC,2022-12-28T05:53:00.197Z,MOBILE,Android
25d9684a-8d5e-4e94-8135-bf69d985f592,CL,2022-12-28T23:31:03.197Z,MOBILE,Android
25d9684a-8d5e-4e94-8135-bf69d985f592,HP,2023-01-01T02:03:38.197Z,MOBILE,Android
33cbef9d-1418-47b9-99c8-1220e76d0a5d,HP,2023-02-28T21:07:44.197Z,MOBILE,Android
33cbef9d-1418-47b9-99c8-1220e76d0a5d,ATC,2023-03-01T17:00:31.197Z,MOBILE,Android
33cbef9d-1418-47b9-99c8-1220e76d0a5d,SER,2023-03-01T16:57:36.197Z,MOBILE,Android
33cbef9d-1418-47b9-99c8-1220e76d0a5d,SCR,2023-03-02T12:51:14.197Z,MOBILE,Android
33cbef9d-1418-47b9-99c8-1220e76d0a5d,HP,2023-03-04T14:22:06.197Z,MOBILE,Android
33cbef9d-1418-47b9-99c8-1220e76d0a5d,HP,2023-03-04T23:56:56.197Z,MOBILE,Android
33cbef9d-1418-47b9-99c8-1220e76d0a5d,CL,2023-03-05T09:35:10.197Z,MOBILE,Android
33cbef9d-1418-47b9-99c8-1220e76d0a5d,HP,2023-03-06T14:18:58.197Z,MOBILE,Android
33cbef9d-1418-47b9-99c8-1220e76d0a5d,SER,2023-03-06T23:54:28.197Z,MOBILE,Android
33cbef9d-1418-47b9-99c8-1220e76d0a5d,HP,2023-03-07T09:32:42.197Z,MOBILE,Android
33cbef9d-1418-47b9-99c8-1220e76d0a5d,SCR,2023-03-07T19:14:55.197Z,MOBILE,Android
33cbef9d-1418-47b9-99c8-1220e76d0a5d,SER,2023-03-08T14:32:35.197Z,MOBILE,Android
33cbef9d-1418-47b9-99c8-1220e76d0a5d,HP,2023-03-09T00:00:42.197Z,MOBILE,Android
33cbef9d-1418-47b9-99c8-1220e76d0a5d,CL,2023-03-09T09:31:01.197Z,MOBILE,Android
33cbef9d-1418-47b9-99c8-1220e76d0a5d,HP,2023-03-10T04:45:50.197Z,MOBILE,Android
33cbef9d-1418-47b9-99c8-1220e76d0a5d,SER,2023-03-10T23:59:48.197Z,MOBILE,Android
33cbef9d-1418-47b9-99c8-1220e76d0a5d,SCR,2023-03-11T09:30:40.197Z,MOBILE,Android
33cbef9d-1418-47b9-99c8-1220e76d0a5d,HP,2023-03-12T23:49:59.197Z,MOBILE,Android
33cbef9d-1418-47b9-99c8-1220e76d0a5d,CL,2023-03-13T09:29:34.197Z,MOBILE,Android
33cbef9d-1418-47b9-99c8-1220e76d0a5d,SCR,2023-03-13T19:07:43.197Z,MOBILE,Android
33cbef9d-1418-47b9-99c8-1220e76d0a5d,HP,2023-03-14T14:19:15.197Z,MOBILE,Android
33cbef9d-1418-47b9-99c8-1220e76d0a5d,SCR,2023-03-15T09:26:59.197Z,MOBILE,Android
33cbef9d-1418-47b9-99c8-1220e76d0a5d,CL,2023-03-15T19:06:18.197Z,MOBILE,Android
33cbef9d-1418-47b9-99c8-1220e76d0a5d,SCR,2023-03-16T04:40:35.197Z,MOBILE,Android
33cbef9d-1418-47b9-99c8-1220e76d0a5d,HP,2023-03-16T14:16:38.197Z,MOBILE,Android
33cbef9d-1418-47b9-99c8-1220e76d0a5d,SCR,2023-03-16T23:55:48.197Z,MOBILE,Android
33cbef9d-1418-47b9-99c8-1220e76d0a5d,CL,2023-03-17T19:10:33.197Z,MOBILE,Android
33cbef9d-1418-47b9-99c8-1220e76d0a5d,SER,2023-03-18T04:42:44.197Z,MOBILE,Android
31f16695-9a1d-4ec6-a5e5-94c24580e687,HP,2022-10-28T13:54:42.706Z,MOBILE,Android
31f16695-9a1d-4ec6-a5e5-94c24580e687,ATC,2022-10-30T23:16:50.706Z,MOBILE,Android
31f16695-9a1d-4ec6-a5e5-94c24580e687,AP,2022-11-02T08:40:22.706Z,MOBILE,Android
31f16695-9a1d-4ec6-a5e5-94c24580e687,SCR,2022-10-30T23:19:52.706Z,MOBILE,Android
31f16695-9a1d-4ec6-a5e5-94c24580e687,CL,2022-11-04T17:49:33.706Z,MOBILE,Android
31f16695-9a1d-4ec6-a5e5-94c24580e687,ATC,2022-11-07T03:04:28.706Z,MOBILE,Android
31f16695-9a1d-4ec6-a5e5-94c24580e687,CL,2022-11-09T12:26:55.706Z,MOBILE,Android
31f16695-9a1d-4ec6-a5e5-94c24580e687,VI,2022-11-02T08:37:10.706Z,MOBILE,Android
8ed6853a-62c7-458a-9422-2b6f2bb3d4d9,HP,2021-06-06T00:12:23.126Z,MOBILE,Android
8ed6853a-62c7-458a-9422-2b6f2bb3d4d9,ATC,2021-06-08T23:55:54.126Z,MOBILE,Android
8ed6853a-62c7-458a-9422-2b6f2bb3d4d9,ATC,2021-06-11T23:34:49.126Z,MOBILE,Android
8ed6853a-62c7-458a-9422-2b6f2bb3d4d9,VI,2021-06-08T23:40:06.126Z,MOBILE,Android
951dda68-45a8-4eb4-b095-ac16b1f3e17c,HP,2022-08-09T11:58:14.126Z,WEB,Android
951dda68-45a8-4eb4-b095-ac16b1f3e17c,ATC,2022-08-10T03:35:59.126Z,WEB,Android
951dda68-45a8-4eb4-b095-ac16b1f3e17c,AP,2022-08-10T19:10:55.126Z,WEB,Android
951dda68-45a8-4eb4-b095-ac16b1f3e17c,CL,2022-08-10T03:33:37.126Z,WEB,Android
951dda68-45a8-4eb4-b095-ac16b1f3e17c,HP,2022-08-10T19:14:57.126Z,WEB,Android
951dda68-45a8-4eb4-b095-ac16b1f3e17c,CL,2022-08-11T10:54:31.126Z,WEB,Android
951dda68-45a8-4eb4-b095-ac16b1f3e17c,SER,2022-08-12T02:32:32.126Z,WEB,Android
951dda68-45a8-4eb4-b095-ac16b1f3e17c,HP,2022-08-13T09:51:06.126Z,WEB,Android
951dda68-45a8-4eb4-b095-ac16b1f3e17c,CL,2022-08-14T01:32:06.126Z,WEB,Android
951dda68-45a8-4eb4-b095-ac16b1f3e17c,SCR,2022-08-14T17:02:14.126Z,WEB,Android
951dda68-45a8-4eb4-b095-ac16b1f3e17c,SER,2022-08-15T08:32:02.126Z,WEB,Android
951dda68-45a8-4eb4-b095-ac16b1f3e17c,ATC,2022-08-16T00:05:10.126Z,WEB,Android
951dda68-45a8-4eb4-b095-ac16b1f3e17c,CL,2022-08-16T15:39:51.126Z,WEB,Android
951dda68-45a8-4eb4-b095-ac16b1f3e17c,CL,2022-08-17T07:14:56.126Z,WEB,Android
951dda68-45a8-4eb4-b095-ac16b1f3e17c,SCR,2022-08-17T22:49:08.126Z,WEB,Android
951dda68-45a8-4eb4-b095-ac16b1f3e17c,CL,2022-08-18T14:29:56.126Z,WEB,Android
951dda68-45a8-4eb4-b095-ac16b1f3e17c,SER,2022-08-19T06:08:31.126Z,WEB,Android
951dda68-45a8-4eb4-b095-ac16b1f3e17c,SCR,2022-08-19T21:52:26.126Z,WEB,Android
140974ec-7434-49d6-90a3-ad11738e32a6,HP,2023-01-29T05:20:41.126Z,MOBILE,Android
140974ec-7434-49d6-90a3-ad11738e32a6,ATC,2023-01-30T05:39:25.126Z,MOBILE,Android
140974ec-7434-49d6-90a3-ad11738e32a6,SCR,2023-01-30T05:38:57.126Z,MOBILE,Android
951dda68-45a8-4eb4-b095-ac16b1f3e17c,VI,2022-08-12T18:12:17.126Z,WEB,Android
951dda68-45a8-4eb4-b095-ac16b1f3e17c,VI,2022-08-20T13:32:04.126Z,WEB,Android
951dda68-45a8-4eb4-b095-ac16b1f3e17c,VI,2022-08-21T05:07:53.126Z,WEB,Android
4bf1d7d3-b7a0-43ea-b699-6c149ba6723b,HP,2022-08-27T18:06:39.968Z,WEB,iOS
4bf1d7d3-b7a0-43ea-b699-6c149ba6723b,ATC,2022-08-28T14:26:14.968Z,WEB,iOS
4bf1d7d3-b7a0-43ea-b699-6c149ba6723b,AP,2022-08-29T10:48:58.968Z,WEB,iOS
4bf1d7d3-b7a0-43ea-b699-6c149ba6723b,CL,2022-08-28T14:26:09.968Z,WEB,iOS
4bf1d7d3-b7a0-43ea-b699-6c149ba6723b,SCR,2022-08-30T07:09:17.968Z,WEB,iOS
4bf1d7d3-b7a0-43ea-b699-6c149ba6723b,CL,2022-08-31T03:43:22.968Z,WEB,iOS
4bf1d7d3-b7a0-43ea-b699-6c149ba6723b,SCR,2022-09-01T00:08:44.968Z,WEB,iOS
4bf1d7d3-b7a0-43ea-b699-6c149ba6723b,CL,2022-09-03T13:12:37.968Z,WEB,iOS
4bf1d7d3-b7a0-43ea-b699-6c149ba6723b,HP,2022-09-05T06:04:39.968Z,WEB,iOS
1e7c394e-a17d-4f30-a257-c763132d5060,HP,2022-12-12T04:33:09.968Z,MOBILE,iOS
1e7c394e-a17d-4f30-a257-c763132d5060,ATC,2022-12-12T16:02:35.968Z,MOBILE,iOS
1e7c394e-a17d-4f30-a257-c763132d5060,CL,2022-12-12T15:51:00.968Z,MOBILE,iOS
1e7c394e-a17d-4f30-a257-c763132d5060,HP,2022-12-13T03:13:24.968Z,MOBILE,iOS
1e7c394e-a17d-4f30-a257-c763132d5060,CL,2022-12-14T02:09:43.968Z,MOBILE,iOS
1e7c394e-a17d-4f30-a257-c763132d5060,CL,2022-12-14T13:39:37.968Z,MOBILE,iOS
4bf1d7d3-b7a0-43ea-b699-6c149ba6723b,VI,2022-08-29T10:43:32.968Z,WEB,iOS
4bf1d7d3-b7a0-43ea-b699-6c149ba6723b,VI,2022-09-01T20:26:54.968Z,WEB,iOS
4bf1d7d3-b7a0-43ea-b699-6c149ba6723b,VI,2022-09-02T16:49:11.968Z,WEB,iOS
4bf1d7d3-b7a0-43ea-b699-6c149ba6723b,VI,2022-09-04T09:41:10.968Z,WEB,iOS
1e7c394e-a17d-4f30-a257-c763132d5060,HP,2022-12-15T01:05:19.968Z,MOBILE,iOS
1e7c394e-a17d-4f30-a257-c763132d5060,HP,2022-12-15T12:29:05.968Z,MOBILE,iOS
1e7c394e-a17d-4f30-a257-c763132d5060,HP,2022-12-16T11:20:28.968Z,MOBILE,iOS
1e7c394e-a17d-4f30-a257-c763132d5060,SER,2022-12-17T10:13:32.968Z,MOBILE,iOS
1e7c394e-a17d-4f30-a257-c763132d5060,HP,2022-12-17T21:39:38.968Z,MOBILE,iOS
1e7c394e-a17d-4f30-a257-c763132d5060,SCR,2022-12-18T09:07:39.968Z,MOBILE,iOS
1e7c394e-a17d-4f30-a257-c763132d5060,HP,2022-12-18T20:35:12.968Z,MOBILE,iOS
4e2c8cd6-99c7-4df2-8180-14f6a885b7e3,AP,2022-11-18T06:07:12.418Z,MOBILE,Android
1e7c394e-a17d-4f30-a257-c763132d5060,SER,2022-12-19T08:00:47.968Z,MOBILE,iOS
1e7c394e-a17d-4f30-a257-c763132d5060,SCR,2022-12-20T06:55:22.968Z,MOBILE,iOS
1e7c394e-a17d-4f30-a257-c763132d5060,SCR,2022-12-21T05:52:07.968Z,MOBILE,iOS
1e7c394e-a17d-4f30-a257-c763132d5060,CL,2022-12-21T17:14:34.968Z,MOBILE,iOS
1e7c394e-a17d-4f30-a257-c763132d5060,SCR,2022-12-22T04:43:46.968Z,MOBILE,iOS
1e7c394e-a17d-4f30-a257-c763132d5060,CL,2022-12-22T16:05:17.968Z,MOBILE,iOS
1e7c394e-a17d-4f30-a257-c763132d5060,HP,2022-12-23T03:28:10.968Z,MOBILE,iOS
1e7c394e-a17d-4f30-a257-c763132d5060,SCR,2022-12-24T13:41:33.968Z,MOBILE,iOS
1e7c394e-a17d-4f30-a257-c763132d5060,SER,2022-12-26T11:20:30.968Z,MOBILE,iOS
1e7c394e-a17d-4f30-a257-c763132d5060,CL,2022-12-27T10:18:47.968Z,MOBILE,iOS
1e7c394e-a17d-4f30-a257-c763132d5060,CL,2022-12-27T21:42:49.968Z,MOBILE,iOS
1e7c394e-a17d-4f30-a257-c763132d5060,HP,2022-12-29T12:01:25.968Z,MOBILE,iOS
1e7c394e-a17d-4f30-a257-c763132d5060,HP,2022-12-30T19:07:32.968Z,MOBILE,iOS
1e7c394e-a17d-4f30-a257-c763132d5060,SCR,2023-01-01T02:24:12.968Z,MOBILE,iOS
1e7c394e-a17d-4f30-a257-c763132d5060,SCR,2023-01-01T18:05:21.968Z,MOBILE,iOS
1e7c394e-a17d-4f30-a257-c763132d5060,HP,2023-01-02T09:44:38.968Z,MOBILE,iOS
1e7c394e-a17d-4f30-a257-c763132d5060,HP,2023-01-03T01:14:50.968Z,MOBILE,iOS
1e7c394e-a17d-4f30-a257-c763132d5060,HP,2023-01-04T08:10:29.968Z,MOBILE,iOS
1e7c394e-a17d-4f30-a257-c763132d5060,HP,2023-01-04T23:50:41.968Z,MOBILE,iOS
f58189dd-4411-4284-adab-508f81991e21,HP,2023-02-14T17:41:35.968Z,MOBILE,iOS
f58189dd-4411-4284-adab-508f81991e21,ATC,2023-02-15T00:13:52.968Z,MOBILE,iOS
f58189dd-4411-4284-adab-508f81991e21,CL,2023-02-15T00:09:39.968Z,MOBILE,iOS
f58189dd-4411-4284-adab-508f81991e21,HP,2023-02-15T06:38:36.968Z,MOBILE,iOS
f58189dd-4411-4284-adab-508f81991e21,SER,2023-02-15T13:08:07.968Z,MOBILE,iOS
f58189dd-4411-4284-adab-508f81991e21,SCR,2023-02-16T02:14:33.968Z,MOBILE,iOS
f58189dd-4411-4284-adab-508f81991e21,SER,2023-02-16T15:15:59.968Z,MOBILE,iOS
f58189dd-4411-4284-adab-508f81991e21,CL,2023-02-16T21:45:01.968Z,MOBILE,iOS
f58189dd-4411-4284-adab-508f81991e21,CL,2023-02-17T10:43:10.968Z,MOBILE,iOS
f58189dd-4411-4284-adab-508f81991e21,CL,2023-02-17T17:14:54.968Z,MOBILE,iOS
f58189dd-4411-4284-adab-508f81991e21,SCR,2023-02-18T12:42:11.968Z,MOBILE,iOS
f58189dd-4411-4284-adab-508f81991e21,SCR,2023-02-19T01:44:10.968Z,MOBILE,iOS
1e7c394e-a17d-4f30-a257-c763132d5060,VI,2022-12-15T23:53:13.968Z,MOBILE,iOS
1e7c394e-a17d-4f30-a257-c763132d5060,VI,2022-12-16T22:48:32.968Z,MOBILE,iOS
f58189dd-4411-4284-adab-508f81991e21,SCR,2023-02-19T08:09:45.968Z,MOBILE,iOS
f58189dd-4411-4284-adab-508f81991e21,CL,2023-02-19T14:40:58.968Z,MOBILE,iOS
f58189dd-4411-4284-adab-508f81991e21,CL,2023-02-19T21:10:26.968Z,MOBILE,iOS
f58189dd-4411-4284-adab-508f81991e21,SER,2023-02-20T03:38:59.968Z,MOBILE,iOS
f58189dd-4411-4284-adab-508f81991e21,HP,2023-02-20T10:11:52.968Z,MOBILE,iOS
f58189dd-4411-4284-adab-508f81991e21,SCR,2023-02-20T16:45:27.968Z,MOBILE,iOS
f58189dd-4411-4284-adab-508f81991e21,SER,2023-02-20T23:19:28.968Z,MOBILE,iOS
f58189dd-4411-4284-adab-508f81991e21,CL,2023-02-21T05:51:57.968Z,MOBILE,iOS
f58189dd-4411-4284-adab-508f81991e21,CL,2023-02-21T12:20:19.968Z,MOBILE,iOS
f58189dd-4411-4284-adab-508f81991e21,CL,2023-02-22T01:19:07.968Z,MOBILE,iOS
f58189dd-4411-4284-adab-508f81991e21,CL,2023-02-22T07:54:00.968Z,MOBILE,iOS
f58189dd-4411-4284-adab-508f81991e21,CL,2023-02-24T12:01:06.968Z,MOBILE,iOS
f58189dd-4411-4284-adab-508f81991e21,VI,2023-02-21T18:47:20.968Z,MOBILE,iOS
d6b5cf36-96ec-4b79-bdb5-be2edb5e5d29,HP,2023-09-18T12:30:51.968Z,MOBILE,iOS
d6b5cf36-96ec-4b79-bdb5-be2edb5e5d29,ATC,2023-09-20T00:21:50.968Z,MOBILE,iOS
d6b5cf36-96ec-4b79-bdb5-be2edb5e5d29,AP,2023-09-21T12:17:44.968Z,MOBILE,iOS
d6b5cf36-96ec-4b79-bdb5-be2edb5e5d29,CL,2023-09-20T00:22:47.968Z,MOBILE,iOS
d6b5cf36-96ec-4b79-bdb5-be2edb5e5d29,CL,2023-09-21T12:06:54.968Z,MOBILE,iOS
d6b5cf36-96ec-4b79-bdb5-be2edb5e5d29,CL,2023-09-22T23:50:48.968Z,MOBILE,iOS
d6b5cf36-96ec-4b79-bdb5-be2edb5e5d29,HP,2023-09-24T11:39:27.968Z,MOBILE,iOS
d6b5cf36-96ec-4b79-bdb5-be2edb5e5d29,SCR,2023-09-25T23:22:02.968Z,MOBILE,iOS
d6b5cf36-96ec-4b79-bdb5-be2edb5e5d29,SER,2023-09-27T11:06:51.968Z,MOBILE,iOS
d6b5cf36-96ec-4b79-bdb5-be2edb5e5d29,HP,2023-09-28T22:55:08.968Z,MOBILE,iOS
d6b5cf36-96ec-4b79-bdb5-be2edb5e5d29,SCR,2023-09-30T10:40:06.968Z,MOBILE,iOS
b89aa0c8-0b6d-4e35-9e74-d5ddfcfc4971,HP,2021-05-27T08:31:10.180Z,MOBILE,Android
b89aa0c8-0b6d-4e35-9e74-d5ddfcfc4971,HP,2021-05-26T14:22:50.180Z,MOBILE,Android
b89aa0c8-0b6d-4e35-9e74-d5ddfcfc4971,ATC,2021-05-26T18:56:16.180Z,MOBILE,Android
b89aa0c8-0b6d-4e35-9e74-d5ddfcfc4971,AP,2021-05-26T23:32:44.180Z,MOBILE,Android
b89aa0c8-0b6d-4e35-9e74-d5ddfcfc4971,HP,2021-05-26T18:53:56.180Z,MOBILE,Android
b89aa0c8-0b6d-4e35-9e74-d5ddfcfc4971,SCR,2021-05-26T23:28:40.180Z,MOBILE,Android
b89aa0c8-0b6d-4e35-9e74-d5ddfcfc4971,CL,2021-05-27T04:01:53.180Z,MOBILE,Android
b89aa0c8-0b6d-4e35-9e74-d5ddfcfc4971,CL,2021-05-27T17:39:36.180Z,MOBILE,Android
b89aa0c8-0b6d-4e35-9e74-d5ddfcfc4971,ATC,2021-05-27T22:10:51.180Z,MOBILE,Android
b89aa0c8-0b6d-4e35-9e74-d5ddfcfc4971,ATC,2021-05-28T02:46:43.180Z,MOBILE,Android
b744ca3e-cdbb-4f07-b129-0b56ea38afbd,HP,2021-07-23T02:32:47.180Z,MOBILE,Android
b744ca3e-cdbb-4f07-b129-0b56ea38afbd,ATC,2021-07-24T15:32:56.180Z,MOBILE,Android
b744ca3e-cdbb-4f07-b129-0b56ea38afbd,CL,2021-07-24T15:37:16.180Z,MOBILE,Android
8a337bc5-d1a5-4392-819b-9b010d338cd7,HP,2021-08-10T14:43:34.180Z,MOBILE,Android
8a337bc5-d1a5-4392-819b-9b010d338cd7,ATC,2021-08-11T22:59:46.180Z,MOBILE,Android
8a337bc5-d1a5-4392-819b-9b010d338cd7,ATC,2021-08-11T23:00:08.180Z,MOBILE,Android
8a337bc5-d1a5-4392-819b-9b010d338cd7,SER,2021-08-13T07:12:07.180Z,MOBILE,Android
8a337bc5-d1a5-4392-819b-9b010d338cd7,SCR,2021-08-14T15:22:57.180Z,MOBILE,Android
8a337bc5-d1a5-4392-819b-9b010d338cd7,CL,2021-08-15T23:32:43.180Z,MOBILE,Android
8a337bc5-d1a5-4392-819b-9b010d338cd7,SCR,2021-08-18T15:52:16.180Z,MOBILE,Android
8a337bc5-d1a5-4392-819b-9b010d338cd7,ATC,2021-08-20T00:10:05.180Z,MOBILE,Android
8a337bc5-d1a5-4392-819b-9b010d338cd7,CL,2021-08-24T01:17:02.180Z,MOBILE,Android
b89aa0c8-0b6d-4e35-9e74-d5ddfcfc4971,VI,2021-05-27T13:02:14.180Z,MOBILE,Android
8a337bc5-d1a5-4392-819b-9b010d338cd7,VI,2021-08-17T07:47:56.180Z,MOBILE,Android
8a337bc5-d1a5-4392-819b-9b010d338cd7,VI,2021-08-21T08:34:59.180Z,MOBILE,Android
08393f37-c5cc-4326-9914-67f5a9636eb8,HP,2023-11-21T14:01:37.180Z,MOBILE,Android
08393f37-c5cc-4326-9914-67f5a9636eb8,ATC,2023-11-27T03:32:38.180Z,MOBILE,Android
08393f37-c5cc-4326-9914-67f5a9636eb8,AP,2023-12-02T16:43:28.180Z,MOBILE,Android
08393f37-c5cc-4326-9914-67f5a9636eb8,CL,2023-11-27T03:40:30.180Z,MOBILE,Android
392b2755-6c71-4d5f-afd5-8420586dd1fe,HP,2023-05-14T15:20:44.515Z,WEB,iOS
392b2755-6c71-4d5f-afd5-8420586dd1fe,ATC,2023-05-18T10:31:49.515Z,WEB,iOS
392b2755-6c71-4d5f-afd5-8420586dd1fe,VI,2023-05-18T10:37:25.515Z,WEB,iOS
2ab211f3-2649-4d22-8190-35b7bc69c097,HP,2022-06-11T15:47:56.546Z,MOBILE,Android
2ab211f3-2649-4d22-8190-35b7bc69c097,ATC,2022-06-13T04:44:17.546Z,MOBILE,Android
2ab211f3-2649-4d22-8190-35b7bc69c097,SER,2022-06-13T04:41:39.546Z,MOBILE,Android
2ab211f3-2649-4d22-8190-35b7bc69c097,SCR,2022-06-14T17:37:45.546Z,MOBILE,Android
2ab211f3-2649-4d22-8190-35b7bc69c097,ATC,2022-06-16T06:31:45.546Z,MOBILE,Android
2ab211f3-2649-4d22-8190-35b7bc69c097,SCR,2022-06-17T19:33:30.546Z,MOBILE,Android
2ab211f3-2649-4d22-8190-35b7bc69c097,ATC,2022-06-20T21:24:37.546Z,MOBILE,Android
f626fb74-9b4d-43b8-94ec-1756a700235e,CL,2021-09-07T19:16:54.011Z,MOBILE,Android
2ab211f3-2649-4d22-8190-35b7bc69c097,VI,2022-06-19T08:27:44.546Z,MOBILE,Android
ab2efde1-8262-48bb-8797-15d99744f7e3,HP,2022-05-17T08:32:56.742Z,MOBILE,Android
ab2efde1-8262-48bb-8797-15d99744f7e3,ATC,2022-05-17T15:07:10.742Z,MOBILE,Android
ab2efde1-8262-48bb-8797-15d99744f7e3,ATC,2022-05-17T21:41:08.742Z,MOBILE,Android
ab2efde1-8262-48bb-8797-15d99744f7e3,HP,2022-05-17T15:03:33.742Z,MOBILE,Android
ab2efde1-8262-48bb-8797-15d99744f7e3,CL,2022-05-17T21:37:42.742Z,MOBILE,Android
ab2efde1-8262-48bb-8797-15d99744f7e3,CL,2022-05-18T10:43:57.742Z,MOBILE,Android
ab2efde1-8262-48bb-8797-15d99744f7e3,ATC,2022-05-18T17:19:56.742Z,MOBILE,Android
dc564840-6832-4287-83a3-0f21db43995b,HP,2022-07-17T14:54:13.742Z,MOBILE,Android
dc564840-6832-4287-83a3-0f21db43995b,ATC,2022-07-17T21:51:06.742Z,MOBILE,Android
dc564840-6832-4287-83a3-0f21db43995b,ATC,2022-07-18T04:43:14.742Z,MOBILE,Android
dc564840-6832-4287-83a3-0f21db43995b,ATC,2022-07-18T11:40:55.742Z,MOBILE,Android
dc564840-6832-4287-83a3-0f21db43995b,ATC,2022-07-18T18:34:57.742Z,MOBILE,Android
dc564840-6832-4287-83a3-0f21db43995b,ATC,2022-07-19T01:29:34.742Z,MOBILE,Android
dc564840-6832-4287-83a3-0f21db43995b,ATC,2022-07-19T08:23:29.742Z,MOBILE,Android
dc564840-6832-4287-83a3-0f21db43995b,ATC,2022-07-19T15:21:00.742Z,MOBILE,Android
dc564840-6832-4287-83a3-0f21db43995b,ATC,2022-07-19T22:16:49.742Z,MOBILE,Android
dc564840-6832-4287-83a3-0f21db43995b,ATC,2022-07-20T05:14:37.742Z,MOBILE,Android
dc564840-6832-4287-83a3-0f21db43995b,ATC,2022-07-20T12:09:24.742Z,MOBILE,Android
dc564840-6832-4287-83a3-0f21db43995b,ATC,2022-07-20T19:02:57.742Z,MOBILE,Android
dc564840-6832-4287-83a3-0f21db43995b,ATC,2022-07-21T02:01:55.742Z,MOBILE,Android
dc564840-6832-4287-83a3-0f21db43995b,ATC,2022-07-21T08:56:06.742Z,MOBILE,Android
dc564840-6832-4287-83a3-0f21db43995b,ATC,2022-07-21T15:49:39.742Z,MOBILE,Android
dc564840-6832-4287-83a3-0f21db43995b,ATC,2022-07-21T22:45:33.742Z,MOBILE,Android
dc564840-6832-4287-83a3-0f21db43995b,ATC,2022-07-22T05:39:41.742Z,MOBILE,Android
dc564840-6832-4287-83a3-0f21db43995b,ATC,2022-07-22T12:37:49.742Z,MOBILE,Android
dc564840-6832-4287-83a3-0f21db43995b,ATC,2022-07-22T19:38:32.742Z,MOBILE,Android
dc564840-6832-4287-83a3-0f21db43995b,ATC,2022-07-23T02:31:23.742Z,MOBILE,Android
dc564840-6832-4287-83a3-0f21db43995b,AP,2022-07-23T09:25:41.742Z,MOBILE,Android
dc564840-6832-4287-83a3-0f21db43995b,CL,2022-07-17T21:51:04.742Z,MOBILE,Android
dc564840-6832-4287-83a3-0f21db43995b,ATC,2022-07-18T04:45:12.742Z,MOBILE,Android
dc564840-6832-4287-83a3-0f21db43995b,ATC,2022-07-18T11:40:28.742Z,MOBILE,Android
64ab68cf-72b8-450c-ad03-e6f90efcd69a,HP,2023-07-08T09:21:49.161Z,MOBILE,Android
64ab68cf-72b8-450c-ad03-e6f90efcd69a,ATC,2023-07-08T15:50:16.161Z,MOBILE,Android
64ab68cf-72b8-450c-ad03-e6f90efcd69a,ATC,2023-07-08T22:20:33.161Z,MOBILE,Android
64ab68cf-72b8-450c-ad03-e6f90efcd69a,ATC,2023-07-08T15:43:26.161Z,MOBILE,Android
2e42e312-2bc3-4ce8-a06f-50f995c8332d,HP,2023-11-14T08:51:26.161Z,MOBILE,Android
2e42e312-2bc3-4ce8-a06f-50f995c8332d,ATC,2023-11-14T10:15:14.161Z,MOBILE,Android
2e42e312-2bc3-4ce8-a06f-50f995c8332d,ATC,2023-11-14T11:42:42.161Z,MOBILE,Android
c64694b0-af2f-4496-b6b1-732dae26fd43,HP,2023-05-29T15:49:46.281Z,MOBILE,Android
c64694b0-af2f-4496-b6b1-732dae26fd43,ATC,2023-05-29T21:11:31.281Z,MOBILE,Android
c64694b0-af2f-4496-b6b1-732dae26fd43,SER,2023-05-29T21:12:53.281Z,MOBILE,Android
301d927e-d832-4708-8fbd-96be4cb726bb,HP,2023-07-18T08:29:30.447Z,MOBILE,iOS
301d927e-d832-4708-8fbd-96be4cb726bb,ATC,2023-07-18T08:31:45.447Z,MOBILE,iOS
301d927e-d832-4708-8fbd-96be4cb726bb,CL,2023-07-18T08:31:22.447Z,MOBILE,iOS
301d927e-d832-4708-8fbd-96be4cb726bb,SCR,2023-07-18T08:33:19.447Z,MOBILE,iOS
301d927e-d832-4708-8fbd-96be4cb726bb,SER,2023-07-18T08:35:08.447Z,MOBILE,iOS
301d927e-d832-4708-8fbd-96be4cb726bb,SCR,2023-07-18T08:38:57.447Z,MOBILE,iOS
301d927e-d832-4708-8fbd-96be4cb726bb,CL,2023-07-18T08:40:46.447Z,MOBILE,iOS
301d927e-d832-4708-8fbd-96be4cb726bb,SCR,2023-07-18T08:42:48.447Z,MOBILE,iOS
301d927e-d832-4708-8fbd-96be4cb726bb,CL,2023-07-18T08:44:52.447Z,MOBILE,iOS
301d927e-d832-4708-8fbd-96be4cb726bb,CL,2023-07-18T08:46:46.447Z,MOBILE,iOS
301d927e-d832-4708-8fbd-96be4cb726bb,CL,2023-07-18T08:49:02.447Z,MOBILE,iOS
301d927e-d832-4708-8fbd-96be4cb726bb,HP,2023-07-18T08:50:49.447Z,MOBILE,iOS
301d927e-d832-4708-8fbd-96be4cb726bb,CL,2023-07-18T08:54:29.447Z,MOBILE,iOS
301d927e-d832-4708-8fbd-96be4cb726bb,CL,2023-07-18T08:56:23.447Z,MOBILE,iOS
301d927e-d832-4708-8fbd-96be4cb726bb,HP,2023-07-18T08:58:14.447Z,MOBILE,iOS
301d927e-d832-4708-8fbd-96be4cb726bb,CL,2023-07-18T09:00:10.447Z,MOBILE,iOS
301d927e-d832-4708-8fbd-96be4cb726bb,SCR,2023-07-18T09:02:10.447Z,MOBILE,iOS
301d927e-d832-4708-8fbd-96be4cb726bb,SER,2023-07-18T09:03:59.447Z,MOBILE,iOS
301d927e-d832-4708-8fbd-96be4cb726bb,SER,2023-07-18T09:05:43.447Z,MOBILE,iOS
b36c85c2-a59d-495e-af5d-a1c6c0a4eee1,HP,2023-11-14T15:27:50.274Z,MOBILE,iOS
b36c85c2-a59d-495e-af5d-a1c6c0a4eee1,ATC,2023-11-14T17:28:12.274Z,MOBILE,iOS
b36c85c2-a59d-495e-af5d-a1c6c0a4eee1,SER,2023-11-14T17:27:51.274Z,MOBILE,iOS
b36c85c2-a59d-495e-af5d-a1c6c0a4eee1,CL,2023-11-14T19:27:45.274Z,MOBILE,iOS
b36c85c2-a59d-495e-af5d-a1c6c0a4eee1,SER,2023-11-14T23:31:26.274Z,MOBILE,iOS
b36c85c2-a59d-495e-af5d-a1c6c0a4eee1,SER,2023-11-15T03:30:55.274Z,MOBILE,iOS
b36c85c2-a59d-495e-af5d-a1c6c0a4eee1,CL,2023-11-15T05:32:12.274Z,MOBILE,iOS
b36c85c2-a59d-495e-af5d-a1c6c0a4eee1,HP,2023-11-15T07:33:47.274Z,MOBILE,iOS
b36c85c2-a59d-495e-af5d-a1c6c0a4eee1,SER,2023-11-15T09:35:25.274Z,MOBILE,iOS
b36c85c2-a59d-495e-af5d-a1c6c0a4eee1,SER,2023-11-15T20:36:48.274Z,MOBILE,iOS
b36c85c2-a59d-495e-af5d-a1c6c0a4eee1,SER,2023-11-16T10:35:39.274Z,MOBILE,iOS
b36c85c2-a59d-495e-af5d-a1c6c0a4eee1,HP,2023-11-16T17:31:24.274Z,MOBILE,iOS
b36c85c2-a59d-495e-af5d-a1c6c0a4eee1,SER,2023-11-17T00:26:47.274Z,MOBILE,iOS
b36c85c2-a59d-495e-af5d-a1c6c0a4eee1,SCR,2023-11-17T07:22:19.274Z,MOBILE,iOS
b36c85c2-a59d-495e-af5d-a1c6c0a4eee1,HP,2023-11-17T14:18:48.274Z,MOBILE,iOS
b36c85c2-a59d-495e-af5d-a1c6c0a4eee1,SER,2023-11-18T04:07:01.274Z,MOBILE,iOS
78abe2a6-09e8-4ce6-bf9f-cc4873c83c9b,HP,2023-08-10T03:10:27.507Z,MOBILE,iOS
78abe2a6-09e8-4ce6-bf9f-cc4873c83c9b,ATC,2023-08-13T07:05:43.507Z,MOBILE,iOS
78abe2a6-09e8-4ce6-bf9f-cc4873c83c9b,HP,2023-08-13T07:10:30.507Z,MOBILE,iOS
efb5e1c0-f66e-49e3-8b5c-171f078c0717,HP,2023-08-31T20:20:17.507Z,MOBILE,iOS
efb5e1c0-f66e-49e3-8b5c-171f078c0717,ATC,2023-09-01T11:36:33.507Z,MOBILE,iOS
efb5e1c0-f66e-49e3-8b5c-171f078c0717,ATC,2023-09-02T02:56:19.507Z,MOBILE,iOS
efb5e1c0-f66e-49e3-8b5c-171f078c0717,AP,2023-09-02T18:08:15.507Z,MOBILE,iOS
efb5e1c0-f66e-49e3-8b5c-171f078c0717,CL,2023-09-01T11:36:57.507Z,MOBILE,iOS
efb5e1c0-f66e-49e3-8b5c-171f078c0717,SER,2023-09-02T02:53:15.507Z,MOBILE,iOS
ca1feb93-0370-464b-a318-a99b7d250473,HP,2023-09-14T17:11:41.507Z,MOBILE,iOS
ca1feb93-0370-464b-a318-a99b7d250473,ATC,2023-09-14T23:01:39.507Z,MOBILE,iOS
ca1feb93-0370-464b-a318-a99b7d250473,AP,2023-09-15T04:47:29.507Z,MOBILE,iOS
ca1feb93-0370-464b-a318-a99b7d250473,SCR,2023-09-14T22:52:38.507Z,MOBILE,iOS
ca1feb93-0370-464b-a318-a99b7d250473,CL,2023-09-15T04:40:42.507Z,MOBILE,iOS
ca1feb93-0370-464b-a318-a99b7d250473,HP,2023-09-15T10:25:02.507Z,MOBILE,iOS
ca1feb93-0370-464b-a318-a99b7d250473,SER,2023-09-15T16:09:40.507Z,MOBILE,iOS
ca1feb93-0370-464b-a318-a99b7d250473,CL,2023-09-15T21:53:49.507Z,MOBILE,iOS
ca1feb93-0370-464b-a318-a99b7d250473,CL,2023-09-16T03:37:57.507Z,MOBILE,iOS
ca1feb93-0370-464b-a318-a99b7d250473,CL,2023-09-16T15:09:13.507Z,MOBILE,iOS
ca1feb93-0370-464b-a318-a99b7d250473,SER,2023-09-16T20:52:59.507Z,MOBILE,iOS
ca1feb93-0370-464b-a318-a99b7d250473,CL,2023-09-17T02:37:57.507Z,MOBILE,iOS
ca1feb93-0370-464b-a318-a99b7d250473,CL,2023-09-17T08:24:16.507Z,MOBILE,iOS
ca1feb93-0370-464b-a318-a99b7d250473,CL,2023-09-17T14:10:00.507Z,MOBILE,iOS
ca1feb93-0370-464b-a318-a99b7d250473,HP,2023-09-17T19:58:52.507Z,MOBILE,iOS
ca1feb93-0370-464b-a318-a99b7d250473,HP,2023-09-18T01:45:35.507Z,MOBILE,iOS
ca1feb93-0370-464b-a318-a99b7d250473,CL,2023-09-18T19:01:21.507Z,MOBILE,iOS
ca1feb93-0370-464b-a318-a99b7d250473,CL,2023-09-19T00:50:10.507Z,MOBILE,iOS
ca1feb93-0370-464b-a318-a99b7d250473,SCR,2023-09-19T06:36:33.507Z,MOBILE,iOS
ca1feb93-0370-464b-a318-a99b7d250473,HP,2023-09-20T00:03:22.507Z,MOBILE,iOS
ca1feb93-0370-464b-a318-a99b7d250473,VI,2023-09-16T09:21:33.507Z,MOBILE,iOS
ca1feb93-0370-464b-a318-a99b7d250473,VI,2023-09-18T07:32:34.507Z,MOBILE,iOS
ca1feb93-0370-464b-a318-a99b7d250473,VI,2023-09-18T13:17:50.507Z,MOBILE,iOS
ca1feb93-0370-464b-a318-a99b7d250473,VI,2023-09-19T12:26:34.507Z,MOBILE,iOS
ca1feb93-0370-464b-a318-a99b7d250473,VI,2023-09-19T18:14:36.507Z,MOBILE,iOS
99534a14-dac1-45a6-9123-60dc033f3e42,HP,2021-10-07T09:29:53.153Z,MOBILE,Android
99534a14-dac1-45a6-9123-60dc033f3e42,ATC,2021-10-08T19:17:42.153Z,MOBILE,Android
99534a14-dac1-45a6-9123-60dc033f3e42,CL,2021-10-10T05:07:46.153Z,MOBILE,Android
99534a14-dac1-45a6-9123-60dc033f3e42,SCR,2021-10-11T15:04:10.153Z,MOBILE,Android
99534a14-dac1-45a6-9123-60dc033f3e42,CL,2021-10-13T00:52:27.153Z,MOBILE,Android
99534a14-dac1-45a6-9123-60dc033f3e42,SER,2021-10-14T10:42:08.153Z,MOBILE,Android
99534a14-dac1-45a6-9123-60dc033f3e42,HP,2021-10-17T06:15:20.153Z,MOBILE,Android
99534a14-dac1-45a6-9123-60dc033f3e42,ATC,2021-10-18T15:57:14.153Z,MOBILE,Android
99534a14-dac1-45a6-9123-60dc033f3e42,VI,2021-10-08T19:22:32.153Z,MOBILE,Android
d1205bcf-c92e-4718-9ac3-a45120ebfaae,HP,2022-06-28T17:31:30.153Z,MOBILE,Android
d1205bcf-c92e-4718-9ac3-a45120ebfaae,ATC,2022-06-28T18:20:53.153Z,MOBILE,Android
d1205bcf-c92e-4718-9ac3-a45120ebfaae,SCR,2022-06-28T18:22:50.153Z,MOBILE,Android
d1205bcf-c92e-4718-9ac3-a45120ebfaae,ATC,2022-06-28T19:13:13.153Z,MOBILE,Android
d1205bcf-c92e-4718-9ac3-a45120ebfaae,HP,2022-06-28T20:01:56.153Z,MOBILE,Android
d1205bcf-c92e-4718-9ac3-a45120ebfaae,HP,2022-06-28T20:51:19.153Z,MOBILE,Android
d1205bcf-c92e-4718-9ac3-a45120ebfaae,SCR,2022-06-28T21:41:05.153Z,MOBILE,Android
d1205bcf-c92e-4718-9ac3-a45120ebfaae,SER,2022-06-28T22:31:10.153Z,MOBILE,Android
d1205bcf-c92e-4718-9ac3-a45120ebfaae,ATC,2022-06-29T00:09:12.153Z,MOBILE,Android
d1205bcf-c92e-4718-9ac3-a45120ebfaae,CL,2022-06-29T00:58:57.153Z,MOBILE,Android
d1205bcf-c92e-4718-9ac3-a45120ebfaae,HP,2022-06-29T02:39:45.153Z,MOBILE,Android
d1205bcf-c92e-4718-9ac3-a45120ebfaae,SCR,2022-06-29T04:18:21.153Z,MOBILE,Android
d1205bcf-c92e-4718-9ac3-a45120ebfaae,CL,2022-06-29T05:08:10.153Z,MOBILE,Android
d1205bcf-c92e-4718-9ac3-a45120ebfaae,CL,2022-06-29T05:58:37.153Z,MOBILE,Android
d1205bcf-c92e-4718-9ac3-a45120ebfaae,ATC,2022-06-29T06:48:46.153Z,MOBILE,Android
d1205bcf-c92e-4718-9ac3-a45120ebfaae,HP,2022-06-29T07:39:23.153Z,MOBILE,Android
d1205bcf-c92e-4718-9ac3-a45120ebfaae,CL,2022-06-29T08:29:49.153Z,MOBILE,Android
d1205bcf-c92e-4718-9ac3-a45120ebfaae,ATC,2022-06-29T10:09:19.153Z,MOBILE,Android
d1205bcf-c92e-4718-9ac3-a45120ebfaae,CL,2022-06-29T11:47:20.153Z,MOBILE,Android
d1205bcf-c92e-4718-9ac3-a45120ebfaae,ATC,2022-06-29T12:35:24.153Z,MOBILE,Android
d1205bcf-c92e-4718-9ac3-a45120ebfaae,SER,2022-06-29T13:25:59.153Z,MOBILE,Android
d1205bcf-c92e-4718-9ac3-a45120ebfaae,HP,2022-06-30T15:41:42.153Z,MOBILE,Android
d1205bcf-c92e-4718-9ac3-a45120ebfaae,SCR,2022-07-01T16:26:50.153Z,MOBILE,Android
d1205bcf-c92e-4718-9ac3-a45120ebfaae,SER,2022-07-02T17:11:30.153Z,MOBILE,Android
d1205bcf-c92e-4718-9ac3-a45120ebfaae,HP,2022-07-03T17:56:38.153Z,MOBILE,Android
d1205bcf-c92e-4718-9ac3-a45120ebfaae,HP,2022-07-04T18:44:02.153Z,MOBILE,Android
d1205bcf-c92e-4718-9ac3-a45120ebfaae,HP,2022-07-05T19:19:40.153Z,MOBILE,Android
d1205bcf-c92e-4718-9ac3-a45120ebfaae,HP,2022-07-06T20:08:27.153Z,MOBILE,Android
d1205bcf-c92e-4718-9ac3-a45120ebfaae,HP,2022-07-07T20:50:47.153Z,MOBILE,Android
d1205bcf-c92e-4718-9ac3-a45120ebfaae,HP,2022-07-09T22:15:47.153Z,MOBILE,Android
d1205bcf-c92e-4718-9ac3-a45120ebfaae,HP,2022-07-10T22:58:35.153Z,MOBILE,Android
d1205bcf-c92e-4718-9ac3-a45120ebfaae,HP,2022-07-11T23:40:50.153Z,MOBILE,Android
d1205bcf-c92e-4718-9ac3-a45120ebfaae,HP,2022-07-13T00:21:56.153Z,MOBILE,Android
d1205bcf-c92e-4718-9ac3-a45120ebfaae,HP,2022-07-14T01:07:37.153Z,MOBILE,Android
d1205bcf-c92e-4718-9ac3-a45120ebfaae,SER,2022-07-15T01:56:12.153Z,MOBILE,Android
d1205bcf-c92e-4718-9ac3-a45120ebfaae,CL,2022-07-16T02:47:05.153Z,MOBILE,Android
d1205bcf-c92e-4718-9ac3-a45120ebfaae,HP,2022-07-17T03:31:04.153Z,MOBILE,Android
d1205bcf-c92e-4718-9ac3-a45120ebfaae,HP,2022-07-18T04:13:45.153Z,MOBILE,Android
d1205bcf-c92e-4718-9ac3-a45120ebfaae,HP,2022-07-19T04:57:29.153Z,MOBILE,Android
d1205bcf-c92e-4718-9ac3-a45120ebfaae,VI,2022-06-29T01:48:57.153Z,MOBILE,Android
d1205bcf-c92e-4718-9ac3-a45120ebfaae,VI,2022-06-29T03:28:11.153Z,MOBILE,Android
d1205bcf-c92e-4718-9ac3-a45120ebfaae,VI,2022-06-29T09:20:01.153Z,MOBILE,Android
d1205bcf-c92e-4718-9ac3-a45120ebfaae,VI,2022-06-29T10:58:41.153Z,MOBILE,Android
175bb8fa-4bd0-48e3-82e3-b2bd0ccc0216,HP,2023-05-11T06:07:48.899Z,MOBILE,Android
175bb8fa-4bd0-48e3-82e3-b2bd0ccc0216,ATC,2023-05-11T06:40:14.899Z,MOBILE,Android
175bb8fa-4bd0-48e3-82e3-b2bd0ccc0216,AP,2023-05-11T07:13:19.899Z,MOBILE,Android
175bb8fa-4bd0-48e3-82e3-b2bd0ccc0216,SER,2023-05-11T06:41:11.899Z,MOBILE,Android
175bb8fa-4bd0-48e3-82e3-b2bd0ccc0216,CL,2023-05-11T07:15:28.899Z,MOBILE,Android
175bb8fa-4bd0-48e3-82e3-b2bd0ccc0216,SCR,2023-05-11T07:50:19.899Z,MOBILE,Android
175bb8fa-4bd0-48e3-82e3-b2bd0ccc0216,SER,2023-05-11T08:23:55.899Z,MOBILE,Android
175bb8fa-4bd0-48e3-82e3-b2bd0ccc0216,CL,2023-05-11T08:57:31.899Z,MOBILE,Android
175bb8fa-4bd0-48e3-82e3-b2bd0ccc0216,HP,2023-05-11T09:31:14.899Z,MOBILE,Android
175bb8fa-4bd0-48e3-82e3-b2bd0ccc0216,HP,2023-05-11T10:05:29.899Z,MOBILE,Android
175bb8fa-4bd0-48e3-82e3-b2bd0ccc0216,CL,2023-05-11T10:38:52.899Z,MOBILE,Android
175bb8fa-4bd0-48e3-82e3-b2bd0ccc0216,SER,2023-05-11T11:11:33.899Z,MOBILE,Android
175bb8fa-4bd0-48e3-82e3-b2bd0ccc0216,SCR,2023-05-11T11:44:36.899Z,MOBILE,Android
175bb8fa-4bd0-48e3-82e3-b2bd0ccc0216,SER,2023-05-11T12:18:13.899Z,MOBILE,Android
175bb8fa-4bd0-48e3-82e3-b2bd0ccc0216,SER,2023-05-11T12:52:52.899Z,MOBILE,Android
175bb8fa-4bd0-48e3-82e3-b2bd0ccc0216,SCR,2023-05-11T13:26:19.899Z,MOBILE,Android
175bb8fa-4bd0-48e3-82e3-b2bd0ccc0216,SCR,2023-05-11T13:58:55.899Z,MOBILE,Android
175bb8fa-4bd0-48e3-82e3-b2bd0ccc0216,SER,2023-05-11T14:32:20.899Z,MOBILE,Android
175bb8fa-4bd0-48e3-82e3-b2bd0ccc0216,HP,2023-05-11T15:06:33.899Z,MOBILE,Android
175bb8fa-4bd0-48e3-82e3-b2bd0ccc0216,CL,2023-05-11T15:39:38.899Z,MOBILE,Android
175bb8fa-4bd0-48e3-82e3-b2bd0ccc0216,SCR,2023-05-11T16:12:33.899Z,MOBILE,Android
175bb8fa-4bd0-48e3-82e3-b2bd0ccc0216,CL,2023-05-11T16:46:33.899Z,MOBILE,Android
175bb8fa-4bd0-48e3-82e3-b2bd0ccc0216,SCR,2023-05-11T17:20:48.899Z,MOBILE,Android
175bb8fa-4bd0-48e3-82e3-b2bd0ccc0216,SCR,2023-05-11T18:27:31.899Z,MOBILE,Android
175bb8fa-4bd0-48e3-82e3-b2bd0ccc0216,SCR,2023-05-11T19:35:23.899Z,MOBILE,Android
175bb8fa-4bd0-48e3-82e3-b2bd0ccc0216,SCR,2023-05-11T20:10:45.899Z,MOBILE,Android
175bb8fa-4bd0-48e3-82e3-b2bd0ccc0216,CL,2023-05-11T20:43:47.899Z,MOBILE,Android
175bb8fa-4bd0-48e3-82e3-b2bd0ccc0216,SCR,2023-05-11T21:16:34.899Z,MOBILE,Android
175bb8fa-4bd0-48e3-82e3-b2bd0ccc0216,CL,2023-05-11T21:49:45.899Z,MOBILE,Android
175bb8fa-4bd0-48e3-82e3-b2bd0ccc0216,HP,2023-05-11T22:22:22.899Z,MOBILE,Android
175bb8fa-4bd0-48e3-82e3-b2bd0ccc0216,CL,2023-05-11T22:56:37.899Z,MOBILE,Android
175bb8fa-4bd0-48e3-82e3-b2bd0ccc0216,HP,2023-05-12T00:05:34.899Z,MOBILE,Android
175bb8fa-4bd0-48e3-82e3-b2bd0ccc0216,VI,2023-05-12T00:39:17.899Z,MOBILE,Android
2051b769-ea90-405f-ac11-adb3e1f194c0,HP,2023-10-02T13:43:10.899Z,MOBILE,Android
2051b769-ea90-405f-ac11-adb3e1f194c0,ATC,2023-10-02T14:12:33.899Z,MOBILE,Android
2051b769-ea90-405f-ac11-adb3e1f194c0,SER,2023-10-02T14:13:13.899Z,MOBILE,Android
2051b769-ea90-405f-ac11-adb3e1f194c0,SCR,2023-10-02T15:11:18.899Z,MOBILE,Android
2051b769-ea90-405f-ac11-adb3e1f194c0,SER,2023-10-02T15:41:16.899Z,MOBILE,Android
2051b769-ea90-405f-ac11-adb3e1f194c0,HP,2023-10-02T16:40:21.899Z,MOBILE,Android
2051b769-ea90-405f-ac11-adb3e1f194c0,SER,2023-10-02T17:09:16.899Z,MOBILE,Android
2051b769-ea90-405f-ac11-adb3e1f194c0,SCR,2023-10-02T17:39:30.899Z,MOBILE,Android
2051b769-ea90-405f-ac11-adb3e1f194c0,SER,2023-10-02T18:09:36.899Z,MOBILE,Android
2051b769-ea90-405f-ac11-adb3e1f194c0,SCR,2023-10-02T19:06:13.899Z,MOBILE,Android
2051b769-ea90-405f-ac11-adb3e1f194c0,SCR,2023-10-02T19:35:17.899Z,MOBILE,Android
2051b769-ea90-405f-ac11-adb3e1f194c0,SER,2023-10-02T20:05:26.899Z,MOBILE,Android
2051b769-ea90-405f-ac11-adb3e1f194c0,HP,2023-10-02T20:35:34.899Z,MOBILE,Android
2051b769-ea90-405f-ac11-adb3e1f194c0,SCR,2023-10-02T21:04:01.899Z,MOBILE,Android
2051b769-ea90-405f-ac11-adb3e1f194c0,HP,2023-10-02T21:33:36.899Z,MOBILE,Android
2051b769-ea90-405f-ac11-adb3e1f194c0,CL,2023-10-02T22:03:43.899Z,MOBILE,Android
2051b769-ea90-405f-ac11-adb3e1f194c0,CL,2023-10-02T22:33:38.899Z,MOBILE,Android
2051b769-ea90-405f-ac11-adb3e1f194c0,SCR,2023-10-02T23:03:11.899Z,MOBILE,Android
2051b769-ea90-405f-ac11-adb3e1f194c0,SCR,2023-10-02T23:33:27.899Z,MOBILE,Android
2051b769-ea90-405f-ac11-adb3e1f194c0,HP,2023-10-03T00:02:44.899Z,MOBILE,Android
2051b769-ea90-405f-ac11-adb3e1f194c0,CL,2023-10-03T00:32:11.899Z,MOBILE,Android
2051b769-ea90-405f-ac11-adb3e1f194c0,SER,2023-10-03T01:02:10.899Z,MOBILE,Android
2051b769-ea90-405f-ac11-adb3e1f194c0,SER,2023-10-03T01:31:34.899Z,MOBILE,Android
2051b769-ea90-405f-ac11-adb3e1f194c0,SCR,2023-10-03T02:02:40.899Z,MOBILE,Android
2051b769-ea90-405f-ac11-adb3e1f194c0,CL,2023-10-03T02:33:35.899Z,MOBILE,Android
2051b769-ea90-405f-ac11-adb3e1f194c0,SER,2023-10-03T03:03:09.899Z,MOBILE,Android
2051b769-ea90-405f-ac11-adb3e1f194c0,CL,2023-10-03T03:32:26.899Z,MOBILE,Android
fed614ba-d33f-49c5-a342-07b0b695a85c,HP,2023-12-20T16:49:35.899Z,MOBILE,Android
fed614ba-d33f-49c5-a342-07b0b695a85c,ATC,2023-12-20T19:48:42.899Z,MOBILE,Android
fed614ba-d33f-49c5-a342-07b0b695a85c,CL,2023-12-20T19:46:32.899Z,MOBILE,Android
fed614ba-d33f-49c5-a342-07b0b695a85c,CL,2023-12-21T01:40:07.899Z,MOBILE,Android
fed614ba-d33f-49c5-a342-07b0b695a85c,SCR,2023-12-21T04:38:14.899Z,MOBILE,Android
fed614ba-d33f-49c5-a342-07b0b695a85c,SCR,2023-12-21T10:27:03.899Z,MOBILE,Android
fed614ba-d33f-49c5-a342-07b0b695a85c,SCR,2023-12-21T13:21:02.899Z,MOBILE,Android
fed614ba-d33f-49c5-a342-07b0b695a85c,SER,2023-12-21T16:18:54.899Z,MOBILE,Android
fed614ba-d33f-49c5-a342-07b0b695a85c,SER,2023-12-21T19:17:57.899Z,MOBILE,Android
fed614ba-d33f-49c5-a342-07b0b695a85c,HP,2023-12-21T22:14:44.899Z,MOBILE,Android
fed614ba-d33f-49c5-a342-07b0b695a85c,CL,2023-12-22T01:09:01.899Z,MOBILE,Android
2051b769-ea90-405f-ac11-adb3e1f194c0,VI,2023-10-03T04:02:02.899Z,MOBILE,Android
f0111d72-d585-49f4-afd5-41dd4c3d26f5,HP,2022-08-14T02:16:24.751Z,MOBILE,Android
f0111d72-d585-49f4-afd5-41dd4c3d26f5,ATC,2022-08-14T19:58:38.751Z,MOBILE,Android
f0111d72-d585-49f4-afd5-41dd4c3d26f5,AP,2022-08-15T13:39:15.751Z,MOBILE,Android
f0111d72-d585-49f4-afd5-41dd4c3d26f5,HP,2022-08-14T19:59:09.751Z,MOBILE,Android
f0111d72-d585-49f4-afd5-41dd4c3d26f5,VI,2022-08-15T13:46:22.751Z,MOBILE,Android
843f535b-7d9a-4065-98a9-cab65b6a668a,HP,2023-08-04T19:40:24.751Z,MOBILE,Android
843f535b-7d9a-4065-98a9-cab65b6a668a,ATC,2023-08-04T19:48:53.751Z,MOBILE,Android
843f535b-7d9a-4065-98a9-cab65b6a668a,ATC,2023-08-04T19:57:22.751Z,MOBILE,Android
843f535b-7d9a-4065-98a9-cab65b6a668a,AP,2023-08-04T20:05:13.751Z,MOBILE,Android
843f535b-7d9a-4065-98a9-cab65b6a668a,CL,2023-08-04T19:47:27.751Z,MOBILE,Android
843f535b-7d9a-4065-98a9-cab65b6a668a,ATC,2023-08-04T19:55:29.751Z,MOBILE,Android
843f535b-7d9a-4065-98a9-cab65b6a668a,ATC,2023-08-04T20:03:38.751Z,MOBILE,Android
843f535b-7d9a-4065-98a9-cab65b6a668a,ATC,2023-08-04T20:11:45.751Z,MOBILE,Android
843f535b-7d9a-4065-98a9-cab65b6a668a,SCR,2023-08-04T20:19:11.751Z,MOBILE,Android
843f535b-7d9a-4065-98a9-cab65b6a668a,CL,2023-08-04T20:34:49.751Z,MOBILE,Android
843f535b-7d9a-4065-98a9-cab65b6a668a,SCR,2023-08-04T20:49:39.751Z,MOBILE,Android
843f535b-7d9a-4065-98a9-cab65b6a668a,HP,2023-08-04T20:57:16.751Z,MOBILE,Android
843f535b-7d9a-4065-98a9-cab65b6a668a,SCR,2023-08-04T21:04:47.751Z,MOBILE,Android
843f535b-7d9a-4065-98a9-cab65b6a668a,ATC,2023-08-04T21:12:19.751Z,MOBILE,Android
843f535b-7d9a-4065-98a9-cab65b6a668a,SCR,2023-08-04T21:19:42.751Z,MOBILE,Android
843f535b-7d9a-4065-98a9-cab65b6a668a,CL,2023-08-04T21:27:32.751Z,MOBILE,Android
843f535b-7d9a-4065-98a9-cab65b6a668a,SER,2023-08-04T21:35:32.751Z,MOBILE,Android
843f535b-7d9a-4065-98a9-cab65b6a668a,SER,2023-08-04T21:43:37.751Z,MOBILE,Android
843f535b-7d9a-4065-98a9-cab65b6a668a,VI,2023-08-04T20:26:58.751Z,MOBILE,Android
6ac14827-3aab-4990-a072-e9f121bd4b69,HP,2023-07-24T08:00:24.675Z,MOBILE,Android
6ac14827-3aab-4990-a072-e9f121bd4b69,ATC,2023-07-24T16:43:53.675Z,MOBILE,Android
6ac14827-3aab-4990-a072-e9f121bd4b69,CL,2023-07-24T16:48:00.675Z,MOBILE,Android
6ac14827-3aab-4990-a072-e9f121bd4b69,SER,2023-07-25T01:29:24.675Z,MOBILE,Android
6ac14827-3aab-4990-a072-e9f121bd4b69,CL,2023-07-25T10:11:28.675Z,MOBILE,Android
6ac14827-3aab-4990-a072-e9f121bd4b69,CO,2023-07-26T03:41:20.675Z,MOBILE,Android
6ac14827-3aab-4990-a072-e9f121bd4b69,VI,2023-07-29T00:43:00.675Z,MOBILE,Android
6ac14827-3aab-4990-a072-e9f121bd4b69,VI,2023-07-31T21:50:24.675Z,MOBILE,Android
4d2f4ebd-dfdf-43e1-bc83-54505f455560,HP,2022-10-12T06:03:06.996Z,MOBILE,Android
4d2f4ebd-dfdf-43e1-bc83-54505f455560,ATC,2022-10-13T02:58:21.996Z,MOBILE,Android
4d2f4ebd-dfdf-43e1-bc83-54505f455560,ATC,2022-10-13T23:59:32.996Z,MOBILE,Android
4d2f4ebd-dfdf-43e1-bc83-54505f455560,ATC,2022-10-14T20:51:47.996Z,MOBILE,Android
4d2f4ebd-dfdf-43e1-bc83-54505f455560,ATC,2022-10-15T17:39:50.996Z,MOBILE,Android
4d2f4ebd-dfdf-43e1-bc83-54505f455560,ATC,2022-10-16T14:36:33.996Z,MOBILE,Android
4d2f4ebd-dfdf-43e1-bc83-54505f455560,CL,2022-10-13T03:00:43.996Z,MOBILE,Android
5d6d8b36-ce1f-4696-b152-5ca14a5c3aca,HP,2023-05-31T05:07:36.537Z,WEB,Android
5d6d8b36-ce1f-4696-b152-5ca14a5c3aca,ATC,2023-05-31T08:10:39.537Z,WEB,Android
5d6d8b36-ce1f-4696-b152-5ca14a5c3aca,ATC,2023-05-31T11:13:44.537Z,WEB,Android
5d6d8b36-ce1f-4696-b152-5ca14a5c3aca,AP,2023-05-31T14:17:09.537Z,WEB,Android
5d6d8b36-ce1f-4696-b152-5ca14a5c3aca,CL,2023-05-31T11:17:52.537Z,WEB,Android
5d6d8b36-ce1f-4696-b152-5ca14a5c3aca,SCR,2023-05-31T17:26:03.537Z,WEB,Android
5d6d8b36-ce1f-4696-b152-5ca14a5c3aca,CL,2023-05-31T20:31:14.537Z,WEB,Android
5d6d8b36-ce1f-4696-b152-5ca14a5c3aca,HP,2023-05-31T23:39:10.537Z,WEB,Android
5d6d8b36-ce1f-4696-b152-5ca14a5c3aca,SER,2023-06-01T02:42:54.537Z,WEB,Android
5d6d8b36-ce1f-4696-b152-5ca14a5c3aca,SCR,2023-06-01T05:49:47.537Z,WEB,Android
5d6d8b36-ce1f-4696-b152-5ca14a5c3aca,HP,2023-06-01T08:54:24.537Z,WEB,Android
5d6d8b36-ce1f-4696-b152-5ca14a5c3aca,SER,2023-06-01T11:58:53.537Z,WEB,Android
5d6d8b36-ce1f-4696-b152-5ca14a5c3aca,SER,2023-06-01T15:03:42.537Z,WEB,Android
5d6d8b36-ce1f-4696-b152-5ca14a5c3aca,SER,2023-06-01T18:11:37.537Z,WEB,Android
5d6d8b36-ce1f-4696-b152-5ca14a5c3aca,HP,2023-06-01T21:16:55.537Z,WEB,Android
5d6d8b36-ce1f-4696-b152-5ca14a5c3aca,SCR,2023-06-02T03:21:38.537Z,WEB,Android
5d6d8b36-ce1f-4696-b152-5ca14a5c3aca,CL,2023-06-02T06:26:16.537Z,WEB,Android
5d6d8b36-ce1f-4696-b152-5ca14a5c3aca,SER,2023-06-02T09:28:04.537Z,WEB,Android
5d6d8b36-ce1f-4696-b152-5ca14a5c3aca,HP,2023-06-02T12:31:39.537Z,WEB,Android
5d6d8b36-ce1f-4696-b152-5ca14a5c3aca,CL,2023-06-02T15:36:39.537Z,WEB,Android
5d6d8b36-ce1f-4696-b152-5ca14a5c3aca,CL,2023-06-02T18:40:41.537Z,WEB,Android
5d6d8b36-ce1f-4696-b152-5ca14a5c3aca,HP,2023-06-02T21:43:03.537Z,WEB,Android
5d6d8b36-ce1f-4696-b152-5ca14a5c3aca,SCR,2023-06-03T00:50:23.537Z,WEB,Android
5d6d8b36-ce1f-4696-b152-5ca14a5c3aca,CL,2023-06-03T10:01:51.537Z,WEB,Android
5d6d8b36-ce1f-4696-b152-5ca14a5c3aca,SER,2023-06-03T13:01:53.537Z,WEB,Android
5d6d8b36-ce1f-4696-b152-5ca14a5c3aca,CL,2023-06-03T16:04:11.537Z,WEB,Android
5d6d8b36-ce1f-4696-b152-5ca14a5c3aca,CL,2023-06-03T19:06:24.537Z,WEB,Android
5d6d8b36-ce1f-4696-b152-5ca14a5c3aca,SER,2023-06-03T22:09:51.537Z,WEB,Android
5d6d8b36-ce1f-4696-b152-5ca14a5c3aca,VI,2023-05-31T08:11:57.537Z,WEB,Android
5d6d8b36-ce1f-4696-b152-5ca14a5c3aca,HP,2023-06-04T01:14:14.537Z,WEB,Android
5d6d8b36-ce1f-4696-b152-5ca14a5c3aca,SCR,2023-06-04T04:17:41.537Z,WEB,Android
5d6d8b36-ce1f-4696-b152-5ca14a5c3aca,HP,2023-06-04T07:19:38.537Z,WEB,Android
5d6d8b36-ce1f-4696-b152-5ca14a5c3aca,HP,2023-06-04T10:24:53.537Z,WEB,Android
5d6d8b36-ce1f-4696-b152-5ca14a5c3aca,HP,2023-06-04T16:34:46.537Z,WEB,Android
5d6d8b36-ce1f-4696-b152-5ca14a5c3aca,SCR,2023-06-05T01:45:25.537Z,WEB,Android
5d6d8b36-ce1f-4696-b152-5ca14a5c3aca,SER,2023-06-05T04:47:50.537Z,WEB,Android
5d6d8b36-ce1f-4696-b152-5ca14a5c3aca,VI,2023-06-04T13:30:14.537Z,WEB,Android
5d6d8b36-ce1f-4696-b152-5ca14a5c3aca,VI,2023-06-04T22:40:36.537Z,WEB,Android
24f2027f-931a-4754-ae0e-00811aa04c11,HP,2023-07-11T22:03:44.876Z,MOBILE,Android
24f2027f-931a-4754-ae0e-00811aa04c11,ATC,2023-07-12T09:00:49.876Z,MOBILE,Android
24f2027f-931a-4754-ae0e-00811aa04c11,ATC,2023-07-12T19:55:12.876Z,MOBILE,Android
24f2027f-931a-4754-ae0e-00811aa04c11,ATC,2023-07-13T06:49:46.876Z,MOBILE,Android
24f2027f-931a-4754-ae0e-00811aa04c11,ATC,2023-07-13T17:49:46.876Z,MOBILE,Android
24f2027f-931a-4754-ae0e-00811aa04c11,ATC,2023-07-14T04:44:44.876Z,MOBILE,Android
24f2027f-931a-4754-ae0e-00811aa04c11,ATC,2023-07-14T15:37:24.876Z,MOBILE,Android
24f2027f-931a-4754-ae0e-00811aa04c11,ATC,2023-07-15T02:28:07.876Z,MOBILE,Android
24f2027f-931a-4754-ae0e-00811aa04c11,CL,2023-07-12T08:51:42.876Z,MOBILE,Android
2bb9c703-886b-47b1-9dff-4a4937a2eaa9,HP,2023-12-11T23:43:38.876Z,MOBILE,Android
2bb9c703-886b-47b1-9dff-4a4937a2eaa9,ATC,2023-12-12T05:00:05.876Z,MOBILE,Android
2bb9c703-886b-47b1-9dff-4a4937a2eaa9,ATC,2023-12-12T10:10:37.876Z,MOBILE,Android
2bb9c703-886b-47b1-9dff-4a4937a2eaa9,AP,2023-12-12T15:21:37.876Z,MOBILE,Android
2bb9c703-886b-47b1-9dff-4a4937a2eaa9,CL,2023-12-12T04:58:21.876Z,MOBILE,Android
2bb9c703-886b-47b1-9dff-4a4937a2eaa9,CL,2023-12-12T10:07:34.876Z,MOBILE,Android
2bb9c703-886b-47b1-9dff-4a4937a2eaa9,SER,2023-12-12T15:19:10.876Z,MOBILE,Android
2bb9c703-886b-47b1-9dff-4a4937a2eaa9,SCR,2023-12-12T20:28:13.876Z,MOBILE,Android
2bb9c703-886b-47b1-9dff-4a4937a2eaa9,CL,2023-12-13T06:56:06.876Z,MOBILE,Android
2bb9c703-886b-47b1-9dff-4a4937a2eaa9,SCR,2023-12-13T12:07:22.876Z,MOBILE,Android
2bb9c703-886b-47b1-9dff-4a4937a2eaa9,CL,2023-12-13T17:15:53.876Z,MOBILE,Android
2bb9c703-886b-47b1-9dff-4a4937a2eaa9,CL,2023-12-13T22:26:18.876Z,MOBILE,Android
2bb9c703-886b-47b1-9dff-4a4937a2eaa9,SCR,2023-12-14T03:38:26.876Z,MOBILE,Android
2bb9c703-886b-47b1-9dff-4a4937a2eaa9,HP,2023-12-14T08:49:02.876Z,MOBILE,Android
2bb9c703-886b-47b1-9dff-4a4937a2eaa9,CL,2023-12-14T13:56:05.876Z,MOBILE,Android
2bb9c703-886b-47b1-9dff-4a4937a2eaa9,CL,2023-12-15T00:13:19.876Z,MOBILE,Android
2bb9c703-886b-47b1-9dff-4a4937a2eaa9,CL,2023-12-15T15:48:49.876Z,MOBILE,Android
2bb9c703-886b-47b1-9dff-4a4937a2eaa9,SCR,2023-12-15T21:02:30.876Z,MOBILE,Android
2bb9c703-886b-47b1-9dff-4a4937a2eaa9,SCR,2023-12-16T02:14:46.876Z,MOBILE,Android
2bb9c703-886b-47b1-9dff-4a4937a2eaa9,SCR,2023-12-16T07:26:12.876Z,MOBILE,Android
2bb9c703-886b-47b1-9dff-4a4937a2eaa9,VI,2023-12-14T19:06:24.876Z,MOBILE,Android
2bb9c703-886b-47b1-9dff-4a4937a2eaa9,VI,2023-12-15T05:27:04.876Z,MOBILE,Android
dcd5f7f7-efee-4f8e-8402-d9c787393e32,HP,2023-03-01T01:31:43.788Z,MOBILE,Android
dcd5f7f7-efee-4f8e-8402-d9c787393e32,ATC,2023-03-01T14:39:05.788Z,MOBILE,Android
4e2c8cd6-99c7-4df2-8180-14f6a885b7e3,SCR,2022-11-17T23:39:50.418Z,MOBILE,Android
dcd5f7f7-efee-4f8e-8402-d9c787393e32,ATC,2023-03-02T03:44:17.788Z,MOBILE,Android
dcd5f7f7-efee-4f8e-8402-d9c787393e32,ATC,2023-03-02T16:49:19.788Z,MOBILE,Android
dcd5f7f7-efee-4f8e-8402-d9c787393e32,ATC,2023-03-03T05:56:35.788Z,MOBILE,Android
dcd5f7f7-efee-4f8e-8402-d9c787393e32,ATC,2023-03-03T19:05:02.788Z,MOBILE,Android
dcd5f7f7-efee-4f8e-8402-d9c787393e32,SER,2023-03-02T03:40:38.788Z,MOBILE,Android
dcd5f7f7-efee-4f8e-8402-d9c787393e32,HP,2023-03-02T16:47:01.788Z,MOBILE,Android
dcd5f7f7-efee-4f8e-8402-d9c787393e32,SCR,2023-03-03T05:59:26.788Z,MOBILE,Android
dcd5f7f7-efee-4f8e-8402-d9c787393e32,CL,2023-03-03T19:00:39.788Z,MOBILE,Android
dcd5f7f7-efee-4f8e-8402-d9c787393e32,CL,2023-03-04T08:11:28.788Z,MOBILE,Android
dcd5f7f7-efee-4f8e-8402-d9c787393e32,CL,2023-03-17T13:19:42.788Z,MOBILE,Android
dcd5f7f7-efee-4f8e-8402-d9c787393e32,VI,2023-03-04T21:23:16.788Z,MOBILE,Android
e6e8d318-4cee-45c2-9ed2-7a8a8b3af848,HP,2021-01-09T23:27:55.735Z,MOBILE,Android
e6e8d318-4cee-45c2-9ed2-7a8a8b3af848,ATC,2021-01-10T04:50:09.735Z,MOBILE,Android
e6e8d318-4cee-45c2-9ed2-7a8a8b3af848,SCR,2021-01-10T04:44:32.735Z,MOBILE,Android
6eaca552-f6f7-45e0-bc25-fec59b658274,HP,2023-10-31T03:06:11.735Z,MOBILE,Android
6eaca552-f6f7-45e0-bc25-fec59b658274,ATC,2023-10-31T08:46:18.735Z,MOBILE,Android
6eaca552-f6f7-45e0-bc25-fec59b658274,SCR,2023-10-31T08:45:46.735Z,MOBILE,Android
6eaca552-f6f7-45e0-bc25-fec59b658274,SCR,2023-10-31T14:29:35.735Z,MOBILE,Android
6eaca552-f6f7-45e0-bc25-fec59b658274,ATC,2023-10-31T20:11:17.735Z,MOBILE,Android
ddb6e7fc-305d-4975-a799-c6205d4491a3,HP,2022-10-04T05:35:41.248Z,MOBILE,Android
ddb6e7fc-305d-4975-a799-c6205d4491a3,ATC,2022-10-04T06:23:09.248Z,MOBILE,Android
ddb6e7fc-305d-4975-a799-c6205d4491a3,ATC,2022-10-04T06:24:39.248Z,MOBILE,Android
ddb6e7fc-305d-4975-a799-c6205d4491a3,SCR,2022-10-04T07:11:09.248Z,MOBILE,Android
ddb6e7fc-305d-4975-a799-c6205d4491a3,ATC,2022-10-04T08:00:14.248Z,MOBILE,Android
ddb6e7fc-305d-4975-a799-c6205d4491a3,CL,2022-10-04T08:47:51.248Z,MOBILE,Android
ddb6e7fc-305d-4975-a799-c6205d4491a3,ATC,2022-10-04T09:36:43.248Z,MOBILE,Android
ddb6e7fc-305d-4975-a799-c6205d4491a3,ATC,2022-10-04T10:23:51.248Z,MOBILE,Android
fb74be93-8204-48fa-87f4-3f1cb54960ca,HP,2021-09-07T15:32:44.038Z,MOBILE,iOS
fb74be93-8204-48fa-87f4-3f1cb54960ca,ATC,2021-09-07T15:36:19.038Z,MOBILE,iOS
fb74be93-8204-48fa-87f4-3f1cb54960ca,ATC,2021-09-07T15:39:25.038Z,MOBILE,iOS
fb74be93-8204-48fa-87f4-3f1cb54960ca,ATC,2021-09-07T15:42:42.038Z,MOBILE,iOS
fb74be93-8204-48fa-87f4-3f1cb54960ca,ATC,2021-09-07T15:45:54.038Z,MOBILE,iOS
fb74be93-8204-48fa-87f4-3f1cb54960ca,ATC,2021-09-07T15:49:25.038Z,MOBILE,iOS
fb74be93-8204-48fa-87f4-3f1cb54960ca,AP,2021-09-07T15:52:28.038Z,MOBILE,iOS
fb74be93-8204-48fa-87f4-3f1cb54960ca,SER,2021-09-07T15:39:22.038Z,MOBILE,iOS
fb74be93-8204-48fa-87f4-3f1cb54960ca,SCR,2021-09-07T15:42:27.038Z,MOBILE,iOS
fb74be93-8204-48fa-87f4-3f1cb54960ca,CL,2021-09-07T15:48:53.038Z,MOBILE,iOS
fb74be93-8204-48fa-87f4-3f1cb54960ca,CL,2021-09-07T15:52:29.038Z,MOBILE,iOS
fb74be93-8204-48fa-87f4-3f1cb54960ca,CL,2021-09-07T15:56:06.038Z,MOBILE,iOS
737b6e9e-d84b-412c-86c8-54fba52f8769,HP,2021-11-04T14:52:34.573Z,MOBILE,iOS
737b6e9e-d84b-412c-86c8-54fba52f8769,ATC,2021-11-06T04:12:19.573Z,MOBILE,iOS
737b6e9e-d84b-412c-86c8-54fba52f8769,AP,2021-11-07T17:37:50.573Z,MOBILE,iOS
737b6e9e-d84b-412c-86c8-54fba52f8769,SER,2021-11-06T04:26:47.573Z,MOBILE,iOS
737b6e9e-d84b-412c-86c8-54fba52f8769,HP,2021-11-07T17:56:33.573Z,MOBILE,iOS
737b6e9e-d84b-412c-86c8-54fba52f8769,SCR,2021-11-09T07:25:03.573Z,MOBILE,iOS
737b6e9e-d84b-412c-86c8-54fba52f8769,SCR,2021-11-10T20:52:14.573Z,MOBILE,iOS
737b6e9e-d84b-412c-86c8-54fba52f8769,SCR,2021-11-13T23:43:54.573Z,MOBILE,iOS
737b6e9e-d84b-412c-86c8-54fba52f8769,VP,2021-11-12T10:19:05.573Z,MOBILE,iOS
a16ccaf5-3f36-4a65-b1d7-d6e4167b79e9,HP,2023-05-14T17:54:27.573Z,MOBILE,iOS
a16ccaf5-3f36-4a65-b1d7-d6e4167b79e9,ATC,2023-05-15T01:01:02.573Z,MOBILE,iOS
a16ccaf5-3f36-4a65-b1d7-d6e4167b79e9,AP,2023-05-15T08:06:21.573Z,MOBILE,iOS
a16ccaf5-3f36-4a65-b1d7-d6e4167b79e9,CL,2023-05-15T00:59:50.573Z,MOBILE,iOS
a16ccaf5-3f36-4a65-b1d7-d6e4167b79e9,SCR,2023-05-15T08:09:08.573Z,MOBILE,iOS
a16ccaf5-3f36-4a65-b1d7-d6e4167b79e9,SER,2023-05-15T22:20:10.573Z,MOBILE,iOS
a16ccaf5-3f36-4a65-b1d7-d6e4167b79e9,CL,2023-05-16T05:26:38.573Z,MOBILE,iOS
a16ccaf5-3f36-4a65-b1d7-d6e4167b79e9,SER,2023-05-16T12:32:22.573Z,MOBILE,iOS
a16ccaf5-3f36-4a65-b1d7-d6e4167b79e9,CL,2023-05-16T19:37:51.573Z,MOBILE,iOS
a16ccaf5-3f36-4a65-b1d7-d6e4167b79e9,CL,2023-05-17T02:42:20.573Z,MOBILE,iOS
a16ccaf5-3f36-4a65-b1d7-d6e4167b79e9,SER,2023-05-17T16:58:42.573Z,MOBILE,iOS
a16ccaf5-3f36-4a65-b1d7-d6e4167b79e9,CL,2023-05-18T07:12:51.573Z,MOBILE,iOS
a16ccaf5-3f36-4a65-b1d7-d6e4167b79e9,SCR,2023-05-18T21:35:54.573Z,MOBILE,iOS
a16ccaf5-3f36-4a65-b1d7-d6e4167b79e9,CL,2023-05-19T04:44:22.573Z,MOBILE,iOS
a16ccaf5-3f36-4a65-b1d7-d6e4167b79e9,SCR,2023-05-19T11:51:22.573Z,MOBILE,iOS
a16ccaf5-3f36-4a65-b1d7-d6e4167b79e9,CL,2023-05-19T19:00:15.573Z,MOBILE,iOS
a16ccaf5-3f36-4a65-b1d7-d6e4167b79e9,HP,2023-05-20T02:10:59.573Z,MOBILE,iOS
a16ccaf5-3f36-4a65-b1d7-d6e4167b79e9,CL,2023-05-20T09:16:26.573Z,MOBILE,iOS
a16ccaf5-3f36-4a65-b1d7-d6e4167b79e9,SCR,2023-05-20T16:25:22.573Z,MOBILE,iOS
a16ccaf5-3f36-4a65-b1d7-d6e4167b79e9,HP,2023-05-21T06:38:10.573Z,MOBILE,iOS
a16ccaf5-3f36-4a65-b1d7-d6e4167b79e9,CL,2023-05-21T13:42:27.573Z,MOBILE,iOS
a16ccaf5-3f36-4a65-b1d7-d6e4167b79e9,SER,2023-05-22T03:57:35.573Z,MOBILE,iOS
a16ccaf5-3f36-4a65-b1d7-d6e4167b79e9,CL,2023-05-22T11:07:32.573Z,MOBILE,iOS
a16ccaf5-3f36-4a65-b1d7-d6e4167b79e9,CL,2023-05-22T18:14:59.573Z,MOBILE,iOS
a16ccaf5-3f36-4a65-b1d7-d6e4167b79e9,HP,2023-05-23T01:21:47.573Z,MOBILE,iOS
a16ccaf5-3f36-4a65-b1d7-d6e4167b79e9,VI,2023-05-15T15:12:48.573Z,MOBILE,iOS
a16ccaf5-3f36-4a65-b1d7-d6e4167b79e9,VI,2023-05-17T09:52:32.573Z,MOBILE,iOS
a16ccaf5-3f36-4a65-b1d7-d6e4167b79e9,VI,2023-05-18T00:03:48.573Z,MOBILE,iOS
a16ccaf5-3f36-4a65-b1d7-d6e4167b79e9,VI,2023-05-18T14:25:43.573Z,MOBILE,iOS
a16ccaf5-3f36-4a65-b1d7-d6e4167b79e9,VI,2023-05-20T23:32:52.573Z,MOBILE,iOS
a16ccaf5-3f36-4a65-b1d7-d6e4167b79e9,VI,2023-05-21T20:53:31.573Z,MOBILE,iOS
d3d485c5-700a-4dca-8069-5f00b9f8b8a5,HP,2022-10-08T05:09:36.827Z,MOBILE,Android
d3d485c5-700a-4dca-8069-5f00b9f8b8a5,ATC,2022-10-10T17:08:11.827Z,MOBILE,Android
d3d485c5-700a-4dca-8069-5f00b9f8b8a5,SCR,2022-10-10T17:25:52.827Z,MOBILE,Android
d1188ffa-f3d4-42af-8706-6e3ab57fa9b9,HP,2022-01-21T14:50:31.294Z,MOBILE,iOS
d1188ffa-f3d4-42af-8706-6e3ab57fa9b9,ATC,2022-01-21T17:35:10.294Z,MOBILE,iOS
d1188ffa-f3d4-42af-8706-6e3ab57fa9b9,AP,2022-01-21T20:19:22.294Z,MOBILE,iOS
d1188ffa-f3d4-42af-8706-6e3ab57fa9b9,HP,2022-01-21T20:19:55.294Z,MOBILE,iOS
d1188ffa-f3d4-42af-8706-6e3ab57fa9b9,CL,2022-01-21T23:01:43.294Z,MOBILE,iOS
d1188ffa-f3d4-42af-8706-6e3ab57fa9b9,SCR,2022-01-22T01:45:42.294Z,MOBILE,iOS
d1188ffa-f3d4-42af-8706-6e3ab57fa9b9,CL,2022-01-22T07:16:50.294Z,MOBILE,iOS
d1188ffa-f3d4-42af-8706-6e3ab57fa9b9,CL,2022-01-22T10:01:19.294Z,MOBILE,iOS
d1188ffa-f3d4-42af-8706-6e3ab57fa9b9,SCR,2022-01-22T12:47:16.294Z,MOBILE,iOS
d1188ffa-f3d4-42af-8706-6e3ab57fa9b9,HP,2022-01-22T15:33:35.294Z,MOBILE,iOS
d1188ffa-f3d4-42af-8706-6e3ab57fa9b9,CL,2022-01-22T18:18:57.294Z,MOBILE,iOS
d1188ffa-f3d4-42af-8706-6e3ab57fa9b9,CL,2022-01-22T21:03:59.294Z,MOBILE,iOS
d1188ffa-f3d4-42af-8706-6e3ab57fa9b9,CL,2022-01-22T23:48:02.294Z,MOBILE,iOS
d1188ffa-f3d4-42af-8706-6e3ab57fa9b9,CL,2022-01-23T02:31:14.294Z,MOBILE,iOS
d1188ffa-f3d4-42af-8706-6e3ab57fa9b9,HP,2022-01-23T05:15:40.294Z,MOBILE,iOS
d1188ffa-f3d4-42af-8706-6e3ab57fa9b9,SER,2022-01-23T07:59:13.294Z,MOBILE,iOS
d1188ffa-f3d4-42af-8706-6e3ab57fa9b9,SCR,2022-01-23T10:43:03.294Z,MOBILE,iOS
d1188ffa-f3d4-42af-8706-6e3ab57fa9b9,VI,2022-01-22T04:31:43.294Z,MOBILE,iOS
d1188ffa-f3d4-42af-8706-6e3ab57fa9b9,HP,2022-01-23T13:25:41.294Z,MOBILE,iOS
d1188ffa-f3d4-42af-8706-6e3ab57fa9b9,SCR,2022-01-23T16:11:26.294Z,MOBILE,iOS
d1188ffa-f3d4-42af-8706-6e3ab57fa9b9,SCR,2022-01-23T18:55:09.294Z,MOBILE,iOS
d1188ffa-f3d4-42af-8706-6e3ab57fa9b9,SER,2022-02-05T10:28:54.294Z,MOBILE,iOS
d1188ffa-f3d4-42af-8706-6e3ab57fa9b9,HP,2022-02-09T12:47:31.294Z,MOBILE,iOS
68cd0a04-f77c-4e9e-9d7b-1c48c2f38f65,SCR,2022-06-19T02:18:57.294Z,MOBILE,iOS
19af8e18-53f0-4631-b8f5-7864211d010b,HP,2022-03-01T21:34:16.294Z,MOBILE,iOS
19af8e18-53f0-4631-b8f5-7864211d010b,ATC,2022-03-03T18:12:53.294Z,MOBILE,iOS
19af8e18-53f0-4631-b8f5-7864211d010b,SER,2022-03-05T14:46:44.294Z,MOBILE,iOS
19af8e18-53f0-4631-b8f5-7864211d010b,CL,2022-03-07T11:14:30.294Z,MOBILE,iOS
19af8e18-53f0-4631-b8f5-7864211d010b,CL,2022-03-11T04:29:39.294Z,MOBILE,iOS
19af8e18-53f0-4631-b8f5-7864211d010b,SCR,2022-03-13T01:00:08.294Z,MOBILE,iOS
19af8e18-53f0-4631-b8f5-7864211d010b,CL,2022-03-14T21:29:56.294Z,MOBILE,iOS
19af8e18-53f0-4631-b8f5-7864211d010b,SCR,2022-03-18T14:43:11.294Z,MOBILE,iOS
19af8e18-53f0-4631-b8f5-7864211d010b,HP,2022-03-20T11:17:11.294Z,MOBILE,iOS
d1188ffa-f3d4-42af-8706-6e3ab57fa9b9,VI,2022-01-28T05:52:19.294Z,MOBILE,iOS
d1188ffa-f3d4-42af-8706-6e3ab57fa9b9,VI,2022-02-01T08:22:50.294Z,MOBILE,iOS
19af8e18-53f0-4631-b8f5-7864211d010b,VI,2022-03-03T18:08:43.294Z,MOBILE,iOS
19af8e18-53f0-4631-b8f5-7864211d010b,VI,2022-03-16T18:10:50.294Z,MOBILE,iOS
68cd0a04-f77c-4e9e-9d7b-1c48c2f38f65,HP,2022-06-18T00:35:58.294Z,MOBILE,iOS
68cd0a04-f77c-4e9e-9d7b-1c48c2f38f65,ATC,2022-06-18T02:26:34.294Z,MOBILE,iOS
68cd0a04-f77c-4e9e-9d7b-1c48c2f38f65,SER,2022-06-18T02:24:36.294Z,MOBILE,iOS
68cd0a04-f77c-4e9e-9d7b-1c48c2f38f65,CL,2022-06-18T04:15:09.294Z,MOBILE,iOS
68cd0a04-f77c-4e9e-9d7b-1c48c2f38f65,SER,2022-06-18T06:05:27.294Z,MOBILE,iOS
68cd0a04-f77c-4e9e-9d7b-1c48c2f38f65,HP,2022-06-18T07:55:49.294Z,MOBILE,iOS
68cd0a04-f77c-4e9e-9d7b-1c48c2f38f65,CL,2022-06-18T11:35:46.294Z,MOBILE,iOS
68cd0a04-f77c-4e9e-9d7b-1c48c2f38f65,SCR,2022-06-18T13:27:15.294Z,MOBILE,iOS
68cd0a04-f77c-4e9e-9d7b-1c48c2f38f65,SER,2022-06-18T15:18:00.294Z,MOBILE,iOS
68cd0a04-f77c-4e9e-9d7b-1c48c2f38f65,SCR,2022-06-18T17:07:22.294Z,MOBILE,iOS
68cd0a04-f77c-4e9e-9d7b-1c48c2f38f65,HP,2022-06-18T20:48:59.294Z,MOBILE,iOS
68cd0a04-f77c-4e9e-9d7b-1c48c2f38f65,CL,2022-06-19T00:31:08.294Z,MOBILE,iOS
68cd0a04-f77c-4e9e-9d7b-1c48c2f38f65,HP,2022-06-19T04:08:09.294Z,MOBILE,iOS
68cd0a04-f77c-4e9e-9d7b-1c48c2f38f65,SCR,2022-06-19T09:36:46.294Z,MOBILE,iOS
68cd0a04-f77c-4e9e-9d7b-1c48c2f38f65,SER,2022-06-19T11:28:31.294Z,MOBILE,iOS
68cd0a04-f77c-4e9e-9d7b-1c48c2f38f65,SCR,2022-06-19T13:20:31.294Z,MOBILE,iOS
68cd0a04-f77c-4e9e-9d7b-1c48c2f38f65,CL,2022-06-19T15:10:47.294Z,MOBILE,iOS
68cd0a04-f77c-4e9e-9d7b-1c48c2f38f65,SCR,2022-06-19T17:02:07.294Z,MOBILE,iOS
68cd0a04-f77c-4e9e-9d7b-1c48c2f38f65,HP,2022-06-19T18:51:29.294Z,MOBILE,iOS
68cd0a04-f77c-4e9e-9d7b-1c48c2f38f65,SER,2022-06-19T20:42:44.294Z,MOBILE,iOS
68cd0a04-f77c-4e9e-9d7b-1c48c2f38f65,SCR,2022-06-19T22:36:07.294Z,MOBILE,iOS
68cd0a04-f77c-4e9e-9d7b-1c48c2f38f65,SER,2022-06-20T00:26:52.294Z,MOBILE,iOS
68cd0a04-f77c-4e9e-9d7b-1c48c2f38f65,CL,2022-06-20T02:17:46.294Z,MOBILE,iOS
68cd0a04-f77c-4e9e-9d7b-1c48c2f38f65,SCR,2022-06-20T04:09:32.294Z,MOBILE,iOS
68cd0a04-f77c-4e9e-9d7b-1c48c2f38f65,HP,2022-06-20T06:03:34.294Z,MOBILE,iOS
68cd0a04-f77c-4e9e-9d7b-1c48c2f38f65,HP,2022-06-20T09:43:24.294Z,MOBILE,iOS
68cd0a04-f77c-4e9e-9d7b-1c48c2f38f65,CL,2022-06-20T11:33:48.294Z,MOBILE,iOS
68cd0a04-f77c-4e9e-9d7b-1c48c2f38f65,CL,2022-06-20T13:24:25.294Z,MOBILE,iOS
68cd0a04-f77c-4e9e-9d7b-1c48c2f38f65,CL,2022-06-20T15:16:06.294Z,MOBILE,iOS
68cd0a04-f77c-4e9e-9d7b-1c48c2f38f65,SER,2022-06-20T17:07:42.294Z,MOBILE,iOS
68cd0a04-f77c-4e9e-9d7b-1c48c2f38f65,SER,2022-06-20T20:51:00.294Z,MOBILE,iOS
68cd0a04-f77c-4e9e-9d7b-1c48c2f38f65,SCR,2022-06-20T22:43:52.294Z,MOBILE,iOS
68cd0a04-f77c-4e9e-9d7b-1c48c2f38f65,SCR,2022-06-21T02:24:50.294Z,MOBILE,iOS
68cd0a04-f77c-4e9e-9d7b-1c48c2f38f65,CL,2022-06-21T04:14:19.294Z,MOBILE,iOS
68cd0a04-f77c-4e9e-9d7b-1c48c2f38f65,CL,2022-06-21T06:03:30.294Z,MOBILE,iOS
68cd0a04-f77c-4e9e-9d7b-1c48c2f38f65,SER,2022-06-21T07:53:09.294Z,MOBILE,iOS
68cd0a04-f77c-4e9e-9d7b-1c48c2f38f65,CL,2022-06-21T09:42:57.294Z,MOBILE,iOS
68cd0a04-f77c-4e9e-9d7b-1c48c2f38f65,SCR,2022-06-21T13:24:18.294Z,MOBILE,iOS
68cd0a04-f77c-4e9e-9d7b-1c48c2f38f65,CL,2022-06-21T15:13:50.294Z,MOBILE,iOS
68cd0a04-f77c-4e9e-9d7b-1c48c2f38f65,CL,2022-06-21T17:03:21.294Z,MOBILE,iOS
68cd0a04-f77c-4e9e-9d7b-1c48c2f38f65,CL,2022-06-21T18:52:24.294Z,MOBILE,iOS
68cd0a04-f77c-4e9e-9d7b-1c48c2f38f65,HP,2022-06-21T20:44:11.294Z,MOBILE,iOS
68cd0a04-f77c-4e9e-9d7b-1c48c2f38f65,CL,2022-06-21T22:34:16.294Z,MOBILE,iOS
68cd0a04-f77c-4e9e-9d7b-1c48c2f38f65,CL,2022-06-22T00:26:11.294Z,MOBILE,iOS
68cd0a04-f77c-4e9e-9d7b-1c48c2f38f65,CL,2022-06-24T11:34:49.294Z,MOBILE,iOS
68cd0a04-f77c-4e9e-9d7b-1c48c2f38f65,HP,2022-06-26T19:12:26.294Z,MOBILE,iOS
68cd0a04-f77c-4e9e-9d7b-1c48c2f38f65,HP,2022-06-29T02:37:45.294Z,MOBILE,iOS
68cd0a04-f77c-4e9e-9d7b-1c48c2f38f65,SCR,2022-07-01T10:08:47.294Z,MOBILE,iOS
68cd0a04-f77c-4e9e-9d7b-1c48c2f38f65,VI,2022-06-18T09:46:37.294Z,MOBILE,iOS
68cd0a04-f77c-4e9e-9d7b-1c48c2f38f65,VI,2022-06-18T18:57:32.294Z,MOBILE,iOS
68cd0a04-f77c-4e9e-9d7b-1c48c2f38f65,VI,2022-06-18T22:41:05.294Z,MOBILE,iOS
68cd0a04-f77c-4e9e-9d7b-1c48c2f38f65,VI,2022-06-19T05:57:12.294Z,MOBILE,iOS
68cd0a04-f77c-4e9e-9d7b-1c48c2f38f65,VI,2022-06-19T07:47:18.294Z,MOBILE,iOS
4f23e188-78a1-434d-bde5-f00329340de5,HP,2022-11-13T04:57:37.294Z,MOBILE,iOS
4f23e188-78a1-434d-bde5-f00329340de5,ATC,2022-11-13T10:05:48.294Z,MOBILE,iOS
4f23e188-78a1-434d-bde5-f00329340de5,SCR,2022-11-13T10:01:10.294Z,MOBILE,iOS
4f23e188-78a1-434d-bde5-f00329340de5,SER,2022-11-13T15:09:04.294Z,MOBILE,iOS
4f23e188-78a1-434d-bde5-f00329340de5,CL,2022-11-13T20:13:01.294Z,MOBILE,iOS
4f23e188-78a1-434d-bde5-f00329340de5,SER,2022-11-14T01:21:34.294Z,MOBILE,iOS
4f23e188-78a1-434d-bde5-f00329340de5,SER,2022-11-14T06:27:19.294Z,MOBILE,iOS
4f23e188-78a1-434d-bde5-f00329340de5,HP,2022-11-14T11:34:33.294Z,MOBILE,iOS
4f23e188-78a1-434d-bde5-f00329340de5,SCR,2022-11-14T21:51:06.294Z,MOBILE,iOS
4f23e188-78a1-434d-bde5-f00329340de5,HP,2022-11-15T02:55:02.294Z,MOBILE,iOS
4f23e188-78a1-434d-bde5-f00329340de5,CL,2022-11-15T07:58:58.294Z,MOBILE,iOS
4f23e188-78a1-434d-bde5-f00329340de5,CL,2022-11-15T13:00:58.294Z,MOBILE,iOS
4f23e188-78a1-434d-bde5-f00329340de5,SCR,2022-11-15T18:08:34.294Z,MOBILE,iOS
4f23e188-78a1-434d-bde5-f00329340de5,HP,2022-11-16T04:23:46.294Z,MOBILE,iOS
4f23e188-78a1-434d-bde5-f00329340de5,CL,2022-11-16T09:28:57.294Z,MOBILE,iOS
4f23e188-78a1-434d-bde5-f00329340de5,CL,2022-11-16T14:33:43.294Z,MOBILE,iOS
4f23e188-78a1-434d-bde5-f00329340de5,SER,2022-11-16T19:40:57.294Z,MOBILE,iOS
4f23e188-78a1-434d-bde5-f00329340de5,SCR,2022-11-17T00:47:43.294Z,MOBILE,iOS
4f23e188-78a1-434d-bde5-f00329340de5,SCR,2022-11-17T16:01:00.294Z,MOBILE,iOS
4f23e188-78a1-434d-bde5-f00329340de5,HP,2022-11-17T21:09:42.294Z,MOBILE,iOS
4f23e188-78a1-434d-bde5-f00329340de5,CL,2022-11-18T02:15:01.294Z,MOBILE,iOS
4f23e188-78a1-434d-bde5-f00329340de5,CL,2022-11-18T07:24:36.294Z,MOBILE,iOS
4f23e188-78a1-434d-bde5-f00329340de5,CL,2022-11-18T12:30:50.294Z,MOBILE,iOS
4f23e188-78a1-434d-bde5-f00329340de5,CL,2022-11-18T17:38:27.294Z,MOBILE,iOS
4f23e188-78a1-434d-bde5-f00329340de5,VI,2022-11-14T16:45:27.294Z,MOBILE,iOS
4f23e188-78a1-434d-bde5-f00329340de5,VI,2022-11-17T05:47:29.294Z,MOBILE,iOS
4f23e188-78a1-434d-bde5-f00329340de5,VI,2022-11-17T10:53:57.294Z,MOBILE,iOS
40c67517-d10c-49cd-ad4e-244446756f15,HP,2023-08-29T08:06:49.294Z,MOBILE,iOS
40c67517-d10c-49cd-ad4e-244446756f15,ATC,2023-08-29T23:36:20.294Z,MOBILE,iOS
40c67517-d10c-49cd-ad4e-244446756f15,ATC,2023-08-30T15:04:03.294Z,MOBILE,iOS
40c67517-d10c-49cd-ad4e-244446756f15,ATC,2023-08-31T06:26:05.294Z,MOBILE,iOS
40c67517-d10c-49cd-ad4e-244446756f15,AP,2023-08-31T21:52:43.294Z,MOBILE,iOS
40c67517-d10c-49cd-ad4e-244446756f15,SCR,2023-08-30T14:46:51.294Z,MOBILE,iOS
40c67517-d10c-49cd-ad4e-244446756f15,CL,2023-08-31T06:09:37.294Z,MOBILE,iOS
40c67517-d10c-49cd-ad4e-244446756f15,CL,2023-08-31T21:33:41.294Z,MOBILE,iOS
40c67517-d10c-49cd-ad4e-244446756f15,HP,2023-09-01T12:56:37.294Z,MOBILE,iOS
40c67517-d10c-49cd-ad4e-244446756f15,CL,2023-09-02T04:23:58.294Z,MOBILE,iOS
40c67517-d10c-49cd-ad4e-244446756f15,HP,2023-09-02T19:49:55.294Z,MOBILE,iOS
40c67517-d10c-49cd-ad4e-244446756f15,HP,2023-09-03T11:13:23.294Z,MOBILE,iOS
40c67517-d10c-49cd-ad4e-244446756f15,CL,2023-09-04T02:48:19.294Z,MOBILE,iOS
40c67517-d10c-49cd-ad4e-244446756f15,SER,2023-09-04T18:16:02.294Z,MOBILE,iOS
40c67517-d10c-49cd-ad4e-244446756f15,HP,2023-09-05T09:43:52.294Z,MOBILE,iOS
40c67517-d10c-49cd-ad4e-244446756f15,CL,2023-09-06T01:09:18.294Z,MOBILE,iOS
40c67517-d10c-49cd-ad4e-244446756f15,CL,2023-09-06T16:46:30.294Z,MOBILE,iOS
40c67517-d10c-49cd-ad4e-244446756f15,SCR,2023-09-07T08:09:01.294Z,MOBILE,iOS
40c67517-d10c-49cd-ad4e-244446756f15,SCR,2023-09-07T23:39:37.294Z,MOBILE,iOS
40c67517-d10c-49cd-ad4e-244446756f15,SCR,2023-09-08T15:11:55.294Z,MOBILE,iOS
40c67517-d10c-49cd-ad4e-244446756f15,CL,2023-09-10T13:41:56.294Z,MOBILE,iOS
f0429585-cb92-416c-8512-2643db4928af,HP,2023-12-10T14:00:01.294Z,MOBILE,iOS
f0429585-cb92-416c-8512-2643db4928af,ATC,2023-12-10T19:47:21.294Z,MOBILE,iOS
40c67517-d10c-49cd-ad4e-244446756f15,VI,2023-09-09T22:13:28.294Z,MOBILE,iOS
f0429585-cb92-416c-8512-2643db4928af,AP,2023-12-11T01:28:32.294Z,MOBILE,iOS
f0429585-cb92-416c-8512-2643db4928af,CL,2023-12-10T19:45:44.294Z,MOBILE,iOS
f0429585-cb92-416c-8512-2643db4928af,CL,2023-12-11T01:32:19.294Z,MOBILE,iOS
f0429585-cb92-416c-8512-2643db4928af,SCR,2023-12-11T07:16:55.294Z,MOBILE,iOS
f0429585-cb92-416c-8512-2643db4928af,CL,2023-12-11T13:04:30.294Z,MOBILE,iOS
f0429585-cb92-416c-8512-2643db4928af,CL,2023-12-11T18:48:28.294Z,MOBILE,iOS
f0429585-cb92-416c-8512-2643db4928af,CL,2023-12-12T00:29:47.294Z,MOBILE,iOS
f0429585-cb92-416c-8512-2643db4928af,SER,2023-12-12T06:11:58.294Z,MOBILE,iOS
f0429585-cb92-416c-8512-2643db4928af,CL,2023-12-12T11:56:35.294Z,MOBILE,iOS
f0429585-cb92-416c-8512-2643db4928af,SCR,2023-12-12T23:28:20.294Z,MOBILE,iOS
f0429585-cb92-416c-8512-2643db4928af,SER,2023-12-13T05:16:35.294Z,MOBILE,iOS
f0429585-cb92-416c-8512-2643db4928af,HP,2023-12-20T17:19:06.294Z,MOBILE,iOS
f0429585-cb92-416c-8512-2643db4928af,SER,2023-12-27T06:41:31.294Z,MOBILE,iOS
f0429585-cb92-416c-8512-2643db4928af,VI,2023-12-12T17:42:15.294Z,MOBILE,iOS
f0429585-cb92-416c-8512-2643db4928af,VI,2023-12-13T10:57:56.294Z,MOBILE,iOS
c4419efc-fd99-49f3-998b-c97d418fe811,HP,2022-09-21T00:11:45.491Z,MOBILE,Android
c4419efc-fd99-49f3-998b-c97d418fe811,ATC,2022-09-25T00:58:23.491Z,MOBILE,Android
c4419efc-fd99-49f3-998b-c97d418fe811,CL,2022-09-25T00:55:01.491Z,MOBILE,Android
1b9712c8-9ed3-41bc-9bf3-36ac5e909c52,HP,2023-07-05T10:23:17.491Z,MOBILE,Android
1b9712c8-9ed3-41bc-9bf3-36ac5e909c52,ATC,2023-07-05T12:32:48.491Z,MOBILE,Android
1b9712c8-9ed3-41bc-9bf3-36ac5e909c52,CL,2023-07-05T12:33:56.491Z,MOBILE,Android
1b9712c8-9ed3-41bc-9bf3-36ac5e909c52,SER,2023-07-05T14:42:47.491Z,MOBILE,Android
1b9712c8-9ed3-41bc-9bf3-36ac5e909c52,SER,2023-07-05T16:52:24.491Z,MOBILE,Android
1b9712c8-9ed3-41bc-9bf3-36ac5e909c52,SER,2023-07-05T21:10:09.491Z,MOBILE,Android
1b9712c8-9ed3-41bc-9bf3-36ac5e909c52,SER,2023-07-05T23:19:27.491Z,MOBILE,Android
1b9712c8-9ed3-41bc-9bf3-36ac5e909c52,CL,2023-07-06T01:29:30.491Z,MOBILE,Android
1b9712c8-9ed3-41bc-9bf3-36ac5e909c52,HP,2023-07-06T03:37:24.491Z,MOBILE,Android
1b9712c8-9ed3-41bc-9bf3-36ac5e909c52,SER,2023-07-06T05:46:06.491Z,MOBILE,Android
1b9712c8-9ed3-41bc-9bf3-36ac5e909c52,VI,2023-07-05T19:00:49.491Z,MOBILE,Android
8b489ca8-8772-4b94-90dd-65307ea55965,HP,2023-08-21T06:43:19.810Z,MOBILE,Android
8b489ca8-8772-4b94-90dd-65307ea55965,ATC,2023-08-23T19:29:06.810Z,MOBILE,Android
8b489ca8-8772-4b94-90dd-65307ea55965,AP,2023-08-26T08:15:05.810Z,MOBILE,Android
8b489ca8-8772-4b94-90dd-65307ea55965,CL,2023-08-23T19:23:17.810Z,MOBILE,Android
6b831fdc-c246-46f5-b9bf-f0885cc39db2,HP,2023-11-22T22:02:24.810Z,MOBILE,Android
6b831fdc-c246-46f5-b9bf-f0885cc39db2,ATC,2023-11-22T23:09:55.810Z,MOBILE,Android
6b831fdc-c246-46f5-b9bf-f0885cc39db2,AP,2023-11-23T00:16:30.810Z,MOBILE,Android
6b831fdc-c246-46f5-b9bf-f0885cc39db2,VI,2023-11-22T23:12:16.810Z,MOBILE,Android
6b831fdc-c246-46f5-b9bf-f0885cc39db2,CL,2023-11-23T00:20:43.810Z,MOBILE,Android
6b831fdc-c246-46f5-b9bf-f0885cc39db2,ATC,2023-11-23T01:27:22.810Z,MOBILE,Android
6b831fdc-c246-46f5-b9bf-f0885cc39db2,SCR,2023-11-23T03:43:03.810Z,MOBILE,Android
6b831fdc-c246-46f5-b9bf-f0885cc39db2,SCR,2023-11-23T04:48:57.810Z,MOBILE,Android
6b831fdc-c246-46f5-b9bf-f0885cc39db2,HP,2023-11-23T08:10:21.810Z,MOBILE,Android
6b831fdc-c246-46f5-b9bf-f0885cc39db2,SCR,2023-11-23T09:15:02.810Z,MOBILE,Android
6b831fdc-c246-46f5-b9bf-f0885cc39db2,SER,2023-11-23T10:19:39.810Z,MOBILE,Android
7320e311-873e-483f-9b6a-80a4047a4988,HP,2023-12-25T21:15:36.810Z,MOBILE,Android
7320e311-873e-483f-9b6a-80a4047a4988,ATC,2023-12-26T02:53:42.810Z,MOBILE,Android
7320e311-873e-483f-9b6a-80a4047a4988,ATC,2023-12-26T08:35:19.810Z,MOBILE,Android
7320e311-873e-483f-9b6a-80a4047a4988,ATC,2023-12-26T14:14:58.810Z,MOBILE,Android
7320e311-873e-483f-9b6a-80a4047a4988,AP,2023-12-26T19:52:14.810Z,MOBILE,Android
7320e311-873e-483f-9b6a-80a4047a4988,CL,2023-12-26T02:52:52.810Z,MOBILE,Android
7320e311-873e-483f-9b6a-80a4047a4988,SCR,2023-12-26T08:34:25.810Z,MOBILE,Android
7320e311-873e-483f-9b6a-80a4047a4988,HP,2023-12-26T14:10:47.810Z,MOBILE,Android
7320e311-873e-483f-9b6a-80a4047a4988,HP,2023-12-27T01:28:01.810Z,MOBILE,Android
7320e311-873e-483f-9b6a-80a4047a4988,CL,2023-12-27T07:00:10.810Z,MOBILE,Android
7320e311-873e-483f-9b6a-80a4047a4988,CL,2023-12-27T12:39:17.810Z,MOBILE,Android
7320e311-873e-483f-9b6a-80a4047a4988,SCR,2023-12-27T18:15:33.810Z,MOBILE,Android
7320e311-873e-483f-9b6a-80a4047a4988,ATC,2023-12-27T23:54:17.810Z,MOBILE,Android
7320e311-873e-483f-9b6a-80a4047a4988,SER,2023-12-28T05:36:43.810Z,MOBILE,Android
7320e311-873e-483f-9b6a-80a4047a4988,CL,2023-12-28T11:13:51.810Z,MOBILE,Android
6b831fdc-c246-46f5-b9bf-f0885cc39db2,VI,2023-11-23T02:35:14.810Z,MOBILE,Android
6b831fdc-c246-46f5-b9bf-f0885cc39db2,VI,2023-11-23T07:02:11.810Z,MOBILE,Android
b42a1872-ab70-4e56-a28b-eed74adbe04a,HP,2022-07-02T19:10:38.131Z,MOBILE,Android
b42a1872-ab70-4e56-a28b-eed74adbe04a,ATC,2022-07-03T04:38:52.131Z,MOBILE,Android
b42a1872-ab70-4e56-a28b-eed74adbe04a,AP,2022-07-03T14:07:42.131Z,MOBILE,Android
b42a1872-ab70-4e56-a28b-eed74adbe04a,CL,2022-07-03T04:38:41.131Z,MOBILE,Android
b42a1872-ab70-4e56-a28b-eed74adbe04a,CL,2022-07-03T23:40:39.131Z,MOBILE,Android
b42a1872-ab70-4e56-a28b-eed74adbe04a,HP,2022-07-04T18:39:22.131Z,MOBILE,Android
b42a1872-ab70-4e56-a28b-eed74adbe04a,HP,2022-07-05T13:40:57.131Z,MOBILE,Android
b42a1872-ab70-4e56-a28b-eed74adbe04a,HP,2022-07-06T08:40:57.131Z,MOBILE,Android
b42a1872-ab70-4e56-a28b-eed74adbe04a,SER,2022-07-06T18:12:32.131Z,MOBILE,Android
b42a1872-ab70-4e56-a28b-eed74adbe04a,HP,2022-07-07T03:44:00.131Z,MOBILE,Android
b42a1872-ab70-4e56-a28b-eed74adbe04a,SCR,2022-07-07T13:12:55.131Z,MOBILE,Android
b42a1872-ab70-4e56-a28b-eed74adbe04a,CL,2022-07-07T22:41:59.131Z,MOBILE,Android
b42a1872-ab70-4e56-a28b-eed74adbe04a,SER,2022-07-08T17:47:08.131Z,MOBILE,Android
b42a1872-ab70-4e56-a28b-eed74adbe04a,CL,2022-07-09T22:13:09.131Z,MOBILE,Android
b42a1872-ab70-4e56-a28b-eed74adbe04a,SER,2022-07-10T07:42:13.131Z,MOBILE,Android
b42a1872-ab70-4e56-a28b-eed74adbe04a,CL,2022-07-10T17:08:46.131Z,MOBILE,Android
b42a1872-ab70-4e56-a28b-eed74adbe04a,CL,2022-07-11T02:43:04.131Z,MOBILE,Android
b42a1872-ab70-4e56-a28b-eed74adbe04a,CL,2022-07-11T21:35:54.131Z,MOBILE,Android
b42a1872-ab70-4e56-a28b-eed74adbe04a,CL,2022-07-12T07:06:50.131Z,MOBILE,Android
b42a1872-ab70-4e56-a28b-eed74adbe04a,CL,2022-07-12T16:38:11.131Z,MOBILE,Android
b42a1872-ab70-4e56-a28b-eed74adbe04a,HP,2022-07-13T02:09:20.131Z,MOBILE,Android
b42a1872-ab70-4e56-a28b-eed74adbe04a,SER,2022-07-13T11:40:36.131Z,MOBILE,Android
b42a1872-ab70-4e56-a28b-eed74adbe04a,VI,2022-07-03T14:10:19.131Z,MOBILE,Android
b42a1872-ab70-4e56-a28b-eed74adbe04a,VI,2022-07-05T04:09:39.131Z,MOBILE,Android
2d594176-732c-4520-a089-701d8d215870,HP,2023-01-26T22:58:58.862Z,MOBILE,iOS
2d594176-732c-4520-a089-701d8d215870,ATC,2023-01-27T04:41:43.862Z,MOBILE,iOS
2d594176-732c-4520-a089-701d8d215870,AP,2023-01-27T10:21:49.862Z,MOBILE,iOS
2d594176-732c-4520-a089-701d8d215870,SER,2023-01-27T04:39:57.862Z,MOBILE,iOS
2d594176-732c-4520-a089-701d8d215870,CL,2023-01-27T10:20:17.862Z,MOBILE,iOS
7a4ad1d9-ca40-44b0-a684-da251969b1ef,HP,2023-03-21T17:01:27.862Z,MOBILE,iOS
7a4ad1d9-ca40-44b0-a684-da251969b1ef,ATC,2023-03-21T23:05:13.862Z,MOBILE,iOS
7a4ad1d9-ca40-44b0-a684-da251969b1ef,ATC,2023-03-22T05:03:52.862Z,MOBILE,iOS
7a4ad1d9-ca40-44b0-a684-da251969b1ef,CL,2023-03-21T23:05:25.862Z,MOBILE,iOS
7a4ad1d9-ca40-44b0-a684-da251969b1ef,CL,2023-03-22T11:15:41.862Z,MOBILE,iOS
7a4ad1d9-ca40-44b0-a684-da251969b1ef,HP,2023-03-22T23:20:28.862Z,MOBILE,iOS
7a4ad1d9-ca40-44b0-a684-da251969b1ef,CL,2023-03-23T05:22:07.862Z,MOBILE,iOS
7a4ad1d9-ca40-44b0-a684-da251969b1ef,SER,2023-03-23T11:22:14.862Z,MOBILE,iOS
7a4ad1d9-ca40-44b0-a684-da251969b1ef,HP,2023-03-23T17:23:54.862Z,MOBILE,iOS
7a4ad1d9-ca40-44b0-a684-da251969b1ef,SCR,2023-03-24T05:29:40.862Z,MOBILE,iOS
7a4ad1d9-ca40-44b0-a684-da251969b1ef,HP,2023-03-24T11:32:53.862Z,MOBILE,iOS
981c173f-306f-4de8-9789-0ab45cab8c24,HP,2018-08-18T02:57:44.358Z,MOBILE,Android
981c173f-306f-4de8-9789-0ab45cab8c24,ATC,2018-08-24T04:05:32.358Z,MOBILE,Android
981c173f-306f-4de8-9789-0ab45cab8c24,SCR,2018-08-30T06:03:29.358Z,MOBILE,Android
7a93fafd-009b-4398-9b41-d47118cf1998,HP,2018-10-21T00:47:19.358Z,MOBILE,Android
7a93fafd-009b-4398-9b41-d47118cf1998,ATC,2018-10-25T18:56:53.358Z,MOBILE,Android
7a93fafd-009b-4398-9b41-d47118cf1998,ATC,2018-10-25T19:15:28.358Z,MOBILE,Android
105b3d48-eaa5-4ef8-937c-66389df750f3,HP,2022-10-27T05:22:59.358Z,MOBILE,Android
105b3d48-eaa5-4ef8-937c-66389df750f3,ATC,2022-10-27T12:41:44.358Z,MOBILE,Android
105b3d48-eaa5-4ef8-937c-66389df750f3,AP,2022-10-27T19:54:06.358Z,MOBILE,Android
105b3d48-eaa5-4ef8-937c-66389df750f3,CL,2022-10-27T19:55:20.358Z,MOBILE,Android
105b3d48-eaa5-4ef8-937c-66389df750f3,ATC,2022-10-28T10:25:05.358Z,MOBILE,Android
105b3d48-eaa5-4ef8-937c-66389df750f3,CL,2022-10-29T00:55:29.358Z,MOBILE,Android
105b3d48-eaa5-4ef8-937c-66389df750f3,ATC,2022-10-29T15:30:49.358Z,MOBILE,Android
105b3d48-eaa5-4ef8-937c-66389df750f3,SCR,2022-10-29T22:49:04.358Z,MOBILE,Android
105b3d48-eaa5-4ef8-937c-66389df750f3,CL,2022-10-30T13:17:03.358Z,MOBILE,Android
105b3d48-eaa5-4ef8-937c-66389df750f3,CL,2022-10-30T20:32:23.358Z,MOBILE,Android
105b3d48-eaa5-4ef8-937c-66389df750f3,SCR,2022-10-31T11:03:10.358Z,MOBILE,Android
105b3d48-eaa5-4ef8-937c-66389df750f3,CL,2022-10-31T18:18:26.358Z,MOBILE,Android
ac1e11d4-0aa7-45de-ac47-9e930934f8c7,HP,2022-11-24T05:54:31.358Z,MOBILE,Android
ac1e11d4-0aa7-45de-ac47-9e930934f8c7,ATC,2022-11-26T08:14:47.358Z,MOBILE,Android
ac1e11d4-0aa7-45de-ac47-9e930934f8c7,HP,2022-11-26T08:17:22.358Z,MOBILE,Android
ac1e11d4-0aa7-45de-ac47-9e930934f8c7,ATC,2022-11-30T12:32:20.358Z,MOBILE,Android
ac1e11d4-0aa7-45de-ac47-9e930934f8c7,SER,2022-12-02T14:45:47.358Z,MOBILE,Android
ac1e11d4-0aa7-45de-ac47-9e930934f8c7,SCR,2022-12-04T17:12:22.358Z,MOBILE,Android
ac1e11d4-0aa7-45de-ac47-9e930934f8c7,CL,2022-12-06T19:30:00.358Z,MOBILE,Android
ac1e11d4-0aa7-45de-ac47-9e930934f8c7,HP,2022-12-08T22:01:09.358Z,MOBILE,Android
ac1e11d4-0aa7-45de-ac47-9e930934f8c7,CL,2022-12-13T02:32:58.358Z,MOBILE,Android
ac1e11d4-0aa7-45de-ac47-9e930934f8c7,SCR,2022-12-15T04:39:30.358Z,MOBILE,Android
ac1e11d4-0aa7-45de-ac47-9e930934f8c7,ATC,2022-12-19T09:27:36.358Z,MOBILE,Android
ac1e11d4-0aa7-45de-ac47-9e930934f8c7,ATC,2022-12-21T12:01:27.358Z,MOBILE,Android
105b3d48-eaa5-4ef8-937c-66389df750f3,VI,2022-10-29T08:14:46.358Z,MOBILE,Android
105b3d48-eaa5-4ef8-937c-66389df750f3,VI,2022-10-31T03:44:36.358Z,MOBILE,Android
ac1e11d4-0aa7-45de-ac47-9e930934f8c7,VI,2022-11-28T10:27:32.358Z,MOBILE,Android
ac1e11d4-0aa7-45de-ac47-9e930934f8c7,VI,2022-12-11T00:20:39.358Z,MOBILE,Android
ac1e11d4-0aa7-45de-ac47-9e930934f8c7,VI,2022-12-17T07:00:01.358Z,MOBILE,Android
0cc31f00-cdd1-4c08-98ad-2d81c918a323,HP,2019-03-24T19:58:19.329Z,MOBILE,Android
0cc31f00-cdd1-4c08-98ad-2d81c918a323,ATC,2019-03-25T11:27:22.329Z,MOBILE,Android
0cc31f00-cdd1-4c08-98ad-2d81c918a323,AP,2019-03-26T03:04:02.329Z,MOBILE,Android
0cc31f00-cdd1-4c08-98ad-2d81c918a323,CL,2019-03-25T11:24:56.329Z,MOBILE,Android
0cc31f00-cdd1-4c08-98ad-2d81c918a323,ATC,2019-03-26T02:55:43.329Z,MOBILE,Android
0cc31f00-cdd1-4c08-98ad-2d81c918a323,CL,2019-03-26T18:24:49.329Z,MOBILE,Android
0cc31f00-cdd1-4c08-98ad-2d81c918a323,CL,2019-03-27T09:52:19.329Z,MOBILE,Android
0cc31f00-cdd1-4c08-98ad-2d81c918a323,HP,2019-03-28T01:16:57.329Z,MOBILE,Android
0cc31f00-cdd1-4c08-98ad-2d81c918a323,SER,2019-03-28T16:40:43.329Z,MOBILE,Android
cc85c840-7299-446a-8e1a-7015a5f9fd45,HP,2021-08-05T15:38:55.329Z,MOBILE,Android
cc85c840-7299-446a-8e1a-7015a5f9fd45,ATC,2021-08-06T21:19:10.329Z,MOBILE,Android
cc85c840-7299-446a-8e1a-7015a5f9fd45,AP,2021-08-08T03:06:59.329Z,MOBILE,Android
cc85c840-7299-446a-8e1a-7015a5f9fd45,ATC,2021-08-06T21:08:36.329Z,MOBILE,Android
cc85c840-7299-446a-8e1a-7015a5f9fd45,SER,2021-08-08T02:45:24.329Z,MOBILE,Android
f1fc768c-871f-4361-80d4-5d923681980e,HP,2022-01-06T04:19:43.329Z,MOBILE,Android
f1fc768c-871f-4361-80d4-5d923681980e,ATC,2022-01-07T07:25:04.329Z,MOBILE,Android
f1fc768c-871f-4361-80d4-5d923681980e,ATC,2022-01-08T10:44:40.329Z,MOBILE,Android
f1fc768c-871f-4361-80d4-5d923681980e,AP,2022-01-09T14:05:00.329Z,MOBILE,Android
f1fc768c-871f-4361-80d4-5d923681980e,CL,2022-01-07T07:33:00.329Z,MOBILE,Android
f1fc768c-871f-4361-80d4-5d923681980e,CL,2022-01-08T10:42:06.329Z,MOBILE,Android
f1fc768c-871f-4361-80d4-5d923681980e,CL,2022-01-09T14:06:07.329Z,MOBILE,Android
f1fc768c-871f-4361-80d4-5d923681980e,SCR,2022-01-10T17:22:34.329Z,MOBILE,Android
f1fc768c-871f-4361-80d4-5d923681980e,ATC,2022-01-11T20:32:56.329Z,MOBILE,Android
f1fc768c-871f-4361-80d4-5d923681980e,SER,2022-01-12T23:47:45.329Z,MOBILE,Android
f1fc768c-871f-4361-80d4-5d923681980e,CL,2022-01-14T03:02:32.329Z,MOBILE,Android
f1fc768c-871f-4361-80d4-5d923681980e,CL,2022-01-15T06:20:13.329Z,MOBILE,Android
f1fc768c-871f-4361-80d4-5d923681980e,ATC,2022-01-16T09:41:06.329Z,MOBILE,Android
a05fd78a-2ab6-4931-8902-c1284adf7132,HP,2023-09-05T13:06:34.329Z,MOBILE,Android
a05fd78a-2ab6-4931-8902-c1284adf7132,ATC,2023-09-05T14:02:00.329Z,MOBILE,Android
a05fd78a-2ab6-4931-8902-c1284adf7132,AP,2023-09-05T14:56:38.329Z,MOBILE,Android
a05fd78a-2ab6-4931-8902-c1284adf7132,ATC,2023-09-05T14:03:32.329Z,MOBILE,Android
a05fd78a-2ab6-4931-8902-c1284adf7132,ATC,2023-09-05T14:57:58.329Z,MOBILE,Android
a05fd78a-2ab6-4931-8902-c1284adf7132,CL,2023-09-05T15:53:51.329Z,MOBILE,Android
a05fd78a-2ab6-4931-8902-c1284adf7132,SER,2023-09-05T17:43:54.329Z,MOBILE,Android
a05fd78a-2ab6-4931-8902-c1284adf7132,HP,2023-09-05T18:40:45.329Z,MOBILE,Android
a05fd78a-2ab6-4931-8902-c1284adf7132,SCR,2023-09-05T19:35:01.329Z,MOBILE,Android
a05fd78a-2ab6-4931-8902-c1284adf7132,HP,2023-09-05T20:29:28.329Z,MOBILE,Android
a05fd78a-2ab6-4931-8902-c1284adf7132,SER,2023-09-05T21:23:16.329Z,MOBILE,Android
a05fd78a-2ab6-4931-8902-c1284adf7132,CL,2023-09-05T22:17:52.329Z,MOBILE,Android
a05fd78a-2ab6-4931-8902-c1284adf7132,SER,2023-09-05T23:13:21.329Z,MOBILE,Android
a05fd78a-2ab6-4931-8902-c1284adf7132,SER,2023-09-06T00:06:33.329Z,MOBILE,Android
a05fd78a-2ab6-4931-8902-c1284adf7132,CL,2023-09-06T01:01:30.329Z,MOBILE,Android
c881e3ab-ce8a-4b60-ad72-4fc4a12305c2,HP,2023-10-15T01:57:06.636Z,MOBILE,Android
c881e3ab-ce8a-4b60-ad72-4fc4a12305c2,ATC,2023-10-15T04:42:25.636Z,MOBILE,Android
c881e3ab-ce8a-4b60-ad72-4fc4a12305c2,SCR,2023-10-15T04:42:45.636Z,MOBILE,Android
c881e3ab-ce8a-4b60-ad72-4fc4a12305c2,HP,2023-10-15T07:25:32.636Z,MOBILE,Android
c881e3ab-ce8a-4b60-ad72-4fc4a12305c2,SER,2023-10-15T10:07:24.636Z,MOBILE,Android
c881e3ab-ce8a-4b60-ad72-4fc4a12305c2,SER,2023-10-15T15:34:21.636Z,MOBILE,Android
c881e3ab-ce8a-4b60-ad72-4fc4a12305c2,SER,2023-10-15T18:20:15.636Z,MOBILE,Android
c881e3ab-ce8a-4b60-ad72-4fc4a12305c2,SER,2023-10-15T21:04:09.636Z,MOBILE,Android
c881e3ab-ce8a-4b60-ad72-4fc4a12305c2,CL,2023-10-15T23:47:21.636Z,MOBILE,Android
c881e3ab-ce8a-4b60-ad72-4fc4a12305c2,CL,2023-10-16T02:32:31.636Z,MOBILE,Android
c881e3ab-ce8a-4b60-ad72-4fc4a12305c2,HP,2023-10-16T05:16:45.636Z,MOBILE,Android
c881e3ab-ce8a-4b60-ad72-4fc4a12305c2,SER,2023-10-16T08:00:27.636Z,MOBILE,Android
c881e3ab-ce8a-4b60-ad72-4fc4a12305c2,CL,2023-10-16T10:44:58.636Z,MOBILE,Android
c881e3ab-ce8a-4b60-ad72-4fc4a12305c2,SCR,2023-10-16T13:29:38.636Z,MOBILE,Android
c881e3ab-ce8a-4b60-ad72-4fc4a12305c2,SER,2023-10-16T16:11:29.636Z,MOBILE,Android
c881e3ab-ce8a-4b60-ad72-4fc4a12305c2,HP,2023-10-16T18:56:23.636Z,MOBILE,Android
c881e3ab-ce8a-4b60-ad72-4fc4a12305c2,SER,2023-10-16T21:38:29.636Z,MOBILE,Android
c881e3ab-ce8a-4b60-ad72-4fc4a12305c2,HP,2023-10-17T05:54:08.636Z,MOBILE,Android
c881e3ab-ce8a-4b60-ad72-4fc4a12305c2,CL,2023-10-17T08:37:54.636Z,MOBILE,Android
c881e3ab-ce8a-4b60-ad72-4fc4a12305c2,HP,2023-10-17T16:47:49.636Z,MOBILE,Android
c881e3ab-ce8a-4b60-ad72-4fc4a12305c2,CL,2023-10-17T19:31:02.636Z,MOBILE,Android
c881e3ab-ce8a-4b60-ad72-4fc4a12305c2,HP,2023-10-17T22:15:05.636Z,MOBILE,Android
c881e3ab-ce8a-4b60-ad72-4fc4a12305c2,SER,2023-10-18T01:00:14.636Z,MOBILE,Android
c881e3ab-ce8a-4b60-ad72-4fc4a12305c2,CL,2023-10-18T03:46:22.636Z,MOBILE,Android
c881e3ab-ce8a-4b60-ad72-4fc4a12305c2,SCR,2023-10-18T06:30:19.636Z,MOBILE,Android
c881e3ab-ce8a-4b60-ad72-4fc4a12305c2,CL,2023-10-18T09:16:40.636Z,MOBILE,Android
c881e3ab-ce8a-4b60-ad72-4fc4a12305c2,CL,2023-10-18T11:59:02.636Z,MOBILE,Android
c881e3ab-ce8a-4b60-ad72-4fc4a12305c2,CL,2023-10-18T14:44:49.636Z,MOBILE,Android
c881e3ab-ce8a-4b60-ad72-4fc4a12305c2,CL,2023-10-18T22:58:26.636Z,MOBILE,Android
c881e3ab-ce8a-4b60-ad72-4fc4a12305c2,HP,2023-10-19T01:42:52.636Z,MOBILE,Android
c881e3ab-ce8a-4b60-ad72-4fc4a12305c2,SCR,2023-10-19T04:30:24.636Z,MOBILE,Android
c881e3ab-ce8a-4b60-ad72-4fc4a12305c2,HP,2023-10-19T07:13:56.636Z,MOBILE,Android
c881e3ab-ce8a-4b60-ad72-4fc4a12305c2,CL,2023-10-19T10:02:19.636Z,MOBILE,Android
c881e3ab-ce8a-4b60-ad72-4fc4a12305c2,CL,2023-10-19T12:46:27.636Z,MOBILE,Android
c881e3ab-ce8a-4b60-ad72-4fc4a12305c2,SER,2023-10-19T18:14:12.636Z,MOBILE,Android
c881e3ab-ce8a-4b60-ad72-4fc4a12305c2,SCR,2023-10-19T20:58:49.636Z,MOBILE,Android
6a61fa3a-7d77-46c9-850a-fb168d802b93,HP,2023-12-03T07:47:34.636Z,MOBILE,Android
6a61fa3a-7d77-46c9-850a-fb168d802b93,ATC,2023-12-03T12:32:31.636Z,MOBILE,Android
6a61fa3a-7d77-46c9-850a-fb168d802b93,ATC,2023-12-03T17:15:26.636Z,MOBILE,Android
6a61fa3a-7d77-46c9-850a-fb168d802b93,CL,2023-12-03T12:30:12.636Z,MOBILE,Android
6a61fa3a-7d77-46c9-850a-fb168d802b93,CL,2023-12-05T01:36:46.636Z,MOBILE,Android
6a61fa3a-7d77-46c9-850a-fb168d802b93,SCR,2023-12-05T07:39:23.636Z,MOBILE,Android
6a61fa3a-7d77-46c9-850a-fb168d802b93,SER,2023-12-05T13:43:31.636Z,MOBILE,Android
6a61fa3a-7d77-46c9-850a-fb168d802b93,HP,2023-12-05T19:46:13.636Z,MOBILE,Android
6a61fa3a-7d77-46c9-850a-fb168d802b93,CL,2023-12-06T01:48:28.636Z,MOBILE,Android
6a61fa3a-7d77-46c9-850a-fb168d802b93,CL,2023-12-06T07:49:40.636Z,MOBILE,Android
6a61fa3a-7d77-46c9-850a-fb168d802b93,CL,2023-12-06T13:57:36.636Z,MOBILE,Android
6a61fa3a-7d77-46c9-850a-fb168d802b93,HP,2023-12-06T20:02:41.636Z,MOBILE,Android
6a61fa3a-7d77-46c9-850a-fb168d802b93,HP,2023-12-07T02:04:24.636Z,MOBILE,Android
6a61fa3a-7d77-46c9-850a-fb168d802b93,SCR,2023-12-07T20:11:44.636Z,MOBILE,Android
6a61fa3a-7d77-46c9-850a-fb168d802b93,HP,2023-12-08T02:14:52.636Z,MOBILE,Android
6a61fa3a-7d77-46c9-850a-fb168d802b93,SCR,2023-12-08T08:16:55.636Z,MOBILE,Android
6a61fa3a-7d77-46c9-850a-fb168d802b93,HP,2023-12-08T14:19:25.636Z,MOBILE,Android
6a61fa3a-7d77-46c9-850a-fb168d802b93,CL,2023-12-08T20:22:25.636Z,MOBILE,Android
6a61fa3a-7d77-46c9-850a-fb168d802b93,HP,2023-12-09T02:27:04.636Z,MOBILE,Android
6a61fa3a-7d77-46c9-850a-fb168d802b93,HP,2023-12-09T08:28:00.636Z,MOBILE,Android
6a61fa3a-7d77-46c9-850a-fb168d802b93,SER,2023-12-09T14:27:46.636Z,MOBILE,Android
6a61fa3a-7d77-46c9-850a-fb168d802b93,HP,2023-12-09T20:29:51.636Z,MOBILE,Android
6a61fa3a-7d77-46c9-850a-fb168d802b93,CL,2023-12-10T08:31:12.636Z,MOBILE,Android
6a61fa3a-7d77-46c9-850a-fb168d802b93,HP,2023-12-10T20:37:24.636Z,MOBILE,Android
6a61fa3a-7d77-46c9-850a-fb168d802b93,SER,2023-12-11T02:42:40.636Z,MOBILE,Android
6a61fa3a-7d77-46c9-850a-fb168d802b93,HP,2023-12-11T08:47:15.636Z,MOBILE,Android
6a61fa3a-7d77-46c9-850a-fb168d802b93,SCR,2023-12-11T14:49:36.636Z,MOBILE,Android
6a61fa3a-7d77-46c9-850a-fb168d802b93,HP,2023-12-11T20:51:04.636Z,MOBILE,Android
6a61fa3a-7d77-46c9-850a-fb168d802b93,HP,2023-12-12T02:49:36.636Z,MOBILE,Android
6a61fa3a-7d77-46c9-850a-fb168d802b93,VI,2023-12-10T02:33:42.636Z,MOBILE,Android
6a61fa3a-7d77-46c9-850a-fb168d802b93,VI,2023-12-10T14:35:03.636Z,MOBILE,Android
5bab08fb-c391-4479-8607-0ff99ede12a5,HP,2019-12-31T16:53:18.038Z,WEB,iOS
5bab08fb-c391-4479-8607-0ff99ede12a5,ATC,2020-01-01T22:56:10.038Z,WEB,iOS
5bab08fb-c391-4479-8607-0ff99ede12a5,ATC,2020-01-03T05:03:32.038Z,WEB,iOS
5bab08fb-c391-4479-8607-0ff99ede12a5,ATC,2020-01-01T22:59:07.038Z,WEB,iOS
5bab08fb-c391-4479-8607-0ff99ede12a5,CL,2020-01-03T05:12:00.038Z,WEB,iOS
5bab08fb-c391-4479-8607-0ff99ede12a5,HP,2020-01-04T11:13:42.038Z,WEB,iOS
5bab08fb-c391-4479-8607-0ff99ede12a5,HP,2020-01-05T17:26:40.038Z,WEB,iOS
5bab08fb-c391-4479-8607-0ff99ede12a5,CL,2020-01-08T05:45:21.038Z,WEB,iOS
5bab08fb-c391-4479-8607-0ff99ede12a5,CL,2020-01-12T00:15:34.038Z,WEB,iOS
5bab08fb-c391-4479-8607-0ff99ede12a5,VI,2020-01-06T23:34:14.038Z,WEB,iOS
5bab08fb-c391-4479-8607-0ff99ede12a5,VI,2020-01-09T11:44:36.038Z,WEB,iOS
5bab08fb-c391-4479-8607-0ff99ede12a5,VI,2020-01-10T18:04:01.038Z,WEB,iOS
ab9625b4-bf46-4c15-a9a7-0d02d39d97bf,HP,2021-10-31T07:15:44.038Z,MOBILE,iOS
ab9625b4-bf46-4c15-a9a7-0d02d39d97bf,ATC,2021-10-31T11:47:43.038Z,MOBILE,iOS
ab9625b4-bf46-4c15-a9a7-0d02d39d97bf,ATC,2021-10-31T16:21:12.038Z,MOBILE,iOS
ab9625b4-bf46-4c15-a9a7-0d02d39d97bf,ATC,2021-10-31T20:50:19.038Z,MOBILE,iOS
ab9625b4-bf46-4c15-a9a7-0d02d39d97bf,ATC,2021-11-01T01:23:20.038Z,MOBILE,iOS
ab9625b4-bf46-4c15-a9a7-0d02d39d97bf,CL,2021-10-31T16:20:29.038Z,MOBILE,iOS
ab9625b4-bf46-4c15-a9a7-0d02d39d97bf,ATC,2021-10-31T20:54:25.038Z,MOBILE,iOS
ab9625b4-bf46-4c15-a9a7-0d02d39d97bf,SER,2021-11-01T01:27:13.038Z,MOBILE,iOS
ab9625b4-bf46-4c15-a9a7-0d02d39d97bf,SCR,2021-11-01T10:36:01.038Z,MOBILE,iOS
ab9625b4-bf46-4c15-a9a7-0d02d39d97bf,ATC,2021-11-01T15:11:05.038Z,MOBILE,iOS
ab9625b4-bf46-4c15-a9a7-0d02d39d97bf,CL,2021-11-01T19:42:47.038Z,MOBILE,iOS
ab9625b4-bf46-4c15-a9a7-0d02d39d97bf,VI,2021-10-31T11:48:24.038Z,MOBILE,iOS
ab9625b4-bf46-4c15-a9a7-0d02d39d97bf,VI,2021-11-01T06:01:37.038Z,MOBILE,iOS
0ce0c6d3-8162-49cf-94f0-725be7bd6dcc,HP,2023-05-18T06:07:25.038Z,MOBILE,iOS
0ce0c6d3-8162-49cf-94f0-725be7bd6dcc,ATC,2023-05-19T01:53:58.038Z,MOBILE,iOS
0ce0c6d3-8162-49cf-94f0-725be7bd6dcc,ATC,2023-05-19T21:38:40.038Z,MOBILE,iOS
0ce0c6d3-8162-49cf-94f0-725be7bd6dcc,ATC,2023-05-20T17:20:32.038Z,MOBILE,iOS
0ce0c6d3-8162-49cf-94f0-725be7bd6dcc,ATC,2023-05-21T13:04:56.038Z,MOBILE,iOS
0ce0c6d3-8162-49cf-94f0-725be7bd6dcc,ATC,2023-05-22T08:42:55.038Z,MOBILE,iOS
0ce0c6d3-8162-49cf-94f0-725be7bd6dcc,AP,2023-05-23T04:12:09.038Z,MOBILE,iOS
0ce0c6d3-8162-49cf-94f0-725be7bd6dcc,ATC,2023-05-19T01:46:13.038Z,MOBILE,iOS
0ce0c6d3-8162-49cf-94f0-725be7bd6dcc,CL,2023-05-19T21:35:56.038Z,MOBILE,iOS
0ce0c6d3-8162-49cf-94f0-725be7bd6dcc,HP,2023-05-20T17:24:24.038Z,MOBILE,iOS
0ce0c6d3-8162-49cf-94f0-725be7bd6dcc,HP,2023-05-22T08:53:40.038Z,MOBILE,iOS
0ce0c6d3-8162-49cf-94f0-725be7bd6dcc,CL,2023-05-23T04:47:21.038Z,MOBILE,iOS
0ce0c6d3-8162-49cf-94f0-725be7bd6dcc,ATC,2023-05-24T00:32:44.038Z,MOBILE,iOS
0ce0c6d3-8162-49cf-94f0-725be7bd6dcc,VI,2023-05-21T13:08:27.038Z,MOBILE,iOS
8c0943d7-e54c-453d-87e3-701efed9484e,HP,2023-04-27T05:26:25.819Z,MOBILE,Android
8c0943d7-e54c-453d-87e3-701efed9484e,ATC,2023-04-27T09:10:44.819Z,MOBILE,Android
8c0943d7-e54c-453d-87e3-701efed9484e,HP,2023-04-27T09:09:49.819Z,MOBILE,Android
8c0943d7-e54c-453d-87e3-701efed9484e,SER,2023-04-27T12:49:29.819Z,MOBILE,Android
8c0943d7-e54c-453d-87e3-701efed9484e,CL,2023-04-27T16:33:41.819Z,MOBILE,Android
8c0943d7-e54c-453d-87e3-701efed9484e,SCR,2023-04-27T20:18:02.819Z,MOBILE,Android
7b98890a-ea73-4a75-b259-39a8011f05ae,HP,2022-05-04T20:44:49.379Z,MOBILE,Android
7b98890a-ea73-4a75-b259-39a8011f05ae,ATC,2022-05-07T22:47:21.379Z,MOBILE,Android
7b98890a-ea73-4a75-b259-39a8011f05ae,CL,2022-05-07T22:46:25.379Z,MOBILE,Android
70651766-a05e-483c-a3ad-285d52f39633,HP,2020-03-08T03:03:46.637Z,MOBILE,iOS
70651766-a05e-483c-a3ad-285d52f39633,ATC,2020-03-10T11:25:57.637Z,MOBILE,iOS
70651766-a05e-483c-a3ad-285d52f39633,AP,2020-03-12T19:49:53.637Z,MOBILE,iOS
e1cd5329-5e9d-4d80-a697-0046666de77e,HP,2020-08-16T13:55:12.637Z,MOBILE,iOS
e1cd5329-5e9d-4d80-a697-0046666de77e,ATC,2020-08-18T16:09:31.637Z,MOBILE,iOS
e1cd5329-5e9d-4d80-a697-0046666de77e,AP,2020-08-20T18:24:42.637Z,MOBILE,iOS
e1cd5329-5e9d-4d80-a697-0046666de77e,CL,2020-08-18T16:05:55.637Z,MOBILE,iOS
e1cd5329-5e9d-4d80-a697-0046666de77e,ATC,2020-08-20T18:31:14.637Z,MOBILE,iOS
e1cd5329-5e9d-4d80-a697-0046666de77e,SCR,2020-08-22T20:43:43.637Z,MOBILE,iOS
e1cd5329-5e9d-4d80-a697-0046666de77e,CL,2020-08-24T22:55:30.637Z,MOBILE,iOS
e1cd5329-5e9d-4d80-a697-0046666de77e,HP,2020-08-29T03:18:42.637Z,MOBILE,iOS
e1cd5329-5e9d-4d80-a697-0046666de77e,SER,2020-08-31T05:34:09.637Z,MOBILE,iOS
e1cd5329-5e9d-4d80-a697-0046666de77e,HP,2020-09-02T07:50:00.637Z,MOBILE,iOS
e1cd5329-5e9d-4d80-a697-0046666de77e,ATC,2020-09-04T10:01:50.637Z,MOBILE,iOS
e1cd5329-5e9d-4d80-a697-0046666de77e,CL,2020-09-06T12:16:13.637Z,MOBILE,iOS
e1cd5329-5e9d-4d80-a697-0046666de77e,SER,2020-09-08T14:29:28.637Z,MOBILE,iOS
e1cd5329-5e9d-4d80-a697-0046666de77e,CL,2020-09-12T18:54:51.637Z,MOBILE,iOS
e1cd5329-5e9d-4d80-a697-0046666de77e,ATC,2020-09-16T23:29:01.637Z,MOBILE,iOS
0cc64f18-e0a1-4824-9e33-fe37ef33b27a,HP,2023-04-22T00:20:39.637Z,MOBILE,iOS
0cc64f18-e0a1-4824-9e33-fe37ef33b27a,ATC,2023-04-22T15:31:41.637Z,MOBILE,iOS
0cc64f18-e0a1-4824-9e33-fe37ef33b27a,ATC,2023-04-23T06:38:11.637Z,MOBILE,iOS
0cc64f18-e0a1-4824-9e33-fe37ef33b27a,AP,2023-04-23T21:46:15.637Z,MOBILE,iOS
0cc64f18-e0a1-4824-9e33-fe37ef33b27a,ATC,2023-04-22T15:23:09.637Z,MOBILE,iOS
0cc64f18-e0a1-4824-9e33-fe37ef33b27a,SER,2023-04-23T06:22:36.637Z,MOBILE,iOS
0cc64f18-e0a1-4824-9e33-fe37ef33b27a,SER,2023-04-24T12:33:55.637Z,MOBILE,iOS
0cc64f18-e0a1-4824-9e33-fe37ef33b27a,SCR,2023-04-26T09:40:08.637Z,MOBILE,iOS
0cc64f18-e0a1-4824-9e33-fe37ef33b27a,ATC,2023-04-27T00:46:51.637Z,MOBILE,iOS
0cc64f18-e0a1-4824-9e33-fe37ef33b27a,HP,2023-04-27T15:56:08.637Z,MOBILE,iOS
0cc64f18-e0a1-4824-9e33-fe37ef33b27a,CL,2023-04-28T22:00:45.637Z,MOBILE,iOS
0cc64f18-e0a1-4824-9e33-fe37ef33b27a,HP,2023-04-29T13:07:44.637Z,MOBILE,iOS
0cc64f18-e0a1-4824-9e33-fe37ef33b27a,CL,2023-04-30T04:13:04.637Z,MOBILE,iOS
0cc64f18-e0a1-4824-9e33-fe37ef33b27a,ATC,2023-04-30T19:15:38.637Z,MOBILE,iOS
0cc64f18-e0a1-4824-9e33-fe37ef33b27a,ATC,2023-05-01T10:22:59.637Z,MOBILE,iOS
0cc64f18-e0a1-4824-9e33-fe37ef33b27a,HP,2023-05-02T16:37:02.637Z,MOBILE,iOS
0cc64f18-e0a1-4824-9e33-fe37ef33b27a,CL,2023-05-03T07:44:50.637Z,MOBILE,iOS
0cc64f18-e0a1-4824-9e33-fe37ef33b27a,SCR,2023-05-03T22:46:19.637Z,MOBILE,iOS
0cc64f18-e0a1-4824-9e33-fe37ef33b27a,SER,2023-05-04T13:50:59.637Z,MOBILE,iOS
0cc64f18-e0a1-4824-9e33-fe37ef33b27a,CL,2023-05-05T04:59:45.637Z,MOBILE,iOS
0cc64f18-e0a1-4824-9e33-fe37ef33b27a,ATC,2023-05-05T20:11:18.637Z,MOBILE,iOS
0cc64f18-e0a1-4824-9e33-fe37ef33b27a,ATC,2023-05-06T11:15:53.637Z,MOBILE,iOS
0cc64f18-e0a1-4824-9e33-fe37ef33b27a,CL,2023-05-07T02:28:56.637Z,MOBILE,iOS
0cc64f18-e0a1-4824-9e33-fe37ef33b27a,SCR,2023-05-07T17:43:29.637Z,MOBILE,iOS
63baf23d-44e8-4410-b007-fe84031d2092,SCR,2023-01-09T21:15:55.300Z,MOBILE,Android
07ce7c9c-dfce-4c86-bb61-6a0494fbf6f4,HP,2021-09-12T23:45:09.300Z,MOBILE,Android
07ce7c9c-dfce-4c86-bb61-6a0494fbf6f4,ATC,2021-09-15T15:07:24.300Z,MOBILE,Android
07ce7c9c-dfce-4c86-bb61-6a0494fbf6f4,ATC,2021-09-15T14:57:47.300Z,MOBILE,Android
72aff2b4-6176-4f17-ae38-22d4c8120e7c,HP,2022-03-29T15:06:32.300Z,MOBILE,Android
72aff2b4-6176-4f17-ae38-22d4c8120e7c,ATC,2022-03-29T18:08:30.300Z,MOBILE,Android
72aff2b4-6176-4f17-ae38-22d4c8120e7c,ATC,2022-03-29T21:11:41.300Z,MOBILE,Android
72aff2b4-6176-4f17-ae38-22d4c8120e7c,ATC,2022-03-30T00:13:47.300Z,MOBILE,Android
72aff2b4-6176-4f17-ae38-22d4c8120e7c,ATC,2022-03-30T03:15:41.300Z,MOBILE,Android
72aff2b4-6176-4f17-ae38-22d4c8120e7c,ATC,2022-03-30T06:17:14.300Z,MOBILE,Android
72aff2b4-6176-4f17-ae38-22d4c8120e7c,CL,2022-03-29T18:08:05.300Z,MOBILE,Android
72aff2b4-6176-4f17-ae38-22d4c8120e7c,CL,2022-03-29T21:09:21.300Z,MOBILE,Android
72aff2b4-6176-4f17-ae38-22d4c8120e7c,SCR,2022-03-30T03:14:47.300Z,MOBILE,Android
0807623b-508f-440e-a1c5-e91919fed7c7,HP,2022-11-12T19:23:48.300Z,MOBILE,Android
0807623b-508f-440e-a1c5-e91919fed7c7,ATC,2022-11-13T05:05:08.300Z,MOBILE,Android
0807623b-508f-440e-a1c5-e91919fed7c7,AP,2022-11-13T14:44:01.300Z,MOBILE,Android
0807623b-508f-440e-a1c5-e91919fed7c7,SER,2022-11-13T05:05:50.300Z,MOBILE,Android
0807623b-508f-440e-a1c5-e91919fed7c7,ATC,2022-11-13T14:45:22.300Z,MOBILE,Android
0807623b-508f-440e-a1c5-e91919fed7c7,SER,2022-11-14T00:25:03.300Z,MOBILE,Android
0807623b-508f-440e-a1c5-e91919fed7c7,SCR,2022-11-14T10:02:17.300Z,MOBILE,Android
0807623b-508f-440e-a1c5-e91919fed7c7,CL,2022-11-14T19:46:57.300Z,MOBILE,Android
0807623b-508f-440e-a1c5-e91919fed7c7,ATC,2022-11-15T05:23:25.300Z,MOBILE,Android
0807623b-508f-440e-a1c5-e91919fed7c7,SER,2022-11-15T15:07:10.300Z,MOBILE,Android
0807623b-508f-440e-a1c5-e91919fed7c7,ATC,2022-11-16T00:47:36.300Z,MOBILE,Android
0807623b-508f-440e-a1c5-e91919fed7c7,SCR,2022-11-16T10:25:52.300Z,MOBILE,Android
0807623b-508f-440e-a1c5-e91919fed7c7,ATC,2022-11-16T20:02:09.300Z,MOBILE,Android
0807623b-508f-440e-a1c5-e91919fed7c7,SCR,2022-11-17T05:40:46.300Z,MOBILE,Android
0807623b-508f-440e-a1c5-e91919fed7c7,SCR,2022-11-17T15:20:04.300Z,MOBILE,Android
72aff2b4-6176-4f17-ae38-22d4c8120e7c,VI,2022-03-30T00:11:15.300Z,MOBILE,Android
72aff2b4-6176-4f17-ae38-22d4c8120e7c,VI,2022-03-30T06:15:50.300Z,MOBILE,Android
0807623b-508f-440e-a1c5-e91919fed7c7,HP,2022-11-18T00:57:15.300Z,MOBILE,Android
0807623b-508f-440e-a1c5-e91919fed7c7,CL,2022-11-18T10:40:19.300Z,MOBILE,Android
0807623b-508f-440e-a1c5-e91919fed7c7,CL,2022-11-19T06:06:11.300Z,MOBILE,Android
0807623b-508f-440e-a1c5-e91919fed7c7,CL,2022-11-19T15:48:23.300Z,MOBILE,Android
0807623b-508f-440e-a1c5-e91919fed7c7,ATC,2022-11-20T01:26:08.300Z,MOBILE,Android
0807623b-508f-440e-a1c5-e91919fed7c7,SCR,2022-11-20T20:40:17.300Z,MOBILE,Android
0807623b-508f-440e-a1c5-e91919fed7c7,SER,2022-11-21T06:24:14.300Z,MOBILE,Android
0807623b-508f-440e-a1c5-e91919fed7c7,HP,2022-11-21T16:02:39.300Z,MOBILE,Android
0807623b-508f-440e-a1c5-e91919fed7c7,HP,2022-11-22T01:43:54.300Z,MOBILE,Android
0807623b-508f-440e-a1c5-e91919fed7c7,SER,2022-11-22T11:24:33.300Z,MOBILE,Android
0807623b-508f-440e-a1c5-e91919fed7c7,ATC,2022-11-22T21:06:13.300Z,MOBILE,Android
0807623b-508f-440e-a1c5-e91919fed7c7,CL,2022-11-23T06:49:25.300Z,MOBILE,Android
0807623b-508f-440e-a1c5-e91919fed7c7,ATC,2022-11-23T16:29:50.300Z,MOBILE,Android
0807623b-508f-440e-a1c5-e91919fed7c7,SCR,2022-11-24T02:11:42.300Z,MOBILE,Android
0807623b-508f-440e-a1c5-e91919fed7c7,SER,2022-11-24T11:49:58.300Z,MOBILE,Android
0807623b-508f-440e-a1c5-e91919fed7c7,ATC,2022-11-24T21:27:24.300Z,MOBILE,Android
63baf23d-44e8-4410-b007-fe84031d2092,HP,2023-01-07T07:19:40.300Z,MOBILE,Android
63baf23d-44e8-4410-b007-fe84031d2092,ATC,2023-01-07T22:43:47.300Z,MOBILE,Android
63baf23d-44e8-4410-b007-fe84031d2092,AP,2023-01-08T14:16:08.300Z,MOBILE,Android
63baf23d-44e8-4410-b007-fe84031d2092,SCR,2023-01-07T22:48:50.300Z,MOBILE,Android
63baf23d-44e8-4410-b007-fe84031d2092,SER,2023-01-08T14:10:14.300Z,MOBILE,Android
63baf23d-44e8-4410-b007-fe84031d2092,SCR,2023-01-09T05:36:54.300Z,MOBILE,Android
63baf23d-44e8-4410-b007-fe84031d2092,SER,2023-01-10T12:46:09.300Z,MOBILE,Android
63baf23d-44e8-4410-b007-fe84031d2092,ATC,2023-01-11T04:17:48.300Z,MOBILE,Android
0807623b-508f-440e-a1c5-e91919fed7c7,VI,2022-11-18T20:24:10.300Z,MOBILE,Android
0807623b-508f-440e-a1c5-e91919fed7c7,VI,2022-11-20T11:07:10.300Z,MOBILE,Android
7aa14ddf-345d-4edc-99cc-4aa74246b276,HP,2022-11-21T08:50:22.008Z,MOBILE,Android
7aa14ddf-345d-4edc-99cc-4aa74246b276,ATC,2022-11-22T10:15:41.008Z,MOBILE,Android
7aa14ddf-345d-4edc-99cc-4aa74246b276,ATC,2022-11-23T11:40:30.008Z,MOBILE,Android
7aa14ddf-345d-4edc-99cc-4aa74246b276,ATC,2022-11-24T13:03:04.008Z,MOBILE,Android
7aa14ddf-345d-4edc-99cc-4aa74246b276,ATC,2022-11-25T14:21:47.008Z,MOBILE,Android
7aa14ddf-345d-4edc-99cc-4aa74246b276,SCR,2022-11-22T10:08:43.008Z,MOBILE,Android
7aa14ddf-345d-4edc-99cc-4aa74246b276,SER,2022-11-23T11:36:16.008Z,MOBILE,Android
7aa14ddf-345d-4edc-99cc-4aa74246b276,HP,2022-11-24T13:06:06.008Z,MOBILE,Android
7aa14ddf-345d-4edc-99cc-4aa74246b276,HP,2022-11-25T14:23:20.008Z,MOBILE,Android
7aa14ddf-345d-4edc-99cc-4aa74246b276,ATC,2022-11-26T15:43:15.008Z,MOBILE,Android
7aa14ddf-345d-4edc-99cc-4aa74246b276,HP,2022-11-27T17:10:27.008Z,MOBILE,Android
7aa14ddf-345d-4edc-99cc-4aa74246b276,HP,2022-11-28T18:31:45.008Z,MOBILE,Android
7aa14ddf-345d-4edc-99cc-4aa74246b276,ATC,2022-11-29T19:55:47.008Z,MOBILE,Android
7aa14ddf-345d-4edc-99cc-4aa74246b276,CL,2022-11-30T21:22:28.008Z,MOBILE,Android
7aa14ddf-345d-4edc-99cc-4aa74246b276,SER,2022-12-01T22:49:56.008Z,MOBILE,Android
7aa14ddf-345d-4edc-99cc-4aa74246b276,ATC,2022-12-03T00:22:57.008Z,MOBILE,Android
7aa14ddf-345d-4edc-99cc-4aa74246b276,ATC,2022-12-05T03:02:20.008Z,MOBILE,Android
7aa14ddf-345d-4edc-99cc-4aa74246b276,ATC,2022-12-06T04:33:53.008Z,MOBILE,Android
7aa14ddf-345d-4edc-99cc-4aa74246b276,CL,2022-12-07T05:59:02.008Z,MOBILE,Android
7aa14ddf-345d-4edc-99cc-4aa74246b276,HP,2022-12-08T07:28:02.008Z,MOBILE,Android
358ae93d-16aa-4e87-8037-cd4060578c5e,HP,2023-01-16T20:54:05.008Z,MOBILE,Android
358ae93d-16aa-4e87-8037-cd4060578c5e,ATC,2023-01-16T23:15:42.008Z,MOBILE,Android
358ae93d-16aa-4e87-8037-cd4060578c5e,AP,2023-01-17T01:37:19.008Z,MOBILE,Android
358ae93d-16aa-4e87-8037-cd4060578c5e,CL,2023-01-16T23:15:07.008Z,MOBILE,Android
358ae93d-16aa-4e87-8037-cd4060578c5e,SCR,2023-01-17T01:32:20.008Z,MOBILE,Android
358ae93d-16aa-4e87-8037-cd4060578c5e,SCR,2023-01-17T03:51:10.008Z,MOBILE,Android
358ae93d-16aa-4e87-8037-cd4060578c5e,SER,2023-01-17T06:09:20.008Z,MOBILE,Android
7aa14ddf-345d-4edc-99cc-4aa74246b276,VI,2022-12-04T01:47:38.008Z,MOBILE,Android
358ae93d-16aa-4e87-8037-cd4060578c5e,VI,2023-01-17T08:30:11.008Z,MOBILE,Android
8ddb6691-5eb5-485b-82a4-d0e3fe30878a,HP,2023-06-06T01:45:11.008Z,MOBILE,Android
8ddb6691-5eb5-485b-82a4-d0e3fe30878a,ATC,2023-06-06T02:35:44.008Z,MOBILE,Android
8ddb6691-5eb5-485b-82a4-d0e3fe30878a,ATC,2023-06-06T03:25:01.008Z,MOBILE,Android
8ddb6691-5eb5-485b-82a4-d0e3fe30878a,ATC,2023-06-06T04:15:40.008Z,MOBILE,Android
8ddb6691-5eb5-485b-82a4-d0e3fe30878a,ATC,2023-06-06T05:05:59.008Z,MOBILE,Android
8ddb6691-5eb5-485b-82a4-d0e3fe30878a,ATC,2023-06-06T05:55:55.008Z,MOBILE,Android
8ddb6691-5eb5-485b-82a4-d0e3fe30878a,ATC,2023-06-06T06:46:40.008Z,MOBILE,Android
8ddb6691-5eb5-485b-82a4-d0e3fe30878a,ATC,2023-06-06T07:38:35.008Z,MOBILE,Android
8ddb6691-5eb5-485b-82a4-d0e3fe30878a,AP,2023-06-06T08:28:31.008Z,MOBILE,Android
8ddb6691-5eb5-485b-82a4-d0e3fe30878a,SER,2023-06-06T02:34:37.008Z,MOBILE,Android
8ddb6691-5eb5-485b-82a4-d0e3fe30878a,SER,2023-06-06T03:24:04.008Z,MOBILE,Android
8ddb6691-5eb5-485b-82a4-d0e3fe30878a,SER,2023-06-06T04:15:07.008Z,MOBILE,Android
8ddb6691-5eb5-485b-82a4-d0e3fe30878a,CL,2023-06-06T05:57:01.008Z,MOBILE,Android
8ddb6691-5eb5-485b-82a4-d0e3fe30878a,HP,2023-06-06T07:39:12.008Z,MOBILE,Android
8ddb6691-5eb5-485b-82a4-d0e3fe30878a,CL,2023-06-06T08:30:17.008Z,MOBILE,Android
8ddb6691-5eb5-485b-82a4-d0e3fe30878a,ATC,2023-06-06T10:12:27.008Z,MOBILE,Android
8ddb6691-5eb5-485b-82a4-d0e3fe30878a,VI,2023-06-06T06:48:30.008Z,MOBILE,Android
ff6bd450-a455-4007-ac5b-090e2de64a9e,HP,2022-07-15T09:24:03.339Z,MOBILE,Android
ff6bd450-a455-4007-ac5b-090e2de64a9e,ATC,2022-07-15T11:05:25.339Z,MOBILE,Android
ff6bd450-a455-4007-ac5b-090e2de64a9e,SCR,2022-07-15T12:48:57.339Z,MOBILE,Android
ff6bd450-a455-4007-ac5b-090e2de64a9e,CL,2022-07-15T14:30:52.339Z,MOBILE,Android
ff6bd450-a455-4007-ac5b-090e2de64a9e,CL,2022-07-15T16:12:15.339Z,MOBILE,Android
ff6bd450-a455-4007-ac5b-090e2de64a9e,CL,2022-07-15T17:54:00.339Z,MOBILE,Android
ff6bd450-a455-4007-ac5b-090e2de64a9e,SCR,2022-07-15T19:36:23.339Z,MOBILE,Android
ff6bd450-a455-4007-ac5b-090e2de64a9e,SCR,2022-07-15T21:18:05.339Z,MOBILE,Android
ff6bd450-a455-4007-ac5b-090e2de64a9e,CL,2022-07-15T22:58:39.339Z,MOBILE,Android
ff6bd450-a455-4007-ac5b-090e2de64a9e,CL,2022-07-16T02:19:30.339Z,MOBILE,Android
ff6bd450-a455-4007-ac5b-090e2de64a9e,CL,2022-07-16T04:01:14.339Z,MOBILE,Android
ff6bd450-a455-4007-ac5b-090e2de64a9e,CL,2022-07-16T07:25:05.339Z,MOBILE,Android
ff6bd450-a455-4007-ac5b-090e2de64a9e,SCR,2022-07-16T09:05:42.339Z,MOBILE,Android
ff6bd450-a455-4007-ac5b-090e2de64a9e,SER,2022-07-16T12:29:25.339Z,MOBILE,Android
ff6bd450-a455-4007-ac5b-090e2de64a9e,CL,2022-07-16T14:10:35.339Z,MOBILE,Android
ff6bd450-a455-4007-ac5b-090e2de64a9e,HP,2022-07-16T15:50:16.339Z,MOBILE,Android
ff6bd450-a455-4007-ac5b-090e2de64a9e,CL,2022-07-16T17:32:41.339Z,MOBILE,Android
ff6bd450-a455-4007-ac5b-090e2de64a9e,CL,2022-07-16T20:54:36.339Z,MOBILE,Android
ff6bd450-a455-4007-ac5b-090e2de64a9e,SCR,2022-07-16T22:34:17.339Z,MOBILE,Android
ff6bd450-a455-4007-ac5b-090e2de64a9e,SER,2022-07-17T00:16:05.339Z,MOBILE,Android
ff6bd450-a455-4007-ac5b-090e2de64a9e,CL,2022-07-17T03:37:42.339Z,MOBILE,Android
ff6bd450-a455-4007-ac5b-090e2de64a9e,SCR,2022-07-17T05:18:41.339Z,MOBILE,Android
ff6bd450-a455-4007-ac5b-090e2de64a9e,SCR,2022-07-17T06:59:06.339Z,MOBILE,Android
ff6bd450-a455-4007-ac5b-090e2de64a9e,SER,2022-07-17T08:39:45.339Z,MOBILE,Android
ff6bd450-a455-4007-ac5b-090e2de64a9e,SCR,2022-07-17T10:20:51.339Z,MOBILE,Android
ff6bd450-a455-4007-ac5b-090e2de64a9e,CL,2022-07-17T12:01:18.339Z,MOBILE,Android
ff6bd450-a455-4007-ac5b-090e2de64a9e,CL,2022-07-17T13:43:07.339Z,MOBILE,Android
ff6bd450-a455-4007-ac5b-090e2de64a9e,CL,2022-07-17T15:24:51.339Z,MOBILE,Android
ff6bd450-a455-4007-ac5b-090e2de64a9e,HP,2022-07-17T17:07:22.339Z,MOBILE,Android
ff6bd450-a455-4007-ac5b-090e2de64a9e,SER,2022-07-17T20:32:23.339Z,MOBILE,Android
ff6bd450-a455-4007-ac5b-090e2de64a9e,CL,2022-07-17T22:16:37.339Z,MOBILE,Android
ff6bd450-a455-4007-ac5b-090e2de64a9e,CL,2022-07-17T23:58:09.339Z,MOBILE,Android
ff6bd450-a455-4007-ac5b-090e2de64a9e,SER,2022-07-18T01:40:46.339Z,MOBILE,Android
ff6bd450-a455-4007-ac5b-090e2de64a9e,CL,2022-07-18T03:24:08.339Z,MOBILE,Android
ff6bd450-a455-4007-ac5b-090e2de64a9e,CL,2022-07-18T05:05:26.339Z,MOBILE,Android
ff6bd450-a455-4007-ac5b-090e2de64a9e,SER,2022-07-19T12:16:25.339Z,MOBILE,Android
ff6bd450-a455-4007-ac5b-090e2de64a9e,VI,2022-07-16T00:38:53.339Z,MOBILE,Android
ff6bd450-a455-4007-ac5b-090e2de64a9e,VI,2022-07-16T05:43:33.339Z,MOBILE,Android
ff6bd450-a455-4007-ac5b-090e2de64a9e,VI,2022-07-16T19:13:18.339Z,MOBILE,Android
ff6bd450-a455-4007-ac5b-090e2de64a9e,VI,2022-07-17T01:58:45.339Z,MOBILE,Android
7131c483-3b6e-4457-bb3e-b848a7ee51da,HP,2023-03-25T23:20:41.339Z,MOBILE,Android
7131c483-3b6e-4457-bb3e-b848a7ee51da,ATC,2023-03-26T18:38:42.339Z,MOBILE,Android
7131c483-3b6e-4457-bb3e-b848a7ee51da,ATC,2023-03-27T13:53:21.339Z,MOBILE,Android
7131c483-3b6e-4457-bb3e-b848a7ee51da,AP,2023-03-28T09:11:26.339Z,MOBILE,Android
7131c483-3b6e-4457-bb3e-b848a7ee51da,SCR,2023-03-26T18:43:11.339Z,MOBILE,Android
7131c483-3b6e-4457-bb3e-b848a7ee51da,CL,2023-03-27T14:09:39.339Z,MOBILE,Android
7131c483-3b6e-4457-bb3e-b848a7ee51da,SER,2023-03-28T09:32:04.339Z,MOBILE,Android
7131c483-3b6e-4457-bb3e-b848a7ee51da,CL,2023-03-30T00:22:05.339Z,MOBILE,Android
7131c483-3b6e-4457-bb3e-b848a7ee51da,CL,2023-03-30T19:44:41.339Z,MOBILE,Android
7131c483-3b6e-4457-bb3e-b848a7ee51da,CL,2023-03-31T15:06:24.339Z,MOBILE,Android
7131c483-3b6e-4457-bb3e-b848a7ee51da,SCR,2023-04-01T10:34:00.339Z,MOBILE,Android
7131c483-3b6e-4457-bb3e-b848a7ee51da,CL,2023-04-02T05:49:00.339Z,MOBILE,Android
7131c483-3b6e-4457-bb3e-b848a7ee51da,CL,2023-04-03T01:07:18.339Z,MOBILE,Android
7131c483-3b6e-4457-bb3e-b848a7ee51da,HP,2023-04-03T20:32:30.339Z,MOBILE,Android
7131c483-3b6e-4457-bb3e-b848a7ee51da,CL,2023-04-04T15:49:24.339Z,MOBILE,Android
7131c483-3b6e-4457-bb3e-b848a7ee51da,SER,2023-04-05T11:11:34.339Z,MOBILE,Android
7131c483-3b6e-4457-bb3e-b848a7ee51da,CL,2023-04-07T02:03:30.339Z,MOBILE,Android
7131c483-3b6e-4457-bb3e-b848a7ee51da,SCR,2023-04-19T05:49:33.339Z,MOBILE,Android
7131c483-3b6e-4457-bb3e-b848a7ee51da,SCR,2023-04-24T03:12:32.339Z,MOBILE,Android
7131c483-3b6e-4457-bb3e-b848a7ee51da,SCR,2023-04-28T23:59:51.339Z,MOBILE,Android
7131c483-3b6e-4457-bb3e-b848a7ee51da,SCR,2023-05-03T21:02:29.339Z,MOBILE,Android
7131c483-3b6e-4457-bb3e-b848a7ee51da,CL,2023-05-13T15:12:05.339Z,MOBILE,Android
7131c483-3b6e-4457-bb3e-b848a7ee51da,SCR,2023-05-18T12:25:53.339Z,MOBILE,Android
7131c483-3b6e-4457-bb3e-b848a7ee51da,HP,2023-05-28T05:55:00.339Z,MOBILE,Android
7131c483-3b6e-4457-bb3e-b848a7ee51da,VI,2023-03-29T04:58:28.339Z,MOBILE,Android
7131c483-3b6e-4457-bb3e-b848a7ee51da,VI,2023-04-06T06:35:18.339Z,MOBILE,Android
7131c483-3b6e-4457-bb3e-b848a7ee51da,VI,2023-04-09T12:02:58.339Z,MOBILE,Android
7131c483-3b6e-4457-bb3e-b848a7ee51da,VI,2023-04-11T02:49:35.339Z,MOBILE,Android
7131c483-3b6e-4457-bb3e-b848a7ee51da,VI,2023-05-08T18:05:54.339Z,MOBILE,Android
1fec6b3d-ecca-4626-86dc-a2d24a8e19b5,HP,2020-06-29T00:48:26.674Z,MOBILE,iOS
1fec6b3d-ecca-4626-86dc-a2d24a8e19b5,ATC,2020-06-30T14:07:49.674Z,MOBILE,iOS
1fec6b3d-ecca-4626-86dc-a2d24a8e19b5,AP,2020-07-02T03:29:20.674Z,MOBILE,iOS
1fec6b3d-ecca-4626-86dc-a2d24a8e19b5,HP,2020-06-30T14:20:47.674Z,MOBILE,iOS
1fec6b3d-ecca-4626-86dc-a2d24a8e19b5,HP,2020-07-02T03:34:49.674Z,MOBILE,iOS
1fec6b3d-ecca-4626-86dc-a2d24a8e19b5,ATC,2020-07-03T16:49:42.674Z,MOBILE,iOS
1fec6b3d-ecca-4626-86dc-a2d24a8e19b5,CL,2020-07-05T06:08:59.674Z,MOBILE,iOS
1fec6b3d-ecca-4626-86dc-a2d24a8e19b5,CL,2020-07-06T19:23:45.674Z,MOBILE,iOS
1fec6b3d-ecca-4626-86dc-a2d24a8e19b5,ATC,2020-07-08T08:48:50.674Z,MOBILE,iOS
f2aeb5f7-e8b4-4db6-9b84-380a30fd42e2,HP,2020-09-25T13:27:27.674Z,MOBILE,iOS
f2aeb5f7-e8b4-4db6-9b84-380a30fd42e2,ATC,2020-09-26T00:24:11.674Z,MOBILE,iOS
f2aeb5f7-e8b4-4db6-9b84-380a30fd42e2,SER,2020-09-26T11:34:38.674Z,MOBILE,iOS
f2aeb5f7-e8b4-4db6-9b84-380a30fd42e2,ATC,2020-09-27T09:42:31.674Z,MOBILE,iOS
f2aeb5f7-e8b4-4db6-9b84-380a30fd42e2,SCR,2020-09-28T07:43:15.674Z,MOBILE,iOS
f2aeb5f7-e8b4-4db6-9b84-380a30fd42e2,HP,2020-09-29T05:45:34.674Z,MOBILE,iOS
f2aeb5f7-e8b4-4db6-9b84-380a30fd42e2,CL,2020-09-29T16:51:07.674Z,MOBILE,iOS
f2aeb5f7-e8b4-4db6-9b84-380a30fd42e2,VI,2020-09-26T00:31:08.674Z,MOBILE,iOS
f2aeb5f7-e8b4-4db6-9b84-380a30fd42e2,VI,2020-09-26T22:36:36.674Z,MOBILE,iOS
f2aeb5f7-e8b4-4db6-9b84-380a30fd42e2,VI,2020-09-27T20:40:16.674Z,MOBILE,iOS
f2aeb5f7-e8b4-4db6-9b84-380a30fd42e2,VI,2020-09-30T03:56:44.674Z,MOBILE,iOS
70521fdd-1348-497c-9beb-316ea23d040d,HP,2021-07-03T06:07:38.674Z,MOBILE,iOS
70521fdd-1348-497c-9beb-316ea23d040d,ATC,2021-07-04T11:09:39.674Z,MOBILE,iOS
70521fdd-1348-497c-9beb-316ea23d040d,CL,2021-07-04T11:07:39.674Z,MOBILE,iOS
70521fdd-1348-497c-9beb-316ea23d040d,VI,2021-07-05T16:23:34.674Z,MOBILE,iOS
1dde8bdb-9abe-4dd5-9292-15dd824866dd,HP,2020-06-27T10:58:11.356Z,MOBILE,iOS
1dde8bdb-9abe-4dd5-9292-15dd824866dd,ATC,2020-07-01T23:56:09.356Z,MOBILE,iOS
1dde8bdb-9abe-4dd5-9292-15dd824866dd,ATC,2020-07-01T23:18:58.356Z,MOBILE,iOS
1dde8bdb-9abe-4dd5-9292-15dd824866dd,CL,2020-07-06T11:43:05.356Z,MOBILE,iOS
f23c7b4d-43f0-4174-a815-a16710baedf9,HP,2021-12-10T17:11:05.356Z,MOBILE,iOS
da3496f1-ac32-4f97-a31a-87fbaf77d4de,HP,2021-09-26T07:48:15.878Z,MOBILE,Android
f23c7b4d-43f0-4174-a815-a16710baedf9,ATC,2021-12-13T17:27:28.356Z,MOBILE,iOS
f23c7b4d-43f0-4174-a815-a16710baedf9,VI,2021-12-13T17:47:21.356Z,MOBILE,iOS
bc3d9614-bf4f-43f3-bb7f-efd3c84034a3,HP,2023-06-18T17:52:33.356Z,MOBILE,iOS
bc3d9614-bf4f-43f3-bb7f-efd3c84034a3,ATC,2023-06-19T05:17:08.356Z,MOBILE,iOS
bc3d9614-bf4f-43f3-bb7f-efd3c84034a3,CL,2023-06-19T05:10:54.356Z,MOBILE,iOS
bc3d9614-bf4f-43f3-bb7f-efd3c84034a3,ATC,2023-06-19T16:30:37.356Z,MOBILE,iOS
bc3d9614-bf4f-43f3-bb7f-efd3c84034a3,SER,2023-06-20T03:55:40.356Z,MOBILE,iOS
bc3d9614-bf4f-43f3-bb7f-efd3c84034a3,ATC,2023-06-20T15:10:32.356Z,MOBILE,iOS
bc3d9614-bf4f-43f3-bb7f-efd3c84034a3,ATC,2023-06-21T14:02:19.356Z,MOBILE,iOS
bc3d9614-bf4f-43f3-bb7f-efd3c84034a3,ATC,2023-06-22T01:23:45.356Z,MOBILE,iOS
8b132ec9-0471-4872-83e4-95163e0c1ff5,HP,2020-04-08T10:36:14.646Z,MOBILE,iOS
8b132ec9-0471-4872-83e4-95163e0c1ff5,ATC,2020-04-13T10:51:37.646Z,MOBILE,iOS
8b132ec9-0471-4872-83e4-95163e0c1ff5,VI,2020-04-13T11:08:08.646Z,MOBILE,iOS
b24cf9c1-5698-460e-bdf5-8e6fa0dec88f,HP,2021-05-24T05:54:04.646Z,MOBILE,iOS
b24cf9c1-5698-460e-bdf5-8e6fa0dec88f,ATC,2021-05-24T07:53:28.646Z,MOBILE,iOS
b24cf9c1-5698-460e-bdf5-8e6fa0dec88f,SCR,2021-05-24T07:51:45.646Z,MOBILE,iOS
b24cf9c1-5698-460e-bdf5-8e6fa0dec88f,ATC,2021-05-24T09:49:03.646Z,MOBILE,iOS
b24cf9c1-5698-460e-bdf5-8e6fa0dec88f,HP,2021-05-24T11:47:04.646Z,MOBILE,iOS
b24cf9c1-5698-460e-bdf5-8e6fa0dec88f,HP,2021-05-24T13:44:56.646Z,MOBILE,iOS
5e2b6544-87cb-4edc-94e0-45e28f336e9d,HP,2022-06-20T18:19:13.646Z,WEB,iOS
5e2b6544-87cb-4edc-94e0-45e28f336e9d,ATC,2022-06-21T05:09:52.646Z,WEB,iOS
5e2b6544-87cb-4edc-94e0-45e28f336e9d,ATC,2022-06-21T15:57:06.646Z,WEB,iOS
5e2b6544-87cb-4edc-94e0-45e28f336e9d,ATC,2022-06-22T02:47:25.646Z,WEB,iOS
5e2b6544-87cb-4edc-94e0-45e28f336e9d,ATC,2022-06-21T05:06:39.646Z,WEB,iOS
5e2b6544-87cb-4edc-94e0-45e28f336e9d,CL,2022-06-21T15:56:17.646Z,WEB,iOS
5e2b6544-87cb-4edc-94e0-45e28f336e9d,SCR,2022-06-22T02:49:05.646Z,WEB,iOS
5e2b6544-87cb-4edc-94e0-45e28f336e9d,HP,2022-07-03T13:08:25.646Z,WEB,iOS
62ddc4e9-36e8-45c9-9c1d-ae572f23c757,VI,2021-05-22T18:21:57.713Z,MOBILE,Android
62ddc4e9-36e8-45c9-9c1d-ae572f23c757,HP,2021-05-14T10:20:00.713Z,MOBILE,Android
62ddc4e9-36e8-45c9-9c1d-ae572f23c757,ATC,2021-05-15T00:31:40.713Z,MOBILE,Android
62ddc4e9-36e8-45c9-9c1d-ae572f23c757,AP,2021-05-15T14:44:47.713Z,MOBILE,Android
62ddc4e9-36e8-45c9-9c1d-ae572f23c757,SCR,2021-05-15T00:40:32.713Z,MOBILE,Android
62ddc4e9-36e8-45c9-9c1d-ae572f23c757,CL,2021-05-15T14:59:08.713Z,MOBILE,Android
62ddc4e9-36e8-45c9-9c1d-ae572f23c757,ATC,2021-05-16T05:21:17.713Z,MOBILE,Android
62ddc4e9-36e8-45c9-9c1d-ae572f23c757,SCR,2021-05-17T09:49:38.713Z,MOBILE,Android
62ddc4e9-36e8-45c9-9c1d-ae572f23c757,CL,2021-05-18T00:04:47.713Z,MOBILE,Android
62ddc4e9-36e8-45c9-9c1d-ae572f23c757,SCR,2021-05-18T14:24:53.713Z,MOBILE,Android
62ddc4e9-36e8-45c9-9c1d-ae572f23c757,SCR,2021-05-19T04:40:28.713Z,MOBILE,Android
62ddc4e9-36e8-45c9-9c1d-ae572f23c757,SER,2021-05-19T18:54:17.713Z,MOBILE,Android
62ddc4e9-36e8-45c9-9c1d-ae572f23c757,SER,2021-05-20T09:07:16.713Z,MOBILE,Android
62ddc4e9-36e8-45c9-9c1d-ae572f23c757,HP,2021-05-20T23:24:49.713Z,MOBILE,Android
62ddc4e9-36e8-45c9-9c1d-ae572f23c757,CL,2021-05-21T13:42:15.713Z,MOBILE,Android
62ddc4e9-36e8-45c9-9c1d-ae572f23c757,SER,2021-05-22T03:57:45.713Z,MOBILE,Android
62ddc4e9-36e8-45c9-9c1d-ae572f23c757,VI,2021-05-16T19:32:28.713Z,MOBILE,Android
25efeaa3-cbd6-4aac-92f2-10c3d5e3e7b0,HP,2022-03-05T13:07:34.713Z,WEB,Android
25efeaa3-cbd6-4aac-92f2-10c3d5e3e7b0,ATC,2022-03-05T14:34:55.713Z,WEB,Android
25efeaa3-cbd6-4aac-92f2-10c3d5e3e7b0,CL,2022-03-05T14:33:26.713Z,WEB,Android
86be6ee7-5899-4cfd-bf99-18db561deb17,HP,2022-10-19T03:47:17.713Z,MOBILE,Android
86be6ee7-5899-4cfd-bf99-18db561deb17,ATC,2022-10-19T21:35:41.713Z,MOBILE,Android
86be6ee7-5899-4cfd-bf99-18db561deb17,AP,2022-10-20T15:28:59.713Z,MOBILE,Android
86be6ee7-5899-4cfd-bf99-18db561deb17,CL,2022-10-19T21:31:46.713Z,MOBILE,Android
86be6ee7-5899-4cfd-bf99-18db561deb17,CL,2022-10-20T15:21:51.713Z,MOBILE,Android
86be6ee7-5899-4cfd-bf99-18db561deb17,CL,2022-10-21T09:16:59.713Z,MOBILE,Android
86be6ee7-5899-4cfd-bf99-18db561deb17,CL,2022-10-22T21:03:29.713Z,MOBILE,Android
86be6ee7-5899-4cfd-bf99-18db561deb17,SER,2022-10-23T14:53:45.713Z,MOBILE,Android
c032d705-158d-4b07-a097-021dd7e319f7,HP,2023-03-30T00:18:53.713Z,MOBILE,Android
c032d705-158d-4b07-a097-021dd7e319f7,ATC,2023-03-30T03:30:41.713Z,MOBILE,Android
c032d705-158d-4b07-a097-021dd7e319f7,CL,2023-03-30T03:28:33.713Z,MOBILE,Android
c032d705-158d-4b07-a097-021dd7e319f7,HP,2023-03-30T06:37:14.713Z,MOBILE,Android
c032d705-158d-4b07-a097-021dd7e319f7,SCR,2023-03-30T09:43:57.713Z,MOBILE,Android
c032d705-158d-4b07-a097-021dd7e319f7,CL,2023-03-30T12:55:29.713Z,MOBILE,Android
c032d705-158d-4b07-a097-021dd7e319f7,SER,2023-03-30T16:03:31.713Z,MOBILE,Android
86be6ee7-5899-4cfd-bf99-18db561deb17,CO,2022-10-25T20:05:30.713Z,MOBILE,Android
86be6ee7-5899-4cfd-bf99-18db561deb17,VI,2022-10-22T03:12:18.713Z,MOBILE,Android
70a32180-c482-428d-9c56-5a496a4051c1,HP,2023-01-23T17:51:25.228Z,MOBILE,Android
70a32180-c482-428d-9c56-5a496a4051c1,ATC,2023-01-23T20:50:31.228Z,MOBILE,Android
70a32180-c482-428d-9c56-5a496a4051c1,AP,2023-01-23T23:51:30.228Z,MOBILE,Android
70a32180-c482-428d-9c56-5a496a4051c1,HP,2023-01-23T20:53:45.228Z,MOBILE,Android
70a32180-c482-428d-9c56-5a496a4051c1,HP,2023-01-23T23:55:24.228Z,MOBILE,Android
70a32180-c482-428d-9c56-5a496a4051c1,CL,2023-01-24T02:54:25.228Z,MOBILE,Android
70a32180-c482-428d-9c56-5a496a4051c1,CL,2023-01-24T05:52:51.228Z,MOBILE,Android
70a32180-c482-428d-9c56-5a496a4051c1,CL,2023-01-24T08:53:30.228Z,MOBILE,Android
70a32180-c482-428d-9c56-5a496a4051c1,CL,2023-01-24T11:55:35.228Z,MOBILE,Android
70a32180-c482-428d-9c56-5a496a4051c1,SER,2023-01-24T17:58:18.228Z,MOBILE,Android
70a32180-c482-428d-9c56-5a496a4051c1,SCR,2023-01-24T20:55:14.228Z,MOBILE,Android
70a32180-c482-428d-9c56-5a496a4051c1,SER,2023-01-24T23:57:24.228Z,MOBILE,Android
70a32180-c482-428d-9c56-5a496a4051c1,CL,2023-01-25T02:58:26.228Z,MOBILE,Android
70a32180-c482-428d-9c56-5a496a4051c1,CL,2023-01-25T06:02:29.228Z,MOBILE,Android
70a32180-c482-428d-9c56-5a496a4051c1,SER,2023-01-25T09:03:39.228Z,MOBILE,Android
70a32180-c482-428d-9c56-5a496a4051c1,SCR,2023-01-25T12:06:46.228Z,MOBILE,Android
70a32180-c482-428d-9c56-5a496a4051c1,HP,2023-01-25T15:07:12.228Z,MOBILE,Android
70a32180-c482-428d-9c56-5a496a4051c1,SER,2023-01-25T18:08:48.228Z,MOBILE,Android
70a32180-c482-428d-9c56-5a496a4051c1,SER,2023-01-25T21:10:20.228Z,MOBILE,Android
70a32180-c482-428d-9c56-5a496a4051c1,SCR,2023-01-26T00:10:05.228Z,MOBILE,Android
70a32180-c482-428d-9c56-5a496a4051c1,CL,2023-01-26T03:12:29.228Z,MOBILE,Android
70a32180-c482-428d-9c56-5a496a4051c1,VI,2023-01-24T14:57:14.228Z,MOBILE,Android
8a810fc4-7b0e-4630-9898-8ece5eb73a73,HP,2021-10-26T11:27:21.031Z,MOBILE,Android
8a810fc4-7b0e-4630-9898-8ece5eb73a73,ATC,2021-10-26T17:35:44.031Z,MOBILE,Android
8a810fc4-7b0e-4630-9898-8ece5eb73a73,AP,2021-10-26T23:42:29.031Z,MOBILE,Android
8a810fc4-7b0e-4630-9898-8ece5eb73a73,ATC,2021-10-26T17:41:19.031Z,MOBILE,Android
8a810fc4-7b0e-4630-9898-8ece5eb73a73,SCR,2021-10-26T23:51:06.031Z,MOBILE,Android
8a810fc4-7b0e-4630-9898-8ece5eb73a73,ATC,2021-10-27T06:01:37.031Z,MOBILE,Android
8a810fc4-7b0e-4630-9898-8ece5eb73a73,ATC,2021-10-27T18:20:32.031Z,MOBILE,Android
8a810fc4-7b0e-4630-9898-8ece5eb73a73,HP,2021-10-28T00:30:50.031Z,MOBILE,Android
8a810fc4-7b0e-4630-9898-8ece5eb73a73,ATC,2021-10-28T06:37:42.031Z,MOBILE,Android
8a810fc4-7b0e-4630-9898-8ece5eb73a73,ATC,2021-10-28T12:45:38.031Z,MOBILE,Android
8a810fc4-7b0e-4630-9898-8ece5eb73a73,SCR,2021-10-28T18:59:11.031Z,MOBILE,Android
8a810fc4-7b0e-4630-9898-8ece5eb73a73,ATC,2021-10-29T01:04:00.031Z,MOBILE,Android
8a810fc4-7b0e-4630-9898-8ece5eb73a73,SCR,2021-10-29T07:11:38.031Z,MOBILE,Android
8a810fc4-7b0e-4630-9898-8ece5eb73a73,ATC,2021-10-29T13:24:46.031Z,MOBILE,Android
8a810fc4-7b0e-4630-9898-8ece5eb73a73,CL,2021-10-29T19:32:35.031Z,MOBILE,Android
8a810fc4-7b0e-4630-9898-8ece5eb73a73,SCR,2021-10-30T01:36:49.031Z,MOBILE,Android
8a810fc4-7b0e-4630-9898-8ece5eb73a73,SCR,2021-10-30T07:44:14.031Z,MOBILE,Android
8a810fc4-7b0e-4630-9898-8ece5eb73a73,CL,2021-10-30T13:50:42.031Z,MOBILE,Android
8a810fc4-7b0e-4630-9898-8ece5eb73a73,ATC,2021-10-30T20:03:10.031Z,MOBILE,Android
8a810fc4-7b0e-4630-9898-8ece5eb73a73,CL,2021-10-31T02:09:00.031Z,MOBILE,Android
8a810fc4-7b0e-4630-9898-8ece5eb73a73,HP,2021-10-31T14:25:55.031Z,MOBILE,Android
8a810fc4-7b0e-4630-9898-8ece5eb73a73,HP,2021-10-31T20:36:29.031Z,MOBILE,Android
8a810fc4-7b0e-4630-9898-8ece5eb73a73,SCR,2021-11-01T02:43:07.031Z,MOBILE,Android
8a810fc4-7b0e-4630-9898-8ece5eb73a73,CL,2021-11-01T15:03:49.031Z,MOBILE,Android
8a810fc4-7b0e-4630-9898-8ece5eb73a73,VI,2021-11-01T08:57:00.031Z,MOBILE,Android
af3bab92-22f1-4adc-bc6f-423231454a0c,HP,2023-08-23T02:11:24.056Z,MOBILE,Android
af3bab92-22f1-4adc-bc6f-423231454a0c,ATC,2023-08-23T02:56:37.056Z,MOBILE,Android
af3bab92-22f1-4adc-bc6f-423231454a0c,HP,2023-08-23T02:52:40.056Z,MOBILE,Android
af3bab92-22f1-4adc-bc6f-423231454a0c,CL,2023-08-23T03:35:15.056Z,MOBILE,Android
af3bab92-22f1-4adc-bc6f-423231454a0c,HP,2023-08-23T05:03:23.056Z,MOBILE,Android
af3bab92-22f1-4adc-bc6f-423231454a0c,SCR,2023-08-23T05:47:15.056Z,MOBILE,Android
af3bab92-22f1-4adc-bc6f-423231454a0c,SCR,2023-08-23T06:30:21.056Z,MOBILE,Android
af3bab92-22f1-4adc-bc6f-423231454a0c,SCR,2023-08-23T07:13:55.056Z,MOBILE,Android
af3bab92-22f1-4adc-bc6f-423231454a0c,CL,2023-08-23T07:57:52.056Z,MOBILE,Android
af3bab92-22f1-4adc-bc6f-423231454a0c,SCR,2023-08-23T08:39:48.056Z,MOBILE,Android
af3bab92-22f1-4adc-bc6f-423231454a0c,SCR,2023-08-23T09:23:31.056Z,MOBILE,Android
af3bab92-22f1-4adc-bc6f-423231454a0c,CL,2023-08-23T10:07:39.056Z,MOBILE,Android
af3bab92-22f1-4adc-bc6f-423231454a0c,SER,2023-08-23T10:52:00.056Z,MOBILE,Android
af3bab92-22f1-4adc-bc6f-423231454a0c,HP,2023-08-23T13:01:28.056Z,MOBILE,Android
af3bab92-22f1-4adc-bc6f-423231454a0c,SCR,2023-08-23T13:45:04.056Z,MOBILE,Android
af3bab92-22f1-4adc-bc6f-423231454a0c,HP,2023-08-23T14:29:34.056Z,MOBILE,Android
af6b0030-661f-4a17-813b-724bccd1bee8,HP,2023-09-26T15:29:25.056Z,MOBILE,Android
af6b0030-661f-4a17-813b-724bccd1bee8,ATC,2023-09-27T20:53:16.056Z,MOBILE,Android
af6b0030-661f-4a17-813b-724bccd1bee8,AP,2023-09-29T02:13:44.056Z,MOBILE,Android
af6b0030-661f-4a17-813b-724bccd1bee8,SCR,2023-09-27T20:47:17.056Z,MOBILE,Android
af6b0030-661f-4a17-813b-724bccd1bee8,SCR,2023-09-29T02:12:15.056Z,MOBILE,Android
af3bab92-22f1-4adc-bc6f-423231454a0c,VI,2023-08-23T11:35:20.056Z,MOBILE,Android
af3bab92-22f1-4adc-bc6f-423231454a0c,VI,2023-08-23T15:12:58.056Z,MOBILE,Android
822e9bc8-4159-4950-b2b6-3458cf5d4a67,HP,2023-07-03T11:12:51.011Z,MOBILE,Android
7c8c4af9-92e7-4e7b-a0ad-91ca41b9a009,HP,2020-10-09T22:20:47.979Z,MOBILE,Android
7c8c4af9-92e7-4e7b-a0ad-91ca41b9a009,ATC,2020-10-10T05:35:12.979Z,MOBILE,Android
7c8c4af9-92e7-4e7b-a0ad-91ca41b9a009,ATC,2020-10-10T12:53:00.979Z,MOBILE,Android
7c8c4af9-92e7-4e7b-a0ad-91ca41b9a009,ATC,2020-10-10T20:07:22.979Z,MOBILE,Android
7c8c4af9-92e7-4e7b-a0ad-91ca41b9a009,ATC,2020-10-11T03:24:53.979Z,MOBILE,Android
7c8c4af9-92e7-4e7b-a0ad-91ca41b9a009,ATC,2020-10-11T10:43:54.979Z,MOBILE,Android
7c8c4af9-92e7-4e7b-a0ad-91ca41b9a009,ATC,2020-10-11T18:04:18.979Z,MOBILE,Android
7c8c4af9-92e7-4e7b-a0ad-91ca41b9a009,ATC,2020-10-12T01:22:42.979Z,MOBILE,Android
7c8c4af9-92e7-4e7b-a0ad-91ca41b9a009,ATC,2020-10-12T08:42:17.979Z,MOBILE,Android
7c8c4af9-92e7-4e7b-a0ad-91ca41b9a009,AP,2020-10-12T15:57:35.979Z,MOBILE,Android
7c8c4af9-92e7-4e7b-a0ad-91ca41b9a009,CL,2020-10-10T05:39:58.979Z,MOBILE,Android
7c8c4af9-92e7-4e7b-a0ad-91ca41b9a009,SCR,2020-10-10T12:58:17.979Z,MOBILE,Android
7c8c4af9-92e7-4e7b-a0ad-91ca41b9a009,SCR,2020-10-10T20:12:34.979Z,MOBILE,Android
7c8c4af9-92e7-4e7b-a0ad-91ca41b9a009,ATC,2020-10-11T03:33:32.979Z,MOBILE,Android
7c8c4af9-92e7-4e7b-a0ad-91ca41b9a009,SCR,2020-10-11T18:10:57.979Z,MOBILE,Android
7c8c4af9-92e7-4e7b-a0ad-91ca41b9a009,CL,2020-10-12T01:28:36.979Z,MOBILE,Android
98d46103-36c3-49fa-a8dc-bbd680820093,CL,2023-07-25T04:26:36.979Z,MOBILE,Android
98d46103-36c3-49fa-a8dc-bbd680820093,HP,2023-07-19T04:41:05.979Z,MOBILE,Android
98d46103-36c3-49fa-a8dc-bbd680820093,ATC,2023-07-20T04:40:15.979Z,MOBILE,Android
98d46103-36c3-49fa-a8dc-bbd680820093,AP,2023-07-21T04:27:02.979Z,MOBILE,Android
98d46103-36c3-49fa-a8dc-bbd680820093,ATC,2023-07-20T04:38:49.979Z,MOBILE,Android
98d46103-36c3-49fa-a8dc-bbd680820093,SCR,2023-07-21T04:39:44.979Z,MOBILE,Android
98d46103-36c3-49fa-a8dc-bbd680820093,CL,2023-07-23T04:34:24.979Z,MOBILE,Android
98d46103-36c3-49fa-a8dc-bbd680820093,SCR,2023-07-24T04:31:58.979Z,MOBILE,Android
98d46103-36c3-49fa-a8dc-bbd680820093,SER,2023-07-26T04:27:07.979Z,MOBILE,Android
98d46103-36c3-49fa-a8dc-bbd680820093,CL,2023-07-27T04:30:14.979Z,MOBILE,Android
98d46103-36c3-49fa-a8dc-bbd680820093,SCR,2023-07-28T04:37:44.979Z,MOBILE,Android
98d46103-36c3-49fa-a8dc-bbd680820093,HP,2023-07-29T04:34:59.979Z,MOBILE,Android
98d46103-36c3-49fa-a8dc-bbd680820093,ATC,2023-07-30T04:30:11.979Z,MOBILE,Android
98d46103-36c3-49fa-a8dc-bbd680820093,SCR,2023-07-31T04:29:47.979Z,MOBILE,Android
98d46103-36c3-49fa-a8dc-bbd680820093,VI,2023-07-22T04:31:26.979Z,MOBILE,Android
f7478b02-26f6-4918-8b80-f53842fc9335,HP,2020-07-11T11:17:00.948Z,MOBILE,iOS
f7478b02-26f6-4918-8b80-f53842fc9335,ATC,2020-07-12T02:49:10.948Z,MOBILE,iOS
f7478b02-26f6-4918-8b80-f53842fc9335,CL,2020-07-12T02:55:37.948Z,MOBILE,iOS
3894b547-ce2a-41ce-ae21-b428a47a86f3,HP,2022-01-02T17:22:53.948Z,MOBILE,iOS
3894b547-ce2a-41ce-ae21-b428a47a86f3,ATC,2022-01-03T05:13:36.948Z,MOBILE,iOS
3894b547-ce2a-41ce-ae21-b428a47a86f3,CL,2022-01-03T05:15:21.948Z,MOBILE,iOS
3894b547-ce2a-41ce-ae21-b428a47a86f3,CL,2022-01-03T16:57:50.948Z,MOBILE,iOS
3894b547-ce2a-41ce-ae21-b428a47a86f3,HP,2022-01-04T04:53:52.948Z,MOBILE,iOS
3894b547-ce2a-41ce-ae21-b428a47a86f3,ATC,2022-01-04T16:44:21.948Z,MOBILE,iOS
3894b547-ce2a-41ce-ae21-b428a47a86f3,SCR,2022-01-05T04:31:39.948Z,MOBILE,iOS
3894b547-ce2a-41ce-ae21-b428a47a86f3,CL,2022-01-05T16:21:16.948Z,MOBILE,iOS
3894b547-ce2a-41ce-ae21-b428a47a86f3,ATC,2022-01-06T16:05:40.948Z,MOBILE,iOS
3894b547-ce2a-41ce-ae21-b428a47a86f3,CL,2022-01-07T03:58:39.948Z,MOBILE,iOS
3894b547-ce2a-41ce-ae21-b428a47a86f3,ATC,2022-01-07T15:55:30.948Z,MOBILE,iOS
db5cd5db-6b41-4386-a6a6-2ad10be986f1,HP,2022-09-04T16:31:13.948Z,MOBILE,iOS
3894b547-ce2a-41ce-ae21-b428a47a86f3,VI,2022-01-06T04:15:38.948Z,MOBILE,iOS
db5cd5db-6b41-4386-a6a6-2ad10be986f1,ATC,2022-09-05T08:42:34.948Z,MOBILE,iOS
db5cd5db-6b41-4386-a6a6-2ad10be986f1,AP,2022-09-06T00:59:46.948Z,MOBILE,iOS
db5cd5db-6b41-4386-a6a6-2ad10be986f1,ATC,2022-09-05T08:44:26.948Z,MOBILE,iOS
db5cd5db-6b41-4386-a6a6-2ad10be986f1,CL,2022-09-06T00:53:55.948Z,MOBILE,iOS
db5cd5db-6b41-4386-a6a6-2ad10be986f1,CL,2022-09-06T17:09:01.948Z,MOBILE,iOS
db5cd5db-6b41-4386-a6a6-2ad10be986f1,SER,2022-09-07T09:21:35.948Z,MOBILE,iOS
db5cd5db-6b41-4386-a6a6-2ad10be986f1,CL,2022-09-08T01:40:12.948Z,MOBILE,iOS
db5cd5db-6b41-4386-a6a6-2ad10be986f1,SER,2022-09-08T17:56:12.948Z,MOBILE,iOS
db5cd5db-6b41-4386-a6a6-2ad10be986f1,CL,2022-09-10T02:19:08.948Z,MOBILE,iOS
db5cd5db-6b41-4386-a6a6-2ad10be986f1,SCR,2022-09-11T10:49:28.948Z,MOBILE,iOS
db5cd5db-6b41-4386-a6a6-2ad10be986f1,CL,2022-09-12T02:59:27.948Z,MOBILE,iOS
db5cd5db-6b41-4386-a6a6-2ad10be986f1,ATC,2022-09-12T19:05:52.948Z,MOBILE,iOS
db5cd5db-6b41-4386-a6a6-2ad10be986f1,CL,2022-09-13T11:14:51.948Z,MOBILE,iOS
db5cd5db-6b41-4386-a6a6-2ad10be986f1,HP,2022-09-14T03:27:08.948Z,MOBILE,iOS
db5cd5db-6b41-4386-a6a6-2ad10be986f1,SER,2022-09-14T19:44:33.948Z,MOBILE,iOS
db5cd5db-6b41-4386-a6a6-2ad10be986f1,ATC,2022-09-15T11:55:32.948Z,MOBILE,iOS
db5cd5db-6b41-4386-a6a6-2ad10be986f1,CL,2022-09-16T04:07:56.948Z,MOBILE,iOS
db5cd5db-6b41-4386-a6a6-2ad10be986f1,SER,2022-09-18T05:02:41.948Z,MOBILE,iOS
db5cd5db-6b41-4386-a6a6-2ad10be986f1,CL,2022-09-18T21:12:13.948Z,MOBILE,iOS
db5cd5db-6b41-4386-a6a6-2ad10be986f1,CO,2022-09-20T21:15:25.948Z,MOBILE,iOS
db5cd5db-6b41-4386-a6a6-2ad10be986f1,VI,2022-09-09T10:13:06.948Z,MOBILE,iOS
db5cd5db-6b41-4386-a6a6-2ad10be986f1,VI,2022-09-10T18:31:39.948Z,MOBILE,iOS
db5cd5db-6b41-4386-a6a6-2ad10be986f1,VI,2022-09-16T20:22:39.948Z,MOBILE,iOS
34eabf30-ae9a-47c6-a773-b2963853cc0b,HP,2023-05-28T23:55:49.512Z,MOBILE,Android
34eabf30-ae9a-47c6-a773-b2963853cc0b,ATC,2023-05-29T03:49:46.512Z,MOBILE,Android
34eabf30-ae9a-47c6-a773-b2963853cc0b,CL,2023-05-29T03:54:09.512Z,MOBILE,Android
34eabf30-ae9a-47c6-a773-b2963853cc0b,HP,2023-05-29T07:52:06.512Z,MOBILE,Android
34eabf30-ae9a-47c6-a773-b2963853cc0b,SCR,2023-05-29T15:41:05.512Z,MOBILE,Android
34eabf30-ae9a-47c6-a773-b2963853cc0b,CL,2023-05-29T19:42:24.512Z,MOBILE,Android
34eabf30-ae9a-47c6-a773-b2963853cc0b,SCR,2023-05-29T23:40:45.512Z,MOBILE,Android
34eabf30-ae9a-47c6-a773-b2963853cc0b,SER,2023-05-30T03:35:33.512Z,MOBILE,Android
9c6e57f2-8fb4-437f-8bc9-131b73e72c4e,HP,2023-08-22T17:45:17.011Z,MOBILE,Android
34eabf30-ae9a-47c6-a773-b2963853cc0b,CL,2023-05-30T07:31:20.512Z,MOBILE,Android
34eabf30-ae9a-47c6-a773-b2963853cc0b,CL,2023-05-30T11:29:34.512Z,MOBILE,Android
34eabf30-ae9a-47c6-a773-b2963853cc0b,CL,2023-05-30T19:19:25.512Z,MOBILE,Android
34eabf30-ae9a-47c6-a773-b2963853cc0b,CL,2023-05-30T23:16:49.512Z,MOBILE,Android
34eabf30-ae9a-47c6-a773-b2963853cc0b,SCR,2023-05-31T03:09:19.512Z,MOBILE,Android
34eabf30-ae9a-47c6-a773-b2963853cc0b,SER,2023-05-31T07:08:17.512Z,MOBILE,Android
34eabf30-ae9a-47c6-a773-b2963853cc0b,SER,2023-05-31T14:56:28.512Z,MOBILE,Android
34eabf30-ae9a-47c6-a773-b2963853cc0b,HP,2023-05-31T18:55:19.512Z,MOBILE,Android
34eabf30-ae9a-47c6-a773-b2963853cc0b,CL,2023-05-31T22:53:07.512Z,MOBILE,Android
34eabf30-ae9a-47c6-a773-b2963853cc0b,CL,2023-06-01T06:45:46.512Z,MOBILE,Android
34eabf30-ae9a-47c6-a773-b2963853cc0b,CL,2023-06-01T10:39:15.512Z,MOBILE,Android
34eabf30-ae9a-47c6-a773-b2963853cc0b,CL,2023-06-01T22:29:51.512Z,MOBILE,Android
34eabf30-ae9a-47c6-a773-b2963853cc0b,CL,2023-06-02T02:27:21.512Z,MOBILE,Android
34eabf30-ae9a-47c6-a773-b2963853cc0b,CL,2023-06-02T06:23:16.512Z,MOBILE,Android
34eabf30-ae9a-47c6-a773-b2963853cc0b,HP,2023-06-02T10:18:42.512Z,MOBILE,Android
34eabf30-ae9a-47c6-a773-b2963853cc0b,HP,2023-06-02T14:16:29.512Z,MOBILE,Android
34eabf30-ae9a-47c6-a773-b2963853cc0b,SER,2023-06-02T18:10:22.512Z,MOBILE,Android
34eabf30-ae9a-47c6-a773-b2963853cc0b,SCR,2023-06-02T22:03:18.512Z,MOBILE,Android
34eabf30-ae9a-47c6-a773-b2963853cc0b,SER,2023-06-03T01:58:15.512Z,MOBILE,Android
34eabf30-ae9a-47c6-a773-b2963853cc0b,SCR,2023-06-03T05:52:14.512Z,MOBILE,Android
34eabf30-ae9a-47c6-a773-b2963853cc0b,SCR,2023-06-03T09:51:49.512Z,MOBILE,Android
34eabf30-ae9a-47c6-a773-b2963853cc0b,SCR,2023-06-03T21:45:18.512Z,MOBILE,Android
34eabf30-ae9a-47c6-a773-b2963853cc0b,HP,2023-06-04T01:40:41.512Z,MOBILE,Android
34eabf30-ae9a-47c6-a773-b2963853cc0b,SER,2023-06-04T05:38:08.512Z,MOBILE,Android
34eabf30-ae9a-47c6-a773-b2963853cc0b,HP,2023-06-04T09:34:45.512Z,MOBILE,Android
34eabf30-ae9a-47c6-a773-b2963853cc0b,SCR,2023-06-04T13:30:56.512Z,MOBILE,Android
34eabf30-ae9a-47c6-a773-b2963853cc0b,CL,2023-06-05T05:14:54.512Z,MOBILE,Android
34eabf30-ae9a-47c6-a773-b2963853cc0b,HP,2023-06-05T09:14:10.512Z,MOBILE,Android
34eabf30-ae9a-47c6-a773-b2963853cc0b,CL,2023-06-05T13:07:14.512Z,MOBILE,Android
34eabf30-ae9a-47c6-a773-b2963853cc0b,SER,2023-06-05T17:04:20.512Z,MOBILE,Android
34eabf30-ae9a-47c6-a773-b2963853cc0b,SCR,2023-06-05T20:59:32.512Z,MOBILE,Android
34eabf30-ae9a-47c6-a773-b2963853cc0b,SCR,2023-06-06T00:57:43.512Z,MOBILE,Android
34eabf30-ae9a-47c6-a773-b2963853cc0b,CL,2023-06-06T04:54:22.512Z,MOBILE,Android
34eabf30-ae9a-47c6-a773-b2963853cc0b,HP,2023-06-06T12:46:08.512Z,MOBILE,Android
34eabf30-ae9a-47c6-a773-b2963853cc0b,CL,2023-06-06T16:45:32.512Z,MOBILE,Android
34eabf30-ae9a-47c6-a773-b2963853cc0b,SER,2023-06-06T20:37:40.512Z,MOBILE,Android
34eabf30-ae9a-47c6-a773-b2963853cc0b,SCR,2023-06-07T00:32:55.512Z,MOBILE,Android
34eabf30-ae9a-47c6-a773-b2963853cc0b,SCR,2023-06-07T04:32:33.512Z,MOBILE,Android
34eabf30-ae9a-47c6-a773-b2963853cc0b,SCR,2023-06-07T08:26:11.512Z,MOBILE,Android
34eabf30-ae9a-47c6-a773-b2963853cc0b,HP,2023-06-07T12:22:46.512Z,MOBILE,Android
34eabf30-ae9a-47c6-a773-b2963853cc0b,SCR,2023-06-07T20:10:34.512Z,MOBILE,Android
34eabf30-ae9a-47c6-a773-b2963853cc0b,CL,2023-06-08T00:06:53.512Z,MOBILE,Android
34eabf30-ae9a-47c6-a773-b2963853cc0b,CL,2023-06-08T04:03:12.512Z,MOBILE,Android
34eabf30-ae9a-47c6-a773-b2963853cc0b,VI,2023-05-30T15:20:30.512Z,MOBILE,Android
34eabf30-ae9a-47c6-a773-b2963853cc0b,VI,2023-05-31T11:01:27.512Z,MOBILE,Android
49472c4f-e301-4bea-aad1-fc377672555b,HP,2023-10-02T13:56:01.512Z,MOBILE,Android
49472c4f-e301-4bea-aad1-fc377672555b,ATC,2023-10-03T04:15:45.512Z,MOBILE,Android
7da29c56-257e-4c17-91fc-3b4d17c2f966,HP,2023-09-18T18:17:46.011Z,MOBILE,Android
49472c4f-e301-4bea-aad1-fc377672555b,CL,2023-10-03T04:22:07.512Z,MOBILE,Android
49472c4f-e301-4bea-aad1-fc377672555b,SER,2023-10-04T23:23:58.512Z,MOBILE,Android
49472c4f-e301-4bea-aad1-fc377672555b,HP,2023-10-05T13:47:37.512Z,MOBILE,Android
49472c4f-e301-4bea-aad1-fc377672555b,CL,2023-10-06T04:20:32.512Z,MOBILE,Android
49472c4f-e301-4bea-aad1-fc377672555b,CL,2023-10-06T18:41:40.512Z,MOBILE,Android
49472c4f-e301-4bea-aad1-fc377672555b,SER,2023-10-08T14:04:49.512Z,MOBILE,Android
49472c4f-e301-4bea-aad1-fc377672555b,CL,2023-10-09T18:49:37.512Z,MOBILE,Android
49472c4f-e301-4bea-aad1-fc377672555b,SCR,2023-10-10T09:11:23.512Z,MOBILE,Android
49472c4f-e301-4bea-aad1-fc377672555b,CL,2023-10-11T13:54:07.512Z,MOBILE,Android
2dfd2d10-7bd3-4401-a742-5279b3125a01,HP,2023-12-14T05:04:41.512Z,MOBILE,Android
2dfd2d10-7bd3-4401-a742-5279b3125a01,ATC,2023-12-14T06:07:36.512Z,MOBILE,Android
2dfd2d10-7bd3-4401-a742-5279b3125a01,CL,2023-12-14T06:10:49.512Z,MOBILE,Android
2dfd2d10-7bd3-4401-a742-5279b3125a01,SER,2023-12-14T07:16:49.512Z,MOBILE,Android
2dfd2d10-7bd3-4401-a742-5279b3125a01,HP,2023-12-14T08:23:15.512Z,MOBILE,Android
2dfd2d10-7bd3-4401-a742-5279b3125a01,SCR,2023-12-14T09:28:41.512Z,MOBILE,Android
2dfd2d10-7bd3-4401-a742-5279b3125a01,SCR,2023-12-14T11:40:37.512Z,MOBILE,Android
2dfd2d10-7bd3-4401-a742-5279b3125a01,SCR,2023-12-14T13:54:08.512Z,MOBILE,Android
2dfd2d10-7bd3-4401-a742-5279b3125a01,HP,2023-12-14T16:03:51.512Z,MOBILE,Android
2dfd2d10-7bd3-4401-a742-5279b3125a01,SER,2023-12-14T17:09:02.512Z,MOBILE,Android
2dfd2d10-7bd3-4401-a742-5279b3125a01,SCR,2023-12-14T18:13:21.512Z,MOBILE,Android
49472c4f-e301-4bea-aad1-fc377672555b,VI,2023-10-03T18:44:34.512Z,MOBILE,Android
49472c4f-e301-4bea-aad1-fc377672555b,VI,2023-10-04T09:04:55.512Z,MOBILE,Android
49472c4f-e301-4bea-aad1-fc377672555b,VI,2023-10-07T09:07:52.512Z,MOBILE,Android
49472c4f-e301-4bea-aad1-fc377672555b,VI,2023-10-09T04:24:27.512Z,MOBILE,Android
49472c4f-e301-4bea-aad1-fc377672555b,VI,2023-10-10T23:31:06.512Z,MOBILE,Android
2dfd2d10-7bd3-4401-a742-5279b3125a01,VI,2023-12-14T14:59:58.512Z,MOBILE,Android
209277ef-9eed-48f3-af5b-815b4ab75983,HP,2020-12-06T03:42:35.400Z,MOBILE,Android
209277ef-9eed-48f3-af5b-815b4ab75983,ATC,2020-12-09T06:53:09.400Z,MOBILE,Android
209277ef-9eed-48f3-af5b-815b4ab75983,AP,2020-12-12T09:48:19.400Z,MOBILE,Android
209277ef-9eed-48f3-af5b-815b4ab75983,SER,2020-12-09T06:51:10.400Z,MOBILE,Android
209277ef-9eed-48f3-af5b-815b4ab75983,SER,2020-12-12T09:43:32.400Z,MOBILE,Android
209277ef-9eed-48f3-af5b-815b4ab75983,HP,2020-12-15T12:39:41.400Z,MOBILE,Android
209277ef-9eed-48f3-af5b-815b4ab75983,CL,2020-12-21T18:44:34.400Z,MOBILE,Android
209277ef-9eed-48f3-af5b-815b4ab75983,CL,2021-01-17T10:38:49.400Z,MOBILE,Android
2114f83b-5c64-40e2-ab0e-f28d820e74bf,CL,2022-07-11T04:13:13.400Z,MOBILE,Android
209277ef-9eed-48f3-af5b-815b4ab75983,VI,2020-12-18T15:28:48.400Z,MOBILE,Android
2e1dfcd2-40a0-4df8-8110-56c9e351f556,HP,2021-06-20T16:16:52.400Z,MOBILE,Android
2e1dfcd2-40a0-4df8-8110-56c9e351f556,ATC,2021-06-21T13:39:39.400Z,MOBILE,Android
2e1dfcd2-40a0-4df8-8110-56c9e351f556,AP,2021-06-22T11:07:13.400Z,MOBILE,Android
2e1dfcd2-40a0-4df8-8110-56c9e351f556,CL,2021-06-21T13:44:48.400Z,MOBILE,Android
2114f83b-5c64-40e2-ab0e-f28d820e74bf,HP,2022-07-08T09:58:21.400Z,MOBILE,Android
2114f83b-5c64-40e2-ab0e-f28d820e74bf,ATC,2022-07-08T15:02:45.400Z,MOBILE,Android
2114f83b-5c64-40e2-ab0e-f28d820e74bf,AP,2022-07-08T20:09:58.400Z,MOBILE,Android
2114f83b-5c64-40e2-ab0e-f28d820e74bf,CL,2022-07-09T01:21:05.400Z,MOBILE,Android
2114f83b-5c64-40e2-ab0e-f28d820e74bf,HP,2022-07-09T06:23:03.400Z,MOBILE,Android
2114f83b-5c64-40e2-ab0e-f28d820e74bf,SER,2022-07-09T16:32:57.400Z,MOBILE,Android
2114f83b-5c64-40e2-ab0e-f28d820e74bf,CL,2022-07-09T21:44:22.400Z,MOBILE,Android
2114f83b-5c64-40e2-ab0e-f28d820e74bf,CL,2022-07-10T02:49:46.400Z,MOBILE,Android
2114f83b-5c64-40e2-ab0e-f28d820e74bf,SCR,2022-07-10T07:51:27.400Z,MOBILE,Android
2114f83b-5c64-40e2-ab0e-f28d820e74bf,SCR,2022-07-10T18:02:20.400Z,MOBILE,Android
2114f83b-5c64-40e2-ab0e-f28d820e74bf,HP,2022-07-10T23:06:12.400Z,MOBILE,Android
2114f83b-5c64-40e2-ab0e-f28d820e74bf,SCR,2022-07-11T09:14:47.400Z,MOBILE,Android
2114f83b-5c64-40e2-ab0e-f28d820e74bf,CL,2022-07-11T14:20:05.400Z,MOBILE,Android
2114f83b-5c64-40e2-ab0e-f28d820e74bf,CL,2022-07-11T19:26:46.400Z,MOBILE,Android
2114f83b-5c64-40e2-ab0e-f28d820e74bf,CL,2022-07-12T00:35:49.400Z,MOBILE,Android
2114f83b-5c64-40e2-ab0e-f28d820e74bf,SCR,2022-07-12T05:39:37.400Z,MOBILE,Android
2114f83b-5c64-40e2-ab0e-f28d820e74bf,HP,2022-07-12T10:45:14.400Z,MOBILE,Android
2114f83b-5c64-40e2-ab0e-f28d820e74bf,SER,2022-07-12T15:53:43.400Z,MOBILE,Android
2eddbddb-f5e0-4468-a4b3-dfca34d7afb1,HP,2022-08-11T15:37:55.400Z,WEB,Android
2eddbddb-f5e0-4468-a4b3-dfca34d7afb1,ATC,2022-08-11T21:17:01.400Z,WEB,Android
2eddbddb-f5e0-4468-a4b3-dfca34d7afb1,ATC,2022-08-12T02:56:00.400Z,WEB,Android
2eddbddb-f5e0-4468-a4b3-dfca34d7afb1,ATC,2022-08-12T08:30:23.400Z,WEB,Android
2eddbddb-f5e0-4468-a4b3-dfca34d7afb1,ATC,2022-08-12T14:07:04.400Z,WEB,Android
2eddbddb-f5e0-4468-a4b3-dfca34d7afb1,ATC,2022-08-12T19:41:19.400Z,WEB,Android
2eddbddb-f5e0-4468-a4b3-dfca34d7afb1,ATC,2022-08-13T01:16:59.400Z,WEB,Android
2eddbddb-f5e0-4468-a4b3-dfca34d7afb1,AP,2022-08-13T06:56:57.400Z,WEB,Android
2eddbddb-f5e0-4468-a4b3-dfca34d7afb1,CL,2022-08-11T21:14:51.400Z,WEB,Android
2eddbddb-f5e0-4468-a4b3-dfca34d7afb1,CL,2022-08-12T02:54:27.400Z,WEB,Android
2eddbddb-f5e0-4468-a4b3-dfca34d7afb1,HP,2022-08-12T08:29:00.400Z,WEB,Android
2eddbddb-f5e0-4468-a4b3-dfca34d7afb1,SCR,2022-08-12T14:08:54.400Z,WEB,Android
2eddbddb-f5e0-4468-a4b3-dfca34d7afb1,CL,2022-08-12T19:44:51.400Z,WEB,Android
2eddbddb-f5e0-4468-a4b3-dfca34d7afb1,HP,2022-08-13T01:21:07.400Z,WEB,Android
2eddbddb-f5e0-4468-a4b3-dfca34d7afb1,SER,2022-08-13T07:01:57.400Z,WEB,Android
2eddbddb-f5e0-4468-a4b3-dfca34d7afb1,CL,2022-08-13T18:22:06.400Z,WEB,Android
2eddbddb-f5e0-4468-a4b3-dfca34d7afb1,CL,2022-08-14T00:01:17.400Z,WEB,Android
2eddbddb-f5e0-4468-a4b3-dfca34d7afb1,CL,2022-08-14T11:16:08.400Z,WEB,Android
2eddbddb-f5e0-4468-a4b3-dfca34d7afb1,SCR,2022-08-14T22:33:06.400Z,WEB,Android
2eddbddb-f5e0-4468-a4b3-dfca34d7afb1,CL,2022-08-15T04:11:19.400Z,WEB,Android
2eddbddb-f5e0-4468-a4b3-dfca34d7afb1,HP,2022-08-15T09:48:43.400Z,WEB,Android
2114f83b-5c64-40e2-ab0e-f28d820e74bf,VI,2022-07-08T15:04:46.400Z,MOBILE,Android
2eddbddb-f5e0-4468-a4b3-dfca34d7afb1,VI,2022-08-13T12:44:47.400Z,WEB,Android
2eddbddb-f5e0-4468-a4b3-dfca34d7afb1,VI,2022-08-14T05:38:20.400Z,WEB,Android
2eddbddb-f5e0-4468-a4b3-dfca34d7afb1,VI,2022-08-14T16:56:53.400Z,WEB,Android
23959e1a-299f-4ad4-9eb2-73d7d40f7f59,HP,2020-07-27T19:54:27.715Z,MOBILE,iOS
23959e1a-299f-4ad4-9eb2-73d7d40f7f59,ATC,2020-07-28T01:07:54.715Z,MOBILE,iOS
23959e1a-299f-4ad4-9eb2-73d7d40f7f59,ATC,2020-07-28T06:22:24.715Z,MOBILE,iOS
23959e1a-299f-4ad4-9eb2-73d7d40f7f59,AP,2020-07-28T11:33:28.715Z,MOBILE,iOS
23959e1a-299f-4ad4-9eb2-73d7d40f7f59,SCR,2020-07-28T01:04:14.715Z,MOBILE,iOS
23959e1a-299f-4ad4-9eb2-73d7d40f7f59,SCR,2020-07-28T06:13:32.715Z,MOBILE,iOS
23959e1a-299f-4ad4-9eb2-73d7d40f7f59,ATC,2020-07-28T11:23:43.715Z,MOBILE,iOS
23959e1a-299f-4ad4-9eb2-73d7d40f7f59,SER,2020-07-28T16:30:12.715Z,MOBILE,iOS
23959e1a-299f-4ad4-9eb2-73d7d40f7f59,ATC,2020-07-28T21:42:09.715Z,MOBILE,iOS
23959e1a-299f-4ad4-9eb2-73d7d40f7f59,CL,2020-07-29T02:50:46.715Z,MOBILE,iOS
23959e1a-299f-4ad4-9eb2-73d7d40f7f59,SER,2020-07-29T08:03:03.715Z,MOBILE,iOS
23959e1a-299f-4ad4-9eb2-73d7d40f7f59,ATC,2020-07-29T13:18:55.715Z,MOBILE,iOS
23959e1a-299f-4ad4-9eb2-73d7d40f7f59,HP,2020-07-29T23:41:28.715Z,MOBILE,iOS
23959e1a-299f-4ad4-9eb2-73d7d40f7f59,ATC,2020-07-30T04:52:16.715Z,MOBILE,iOS
23959e1a-299f-4ad4-9eb2-73d7d40f7f59,CL,2020-07-30T10:07:11.715Z,MOBILE,iOS
23959e1a-299f-4ad4-9eb2-73d7d40f7f59,VI,2020-07-29T18:31:56.715Z,MOBILE,iOS
bc4807e5-cfd9-437c-8709-74e78f7f86c1,HP,2021-01-17T14:16:30.715Z,MOBILE,iOS
bc4807e5-cfd9-437c-8709-74e78f7f86c1,ATC,2021-01-18T04:24:01.715Z,MOBILE,iOS
bc4807e5-cfd9-437c-8709-74e78f7f86c1,ATC,2021-01-18T04:29:31.715Z,MOBILE,iOS
820b37ff-7346-49ad-b5c0-5c9ae8ce3ca8,HP,2022-03-23T11:08:41.715Z,MOBILE,iOS
820b37ff-7346-49ad-b5c0-5c9ae8ce3ca8,ATC,2022-03-23T15:05:56.715Z,MOBILE,iOS
820b37ff-7346-49ad-b5c0-5c9ae8ce3ca8,HP,2022-03-23T18:58:03.715Z,MOBILE,iOS
820b37ff-7346-49ad-b5c0-5c9ae8ce3ca8,ATC,2022-03-24T06:40:28.715Z,MOBILE,iOS
820b37ff-7346-49ad-b5c0-5c9ae8ce3ca8,VI,2022-03-24T02:49:23.715Z,MOBILE,iOS
f04e0f6a-7465-44b9-9c22-d6b20fb6806f,HP,2023-07-19T10:05:09.358Z,MOBILE,Android
f04e0f6a-7465-44b9-9c22-d6b20fb6806f,ATC,2023-07-19T10:15:29.358Z,MOBILE,Android
f04e0f6a-7465-44b9-9c22-d6b20fb6806f,VI,2023-07-19T10:15:00.358Z,MOBILE,Android
eca72775-7402-490e-9c66-7ad6127840b5,HP,2023-09-21T03:51:40.589Z,MOBILE,Android
eca72775-7402-490e-9c66-7ad6127840b5,ATC,2023-09-21T05:03:52.589Z,MOBILE,Android
eca72775-7402-490e-9c66-7ad6127840b5,SER,2023-09-21T05:02:32.589Z,MOBILE,Android
eca72775-7402-490e-9c66-7ad6127840b5,CL,2023-09-21T06:13:36.589Z,MOBILE,Android
eca72775-7402-490e-9c66-7ad6127840b5,CL,2023-09-21T07:25:46.589Z,MOBILE,Android
eca72775-7402-490e-9c66-7ad6127840b5,SCR,2023-09-21T08:36:24.589Z,MOBILE,Android
eca72775-7402-490e-9c66-7ad6127840b5,CL,2023-09-21T10:55:12.589Z,MOBILE,Android
eca72775-7402-490e-9c66-7ad6127840b5,VI,2023-09-21T12:07:37.589Z,MOBILE,Android
3ba8d187-fe30-47b0-b047-1d9263894c28,HP,2023-10-22T10:42:17.589Z,MOBILE,Android
3ba8d187-fe30-47b0-b047-1d9263894c28,ATC,2023-10-22T15:37:27.589Z,MOBILE,Android
3ba8d187-fe30-47b0-b047-1d9263894c28,AP,2023-10-22T20:32:17.589Z,MOBILE,Android
3ba8d187-fe30-47b0-b047-1d9263894c28,SER,2023-10-22T15:35:29.589Z,MOBILE,Android
3ba8d187-fe30-47b0-b047-1d9263894c28,SCR,2023-10-22T20:34:13.589Z,MOBILE,Android
cd919e6c-5b0f-454f-98eb-75b4ea03a10b,HP,2023-11-03T03:19:44.589Z,MOBILE,Android
cd919e6c-5b0f-454f-98eb-75b4ea03a10b,ATC,2023-11-03T14:30:32.589Z,MOBILE,Android
cd919e6c-5b0f-454f-98eb-75b4ea03a10b,AP,2023-11-04T01:44:55.589Z,MOBILE,Android
cd919e6c-5b0f-454f-98eb-75b4ea03a10b,SCR,2023-11-03T14:36:15.589Z,MOBILE,Android
cd919e6c-5b0f-454f-98eb-75b4ea03a10b,SER,2023-11-04T01:46:49.589Z,MOBILE,Android
cd919e6c-5b0f-454f-98eb-75b4ea03a10b,SCR,2023-11-04T12:52:35.589Z,MOBILE,Android
cd919e6c-5b0f-454f-98eb-75b4ea03a10b,SCR,2023-11-05T00:09:57.589Z,MOBILE,Android
cd919e6c-5b0f-454f-98eb-75b4ea03a10b,CL,2023-11-05T22:37:37.589Z,MOBILE,Android
cd919e6c-5b0f-454f-98eb-75b4ea03a10b,CL,2023-11-06T09:52:50.589Z,MOBILE,Android
cd919e6c-5b0f-454f-98eb-75b4ea03a10b,SCR,2023-11-06T21:02:26.589Z,MOBILE,Android
cd919e6c-5b0f-454f-98eb-75b4ea03a10b,SER,2023-11-07T08:18:35.589Z,MOBILE,Android
cd919e6c-5b0f-454f-98eb-75b4ea03a10b,SCR,2023-11-09T15:06:01.589Z,MOBILE,Android
cd919e6c-5b0f-454f-98eb-75b4ea03a10b,SER,2023-11-10T12:21:05.589Z,MOBILE,Android
3ba8d187-fe30-47b0-b047-1d9263894c28,VI,2023-10-23T01:28:43.589Z,MOBILE,Android
cd919e6c-5b0f-454f-98eb-75b4ea03a10b,SCR,2023-11-11T09:26:59.589Z,MOBILE,Android
ba30a013-0f01-4f3a-b2dd-baa2c6393bc1,HP,2019-06-19T23:28:59.049Z,MOBILE,Android
ba30a013-0f01-4f3a-b2dd-baa2c6393bc1,ATC,2019-06-21T23:58:00.049Z,MOBILE,Android
ba30a013-0f01-4f3a-b2dd-baa2c6393bc1,AP,2019-06-24T00:17:38.049Z,MOBILE,Android
ba30a013-0f01-4f3a-b2dd-baa2c6393bc1,ATC,2019-06-22T00:00:12.049Z,MOBILE,Android
ba30a013-0f01-4f3a-b2dd-baa2c6393bc1,ATC,2019-06-26T00:50:46.049Z,MOBILE,Android
ba30a013-0f01-4f3a-b2dd-baa2c6393bc1,ATC,2019-07-02T01:43:28.049Z,MOBILE,Android
ba30a013-0f01-4f3a-b2dd-baa2c6393bc1,ATC,2019-07-08T03:00:14.049Z,MOBILE,Android
ba30a013-0f01-4f3a-b2dd-baa2c6393bc1,CO,2019-07-14T03:59:19.049Z,MOBILE,Android
ba30a013-0f01-4f3a-b2dd-baa2c6393bc1,VI,2019-06-28T01:10:19.049Z,MOBILE,Android
ba30a013-0f01-4f3a-b2dd-baa2c6393bc1,VI,2019-06-30T01:27:01.049Z,MOBILE,Android
ba30a013-0f01-4f3a-b2dd-baa2c6393bc1,VI,2019-07-04T02:03:03.049Z,MOBILE,Android
ca009635-7b32-4c1a-81ff-25ef75082abe,HP,2020-12-15T08:31:16.049Z,MOBILE,Android
ca009635-7b32-4c1a-81ff-25ef75082abe,ATC,2020-12-22T02:08:59.049Z,MOBILE,Android
ca009635-7b32-4c1a-81ff-25ef75082abe,CL,2020-12-22T02:30:02.049Z,MOBILE,Android
ca009635-7b32-4c1a-81ff-25ef75082abe,ATC,2020-12-28T20:10:55.049Z,MOBILE,Android
8c34badb-15d6-447d-a8af-16d55fb59d94,HP,2021-11-30T18:29:57.001Z,MOBILE,iOS
8c34badb-15d6-447d-a8af-16d55fb59d94,ATC,2021-11-30T20:23:07.001Z,MOBILE,iOS
8c34badb-15d6-447d-a8af-16d55fb59d94,AP,2021-11-30T22:13:26.001Z,MOBILE,iOS
8c34badb-15d6-447d-a8af-16d55fb59d94,CL,2021-11-30T20:20:59.001Z,MOBILE,iOS
8c34badb-15d6-447d-a8af-16d55fb59d94,CL,2021-11-30T22:11:30.001Z,MOBILE,iOS
8c34badb-15d6-447d-a8af-16d55fb59d94,SCR,2021-12-01T00:00:55.001Z,MOBILE,iOS
8c34badb-15d6-447d-a8af-16d55fb59d94,SCR,2021-12-01T01:48:30.001Z,MOBILE,iOS
8c34badb-15d6-447d-a8af-16d55fb59d94,SCR,2021-12-01T07:19:14.001Z,MOBILE,iOS
8c34badb-15d6-447d-a8af-16d55fb59d94,ATC,2021-12-01T09:09:40.001Z,MOBILE,iOS
8c34badb-15d6-447d-a8af-16d55fb59d94,CL,2021-12-01T10:58:52.001Z,MOBILE,iOS
8c34badb-15d6-447d-a8af-16d55fb59d94,HP,2021-12-01T12:50:14.001Z,MOBILE,iOS
8c34badb-15d6-447d-a8af-16d55fb59d94,SCR,2021-12-01T14:40:55.001Z,MOBILE,iOS
8c34badb-15d6-447d-a8af-16d55fb59d94,CL,2021-12-01T16:29:39.001Z,MOBILE,iOS
8c34badb-15d6-447d-a8af-16d55fb59d94,CL,2021-12-01T18:18:40.001Z,MOBILE,iOS
8c34badb-15d6-447d-a8af-16d55fb59d94,ATC,2021-12-01T21:58:21.001Z,MOBILE,iOS
8c34badb-15d6-447d-a8af-16d55fb59d94,CL,2021-12-02T01:39:33.001Z,MOBILE,iOS
8c34badb-15d6-447d-a8af-16d55fb59d94,HP,2021-12-02T03:29:48.001Z,MOBILE,iOS
8c34badb-15d6-447d-a8af-16d55fb59d94,SER,2021-12-02T05:20:50.001Z,MOBILE,iOS
8c34badb-15d6-447d-a8af-16d55fb59d94,SER,2021-12-02T07:10:27.001Z,MOBILE,iOS
8c34badb-15d6-447d-a8af-16d55fb59d94,CL,2021-12-02T08:59:49.001Z,MOBILE,iOS
8c34badb-15d6-447d-a8af-16d55fb59d94,CL,2021-12-02T10:52:13.001Z,MOBILE,iOS
8c34badb-15d6-447d-a8af-16d55fb59d94,CL,2021-12-02T12:43:05.001Z,MOBILE,iOS
8c34badb-15d6-447d-a8af-16d55fb59d94,HP,2021-12-02T16:19:07.001Z,MOBILE,iOS
8c34badb-15d6-447d-a8af-16d55fb59d94,HP,2021-12-03T00:05:14.001Z,MOBILE,iOS
8c34badb-15d6-447d-a8af-16d55fb59d94,HP,2021-12-03T02:18:55.001Z,MOBILE,iOS
8c34badb-15d6-447d-a8af-16d55fb59d94,CL,2021-12-03T04:37:33.001Z,MOBILE,iOS
8c34badb-15d6-447d-a8af-16d55fb59d94,HP,2021-12-03T09:13:10.001Z,MOBILE,iOS
8c34badb-15d6-447d-a8af-16d55fb59d94,HP,2021-12-03T11:29:28.001Z,MOBILE,iOS
8c34badb-15d6-447d-a8af-16d55fb59d94,VI,2021-12-01T03:38:49.001Z,MOBILE,iOS
8c34badb-15d6-447d-a8af-16d55fb59d94,HP,2021-12-03T16:04:37.001Z,MOBILE,iOS
8c34badb-15d6-447d-a8af-16d55fb59d94,HP,2021-12-03T18:23:33.001Z,MOBILE,iOS
8c34badb-15d6-447d-a8af-16d55fb59d94,SCR,2021-12-03T20:41:34.001Z,MOBILE,iOS
8c34badb-15d6-447d-a8af-16d55fb59d94,HP,2021-12-03T22:57:05.001Z,MOBILE,iOS
8c34badb-15d6-447d-a8af-16d55fb59d94,HP,2021-12-04T01:15:41.001Z,MOBILE,iOS
8c34badb-15d6-447d-a8af-16d55fb59d94,SER,2021-12-04T03:33:08.001Z,MOBILE,iOS
8c34badb-15d6-447d-a8af-16d55fb59d94,HP,2021-12-04T05:52:39.001Z,MOBILE,iOS
8c34badb-15d6-447d-a8af-16d55fb59d94,HP,2021-12-04T08:09:36.001Z,MOBILE,iOS
8c34badb-15d6-447d-a8af-16d55fb59d94,HP,2021-12-04T10:29:09.001Z,MOBILE,iOS
8c34badb-15d6-447d-a8af-16d55fb59d94,HP,2021-12-04T12:47:35.001Z,MOBILE,iOS
8c34badb-15d6-447d-a8af-16d55fb59d94,HP,2021-12-04T15:06:02.001Z,MOBILE,iOS
8c34badb-15d6-447d-a8af-16d55fb59d94,SCR,2021-12-04T19:43:01.001Z,MOBILE,iOS
8c34badb-15d6-447d-a8af-16d55fb59d94,HP,2021-12-04T22:01:18.001Z,MOBILE,iOS
8c34badb-15d6-447d-a8af-16d55fb59d94,CL,2021-12-05T00:20:32.001Z,MOBILE,iOS
8c34badb-15d6-447d-a8af-16d55fb59d94,HP,2021-12-05T02:38:11.001Z,MOBILE,iOS
8c34badb-15d6-447d-a8af-16d55fb59d94,HP,2021-12-05T04:55:57.001Z,MOBILE,iOS
8c34badb-15d6-447d-a8af-16d55fb59d94,SER,2021-12-05T09:32:03.001Z,MOBILE,iOS
8c34badb-15d6-447d-a8af-16d55fb59d94,SCR,2021-12-05T14:12:36.001Z,MOBILE,iOS
8c34badb-15d6-447d-a8af-16d55fb59d94,HP,2021-12-05T16:31:21.001Z,MOBILE,iOS
8c34badb-15d6-447d-a8af-16d55fb59d94,HP,2021-12-05T18:47:37.001Z,MOBILE,iOS
8c34badb-15d6-447d-a8af-16d55fb59d94,HP,2021-12-05T21:06:31.001Z,MOBILE,iOS
8c34badb-15d6-447d-a8af-16d55fb59d94,HP,2021-12-05T23:24:06.001Z,MOBILE,iOS
8c34badb-15d6-447d-a8af-16d55fb59d94,HP,2021-12-06T06:19:28.001Z,MOBILE,iOS
8c34badb-15d6-447d-a8af-16d55fb59d94,HP,2021-12-06T10:53:53.001Z,MOBILE,iOS
8c34badb-15d6-447d-a8af-16d55fb59d94,SCR,2021-12-06T13:11:21.001Z,MOBILE,iOS
8c34badb-15d6-447d-a8af-16d55fb59d94,HP,2021-12-06T15:30:34.001Z,MOBILE,iOS
8c34badb-15d6-447d-a8af-16d55fb59d94,HP,2021-12-06T17:50:15.001Z,MOBILE,iOS
8c34badb-15d6-447d-a8af-16d55fb59d94,HP,2021-12-06T20:09:35.001Z,MOBILE,iOS
8c34badb-15d6-447d-a8af-16d55fb59d94,HP,2021-12-07T00:42:15.001Z,MOBILE,iOS
8c34badb-15d6-447d-a8af-16d55fb59d94,SER,2021-12-07T02:58:31.001Z,MOBILE,iOS
8c34badb-15d6-447d-a8af-16d55fb59d94,HP,2021-12-07T05:15:18.001Z,MOBILE,iOS
8c34badb-15d6-447d-a8af-16d55fb59d94,HP,2021-12-07T09:51:47.001Z,MOBILE,iOS
8c34badb-15d6-447d-a8af-16d55fb59d94,HP,2021-12-07T16:48:28.001Z,MOBILE,iOS
8c34badb-15d6-447d-a8af-16d55fb59d94,HP,2021-12-07T19:07:25.001Z,MOBILE,iOS
8c34badb-15d6-447d-a8af-16d55fb59d94,HP,2021-12-07T21:23:15.001Z,MOBILE,iOS
8c34badb-15d6-447d-a8af-16d55fb59d94,HP,2021-12-07T23:41:44.001Z,MOBILE,iOS
8c34badb-15d6-447d-a8af-16d55fb59d94,HP,2021-12-08T04:10:56.001Z,MOBILE,iOS
8c34badb-15d6-447d-a8af-16d55fb59d94,SER,2021-12-08T06:29:48.001Z,MOBILE,iOS
8c34badb-15d6-447d-a8af-16d55fb59d94,HP,2021-12-08T08:50:06.001Z,MOBILE,iOS
8c34badb-15d6-447d-a8af-16d55fb59d94,SER,2021-12-08T11:10:39.001Z,MOBILE,iOS
8c34badb-15d6-447d-a8af-16d55fb59d94,SCR,2021-12-08T13:29:07.001Z,MOBILE,iOS
8c34badb-15d6-447d-a8af-16d55fb59d94,HP,2021-12-08T15:50:46.001Z,MOBILE,iOS
8c34badb-15d6-447d-a8af-16d55fb59d94,HP,2021-12-08T20:28:56.001Z,MOBILE,iOS
8c34badb-15d6-447d-a8af-16d55fb59d94,HP,2021-12-08T22:48:17.001Z,MOBILE,iOS
8c34badb-15d6-447d-a8af-16d55fb59d94,HP,2021-12-09T01:07:27.001Z,MOBILE,iOS
8c34badb-15d6-447d-a8af-16d55fb59d94,HP,2021-12-09T05:42:05.001Z,MOBILE,iOS
8c34badb-15d6-447d-a8af-16d55fb59d94,HP,2021-12-09T07:59:19.001Z,MOBILE,iOS
8c34badb-15d6-447d-a8af-16d55fb59d94,HP,2021-12-09T12:35:55.001Z,MOBILE,iOS
8c34badb-15d6-447d-a8af-16d55fb59d94,HP,2021-12-09T14:54:05.001Z,MOBILE,iOS
8c34badb-15d6-447d-a8af-16d55fb59d94,HP,2021-12-09T17:09:56.001Z,MOBILE,iOS
8c34badb-15d6-447d-a8af-16d55fb59d94,HP,2021-12-09T19:26:26.001Z,MOBILE,iOS
8c34badb-15d6-447d-a8af-16d55fb59d94,HP,2021-12-09T21:45:31.001Z,MOBILE,iOS
8c34badb-15d6-447d-a8af-16d55fb59d94,HP,2021-12-10T02:21:31.001Z,MOBILE,iOS
8c34badb-15d6-447d-a8af-16d55fb59d94,SER,2021-12-10T04:39:16.001Z,MOBILE,iOS
8c34badb-15d6-447d-a8af-16d55fb59d94,HP,2021-12-10T06:55:47.001Z,MOBILE,iOS
8c34badb-15d6-447d-a8af-16d55fb59d94,HP,2021-12-10T09:14:19.001Z,MOBILE,iOS
8c34badb-15d6-447d-a8af-16d55fb59d94,HP,2021-12-10T11:30:37.001Z,MOBILE,iOS
8c34badb-15d6-447d-a8af-16d55fb59d94,HP,2021-12-10T13:49:12.001Z,MOBILE,iOS
8c34badb-15d6-447d-a8af-16d55fb59d94,HP,2021-12-10T16:05:31.001Z,MOBILE,iOS
8c34badb-15d6-447d-a8af-16d55fb59d94,HP,2021-12-10T18:20:15.001Z,MOBILE,iOS
8c34badb-15d6-447d-a8af-16d55fb59d94,HP,2021-12-10T20:36:50.001Z,MOBILE,iOS
8c34badb-15d6-447d-a8af-16d55fb59d94,CL,2021-12-11T03:26:17.001Z,MOBILE,iOS
8c34badb-15d6-447d-a8af-16d55fb59d94,HP,2021-12-11T05:43:49.001Z,MOBILE,iOS
8c34badb-15d6-447d-a8af-16d55fb59d94,HP,2021-12-11T10:15:19.001Z,MOBILE,iOS
8c34badb-15d6-447d-a8af-16d55fb59d94,CL,2021-12-11T12:34:16.001Z,MOBILE,iOS
8c34badb-15d6-447d-a8af-16d55fb59d94,HP,2021-12-11T14:51:32.001Z,MOBILE,iOS
8c34badb-15d6-447d-a8af-16d55fb59d94,HP,2021-12-11T17:10:18.001Z,MOBILE,iOS
8c34badb-15d6-447d-a8af-16d55fb59d94,HP,2021-12-11T21:47:38.001Z,MOBILE,iOS
8c34badb-15d6-447d-a8af-16d55fb59d94,HP,2021-12-12T00:04:31.001Z,MOBILE,iOS
8c34badb-15d6-447d-a8af-16d55fb59d94,HP,2021-12-12T02:23:23.001Z,MOBILE,iOS
8c34badb-15d6-447d-a8af-16d55fb59d94,HP,2021-12-12T04:41:13.001Z,MOBILE,iOS
8c34badb-15d6-447d-a8af-16d55fb59d94,SER,2021-12-12T06:58:56.001Z,MOBILE,iOS
8c34badb-15d6-447d-a8af-16d55fb59d94,HP,2021-12-12T09:15:20.001Z,MOBILE,iOS
8c34badb-15d6-447d-a8af-16d55fb59d94,HP,2021-12-12T11:31:26.001Z,MOBILE,iOS
8c34badb-15d6-447d-a8af-16d55fb59d94,HP,2021-12-12T13:50:42.001Z,MOBILE,iOS
8c34badb-15d6-447d-a8af-16d55fb59d94,HP,2021-12-12T18:26:39.001Z,MOBILE,iOS
8c34badb-15d6-447d-a8af-16d55fb59d94,HP,2021-12-12T20:43:44.001Z,MOBILE,iOS
8c34badb-15d6-447d-a8af-16d55fb59d94,SER,2021-12-12T23:02:22.001Z,MOBILE,iOS
8c34badb-15d6-447d-a8af-16d55fb59d94,HP,2021-12-13T01:18:41.001Z,MOBILE,iOS
8c34badb-15d6-447d-a8af-16d55fb59d94,HP,2021-12-13T05:55:18.001Z,MOBILE,iOS
8c34badb-15d6-447d-a8af-16d55fb59d94,SER,2021-12-13T08:12:37.001Z,MOBILE,iOS
8c34badb-15d6-447d-a8af-16d55fb59d94,HP,2021-12-13T12:51:51.001Z,MOBILE,iOS
8c34badb-15d6-447d-a8af-16d55fb59d94,HP,2021-12-13T15:08:50.001Z,MOBILE,iOS
8c34badb-15d6-447d-a8af-16d55fb59d94,HP,2021-12-13T19:45:33.001Z,MOBILE,iOS
8c34badb-15d6-447d-a8af-16d55fb59d94,HP,2021-12-13T22:04:42.001Z,MOBILE,iOS
8c34badb-15d6-447d-a8af-16d55fb59d94,HP,2021-12-14T00:22:47.001Z,MOBILE,iOS
8c34badb-15d6-447d-a8af-16d55fb59d94,HP,2021-12-14T02:40:42.001Z,MOBILE,iOS
8c34badb-15d6-447d-a8af-16d55fb59d94,HP,2021-12-14T04:58:24.001Z,MOBILE,iOS
8c34badb-15d6-447d-a8af-16d55fb59d94,SCR,2021-12-14T07:17:27.001Z,MOBILE,iOS
8c34badb-15d6-447d-a8af-16d55fb59d94,HP,2021-12-14T09:32:46.001Z,MOBILE,iOS
8c34badb-15d6-447d-a8af-16d55fb59d94,HP,2021-12-14T11:51:19.001Z,MOBILE,iOS
8c34badb-15d6-447d-a8af-16d55fb59d94,SCR,2021-12-14T14:10:37.001Z,MOBILE,iOS
8c34badb-15d6-447d-a8af-16d55fb59d94,HP,2021-12-14T16:31:43.001Z,MOBILE,iOS
8c34badb-15d6-447d-a8af-16d55fb59d94,SER,2021-12-14T18:49:14.001Z,MOBILE,iOS
8c34badb-15d6-447d-a8af-16d55fb59d94,HP,2021-12-14T23:26:12.001Z,MOBILE,iOS
8c34badb-15d6-447d-a8af-16d55fb59d94,HP,2021-12-15T01:43:50.001Z,MOBILE,iOS
8c34badb-15d6-447d-a8af-16d55fb59d94,HP,2021-12-15T08:35:16.001Z,MOBILE,iOS
8c34badb-15d6-447d-a8af-16d55fb59d94,HP,2021-12-15T10:52:02.001Z,MOBILE,iOS
8c34badb-15d6-447d-a8af-16d55fb59d94,CL,2021-12-15T13:09:59.001Z,MOBILE,iOS
8c34badb-15d6-447d-a8af-16d55fb59d94,HP,2021-12-15T15:28:58.001Z,MOBILE,iOS
8c34badb-15d6-447d-a8af-16d55fb59d94,SER,2021-12-15T17:47:24.001Z,MOBILE,iOS
8c34badb-15d6-447d-a8af-16d55fb59d94,HP,2021-12-15T20:03:03.001Z,MOBILE,iOS
8c34badb-15d6-447d-a8af-16d55fb59d94,HP,2021-12-15T22:20:46.001Z,MOBILE,iOS
8c34badb-15d6-447d-a8af-16d55fb59d94,HP,2021-12-16T00:37:59.001Z,MOBILE,iOS
8c34badb-15d6-447d-a8af-16d55fb59d94,HP,2021-12-16T02:58:03.001Z,MOBILE,iOS
8c34badb-15d6-447d-a8af-16d55fb59d94,HP,2021-12-16T05:14:16.001Z,MOBILE,iOS
8c34badb-15d6-447d-a8af-16d55fb59d94,SER,2021-12-16T07:31:34.001Z,MOBILE,iOS
8c34badb-15d6-447d-a8af-16d55fb59d94,HP,2021-12-16T09:48:56.001Z,MOBILE,iOS
8c34badb-15d6-447d-a8af-16d55fb59d94,HP,2021-12-16T12:05:09.001Z,MOBILE,iOS
8c34badb-15d6-447d-a8af-16d55fb59d94,SCR,2021-12-27T17:38:34.001Z,MOBILE,iOS
8c34badb-15d6-447d-a8af-16d55fb59d94,SER,2021-12-16T16:41:31.001Z,MOBILE,iOS
8c34badb-15d6-447d-a8af-16d55fb59d94,HP,2021-12-16T18:58:50.001Z,MOBILE,iOS
8c34badb-15d6-447d-a8af-16d55fb59d94,HP,2021-12-16T21:16:45.001Z,MOBILE,iOS
8c34badb-15d6-447d-a8af-16d55fb59d94,HP,2021-12-16T23:37:14.001Z,MOBILE,iOS
8c34badb-15d6-447d-a8af-16d55fb59d94,HP,2021-12-17T01:55:40.001Z,MOBILE,iOS
8c34badb-15d6-447d-a8af-16d55fb59d94,SER,2021-12-17T06:31:09.001Z,MOBILE,iOS
8c34badb-15d6-447d-a8af-16d55fb59d94,CL,2021-12-17T08:49:21.001Z,MOBILE,iOS
8c34badb-15d6-447d-a8af-16d55fb59d94,HP,2021-12-17T11:06:05.001Z,MOBILE,iOS
8c34badb-15d6-447d-a8af-16d55fb59d94,HP,2021-12-17T13:26:18.001Z,MOBILE,iOS
8c34badb-15d6-447d-a8af-16d55fb59d94,SCR,2021-12-17T15:45:06.001Z,MOBILE,iOS
8c34badb-15d6-447d-a8af-16d55fb59d94,HP,2021-12-17T18:03:19.001Z,MOBILE,iOS
8c34badb-15d6-447d-a8af-16d55fb59d94,HP,2021-12-17T20:20:22.001Z,MOBILE,iOS
8c34badb-15d6-447d-a8af-16d55fb59d94,SER,2021-12-18T00:59:13.001Z,MOBILE,iOS
8c34badb-15d6-447d-a8af-16d55fb59d94,HP,2021-12-18T03:18:35.001Z,MOBILE,iOS
8c34badb-15d6-447d-a8af-16d55fb59d94,HP,2021-12-18T05:35:16.001Z,MOBILE,iOS
8c34badb-15d6-447d-a8af-16d55fb59d94,HP,2021-12-18T07:53:03.001Z,MOBILE,iOS
8c34badb-15d6-447d-a8af-16d55fb59d94,HP,2021-12-18T10:11:50.001Z,MOBILE,iOS
8c34badb-15d6-447d-a8af-16d55fb59d94,HP,2021-12-18T14:48:45.001Z,MOBILE,iOS
8c34badb-15d6-447d-a8af-16d55fb59d94,HP,2021-12-18T17:05:08.001Z,MOBILE,iOS
8c34badb-15d6-447d-a8af-16d55fb59d94,HP,2021-12-19T02:21:34.001Z,MOBILE,iOS
8c34badb-15d6-447d-a8af-16d55fb59d94,HP,2021-12-19T04:42:15.001Z,MOBILE,iOS
8c34badb-15d6-447d-a8af-16d55fb59d94,HP,2021-12-19T07:00:38.001Z,MOBILE,iOS
8c34badb-15d6-447d-a8af-16d55fb59d94,HP,2021-12-19T09:20:33.001Z,MOBILE,iOS
8c34badb-15d6-447d-a8af-16d55fb59d94,HP,2021-12-19T11:37:48.001Z,MOBILE,iOS
8c34badb-15d6-447d-a8af-16d55fb59d94,CL,2021-12-19T18:36:47.001Z,MOBILE,iOS
8c34badb-15d6-447d-a8af-16d55fb59d94,HP,2021-12-19T20:55:34.001Z,MOBILE,iOS
8c34badb-15d6-447d-a8af-16d55fb59d94,HP,2021-12-19T23:13:09.001Z,MOBILE,iOS
8c34badb-15d6-447d-a8af-16d55fb59d94,HP,2021-12-20T01:31:38.001Z,MOBILE,iOS
8c34badb-15d6-447d-a8af-16d55fb59d94,HP,2021-12-20T03:49:34.001Z,MOBILE,iOS
8c34badb-15d6-447d-a8af-16d55fb59d94,HP,2021-12-20T06:04:55.001Z,MOBILE,iOS
8c34badb-15d6-447d-a8af-16d55fb59d94,HP,2021-12-20T08:20:43.001Z,MOBILE,iOS
8c34badb-15d6-447d-a8af-16d55fb59d94,HP,2021-12-20T10:39:34.001Z,MOBILE,iOS
8c34badb-15d6-447d-a8af-16d55fb59d94,HP,2021-12-20T17:33:13.001Z,MOBILE,iOS
8c34badb-15d6-447d-a8af-16d55fb59d94,SCR,2021-12-20T19:50:54.001Z,MOBILE,iOS
8c34badb-15d6-447d-a8af-16d55fb59d94,HP,2021-12-20T22:06:33.001Z,MOBILE,iOS
8c34badb-15d6-447d-a8af-16d55fb59d94,HP,2021-12-21T00:27:48.001Z,MOBILE,iOS
8c34badb-15d6-447d-a8af-16d55fb59d94,HP,2021-12-21T02:44:12.001Z,MOBILE,iOS
8c34badb-15d6-447d-a8af-16d55fb59d94,HP,2021-12-21T07:21:42.001Z,MOBILE,iOS
8c34badb-15d6-447d-a8af-16d55fb59d94,HP,2021-12-21T09:40:52.001Z,MOBILE,iOS
8c34badb-15d6-447d-a8af-16d55fb59d94,HP,2021-12-21T11:55:27.001Z,MOBILE,iOS
8c34badb-15d6-447d-a8af-16d55fb59d94,CL,2021-12-21T14:14:03.001Z,MOBILE,iOS
8c34badb-15d6-447d-a8af-16d55fb59d94,HP,2021-12-21T23:27:24.001Z,MOBILE,iOS
8c34badb-15d6-447d-a8af-16d55fb59d94,HP,2021-12-22T01:46:40.001Z,MOBILE,iOS
8c34badb-15d6-447d-a8af-16d55fb59d94,HP,2021-12-22T04:05:42.001Z,MOBILE,iOS
8c34badb-15d6-447d-a8af-16d55fb59d94,HP,2021-12-22T08:40:56.001Z,MOBILE,iOS
8c34badb-15d6-447d-a8af-16d55fb59d94,HP,2021-12-22T10:58:57.001Z,MOBILE,iOS
8c34badb-15d6-447d-a8af-16d55fb59d94,HP,2021-12-22T15:33:29.001Z,MOBILE,iOS
8c34badb-15d6-447d-a8af-16d55fb59d94,CL,2021-12-22T17:51:27.001Z,MOBILE,iOS
8c34badb-15d6-447d-a8af-16d55fb59d94,HP,2021-12-22T20:11:23.001Z,MOBILE,iOS
8c34badb-15d6-447d-a8af-16d55fb59d94,HP,2021-12-22T22:31:09.001Z,MOBILE,iOS
8c34badb-15d6-447d-a8af-16d55fb59d94,HP,2021-12-23T00:49:52.001Z,MOBILE,iOS
8c34badb-15d6-447d-a8af-16d55fb59d94,HP,2021-12-23T03:05:42.001Z,MOBILE,iOS
8c34badb-15d6-447d-a8af-16d55fb59d94,HP,2021-12-23T07:44:02.001Z,MOBILE,iOS
8c34badb-15d6-447d-a8af-16d55fb59d94,CL,2021-12-23T12:17:12.001Z,MOBILE,iOS
8c34badb-15d6-447d-a8af-16d55fb59d94,HP,2021-12-23T14:33:46.001Z,MOBILE,iOS
8c34badb-15d6-447d-a8af-16d55fb59d94,HP,2021-12-23T16:50:42.001Z,MOBILE,iOS
8c34badb-15d6-447d-a8af-16d55fb59d94,HP,2021-12-23T21:30:11.001Z,MOBILE,iOS
8c34badb-15d6-447d-a8af-16d55fb59d94,HP,2021-12-23T23:50:05.001Z,MOBILE,iOS
8c34badb-15d6-447d-a8af-16d55fb59d94,HP,2021-12-24T02:08:21.001Z,MOBILE,iOS
8c34badb-15d6-447d-a8af-16d55fb59d94,SCR,2021-12-24T04:27:12.001Z,MOBILE,iOS
8c34badb-15d6-447d-a8af-16d55fb59d94,HP,2021-12-24T06:44:59.001Z,MOBILE,iOS
8c34badb-15d6-447d-a8af-16d55fb59d94,HP,2021-12-24T09:04:48.001Z,MOBILE,iOS
8c34badb-15d6-447d-a8af-16d55fb59d94,HP,2021-12-24T11:22:44.001Z,MOBILE,iOS
8c34badb-15d6-447d-a8af-16d55fb59d94,HP,2021-12-24T18:19:08.001Z,MOBILE,iOS
8c34badb-15d6-447d-a8af-16d55fb59d94,HP,2021-12-24T22:54:46.001Z,MOBILE,iOS
8c34badb-15d6-447d-a8af-16d55fb59d94,HP,2021-12-25T03:29:11.001Z,MOBILE,iOS
8c34badb-15d6-447d-a8af-16d55fb59d94,SER,2021-12-25T05:45:56.001Z,MOBILE,iOS
8c34badb-15d6-447d-a8af-16d55fb59d94,HP,2021-12-25T08:06:08.001Z,MOBILE,iOS
8c34badb-15d6-447d-a8af-16d55fb59d94,HP,2021-12-25T10:25:55.001Z,MOBILE,iOS
8c34badb-15d6-447d-a8af-16d55fb59d94,HP,2021-12-25T12:42:27.001Z,MOBILE,iOS
8c34badb-15d6-447d-a8af-16d55fb59d94,HP,2021-12-25T15:00:05.001Z,MOBILE,iOS
8c34badb-15d6-447d-a8af-16d55fb59d94,HP,2021-12-25T17:19:01.001Z,MOBILE,iOS
8c34badb-15d6-447d-a8af-16d55fb59d94,HP,2021-12-25T19:36:59.001Z,MOBILE,iOS
8c34badb-15d6-447d-a8af-16d55fb59d94,HP,2021-12-25T21:54:50.001Z,MOBILE,iOS
8c34badb-15d6-447d-a8af-16d55fb59d94,HP,2021-12-26T00:12:05.001Z,MOBILE,iOS
8c34badb-15d6-447d-a8af-16d55fb59d94,HP,2021-12-26T09:20:20.001Z,MOBILE,iOS
8c34badb-15d6-447d-a8af-16d55fb59d94,HP,2021-12-26T11:37:18.001Z,MOBILE,iOS
8c34badb-15d6-447d-a8af-16d55fb59d94,HP,2021-12-26T13:54:19.001Z,MOBILE,iOS
8c34badb-15d6-447d-a8af-16d55fb59d94,HP,2021-12-26T16:14:14.001Z,MOBILE,iOS
8c34badb-15d6-447d-a8af-16d55fb59d94,HP,2021-12-26T23:08:22.001Z,MOBILE,iOS
8c34badb-15d6-447d-a8af-16d55fb59d94,HP,2021-12-27T01:27:08.001Z,MOBILE,iOS
8c34badb-15d6-447d-a8af-16d55fb59d94,HP,2021-12-27T03:44:16.001Z,MOBILE,iOS
8c34badb-15d6-447d-a8af-16d55fb59d94,HP,2021-12-27T06:01:36.001Z,MOBILE,iOS
8c34badb-15d6-447d-a8af-16d55fb59d94,HP,2021-12-27T08:18:29.001Z,MOBILE,iOS
8c34badb-15d6-447d-a8af-16d55fb59d94,HP,2021-12-27T10:40:09.001Z,MOBILE,iOS
8c34badb-15d6-447d-a8af-16d55fb59d94,HP,2021-12-27T13:00:49.001Z,MOBILE,iOS
8c34badb-15d6-447d-a8af-16d55fb59d94,HP,2021-12-27T15:20:32.001Z,MOBILE,iOS
8c34badb-15d6-447d-a8af-16d55fb59d94,HP,2021-12-27T19:56:22.001Z,MOBILE,iOS
8c34badb-15d6-447d-a8af-16d55fb59d94,HP,2021-12-27T22:13:27.001Z,MOBILE,iOS
8c34badb-15d6-447d-a8af-16d55fb59d94,HP,2021-12-28T00:32:12.001Z,MOBILE,iOS
8c34badb-15d6-447d-a8af-16d55fb59d94,HP,2021-12-28T02:47:45.001Z,MOBILE,iOS
8c34badb-15d6-447d-a8af-16d55fb59d94,HP,2021-12-28T07:24:46.001Z,MOBILE,iOS
8c34badb-15d6-447d-a8af-16d55fb59d94,HP,2021-12-28T09:43:15.001Z,MOBILE,iOS
8c34badb-15d6-447d-a8af-16d55fb59d94,SCR,2021-12-28T12:00:53.001Z,MOBILE,iOS
8c34badb-15d6-447d-a8af-16d55fb59d94,HP,2021-12-28T14:17:16.001Z,MOBILE,iOS
8c34badb-15d6-447d-a8af-16d55fb59d94,SCR,2021-12-28T16:32:57.001Z,MOBILE,iOS
8c34badb-15d6-447d-a8af-16d55fb59d94,HP,2021-12-28T18:50:20.001Z,MOBILE,iOS
8c34badb-15d6-447d-a8af-16d55fb59d94,HP,2021-12-28T21:07:40.001Z,MOBILE,iOS
8c34badb-15d6-447d-a8af-16d55fb59d94,HP,2021-12-28T23:27:26.001Z,MOBILE,iOS
8c34badb-15d6-447d-a8af-16d55fb59d94,HP,2021-12-29T01:46:14.001Z,MOBILE,iOS
8c34badb-15d6-447d-a8af-16d55fb59d94,HP,2021-12-29T06:24:32.001Z,MOBILE,iOS
8c34badb-15d6-447d-a8af-16d55fb59d94,HP,2021-12-29T10:59:09.001Z,MOBILE,iOS
8c34badb-15d6-447d-a8af-16d55fb59d94,HP,2021-12-29T13:16:29.001Z,MOBILE,iOS
8c34badb-15d6-447d-a8af-16d55fb59d94,SCR,2021-12-29T17:51:30.001Z,MOBILE,iOS
8c34badb-15d6-447d-a8af-16d55fb59d94,HP,2021-12-29T20:08:23.001Z,MOBILE,iOS
7007bf40-6cd4-48db-b8bd-5625bd825a6f,HP,2022-01-17T16:06:18.001Z,MOBILE,iOS
7007bf40-6cd4-48db-b8bd-5625bd825a6f,ATC,2022-01-18T17:54:05.001Z,MOBILE,iOS
7007bf40-6cd4-48db-b8bd-5625bd825a6f,CL,2022-01-18T17:50:55.001Z,MOBILE,iOS
7007bf40-6cd4-48db-b8bd-5625bd825a6f,ATC,2022-01-19T19:46:46.001Z,MOBILE,iOS
7007bf40-6cd4-48db-b8bd-5625bd825a6f,CL,2022-01-20T21:40:31.001Z,MOBILE,iOS
7007bf40-6cd4-48db-b8bd-5625bd825a6f,CL,2022-01-23T01:09:48.001Z,MOBILE,iOS
7007bf40-6cd4-48db-b8bd-5625bd825a6f,SER,2022-01-24T02:59:07.001Z,MOBILE,iOS
7007bf40-6cd4-48db-b8bd-5625bd825a6f,CL,2022-01-26T06:36:11.001Z,MOBILE,iOS
7007bf40-6cd4-48db-b8bd-5625bd825a6f,SER,2022-01-27T08:24:08.001Z,MOBILE,iOS
8c34badb-15d6-447d-a8af-16d55fb59d94,VI,2021-12-22T13:16:43.001Z,MOBILE,iOS
7007bf40-6cd4-48db-b8bd-5625bd825a6f,ATC,2022-01-28T10:00:36.001Z,MOBILE,iOS
7007bf40-6cd4-48db-b8bd-5625bd825a6f,CL,2022-01-30T13:24:07.001Z,MOBILE,iOS
7007bf40-6cd4-48db-b8bd-5625bd825a6f,CL,2022-02-02T18:27:57.001Z,MOBILE,iOS
7007bf40-6cd4-48db-b8bd-5625bd825a6f,VI,2022-01-29T11:39:13.001Z,MOBILE,iOS
7007bf40-6cd4-48db-b8bd-5625bd825a6f,VI,2022-01-31T15:06:49.001Z,MOBILE,iOS
4923453a-1a5b-4cc0-b37a-27cbb754e03f,HP,2021-09-23T00:55:09.897Z,MOBILE,Android
4923453a-1a5b-4cc0-b37a-27cbb754e03f,ATC,2021-09-23T02:59:59.897Z,MOBILE,Android
4923453a-1a5b-4cc0-b37a-27cbb754e03f,ATC,2021-09-23T05:06:22.897Z,MOBILE,Android
4923453a-1a5b-4cc0-b37a-27cbb754e03f,ATC,2021-09-23T07:08:12.897Z,MOBILE,Android
4923453a-1a5b-4cc0-b37a-27cbb754e03f,ATC,2021-09-23T09:13:00.897Z,MOBILE,Android
4923453a-1a5b-4cc0-b37a-27cbb754e03f,ATC,2021-09-23T11:17:55.897Z,MOBILE,Android
4923453a-1a5b-4cc0-b37a-27cbb754e03f,ATC,2021-09-23T13:22:40.897Z,MOBILE,Android
4923453a-1a5b-4cc0-b37a-27cbb754e03f,ATC,2021-09-23T15:26:14.897Z,MOBILE,Android
4923453a-1a5b-4cc0-b37a-27cbb754e03f,AP,2021-09-23T17:31:12.897Z,MOBILE,Android
4923453a-1a5b-4cc0-b37a-27cbb754e03f,CL,2021-09-23T02:59:40.897Z,MOBILE,Android
4923453a-1a5b-4cc0-b37a-27cbb754e03f,CL,2021-09-23T05:05:50.897Z,MOBILE,Android
4923453a-1a5b-4cc0-b37a-27cbb754e03f,CL,2021-09-23T07:11:29.897Z,MOBILE,Android
4923453a-1a5b-4cc0-b37a-27cbb754e03f,HP,2021-09-23T09:15:44.897Z,MOBILE,Android
4923453a-1a5b-4cc0-b37a-27cbb754e03f,SER,2021-09-23T13:21:34.897Z,MOBILE,Android
4923453a-1a5b-4cc0-b37a-27cbb754e03f,CL,2021-09-23T15:26:12.897Z,MOBILE,Android
4923453a-1a5b-4cc0-b37a-27cbb754e03f,CL,2021-09-23T17:30:59.897Z,MOBILE,Android
4923453a-1a5b-4cc0-b37a-27cbb754e03f,SER,2021-09-23T19:33:49.897Z,MOBILE,Android
4923453a-1a5b-4cc0-b37a-27cbb754e03f,HP,2021-09-23T23:41:10.897Z,MOBILE,Android
4923453a-1a5b-4cc0-b37a-27cbb754e03f,HP,2021-09-24T01:46:11.897Z,MOBILE,Android
9e4bad5f-7179-4fac-b70b-94603d00a438,HP,2021-12-11T00:16:22.897Z,MOBILE,Android
9e4bad5f-7179-4fac-b70b-94603d00a438,ATC,2021-12-12T13:43:28.897Z,MOBILE,Android
9e4bad5f-7179-4fac-b70b-94603d00a438,AP,2021-12-14T03:05:51.897Z,MOBILE,Android
9e4bad5f-7179-4fac-b70b-94603d00a438,SCR,2021-12-14T03:08:23.897Z,MOBILE,Android
9e4bad5f-7179-4fac-b70b-94603d00a438,SCR,2021-12-15T16:35:29.897Z,MOBILE,Android
4923453a-1a5b-4cc0-b37a-27cbb754e03f,VI,2021-09-23T21:37:02.897Z,MOBILE,Android
9e4bad5f-7179-4fac-b70b-94603d00a438,VI,2021-12-12T13:43:11.897Z,MOBILE,Android
9e4bad5f-7179-4fac-b70b-94603d00a438,VI,2021-12-17T06:10:04.897Z,MOBILE,Android
4619612b-c71b-4e2a-8f2d-f6597575556f,HP,2023-04-19T02:31:19.897Z,MOBILE,Android
4619612b-c71b-4e2a-8f2d-f6597575556f,ATC,2023-04-19T03:15:38.897Z,MOBILE,Android
4619612b-c71b-4e2a-8f2d-f6597575556f,HP,2023-04-19T03:16:01.897Z,MOBILE,Android
33f4ec0d-a644-4cba-ae2f-d7014a5373dd,HP,2023-11-23T12:27:48.897Z,MOBILE,Android
33f4ec0d-a644-4cba-ae2f-d7014a5373dd,ATC,2023-11-23T23:28:19.897Z,MOBILE,Android
33f4ec0d-a644-4cba-ae2f-d7014a5373dd,SER,2023-11-24T10:28:53.897Z,MOBILE,Android
33f4ec0d-a644-4cba-ae2f-d7014a5373dd,HP,2023-11-29T12:47:34.897Z,MOBILE,Android
33f4ec0d-a644-4cba-ae2f-d7014a5373dd,SCR,2023-12-07T22:11:02.897Z,MOBILE,Android
33f4ec0d-a644-4cba-ae2f-d7014a5373dd,CL,2023-12-12T02:42:38.897Z,MOBILE,Android
33f4ec0d-a644-4cba-ae2f-d7014a5373dd,CL,2023-12-16T06:59:32.897Z,MOBILE,Android
33f4ec0d-a644-4cba-ae2f-d7014a5373dd,VI,2023-11-23T23:30:01.897Z,MOBILE,Android
627cdc6e-d488-4dc4-9749-c0e03c5021d8,HP,2022-12-02T09:42:08.387Z,MOBILE,Android
627cdc6e-d488-4dc4-9749-c0e03c5021d8,ATC,2022-12-02T19:50:01.387Z,MOBILE,Android
627cdc6e-d488-4dc4-9749-c0e03c5021d8,SER,2022-12-02T20:00:28.387Z,MOBILE,Android
627cdc6e-d488-4dc4-9749-c0e03c5021d8,CL,2022-12-03T06:09:45.387Z,MOBILE,Android
627cdc6e-d488-4dc4-9749-c0e03c5021d8,CL,2022-12-04T12:42:54.387Z,MOBILE,Android
627cdc6e-d488-4dc4-9749-c0e03c5021d8,CL,2022-12-05T09:04:32.387Z,MOBILE,Android
627cdc6e-d488-4dc4-9749-c0e03c5021d8,CL,2022-12-05T19:18:58.387Z,MOBILE,Android
627cdc6e-d488-4dc4-9749-c0e03c5021d8,SCR,2022-12-06T05:32:02.387Z,MOBILE,Android
627cdc6e-d488-4dc4-9749-c0e03c5021d8,CL,2022-12-06T15:42:13.387Z,MOBILE,Android
627cdc6e-d488-4dc4-9749-c0e03c5021d8,SER,2022-12-07T01:55:26.387Z,MOBILE,Android
627cdc6e-d488-4dc4-9749-c0e03c5021d8,HP,2022-12-07T12:06:23.387Z,MOBILE,Android
627cdc6e-d488-4dc4-9749-c0e03c5021d8,SCR,2022-12-07T22:14:05.387Z,MOBILE,Android
627cdc6e-d488-4dc4-9749-c0e03c5021d8,CL,2022-12-08T08:31:59.387Z,MOBILE,Android
627cdc6e-d488-4dc4-9749-c0e03c5021d8,SCR,2022-12-08T18:39:40.387Z,MOBILE,Android
627cdc6e-d488-4dc4-9749-c0e03c5021d8,VI,2022-12-03T16:19:47.387Z,MOBILE,Android
627cdc6e-d488-4dc4-9749-c0e03c5021d8,VI,2022-12-04T02:26:59.387Z,MOBILE,Android
627cdc6e-d488-4dc4-9749-c0e03c5021d8,VI,2022-12-04T22:55:17.387Z,MOBILE,Android
627cdc6e-d488-4dc4-9749-c0e03c5021d8,VI,2022-12-09T04:45:58.387Z,MOBILE,Android
865604dd-5a57-4e47-ab0e-872a01cf6d38,CL,2020-05-04T07:06:46.189Z,MOBILE,Android
865604dd-5a57-4e47-ab0e-872a01cf6d38,HP,2020-05-03T04:22:16.189Z,MOBILE,Android
865604dd-5a57-4e47-ab0e-872a01cf6d38,ATC,2020-05-04T07:10:46.189Z,MOBILE,Android
865604dd-5a57-4e47-ab0e-872a01cf6d38,AP,2020-05-05T09:55:10.189Z,MOBILE,Android
865604dd-5a57-4e47-ab0e-872a01cf6d38,CL,2020-05-05T09:44:54.189Z,MOBILE,Android
865604dd-5a57-4e47-ab0e-872a01cf6d38,ATC,2020-05-06T12:26:26.189Z,MOBILE,Android
865604dd-5a57-4e47-ab0e-872a01cf6d38,SER,2020-05-07T15:05:36.189Z,MOBILE,Android
865604dd-5a57-4e47-ab0e-872a01cf6d38,SER,2020-05-08T17:57:38.189Z,MOBILE,Android
8de4826c-6771-4c07-9d72-1535d4ab9d18,HP,2022-10-08T21:35:54.157Z,MOBILE,Android
8de4826c-6771-4c07-9d72-1535d4ab9d18,ATC,2022-10-08T21:44:34.157Z,MOBILE,Android
8de4826c-6771-4c07-9d72-1535d4ab9d18,ATC,2022-10-08T21:53:25.157Z,MOBILE,Android
8de4826c-6771-4c07-9d72-1535d4ab9d18,SCR,2022-10-08T21:44:37.157Z,MOBILE,Android
8de4826c-6771-4c07-9d72-1535d4ab9d18,SCR,2022-10-08T21:53:17.157Z,MOBILE,Android
8de4826c-6771-4c07-9d72-1535d4ab9d18,CL,2022-10-08T22:02:46.157Z,MOBILE,Android
8de4826c-6771-4c07-9d72-1535d4ab9d18,CL,2022-10-21T15:25:51.072Z,MOBILE,Android
c71a6bd7-2f98-47d0-91fa-d185844a54ac,HP,2023-02-11T00:17:21.072Z,WEB,Android
c71a6bd7-2f98-47d0-91fa-d185844a54ac,ATC,2023-02-11T03:35:55.072Z,WEB,Android
c71a6bd7-2f98-47d0-91fa-d185844a54ac,HP,2023-02-11T07:03:13.072Z,WEB,Android
c71a6bd7-2f98-47d0-91fa-d185844a54ac,CL,2023-02-11T10:25:11.072Z,WEB,Android
c71a6bd7-2f98-47d0-91fa-d185844a54ac,HP,2023-02-11T17:06:59.072Z,WEB,Android
884fb75e-d520-429b-a08e-fb78254ed30d,HP,2023-07-19T11:45:47.072Z,MOBILE,Android
884fb75e-d520-429b-a08e-fb78254ed30d,ATC,2023-07-20T16:04:56.072Z,MOBILE,Android
884fb75e-d520-429b-a08e-fb78254ed30d,AP,2023-07-21T20:20:05.072Z,MOBILE,Android
884fb75e-d520-429b-a08e-fb78254ed30d,CL,2023-07-20T16:07:29.072Z,MOBILE,Android
884fb75e-d520-429b-a08e-fb78254ed30d,CL,2023-07-21T20:37:23.072Z,MOBILE,Android
884fb75e-d520-429b-a08e-fb78254ed30d,HP,2023-07-25T09:23:57.072Z,MOBILE,Android
884fb75e-d520-429b-a08e-fb78254ed30d,CL,2023-07-26T13:40:51.072Z,MOBILE,Android
884fb75e-d520-429b-a08e-fb78254ed30d,VI,2023-07-23T00:48:29.072Z,MOBILE,Android
d5c5244d-d614-498a-b62b-fdd2b229057e,HP,2023-12-22T19:16:47.192Z,MOBILE,Android
d5c5244d-d614-498a-b62b-fdd2b229057e,ATC,2023-12-22T22:11:33.192Z,MOBILE,Android
d5c5244d-d614-498a-b62b-fdd2b229057e,SER,2023-12-22T22:12:15.192Z,MOBILE,Android
d5c5244d-d614-498a-b62b-fdd2b229057e,CL,2023-12-23T01:05:27.192Z,MOBILE,Android
d5c5244d-d614-498a-b62b-fdd2b229057e,CL,2023-12-23T04:02:01.192Z,MOBILE,Android
d5c5244d-d614-498a-b62b-fdd2b229057e,CL,2023-12-23T06:57:23.192Z,MOBILE,Android
d5c5244d-d614-498a-b62b-fdd2b229057e,SCR,2023-12-23T09:55:11.192Z,MOBILE,Android
d5c5244d-d614-498a-b62b-fdd2b229057e,SER,2023-12-23T12:49:16.192Z,MOBILE,Android
d5c5244d-d614-498a-b62b-fdd2b229057e,CL,2023-12-23T15:43:46.192Z,MOBILE,Android
d5c5244d-d614-498a-b62b-fdd2b229057e,CL,2023-12-23T18:39:06.192Z,MOBILE,Android
d5c5244d-d614-498a-b62b-fdd2b229057e,ATC,2023-12-23T21:32:50.192Z,MOBILE,Android
d5c5244d-d614-498a-b62b-fdd2b229057e,SER,2023-12-24T00:27:07.192Z,MOBILE,Android
d5c5244d-d614-498a-b62b-fdd2b229057e,SCR,2023-12-24T03:23:38.192Z,MOBILE,Android
d5c5244d-d614-498a-b62b-fdd2b229057e,HP,2023-12-24T06:18:33.192Z,MOBILE,Android
d5c5244d-d614-498a-b62b-fdd2b229057e,CL,2023-12-24T09:12:19.192Z,MOBILE,Android
d5c5244d-d614-498a-b62b-fdd2b229057e,SCR,2023-12-24T12:06:24.192Z,MOBILE,Android
d5c5244d-d614-498a-b62b-fdd2b229057e,ATC,2023-12-24T17:58:45.192Z,MOBILE,Android
d5c5244d-d614-498a-b62b-fdd2b229057e,SER,2023-12-24T20:56:27.192Z,MOBILE,Android
d5c5244d-d614-498a-b62b-fdd2b229057e,SCR,2023-12-24T23:49:56.192Z,MOBILE,Android
d5c5244d-d614-498a-b62b-fdd2b229057e,ATC,2023-12-25T02:45:25.192Z,MOBILE,Android
d5c5244d-d614-498a-b62b-fdd2b229057e,CL,2023-12-25T05:39:11.192Z,MOBILE,Android
d5c5244d-d614-498a-b62b-fdd2b229057e,ATC,2023-12-25T08:36:22.192Z,MOBILE,Android
d5c5244d-d614-498a-b62b-fdd2b229057e,VI,2023-12-24T15:02:05.192Z,MOBILE,Android
074eaff4-709d-4d48-a578-56a551359393,HP,2021-03-29T22:37:14.187Z,MOBILE,Android
074eaff4-709d-4d48-a578-56a551359393,ATC,2021-04-01T00:00:23.187Z,MOBILE,Android
074eaff4-709d-4d48-a578-56a551359393,CL,2021-04-01T00:08:48.187Z,MOBILE,Android
074eaff4-709d-4d48-a578-56a551359393,SER,2021-04-03T01:32:07.187Z,MOBILE,Android
074eaff4-709d-4d48-a578-56a551359393,CL,2021-04-05T02:42:15.187Z,MOBILE,Android
074eaff4-709d-4d48-a578-56a551359393,CL,2021-04-07T04:09:31.187Z,MOBILE,Android
074eaff4-709d-4d48-a578-56a551359393,CL,2021-04-09T05:51:58.187Z,MOBILE,Android
9f6db2a6-5a95-4561-bb8e-e116d9c8b47e,HP,2022-06-24T20:55:39.187Z,MOBILE,Android
9f6db2a6-5a95-4561-bb8e-e116d9c8b47e,ATC,2022-06-26T01:25:26.187Z,MOBILE,Android
9f6db2a6-5a95-4561-bb8e-e116d9c8b47e,AP,2022-06-27T06:03:38.187Z,MOBILE,Android
9f6db2a6-5a95-4561-bb8e-e116d9c8b47e,SCR,2022-06-26T01:39:11.187Z,MOBILE,Android
9f6db2a6-5a95-4561-bb8e-e116d9c8b47e,SER,2022-06-27T06:03:50.187Z,MOBILE,Android
9f6db2a6-5a95-4561-bb8e-e116d9c8b47e,SER,2022-06-28T10:31:45.187Z,MOBILE,Android
9f6db2a6-5a95-4561-bb8e-e116d9c8b47e,CL,2022-06-30T19:16:11.187Z,MOBILE,Android
9f6db2a6-5a95-4561-bb8e-e116d9c8b47e,HP,2022-07-03T04:07:38.187Z,MOBILE,Android
9f6db2a6-5a95-4561-bb8e-e116d9c8b47e,HP,2022-07-04T08:34:19.187Z,MOBILE,Android
9f6db2a6-5a95-4561-bb8e-e116d9c8b47e,CL,2022-07-05T12:54:41.187Z,MOBILE,Android
9f6db2a6-5a95-4561-bb8e-e116d9c8b47e,SCR,2022-07-06T17:24:03.187Z,MOBILE,Android
9f6db2a6-5a95-4561-bb8e-e116d9c8b47e,SCR,2022-07-07T21:44:45.187Z,MOBILE,Android
b8f6279b-6f04-4595-a366-c51b527da577,HP,2022-11-07T14:54:26.187Z,MOBILE,Android
b8f6279b-6f04-4595-a366-c51b527da577,ATC,2022-11-08T20:25:41.187Z,MOBILE,Android
b8f6279b-6f04-4595-a366-c51b527da577,AP,2022-11-10T02:07:57.187Z,MOBILE,Android
b8f6279b-6f04-4595-a366-c51b527da577,CL,2022-11-10T02:12:52.187Z,MOBILE,Android
b8f6279b-6f04-4595-a366-c51b527da577,CL,2022-11-11T07:46:58.187Z,MOBILE,Android
b8f6279b-6f04-4595-a366-c51b527da577,SER,2022-11-12T13:24:01.187Z,MOBILE,Android
b8f6279b-6f04-4595-a366-c51b527da577,SCR,2022-11-13T18:49:50.187Z,MOBILE,Android
b8f6279b-6f04-4595-a366-c51b527da577,SCR,2022-11-15T00:15:44.187Z,MOBILE,Android
b8f6279b-6f04-4595-a366-c51b527da577,SCR,2022-11-17T11:15:50.187Z,MOBILE,Android
b8f6279b-6f04-4595-a366-c51b527da577,SCR,2022-11-18T16:56:20.187Z,MOBILE,Android
b8f6279b-6f04-4595-a366-c51b527da577,SCR,2022-11-19T22:30:35.187Z,MOBILE,Android
b8f6279b-6f04-4595-a366-c51b527da577,HP,2022-11-23T14:58:01.187Z,MOBILE,Android
b8f6279b-6f04-4595-a366-c51b527da577,CL,2022-11-24T20:29:51.187Z,MOBILE,Android
f3b3a582-75e3-4949-b057-c07ff1a5fb0c,HP,2023-03-24T05:01:22.187Z,MOBILE,Android
f3b3a582-75e3-4949-b057-c07ff1a5fb0c,ATC,2023-03-29T02:24:13.187Z,MOBILE,Android
f3b3a582-75e3-4949-b057-c07ff1a5fb0c,CL,2023-04-07T21:28:53.187Z,MOBILE,Android
f3b3a582-75e3-4949-b057-c07ff1a5fb0c,CL,2023-05-08T10:05:53.187Z,MOBILE,Android
f3b3a582-75e3-4949-b057-c07ff1a5fb0c,CL,2023-05-18T19:46:31.187Z,MOBILE,Android
1c3e84c9-c85e-4ba5-aee5-bc4e1ed86b47,HP,2019-09-15T05:56:03.334Z,MOBILE,Android
1c3e84c9-c85e-4ba5-aee5-bc4e1ed86b47,ATC,2019-09-18T14:34:39.334Z,MOBILE,Android
1c3e84c9-c85e-4ba5-aee5-bc4e1ed86b47,CL,2019-09-18T14:37:49.334Z,MOBILE,Android
1c3e84c9-c85e-4ba5-aee5-bc4e1ed86b47,SCR,2019-09-21T23:08:05.334Z,MOBILE,Android
1c3e84c9-c85e-4ba5-aee5-bc4e1ed86b47,ATC,2019-09-25T07:49:05.334Z,MOBILE,Android
1c3e84c9-c85e-4ba5-aee5-bc4e1ed86b47,ATC,2019-09-28T16:11:32.334Z,MOBILE,Android
1c3e84c9-c85e-4ba5-aee5-bc4e1ed86b47,CL,2019-10-02T00:33:10.334Z,MOBILE,Android
27158506-57c5-4777-99f0-76cd1cd58a59,HP,2019-12-14T15:00:39.334Z,MOBILE,Android
27158506-57c5-4777-99f0-76cd1cd58a59,ATC,2019-12-19T15:42:37.334Z,MOBILE,Android
27158506-57c5-4777-99f0-76cd1cd58a59,CL,2019-12-19T15:47:59.334Z,MOBILE,Android
27158506-57c5-4777-99f0-76cd1cd58a59,CL,2019-12-24T17:00:02.334Z,MOBILE,Android
27158506-57c5-4777-99f0-76cd1cd58a59,SCR,2019-12-29T17:47:59.334Z,MOBILE,Android
84b87f44-1b38-4bdf-b94e-2e53bde20539,HP,2020-06-02T13:15:52.437Z,MOBILE,Android
84b87f44-1b38-4bdf-b94e-2e53bde20539,ATC,2020-06-02T13:42:36.437Z,MOBILE,Android
84b87f44-1b38-4bdf-b94e-2e53bde20539,CL,2020-06-02T13:44:09.437Z,MOBILE,Android
84b87f44-1b38-4bdf-b94e-2e53bde20539,ATC,2020-06-02T14:11:56.437Z,MOBILE,Android
64eff5f5-d1a2-411f-b1c0-321d7df469ab,HP,2022-06-18T13:46:37.337Z,MOBILE,Android
64eff5f5-d1a2-411f-b1c0-321d7df469ab,ATC,2022-06-21T16:42:04.337Z,MOBILE,Android
64eff5f5-d1a2-411f-b1c0-321d7df469ab,CL,2022-06-21T16:28:12.337Z,MOBILE,Android
8dbce60d-3a4f-4137-8c6b-5e58414d8bdb,HP,2022-10-31T13:46:27.337Z,MOBILE,Android
8dbce60d-3a4f-4137-8c6b-5e58414d8bdb,ATC,2022-11-03T14:22:46.337Z,MOBILE,Android
8dbce60d-3a4f-4137-8c6b-5e58414d8bdb,ATC,2022-11-06T15:04:55.337Z,MOBILE,Android
8dbce60d-3a4f-4137-8c6b-5e58414d8bdb,AP,2022-11-09T15:40:02.337Z,MOBILE,Android
8dbce60d-3a4f-4137-8c6b-5e58414d8bdb,ATC,2022-11-06T15:04:20.337Z,MOBILE,Android
8dbce60d-3a4f-4137-8c6b-5e58414d8bdb,ATC,2022-11-09T15:49:20.337Z,MOBILE,Android
8dbce60d-3a4f-4137-8c6b-5e58414d8bdb,ATC,2022-11-12T16:40:32.337Z,MOBILE,Android
8dbce60d-3a4f-4137-8c6b-5e58414d8bdb,HP,2022-11-15T17:16:03.337Z,MOBILE,Android
8dbce60d-3a4f-4137-8c6b-5e58414d8bdb,SER,2022-11-18T18:02:29.337Z,MOBILE,Android
8dbce60d-3a4f-4137-8c6b-5e58414d8bdb,SCR,2022-11-21T18:45:47.337Z,MOBILE,Android
8dbce60d-3a4f-4137-8c6b-5e58414d8bdb,SCR,2022-11-24T19:17:56.337Z,MOBILE,Android
8dbce60d-3a4f-4137-8c6b-5e58414d8bdb,CL,2022-11-27T19:50:11.337Z,MOBILE,Android
5636c5d7-778b-462f-9f74-8940968796ed,HP,2023-08-04T18:57:16.337Z,MOBILE,Android
5636c5d7-778b-462f-9f74-8940968796ed,ATC,2023-08-08T06:08:02.337Z,MOBILE,Android
5636c5d7-778b-462f-9f74-8940968796ed,AP,2023-08-11T17:00:29.337Z,MOBILE,Android
5636c5d7-778b-462f-9f74-8940968796ed,ATC,2023-08-08T05:55:24.337Z,MOBILE,Android
64eff5f5-d1a2-411f-b1c0-321d7df469ab,CO,2022-06-27T21:48:14.337Z,MOBILE,Android
8dbce60d-3a4f-4137-8c6b-5e58414d8bdb,VI,2022-11-03T14:21:24.337Z,MOBILE,Android
8dbce60d-3a4f-4137-8c6b-5e58414d8bdb,VI,2022-11-30T20:22:47.337Z,MOBILE,Android
e3183093-be35-47aa-bc60-71ad6c0e4a19,HP,2023-10-11T05:07:30.345Z,MOBILE,Android
e3183093-be35-47aa-bc60-71ad6c0e4a19,ATC,2023-10-11T09:14:23.345Z,MOBILE,Android
e3183093-be35-47aa-bc60-71ad6c0e4a19,AP,2023-10-11T13:20:25.345Z,MOBILE,Android
e3183093-be35-47aa-bc60-71ad6c0e4a19,SCR,2023-10-11T09:13:38.345Z,MOBILE,Android
e3183093-be35-47aa-bc60-71ad6c0e4a19,CL,2023-10-11T13:21:15.345Z,MOBILE,Android
e3183093-be35-47aa-bc60-71ad6c0e4a19,CL,2023-10-11T17:28:02.345Z,MOBILE,Android
e3183093-be35-47aa-bc60-71ad6c0e4a19,CL,2023-10-11T21:35:11.345Z,MOBILE,Android
e3183093-be35-47aa-bc60-71ad6c0e4a19,CL,2023-10-12T01:43:04.345Z,MOBILE,Android
e3183093-be35-47aa-bc60-71ad6c0e4a19,SER,2023-10-12T05:49:17.345Z,MOBILE,Android
e3183093-be35-47aa-bc60-71ad6c0e4a19,SER,2023-10-12T09:59:21.345Z,MOBILE,Android
e3183093-be35-47aa-bc60-71ad6c0e4a19,CL,2023-10-12T14:06:45.345Z,MOBILE,Android
e3183093-be35-47aa-bc60-71ad6c0e4a19,SER,2023-10-12T18:12:10.345Z,MOBILE,Android
e3183093-be35-47aa-bc60-71ad6c0e4a19,CL,2023-10-12T22:20:53.345Z,MOBILE,Android
e3183093-be35-47aa-bc60-71ad6c0e4a19,CL,2023-10-13T02:29:04.345Z,MOBILE,Android
e3183093-be35-47aa-bc60-71ad6c0e4a19,SER,2023-10-13T06:39:07.345Z,MOBILE,Android
e3183093-be35-47aa-bc60-71ad6c0e4a19,CL,2023-10-13T10:45:02.345Z,MOBILE,Android
d9508057-851a-43fc-a03a-5a2c21fd1b6f,HP,2022-07-13T13:04:52.085Z,MOBILE,Android
d9508057-851a-43fc-a03a-5a2c21fd1b6f,ATC,2022-07-15T00:58:32.085Z,MOBILE,Android
d9508057-851a-43fc-a03a-5a2c21fd1b6f,SER,2022-07-15T00:56:10.085Z,MOBILE,Android
d9508057-851a-43fc-a03a-5a2c21fd1b6f,HP,2022-07-18T00:48:09.085Z,MOBILE,Android
d9508057-851a-43fc-a03a-5a2c21fd1b6f,SER,2022-07-19T12:38:42.085Z,MOBILE,Android
d9508057-851a-43fc-a03a-5a2c21fd1b6f,CL,2022-07-21T00:28:05.085Z,MOBILE,Android
d9508057-851a-43fc-a03a-5a2c21fd1b6f,VI,2022-07-16T12:52:52.085Z,MOBILE,Android
7a859a3f-1419-43a3-9211-8f84e9b293d8,HP,2023-04-24T13:33:10.782Z,MOBILE,Android
7a859a3f-1419-43a3-9211-8f84e9b293d8,ATC,2023-04-28T04:35:46.782Z,MOBILE,Android
ad5974ec-1c91-44fa-8a52-b50660ffa660,HP,2019-07-21T21:13:16.019Z,MOBILE,Android
ad5974ec-1c91-44fa-8a52-b50660ffa660,ATC,2019-07-21T23:48:06.019Z,MOBILE,Android
ad5974ec-1c91-44fa-8a52-b50660ffa660,CL,2019-07-21T23:49:40.019Z,MOBILE,Android
ad5974ec-1c91-44fa-8a52-b50660ffa660,SCR,2019-07-22T05:02:51.019Z,MOBILE,Android
ad5974ec-1c91-44fa-8a52-b50660ffa660,CL,2019-07-22T07:39:12.019Z,MOBILE,Android
ad5974ec-1c91-44fa-8a52-b50660ffa660,SCR,2019-07-22T10:14:08.019Z,MOBILE,Android
ad5974ec-1c91-44fa-8a52-b50660ffa660,HP,2019-07-22T15:30:15.019Z,MOBILE,Android
ad5974ec-1c91-44fa-8a52-b50660ffa660,SCR,2019-07-22T18:05:20.019Z,MOBILE,Android
ad5974ec-1c91-44fa-8a52-b50660ffa660,HP,2019-07-22T23:19:07.019Z,MOBILE,Android
ad5974ec-1c91-44fa-8a52-b50660ffa660,CL,2019-07-23T01:56:12.019Z,MOBILE,Android
ad5974ec-1c91-44fa-8a52-b50660ffa660,SER,2019-07-23T04:31:41.019Z,MOBILE,Android
ad5974ec-1c91-44fa-8a52-b50660ffa660,SCR,2019-07-23T07:09:06.019Z,MOBILE,Android
ad5974ec-1c91-44fa-8a52-b50660ffa660,HP,2019-07-23T09:45:19.019Z,MOBILE,Android
ad5974ec-1c91-44fa-8a52-b50660ffa660,HP,2019-07-23T12:20:25.019Z,MOBILE,Android
ad5974ec-1c91-44fa-8a52-b50660ffa660,CL,2019-07-23T17:29:47.019Z,MOBILE,Android
ad5974ec-1c91-44fa-8a52-b50660ffa660,CL,2019-07-23T22:36:36.019Z,MOBILE,Android
ad5974ec-1c91-44fa-8a52-b50660ffa660,SER,2019-07-24T06:25:36.019Z,MOBILE,Android
ad5974ec-1c91-44fa-8a52-b50660ffa660,SER,2019-07-24T09:03:29.019Z,MOBILE,Android
ad5974ec-1c91-44fa-8a52-b50660ffa660,SCR,2019-07-24T14:14:44.019Z,MOBILE,Android
ad5974ec-1c91-44fa-8a52-b50660ffa660,SER,2019-07-24T16:52:19.019Z,MOBILE,Android
ad5974ec-1c91-44fa-8a52-b50660ffa660,SER,2019-07-24T19:25:50.019Z,MOBILE,Android
947347bd-5a4c-403a-b0f8-fcbfda16b567,HP,2020-02-25T03:50:17.019Z,WEB,Android
947347bd-5a4c-403a-b0f8-fcbfda16b567,ATC,2020-02-25T14:39:56.019Z,WEB,Android
947347bd-5a4c-403a-b0f8-fcbfda16b567,AP,2020-02-26T01:35:57.019Z,WEB,Android
947347bd-5a4c-403a-b0f8-fcbfda16b567,CL,2020-02-25T14:35:22.019Z,WEB,Android
947347bd-5a4c-403a-b0f8-fcbfda16b567,SER,2020-02-26T12:21:31.019Z,WEB,Android
947347bd-5a4c-403a-b0f8-fcbfda16b567,HP,2020-02-27T10:04:22.019Z,WEB,Android
947347bd-5a4c-403a-b0f8-fcbfda16b567,SCR,2020-02-27T20:49:36.019Z,WEB,Android
947347bd-5a4c-403a-b0f8-fcbfda16b567,HP,2020-02-28T07:36:12.019Z,WEB,Android
947347bd-5a4c-403a-b0f8-fcbfda16b567,VI,2020-02-26T01:30:18.019Z,WEB,Android
947347bd-5a4c-403a-b0f8-fcbfda16b567,VI,2020-03-27T03:06:05.019Z,WEB,Android
bcca21af-bbf1-4f55-b819-e16a1a7e790a,HP,2021-10-06T08:21:59.878Z,MOBILE,Android
bcca21af-bbf1-4f55-b819-e16a1a7e790a,ATC,2021-10-06T19:46:24.878Z,MOBILE,Android
bcca21af-bbf1-4f55-b819-e16a1a7e790a,CL,2021-10-06T19:46:48.878Z,MOBILE,Android
bcca21af-bbf1-4f55-b819-e16a1a7e790a,CL,2021-10-07T18:39:28.878Z,MOBILE,Android
bcca21af-bbf1-4f55-b819-e16a1a7e790a,SCR,2021-10-08T06:02:53.878Z,MOBILE,Android
bcca21af-bbf1-4f55-b819-e16a1a7e790a,SER,2021-10-08T17:30:04.878Z,MOBILE,Android
bcca21af-bbf1-4f55-b819-e16a1a7e790a,CL,2021-10-09T05:01:22.878Z,MOBILE,Android
bcca21af-bbf1-4f55-b819-e16a1a7e790a,CL,2021-10-09T16:29:49.878Z,MOBILE,Android
bcca21af-bbf1-4f55-b819-e16a1a7e790a,SER,2021-10-10T03:54:30.878Z,MOBILE,Android
bcca21af-bbf1-4f55-b819-e16a1a7e790a,CL,2021-10-11T14:15:17.878Z,MOBILE,Android
bcca21af-bbf1-4f55-b819-e16a1a7e790a,CL,2021-10-12T01:39:15.878Z,MOBILE,Android
bcca21af-bbf1-4f55-b819-e16a1a7e790a,SER,2021-10-12T13:07:28.878Z,MOBILE,Android
bcca21af-bbf1-4f55-b819-e16a1a7e790a,CL,2021-10-13T00:31:20.878Z,MOBILE,Android
bcca21af-bbf1-4f55-b819-e16a1a7e790a,CL,2021-10-13T11:54:12.878Z,MOBILE,Android
bcca21af-bbf1-4f55-b819-e16a1a7e790a,HP,2021-10-13T23:17:35.878Z,MOBILE,Android
bcca21af-bbf1-4f55-b819-e16a1a7e790a,SER,2021-10-14T10:48:31.878Z,MOBILE,Android
bcca21af-bbf1-4f55-b819-e16a1a7e790a,HP,2021-10-15T09:48:22.878Z,MOBILE,Android
bcca21af-bbf1-4f55-b819-e16a1a7e790a,CL,2021-10-15T21:11:34.878Z,MOBILE,Android
bcca21af-bbf1-4f55-b819-e16a1a7e790a,SER,2021-10-16T08:35:16.878Z,MOBILE,Android
bcca21af-bbf1-4f55-b819-e16a1a7e790a,HP,2021-10-16T20:03:41.878Z,MOBILE,Android
bcca21af-bbf1-4f55-b819-e16a1a7e790a,SCR,2021-10-17T07:24:46.878Z,MOBILE,Android
bcca21af-bbf1-4f55-b819-e16a1a7e790a,SCR,2021-10-17T18:50:34.878Z,MOBILE,Android
bcca21af-bbf1-4f55-b819-e16a1a7e790a,SER,2021-10-18T17:35:30.878Z,MOBILE,Android
bcca21af-bbf1-4f55-b819-e16a1a7e790a,SER,2021-10-19T05:01:51.878Z,MOBILE,Android
bcca21af-bbf1-4f55-b819-e16a1a7e790a,SCR,2021-10-19T16:23:22.878Z,MOBILE,Android
bcca21af-bbf1-4f55-b819-e16a1a7e790a,HP,2021-10-20T03:49:21.878Z,MOBILE,Android
bcca21af-bbf1-4f55-b819-e16a1a7e790a,CL,2021-10-20T15:16:09.878Z,MOBILE,Android
bcca21af-bbf1-4f55-b819-e16a1a7e790a,SCR,2021-10-21T02:52:01.878Z,MOBILE,Android
bcca21af-bbf1-4f55-b819-e16a1a7e790a,SER,2021-10-21T14:22:37.878Z,MOBILE,Android
bcca21af-bbf1-4f55-b819-e16a1a7e790a,SCR,2021-10-22T01:47:46.878Z,MOBILE,Android
bcca21af-bbf1-4f55-b819-e16a1a7e790a,HP,2021-10-22T13:14:01.878Z,MOBILE,Android
bcca21af-bbf1-4f55-b819-e16a1a7e790a,CL,2021-10-23T00:37:34.878Z,MOBILE,Android
bcca21af-bbf1-4f55-b819-e16a1a7e790a,CL,2021-10-23T12:02:45.878Z,MOBILE,Android
bcca21af-bbf1-4f55-b819-e16a1a7e790a,CL,2021-10-23T23:31:06.878Z,MOBILE,Android
bcca21af-bbf1-4f55-b819-e16a1a7e790a,CL,2021-10-26T03:27:29.878Z,MOBILE,Android
bcca21af-bbf1-4f55-b819-e16a1a7e790a,VI,2021-10-18T06:12:27.878Z,MOBILE,Android
821a4539-983e-4305-a053-77763f89d95f,HP,2022-10-15T01:40:52.878Z,WEB,Android
821a4539-983e-4305-a053-77763f89d95f,ATC,2022-10-16T09:57:07.878Z,WEB,Android
821a4539-983e-4305-a053-77763f89d95f,CL,2022-10-16T09:46:36.878Z,WEB,Android
821a4539-983e-4305-a053-77763f89d95f,SCR,2022-10-19T02:19:06.878Z,WEB,Android
821a4539-983e-4305-a053-77763f89d95f,VI,2022-10-17T18:00:10.878Z,WEB,Android
821a4539-983e-4305-a053-77763f89d95f,VI,2022-10-20T10:38:59.878Z,WEB,Android
771b984a-a338-4c12-a61b-4c8e6dc2c3ae,HP,2019-03-05T06:41:31.327Z,MOBILE,Android
771b984a-a338-4c12-a61b-4c8e6dc2c3ae,ATC,2019-03-05T06:43:30.327Z,MOBILE,Android
771b984a-a338-4c12-a61b-4c8e6dc2c3ae,AP,2019-03-05T06:45:13.327Z,MOBILE,Android
771b984a-a338-4c12-a61b-4c8e6dc2c3ae,HP,2019-03-05T06:43:10.327Z,MOBILE,Android
771b984a-a338-4c12-a61b-4c8e6dc2c3ae,SER,2019-03-05T06:45:01.327Z,MOBILE,Android
771b984a-a338-4c12-a61b-4c8e6dc2c3ae,HP,2019-03-05T06:48:22.327Z,MOBILE,Android
771b984a-a338-4c12-a61b-4c8e6dc2c3ae,HP,2019-03-05T06:49:49.327Z,MOBILE,Android
771b984a-a338-4c12-a61b-4c8e6dc2c3ae,ATC,2019-03-05T06:51:33.327Z,MOBILE,Android
771b984a-a338-4c12-a61b-4c8e6dc2c3ae,SCR,2019-03-05T06:52:46.327Z,MOBILE,Android
771b984a-a338-4c12-a61b-4c8e6dc2c3ae,ATC,2019-03-05T06:54:28.327Z,MOBILE,Android
771b984a-a338-4c12-a61b-4c8e6dc2c3ae,CL,2019-03-05T06:57:39.327Z,MOBILE,Android
771b984a-a338-4c12-a61b-4c8e6dc2c3ae,ATC,2019-03-05T06:59:15.327Z,MOBILE,Android
771b984a-a338-4c12-a61b-4c8e6dc2c3ae,CL,2019-03-05T07:00:48.327Z,MOBILE,Android
771b984a-a338-4c12-a61b-4c8e6dc2c3ae,ATC,2019-03-05T07:02:09.327Z,MOBILE,Android
771b984a-a338-4c12-a61b-4c8e6dc2c3ae,ATC,2019-03-05T07:03:52.327Z,MOBILE,Android
771b984a-a338-4c12-a61b-4c8e6dc2c3ae,SER,2019-03-05T07:05:32.327Z,MOBILE,Android
771b984a-a338-4c12-a61b-4c8e6dc2c3ae,CL,2019-03-05T07:06:59.327Z,MOBILE,Android
771b984a-a338-4c12-a61b-4c8e6dc2c3ae,SCR,2019-03-05T07:08:39.327Z,MOBILE,Android
771b984a-a338-4c12-a61b-4c8e6dc2c3ae,SER,2019-03-05T07:09:54.327Z,MOBILE,Android
771b984a-a338-4c12-a61b-4c8e6dc2c3ae,SCR,2019-03-05T07:11:38.327Z,MOBILE,Android
771b984a-a338-4c12-a61b-4c8e6dc2c3ae,CL,2019-03-05T07:13:13.327Z,MOBILE,Android
771b984a-a338-4c12-a61b-4c8e6dc2c3ae,SCR,2019-03-05T07:14:56.327Z,MOBILE,Android
b097c8ea-23e5-4a4d-9c7a-d0765962de91,HP,2023-06-02T17:40:58.518Z,MOBILE,Android
b097c8ea-23e5-4a4d-9c7a-d0765962de91,ATC,2023-06-02T21:30:49.518Z,MOBILE,Android
b097c8ea-23e5-4a4d-9c7a-d0765962de91,CL,2023-06-02T21:27:50.518Z,MOBILE,Android
b097c8ea-23e5-4a4d-9c7a-d0765962de91,CL,2023-06-03T01:15:15.518Z,MOBILE,Android
b097c8ea-23e5-4a4d-9c7a-d0765962de91,SER,2023-06-03T05:09:24.518Z,MOBILE,Android
b097c8ea-23e5-4a4d-9c7a-d0765962de91,SCR,2023-06-03T08:59:05.518Z,MOBILE,Android
b097c8ea-23e5-4a4d-9c7a-d0765962de91,HP,2023-06-03T16:38:50.518Z,MOBILE,Android
b097c8ea-23e5-4a4d-9c7a-d0765962de91,HP,2023-06-03T20:28:16.518Z,MOBILE,Android
b097c8ea-23e5-4a4d-9c7a-d0765962de91,SCR,2023-06-04T05:38:03.518Z,MOBILE,Android
b097c8ea-23e5-4a4d-9c7a-d0765962de91,SCR,2023-06-04T07:02:24.518Z,MOBILE,Android
b097c8ea-23e5-4a4d-9c7a-d0765962de91,SER,2023-06-04T08:27:45.518Z,MOBILE,Android
b097c8ea-23e5-4a4d-9c7a-d0765962de91,VI,2023-06-03T12:46:13.518Z,MOBILE,Android
f7d126ec-880c-41c7-b3cd-a198698681c5,HP,2023-11-15T00:40:00.518Z,MOBILE,Android
f7d126ec-880c-41c7-b3cd-a198698681c5,ATC,2023-11-15T03:33:03.518Z,MOBILE,Android
f7d126ec-880c-41c7-b3cd-a198698681c5,AP,2023-11-15T06:23:19.518Z,MOBILE,Android
f7d126ec-880c-41c7-b3cd-a198698681c5,SCR,2023-11-15T03:31:06.518Z,MOBILE,Android
f7d126ec-880c-41c7-b3cd-a198698681c5,HP,2023-11-15T06:26:16.518Z,MOBILE,Android
f7d126ec-880c-41c7-b3cd-a198698681c5,SER,2023-11-15T15:05:28.518Z,MOBILE,Android
7ab2cf40-ffb4-4b63-a376-bcefc780c1a0,SCR,2021-11-26T22:01:46.655Z,MOBILE,iOS
7ab2cf40-ffb4-4b63-a376-bcefc780c1a0,CL,2021-11-27T03:07:03.655Z,MOBILE,iOS
7ab2cf40-ffb4-4b63-a376-bcefc780c1a0,HP,2021-11-24T18:31:40.655Z,MOBILE,iOS
7ab2cf40-ffb4-4b63-a376-bcefc780c1a0,ATC,2021-11-24T23:39:08.655Z,MOBILE,iOS
7ab2cf40-ffb4-4b63-a376-bcefc780c1a0,AP,2021-11-25T04:50:32.655Z,MOBILE,iOS
7ab2cf40-ffb4-4b63-a376-bcefc780c1a0,ATC,2021-11-24T23:41:45.655Z,MOBILE,iOS
7ab2cf40-ffb4-4b63-a376-bcefc780c1a0,HP,2021-11-25T04:53:04.655Z,MOBILE,iOS
7ab2cf40-ffb4-4b63-a376-bcefc780c1a0,CL,2021-11-25T10:03:46.655Z,MOBILE,iOS
7ab2cf40-ffb4-4b63-a376-bcefc780c1a0,HP,2021-11-25T15:11:12.655Z,MOBILE,iOS
7ab2cf40-ffb4-4b63-a376-bcefc780c1a0,CL,2021-11-25T20:18:21.655Z,MOBILE,iOS
7ab2cf40-ffb4-4b63-a376-bcefc780c1a0,HP,2021-11-26T01:27:28.655Z,MOBILE,iOS
7ab2cf40-ffb4-4b63-a376-bcefc780c1a0,SER,2021-11-26T06:34:41.655Z,MOBILE,iOS
7ab2cf40-ffb4-4b63-a376-bcefc780c1a0,HP,2021-11-26T11:44:03.655Z,MOBILE,iOS
7ab2cf40-ffb4-4b63-a376-bcefc780c1a0,ATC,2021-11-27T13:20:46.655Z,MOBILE,iOS
7ab2cf40-ffb4-4b63-a376-bcefc780c1a0,SCR,2021-11-27T18:26:18.655Z,MOBILE,iOS
7ab2cf40-ffb4-4b63-a376-bcefc780c1a0,VI,2021-11-27T08:13:02.655Z,MOBILE,iOS
7ab2cf40-ffb4-4b63-a376-bcefc780c1a0,CL,2021-11-27T23:35:07.655Z,MOBILE,iOS
7ab2cf40-ffb4-4b63-a376-bcefc780c1a0,SER,2021-11-28T04:43:15.655Z,MOBILE,iOS
57339c06-8172-48e6-8b2f-8a0ba21740cf,HP,2020-09-20T18:28:10.781Z,MOBILE,Android
57339c06-8172-48e6-8b2f-8a0ba21740cf,ATC,2020-09-20T22:23:49.781Z,MOBILE,Android
57339c06-8172-48e6-8b2f-8a0ba21740cf,SER,2020-09-20T22:21:14.781Z,MOBILE,Android
57339c06-8172-48e6-8b2f-8a0ba21740cf,ATC,2020-09-21T02:14:56.781Z,MOBILE,Android
57339c06-8172-48e6-8b2f-8a0ba21740cf,ATC,2020-09-21T06:09:15.781Z,MOBILE,Android
83f91c7b-c384-4c44-a885-7433e155f751,HP,2022-07-08T13:45:53.781Z,MOBILE,Android
83f91c7b-c384-4c44-a885-7433e155f751,ATC,2022-07-11T02:19:12.781Z,MOBILE,Android
83f91c7b-c384-4c44-a885-7433e155f751,ATC,2022-07-11T02:39:33.781Z,MOBILE,Android
83f91c7b-c384-4c44-a885-7433e155f751,ATC,2022-07-13T15:29:12.781Z,MOBILE,Android
83f91c7b-c384-4c44-a885-7433e155f751,SCR,2022-07-16T04:14:06.781Z,MOBILE,Android
d6dad08a-8eba-4475-86fa-08089e08bcea,CL,2023-01-30T14:53:38.020Z,WEB,Android
336232cc-c81a-4eca-9129-a4e60c2f1ab3,HP,2022-08-08T16:19:05.020Z,WEB,Android
d6dad08a-8eba-4475-86fa-08089e08bcea,CL,2023-01-31T16:15:05.020Z,WEB,Android
336232cc-c81a-4eca-9129-a4e60c2f1ab3,ATC,2022-08-13T07:30:47.020Z,WEB,Android
336232cc-c81a-4eca-9129-a4e60c2f1ab3,SER,2022-08-13T07:16:34.020Z,WEB,Android
336232cc-c81a-4eca-9129-a4e60c2f1ab3,VI,2022-08-17T21:42:52.020Z,WEB,Android
336232cc-c81a-4eca-9129-a4e60c2f1ab3,VI,2022-08-22T12:27:30.020Z,WEB,Android
d6dad08a-8eba-4475-86fa-08089e08bcea,HP,2023-01-08T12:18:38.020Z,WEB,Android
d6dad08a-8eba-4475-86fa-08089e08bcea,ATC,2023-01-09T13:30:56.020Z,WEB,Android
d6dad08a-8eba-4475-86fa-08089e08bcea,AP,2023-01-10T14:44:55.020Z,WEB,Android
d6dad08a-8eba-4475-86fa-08089e08bcea,CL,2023-01-09T13:36:24.020Z,WEB,Android
d6dad08a-8eba-4475-86fa-08089e08bcea,CL,2023-01-10T14:47:38.020Z,WEB,Android
d6dad08a-8eba-4475-86fa-08089e08bcea,CL,2023-01-11T16:00:31.020Z,WEB,Android
d6dad08a-8eba-4475-86fa-08089e08bcea,ATC,2023-01-12T17:21:07.020Z,WEB,Android
d6dad08a-8eba-4475-86fa-08089e08bcea,SCR,2023-01-13T18:39:22.020Z,WEB,Android
d6dad08a-8eba-4475-86fa-08089e08bcea,SER,2023-01-17T23:33:06.020Z,WEB,Android
d6dad08a-8eba-4475-86fa-08089e08bcea,ATC,2023-01-19T00:48:18.020Z,WEB,Android
d6dad08a-8eba-4475-86fa-08089e08bcea,ATC,2023-01-22T04:38:46.020Z,WEB,Android
d6dad08a-8eba-4475-86fa-08089e08bcea,CL,2023-01-23T05:46:00.020Z,WEB,Android
d6dad08a-8eba-4475-86fa-08089e08bcea,CL,2023-01-24T07:10:49.020Z,WEB,Android
d6dad08a-8eba-4475-86fa-08089e08bcea,ATC,2023-01-25T08:28:47.020Z,WEB,Android
d6dad08a-8eba-4475-86fa-08089e08bcea,CL,2023-01-26T09:49:21.020Z,WEB,Android
d6dad08a-8eba-4475-86fa-08089e08bcea,ATC,2023-01-27T11:07:10.020Z,WEB,Android
d6dad08a-8eba-4475-86fa-08089e08bcea,SCR,2023-01-28T12:18:32.020Z,WEB,Android
d6dad08a-8eba-4475-86fa-08089e08bcea,VI,2023-01-15T21:03:07.020Z,WEB,Android
d6dad08a-8eba-4475-86fa-08089e08bcea,VI,2023-01-20T02:09:15.020Z,WEB,Android
d6dad08a-8eba-4475-86fa-08089e08bcea,VI,2023-01-29T13:37:45.020Z,WEB,Android
dc6ea0e3-f161-485c-bda6-d91a8bc9fe96,HP,2023-05-19T09:12:29.697Z,MOBILE,iOS
dc6ea0e3-f161-485c-bda6-d91a8bc9fe96,ATC,2023-05-19T15:05:53.697Z,MOBILE,iOS
dc6ea0e3-f161-485c-bda6-d91a8bc9fe96,ATC,2023-05-19T21:01:38.697Z,MOBILE,iOS
dc6ea0e3-f161-485c-bda6-d91a8bc9fe96,ATC,2023-05-20T02:56:40.697Z,MOBILE,iOS
dc6ea0e3-f161-485c-bda6-d91a8bc9fe96,CL,2023-05-19T15:09:38.697Z,MOBILE,iOS
dc6ea0e3-f161-485c-bda6-d91a8bc9fe96,SCR,2023-05-19T21:03:49.697Z,MOBILE,iOS
dc6ea0e3-f161-485c-bda6-d91a8bc9fe96,SCR,2023-05-20T02:53:37.697Z,MOBILE,iOS
dc6ea0e3-f161-485c-bda6-d91a8bc9fe96,CL,2023-05-20T08:48:22.697Z,MOBILE,iOS
dc6ea0e3-f161-485c-bda6-d91a8bc9fe96,SCR,2023-05-20T14:44:55.697Z,MOBILE,iOS
dc6ea0e3-f161-485c-bda6-d91a8bc9fe96,SER,2023-05-20T20:41:50.697Z,MOBILE,iOS
dc6ea0e3-f161-485c-bda6-d91a8bc9fe96,CL,2023-05-21T02:39:10.697Z,MOBILE,iOS
dc6ea0e3-f161-485c-bda6-d91a8bc9fe96,SER,2023-05-21T08:33:31.697Z,MOBILE,iOS
dc6ea0e3-f161-485c-bda6-d91a8bc9fe96,SER,2023-05-21T14:32:20.697Z,MOBILE,iOS
dc6ea0e3-f161-485c-bda6-d91a8bc9fe96,CL,2023-05-22T02:20:28.697Z,MOBILE,iOS
dc6ea0e3-f161-485c-bda6-d91a8bc9fe96,SER,2023-05-22T08:16:04.697Z,MOBILE,iOS
dc6ea0e3-f161-485c-bda6-d91a8bc9fe96,SER,2023-05-22T14:13:08.697Z,MOBILE,iOS
dc6ea0e3-f161-485c-bda6-d91a8bc9fe96,CL,2023-05-22T20:10:24.697Z,MOBILE,iOS
dc6ea0e3-f161-485c-bda6-d91a8bc9fe96,VI,2023-05-21T20:27:11.697Z,MOBILE,iOS
7681ae97-f11b-4e8b-975d-3ea85d8c50b4,HP,2022-07-12T07:05:36.976Z,MOBILE,Android
7681ae97-f11b-4e8b-975d-3ea85d8c50b4,ATC,2022-07-14T14:32:35.976Z,MOBILE,Android
7681ae97-f11b-4e8b-975d-3ea85d8c50b4,SCR,2022-07-14T14:12:16.976Z,MOBILE,Android
7681ae97-f11b-4e8b-975d-3ea85d8c50b4,HP,2022-07-19T05:52:32.976Z,MOBILE,Android
7681ae97-f11b-4e8b-975d-3ea85d8c50b4,CL,2022-07-19T06:56:49.976Z,MOBILE,Android
7681ae97-f11b-4e8b-975d-3ea85d8c50b4,SCR,2022-07-19T09:06:24.976Z,MOBILE,Android
7681ae97-f11b-4e8b-975d-3ea85d8c50b4,HP,2022-07-19T12:16:50.976Z,MOBILE,Android
7681ae97-f11b-4e8b-975d-3ea85d8c50b4,HP,2022-07-19T13:19:20.976Z,MOBILE,Android
7681ae97-f11b-4e8b-975d-3ea85d8c50b4,HP,2022-07-19T15:29:13.976Z,MOBILE,Android
ae6dfe9f-3748-4776-a019-febd4014c866,HP,2023-05-23T13:50:02.976Z,WEB,Android
ae6dfe9f-3748-4776-a019-febd4014c866,ATC,2023-05-23T22:49:32.976Z,WEB,Android
ae6dfe9f-3748-4776-a019-febd4014c866,AP,2023-05-24T07:46:44.976Z,WEB,Android
ae6dfe9f-3748-4776-a019-febd4014c866,SCR,2023-05-23T22:46:21.976Z,WEB,Android
ae6dfe9f-3748-4776-a019-febd4014c866,CL,2023-05-24T07:41:44.976Z,WEB,Android
ae6dfe9f-3748-4776-a019-febd4014c866,HP,2023-05-25T01:40:26.976Z,WEB,Android
ae6dfe9f-3748-4776-a019-febd4014c866,SCR,2023-05-25T19:35:57.976Z,WEB,Android
ae6dfe9f-3748-4776-a019-febd4014c866,SER,2023-05-26T22:34:38.976Z,WEB,Android
ae6dfe9f-3748-4776-a019-febd4014c866,CL,2023-05-27T07:33:25.976Z,WEB,Android
ae6dfe9f-3748-4776-a019-febd4014c866,SCR,2023-05-28T10:28:37.976Z,WEB,Android
ae6dfe9f-3748-4776-a019-febd4014c866,SCR,2023-05-28T19:26:37.976Z,WEB,Android
ae6dfe9f-3748-4776-a019-febd4014c866,CL,2023-05-29T13:18:01.976Z,WEB,Android
ae6dfe9f-3748-4776-a019-febd4014c866,VI,2023-05-25T10:40:58.976Z,WEB,Android
ae6dfe9f-3748-4776-a019-febd4014c866,VI,2023-05-26T13:32:02.976Z,WEB,Android
04222fdb-816b-4869-9ff0-2ca39a5b95f2,HP,2022-10-18T23:57:00.182Z,MOBILE,Android
04222fdb-816b-4869-9ff0-2ca39a5b95f2,ATC,2022-10-19T07:49:37.182Z,MOBILE,Android
04222fdb-816b-4869-9ff0-2ca39a5b95f2,HP,2022-10-19T07:47:04.182Z,MOBILE,Android
04222fdb-816b-4869-9ff0-2ca39a5b95f2,HP,2022-10-19T15:38:32.182Z,MOBILE,Android
277d0641-c78b-4ef0-97ec-647d866ea3c1,CL,2022-12-15T22:25:34.182Z,MOBILE,Android
277d0641-c78b-4ef0-97ec-647d866ea3c1,HP,2022-12-01T14:48:00.182Z,MOBILE,Android
277d0641-c78b-4ef0-97ec-647d866ea3c1,ATC,2022-12-01T16:51:56.182Z,MOBILE,Android
277d0641-c78b-4ef0-97ec-647d866ea3c1,SCR,2022-12-01T18:51:29.182Z,MOBILE,Android
277d0641-c78b-4ef0-97ec-647d866ea3c1,CL,2022-12-01T20:53:19.182Z,MOBILE,Android
277d0641-c78b-4ef0-97ec-647d866ea3c1,CL,2022-12-01T22:55:53.182Z,MOBILE,Android
277d0641-c78b-4ef0-97ec-647d866ea3c1,HP,2022-12-02T00:59:05.182Z,MOBILE,Android
277d0641-c78b-4ef0-97ec-647d866ea3c1,SER,2022-12-02T05:01:45.182Z,MOBILE,Android
277d0641-c78b-4ef0-97ec-647d866ea3c1,CL,2022-12-02T07:03:10.182Z,MOBILE,Android
277d0641-c78b-4ef0-97ec-647d866ea3c1,SER,2022-12-02T11:07:21.182Z,MOBILE,Android
277d0641-c78b-4ef0-97ec-647d866ea3c1,SCR,2022-12-02T15:12:02.182Z,MOBILE,Android
277d0641-c78b-4ef0-97ec-647d866ea3c1,HP,2022-12-02T17:15:46.182Z,MOBILE,Android
277d0641-c78b-4ef0-97ec-647d866ea3c1,HP,2022-12-02T19:18:47.182Z,MOBILE,Android
277d0641-c78b-4ef0-97ec-647d866ea3c1,SER,2022-12-02T21:19:28.182Z,MOBILE,Android
277d0641-c78b-4ef0-97ec-647d866ea3c1,SCR,2022-12-02T23:20:51.182Z,MOBILE,Android
277d0641-c78b-4ef0-97ec-647d866ea3c1,CL,2022-12-03T03:26:27.182Z,MOBILE,Android
277d0641-c78b-4ef0-97ec-647d866ea3c1,CL,2022-12-03T07:30:00.182Z,MOBILE,Android
277d0641-c78b-4ef0-97ec-647d866ea3c1,SER,2022-12-03T09:32:04.182Z,MOBILE,Android
277d0641-c78b-4ef0-97ec-647d866ea3c1,SCR,2022-12-03T11:34:11.182Z,MOBILE,Android
277d0641-c78b-4ef0-97ec-647d866ea3c1,HP,2022-12-03T15:39:44.182Z,MOBILE,Android
277d0641-c78b-4ef0-97ec-647d866ea3c1,CL,2022-12-03T17:44:41.182Z,MOBILE,Android
277d0641-c78b-4ef0-97ec-647d866ea3c1,SER,2022-12-03T19:45:15.182Z,MOBILE,Android
277d0641-c78b-4ef0-97ec-647d866ea3c1,SCR,2022-12-03T23:52:03.182Z,MOBILE,Android
277d0641-c78b-4ef0-97ec-647d866ea3c1,HP,2022-12-04T01:52:29.182Z,MOBILE,Android
277d0641-c78b-4ef0-97ec-647d866ea3c1,CL,2022-12-04T03:53:22.182Z,MOBILE,Android
277d0641-c78b-4ef0-97ec-647d866ea3c1,VI,2022-12-01T16:48:33.182Z,MOBILE,Android
277d0641-c78b-4ef0-97ec-647d866ea3c1,VI,2022-12-02T03:00:50.182Z,MOBILE,Android
277d0641-c78b-4ef0-97ec-647d866ea3c1,VI,2022-12-02T13:09:54.182Z,MOBILE,Android
277d0641-c78b-4ef0-97ec-647d866ea3c1,VI,2022-12-03T01:25:03.182Z,MOBILE,Android
277d0641-c78b-4ef0-97ec-647d866ea3c1,VI,2022-12-03T05:27:54.182Z,MOBILE,Android
277d0641-c78b-4ef0-97ec-647d866ea3c1,VI,2022-12-03T13:35:53.182Z,MOBILE,Android
277d0641-c78b-4ef0-97ec-647d866ea3c1,SER,2022-12-04T05:55:17.182Z,MOBILE,Android
277d0641-c78b-4ef0-97ec-647d866ea3c1,CL,2022-12-04T07:58:57.182Z,MOBILE,Android
277d0641-c78b-4ef0-97ec-647d866ea3c1,SCR,2022-12-04T09:59:26.182Z,MOBILE,Android
277d0641-c78b-4ef0-97ec-647d866ea3c1,CL,2022-12-04T12:00:58.182Z,MOBILE,Android
277d0641-c78b-4ef0-97ec-647d866ea3c1,CL,2022-12-04T16:05:17.182Z,MOBILE,Android
277d0641-c78b-4ef0-97ec-647d866ea3c1,SCR,2022-12-04T18:08:59.182Z,MOBILE,Android
277d0641-c78b-4ef0-97ec-647d866ea3c1,CL,2022-12-04T20:09:02.182Z,MOBILE,Android
277d0641-c78b-4ef0-97ec-647d866ea3c1,CL,2022-12-04T22:13:24.182Z,MOBILE,Android
277d0641-c78b-4ef0-97ec-647d866ea3c1,HP,2022-12-05T02:18:26.182Z,MOBILE,Android
277d0641-c78b-4ef0-97ec-647d866ea3c1,SER,2022-12-05T04:19:49.182Z,MOBILE,Android
277d0641-c78b-4ef0-97ec-647d866ea3c1,CL,2022-12-05T06:19:25.182Z,MOBILE,Android
277d0641-c78b-4ef0-97ec-647d866ea3c1,HP,2022-12-05T08:21:07.182Z,MOBILE,Android
277d0641-c78b-4ef0-97ec-647d866ea3c1,SCR,2022-12-05T10:22:14.182Z,MOBILE,Android
277d0641-c78b-4ef0-97ec-647d866ea3c1,CL,2022-12-05T12:23:31.182Z,MOBILE,Android
277d0641-c78b-4ef0-97ec-647d866ea3c1,CL,2022-12-05T14:23:58.182Z,MOBILE,Android
277d0641-c78b-4ef0-97ec-647d866ea3c1,HP,2022-12-05T16:24:58.182Z,MOBILE,Android
277d0641-c78b-4ef0-97ec-647d866ea3c1,CL,2022-12-05T18:25:56.182Z,MOBILE,Android
277d0641-c78b-4ef0-97ec-647d866ea3c1,CL,2022-12-05T20:28:59.182Z,MOBILE,Android
277d0641-c78b-4ef0-97ec-647d866ea3c1,CL,2022-12-05T22:30:58.182Z,MOBILE,Android
277d0641-c78b-4ef0-97ec-647d866ea3c1,CL,2022-12-06T02:39:43.182Z,MOBILE,Android
277d0641-c78b-4ef0-97ec-647d866ea3c1,CL,2022-12-06T04:41:20.182Z,MOBILE,Android
277d0641-c78b-4ef0-97ec-647d866ea3c1,SER,2022-12-06T06:41:07.182Z,MOBILE,Android
277d0641-c78b-4ef0-97ec-647d866ea3c1,HP,2022-12-06T08:43:50.182Z,MOBILE,Android
277d0641-c78b-4ef0-97ec-647d866ea3c1,HP,2022-12-06T10:44:43.182Z,MOBILE,Android
277d0641-c78b-4ef0-97ec-647d866ea3c1,HP,2022-12-06T12:47:45.182Z,MOBILE,Android
277d0641-c78b-4ef0-97ec-647d866ea3c1,CL,2022-12-06T16:51:02.182Z,MOBILE,Android
277d0641-c78b-4ef0-97ec-647d866ea3c1,CL,2022-12-06T18:52:52.182Z,MOBILE,Android
277d0641-c78b-4ef0-97ec-647d866ea3c1,SCR,2022-12-07T00:58:39.182Z,MOBILE,Android
277d0641-c78b-4ef0-97ec-647d866ea3c1,SCR,2022-12-07T03:00:18.182Z,MOBILE,Android
277d0641-c78b-4ef0-97ec-647d866ea3c1,HP,2022-12-07T05:04:08.182Z,MOBILE,Android
277d0641-c78b-4ef0-97ec-647d866ea3c1,CL,2022-12-07T09:06:17.182Z,MOBILE,Android
277d0641-c78b-4ef0-97ec-647d866ea3c1,SER,2022-12-07T11:08:15.182Z,MOBILE,Android
277d0641-c78b-4ef0-97ec-647d866ea3c1,CL,2022-12-07T13:09:34.182Z,MOBILE,Android
277d0641-c78b-4ef0-97ec-647d866ea3c1,SCR,2022-12-07T15:10:29.182Z,MOBILE,Android
277d0641-c78b-4ef0-97ec-647d866ea3c1,SER,2022-12-07T17:11:50.182Z,MOBILE,Android
277d0641-c78b-4ef0-97ec-647d866ea3c1,SER,2022-12-07T19:12:12.182Z,MOBILE,Android
277d0641-c78b-4ef0-97ec-647d866ea3c1,SCR,2022-12-08T01:18:27.182Z,MOBILE,Android
277d0641-c78b-4ef0-97ec-647d866ea3c1,CL,2022-12-08T03:17:52.182Z,MOBILE,Android
277d0641-c78b-4ef0-97ec-647d866ea3c1,HP,2022-12-08T05:19:36.182Z,MOBILE,Android
277d0641-c78b-4ef0-97ec-647d866ea3c1,CL,2022-12-08T07:24:30.182Z,MOBILE,Android
277d0641-c78b-4ef0-97ec-647d866ea3c1,CL,2022-12-08T11:30:07.182Z,MOBILE,Android
277d0641-c78b-4ef0-97ec-647d866ea3c1,CL,2022-12-08T13:34:28.182Z,MOBILE,Android
277d0641-c78b-4ef0-97ec-647d866ea3c1,SER,2022-12-08T17:36:26.182Z,MOBILE,Android
277d0641-c78b-4ef0-97ec-647d866ea3c1,CL,2022-12-08T19:39:37.182Z,MOBILE,Android
277d0641-c78b-4ef0-97ec-647d866ea3c1,CL,2022-12-08T21:40:15.182Z,MOBILE,Android
277d0641-c78b-4ef0-97ec-647d866ea3c1,SCR,2022-12-08T23:41:59.182Z,MOBILE,Android
277d0641-c78b-4ef0-97ec-647d866ea3c1,CL,2022-12-09T01:44:37.182Z,MOBILE,Android
277d0641-c78b-4ef0-97ec-647d866ea3c1,CL,2022-12-09T03:46:09.182Z,MOBILE,Android
277d0641-c78b-4ef0-97ec-647d866ea3c1,SER,2022-12-09T05:50:30.182Z,MOBILE,Android
277d0641-c78b-4ef0-97ec-647d866ea3c1,SCR,2022-12-09T07:52:19.182Z,MOBILE,Android
277d0641-c78b-4ef0-97ec-647d866ea3c1,SCR,2022-12-09T09:55:49.182Z,MOBILE,Android
277d0641-c78b-4ef0-97ec-647d866ea3c1,CL,2022-12-09T13:58:58.182Z,MOBILE,Android
277d0641-c78b-4ef0-97ec-647d866ea3c1,CL,2022-12-09T16:00:54.182Z,MOBILE,Android
277d0641-c78b-4ef0-97ec-647d866ea3c1,CL,2022-12-09T18:02:13.182Z,MOBILE,Android
277d0641-c78b-4ef0-97ec-647d866ea3c1,SER,2022-12-09T20:02:34.182Z,MOBILE,Android
277d0641-c78b-4ef0-97ec-647d866ea3c1,CL,2022-12-09T22:05:03.182Z,MOBILE,Android
277d0641-c78b-4ef0-97ec-647d866ea3c1,CL,2022-12-10T00:08:33.182Z,MOBILE,Android
277d0641-c78b-4ef0-97ec-647d866ea3c1,HP,2022-12-10T02:08:34.182Z,MOBILE,Android
277d0641-c78b-4ef0-97ec-647d866ea3c1,HP,2022-12-10T04:14:29.182Z,MOBILE,Android
277d0641-c78b-4ef0-97ec-647d866ea3c1,CL,2022-12-10T06:17:00.182Z,MOBILE,Android
277d0641-c78b-4ef0-97ec-647d866ea3c1,HP,2022-12-10T10:18:33.182Z,MOBILE,Android
277d0641-c78b-4ef0-97ec-647d866ea3c1,SER,2022-12-10T12:19:30.182Z,MOBILE,Android
277d0641-c78b-4ef0-97ec-647d866ea3c1,HP,2022-12-10T14:22:17.182Z,MOBILE,Android
277d0641-c78b-4ef0-97ec-647d866ea3c1,SCR,2022-12-10T18:29:46.182Z,MOBILE,Android
277d0641-c78b-4ef0-97ec-647d866ea3c1,CL,2022-12-10T20:32:51.182Z,MOBILE,Android
277d0641-c78b-4ef0-97ec-647d866ea3c1,SCR,2022-12-10T22:36:48.182Z,MOBILE,Android
277d0641-c78b-4ef0-97ec-647d866ea3c1,SER,2022-12-11T00:38:44.182Z,MOBILE,Android
277d0641-c78b-4ef0-97ec-647d866ea3c1,HP,2022-12-11T02:42:40.182Z,MOBILE,Android
277d0641-c78b-4ef0-97ec-647d866ea3c1,SCR,2022-12-11T04:44:34.182Z,MOBILE,Android
277d0641-c78b-4ef0-97ec-647d866ea3c1,CL,2022-12-11T06:46:15.182Z,MOBILE,Android
277d0641-c78b-4ef0-97ec-647d866ea3c1,SER,2022-12-11T08:46:50.182Z,MOBILE,Android
277d0641-c78b-4ef0-97ec-647d866ea3c1,CL,2022-12-11T10:49:59.182Z,MOBILE,Android
277d0641-c78b-4ef0-97ec-647d866ea3c1,SCR,2022-12-11T12:54:58.182Z,MOBILE,Android
277d0641-c78b-4ef0-97ec-647d866ea3c1,SER,2022-12-11T14:56:36.182Z,MOBILE,Android
277d0641-c78b-4ef0-97ec-647d866ea3c1,HP,2022-12-11T16:56:52.182Z,MOBILE,Android
277d0641-c78b-4ef0-97ec-647d866ea3c1,SER,2022-12-11T18:57:33.182Z,MOBILE,Android
277d0641-c78b-4ef0-97ec-647d866ea3c1,SER,2022-12-11T20:59:18.182Z,MOBILE,Android
277d0641-c78b-4ef0-97ec-647d866ea3c1,SER,2022-12-12T01:00:04.182Z,MOBILE,Android
277d0641-c78b-4ef0-97ec-647d866ea3c1,SCR,2022-12-12T09:07:08.182Z,MOBILE,Android
277d0641-c78b-4ef0-97ec-647d866ea3c1,SER,2022-12-12T11:08:23.182Z,MOBILE,Android
277d0641-c78b-4ef0-97ec-647d866ea3c1,HP,2022-12-12T13:10:32.182Z,MOBILE,Android
277d0641-c78b-4ef0-97ec-647d866ea3c1,CL,2022-12-12T17:11:27.182Z,MOBILE,Android
277d0641-c78b-4ef0-97ec-647d866ea3c1,SER,2022-12-12T19:11:33.182Z,MOBILE,Android
277d0641-c78b-4ef0-97ec-647d866ea3c1,SER,2022-12-12T21:12:25.182Z,MOBILE,Android
277d0641-c78b-4ef0-97ec-647d866ea3c1,SCR,2022-12-12T23:14:51.182Z,MOBILE,Android
277d0641-c78b-4ef0-97ec-647d866ea3c1,HP,2022-12-13T05:24:24.182Z,MOBILE,Android
277d0641-c78b-4ef0-97ec-647d866ea3c1,CL,2022-12-13T07:26:08.182Z,MOBILE,Android
277d0641-c78b-4ef0-97ec-647d866ea3c1,HP,2022-12-13T09:29:14.182Z,MOBILE,Android
277d0641-c78b-4ef0-97ec-647d866ea3c1,CL,2022-12-13T11:31:46.182Z,MOBILE,Android
277d0641-c78b-4ef0-97ec-647d866ea3c1,HP,2022-12-13T13:31:45.182Z,MOBILE,Android
277d0641-c78b-4ef0-97ec-647d866ea3c1,CL,2022-12-13T21:41:24.182Z,MOBILE,Android
277d0641-c78b-4ef0-97ec-647d866ea3c1,SCR,2022-12-14T01:45:36.182Z,MOBILE,Android
277d0641-c78b-4ef0-97ec-647d866ea3c1,SER,2022-12-14T03:45:53.182Z,MOBILE,Android
277d0641-c78b-4ef0-97ec-647d866ea3c1,CL,2022-12-14T05:47:23.182Z,MOBILE,Android
277d0641-c78b-4ef0-97ec-647d866ea3c1,SER,2022-12-14T07:50:49.182Z,MOBILE,Android
277d0641-c78b-4ef0-97ec-647d866ea3c1,HP,2022-12-14T09:53:06.182Z,MOBILE,Android
277d0641-c78b-4ef0-97ec-647d866ea3c1,SER,2022-12-14T11:55:05.182Z,MOBILE,Android
277d0641-c78b-4ef0-97ec-647d866ea3c1,HP,2022-12-14T15:56:00.182Z,MOBILE,Android
277d0641-c78b-4ef0-97ec-647d866ea3c1,SER,2022-12-14T17:57:55.182Z,MOBILE,Android
277d0641-c78b-4ef0-97ec-647d866ea3c1,SCR,2022-12-14T22:02:54.182Z,MOBILE,Android
277d0641-c78b-4ef0-97ec-647d866ea3c1,CL,2022-12-15T00:03:35.182Z,MOBILE,Android
277d0641-c78b-4ef0-97ec-647d866ea3c1,CL,2022-12-15T02:05:16.182Z,MOBILE,Android
277d0641-c78b-4ef0-97ec-647d866ea3c1,SCR,2022-12-15T04:10:09.182Z,MOBILE,Android
277d0641-c78b-4ef0-97ec-647d866ea3c1,SCR,2022-12-15T06:09:59.182Z,MOBILE,Android
277d0641-c78b-4ef0-97ec-647d866ea3c1,CL,2022-12-15T08:12:14.182Z,MOBILE,Android
277d0641-c78b-4ef0-97ec-647d866ea3c1,CL,2022-12-15T10:16:02.182Z,MOBILE,Android
277d0641-c78b-4ef0-97ec-647d866ea3c1,CL,2022-12-15T12:17:31.182Z,MOBILE,Android
277d0641-c78b-4ef0-97ec-647d866ea3c1,SER,2022-12-15T14:19:33.182Z,MOBILE,Android
277d0641-c78b-4ef0-97ec-647d866ea3c1,SER,2022-12-15T16:18:18.182Z,MOBILE,Android
277d0641-c78b-4ef0-97ec-647d866ea3c1,SCR,2022-12-15T20:22:28.182Z,MOBILE,Android
277d0641-c78b-4ef0-97ec-647d866ea3c1,HP,2022-12-16T00:25:35.182Z,MOBILE,Android
277d0641-c78b-4ef0-97ec-647d866ea3c1,CL,2022-12-16T04:25:41.182Z,MOBILE,Android
277d0641-c78b-4ef0-97ec-647d866ea3c1,VI,2022-12-11T22:59:22.182Z,MOBILE,Android
277d0641-c78b-4ef0-97ec-647d866ea3c1,VI,2022-12-12T05:03:27.182Z,MOBILE,Android
94d7f17d-f885-4471-9dea-ff88ba21220e,HP,2022-11-06T07:32:34.164Z,MOBILE,Android
94d7f17d-f885-4471-9dea-ff88ba21220e,ATC,2022-11-06T10:11:52.164Z,MOBILE,Android
94d7f17d-f885-4471-9dea-ff88ba21220e,CL,2022-11-06T10:13:51.164Z,MOBILE,Android
94d7f17d-f885-4471-9dea-ff88ba21220e,HP,2022-11-07T03:35:15.164Z,MOBILE,Android
94d7f17d-f885-4471-9dea-ff88ba21220e,SER,2022-11-07T13:03:32.164Z,MOBILE,Android
94d7f17d-f885-4471-9dea-ff88ba21220e,CL,2022-11-07T22:26:26.164Z,MOBILE,Android
94d7f17d-f885-4471-9dea-ff88ba21220e,SCR,2022-11-08T07:49:53.164Z,MOBILE,Android
94d7f17d-f885-4471-9dea-ff88ba21220e,CL,2022-11-08T17:13:10.164Z,MOBILE,Android
94d7f17d-f885-4471-9dea-ff88ba21220e,SER,2022-11-09T02:41:14.164Z,MOBILE,Android
94d7f17d-f885-4471-9dea-ff88ba21220e,SCR,2022-11-09T12:06:24.164Z,MOBILE,Android
b6356310-7b30-45e5-8fad-cd18512df53c,HP,2023-09-17T20:23:10.859Z,MOBILE,Android
b6356310-7b30-45e5-8fad-cd18512df53c,ATC,2023-09-18T19:21:00.859Z,MOBILE,Android
b6356310-7b30-45e5-8fad-cd18512df53c,CL,2023-09-18T19:21:33.859Z,MOBILE,Android
b6356310-7b30-45e5-8fad-cd18512df53c,HP,2023-09-19T18:18:30.859Z,MOBILE,Android
b6356310-7b30-45e5-8fad-cd18512df53c,CL,2023-09-20T17:09:27.859Z,MOBILE,Android
fa8762dc-3e4b-4fa7-94e4-d61f709b4b15,HP,2021-03-24T03:27:27.428Z,WEB,Android
fa8762dc-3e4b-4fa7-94e4-d61f709b4b15,ATC,2021-03-28T07:38:16.428Z,WEB,Android
fa8762dc-3e4b-4fa7-94e4-d61f709b4b15,AP,2021-04-01T11:37:12.428Z,WEB,Android
fa8762dc-3e4b-4fa7-94e4-d61f709b4b15,CL,2021-03-28T07:38:43.428Z,WEB,Android
fa8762dc-3e4b-4fa7-94e4-d61f709b4b15,ATC,2021-04-01T11:26:06.428Z,WEB,Android
fa8762dc-3e4b-4fa7-94e4-d61f709b4b15,SER,2021-04-05T15:17:19.428Z,WEB,Android
fa8762dc-3e4b-4fa7-94e4-d61f709b4b15,HP,2021-04-09T19:21:28.428Z,WEB,Android
fa8762dc-3e4b-4fa7-94e4-d61f709b4b15,SER,2021-04-13T23:43:49.428Z,WEB,Android
fa8762dc-3e4b-4fa7-94e4-d61f709b4b15,SER,2021-04-18T03:54:50.428Z,WEB,Android
fa8762dc-3e4b-4fa7-94e4-d61f709b4b15,HP,2021-04-22T08:10:01.428Z,WEB,Android
fa8762dc-3e4b-4fa7-94e4-d61f709b4b15,SCR,2021-04-26T12:11:24.428Z,WEB,Android
fa8762dc-3e4b-4fa7-94e4-d61f709b4b15,ATC,2021-04-30T16:35:31.428Z,WEB,Android
fa8762dc-3e4b-4fa7-94e4-d61f709b4b15,SCR,2021-05-04T21:01:02.428Z,WEB,Android
fa8762dc-3e4b-4fa7-94e4-d61f709b4b15,SER,2021-05-09T01:12:55.428Z,WEB,Android
fa8762dc-3e4b-4fa7-94e4-d61f709b4b15,SCR,2021-05-17T09:08:07.428Z,WEB,Android
fa8762dc-3e4b-4fa7-94e4-d61f709b4b15,SCR,2021-05-21T13:13:30.428Z,WEB,Android
fa8762dc-3e4b-4fa7-94e4-d61f709b4b15,SCR,2021-05-25T17:20:19.428Z,WEB,Android
fa8762dc-3e4b-4fa7-94e4-d61f709b4b15,VI,2021-05-13T05:14:02.428Z,WEB,Android
2ab67e7a-58e2-42b9-9e57-337c9fc42aaf,HP,2023-03-18T23:56:34.152Z,MOBILE,iOS
2ab67e7a-58e2-42b9-9e57-337c9fc42aaf,ATC,2023-03-19T02:53:34.152Z,MOBILE,iOS
2ab67e7a-58e2-42b9-9e57-337c9fc42aaf,ATC,2023-03-19T05:53:21.152Z,MOBILE,iOS
2ab67e7a-58e2-42b9-9e57-337c9fc42aaf,ATC,2023-03-19T08:50:20.152Z,MOBILE,iOS
2ab67e7a-58e2-42b9-9e57-337c9fc42aaf,ATC,2023-03-19T11:50:30.152Z,MOBILE,iOS
2ab67e7a-58e2-42b9-9e57-337c9fc42aaf,CL,2023-03-19T02:49:46.152Z,MOBILE,iOS
2ab67e7a-58e2-42b9-9e57-337c9fc42aaf,HP,2023-03-19T08:40:51.152Z,MOBILE,iOS
2ab67e7a-58e2-42b9-9e57-337c9fc42aaf,HP,2023-03-19T11:36:38.152Z,MOBILE,iOS
2ab67e7a-58e2-42b9-9e57-337c9fc42aaf,CL,2023-03-19T14:35:55.152Z,MOBILE,iOS
2ab67e7a-58e2-42b9-9e57-337c9fc42aaf,SER,2023-03-19T17:30:48.152Z,MOBILE,iOS
2ab67e7a-58e2-42b9-9e57-337c9fc42aaf,HP,2023-03-21T01:54:02.152Z,MOBILE,iOS
2ab67e7a-58e2-42b9-9e57-337c9fc42aaf,CL,2023-03-21T16:20:46.152Z,MOBILE,iOS
2ab67e7a-58e2-42b9-9e57-337c9fc42aaf,SCR,2023-03-22T06:54:14.152Z,MOBILE,iOS
2ab67e7a-58e2-42b9-9e57-337c9fc42aaf,SCR,2023-03-22T21:28:07.152Z,MOBILE,iOS
2ab67e7a-58e2-42b9-9e57-337c9fc42aaf,HP,2023-03-24T02:19:12.152Z,MOBILE,iOS
2ab67e7a-58e2-42b9-9e57-337c9fc42aaf,HP,2023-03-25T21:42:03.152Z,MOBILE,iOS
2ab67e7a-58e2-42b9-9e57-337c9fc42aaf,SER,2023-03-26T12:05:08.152Z,MOBILE,iOS
2ab67e7a-58e2-42b9-9e57-337c9fc42aaf,SCR,2023-03-27T17:12:02.152Z,MOBILE,iOS
2ab67e7a-58e2-42b9-9e57-337c9fc42aaf,HP,2023-03-28T07:47:37.152Z,MOBILE,iOS
2ab67e7a-58e2-42b9-9e57-337c9fc42aaf,CL,2023-03-29T12:50:54.152Z,MOBILE,iOS
2ab67e7a-58e2-42b9-9e57-337c9fc42aaf,SER,2023-03-30T03:19:10.152Z,MOBILE,iOS
2ab67e7a-58e2-42b9-9e57-337c9fc42aaf,CL,2023-03-30T17:45:05.152Z,MOBILE,iOS
2ab67e7a-58e2-42b9-9e57-337c9fc42aaf,SER,2023-04-01T13:20:45.152Z,MOBILE,iOS
2ab67e7a-58e2-42b9-9e57-337c9fc42aaf,CL,2023-04-02T03:42:50.152Z,MOBILE,iOS
2ab67e7a-58e2-42b9-9e57-337c9fc42aaf,SER,2023-04-02T18:15:55.152Z,MOBILE,iOS
2ab67e7a-58e2-42b9-9e57-337c9fc42aaf,VI,2023-03-19T20:27:49.152Z,MOBILE,iOS
2ab67e7a-58e2-42b9-9e57-337c9fc42aaf,VI,2023-03-23T11:58:10.152Z,MOBILE,iOS
2ab67e7a-58e2-42b9-9e57-337c9fc42aaf,VI,2023-03-27T02:38:34.152Z,MOBILE,iOS
6db508d1-60e3-459f-ab0d-b1de0172315b,CL,2020-03-24T00:30:09.235Z,MOBILE,Android
6db508d1-60e3-459f-ab0d-b1de0172315b,HP,2020-03-18T04:38:43.235Z,MOBILE,Android
6db508d1-60e3-459f-ab0d-b1de0172315b,ATC,2020-03-20T03:21:31.235Z,MOBILE,Android
6db508d1-60e3-459f-ab0d-b1de0172315b,AP,2020-03-22T02:04:48.235Z,MOBILE,Android
6db508d1-60e3-459f-ab0d-b1de0172315b,SCR,2020-03-20T03:13:52.235Z,MOBILE,Android
6db508d1-60e3-459f-ab0d-b1de0172315b,ATC,2020-03-25T23:14:57.235Z,MOBILE,Android
6db508d1-60e3-459f-ab0d-b1de0172315b,ATC,2020-03-27T21:55:54.235Z,MOBILE,Android
6db508d1-60e3-459f-ab0d-b1de0172315b,CL,2020-03-29T20:45:29.235Z,MOBILE,Android
0add4b02-a60b-4199-837e-c0004d1bc02a,HP,2020-06-26T04:35:03.235Z,MOBILE,Android
0add4b02-a60b-4199-837e-c0004d1bc02a,ATC,2020-06-29T16:30:43.235Z,MOBILE,Android
0add4b02-a60b-4199-837e-c0004d1bc02a,AP,2020-07-03T04:40:30.235Z,MOBILE,Android
0add4b02-a60b-4199-837e-c0004d1bc02a,ATC,2020-07-03T04:27:38.235Z,MOBILE,Android
0add4b02-a60b-4199-837e-c0004d1bc02a,ATC,2020-07-06T16:25:13.235Z,MOBILE,Android
0add4b02-a60b-4199-837e-c0004d1bc02a,CL,2020-07-10T04:33:10.235Z,MOBILE,Android
0add4b02-a60b-4199-837e-c0004d1bc02a,HP,2020-07-13T16:27:45.235Z,MOBILE,Android
7ce36464-b845-43f7-b8f5-4a7fa69ec96f,HP,2019-07-25T22:40:08.156Z,WEB,iOS
7ce36464-b845-43f7-b8f5-4a7fa69ec96f,ATC,2019-07-25T22:43:19.156Z,WEB,iOS
7ce36464-b845-43f7-b8f5-4a7fa69ec96f,AP,2019-07-25T22:46:42.156Z,WEB,iOS
7ce36464-b845-43f7-b8f5-4a7fa69ec96f,CL,2019-07-25T22:43:08.156Z,WEB,iOS
7ce36464-b845-43f7-b8f5-4a7fa69ec96f,HP,2019-07-25T22:46:43.156Z,WEB,iOS
7ce36464-b845-43f7-b8f5-4a7fa69ec96f,ATC,2019-07-25T22:49:42.156Z,WEB,iOS
7ce36464-b845-43f7-b8f5-4a7fa69ec96f,CL,2019-07-25T22:52:42.156Z,WEB,iOS
7ce36464-b845-43f7-b8f5-4a7fa69ec96f,CL,2019-07-25T22:55:44.156Z,WEB,iOS
7ce36464-b845-43f7-b8f5-4a7fa69ec96f,ATC,2019-07-25T22:59:11.156Z,WEB,iOS
7ce36464-b845-43f7-b8f5-4a7fa69ec96f,HP,2019-07-25T23:02:27.156Z,WEB,iOS
7ce36464-b845-43f7-b8f5-4a7fa69ec96f,CL,2019-07-25T23:05:58.156Z,WEB,iOS
7ce36464-b845-43f7-b8f5-4a7fa69ec96f,SCR,2019-07-25T23:09:29.156Z,WEB,iOS
03b90713-9482-4752-9240-6ac83db03228,HP,2022-12-04T10:58:38.656Z,MOBILE,iOS
03b90713-9482-4752-9240-6ac83db03228,ATC,2022-12-05T01:32:56.656Z,MOBILE,iOS
03b90713-9482-4752-9240-6ac83db03228,SER,2022-12-05T01:32:03.656Z,MOBILE,iOS
cc920cc3-1088-4bf6-8f36-749cb24f2e05,HP,2023-04-24T06:48:30.656Z,MOBILE,iOS
cc920cc3-1088-4bf6-8f36-749cb24f2e05,ATC,2023-04-24T16:34:46.656Z,MOBILE,iOS
cc920cc3-1088-4bf6-8f36-749cb24f2e05,CL,2023-04-24T16:34:02.656Z,MOBILE,iOS
6c768802-a575-42e8-8e4b-ea775e52d172,HP,2023-05-08T09:31:43.821Z,MOBILE,Android
6c768802-a575-42e8-8e4b-ea775e52d172,ATC,2023-05-09T21:27:13.821Z,MOBILE,Android
6c768802-a575-42e8-8e4b-ea775e52d172,AP,2023-05-11T09:38:06.821Z,MOBILE,Android
6c768802-a575-42e8-8e4b-ea775e52d172,SCR,2023-05-09T21:20:24.821Z,MOBILE,Android
6c768802-a575-42e8-8e4b-ea775e52d172,SCR,2023-05-11T09:09:44.821Z,MOBILE,Android
6c768802-a575-42e8-8e4b-ea775e52d172,CL,2023-05-12T21:16:24.821Z,MOBILE,Android
6c768802-a575-42e8-8e4b-ea775e52d172,CL,2023-05-15T21:20:29.821Z,MOBILE,Android
6c768802-a575-42e8-8e4b-ea775e52d172,HP,2023-05-17T09:24:20.821Z,MOBILE,Android
6c768802-a575-42e8-8e4b-ea775e52d172,SER,2023-05-18T21:19:58.821Z,MOBILE,Android
6c768802-a575-42e8-8e4b-ea775e52d172,CL,2023-05-20T09:24:01.821Z,MOBILE,Android
6c768802-a575-42e8-8e4b-ea775e52d172,CL,2023-05-21T21:32:06.821Z,MOBILE,Android
6c768802-a575-42e8-8e4b-ea775e52d172,CL,2023-05-23T09:42:45.821Z,MOBILE,Android
6c768802-a575-42e8-8e4b-ea775e52d172,CL,2023-05-26T09:22:21.821Z,MOBILE,Android
6c768802-a575-42e8-8e4b-ea775e52d172,VI,2023-05-14T09:23:53.821Z,MOBILE,Android
6c768802-a575-42e8-8e4b-ea775e52d172,VI,2023-05-24T21:34:02.821Z,MOBILE,Android
3c906489-e6f8-4d5e-a825-3e4fd86c505b,HP,2019-11-26T02:40:23.852Z,MOBILE,Android
3c906489-e6f8-4d5e-a825-3e4fd86c505b,ATC,2019-12-06T08:09:17.852Z,MOBILE,Android
3c906489-e6f8-4d5e-a825-3e4fd86c505b,CL,2019-12-06T08:21:39.852Z,MOBILE,Android
3c906489-e6f8-4d5e-a825-3e4fd86c505b,HP,2019-12-16T14:13:14.852Z,MOBILE,Android
a6258973-f6ad-4967-975c-1adab49e5c0f,HP,2022-12-03T03:11:50.852Z,MOBILE,Android
a6258973-f6ad-4967-975c-1adab49e5c0f,ATC,2022-12-06T23:30:50.852Z,MOBILE,Android
a6258973-f6ad-4967-975c-1adab49e5c0f,AP,2022-12-10T19:56:20.852Z,MOBILE,Android
a6258973-f6ad-4967-975c-1adab49e5c0f,SER,2022-12-06T23:35:45.852Z,MOBILE,Android
a6258973-f6ad-4967-975c-1adab49e5c0f,SCR,2022-12-10T20:10:46.852Z,MOBILE,Android
a6258973-f6ad-4967-975c-1adab49e5c0f,ATC,2022-12-14T16:47:03.852Z,MOBILE,Android
a6258973-f6ad-4967-975c-1adab49e5c0f,SER,2022-12-18T13:04:45.852Z,MOBILE,Android
a6258973-f6ad-4967-975c-1adab49e5c0f,SER,2022-12-22T09:20:16.852Z,MOBILE,Android
a6258973-f6ad-4967-975c-1adab49e5c0f,SCR,2022-12-26T05:38:09.852Z,MOBILE,Android
a6258973-f6ad-4967-975c-1adab49e5c0f,ATC,2022-12-30T02:14:48.852Z,MOBILE,Android
a6258973-f6ad-4967-975c-1adab49e5c0f,CL,2023-01-02T22:31:08.852Z,MOBILE,Android
a6258973-f6ad-4967-975c-1adab49e5c0f,CL,2023-01-06T18:47:43.852Z,MOBILE,Android
a6258973-f6ad-4967-975c-1adab49e5c0f,CL,2023-01-10T15:12:05.852Z,MOBILE,Android
55b5f342-5a4c-49bc-b6b3-5bd76058a261,HP,2022-05-21T12:21:42.484Z,MOBILE,iOS
55b5f342-5a4c-49bc-b6b3-5bd76058a261,ATC,2022-08-22T21:40:36.484Z,MOBILE,iOS
55b5f342-5a4c-49bc-b6b3-5bd76058a261,ATC,2022-08-22T22:07:50.484Z,MOBILE,iOS
e28b3e71-c988-4a44-a1c7-a3ddd1b0a4f3,HP,2022-01-07T08:32:50.436Z,MOBILE,iOS
e28b3e71-c988-4a44-a1c7-a3ddd1b0a4f3,ATC,2022-01-10T13:00:53.436Z,MOBILE,iOS
e28b3e71-c988-4a44-a1c7-a3ddd1b0a4f3,SCR,2022-01-19T05:35:40.436Z,MOBILE,iOS
e28b3e71-c988-4a44-a1c7-a3ddd1b0a4f3,HP,2022-01-21T13:18:35.436Z,MOBILE,iOS
e28b3e71-c988-4a44-a1c7-a3ddd1b0a4f3,HP,2022-01-26T04:43:32.436Z,MOBILE,iOS
e28b3e71-c988-4a44-a1c7-a3ddd1b0a4f3,SCR,2022-01-30T20:19:32.436Z,MOBILE,iOS
e28b3e71-c988-4a44-a1c7-a3ddd1b0a4f3,SER,2022-02-06T19:28:51.436Z,MOBILE,iOS
e28b3e71-c988-4a44-a1c7-a3ddd1b0a4f3,HP,2022-02-09T03:13:27.436Z,MOBILE,iOS
e28b3e71-c988-4a44-a1c7-a3ddd1b0a4f3,SCR,2022-02-13T18:34:02.436Z,MOBILE,iOS
e28b3e71-c988-4a44-a1c7-a3ddd1b0a4f3,HP,2022-02-16T02:11:39.436Z,MOBILE,iOS
e28b3e71-c988-4a44-a1c7-a3ddd1b0a4f3,HP,2022-02-18T09:52:23.436Z,MOBILE,iOS
e28b3e71-c988-4a44-a1c7-a3ddd1b0a4f3,HP,2022-02-20T17:28:23.436Z,MOBILE,iOS
e28b3e71-c988-4a44-a1c7-a3ddd1b0a4f3,SER,2022-02-23T01:04:22.436Z,MOBILE,iOS
e28b3e71-c988-4a44-a1c7-a3ddd1b0a4f3,VI,2022-02-02T03:50:58.436Z,MOBILE,iOS
e28b3e71-c988-4a44-a1c7-a3ddd1b0a4f3,VI,2022-02-11T11:03:02.436Z,MOBILE,iOS
96c057d2-794e-4c80-8cf9-331a82aa90c5,HP,2022-03-23T10:23:40.623Z,MOBILE,iOS
96c057d2-794e-4c80-8cf9-331a82aa90c5,ATC,2022-03-23T10:30:51.623Z,MOBILE,iOS
96c057d2-794e-4c80-8cf9-331a82aa90c5,ATC,2022-03-23T10:37:16.623Z,MOBILE,iOS
96c057d2-794e-4c80-8cf9-331a82aa90c5,ATC,2022-03-23T10:44:09.623Z,MOBILE,iOS
96c057d2-794e-4c80-8cf9-331a82aa90c5,ATC,2022-03-23T10:50:34.623Z,MOBILE,iOS
96c057d2-794e-4c80-8cf9-331a82aa90c5,CO,2022-03-23T11:04:37.110Z,MOBILE,iOS
96c057d2-794e-4c80-8cf9-331a82aa90c5,VI,2022-03-23T10:30:18.623Z,MOBILE,iOS
26726db8-105f-403c-8dfd-5ed153845c5a,HP,2020-06-22T10:43:30.891Z,MOBILE,Android
26726db8-105f-403c-8dfd-5ed153845c5a,ATC,2020-06-24T16:36:13.891Z,MOBILE,Android
26726db8-105f-403c-8dfd-5ed153845c5a,AP,2020-06-26T22:34:15.891Z,MOBILE,Android
26726db8-105f-403c-8dfd-5ed153845c5a,CL,2020-06-26T22:27:06.891Z,MOBILE,Android
26726db8-105f-403c-8dfd-5ed153845c5a,CL,2020-06-29T04:03:41.891Z,MOBILE,Android
26726db8-105f-403c-8dfd-5ed153845c5a,ATC,2020-07-01T09:55:02.891Z,MOBILE,Android
26726db8-105f-403c-8dfd-5ed153845c5a,SCR,2020-07-03T15:42:51.891Z,MOBILE,Android
26726db8-105f-403c-8dfd-5ed153845c5a,CL,2020-07-05T21:35:54.891Z,MOBILE,Android
26726db8-105f-403c-8dfd-5ed153845c5a,SER,2020-07-08T03:35:47.891Z,MOBILE,Android
26726db8-105f-403c-8dfd-5ed153845c5a,ATC,2020-07-10T09:31:49.891Z,MOBILE,Android
2e897146-d03d-479f-a964-942973bf5a30,HP,2021-04-12T23:49:28.891Z,MOBILE,Android
2e897146-d03d-479f-a964-942973bf5a30,ATC,2021-04-14T06:44:00.891Z,MOBILE,Android
2e897146-d03d-479f-a964-942973bf5a30,ATC,2021-04-15T13:30:46.891Z,MOBILE,Android
2e897146-d03d-479f-a964-942973bf5a30,AP,2021-04-16T20:12:31.891Z,MOBILE,Android
2e897146-d03d-479f-a964-942973bf5a30,ATC,2021-04-14T06:34:34.891Z,MOBILE,Android
2e897146-d03d-479f-a964-942973bf5a30,ATC,2021-04-15T13:26:27.891Z,MOBILE,Android
2e897146-d03d-479f-a964-942973bf5a30,ATC,2021-04-16T20:21:02.891Z,MOBILE,Android
2e897146-d03d-479f-a964-942973bf5a30,SCR,2021-04-18T03:01:06.891Z,MOBILE,Android
2e897146-d03d-479f-a964-942973bf5a30,HP,2021-04-19T09:53:48.891Z,MOBILE,Android
2e897146-d03d-479f-a964-942973bf5a30,HP,2021-04-20T16:47:16.891Z,MOBILE,Android
2e897146-d03d-479f-a964-942973bf5a30,SCR,2021-04-21T23:47:40.891Z,MOBILE,Android
a64f203a-1529-4651-bee2-e0542f247ef7,HP,2023-10-22T23:33:53.891Z,MOBILE,Android
a64f203a-1529-4651-bee2-e0542f247ef7,ATC,2023-10-26T07:30:18.891Z,MOBILE,Android
a64f203a-1529-4651-bee2-e0542f247ef7,VI,2023-10-26T07:25:17.891Z,MOBILE,Android
a64f203a-1529-4651-bee2-e0542f247ef7,VI,2023-10-29T15:24:43.891Z,MOBILE,Android
213a479f-c4f5-48bc-b989-45db1efdde80,HP,2019-08-23T00:18:35.277Z,MOBILE,iOS
213a479f-c4f5-48bc-b989-45db1efdde80,ATC,2019-08-23T07:34:58.277Z,MOBILE,iOS
213a479f-c4f5-48bc-b989-45db1efdde80,ATC,2019-08-23T14:59:27.277Z,MOBILE,iOS
213a479f-c4f5-48bc-b989-45db1efdde80,AP,2019-08-23T22:29:32.277Z,MOBILE,iOS
213a479f-c4f5-48bc-b989-45db1efdde80,ATC,2019-08-23T07:40:45.277Z,MOBILE,iOS
213a479f-c4f5-48bc-b989-45db1efdde80,SER,2019-08-23T15:01:36.277Z,MOBILE,iOS
d65ea4ee-750e-49f0-aa25-90067765ad36,HP,2019-12-09T18:38:55.277Z,MOBILE,iOS
d65ea4ee-750e-49f0-aa25-90067765ad36,ATC,2019-12-10T21:38:35.277Z,MOBILE,iOS
d65ea4ee-750e-49f0-aa25-90067765ad36,AP,2019-12-12T00:45:16.277Z,MOBILE,iOS
d65ea4ee-750e-49f0-aa25-90067765ad36,HP,2019-12-10T21:40:54.277Z,MOBILE,iOS
d65ea4ee-750e-49f0-aa25-90067765ad36,CL,2019-12-12T00:42:53.277Z,MOBILE,iOS
d65ea4ee-750e-49f0-aa25-90067765ad36,CL,2019-12-13T03:49:19.277Z,MOBILE,iOS
d65ea4ee-750e-49f0-aa25-90067765ad36,CL,2019-12-15T09:52:43.277Z,MOBILE,iOS
d65ea4ee-750e-49f0-aa25-90067765ad36,SCR,2019-12-16T12:54:38.277Z,MOBILE,iOS
d65ea4ee-750e-49f0-aa25-90067765ad36,ATC,2019-12-17T15:51:15.277Z,MOBILE,iOS
d65ea4ee-750e-49f0-aa25-90067765ad36,HP,2019-12-18T18:42:57.277Z,MOBILE,iOS
d65ea4ee-750e-49f0-aa25-90067765ad36,SER,2019-12-19T21:41:09.277Z,MOBILE,iOS
d65ea4ee-750e-49f0-aa25-90067765ad36,CL,2019-12-21T00:37:23.277Z,MOBILE,iOS
d65ea4ee-750e-49f0-aa25-90067765ad36,CL,2019-12-22T03:37:33.277Z,MOBILE,iOS
d65ea4ee-750e-49f0-aa25-90067765ad36,ATC,2019-12-23T06:28:00.277Z,MOBILE,iOS
d65ea4ee-750e-49f0-aa25-90067765ad36,ATC,2019-12-24T09:28:58.277Z,MOBILE,iOS
d65ea4ee-750e-49f0-aa25-90067765ad36,SER,2019-12-26T15:19:29.277Z,MOBILE,iOS
d65ea4ee-750e-49f0-aa25-90067765ad36,HP,2019-12-27T18:20:27.277Z,MOBILE,iOS
d65ea4ee-750e-49f0-aa25-90067765ad36,SER,2019-12-28T21:26:26.277Z,MOBILE,iOS
d65ea4ee-750e-49f0-aa25-90067765ad36,CL,2019-12-30T00:24:39.277Z,MOBILE,iOS
d65ea4ee-750e-49f0-aa25-90067765ad36,ATC,2020-01-01T06:22:50.277Z,MOBILE,iOS
d65ea4ee-750e-49f0-aa25-90067765ad36,CL,2020-01-03T12:15:11.277Z,MOBILE,iOS
d65ea4ee-750e-49f0-aa25-90067765ad36,VI,2019-12-14T06:49:42.277Z,MOBILE,iOS
d65ea4ee-750e-49f0-aa25-90067765ad36,VI,2019-12-25T12:28:47.277Z,MOBILE,iOS
d65ea4ee-750e-49f0-aa25-90067765ad36,VI,2020-01-02T09:20:31.277Z,MOBILE,iOS
50b15a7e-a7c2-4289-be24-da6b2c540612,HP,2023-08-04T13:04:53.277Z,MOBILE,iOS
50b15a7e-a7c2-4289-be24-da6b2c540612,ATC,2023-08-04T13:14:59.277Z,MOBILE,iOS
50b15a7e-a7c2-4289-be24-da6b2c540612,AP,2023-08-04T13:25:54.277Z,MOBILE,iOS
50b15a7e-a7c2-4289-be24-da6b2c540612,ATC,2023-08-04T13:16:57.277Z,MOBILE,iOS
50b15a7e-a7c2-4289-be24-da6b2c540612,ATC,2023-08-04T13:27:45.277Z,MOBILE,iOS
50b15a7e-a7c2-4289-be24-da6b2c540612,SER,2023-08-04T13:38:24.277Z,MOBILE,iOS
50b15a7e-a7c2-4289-be24-da6b2c540612,SER,2023-08-04T13:48:55.277Z,MOBILE,iOS
50b15a7e-a7c2-4289-be24-da6b2c540612,SER,2023-08-04T14:00:05.277Z,MOBILE,iOS
50b15a7e-a7c2-4289-be24-da6b2c540612,HP,2023-08-04T14:10:34.277Z,MOBILE,iOS
50b15a7e-a7c2-4289-be24-da6b2c540612,HP,2023-08-04T14:21:48.277Z,MOBILE,iOS
59bd3f77-d813-47a1-a3ec-0c24b15d2227,HP,2023-10-10T04:50:46.277Z,MOBILE,iOS
59bd3f77-d813-47a1-a3ec-0c24b15d2227,ATC,2023-10-11T07:34:15.277Z,MOBILE,iOS
861592c6-be1f-43e9-8f27-8da4c62e970e,SCR,2019-04-09T11:53:02.459Z,WEB,Android
59bd3f77-d813-47a1-a3ec-0c24b15d2227,CL,2023-10-11T07:37:19.277Z,MOBILE,iOS
59bd3f77-d813-47a1-a3ec-0c24b15d2227,CL,2023-10-12T10:19:05.277Z,MOBILE,iOS
59bd3f77-d813-47a1-a3ec-0c24b15d2227,CL,2023-10-13T12:58:50.277Z,MOBILE,iOS
59bd3f77-d813-47a1-a3ec-0c24b15d2227,HP,2023-10-14T15:49:35.277Z,MOBILE,iOS
59bd3f77-d813-47a1-a3ec-0c24b15d2227,CL,2023-10-15T18:40:45.277Z,MOBILE,iOS
59bd3f77-d813-47a1-a3ec-0c24b15d2227,CL,2023-10-18T00:16:23.277Z,MOBILE,iOS
59bd3f77-d813-47a1-a3ec-0c24b15d2227,HP,2023-10-19T03:01:41.277Z,MOBILE,iOS
59bd3f77-d813-47a1-a3ec-0c24b15d2227,SER,2023-10-20T05:55:05.277Z,MOBILE,iOS
59bd3f77-d813-47a1-a3ec-0c24b15d2227,CL,2023-10-21T08:43:25.277Z,MOBILE,iOS
59bd3f77-d813-47a1-a3ec-0c24b15d2227,ATC,2023-10-22T11:31:36.277Z,MOBILE,iOS
59bd3f77-d813-47a1-a3ec-0c24b15d2227,CL,2023-10-23T14:16:04.277Z,MOBILE,iOS
59bd3f77-d813-47a1-a3ec-0c24b15d2227,HP,2023-10-24T17:00:34.277Z,MOBILE,iOS
59bd3f77-d813-47a1-a3ec-0c24b15d2227,CL,2023-10-25T19:49:02.277Z,MOBILE,iOS
59bd3f77-d813-47a1-a3ec-0c24b15d2227,HP,2023-10-26T22:39:07.277Z,MOBILE,iOS
59bd3f77-d813-47a1-a3ec-0c24b15d2227,SCR,2023-10-28T01:30:07.277Z,MOBILE,iOS
59bd3f77-d813-47a1-a3ec-0c24b15d2227,HP,2023-10-29T04:17:57.277Z,MOBILE,iOS
59bd3f77-d813-47a1-a3ec-0c24b15d2227,CL,2023-10-31T09:45:57.277Z,MOBILE,iOS
59bd3f77-d813-47a1-a3ec-0c24b15d2227,VI,2023-10-16T21:33:48.277Z,MOBILE,iOS
3fb6c3b6-488b-400a-84e4-1c0da6eccf4a,HP,2022-04-07T17:31:06.884Z,MOBILE,Android
3fb6c3b6-488b-400a-84e4-1c0da6eccf4a,ATC,2022-04-07T19:29:12.884Z,MOBILE,Android
3fb6c3b6-488b-400a-84e4-1c0da6eccf4a,ATC,2022-04-07T21:28:06.884Z,MOBILE,Android
3fb6c3b6-488b-400a-84e4-1c0da6eccf4a,ATC,2022-04-07T23:26:29.884Z,MOBILE,Android
3fb6c3b6-488b-400a-84e4-1c0da6eccf4a,ATC,2022-04-08T01:25:08.884Z,MOBILE,Android
3fb6c3b6-488b-400a-84e4-1c0da6eccf4a,ATC,2022-04-08T03:24:35.884Z,MOBILE,Android
3fb6c3b6-488b-400a-84e4-1c0da6eccf4a,ATC,2022-04-08T05:22:54.884Z,MOBILE,Android
3fb6c3b6-488b-400a-84e4-1c0da6eccf4a,ATC,2022-04-08T07:20:49.884Z,MOBILE,Android
3fb6c3b6-488b-400a-84e4-1c0da6eccf4a,ATC,2022-04-08T09:19:54.884Z,MOBILE,Android
3fb6c3b6-488b-400a-84e4-1c0da6eccf4a,ATC,2022-04-08T11:19:55.884Z,MOBILE,Android
3fb6c3b6-488b-400a-84e4-1c0da6eccf4a,CL,2022-04-07T19:30:06.884Z,MOBILE,Android
b244744b-628a-4db9-9a08-57f8776db6d9,HP,2023-02-10T01:40:40.884Z,MOBILE,Android
b244744b-628a-4db9-9a08-57f8776db6d9,ATC,2023-02-10T06:30:00.884Z,MOBILE,Android
b244744b-628a-4db9-9a08-57f8776db6d9,SCR,2023-02-10T06:31:44.884Z,MOBILE,Android
ebd2fc74-8ab0-4616-97e2-ef123e8b0167,HP,2022-06-29T03:06:10.139Z,MOBILE,Android
ebd2fc74-8ab0-4616-97e2-ef123e8b0167,ATC,2022-06-29T23:49:57.139Z,MOBILE,Android
ebd2fc74-8ab0-4616-97e2-ef123e8b0167,CL,2022-06-29T23:44:43.139Z,MOBILE,Android
ebd2fc74-8ab0-4616-97e2-ef123e8b0167,HP,2022-07-02T02:07:21.139Z,MOBILE,Android
ebd2fc74-8ab0-4616-97e2-ef123e8b0167,SCR,2022-07-02T10:56:44.139Z,MOBILE,Android
ebd2fc74-8ab0-4616-97e2-ef123e8b0167,HP,2022-07-02T19:44:56.139Z,MOBILE,Android
ebd2fc74-8ab0-4616-97e2-ef123e8b0167,CL,2022-07-03T13:21:39.139Z,MOBILE,Android
ebd2fc74-8ab0-4616-97e2-ef123e8b0167,HP,2022-07-03T22:12:09.139Z,MOBILE,Android
ebd2fc74-8ab0-4616-97e2-ef123e8b0167,HP,2022-07-04T07:04:02.139Z,MOBILE,Android
ebd2fc74-8ab0-4616-97e2-ef123e8b0167,SER,2022-07-04T16:01:30.139Z,MOBILE,Android
ebd2fc74-8ab0-4616-97e2-ef123e8b0167,CL,2022-07-05T00:55:40.139Z,MOBILE,Android
ebd2fc74-8ab0-4616-97e2-ef123e8b0167,SER,2022-07-05T09:45:48.139Z,MOBILE,Android
ebd2fc74-8ab0-4616-97e2-ef123e8b0167,CL,2022-07-05T18:38:09.139Z,MOBILE,Android
ebd2fc74-8ab0-4616-97e2-ef123e8b0167,HP,2022-07-06T03:30:45.139Z,MOBILE,Android
ebd2fc74-8ab0-4616-97e2-ef123e8b0167,CL,2022-07-06T12:22:13.139Z,MOBILE,Android
ebd2fc74-8ab0-4616-97e2-ef123e8b0167,HP,2022-07-07T14:57:14.139Z,MOBILE,Android
ebd2fc74-8ab0-4616-97e2-ef123e8b0167,HP,2022-07-08T08:45:25.139Z,MOBILE,Android
ebd2fc74-8ab0-4616-97e2-ef123e8b0167,SCR,2022-07-08T17:38:26.139Z,MOBILE,Android
ebd2fc74-8ab0-4616-97e2-ef123e8b0167,HP,2022-07-09T02:28:14.139Z,MOBILE,Android
ebd2fc74-8ab0-4616-97e2-ef123e8b0167,CL,2022-07-09T20:13:14.139Z,MOBILE,Android
ebd2fc74-8ab0-4616-97e2-ef123e8b0167,SCR,2022-07-10T13:54:55.139Z,MOBILE,Android
ebd2fc74-8ab0-4616-97e2-ef123e8b0167,HP,2022-07-10T22:53:16.139Z,MOBILE,Android
ebd2fc74-8ab0-4616-97e2-ef123e8b0167,HP,2022-07-11T07:49:31.139Z,MOBILE,Android
ebd2fc74-8ab0-4616-97e2-ef123e8b0167,SER,2022-07-11T16:43:18.139Z,MOBILE,Android
ebd2fc74-8ab0-4616-97e2-ef123e8b0167,CL,2022-07-12T01:29:18.139Z,MOBILE,Android
ebd2fc74-8ab0-4616-97e2-ef123e8b0167,SCR,2022-07-13T03:59:50.139Z,MOBILE,Android
1ee01a6b-b4af-4c6e-9987-39857fc4e703,HP,2022-07-14T12:01:00.139Z,MOBILE,Android
1ee01a6b-b4af-4c6e-9987-39857fc4e703,ATC,2022-07-15T15:25:41.139Z,MOBILE,Android
1ee01a6b-b4af-4c6e-9987-39857fc4e703,AP,2022-07-16T18:54:53.139Z,MOBILE,Android
1ee01a6b-b4af-4c6e-9987-39857fc4e703,SER,2022-07-15T15:17:14.139Z,MOBILE,Android
1ee01a6b-b4af-4c6e-9987-39857fc4e703,HP,2022-07-20T04:47:31.139Z,MOBILE,Android
1ee01a6b-b4af-4c6e-9987-39857fc4e703,SCR,2022-07-21T08:09:37.139Z,MOBILE,Android
ff06e8d8-6fde-4e3d-817c-1edbfe52e0f6,CL,2019-05-08T19:26:00.459Z,MOBILE,Android
44656b82-0555-4111-8b86-5dc72e773137,HP,2023-02-14T09:49:50.242Z,MOBILE,Android
44656b82-0555-4111-8b86-5dc72e773137,ATC,2023-02-14T12:13:02.242Z,MOBILE,Android
44656b82-0555-4111-8b86-5dc72e773137,ATC,2023-02-14T14:39:59.242Z,MOBILE,Android
44656b82-0555-4111-8b86-5dc72e773137,CL,2023-02-14T12:12:20.242Z,MOBILE,Android
44656b82-0555-4111-8b86-5dc72e773137,SCR,2023-02-14T14:33:58.242Z,MOBILE,Android
44656b82-0555-4111-8b86-5dc72e773137,SER,2023-02-14T16:58:03.242Z,MOBILE,Android
44656b82-0555-4111-8b86-5dc72e773137,CL,2023-02-14T19:19:27.242Z,MOBILE,Android
44656b82-0555-4111-8b86-5dc72e773137,HP,2023-02-14T21:43:11.242Z,MOBILE,Android
44656b82-0555-4111-8b86-5dc72e773137,SCR,2023-02-15T00:07:19.242Z,MOBILE,Android
44656b82-0555-4111-8b86-5dc72e773137,SCR,2023-02-15T04:51:20.242Z,MOBILE,Android
44656b82-0555-4111-8b86-5dc72e773137,CL,2023-02-15T07:12:53.242Z,MOBILE,Android
44656b82-0555-4111-8b86-5dc72e773137,SCR,2023-02-15T09:36:12.242Z,MOBILE,Android
44656b82-0555-4111-8b86-5dc72e773137,SER,2023-02-15T11:59:00.242Z,MOBILE,Android
44656b82-0555-4111-8b86-5dc72e773137,SCR,2023-02-15T14:19:01.242Z,MOBILE,Android
44656b82-0555-4111-8b86-5dc72e773137,VI,2023-02-15T02:30:40.242Z,MOBILE,Android
76d3f460-728e-47cb-a514-60b5818a314f,HP,2023-10-01T19:06:22.242Z,MOBILE,Android
76d3f460-728e-47cb-a514-60b5818a314f,ATC,2023-10-02T06:55:28.242Z,MOBILE,Android
76d3f460-728e-47cb-a514-60b5818a314f,ATC,2023-10-02T18:41:19.242Z,MOBILE,Android
76d3f460-728e-47cb-a514-60b5818a314f,SCR,2023-10-02T06:51:08.242Z,MOBILE,Android
76d3f460-728e-47cb-a514-60b5818a314f,CL,2023-10-02T18:37:07.242Z,MOBILE,Android
913587c8-78f3-4d31-bace-b8a745c97442,HP,2019-10-16T06:07:52.529Z,MOBILE,Android
913587c8-78f3-4d31-bace-b8a745c97442,ATC,2019-10-18T07:39:46.529Z,MOBILE,Android
913587c8-78f3-4d31-bace-b8a745c97442,AP,2019-10-20T09:11:12.529Z,MOBILE,Android
913587c8-78f3-4d31-bace-b8a745c97442,CL,2019-10-18T07:34:53.529Z,MOBILE,Android
913587c8-78f3-4d31-bace-b8a745c97442,CL,2019-10-20T09:09:35.529Z,MOBILE,Android
913587c8-78f3-4d31-bace-b8a745c97442,HP,2019-10-22T10:48:42.529Z,MOBILE,Android
913587c8-78f3-4d31-bace-b8a745c97442,ATC,2019-10-24T12:02:22.529Z,MOBILE,Android
913587c8-78f3-4d31-bace-b8a745c97442,CL,2019-10-26T13:39:30.529Z,MOBILE,Android
913587c8-78f3-4d31-bace-b8a745c97442,SCR,2019-10-28T15:22:48.529Z,MOBILE,Android
913587c8-78f3-4d31-bace-b8a745c97442,CL,2019-10-30T16:53:53.529Z,MOBILE,Android
913587c8-78f3-4d31-bace-b8a745c97442,ATC,2019-11-01T18:31:29.529Z,MOBILE,Android
913587c8-78f3-4d31-bace-b8a745c97442,ATC,2019-11-03T20:14:56.529Z,MOBILE,Android
913587c8-78f3-4d31-bace-b8a745c97442,HP,2019-11-24T06:42:50.529Z,MOBILE,Android
30d7ed39-fb54-439b-b039-730f6d1f5312,HP,2021-01-10T10:57:47.529Z,MOBILE,Android
30d7ed39-fb54-439b-b039-730f6d1f5312,ATC,2021-01-10T22:06:41.529Z,MOBILE,Android
30d7ed39-fb54-439b-b039-730f6d1f5312,ATC,2021-01-11T09:12:54.529Z,MOBILE,Android
30d7ed39-fb54-439b-b039-730f6d1f5312,ATC,2021-01-11T20:19:08.529Z,MOBILE,Android
30d7ed39-fb54-439b-b039-730f6d1f5312,HP,2021-01-12T07:25:51.529Z,MOBILE,Android
30d7ed39-fb54-439b-b039-730f6d1f5312,ATC,2021-01-12T18:30:36.529Z,MOBILE,Android
30d7ed39-fb54-439b-b039-730f6d1f5312,ATC,2021-01-13T05:42:09.529Z,MOBILE,Android
30d7ed39-fb54-439b-b039-730f6d1f5312,CL,2021-01-13T16:53:13.529Z,MOBILE,Android
30d7ed39-fb54-439b-b039-730f6d1f5312,SCR,2021-01-14T04:03:48.529Z,MOBILE,Android
30d7ed39-fb54-439b-b039-730f6d1f5312,CL,2021-01-14T15:11:50.529Z,MOBILE,Android
30d7ed39-fb54-439b-b039-730f6d1f5312,SER,2021-01-15T02:18:25.529Z,MOBILE,Android
30d7ed39-fb54-439b-b039-730f6d1f5312,VI,2021-01-10T22:08:01.529Z,MOBILE,Android
87cd25e6-6c02-4096-92cf-5bca36d5fed5,HP,2021-09-28T07:26:09.529Z,WEB,Android
87cd25e6-6c02-4096-92cf-5bca36d5fed5,ATC,2021-09-28T21:25:26.529Z,WEB,Android
87cd25e6-6c02-4096-92cf-5bca36d5fed5,ATC,2021-09-29T11:28:46.529Z,WEB,Android
87cd25e6-6c02-4096-92cf-5bca36d5fed5,ATC,2021-09-30T01:30:14.529Z,WEB,Android
87cd25e6-6c02-4096-92cf-5bca36d5fed5,ATC,2021-09-30T15:30:12.529Z,WEB,Android
87cd25e6-6c02-4096-92cf-5bca36d5fed5,ATC,2021-10-01T05:41:05.529Z,WEB,Android
87cd25e6-6c02-4096-92cf-5bca36d5fed5,ATC,2021-10-01T19:49:06.529Z,WEB,Android
87cd25e6-6c02-4096-92cf-5bca36d5fed5,ATC,2021-10-02T09:54:49.529Z,WEB,Android
87cd25e6-6c02-4096-92cf-5bca36d5fed5,ATC,2021-10-03T00:02:47.529Z,WEB,Android
87cd25e6-6c02-4096-92cf-5bca36d5fed5,ATC,2021-10-03T14:06:51.529Z,WEB,Android
87cd25e6-6c02-4096-92cf-5bca36d5fed5,AP,2021-10-04T04:19:31.529Z,WEB,Android
87cd25e6-6c02-4096-92cf-5bca36d5fed5,SCR,2021-09-29T11:39:03.529Z,WEB,Android
87cd25e6-6c02-4096-92cf-5bca36d5fed5,SCR,2021-09-30T01:42:26.529Z,WEB,Android
87cd25e6-6c02-4096-92cf-5bca36d5fed5,ATC,2021-10-01T06:05:44.529Z,WEB,Android
87cd25e6-6c02-4096-92cf-5bca36d5fed5,CL,2021-10-01T20:10:36.529Z,WEB,Android
87cd25e6-6c02-4096-92cf-5bca36d5fed5,ATC,2021-10-02T10:19:23.529Z,WEB,Android
87cd25e6-6c02-4096-92cf-5bca36d5fed5,SER,2021-10-03T14:37:59.529Z,WEB,Android
87cd25e6-6c02-4096-92cf-5bca36d5fed5,CL,2021-10-04T18:49:01.529Z,WEB,Android
87cd25e6-6c02-4096-92cf-5bca36d5fed5,CL,2021-10-05T08:57:05.529Z,WEB,Android
87cd25e6-6c02-4096-92cf-5bca36d5fed5,CL,2021-10-05T23:08:36.529Z,WEB,Android
ae0b8518-56cd-4fa3-a3d3-529f4dbb1c96,HP,2021-12-27T11:44:27.529Z,MOBILE,Android
ae0b8518-56cd-4fa3-a3d3-529f4dbb1c96,ATC,2021-12-30T04:45:42.529Z,MOBILE,Android
ae0b8518-56cd-4fa3-a3d3-529f4dbb1c96,ATC,2022-01-01T21:38:16.529Z,MOBILE,Android
ae0b8518-56cd-4fa3-a3d3-529f4dbb1c96,ATC,2022-01-04T14:27:10.529Z,MOBILE,Android
ae0b8518-56cd-4fa3-a3d3-529f4dbb1c96,ATC,2021-12-30T04:41:44.529Z,MOBILE,Android
ae0b8518-56cd-4fa3-a3d3-529f4dbb1c96,SER,2022-01-01T21:42:38.529Z,MOBILE,Android
ae0b8518-56cd-4fa3-a3d3-529f4dbb1c96,HP,2022-01-04T14:40:30.529Z,MOBILE,Android
ae0b8518-56cd-4fa3-a3d3-529f4dbb1c96,CL,2022-01-07T07:40:49.529Z,MOBILE,Android
ae0b8518-56cd-4fa3-a3d3-529f4dbb1c96,CL,2022-01-10T00:37:03.529Z,MOBILE,Android
ae0b8518-56cd-4fa3-a3d3-529f4dbb1c96,SCR,2022-01-12T17:26:17.529Z,MOBILE,Android
ae0b8518-56cd-4fa3-a3d3-529f4dbb1c96,SER,2022-01-15T10:23:38.529Z,MOBILE,Android
ae0b8518-56cd-4fa3-a3d3-529f4dbb1c96,SER,2022-01-18T03:30:32.529Z,MOBILE,Android
d6b070b1-7ab2-4a0e-83e2-12d55b4bf67f,HP,2022-07-03T07:13:18.529Z,MOBILE,Android
d6b070b1-7ab2-4a0e-83e2-12d55b4bf67f,ATC,2022-07-04T10:43:09.529Z,MOBILE,Android
d6b070b1-7ab2-4a0e-83e2-12d55b4bf67f,SCR,2022-07-04T10:39:52.529Z,MOBILE,Android
d6b070b1-7ab2-4a0e-83e2-12d55b4bf67f,ATC,2022-07-05T14:08:35.529Z,MOBILE,Android
d6b070b1-7ab2-4a0e-83e2-12d55b4bf67f,ATC,2022-07-06T17:32:28.529Z,MOBILE,Android
87cd25e6-6c02-4096-92cf-5bca36d5fed5,VI,2021-10-06T13:17:27.529Z,WEB,Android
f08a6b6a-c9d3-4b11-abe2-cae863675742,HP,2022-12-21T10:09:29.556Z,MOBILE,Android
f08a6b6a-c9d3-4b11-abe2-cae863675742,ATC,2022-12-21T18:41:15.556Z,MOBILE,Android
f08a6b6a-c9d3-4b11-abe2-cae863675742,HP,2022-12-21T18:36:10.556Z,MOBILE,Android
f08a6b6a-c9d3-4b11-abe2-cae863675742,SCR,2022-12-22T11:34:38.556Z,MOBILE,Android
f08a6b6a-c9d3-4b11-abe2-cae863675742,SCR,2022-12-22T19:59:24.556Z,MOBILE,Android
f08a6b6a-c9d3-4b11-abe2-cae863675742,SER,2022-12-23T04:28:28.556Z,MOBILE,Android
f08a6b6a-c9d3-4b11-abe2-cae863675742,VI,2022-12-22T03:04:04.556Z,MOBILE,Android
f08a6b6a-c9d3-4b11-abe2-cae863675742,VI,2022-12-23T12:59:11.556Z,MOBILE,Android
bb8c65a7-a1a5-4eb8-b6ea-6ee2d6272cf3,HP,2023-02-11T16:10:56.275Z,MOBILE,iOS
bb8c65a7-a1a5-4eb8-b6ea-6ee2d6272cf3,ATC,2023-02-12T01:41:33.275Z,MOBILE,iOS
bb8c65a7-a1a5-4eb8-b6ea-6ee2d6272cf3,AP,2023-02-12T11:11:35.275Z,MOBILE,iOS
bb8c65a7-a1a5-4eb8-b6ea-6ee2d6272cf3,CL,2023-02-12T01:44:14.275Z,MOBILE,iOS
bb8c65a7-a1a5-4eb8-b6ea-6ee2d6272cf3,SCR,2023-02-12T11:16:58.275Z,MOBILE,iOS
bb8c65a7-a1a5-4eb8-b6ea-6ee2d6272cf3,SCR,2023-02-12T20:44:36.275Z,MOBILE,iOS
bb8c65a7-a1a5-4eb8-b6ea-6ee2d6272cf3,ATC,2023-02-13T06:15:27.275Z,MOBILE,iOS
bb8c65a7-a1a5-4eb8-b6ea-6ee2d6272cf3,CL,2023-02-13T15:48:51.275Z,MOBILE,iOS
bb8c65a7-a1a5-4eb8-b6ea-6ee2d6272cf3,ATC,2023-02-14T01:26:28.275Z,MOBILE,iOS
bb8c65a7-a1a5-4eb8-b6ea-6ee2d6272cf3,HP,2023-02-14T20:42:33.275Z,MOBILE,iOS
bb8c65a7-a1a5-4eb8-b6ea-6ee2d6272cf3,ATC,2023-02-15T06:11:35.275Z,MOBILE,iOS
bb8c65a7-a1a5-4eb8-b6ea-6ee2d6272cf3,ATC,2023-02-15T15:43:42.275Z,MOBILE,iOS
b483feb6-2af7-476b-b4e6-2e2f5fc3e54e,SER,2022-10-24T06:45:14.921Z,MOBILE,Android
bc53233e-d9c8-4060-9a76-60bc9be069f0,HP,2021-09-24T09:40:25.921Z,MOBILE,Android
bc53233e-d9c8-4060-9a76-60bc9be069f0,ATC,2021-09-24T10:56:17.921Z,MOBILE,Android
bc53233e-d9c8-4060-9a76-60bc9be069f0,SCR,2021-09-24T10:55:39.921Z,MOBILE,Android
bc53233e-d9c8-4060-9a76-60bc9be069f0,HP,2021-09-24T12:08:54.921Z,MOBILE,Android
42bb57d6-22d9-4908-b0c0-32e5086755b5,HP,2022-03-12T12:26:25.921Z,MOBILE,Android
42bb57d6-22d9-4908-b0c0-32e5086755b5,ATC,2022-03-15T01:23:45.921Z,MOBILE,Android
42bb57d6-22d9-4908-b0c0-32e5086755b5,AP,2022-03-17T14:30:07.921Z,MOBILE,Android
42bb57d6-22d9-4908-b0c0-32e5086755b5,HP,2022-03-15T01:30:36.921Z,MOBILE,Android
b483feb6-2af7-476b-b4e6-2e2f5fc3e54e,HP,2022-10-23T20:28:57.921Z,MOBILE,Android
b483feb6-2af7-476b-b4e6-2e2f5fc3e54e,ATC,2022-10-24T06:45:44.921Z,MOBILE,Android
b483feb6-2af7-476b-b4e6-2e2f5fc3e54e,AP,2022-10-24T17:03:38.921Z,MOBILE,Android
b483feb6-2af7-476b-b4e6-2e2f5fc3e54e,ATC,2022-10-24T17:00:03.921Z,MOBILE,Android
b483feb6-2af7-476b-b4e6-2e2f5fc3e54e,CL,2022-10-25T03:18:49.921Z,MOBILE,Android
b483feb6-2af7-476b-b4e6-2e2f5fc3e54e,SER,2022-10-26T10:01:49.921Z,MOBILE,Android
b483feb6-2af7-476b-b4e6-2e2f5fc3e54e,HP,2022-10-26T20:17:25.921Z,MOBILE,Android
b483feb6-2af7-476b-b4e6-2e2f5fc3e54e,ATC,2022-10-27T16:53:32.921Z,MOBILE,Android
b483feb6-2af7-476b-b4e6-2e2f5fc3e54e,ATC,2022-10-28T03:08:11.921Z,MOBILE,Android
b483feb6-2af7-476b-b4e6-2e2f5fc3e54e,CL,2022-10-28T13:25:07.921Z,MOBILE,Android
b483feb6-2af7-476b-b4e6-2e2f5fc3e54e,SER,2022-10-29T09:54:56.921Z,MOBILE,Android
b483feb6-2af7-476b-b4e6-2e2f5fc3e54e,HP,2022-11-10T01:52:05.921Z,MOBILE,Android
b483feb6-2af7-476b-b4e6-2e2f5fc3e54e,SER,2022-10-29T20:16:04.921Z,MOBILE,Android
b483feb6-2af7-476b-b4e6-2e2f5fc3e54e,CL,2022-10-30T06:32:43.921Z,MOBILE,Android
42bb57d6-22d9-4908-b0c0-32e5086755b5,VI,2022-03-20T03:37:34.921Z,MOBILE,Android
b483feb6-2af7-476b-b4e6-2e2f5fc3e54e,VI,2022-10-25T13:33:01.921Z,MOBILE,Android
b483feb6-2af7-476b-b4e6-2e2f5fc3e54e,VI,2022-10-25T23:46:55.921Z,MOBILE,Android
b483feb6-2af7-476b-b4e6-2e2f5fc3e54e,CL,2022-10-30T16:51:25.921Z,MOBILE,Android
b483feb6-2af7-476b-b4e6-2e2f5fc3e54e,CL,2022-10-31T13:28:01.921Z,MOBILE,Android
b483feb6-2af7-476b-b4e6-2e2f5fc3e54e,ATC,2022-10-31T23:48:32.921Z,MOBILE,Android
b483feb6-2af7-476b-b4e6-2e2f5fc3e54e,SCR,2022-11-01T10:07:13.921Z,MOBILE,Android
b483feb6-2af7-476b-b4e6-2e2f5fc3e54e,CL,2022-11-01T20:30:05.921Z,MOBILE,Android
b483feb6-2af7-476b-b4e6-2e2f5fc3e54e,ATC,2022-11-02T06:43:21.921Z,MOBILE,Android
b483feb6-2af7-476b-b4e6-2e2f5fc3e54e,HP,2022-11-03T03:12:52.921Z,MOBILE,Android
b483feb6-2af7-476b-b4e6-2e2f5fc3e54e,SCR,2022-11-03T13:32:24.921Z,MOBILE,Android
b483feb6-2af7-476b-b4e6-2e2f5fc3e54e,HP,2022-11-04T23:23:16.921Z,MOBILE,Android
b483feb6-2af7-476b-b4e6-2e2f5fc3e54e,HP,2022-11-05T02:23:28.921Z,MOBILE,Android
b483feb6-2af7-476b-b4e6-2e2f5fc3e54e,HP,2022-11-05T05:22:38.921Z,MOBILE,Android
b483feb6-2af7-476b-b4e6-2e2f5fc3e54e,HP,2022-11-05T08:20:39.921Z,MOBILE,Android
b483feb6-2af7-476b-b4e6-2e2f5fc3e54e,HP,2022-11-05T11:22:40.921Z,MOBILE,Android
b483feb6-2af7-476b-b4e6-2e2f5fc3e54e,HP,2022-11-05T14:22:30.921Z,MOBILE,Android
b483feb6-2af7-476b-b4e6-2e2f5fc3e54e,HP,2022-11-05T17:22:02.921Z,MOBILE,Android
b483feb6-2af7-476b-b4e6-2e2f5fc3e54e,HP,2022-11-05T20:19:43.921Z,MOBILE,Android
b483feb6-2af7-476b-b4e6-2e2f5fc3e54e,HP,2022-11-05T23:17:53.921Z,MOBILE,Android
b483feb6-2af7-476b-b4e6-2e2f5fc3e54e,SCR,2022-11-06T02:17:51.921Z,MOBILE,Android
b483feb6-2af7-476b-b4e6-2e2f5fc3e54e,HP,2022-11-06T05:14:29.921Z,MOBILE,Android
b483feb6-2af7-476b-b4e6-2e2f5fc3e54e,HP,2022-11-06T08:14:09.921Z,MOBILE,Android
b483feb6-2af7-476b-b4e6-2e2f5fc3e54e,HP,2022-11-06T11:13:07.921Z,MOBILE,Android
b483feb6-2af7-476b-b4e6-2e2f5fc3e54e,HP,2022-11-06T20:10:25.921Z,MOBILE,Android
b483feb6-2af7-476b-b4e6-2e2f5fc3e54e,CL,2022-11-06T23:11:16.921Z,MOBILE,Android
b483feb6-2af7-476b-b4e6-2e2f5fc3e54e,SCR,2022-11-07T05:10:50.921Z,MOBILE,Android
b483feb6-2af7-476b-b4e6-2e2f5fc3e54e,HP,2022-11-07T08:09:44.921Z,MOBILE,Android
b483feb6-2af7-476b-b4e6-2e2f5fc3e54e,HP,2022-11-07T11:08:24.921Z,MOBILE,Android
b483feb6-2af7-476b-b4e6-2e2f5fc3e54e,HP,2022-11-07T14:07:47.921Z,MOBILE,Android
b483feb6-2af7-476b-b4e6-2e2f5fc3e54e,HP,2022-11-07T17:08:47.921Z,MOBILE,Android
b483feb6-2af7-476b-b4e6-2e2f5fc3e54e,HP,2022-11-07T20:11:23.921Z,MOBILE,Android
b483feb6-2af7-476b-b4e6-2e2f5fc3e54e,HP,2022-11-08T02:08:17.921Z,MOBILE,Android
b483feb6-2af7-476b-b4e6-2e2f5fc3e54e,HP,2022-11-08T05:06:53.921Z,MOBILE,Android
b483feb6-2af7-476b-b4e6-2e2f5fc3e54e,HP,2022-11-08T08:04:54.921Z,MOBILE,Android
b483feb6-2af7-476b-b4e6-2e2f5fc3e54e,HP,2022-11-08T11:02:12.921Z,MOBILE,Android
b483feb6-2af7-476b-b4e6-2e2f5fc3e54e,HP,2022-11-08T14:04:08.921Z,MOBILE,Android
b483feb6-2af7-476b-b4e6-2e2f5fc3e54e,HP,2022-11-08T17:01:34.921Z,MOBILE,Android
b483feb6-2af7-476b-b4e6-2e2f5fc3e54e,HP,2022-11-08T20:00:53.921Z,MOBILE,Android
b483feb6-2af7-476b-b4e6-2e2f5fc3e54e,HP,2022-11-08T22:57:02.921Z,MOBILE,Android
b483feb6-2af7-476b-b4e6-2e2f5fc3e54e,HP,2022-11-09T01:58:44.921Z,MOBILE,Android
b483feb6-2af7-476b-b4e6-2e2f5fc3e54e,HP,2022-11-09T04:57:54.921Z,MOBILE,Android
b483feb6-2af7-476b-b4e6-2e2f5fc3e54e,HP,2022-11-09T07:54:04.921Z,MOBILE,Android
b483feb6-2af7-476b-b4e6-2e2f5fc3e54e,HP,2022-11-09T10:55:25.921Z,MOBILE,Android
b483feb6-2af7-476b-b4e6-2e2f5fc3e54e,HP,2022-11-09T13:54:16.921Z,MOBILE,Android
b483feb6-2af7-476b-b4e6-2e2f5fc3e54e,HP,2022-11-09T16:52:23.921Z,MOBILE,Android
b483feb6-2af7-476b-b4e6-2e2f5fc3e54e,HP,2022-11-09T19:54:12.921Z,MOBILE,Android
b483feb6-2af7-476b-b4e6-2e2f5fc3e54e,HP,2022-11-09T22:55:01.921Z,MOBILE,Android
b483feb6-2af7-476b-b4e6-2e2f5fc3e54e,HP,2022-11-10T07:51:53.921Z,MOBILE,Android
b483feb6-2af7-476b-b4e6-2e2f5fc3e54e,HP,2022-11-10T10:52:42.921Z,MOBILE,Android
b483feb6-2af7-476b-b4e6-2e2f5fc3e54e,HP,2022-11-10T16:48:13.921Z,MOBILE,Android
b483feb6-2af7-476b-b4e6-2e2f5fc3e54e,HP,2022-11-10T19:45:32.921Z,MOBILE,Android
b483feb6-2af7-476b-b4e6-2e2f5fc3e54e,HP,2022-11-10T22:45:08.921Z,MOBILE,Android
b483feb6-2af7-476b-b4e6-2e2f5fc3e54e,HP,2022-11-11T04:42:52.921Z,MOBILE,Android
b483feb6-2af7-476b-b4e6-2e2f5fc3e54e,HP,2022-11-11T07:39:37.921Z,MOBILE,Android
b483feb6-2af7-476b-b4e6-2e2f5fc3e54e,HP,2022-11-11T10:36:42.921Z,MOBILE,Android
b483feb6-2af7-476b-b4e6-2e2f5fc3e54e,HP,2022-11-11T13:36:55.921Z,MOBILE,Android
b483feb6-2af7-476b-b4e6-2e2f5fc3e54e,HP,2022-11-11T16:33:04.921Z,MOBILE,Android
b483feb6-2af7-476b-b4e6-2e2f5fc3e54e,SER,2022-11-11T19:31:48.921Z,MOBILE,Android
b483feb6-2af7-476b-b4e6-2e2f5fc3e54e,SER,2022-11-11T22:32:25.921Z,MOBILE,Android
b483feb6-2af7-476b-b4e6-2e2f5fc3e54e,HP,2022-11-12T04:27:59.921Z,MOBILE,Android
b483feb6-2af7-476b-b4e6-2e2f5fc3e54e,HP,2022-11-12T10:26:53.921Z,MOBILE,Android
b483feb6-2af7-476b-b4e6-2e2f5fc3e54e,HP,2022-11-12T13:26:11.921Z,MOBILE,Android
b483feb6-2af7-476b-b4e6-2e2f5fc3e54e,CL,2022-11-12T16:24:50.921Z,MOBILE,Android
b483feb6-2af7-476b-b4e6-2e2f5fc3e54e,HP,2022-11-12T19:23:52.921Z,MOBILE,Android
b483feb6-2af7-476b-b4e6-2e2f5fc3e54e,HP,2022-11-12T22:20:15.921Z,MOBILE,Android
b483feb6-2af7-476b-b4e6-2e2f5fc3e54e,HP,2022-11-13T01:20:35.921Z,MOBILE,Android
b483feb6-2af7-476b-b4e6-2e2f5fc3e54e,HP,2022-11-13T07:16:01.921Z,MOBILE,Android
b483feb6-2af7-476b-b4e6-2e2f5fc3e54e,CL,2022-11-13T10:14:04.921Z,MOBILE,Android
b483feb6-2af7-476b-b4e6-2e2f5fc3e54e,HP,2022-11-13T16:17:06.921Z,MOBILE,Android
b483feb6-2af7-476b-b4e6-2e2f5fc3e54e,HP,2022-11-13T19:14:09.921Z,MOBILE,Android
b483feb6-2af7-476b-b4e6-2e2f5fc3e54e,HP,2022-11-13T22:13:01.921Z,MOBILE,Android
b483feb6-2af7-476b-b4e6-2e2f5fc3e54e,HP,2022-11-14T01:13:06.921Z,MOBILE,Android
b483feb6-2af7-476b-b4e6-2e2f5fc3e54e,HP,2022-11-14T04:11:45.921Z,MOBILE,Android
b483feb6-2af7-476b-b4e6-2e2f5fc3e54e,SER,2022-11-14T10:05:26.921Z,MOBILE,Android
b483feb6-2af7-476b-b4e6-2e2f5fc3e54e,HP,2022-11-14T16:03:38.921Z,MOBILE,Android
b483feb6-2af7-476b-b4e6-2e2f5fc3e54e,HP,2022-11-14T19:00:45.921Z,MOBILE,Android
b483feb6-2af7-476b-b4e6-2e2f5fc3e54e,HP,2022-11-15T00:56:26.921Z,MOBILE,Android
b483feb6-2af7-476b-b4e6-2e2f5fc3e54e,HP,2022-11-15T09:54:48.921Z,MOBILE,Android
b483feb6-2af7-476b-b4e6-2e2f5fc3e54e,HP,2022-11-15T15:53:05.921Z,MOBILE,Android
b483feb6-2af7-476b-b4e6-2e2f5fc3e54e,HP,2022-11-15T18:50:20.921Z,MOBILE,Android
b483feb6-2af7-476b-b4e6-2e2f5fc3e54e,HP,2022-11-15T21:49:54.921Z,MOBILE,Android
b483feb6-2af7-476b-b4e6-2e2f5fc3e54e,SER,2022-11-16T00:50:57.921Z,MOBILE,Android
b483feb6-2af7-476b-b4e6-2e2f5fc3e54e,HP,2022-11-16T03:49:01.921Z,MOBILE,Android
b483feb6-2af7-476b-b4e6-2e2f5fc3e54e,HP,2022-11-16T06:48:17.921Z,MOBILE,Android
b483feb6-2af7-476b-b4e6-2e2f5fc3e54e,HP,2022-11-16T09:43:47.921Z,MOBILE,Android
b483feb6-2af7-476b-b4e6-2e2f5fc3e54e,HP,2022-11-16T12:40:50.921Z,MOBILE,Android
b483feb6-2af7-476b-b4e6-2e2f5fc3e54e,HP,2022-11-16T15:41:49.921Z,MOBILE,Android
b483feb6-2af7-476b-b4e6-2e2f5fc3e54e,HP,2022-11-16T18:41:55.921Z,MOBILE,Android
b483feb6-2af7-476b-b4e6-2e2f5fc3e54e,HP,2022-11-16T21:40:17.921Z,MOBILE,Android
b483feb6-2af7-476b-b4e6-2e2f5fc3e54e,HP,2022-11-17T00:38:15.921Z,MOBILE,Android
b483feb6-2af7-476b-b4e6-2e2f5fc3e54e,HP,2022-11-17T03:37:53.921Z,MOBILE,Android
b483feb6-2af7-476b-b4e6-2e2f5fc3e54e,HP,2022-11-17T06:38:38.921Z,MOBILE,Android
b483feb6-2af7-476b-b4e6-2e2f5fc3e54e,HP,2022-11-17T09:39:40.921Z,MOBILE,Android
b483feb6-2af7-476b-b4e6-2e2f5fc3e54e,CL,2022-11-17T12:39:31.921Z,MOBILE,Android
b483feb6-2af7-476b-b4e6-2e2f5fc3e54e,HP,2022-11-17T18:37:43.921Z,MOBILE,Android
b483feb6-2af7-476b-b4e6-2e2f5fc3e54e,HP,2022-11-18T00:35:59.921Z,MOBILE,Android
b483feb6-2af7-476b-b4e6-2e2f5fc3e54e,HP,2022-11-18T03:34:46.921Z,MOBILE,Android
b483feb6-2af7-476b-b4e6-2e2f5fc3e54e,HP,2022-11-18T06:34:08.921Z,MOBILE,Android
b483feb6-2af7-476b-b4e6-2e2f5fc3e54e,CL,2022-11-18T09:32:28.921Z,MOBILE,Android
b483feb6-2af7-476b-b4e6-2e2f5fc3e54e,CL,2022-11-18T12:30:18.921Z,MOBILE,Android
b483feb6-2af7-476b-b4e6-2e2f5fc3e54e,HP,2022-11-18T15:26:50.921Z,MOBILE,Android
b483feb6-2af7-476b-b4e6-2e2f5fc3e54e,HP,2022-11-18T18:27:55.921Z,MOBILE,Android
b483feb6-2af7-476b-b4e6-2e2f5fc3e54e,SCR,2022-11-18T21:28:35.921Z,MOBILE,Android
b483feb6-2af7-476b-b4e6-2e2f5fc3e54e,HP,2022-11-19T00:31:09.921Z,MOBILE,Android
b483feb6-2af7-476b-b4e6-2e2f5fc3e54e,HP,2022-11-19T03:27:19.921Z,MOBILE,Android
b483feb6-2af7-476b-b4e6-2e2f5fc3e54e,HP,2022-11-19T06:26:01.921Z,MOBILE,Android
b483feb6-2af7-476b-b4e6-2e2f5fc3e54e,SER,2022-11-19T09:25:33.921Z,MOBILE,Android
b483feb6-2af7-476b-b4e6-2e2f5fc3e54e,HP,2022-11-19T12:23:20.921Z,MOBILE,Android
b483feb6-2af7-476b-b4e6-2e2f5fc3e54e,HP,2022-11-19T15:20:19.921Z,MOBILE,Android
b483feb6-2af7-476b-b4e6-2e2f5fc3e54e,HP,2022-11-19T21:15:11.921Z,MOBILE,Android
b483feb6-2af7-476b-b4e6-2e2f5fc3e54e,HP,2022-11-20T00:13:32.921Z,MOBILE,Android
b483feb6-2af7-476b-b4e6-2e2f5fc3e54e,HP,2022-11-20T03:10:55.921Z,MOBILE,Android
b483feb6-2af7-476b-b4e6-2e2f5fc3e54e,SER,2022-11-20T06:09:22.921Z,MOBILE,Android
b483feb6-2af7-476b-b4e6-2e2f5fc3e54e,HP,2022-11-20T09:07:11.921Z,MOBILE,Android
b483feb6-2af7-476b-b4e6-2e2f5fc3e54e,VI,2022-11-17T21:36:18.921Z,MOBILE,Android
b483feb6-2af7-476b-b4e6-2e2f5fc3e54e,VI,2022-11-19T18:18:39.921Z,MOBILE,Android
5a8cf10e-eeee-427b-a814-8524597c7bde,HP,2023-08-20T20:24:51.921Z,MOBILE,Android
5a8cf10e-eeee-427b-a814-8524597c7bde,ATC,2023-08-21T17:47:57.921Z,MOBILE,Android
5a8cf10e-eeee-427b-a814-8524597c7bde,AP,2023-08-22T15:20:57.921Z,MOBILE,Android
5a8cf10e-eeee-427b-a814-8524597c7bde,CL,2023-08-21T17:53:32.921Z,MOBILE,Android
5a8cf10e-eeee-427b-a814-8524597c7bde,HP,2023-08-22T15:20:56.921Z,MOBILE,Android
5a8cf10e-eeee-427b-a814-8524597c7bde,SER,2023-08-23T12:48:40.921Z,MOBILE,Android
5a8cf10e-eeee-427b-a814-8524597c7bde,HP,2023-08-24T10:20:45.921Z,MOBILE,Android
5a8cf10e-eeee-427b-a814-8524597c7bde,CL,2023-08-25T07:46:12.921Z,MOBILE,Android
85519d41-f820-4763-9b67-5a6d8a598a29,HP,2023-10-13T06:24:58.921Z,MOBILE,Android
85519d41-f820-4763-9b67-5a6d8a598a29,ATC,2023-10-22T12:47:36.921Z,MOBILE,Android
85519d41-f820-4763-9b67-5a6d8a598a29,SCR,2023-10-22T12:35:44.921Z,MOBILE,Android
87e93de1-a848-4dcc-b98c-48fde9030c5f,HP,2023-03-15T04:40:08.788Z,WEB,Android
87e93de1-a848-4dcc-b98c-48fde9030c5f,ATC,2023-03-15T06:57:52.788Z,WEB,Android
87e93de1-a848-4dcc-b98c-48fde9030c5f,ATC,2023-03-15T09:16:54.788Z,WEB,Android
87e93de1-a848-4dcc-b98c-48fde9030c5f,CL,2023-03-15T06:57:05.788Z,WEB,Android
87e93de1-a848-4dcc-b98c-48fde9030c5f,CL,2023-03-16T01:36:27.788Z,WEB,Android
87e93de1-a848-4dcc-b98c-48fde9030c5f,CL,2023-03-17T00:57:14.788Z,WEB,Android
87e93de1-a848-4dcc-b98c-48fde9030c5f,SCR,2023-03-17T12:42:57.788Z,WEB,Android
87e93de1-a848-4dcc-b98c-48fde9030c5f,HP,2023-03-18T23:47:00.788Z,WEB,Android
87e93de1-a848-4dcc-b98c-48fde9030c5f,VI,2023-03-16T13:19:28.788Z,WEB,Android
87e93de1-a848-4dcc-b98c-48fde9030c5f,VI,2023-03-18T00:19:44.788Z,WEB,Android
87e93de1-a848-4dcc-b98c-48fde9030c5f,VI,2023-03-18T12:01:32.788Z,WEB,Android
ebe1ef63-b810-44ba-96b4-68979eec6a1e,HP,2023-07-06T17:07:52.788Z,WEB,Android
ebe1ef63-b810-44ba-96b4-68979eec6a1e,ATC,2023-07-06T20:24:23.788Z,WEB,Android
ebe1ef63-b810-44ba-96b4-68979eec6a1e,SCR,2023-07-06T20:28:17.788Z,WEB,Android
ebe1ef63-b810-44ba-96b4-68979eec6a1e,SER,2023-07-06T23:45:11.788Z,WEB,Android
ebe1ef63-b810-44ba-96b4-68979eec6a1e,SCR,2023-07-07T06:25:48.788Z,WEB,Android
ebe1ef63-b810-44ba-96b4-68979eec6a1e,VI,2023-07-07T09:43:16.788Z,WEB,Android
09e764ec-018a-4ad0-8f76-25e6646e6de8,VI,2023-12-08T19:21:44.478Z,MOBILE,Android
75e8caed-a8f8-4819-a69c-bd033f821912,HP,2022-01-11T09:41:20.478Z,MOBILE,Android
75e8caed-a8f8-4819-a69c-bd033f821912,ATC,2022-01-12T20:33:58.478Z,MOBILE,Android
75e8caed-a8f8-4819-a69c-bd033f821912,AP,2022-01-14T07:24:32.478Z,MOBILE,Android
75e8caed-a8f8-4819-a69c-bd033f821912,HP,2022-01-12T20:17:45.478Z,MOBILE,Android
75e8caed-a8f8-4819-a69c-bd033f821912,ATC,2022-01-14T06:58:49.478Z,MOBILE,Android
75e8caed-a8f8-4819-a69c-bd033f821912,ATC,2022-01-15T17:56:04.478Z,MOBILE,Android
75e8caed-a8f8-4819-a69c-bd033f821912,ATC,2022-01-17T04:49:43.478Z,MOBILE,Android
75e8caed-a8f8-4819-a69c-bd033f821912,CL,2022-01-18T15:40:50.478Z,MOBILE,Android
75e8caed-a8f8-4819-a69c-bd033f821912,CL,2022-01-20T02:27:20.478Z,MOBILE,Android
75e8caed-a8f8-4819-a69c-bd033f821912,HP,2022-01-22T23:50:04.478Z,MOBILE,Android
75e8caed-a8f8-4819-a69c-bd033f821912,CL,2022-01-25T21:22:50.478Z,MOBILE,Android
75e8caed-a8f8-4819-a69c-bd033f821912,HP,2022-01-27T08:15:26.478Z,MOBILE,Android
75e8caed-a8f8-4819-a69c-bd033f821912,ATC,2022-01-28T19:09:53.478Z,MOBILE,Android
75e8caed-a8f8-4819-a69c-bd033f821912,CL,2022-01-30T06:02:01.478Z,MOBILE,Android
75e8caed-a8f8-4819-a69c-bd033f821912,SER,2022-01-31T16:44:35.478Z,MOBILE,Android
75e8caed-a8f8-4819-a69c-bd033f821912,HP,2022-02-02T03:32:31.478Z,MOBILE,Android
75e8caed-a8f8-4819-a69c-bd033f821912,CL,2022-02-03T14:24:49.478Z,MOBILE,Android
75e8caed-a8f8-4819-a69c-bd033f821912,SCR,2022-02-05T01:08:23.478Z,MOBILE,Android
75e8caed-a8f8-4819-a69c-bd033f821912,CL,2022-02-06T12:01:41.478Z,MOBILE,Android
75e8caed-a8f8-4819-a69c-bd033f821912,HP,2022-02-07T22:49:02.478Z,MOBILE,Android
75e8caed-a8f8-4819-a69c-bd033f821912,SER,2022-02-09T09:42:20.478Z,MOBILE,Android
75e8caed-a8f8-4819-a69c-bd033f821912,SCR,2022-02-10T20:36:07.478Z,MOBILE,Android
75e8caed-a8f8-4819-a69c-bd033f821912,CL,2022-02-13T18:19:43.478Z,MOBILE,Android
75e8caed-a8f8-4819-a69c-bd033f821912,HP,2022-02-15T04:59:46.478Z,MOBILE,Android
75e8caed-a8f8-4819-a69c-bd033f821912,ATC,2022-02-16T15:53:31.478Z,MOBILE,Android
75e8caed-a8f8-4819-a69c-bd033f821912,SER,2022-02-18T02:44:48.478Z,MOBILE,Android
75e8caed-a8f8-4819-a69c-bd033f821912,ATC,2022-02-19T13:28:10.478Z,MOBILE,Android
75e8caed-a8f8-4819-a69c-bd033f821912,SCR,2022-02-21T00:20:17.478Z,MOBILE,Android
75e8caed-a8f8-4819-a69c-bd033f821912,CL,2022-02-22T10:56:14.478Z,MOBILE,Android
75e8caed-a8f8-4819-a69c-bd033f821912,CL,2022-02-23T21:44:44.478Z,MOBILE,Android
75e8caed-a8f8-4819-a69c-bd033f821912,SCR,2022-02-25T08:27:41.478Z,MOBILE,Android
75e8caed-a8f8-4819-a69c-bd033f821912,SCR,2022-02-26T19:19:11.478Z,MOBILE,Android
09e764ec-018a-4ad0-8f76-25e6646e6de8,VI,2023-12-08T22:29:05.478Z,MOBILE,Android
75e8caed-a8f8-4819-a69c-bd033f821912,VI,2022-01-21T12:59:01.478Z,MOBILE,Android
09e764ec-018a-4ad0-8f76-25e6646e6de8,HP,2023-12-08T13:03:12.478Z,MOBILE,Android
09e764ec-018a-4ad0-8f76-25e6646e6de8,ATC,2023-12-08T16:13:10.478Z,MOBILE,Android
09e764ec-018a-4ad0-8f76-25e6646e6de8,AP,2023-12-08T19:22:22.478Z,MOBILE,Android
09e764ec-018a-4ad0-8f76-25e6646e6de8,SCR,2023-12-08T16:13:24.478Z,MOBILE,Android
09e764ec-018a-4ad0-8f76-25e6646e6de8,ATC,2023-12-09T01:41:11.478Z,MOBILE,Android
09e764ec-018a-4ad0-8f76-25e6646e6de8,SCR,2023-12-09T04:50:42.478Z,MOBILE,Android
09e764ec-018a-4ad0-8f76-25e6646e6de8,CL,2023-12-09T07:59:59.478Z,MOBILE,Android
09e764ec-018a-4ad0-8f76-25e6646e6de8,ATC,2023-12-09T11:09:33.478Z,MOBILE,Android
09e764ec-018a-4ad0-8f76-25e6646e6de8,SCR,2023-12-09T17:29:05.478Z,MOBILE,Android
09e764ec-018a-4ad0-8f76-25e6646e6de8,VI,2023-12-09T20:38:18.478Z,MOBILE,Android
a56d7088-8712-4766-90ae-7bdacf494364,HP,2020-12-15T01:31:33.824Z,MOBILE,Android
a56d7088-8712-4766-90ae-7bdacf494364,ATC,2020-12-21T22:28:51.824Z,MOBILE,Android
a56d7088-8712-4766-90ae-7bdacf494364,SCR,2020-12-21T22:37:57.824Z,MOBILE,Android
a56d7088-8712-4766-90ae-7bdacf494364,CL,2021-01-04T17:05:22.824Z,MOBILE,Android
a56d7088-8712-4766-90ae-7bdacf494364,HP,2021-01-11T13:51:08.824Z,MOBILE,Android
a56d7088-8712-4766-90ae-7bdacf494364,CL,2021-01-18T11:14:49.824Z,MOBILE,Android
a56d7088-8712-4766-90ae-7bdacf494364,SCR,2021-01-25T08:02:46.824Z,MOBILE,Android
a56d7088-8712-4766-90ae-7bdacf494364,VI,2020-12-28T19:52:18.824Z,MOBILE,Android
3ec8d50d-e9ad-4d00-8999-51b8e9c463fe,HP,2023-11-12T14:31:08.566Z,MOBILE,iOS
3ec8d50d-e9ad-4d00-8999-51b8e9c463fe,ATC,2023-11-14T23:03:54.566Z,MOBILE,iOS
3ec8d50d-e9ad-4d00-8999-51b8e9c463fe,ATC,2023-11-17T07:34:46.566Z,MOBILE,iOS
3ec8d50d-e9ad-4d00-8999-51b8e9c463fe,SCR,2023-11-14T22:51:05.566Z,MOBILE,iOS
878e6f8d-37fc-4efe-bd31-65b1beeb99ec,HP,2019-11-27T02:08:50.454Z,MOBILE,iOS
878e6f8d-37fc-4efe-bd31-65b1beeb99ec,ATC,2019-11-27T02:10:05.454Z,MOBILE,iOS
878e6f8d-37fc-4efe-bd31-65b1beeb99ec,HP,2019-11-27T02:10:10.454Z,MOBILE,iOS
878e6f8d-37fc-4efe-bd31-65b1beeb99ec,CL,2019-11-27T02:11:24.454Z,MOBILE,iOS
878e6f8d-37fc-4efe-bd31-65b1beeb99ec,ATC,2019-11-27T02:12:37.454Z,MOBILE,iOS
878e6f8d-37fc-4efe-bd31-65b1beeb99ec,CL,2019-11-27T02:13:45.454Z,MOBILE,iOS
878e6f8d-37fc-4efe-bd31-65b1beeb99ec,SCR,2019-11-27T02:15:00.454Z,MOBILE,iOS
878e6f8d-37fc-4efe-bd31-65b1beeb99ec,SER,2019-11-27T02:16:17.454Z,MOBILE,iOS
878e6f8d-37fc-4efe-bd31-65b1beeb99ec,SER,2019-11-27T02:17:55.454Z,MOBILE,iOS
878e6f8d-37fc-4efe-bd31-65b1beeb99ec,HP,2019-11-27T02:19:07.454Z,MOBILE,iOS
878e6f8d-37fc-4efe-bd31-65b1beeb99ec,ATC,2019-11-27T02:21:42.454Z,MOBILE,iOS
878e6f8d-37fc-4efe-bd31-65b1beeb99ec,ATC,2019-11-27T02:23:15.454Z,MOBILE,iOS
878e6f8d-37fc-4efe-bd31-65b1beeb99ec,SCR,2019-11-27T02:24:34.454Z,MOBILE,iOS
878e6f8d-37fc-4efe-bd31-65b1beeb99ec,SCR,2019-11-27T02:25:45.454Z,MOBILE,iOS
878e6f8d-37fc-4efe-bd31-65b1beeb99ec,SER,2019-11-27T02:27:03.454Z,MOBILE,iOS
878e6f8d-37fc-4efe-bd31-65b1beeb99ec,CL,2019-11-27T02:28:23.454Z,MOBILE,iOS
878e6f8d-37fc-4efe-bd31-65b1beeb99ec,HP,2019-11-27T02:29:40.454Z,MOBILE,iOS
06b55e5a-3da7-4e7f-b580-080ff95cb397,HP,2021-03-23T14:20:21.480Z,MOBILE,Android
06b55e5a-3da7-4e7f-b580-080ff95cb397,ATC,2021-03-26T10:16:51.480Z,MOBILE,Android
06b55e5a-3da7-4e7f-b580-080ff95cb397,AP,2021-03-29T06:16:30.480Z,MOBILE,Android
06b55e5a-3da7-4e7f-b580-080ff95cb397,CL,2021-03-26T10:14:47.480Z,MOBILE,Android
06b55e5a-3da7-4e7f-b580-080ff95cb397,CL,2021-04-01T01:49:09.480Z,MOBILE,Android
06b55e5a-3da7-4e7f-b580-080ff95cb397,SER,2021-04-03T21:38:49.480Z,MOBILE,Android
06b55e5a-3da7-4e7f-b580-080ff95cb397,SCR,2021-04-06T17:18:24.480Z,MOBILE,Android
40d65efd-12b0-4b86-ac51-a56af38c124c,HP,2021-05-28T05:46:38.480Z,MOBILE,Android
40d65efd-12b0-4b86-ac51-a56af38c124c,ATC,2021-05-29T02:20:06.480Z,MOBILE,Android
40d65efd-12b0-4b86-ac51-a56af38c124c,AP,2021-05-29T22:49:00.480Z,MOBILE,Android
40d65efd-12b0-4b86-ac51-a56af38c124c,CL,2021-05-29T02:15:17.480Z,MOBILE,Android
40d65efd-12b0-4b86-ac51-a56af38c124c,CL,2021-05-29T22:47:26.480Z,MOBILE,Android
40d65efd-12b0-4b86-ac51-a56af38c124c,SCR,2021-05-30T19:12:55.480Z,MOBILE,Android
40d65efd-12b0-4b86-ac51-a56af38c124c,SCR,2021-05-31T15:44:15.480Z,MOBILE,Android
40d65efd-12b0-4b86-ac51-a56af38c124c,CL,2021-06-01T12:16:32.480Z,MOBILE,Android
40d65efd-12b0-4b86-ac51-a56af38c124c,CL,2021-06-03T05:10:21.480Z,MOBILE,Android
40d65efd-12b0-4b86-ac51-a56af38c124c,HP,2021-06-04T01:41:31.480Z,MOBILE,Android
40d65efd-12b0-4b86-ac51-a56af38c124c,SER,2021-06-04T22:14:19.480Z,MOBILE,Android
40d65efd-12b0-4b86-ac51-a56af38c124c,SER,2021-06-07T11:42:11.480Z,MOBILE,Android
40d65efd-12b0-4b86-ac51-a56af38c124c,SCR,2021-06-08T08:18:22.480Z,MOBILE,Android
40d65efd-12b0-4b86-ac51-a56af38c124c,SCR,2021-06-10T01:15:05.480Z,MOBILE,Android
40d65efd-12b0-4b86-ac51-a56af38c124c,SCR,2021-06-10T21:46:45.480Z,MOBILE,Android
40d65efd-12b0-4b86-ac51-a56af38c124c,CL,2021-06-11T18:12:53.480Z,MOBILE,Android
40d65efd-12b0-4b86-ac51-a56af38c124c,HP,2021-06-12T14:42:40.480Z,MOBILE,Android
40d65efd-12b0-4b86-ac51-a56af38c124c,SCR,2021-06-14T07:45:56.480Z,MOBILE,Android
40d65efd-12b0-4b86-ac51-a56af38c124c,VP,2021-06-02T08:44:32.480Z,MOBILE,Android
40d65efd-12b0-4b86-ac51-a56af38c124c,SER,2021-06-15T04:19:43.480Z,MOBILE,Android
40d65efd-12b0-4b86-ac51-a56af38c124c,HP,2021-06-16T00:47:49.480Z,MOBILE,Android
40d65efd-12b0-4b86-ac51-a56af38c124c,SCR,2021-06-16T21:16:56.480Z,MOBILE,Android
40d65efd-12b0-4b86-ac51-a56af38c124c,SCR,2021-06-17T17:47:55.480Z,MOBILE,Android
06b55e5a-3da7-4e7f-b580-080ff95cb397,VI,2021-03-29T06:01:18.480Z,MOBILE,Android
40d65efd-12b0-4b86-ac51-a56af38c124c,VI,2021-06-13T11:15:21.480Z,MOBILE,Android
a262d90e-1006-4fb0-a846-e0c5d901013f,HP,2021-09-26T04:05:52.480Z,WEB,Android
a262d90e-1006-4fb0-a846-e0c5d901013f,ATC,2021-09-26T11:05:37.480Z,WEB,Android
a262d90e-1006-4fb0-a846-e0c5d901013f,CL,2021-09-26T11:00:19.480Z,WEB,Android
a262d90e-1006-4fb0-a846-e0c5d901013f,SER,2021-09-26T18:03:18.480Z,WEB,Android
a262d90e-1006-4fb0-a846-e0c5d901013f,SER,2021-10-05T02:43:37.480Z,WEB,Android
a262d90e-1006-4fb0-a846-e0c5d901013f,SCR,2021-10-12T21:36:46.480Z,WEB,Android
a262d90e-1006-4fb0-a846-e0c5d901013f,HP,2021-10-20T16:24:03.480Z,WEB,Android
02a7ff81-391f-4dfc-89dc-a2df1bf5a52f,HP,2023-12-30T10:54:54.480Z,MOBILE,Android
a5fff4bc-c699-48e4-aebc-c5c293a75333,HP,2023-02-01T05:20:46.480Z,MOBILE,Android
a5fff4bc-c699-48e4-aebc-c5c293a75333,ATC,2023-02-01T19:45:11.480Z,MOBILE,Android
a5fff4bc-c699-48e4-aebc-c5c293a75333,AP,2023-02-02T10:08:11.480Z,MOBILE,Android
a5fff4bc-c699-48e4-aebc-c5c293a75333,CL,2023-02-01T19:43:05.480Z,MOBILE,Android
a5fff4bc-c699-48e4-aebc-c5c293a75333,CL,2023-02-06T22:07:11.480Z,MOBILE,Android
a5fff4bc-c699-48e4-aebc-c5c293a75333,CL,2023-02-10T05:18:03.480Z,MOBILE,Android
a5fff4bc-c699-48e4-aebc-c5c293a75333,HP,2023-02-13T12:17:27.480Z,MOBILE,Android
a5fff4bc-c699-48e4-aebc-c5c293a75333,HP,2023-02-16T19:12:58.480Z,MOBILE,Android
a5fff4bc-c699-48e4-aebc-c5c293a75333,HP,2023-02-20T02:09:57.480Z,MOBILE,Android
a5fff4bc-c699-48e4-aebc-c5c293a75333,SCR,2023-02-23T09:15:15.480Z,MOBILE,Android
a5fff4bc-c699-48e4-aebc-c5c293a75333,SCR,2023-02-26T16:22:01.480Z,MOBILE,Android
a5fff4bc-c699-48e4-aebc-c5c293a75333,SER,2023-03-01T23:33:48.480Z,MOBILE,Android
639bf414-3efa-4bb7-ba09-5e0d8405c7ab,HP,2023-11-26T05:20:54.480Z,MOBILE,Android
639bf414-3efa-4bb7-ba09-5e0d8405c7ab,ATC,2023-11-26T07:44:43.480Z,MOBILE,Android
639bf414-3efa-4bb7-ba09-5e0d8405c7ab,AP,2023-11-26T10:14:16.480Z,MOBILE,Android
639bf414-3efa-4bb7-ba09-5e0d8405c7ab,SER,2023-11-26T07:44:15.480Z,MOBILE,Android
639bf414-3efa-4bb7-ba09-5e0d8405c7ab,CL,2023-11-26T10:10:07.480Z,MOBILE,Android
639bf414-3efa-4bb7-ba09-5e0d8405c7ab,CL,2023-11-26T12:38:10.480Z,MOBILE,Android
639bf414-3efa-4bb7-ba09-5e0d8405c7ab,HP,2023-11-26T15:05:07.480Z,MOBILE,Android
639bf414-3efa-4bb7-ba09-5e0d8405c7ab,CL,2023-11-26T19:57:02.480Z,MOBILE,Android
639bf414-3efa-4bb7-ba09-5e0d8405c7ab,HP,2023-11-26T22:20:37.480Z,MOBILE,Android
639bf414-3efa-4bb7-ba09-5e0d8405c7ab,SER,2023-11-27T00:45:31.480Z,MOBILE,Android
639bf414-3efa-4bb7-ba09-5e0d8405c7ab,HP,2023-11-27T03:11:29.480Z,MOBILE,Android
639bf414-3efa-4bb7-ba09-5e0d8405c7ab,CL,2023-11-27T10:30:17.480Z,MOBILE,Android
02a7ff81-391f-4dfc-89dc-a2df1bf5a52f,HP,2023-12-29T21:24:49.480Z,MOBILE,Android
02a7ff81-391f-4dfc-89dc-a2df1bf5a52f,ATC,2023-12-29T22:25:19.480Z,MOBILE,Android
02a7ff81-391f-4dfc-89dc-a2df1bf5a52f,AP,2023-12-29T23:26:00.480Z,MOBILE,Android
02a7ff81-391f-4dfc-89dc-a2df1bf5a52f,SER,2023-12-29T22:27:35.480Z,MOBILE,Android
02a7ff81-391f-4dfc-89dc-a2df1bf5a52f,CL,2023-12-29T23:29:33.480Z,MOBILE,Android
02a7ff81-391f-4dfc-89dc-a2df1bf5a52f,HP,2023-12-30T00:32:18.480Z,MOBILE,Android
02a7ff81-391f-4dfc-89dc-a2df1bf5a52f,SCR,2023-12-30T01:34:41.480Z,MOBILE,Android
02a7ff81-391f-4dfc-89dc-a2df1bf5a52f,CL,2023-12-30T02:36:57.480Z,MOBILE,Android
02a7ff81-391f-4dfc-89dc-a2df1bf5a52f,HP,2023-12-30T03:38:50.480Z,MOBILE,Android
02a7ff81-391f-4dfc-89dc-a2df1bf5a52f,CL,2023-12-30T05:45:49.480Z,MOBILE,Android
02a7ff81-391f-4dfc-89dc-a2df1bf5a52f,SCR,2023-12-30T06:48:19.480Z,MOBILE,Android
02a7ff81-391f-4dfc-89dc-a2df1bf5a52f,SCR,2023-12-30T08:51:56.480Z,MOBILE,Android
02a7ff81-391f-4dfc-89dc-a2df1bf5a52f,VI,2023-12-30T04:41:40.480Z,MOBILE,Android
02a7ff81-391f-4dfc-89dc-a2df1bf5a52f,VI,2023-12-30T07:50:04.480Z,MOBILE,Android
02a7ff81-391f-4dfc-89dc-a2df1bf5a52f,VI,2023-12-30T09:52:53.480Z,MOBILE,Android
8546ea8e-025d-463a-86a4-af93f568f6d1,HP,2023-12-29T12:00:50.248Z,MOBILE,Android
8546ea8e-025d-463a-86a4-af93f568f6d1,ATC,2023-12-29T16:40:59.248Z,MOBILE,Android
8546ea8e-025d-463a-86a4-af93f568f6d1,SER,2023-12-29T16:42:23.248Z,MOBILE,Android
8546ea8e-025d-463a-86a4-af93f568f6d1,ATC,2023-12-29T21:22:24.248Z,MOBILE,Android
cf35bd34-6e0d-41cb-9f71-8195a682bf0b,HP,2019-05-06T07:49:37.394Z,MOBILE,Android
cf35bd34-6e0d-41cb-9f71-8195a682bf0b,ATC,2019-05-06T07:55:16.394Z,MOBILE,Android
cf35bd34-6e0d-41cb-9f71-8195a682bf0b,AP,2019-05-06T08:00:22.394Z,MOBILE,Android
cf35bd34-6e0d-41cb-9f71-8195a682bf0b,SER,2019-05-06T07:53:51.394Z,MOBILE,Android
b889a72b-b992-4d23-9e69-74acd2f9f4ee,HP,2020-03-29T15:12:09.176Z,MOBILE,Android
b889a72b-b992-4d23-9e69-74acd2f9f4ee,ATC,2020-03-29T18:28:39.176Z,MOBILE,Android
b889a72b-b992-4d23-9e69-74acd2f9f4ee,ATC,2020-03-29T21:43:39.176Z,MOBILE,Android
b889a72b-b992-4d23-9e69-74acd2f9f4ee,ATC,2020-03-29T18:27:15.176Z,MOBILE,Android
b889a72b-b992-4d23-9e69-74acd2f9f4ee,CL,2020-03-29T21:42:38.176Z,MOBILE,Android
b889a72b-b992-4d23-9e69-74acd2f9f4ee,SCR,2020-03-30T00:57:43.176Z,MOBILE,Android
b889a72b-b992-4d23-9e69-74acd2f9f4ee,CL,2020-03-30T04:13:33.176Z,MOBILE,Android
b889a72b-b992-4d23-9e69-74acd2f9f4ee,ATC,2020-03-30T07:30:49.176Z,MOBILE,Android
b889a72b-b992-4d23-9e69-74acd2f9f4ee,SCR,2020-03-30T10:44:45.176Z,MOBILE,Android
b889a72b-b992-4d23-9e69-74acd2f9f4ee,ATC,2020-03-30T14:03:53.176Z,MOBILE,Android
b889a72b-b992-4d23-9e69-74acd2f9f4ee,SER,2020-03-30T17:20:40.176Z,MOBILE,Android
b889a72b-b992-4d23-9e69-74acd2f9f4ee,CL,2020-03-30T23:52:54.176Z,MOBILE,Android
b889a72b-b992-4d23-9e69-74acd2f9f4ee,VI,2020-03-30T20:38:44.176Z,MOBILE,Android
002e698e-a33d-4dba-a728-73ebcace6794,HP,2022-05-30T03:37:42.176Z,MOBILE,Android
002e698e-a33d-4dba-a728-73ebcace6794,ATC,2022-05-30T19:16:26.176Z,MOBILE,Android
002e698e-a33d-4dba-a728-73ebcace6794,AP,2022-05-31T11:02:08.176Z,MOBILE,Android
002e698e-a33d-4dba-a728-73ebcace6794,SER,2022-06-01T02:49:44.176Z,MOBILE,Android
002e698e-a33d-4dba-a728-73ebcace6794,HP,2022-06-01T18:31:31.176Z,MOBILE,Android
002e698e-a33d-4dba-a728-73ebcace6794,CL,2022-06-02T10:17:09.176Z,MOBILE,Android
002e698e-a33d-4dba-a728-73ebcace6794,SCR,2022-06-03T02:03:22.176Z,MOBILE,Android
002e698e-a33d-4dba-a728-73ebcace6794,CL,2022-06-03T17:48:06.176Z,MOBILE,Android
002e698e-a33d-4dba-a728-73ebcace6794,ATC,2022-06-04T09:34:12.176Z,MOBILE,Android
002e698e-a33d-4dba-a728-73ebcace6794,ATC,2022-06-05T01:27:55.176Z,MOBILE,Android
002e698e-a33d-4dba-a728-73ebcace6794,ATC,2022-06-05T17:14:26.176Z,MOBILE,Android
002e698e-a33d-4dba-a728-73ebcace6794,VI,2022-05-30T19:26:32.176Z,MOBILE,Android
bd70e1c0-b9bc-4acf-9763-0b7a47f10bf0,HP,2023-06-30T18:07:09.176Z,MOBILE,Android
bd70e1c0-b9bc-4acf-9763-0b7a47f10bf0,ATC,2023-07-01T07:00:15.176Z,MOBILE,Android
bd70e1c0-b9bc-4acf-9763-0b7a47f10bf0,SER,2023-07-01T07:01:48.176Z,MOBILE,Android
bd70e1c0-b9bc-4acf-9763-0b7a47f10bf0,ATC,2023-07-02T08:50:29.176Z,MOBILE,Android
bd70e1c0-b9bc-4acf-9763-0b7a47f10bf0,CL,2023-07-03T10:37:35.176Z,MOBILE,Android
bd70e1c0-b9bc-4acf-9763-0b7a47f10bf0,SCR,2023-07-03T23:42:54.176Z,MOBILE,Android
bd70e1c0-b9bc-4acf-9763-0b7a47f10bf0,SCR,2023-07-04T12:45:33.176Z,MOBILE,Android
bd70e1c0-b9bc-4acf-9763-0b7a47f10bf0,CL,2023-07-05T01:45:52.176Z,MOBILE,Android
bd70e1c0-b9bc-4acf-9763-0b7a47f10bf0,CL,2023-07-05T14:41:38.176Z,MOBILE,Android
bd70e1c0-b9bc-4acf-9763-0b7a47f10bf0,ATC,2023-07-06T03:38:37.176Z,MOBILE,Android
bd70e1c0-b9bc-4acf-9763-0b7a47f10bf0,HP,2023-07-06T16:34:00.176Z,MOBILE,Android
bd70e1c0-b9bc-4acf-9763-0b7a47f10bf0,CL,2023-07-07T05:30:58.176Z,MOBILE,Android
bd70e1c0-b9bc-4acf-9763-0b7a47f10bf0,HP,2023-07-07T18:26:20.176Z,MOBILE,Android
bd70e1c0-b9bc-4acf-9763-0b7a47f10bf0,SCR,2023-07-08T07:22:23.176Z,MOBILE,Android
bd70e1c0-b9bc-4acf-9763-0b7a47f10bf0,CL,2023-07-08T20:14:38.176Z,MOBILE,Android
bd70e1c0-b9bc-4acf-9763-0b7a47f10bf0,SER,2023-07-09T09:08:48.176Z,MOBILE,Android
bd70e1c0-b9bc-4acf-9763-0b7a47f10bf0,ATC,2023-07-10T11:00:14.176Z,MOBILE,Android
bd70e1c0-b9bc-4acf-9763-0b7a47f10bf0,CL,2023-07-10T23:57:06.176Z,MOBILE,Android
bd70e1c0-b9bc-4acf-9763-0b7a47f10bf0,SCR,2023-07-11T13:02:10.176Z,MOBILE,Android
bd70e1c0-b9bc-4acf-9763-0b7a47f10bf0,HP,2023-07-12T14:48:02.176Z,MOBILE,Android
bd70e1c0-b9bc-4acf-9763-0b7a47f10bf0,SCR,2023-07-13T03:46:59.176Z,MOBILE,Android
bd70e1c0-b9bc-4acf-9763-0b7a47f10bf0,CL,2023-07-14T05:40:16.176Z,MOBILE,Android
bd70e1c0-b9bc-4acf-9763-0b7a47f10bf0,SER,2023-07-14T18:33:40.176Z,MOBILE,Android
bd70e1c0-b9bc-4acf-9763-0b7a47f10bf0,CL,2023-07-15T20:39:22.176Z,MOBILE,Android
bd70e1c0-b9bc-4acf-9763-0b7a47f10bf0,CL,2023-07-16T09:37:19.176Z,MOBILE,Android
bd70e1c0-b9bc-4acf-9763-0b7a47f10bf0,SER,2023-07-16T22:35:26.176Z,MOBILE,Android
bd70e1c0-b9bc-4acf-9763-0b7a47f10bf0,HP,2023-07-17T11:29:40.176Z,MOBILE,Android
bd70e1c0-b9bc-4acf-9763-0b7a47f10bf0,ATC,2023-07-18T00:30:03.176Z,MOBILE,Android
bd70e1c0-b9bc-4acf-9763-0b7a47f10bf0,ATC,2023-07-19T02:15:44.176Z,MOBILE,Android
bd70e1c0-b9bc-4acf-9763-0b7a47f10bf0,ATC,2023-07-19T15:11:07.176Z,MOBILE,Android
bd70e1c0-b9bc-4acf-9763-0b7a47f10bf0,CL,2023-07-20T04:08:31.176Z,MOBILE,Android
bd70e1c0-b9bc-4acf-9763-0b7a47f10bf0,HP,2023-07-20T17:04:30.176Z,MOBILE,Android
bd70e1c0-b9bc-4acf-9763-0b7a47f10bf0,ATC,2023-07-21T05:57:42.176Z,MOBILE,Android
bd70e1c0-b9bc-4acf-9763-0b7a47f10bf0,SCR,2023-07-22T07:56:24.176Z,MOBILE,Android
bd70e1c0-b9bc-4acf-9763-0b7a47f10bf0,ATC,2023-07-22T20:51:26.176Z,MOBILE,Android
bd70e1c0-b9bc-4acf-9763-0b7a47f10bf0,CL,2023-07-23T09:51:43.176Z,MOBILE,Android
bd70e1c0-b9bc-4acf-9763-0b7a47f10bf0,SER,2023-07-23T22:47:16.176Z,MOBILE,Android
bd70e1c0-b9bc-4acf-9763-0b7a47f10bf0,CL,2023-07-24T11:44:36.176Z,MOBILE,Android
bd70e1c0-b9bc-4acf-9763-0b7a47f10bf0,ATC,2023-07-25T00:44:34.176Z,MOBILE,Android
bd70e1c0-b9bc-4acf-9763-0b7a47f10bf0,SER,2023-07-25T13:41:18.176Z,MOBILE,Android
bd70e1c0-b9bc-4acf-9763-0b7a47f10bf0,CL,2023-07-26T02:40:26.176Z,MOBILE,Android
bd70e1c0-b9bc-4acf-9763-0b7a47f10bf0,SCR,2023-07-26T15:30:47.176Z,MOBILE,Android
bd70e1c0-b9bc-4acf-9763-0b7a47f10bf0,HP,2023-07-27T04:31:39.176Z,MOBILE,Android
bd70e1c0-b9bc-4acf-9763-0b7a47f10bf0,CL,2023-07-28T06:23:39.176Z,MOBILE,Android
bd70e1c0-b9bc-4acf-9763-0b7a47f10bf0,HP,2023-07-28T19:19:14.176Z,MOBILE,Android
bd70e1c0-b9bc-4acf-9763-0b7a47f10bf0,CL,2023-07-29T21:13:41.176Z,MOBILE,Android
bd70e1c0-b9bc-4acf-9763-0b7a47f10bf0,SER,2023-07-30T23:01:17.176Z,MOBILE,Android
bd70e1c0-b9bc-4acf-9763-0b7a47f10bf0,ATC,2023-08-01T00:56:16.176Z,MOBILE,Android
bd70e1c0-b9bc-4acf-9763-0b7a47f10bf0,HP,2023-08-01T13:57:57.176Z,MOBILE,Android
bd70e1c0-b9bc-4acf-9763-0b7a47f10bf0,CL,2023-08-02T02:55:00.176Z,MOBILE,Android
bd70e1c0-b9bc-4acf-9763-0b7a47f10bf0,CL,2023-08-02T15:49:23.176Z,MOBILE,Android
bd70e1c0-b9bc-4acf-9763-0b7a47f10bf0,SER,2023-08-03T17:43:45.176Z,MOBILE,Android
bd70e1c0-b9bc-4acf-9763-0b7a47f10bf0,VI,2023-07-15T07:34:57.176Z,MOBILE,Android
bd70e1c0-b9bc-4acf-9763-0b7a47f10bf0,VI,2023-07-18T13:25:19.176Z,MOBILE,Android
bd70e1c0-b9bc-4acf-9763-0b7a47f10bf0,VI,2023-07-21T18:56:50.176Z,MOBILE,Android
bd70e1c0-b9bc-4acf-9763-0b7a47f10bf0,VI,2023-07-29T08:15:34.176Z,MOBILE,Android
bd70e1c0-b9bc-4acf-9763-0b7a47f10bf0,VI,2023-07-31T11:56:58.176Z,MOBILE,Android
bd70e1c0-b9bc-4acf-9763-0b7a47f10bf0,VI,2023-08-03T04:44:15.176Z,MOBILE,Android
0440ea96-499e-4e2c-a983-a174575f9ead,HP,2022-07-30T13:53:33.839Z,MOBILE,Android
0440ea96-499e-4e2c-a983-a174575f9ead,ATC,2022-08-01T13:37:23.839Z,MOBILE,Android
0440ea96-499e-4e2c-a983-a174575f9ead,SER,2022-08-01T13:42:29.839Z,MOBILE,Android
0440ea96-499e-4e2c-a983-a174575f9ead,HP,2022-08-06T00:20:01.839Z,MOBILE,Android
0440ea96-499e-4e2c-a983-a174575f9ead,SCR,2022-08-06T11:31:13.839Z,MOBILE,Android
0440ea96-499e-4e2c-a983-a174575f9ead,HP,2022-08-06T22:40:21.839Z,MOBILE,Android
0440ea96-499e-4e2c-a983-a174575f9ead,CL,2022-08-07T09:48:51.839Z,MOBILE,Android
0440ea96-499e-4e2c-a983-a174575f9ead,SCR,2022-08-07T20:57:02.839Z,MOBILE,Android
0440ea96-499e-4e2c-a983-a174575f9ead,SCR,2022-08-08T08:15:00.839Z,MOBILE,Android
0440ea96-499e-4e2c-a983-a174575f9ead,HP,2022-08-08T19:23:32.839Z,MOBILE,Android
0440ea96-499e-4e2c-a983-a174575f9ead,SER,2022-08-09T06:30:21.839Z,MOBILE,Android
0440ea96-499e-4e2c-a983-a174575f9ead,SER,2022-08-11T03:13:53.839Z,MOBILE,Android
0440ea96-499e-4e2c-a983-a174575f9ead,HP,2022-08-12T01:43:26.839Z,MOBILE,Android
b4216550-3212-466f-bc79-df2d1c54fc0d,HP,2023-02-04T02:04:51.839Z,MOBILE,Android
b4216550-3212-466f-bc79-df2d1c54fc0d,ATC,2023-02-04T08:12:02.839Z,MOBILE,Android
b4216550-3212-466f-bc79-df2d1c54fc0d,AP,2023-02-04T14:18:52.839Z,MOBILE,Android
b4216550-3212-466f-bc79-df2d1c54fc0d,SER,2023-02-05T02:29:26.839Z,MOBILE,Android
b4216550-3212-466f-bc79-df2d1c54fc0d,CL,2023-02-05T08:37:33.839Z,MOBILE,Android
b4216550-3212-466f-bc79-df2d1c54fc0d,SCR,2023-02-05T14:43:20.839Z,MOBILE,Android
b4216550-3212-466f-bc79-df2d1c54fc0d,HP,2023-02-05T20:48:55.839Z,MOBILE,Android
de60cf4e-f346-43d5-8ef5-8adcc8fc5400,HP,2023-05-28T09:23:28.839Z,MOBILE,Android
de60cf4e-f346-43d5-8ef5-8adcc8fc5400,ATC,2023-05-28T09:41:21.839Z,MOBILE,Android
de60cf4e-f346-43d5-8ef5-8adcc8fc5400,ATC,2023-05-28T09:58:15.839Z,MOBILE,Android
de60cf4e-f346-43d5-8ef5-8adcc8fc5400,HP,2023-05-28T09:41:07.839Z,MOBILE,Android
de60cf4e-f346-43d5-8ef5-8adcc8fc5400,HP,2023-05-28T09:57:55.839Z,MOBILE,Android
de60cf4e-f346-43d5-8ef5-8adcc8fc5400,CL,2023-05-28T10:14:57.839Z,MOBILE,Android
de60cf4e-f346-43d5-8ef5-8adcc8fc5400,SCR,2023-05-28T10:32:28.839Z,MOBILE,Android
de60cf4e-f346-43d5-8ef5-8adcc8fc5400,HP,2023-05-28T10:49:43.839Z,MOBILE,Android
de60cf4e-f346-43d5-8ef5-8adcc8fc5400,SCR,2023-05-28T11:07:03.839Z,MOBILE,Android
de60cf4e-f346-43d5-8ef5-8adcc8fc5400,CL,2023-05-28T11:25:00.839Z,MOBILE,Android
de60cf4e-f346-43d5-8ef5-8adcc8fc5400,SCR,2023-05-28T11:42:54.839Z,MOBILE,Android
de60cf4e-f346-43d5-8ef5-8adcc8fc5400,SCR,2023-05-28T12:00:08.839Z,MOBILE,Android
de60cf4e-f346-43d5-8ef5-8adcc8fc5400,CL,2023-05-28T12:17:31.839Z,MOBILE,Android
de60cf4e-f346-43d5-8ef5-8adcc8fc5400,CL,2023-05-28T12:34:11.839Z,MOBILE,Android
de60cf4e-f346-43d5-8ef5-8adcc8fc5400,CL,2023-05-28T12:53:03.839Z,MOBILE,Android
de60cf4e-f346-43d5-8ef5-8adcc8fc5400,SER,2023-05-28T13:10:40.839Z,MOBILE,Android
de60cf4e-f346-43d5-8ef5-8adcc8fc5400,CL,2023-05-28T13:26:42.839Z,MOBILE,Android
de60cf4e-f346-43d5-8ef5-8adcc8fc5400,HP,2023-05-28T13:45:06.839Z,MOBILE,Android
de60cf4e-f346-43d5-8ef5-8adcc8fc5400,SCR,2023-05-28T14:02:45.839Z,MOBILE,Android
de60cf4e-f346-43d5-8ef5-8adcc8fc5400,CL,2023-05-28T14:21:35.839Z,MOBILE,Android
de60cf4e-f346-43d5-8ef5-8adcc8fc5400,HP,2023-05-28T14:38:50.839Z,MOBILE,Android
de60cf4e-f346-43d5-8ef5-8adcc8fc5400,HP,2023-05-28T14:56:15.839Z,MOBILE,Android
de60cf4e-f346-43d5-8ef5-8adcc8fc5400,CL,2023-05-28T15:13:13.839Z,MOBILE,Android
b4216550-3212-466f-bc79-df2d1c54fc0d,VI,2023-02-04T08:12:44.839Z,MOBILE,Android
b6e54230-ff3e-4c8f-bcae-1728b371f65e,HP,2021-11-08T20:18:28.592Z,MOBILE,Android
b6e54230-ff3e-4c8f-bcae-1728b371f65e,ATC,2021-11-09T07:57:29.592Z,MOBILE,Android
b6e54230-ff3e-4c8f-bcae-1728b371f65e,ATC,2021-11-09T07:53:29.592Z,MOBILE,Android
b6e54230-ff3e-4c8f-bcae-1728b371f65e,ATC,2021-11-09T19:25:36.592Z,MOBILE,Android
b6e54230-ff3e-4c8f-bcae-1728b371f65e,CL,2021-11-10T07:03:17.592Z,MOBILE,Android
59651fa2-bbfa-46cd-aceb-a1930d1ac537,HP,2023-10-08T11:22:29.592Z,MOBILE,Android
59651fa2-bbfa-46cd-aceb-a1930d1ac537,ATC,2023-10-09T16:15:25.592Z,MOBILE,Android
59651fa2-bbfa-46cd-aceb-a1930d1ac537,CL,2023-10-10T21:29:41.592Z,MOBILE,Android
59651fa2-bbfa-46cd-aceb-a1930d1ac537,VP,2023-10-09T16:24:15.592Z,MOBILE,Android
5364d4a7-9917-4f2f-8460-e130bf498cab,HP,2021-03-05T00:20:53.951Z,MOBILE,iOS
5364d4a7-9917-4f2f-8460-e130bf498cab,ATC,2021-03-06T05:32:23.951Z,MOBILE,iOS
5364d4a7-9917-4f2f-8460-e130bf498cab,AP,2021-03-07T10:44:35.951Z,MOBILE,iOS
5364d4a7-9917-4f2f-8460-e130bf498cab,CL,2021-03-07T10:39:19.951Z,MOBILE,iOS
5364d4a7-9917-4f2f-8460-e130bf498cab,SCR,2021-03-09T20:57:17.951Z,MOBILE,iOS
5364d4a7-9917-4f2f-8460-e130bf498cab,CL,2021-03-11T01:59:31.951Z,MOBILE,iOS
5364d4a7-9917-4f2f-8460-e130bf498cab,CL,2021-03-12T07:08:01.951Z,MOBILE,iOS
5364d4a7-9917-4f2f-8460-e130bf498cab,ATC,2021-03-13T12:15:21.951Z,MOBILE,iOS
5364d4a7-9917-4f2f-8460-e130bf498cab,ATC,2021-03-14T17:24:23.951Z,MOBILE,iOS
ed10a4a1-54a0-4946-ae3e-c33abff270c6,HP,2021-08-12T21:08:56.951Z,MOBILE,iOS
ed10a4a1-54a0-4946-ae3e-c33abff270c6,ATC,2021-08-15T10:14:16.951Z,MOBILE,iOS
ed10a4a1-54a0-4946-ae3e-c33abff270c6,AP,2021-08-17T23:25:59.951Z,MOBILE,iOS
ed10a4a1-54a0-4946-ae3e-c33abff270c6,CL,2021-08-15T10:34:54.951Z,MOBILE,iOS
ed10a4a1-54a0-4946-ae3e-c33abff270c6,CL,2021-08-17T23:41:18.951Z,MOBILE,iOS
ed10a4a1-54a0-4946-ae3e-c33abff270c6,CL,2021-08-23T02:06:49.951Z,MOBILE,iOS
ed10a4a1-54a0-4946-ae3e-c33abff270c6,SCR,2021-08-25T15:21:07.951Z,MOBILE,iOS
5364d4a7-9917-4f2f-8460-e130bf498cab,VI,2021-03-08T15:49:34.951Z,MOBILE,iOS
ed10a4a1-54a0-4946-ae3e-c33abff270c6,VI,2021-08-20T12:47:21.951Z,MOBILE,iOS
bae751f0-2a0e-4534-bb3d-8f58929cc0ba,HP,2023-08-31T11:06:36.823Z,MOBILE,iOS
bae751f0-2a0e-4534-bb3d-8f58929cc0ba,ATC,2023-09-01T15:36:31.823Z,MOBILE,iOS
bae751f0-2a0e-4534-bb3d-8f58929cc0ba,SER,2023-09-02T20:05:53.823Z,MOBILE,iOS
bae751f0-2a0e-4534-bb3d-8f58929cc0ba,CL,2023-09-04T00:38:21.823Z,MOBILE,iOS
bae751f0-2a0e-4534-bb3d-8f58929cc0ba,ATC,2023-09-05T05:04:26.823Z,MOBILE,iOS
bae751f0-2a0e-4534-bb3d-8f58929cc0ba,SER,2023-09-07T13:53:01.823Z,MOBILE,iOS
bae751f0-2a0e-4534-bb3d-8f58929cc0ba,SER,2023-09-08T18:18:06.823Z,MOBILE,iOS
bae751f0-2a0e-4534-bb3d-8f58929cc0ba,ATC,2023-09-09T22:45:15.823Z,MOBILE,iOS
bae751f0-2a0e-4534-bb3d-8f58929cc0ba,CL,2023-09-12T07:38:29.823Z,MOBILE,iOS
bae751f0-2a0e-4534-bb3d-8f58929cc0ba,VI,2023-09-01T15:33:37.823Z,MOBILE,iOS
bae751f0-2a0e-4534-bb3d-8f58929cc0ba,VI,2023-09-11T03:10:44.823Z,MOBILE,iOS
c215d12d-edab-4c02-92ee-09f93dd389c6,SCR,2022-03-30T15:49:11.171Z,MOBILE,iOS
c215d12d-edab-4c02-92ee-09f93dd389c6,HP,2022-03-21T15:15:44.171Z,MOBILE,iOS
c215d12d-edab-4c02-92ee-09f93dd389c6,ATC,2022-03-21T22:28:20.171Z,MOBILE,iOS
c215d12d-edab-4c02-92ee-09f93dd389c6,SCR,2022-03-21T22:30:04.171Z,MOBILE,iOS
c215d12d-edab-4c02-92ee-09f93dd389c6,SCR,2022-03-22T05:42:58.171Z,MOBILE,iOS
c215d12d-edab-4c02-92ee-09f93dd389c6,CL,2022-03-22T12:57:31.171Z,MOBILE,iOS
c215d12d-edab-4c02-92ee-09f93dd389c6,SCR,2022-03-23T03:27:45.171Z,MOBILE,iOS
c215d12d-edab-4c02-92ee-09f93dd389c6,CL,2022-03-23T10:46:15.171Z,MOBILE,iOS
c215d12d-edab-4c02-92ee-09f93dd389c6,CL,2022-03-23T17:55:57.171Z,MOBILE,iOS
c215d12d-edab-4c02-92ee-09f93dd389c6,SCR,2022-03-24T01:03:40.171Z,MOBILE,iOS
c215d12d-edab-4c02-92ee-09f93dd389c6,CL,2022-03-24T08:16:24.171Z,MOBILE,iOS
c215d12d-edab-4c02-92ee-09f93dd389c6,SCR,2022-03-24T15:27:30.171Z,MOBILE,iOS
c215d12d-edab-4c02-92ee-09f93dd389c6,CL,2022-03-24T22:34:10.171Z,MOBILE,iOS
c215d12d-edab-4c02-92ee-09f93dd389c6,SCR,2022-03-25T13:03:12.171Z,MOBILE,iOS
c215d12d-edab-4c02-92ee-09f93dd389c6,SCR,2022-03-25T20:17:05.171Z,MOBILE,iOS
c215d12d-edab-4c02-92ee-09f93dd389c6,SER,2022-03-26T10:43:01.171Z,MOBILE,iOS
c215d12d-edab-4c02-92ee-09f93dd389c6,SCR,2022-03-26T17:51:56.171Z,MOBILE,iOS
c215d12d-edab-4c02-92ee-09f93dd389c6,SCR,2022-03-27T01:05:08.171Z,MOBILE,iOS
c215d12d-edab-4c02-92ee-09f93dd389c6,CL,2022-03-27T08:19:08.171Z,MOBILE,iOS
c215d12d-edab-4c02-92ee-09f93dd389c6,HP,2022-03-27T15:33:31.171Z,MOBILE,iOS
c215d12d-edab-4c02-92ee-09f93dd389c6,CL,2022-03-27T22:51:00.171Z,MOBILE,iOS
c215d12d-edab-4c02-92ee-09f93dd389c6,SER,2022-03-28T20:31:26.171Z,MOBILE,iOS
c215d12d-edab-4c02-92ee-09f93dd389c6,CL,2022-03-29T03:45:48.171Z,MOBILE,iOS
c215d12d-edab-4c02-92ee-09f93dd389c6,CL,2022-03-29T10:57:32.171Z,MOBILE,iOS
c215d12d-edab-4c02-92ee-09f93dd389c6,CL,2022-03-29T18:13:54.171Z,MOBILE,iOS
c215d12d-edab-4c02-92ee-09f93dd389c6,CL,2022-03-30T01:27:50.171Z,MOBILE,iOS
c215d12d-edab-4c02-92ee-09f93dd389c6,SCR,2022-03-30T08:39:55.171Z,MOBILE,iOS
c215d12d-edab-4c02-92ee-09f93dd389c6,SCR,2022-03-31T20:44:34.171Z,MOBILE,iOS
c215d12d-edab-4c02-92ee-09f93dd389c6,CL,2022-04-01T03:59:59.171Z,MOBILE,iOS
c215d12d-edab-4c02-92ee-09f93dd389c6,CL,2022-04-01T11:12:19.171Z,MOBILE,iOS
c215d12d-edab-4c02-92ee-09f93dd389c6,SER,2022-04-01T18:27:57.171Z,MOBILE,iOS
c215d12d-edab-4c02-92ee-09f93dd389c6,VI,2022-03-22T20:14:22.171Z,MOBILE,iOS
c215d12d-edab-4c02-92ee-09f93dd389c6,VI,2022-03-25T05:43:14.171Z,MOBILE,iOS
c215d12d-edab-4c02-92ee-09f93dd389c6,VI,2022-03-26T03:30:40.171Z,MOBILE,iOS
c215d12d-edab-4c02-92ee-09f93dd389c6,VI,2022-03-31T06:17:54.171Z,MOBILE,iOS
c215d12d-edab-4c02-92ee-09f93dd389c6,VI,2022-03-31T13:31:29.171Z,MOBILE,iOS
f4f84187-048b-492c-b794-052d2cbaf44c,HP,2023-08-04T23:58:44.179Z,MOBILE,Android
f4f84187-048b-492c-b794-052d2cbaf44c,ATC,2023-08-05T11:30:46.179Z,MOBILE,Android
f4f84187-048b-492c-b794-052d2cbaf44c,CL,2023-08-05T11:36:13.179Z,MOBILE,Android
f4f84187-048b-492c-b794-052d2cbaf44c,HP,2023-08-05T23:08:23.179Z,MOBILE,Android
3872c266-359e-43e1-97f7-9c73384cb436,HP,2023-08-12T00:56:47.179Z,MOBILE,Android
3872c266-359e-43e1-97f7-9c73384cb436,ATC,2023-08-13T14:07:20.179Z,MOBILE,Android
3872c266-359e-43e1-97f7-9c73384cb436,ATC,2023-08-15T03:25:21.179Z,MOBILE,Android
3872c266-359e-43e1-97f7-9c73384cb436,AP,2023-08-16T16:42:20.179Z,MOBILE,Android
3872c266-359e-43e1-97f7-9c73384cb436,SER,2023-08-13T14:07:44.179Z,MOBILE,Android
3872c266-359e-43e1-97f7-9c73384cb436,SCR,2023-08-15T03:22:58.179Z,MOBILE,Android
3872c266-359e-43e1-97f7-9c73384cb436,CL,2023-08-16T16:32:11.179Z,MOBILE,Android
f4f84187-048b-492c-b794-052d2cbaf44c,VI,2023-08-06T10:38:40.179Z,MOBILE,Android
453a840b-7dbc-4f56-8107-6bf42a20beb1,HP,2023-09-15T17:09:48.711Z,MOBILE,Android
453a840b-7dbc-4f56-8107-6bf42a20beb1,ATC,2023-09-15T18:05:46.711Z,MOBILE,Android
453a840b-7dbc-4f56-8107-6bf42a20beb1,ATC,2023-09-15T19:01:42.711Z,MOBILE,Android
453a840b-7dbc-4f56-8107-6bf42a20beb1,ATC,2023-09-15T20:57:58.711Z,MOBILE,Android
453a840b-7dbc-4f56-8107-6bf42a20beb1,ATC,2023-09-15T21:56:07.711Z,MOBILE,Android
453a840b-7dbc-4f56-8107-6bf42a20beb1,ATC,2023-09-15T22:54:05.711Z,MOBILE,Android
453a840b-7dbc-4f56-8107-6bf42a20beb1,ATC,2023-09-15T23:49:29.711Z,MOBILE,Android
453a840b-7dbc-4f56-8107-6bf42a20beb1,SCR,2023-09-15T18:05:49.711Z,MOBILE,Android
68ed10c7-e779-41ca-8df1-b85af7b8755c,HP,2021-04-03T17:28:34.102Z,MOBILE,iOS
68ed10c7-e779-41ca-8df1-b85af7b8755c,ATC,2021-04-04T17:34:27.102Z,MOBILE,iOS
68ed10c7-e779-41ca-8df1-b85af7b8755c,ATC,2021-04-04T17:32:58.102Z,MOBILE,iOS
68ed10c7-e779-41ca-8df1-b85af7b8755c,CL,2021-04-05T17:35:48.102Z,MOBILE,iOS
00be97f4-0edd-4b7a-b2b2-21566dd98f31,HP,2021-05-15T13:05:14.295Z,MOBILE,Android
00be97f4-0edd-4b7a-b2b2-21566dd98f31,ATC,2021-05-15T18:01:15.295Z,MOBILE,Android
00be97f4-0edd-4b7a-b2b2-21566dd98f31,AP,2021-05-15T22:59:50.295Z,MOBILE,Android
00be97f4-0edd-4b7a-b2b2-21566dd98f31,ATC,2021-05-15T18:05:12.295Z,MOBILE,Android
00be97f4-0edd-4b7a-b2b2-21566dd98f31,CL,2021-05-16T04:03:24.295Z,MOBILE,Android
00be97f4-0edd-4b7a-b2b2-21566dd98f31,SER,2021-05-16T09:02:41.295Z,MOBILE,Android
00be97f4-0edd-4b7a-b2b2-21566dd98f31,SER,2021-05-16T14:00:07.295Z,MOBILE,Android
00be97f4-0edd-4b7a-b2b2-21566dd98f31,SER,2021-05-16T23:54:00.295Z,MOBILE,Android
00be97f4-0edd-4b7a-b2b2-21566dd98f31,CL,2021-05-17T04:54:54.295Z,MOBILE,Android
824a927c-0550-4f0d-9e78-4e0f4561a429,HP,2021-08-04T18:50:00.295Z,MOBILE,Android
824a927c-0550-4f0d-9e78-4e0f4561a429,ATC,2021-08-08T14:26:56.295Z,MOBILE,Android
824a927c-0550-4f0d-9e78-4e0f4561a429,ATC,2021-08-12T10:14:26.295Z,MOBILE,Android
824a927c-0550-4f0d-9e78-4e0f4561a429,ATC,2021-08-16T05:57:29.295Z,MOBILE,Android
824a927c-0550-4f0d-9e78-4e0f4561a429,ATC,2021-08-20T02:07:01.295Z,MOBILE,Android
824a927c-0550-4f0d-9e78-4e0f4561a429,CL,2021-08-08T14:34:17.295Z,MOBILE,Android
824a927c-0550-4f0d-9e78-4e0f4561a429,SER,2021-08-12T10:10:02.295Z,MOBILE,Android
824a927c-0550-4f0d-9e78-4e0f4561a429,SER,2021-08-16T05:46:37.295Z,MOBILE,Android
824a927c-0550-4f0d-9e78-4e0f4561a429,ATC,2021-08-20T01:34:48.295Z,MOBILE,Android
824a927c-0550-4f0d-9e78-4e0f4561a429,ATC,2021-08-23T21:05:30.295Z,MOBILE,Android
00be97f4-0edd-4b7a-b2b2-21566dd98f31,VI,2021-05-16T18:57:01.295Z,MOBILE,Android
23a01521-6475-45fb-9e34-b82b0040777b,HP,2021-08-26T07:24:22.852Z,MOBILE,Android
23a01521-6475-45fb-9e34-b82b0040777b,ATC,2021-08-27T08:10:37.852Z,MOBILE,Android
23a01521-6475-45fb-9e34-b82b0040777b,AP,2021-08-28T08:51:57.852Z,MOBILE,Android
23a01521-6475-45fb-9e34-b82b0040777b,SER,2021-08-27T08:05:39.852Z,MOBILE,Android
23a01521-6475-45fb-9e34-b82b0040777b,SCR,2021-08-28T08:39:13.852Z,MOBILE,Android
23a01521-6475-45fb-9e34-b82b0040777b,CL,2021-08-29T09:13:02.852Z,MOBILE,Android
23a01521-6475-45fb-9e34-b82b0040777b,SER,2021-08-30T09:48:08.852Z,MOBILE,Android
23a01521-6475-45fb-9e34-b82b0040777b,CL,2021-09-01T11:12:18.852Z,MOBILE,Android
23a01521-6475-45fb-9e34-b82b0040777b,CL,2021-09-03T12:31:51.852Z,MOBILE,Android
23a01521-6475-45fb-9e34-b82b0040777b,CL,2021-09-04T13:11:35.852Z,MOBILE,Android
23a01521-6475-45fb-9e34-b82b0040777b,CL,2021-09-05T13:56:06.852Z,MOBILE,Android
23a01521-6475-45fb-9e34-b82b0040777b,SCR,2021-09-06T14:34:13.852Z,MOBILE,Android
23a01521-6475-45fb-9e34-b82b0040777b,HP,2021-09-07T15:06:53.852Z,MOBILE,Android
23a01521-6475-45fb-9e34-b82b0040777b,CL,2021-09-08T15:47:23.852Z,MOBILE,Android
23a01521-6475-45fb-9e34-b82b0040777b,CL,2021-09-09T16:12:20.852Z,MOBILE,Android
5467e91f-70b3-4908-be32-f81980300ea6,HP,2021-11-15T06:29:42.852Z,MOBILE,Android
5467e91f-70b3-4908-be32-f81980300ea6,ATC,2021-11-17T08:43:13.852Z,MOBILE,Android
5467e91f-70b3-4908-be32-f81980300ea6,AP,2021-11-19T10:59:15.852Z,MOBILE,Android
5467e91f-70b3-4908-be32-f81980300ea6,CL,2021-11-19T10:37:00.852Z,MOBILE,Android
5467e91f-70b3-4908-be32-f81980300ea6,SCR,2021-11-21T12:37:56.852Z,MOBILE,Android
23a01521-6475-45fb-9e34-b82b0040777b,VI,2021-09-02T11:56:30.852Z,MOBILE,Android
23a01521-6475-45fb-9e34-b82b0040777b,VI,2021-09-22T16:50:08.852Z,MOBILE,Android
5467e91f-70b3-4908-be32-f81980300ea6,VI,2021-11-17T08:34:24.852Z,MOBILE,Android
f2a5df95-1a36-4a3a-aacb-8f6660ded4e3,HP,2023-11-12T07:10:40.368Z,MOBILE,Android
9c5705ec-279f-4423-bf56-f41abfd547a4,HP,2019-08-07T01:02:02.127Z,MOBILE,Android
9c5705ec-279f-4423-bf56-f41abfd547a4,ATC,2019-08-07T05:37:47.127Z,MOBILE,Android
9c5705ec-279f-4423-bf56-f41abfd547a4,ATC,2019-08-07T10:14:47.127Z,MOBILE,Android
9c5705ec-279f-4423-bf56-f41abfd547a4,AP,2019-08-07T14:53:40.127Z,MOBILE,Android
9c5705ec-279f-4423-bf56-f41abfd547a4,SER,2019-08-07T05:39:54.127Z,MOBILE,Android
9c5705ec-279f-4423-bf56-f41abfd547a4,SER,2019-08-07T10:20:37.127Z,MOBILE,Android
9c5705ec-279f-4423-bf56-f41abfd547a4,ATC,2019-08-07T14:55:52.127Z,MOBILE,Android
9c5705ec-279f-4423-bf56-f41abfd547a4,CO,2019-08-08T09:20:13.127Z,MOBILE,Android
afeb5962-9292-48d2-baeb-ed2cd7fc6807,HP,2023-04-14T16:31:40.127Z,MOBILE,Android
afeb5962-9292-48d2-baeb-ed2cd7fc6807,ATC,2023-04-15T09:06:23.127Z,MOBILE,Android
afeb5962-9292-48d2-baeb-ed2cd7fc6807,ATC,2023-04-16T01:44:10.127Z,MOBILE,Android
afeb5962-9292-48d2-baeb-ed2cd7fc6807,ATC,2023-04-16T18:25:09.127Z,MOBILE,Android
afeb5962-9292-48d2-baeb-ed2cd7fc6807,ATC,2023-04-17T11:02:08.127Z,MOBILE,Android
afeb5962-9292-48d2-baeb-ed2cd7fc6807,ATC,2023-04-18T03:34:32.127Z,MOBILE,Android
afeb5962-9292-48d2-baeb-ed2cd7fc6807,ATC,2023-04-18T20:11:09.127Z,MOBILE,Android
afeb5962-9292-48d2-baeb-ed2cd7fc6807,CL,2023-04-15T09:13:19.127Z,MOBILE,Android
7affd83c-b96d-4479-b695-216febaa3966,HP,2022-04-27T06:16:06.384Z,MOBILE,iOS
7affd83c-b96d-4479-b695-216febaa3966,ATC,2022-04-29T02:09:45.384Z,MOBILE,iOS
7affd83c-b96d-4479-b695-216febaa3966,AP,2022-04-30T21:56:38.384Z,MOBILE,iOS
7affd83c-b96d-4479-b695-216febaa3966,SCR,2022-04-29T02:00:41.384Z,MOBILE,iOS
7affd83c-b96d-4479-b695-216febaa3966,SER,2022-04-30T21:49:45.384Z,MOBILE,iOS
7affd83c-b96d-4479-b695-216febaa3966,ATC,2022-05-02T17:44:49.384Z,MOBILE,iOS
4b39fc1c-78af-47ba-8d23-224ead5e4621,HP,2023-10-06T13:42:30.752Z,MOBILE,iOS
4b39fc1c-78af-47ba-8d23-224ead5e4621,ATC,2023-10-08T02:50:11.752Z,MOBILE,iOS
4b39fc1c-78af-47ba-8d23-224ead5e4621,AP,2023-10-09T16:11:00.752Z,MOBILE,iOS
4b39fc1c-78af-47ba-8d23-224ead5e4621,CL,2023-10-08T03:04:18.752Z,MOBILE,iOS
4b39fc1c-78af-47ba-8d23-224ead5e4621,CL,2023-10-11T05:40:16.752Z,MOBILE,iOS
4b39fc1c-78af-47ba-8d23-224ead5e4621,SER,2023-10-12T18:51:50.752Z,MOBILE,iOS
4b39fc1c-78af-47ba-8d23-224ead5e4621,SCR,2023-10-14T08:08:06.752Z,MOBILE,iOS
4b39fc1c-78af-47ba-8d23-224ead5e4621,SCR,2023-10-15T21:29:19.752Z,MOBILE,iOS
4b39fc1c-78af-47ba-8d23-224ead5e4621,HP,2023-10-17T10:36:54.752Z,MOBILE,iOS
4b39fc1c-78af-47ba-8d23-224ead5e4621,HP,2023-10-23T15:49:23.752Z,MOBILE,iOS
4b39fc1c-78af-47ba-8d23-224ead5e4621,CL,2023-10-25T04:54:05.752Z,MOBILE,iOS
4b39fc1c-78af-47ba-8d23-224ead5e4621,VI,2023-10-19T00:00:06.752Z,MOBILE,iOS
4b39fc1c-78af-47ba-8d23-224ead5e4621,VI,2023-10-20T13:08:37.752Z,MOBILE,iOS
4b39fc1c-78af-47ba-8d23-224ead5e4621,VI,2023-10-22T02:30:34.752Z,MOBILE,iOS
2b59c088-2131-4831-8e42-47c0f42b26f7,HP,2023-02-24T21:12:47.667Z,MOBILE,Android
2b59c088-2131-4831-8e42-47c0f42b26f7,ATC,2023-02-25T09:30:01.667Z,MOBILE,Android
2b59c088-2131-4831-8e42-47c0f42b26f7,AP,2023-02-25T21:50:01.667Z,MOBILE,Android
2b59c088-2131-4831-8e42-47c0f42b26f7,SCR,2023-02-26T10:02:55.667Z,MOBILE,Android
2b59c088-2131-4831-8e42-47c0f42b26f7,SCR,2023-02-26T22:20:02.667Z,MOBILE,Android
2b59c088-2131-4831-8e42-47c0f42b26f7,SER,2023-02-27T10:39:55.667Z,MOBILE,Android
2b59c088-2131-4831-8e42-47c0f42b26f7,HP,2023-02-27T22:54:34.667Z,MOBILE,Android
2b59c088-2131-4831-8e42-47c0f42b26f7,VI,2023-02-25T09:30:11.667Z,MOBILE,Android
71e762bf-fb2c-4509-97b0-9b89fe4ed372,HP,2023-09-17T19:43:31.667Z,MOBILE,Android
71e762bf-fb2c-4509-97b0-9b89fe4ed372,ATC,2023-09-18T02:28:56.667Z,MOBILE,Android
71e762bf-fb2c-4509-97b0-9b89fe4ed372,AP,2023-09-18T09:15:32.667Z,MOBILE,Android
71e762bf-fb2c-4509-97b0-9b89fe4ed372,CL,2023-09-18T02:32:53.667Z,MOBILE,Android
71e762bf-fb2c-4509-97b0-9b89fe4ed372,SER,2023-09-18T09:22:34.667Z,MOBILE,Android
71e762bf-fb2c-4509-97b0-9b89fe4ed372,CL,2023-09-18T16:09:29.667Z,MOBILE,Android
71e762bf-fb2c-4509-97b0-9b89fe4ed372,SCR,2023-09-19T05:47:02.667Z,MOBILE,Android
71e762bf-fb2c-4509-97b0-9b89fe4ed372,CL,2023-09-20T02:07:48.667Z,MOBILE,Android
71e762bf-fb2c-4509-97b0-9b89fe4ed372,CL,2023-09-20T08:54:25.667Z,MOBILE,Android
71e762bf-fb2c-4509-97b0-9b89fe4ed372,SER,2023-09-20T15:41:51.667Z,MOBILE,Android
71e762bf-fb2c-4509-97b0-9b89fe4ed372,SCR,2023-09-20T22:34:36.667Z,MOBILE,Android
71e762bf-fb2c-4509-97b0-9b89fe4ed372,VI,2023-09-18T22:59:31.667Z,MOBILE,Android
2ae461f0-2caf-456a-b295-40ed07a1c3d4,HP,2020-07-09T14:01:44.459Z,MOBILE,Android
0884670f-4ec5-4b98-acb5-266b45f540a4,HP,2023-04-24T20:18:09.157Z,MOBILE,Android
0884670f-4ec5-4b98-acb5-266b45f540a4,ATC,2023-04-25T03:13:36.157Z,MOBILE,Android
0884670f-4ec5-4b98-acb5-266b45f540a4,AP,2023-04-25T10:13:34.157Z,MOBILE,Android
0884670f-4ec5-4b98-acb5-266b45f540a4,CL,2023-04-25T03:17:42.157Z,MOBILE,Android
27250be8-824f-4c63-93ba-6711829c3301,HP,2023-12-14T14:43:40.157Z,MOBILE,Android
27250be8-824f-4c63-93ba-6711829c3301,ATC,2023-12-14T19:04:27.157Z,MOBILE,Android
27250be8-824f-4c63-93ba-6711829c3301,ATC,2023-12-14T23:24:54.157Z,MOBILE,Android
27250be8-824f-4c63-93ba-6711829c3301,SCR,2023-12-14T19:03:51.157Z,MOBILE,Android
27250be8-824f-4c63-93ba-6711829c3301,SER,2023-12-14T23:20:18.157Z,MOBILE,Android
27250be8-824f-4c63-93ba-6711829c3301,SER,2023-12-15T03:40:11.157Z,MOBILE,Android
27250be8-824f-4c63-93ba-6711829c3301,SER,2023-12-15T08:02:58.157Z,MOBILE,Android
27250be8-824f-4c63-93ba-6711829c3301,SCR,2023-12-15T12:21:55.157Z,MOBILE,Android
27250be8-824f-4c63-93ba-6711829c3301,SCR,2023-12-15T16:42:11.157Z,MOBILE,Android
ce165bce-60bd-4044-8218-c21872e92b48,HP,2018-09-11T04:02:56.657Z,MOBILE,Android
ce165bce-60bd-4044-8218-c21872e92b48,ATC,2018-09-11T04:06:59.657Z,MOBILE,Android
ce165bce-60bd-4044-8218-c21872e92b48,SCR,2018-09-11T04:06:59.657Z,MOBILE,Android
8dc9fd3a-05dd-486f-9daf-225d6bd401c6,HP,2022-05-06T04:04:38.552Z,MOBILE,Android
5167197e-5c88-4b04-9c45-eb4c49d85f86,HP,2020-12-03T10:10:00.552Z,MOBILE,Android
5167197e-5c88-4b04-9c45-eb4c49d85f86,ATC,2020-12-03T15:06:55.552Z,MOBILE,Android
5167197e-5c88-4b04-9c45-eb4c49d85f86,CL,2020-12-03T15:07:14.552Z,MOBILE,Android
5167197e-5c88-4b04-9c45-eb4c49d85f86,SCR,2020-12-03T20:00:30.552Z,MOBILE,Android
5167197e-5c88-4b04-9c45-eb4c49d85f86,SCR,2020-12-04T00:54:39.552Z,MOBILE,Android
8dc9fd3a-05dd-486f-9daf-225d6bd401c6,HP,2022-05-04T04:29:11.552Z,MOBILE,Android
8dc9fd3a-05dd-486f-9daf-225d6bd401c6,ATC,2022-05-04T13:25:46.552Z,MOBILE,Android
8dc9fd3a-05dd-486f-9daf-225d6bd401c6,AP,2022-05-04T22:12:54.552Z,MOBILE,Android
8dc9fd3a-05dd-486f-9daf-225d6bd401c6,CL,2022-05-04T13:22:48.552Z,MOBILE,Android
8dc9fd3a-05dd-486f-9daf-225d6bd401c6,HP,2022-05-07T03:49:24.552Z,MOBILE,Android
8dc9fd3a-05dd-486f-9daf-225d6bd401c6,CL,2022-05-07T15:47:34.552Z,MOBILE,Android
8dc9fd3a-05dd-486f-9daf-225d6bd401c6,HP,2022-05-08T03:44:55.552Z,MOBILE,Android
8dc9fd3a-05dd-486f-9daf-225d6bd401c6,HP,2022-05-08T15:41:32.552Z,MOBILE,Android
8dc9fd3a-05dd-486f-9daf-225d6bd401c6,SCR,2022-05-09T03:30:23.552Z,MOBILE,Android
8dc9fd3a-05dd-486f-9daf-225d6bd401c6,HP,2022-05-09T15:21:40.552Z,MOBILE,Android
8dc9fd3a-05dd-486f-9daf-225d6bd401c6,HP,2022-05-10T03:13:48.552Z,MOBILE,Android
8dc9fd3a-05dd-486f-9daf-225d6bd401c6,HP,2022-05-10T15:05:21.552Z,MOBILE,Android
8dc9fd3a-05dd-486f-9daf-225d6bd401c6,HP,2022-05-11T02:59:55.552Z,MOBILE,Android
8dc9fd3a-05dd-486f-9daf-225d6bd401c6,HP,2022-05-11T14:51:24.552Z,MOBILE,Android
8dc9fd3a-05dd-486f-9daf-225d6bd401c6,VI,2022-05-12T02:40:35.552Z,MOBILE,Android
8dc9fd3a-05dd-486f-9daf-225d6bd401c6,HP,2022-05-12T14:33:48.552Z,MOBILE,Android
8dc9fd3a-05dd-486f-9daf-225d6bd401c6,HP,2022-05-13T02:25:07.552Z,MOBILE,Android
8dc9fd3a-05dd-486f-9daf-225d6bd401c6,HP,2022-05-14T02:13:26.552Z,MOBILE,Android
8dc9fd3a-05dd-486f-9daf-225d6bd401c6,HP,2022-05-14T14:05:56.552Z,MOBILE,Android
8dc9fd3a-05dd-486f-9daf-225d6bd401c6,HP,2022-05-15T14:06:04.552Z,MOBILE,Android
8dc9fd3a-05dd-486f-9daf-225d6bd401c6,HP,2022-05-16T02:03:13.552Z,MOBILE,Android
8dc9fd3a-05dd-486f-9daf-225d6bd401c6,CL,2022-05-16T13:57:47.552Z,MOBILE,Android
8dc9fd3a-05dd-486f-9daf-225d6bd401c6,HP,2022-05-17T01:55:36.552Z,MOBILE,Android
8dc9fd3a-05dd-486f-9daf-225d6bd401c6,HP,2022-05-18T01:44:10.552Z,MOBILE,Android
8dc9fd3a-05dd-486f-9daf-225d6bd401c6,HP,2022-05-18T13:30:48.552Z,MOBILE,Android
8dc9fd3a-05dd-486f-9daf-225d6bd401c6,HP,2022-05-19T01:27:35.552Z,MOBILE,Android
8dc9fd3a-05dd-486f-9daf-225d6bd401c6,HP,2022-05-19T13:24:04.552Z,MOBILE,Android
8dc9fd3a-05dd-486f-9daf-225d6bd401c6,HP,2022-05-20T01:20:48.552Z,MOBILE,Android
8dc9fd3a-05dd-486f-9daf-225d6bd401c6,HP,2022-05-20T13:21:16.552Z,MOBILE,Android
8dc9fd3a-05dd-486f-9daf-225d6bd401c6,HP,2022-05-21T01:16:57.552Z,MOBILE,Android
8dc9fd3a-05dd-486f-9daf-225d6bd401c6,HP,2022-05-22T01:08:34.552Z,MOBILE,Android
8dc9fd3a-05dd-486f-9daf-225d6bd401c6,HP,2022-05-22T13:06:16.552Z,MOBILE,Android
8dc9fd3a-05dd-486f-9daf-225d6bd401c6,HP,2022-05-23T01:02:10.552Z,MOBILE,Android
8dc9fd3a-05dd-486f-9daf-225d6bd401c6,HP,2022-05-23T12:57:06.552Z,MOBILE,Android
8dc9fd3a-05dd-486f-9daf-225d6bd401c6,HP,2022-05-24T00:45:54.552Z,MOBILE,Android
8dc9fd3a-05dd-486f-9daf-225d6bd401c6,SCR,2022-05-24T12:36:41.552Z,MOBILE,Android
8dc9fd3a-05dd-486f-9daf-225d6bd401c6,SCR,2022-05-25T00:29:06.552Z,MOBILE,Android
8dc9fd3a-05dd-486f-9daf-225d6bd401c6,HP,2022-05-25T12:23:48.552Z,MOBILE,Android
8dc9fd3a-05dd-486f-9daf-225d6bd401c6,HP,2022-05-26T12:08:32.552Z,MOBILE,Android
8dc9fd3a-05dd-486f-9daf-225d6bd401c6,HP,2022-05-27T00:03:16.552Z,MOBILE,Android
8dc9fd3a-05dd-486f-9daf-225d6bd401c6,HP,2022-05-27T23:52:07.552Z,MOBILE,Android
8dc9fd3a-05dd-486f-9daf-225d6bd401c6,SER,2022-05-28T11:48:00.552Z,MOBILE,Android
8dc9fd3a-05dd-486f-9daf-225d6bd401c6,HP,2022-05-28T23:49:40.552Z,MOBILE,Android
8dc9fd3a-05dd-486f-9daf-225d6bd401c6,HP,2022-05-29T11:41:28.552Z,MOBILE,Android
8dc9fd3a-05dd-486f-9daf-225d6bd401c6,HP,2022-05-29T23:33:17.552Z,MOBILE,Android
8dc9fd3a-05dd-486f-9daf-225d6bd401c6,HP,2022-05-30T11:27:18.552Z,MOBILE,Android
8dc9fd3a-05dd-486f-9daf-225d6bd401c6,CL,2022-05-30T23:16:19.552Z,MOBILE,Android
8dc9fd3a-05dd-486f-9daf-225d6bd401c6,HP,2022-05-31T23:08:29.552Z,MOBILE,Android
8dc9fd3a-05dd-486f-9daf-225d6bd401c6,CL,2022-06-01T11:04:51.552Z,MOBILE,Android
8dc9fd3a-05dd-486f-9daf-225d6bd401c6,HP,2022-06-01T22:58:19.552Z,MOBILE,Android
8dc9fd3a-05dd-486f-9daf-225d6bd401c6,HP,2022-06-02T10:52:23.552Z,MOBILE,Android
8dc9fd3a-05dd-486f-9daf-225d6bd401c6,HP,2022-06-03T10:35:46.552Z,MOBILE,Android
8dc9fd3a-05dd-486f-9daf-225d6bd401c6,HP,2022-06-03T22:33:57.552Z,MOBILE,Android
8dc9fd3a-05dd-486f-9daf-225d6bd401c6,HP,2022-06-04T10:24:59.552Z,MOBILE,Android
8dc9fd3a-05dd-486f-9daf-225d6bd401c6,HP,2022-06-04T22:19:06.552Z,MOBILE,Android
8dc9fd3a-05dd-486f-9daf-225d6bd401c6,HP,2022-06-05T22:02:29.552Z,MOBILE,Android
8dc9fd3a-05dd-486f-9daf-225d6bd401c6,HP,2022-06-06T09:57:54.552Z,MOBILE,Android
8dc9fd3a-05dd-486f-9daf-225d6bd401c6,HP,2022-06-06T21:53:53.552Z,MOBILE,Android
8dc9fd3a-05dd-486f-9daf-225d6bd401c6,HP,2022-06-07T21:38:05.552Z,MOBILE,Android
8dc9fd3a-05dd-486f-9daf-225d6bd401c6,HP,2022-06-08T21:40:59.552Z,MOBILE,Android
8dc9fd3a-05dd-486f-9daf-225d6bd401c6,HP,2022-06-09T09:36:12.552Z,MOBILE,Android
8dc9fd3a-05dd-486f-9daf-225d6bd401c6,HP,2022-06-10T21:23:59.552Z,MOBILE,Android
8dc9fd3a-05dd-486f-9daf-225d6bd401c6,HP,2022-06-11T09:18:59.552Z,MOBILE,Android
8dc9fd3a-05dd-486f-9daf-225d6bd401c6,HP,2022-06-11T21:19:42.552Z,MOBILE,Android
8dc9fd3a-05dd-486f-9daf-225d6bd401c6,HP,2022-06-12T09:17:04.552Z,MOBILE,Android
8dc9fd3a-05dd-486f-9daf-225d6bd401c6,SER,2022-06-12T21:12:48.552Z,MOBILE,Android
8dc9fd3a-05dd-486f-9daf-225d6bd401c6,SER,2022-06-13T09:07:32.552Z,MOBILE,Android
8dc9fd3a-05dd-486f-9daf-225d6bd401c6,HP,2022-06-14T08:52:02.552Z,MOBILE,Android
8dc9fd3a-05dd-486f-9daf-225d6bd401c6,HP,2022-06-14T20:47:54.552Z,MOBILE,Android
8dc9fd3a-05dd-486f-9daf-225d6bd401c6,HP,2022-06-15T08:40:34.552Z,MOBILE,Android
8dc9fd3a-05dd-486f-9daf-225d6bd401c6,SCR,2022-06-15T20:37:35.552Z,MOBILE,Android
8dc9fd3a-05dd-486f-9daf-225d6bd401c6,HP,2022-06-16T08:31:44.552Z,MOBILE,Android
8dc9fd3a-05dd-486f-9daf-225d6bd401c6,HP,2022-06-16T20:21:35.552Z,MOBILE,Android
8dc9fd3a-05dd-486f-9daf-225d6bd401c6,HP,2022-06-18T08:03:45.552Z,MOBILE,Android
8dc9fd3a-05dd-486f-9daf-225d6bd401c6,HP,2022-06-18T20:05:47.552Z,MOBILE,Android
8dc9fd3a-05dd-486f-9daf-225d6bd401c6,HP,2022-06-19T20:00:12.552Z,MOBILE,Android
8dc9fd3a-05dd-486f-9daf-225d6bd401c6,HP,2022-06-20T19:50:58.552Z,MOBILE,Android
8dc9fd3a-05dd-486f-9daf-225d6bd401c6,HP,2022-06-21T07:49:10.552Z,MOBILE,Android
8dc9fd3a-05dd-486f-9daf-225d6bd401c6,HP,2022-06-21T19:44:59.552Z,MOBILE,Android
8dc9fd3a-05dd-486f-9daf-225d6bd401c6,HP,2022-06-22T07:44:30.552Z,MOBILE,Android
8dc9fd3a-05dd-486f-9daf-225d6bd401c6,HP,2022-06-22T19:37:21.552Z,MOBILE,Android
8dc9fd3a-05dd-486f-9daf-225d6bd401c6,HP,2022-06-23T07:26:38.552Z,MOBILE,Android
8dc9fd3a-05dd-486f-9daf-225d6bd401c6,HP,2022-06-23T19:26:19.552Z,MOBILE,Android
8dc9fd3a-05dd-486f-9daf-225d6bd401c6,SCR,2022-06-24T07:21:37.552Z,MOBILE,Android
8dc9fd3a-05dd-486f-9daf-225d6bd401c6,HP,2022-06-24T19:14:27.552Z,MOBILE,Android
8dc9fd3a-05dd-486f-9daf-225d6bd401c6,HP,2022-06-25T18:59:53.552Z,MOBILE,Android
8dc9fd3a-05dd-486f-9daf-225d6bd401c6,HP,2022-06-26T06:51:23.552Z,MOBILE,Android
8dc9fd3a-05dd-486f-9daf-225d6bd401c6,HP,2022-06-26T18:47:33.552Z,MOBILE,Android
8dc9fd3a-05dd-486f-9daf-225d6bd401c6,HP,2022-06-27T06:38:21.552Z,MOBILE,Android
8dc9fd3a-05dd-486f-9daf-225d6bd401c6,HP,2022-06-27T18:34:04.552Z,MOBILE,Android
8dc9fd3a-05dd-486f-9daf-225d6bd401c6,HP,2022-06-28T06:34:28.552Z,MOBILE,Android
b4b6530c-73b3-4de6-8c98-14a413984521,HP,2022-10-26T07:19:49.379Z,MOBILE,Android
b4b6530c-73b3-4de6-8c98-14a413984521,ATC,2022-10-26T08:54:43.379Z,MOBILE,Android
b4b6530c-73b3-4de6-8c98-14a413984521,CL,2022-10-26T10:34:29.379Z,MOBILE,Android
b4b6530c-73b3-4de6-8c98-14a413984521,CL,2022-10-26T12:10:35.379Z,MOBILE,Android
b4b6530c-73b3-4de6-8c98-14a413984521,CL,2022-10-26T16:56:56.379Z,MOBILE,Android
b4b6530c-73b3-4de6-8c98-14a413984521,HP,2022-10-26T18:32:56.379Z,MOBILE,Android
b4b6530c-73b3-4de6-8c98-14a413984521,CL,2022-10-26T20:10:02.379Z,MOBILE,Android
b4b6530c-73b3-4de6-8c98-14a413984521,SCR,2022-10-27T02:15:39.379Z,MOBILE,Android
b4b6530c-73b3-4de6-8c98-14a413984521,CL,2022-10-27T05:13:37.379Z,MOBILE,Android
b4b6530c-73b3-4de6-8c98-14a413984521,HP,2022-10-27T11:04:37.379Z,MOBILE,Android
b4b6530c-73b3-4de6-8c98-14a413984521,CL,2022-10-27T14:02:44.379Z,MOBILE,Android
b4b6530c-73b3-4de6-8c98-14a413984521,SER,2022-10-27T16:58:41.379Z,MOBILE,Android
b4b6530c-73b3-4de6-8c98-14a413984521,SCR,2022-10-27T19:59:09.379Z,MOBILE,Android
b4b6530c-73b3-4de6-8c98-14a413984521,HP,2022-10-28T01:53:42.379Z,MOBILE,Android
963c0b96-df64-43be-8cc4-86820ab4c97a,HP,2023-05-04T00:05:16.379Z,WEB,Android
963c0b96-df64-43be-8cc4-86820ab4c97a,ATC,2023-05-04T01:17:12.379Z,WEB,Android
963c0b96-df64-43be-8cc4-86820ab4c97a,SCR,2023-05-04T02:29:23.379Z,WEB,Android
963c0b96-df64-43be-8cc4-86820ab4c97a,CL,2023-05-04T04:51:23.379Z,WEB,Android
963c0b96-df64-43be-8cc4-86820ab4c97a,CL,2023-05-04T06:03:10.379Z,WEB,Android
963c0b96-df64-43be-8cc4-86820ab4c97a,SER,2023-05-04T07:14:32.379Z,WEB,Android
963c0b96-df64-43be-8cc4-86820ab4c97a,HP,2023-05-04T08:28:09.379Z,WEB,Android
963c0b96-df64-43be-8cc4-86820ab4c97a,CL,2023-05-04T09:37:59.379Z,WEB,Android
963c0b96-df64-43be-8cc4-86820ab4c97a,CL,2023-05-04T10:51:36.379Z,WEB,Android
963c0b96-df64-43be-8cc4-86820ab4c97a,HP,2023-05-04T12:04:07.379Z,WEB,Android
963c0b96-df64-43be-8cc4-86820ab4c97a,SER,2023-05-04T14:30:59.379Z,WEB,Android
963c0b96-df64-43be-8cc4-86820ab4c97a,SER,2023-05-04T15:43:20.379Z,WEB,Android
963c0b96-df64-43be-8cc4-86820ab4c97a,HP,2023-05-04T16:54:45.379Z,WEB,Android
963c0b96-df64-43be-8cc4-86820ab4c97a,CL,2023-05-04T18:06:46.379Z,WEB,Android
963c0b96-df64-43be-8cc4-86820ab4c97a,HP,2023-05-04T19:17:36.379Z,WEB,Android
963c0b96-df64-43be-8cc4-86820ab4c97a,SER,2023-05-04T20:30:14.379Z,WEB,Android
963c0b96-df64-43be-8cc4-86820ab4c97a,HP,2023-05-04T22:56:56.379Z,WEB,Android
963c0b96-df64-43be-8cc4-86820ab4c97a,CL,2023-05-05T01:17:29.379Z,WEB,Android
937391f6-28ce-4114-ae56-73e1c7101459,HP,2021-03-28T23:00:53.318Z,MOBILE,Android
937391f6-28ce-4114-ae56-73e1c7101459,ATC,2021-04-11T15:46:20.318Z,MOBILE,Android
937391f6-28ce-4114-ae56-73e1c7101459,SCR,2021-04-25T07:45:05.318Z,MOBILE,Android
79fb5117-34c6-4346-8cc1-ab0dbe59fea5,HP,2023-10-01T12:43:40.550Z,MOBILE,Android
79fb5117-34c6-4346-8cc1-ab0dbe59fea5,ATC,2023-10-02T20:00:59.550Z,MOBILE,Android
79fb5117-34c6-4346-8cc1-ab0dbe59fea5,ATC,2023-10-04T03:27:22.550Z,MOBILE,Android
79fb5117-34c6-4346-8cc1-ab0dbe59fea5,SER,2023-10-02T20:02:04.550Z,MOBILE,Android
79fb5117-34c6-4346-8cc1-ab0dbe59fea5,CL,2023-10-04T03:20:31.550Z,MOBILE,Android
bea327f3-7c89-41fb-b19f-f7dba711c9c6,HP,2021-08-15T15:51:33.452Z,MOBILE,Android
bea327f3-7c89-41fb-b19f-f7dba711c9c6,ATC,2021-08-18T13:01:58.452Z,MOBILE,Android
bea327f3-7c89-41fb-b19f-f7dba711c9c6,SCR,2021-08-18T13:24:10.452Z,MOBILE,Android
bea327f3-7c89-41fb-b19f-f7dba711c9c6,SER,2021-08-21T10:45:13.452Z,MOBILE,Android
bea327f3-7c89-41fb-b19f-f7dba711c9c6,CL,2021-09-04T11:15:53.452Z,MOBILE,Android
bea327f3-7c89-41fb-b19f-f7dba711c9c6,SCR,2021-09-09T19:32:40.452Z,MOBILE,Android
bea327f3-7c89-41fb-b19f-f7dba711c9c6,SCR,2021-09-15T03:47:58.452Z,MOBILE,Android
bea327f3-7c89-41fb-b19f-f7dba711c9c6,CL,2021-09-20T11:38:52.452Z,MOBILE,Android
bea327f3-7c89-41fb-b19f-f7dba711c9c6,VI,2021-08-24T07:54:27.452Z,MOBILE,Android
bea327f3-7c89-41fb-b19f-f7dba711c9c6,VI,2021-09-25T20:22:02.452Z,MOBILE,Android
062f242e-175f-47d9-b973-a441558636ad,HP,2023-02-27T07:48:21.452Z,MOBILE,Android
062f242e-175f-47d9-b973-a441558636ad,ATC,2023-03-01T22:03:46.452Z,MOBILE,Android
062f242e-175f-47d9-b973-a441558636ad,SCR,2023-03-01T21:52:05.452Z,MOBILE,Android
062f242e-175f-47d9-b973-a441558636ad,HP,2023-03-07T02:16:36.452Z,MOBILE,Android
062f242e-175f-47d9-b973-a441558636ad,VI,2023-03-04T12:00:42.452Z,MOBILE,Android
7d2d9d76-4927-4375-9367-765bf631abcb,HP,2023-06-25T06:44:17.452Z,MOBILE,Android
7d2d9d76-4927-4375-9367-765bf631abcb,ATC,2023-06-25T06:49:54.452Z,MOBILE,Android
7d2d9d76-4927-4375-9367-765bf631abcb,CL,2023-06-25T06:55:00.452Z,MOBILE,Android
7d2d9d76-4927-4375-9367-765bf631abcb,SER,2023-06-25T07:05:32.452Z,MOBILE,Android
7d2d9d76-4927-4375-9367-765bf631abcb,HP,2023-06-25T07:11:10.452Z,MOBILE,Android
7d2d9d76-4927-4375-9367-765bf631abcb,VI,2023-06-25T06:49:54.452Z,MOBILE,Android
7d2d9d76-4927-4375-9367-765bf631abcb,VI,2023-06-25T07:00:31.452Z,MOBILE,Android
83a9208f-f8de-4cfb-919b-e7210d4a4e35,HP,2023-02-17T06:32:16.633Z,MOBILE,Android
83a9208f-f8de-4cfb-919b-e7210d4a4e35,ATC,2023-02-17T07:16:54.633Z,MOBILE,Android
83a9208f-f8de-4cfb-919b-e7210d4a4e35,ATC,2023-02-17T08:03:09.633Z,MOBILE,Android
83a9208f-f8de-4cfb-919b-e7210d4a4e35,AP,2023-02-17T08:49:49.633Z,MOBILE,Android
83a9208f-f8de-4cfb-919b-e7210d4a4e35,CL,2023-02-17T07:16:08.633Z,MOBILE,Android
83a9208f-f8de-4cfb-919b-e7210d4a4e35,SER,2023-02-17T08:01:31.633Z,MOBILE,Android
83a9208f-f8de-4cfb-919b-e7210d4a4e35,CL,2023-02-17T09:30:24.633Z,MOBILE,Android
83a9208f-f8de-4cfb-919b-e7210d4a4e35,HP,2023-02-17T11:00:53.633Z,MOBILE,Android
83a9208f-f8de-4cfb-919b-e7210d4a4e35,SCR,2023-02-17T11:45:11.633Z,MOBILE,Android
43845f34-30ad-44f2-8cd4-95f3da473671,HP,2023-04-08T00:56:53.633Z,WEB,Android
43845f34-30ad-44f2-8cd4-95f3da473671,ATC,2023-04-08T14:31:46.633Z,WEB,Android
43845f34-30ad-44f2-8cd4-95f3da473671,SCR,2023-04-08T14:30:43.633Z,WEB,Android
c4eb71cf-f333-4fd7-b7e8-8bd67b03d486,HP,2023-04-18T21:34:42.633Z,WEB,Android
c4eb71cf-f333-4fd7-b7e8-8bd67b03d486,ATC,2023-04-19T04:04:30.633Z,WEB,Android
c4eb71cf-f333-4fd7-b7e8-8bd67b03d486,CL,2023-04-19T17:05:08.633Z,WEB,Android
c4eb71cf-f333-4fd7-b7e8-8bd67b03d486,HP,2023-04-19T23:38:08.633Z,WEB,Android
c4eb71cf-f333-4fd7-b7e8-8bd67b03d486,SER,2023-04-20T06:08:27.633Z,WEB,Android
c4eb71cf-f333-4fd7-b7e8-8bd67b03d486,HP,2023-04-20T12:40:26.633Z,WEB,Android
c4eb71cf-f333-4fd7-b7e8-8bd67b03d486,HP,2023-04-20T19:07:31.633Z,WEB,Android
c4eb71cf-f333-4fd7-b7e8-8bd67b03d486,SCR,2023-04-21T01:35:40.633Z,WEB,Android
c4eb71cf-f333-4fd7-b7e8-8bd67b03d486,SCR,2023-04-21T08:05:43.633Z,WEB,Android
c4eb71cf-f333-4fd7-b7e8-8bd67b03d486,SER,2023-04-21T14:37:28.633Z,WEB,Android
c4eb71cf-f333-4fd7-b7e8-8bd67b03d486,SER,2023-04-21T21:12:41.633Z,WEB,Android
c4eb71cf-f333-4fd7-b7e8-8bd67b03d486,SCR,2023-04-22T03:43:13.633Z,WEB,Android
c4eb71cf-f333-4fd7-b7e8-8bd67b03d486,CL,2023-04-22T16:46:43.633Z,WEB,Android
c4eb71cf-f333-4fd7-b7e8-8bd67b03d486,HP,2023-04-22T23:18:47.633Z,WEB,Android
c4eb71cf-f333-4fd7-b7e8-8bd67b03d486,CL,2023-04-23T05:44:54.633Z,WEB,Android
c4eb71cf-f333-4fd7-b7e8-8bd67b03d486,SCR,2023-04-23T12:14:01.633Z,WEB,Android
c4eb71cf-f333-4fd7-b7e8-8bd67b03d486,HP,2023-04-23T18:44:03.633Z,WEB,Android
c4eb71cf-f333-4fd7-b7e8-8bd67b03d486,SCR,2023-04-24T01:11:26.633Z,WEB,Android
c4eb71cf-f333-4fd7-b7e8-8bd67b03d486,SCR,2023-04-24T14:14:21.633Z,WEB,Android
c4eb71cf-f333-4fd7-b7e8-8bd67b03d486,SER,2023-04-24T20:47:30.633Z,WEB,Android
c4eb71cf-f333-4fd7-b7e8-8bd67b03d486,CL,2023-04-25T09:52:45.633Z,WEB,Android
c4eb71cf-f333-4fd7-b7e8-8bd67b03d486,SER,2023-04-25T16:25:03.633Z,WEB,Android
c4eb71cf-f333-4fd7-b7e8-8bd67b03d486,SCR,2023-04-26T05:31:06.633Z,WEB,Android
c4eb71cf-f333-4fd7-b7e8-8bd67b03d486,VI,2023-04-19T10:30:21.633Z,WEB,Android
c4eb71cf-f333-4fd7-b7e8-8bd67b03d486,VI,2023-04-22T10:16:24.633Z,WEB,Android
c4eb71cf-f333-4fd7-b7e8-8bd67b03d486,VI,2023-04-24T07:43:02.633Z,WEB,Android
c4eb71cf-f333-4fd7-b7e8-8bd67b03d486,VI,2023-04-25T03:18:44.633Z,WEB,Android
c4eb71cf-f333-4fd7-b7e8-8bd67b03d486,VI,2023-04-25T22:58:41.633Z,WEB,Android
57d48ea9-ee29-4b26-b14e-d72fec109623,HP,2023-07-20T18:54:52.633Z,MOBILE,Android
57d48ea9-ee29-4b26-b14e-d72fec109623,ATC,2023-07-20T19:15:32.633Z,MOBILE,Android
57d48ea9-ee29-4b26-b14e-d72fec109623,ATC,2023-07-20T19:37:10.633Z,MOBILE,Android
57d48ea9-ee29-4b26-b14e-d72fec109623,ATC,2023-07-20T19:58:46.633Z,MOBILE,Android
57d48ea9-ee29-4b26-b14e-d72fec109623,SCR,2023-07-20T19:15:58.633Z,MOBILE,Android
57d48ea9-ee29-4b26-b14e-d72fec109623,CL,2023-07-20T19:37:02.633Z,MOBILE,Android
57d48ea9-ee29-4b26-b14e-d72fec109623,SER,2023-07-20T19:58:25.633Z,MOBILE,Android
57d48ea9-ee29-4b26-b14e-d72fec109623,CL,2023-07-21T08:30:39.633Z,MOBILE,Android
1e62ffdb-85bb-4097-b02a-5d0dd5ca2657,HP,2023-08-01T12:25:36.633Z,MOBILE,Android
1e62ffdb-85bb-4097-b02a-5d0dd5ca2657,ATC,2023-08-02T00:09:51.633Z,MOBILE,Android
1e62ffdb-85bb-4097-b02a-5d0dd5ca2657,AP,2023-08-02T11:53:32.633Z,MOBILE,Android
1e62ffdb-85bb-4097-b02a-5d0dd5ca2657,CL,2023-08-02T00:16:20.633Z,MOBILE,Android
1e62ffdb-85bb-4097-b02a-5d0dd5ca2657,SER,2023-08-02T23:49:48.633Z,MOBILE,Android
1e62ffdb-85bb-4097-b02a-5d0dd5ca2657,HP,2023-08-03T11:36:49.633Z,MOBILE,Android
1e62ffdb-85bb-4097-b02a-5d0dd5ca2657,SCR,2023-08-03T23:29:38.633Z,MOBILE,Android
1e62ffdb-85bb-4097-b02a-5d0dd5ca2657,HP,2023-08-04T11:12:38.633Z,MOBILE,Android
1e62ffdb-85bb-4097-b02a-5d0dd5ca2657,HP,2023-08-04T22:59:55.633Z,MOBILE,Android
1e62ffdb-85bb-4097-b02a-5d0dd5ca2657,CL,2023-08-05T10:47:40.633Z,MOBILE,Android
85334017-b963-429f-b4b0-32aedf022aa4,HP,2023-06-27T00:40:25.269Z,MOBILE,Android
85334017-b963-429f-b4b0-32aedf022aa4,ATC,2023-06-28T04:04:23.269Z,MOBILE,Android
85334017-b963-429f-b4b0-32aedf022aa4,HP,2023-06-28T04:12:24.269Z,MOBILE,Android
85334017-b963-429f-b4b0-32aedf022aa4,HP,2023-06-29T07:41:44.269Z,MOBILE,Android
85334017-b963-429f-b4b0-32aedf022aa4,CL,2023-06-30T11:22:25.269Z,MOBILE,Android
85334017-b963-429f-b4b0-32aedf022aa4,HP,2023-07-02T18:10:04.269Z,MOBILE,Android
413dc4d0-6a7b-4fab-aa18-b6d0e7fbe368,HP,2020-09-23T06:43:24.905Z,MOBILE,iOS
413dc4d0-6a7b-4fab-aa18-b6d0e7fbe368,ATC,2020-09-23T06:55:00.905Z,MOBILE,iOS
413dc4d0-6a7b-4fab-aa18-b6d0e7fbe368,SCR,2020-09-23T06:54:38.905Z,MOBILE,iOS
413dc4d0-6a7b-4fab-aa18-b6d0e7fbe368,SCR,2020-09-23T07:06:40.905Z,MOBILE,iOS
38538725-e753-47d5-81ad-c32dd40c33a5,HP,2023-04-15T06:43:35.396Z,MOBILE,Android
38538725-e753-47d5-81ad-c32dd40c33a5,ATC,2023-04-15T07:04:36.396Z,MOBILE,Android
38538725-e753-47d5-81ad-c32dd40c33a5,HP,2023-04-15T07:04:55.396Z,MOBILE,Android
38538725-e753-47d5-81ad-c32dd40c33a5,SER,2023-04-15T07:26:50.396Z,MOBILE,Android
38538725-e753-47d5-81ad-c32dd40c33a5,SER,2023-04-15T08:10:57.396Z,MOBILE,Android
38538725-e753-47d5-81ad-c32dd40c33a5,CL,2023-04-15T09:36:57.396Z,MOBILE,Android
38538725-e753-47d5-81ad-c32dd40c33a5,CL,2023-04-15T09:59:27.396Z,MOBILE,Android
38538725-e753-47d5-81ad-c32dd40c33a5,CL,2023-04-15T10:20:37.396Z,MOBILE,Android
38538725-e753-47d5-81ad-c32dd40c33a5,SCR,2023-04-15T10:43:08.396Z,MOBILE,Android
38538725-e753-47d5-81ad-c32dd40c33a5,SER,2023-04-15T11:04:43.396Z,MOBILE,Android
38538725-e753-47d5-81ad-c32dd40c33a5,HP,2023-04-15T11:26:39.396Z,MOBILE,Android
38538725-e753-47d5-81ad-c32dd40c33a5,SER,2023-04-15T11:47:44.396Z,MOBILE,Android
38538725-e753-47d5-81ad-c32dd40c33a5,CL,2023-04-15T12:52:18.396Z,MOBILE,Android
38538725-e753-47d5-81ad-c32dd40c33a5,SER,2023-04-15T13:13:40.396Z,MOBILE,Android
38538725-e753-47d5-81ad-c32dd40c33a5,SCR,2023-04-17T07:56:04.396Z,MOBILE,Android
af4844b3-2b85-4301-865e-d5ce69fd8e74,HP,2023-03-01T18:36:53.284Z,MOBILE,Android
af4844b3-2b85-4301-865e-d5ce69fd8e74,ATC,2023-03-01T21:17:16.284Z,MOBILE,Android
af4844b3-2b85-4301-865e-d5ce69fd8e74,AP,2023-03-01T23:59:20.284Z,MOBILE,Android
af4844b3-2b85-4301-865e-d5ce69fd8e74,CL,2023-03-01T21:18:41.284Z,MOBILE,Android
af4844b3-2b85-4301-865e-d5ce69fd8e74,CL,2023-03-01T23:58:17.284Z,MOBILE,Android
af4844b3-2b85-4301-865e-d5ce69fd8e74,CL,2023-03-02T05:18:27.284Z,MOBILE,Android
af4844b3-2b85-4301-865e-d5ce69fd8e74,SCR,2023-03-02T07:58:06.284Z,MOBILE,Android
af4844b3-2b85-4301-865e-d5ce69fd8e74,HP,2023-03-02T10:36:55.284Z,MOBILE,Android
af4844b3-2b85-4301-865e-d5ce69fd8e74,CL,2023-03-02T13:16:13.284Z,MOBILE,Android
af4844b3-2b85-4301-865e-d5ce69fd8e74,HP,2023-03-02T15:56:25.284Z,MOBILE,Android
af4844b3-2b85-4301-865e-d5ce69fd8e74,HP,2023-03-02T18:39:02.284Z,MOBILE,Android
af4844b3-2b85-4301-865e-d5ce69fd8e74,SCR,2023-03-02T21:22:52.284Z,MOBILE,Android
af4844b3-2b85-4301-865e-d5ce69fd8e74,SER,2023-03-03T05:24:38.284Z,MOBILE,Android
af4844b3-2b85-4301-865e-d5ce69fd8e74,SCR,2023-03-03T08:06:55.284Z,MOBILE,Android
af4844b3-2b85-4301-865e-d5ce69fd8e74,CL,2023-03-03T13:24:05.284Z,MOBILE,Android
af4844b3-2b85-4301-865e-d5ce69fd8e74,HP,2023-03-03T16:06:14.284Z,MOBILE,Android
af4844b3-2b85-4301-865e-d5ce69fd8e74,HP,2023-03-03T18:47:23.284Z,MOBILE,Android
af4844b3-2b85-4301-865e-d5ce69fd8e74,HP,2023-03-03T21:27:31.284Z,MOBILE,Android
af4844b3-2b85-4301-865e-d5ce69fd8e74,HP,2023-03-04T02:50:02.284Z,MOBILE,Android
af4844b3-2b85-4301-865e-d5ce69fd8e74,SCR,2023-03-04T05:29:53.284Z,MOBILE,Android
af4844b3-2b85-4301-865e-d5ce69fd8e74,CL,2023-03-04T08:09:18.284Z,MOBILE,Android
af4844b3-2b85-4301-865e-d5ce69fd8e74,SCR,2023-03-04T10:51:47.284Z,MOBILE,Android
af4844b3-2b85-4301-865e-d5ce69fd8e74,SER,2023-03-04T13:33:12.284Z,MOBILE,Android
af4844b3-2b85-4301-865e-d5ce69fd8e74,HP,2023-03-05T02:56:27.284Z,MOBILE,Android
af4844b3-2b85-4301-865e-d5ce69fd8e74,SER,2023-03-05T08:17:08.284Z,MOBILE,Android
af4844b3-2b85-4301-865e-d5ce69fd8e74,CL,2023-03-05T10:57:33.284Z,MOBILE,Android
af4844b3-2b85-4301-865e-d5ce69fd8e74,SCR,2023-03-05T13:39:56.284Z,MOBILE,Android
af4844b3-2b85-4301-865e-d5ce69fd8e74,SCR,2023-03-05T16:19:52.284Z,MOBILE,Android
af4844b3-2b85-4301-865e-d5ce69fd8e74,SCR,2023-03-05T19:03:08.284Z,MOBILE,Android
af4844b3-2b85-4301-865e-d5ce69fd8e74,SCR,2023-03-05T21:41:44.284Z,MOBILE,Android
af4844b3-2b85-4301-865e-d5ce69fd8e74,SCR,2023-03-06T00:22:46.284Z,MOBILE,Android
af4844b3-2b85-4301-865e-d5ce69fd8e74,CL,2023-03-06T03:02:11.284Z,MOBILE,Android
af4844b3-2b85-4301-865e-d5ce69fd8e74,CL,2023-03-06T05:42:59.284Z,MOBILE,Android
af4844b3-2b85-4301-865e-d5ce69fd8e74,CL,2023-03-06T08:22:28.284Z,MOBILE,Android
af4844b3-2b85-4301-865e-d5ce69fd8e74,CL,2023-03-06T16:21:44.284Z,MOBILE,Android
af4844b3-2b85-4301-865e-d5ce69fd8e74,SCR,2023-03-06T19:01:22.284Z,MOBILE,Android
af4844b3-2b85-4301-865e-d5ce69fd8e74,SCR,2023-03-06T21:42:16.284Z,MOBILE,Android
af4844b3-2b85-4301-865e-d5ce69fd8e74,HP,2023-03-07T00:21:08.284Z,MOBILE,Android
af4844b3-2b85-4301-865e-d5ce69fd8e74,CL,2023-03-07T03:03:10.284Z,MOBILE,Android
af4844b3-2b85-4301-865e-d5ce69fd8e74,SER,2023-03-07T05:45:08.284Z,MOBILE,Android
af4844b3-2b85-4301-865e-d5ce69fd8e74,CL,2023-03-07T08:22:53.284Z,MOBILE,Android
af4844b3-2b85-4301-865e-d5ce69fd8e74,CL,2023-03-07T11:02:26.284Z,MOBILE,Android
af4844b3-2b85-4301-865e-d5ce69fd8e74,CL,2023-03-07T13:41:06.284Z,MOBILE,Android
af4844b3-2b85-4301-865e-d5ce69fd8e74,SCR,2023-03-07T19:02:20.284Z,MOBILE,Android
af4844b3-2b85-4301-865e-d5ce69fd8e74,CL,2023-03-07T21:44:42.284Z,MOBILE,Android
af4844b3-2b85-4301-865e-d5ce69fd8e74,CL,2023-03-08T00:24:06.284Z,MOBILE,Android
af4844b3-2b85-4301-865e-d5ce69fd8e74,CL,2023-03-08T03:06:23.284Z,MOBILE,Android
af4844b3-2b85-4301-865e-d5ce69fd8e74,SER,2023-03-08T05:46:54.284Z,MOBILE,Android
af4844b3-2b85-4301-865e-d5ce69fd8e74,VI,2023-03-03T00:01:31.284Z,MOBILE,Android
af4844b3-2b85-4301-865e-d5ce69fd8e74,VI,2023-03-03T02:43:03.284Z,MOBILE,Android
af4844b3-2b85-4301-865e-d5ce69fd8e74,VI,2023-03-03T10:42:57.284Z,MOBILE,Android
af4844b3-2b85-4301-865e-d5ce69fd8e74,VI,2023-03-04T00:06:50.284Z,MOBILE,Android
3613b4e6-7221-4951-9548-eb0260d069bf,HP,2023-11-29T07:47:32.284Z,WEB,Android
3613b4e6-7221-4951-9548-eb0260d069bf,ATC,2023-11-30T15:47:29.284Z,WEB,Android
3613b4e6-7221-4951-9548-eb0260d069bf,SER,2023-11-30T15:49:25.284Z,WEB,Android
3613b4e6-7221-4951-9548-eb0260d069bf,HP,2023-12-01T23:51:24.284Z,WEB,Android
3613b4e6-7221-4951-9548-eb0260d069bf,CL,2023-12-03T07:59:09.284Z,WEB,Android
b2562c46-1fb6-450c-b863-0df08facb8c1,HP,2022-12-17T04:31:37.779Z,MOBILE,Android
b2562c46-1fb6-450c-b863-0df08facb8c1,ATC,2022-12-17T07:15:11.779Z,MOBILE,Android
b2562c46-1fb6-450c-b863-0df08facb8c1,ATC,2022-12-17T10:00:09.779Z,MOBILE,Android
b2562c46-1fb6-450c-b863-0df08facb8c1,AP,2022-12-17T12:43:18.779Z,MOBILE,Android
b2562c46-1fb6-450c-b863-0df08facb8c1,SCR,2022-12-17T07:12:21.779Z,MOBILE,Android
b2562c46-1fb6-450c-b863-0df08facb8c1,SCR,2022-12-17T09:56:21.779Z,MOBILE,Android
b2562c46-1fb6-450c-b863-0df08facb8c1,HP,2022-12-17T12:39:51.779Z,MOBILE,Android
b2562c46-1fb6-450c-b863-0df08facb8c1,CL,2022-12-17T15:25:53.779Z,MOBILE,Android
b2562c46-1fb6-450c-b863-0df08facb8c1,SER,2022-12-17T18:08:28.779Z,MOBILE,Android
b2562c46-1fb6-450c-b863-0df08facb8c1,SCR,2022-12-17T20:53:27.779Z,MOBILE,Android
b2562c46-1fb6-450c-b863-0df08facb8c1,SER,2022-12-17T23:34:22.779Z,MOBILE,Android
b2562c46-1fb6-450c-b863-0df08facb8c1,SER,2022-12-18T02:16:29.779Z,MOBILE,Android
b2562c46-1fb6-450c-b863-0df08facb8c1,SCR,2022-12-18T05:02:36.779Z,MOBILE,Android
b2562c46-1fb6-450c-b863-0df08facb8c1,SCR,2022-12-18T07:47:03.779Z,MOBILE,Android
b2562c46-1fb6-450c-b863-0df08facb8c1,CL,2022-12-18T10:27:36.779Z,MOBILE,Android
b2562c46-1fb6-450c-b863-0df08facb8c1,SER,2022-12-18T13:11:44.779Z,MOBILE,Android
b2562c46-1fb6-450c-b863-0df08facb8c1,SER,2022-12-18T15:57:49.779Z,MOBILE,Android
b2562c46-1fb6-450c-b863-0df08facb8c1,CL,2022-12-18T18:39:16.779Z,MOBILE,Android
b2562c46-1fb6-450c-b863-0df08facb8c1,SCR,2022-12-18T21:25:50.779Z,MOBILE,Android
b2562c46-1fb6-450c-b863-0df08facb8c1,CL,2022-12-19T00:13:31.779Z,MOBILE,Android
b2562c46-1fb6-450c-b863-0df08facb8c1,CL,2022-12-19T11:11:27.779Z,MOBILE,Android
b2562c46-1fb6-450c-b863-0df08facb8c1,CL,2022-12-19T13:55:36.779Z,MOBILE,Android
b2562c46-1fb6-450c-b863-0df08facb8c1,VI,2022-12-19T02:58:54.779Z,MOBILE,Android
b2562c46-1fb6-450c-b863-0df08facb8c1,VI,2022-12-19T05:44:10.779Z,MOBILE,Android
98e5bd13-e48c-4a58-a26c-7b95a21e2c05,HP,2023-09-23T15:13:31.217Z,MOBILE,Android
98e5bd13-e48c-4a58-a26c-7b95a21e2c05,ATC,2023-09-23T20:03:25.217Z,MOBILE,Android
98e5bd13-e48c-4a58-a26c-7b95a21e2c05,AP,2023-09-24T00:51:35.217Z,MOBILE,Android
98e5bd13-e48c-4a58-a26c-7b95a21e2c05,ATC,2023-09-23T20:00:03.217Z,MOBILE,Android
98e5bd13-e48c-4a58-a26c-7b95a21e2c05,HP,2023-09-24T00:43:53.217Z,MOBILE,Android
98e5bd13-e48c-4a58-a26c-7b95a21e2c05,CL,2023-09-24T15:07:04.217Z,MOBILE,Android
98e5bd13-e48c-4a58-a26c-7b95a21e2c05,CL,2023-09-24T19:55:16.217Z,MOBILE,Android
98e5bd13-e48c-4a58-a26c-7b95a21e2c05,ATC,2023-09-25T00:41:51.217Z,MOBILE,Android
98e5bd13-e48c-4a58-a26c-7b95a21e2c05,HP,2023-09-25T05:27:20.217Z,MOBILE,Android
98e5bd13-e48c-4a58-a26c-7b95a21e2c05,CL,2023-09-25T15:00:16.217Z,MOBILE,Android
98e5bd13-e48c-4a58-a26c-7b95a21e2c05,VI,2023-09-24T05:31:28.217Z,MOBILE,Android
2f94ee52-97bd-4b4e-ab06-2fe8ab5ca329,HP,2023-12-14T03:59:16.930Z,MOBILE,Android
2f94ee52-97bd-4b4e-ab06-2fe8ab5ca329,ATC,2023-12-15T02:47:54.930Z,MOBILE,Android
2f94ee52-97bd-4b4e-ab06-2fe8ab5ca329,ATC,2023-12-16T01:44:17.930Z,MOBILE,Android
2f94ee52-97bd-4b4e-ab06-2fe8ab5ca329,ATC,2023-12-17T00:26:44.930Z,MOBILE,Android
2f94ee52-97bd-4b4e-ab06-2fe8ab5ca329,SCR,2023-12-15T02:46:45.930Z,MOBILE,Android
0a939bde-373b-4f65-96a1-6e3728e15c2c,HP,2023-06-13T14:21:09.236Z,MOBILE,Android
0a939bde-373b-4f65-96a1-6e3728e15c2c,ATC,2023-06-14T02:57:43.236Z,MOBILE,Android
0a939bde-373b-4f65-96a1-6e3728e15c2c,ATC,2023-06-14T15:42:14.236Z,MOBILE,Android
0a939bde-373b-4f65-96a1-6e3728e15c2c,SCR,2023-06-14T03:06:11.236Z,MOBILE,Android
eeee10d4-b674-49d3-95fa-c7954af79ea6,HP,2023-10-29T05:06:07.236Z,MOBILE,Android
eeee10d4-b674-49d3-95fa-c7954af79ea6,ATC,2023-10-29T10:02:24.236Z,MOBILE,Android
eeee10d4-b674-49d3-95fa-c7954af79ea6,SCR,2023-10-29T10:01:25.236Z,MOBILE,Android
75cd14f9-e4c0-4ce8-aef1-785e33c4fb0c,HP,2022-01-13T03:06:23.152Z,MOBILE,Android
75cd14f9-e4c0-4ce8-aef1-785e33c4fb0c,ATC,2022-01-13T23:29:09.152Z,MOBILE,Android
75cd14f9-e4c0-4ce8-aef1-785e33c4fb0c,ATC,2022-01-14T19:47:03.152Z,MOBILE,Android
75cd14f9-e4c0-4ce8-aef1-785e33c4fb0c,SCR,2022-01-15T16:15:12.152Z,MOBILE,Android
75cd14f9-e4c0-4ce8-aef1-785e33c4fb0c,ATC,2022-01-16T12:39:14.152Z,MOBILE,Android
75cd14f9-e4c0-4ce8-aef1-785e33c4fb0c,CL,2022-01-17T08:58:01.152Z,MOBILE,Android
75cd14f9-e4c0-4ce8-aef1-785e33c4fb0c,CL,2022-01-18T05:21:09.152Z,MOBILE,Android
75cd14f9-e4c0-4ce8-aef1-785e33c4fb0c,ATC,2022-01-19T01:50:39.152Z,MOBILE,Android
75cd14f9-e4c0-4ce8-aef1-785e33c4fb0c,HP,2022-01-19T22:15:00.152Z,MOBILE,Android
75cd14f9-e4c0-4ce8-aef1-785e33c4fb0c,SCR,2022-01-20T18:38:08.152Z,MOBILE,Android
75cd14f9-e4c0-4ce8-aef1-785e33c4fb0c,VI,2022-01-13T23:29:38.152Z,MOBILE,Android
a741abff-2152-4107-97d1-9d0e288f0f7f,CL,2022-05-30T22:56:49.152Z,MOBILE,Android
5993ca8e-44f5-4800-af34-7e43409cf037,HP,2022-05-07T13:25:56.152Z,MOBILE,Android
5993ca8e-44f5-4800-af34-7e43409cf037,ATC,2022-05-07T23:52:03.152Z,MOBILE,Android
5993ca8e-44f5-4800-af34-7e43409cf037,AP,2022-05-08T10:15:00.152Z,MOBILE,Android
5993ca8e-44f5-4800-af34-7e43409cf037,SCR,2022-05-07T23:50:13.152Z,MOBILE,Android
5993ca8e-44f5-4800-af34-7e43409cf037,SCR,2022-05-08T10:15:10.152Z,MOBILE,Android
5993ca8e-44f5-4800-af34-7e43409cf037,ATC,2022-05-08T20:38:22.152Z,MOBILE,Android
5993ca8e-44f5-4800-af34-7e43409cf037,SCR,2022-05-09T06:57:41.152Z,MOBILE,Android
5993ca8e-44f5-4800-af34-7e43409cf037,ATC,2022-05-09T17:20:07.152Z,MOBILE,Android
5993ca8e-44f5-4800-af34-7e43409cf037,CL,2022-05-10T03:41:32.152Z,MOBILE,Android
a741abff-2152-4107-97d1-9d0e288f0f7f,HP,2022-05-23T21:01:47.152Z,MOBILE,Android
a741abff-2152-4107-97d1-9d0e288f0f7f,ATC,2022-05-24T06:57:26.152Z,MOBILE,Android
a741abff-2152-4107-97d1-9d0e288f0f7f,HP,2022-05-24T07:07:37.152Z,MOBILE,Android
a741abff-2152-4107-97d1-9d0e288f0f7f,SER,2022-05-24T17:10:02.152Z,MOBILE,Android
a741abff-2152-4107-97d1-9d0e288f0f7f,HP,2022-05-25T03:07:35.152Z,MOBILE,Android
a741abff-2152-4107-97d1-9d0e288f0f7f,HP,2022-05-25T13:08:12.152Z,MOBILE,Android
a741abff-2152-4107-97d1-9d0e288f0f7f,SCR,2022-05-25T23:11:59.152Z,MOBILE,Android
a741abff-2152-4107-97d1-9d0e288f0f7f,CL,2022-05-26T19:06:39.152Z,MOBILE,Android
a741abff-2152-4107-97d1-9d0e288f0f7f,SER,2022-05-27T05:05:13.152Z,MOBILE,Android
a741abff-2152-4107-97d1-9d0e288f0f7f,HP,2022-05-27T15:04:15.152Z,MOBILE,Android
a741abff-2152-4107-97d1-9d0e288f0f7f,CL,2022-05-28T01:04:28.152Z,MOBILE,Android
a741abff-2152-4107-97d1-9d0e288f0f7f,CL,2022-05-28T21:02:48.152Z,MOBILE,Android
a741abff-2152-4107-97d1-9d0e288f0f7f,ATC,2022-05-29T07:01:16.152Z,MOBILE,Android
a741abff-2152-4107-97d1-9d0e288f0f7f,CL,2022-05-30T02:58:40.152Z,MOBILE,Android
a741abff-2152-4107-97d1-9d0e288f0f7f,SCR,2022-05-31T08:57:54.152Z,MOBILE,Android
a741abff-2152-4107-97d1-9d0e288f0f7f,SCR,2022-06-01T05:05:06.152Z,MOBILE,Android
a741abff-2152-4107-97d1-9d0e288f0f7f,CL,2022-06-01T15:07:42.152Z,MOBILE,Android
b59740d2-d74d-4b57-8c73-55be99f612d0,HP,2022-08-28T00:57:57.152Z,WEB,Android
b59740d2-d74d-4b57-8c73-55be99f612d0,ATC,2022-08-28T03:35:18.152Z,WEB,Android
b59740d2-d74d-4b57-8c73-55be99f612d0,ATC,2022-08-28T06:13:10.152Z,WEB,Android
b59740d2-d74d-4b57-8c73-55be99f612d0,ATC,2022-08-28T08:46:55.152Z,WEB,Android
b59740d2-d74d-4b57-8c73-55be99f612d0,CL,2022-08-28T03:36:05.152Z,WEB,Android
b59740d2-d74d-4b57-8c73-55be99f612d0,SCR,2022-08-28T08:51:16.152Z,WEB,Android
221d4798-802d-4745-9c59-d64e608ed317,SCR,2021-01-26T15:17:12.459Z,MOBILE,Android
b59740d2-d74d-4b57-8c73-55be99f612d0,SCR,2022-08-28T11:26:48.152Z,WEB,Android
b59740d2-d74d-4b57-8c73-55be99f612d0,SCR,2022-08-28T14:02:49.152Z,WEB,Android
b59740d2-d74d-4b57-8c73-55be99f612d0,SER,2022-08-28T16:38:34.152Z,WEB,Android
b59740d2-d74d-4b57-8c73-55be99f612d0,SCR,2022-08-28T19:17:18.152Z,WEB,Android
b59740d2-d74d-4b57-8c73-55be99f612d0,SER,2022-08-28T21:54:52.152Z,WEB,Android
b59740d2-d74d-4b57-8c73-55be99f612d0,HP,2022-08-29T00:32:38.152Z,WEB,Android
a741abff-2152-4107-97d1-9d0e288f0f7f,VI,2022-05-26T09:05:41.152Z,MOBILE,Android
a741abff-2152-4107-97d1-9d0e288f0f7f,VI,2022-05-28T11:07:43.152Z,MOBILE,Android
a741abff-2152-4107-97d1-9d0e288f0f7f,VI,2022-05-29T17:03:46.152Z,MOBILE,Android
a741abff-2152-4107-97d1-9d0e288f0f7f,VI,2022-05-30T12:56:58.152Z,MOBILE,Android
a741abff-2152-4107-97d1-9d0e288f0f7f,VI,2022-05-31T18:59:28.152Z,MOBILE,Android
b59740d2-d74d-4b57-8c73-55be99f612d0,VI,2022-08-28T06:12:49.152Z,WEB,Android
820279a8-ab0b-4f59-9bfc-15fb23992ad1,HP,2023-09-18T12:04:54.152Z,MOBILE,Android
820279a8-ab0b-4f59-9bfc-15fb23992ad1,ATC,2023-09-19T12:09:49.152Z,MOBILE,Android
820279a8-ab0b-4f59-9bfc-15fb23992ad1,ATC,2023-09-20T12:08:46.152Z,MOBILE,Android
820279a8-ab0b-4f59-9bfc-15fb23992ad1,ATC,2023-09-21T12:15:10.152Z,MOBILE,Android
820279a8-ab0b-4f59-9bfc-15fb23992ad1,SER,2023-09-19T12:14:31.152Z,MOBILE,Android
820279a8-ab0b-4f59-9bfc-15fb23992ad1,SCR,2023-09-20T12:13:37.152Z,MOBILE,Android
820279a8-ab0b-4f59-9bfc-15fb23992ad1,HP,2023-09-21T12:22:36.152Z,MOBILE,Android
820279a8-ab0b-4f59-9bfc-15fb23992ad1,ATC,2023-09-22T12:30:42.152Z,MOBILE,Android
820279a8-ab0b-4f59-9bfc-15fb23992ad1,CL,2023-09-23T12:40:20.152Z,MOBILE,Android
820279a8-ab0b-4f59-9bfc-15fb23992ad1,CL,2023-09-24T12:45:08.152Z,MOBILE,Android
820279a8-ab0b-4f59-9bfc-15fb23992ad1,CL,2023-09-25T12:47:35.152Z,MOBILE,Android
35ef07dd-b842-4225-9a70-eb9a06c982f2,HP,2023-10-18T07:24:05.152Z,MOBILE,Android
35ef07dd-b842-4225-9a70-eb9a06c982f2,ATC,2023-10-18T18:24:57.152Z,MOBILE,Android
35ef07dd-b842-4225-9a70-eb9a06c982f2,AP,2023-10-19T05:26:43.152Z,MOBILE,Android
35ef07dd-b842-4225-9a70-eb9a06c982f2,CL,2023-10-19T05:33:03.152Z,MOBILE,Android
35ef07dd-b842-4225-9a70-eb9a06c982f2,HP,2023-10-19T16:33:18.152Z,MOBILE,Android
35ef07dd-b842-4225-9a70-eb9a06c982f2,ATC,2023-10-20T03:34:16.152Z,MOBILE,Android
35ef07dd-b842-4225-9a70-eb9a06c982f2,VI,2023-10-18T18:31:45.152Z,MOBILE,Android
67948a1e-d5a9-4c6d-adab-880cae64cbc9,HP,2019-01-12T21:28:21.062Z,MOBILE,Android
67948a1e-d5a9-4c6d-adab-880cae64cbc9,ATC,2019-01-18T20:05:16.062Z,MOBILE,Android
67948a1e-d5a9-4c6d-adab-880cae64cbc9,ATC,2019-01-24T18:15:41.062Z,MOBILE,Android
67948a1e-d5a9-4c6d-adab-880cae64cbc9,AP,2019-01-30T16:38:47.062Z,MOBILE,Android
67948a1e-d5a9-4c6d-adab-880cae64cbc9,SER,2019-01-18T19:59:52.062Z,MOBILE,Android
67948a1e-d5a9-4c6d-adab-880cae64cbc9,SCR,2019-01-30T16:27:49.062Z,MOBILE,Android
67948a1e-d5a9-4c6d-adab-880cae64cbc9,SER,2019-02-05T15:00:53.062Z,MOBILE,Android
67948a1e-d5a9-4c6d-adab-880cae64cbc9,SER,2019-02-11T13:42:16.062Z,MOBILE,Android
27809f07-c307-464e-9715-1ddacc5cf4d2,HP,2023-11-03T17:32:12.062Z,MOBILE,Android
27809f07-c307-464e-9715-1ddacc5cf4d2,ATC,2023-11-06T01:58:50.062Z,MOBILE,Android
27809f07-c307-464e-9715-1ddacc5cf4d2,AP,2023-11-08T10:18:25.062Z,MOBILE,Android
27809f07-c307-464e-9715-1ddacc5cf4d2,SCR,2023-11-06T02:07:53.062Z,MOBILE,Android
27809f07-c307-464e-9715-1ddacc5cf4d2,SCR,2023-11-10T18:46:00.062Z,MOBILE,Android
27809f07-c307-464e-9715-1ddacc5cf4d2,HP,2023-11-20T21:51:07.062Z,MOBILE,Android
27809f07-c307-464e-9715-1ddacc5cf4d2,HP,2023-11-23T23:22:58.062Z,MOBILE,Android
27809f07-c307-464e-9715-1ddacc5cf4d2,VI,2023-11-08T10:27:07.062Z,MOBILE,Android
2d28e180-bb43-4014-acf7-b33ac8f30678,HP,2022-11-06T00:49:36.273Z,MOBILE,Android
2d28e180-bb43-4014-acf7-b33ac8f30678,ATC,2022-11-13T10:34:55.273Z,MOBILE,Android
2d28e180-bb43-4014-acf7-b33ac8f30678,AP,2022-11-20T20:24:53.273Z,MOBILE,Android
2d28e180-bb43-4014-acf7-b33ac8f30678,HP,2022-11-20T20:03:32.273Z,MOBILE,Android
2d28e180-bb43-4014-acf7-b33ac8f30678,CL,2022-11-28T05:28:35.273Z,MOBILE,Android
2d28e180-bb43-4014-acf7-b33ac8f30678,ATC,2022-12-13T00:28:51.273Z,MOBILE,Android
2d28e180-bb43-4014-acf7-b33ac8f30678,CL,2022-12-20T09:52:28.273Z,MOBILE,Android
2d28e180-bb43-4014-acf7-b33ac8f30678,SCR,2022-12-27T19:20:24.273Z,MOBILE,Android
2d28e180-bb43-4014-acf7-b33ac8f30678,HP,2023-01-04T05:11:11.273Z,MOBILE,Android
2d28e180-bb43-4014-acf7-b33ac8f30678,SCR,2023-01-11T14:45:39.273Z,MOBILE,Android
2d28e180-bb43-4014-acf7-b33ac8f30678,SCR,2023-01-19T00:13:41.273Z,MOBILE,Android
2d28e180-bb43-4014-acf7-b33ac8f30678,SCR,2023-01-26T09:57:34.273Z,MOBILE,Android
2d28e180-bb43-4014-acf7-b33ac8f30678,CL,2023-02-10T05:21:02.273Z,MOBILE,Android
2d28e180-bb43-4014-acf7-b33ac8f30678,VI,2022-11-13T10:25:48.273Z,MOBILE,Android
2d28e180-bb43-4014-acf7-b33ac8f30678,VI,2022-12-05T14:55:43.273Z,MOBILE,Android
2d28e180-bb43-4014-acf7-b33ac8f30678,VI,2023-02-02T19:24:45.273Z,MOBILE,Android
9db6c4f1-0731-49d0-8bea-227257b29dee,HP,2023-11-14T21:17:31.312Z,MOBILE,Android
9db6c4f1-0731-49d0-8bea-227257b29dee,ATC,2023-11-17T13:26:39.312Z,MOBILE,Android
9db6c4f1-0731-49d0-8bea-227257b29dee,HP,2023-11-17T13:19:57.312Z,MOBILE,Android
9db6c4f1-0731-49d0-8bea-227257b29dee,CL,2023-11-20T05:35:33.312Z,MOBILE,Android
9db6c4f1-0731-49d0-8bea-227257b29dee,CL,2023-11-22T21:33:55.312Z,MOBILE,Android
9da21033-b0cd-432b-900a-6383103a6a99,HP,2021-12-08T09:52:41.635Z,MOBILE,iOS
9da21033-b0cd-432b-900a-6383103a6a99,ATC,2021-12-08T10:31:09.635Z,MOBILE,iOS
9da21033-b0cd-432b-900a-6383103a6a99,SCR,2021-12-08T10:28:33.635Z,MOBILE,iOS
73552061-5b52-43ae-9498-c259baff6b00,HP,2022-10-02T10:21:57.635Z,MOBILE,iOS
73552061-5b52-43ae-9498-c259baff6b00,ATC,2022-10-02T14:45:51.635Z,MOBILE,iOS
73552061-5b52-43ae-9498-c259baff6b00,HP,2022-10-02T14:45:10.635Z,MOBILE,iOS
73552061-5b52-43ae-9498-c259baff6b00,SCR,2022-10-02T19:09:04.635Z,MOBILE,iOS
73552061-5b52-43ae-9498-c259baff6b00,CL,2022-10-03T03:54:46.635Z,MOBILE,iOS
73552061-5b52-43ae-9498-c259baff6b00,SCR,2022-10-03T08:17:13.635Z,MOBILE,iOS
73552061-5b52-43ae-9498-c259baff6b00,ATC,2022-10-03T17:06:41.635Z,MOBILE,iOS
73552061-5b52-43ae-9498-c259baff6b00,ATC,2022-10-03T21:29:31.635Z,MOBILE,iOS
73552061-5b52-43ae-9498-c259baff6b00,SER,2022-10-04T01:49:54.635Z,MOBILE,iOS
73552061-5b52-43ae-9498-c259baff6b00,SER,2022-10-04T06:12:20.635Z,MOBILE,iOS
73552061-5b52-43ae-9498-c259baff6b00,CL,2022-10-04T19:20:18.635Z,MOBILE,iOS
b5bea466-e677-4721-9b4b-8a5fa11c6c3b,VP,2019-04-08T06:17:27.270Z,MOBILE,Android
73552061-5b52-43ae-9498-c259baff6b00,SER,2022-10-04T23:44:09.635Z,MOBILE,iOS
73552061-5b52-43ae-9498-c259baff6b00,SCR,2022-10-05T04:09:34.635Z,MOBILE,iOS
73552061-5b52-43ae-9498-c259baff6b00,HP,2022-10-05T08:33:33.635Z,MOBILE,iOS
73552061-5b52-43ae-9498-c259baff6b00,CL,2022-10-05T17:22:56.635Z,MOBILE,iOS
73552061-5b52-43ae-9498-c259baff6b00,SER,2022-10-05T21:51:28.635Z,MOBILE,iOS
73552061-5b52-43ae-9498-c259baff6b00,SCR,2022-10-06T02:12:50.635Z,MOBILE,iOS
73552061-5b52-43ae-9498-c259baff6b00,CL,2022-10-06T10:57:05.635Z,MOBILE,iOS
73552061-5b52-43ae-9498-c259baff6b00,CL,2022-10-06T15:24:32.635Z,MOBILE,iOS
73552061-5b52-43ae-9498-c259baff6b00,CL,2022-10-06T19:49:54.635Z,MOBILE,iOS
73552061-5b52-43ae-9498-c259baff6b00,SCR,2022-10-07T00:13:09.635Z,MOBILE,iOS
73552061-5b52-43ae-9498-c259baff6b00,HP,2022-10-07T04:38:43.635Z,MOBILE,iOS
73552061-5b52-43ae-9498-c259baff6b00,SER,2022-10-07T09:05:42.635Z,MOBILE,iOS
73552061-5b52-43ae-9498-c259baff6b00,HP,2022-10-07T13:29:31.635Z,MOBILE,iOS
73552061-5b52-43ae-9498-c259baff6b00,CL,2022-10-07T17:54:37.635Z,MOBILE,iOS
73552061-5b52-43ae-9498-c259baff6b00,CL,2022-10-07T22:19:44.635Z,MOBILE,iOS
73552061-5b52-43ae-9498-c259baff6b00,ATC,2022-10-08T02:41:14.635Z,MOBILE,iOS
73552061-5b52-43ae-9498-c259baff6b00,ATC,2022-10-08T07:03:32.635Z,MOBILE,iOS
73552061-5b52-43ae-9498-c259baff6b00,SCR,2022-10-08T11:28:24.635Z,MOBILE,iOS
73552061-5b52-43ae-9498-c259baff6b00,SCR,2022-10-08T15:50:52.635Z,MOBILE,iOS
73552061-5b52-43ae-9498-c259baff6b00,ATC,2022-10-08T20:15:27.635Z,MOBILE,iOS
73552061-5b52-43ae-9498-c259baff6b00,SCR,2022-10-09T05:01:14.635Z,MOBILE,iOS
73552061-5b52-43ae-9498-c259baff6b00,VI,2022-10-04T10:32:58.635Z,MOBILE,iOS
73552061-5b52-43ae-9498-c259baff6b00,VI,2022-10-04T14:57:23.635Z,MOBILE,iOS
73552061-5b52-43ae-9498-c259baff6b00,VI,2022-10-05T12:56:29.635Z,MOBILE,iOS
73552061-5b52-43ae-9498-c259baff6b00,VI,2022-10-06T06:34:12.635Z,MOBILE,iOS
73552061-5b52-43ae-9498-c259baff6b00,VI,2022-10-09T00:40:59.635Z,MOBILE,iOS
5cabddcb-b0a1-4ca1-8693-c6cb93e5236d,HP,2020-03-20T00:21:57.369Z,MOBILE,Android
5cabddcb-b0a1-4ca1-8693-c6cb93e5236d,ATC,2020-03-20T11:31:05.369Z,MOBILE,Android
5cabddcb-b0a1-4ca1-8693-c6cb93e5236d,ATC,2020-03-20T22:36:22.369Z,MOBILE,Android
5cabddcb-b0a1-4ca1-8693-c6cb93e5236d,ATC,2020-03-21T09:39:06.369Z,MOBILE,Android
5cabddcb-b0a1-4ca1-8693-c6cb93e5236d,SER,2020-03-20T11:32:57.369Z,MOBILE,Android
5cabddcb-b0a1-4ca1-8693-c6cb93e5236d,CL,2020-03-20T22:34:18.369Z,MOBILE,Android
b5bea466-e677-4721-9b4b-8a5fa11c6c3b,VP,2019-04-08T07:23:45.270Z,MOBILE,Android
27ba2403-baca-4ac6-a899-a1931a8a68bc,VI,2023-11-13T12:31:53.084Z,MOBILE,iOS
27ba2403-baca-4ac6-a899-a1931a8a68bc,HP,2023-11-13T12:29:03.084Z,MOBILE,iOS
27ba2403-baca-4ac6-a899-a1931a8a68bc,ATC,2023-11-13T12:30:13.084Z,MOBILE,iOS
27ba2403-baca-4ac6-a899-a1931a8a68bc,AP,2023-11-13T12:31:07.084Z,MOBILE,iOS
27ba2403-baca-4ac6-a899-a1931a8a68bc,CL,2023-11-13T12:30:55.084Z,MOBILE,iOS
27ba2403-baca-4ac6-a899-a1931a8a68bc,SCR,2023-11-13T12:32:56.084Z,MOBILE,iOS
27ba2403-baca-4ac6-a899-a1931a8a68bc,ATC,2023-11-13T12:35:49.084Z,MOBILE,iOS
27ba2403-baca-4ac6-a899-a1931a8a68bc,HP,2023-11-13T12:36:38.084Z,MOBILE,iOS
27ba2403-baca-4ac6-a899-a1931a8a68bc,SCR,2023-11-13T12:37:42.084Z,MOBILE,iOS
27ba2403-baca-4ac6-a899-a1931a8a68bc,CL,2023-11-13T12:38:36.084Z,MOBILE,iOS
27ba2403-baca-4ac6-a899-a1931a8a68bc,HP,2023-11-13T12:39:18.084Z,MOBILE,iOS
27ba2403-baca-4ac6-a899-a1931a8a68bc,SCR,2023-11-13T12:41:03.084Z,MOBILE,iOS
27ba2403-baca-4ac6-a899-a1931a8a68bc,VI,2023-11-13T12:33:50.084Z,MOBILE,iOS
27ba2403-baca-4ac6-a899-a1931a8a68bc,VI,2023-11-13T12:34:49.084Z,MOBILE,iOS
27ba2403-baca-4ac6-a899-a1931a8a68bc,VI,2023-11-13T12:40:12.084Z,MOBILE,iOS
ed78e809-826d-46f6-956a-618402e12d27,HP,2022-10-19T13:17:32.294Z,MOBILE,Android
ed78e809-826d-46f6-956a-618402e12d27,ATC,2022-10-21T17:14:36.294Z,MOBILE,Android
ed78e809-826d-46f6-956a-618402e12d27,AP,2022-10-23T21:02:20.294Z,MOBILE,Android
ed78e809-826d-46f6-956a-618402e12d27,CL,2022-10-21T17:13:52.294Z,MOBILE,Android
ed78e809-826d-46f6-956a-618402e12d27,SER,2022-10-23T21:04:40.294Z,MOBILE,Android
ed78e809-826d-46f6-956a-618402e12d27,CL,2022-10-26T00:58:46.294Z,MOBILE,Android
19a22128-2816-4776-9891-395c601de1a6,HP,2023-05-30T20:32:33.294Z,MOBILE,Android
19a22128-2816-4776-9891-395c601de1a6,ATC,2023-06-01T18:26:41.294Z,MOBILE,Android
19a22128-2816-4776-9891-395c601de1a6,AP,2023-06-03T16:28:51.294Z,MOBILE,Android
19a22128-2816-4776-9891-395c601de1a6,SER,2023-06-03T16:27:39.294Z,MOBILE,Android
19a22128-2816-4776-9891-395c601de1a6,ATC,2023-06-05T14:19:15.294Z,MOBILE,Android
19a22128-2816-4776-9891-395c601de1a6,CL,2023-06-07T12:11:56.294Z,MOBILE,Android
19a22128-2816-4776-9891-395c601de1a6,HP,2023-06-11T07:57:12.294Z,MOBILE,Android
19a22128-2816-4776-9891-395c601de1a6,ATC,2023-06-13T05:56:20.294Z,MOBILE,Android
19a22128-2816-4776-9891-395c601de1a6,CL,2023-06-15T03:55:19.294Z,MOBILE,Android
19a22128-2816-4776-9891-395c601de1a6,SCR,2023-06-17T01:51:00.294Z,MOBILE,Android
19a22128-2816-4776-9891-395c601de1a6,CL,2023-06-18T23:43:48.294Z,MOBILE,Android
19a22128-2816-4776-9891-395c601de1a6,VI,2023-06-01T18:34:21.294Z,MOBILE,Android
19a22128-2816-4776-9891-395c601de1a6,VI,2023-06-09T10:03:11.294Z,MOBILE,Android
bcca8e20-6528-4595-8274-4b2aa29b1e12,HP,2023-07-21T13:20:59.399Z,MOBILE,Android
bcca8e20-6528-4595-8274-4b2aa29b1e12,ATC,2023-07-22T13:12:08.399Z,MOBILE,Android
bcca8e20-6528-4595-8274-4b2aa29b1e12,SCR,2023-07-22T13:16:40.399Z,MOBILE,Android
bcca8e20-6528-4595-8274-4b2aa29b1e12,CL,2023-07-23T13:14:06.399Z,MOBILE,Android
bcca8e20-6528-4595-8274-4b2aa29b1e12,CL,2023-07-24T13:09:37.399Z,MOBILE,Android
bcca8e20-6528-4595-8274-4b2aa29b1e12,SCR,2023-07-26T12:56:14.399Z,MOBILE,Android
bcca8e20-6528-4595-8274-4b2aa29b1e12,SER,2023-07-27T12:53:21.399Z,MOBILE,Android
bcca8e20-6528-4595-8274-4b2aa29b1e12,SER,2023-07-28T12:45:03.399Z,MOBILE,Android
bcca8e20-6528-4595-8274-4b2aa29b1e12,CL,2023-07-29T12:44:36.399Z,MOBILE,Android
9bfac390-9ed0-426d-b701-1833e4e4f1b8,HP,2023-09-05T23:06:41.399Z,MOBILE,Android
9bfac390-9ed0-426d-b701-1833e4e4f1b8,ATC,2023-09-06T02:29:32.399Z,MOBILE,Android
9bfac390-9ed0-426d-b701-1833e4e4f1b8,ATC,2023-09-06T05:48:20.399Z,MOBILE,Android
b5bea466-e677-4721-9b4b-8a5fa11c6c3b,VP,2019-04-08T09:01:20.270Z,MOBILE,Android
9bfac390-9ed0-426d-b701-1833e4e4f1b8,ATC,2023-09-06T09:08:24.399Z,MOBILE,Android
9bfac390-9ed0-426d-b701-1833e4e4f1b8,ATC,2023-09-06T12:30:11.399Z,MOBILE,Android
9bfac390-9ed0-426d-b701-1833e4e4f1b8,ATC,2023-09-06T15:54:07.399Z,MOBILE,Android
9bfac390-9ed0-426d-b701-1833e4e4f1b8,AP,2023-09-06T19:16:09.399Z,MOBILE,Android
9bfac390-9ed0-426d-b701-1833e4e4f1b8,HP,2023-09-06T02:25:53.399Z,MOBILE,Android
9bfac390-9ed0-426d-b701-1833e4e4f1b8,HP,2023-09-06T09:03:18.399Z,MOBILE,Android
9bfac390-9ed0-426d-b701-1833e4e4f1b8,CL,2023-09-06T12:19:51.399Z,MOBILE,Android
9bfac390-9ed0-426d-b701-1833e4e4f1b8,SCR,2023-09-06T18:59:44.399Z,MOBILE,Android
9bfac390-9ed0-426d-b701-1833e4e4f1b8,SER,2023-09-07T01:38:59.399Z,MOBILE,Android
9bfac390-9ed0-426d-b701-1833e4e4f1b8,HP,2023-09-07T04:58:58.399Z,MOBILE,Android
9bfac390-9ed0-426d-b701-1833e4e4f1b8,CL,2023-09-07T08:17:43.399Z,MOBILE,Android
9bfac390-9ed0-426d-b701-1833e4e4f1b8,SER,2023-09-07T11:36:06.399Z,MOBILE,Android
9bfac390-9ed0-426d-b701-1833e4e4f1b8,CL,2023-09-07T14:56:09.399Z,MOBILE,Android
9bfac390-9ed0-426d-b701-1833e4e4f1b8,CL,2023-09-07T18:13:51.399Z,MOBILE,Android
9bfac390-9ed0-426d-b701-1833e4e4f1b8,SCR,2023-09-07T21:30:43.399Z,MOBILE,Android
9bfac390-9ed0-426d-b701-1833e4e4f1b8,CL,2023-09-08T00:49:26.399Z,MOBILE,Android
9bfac390-9ed0-426d-b701-1833e4e4f1b8,SCR,2023-09-08T07:31:25.399Z,MOBILE,Android
9bfac390-9ed0-426d-b701-1833e4e4f1b8,SCR,2023-09-08T10:52:53.399Z,MOBILE,Android
9bfac390-9ed0-426d-b701-1833e4e4f1b8,SCR,2023-09-08T17:34:25.399Z,MOBILE,Android
9bfac390-9ed0-426d-b701-1833e4e4f1b8,CL,2023-09-08T20:53:47.399Z,MOBILE,Android
9bfac390-9ed0-426d-b701-1833e4e4f1b8,CL,2023-09-09T00:10:23.399Z,MOBILE,Android
9bfac390-9ed0-426d-b701-1833e4e4f1b8,SCR,2023-09-09T03:29:36.399Z,MOBILE,Android
9bfac390-9ed0-426d-b701-1833e4e4f1b8,SCR,2023-09-09T06:50:19.399Z,MOBILE,Android
9bfac390-9ed0-426d-b701-1833e4e4f1b8,SCR,2023-09-09T13:30:57.399Z,MOBILE,Android
9bfac390-9ed0-426d-b701-1833e4e4f1b8,CL,2023-09-09T16:48:14.399Z,MOBILE,Android
9bfac390-9ed0-426d-b701-1833e4e4f1b8,HP,2023-09-09T20:11:11.399Z,MOBILE,Android
9bfac390-9ed0-426d-b701-1833e4e4f1b8,CL,2023-09-09T23:31:08.399Z,MOBILE,Android
9bfac390-9ed0-426d-b701-1833e4e4f1b8,SCR,2023-09-10T06:13:28.399Z,MOBILE,Android
9bfac390-9ed0-426d-b701-1833e4e4f1b8,HP,2023-09-10T09:32:21.399Z,MOBILE,Android
9bfac390-9ed0-426d-b701-1833e4e4f1b8,SCR,2023-09-10T12:57:35.399Z,MOBILE,Android
9bfac390-9ed0-426d-b701-1833e4e4f1b8,SCR,2023-09-10T16:16:22.399Z,MOBILE,Android
9bfac390-9ed0-426d-b701-1833e4e4f1b8,CL,2023-09-10T22:55:18.399Z,MOBILE,Android
9bfac390-9ed0-426d-b701-1833e4e4f1b8,CL,2023-09-11T02:13:40.399Z,MOBILE,Android
9bfac390-9ed0-426d-b701-1833e4e4f1b8,SCR,2023-09-11T08:55:13.399Z,MOBILE,Android
9bfac390-9ed0-426d-b701-1833e4e4f1b8,SCR,2023-09-11T12:13:40.399Z,MOBILE,Android
9bfac390-9ed0-426d-b701-1833e4e4f1b8,SER,2023-09-11T15:35:14.399Z,MOBILE,Android
9bfac390-9ed0-426d-b701-1833e4e4f1b8,CL,2023-09-11T18:54:31.399Z,MOBILE,Android
9bfac390-9ed0-426d-b701-1833e4e4f1b8,SER,2023-09-11T22:16:16.399Z,MOBILE,Android
9bfac390-9ed0-426d-b701-1833e4e4f1b8,SER,2023-09-12T01:38:40.399Z,MOBILE,Android
9bfac390-9ed0-426d-b701-1833e4e4f1b8,CL,2023-09-12T04:56:32.399Z,MOBILE,Android
9bfac390-9ed0-426d-b701-1833e4e4f1b8,SER,2023-09-12T08:17:37.399Z,MOBILE,Android
9bfac390-9ed0-426d-b701-1833e4e4f1b8,SCR,2023-09-12T14:54:19.399Z,MOBILE,Android
9bfac390-9ed0-426d-b701-1833e4e4f1b8,HP,2023-09-13T16:17:07.399Z,MOBILE,Android
9bfac390-9ed0-426d-b701-1833e4e4f1b8,HP,2023-09-13T18:03:36.399Z,MOBILE,Android
9bfac390-9ed0-426d-b701-1833e4e4f1b8,HP,2023-09-13T19:52:21.399Z,MOBILE,Android
9bfac390-9ed0-426d-b701-1833e4e4f1b8,CL,2023-09-13T21:40:05.399Z,MOBILE,Android
9bfac390-9ed0-426d-b701-1833e4e4f1b8,CL,2023-09-13T23:28:32.399Z,MOBILE,Android
9bfac390-9ed0-426d-b701-1833e4e4f1b8,SER,2023-09-14T01:17:23.399Z,MOBILE,Android
9bfac390-9ed0-426d-b701-1833e4e4f1b8,HP,2023-09-14T03:05:21.399Z,MOBILE,Android
9bfac390-9ed0-426d-b701-1833e4e4f1b8,CL,2023-09-14T04:53:12.399Z,MOBILE,Android
9bfac390-9ed0-426d-b701-1833e4e4f1b8,HP,2023-09-14T06:40:00.399Z,MOBILE,Android
9bfac390-9ed0-426d-b701-1833e4e4f1b8,SCR,2023-09-14T08:28:27.399Z,MOBILE,Android
9bfac390-9ed0-426d-b701-1833e4e4f1b8,VI,2023-09-06T15:39:04.399Z,MOBILE,Android
9bfac390-9ed0-426d-b701-1833e4e4f1b8,VI,2023-09-08T04:10:42.399Z,MOBILE,Android
9bfac390-9ed0-426d-b701-1833e4e4f1b8,VI,2023-09-08T14:13:46.399Z,MOBILE,Android
9bfac390-9ed0-426d-b701-1833e4e4f1b8,VP,2023-09-09T10:11:42.399Z,MOBILE,Android
be65c6c2-a4ac-4d44-9345-d41938fa9933,HP,2023-11-04T06:05:54.387Z,MOBILE,Android
be65c6c2-a4ac-4d44-9345-d41938fa9933,ATC,2023-11-04T18:04:55.387Z,MOBILE,Android
be65c6c2-a4ac-4d44-9345-d41938fa9933,ATC,2023-11-05T06:05:03.387Z,MOBILE,Android
be65c6c2-a4ac-4d44-9345-d41938fa9933,ATC,2023-11-05T18:03:47.387Z,MOBILE,Android
be65c6c2-a4ac-4d44-9345-d41938fa9933,AP,2023-11-06T06:03:59.387Z,MOBILE,Android
be65c6c2-a4ac-4d44-9345-d41938fa9933,CL,2023-11-05T06:09:00.387Z,MOBILE,Android
be65c6c2-a4ac-4d44-9345-d41938fa9933,SER,2023-11-05T18:05:48.387Z,MOBILE,Android
be65c6c2-a4ac-4d44-9345-d41938fa9933,CL,2023-11-06T06:04:39.387Z,MOBILE,Android
be65c6c2-a4ac-4d44-9345-d41938fa9933,SCR,2023-11-06T18:05:33.387Z,MOBILE,Android
be65c6c2-a4ac-4d44-9345-d41938fa9933,SCR,2023-11-07T18:05:33.387Z,MOBILE,Android
be65c6c2-a4ac-4d44-9345-d41938fa9933,SCR,2023-11-08T06:08:08.387Z,MOBILE,Android
be65c6c2-a4ac-4d44-9345-d41938fa9933,HP,2023-11-08T18:04:24.387Z,MOBILE,Android
be65c6c2-a4ac-4d44-9345-d41938fa9933,VI,2023-11-04T18:07:44.387Z,MOBILE,Android
be65c6c2-a4ac-4d44-9345-d41938fa9933,VI,2023-11-07T06:00:17.387Z,MOBILE,Android
caf556e0-f443-45c8-87aa-4336d8044891,HP,2020-03-30T13:55:28.511Z,WEB,iOS
caf556e0-f443-45c8-87aa-4336d8044891,ATC,2020-03-30T23:47:24.511Z,WEB,iOS
caf556e0-f443-45c8-87aa-4336d8044891,ATC,2020-03-31T09:33:49.511Z,WEB,iOS
caf556e0-f443-45c8-87aa-4336d8044891,ATC,2020-03-31T19:16:37.511Z,WEB,iOS
caf556e0-f443-45c8-87aa-4336d8044891,ATC,2020-04-01T05:03:48.511Z,WEB,iOS
caf556e0-f443-45c8-87aa-4336d8044891,ATC,2020-04-01T14:48:20.511Z,WEB,iOS
caf556e0-f443-45c8-87aa-4336d8044891,AP,2020-04-02T00:36:19.511Z,WEB,iOS
caf556e0-f443-45c8-87aa-4336d8044891,SER,2020-03-30T23:44:26.511Z,WEB,iOS
caf556e0-f443-45c8-87aa-4336d8044891,ATC,2020-03-31T09:35:37.511Z,WEB,iOS
caf556e0-f443-45c8-87aa-4336d8044891,CL,2020-04-01T05:03:19.511Z,WEB,iOS
caf556e0-f443-45c8-87aa-4336d8044891,CL,2020-04-02T00:37:25.511Z,WEB,iOS
caf556e0-f443-45c8-87aa-4336d8044891,SCR,2020-04-02T10:27:25.511Z,WEB,iOS
caf556e0-f443-45c8-87aa-4336d8044891,SER,2020-04-03T06:06:18.511Z,WEB,iOS
1bf5ac1e-e329-4160-827e-a7f359b3fa3b,HP,2023-08-08T02:34:30.511Z,MOBILE,iOS
1bf5ac1e-e329-4160-827e-a7f359b3fa3b,ATC,2023-08-19T11:56:02.511Z,MOBILE,iOS
1bf5ac1e-e329-4160-827e-a7f359b3fa3b,CL,2023-08-19T12:22:36.511Z,MOBILE,iOS
d03ea5a0-cfcb-4a06-9c7a-57a679ec6682,HP,2023-11-28T14:53:51.511Z,MOBILE,iOS
d03ea5a0-cfcb-4a06-9c7a-57a679ec6682,ATC,2023-12-02T11:03:52.511Z,MOBILE,iOS
d03ea5a0-cfcb-4a06-9c7a-57a679ec6682,HP,2023-12-02T11:15:43.511Z,MOBILE,iOS
d03ea5a0-cfcb-4a06-9c7a-57a679ec6682,ATC,2023-12-06T07:19:19.511Z,MOBILE,iOS
d03ea5a0-cfcb-4a06-9c7a-57a679ec6682,CL,2023-12-10T03:20:49.511Z,MOBILE,iOS
d03ea5a0-cfcb-4a06-9c7a-57a679ec6682,CL,2023-12-13T23:36:31.511Z,MOBILE,iOS
d03ea5a0-cfcb-4a06-9c7a-57a679ec6682,CL,2023-12-17T19:41:13.511Z,MOBILE,iOS
d03ea5a0-cfcb-4a06-9c7a-57a679ec6682,ATC,2023-12-21T15:58:07.511Z,MOBILE,iOS
d03ea5a0-cfcb-4a06-9c7a-57a679ec6682,ATC,2023-12-25T12:20:55.511Z,MOBILE,iOS
d03ea5a0-cfcb-4a06-9c7a-57a679ec6682,ATC,2023-12-29T08:33:05.511Z,MOBILE,iOS
bee2f8e2-11ef-4bb6-953a-39ca47d0b9cd,HP,2023-07-09T05:05:15.178Z,MOBILE,Android
bee2f8e2-11ef-4bb6-953a-39ca47d0b9cd,ATC,2023-07-10T11:09:05.178Z,MOBILE,Android
bee2f8e2-11ef-4bb6-953a-39ca47d0b9cd,SER,2023-07-10T11:33:23.178Z,MOBILE,Android
bee2f8e2-11ef-4bb6-953a-39ca47d0b9cd,HP,2023-07-14T06:16:56.178Z,MOBILE,Android
bee2f8e2-11ef-4bb6-953a-39ca47d0b9cd,SER,2023-07-15T12:28:14.178Z,MOBILE,Android
bee2f8e2-11ef-4bb6-953a-39ca47d0b9cd,CL,2023-07-18T01:40:17.178Z,MOBILE,Android
bee2f8e2-11ef-4bb6-953a-39ca47d0b9cd,CL,2023-07-18T02:25:04.178Z,MOBILE,Android
bee2f8e2-11ef-4bb6-953a-39ca47d0b9cd,HP,2023-07-18T03:10:34.178Z,MOBILE,Android
bee2f8e2-11ef-4bb6-953a-39ca47d0b9cd,SCR,2023-07-18T03:57:57.178Z,MOBILE,Android
bee2f8e2-11ef-4bb6-953a-39ca47d0b9cd,SER,2023-07-18T05:31:14.178Z,MOBILE,Android
bee2f8e2-11ef-4bb6-953a-39ca47d0b9cd,HP,2023-07-18T06:18:12.178Z,MOBILE,Android
bee2f8e2-11ef-4bb6-953a-39ca47d0b9cd,VI,2023-07-18T04:44:59.178Z,MOBILE,Android
89328405-91a5-4a28-9d10-c3c1a7dc4ddc,HP,2021-11-19T01:22:55.038Z,MOBILE,Android
89328405-91a5-4a28-9d10-c3c1a7dc4ddc,ATC,2021-11-22T11:34:10.038Z,MOBILE,Android
89328405-91a5-4a28-9d10-c3c1a7dc4ddc,CL,2021-11-25T22:00:11.038Z,MOBILE,Android
aed076e1-a27d-46e3-b705-f6e17c865f2f,HP,2023-03-18T15:39:27.960Z,MOBILE,Android
aed076e1-a27d-46e3-b705-f6e17c865f2f,ATC,2023-03-19T06:58:17.960Z,MOBILE,Android
aed076e1-a27d-46e3-b705-f6e17c865f2f,SER,2023-03-19T06:55:08.960Z,MOBILE,Android
aed076e1-a27d-46e3-b705-f6e17c865f2f,SCR,2023-03-19T22:10:02.960Z,MOBILE,Android
aed076e1-a27d-46e3-b705-f6e17c865f2f,CL,2023-03-20T13:21:16.960Z,MOBILE,Android
aed076e1-a27d-46e3-b705-f6e17c865f2f,CL,2023-03-21T04:39:30.960Z,MOBILE,Android
aed076e1-a27d-46e3-b705-f6e17c865f2f,CL,2023-03-22T10:59:30.960Z,MOBILE,Android
aed076e1-a27d-46e3-b705-f6e17c865f2f,CL,2023-03-23T02:09:53.960Z,MOBILE,Android
aed076e1-a27d-46e3-b705-f6e17c865f2f,VI,2023-03-21T19:49:00.960Z,MOBILE,Android
9f403944-35f6-41eb-ba23-24bac97fa461,HP,2023-12-21T13:03:56.960Z,MOBILE,Android
9f403944-35f6-41eb-ba23-24bac97fa461,ATC,2023-12-22T23:05:31.960Z,MOBILE,Android
9f403944-35f6-41eb-ba23-24bac97fa461,AP,2023-12-24T08:59:47.960Z,MOBILE,Android
9f403944-35f6-41eb-ba23-24bac97fa461,CL,2023-12-22T23:10:16.960Z,MOBILE,Android
9f403944-35f6-41eb-ba23-24bac97fa461,SCR,2023-12-24T09:13:15.960Z,MOBILE,Android
9f403944-35f6-41eb-ba23-24bac97fa461,SCR,2023-12-28T15:21:15.960Z,MOBILE,Android
9f403944-35f6-41eb-ba23-24bac97fa461,VI,2023-12-25T19:14:02.960Z,MOBILE,Android
9f403944-35f6-41eb-ba23-24bac97fa461,VI,2023-12-27T05:15:20.960Z,MOBILE,Android
8699cafa-2844-497b-8ccc-d065b11daa3c,HP,2022-07-25T12:56:20.209Z,MOBILE,Android
8699cafa-2844-497b-8ccc-d065b11daa3c,ATC,2022-07-25T14:31:27.209Z,MOBILE,Android
8699cafa-2844-497b-8ccc-d065b11daa3c,SCR,2022-07-25T14:30:11.209Z,MOBILE,Android
8699cafa-2844-497b-8ccc-d065b11daa3c,CL,2022-07-25T16:05:07.209Z,MOBILE,Android
29dee978-edb2-4ece-8a59-712a661f53c5,HP,2023-03-10T04:05:29.209Z,MOBILE,Android
29dee978-edb2-4ece-8a59-712a661f53c5,ATC,2023-03-10T08:03:49.209Z,MOBILE,Android
29dee978-edb2-4ece-8a59-712a661f53c5,HP,2023-03-10T12:03:39.209Z,MOBILE,Android
29dee978-edb2-4ece-8a59-712a661f53c5,VI,2023-03-10T08:03:26.209Z,MOBILE,Android
29dee978-edb2-4ece-8a59-712a661f53c5,VI,2023-03-10T15:58:21.209Z,MOBILE,Android
d59051dd-fc82-46ad-b9c7-577a968e15e1,HP,2020-11-22T16:02:46.673Z,MOBILE,Android
d59051dd-fc82-46ad-b9c7-577a968e15e1,ATC,2020-11-24T02:52:25.673Z,MOBILE,Android
d59051dd-fc82-46ad-b9c7-577a968e15e1,HP,2020-11-24T03:06:12.673Z,MOBILE,Android
d59051dd-fc82-46ad-b9c7-577a968e15e1,SCR,2020-11-25T13:57:14.673Z,MOBILE,Android
d59051dd-fc82-46ad-b9c7-577a968e15e1,HP,2020-11-28T11:52:22.673Z,MOBILE,Android
d59051dd-fc82-46ad-b9c7-577a968e15e1,SER,2020-11-29T22:47:33.673Z,MOBILE,Android
d59051dd-fc82-46ad-b9c7-577a968e15e1,VI,2020-11-27T00:54:33.673Z,MOBILE,Android
1c79061f-189a-4358-8fe5-d9bf52ce11dc,HP,2022-05-30T16:36:42.673Z,MOBILE,Android
1c79061f-189a-4358-8fe5-d9bf52ce11dc,ATC,2022-06-01T14:02:20.673Z,MOBILE,Android
1c79061f-189a-4358-8fe5-d9bf52ce11dc,AP,2022-06-03T11:33:29.673Z,MOBILE,Android
1c79061f-189a-4358-8fe5-d9bf52ce11dc,ATC,2022-06-01T14:10:13.673Z,MOBILE,Android
1c79061f-189a-4358-8fe5-d9bf52ce11dc,ATC,2022-06-03T11:48:40.673Z,MOBILE,Android
1c79061f-189a-4358-8fe5-d9bf52ce11dc,CL,2022-06-05T09:13:16.673Z,MOBILE,Android
1c79061f-189a-4358-8fe5-d9bf52ce11dc,ATC,2022-06-07T06:36:14.673Z,MOBILE,Android
1c79061f-189a-4358-8fe5-d9bf52ce11dc,ATC,2022-06-09T03:57:18.673Z,MOBILE,Android
ed6954da-fc73-4762-a179-156b1799bbf1,HP,2022-12-27T05:19:51.673Z,MOBILE,Android
ed6954da-fc73-4762-a179-156b1799bbf1,ATC,2022-12-27T05:49:28.673Z,MOBILE,Android
ed6954da-fc73-4762-a179-156b1799bbf1,SCR,2022-12-27T06:15:01.673Z,MOBILE,Android
ed6954da-fc73-4762-a179-156b1799bbf1,CL,2022-12-27T06:44:31.673Z,MOBILE,Android
ed6954da-fc73-4762-a179-156b1799bbf1,HP,2022-12-27T07:13:02.673Z,MOBILE,Android
ed6954da-fc73-4762-a179-156b1799bbf1,CL,2022-12-27T07:40:34.673Z,MOBILE,Android
ed6954da-fc73-4762-a179-156b1799bbf1,HP,2022-12-27T08:08:30.673Z,MOBILE,Android
ed6954da-fc73-4762-a179-156b1799bbf1,ATC,2022-12-27T09:04:16.673Z,MOBILE,Android
ed6954da-fc73-4762-a179-156b1799bbf1,ATC,2022-12-27T09:32:16.673Z,MOBILE,Android
ed6954da-fc73-4762-a179-156b1799bbf1,CL,2022-12-27T10:01:06.673Z,MOBILE,Android
ed6954da-fc73-4762-a179-156b1799bbf1,ATC,2022-12-27T10:29:25.673Z,MOBILE,Android
ed6954da-fc73-4762-a179-156b1799bbf1,ATC,2022-12-27T10:58:12.673Z,MOBILE,Android
ed6954da-fc73-4762-a179-156b1799bbf1,CL,2022-12-27T11:25:56.673Z,MOBILE,Android
ed6954da-fc73-4762-a179-156b1799bbf1,SCR,2022-12-27T11:53:27.673Z,MOBILE,Android
ed6954da-fc73-4762-a179-156b1799bbf1,SER,2022-12-27T12:20:25.673Z,MOBILE,Android
ed6954da-fc73-4762-a179-156b1799bbf1,CL,2022-12-27T13:18:23.673Z,MOBILE,Android
ed6954da-fc73-4762-a179-156b1799bbf1,CL,2022-12-27T13:46:39.673Z,MOBILE,Android
ed6954da-fc73-4762-a179-156b1799bbf1,CL,2022-12-27T14:14:29.673Z,MOBILE,Android
ed6954da-fc73-4762-a179-156b1799bbf1,HP,2022-12-27T14:42:46.673Z,MOBILE,Android
ed6954da-fc73-4762-a179-156b1799bbf1,HP,2022-12-27T15:38:29.673Z,MOBILE,Android
ed6954da-fc73-4762-a179-156b1799bbf1,SER,2022-12-27T16:34:30.673Z,MOBILE,Android
ed6954da-fc73-4762-a179-156b1799bbf1,ATC,2022-12-27T17:02:08.673Z,MOBILE,Android
ed6954da-fc73-4762-a179-156b1799bbf1,CL,2022-12-27T17:30:29.673Z,MOBILE,Android
ed6954da-fc73-4762-a179-156b1799bbf1,ATC,2022-12-27T17:58:57.673Z,MOBILE,Android
ed6954da-fc73-4762-a179-156b1799bbf1,CL,2022-12-27T18:25:47.673Z,MOBILE,Android
ed6954da-fc73-4762-a179-156b1799bbf1,ATC,2022-12-27T18:53:25.673Z,MOBILE,Android
ed6954da-fc73-4762-a179-156b1799bbf1,VI,2022-12-27T05:47:08.673Z,MOBILE,Android
ed6954da-fc73-4762-a179-156b1799bbf1,VI,2022-12-27T08:36:49.673Z,MOBILE,Android
ed6954da-fc73-4762-a179-156b1799bbf1,VI,2022-12-27T12:49:46.673Z,MOBILE,Android
ed6954da-fc73-4762-a179-156b1799bbf1,VI,2022-12-27T15:10:01.673Z,MOBILE,Android
e23f289e-fbee-4dfd-a49f-e2443b84a375,HP,2023-03-08T09:07:27.673Z,MOBILE,Android
e23f289e-fbee-4dfd-a49f-e2443b84a375,ATC,2023-03-09T06:39:14.673Z,MOBILE,Android
e23f289e-fbee-4dfd-a49f-e2443b84a375,SER,2023-03-09T06:32:28.673Z,MOBILE,Android
e23f289e-fbee-4dfd-a49f-e2443b84a375,CL,2023-03-10T04:01:08.673Z,MOBILE,Android
e23f289e-fbee-4dfd-a49f-e2443b84a375,ATC,2023-03-11T01:37:35.673Z,MOBILE,Android
e23f289e-fbee-4dfd-a49f-e2443b84a375,SER,2023-03-14T15:41:04.673Z,MOBILE,Android
e23f289e-fbee-4dfd-a49f-e2443b84a375,ATC,2023-03-15T13:20:39.673Z,MOBILE,Android
e23f289e-fbee-4dfd-a49f-e2443b84a375,CL,2023-03-16T10:48:30.673Z,MOBILE,Android
e23f289e-fbee-4dfd-a49f-e2443b84a375,HP,2023-03-18T05:53:24.673Z,MOBILE,Android
e23f289e-fbee-4dfd-a49f-e2443b84a375,ATC,2023-03-19T03:22:48.673Z,MOBILE,Android
e23f289e-fbee-4dfd-a49f-e2443b84a375,CL,2023-03-20T00:50:40.673Z,MOBILE,Android
e23f289e-fbee-4dfd-a49f-e2443b84a375,VI,2023-03-11T23:08:21.673Z,MOBILE,Android
e23f289e-fbee-4dfd-a49f-e2443b84a375,VI,2023-03-12T20:34:06.673Z,MOBILE,Android
e23f289e-fbee-4dfd-a49f-e2443b84a375,VI,2023-03-13T18:10:21.673Z,MOBILE,Android
e23f289e-fbee-4dfd-a49f-e2443b84a375,VI,2023-03-17T08:16:13.673Z,MOBILE,Android
08255379-fa78-45f7-abf9-394076b2019d,HP,2022-05-19T13:29:38.224Z,MOBILE,iOS
08255379-fa78-45f7-abf9-394076b2019d,ATC,2022-06-15T21:03:15.224Z,MOBILE,iOS
08255379-fa78-45f7-abf9-394076b2019d,AP,2022-07-13T04:59:18.224Z,MOBILE,iOS
08255379-fa78-45f7-abf9-394076b2019d,ATC,2022-06-15T21:06:36.224Z,MOBILE,iOS
08255379-fa78-45f7-abf9-394076b2019d,CL,2022-07-13T04:44:08.224Z,MOBILE,iOS
08255379-fa78-45f7-abf9-394076b2019d,ATC,2022-08-09T12:09:03.224Z,MOBILE,iOS
08255379-fa78-45f7-abf9-394076b2019d,SCR,2022-09-05T20:30:47.224Z,MOBILE,iOS
910cec19-1124-4d5a-bbd9-e555bf592b69,VP,2019-10-30T07:34:11.270Z,MOBILE,Android
08255379-fa78-45f7-abf9-394076b2019d,HP,2022-10-30T11:06:56.224Z,MOBILE,iOS
08255379-fa78-45f7-abf9-394076b2019d,SER,2022-11-26T18:46:36.224Z,MOBILE,iOS
08255379-fa78-45f7-abf9-394076b2019d,CL,2022-12-24T01:38:05.224Z,MOBILE,iOS
66f57696-f0b4-4b6b-9f78-a6d5aa3aece9,HP,2022-08-09T05:15:10.105Z,MOBILE,Android
66f57696-f0b4-4b6b-9f78-a6d5aa3aece9,ATC,2022-08-17T13:13:28.105Z,MOBILE,Android
66f57696-f0b4-4b6b-9f78-a6d5aa3aece9,AP,2022-08-25T21:34:34.105Z,MOBILE,Android
66f57696-f0b4-4b6b-9f78-a6d5aa3aece9,CL,2022-08-17T13:20:35.105Z,MOBILE,Android
66f57696-f0b4-4b6b-9f78-a6d5aa3aece9,ATC,2022-08-25T21:36:19.105Z,MOBILE,Android
66f57696-f0b4-4b6b-9f78-a6d5aa3aece9,ATC,2022-09-11T13:06:42.105Z,MOBILE,Android
66f57696-f0b4-4b6b-9f78-a6d5aa3aece9,ATC,2022-09-19T21:03:45.105Z,MOBILE,Android
66f57696-f0b4-4b6b-9f78-a6d5aa3aece9,ATC,2022-09-28T04:53:21.105Z,MOBILE,Android
66f57696-f0b4-4b6b-9f78-a6d5aa3aece9,ATC,2022-10-06T13:17:13.105Z,MOBILE,Android
66f57696-f0b4-4b6b-9f78-a6d5aa3aece9,ATC,2022-10-14T21:08:13.105Z,MOBILE,Android
66f57696-f0b4-4b6b-9f78-a6d5aa3aece9,ATC,2022-10-23T05:00:05.105Z,MOBILE,Android
08255379-fa78-45f7-abf9-394076b2019d,VI,2022-10-03T03:52:32.224Z,MOBILE,iOS
66f57696-f0b4-4b6b-9f78-a6d5aa3aece9,VI,2022-09-03T05:16:07.105Z,MOBILE,Android
53b3d54c-a4a9-4c41-9bd7-35246d8248b8,HP,2021-09-23T14:16:11.722Z,MOBILE,Android
53b3d54c-a4a9-4c41-9bd7-35246d8248b8,ATC,2021-09-25T12:53:03.722Z,MOBILE,Android
53b3d54c-a4a9-4c41-9bd7-35246d8248b8,ATC,2021-09-27T11:15:28.722Z,MOBILE,Android
53b3d54c-a4a9-4c41-9bd7-35246d8248b8,ATC,2021-09-29T09:45:23.722Z,MOBILE,Android
53b3d54c-a4a9-4c41-9bd7-35246d8248b8,ATC,2021-10-01T08:14:16.722Z,MOBILE,Android
53b3d54c-a4a9-4c41-9bd7-35246d8248b8,HP,2021-09-25T12:52:05.722Z,MOBILE,Android
53b3d54c-a4a9-4c41-9bd7-35246d8248b8,CL,2021-09-29T09:59:36.722Z,MOBILE,Android
53b3d54c-a4a9-4c41-9bd7-35246d8248b8,CL,2021-10-01T08:20:00.722Z,MOBILE,Android
53b3d54c-a4a9-4c41-9bd7-35246d8248b8,CL,2021-10-03T06:50:58.722Z,MOBILE,Android
53b3d54c-a4a9-4c41-9bd7-35246d8248b8,VI,2021-09-27T11:25:27.722Z,MOBILE,Android
55e25d3a-09f0-41c2-8680-ab96769ddf89,HP,2023-08-08T18:08:12.990Z,MOBILE,iOS
55e25d3a-09f0-41c2-8680-ab96769ddf89,ATC,2023-08-08T19:49:46.990Z,MOBILE,iOS
55e25d3a-09f0-41c2-8680-ab96769ddf89,CL,2023-08-08T19:49:30.990Z,MOBILE,iOS
55e25d3a-09f0-41c2-8680-ab96769ddf89,SCR,2023-08-08T21:27:40.990Z,MOBILE,iOS
4e70bc8f-d582-4194-8c8e-7e3f3a98a79c,HP,2023-09-01T21:31:41.990Z,MOBILE,iOS
4e70bc8f-d582-4194-8c8e-7e3f3a98a79c,ATC,2023-09-01T21:56:24.990Z,MOBILE,iOS
4e70bc8f-d582-4194-8c8e-7e3f3a98a79c,HP,2023-09-01T21:58:28.990Z,MOBILE,iOS
4e70bc8f-d582-4194-8c8e-7e3f3a98a79c,HP,2023-09-01T22:23:56.990Z,MOBILE,iOS
4e70bc8f-d582-4194-8c8e-7e3f3a98a79c,CL,2023-09-01T22:49:10.990Z,MOBILE,iOS
4e70bc8f-d582-4194-8c8e-7e3f3a98a79c,HP,2023-09-01T23:14:27.990Z,MOBILE,iOS
4e70bc8f-d582-4194-8c8e-7e3f3a98a79c,HP,2023-09-02T00:05:08.990Z,MOBILE,iOS
4e70bc8f-d582-4194-8c8e-7e3f3a98a79c,SCR,2023-09-02T00:29:47.990Z,MOBILE,iOS
4e70bc8f-d582-4194-8c8e-7e3f3a98a79c,CL,2023-09-02T00:56:18.990Z,MOBILE,iOS
4e70bc8f-d582-4194-8c8e-7e3f3a98a79c,VI,2023-09-01T23:40:12.990Z,MOBILE,iOS
4e70bc8f-d582-4194-8c8e-7e3f3a98a79c,VI,2023-09-02T01:22:42.990Z,MOBILE,iOS
8828c6f6-3984-4768-a1b2-57cc1b1fbed0,HP,2022-06-19T04:07:43.703Z,MOBILE,Android
8828c6f6-3984-4768-a1b2-57cc1b1fbed0,ATC,2022-06-19T08:15:10.703Z,MOBILE,Android
8828c6f6-3984-4768-a1b2-57cc1b1fbed0,AP,2022-06-19T12:24:22.703Z,MOBILE,Android
8828c6f6-3984-4768-a1b2-57cc1b1fbed0,HP,2022-06-19T08:16:17.703Z,MOBILE,Android
8828c6f6-3984-4768-a1b2-57cc1b1fbed0,CL,2022-06-19T12:22:15.703Z,MOBILE,Android
8828c6f6-3984-4768-a1b2-57cc1b1fbed0,HP,2022-06-19T16:29:38.703Z,MOBILE,Android
8828c6f6-3984-4768-a1b2-57cc1b1fbed0,SCR,2022-06-19T20:39:04.703Z,MOBILE,Android
8828c6f6-3984-4768-a1b2-57cc1b1fbed0,CL,2022-06-20T00:48:57.703Z,MOBILE,Android
8828c6f6-3984-4768-a1b2-57cc1b1fbed0,HP,2022-06-20T04:55:50.703Z,MOBILE,Android
8828c6f6-3984-4768-a1b2-57cc1b1fbed0,SCR,2022-06-20T09:06:23.703Z,MOBILE,Android
16d57645-f18a-441b-8fb6-fa8b4dd6ae0f,HP,2022-07-14T05:12:46.703Z,MOBILE,Android
16d57645-f18a-441b-8fb6-fa8b4dd6ae0f,ATC,2022-07-16T04:02:41.703Z,MOBILE,Android
16d57645-f18a-441b-8fb6-fa8b4dd6ae0f,ATC,2022-07-18T02:53:16.703Z,MOBILE,Android
16d57645-f18a-441b-8fb6-fa8b4dd6ae0f,AP,2022-07-20T01:51:46.703Z,MOBILE,Android
16d57645-f18a-441b-8fb6-fa8b4dd6ae0f,SER,2022-07-16T03:59:19.703Z,MOBILE,Android
16d57645-f18a-441b-8fb6-fa8b4dd6ae0f,SCR,2022-07-18T02:47:08.703Z,MOBILE,Android
16d57645-f18a-441b-8fb6-fa8b4dd6ae0f,SER,2022-07-20T01:30:58.703Z,MOBILE,Android
142f9e8a-01ff-4364-b166-f71ee2850475,HP,2022-03-11T12:20:39.143Z,MOBILE,Android
142f9e8a-01ff-4364-b166-f71ee2850475,ATC,2022-03-13T00:30:35.143Z,MOBILE,Android
142f9e8a-01ff-4364-b166-f71ee2850475,SCR,2022-03-14T12:41:47.143Z,MOBILE,Android
142f9e8a-01ff-4364-b166-f71ee2850475,VI,2022-03-13T00:37:37.143Z,MOBILE,Android
9e0216b7-e3da-4a8d-925d-b105dd07bea7,HP,2022-06-21T05:30:30.143Z,MOBILE,Android
9e0216b7-e3da-4a8d-925d-b105dd07bea7,ATC,2022-06-21T05:56:17.143Z,MOBILE,Android
9e0216b7-e3da-4a8d-925d-b105dd07bea7,ATC,2022-06-21T06:22:07.143Z,MOBILE,Android
9e0216b7-e3da-4a8d-925d-b105dd07bea7,ATC,2022-06-21T06:47:57.143Z,MOBILE,Android
9e0216b7-e3da-4a8d-925d-b105dd07bea7,ATC,2022-06-21T07:13:33.143Z,MOBILE,Android
9e0216b7-e3da-4a8d-925d-b105dd07bea7,ATC,2022-06-21T07:38:43.143Z,MOBILE,Android
9e0216b7-e3da-4a8d-925d-b105dd07bea7,ATC,2022-06-21T08:04:17.143Z,MOBILE,Android
9e0216b7-e3da-4a8d-925d-b105dd07bea7,ATC,2022-06-21T08:30:24.143Z,MOBILE,Android
9e0216b7-e3da-4a8d-925d-b105dd07bea7,ATC,2022-06-21T08:56:38.143Z,MOBILE,Android
9e0216b7-e3da-4a8d-925d-b105dd07bea7,ATC,2022-06-21T09:21:54.143Z,MOBILE,Android
9e0216b7-e3da-4a8d-925d-b105dd07bea7,ATC,2022-06-21T09:47:30.143Z,MOBILE,Android
9e0216b7-e3da-4a8d-925d-b105dd07bea7,ATC,2022-06-21T10:12:08.143Z,MOBILE,Android
9e0216b7-e3da-4a8d-925d-b105dd07bea7,ATC,2022-06-21T10:38:10.143Z,MOBILE,Android
9e0216b7-e3da-4a8d-925d-b105dd07bea7,AP,2022-06-21T11:02:50.143Z,MOBILE,Android
9e0216b7-e3da-4a8d-925d-b105dd07bea7,SCR,2022-06-21T05:57:04.143Z,MOBILE,Android
9e0216b7-e3da-4a8d-925d-b105dd07bea7,ATC,2022-06-21T06:23:56.143Z,MOBILE,Android
9e0216b7-e3da-4a8d-925d-b105dd07bea7,ATC,2022-06-21T06:48:34.143Z,MOBILE,Android
9e0216b7-e3da-4a8d-925d-b105dd07bea7,ATC,2022-06-21T07:13:48.143Z,MOBILE,Android
9e0216b7-e3da-4a8d-925d-b105dd07bea7,HP,2022-06-21T07:39:45.143Z,MOBILE,Android
115530de-2664-47f8-b2b7-13b6870c4626,HP,2022-08-19T02:19:03.143Z,MOBILE,Android
115530de-2664-47f8-b2b7-13b6870c4626,ATC,2022-08-23T13:51:54.143Z,MOBILE,Android
115530de-2664-47f8-b2b7-13b6870c4626,HP,2022-08-23T14:13:15.143Z,MOBILE,Android
9e868b76-9300-492c-8127-22d8047379fd,HP,2022-05-07T17:40:45.496Z,MOBILE,Android
9e868b76-9300-492c-8127-22d8047379fd,ATC,2022-05-10T18:18:21.496Z,MOBILE,Android
9e868b76-9300-492c-8127-22d8047379fd,HP,2022-05-10T18:35:32.496Z,MOBILE,Android
9e868b76-9300-492c-8127-22d8047379fd,SER,2022-05-13T19:20:25.496Z,MOBILE,Android
85a208cf-58df-4179-807c-9ae733a596f1,HP,2019-11-29T20:50:33.624Z,MOBILE,iOS
85a208cf-58df-4179-807c-9ae733a596f1,ATC,2019-11-30T11:14:07.624Z,MOBILE,iOS
85a208cf-58df-4179-807c-9ae733a596f1,ATC,2019-12-01T01:43:28.624Z,MOBILE,iOS
85a208cf-58df-4179-807c-9ae733a596f1,ATC,2019-12-01T16:07:04.624Z,MOBILE,iOS
85a208cf-58df-4179-807c-9ae733a596f1,ATC,2019-12-02T06:39:14.624Z,MOBILE,iOS
85a208cf-58df-4179-807c-9ae733a596f1,CL,2019-11-30T11:11:59.624Z,MOBILE,iOS
85a208cf-58df-4179-807c-9ae733a596f1,HP,2019-12-01T01:38:29.624Z,MOBILE,iOS
6b6978cf-263f-4465-8e01-d5fe40e729e7,HP,2021-02-15T08:57:38.624Z,MOBILE,iOS
6b6978cf-263f-4465-8e01-d5fe40e729e7,ATC,2021-02-15T23:27:47.624Z,MOBILE,iOS
a4a9239c-e92a-48e5-abbe-1d2ef0289e80,HP,2022-03-13T13:03:36.624Z,MOBILE,iOS
a4a9239c-e92a-48e5-abbe-1d2ef0289e80,ATC,2022-03-15T03:34:01.624Z,MOBILE,iOS
a4a9239c-e92a-48e5-abbe-1d2ef0289e80,AP,2022-03-16T18:13:11.624Z,MOBILE,iOS
a4a9239c-e92a-48e5-abbe-1d2ef0289e80,ATC,2022-03-15T03:39:04.624Z,MOBILE,iOS
a4a9239c-e92a-48e5-abbe-1d2ef0289e80,HP,2022-03-16T18:23:45.624Z,MOBILE,iOS
a4a9239c-e92a-48e5-abbe-1d2ef0289e80,HP,2022-03-18T09:02:40.624Z,MOBILE,iOS
14fbad60-2938-4a58-ba4a-9582c173776e,HP,2021-10-13T12:45:55.084Z,MOBILE,Android
14fbad60-2938-4a58-ba4a-9582c173776e,ATC,2021-10-13T12:48:48.084Z,MOBILE,Android
14fbad60-2938-4a58-ba4a-9582c173776e,CL,2021-10-13T12:48:33.084Z,MOBILE,Android
14fbad60-2938-4a58-ba4a-9582c173776e,ATC,2021-10-13T12:51:23.084Z,MOBILE,Android
14fbad60-2938-4a58-ba4a-9582c173776e,ATC,2021-10-13T12:53:50.084Z,MOBILE,Android
14fbad60-2938-4a58-ba4a-9582c173776e,ATC,2021-10-13T12:56:35.084Z,MOBILE,Android
53fad766-dd94-4289-9edb-e07d9fdb3853,HP,2023-10-30T21:18:21.477Z,MOBILE,Android
53fad766-dd94-4289-9edb-e07d9fdb3853,ATC,2023-10-31T17:39:21.477Z,MOBILE,Android
53fad766-dd94-4289-9edb-e07d9fdb3853,AP,2023-11-01T13:43:30.477Z,MOBILE,Android
53fad766-dd94-4289-9edb-e07d9fdb3853,ATC,2023-10-31T17:31:28.477Z,MOBILE,Android
53fad766-dd94-4289-9edb-e07d9fdb3853,SCR,2023-11-01T13:48:16.477Z,MOBILE,Android
53fad766-dd94-4289-9edb-e07d9fdb3853,ATC,2023-11-02T10:01:32.477Z,MOBILE,Android
53fad766-dd94-4289-9edb-e07d9fdb3853,ATC,2023-11-04T02:12:55.477Z,MOBILE,Android
53fad766-dd94-4289-9edb-e07d9fdb3853,SER,2023-11-04T22:20:54.477Z,MOBILE,Android
53fad766-dd94-4289-9edb-e07d9fdb3853,SER,2023-11-05T18:32:22.477Z,MOBILE,Android
2a72d333-0171-4e98-b408-eb9b0712df95,HP,2023-04-30T08:29:49.283Z,MOBILE,Android
2a72d333-0171-4e98-b408-eb9b0712df95,ATC,2023-04-30T20:24:40.283Z,MOBILE,Android
2a72d333-0171-4e98-b408-eb9b0712df95,ATC,2023-05-01T08:20:05.283Z,MOBILE,Android
2a72d333-0171-4e98-b408-eb9b0712df95,AP,2023-05-01T20:17:30.283Z,MOBILE,Android
2a72d333-0171-4e98-b408-eb9b0712df95,CL,2023-04-30T20:28:37.283Z,MOBILE,Android
06bcdddf-afb5-4f96-8267-a7316c1845b7,HP,2023-07-22T17:59:32.283Z,MOBILE,Android
06bcdddf-afb5-4f96-8267-a7316c1845b7,ATC,2023-07-23T09:02:04.283Z,MOBILE,Android
06bcdddf-afb5-4f96-8267-a7316c1845b7,ATC,2023-07-23T08:59:29.283Z,MOBILE,Android
06bcdddf-afb5-4f96-8267-a7316c1845b7,CL,2023-07-24T00:01:50.283Z,MOBILE,Android
06bcdddf-afb5-4f96-8267-a7316c1845b7,SER,2023-07-24T15:07:45.283Z,MOBILE,Android
a4d1d9a1-50ee-46a2-92f0-b953872775d1,HP,2023-02-02T10:48:33.049Z,MOBILE,Android
a4d1d9a1-50ee-46a2-92f0-b953872775d1,ATC,2023-02-03T04:47:09.049Z,MOBILE,Android
a4d1d9a1-50ee-46a2-92f0-b953872775d1,CL,2023-02-03T04:32:23.049Z,MOBILE,Android
a4d1d9a1-50ee-46a2-92f0-b953872775d1,VI,2023-02-03T22:18:25.049Z,MOBILE,Android
adaee901-670a-4dfc-99a3-1cf690647e9f,HP,2020-01-22T16:07:44.670Z,MOBILE,Android
adaee901-670a-4dfc-99a3-1cf690647e9f,ATC,2020-01-23T06:16:17.670Z,MOBILE,Android
adaee901-670a-4dfc-99a3-1cf690647e9f,AP,2020-01-23T20:22:17.670Z,MOBILE,Android
adaee901-670a-4dfc-99a3-1cf690647e9f,HP,2020-01-23T06:18:27.670Z,MOBILE,Android
adaee901-670a-4dfc-99a3-1cf690647e9f,SCR,2020-01-23T20:20:30.670Z,MOBILE,Android
adaee901-670a-4dfc-99a3-1cf690647e9f,CL,2020-01-24T10:24:34.670Z,MOBILE,Android
adaee901-670a-4dfc-99a3-1cf690647e9f,CL,2020-01-25T00:39:14.670Z,MOBILE,Android
adaee901-670a-4dfc-99a3-1cf690647e9f,SCR,2020-01-25T14:47:29.670Z,MOBILE,Android
adaee901-670a-4dfc-99a3-1cf690647e9f,SCR,2020-01-26T04:52:11.670Z,MOBILE,Android
adaee901-670a-4dfc-99a3-1cf690647e9f,ATC,2020-01-26T19:06:10.670Z,MOBILE,Android
adaee901-670a-4dfc-99a3-1cf690647e9f,ATC,2020-01-27T09:22:18.670Z,MOBILE,Android
adaee901-670a-4dfc-99a3-1cf690647e9f,ATC,2020-01-27T23:25:29.670Z,MOBILE,Android
adaee901-670a-4dfc-99a3-1cf690647e9f,HP,2020-01-28T13:33:07.670Z,MOBILE,Android
adaee901-670a-4dfc-99a3-1cf690647e9f,ATC,2020-01-29T17:47:30.670Z,MOBILE,Android
adaee901-670a-4dfc-99a3-1cf690647e9f,SER,2020-01-30T07:58:49.670Z,MOBILE,Android
adaee901-670a-4dfc-99a3-1cf690647e9f,CL,2020-01-30T22:07:37.670Z,MOBILE,Android
adaee901-670a-4dfc-99a3-1cf690647e9f,ATC,2020-02-01T02:23:10.670Z,MOBILE,Android
adaee901-670a-4dfc-99a3-1cf690647e9f,ATC,2020-02-01T16:25:27.670Z,MOBILE,Android
adaee901-670a-4dfc-99a3-1cf690647e9f,SCR,2020-02-02T06:33:03.670Z,MOBILE,Android
adaee901-670a-4dfc-99a3-1cf690647e9f,CL,2020-02-02T20:36:29.670Z,MOBILE,Android
77678d0f-f2a4-40a7-9480-72c4906a65da,HP,2020-02-27T04:54:37.670Z,MOBILE,Android
77678d0f-f2a4-40a7-9480-72c4906a65da,ATC,2020-03-02T21:01:36.670Z,MOBILE,Android
77678d0f-f2a4-40a7-9480-72c4906a65da,SCR,2020-03-02T21:01:27.670Z,MOBILE,Android
77678d0f-f2a4-40a7-9480-72c4906a65da,CL,2020-03-06T13:07:59.670Z,MOBILE,Android
77678d0f-f2a4-40a7-9480-72c4906a65da,ATC,2020-03-10T05:18:27.670Z,MOBILE,Android
77678d0f-f2a4-40a7-9480-72c4906a65da,SCR,2020-03-13T21:31:55.670Z,MOBILE,Android
77678d0f-f2a4-40a7-9480-72c4906a65da,ATC,2020-03-17T13:50:29.670Z,MOBILE,Android
77678d0f-f2a4-40a7-9480-72c4906a65da,ATC,2020-03-24T22:12:35.670Z,MOBILE,Android
77678d0f-f2a4-40a7-9480-72c4906a65da,HP,2020-03-28T14:24:18.670Z,MOBILE,Android
77678d0f-f2a4-40a7-9480-72c4906a65da,ATC,2020-04-01T06:33:13.670Z,MOBILE,Android
adaee901-670a-4dfc-99a3-1cf690647e9f,VI,2020-01-29T03:42:24.670Z,MOBILE,Android
adaee901-670a-4dfc-99a3-1cf690647e9f,VI,2020-01-31T12:14:33.670Z,MOBILE,Android
77678d0f-f2a4-40a7-9480-72c4906a65da,VI,2020-03-21T06:00:27.670Z,MOBILE,Android
6149a472-b839-478d-840c-5d89bf7d09f1,HP,2021-12-23T15:19:34.670Z,MOBILE,Android
669d88de-26bc-49c2-9a32-75010032c6da,VP,2020-07-07T07:14:05.270Z,MOBILE,Android
6149a472-b839-478d-840c-5d89bf7d09f1,ATC,2021-12-24T20:00:09.670Z,MOBILE,Android
6149a472-b839-478d-840c-5d89bf7d09f1,ATC,2021-12-26T00:40:31.670Z,MOBILE,Android
6149a472-b839-478d-840c-5d89bf7d09f1,AP,2021-12-27T05:16:05.670Z,MOBILE,Android
6149a472-b839-478d-840c-5d89bf7d09f1,ATC,2021-12-24T20:00:34.670Z,MOBILE,Android
8308cd14-2ab1-4b08-bb66-d05638942ca1,HP,2022-04-30T18:14:25.957Z,MOBILE,iOS
8308cd14-2ab1-4b08-bb66-d05638942ca1,ATC,2022-04-30T23:30:44.957Z,MOBILE,iOS
8308cd14-2ab1-4b08-bb66-d05638942ca1,SCR,2022-04-30T23:30:36.957Z,MOBILE,iOS
8308cd14-2ab1-4b08-bb66-d05638942ca1,CL,2022-05-01T04:45:00.957Z,MOBILE,iOS
8308cd14-2ab1-4b08-bb66-d05638942ca1,SCR,2022-05-01T10:01:58.957Z,MOBILE,iOS
8308cd14-2ab1-4b08-bb66-d05638942ca1,CL,2022-05-01T15:18:21.957Z,MOBILE,iOS
8308cd14-2ab1-4b08-bb66-d05638942ca1,SER,2022-05-01T20:36:56.957Z,MOBILE,iOS
8308cd14-2ab1-4b08-bb66-d05638942ca1,ATC,2022-05-02T01:54:12.957Z,MOBILE,iOS
8308cd14-2ab1-4b08-bb66-d05638942ca1,HP,2022-05-02T12:25:55.957Z,MOBILE,iOS
8308cd14-2ab1-4b08-bb66-d05638942ca1,CL,2022-05-02T17:41:25.957Z,MOBILE,iOS
8308cd14-2ab1-4b08-bb66-d05638942ca1,ATC,2022-05-02T22:54:58.957Z,MOBILE,iOS
0b5f4e9a-9def-4a1c-b8b3-71e74f41b042,CL,2023-10-26T17:49:54.957Z,MOBILE,iOS
0b5f4e9a-9def-4a1c-b8b3-71e74f41b042,HP,2023-10-21T16:45:32.957Z,MOBILE,iOS
0b5f4e9a-9def-4a1c-b8b3-71e74f41b042,ATC,2023-10-21T23:25:20.957Z,MOBILE,iOS
0b5f4e9a-9def-4a1c-b8b3-71e74f41b042,AP,2023-10-22T06:12:28.957Z,MOBILE,iOS
0b5f4e9a-9def-4a1c-b8b3-71e74f41b042,SER,2023-10-21T23:29:16.957Z,MOBILE,iOS
0b5f4e9a-9def-4a1c-b8b3-71e74f41b042,ATC,2023-10-22T12:51:42.957Z,MOBILE,iOS
0b5f4e9a-9def-4a1c-b8b3-71e74f41b042,CL,2023-10-22T19:32:18.957Z,MOBILE,iOS
0b5f4e9a-9def-4a1c-b8b3-71e74f41b042,SER,2023-10-23T02:19:34.957Z,MOBILE,iOS
0b5f4e9a-9def-4a1c-b8b3-71e74f41b042,HP,2023-10-23T09:00:38.957Z,MOBILE,iOS
0b5f4e9a-9def-4a1c-b8b3-71e74f41b042,SCR,2023-10-23T15:45:45.957Z,MOBILE,iOS
0b5f4e9a-9def-4a1c-b8b3-71e74f41b042,CL,2023-10-23T22:28:23.957Z,MOBILE,iOS
0b5f4e9a-9def-4a1c-b8b3-71e74f41b042,SER,2023-10-24T05:14:16.957Z,MOBILE,iOS
0b5f4e9a-9def-4a1c-b8b3-71e74f41b042,SER,2023-10-24T11:59:13.957Z,MOBILE,iOS
0b5f4e9a-9def-4a1c-b8b3-71e74f41b042,SER,2023-10-24T18:40:03.957Z,MOBILE,iOS
0b5f4e9a-9def-4a1c-b8b3-71e74f41b042,CL,2023-10-25T08:11:07.957Z,MOBILE,iOS
0b5f4e9a-9def-4a1c-b8b3-71e74f41b042,CL,2023-10-25T21:35:34.957Z,MOBILE,iOS
0b5f4e9a-9def-4a1c-b8b3-71e74f41b042,HP,2023-10-26T04:16:46.957Z,MOBILE,iOS
0b5f4e9a-9def-4a1c-b8b3-71e74f41b042,CL,2023-10-26T10:59:51.957Z,MOBILE,iOS
0b5f4e9a-9def-4a1c-b8b3-71e74f41b042,ATC,2023-10-27T00:35:20.957Z,MOBILE,iOS
0b5f4e9a-9def-4a1c-b8b3-71e74f41b042,CL,2023-10-27T13:57:52.957Z,MOBILE,iOS
0b5f4e9a-9def-4a1c-b8b3-71e74f41b042,ATC,2023-10-27T20:38:45.957Z,MOBILE,iOS
0b5f4e9a-9def-4a1c-b8b3-71e74f41b042,ATC,2023-10-28T03:20:21.957Z,MOBILE,iOS
0b5f4e9a-9def-4a1c-b8b3-71e74f41b042,SCR,2023-10-28T10:03:08.957Z,MOBILE,iOS
0b5f4e9a-9def-4a1c-b8b3-71e74f41b042,ATC,2023-10-28T16:44:04.957Z,MOBILE,iOS
0b5f4e9a-9def-4a1c-b8b3-71e74f41b042,SCR,2023-10-28T23:26:07.957Z,MOBILE,iOS
0b5f4e9a-9def-4a1c-b8b3-71e74f41b042,ATC,2023-10-29T06:06:30.957Z,MOBILE,iOS
0b5f4e9a-9def-4a1c-b8b3-71e74f41b042,CL,2023-10-29T12:47:47.957Z,MOBILE,iOS
0b5f4e9a-9def-4a1c-b8b3-71e74f41b042,ATC,2023-10-29T19:29:47.957Z,MOBILE,iOS
0b5f4e9a-9def-4a1c-b8b3-71e74f41b042,CL,2023-10-30T02:13:47.957Z,MOBILE,iOS
0b5f4e9a-9def-4a1c-b8b3-71e74f41b042,ATC,2023-10-30T08:54:45.957Z,MOBILE,iOS
0b5f4e9a-9def-4a1c-b8b3-71e74f41b042,ATC,2023-10-30T15:36:41.957Z,MOBILE,iOS
0b5f4e9a-9def-4a1c-b8b3-71e74f41b042,CL,2023-10-30T22:21:24.957Z,MOBILE,iOS
0b5f4e9a-9def-4a1c-b8b3-71e74f41b042,VI,2023-10-25T01:22:39.957Z,MOBILE,iOS
801ce81e-0eff-4127-b5c4-3dea82f594b6,HP,2022-06-07T17:26:01.707Z,MOBILE,Android
801ce81e-0eff-4127-b5c4-3dea82f594b6,ATC,2022-06-07T18:06:47.707Z,MOBILE,Android
801ce81e-0eff-4127-b5c4-3dea82f594b6,SER,2022-06-07T18:07:52.707Z,MOBILE,Android
801ce81e-0eff-4127-b5c4-3dea82f594b6,CL,2022-06-07T18:49:45.707Z,MOBILE,Android
801ce81e-0eff-4127-b5c4-3dea82f594b6,SER,2022-06-07T20:10:55.707Z,MOBILE,Android
801ce81e-0eff-4127-b5c4-3dea82f594b6,VI,2022-06-07T19:30:48.707Z,MOBILE,Android
801ce81e-0eff-4127-b5c4-3dea82f594b6,VI,2022-06-07T20:52:49.707Z,MOBILE,Android
938fd452-dc78-4be5-a508-69905b19461a,HP,2023-07-06T20:23:46.707Z,MOBILE,Android
938fd452-dc78-4be5-a508-69905b19461a,ATC,2023-07-08T13:16:01.707Z,MOBILE,Android
82b9c4d1-856f-48ee-81ff-61fb621a5f5e,HP,2023-08-16T13:05:16.707Z,MOBILE,Android
82b9c4d1-856f-48ee-81ff-61fb621a5f5e,ATC,2023-08-16T15:52:23.707Z,MOBILE,Android
82b9c4d1-856f-48ee-81ff-61fb621a5f5e,AP,2023-08-16T18:42:55.707Z,MOBILE,Android
82b9c4d1-856f-48ee-81ff-61fb621a5f5e,SER,2023-08-16T15:55:02.707Z,MOBILE,Android
82b9c4d1-856f-48ee-81ff-61fb621a5f5e,HP,2023-08-16T21:31:00.707Z,MOBILE,Android
82b9c4d1-856f-48ee-81ff-61fb621a5f5e,CL,2023-08-17T00:20:48.707Z,MOBILE,Android
82b9c4d1-856f-48ee-81ff-61fb621a5f5e,HP,2023-08-17T03:11:15.707Z,MOBILE,Android
82b9c4d1-856f-48ee-81ff-61fb621a5f5e,SER,2023-08-17T08:46:53.707Z,MOBILE,Android
82b9c4d1-856f-48ee-81ff-61fb621a5f5e,HP,2023-08-17T11:33:09.707Z,MOBILE,Android
82b9c4d1-856f-48ee-81ff-61fb621a5f5e,HP,2023-08-17T14:24:07.707Z,MOBILE,Android
82b9c4d1-856f-48ee-81ff-61fb621a5f5e,CL,2023-08-17T19:58:21.707Z,MOBILE,Android
82b9c4d1-856f-48ee-81ff-61fb621a5f5e,SCR,2023-08-17T22:46:41.707Z,MOBILE,Android
82b9c4d1-856f-48ee-81ff-61fb621a5f5e,SCR,2023-08-18T01:32:56.707Z,MOBILE,Android
82b9c4d1-856f-48ee-81ff-61fb621a5f5e,HP,2023-08-18T04:22:36.707Z,MOBILE,Android
82b9c4d1-856f-48ee-81ff-61fb621a5f5e,HP,2023-08-18T07:10:44.707Z,MOBILE,Android
82b9c4d1-856f-48ee-81ff-61fb621a5f5e,SER,2023-08-18T10:01:20.707Z,MOBILE,Android
82b9c4d1-856f-48ee-81ff-61fb621a5f5e,CL,2023-08-18T12:51:40.707Z,MOBILE,Android
82b9c4d1-856f-48ee-81ff-61fb621a5f5e,SCR,2023-08-18T15:44:15.707Z,MOBILE,Android
938fd452-dc78-4be5-a508-69905b19461a,VI,2023-07-08T13:38:33.707Z,MOBILE,Android
82b9c4d1-856f-48ee-81ff-61fb621a5f5e,VI,2023-08-17T06:01:03.707Z,MOBILE,Android
82b9c4d1-856f-48ee-81ff-61fb621a5f5e,VP,2023-08-16T18:41:17.707Z,MOBILE,Android
40013f88-916f-4d14-9b22-7222589ba3e4,HP,2022-11-01T23:14:54.890Z,WEB,Android
40013f88-916f-4d14-9b22-7222589ba3e4,ATC,2022-11-01T23:22:01.890Z,WEB,Android
40013f88-916f-4d14-9b22-7222589ba3e4,ATC,2022-11-01T23:21:45.890Z,WEB,Android
40013f88-916f-4d14-9b22-7222589ba3e4,SCR,2022-11-01T23:35:06.890Z,WEB,Android
2e296eec-81aa-416e-8e45-b8893b8b885b,HP,2023-04-04T04:45:14.663Z,MOBILE,Android
2e296eec-81aa-416e-8e45-b8893b8b885b,ATC,2023-04-05T22:53:11.663Z,MOBILE,Android
2e296eec-81aa-416e-8e45-b8893b8b885b,SCR,2023-04-05T22:46:31.663Z,MOBILE,Android
2e296eec-81aa-416e-8e45-b8893b8b885b,CL,2023-04-07T16:32:11.663Z,MOBILE,Android
40013f88-916f-4d14-9b22-7222589ba3e4,VI,2022-11-01T23:41:49.890Z,WEB,Android
78d467b5-3dd6-49ed-80f3-91734cd5db9d,HP,2023-12-05T22:21:15.663Z,MOBILE,Android
78d467b5-3dd6-49ed-80f3-91734cd5db9d,ATC,2023-12-06T06:02:11.663Z,MOBILE,Android
78d467b5-3dd6-49ed-80f3-91734cd5db9d,AP,2023-12-06T13:47:48.663Z,MOBILE,Android
78d467b5-3dd6-49ed-80f3-91734cd5db9d,ATC,2023-12-06T06:01:19.663Z,MOBILE,Android
78d467b5-3dd6-49ed-80f3-91734cd5db9d,SCR,2023-12-06T13:48:40.663Z,MOBILE,Android
ff0ca54d-cb97-4efd-a86d-f6c2c4f8bac9,HP,2023-09-10T13:02:57.106Z,MOBILE,Android
ff0ca54d-cb97-4efd-a86d-f6c2c4f8bac9,ATC,2023-09-11T10:41:54.106Z,MOBILE,Android
ff0ca54d-cb97-4efd-a86d-f6c2c4f8bac9,AP,2023-09-12T08:16:16.106Z,MOBILE,Android
ff0ca54d-cb97-4efd-a86d-f6c2c4f8bac9,CL,2023-09-11T10:34:17.106Z,MOBILE,Android
ff0ca54d-cb97-4efd-a86d-f6c2c4f8bac9,HP,2023-09-12T08:05:14.106Z,MOBILE,Android
ff0ca54d-cb97-4efd-a86d-f6c2c4f8bac9,SCR,2023-09-13T05:40:33.106Z,MOBILE,Android
ff0ca54d-cb97-4efd-a86d-f6c2c4f8bac9,CL,2023-09-14T03:21:24.106Z,MOBILE,Android
6aa88095-162b-4b41-82fc-1334cdf98c00,HP,2023-08-10T05:55:26.251Z,MOBILE,Android
6aa88095-162b-4b41-82fc-1334cdf98c00,ATC,2023-08-11T00:51:41.251Z,MOBILE,Android
6aa88095-162b-4b41-82fc-1334cdf98c00,CL,2023-08-11T00:50:35.251Z,MOBILE,Android
6aa88095-162b-4b41-82fc-1334cdf98c00,SCR,2023-08-21T14:59:14.251Z,MOBILE,Android
7453376f-47c5-4136-abac-a6c6e68b7bf4,HP,2023-08-26T20:22:28.251Z,MOBILE,Android
7453376f-47c5-4136-abac-a6c6e68b7bf4,ATC,2023-08-26T22:56:58.251Z,MOBILE,Android
7453376f-47c5-4136-abac-a6c6e68b7bf4,ATC,2023-08-27T01:28:26.251Z,MOBILE,Android
7453376f-47c5-4136-abac-a6c6e68b7bf4,ATC,2023-08-27T04:04:35.251Z,MOBILE,Android
7453376f-47c5-4136-abac-a6c6e68b7bf4,ATC,2023-08-27T06:39:03.251Z,MOBILE,Android
7453376f-47c5-4136-abac-a6c6e68b7bf4,ATC,2023-08-27T09:13:44.251Z,MOBILE,Android
7453376f-47c5-4136-abac-a6c6e68b7bf4,HP,2023-08-26T22:59:28.251Z,MOBILE,Android
7453376f-47c5-4136-abac-a6c6e68b7bf4,SCR,2023-08-27T01:35:00.251Z,MOBILE,Android
7453376f-47c5-4136-abac-a6c6e68b7bf4,SCR,2023-08-27T04:08:12.251Z,MOBILE,Android
7453376f-47c5-4136-abac-a6c6e68b7bf4,CL,2023-08-27T09:17:21.251Z,MOBILE,Android
7453376f-47c5-4136-abac-a6c6e68b7bf4,SCR,2023-08-27T11:53:45.251Z,MOBILE,Android
7453376f-47c5-4136-abac-a6c6e68b7bf4,CL,2023-08-27T14:29:17.251Z,MOBILE,Android
7453376f-47c5-4136-abac-a6c6e68b7bf4,HP,2023-08-27T17:06:56.251Z,MOBILE,Android
7453376f-47c5-4136-abac-a6c6e68b7bf4,CL,2023-08-27T19:40:34.251Z,MOBILE,Android
7453376f-47c5-4136-abac-a6c6e68b7bf4,SER,2023-08-27T22:13:41.251Z,MOBILE,Android
7453376f-47c5-4136-abac-a6c6e68b7bf4,HP,2023-08-28T00:49:30.251Z,MOBILE,Android
7453376f-47c5-4136-abac-a6c6e68b7bf4,CL,2023-08-28T03:25:05.251Z,MOBILE,Android
7453376f-47c5-4136-abac-a6c6e68b7bf4,CL,2023-08-28T06:03:41.251Z,MOBILE,Android
7453376f-47c5-4136-abac-a6c6e68b7bf4,HP,2023-08-28T08:39:39.251Z,MOBILE,Android
7453376f-47c5-4136-abac-a6c6e68b7bf4,HP,2023-08-28T11:13:05.251Z,MOBILE,Android
7453376f-47c5-4136-abac-a6c6e68b7bf4,CL,2023-08-28T13:47:51.251Z,MOBILE,Android
7453376f-47c5-4136-abac-a6c6e68b7bf4,SCR,2023-08-28T16:24:58.251Z,MOBILE,Android
7453376f-47c5-4136-abac-a6c6e68b7bf4,CL,2023-08-28T19:01:21.251Z,MOBILE,Android
7453376f-47c5-4136-abac-a6c6e68b7bf4,SCR,2023-08-28T21:35:51.251Z,MOBILE,Android
7453376f-47c5-4136-abac-a6c6e68b7bf4,HP,2023-08-29T02:51:14.251Z,MOBILE,Android
7453376f-47c5-4136-abac-a6c6e68b7bf4,CL,2023-08-29T05:26:01.251Z,MOBILE,Android
7453376f-47c5-4136-abac-a6c6e68b7bf4,CL,2023-08-29T08:01:38.251Z,MOBILE,Android
7453376f-47c5-4136-abac-a6c6e68b7bf4,CL,2023-08-29T10:35:34.251Z,MOBILE,Android
7453376f-47c5-4136-abac-a6c6e68b7bf4,CL,2023-08-29T13:08:14.251Z,MOBILE,Android
7453376f-47c5-4136-abac-a6c6e68b7bf4,SCR,2023-08-29T20:54:09.251Z,MOBILE,Android
7453376f-47c5-4136-abac-a6c6e68b7bf4,CL,2023-08-29T23:29:23.251Z,MOBILE,Android
7453376f-47c5-4136-abac-a6c6e68b7bf4,VI,2023-08-27T06:41:22.251Z,MOBILE,Android
7453376f-47c5-4136-abac-a6c6e68b7bf4,VI,2023-08-29T00:14:03.251Z,MOBILE,Android
7453376f-47c5-4136-abac-a6c6e68b7bf4,VI,2023-08-29T15:44:08.251Z,MOBILE,Android
7453376f-47c5-4136-abac-a6c6e68b7bf4,VI,2023-08-29T18:19:05.251Z,MOBILE,Android
03e86db3-1933-42d7-912e-be5a36cc102b,HP,2021-12-01T16:37:52.653Z,MOBILE,iOS
03e86db3-1933-42d7-912e-be5a36cc102b,ATC,2021-12-02T18:07:36.653Z,MOBILE,iOS
03e86db3-1933-42d7-912e-be5a36cc102b,SCR,2021-12-02T17:56:05.653Z,MOBILE,iOS
03e86db3-1933-42d7-912e-be5a36cc102b,SCR,2021-12-03T19:18:14.653Z,MOBILE,iOS
03e86db3-1933-42d7-912e-be5a36cc102b,SER,2021-12-04T20:46:06.653Z,MOBILE,iOS
03e86db3-1933-42d7-912e-be5a36cc102b,CL,2021-12-05T22:12:17.653Z,MOBILE,iOS
03e86db3-1933-42d7-912e-be5a36cc102b,CL,2021-12-08T01:02:19.653Z,MOBILE,iOS
03e86db3-1933-42d7-912e-be5a36cc102b,SER,2021-12-09T02:33:15.653Z,MOBILE,iOS
03e86db3-1933-42d7-912e-be5a36cc102b,CL,2021-12-11T05:29:45.653Z,MOBILE,iOS
03e86db3-1933-42d7-912e-be5a36cc102b,CL,2021-12-12T06:53:13.653Z,MOBILE,iOS
03e86db3-1933-42d7-912e-be5a36cc102b,SCR,2021-12-13T08:23:28.653Z,MOBILE,iOS
03e86db3-1933-42d7-912e-be5a36cc102b,HP,2021-12-14T09:46:16.653Z,MOBILE,iOS
03e86db3-1933-42d7-912e-be5a36cc102b,CL,2021-12-15T11:12:44.653Z,MOBILE,iOS
03e86db3-1933-42d7-912e-be5a36cc102b,SCR,2021-12-16T12:31:22.653Z,MOBILE,iOS
03e86db3-1933-42d7-912e-be5a36cc102b,CL,2021-12-19T16:42:21.653Z,MOBILE,iOS
03e86db3-1933-42d7-912e-be5a36cc102b,CL,2021-12-20T18:05:09.653Z,MOBILE,iOS
03e86db3-1933-42d7-912e-be5a36cc102b,SCR,2021-12-21T19:25:28.653Z,MOBILE,iOS
03e86db3-1933-42d7-912e-be5a36cc102b,CL,2021-12-22T20:47:00.653Z,MOBILE,iOS
03e86db3-1933-42d7-912e-be5a36cc102b,ATC,2021-12-23T22:11:25.653Z,MOBILE,iOS
03e86db3-1933-42d7-912e-be5a36cc102b,CL,2021-12-24T23:32:25.653Z,MOBILE,iOS
fa17d32c-2b48-4566-ad58-ae882420e0d0,SCR,2022-10-04T23:30:06.653Z,MOBILE,iOS
03e86db3-1933-42d7-912e-be5a36cc102b,ATC,2021-12-26T01:02:13.653Z,MOBILE,iOS
03e86db3-1933-42d7-912e-be5a36cc102b,CL,2021-12-27T02:26:06.653Z,MOBILE,iOS
03e86db3-1933-42d7-912e-be5a36cc102b,VI,2021-12-06T23:42:30.653Z,MOBILE,iOS
03e86db3-1933-42d7-912e-be5a36cc102b,VI,2021-12-10T04:03:54.653Z,MOBILE,iOS
03e86db3-1933-42d7-912e-be5a36cc102b,VI,2021-12-18T15:15:52.653Z,MOBILE,iOS
fa17d32c-2b48-4566-ad58-ae882420e0d0,HP,2022-09-22T16:08:33.653Z,MOBILE,iOS
fa17d32c-2b48-4566-ad58-ae882420e0d0,ATC,2022-09-25T18:03:18.653Z,MOBILE,iOS
fa17d32c-2b48-4566-ad58-ae882420e0d0,AP,2022-09-28T19:51:29.653Z,MOBILE,iOS
fa17d32c-2b48-4566-ad58-ae882420e0d0,ATC,2022-09-25T17:54:26.653Z,MOBILE,iOS
30535ec6-c34b-4a46-a1f8-4ba157692dc1,HP,2022-03-21T21:59:40.459Z,MOBILE,Android
fa17d32c-2b48-4566-ad58-ae882420e0d0,SCR,2022-09-28T19:53:01.653Z,MOBILE,iOS
fa17d32c-2b48-4566-ad58-ae882420e0d0,CL,2022-10-01T21:40:07.653Z,MOBILE,iOS
fa17d32c-2b48-4566-ad58-ae882420e0d0,SCR,2022-10-08T01:05:35.653Z,MOBILE,iOS
fa17d32c-2b48-4566-ad58-ae882420e0d0,CL,2022-10-11T02:56:55.653Z,MOBILE,iOS
89e3531b-d7b1-4e36-8266-f8238c3a5f6d,HP,2023-12-30T15:57:49.653Z,MOBILE,iOS
89e3531b-d7b1-4e36-8266-f8238c3a5f6d,ATC,2023-12-31T18:54:42.653Z,MOBILE,iOS
89e3531b-d7b1-4e36-8266-f8238c3a5f6d,ATC,2023-12-31T18:43:50.653Z,MOBILE,iOS
236b6aab-89bf-4c38-a327-8eb3e82512d4,HP,2023-03-16T09:17:10.301Z,MOBILE,Android
236b6aab-89bf-4c38-a327-8eb3e82512d4,ATC,2023-03-16T09:47:20.301Z,MOBILE,Android
236b6aab-89bf-4c38-a327-8eb3e82512d4,AP,2023-03-16T10:18:10.301Z,MOBILE,Android
236b6aab-89bf-4c38-a327-8eb3e82512d4,SCR,2023-03-16T09:47:49.301Z,MOBILE,Android
236b6aab-89bf-4c38-a327-8eb3e82512d4,SER,2023-03-16T10:19:58.301Z,MOBILE,Android
236b6aab-89bf-4c38-a327-8eb3e82512d4,CL,2023-03-16T10:50:13.301Z,MOBILE,Android
236b6aab-89bf-4c38-a327-8eb3e82512d4,CL,2023-03-17T07:06:34.301Z,MOBILE,Android
236b6aab-89bf-4c38-a327-8eb3e82512d4,HP,2023-03-18T01:47:22.301Z,MOBILE,Android
78f90b72-c8f3-4918-9d58-32f3f41b75f1,HP,2023-10-25T11:47:33.301Z,MOBILE,Android
78f90b72-c8f3-4918-9d58-32f3f41b75f1,ATC,2023-10-25T20:47:05.301Z,MOBILE,Android
78f90b72-c8f3-4918-9d58-32f3f41b75f1,SER,2023-10-26T05:54:39.301Z,MOBILE,Android
78f90b72-c8f3-4918-9d58-32f3f41b75f1,SER,2023-10-26T23:49:14.301Z,MOBILE,Android
78f90b72-c8f3-4918-9d58-32f3f41b75f1,VI,2023-10-25T20:52:59.301Z,MOBILE,Android
78f90b72-c8f3-4918-9d58-32f3f41b75f1,VI,2023-10-26T14:52:43.301Z,MOBILE,Android
ac844dfa-9b97-40f1-853b-4b0e87365739,HP,2023-06-05T09:51:51.394Z,WEB,Android
ac844dfa-9b97-40f1-853b-4b0e87365739,ATC,2023-06-15T02:17:11.394Z,WEB,Android
ac844dfa-9b97-40f1-853b-4b0e87365739,CL,2023-06-15T02:33:09.394Z,WEB,Android
ac844dfa-9b97-40f1-853b-4b0e87365739,SCR,2023-06-24T19:06:12.394Z,WEB,Android
2aec272f-c060-4b43-b001-055ec63ed1d3,HP,2020-07-19T01:19:15.052Z,WEB,Android
2aec272f-c060-4b43-b001-055ec63ed1d3,ATC,2020-07-21T01:56:52.052Z,WEB,Android
2aec272f-c060-4b43-b001-055ec63ed1d3,SER,2020-07-21T01:53:51.052Z,WEB,Android
2aec272f-c060-4b43-b001-055ec63ed1d3,SER,2020-07-23T02:27:30.052Z,WEB,Android
2aec272f-c060-4b43-b001-055ec63ed1d3,HP,2020-07-25T02:48:32.052Z,WEB,Android
2aec272f-c060-4b43-b001-055ec63ed1d3,HP,2020-07-29T03:51:21.052Z,WEB,Android
2aec272f-c060-4b43-b001-055ec63ed1d3,CL,2020-07-31T04:26:23.052Z,WEB,Android
2aec272f-c060-4b43-b001-055ec63ed1d3,CL,2020-08-02T05:12:12.052Z,WEB,Android
2aec272f-c060-4b43-b001-055ec63ed1d3,HP,2020-08-04T05:39:38.052Z,WEB,Android
2aec272f-c060-4b43-b001-055ec63ed1d3,SCR,2020-08-06T06:18:00.052Z,WEB,Android
75f4bdfc-7c43-4709-93bc-1c63311b9e92,HP,2022-01-22T01:52:01.052Z,MOBILE,Android
75f4bdfc-7c43-4709-93bc-1c63311b9e92,ATC,2022-01-22T12:45:25.052Z,MOBILE,Android
75f4bdfc-7c43-4709-93bc-1c63311b9e92,AP,2022-01-22T23:37:45.052Z,MOBILE,Android
75f4bdfc-7c43-4709-93bc-1c63311b9e92,CL,2022-01-22T12:56:26.052Z,MOBILE,Android
75f4bdfc-7c43-4709-93bc-1c63311b9e92,CL,2022-01-22T23:51:27.052Z,MOBILE,Android
75f4bdfc-7c43-4709-93bc-1c63311b9e92,SCR,2022-01-23T10:50:55.052Z,MOBILE,Android
75f4bdfc-7c43-4709-93bc-1c63311b9e92,SER,2022-01-23T21:45:19.052Z,MOBILE,Android
75f4bdfc-7c43-4709-93bc-1c63311b9e92,SCR,2022-01-24T19:33:23.052Z,MOBILE,Android
75f4bdfc-7c43-4709-93bc-1c63311b9e92,SCR,2022-01-25T06:25:41.052Z,MOBILE,Android
75f4bdfc-7c43-4709-93bc-1c63311b9e92,CL,2022-01-25T17:15:21.052Z,MOBILE,Android
75f4bdfc-7c43-4709-93bc-1c63311b9e92,SER,2022-01-26T04:11:07.052Z,MOBILE,Android
75f4bdfc-7c43-4709-93bc-1c63311b9e92,CL,2022-01-26T15:07:52.052Z,MOBILE,Android
75f4bdfc-7c43-4709-93bc-1c63311b9e92,SCR,2022-01-27T02:05:41.052Z,MOBILE,Android
75f4bdfc-7c43-4709-93bc-1c63311b9e92,HP,2022-01-27T12:52:56.052Z,MOBILE,Android
75f4bdfc-7c43-4709-93bc-1c63311b9e92,SER,2022-01-28T10:43:52.052Z,MOBILE,Android
75f4bdfc-7c43-4709-93bc-1c63311b9e92,SER,2022-01-28T21:39:39.052Z,MOBILE,Android
75f4bdfc-7c43-4709-93bc-1c63311b9e92,SCR,2022-01-29T08:37:57.052Z,MOBILE,Android
75f4bdfc-7c43-4709-93bc-1c63311b9e92,SCR,2022-01-29T19:31:33.052Z,MOBILE,Android
75f4bdfc-7c43-4709-93bc-1c63311b9e92,HP,2022-01-30T17:26:12.052Z,MOBILE,Android
75f4bdfc-7c43-4709-93bc-1c63311b9e92,SCR,2022-01-31T04:17:54.052Z,MOBILE,Android
75f4bdfc-7c43-4709-93bc-1c63311b9e92,CL,2022-01-31T15:12:17.052Z,MOBILE,Android
75f4bdfc-7c43-4709-93bc-1c63311b9e92,CL,2022-02-01T02:10:02.052Z,MOBILE,Android
75f4bdfc-7c43-4709-93bc-1c63311b9e92,CL,2022-02-01T13:01:53.052Z,MOBILE,Android
75f4bdfc-7c43-4709-93bc-1c63311b9e92,CL,2022-02-01T23:52:40.052Z,MOBILE,Android
75f4bdfc-7c43-4709-93bc-1c63311b9e92,SER,2022-02-02T21:37:47.052Z,MOBILE,Android
75f4bdfc-7c43-4709-93bc-1c63311b9e92,CL,2022-02-03T08:35:53.052Z,MOBILE,Android
75f4bdfc-7c43-4709-93bc-1c63311b9e92,VI,2022-01-24T08:41:08.052Z,MOBILE,Android
31d99f74-e30f-4c29-8aca-cc3a6e274487,HP,2022-04-30T09:15:55.459Z,MOBILE,Android
75f4bdfc-7c43-4709-93bc-1c63311b9e92,VI,2022-01-27T23:49:27.052Z,MOBILE,Android
75f4bdfc-7c43-4709-93bc-1c63311b9e92,VI,2022-01-30T06:28:41.052Z,MOBILE,Android
75f4bdfc-7c43-4709-93bc-1c63311b9e92,HP,2022-02-03T19:26:28.052Z,MOBILE,Android
75f4bdfc-7c43-4709-93bc-1c63311b9e92,CL,2022-02-04T06:18:47.052Z,MOBILE,Android
75f4bdfc-7c43-4709-93bc-1c63311b9e92,CL,2022-02-05T04:15:19.052Z,MOBILE,Android
75f4bdfc-7c43-4709-93bc-1c63311b9e92,CL,2022-02-05T15:13:53.052Z,MOBILE,Android
75f4bdfc-7c43-4709-93bc-1c63311b9e92,HP,2022-02-06T02:11:55.052Z,MOBILE,Android
75f4bdfc-7c43-4709-93bc-1c63311b9e92,HP,2022-02-06T13:04:30.052Z,MOBILE,Android
75f4bdfc-7c43-4709-93bc-1c63311b9e92,SCR,2022-02-07T00:00:41.052Z,MOBILE,Android
75f4bdfc-7c43-4709-93bc-1c63311b9e92,HP,2022-02-07T10:56:23.052Z,MOBILE,Android
75f4bdfc-7c43-4709-93bc-1c63311b9e92,CL,2022-02-08T19:46:27.052Z,MOBILE,Android
75f4bdfc-7c43-4709-93bc-1c63311b9e92,CL,2022-02-09T06:37:49.052Z,MOBILE,Android
75f4bdfc-7c43-4709-93bc-1c63311b9e92,SCR,2022-02-09T17:29:26.052Z,MOBILE,Android
75f4bdfc-7c43-4709-93bc-1c63311b9e92,CL,2022-02-10T04:25:23.052Z,MOBILE,Android
75f4bdfc-7c43-4709-93bc-1c63311b9e92,CL,2022-02-10T15:16:30.052Z,MOBILE,Android
75f4bdfc-7c43-4709-93bc-1c63311b9e92,CL,2022-02-11T02:13:40.052Z,MOBILE,Android
75f4bdfc-7c43-4709-93bc-1c63311b9e92,SCR,2022-02-11T13:08:39.052Z,MOBILE,Android
75f4bdfc-7c43-4709-93bc-1c63311b9e92,SER,2022-02-12T00:00:46.052Z,MOBILE,Android
75f4bdfc-7c43-4709-93bc-1c63311b9e92,SER,2022-02-13T11:00:36.052Z,MOBILE,Android
75f4bdfc-7c43-4709-93bc-1c63311b9e92,SCR,2022-02-13T13:01:18.052Z,MOBILE,Android
75f4bdfc-7c43-4709-93bc-1c63311b9e92,HP,2022-02-13T15:01:47.052Z,MOBILE,Android
75f4bdfc-7c43-4709-93bc-1c63311b9e92,SCR,2022-02-13T17:03:42.052Z,MOBILE,Android
75f4bdfc-7c43-4709-93bc-1c63311b9e92,SER,2022-02-13T19:02:15.052Z,MOBILE,Android
75f4bdfc-7c43-4709-93bc-1c63311b9e92,SCR,2022-02-13T21:01:56.052Z,MOBILE,Android
75f4bdfc-7c43-4709-93bc-1c63311b9e92,HP,2022-02-13T23:00:59.052Z,MOBILE,Android
0cdc13fe-042e-45f7-a774-64d26d41886e,HP,2021-09-01T05:28:21.947Z,MOBILE,Android
0cdc13fe-042e-45f7-a774-64d26d41886e,ATC,2021-09-01T05:35:05.947Z,MOBILE,Android
0cdc13fe-042e-45f7-a774-64d26d41886e,AP,2021-09-01T05:42:10.947Z,MOBILE,Android
0cdc13fe-042e-45f7-a774-64d26d41886e,SCR,2021-09-01T05:35:55.947Z,MOBILE,Android
0cdc13fe-042e-45f7-a774-64d26d41886e,HP,2021-09-01T05:42:57.947Z,MOBILE,Android
f2ed7383-03ca-4157-9343-d08c7b406496,HP,2022-06-15T23:53:00.795Z,MOBILE,Android
f2ed7383-03ca-4157-9343-d08c7b406496,ATC,2022-06-16T10:23:05.795Z,MOBILE,Android
f2ed7383-03ca-4157-9343-d08c7b406496,AP,2022-06-16T20:57:09.795Z,MOBILE,Android
a57a071f-6496-4818-a84e-21ec67cd39e8,HP,2022-07-15T00:55:47.795Z,MOBILE,Android
a57a071f-6496-4818-a84e-21ec67cd39e8,ATC,2022-07-15T06:09:01.795Z,MOBILE,Android
a57a071f-6496-4818-a84e-21ec67cd39e8,AP,2022-07-15T11:20:12.795Z,MOBILE,Android
a57a071f-6496-4818-a84e-21ec67cd39e8,HP,2022-07-15T11:13:27.795Z,MOBILE,Android
a57a071f-6496-4818-a84e-21ec67cd39e8,CL,2022-07-23T17:56:52.795Z,MOBILE,Android
a57a071f-6496-4818-a84e-21ec67cd39e8,VI,2022-07-15T16:25:22.795Z,MOBILE,Android
5b5587bb-e3da-42df-a1ce-22d68a65e0f4,HP,2023-10-12T19:18:47.027Z,MOBILE,Android
5b5587bb-e3da-42df-a1ce-22d68a65e0f4,ATC,2023-10-12T20:37:14.027Z,MOBILE,Android
5b5587bb-e3da-42df-a1ce-22d68a65e0f4,CL,2023-10-12T20:36:31.027Z,MOBILE,Android
5b5587bb-e3da-42df-a1ce-22d68a65e0f4,CL,2023-10-12T21:52:43.027Z,MOBILE,Android
5b5587bb-e3da-42df-a1ce-22d68a65e0f4,SER,2023-10-12T23:10:24.027Z,MOBILE,Android
5b5587bb-e3da-42df-a1ce-22d68a65e0f4,SER,2023-10-13T00:26:17.027Z,MOBILE,Android
5b5587bb-e3da-42df-a1ce-22d68a65e0f4,HP,2023-10-13T01:43:30.027Z,MOBILE,Android
5b5587bb-e3da-42df-a1ce-22d68a65e0f4,CL,2023-10-13T03:01:29.027Z,MOBILE,Android
5b5587bb-e3da-42df-a1ce-22d68a65e0f4,SCR,2023-10-13T04:19:13.027Z,MOBILE,Android
5b5587bb-e3da-42df-a1ce-22d68a65e0f4,SER,2023-10-13T05:38:34.027Z,MOBILE,Android
5b5587bb-e3da-42df-a1ce-22d68a65e0f4,SER,2023-10-13T06:54:41.027Z,MOBILE,Android
5b5587bb-e3da-42df-a1ce-22d68a65e0f4,CL,2023-10-13T08:10:27.027Z,MOBILE,Android
5b5587bb-e3da-42df-a1ce-22d68a65e0f4,SCR,2023-10-13T10:47:24.027Z,MOBILE,Android
5b5587bb-e3da-42df-a1ce-22d68a65e0f4,SCR,2023-10-13T12:05:30.027Z,MOBILE,Android
5b5587bb-e3da-42df-a1ce-22d68a65e0f4,VI,2023-10-13T09:29:42.027Z,MOBILE,Android
28c2854b-d1f5-48e2-8633-26c56d8a4a5a,HP,2023-12-30T20:16:41.027Z,MOBILE,Android
28c2854b-d1f5-48e2-8633-26c56d8a4a5a,ATC,2023-12-30T23:57:16.027Z,MOBILE,Android
28c2854b-d1f5-48e2-8633-26c56d8a4a5a,AP,2023-12-31T03:43:01.027Z,MOBILE,Android
28c2854b-d1f5-48e2-8633-26c56d8a4a5a,SCR,2023-12-31T03:46:20.027Z,MOBILE,Android
28c2854b-d1f5-48e2-8633-26c56d8a4a5a,CL,2023-12-31T07:29:06.027Z,MOBILE,Android
28c2854b-d1f5-48e2-8633-26c56d8a4a5a,SER,2023-12-31T15:00:17.027Z,MOBILE,Android
28c2854b-d1f5-48e2-8633-26c56d8a4a5a,SCR,2023-12-31T18:40:59.027Z,MOBILE,Android
28c2854b-d1f5-48e2-8633-26c56d8a4a5a,SER,2023-12-31T22:23:19.027Z,MOBILE,Android
28c2854b-d1f5-48e2-8633-26c56d8a4a5a,VI,2023-12-31T00:03:43.027Z,MOBILE,Android
a7c3795e-f57f-41f0-90ca-401e5f428dc6,HP,2021-07-27T15:51:54.838Z,MOBILE,Android
a7c3795e-f57f-41f0-90ca-401e5f428dc6,ATC,2021-07-29T03:52:55.838Z,MOBILE,Android
a7c3795e-f57f-41f0-90ca-401e5f428dc6,AP,2021-07-30T15:51:02.838Z,MOBILE,Android
a7c3795e-f57f-41f0-90ca-401e5f428dc6,ATC,2021-07-29T03:47:48.838Z,MOBILE,Android
a7c3795e-f57f-41f0-90ca-401e5f428dc6,CL,2021-07-30T15:58:50.838Z,MOBILE,Android
a7c3795e-f57f-41f0-90ca-401e5f428dc6,HP,2021-08-01T03:58:54.838Z,MOBILE,Android
a7c3795e-f57f-41f0-90ca-401e5f428dc6,CL,2021-08-04T04:09:30.838Z,MOBILE,Android
a7c3795e-f57f-41f0-90ca-401e5f428dc6,ATC,2021-08-05T16:09:50.838Z,MOBILE,Android
a7c3795e-f57f-41f0-90ca-401e5f428dc6,SCR,2021-08-07T04:23:51.838Z,MOBILE,Android
4a231c56-a382-45d2-87a7-d499f262792e,HP,2023-12-27T00:39:12.227Z,MOBILE,Android
4a231c56-a382-45d2-87a7-d499f262792e,ATC,2023-12-27T03:36:07.227Z,MOBILE,Android
4a231c56-a382-45d2-87a7-d499f262792e,SCR,2023-12-27T03:33:54.227Z,MOBILE,Android
4a231c56-a382-45d2-87a7-d499f262792e,SER,2023-12-27T06:29:33.227Z,MOBILE,Android
4a231c56-a382-45d2-87a7-d499f262792e,SCR,2023-12-27T15:20:52.227Z,MOBILE,Android
4a231c56-a382-45d2-87a7-d499f262792e,CL,2023-12-27T18:14:24.227Z,MOBILE,Android
4a231c56-a382-45d2-87a7-d499f262792e,SCR,2023-12-28T03:04:40.227Z,MOBILE,Android
4a231c56-a382-45d2-87a7-d499f262792e,HP,2023-12-28T05:56:59.227Z,MOBILE,Android
4a231c56-a382-45d2-87a7-d499f262792e,HP,2023-12-28T14:42:45.227Z,MOBILE,Android
4a231c56-a382-45d2-87a7-d499f262792e,SCR,2023-12-28T17:34:53.227Z,MOBILE,Android
4a231c56-a382-45d2-87a7-d499f262792e,SCR,2023-12-28T20:29:16.227Z,MOBILE,Android
4a231c56-a382-45d2-87a7-d499f262792e,CL,2023-12-28T23:25:02.227Z,MOBILE,Android
4a231c56-a382-45d2-87a7-d499f262792e,SCR,2023-12-29T02:23:16.227Z,MOBILE,Android
4a231c56-a382-45d2-87a7-d499f262792e,VI,2023-12-27T09:28:00.227Z,MOBILE,Android
4a231c56-a382-45d2-87a7-d499f262792e,VI,2023-12-28T00:08:42.227Z,MOBILE,Android
4a231c56-a382-45d2-87a7-d499f262792e,VI,2023-12-28T08:51:56.227Z,MOBILE,Android
4a231c56-a382-45d2-87a7-d499f262792e,VI,2023-12-28T11:50:05.227Z,MOBILE,Android
4a231c56-a382-45d2-87a7-d499f262792e,VI,2023-12-31T22:16:04.227Z,MOBILE,Android
e914cd66-9b47-4a78-a5b2-0ca62b7938b0,SCR,2021-06-05T02:52:36.794Z,MOBILE,Android
e914cd66-9b47-4a78-a5b2-0ca62b7938b0,HP,2021-05-29T04:03:43.794Z,MOBILE,Android
e914cd66-9b47-4a78-a5b2-0ca62b7938b0,ATC,2021-05-29T10:59:59.794Z,MOBILE,Android
e914cd66-9b47-4a78-a5b2-0ca62b7938b0,AP,2021-05-29T18:02:24.794Z,MOBILE,Android
e914cd66-9b47-4a78-a5b2-0ca62b7938b0,HP,2021-05-29T17:47:53.794Z,MOBILE,Android
e914cd66-9b47-4a78-a5b2-0ca62b7938b0,SCR,2021-05-30T00:44:31.794Z,MOBILE,Android
e914cd66-9b47-4a78-a5b2-0ca62b7938b0,VI,2021-05-30T07:41:49.794Z,MOBILE,Android
e914cd66-9b47-4a78-a5b2-0ca62b7938b0,ATC,2021-05-30T14:41:16.794Z,MOBILE,Android
e914cd66-9b47-4a78-a5b2-0ca62b7938b0,ATC,2021-05-30T21:38:57.794Z,MOBILE,Android
e914cd66-9b47-4a78-a5b2-0ca62b7938b0,HP,2021-05-31T04:35:15.794Z,MOBILE,Android
e914cd66-9b47-4a78-a5b2-0ca62b7938b0,ATC,2021-05-31T11:33:11.794Z,MOBILE,Android
e914cd66-9b47-4a78-a5b2-0ca62b7938b0,HP,2021-06-01T01:26:27.794Z,MOBILE,Android
e914cd66-9b47-4a78-a5b2-0ca62b7938b0,SCR,2021-06-01T08:20:40.794Z,MOBILE,Android
e914cd66-9b47-4a78-a5b2-0ca62b7938b0,CL,2021-06-01T15:19:11.794Z,MOBILE,Android
e914cd66-9b47-4a78-a5b2-0ca62b7938b0,SER,2021-06-01T22:20:43.794Z,MOBILE,Android
e914cd66-9b47-4a78-a5b2-0ca62b7938b0,CL,2021-06-02T05:21:04.794Z,MOBILE,Android
e914cd66-9b47-4a78-a5b2-0ca62b7938b0,CL,2021-06-02T19:18:54.794Z,MOBILE,Android
e914cd66-9b47-4a78-a5b2-0ca62b7938b0,SCR,2021-06-03T02:16:17.794Z,MOBILE,Android
e914cd66-9b47-4a78-a5b2-0ca62b7938b0,SCR,2021-06-03T09:10:19.794Z,MOBILE,Android
e914cd66-9b47-4a78-a5b2-0ca62b7938b0,CL,2021-06-03T16:05:04.794Z,MOBILE,Android
e914cd66-9b47-4a78-a5b2-0ca62b7938b0,SCR,2021-06-03T22:57:54.794Z,MOBILE,Android
e914cd66-9b47-4a78-a5b2-0ca62b7938b0,CL,2021-06-04T05:57:55.794Z,MOBILE,Android
e914cd66-9b47-4a78-a5b2-0ca62b7938b0,CL,2021-06-04T19:53:46.794Z,MOBILE,Android
1bc11d37-0986-418a-8bd3-0eb0e5d4f130,HP,2022-10-17T14:14:44.794Z,WEB,Android
1bc11d37-0986-418a-8bd3-0eb0e5d4f130,ATC,2022-10-17T15:29:15.794Z,WEB,Android
1bc11d37-0986-418a-8bd3-0eb0e5d4f130,AP,2022-10-17T16:46:17.794Z,WEB,Android
1bc11d37-0986-418a-8bd3-0eb0e5d4f130,SER,2022-10-17T16:45:18.794Z,WEB,Android
1bc11d37-0986-418a-8bd3-0eb0e5d4f130,HP,2022-10-17T19:13:27.794Z,WEB,Android
1bc11d37-0986-418a-8bd3-0eb0e5d4f130,VP,2022-10-17T15:28:50.794Z,WEB,Android
aeafeb87-c18e-4fb0-bcd6-090ffa080f8d,HP,2023-11-10T07:34:59.794Z,MOBILE,Android
aeafeb87-c18e-4fb0-bcd6-090ffa080f8d,ATC,2023-11-10T19:54:02.794Z,MOBILE,Android
aeafeb87-c18e-4fb0-bcd6-090ffa080f8d,ATC,2023-11-10T19:57:35.794Z,MOBILE,Android
aeafeb87-c18e-4fb0-bcd6-090ffa080f8d,SCR,2023-11-12T08:47:16.794Z,MOBILE,Android
aeafeb87-c18e-4fb0-bcd6-090ffa080f8d,SER,2023-11-12T21:01:25.794Z,MOBILE,Android
aeafeb87-c18e-4fb0-bcd6-090ffa080f8d,CL,2023-11-13T09:17:49.794Z,MOBILE,Android
aeafeb87-c18e-4fb0-bcd6-090ffa080f8d,CL,2023-11-13T21:32:24.794Z,MOBILE,Android
aeafeb87-c18e-4fb0-bcd6-090ffa080f8d,CL,2023-11-14T09:44:27.794Z,MOBILE,Android
aeafeb87-c18e-4fb0-bcd6-090ffa080f8d,CL,2023-11-14T21:59:27.794Z,MOBILE,Android
aeafeb87-c18e-4fb0-bcd6-090ffa080f8d,CL,2023-11-15T10:22:05.794Z,MOBILE,Android
aeafeb87-c18e-4fb0-bcd6-090ffa080f8d,CL,2023-11-15T22:37:09.794Z,MOBILE,Android
aeafeb87-c18e-4fb0-bcd6-090ffa080f8d,SCR,2023-11-16T10:59:05.794Z,MOBILE,Android
aeafeb87-c18e-4fb0-bcd6-090ffa080f8d,HP,2023-11-16T23:18:29.794Z,MOBILE,Android
aeafeb87-c18e-4fb0-bcd6-090ffa080f8d,ATC,2023-11-17T11:42:20.794Z,MOBILE,Android
aeafeb87-c18e-4fb0-bcd6-090ffa080f8d,ATC,2023-11-17T23:53:13.794Z,MOBILE,Android
aeafeb87-c18e-4fb0-bcd6-090ffa080f8d,SCR,2023-11-18T12:06:33.794Z,MOBILE,Android
aeafeb87-c18e-4fb0-bcd6-090ffa080f8d,CL,2023-11-19T00:19:22.794Z,MOBILE,Android
aeafeb87-c18e-4fb0-bcd6-090ffa080f8d,CL,2023-11-19T12:40:22.794Z,MOBILE,Android
aeafeb87-c18e-4fb0-bcd6-090ffa080f8d,SER,2023-11-20T00:54:42.794Z,MOBILE,Android
aeafeb87-c18e-4fb0-bcd6-090ffa080f8d,CL,2023-11-20T13:13:38.794Z,MOBILE,Android
aeafeb87-c18e-4fb0-bcd6-090ffa080f8d,CL,2023-11-21T01:29:58.794Z,MOBILE,Android
a3560c2c-4fe1-4bdf-b96e-c47c1994cab9,VI,2022-04-28T15:49:20.601Z,MOBILE,iOS
d02d28da-79e7-470b-ac5c-c9fc037bf273,HP,2022-04-09T22:58:13.601Z,MOBILE,iOS
d02d28da-79e7-470b-ac5c-c9fc037bf273,ATC,2022-04-10T03:01:08.601Z,MOBILE,iOS
d02d28da-79e7-470b-ac5c-c9fc037bf273,AP,2022-04-10T07:04:42.601Z,MOBILE,iOS
d02d28da-79e7-470b-ac5c-c9fc037bf273,SCR,2022-04-10T02:58:25.601Z,MOBILE,iOS
d02d28da-79e7-470b-ac5c-c9fc037bf273,HP,2022-04-10T07:02:59.601Z,MOBILE,iOS
d02d28da-79e7-470b-ac5c-c9fc037bf273,CL,2022-04-10T11:03:04.601Z,MOBILE,iOS
d02d28da-79e7-470b-ac5c-c9fc037bf273,HP,2022-04-10T15:01:03.601Z,MOBILE,iOS
d02d28da-79e7-470b-ac5c-c9fc037bf273,SCR,2022-04-10T19:04:49.601Z,MOBILE,iOS
d02d28da-79e7-470b-ac5c-c9fc037bf273,SER,2022-04-10T23:02:11.601Z,MOBILE,iOS
d02d28da-79e7-470b-ac5c-c9fc037bf273,CL,2022-04-11T03:02:49.601Z,MOBILE,iOS
d02d28da-79e7-470b-ac5c-c9fc037bf273,SER,2022-04-11T07:05:17.601Z,MOBILE,iOS
d02d28da-79e7-470b-ac5c-c9fc037bf273,CL,2022-04-11T11:05:26.601Z,MOBILE,iOS
a3560c2c-4fe1-4bdf-b96e-c47c1994cab9,HP,2022-04-26T21:04:31.601Z,MOBILE,iOS
a3560c2c-4fe1-4bdf-b96e-c47c1994cab9,ATC,2022-04-27T07:42:11.601Z,MOBILE,iOS
a3560c2c-4fe1-4bdf-b96e-c47c1994cab9,SCR,2022-04-27T18:27:13.601Z,MOBILE,iOS
a3560c2c-4fe1-4bdf-b96e-c47c1994cab9,HP,2022-04-28T05:06:36.601Z,MOBILE,iOS
a3560c2c-4fe1-4bdf-b96e-c47c1994cab9,HP,2022-04-29T13:13:32.601Z,MOBILE,iOS
a3560c2c-4fe1-4bdf-b96e-c47c1994cab9,CL,2022-04-30T10:36:23.601Z,MOBILE,iOS
a3560c2c-4fe1-4bdf-b96e-c47c1994cab9,CL,2022-04-30T21:13:00.601Z,MOBILE,iOS
a3560c2c-4fe1-4bdf-b96e-c47c1994cab9,SER,2022-05-01T07:55:21.601Z,MOBILE,iOS
a3560c2c-4fe1-4bdf-b96e-c47c1994cab9,HP,2022-05-01T18:38:29.601Z,MOBILE,iOS
a3560c2c-4fe1-4bdf-b96e-c47c1994cab9,SER,2022-05-02T05:17:40.601Z,MOBILE,iOS
a3560c2c-4fe1-4bdf-b96e-c47c1994cab9,SCR,2022-05-03T02:39:11.601Z,MOBILE,iOS
a3560c2c-4fe1-4bdf-b96e-c47c1994cab9,CL,2022-05-03T13:15:20.601Z,MOBILE,iOS
a3560c2c-4fe1-4bdf-b96e-c47c1994cab9,CL,2022-05-04T10:40:26.601Z,MOBILE,iOS
a3560c2c-4fe1-4bdf-b96e-c47c1994cab9,CL,2022-05-04T21:24:05.601Z,MOBILE,iOS
a3560c2c-4fe1-4bdf-b96e-c47c1994cab9,CL,2022-05-05T08:06:11.601Z,MOBILE,iOS
a3560c2c-4fe1-4bdf-b96e-c47c1994cab9,CL,2022-05-05T18:52:49.601Z,MOBILE,iOS
a3560c2c-4fe1-4bdf-b96e-c47c1994cab9,SCR,2022-05-06T05:30:05.601Z,MOBILE,iOS
a3560c2c-4fe1-4bdf-b96e-c47c1994cab9,SER,2022-05-06T16:21:06.601Z,MOBILE,iOS
a3560c2c-4fe1-4bdf-b96e-c47c1994cab9,CL,2022-05-07T03:00:15.601Z,MOBILE,iOS
a3560c2c-4fe1-4bdf-b96e-c47c1994cab9,HP,2022-05-08T03:59:14.601Z,MOBILE,iOS
a3560c2c-4fe1-4bdf-b96e-c47c1994cab9,SCR,2022-05-08T07:58:12.601Z,MOBILE,iOS
a3560c2c-4fe1-4bdf-b96e-c47c1994cab9,SCR,2022-05-08T11:57:23.601Z,MOBILE,iOS
a3560c2c-4fe1-4bdf-b96e-c47c1994cab9,HP,2022-05-08T15:54:30.601Z,MOBILE,iOS
a3560c2c-4fe1-4bdf-b96e-c47c1994cab9,SER,2022-05-08T23:51:34.601Z,MOBILE,iOS
a3560c2c-4fe1-4bdf-b96e-c47c1994cab9,SER,2022-05-09T03:49:35.601Z,MOBILE,iOS
a3560c2c-4fe1-4bdf-b96e-c47c1994cab9,CL,2022-05-09T07:46:35.601Z,MOBILE,iOS
a3560c2c-4fe1-4bdf-b96e-c47c1994cab9,HP,2022-05-09T11:44:48.601Z,MOBILE,iOS
a3560c2c-4fe1-4bdf-b96e-c47c1994cab9,SCR,2022-05-09T15:42:39.601Z,MOBILE,iOS
a3560c2c-4fe1-4bdf-b96e-c47c1994cab9,HP,2022-05-09T19:39:12.601Z,MOBILE,iOS
a3560c2c-4fe1-4bdf-b96e-c47c1994cab9,SER,2022-05-10T03:36:21.601Z,MOBILE,iOS
a3560c2c-4fe1-4bdf-b96e-c47c1994cab9,SCR,2022-05-10T07:35:12.601Z,MOBILE,iOS
a3560c2c-4fe1-4bdf-b96e-c47c1994cab9,CL,2022-05-10T15:33:03.601Z,MOBILE,iOS
a3560c2c-4fe1-4bdf-b96e-c47c1994cab9,SCR,2022-05-10T19:32:53.601Z,MOBILE,iOS
a3560c2c-4fe1-4bdf-b96e-c47c1994cab9,HP,2022-05-11T03:30:51.601Z,MOBILE,iOS
a3560c2c-4fe1-4bdf-b96e-c47c1994cab9,HP,2022-05-11T07:29:13.601Z,MOBILE,iOS
a3560c2c-4fe1-4bdf-b96e-c47c1994cab9,CL,2022-05-11T11:27:14.601Z,MOBILE,iOS
a3560c2c-4fe1-4bdf-b96e-c47c1994cab9,VI,2022-04-27T07:46:09.601Z,MOBILE,iOS
ff24f653-7722-46cd-b2eb-f5d60e32b4f0,HP,2022-09-10T10:50:17.601Z,MOBILE,iOS
ff24f653-7722-46cd-b2eb-f5d60e32b4f0,ATC,2022-09-10T20:08:55.601Z,MOBILE,iOS
ff24f653-7722-46cd-b2eb-f5d60e32b4f0,AP,2022-09-11T05:28:57.601Z,MOBILE,iOS
ff24f653-7722-46cd-b2eb-f5d60e32b4f0,CL,2022-09-10T20:10:00.601Z,MOBILE,iOS
ff24f653-7722-46cd-b2eb-f5d60e32b4f0,CL,2022-09-11T14:58:36.601Z,MOBILE,iOS
ff24f653-7722-46cd-b2eb-f5d60e32b4f0,CL,2022-09-12T00:20:52.601Z,MOBILE,iOS
ff24f653-7722-46cd-b2eb-f5d60e32b4f0,CL,2022-09-12T09:43:19.601Z,MOBILE,iOS
ff24f653-7722-46cd-b2eb-f5d60e32b4f0,SER,2022-09-12T19:00:32.601Z,MOBILE,iOS
ff24f653-7722-46cd-b2eb-f5d60e32b4f0,SCR,2022-09-13T04:22:11.601Z,MOBILE,iOS
ff24f653-7722-46cd-b2eb-f5d60e32b4f0,SER,2022-09-13T23:02:21.601Z,MOBILE,iOS
ff24f653-7722-46cd-b2eb-f5d60e32b4f0,HP,2022-09-15T10:39:09.601Z,MOBILE,iOS
ff24f653-7722-46cd-b2eb-f5d60e32b4f0,SCR,2022-09-16T01:47:26.601Z,MOBILE,iOS
ff24f653-7722-46cd-b2eb-f5d60e32b4f0,SCR,2022-09-16T09:28:53.601Z,MOBILE,iOS
aa94c6f9-d383-4c6b-a62d-1121900dee38,HP,2022-10-08T08:49:13.601Z,MOBILE,iOS
aa94c6f9-d383-4c6b-a62d-1121900dee38,ATC,2022-10-08T17:12:36.601Z,MOBILE,iOS
aa94c6f9-d383-4c6b-a62d-1121900dee38,HP,2022-10-08T17:15:58.601Z,MOBILE,iOS
aa94c6f9-d383-4c6b-a62d-1121900dee38,SER,2022-10-09T01:42:04.601Z,MOBILE,iOS
aa94c6f9-d383-4c6b-a62d-1121900dee38,CL,2022-10-09T10:02:46.601Z,MOBILE,iOS
aa94c6f9-d383-4c6b-a62d-1121900dee38,SCR,2022-10-09T18:26:02.601Z,MOBILE,iOS
aa94c6f9-d383-4c6b-a62d-1121900dee38,SCR,2022-10-10T02:52:22.601Z,MOBILE,iOS
ff24f653-7722-46cd-b2eb-f5d60e32b4f0,VI,2022-09-11T05:36:08.601Z,MOBILE,iOS
ff24f653-7722-46cd-b2eb-f5d60e32b4f0,VI,2022-09-15T18:16:09.601Z,MOBILE,iOS
ede71d89-b2fa-4992-b0e8-5793fbffca71,HP,2023-10-10T05:16:55.601Z,MOBILE,iOS
ede71d89-b2fa-4992-b0e8-5793fbffca71,ATC,2023-10-10T06:08:27.601Z,MOBILE,iOS
ede71d89-b2fa-4992-b0e8-5793fbffca71,AP,2023-10-10T07:03:20.601Z,MOBILE,iOS
ede71d89-b2fa-4992-b0e8-5793fbffca71,CL,2023-10-10T06:09:10.601Z,MOBILE,iOS
ede71d89-b2fa-4992-b0e8-5793fbffca71,CL,2023-10-10T07:01:22.601Z,MOBILE,iOS
ede71d89-b2fa-4992-b0e8-5793fbffca71,CL,2023-10-10T07:52:59.601Z,MOBILE,iOS
ede71d89-b2fa-4992-b0e8-5793fbffca71,HP,2023-10-10T08:44:07.601Z,MOBILE,iOS
ede71d89-b2fa-4992-b0e8-5793fbffca71,CL,2023-10-10T09:36:07.601Z,MOBILE,iOS
df50ce0f-d442-4941-8ef0-a5ea32aa7d44,HP,2023-11-21T12:14:22.601Z,MOBILE,iOS
df50ce0f-d442-4941-8ef0-a5ea32aa7d44,ATC,2023-11-22T09:59:47.601Z,MOBILE,iOS
df50ce0f-d442-4941-8ef0-a5ea32aa7d44,SER,2023-11-22T10:05:43.601Z,MOBILE,iOS
df50ce0f-d442-4941-8ef0-a5ea32aa7d44,CL,2023-11-23T08:05:16.601Z,MOBILE,iOS
df50ce0f-d442-4941-8ef0-a5ea32aa7d44,HP,2023-11-24T05:54:00.601Z,MOBILE,iOS
df50ce0f-d442-4941-8ef0-a5ea32aa7d44,SER,2023-11-25T03:43:55.601Z,MOBILE,iOS
df50ce0f-d442-4941-8ef0-a5ea32aa7d44,SCR,2023-11-26T01:38:42.601Z,MOBILE,iOS
df50ce0f-d442-4941-8ef0-a5ea32aa7d44,CL,2023-11-26T23:27:27.601Z,MOBILE,iOS
df50ce0f-d442-4941-8ef0-a5ea32aa7d44,CL,2023-11-27T21:17:27.601Z,MOBILE,iOS
df50ce0f-d442-4941-8ef0-a5ea32aa7d44,SCR,2023-11-28T19:08:46.601Z,MOBILE,iOS
df50ce0f-d442-4941-8ef0-a5ea32aa7d44,SCR,2023-11-29T17:01:57.601Z,MOBILE,iOS
f4896046-02c0-474c-8768-4d602adc16d6,ATC,2020-04-22T11:55:33.718Z,MOBILE,Android
f4896046-02c0-474c-8768-4d602adc16d6,ATC,2020-04-22T11:56:20.718Z,MOBILE,Android
f4896046-02c0-474c-8768-4d602adc16d6,CL,2020-04-22T12:08:41.718Z,MOBILE,Android
8f678c0c-6b1d-467b-b292-9688fadd8148,HP,2023-10-15T00:30:39.128Z,MOBILE,Android
8f678c0c-6b1d-467b-b292-9688fadd8148,ATC,2023-11-11T02:18:26.128Z,MOBILE,Android
5f232b2d-66a1-4468-9674-936efe1c33de,HP,2023-08-04T05:13:57.491Z,MOBILE,Android
5f232b2d-66a1-4468-9674-936efe1c33de,ATC,2023-08-06T22:14:26.491Z,MOBILE,Android
5f232b2d-66a1-4468-9674-936efe1c33de,CL,2023-08-06T21:53:31.491Z,MOBILE,Android
8f678c0c-6b1d-467b-b292-9688fadd8148,VI,2023-11-11T01:25:44.128Z,MOBILE,Android
94c047de-d7fb-4d01-8d85-2039ca348a9d,HP,2022-07-07T01:26:06.122Z,MOBILE,Android
94c047de-d7fb-4d01-8d85-2039ca348a9d,ATC,2022-07-07T01:26:13.122Z,MOBILE,Android
94c047de-d7fb-4d01-8d85-2039ca348a9d,ATC,2022-07-07T01:26:19.122Z,MOBILE,Android
94c047de-d7fb-4d01-8d85-2039ca348a9d,ATC,2022-07-07T01:26:26.122Z,MOBILE,Android
94c047de-d7fb-4d01-8d85-2039ca348a9d,CL,2022-07-07T01:26:09.122Z,MOBILE,Android
94c047de-d7fb-4d01-8d85-2039ca348a9d,CL,2022-07-07T01:26:13.122Z,MOBILE,Android
94c047de-d7fb-4d01-8d85-2039ca348a9d,CL,2022-07-07T01:26:18.122Z,MOBILE,Android
94c047de-d7fb-4d01-8d85-2039ca348a9d,SCR,2022-07-07T01:26:20.122Z,MOBILE,Android
94c047de-d7fb-4d01-8d85-2039ca348a9d,CL,2022-07-07T01:26:25.122Z,MOBILE,Android
94c047de-d7fb-4d01-8d85-2039ca348a9d,SER,2022-07-07T01:26:31.122Z,MOBILE,Android
94c047de-d7fb-4d01-8d85-2039ca348a9d,HP,2022-07-07T01:26:38.122Z,MOBILE,Android
94c047de-d7fb-4d01-8d85-2039ca348a9d,SCR,2022-07-07T01:26:42.122Z,MOBILE,Android
94c047de-d7fb-4d01-8d85-2039ca348a9d,CL,2022-07-07T01:26:46.122Z,MOBILE,Android
94c047de-d7fb-4d01-8d85-2039ca348a9d,CL,2022-07-07T01:26:51.122Z,MOBILE,Android
94c047de-d7fb-4d01-8d85-2039ca348a9d,HP,2022-07-07T01:26:58.122Z,MOBILE,Android
94c047de-d7fb-4d01-8d85-2039ca348a9d,CL,2022-07-07T01:27:04.122Z,MOBILE,Android
94c047de-d7fb-4d01-8d85-2039ca348a9d,SER,2022-07-07T01:27:10.122Z,MOBILE,Android
94c047de-d7fb-4d01-8d85-2039ca348a9d,SCR,2022-07-07T01:27:18.122Z,MOBILE,Android
94c047de-d7fb-4d01-8d85-2039ca348a9d,HP,2022-07-07T01:27:26.122Z,MOBILE,Android
94c047de-d7fb-4d01-8d85-2039ca348a9d,SER,2022-07-07T01:27:31.122Z,MOBILE,Android
94c047de-d7fb-4d01-8d85-2039ca348a9d,CL,2022-07-07T01:27:35.122Z,MOBILE,Android
94c047de-d7fb-4d01-8d85-2039ca348a9d,CL,2022-07-07T01:27:41.122Z,MOBILE,Android
94c047de-d7fb-4d01-8d85-2039ca348a9d,CL,2022-07-07T01:27:44.122Z,MOBILE,Android
94c047de-d7fb-4d01-8d85-2039ca348a9d,HP,2022-07-07T01:27:50.122Z,MOBILE,Android
94c047de-d7fb-4d01-8d85-2039ca348a9d,SCR,2022-07-07T01:27:55.122Z,MOBILE,Android
94c047de-d7fb-4d01-8d85-2039ca348a9d,SCR,2022-07-07T01:28:00.122Z,MOBILE,Android
94c047de-d7fb-4d01-8d85-2039ca348a9d,CL,2022-07-07T01:28:04.122Z,MOBILE,Android
94c047de-d7fb-4d01-8d85-2039ca348a9d,SER,2022-07-07T01:28:12.122Z,MOBILE,Android
94c047de-d7fb-4d01-8d85-2039ca348a9d,CL,2022-07-07T01:28:20.122Z,MOBILE,Android
94c047de-d7fb-4d01-8d85-2039ca348a9d,SCR,2022-07-07T01:28:24.122Z,MOBILE,Android
d4ec3722-a16b-43ef-b7c6-1699ebf679c1,HP,2022-12-12T19:57:36.591Z,MOBILE,Android
d4ec3722-a16b-43ef-b7c6-1699ebf679c1,ATC,2022-12-13T22:11:38.591Z,MOBILE,Android
d4ec3722-a16b-43ef-b7c6-1699ebf679c1,SCR,2022-12-13T22:06:21.591Z,MOBILE,Android
d4ec3722-a16b-43ef-b7c6-1699ebf679c1,HP,2022-12-17T17:25:55.591Z,MOBILE,Android
d4ec3722-a16b-43ef-b7c6-1699ebf679c1,SCR,2022-12-19T08:20:48.591Z,MOBILE,Android
d4ec3722-a16b-43ef-b7c6-1699ebf679c1,SER,2022-12-20T23:14:12.591Z,MOBILE,Android
d4ec3722-a16b-43ef-b7c6-1699ebf679c1,SCR,2022-12-22T14:16:54.591Z,MOBILE,Android
d4ec3722-a16b-43ef-b7c6-1699ebf679c1,CL,2022-12-25T20:28:44.591Z,MOBILE,Android
d4ec3722-a16b-43ef-b7c6-1699ebf679c1,SER,2022-12-29T02:40:27.591Z,MOBILE,Android
d4ec3722-a16b-43ef-b7c6-1699ebf679c1,HP,2023-01-01T08:32:14.591Z,MOBILE,Android
d4ec3722-a16b-43ef-b7c6-1699ebf679c1,VI,2022-12-24T05:24:02.591Z,MOBILE,Android
d4ec3722-a16b-43ef-b7c6-1699ebf679c1,VI,2022-12-30T17:34:16.591Z,MOBILE,Android
ed39dd98-6c83-4b72-a08c-6d4252cfbbe3,HP,2023-06-23T22:32:58.591Z,MOBILE,Android
ed39dd98-6c83-4b72-a08c-6d4252cfbbe3,ATC,2023-06-24T15:02:08.591Z,MOBILE,Android
ed39dd98-6c83-4b72-a08c-6d4252cfbbe3,CL,2023-06-24T14:58:57.591Z,MOBILE,Android
ed39dd98-6c83-4b72-a08c-6d4252cfbbe3,SER,2023-06-25T07:17:25.591Z,MOBILE,Android
ed39dd98-6c83-4b72-a08c-6d4252cfbbe3,SCR,2023-06-25T23:44:52.591Z,MOBILE,Android
ed39dd98-6c83-4b72-a08c-6d4252cfbbe3,HP,2023-06-26T16:21:54.591Z,MOBILE,Android
ed39dd98-6c83-4b72-a08c-6d4252cfbbe3,SCR,2023-06-27T08:49:12.591Z,MOBILE,Android
ed39dd98-6c83-4b72-a08c-6d4252cfbbe3,SCR,2023-06-29T10:07:33.591Z,MOBILE,Android
ed39dd98-6c83-4b72-a08c-6d4252cfbbe3,CL,2023-06-30T19:15:06.591Z,MOBILE,Android
ed39dd98-6c83-4b72-a08c-6d4252cfbbe3,CL,2023-07-04T00:24:20.591Z,MOBILE,Android
ed39dd98-6c83-4b72-a08c-6d4252cfbbe3,HP,2023-07-05T20:19:43.591Z,MOBILE,Android
ed39dd98-6c83-4b72-a08c-6d4252cfbbe3,VI,2023-06-28T01:17:57.591Z,MOBILE,Android
ed39dd98-6c83-4b72-a08c-6d4252cfbbe3,VI,2023-06-28T17:45:31.591Z,MOBILE,Android
02d41ec6-c7ee-42ce-8f92-587cfb3aec0a,HP,2023-12-25T01:23:24.591Z,MOBILE,Android
02d41ec6-c7ee-42ce-8f92-587cfb3aec0a,ATC,2023-12-26T02:24:02.591Z,MOBILE,Android
02d41ec6-c7ee-42ce-8f92-587cfb3aec0a,CL,2023-12-27T03:16:08.591Z,MOBILE,Android
a3871aaf-8c27-4cc1-b08b-7c5498eb9b1c,HP,2023-01-26T01:26:57.774Z,MOBILE,iOS
a3871aaf-8c27-4cc1-b08b-7c5498eb9b1c,ATC,2023-01-27T12:05:35.774Z,MOBILE,iOS
a3871aaf-8c27-4cc1-b08b-7c5498eb9b1c,CL,2023-01-27T12:05:30.774Z,MOBILE,iOS
a3871aaf-8c27-4cc1-b08b-7c5498eb9b1c,SER,2023-01-28T22:39:59.774Z,MOBILE,iOS
7dc9e349-dc1d-49df-afa2-43579e48e3d6,HP,2022-10-20T12:42:33.022Z,MOBILE,Android
7dc9e349-dc1d-49df-afa2-43579e48e3d6,ATC,2022-10-28T13:12:35.022Z,MOBILE,Android
7dc9e349-dc1d-49df-afa2-43579e48e3d6,ATC,2022-11-05T13:40:49.022Z,MOBILE,Android
7dc9e349-dc1d-49df-afa2-43579e48e3d6,CL,2022-11-13T13:48:49.022Z,MOBILE,Android
7dc9e349-dc1d-49df-afa2-43579e48e3d6,CL,2022-11-21T14:20:44.022Z,MOBILE,Android
7dc9e349-dc1d-49df-afa2-43579e48e3d6,VI,2022-10-28T13:18:56.022Z,MOBILE,Android
e8bda412-fa5a-48a2-9776-3a7b48614b83,HP,2022-06-26T23:44:04.144Z,MOBILE,Android
e8bda412-fa5a-48a2-9776-3a7b48614b83,ATC,2022-06-27T02:18:10.144Z,MOBILE,Android
e8bda412-fa5a-48a2-9776-3a7b48614b83,AP,2022-06-27T04:50:34.144Z,MOBILE,Android
e8bda412-fa5a-48a2-9776-3a7b48614b83,SCR,2022-06-27T02:14:44.144Z,MOBILE,Android
e8bda412-fa5a-48a2-9776-3a7b48614b83,CL,2022-06-27T04:49:20.144Z,MOBILE,Android
4b682bc9-7d55-43bc-b6f3-4e25e019efb5,VI,2022-07-17T05:59:06.144Z,MOBILE,Android
e8bda412-fa5a-48a2-9776-3a7b48614b83,CL,2022-06-27T07:22:08.144Z,MOBILE,Android
e8bda412-fa5a-48a2-9776-3a7b48614b83,SCR,2022-06-27T09:58:37.144Z,MOBILE,Android
e8bda412-fa5a-48a2-9776-3a7b48614b83,CL,2022-06-27T12:31:46.144Z,MOBILE,Android
e8bda412-fa5a-48a2-9776-3a7b48614b83,CL,2022-06-27T15:04:34.144Z,MOBILE,Android
e8bda412-fa5a-48a2-9776-3a7b48614b83,SER,2022-06-27T17:36:38.144Z,MOBILE,Android
e8bda412-fa5a-48a2-9776-3a7b48614b83,HP,2022-06-27T20:11:10.144Z,MOBILE,Android
e8bda412-fa5a-48a2-9776-3a7b48614b83,SER,2022-06-27T22:45:30.144Z,MOBILE,Android
e8bda412-fa5a-48a2-9776-3a7b48614b83,HP,2022-06-28T01:18:12.144Z,MOBILE,Android
e8bda412-fa5a-48a2-9776-3a7b48614b83,HP,2022-06-28T03:52:07.144Z,MOBILE,Android
e8bda412-fa5a-48a2-9776-3a7b48614b83,SER,2022-06-28T06:27:45.144Z,MOBILE,Android
e8bda412-fa5a-48a2-9776-3a7b48614b83,SER,2022-06-28T09:00:24.144Z,MOBILE,Android
e8bda412-fa5a-48a2-9776-3a7b48614b83,HP,2022-06-28T14:05:43.144Z,MOBILE,Android
e8bda412-fa5a-48a2-9776-3a7b48614b83,CL,2022-06-28T16:37:25.144Z,MOBILE,Android
e8bda412-fa5a-48a2-9776-3a7b48614b83,HP,2022-06-29T12:36:09.144Z,MOBILE,Android
e8bda412-fa5a-48a2-9776-3a7b48614b83,SCR,2022-06-30T00:48:47.144Z,MOBILE,Android
e8bda412-fa5a-48a2-9776-3a7b48614b83,HP,2022-06-30T13:06:37.144Z,MOBILE,Android
e8bda412-fa5a-48a2-9776-3a7b48614b83,SCR,2022-07-01T01:23:47.144Z,MOBILE,Android
e8bda412-fa5a-48a2-9776-3a7b48614b83,HP,2022-07-01T13:38:29.144Z,MOBILE,Android
e8bda412-fa5a-48a2-9776-3a7b48614b83,HP,2022-07-02T01:57:20.144Z,MOBILE,Android
e8bda412-fa5a-48a2-9776-3a7b48614b83,HP,2022-07-02T14:09:56.144Z,MOBILE,Android
e8bda412-fa5a-48a2-9776-3a7b48614b83,SER,2022-07-03T02:24:09.144Z,MOBILE,Android
e8bda412-fa5a-48a2-9776-3a7b48614b83,SER,2022-07-03T14:34:19.144Z,MOBILE,Android
e8bda412-fa5a-48a2-9776-3a7b48614b83,CL,2022-07-04T02:46:16.144Z,MOBILE,Android
e8bda412-fa5a-48a2-9776-3a7b48614b83,SCR,2022-07-04T15:04:01.144Z,MOBILE,Android
e8bda412-fa5a-48a2-9776-3a7b48614b83,SER,2022-07-05T03:16:19.144Z,MOBILE,Android
e8bda412-fa5a-48a2-9776-3a7b48614b83,HP,2022-07-06T16:10:48.144Z,MOBILE,Android
e8bda412-fa5a-48a2-9776-3a7b48614b83,HP,2022-07-07T04:34:18.144Z,MOBILE,Android
4b682bc9-7d55-43bc-b6f3-4e25e019efb5,HP,2022-07-16T21:44:12.144Z,MOBILE,Android
4b682bc9-7d55-43bc-b6f3-4e25e019efb5,ATC,2022-07-17T06:01:16.144Z,MOBILE,Android
4b682bc9-7d55-43bc-b6f3-4e25e019efb5,CL,2022-07-17T14:13:13.144Z,MOBILE,Android
4b682bc9-7d55-43bc-b6f3-4e25e019efb5,HP,2022-07-17T22:31:09.144Z,MOBILE,Android
4b682bc9-7d55-43bc-b6f3-4e25e019efb5,HP,2022-07-18T06:48:25.144Z,MOBILE,Android
4b682bc9-7d55-43bc-b6f3-4e25e019efb5,CL,2022-07-18T15:05:48.144Z,MOBILE,Android
4b682bc9-7d55-43bc-b6f3-4e25e019efb5,HP,2022-07-18T23:24:05.144Z,MOBILE,Android
4b682bc9-7d55-43bc-b6f3-4e25e019efb5,CL,2022-07-19T07:37:18.144Z,MOBILE,Android
e8bda412-fa5a-48a2-9776-3a7b48614b83,VI,2022-07-06T03:47:44.144Z,MOBILE,Android
f4b6f26b-cd15-4617-b717-fea55f7c6dde,HP,2022-11-22T17:40:11.144Z,MOBILE,Android
f4b6f26b-cd15-4617-b717-fea55f7c6dde,ATC,2022-11-22T19:15:46.144Z,MOBILE,Android
f4b6f26b-cd15-4617-b717-fea55f7c6dde,SER,2022-11-22T19:15:52.144Z,MOBILE,Android
f4b6f26b-cd15-4617-b717-fea55f7c6dde,CL,2022-11-22T20:51:46.144Z,MOBILE,Android
f4b6f26b-cd15-4617-b717-fea55f7c6dde,SER,2022-11-22T22:27:44.144Z,MOBILE,Android
f4b6f26b-cd15-4617-b717-fea55f7c6dde,SCR,2022-11-23T00:03:32.144Z,MOBILE,Android
879f9ffd-2e7e-47da-b7b2-ced70ba1dc67,HP,2022-12-29T02:38:45.144Z,MOBILE,Android
879f9ffd-2e7e-47da-b7b2-ced70ba1dc67,ATC,2022-12-29T08:43:52.144Z,MOBILE,Android
879f9ffd-2e7e-47da-b7b2-ced70ba1dc67,AP,2022-12-29T14:49:16.144Z,MOBILE,Android
879f9ffd-2e7e-47da-b7b2-ced70ba1dc67,SCR,2022-12-29T08:45:34.144Z,MOBILE,Android
879f9ffd-2e7e-47da-b7b2-ced70ba1dc67,SCR,2022-12-29T14:51:48.144Z,MOBILE,Android
879f9ffd-2e7e-47da-b7b2-ced70ba1dc67,HP,2022-12-29T20:54:42.144Z,MOBILE,Android
879f9ffd-2e7e-47da-b7b2-ced70ba1dc67,CL,2022-12-30T02:56:07.144Z,MOBILE,Android
879f9ffd-2e7e-47da-b7b2-ced70ba1dc67,CL,2022-12-30T08:58:09.144Z,MOBILE,Android
879f9ffd-2e7e-47da-b7b2-ced70ba1dc67,CL,2022-12-30T15:03:51.144Z,MOBILE,Android
879f9ffd-2e7e-47da-b7b2-ced70ba1dc67,SER,2022-12-30T21:04:21.144Z,MOBILE,Android
879f9ffd-2e7e-47da-b7b2-ced70ba1dc67,SER,2022-12-31T03:12:52.144Z,MOBILE,Android
879f9ffd-2e7e-47da-b7b2-ced70ba1dc67,SER,2022-12-31T21:23:13.144Z,MOBILE,Android
879f9ffd-2e7e-47da-b7b2-ced70ba1dc67,HP,2023-01-01T09:31:43.144Z,MOBILE,Android
879f9ffd-2e7e-47da-b7b2-ced70ba1dc67,SCR,2023-01-01T15:40:15.144Z,MOBILE,Android
879f9ffd-2e7e-47da-b7b2-ced70ba1dc67,SCR,2023-01-01T21:39:53.144Z,MOBILE,Android
879f9ffd-2e7e-47da-b7b2-ced70ba1dc67,HP,2023-01-02T15:47:04.144Z,MOBILE,Android
879f9ffd-2e7e-47da-b7b2-ced70ba1dc67,CL,2023-01-03T04:01:51.144Z,MOBILE,Android
879f9ffd-2e7e-47da-b7b2-ced70ba1dc67,SCR,2023-01-03T10:04:33.144Z,MOBILE,Android
ce5368ce-55f2-4314-ae8a-749757ecb3db,HP,2023-06-18T16:07:23.144Z,MOBILE,Android
ce5368ce-55f2-4314-ae8a-749757ecb3db,ATC,2023-06-18T18:20:43.144Z,MOBILE,Android
ce5368ce-55f2-4314-ae8a-749757ecb3db,ATC,2023-06-18T20:33:06.144Z,MOBILE,Android
ce5368ce-55f2-4314-ae8a-749757ecb3db,ATC,2023-06-18T22:44:53.144Z,MOBILE,Android
ce5368ce-55f2-4314-ae8a-749757ecb3db,ATC,2023-06-19T00:57:32.144Z,MOBILE,Android
ce5368ce-55f2-4314-ae8a-749757ecb3db,CL,2023-06-18T18:22:10.144Z,MOBILE,Android
ce5368ce-55f2-4314-ae8a-749757ecb3db,SER,2023-06-18T20:35:42.144Z,MOBILE,Android
ce5368ce-55f2-4314-ae8a-749757ecb3db,CL,2023-06-18T22:49:21.144Z,MOBILE,Android
ce5368ce-55f2-4314-ae8a-749757ecb3db,CL,2023-06-19T01:01:58.144Z,MOBILE,Android
ce5368ce-55f2-4314-ae8a-749757ecb3db,CL,2023-06-19T03:17:44.144Z,MOBILE,Android
879f9ffd-2e7e-47da-b7b2-ced70ba1dc67,VI,2022-12-31T09:18:41.144Z,MOBILE,Android
879f9ffd-2e7e-47da-b7b2-ced70ba1dc67,VI,2022-12-31T15:23:21.144Z,MOBILE,Android
879f9ffd-2e7e-47da-b7b2-ced70ba1dc67,VI,2023-01-01T03:26:31.144Z,MOBILE,Android
879f9ffd-2e7e-47da-b7b2-ced70ba1dc67,VI,2023-01-02T03:43:19.144Z,MOBILE,Android
ce5368ce-55f2-4314-ae8a-749757ecb3db,HP,2023-06-19T05:30:06.144Z,MOBILE,Android
ce5368ce-55f2-4314-ae8a-749757ecb3db,SER,2023-06-19T07:42:42.144Z,MOBILE,Android
ce5368ce-55f2-4314-ae8a-749757ecb3db,HP,2023-06-19T09:56:45.144Z,MOBILE,Android
ce5368ce-55f2-4314-ae8a-749757ecb3db,CL,2023-06-19T12:12:04.144Z,MOBILE,Android
ce5368ce-55f2-4314-ae8a-749757ecb3db,CL,2023-06-19T14:23:42.144Z,MOBILE,Android
ce5368ce-55f2-4314-ae8a-749757ecb3db,SER,2023-06-19T16:37:48.144Z,MOBILE,Android
ce5368ce-55f2-4314-ae8a-749757ecb3db,SER,2023-06-19T18:48:52.144Z,MOBILE,Android
ce5368ce-55f2-4314-ae8a-749757ecb3db,SCR,2023-06-19T23:16:49.144Z,MOBILE,Android
ce5368ce-55f2-4314-ae8a-749757ecb3db,CL,2023-06-20T03:44:14.144Z,MOBILE,Android
ce5368ce-55f2-4314-ae8a-749757ecb3db,SER,2023-06-20T08:14:06.144Z,MOBILE,Android
ce5368ce-55f2-4314-ae8a-749757ecb3db,CL,2023-06-20T10:26:33.144Z,MOBILE,Android
ce5368ce-55f2-4314-ae8a-749757ecb3db,CL,2023-06-20T17:07:55.144Z,MOBILE,Android
ce5368ce-55f2-4314-ae8a-749757ecb3db,SCR,2023-06-20T21:37:02.144Z,MOBILE,Android
ce5368ce-55f2-4314-ae8a-749757ecb3db,HP,2023-06-24T19:27:06.144Z,MOBILE,Android
ce5368ce-55f2-4314-ae8a-749757ecb3db,SER,2023-06-26T12:49:39.144Z,MOBILE,Android
ce5368ce-55f2-4314-ae8a-749757ecb3db,VI,2023-06-19T21:03:53.144Z,MOBILE,Android
ce5368ce-55f2-4314-ae8a-749757ecb3db,VI,2023-06-20T01:31:05.144Z,MOBILE,Android
ce5368ce-55f2-4314-ae8a-749757ecb3db,VI,2023-06-20T19:23:12.144Z,MOBILE,Android
09aeb613-32d0-42b5-be8f-ac7503af6cc4,HP,2023-11-13T03:06:12.144Z,WEB,Android
09aeb613-32d0-42b5-be8f-ac7503af6cc4,ATC,2023-11-13T12:19:46.144Z,WEB,Android
09aeb613-32d0-42b5-be8f-ac7503af6cc4,SCR,2023-11-13T12:26:40.144Z,WEB,Android
09aeb613-32d0-42b5-be8f-ac7503af6cc4,HP,2023-11-13T21:44:48.144Z,WEB,Android
09aeb613-32d0-42b5-be8f-ac7503af6cc4,HP,2023-11-14T07:04:25.144Z,WEB,Android
09aeb613-32d0-42b5-be8f-ac7503af6cc4,HP,2023-11-14T16:21:30.144Z,WEB,Android
9bd1ae68-7e35-4286-aea5-dc88a974ea25,HP,2021-07-31T11:25:09.276Z,MOBILE,Android
9bd1ae68-7e35-4286-aea5-dc88a974ea25,ATC,2021-08-03T03:17:27.276Z,MOBILE,Android
9bd1ae68-7e35-4286-aea5-dc88a974ea25,AP,2021-08-05T19:08:31.276Z,MOBILE,Android
9bd1ae68-7e35-4286-aea5-dc88a974ea25,SER,2021-08-03T03:32:54.276Z,MOBILE,Android
9bd1ae68-7e35-4286-aea5-dc88a974ea25,HP,2021-08-05T19:17:53.276Z,MOBILE,Android
9bd1ae68-7e35-4286-aea5-dc88a974ea25,VI,2021-08-08T11:17:58.276Z,MOBILE,Android
8d7a04ea-0a8d-475c-b420-3d068116f382,HP,2022-11-30T14:35:32.276Z,MOBILE,Android
0dca8c84-408a-41f5-bf0f-467493e9a4d8,HP,2022-10-13T22:07:25.276Z,WEB,Android
0dca8c84-408a-41f5-bf0f-467493e9a4d8,ATC,2022-10-14T08:03:48.276Z,WEB,Android
0dca8c84-408a-41f5-bf0f-467493e9a4d8,ATC,2022-10-14T18:07:23.276Z,WEB,Android
0dca8c84-408a-41f5-bf0f-467493e9a4d8,SCR,2022-10-14T08:10:49.276Z,WEB,Android
0dca8c84-408a-41f5-bf0f-467493e9a4d8,SER,2022-10-14T18:10:39.276Z,WEB,Android
0dca8c84-408a-41f5-bf0f-467493e9a4d8,HP,2022-10-15T04:12:28.276Z,WEB,Android
0dca8c84-408a-41f5-bf0f-467493e9a4d8,SCR,2022-10-15T14:09:41.276Z,WEB,Android
0dca8c84-408a-41f5-bf0f-467493e9a4d8,HP,2022-10-16T09:59:11.276Z,WEB,Android
0dca8c84-408a-41f5-bf0f-467493e9a4d8,SER,2022-10-16T19:54:46.276Z,WEB,Android
0dca8c84-408a-41f5-bf0f-467493e9a4d8,CL,2022-10-17T05:52:40.276Z,WEB,Android
0dca8c84-408a-41f5-bf0f-467493e9a4d8,CL,2022-10-17T15:48:06.276Z,WEB,Android
0dca8c84-408a-41f5-bf0f-467493e9a4d8,CL,2022-10-18T01:46:48.276Z,WEB,Android
0dca8c84-408a-41f5-bf0f-467493e9a4d8,SER,2022-10-18T11:44:56.276Z,WEB,Android
0dca8c84-408a-41f5-bf0f-467493e9a4d8,CL,2022-10-18T21:47:00.276Z,WEB,Android
0dca8c84-408a-41f5-bf0f-467493e9a4d8,HP,2022-10-19T07:45:21.276Z,WEB,Android
0dca8c84-408a-41f5-bf0f-467493e9a4d8,SCR,2022-10-20T03:35:23.276Z,WEB,Android
0dca8c84-408a-41f5-bf0f-467493e9a4d8,SCR,2022-10-20T13:35:20.276Z,WEB,Android
0dca8c84-408a-41f5-bf0f-467493e9a4d8,HP,2022-10-20T23:36:02.276Z,WEB,Android
0dca8c84-408a-41f5-bf0f-467493e9a4d8,SER,2022-10-21T09:36:50.276Z,WEB,Android
0dca8c84-408a-41f5-bf0f-467493e9a4d8,CL,2022-10-21T19:37:23.276Z,WEB,Android
0dca8c84-408a-41f5-bf0f-467493e9a4d8,HP,2022-10-22T05:38:40.276Z,WEB,Android
0dca8c84-408a-41f5-bf0f-467493e9a4d8,CL,2022-10-22T15:34:20.276Z,WEB,Android
0dca8c84-408a-41f5-bf0f-467493e9a4d8,SCR,2022-10-23T01:29:39.276Z,WEB,Android
0dca8c84-408a-41f5-bf0f-467493e9a4d8,SCR,2022-10-23T11:26:29.276Z,WEB,Android
0dca8c84-408a-41f5-bf0f-467493e9a4d8,CL,2022-10-23T21:21:43.276Z,WEB,Android
0dca8c84-408a-41f5-bf0f-467493e9a4d8,SER,2022-10-24T07:17:26.276Z,WEB,Android
0dca8c84-408a-41f5-bf0f-467493e9a4d8,SCR,2022-10-24T17:14:18.276Z,WEB,Android
0dca8c84-408a-41f5-bf0f-467493e9a4d8,CL,2022-10-25T03:12:50.276Z,WEB,Android
0dca8c84-408a-41f5-bf0f-467493e9a4d8,CL,2022-10-25T13:04:31.276Z,WEB,Android
0dca8c84-408a-41f5-bf0f-467493e9a4d8,SER,2022-10-25T23:09:14.276Z,WEB,Android
0dca8c84-408a-41f5-bf0f-467493e9a4d8,CL,2022-10-26T09:09:21.276Z,WEB,Android
0dca8c84-408a-41f5-bf0f-467493e9a4d8,SCR,2022-10-26T19:03:39.276Z,WEB,Android
0dca8c84-408a-41f5-bf0f-467493e9a4d8,HP,2022-10-27T05:01:12.276Z,WEB,Android
0dca8c84-408a-41f5-bf0f-467493e9a4d8,SER,2022-10-28T00:54:55.276Z,WEB,Android
0dca8c84-408a-41f5-bf0f-467493e9a4d8,CL,2022-10-28T20:46:08.276Z,WEB,Android
0dca8c84-408a-41f5-bf0f-467493e9a4d8,HP,2022-10-29T06:40:51.276Z,WEB,Android
0dca8c84-408a-41f5-bf0f-467493e9a4d8,CL,2022-10-29T16:33:29.276Z,WEB,Android
8d7a04ea-0a8d-475c-b420-3d068116f382,ATC,2022-12-01T23:50:14.276Z,MOBILE,Android
8d7a04ea-0a8d-475c-b420-3d068116f382,CL,2022-12-02T00:00:32.276Z,MOBILE,Android
0dca8c84-408a-41f5-bf0f-467493e9a4d8,VI,2022-10-19T17:41:22.276Z,WEB,Android
0dca8c84-408a-41f5-bf0f-467493e9a4d8,VI,2022-10-27T14:53:21.276Z,WEB,Android
0dca8c84-408a-41f5-bf0f-467493e9a4d8,VI,2022-10-30T02:33:09.276Z,WEB,Android
0dca8c84-408a-41f5-bf0f-467493e9a4d8,VI,2022-10-30T12:30:49.276Z,WEB,Android
1de35bfb-8c5d-47f6-a2b4-f4fa2f6d32e9,HP,2020-09-30T15:44:44.292Z,WEB,Android
1de35bfb-8c5d-47f6-a2b4-f4fa2f6d32e9,HP,2020-09-28T23:48:47.292Z,WEB,Android
1de35bfb-8c5d-47f6-a2b4-f4fa2f6d32e9,ATC,2020-09-29T01:23:57.292Z,WEB,Android
1de35bfb-8c5d-47f6-a2b4-f4fa2f6d32e9,ATC,2020-09-29T02:58:15.292Z,WEB,Android
1de35bfb-8c5d-47f6-a2b4-f4fa2f6d32e9,AP,2020-09-29T04:35:25.292Z,WEB,Android
1de35bfb-8c5d-47f6-a2b4-f4fa2f6d32e9,HP,2020-09-29T01:23:45.292Z,WEB,Android
1de35bfb-8c5d-47f6-a2b4-f4fa2f6d32e9,SCR,2020-09-29T03:00:28.292Z,WEB,Android
1de35bfb-8c5d-47f6-a2b4-f4fa2f6d32e9,ATC,2020-09-29T04:34:57.292Z,WEB,Android
1de35bfb-8c5d-47f6-a2b4-f4fa2f6d32e9,ATC,2020-09-29T06:10:46.292Z,WEB,Android
1de35bfb-8c5d-47f6-a2b4-f4fa2f6d32e9,CL,2020-09-29T07:46:21.292Z,WEB,Android
1de35bfb-8c5d-47f6-a2b4-f4fa2f6d32e9,SER,2020-09-29T09:20:41.292Z,WEB,Android
1de35bfb-8c5d-47f6-a2b4-f4fa2f6d32e9,HP,2020-09-29T10:59:38.292Z,WEB,Android
1de35bfb-8c5d-47f6-a2b4-f4fa2f6d32e9,ATC,2020-09-29T12:34:59.292Z,WEB,Android
1de35bfb-8c5d-47f6-a2b4-f4fa2f6d32e9,ATC,2020-09-29T14:11:59.292Z,WEB,Android
1de35bfb-8c5d-47f6-a2b4-f4fa2f6d32e9,ATC,2020-09-29T15:48:30.292Z,WEB,Android
1de35bfb-8c5d-47f6-a2b4-f4fa2f6d32e9,ATC,2020-09-29T17:24:20.292Z,WEB,Android
1de35bfb-8c5d-47f6-a2b4-f4fa2f6d32e9,SCR,2020-09-29T18:58:05.292Z,WEB,Android
1de35bfb-8c5d-47f6-a2b4-f4fa2f6d32e9,SCR,2020-09-29T20:33:15.292Z,WEB,Android
1de35bfb-8c5d-47f6-a2b4-f4fa2f6d32e9,CL,2020-09-29T22:09:28.292Z,WEB,Android
1de35bfb-8c5d-47f6-a2b4-f4fa2f6d32e9,SCR,2020-09-29T23:45:16.292Z,WEB,Android
1de35bfb-8c5d-47f6-a2b4-f4fa2f6d32e9,ATC,2020-09-30T01:21:44.292Z,WEB,Android
1de35bfb-8c5d-47f6-a2b4-f4fa2f6d32e9,HP,2020-09-30T02:57:48.292Z,WEB,Android
1de35bfb-8c5d-47f6-a2b4-f4fa2f6d32e9,CL,2020-09-30T04:32:56.292Z,WEB,Android
1de35bfb-8c5d-47f6-a2b4-f4fa2f6d32e9,SCR,2020-09-30T06:09:45.292Z,WEB,Android
1de35bfb-8c5d-47f6-a2b4-f4fa2f6d32e9,SCR,2020-09-30T07:46:54.292Z,WEB,Android
1de35bfb-8c5d-47f6-a2b4-f4fa2f6d32e9,ATC,2020-09-30T09:22:07.292Z,WEB,Android
1de35bfb-8c5d-47f6-a2b4-f4fa2f6d32e9,HP,2020-09-30T10:57:19.292Z,WEB,Android
1de35bfb-8c5d-47f6-a2b4-f4fa2f6d32e9,SCR,2020-09-30T12:31:59.292Z,WEB,Android
1de35bfb-8c5d-47f6-a2b4-f4fa2f6d32e9,ATC,2020-09-30T14:08:22.292Z,WEB,Android
1de35bfb-8c5d-47f6-a2b4-f4fa2f6d32e9,SER,2020-09-30T17:21:53.292Z,WEB,Android
1de35bfb-8c5d-47f6-a2b4-f4fa2f6d32e9,CL,2020-09-30T18:56:02.292Z,WEB,Android
1de35bfb-8c5d-47f6-a2b4-f4fa2f6d32e9,CL,2020-09-30T20:30:55.292Z,WEB,Android
302540da-7d60-4959-aa22-b7cfd0d35f4a,HP,2022-12-23T01:32:00.292Z,MOBILE,Android
302540da-7d60-4959-aa22-b7cfd0d35f4a,ATC,2022-12-26T17:12:16.292Z,MOBILE,Android
302540da-7d60-4959-aa22-b7cfd0d35f4a,AP,2022-12-30T08:38:08.292Z,MOBILE,Android
302540da-7d60-4959-aa22-b7cfd0d35f4a,SCR,2022-12-26T16:58:51.292Z,MOBILE,Android
80f88e93-f329-484a-93c5-adc5a79a1a61,HP,2023-12-31T08:42:54.292Z,MOBILE,Android
80f88e93-f329-484a-93c5-adc5a79a1a61,ATC,2023-12-31T15:50:16.292Z,MOBILE,Android
80f88e93-f329-484a-93c5-adc5a79a1a61,ATC,2023-12-31T22:55:57.292Z,MOBILE,Android
cabbb1f6-04be-4037-92b7-af3f90f9ea69,HP,2021-10-18T07:32:19.995Z,MOBILE,Android
cabbb1f6-04be-4037-92b7-af3f90f9ea69,ATC,2021-10-18T13:39:05.995Z,MOBILE,Android
cabbb1f6-04be-4037-92b7-af3f90f9ea69,AP,2021-10-18T19:42:04.995Z,MOBILE,Android
cabbb1f6-04be-4037-92b7-af3f90f9ea69,SCR,2021-10-18T13:36:04.995Z,MOBILE,Android
cabbb1f6-04be-4037-92b7-af3f90f9ea69,HP,2021-10-19T01:37:23.995Z,MOBILE,Android
cabbb1f6-04be-4037-92b7-af3f90f9ea69,SCR,2021-10-19T13:40:37.995Z,MOBILE,Android
cabbb1f6-04be-4037-92b7-af3f90f9ea69,SCR,2021-10-20T07:51:27.995Z,MOBILE,Android
cabbb1f6-04be-4037-92b7-af3f90f9ea69,VI,2021-10-18T19:36:20.995Z,MOBILE,Android
3ab47371-97cc-4c25-b08c-bcf2c879a75b,HP,2022-02-23T00:33:10.995Z,MOBILE,Android
3ab47371-97cc-4c25-b08c-bcf2c879a75b,ATC,2022-02-24T01:03:28.995Z,MOBILE,Android
3ab47371-97cc-4c25-b08c-bcf2c879a75b,CL,2022-02-24T00:54:38.995Z,MOBILE,Android
3ab47371-97cc-4c25-b08c-bcf2c879a75b,ATC,2022-02-25T01:20:47.995Z,MOBILE,Android
3ab47371-97cc-4c25-b08c-bcf2c879a75b,SCR,2022-02-26T01:56:55.995Z,MOBILE,Android
3ab47371-97cc-4c25-b08c-bcf2c879a75b,SER,2022-02-27T02:29:21.995Z,MOBILE,Android
3ab47371-97cc-4c25-b08c-bcf2c879a75b,CL,2022-02-28T03:03:14.995Z,MOBILE,Android
3ab47371-97cc-4c25-b08c-bcf2c879a75b,CL,2022-02-28T03:32:19.995Z,MOBILE,Android
3ab47371-97cc-4c25-b08c-bcf2c879a75b,ATC,2022-03-02T04:25:07.995Z,MOBILE,Android
3ab47371-97cc-4c25-b08c-bcf2c879a75b,VI,2022-03-01T03:58:29.995Z,MOBILE,Android
510b5e62-cccc-43b8-ae8a-485ad0d23e09,HP,2023-01-21T15:46:14.995Z,MOBILE,Android
510b5e62-cccc-43b8-ae8a-485ad0d23e09,ATC,2023-01-21T19:47:17.995Z,MOBILE,Android
510b5e62-cccc-43b8-ae8a-485ad0d23e09,CL,2023-01-21T19:44:16.995Z,MOBILE,Android
510b5e62-cccc-43b8-ae8a-485ad0d23e09,SCR,2023-01-22T03:41:00.995Z,MOBILE,Android
510b5e62-cccc-43b8-ae8a-485ad0d23e09,VI,2023-01-21T23:43:42.995Z,MOBILE,Android
a0e3d7e5-e53a-4503-93fa-1e47fbf1f162,HP,2023-11-17T17:00:49.176Z,MOBILE,Android
a0e3d7e5-e53a-4503-93fa-1e47fbf1f162,ATC,2023-11-17T23:25:21.176Z,MOBILE,Android
a0e3d7e5-e53a-4503-93fa-1e47fbf1f162,ATC,2023-11-18T05:52:19.176Z,MOBILE,Android
a0e3d7e5-e53a-4503-93fa-1e47fbf1f162,SCR,2023-11-17T23:28:40.176Z,MOBILE,Android
a0e3d7e5-e53a-4503-93fa-1e47fbf1f162,SCR,2023-11-18T05:56:49.176Z,MOBILE,Android
a0e3d7e5-e53a-4503-93fa-1e47fbf1f162,CL,2023-11-18T12:26:28.176Z,MOBILE,Android
a0e3d7e5-e53a-4503-93fa-1e47fbf1f162,SCR,2023-11-18T18:57:09.176Z,MOBILE,Android
a0e3d7e5-e53a-4503-93fa-1e47fbf1f162,HP,2023-11-19T01:24:02.176Z,MOBILE,Android
a0e3d7e5-e53a-4503-93fa-1e47fbf1f162,SER,2023-11-19T07:56:49.176Z,MOBILE,Android
a0e3d7e5-e53a-4503-93fa-1e47fbf1f162,CL,2023-11-19T14:24:42.176Z,MOBILE,Android
a0e3d7e5-e53a-4503-93fa-1e47fbf1f162,SER,2023-11-19T20:53:41.176Z,MOBILE,Android
a0e3d7e5-e53a-4503-93fa-1e47fbf1f162,SCR,2023-12-02T13:08:05.176Z,MOBILE,Android
a0e3d7e5-e53a-4503-93fa-1e47fbf1f162,VI,2023-11-20T03:22:08.176Z,MOBILE,Android
f3650168-f581-44fd-a0a2-6abe0d5c7d7b,HP,2020-09-20T20:56:22.784Z,MOBILE,Android
f3650168-f581-44fd-a0a2-6abe0d5c7d7b,ATC,2020-09-20T22:27:35.784Z,MOBILE,Android
f3650168-f581-44fd-a0a2-6abe0d5c7d7b,AP,2020-09-20T23:53:27.784Z,MOBILE,Android
f3650168-f581-44fd-a0a2-6abe0d5c7d7b,CL,2020-09-20T23:51:01.784Z,MOBILE,Android
f3650168-f581-44fd-a0a2-6abe0d5c7d7b,HP,2020-09-21T01:16:20.784Z,MOBILE,Android
f3650168-f581-44fd-a0a2-6abe0d5c7d7b,HP,2020-09-21T02:43:51.784Z,MOBILE,Android
f3650168-f581-44fd-a0a2-6abe0d5c7d7b,CL,2020-09-21T04:10:51.784Z,MOBILE,Android
f3650168-f581-44fd-a0a2-6abe0d5c7d7b,SER,2020-09-21T05:39:51.784Z,MOBILE,Android
f3650168-f581-44fd-a0a2-6abe0d5c7d7b,CL,2020-09-21T07:07:11.784Z,MOBILE,Android
f3650168-f581-44fd-a0a2-6abe0d5c7d7b,CL,2020-09-21T08:32:11.784Z,MOBILE,Android
2d4b6c24-37aa-41f8-8951-cb8dd0b74db4,HP,2023-03-14T17:57:10.784Z,MOBILE,Android
2d4b6c24-37aa-41f8-8951-cb8dd0b74db4,ATC,2023-03-16T12:53:40.784Z,MOBILE,Android
2d4b6c24-37aa-41f8-8951-cb8dd0b74db4,SCR,2023-03-16T12:49:28.784Z,MOBILE,Android
2d4b6c24-37aa-41f8-8951-cb8dd0b74db4,SER,2023-03-18T07:42:15.784Z,MOBILE,Android
cb993c43-06b2-4cc8-834b-80acaa924dbf,HP,2021-11-17T00:32:10.570Z,MOBILE,iOS
cb993c43-06b2-4cc8-834b-80acaa924dbf,ATC,2021-11-17T00:33:07.570Z,MOBILE,iOS
cb993c43-06b2-4cc8-834b-80acaa924dbf,AP,2021-11-17T00:34:16.570Z,MOBILE,iOS
cb993c43-06b2-4cc8-834b-80acaa924dbf,CL,2021-11-17T00:33:06.570Z,MOBILE,iOS
cb993c43-06b2-4cc8-834b-80acaa924dbf,HP,2021-11-17T00:33:55.570Z,MOBILE,iOS
cb993c43-06b2-4cc8-834b-80acaa924dbf,SCR,2021-11-17T00:34:59.570Z,MOBILE,iOS
cb993c43-06b2-4cc8-834b-80acaa924dbf,HP,2021-11-17T00:36:39.570Z,MOBILE,iOS
cb993c43-06b2-4cc8-834b-80acaa924dbf,SCR,2021-11-17T00:37:34.570Z,MOBILE,iOS
cb993c43-06b2-4cc8-834b-80acaa924dbf,CL,2021-11-17T00:39:25.570Z,MOBILE,iOS
cb993c43-06b2-4cc8-834b-80acaa924dbf,SCR,2021-11-17T00:40:13.570Z,MOBILE,iOS
cb993c43-06b2-4cc8-834b-80acaa924dbf,CL,2021-11-17T00:41:06.570Z,MOBILE,iOS
cb993c43-06b2-4cc8-834b-80acaa924dbf,CL,2021-11-17T00:41:59.570Z,MOBILE,iOS
cb993c43-06b2-4cc8-834b-80acaa924dbf,SCR,2021-11-17T00:42:56.570Z,MOBILE,iOS
cb993c43-06b2-4cc8-834b-80acaa924dbf,SCR,2021-11-17T00:43:48.570Z,MOBILE,iOS
cb993c43-06b2-4cc8-834b-80acaa924dbf,HP,2021-11-17T00:44:31.570Z,MOBILE,iOS
cb993c43-06b2-4cc8-834b-80acaa924dbf,CL,2021-11-17T00:45:34.570Z,MOBILE,iOS
cb993c43-06b2-4cc8-834b-80acaa924dbf,SCR,2021-11-17T00:46:30.570Z,MOBILE,iOS
cb993c43-06b2-4cc8-834b-80acaa924dbf,VI,2021-11-17T00:35:50.570Z,MOBILE,iOS
f21e282e-b967-4806-b86b-16195d073b30,HP,2022-01-29T14:58:34.554Z,MOBILE,iOS
f21e282e-b967-4806-b86b-16195d073b30,ATC,2022-01-29T22:07:37.554Z,MOBILE,iOS
f21e282e-b967-4806-b86b-16195d073b30,ATC,2022-01-30T05:16:48.554Z,MOBILE,iOS
f21e282e-b967-4806-b86b-16195d073b30,AP,2022-01-30T12:24:37.554Z,MOBILE,iOS
f21e282e-b967-4806-b86b-16195d073b30,SCR,2022-01-30T05:09:03.554Z,MOBILE,iOS
f21e282e-b967-4806-b86b-16195d073b30,CL,2022-01-30T19:18:40.554Z,MOBILE,iOS
f21e282e-b967-4806-b86b-16195d073b30,CL,2022-01-31T02:28:21.554Z,MOBILE,iOS
f21e282e-b967-4806-b86b-16195d073b30,SCR,2022-01-31T09:33:32.554Z,MOBILE,iOS
f21e282e-b967-4806-b86b-16195d073b30,HP,2022-01-31T16:44:53.554Z,MOBILE,iOS
f21e282e-b967-4806-b86b-16195d073b30,SCR,2022-01-31T23:51:10.554Z,MOBILE,iOS
f21e282e-b967-4806-b86b-16195d073b30,HP,2022-02-01T06:59:39.554Z,MOBILE,iOS
f21e282e-b967-4806-b86b-16195d073b30,CL,2022-02-01T14:06:57.554Z,MOBILE,iOS
f21e282e-b967-4806-b86b-16195d073b30,SCR,2022-02-01T21:11:46.554Z,MOBILE,iOS
f21e282e-b967-4806-b86b-16195d073b30,VI,2022-01-29T22:04:13.554Z,MOBILE,iOS
f21e282e-b967-4806-b86b-16195d073b30,VI,2022-01-30T12:15:47.554Z,MOBILE,iOS
fecba7e4-7704-48f7-a594-7b92cd9b9e15,HP,2022-06-11T23:35:48.554Z,MOBILE,iOS
fecba7e4-7704-48f7-a594-7b92cd9b9e15,ATC,2022-06-11T23:42:54.554Z,MOBILE,iOS
fecba7e4-7704-48f7-a594-7b92cd9b9e15,SCR,2022-06-11T23:43:13.554Z,MOBILE,iOS
fecba7e4-7704-48f7-a594-7b92cd9b9e15,CL,2022-06-11T23:58:17.554Z,MOBILE,iOS
fecba7e4-7704-48f7-a594-7b92cd9b9e15,HP,2022-06-12T00:05:59.554Z,MOBILE,iOS
fecba7e4-7704-48f7-a594-7b92cd9b9e15,SCR,2022-06-12T00:20:41.554Z,MOBILE,iOS
fecba7e4-7704-48f7-a594-7b92cd9b9e15,HP,2022-06-12T00:35:52.554Z,MOBILE,iOS
fecba7e4-7704-48f7-a594-7b92cd9b9e15,CL,2022-06-12T00:43:04.554Z,MOBILE,iOS
fecba7e4-7704-48f7-a594-7b92cd9b9e15,HP,2022-06-12T00:49:58.554Z,MOBILE,iOS
fecba7e4-7704-48f7-a594-7b92cd9b9e15,CL,2022-06-12T00:57:41.554Z,MOBILE,iOS
fecba7e4-7704-48f7-a594-7b92cd9b9e15,CL,2022-06-12T01:05:01.554Z,MOBILE,iOS
fecba7e4-7704-48f7-a594-7b92cd9b9e15,CL,2022-06-12T01:12:07.554Z,MOBILE,iOS
fecba7e4-7704-48f7-a594-7b92cd9b9e15,SER,2022-06-12T01:19:22.554Z,MOBILE,iOS
fecba7e4-7704-48f7-a594-7b92cd9b9e15,SER,2022-06-12T01:26:42.554Z,MOBILE,iOS
a8bd7f40-1ceb-485e-b917-f86647caa1f4,HP,2022-07-07T08:59:04.554Z,MOBILE,iOS
a8bd7f40-1ceb-485e-b917-f86647caa1f4,ATC,2022-07-07T14:16:25.554Z,MOBILE,iOS
a8bd7f40-1ceb-485e-b917-f86647caa1f4,CL,2022-07-07T14:12:33.554Z,MOBILE,iOS
fecba7e4-7704-48f7-a594-7b92cd9b9e15,VI,2022-06-12T00:13:28.554Z,MOBILE,iOS
fecba7e4-7704-48f7-a594-7b92cd9b9e15,VI,2022-06-12T00:28:13.554Z,MOBILE,iOS
5c98bb3b-2d95-446b-8158-c698b7666d43,HP,2022-11-29T21:11:48.554Z,WEB,iOS
5c98bb3b-2d95-446b-8158-c698b7666d43,ATC,2022-12-01T17:33:46.554Z,WEB,iOS
5c98bb3b-2d95-446b-8158-c698b7666d43,SCR,2022-12-01T17:36:18.554Z,WEB,iOS
5c98bb3b-2d95-446b-8158-c698b7666d43,HP,2022-12-03T14:06:26.554Z,WEB,iOS
5c98bb3b-2d95-446b-8158-c698b7666d43,CL,2022-12-05T10:38:22.554Z,WEB,iOS
5c98bb3b-2d95-446b-8158-c698b7666d43,HP,2022-12-11T11:14:37.554Z,WEB,iOS
5c98bb3b-2d95-446b-8158-c698b7666d43,CL,2022-12-11T22:46:27.554Z,WEB,iOS
5c98bb3b-2d95-446b-8158-c698b7666d43,HP,2022-12-12T21:50:05.554Z,WEB,iOS
5c98bb3b-2d95-446b-8158-c698b7666d43,HP,2022-12-13T09:16:56.554Z,WEB,iOS
5c98bb3b-2d95-446b-8158-c698b7666d43,SCR,2022-12-14T08:11:41.554Z,WEB,iOS
5c98bb3b-2d95-446b-8158-c698b7666d43,CL,2022-12-14T19:38:23.554Z,WEB,iOS
5c98bb3b-2d95-446b-8158-c698b7666d43,CL,2022-12-15T07:08:15.554Z,WEB,iOS
5c98bb3b-2d95-446b-8158-c698b7666d43,SCR,2022-12-15T18:37:39.554Z,WEB,iOS
5c98bb3b-2d95-446b-8158-c698b7666d43,HP,2022-12-16T06:10:03.554Z,WEB,iOS
5c98bb3b-2d95-446b-8158-c698b7666d43,HP,2022-12-17T16:21:14.554Z,WEB,iOS
5c98bb3b-2d95-446b-8158-c698b7666d43,HP,2022-12-18T03:51:43.554Z,WEB,iOS
8df591e2-b841-44cb-9281-e1ebb0ad72a3,HP,2023-08-15T14:40:14.554Z,MOBILE,iOS
8df591e2-b841-44cb-9281-e1ebb0ad72a3,ATC,2023-08-19T17:37:43.554Z,MOBILE,iOS
71db7952-9857-43c3-a31b-72528327c4c9,HP,2021-06-10T20:22:58.005Z,MOBILE,Android
71db7952-9857-43c3-a31b-72528327c4c9,ATC,2021-06-11T02:28:51.005Z,MOBILE,Android
71db7952-9857-43c3-a31b-72528327c4c9,ATC,2021-06-11T08:34:49.005Z,MOBILE,Android
71db7952-9857-43c3-a31b-72528327c4c9,ATC,2021-06-11T14:40:52.005Z,MOBILE,Android
71db7952-9857-43c3-a31b-72528327c4c9,ATC,2021-06-11T20:46:22.005Z,MOBILE,Android
71db7952-9857-43c3-a31b-72528327c4c9,ATC,2021-06-12T02:54:24.005Z,MOBILE,Android
71db7952-9857-43c3-a31b-72528327c4c9,ATC,2021-06-12T09:03:05.005Z,MOBILE,Android
71db7952-9857-43c3-a31b-72528327c4c9,ATC,2021-06-12T15:10:38.005Z,MOBILE,Android
71db7952-9857-43c3-a31b-72528327c4c9,AP,2021-06-12T21:16:13.005Z,MOBILE,Android
71db7952-9857-43c3-a31b-72528327c4c9,ATC,2021-06-11T02:30:02.005Z,MOBILE,Android
71db7952-9857-43c3-a31b-72528327c4c9,SCR,2021-06-11T08:32:04.005Z,MOBILE,Android
71db7952-9857-43c3-a31b-72528327c4c9,ATC,2021-06-11T14:38:14.005Z,MOBILE,Android
71db7952-9857-43c3-a31b-72528327c4c9,ATC,2021-06-11T20:43:26.005Z,MOBILE,Android
71db7952-9857-43c3-a31b-72528327c4c9,CL,2021-06-12T08:55:56.005Z,MOBILE,Android
71db7952-9857-43c3-a31b-72528327c4c9,HP,2021-06-12T15:00:04.005Z,MOBILE,Android
71db7952-9857-43c3-a31b-72528327c4c9,SCR,2021-06-13T09:18:06.005Z,MOBILE,Android
71db7952-9857-43c3-a31b-72528327c4c9,VP,2021-06-12T02:48:19.005Z,MOBILE,Android
71db7952-9857-43c3-a31b-72528327c4c9,VI,2021-06-12T21:02:57.005Z,MOBILE,Android
71db7952-9857-43c3-a31b-72528327c4c9,VI,2021-06-13T03:08:18.005Z,MOBILE,Android
a21070f3-d1ed-461a-a69a-7e9c744464fc,HP,2023-02-22T23:03:27.005Z,MOBILE,Android
a21070f3-d1ed-461a-a69a-7e9c744464fc,ATC,2023-02-23T10:00:00.005Z,MOBILE,Android
a21070f3-d1ed-461a-a69a-7e9c744464fc,AP,2023-02-23T20:58:56.005Z,MOBILE,Android
a21070f3-d1ed-461a-a69a-7e9c744464fc,SER,2023-02-23T09:59:39.005Z,MOBILE,Android
a21070f3-d1ed-461a-a69a-7e9c744464fc,ATC,2023-02-23T20:57:45.005Z,MOBILE,Android
a21070f3-d1ed-461a-a69a-7e9c744464fc,CL,2023-02-24T08:00:45.005Z,MOBILE,Android
a21070f3-d1ed-461a-a69a-7e9c744464fc,CL,2023-02-24T18:50:12.005Z,MOBILE,Android
a21070f3-d1ed-461a-a69a-7e9c744464fc,HP,2023-02-25T05:44:19.005Z,MOBILE,Android
a21070f3-d1ed-461a-a69a-7e9c744464fc,HP,2023-02-25T16:39:35.005Z,MOBILE,Android
a21070f3-d1ed-461a-a69a-7e9c744464fc,CL,2023-02-26T03:31:00.005Z,MOBILE,Android
a21070f3-d1ed-461a-a69a-7e9c744464fc,ATC,2023-02-26T14:24:01.005Z,MOBILE,Android
a21070f3-d1ed-461a-a69a-7e9c744464fc,CL,2023-02-27T01:20:02.005Z,MOBILE,Android
a21070f3-d1ed-461a-a69a-7e9c744464fc,ATC,2023-02-27T12:15:35.005Z,MOBILE,Android
a21070f3-d1ed-461a-a69a-7e9c744464fc,ATC,2023-02-27T23:08:16.005Z,MOBILE,Android
a21070f3-d1ed-461a-a69a-7e9c744464fc,ATC,2023-02-28T09:59:34.005Z,MOBILE,Android
a21070f3-d1ed-461a-a69a-7e9c744464fc,SER,2023-02-28T20:50:12.005Z,MOBILE,Android
a21070f3-d1ed-461a-a69a-7e9c744464fc,HP,2023-03-01T07:48:07.005Z,MOBILE,Android
a21070f3-d1ed-461a-a69a-7e9c744464fc,ATC,2023-03-01T18:42:49.005Z,MOBILE,Android
a21070f3-d1ed-461a-a69a-7e9c744464fc,SER,2023-03-02T05:43:05.005Z,MOBILE,Android
a21070f3-d1ed-461a-a69a-7e9c744464fc,SER,2023-03-03T03:25:34.005Z,MOBILE,Android
a21070f3-d1ed-461a-a69a-7e9c744464fc,SER,2023-03-03T14:17:48.005Z,MOBILE,Android
a21070f3-d1ed-461a-a69a-7e9c744464fc,CL,2023-03-04T01:12:14.005Z,MOBILE,Android
a21070f3-d1ed-461a-a69a-7e9c744464fc,ATC,2023-03-04T12:00:35.005Z,MOBILE,Android
82c58f6d-7113-420e-8bca-3abc9f6ae628,HP,2023-09-25T22:26:17.005Z,MOBILE,Android
82c58f6d-7113-420e-8bca-3abc9f6ae628,ATC,2023-09-27T17:41:11.005Z,MOBILE,Android
82c58f6d-7113-420e-8bca-3abc9f6ae628,ATC,2023-09-27T17:45:30.005Z,MOBILE,Android
82c58f6d-7113-420e-8bca-3abc9f6ae628,CL,2023-09-29T12:48:56.005Z,MOBILE,Android
82c58f6d-7113-420e-8bca-3abc9f6ae628,ATC,2023-10-01T07:57:37.005Z,MOBILE,Android
82c58f6d-7113-420e-8bca-3abc9f6ae628,HP,2023-10-03T03:03:19.005Z,MOBILE,Android
82c58f6d-7113-420e-8bca-3abc9f6ae628,SER,2023-10-04T22:15:54.005Z,MOBILE,Android
82c58f6d-7113-420e-8bca-3abc9f6ae628,ATC,2023-10-08T12:38:28.005Z,MOBILE,Android
82c58f6d-7113-420e-8bca-3abc9f6ae628,ATC,2023-10-10T07:53:35.005Z,MOBILE,Android
82c58f6d-7113-420e-8bca-3abc9f6ae628,VP,2023-10-06T17:22:21.005Z,MOBILE,Android
715edffc-6903-4d85-aba0-fbfde4c86526,SCR,2023-05-11T04:47:54.466Z,MOBILE,Android
eb88ac76-41f9-45da-b81c-293d5005da9a,HP,2021-09-21T18:18:07.544Z,MOBILE,iOS
eb88ac76-41f9-45da-b81c-293d5005da9a,ATC,2021-10-01T23:45:42.544Z,MOBILE,iOS
eb88ac76-41f9-45da-b81c-293d5005da9a,SCR,2021-10-02T00:21:37.544Z,MOBILE,iOS
eb88ac76-41f9-45da-b81c-293d5005da9a,CL,2021-10-12T06:27:44.544Z,MOBILE,iOS
eb88ac76-41f9-45da-b81c-293d5005da9a,CL,2021-10-22T12:40:16.544Z,MOBILE,iOS
eb88ac76-41f9-45da-b81c-293d5005da9a,HP,2021-11-01T18:28:20.544Z,MOBILE,iOS
715edffc-6903-4d85-aba0-fbfde4c86526,CL,2023-05-11T05:35:24.466Z,MOBILE,Android
eb88ac76-41f9-45da-b81c-293d5005da9a,VI,2021-11-12T00:43:44.544Z,MOBILE,iOS
f1db74af-3a93-4fdd-b7a7-0ca6075a4d09,HP,2023-04-21T13:55:12.466Z,MOBILE,Android
f1db74af-3a93-4fdd-b7a7-0ca6075a4d09,ATC,2023-04-23T03:59:07.466Z,MOBILE,Android
f1db74af-3a93-4fdd-b7a7-0ca6075a4d09,CL,2023-04-23T03:59:01.466Z,MOBILE,Android
f1db74af-3a93-4fdd-b7a7-0ca6075a4d09,HP,2023-04-24T18:15:44.466Z,MOBILE,Android
f1db74af-3a93-4fdd-b7a7-0ca6075a4d09,CL,2023-04-26T08:26:39.466Z,MOBILE,Android
715edffc-6903-4d85-aba0-fbfde4c86526,HP,2023-05-10T22:26:00.466Z,MOBILE,Android
715edffc-6903-4d85-aba0-fbfde4c86526,ATC,2023-05-10T23:12:46.466Z,MOBILE,Android
715edffc-6903-4d85-aba0-fbfde4c86526,AP,2023-05-11T00:00:29.466Z,MOBILE,Android
715edffc-6903-4d85-aba0-fbfde4c86526,CL,2023-05-10T23:13:45.466Z,MOBILE,Android
715edffc-6903-4d85-aba0-fbfde4c86526,CL,2023-05-11T00:00:55.466Z,MOBILE,Android
715edffc-6903-4d85-aba0-fbfde4c86526,CL,2023-05-11T00:50:41.466Z,MOBILE,Android
715edffc-6903-4d85-aba0-fbfde4c86526,CL,2023-05-11T01:37:56.466Z,MOBILE,Android
715edffc-6903-4d85-aba0-fbfde4c86526,CL,2023-05-11T04:00:25.466Z,MOBILE,Android
715edffc-6903-4d85-aba0-fbfde4c86526,SCR,2023-05-11T06:23:23.466Z,MOBILE,Android
715edffc-6903-4d85-aba0-fbfde4c86526,SCR,2023-05-11T07:09:56.466Z,MOBILE,Android
715edffc-6903-4d85-aba0-fbfde4c86526,SCR,2023-05-11T08:45:36.466Z,MOBILE,Android
715edffc-6903-4d85-aba0-fbfde4c86526,CL,2023-05-11T09:33:26.466Z,MOBILE,Android
715edffc-6903-4d85-aba0-fbfde4c86526,SCR,2023-05-11T10:20:06.466Z,MOBILE,Android
715edffc-6903-4d85-aba0-fbfde4c86526,SCR,2023-05-11T11:07:01.466Z,MOBILE,Android
715edffc-6903-4d85-aba0-fbfde4c86526,CL,2023-05-13T09:56:22.466Z,MOBILE,Android
715edffc-6903-4d85-aba0-fbfde4c86526,HP,2023-05-15T06:18:56.466Z,MOBILE,Android
715edffc-6903-4d85-aba0-fbfde4c86526,HP,2023-05-16T04:26:16.466Z,MOBILE,Android
715edffc-6903-4d85-aba0-fbfde4c86526,SCR,2023-05-17T02:45:18.466Z,MOBILE,Android
715edffc-6903-4d85-aba0-fbfde4c86526,SCR,2023-05-18T00:56:59.466Z,MOBILE,Android
715edffc-6903-4d85-aba0-fbfde4c86526,HP,2023-05-18T23:05:19.466Z,MOBILE,Android
715edffc-6903-4d85-aba0-fbfde4c86526,HP,2023-05-20T19:29:56.466Z,MOBILE,Android
715edffc-6903-4d85-aba0-fbfde4c86526,HP,2023-05-21T17:44:39.466Z,MOBILE,Android
de262429-7240-4d6e-874a-6478205ca120,HP,2020-05-04T14:15:10.713Z,MOBILE,Android
de262429-7240-4d6e-874a-6478205ca120,ATC,2020-05-05T16:40:10.713Z,MOBILE,Android
de262429-7240-4d6e-874a-6478205ca120,AP,2020-05-06T19:16:10.713Z,MOBILE,Android
75a4784f-025e-41ef-a6a4-d23be0acf1bb,HP,2022-01-20T23:58:17.713Z,WEB,Android
75a4784f-025e-41ef-a6a4-d23be0acf1bb,ATC,2022-01-21T12:05:24.713Z,WEB,Android
75a4784f-025e-41ef-a6a4-d23be0acf1bb,ATC,2022-01-22T00:00:34.713Z,WEB,Android
75a4784f-025e-41ef-a6a4-d23be0acf1bb,CL,2022-01-22T12:04:04.713Z,WEB,Android
75a4784f-025e-41ef-a6a4-d23be0acf1bb,SCR,2022-01-23T00:13:24.713Z,WEB,Android
75a4784f-025e-41ef-a6a4-d23be0acf1bb,CL,2022-01-23T12:10:37.713Z,WEB,Android
75a4784f-025e-41ef-a6a4-d23be0acf1bb,SCR,2022-01-24T12:14:18.713Z,WEB,Android
75a4784f-025e-41ef-a6a4-d23be0acf1bb,CL,2022-01-25T00:19:14.713Z,WEB,Android
75a4784f-025e-41ef-a6a4-d23be0acf1bb,HP,2022-01-26T00:25:02.713Z,WEB,Android
75a4784f-025e-41ef-a6a4-d23be0acf1bb,SCR,2022-01-26T12:27:11.713Z,WEB,Android
75a4784f-025e-41ef-a6a4-d23be0acf1bb,SER,2022-01-27T00:28:30.713Z,WEB,Android
75a4784f-025e-41ef-a6a4-d23be0acf1bb,VI,2022-01-21T12:04:52.713Z,WEB,Android
3bc8da96-9510-48c7-b3ed-c6752ca8c906,HP,2023-10-16T03:05:24.713Z,MOBILE,Android
3bc8da96-9510-48c7-b3ed-c6752ca8c906,ATC,2023-10-16T08:23:03.713Z,MOBILE,Android
3bc8da96-9510-48c7-b3ed-c6752ca8c906,AP,2023-10-16T13:36:10.713Z,MOBILE,Android
3bc8da96-9510-48c7-b3ed-c6752ca8c906,SCR,2023-10-16T08:20:22.713Z,MOBILE,Android
3bc8da96-9510-48c7-b3ed-c6752ca8c906,ATC,2023-10-16T13:34:06.713Z,MOBILE,Android
3bc8da96-9510-48c7-b3ed-c6752ca8c906,SER,2023-10-16T18:52:43.713Z,MOBILE,Android
3bc8da96-9510-48c7-b3ed-c6752ca8c906,CL,2023-10-17T00:07:51.713Z,MOBILE,Android
3bc8da96-9510-48c7-b3ed-c6752ca8c906,SER,2023-10-17T05:23:50.713Z,MOBILE,Android
3bc8da96-9510-48c7-b3ed-c6752ca8c906,SCR,2023-10-17T10:42:06.713Z,MOBILE,Android
3bc8da96-9510-48c7-b3ed-c6752ca8c906,CL,2023-10-17T16:00:18.713Z,MOBILE,Android
3bc8da96-9510-48c7-b3ed-c6752ca8c906,ATC,2023-10-17T21:16:10.713Z,MOBILE,Android
3bc8da96-9510-48c7-b3ed-c6752ca8c906,ATC,2023-10-18T02:30:20.713Z,MOBILE,Android
3bc8da96-9510-48c7-b3ed-c6752ca8c906,SCR,2023-10-18T07:47:04.713Z,MOBILE,Android
3bc8da96-9510-48c7-b3ed-c6752ca8c906,SCR,2023-10-18T13:00:11.713Z,MOBILE,Android
c38ab91b-ba0c-455a-8515-fb9e356cea81,HP,2022-06-13T06:01:36.977Z,MOBILE,Android
c38ab91b-ba0c-455a-8515-fb9e356cea81,ATC,2022-06-13T06:05:35.977Z,MOBILE,Android
c38ab91b-ba0c-455a-8515-fb9e356cea81,ATC,2022-06-13T06:09:13.977Z,MOBILE,Android
c38ab91b-ba0c-455a-8515-fb9e356cea81,ATC,2022-06-13T06:12:41.977Z,MOBILE,Android
c38ab91b-ba0c-455a-8515-fb9e356cea81,AP,2022-06-13T06:16:18.977Z,MOBILE,Android
c38ab91b-ba0c-455a-8515-fb9e356cea81,CL,2022-06-13T06:05:36.977Z,MOBILE,Android
c38ab91b-ba0c-455a-8515-fb9e356cea81,CL,2022-06-13T06:09:43.977Z,MOBILE,Android
c38ab91b-ba0c-455a-8515-fb9e356cea81,VI,2022-06-13T06:13:12.977Z,MOBILE,Android
bc21c61f-4ed4-4301-9f71-5ba3cc0bc09f,HP,2022-11-14T00:56:36.838Z,MOBILE,Android
bc21c61f-4ed4-4301-9f71-5ba3cc0bc09f,ATC,2022-11-14T02:51:06.838Z,MOBILE,Android
bc21c61f-4ed4-4301-9f71-5ba3cc0bc09f,SER,2022-11-14T02:51:21.838Z,MOBILE,Android
bc21c61f-4ed4-4301-9f71-5ba3cc0bc09f,CL,2022-11-14T04:45:46.838Z,MOBILE,Android
c9937418-d086-49e8-beb9-fbc1529c9e39,HP,2023-05-07T15:08:03.146Z,MOBILE,Android
c9937418-d086-49e8-beb9-fbc1529c9e39,ATC,2023-05-08T06:57:03.146Z,MOBILE,Android
c9937418-d086-49e8-beb9-fbc1529c9e39,AP,2023-05-08T22:52:20.146Z,MOBILE,Android
c9937418-d086-49e8-beb9-fbc1529c9e39,HP,2023-05-08T07:02:58.146Z,MOBILE,Android
c9937418-d086-49e8-beb9-fbc1529c9e39,ATC,2023-05-08T22:55:16.146Z,MOBILE,Android
c9937418-d086-49e8-beb9-fbc1529c9e39,CL,2023-05-09T14:50:23.146Z,MOBILE,Android
c9937418-d086-49e8-beb9-fbc1529c9e39,SCR,2023-05-10T06:51:52.146Z,MOBILE,Android
c9937418-d086-49e8-beb9-fbc1529c9e39,CL,2023-05-11T14:40:40.146Z,MOBILE,Android
c9937418-d086-49e8-beb9-fbc1529c9e39,HP,2023-05-12T06:38:48.146Z,MOBILE,Android
c9937418-d086-49e8-beb9-fbc1529c9e39,CL,2023-05-12T22:30:52.146Z,MOBILE,Android
c9937418-d086-49e8-beb9-fbc1529c9e39,SCR,2023-05-14T22:24:54.146Z,MOBILE,Android
c9937418-d086-49e8-beb9-fbc1529c9e39,SER,2023-05-15T14:23:22.146Z,MOBILE,Android
c9937418-d086-49e8-beb9-fbc1529c9e39,CL,2023-05-16T06:22:17.146Z,MOBILE,Android
c9937418-d086-49e8-beb9-fbc1529c9e39,CL,2023-05-17T14:09:41.146Z,MOBILE,Android
c9937418-d086-49e8-beb9-fbc1529c9e39,ATC,2023-05-18T06:06:04.146Z,MOBILE,Android
c9937418-d086-49e8-beb9-fbc1529c9e39,CL,2023-05-18T22:00:26.146Z,MOBILE,Android
c9937418-d086-49e8-beb9-fbc1529c9e39,ATC,2023-05-19T13:59:45.146Z,MOBILE,Android
c9937418-d086-49e8-beb9-fbc1529c9e39,SCR,2023-05-20T05:59:55.146Z,MOBILE,Android
c9937418-d086-49e8-beb9-fbc1529c9e39,CL,2023-05-20T21:53:27.146Z,MOBILE,Android
c9937418-d086-49e8-beb9-fbc1529c9e39,VI,2023-05-14T06:24:22.146Z,MOBILE,Android
db33aecb-1a7b-4f6d-a8bf-f9535cc4c9db,HP,2019-10-23T02:06:10.585Z,WEB,Android
db33aecb-1a7b-4f6d-a8bf-f9535cc4c9db,ATC,2019-10-23T02:14:36.585Z,WEB,Android
db33aecb-1a7b-4f6d-a8bf-f9535cc4c9db,ATC,2019-10-23T02:14:11.585Z,WEB,Android
a1bd39a9-70f4-466a-8e18-791c7f8c08b1,HP,2020-10-23T23:39:10.303Z,MOBILE,Android
a1bd39a9-70f4-466a-8e18-791c7f8c08b1,ATC,2020-11-04T13:42:58.303Z,MOBILE,Android
a1bd39a9-70f4-466a-8e18-791c7f8c08b1,ATC,2020-11-04T13:34:53.303Z,MOBILE,Android
a1bd39a9-70f4-466a-8e18-791c7f8c08b1,SER,2020-11-16T03:38:47.303Z,MOBILE,Android
967125c7-2d38-4e98-8b5e-b68b5b57e8dc,HP,2022-04-07T06:47:15.820Z,WEB,Android
324be1ed-7429-425a-bb5b-94d91988c4db,HP,2023-08-24T20:26:57.206Z,MOBILE,Android
324be1ed-7429-425a-bb5b-94d91988c4db,ATC,2023-08-24T23:42:41.206Z,MOBILE,Android
324be1ed-7429-425a-bb5b-94d91988c4db,AP,2023-08-25T02:57:54.206Z,MOBILE,Android
324be1ed-7429-425a-bb5b-94d91988c4db,SER,2023-08-24T23:41:33.206Z,MOBILE,Android
324be1ed-7429-425a-bb5b-94d91988c4db,HP,2023-08-25T09:29:35.206Z,MOBILE,Android
324be1ed-7429-425a-bb5b-94d91988c4db,HP,2023-08-25T12:44:05.206Z,MOBILE,Android
324be1ed-7429-425a-bb5b-94d91988c4db,SER,2023-08-25T16:01:21.206Z,MOBILE,Android
324be1ed-7429-425a-bb5b-94d91988c4db,SER,2023-08-25T19:16:49.206Z,MOBILE,Android
324be1ed-7429-425a-bb5b-94d91988c4db,SCR,2023-08-25T22:30:51.206Z,MOBILE,Android
324be1ed-7429-425a-bb5b-94d91988c4db,CL,2023-08-26T01:45:23.206Z,MOBILE,Android
324be1ed-7429-425a-bb5b-94d91988c4db,HP,2023-08-26T04:58:56.206Z,MOBILE,Android
324be1ed-7429-425a-bb5b-94d91988c4db,ATC,2023-08-26T08:15:37.206Z,MOBILE,Android
324be1ed-7429-425a-bb5b-94d91988c4db,SER,2023-08-26T17:57:20.206Z,MOBILE,Android
324be1ed-7429-425a-bb5b-94d91988c4db,CL,2023-08-27T00:24:25.206Z,MOBILE,Android
324be1ed-7429-425a-bb5b-94d91988c4db,CL,2023-08-27T03:39:25.206Z,MOBILE,Android
324be1ed-7429-425a-bb5b-94d91988c4db,VI,2023-08-25T02:56:34.206Z,MOBILE,Android
324be1ed-7429-425a-bb5b-94d91988c4db,VI,2023-08-25T06:11:02.206Z,MOBILE,Android
324be1ed-7429-425a-bb5b-94d91988c4db,VI,2023-08-26T14:43:15.206Z,MOBILE,Android
324be1ed-7429-425a-bb5b-94d91988c4db,SER,2023-08-27T06:57:17.206Z,MOBILE,Android
324be1ed-7429-425a-bb5b-94d91988c4db,ATC,2023-08-27T10:10:13.206Z,MOBILE,Android
324be1ed-7429-425a-bb5b-94d91988c4db,CL,2023-08-27T13:26:38.206Z,MOBILE,Android
324be1ed-7429-425a-bb5b-94d91988c4db,SER,2023-08-27T16:40:54.206Z,MOBILE,Android
324be1ed-7429-425a-bb5b-94d91988c4db,ATC,2023-08-27T19:55:33.206Z,MOBILE,Android
324be1ed-7429-425a-bb5b-94d91988c4db,CL,2023-08-27T23:09:08.206Z,MOBILE,Android
324be1ed-7429-425a-bb5b-94d91988c4db,SER,2023-08-28T02:23:47.206Z,MOBILE,Android
324be1ed-7429-425a-bb5b-94d91988c4db,SCR,2023-08-28T05:39:29.206Z,MOBILE,Android
87e4afd3-1bdd-4028-b411-b3b54d165242,HP,2020-11-11T16:48:08.410Z,MOBILE,Android
87e4afd3-1bdd-4028-b411-b3b54d165242,ATC,2020-11-11T16:49:31.410Z,MOBILE,Android
87e4afd3-1bdd-4028-b411-b3b54d165242,AP,2020-11-11T16:51:05.410Z,MOBILE,Android
87e4afd3-1bdd-4028-b411-b3b54d165242,ATC,2020-11-11T16:49:34.410Z,MOBILE,Android
87e4afd3-1bdd-4028-b411-b3b54d165242,CL,2020-11-11T16:50:48.410Z,MOBILE,Android
87e4afd3-1bdd-4028-b411-b3b54d165242,ATC,2020-11-11T16:52:14.410Z,MOBILE,Android
87e4afd3-1bdd-4028-b411-b3b54d165242,ATC,2020-11-11T16:53:46.410Z,MOBILE,Android
87e4afd3-1bdd-4028-b411-b3b54d165242,ATC,2020-11-11T16:54:57.410Z,MOBILE,Android
87e4afd3-1bdd-4028-b411-b3b54d165242,CL,2020-11-11T16:56:26.410Z,MOBILE,Android
87e4afd3-1bdd-4028-b411-b3b54d165242,HP,2020-11-11T16:58:03.410Z,MOBILE,Android
87e4afd3-1bdd-4028-b411-b3b54d165242,SCR,2020-11-11T16:59:44.410Z,MOBILE,Android
87e4afd3-1bdd-4028-b411-b3b54d165242,ATC,2020-11-11T17:01:10.410Z,MOBILE,Android
87e4afd3-1bdd-4028-b411-b3b54d165242,ATC,2020-11-11T17:02:35.410Z,MOBILE,Android
87e4afd3-1bdd-4028-b411-b3b54d165242,SCR,2020-11-11T17:04:05.410Z,MOBILE,Android
87e4afd3-1bdd-4028-b411-b3b54d165242,CL,2020-11-11T17:05:30.410Z,MOBILE,Android
87e4afd3-1bdd-4028-b411-b3b54d165242,HP,2020-11-11T17:07:01.410Z,MOBILE,Android
f3ca742c-4126-4a73-be2a-4da02e700a84,HP,2022-05-16T04:40:27.713Z,MOBILE,Android
f3ca742c-4126-4a73-be2a-4da02e700a84,ATC,2022-05-16T12:11:17.713Z,MOBILE,Android
f3ca742c-4126-4a73-be2a-4da02e700a84,AP,2022-05-16T19:45:50.713Z,MOBILE,Android
f3ca742c-4126-4a73-be2a-4da02e700a84,HP,2022-05-16T12:13:52.713Z,MOBILE,Android
f3ca742c-4126-4a73-be2a-4da02e700a84,SCR,2022-05-16T19:48:13.713Z,MOBILE,Android
f3ca742c-4126-4a73-be2a-4da02e700a84,HP,2022-05-17T11:00:56.713Z,MOBILE,Android
f3ca742c-4126-4a73-be2a-4da02e700a84,SCR,2022-05-17T18:37:57.713Z,MOBILE,Android
f3ca742c-4126-4a73-be2a-4da02e700a84,ATC,2022-05-18T02:16:37.713Z,MOBILE,Android
f3ca742c-4126-4a73-be2a-4da02e700a84,ATC,2022-05-18T09:58:11.713Z,MOBILE,Android
f3ca742c-4126-4a73-be2a-4da02e700a84,ATC,2022-05-18T17:29:39.713Z,MOBILE,Android
f3ca742c-4126-4a73-be2a-4da02e700a84,ATC,2022-05-19T01:08:00.713Z,MOBILE,Android
f3ca742c-4126-4a73-be2a-4da02e700a84,SCR,2022-05-19T08:45:57.713Z,MOBILE,Android
f3ca742c-4126-4a73-be2a-4da02e700a84,ATC,2022-05-19T16:21:51.713Z,MOBILE,Android
f3ca742c-4126-4a73-be2a-4da02e700a84,SCR,2022-05-20T00:00:27.713Z,MOBILE,Android
f3ca742c-4126-4a73-be2a-4da02e700a84,SCR,2022-05-20T15:10:18.713Z,MOBILE,Android
f3ca742c-4126-4a73-be2a-4da02e700a84,ATC,2022-05-20T22:42:47.713Z,MOBILE,Android
f3ca742c-4126-4a73-be2a-4da02e700a84,CL,2022-05-21T06:18:55.713Z,MOBILE,Android
f3ca742c-4126-4a73-be2a-4da02e700a84,SCR,2022-05-21T13:55:05.713Z,MOBILE,Android
f3ca742c-4126-4a73-be2a-4da02e700a84,ATC,2022-05-21T21:30:14.713Z,MOBILE,Android
f3ca742c-4126-4a73-be2a-4da02e700a84,ATC,2022-05-22T05:07:53.713Z,MOBILE,Android
f3ca742c-4126-4a73-be2a-4da02e700a84,HP,2022-05-22T20:18:42.713Z,MOBILE,Android
f3ca742c-4126-4a73-be2a-4da02e700a84,HP,2022-05-23T03:52:35.713Z,MOBILE,Android
f3ca742c-4126-4a73-be2a-4da02e700a84,ATC,2022-05-23T19:11:54.713Z,MOBILE,Android
f3ca742c-4126-4a73-be2a-4da02e700a84,ATC,2022-05-24T10:22:14.713Z,MOBILE,Android
f3ca742c-4126-4a73-be2a-4da02e700a84,SCR,2022-05-24T17:57:57.713Z,MOBILE,Android
f3ca742c-4126-4a73-be2a-4da02e700a84,CL,2022-05-25T01:32:23.713Z,MOBILE,Android
f3ca742c-4126-4a73-be2a-4da02e700a84,VI,2022-05-17T03:24:08.713Z,MOBILE,Android
f3ca742c-4126-4a73-be2a-4da02e700a84,VI,2022-05-22T12:42:59.713Z,MOBILE,Android
f1fe366a-e0a7-4fb0-8c38-b5af1845e158,HP,2022-11-18T03:23:38.713Z,MOBILE,Android
f1fe366a-e0a7-4fb0-8c38-b5af1845e158,ATC,2022-11-27T10:41:55.713Z,MOBILE,Android
f1fe366a-e0a7-4fb0-8c38-b5af1845e158,CL,2022-11-27T10:50:58.713Z,MOBILE,Android
5398e90a-c0dd-4ac1-9888-fa9cb0eaea0e,HP,2021-07-15T12:12:40.820Z,MOBILE,Android
5398e90a-c0dd-4ac1-9888-fa9cb0eaea0e,ATC,2021-07-18T14:31:24.820Z,MOBILE,Android
5398e90a-c0dd-4ac1-9888-fa9cb0eaea0e,AP,2021-07-21T16:54:33.820Z,MOBILE,Android
5398e90a-c0dd-4ac1-9888-fa9cb0eaea0e,SCR,2021-07-21T17:22:07.820Z,MOBILE,Android
967125c7-2d38-4e98-8b5e-b68b5b57e8dc,ATC,2022-04-09T10:42:34.820Z,WEB,Android
967125c7-2d38-4e98-8b5e-b68b5b57e8dc,ATC,2022-04-09T10:28:02.820Z,WEB,Android
5398e90a-c0dd-4ac1-9888-fa9cb0eaea0e,VI,2021-07-18T14:40:48.820Z,MOBILE,Android
967125c7-2d38-4e98-8b5e-b68b5b57e8dc,VI,2022-04-11T14:38:23.820Z,WEB,Android
83e5ca7f-d02c-4b08-a27e-f8337a9975d1,HP,2023-05-26T12:06:04.816Z,MOBILE,Android
83e5ca7f-d02c-4b08-a27e-f8337a9975d1,ATC,2023-05-26T15:01:48.816Z,MOBILE,Android
83e5ca7f-d02c-4b08-a27e-f8337a9975d1,AP,2023-05-26T17:58:01.816Z,MOBILE,Android
83e5ca7f-d02c-4b08-a27e-f8337a9975d1,ATC,2023-05-26T18:00:53.816Z,MOBILE,Android
83e5ca7f-d02c-4b08-a27e-f8337a9975d1,ATC,2023-05-27T02:53:20.816Z,MOBILE,Android
83e5ca7f-d02c-4b08-a27e-f8337a9975d1,ATC,2023-05-27T05:53:54.816Z,MOBILE,Android
83e5ca7f-d02c-4b08-a27e-f8337a9975d1,ATC,2023-05-27T08:52:59.816Z,MOBILE,Android
83e5ca7f-d02c-4b08-a27e-f8337a9975d1,SER,2023-05-27T11:52:41.816Z,MOBILE,Android
83e5ca7f-d02c-4b08-a27e-f8337a9975d1,ATC,2023-05-27T14:48:54.816Z,MOBILE,Android
83e5ca7f-d02c-4b08-a27e-f8337a9975d1,ATC,2023-05-27T17:49:21.816Z,MOBILE,Android
83e5ca7f-d02c-4b08-a27e-f8337a9975d1,HP,2023-05-27T23:48:10.816Z,MOBILE,Android
83e5ca7f-d02c-4b08-a27e-f8337a9975d1,SER,2023-05-28T02:45:02.816Z,MOBILE,Android
83e5ca7f-d02c-4b08-a27e-f8337a9975d1,CL,2023-05-28T05:42:09.816Z,MOBILE,Android
9912ac90-114c-4125-9660-f1f40b5ca792,HP,2023-09-19T15:58:15.816Z,MOBILE,Android
9912ac90-114c-4125-9660-f1f40b5ca792,ATC,2023-09-27T04:09:16.816Z,MOBILE,Android
9912ac90-114c-4125-9660-f1f40b5ca792,CL,2023-09-27T04:40:58.816Z,MOBILE,Android
83e5ca7f-d02c-4b08-a27e-f8337a9975d1,VI,2023-05-26T20:59:21.816Z,MOBILE,Android
83e5ca7f-d02c-4b08-a27e-f8337a9975d1,VI,2023-05-26T23:58:05.816Z,MOBILE,Android
9912ac90-114c-4125-9660-f1f40b5ca792,VI,2023-10-04T16:54:19.816Z,MOBILE,Android
1c1615f6-1baf-4611-8160-97ef7a333d72,HP,2022-06-19T00:00:28.499Z,MOBILE,iOS
1c1615f6-1baf-4611-8160-97ef7a333d72,ATC,2022-06-19T21:30:53.499Z,MOBILE,iOS
1c1615f6-1baf-4611-8160-97ef7a333d72,CL,2022-06-19T21:40:42.499Z,MOBILE,iOS
1c1615f6-1baf-4611-8160-97ef7a333d72,ATC,2022-06-20T19:18:44.499Z,MOBILE,iOS
1c1615f6-1baf-4611-8160-97ef7a333d72,SCR,2022-06-21T17:01:32.499Z,MOBILE,iOS
1c1615f6-1baf-4611-8160-97ef7a333d72,ATC,2022-06-22T14:44:16.499Z,MOBILE,iOS
1c1615f6-1baf-4611-8160-97ef7a333d72,ATC,2022-06-23T12:17:42.499Z,MOBILE,iOS
1c1615f6-1baf-4611-8160-97ef7a333d72,ATC,2022-06-24T10:01:04.499Z,MOBILE,iOS
26f4b7a4-e739-4aae-bbd1-38104f8e8ac2,HP,2023-06-21T03:42:00.499Z,MOBILE,iOS
26f4b7a4-e739-4aae-bbd1-38104f8e8ac2,ATC,2023-06-21T22:23:22.499Z,MOBILE,iOS
26f4b7a4-e739-4aae-bbd1-38104f8e8ac2,SCR,2023-06-22T17:14:11.499Z,MOBILE,iOS
26f4b7a4-e739-4aae-bbd1-38104f8e8ac2,ATC,2023-06-23T12:06:06.499Z,MOBILE,iOS
26f4b7a4-e739-4aae-bbd1-38104f8e8ac2,SER,2023-06-24T06:59:43.499Z,MOBILE,iOS
26f4b7a4-e739-4aae-bbd1-38104f8e8ac2,ATC,2023-06-25T01:44:41.499Z,MOBILE,iOS
26f4b7a4-e739-4aae-bbd1-38104f8e8ac2,HP,2023-06-25T20:40:34.499Z,MOBILE,iOS
26f4b7a4-e739-4aae-bbd1-38104f8e8ac2,SCR,2023-06-26T15:28:08.499Z,MOBILE,iOS
26f4b7a4-e739-4aae-bbd1-38104f8e8ac2,SCR,2023-06-28T04:57:02.499Z,MOBILE,iOS
26f4b7a4-e739-4aae-bbd1-38104f8e8ac2,SCR,2023-06-28T23:40:25.499Z,MOBILE,iOS
26f4b7a4-e739-4aae-bbd1-38104f8e8ac2,ATC,2023-06-30T13:25:28.499Z,MOBILE,iOS
26f4b7a4-e739-4aae-bbd1-38104f8e8ac2,SER,2023-07-01T08:19:46.499Z,MOBILE,iOS
26f4b7a4-e739-4aae-bbd1-38104f8e8ac2,CL,2023-07-02T03:04:11.499Z,MOBILE,iOS
26f4b7a4-e739-4aae-bbd1-38104f8e8ac2,CL,2023-07-02T21:50:49.499Z,MOBILE,iOS
26f4b7a4-e739-4aae-bbd1-38104f8e8ac2,ATC,2023-07-03T16:31:55.499Z,MOBILE,iOS
26f4b7a4-e739-4aae-bbd1-38104f8e8ac2,CL,2023-07-05T05:55:06.499Z,MOBILE,iOS
26f4b7a4-e739-4aae-bbd1-38104f8e8ac2,ATC,2023-07-06T00:41:11.499Z,MOBILE,iOS
26f4b7a4-e739-4aae-bbd1-38104f8e8ac2,SCR,2023-07-06T19:33:04.499Z,MOBILE,iOS
26f4b7a4-e739-4aae-bbd1-38104f8e8ac2,SCR,2023-07-07T14:19:08.499Z,MOBILE,iOS
26f4b7a4-e739-4aae-bbd1-38104f8e8ac2,SCR,2023-07-08T09:05:45.499Z,MOBILE,iOS
26f4b7a4-e739-4aae-bbd1-38104f8e8ac2,SCR,2023-07-09T03:57:15.499Z,MOBILE,iOS
26f4b7a4-e739-4aae-bbd1-38104f8e8ac2,ATC,2023-07-09T22:44:43.499Z,MOBILE,iOS
26f4b7a4-e739-4aae-bbd1-38104f8e8ac2,SCR,2023-07-10T17:31:04.499Z,MOBILE,iOS
26f4b7a4-e739-4aae-bbd1-38104f8e8ac2,HP,2023-07-12T07:05:24.499Z,MOBILE,iOS
26f4b7a4-e739-4aae-bbd1-38104f8e8ac2,ATC,2023-07-13T02:02:04.499Z,MOBILE,iOS
26f4b7a4-e739-4aae-bbd1-38104f8e8ac2,HP,2023-07-13T20:49:44.499Z,MOBILE,iOS
26f4b7a4-e739-4aae-bbd1-38104f8e8ac2,VI,2023-07-04T11:10:45.499Z,MOBILE,iOS
26f4b7a4-e739-4aae-bbd1-38104f8e8ac2,VI,2023-07-11T12:14:07.499Z,MOBILE,iOS
1a5deff9-bb40-44b7-8ade-7d7468aa4750,HP,2021-10-21T14:29:17.604Z,MOBILE,Android
1a5deff9-bb40-44b7-8ade-7d7468aa4750,ATC,2021-10-25T04:51:23.604Z,MOBILE,Android
1a5deff9-bb40-44b7-8ade-7d7468aa4750,ATC,2021-10-28T18:45:45.604Z,MOBILE,Android
1a5deff9-bb40-44b7-8ade-7d7468aa4750,AP,2021-11-01T08:49:47.604Z,MOBILE,Android
1a5deff9-bb40-44b7-8ade-7d7468aa4750,HP,2021-10-25T04:28:50.604Z,MOBILE,Android
496f1b0c-1371-40a6-9a17-984ed38dc382,HP,2022-02-17T13:16:52.604Z,MOBILE,Android
496f1b0c-1371-40a6-9a17-984ed38dc382,ATC,2022-02-18T07:27:55.604Z,MOBILE,Android
496f1b0c-1371-40a6-9a17-984ed38dc382,AP,2022-02-19T01:36:45.604Z,MOBILE,Android
496f1b0c-1371-40a6-9a17-984ed38dc382,CL,2022-02-18T07:28:13.604Z,MOBILE,Android
b0c9d0d6-6786-4e4f-9b98-201c0a51c37c,HP,2022-08-18T23:43:35.604Z,MOBILE,Android
b0c9d0d6-6786-4e4f-9b98-201c0a51c37c,ATC,2022-08-19T02:43:48.604Z,MOBILE,Android
b0c9d0d6-6786-4e4f-9b98-201c0a51c37c,ATC,2022-08-19T05:43:24.604Z,MOBILE,Android
b0c9d0d6-6786-4e4f-9b98-201c0a51c37c,SCR,2022-08-19T02:42:38.604Z,MOBILE,Android
b0c9d0d6-6786-4e4f-9b98-201c0a51c37c,HP,2022-08-19T05:44:21.604Z,MOBILE,Android
b0c9d0d6-6786-4e4f-9b98-201c0a51c37c,SCR,2022-08-19T08:45:31.604Z,MOBILE,Android
b0c9d0d6-6786-4e4f-9b98-201c0a51c37c,CL,2022-08-19T11:41:32.604Z,MOBILE,Android
b0c9d0d6-6786-4e4f-9b98-201c0a51c37c,CL,2022-08-19T14:40:43.604Z,MOBILE,Android
b0c9d0d6-6786-4e4f-9b98-201c0a51c37c,ATC,2022-08-19T20:36:47.604Z,MOBILE,Android
b0c9d0d6-6786-4e4f-9b98-201c0a51c37c,CL,2022-08-20T02:34:42.604Z,MOBILE,Android
b0c9d0d6-6786-4e4f-9b98-201c0a51c37c,ATC,2022-08-20T05:35:01.604Z,MOBILE,Android
b0c9d0d6-6786-4e4f-9b98-201c0a51c37c,VI,2022-08-19T17:38:37.604Z,MOBILE,Android
b0c9d0d6-6786-4e4f-9b98-201c0a51c37c,VI,2022-08-19T23:35:45.604Z,MOBILE,Android
08326c43-aa7c-4be2-b1e0-cf77b8714166,HP,2019-01-08T15:21:23.051Z,MOBILE,Android
08326c43-aa7c-4be2-b1e0-cf77b8714166,ATC,2019-01-08T23:30:26.051Z,MOBILE,Android
08326c43-aa7c-4be2-b1e0-cf77b8714166,CL,2019-01-08T23:26:45.051Z,MOBILE,Android
e9c8e8a5-f616-401d-98d7-3d67bf999ab5,HP,2022-02-12T05:51:15.360Z,MOBILE,iOS
e9c8e8a5-f616-401d-98d7-3d67bf999ab5,ATC,2022-02-13T05:30:54.360Z,MOBILE,iOS
e9c8e8a5-f616-401d-98d7-3d67bf999ab5,AP,2022-02-14T05:18:10.360Z,MOBILE,iOS
e9c8e8a5-f616-401d-98d7-3d67bf999ab5,CL,2022-02-13T05:30:27.360Z,MOBILE,iOS
e9c8e8a5-f616-401d-98d7-3d67bf999ab5,CL,2022-02-14T05:13:23.360Z,MOBILE,iOS
e9c8e8a5-f616-401d-98d7-3d67bf999ab5,CL,2022-02-16T04:41:25.360Z,MOBILE,iOS
e9c8e8a5-f616-401d-98d7-3d67bf999ab5,SCR,2022-02-18T04:10:01.360Z,MOBILE,iOS
e9c8e8a5-f616-401d-98d7-3d67bf999ab5,ATC,2022-02-19T03:51:30.360Z,MOBILE,iOS
e9c8e8a5-f616-401d-98d7-3d67bf999ab5,SER,2022-02-21T03:22:41.360Z,MOBILE,iOS
e9c8e8a5-f616-401d-98d7-3d67bf999ab5,CL,2022-02-22T03:06:26.360Z,MOBILE,iOS
e9c8e8a5-f616-401d-98d7-3d67bf999ab5,CL,2022-02-23T02:43:10.360Z,MOBILE,iOS
e9c8e8a5-f616-401d-98d7-3d67bf999ab5,SCR,2022-02-24T02:28:23.360Z,MOBILE,iOS
e9c8e8a5-f616-401d-98d7-3d67bf999ab5,ATC,2022-02-25T02:08:32.360Z,MOBILE,iOS
e9c8e8a5-f616-401d-98d7-3d67bf999ab5,CL,2022-02-27T01:44:19.360Z,MOBILE,iOS
e9c8e8a5-f616-401d-98d7-3d67bf999ab5,CL,2022-02-28T01:25:06.360Z,MOBILE,iOS
e9c8e8a5-f616-401d-98d7-3d67bf999ab5,VI,2022-02-26T01:54:50.360Z,MOBILE,iOS
1fd708fb-0584-4d54-b121-8f3adc84b97d,HP,2023-02-14T11:39:35.360Z,MOBILE,iOS
1fd708fb-0584-4d54-b121-8f3adc84b97d,ATC,2023-02-14T14:31:18.360Z,MOBILE,iOS
1fd708fb-0584-4d54-b121-8f3adc84b97d,AP,2023-02-14T17:19:49.360Z,MOBILE,iOS
1fd708fb-0584-4d54-b121-8f3adc84b97d,SER,2023-02-14T17:24:02.360Z,MOBILE,iOS
5b96d669-065f-47f7-88cd-d30939d825c6,HP,2021-02-18T07:13:54.329Z,WEB,Android
5b96d669-065f-47f7-88cd-d30939d825c6,ATC,2021-02-20T16:21:45.329Z,WEB,Android
5b96d669-065f-47f7-88cd-d30939d825c6,SCR,2021-02-20T16:19:16.329Z,WEB,Android
ec8261e0-e34b-4485-a10d-09c96a8e964f,HP,2022-06-02T23:20:49.329Z,MOBILE,Android
ec8261e0-e34b-4485-a10d-09c96a8e964f,ATC,2022-06-03T14:46:32.329Z,MOBILE,Android
ec8261e0-e34b-4485-a10d-09c96a8e964f,CL,2022-06-03T14:49:51.329Z,MOBILE,Android
ec8261e0-e34b-4485-a10d-09c96a8e964f,ATC,2022-06-04T06:18:23.329Z,MOBILE,Android
ec8261e0-e34b-4485-a10d-09c96a8e964f,SER,2022-06-04T21:43:51.329Z,MOBILE,Android
ec8261e0-e34b-4485-a10d-09c96a8e964f,ATC,2022-06-05T13:20:47.329Z,MOBILE,Android
ec8261e0-e34b-4485-a10d-09c96a8e964f,CL,2022-06-06T04:51:02.329Z,MOBILE,Android
ec8261e0-e34b-4485-a10d-09c96a8e964f,ATC,2022-06-06T20:23:47.329Z,MOBILE,Android
ec8261e0-e34b-4485-a10d-09c96a8e964f,SCR,2022-06-08T18:41:18.329Z,MOBILE,Android
ec8261e0-e34b-4485-a10d-09c96a8e964f,SER,2022-06-11T08:30:32.329Z,MOBILE,Android
ec8261e0-e34b-4485-a10d-09c96a8e964f,CL,2022-06-12T00:03:04.329Z,MOBILE,Android
ec8261e0-e34b-4485-a10d-09c96a8e964f,SCR,2022-06-12T15:33:28.329Z,MOBILE,Android
ec8261e0-e34b-4485-a10d-09c96a8e964f,ATC,2022-06-13T07:00:35.329Z,MOBILE,Android
ec8261e0-e34b-4485-a10d-09c96a8e964f,SCR,2022-06-13T22:32:18.329Z,MOBILE,Android
ec8261e0-e34b-4485-a10d-09c96a8e964f,ATC,2022-06-14T13:58:40.329Z,MOBILE,Android
ec8261e0-e34b-4485-a10d-09c96a8e964f,HP,2022-06-15T20:56:47.329Z,MOBILE,Android
ec8261e0-e34b-4485-a10d-09c96a8e964f,SER,2022-06-17T03:48:57.329Z,MOBILE,Android
ec8261e0-e34b-4485-a10d-09c96a8e964f,ATC,2022-06-18T10:43:32.329Z,MOBILE,Android
76b5f2b6-cd0e-4a86-b2a6-7e9ce9f8eaef,HP,2023-01-05T14:00:06.329Z,MOBILE,Android
4bae7207-66e6-4160-85a4-a09b42a7e0c9,HP,2022-09-15T11:05:14.329Z,MOBILE,Android
4bae7207-66e6-4160-85a4-a09b42a7e0c9,ATC,2022-09-15T17:05:39.329Z,MOBILE,Android
4bae7207-66e6-4160-85a4-a09b42a7e0c9,ATC,2022-09-15T23:13:18.329Z,MOBILE,Android
4bae7207-66e6-4160-85a4-a09b42a7e0c9,ATC,2022-09-16T05:16:19.329Z,MOBILE,Android
4bae7207-66e6-4160-85a4-a09b42a7e0c9,ATC,2022-09-16T11:19:45.329Z,MOBILE,Android
4bae7207-66e6-4160-85a4-a09b42a7e0c9,HP,2022-09-15T17:14:57.329Z,MOBILE,Android
4bae7207-66e6-4160-85a4-a09b42a7e0c9,ATC,2022-09-16T05:28:22.329Z,MOBILE,Android
4bae7207-66e6-4160-85a4-a09b42a7e0c9,SER,2022-09-16T11:30:42.329Z,MOBILE,Android
ec8261e0-e34b-4485-a10d-09c96a8e964f,VI,2022-06-07T11:50:04.329Z,MOBILE,Android
ec8261e0-e34b-4485-a10d-09c96a8e964f,VI,2022-06-08T03:18:15.329Z,MOBILE,Android
ec8261e0-e34b-4485-a10d-09c96a8e964f,VI,2022-06-09T10:06:03.329Z,MOBILE,Android
ec8261e0-e34b-4485-a10d-09c96a8e964f,VI,2022-06-15T05:26:40.329Z,MOBILE,Android
ec8261e0-e34b-4485-a10d-09c96a8e964f,VI,2022-06-16T12:22:39.329Z,MOBILE,Android
ec8261e0-e34b-4485-a10d-09c96a8e964f,VI,2022-06-17T19:15:15.329Z,MOBILE,Android
76b5f2b6-cd0e-4a86-b2a6-7e9ce9f8eaef,ATC,2023-01-05T19:41:45.329Z,MOBILE,Android
76b5f2b6-cd0e-4a86-b2a6-7e9ce9f8eaef,CL,2023-01-05T19:47:25.329Z,MOBILE,Android
76b5f2b6-cd0e-4a86-b2a6-7e9ce9f8eaef,ATC,2023-01-06T01:31:11.329Z,MOBILE,Android
76b5f2b6-cd0e-4a86-b2a6-7e9ce9f8eaef,SER,2023-01-06T07:10:38.329Z,MOBILE,Android
76b5f2b6-cd0e-4a86-b2a6-7e9ce9f8eaef,SER,2023-01-06T12:53:39.329Z,MOBILE,Android
76b5f2b6-cd0e-4a86-b2a6-7e9ce9f8eaef,ATC,2023-01-06T18:36:06.329Z,MOBILE,Android
76b5f2b6-cd0e-4a86-b2a6-7e9ce9f8eaef,ATC,2023-01-07T00:19:24.329Z,MOBILE,Android
76b5f2b6-cd0e-4a86-b2a6-7e9ce9f8eaef,CL,2023-01-07T06:02:38.329Z,MOBILE,Android
76b5f2b6-cd0e-4a86-b2a6-7e9ce9f8eaef,SCR,2023-01-07T11:46:00.329Z,MOBILE,Android
76b5f2b6-cd0e-4a86-b2a6-7e9ce9f8eaef,CL,2023-01-07T17:29:22.329Z,MOBILE,Android
76b5f2b6-cd0e-4a86-b2a6-7e9ce9f8eaef,CL,2023-01-07T23:12:13.329Z,MOBILE,Android
76b5f2b6-cd0e-4a86-b2a6-7e9ce9f8eaef,SER,2023-01-08T04:52:37.329Z,MOBILE,Android
76b5f2b6-cd0e-4a86-b2a6-7e9ce9f8eaef,ATC,2023-01-08T10:37:19.329Z,MOBILE,Android
76b5f2b6-cd0e-4a86-b2a6-7e9ce9f8eaef,ATC,2023-01-08T16:21:23.329Z,MOBILE,Android
76b5f2b6-cd0e-4a86-b2a6-7e9ce9f8eaef,ATC,2023-01-08T22:05:17.329Z,MOBILE,Android
76b5f2b6-cd0e-4a86-b2a6-7e9ce9f8eaef,ATC,2023-01-09T03:46:28.329Z,MOBILE,Android
76b5f2b6-cd0e-4a86-b2a6-7e9ce9f8eaef,CL,2023-01-09T09:27:40.329Z,MOBILE,Android
76b5f2b6-cd0e-4a86-b2a6-7e9ce9f8eaef,SCR,2023-01-09T15:12:07.329Z,MOBILE,Android
76b5f2b6-cd0e-4a86-b2a6-7e9ce9f8eaef,ATC,2023-01-09T20:59:01.329Z,MOBILE,Android
76b5f2b6-cd0e-4a86-b2a6-7e9ce9f8eaef,SER,2023-01-10T08:23:42.329Z,MOBILE,Android
76b5f2b6-cd0e-4a86-b2a6-7e9ce9f8eaef,CL,2023-01-10T14:06:50.329Z,MOBILE,Android
76b5f2b6-cd0e-4a86-b2a6-7e9ce9f8eaef,ATC,2023-01-10T19:52:29.329Z,MOBILE,Android
76b5f2b6-cd0e-4a86-b2a6-7e9ce9f8eaef,SER,2023-01-11T01:32:19.329Z,MOBILE,Android
76b5f2b6-cd0e-4a86-b2a6-7e9ce9f8eaef,SCR,2023-01-11T07:12:39.329Z,MOBILE,Android
76b5f2b6-cd0e-4a86-b2a6-7e9ce9f8eaef,SCR,2023-01-11T12:56:34.329Z,MOBILE,Android
76b5f2b6-cd0e-4a86-b2a6-7e9ce9f8eaef,SCR,2023-01-11T18:39:27.329Z,MOBILE,Android
76b5f2b6-cd0e-4a86-b2a6-7e9ce9f8eaef,HP,2023-01-12T00:21:44.329Z,MOBILE,Android
76b5f2b6-cd0e-4a86-b2a6-7e9ce9f8eaef,ATC,2023-01-12T11:46:47.329Z,MOBILE,Android
76b5f2b6-cd0e-4a86-b2a6-7e9ce9f8eaef,CL,2023-01-13T10:35:19.329Z,MOBILE,Android
76b5f2b6-cd0e-4a86-b2a6-7e9ce9f8eaef,HP,2023-01-13T16:15:12.329Z,MOBILE,Android
76b5f2b6-cd0e-4a86-b2a6-7e9ce9f8eaef,HP,2023-01-13T21:58:07.329Z,MOBILE,Android
76b5f2b6-cd0e-4a86-b2a6-7e9ce9f8eaef,ATC,2023-01-14T03:40:08.329Z,MOBILE,Android
76b5f2b6-cd0e-4a86-b2a6-7e9ce9f8eaef,ATC,2023-01-14T09:24:07.329Z,MOBILE,Android
76b5f2b6-cd0e-4a86-b2a6-7e9ce9f8eaef,SCR,2023-01-14T15:06:47.329Z,MOBILE,Android
76b5f2b6-cd0e-4a86-b2a6-7e9ce9f8eaef,CL,2023-01-14T20:51:56.329Z,MOBILE,Android
76b5f2b6-cd0e-4a86-b2a6-7e9ce9f8eaef,CL,2023-01-15T02:37:29.329Z,MOBILE,Android
76b5f2b6-cd0e-4a86-b2a6-7e9ce9f8eaef,HP,2023-01-15T08:17:25.329Z,MOBILE,Android
23336eb8-9bb0-4ca8-887a-448f166b7374,HP,2023-05-03T15:48:23.329Z,MOBILE,Android
23336eb8-9bb0-4ca8-887a-448f166b7374,ATC,2023-05-05T04:20:02.329Z,MOBILE,Android
23336eb8-9bb0-4ca8-887a-448f166b7374,AP,2023-05-06T16:41:28.329Z,MOBILE,Android
23336eb8-9bb0-4ca8-887a-448f166b7374,CL,2023-05-05T04:15:40.329Z,MOBILE,Android
23336eb8-9bb0-4ca8-887a-448f166b7374,CL,2023-05-06T16:47:56.329Z,MOBILE,Android
23336eb8-9bb0-4ca8-887a-448f166b7374,HP,2023-05-08T05:06:15.329Z,MOBILE,Android
23336eb8-9bb0-4ca8-887a-448f166b7374,CL,2023-05-09T17:25:30.329Z,MOBILE,Android
23336eb8-9bb0-4ca8-887a-448f166b7374,CL,2023-05-11T05:58:52.329Z,MOBILE,Android
c7b5551d-609a-49a4-a448-783ffd64531a,HP,2023-02-14T21:14:42.425Z,MOBILE,Android
c7b5551d-609a-49a4-a448-783ffd64531a,ATC,2023-02-15T12:43:53.425Z,MOBILE,Android
c7b5551d-609a-49a4-a448-783ffd64531a,HP,2023-02-16T04:02:41.425Z,MOBILE,Android
c7b5551d-609a-49a4-a448-783ffd64531a,SER,2023-02-16T19:30:39.425Z,MOBILE,Android
c7b5551d-609a-49a4-a448-783ffd64531a,CL,2023-02-17T11:06:33.425Z,MOBILE,Android
c7b5551d-609a-49a4-a448-783ffd64531a,CL,2023-02-18T02:28:24.425Z,MOBILE,Android
c7b5551d-609a-49a4-a448-783ffd64531a,CL,2023-02-18T17:51:16.425Z,MOBILE,Android
c7b5551d-609a-49a4-a448-783ffd64531a,CL,2023-03-04T18:14:18.425Z,MOBILE,Android
1c26f3dc-15dc-4b06-8afc-204974dbde41,HP,2023-04-12T07:42:58.425Z,MOBILE,Android
1c26f3dc-15dc-4b06-8afc-204974dbde41,ATC,2023-04-12T09:46:27.425Z,MOBILE,Android
1c26f3dc-15dc-4b06-8afc-204974dbde41,CL,2023-04-12T09:47:45.425Z,MOBILE,Android
1c26f3dc-15dc-4b06-8afc-204974dbde41,SER,2023-04-12T13:56:57.425Z,MOBILE,Android
1c26f3dc-15dc-4b06-8afc-204974dbde41,CL,2023-04-12T16:00:41.425Z,MOBILE,Android
1c26f3dc-15dc-4b06-8afc-204974dbde41,CL,2023-04-12T20:07:46.425Z,MOBILE,Android
1c26f3dc-15dc-4b06-8afc-204974dbde41,CL,2023-04-12T22:10:51.425Z,MOBILE,Android
c7b5551d-609a-49a4-a448-783ffd64531a,VI,2023-02-15T12:36:35.425Z,MOBILE,Android
1c26f3dc-15dc-4b06-8afc-204974dbde41,VI,2023-04-12T18:03:42.425Z,MOBILE,Android
0068867a-d577-47f8-8f09-ca76091ca8cd,HP,2023-12-09T00:24:13.425Z,MOBILE,Android
0068867a-d577-47f8-8f09-ca76091ca8cd,ATC,2023-12-10T06:15:38.425Z,MOBILE,Android
0068867a-d577-47f8-8f09-ca76091ca8cd,AP,2023-12-11T12:13:00.425Z,MOBILE,Android
0068867a-d577-47f8-8f09-ca76091ca8cd,CL,2023-12-10T06:07:41.425Z,MOBILE,Android
0068867a-d577-47f8-8f09-ca76091ca8cd,CL,2023-12-11T11:53:34.425Z,MOBILE,Android
0068867a-d577-47f8-8f09-ca76091ca8cd,SCR,2023-12-12T17:35:37.425Z,MOBILE,Android
0534aed8-4732-4d62-a723-4b68f2ac1240,HP,2021-05-10T00:56:12.973Z,MOBILE,Android
0534aed8-4732-4d62-a723-4b68f2ac1240,ATC,2021-05-11T00:02:09.973Z,MOBILE,Android
0534aed8-4732-4d62-a723-4b68f2ac1240,ATC,2021-05-11T23:05:25.973Z,MOBILE,Android
0534aed8-4732-4d62-a723-4b68f2ac1240,SER,2021-05-10T23:58:05.973Z,MOBILE,Android
0534aed8-4732-4d62-a723-4b68f2ac1240,SER,2021-05-11T22:58:56.973Z,MOBILE,Android
70da9316-a817-4f57-8bd5-4192829462d0,HP,2021-09-06T08:27:53.973Z,MOBILE,Android
70da9316-a817-4f57-8bd5-4192829462d0,ATC,2021-09-06T10:29:27.973Z,MOBILE,Android
70da9316-a817-4f57-8bd5-4192829462d0,HP,2021-09-06T10:30:04.973Z,MOBILE,Android
70da9316-a817-4f57-8bd5-4192829462d0,CL,2021-09-06T12:31:55.973Z,MOBILE,Android
70da9316-a817-4f57-8bd5-4192829462d0,SCR,2021-09-06T14:31:00.973Z,MOBILE,Android
70da9316-a817-4f57-8bd5-4192829462d0,HP,2021-09-06T18:32:07.973Z,MOBILE,Android
70da9316-a817-4f57-8bd5-4192829462d0,CL,2021-09-06T20:33:27.973Z,MOBILE,Android
70da9316-a817-4f57-8bd5-4192829462d0,SCR,2021-09-06T22:34:43.973Z,MOBILE,Android
70da9316-a817-4f57-8bd5-4192829462d0,HP,2021-09-07T00:35:15.973Z,MOBILE,Android
70da9316-a817-4f57-8bd5-4192829462d0,CL,2021-09-07T02:37:52.973Z,MOBILE,Android
70da9316-a817-4f57-8bd5-4192829462d0,CL,2021-09-07T04:39:31.973Z,MOBILE,Android
70da9316-a817-4f57-8bd5-4192829462d0,SER,2021-09-07T06:40:48.973Z,MOBILE,Android
70da9316-a817-4f57-8bd5-4192829462d0,CL,2021-09-07T08:41:05.973Z,MOBILE,Android
70da9316-a817-4f57-8bd5-4192829462d0,HP,2021-09-07T10:43:33.973Z,MOBILE,Android
70da9316-a817-4f57-8bd5-4192829462d0,CL,2021-09-07T14:46:17.973Z,MOBILE,Android
70da9316-a817-4f57-8bd5-4192829462d0,SCR,2021-09-07T16:50:39.973Z,MOBILE,Android
70da9316-a817-4f57-8bd5-4192829462d0,HP,2021-09-09T14:42:31.973Z,MOBILE,Android
70da9316-a817-4f57-8bd5-4192829462d0,SER,2021-09-13T01:45:56.973Z,MOBILE,Android
70da9316-a817-4f57-8bd5-4192829462d0,HP,2021-09-14T19:38:18.973Z,MOBILE,Android
70da9316-a817-4f57-8bd5-4192829462d0,HP,2021-09-18T06:53:56.973Z,MOBILE,Android
70da9316-a817-4f57-8bd5-4192829462d0,HP,2021-09-20T00:40:10.973Z,MOBILE,Android
70da9316-a817-4f57-8bd5-4192829462d0,HP,2021-09-21T18:25:20.973Z,MOBILE,Android
70da9316-a817-4f57-8bd5-4192829462d0,HP,2021-09-23T12:12:14.973Z,MOBILE,Android
70da9316-a817-4f57-8bd5-4192829462d0,HP,2021-09-25T05:54:50.973Z,MOBILE,Android
70da9316-a817-4f57-8bd5-4192829462d0,HP,2021-09-28T17:13:36.973Z,MOBILE,Android
70da9316-a817-4f57-8bd5-4192829462d0,CL,2021-09-30T10:54:49.973Z,MOBILE,Android
70da9316-a817-4f57-8bd5-4192829462d0,VI,2021-09-06T16:30:20.973Z,MOBILE,Android
70da9316-a817-4f57-8bd5-4192829462d0,VI,2021-09-07T12:44:27.973Z,MOBILE,Android
70da9316-a817-4f57-8bd5-4192829462d0,VI,2021-09-16T13:08:28.973Z,MOBILE,Android
8401b7f3-4271-44df-ba79-79b5a8db05fc,HP,2022-11-29T06:11:59.973Z,MOBILE,Android
8401b7f3-4271-44df-ba79-79b5a8db05fc,ATC,2022-12-04T10:10:27.973Z,MOBILE,Android
a87154f8-786a-44c2-a7f2-ad9375d9053d,HP,2023-05-04T11:07:26.973Z,MOBILE,Android
a87154f8-786a-44c2-a7f2-ad9375d9053d,ATC,2023-05-05T04:25:28.973Z,MOBILE,Android
a87154f8-786a-44c2-a7f2-ad9375d9053d,AP,2023-05-05T21:31:08.973Z,MOBILE,Android
a87154f8-786a-44c2-a7f2-ad9375d9053d,CL,2023-05-05T04:20:19.973Z,MOBILE,Android
a87154f8-786a-44c2-a7f2-ad9375d9053d,VI,2023-05-05T21:30:51.973Z,MOBILE,Android
a87154f8-786a-44c2-a7f2-ad9375d9053d,VI,2023-05-06T14:42:27.973Z,MOBILE,Android
9b411fb6-f237-4890-a711-36890088a2b9,HP,2023-02-19T15:59:21.018Z,MOBILE,Android
9b411fb6-f237-4890-a711-36890088a2b9,ATC,2023-02-19T18:31:18.018Z,MOBILE,Android
9b411fb6-f237-4890-a711-36890088a2b9,SER,2023-02-19T18:30:49.018Z,MOBILE,Android
9b411fb6-f237-4890-a711-36890088a2b9,HP,2023-02-19T21:01:45.018Z,MOBILE,Android
9b411fb6-f237-4890-a711-36890088a2b9,SCR,2023-02-19T23:34:30.018Z,MOBILE,Android
9b411fb6-f237-4890-a711-36890088a2b9,SCR,2023-02-20T02:08:12.018Z,MOBILE,Android
9b411fb6-f237-4890-a711-36890088a2b9,SCR,2023-02-20T04:41:17.018Z,MOBILE,Android
9b411fb6-f237-4890-a711-36890088a2b9,CL,2023-02-20T09:51:24.018Z,MOBILE,Android
9b411fb6-f237-4890-a711-36890088a2b9,CL,2023-02-20T12:24:58.018Z,MOBILE,Android
9b411fb6-f237-4890-a711-36890088a2b9,HP,2023-02-20T14:58:17.018Z,MOBILE,Android
9b411fb6-f237-4890-a711-36890088a2b9,HP,2023-02-20T17:29:39.018Z,MOBILE,Android
9b411fb6-f237-4890-a711-36890088a2b9,SER,2023-02-20T20:02:53.018Z,MOBILE,Android
9b411fb6-f237-4890-a711-36890088a2b9,CL,2023-02-20T22:37:01.018Z,MOBILE,Android
9b411fb6-f237-4890-a711-36890088a2b9,HP,2023-02-21T01:11:47.018Z,MOBILE,Android
9b411fb6-f237-4890-a711-36890088a2b9,SER,2023-02-21T03:43:39.018Z,MOBILE,Android
9b411fb6-f237-4890-a711-36890088a2b9,CL,2023-02-21T06:15:54.018Z,MOBILE,Android
9b411fb6-f237-4890-a711-36890088a2b9,SCR,2023-02-21T08:48:35.018Z,MOBILE,Android
9b411fb6-f237-4890-a711-36890088a2b9,CL,2023-02-21T11:21:44.018Z,MOBILE,Android
9b411fb6-f237-4890-a711-36890088a2b9,SER,2023-02-21T13:55:47.018Z,MOBILE,Android
9b411fb6-f237-4890-a711-36890088a2b9,CL,2023-02-21T16:28:41.018Z,MOBILE,Android
9b411fb6-f237-4890-a711-36890088a2b9,CL,2023-02-21T19:01:17.018Z,MOBILE,Android
9b411fb6-f237-4890-a711-36890088a2b9,VI,2023-02-20T07:16:39.018Z,MOBILE,Android
9b411fb6-f237-4890-a711-36890088a2b9,VI,2023-02-21T21:32:29.018Z,MOBILE,Android
2fb1b29f-6965-4103-bf0b-030c15e4dc46,HP,2023-06-01T12:44:07.018Z,MOBILE,Android
2fb1b29f-6965-4103-bf0b-030c15e4dc46,ATC,2023-06-02T16:11:31.018Z,MOBILE,Android
2fb1b29f-6965-4103-bf0b-030c15e4dc46,SCR,2023-06-02T16:24:14.018Z,MOBILE,Android
2fb1b29f-6965-4103-bf0b-030c15e4dc46,SER,2023-06-03T20:08:17.018Z,MOBILE,Android
abfc290b-392e-4507-9ba9-e7830043081a,HP,2023-09-11T17:48:56.405Z,MOBILE,iOS
abfc290b-392e-4507-9ba9-e7830043081a,ATC,2023-09-12T09:11:08.405Z,MOBILE,iOS
abfc290b-392e-4507-9ba9-e7830043081a,AP,2023-09-13T00:28:51.405Z,MOBILE,iOS
76bfd490-1e1c-47c0-8e1f-3654c8be7b79,HP,2022-08-25T21:13:58.876Z,MOBILE,Android
76bfd490-1e1c-47c0-8e1f-3654c8be7b79,ATC,2022-08-25T23:44:26.876Z,MOBILE,Android
76bfd490-1e1c-47c0-8e1f-3654c8be7b79,CL,2022-08-25T23:42:15.876Z,MOBILE,Android
76bfd490-1e1c-47c0-8e1f-3654c8be7b79,CL,2022-08-26T02:11:44.876Z,MOBILE,Android
76bfd490-1e1c-47c0-8e1f-3654c8be7b79,SCR,2022-08-26T04:42:25.876Z,MOBILE,Android
76bfd490-1e1c-47c0-8e1f-3654c8be7b79,SER,2022-08-26T07:12:37.876Z,MOBILE,Android
76bfd490-1e1c-47c0-8e1f-3654c8be7b79,HP,2022-08-26T12:08:40.876Z,MOBILE,Android
76bfd490-1e1c-47c0-8e1f-3654c8be7b79,CL,2022-08-26T14:42:05.876Z,MOBILE,Android
76bfd490-1e1c-47c0-8e1f-3654c8be7b79,CL,2022-08-26T19:39:44.876Z,MOBILE,Android
76bfd490-1e1c-47c0-8e1f-3654c8be7b79,SER,2022-08-26T22:08:15.876Z,MOBILE,Android
76bfd490-1e1c-47c0-8e1f-3654c8be7b79,CL,2022-08-27T00:38:19.876Z,MOBILE,Android
76bfd490-1e1c-47c0-8e1f-3654c8be7b79,HP,2022-08-27T03:09:35.876Z,MOBILE,Android
76bfd490-1e1c-47c0-8e1f-3654c8be7b79,SER,2022-08-27T05:38:42.876Z,MOBILE,Android
76bfd490-1e1c-47c0-8e1f-3654c8be7b79,CL,2022-08-27T08:08:03.876Z,MOBILE,Android
76bfd490-1e1c-47c0-8e1f-3654c8be7b79,SCR,2022-08-27T10:35:39.876Z,MOBILE,Android
76bfd490-1e1c-47c0-8e1f-3654c8be7b79,SCR,2022-08-27T13:04:26.876Z,MOBILE,Android
76bfd490-1e1c-47c0-8e1f-3654c8be7b79,HP,2022-08-27T15:33:58.876Z,MOBILE,Android
76bfd490-1e1c-47c0-8e1f-3654c8be7b79,SER,2022-08-27T18:07:09.876Z,MOBILE,Android
76bfd490-1e1c-47c0-8e1f-3654c8be7b79,SER,2022-08-27T20:36:33.876Z,MOBILE,Android
76bfd490-1e1c-47c0-8e1f-3654c8be7b79,SCR,2022-08-27T23:06:35.876Z,MOBILE,Android
76bfd490-1e1c-47c0-8e1f-3654c8be7b79,HP,2022-08-28T01:37:39.876Z,MOBILE,Android
76bfd490-1e1c-47c0-8e1f-3654c8be7b79,SER,2022-08-28T04:06:32.876Z,MOBILE,Android
76bfd490-1e1c-47c0-8e1f-3654c8be7b79,SCR,2022-08-28T06:34:36.876Z,MOBILE,Android
76bfd490-1e1c-47c0-8e1f-3654c8be7b79,SCR,2022-08-28T09:01:16.876Z,MOBILE,Android
76bfd490-1e1c-47c0-8e1f-3654c8be7b79,CL,2022-08-28T11:32:09.876Z,MOBILE,Android
76bfd490-1e1c-47c0-8e1f-3654c8be7b79,CL,2022-08-28T14:03:41.876Z,MOBILE,Android
76bfd490-1e1c-47c0-8e1f-3654c8be7b79,CL,2022-08-28T16:33:07.876Z,MOBILE,Android
76bfd490-1e1c-47c0-8e1f-3654c8be7b79,CL,2022-08-28T19:02:47.876Z,MOBILE,Android
76bfd490-1e1c-47c0-8e1f-3654c8be7b79,SCR,2022-08-28T21:31:16.876Z,MOBILE,Android
76bfd490-1e1c-47c0-8e1f-3654c8be7b79,SER,2022-08-29T02:30:15.876Z,MOBILE,Android
76bfd490-1e1c-47c0-8e1f-3654c8be7b79,CL,2022-08-29T05:00:17.876Z,MOBILE,Android
76bfd490-1e1c-47c0-8e1f-3654c8be7b79,SER,2022-08-29T09:55:38.876Z,MOBILE,Android
76bfd490-1e1c-47c0-8e1f-3654c8be7b79,CL,2022-08-29T12:20:46.876Z,MOBILE,Android
76bfd490-1e1c-47c0-8e1f-3654c8be7b79,SER,2022-08-29T17:23:38.876Z,MOBILE,Android
76bfd490-1e1c-47c0-8e1f-3654c8be7b79,SER,2022-08-29T22:22:06.876Z,MOBILE,Android
76bfd490-1e1c-47c0-8e1f-3654c8be7b79,CL,2022-08-30T00:48:22.876Z,MOBILE,Android
76bfd490-1e1c-47c0-8e1f-3654c8be7b79,CL,2022-08-30T03:18:42.876Z,MOBILE,Android
76bfd490-1e1c-47c0-8e1f-3654c8be7b79,CL,2022-08-30T10:39:08.876Z,MOBILE,Android
76bfd490-1e1c-47c0-8e1f-3654c8be7b79,CL,2022-08-30T13:07:37.876Z,MOBILE,Android
76bfd490-1e1c-47c0-8e1f-3654c8be7b79,VI,2022-08-26T09:39:57.876Z,MOBILE,Android
05a24458-66c4-4130-b06c-774026cb2d46,HP,2023-02-18T14:11:50.876Z,MOBILE,Android
05a24458-66c4-4130-b06c-774026cb2d46,ATC,2023-02-18T19:11:17.876Z,MOBILE,Android
05a24458-66c4-4130-b06c-774026cb2d46,ATC,2023-02-19T00:10:48.876Z,MOBILE,Android
05a24458-66c4-4130-b06c-774026cb2d46,SER,2023-02-18T19:10:55.876Z,MOBILE,Android
05a24458-66c4-4130-b06c-774026cb2d46,SCR,2023-02-19T05:13:57.876Z,MOBILE,Android
05a24458-66c4-4130-b06c-774026cb2d46,SCR,2023-02-19T10:11:53.876Z,MOBILE,Android
05a24458-66c4-4130-b06c-774026cb2d46,HP,2023-02-19T15:09:41.876Z,MOBILE,Android
05a24458-66c4-4130-b06c-774026cb2d46,HP,2023-02-19T20:07:37.876Z,MOBILE,Android
05a24458-66c4-4130-b06c-774026cb2d46,CL,2023-02-20T06:09:54.876Z,MOBILE,Android
05a24458-66c4-4130-b06c-774026cb2d46,HP,2023-02-20T11:11:25.876Z,MOBILE,Android
05a24458-66c4-4130-b06c-774026cb2d46,CL,2023-02-20T16:11:02.876Z,MOBILE,Android
05a24458-66c4-4130-b06c-774026cb2d46,SCR,2023-02-20T21:09:41.876Z,MOBILE,Android
05a24458-66c4-4130-b06c-774026cb2d46,SCR,2023-02-21T02:07:59.876Z,MOBILE,Android
05a24458-66c4-4130-b06c-774026cb2d46,CL,2023-02-21T07:06:17.876Z,MOBILE,Android
05a24458-66c4-4130-b06c-774026cb2d46,SCR,2023-02-21T12:02:43.876Z,MOBILE,Android
05a24458-66c4-4130-b06c-774026cb2d46,SER,2023-02-21T17:00:52.876Z,MOBILE,Android
05a24458-66c4-4130-b06c-774026cb2d46,SER,2023-02-21T22:00:54.876Z,MOBILE,Android
05a24458-66c4-4130-b06c-774026cb2d46,HP,2023-02-22T02:59:51.876Z,MOBILE,Android
05a24458-66c4-4130-b06c-774026cb2d46,SER,2023-02-22T07:59:28.876Z,MOBILE,Android
bfca2419-69ab-4829-b27e-b398219848ea,HP,2023-03-07T18:30:25.876Z,MOBILE,Android
bfca2419-69ab-4829-b27e-b398219848ea,ATC,2023-03-08T14:28:16.876Z,MOBILE,Android
bfca2419-69ab-4829-b27e-b398219848ea,HP,2023-03-09T10:38:58.876Z,MOBILE,Android
bfca2419-69ab-4829-b27e-b398219848ea,HP,2023-03-10T06:39:40.876Z,MOBILE,Android
bfca2419-69ab-4829-b27e-b398219848ea,SCR,2023-03-11T02:50:07.876Z,MOBILE,Android
bfca2419-69ab-4829-b27e-b398219848ea,SER,2023-03-11T22:51:50.876Z,MOBILE,Android
bfca2419-69ab-4829-b27e-b398219848ea,CL,2023-03-12T18:56:44.876Z,MOBILE,Android
bfca2419-69ab-4829-b27e-b398219848ea,SCR,2023-03-13T14:55:39.876Z,MOBILE,Android
bfca2419-69ab-4829-b27e-b398219848ea,SCR,2023-03-14T11:02:20.876Z,MOBILE,Android
bfca2419-69ab-4829-b27e-b398219848ea,VI,2023-03-08T14:35:07.876Z,MOBILE,Android
bfca2419-69ab-4829-b27e-b398219848ea,VI,2023-03-15T07:05:12.876Z,MOBILE,Android
4c54e43b-31a9-487c-8d0b-9156782eb01f,HP,2021-03-24T13:07:55.507Z,MOBILE,Android
4c54e43b-31a9-487c-8d0b-9156782eb01f,ATC,2021-03-25T02:33:05.507Z,MOBILE,Android
4c54e43b-31a9-487c-8d0b-9156782eb01f,ATC,2021-03-25T15:57:38.507Z,MOBILE,Android
4c54e43b-31a9-487c-8d0b-9156782eb01f,AP,2021-03-26T05:18:00.507Z,MOBILE,Android
4c54e43b-31a9-487c-8d0b-9156782eb01f,HP,2021-03-25T02:29:25.507Z,MOBILE,Android
4c54e43b-31a9-487c-8d0b-9156782eb01f,HP,2021-03-26T05:17:34.507Z,MOBILE,Android
4c54e43b-31a9-487c-8d0b-9156782eb01f,ATC,2021-03-26T18:39:12.507Z,MOBILE,Android
4c54e43b-31a9-487c-8d0b-9156782eb01f,VI,2021-03-25T15:51:35.507Z,MOBILE,Android
b2f761f8-4183-4cdd-85c6-70d7c6366065,HP,2021-05-28T16:46:54.352Z,WEB,Android
b2f761f8-4183-4cdd-85c6-70d7c6366065,ATC,2021-06-01T01:31:04.352Z,WEB,Android
b2f761f8-4183-4cdd-85c6-70d7c6366065,AP,2021-06-04T10:14:30.352Z,WEB,Android
b2f761f8-4183-4cdd-85c6-70d7c6366065,ATC,2021-06-01T01:20:58.352Z,WEB,Android
b2f761f8-4183-4cdd-85c6-70d7c6366065,SCR,2021-06-04T09:54:29.352Z,WEB,Android
b2f761f8-4183-4cdd-85c6-70d7c6366065,ATC,2021-06-07T18:33:05.352Z,WEB,Android
b2f761f8-4183-4cdd-85c6-70d7c6366065,ATC,2021-06-11T03:08:38.352Z,WEB,Android
b2f761f8-4183-4cdd-85c6-70d7c6366065,SER,2021-06-17T19:58:47.352Z,WEB,Android
b2f761f8-4183-4cdd-85c6-70d7c6366065,SER,2021-06-24T13:31:45.352Z,WEB,Android
b2f761f8-4183-4cdd-85c6-70d7c6366065,VI,2021-06-21T04:56:40.352Z,WEB,Android
73249a65-55a0-4d96-a29c-ffc5eb310f83,HP,2021-09-16T05:31:03.348Z,MOBILE,Android
73249a65-55a0-4d96-a29c-ffc5eb310f83,ATC,2021-09-18T02:28:35.348Z,MOBILE,Android
73249a65-55a0-4d96-a29c-ffc5eb310f83,AP,2021-09-19T23:29:43.348Z,MOBILE,Android
73249a65-55a0-4d96-a29c-ffc5eb310f83,CL,2021-09-18T02:26:29.348Z,MOBILE,Android
73249a65-55a0-4d96-a29c-ffc5eb310f83,CL,2021-09-19T23:19:08.348Z,MOBILE,Android
73249a65-55a0-4d96-a29c-ffc5eb310f83,SCR,2021-09-21T20:05:42.348Z,MOBILE,Android
73249a65-55a0-4d96-a29c-ffc5eb310f83,CL,2021-09-23T17:05:13.348Z,MOBILE,Android
73249a65-55a0-4d96-a29c-ffc5eb310f83,HP,2021-09-25T13:57:25.348Z,MOBILE,Android
f89731e8-3dcd-4a09-9a2a-32794662e492,HP,2022-12-23T05:20:32.348Z,MOBILE,Android
f89731e8-3dcd-4a09-9a2a-32794662e492,ATC,2022-12-24T18:52:16.348Z,MOBILE,Android
f89731e8-3dcd-4a09-9a2a-32794662e492,AP,2022-12-26T08:38:48.348Z,MOBILE,Android
f89731e8-3dcd-4a09-9a2a-32794662e492,SCR,2022-12-24T19:11:14.348Z,MOBILE,Android
f89731e8-3dcd-4a09-9a2a-32794662e492,CL,2022-12-27T22:45:30.348Z,MOBILE,Android
f89731e8-3dcd-4a09-9a2a-32794662e492,SER,2022-12-31T02:20:56.348Z,MOBILE,Android
f89731e8-3dcd-4a09-9a2a-32794662e492,CL,2023-01-01T16:07:22.348Z,MOBILE,Android
f89731e8-3dcd-4a09-9a2a-32794662e492,ATC,2023-01-03T05:57:55.348Z,MOBILE,Android
f89731e8-3dcd-4a09-9a2a-32794662e492,HP,2023-01-06T09:36:36.348Z,MOBILE,Android
f89731e8-3dcd-4a09-9a2a-32794662e492,VI,2022-12-29T12:31:41.348Z,MOBILE,Android
f89731e8-3dcd-4a09-9a2a-32794662e492,VI,2023-01-04T19:51:24.348Z,MOBILE,Android
edb912d3-f051-4b25-930d-add1bac6bf57,HP,2023-09-27T09:18:56.348Z,MOBILE,Android
edb912d3-f051-4b25-930d-add1bac6bf57,ATC,2023-09-27T11:07:58.348Z,MOBILE,Android
edb912d3-f051-4b25-930d-add1bac6bf57,AP,2023-09-27T12:56:30.348Z,MOBILE,Android
edb912d3-f051-4b25-930d-add1bac6bf57,ATC,2023-09-27T12:54:41.348Z,MOBILE,Android
edb912d3-f051-4b25-930d-add1bac6bf57,CL,2023-09-27T16:36:17.348Z,MOBILE,Android
edb912d3-f051-4b25-930d-add1bac6bf57,HP,2023-09-27T18:24:01.348Z,MOBILE,Android
edb912d3-f051-4b25-930d-add1bac6bf57,CL,2023-09-27T20:12:59.348Z,MOBILE,Android
edb912d3-f051-4b25-930d-add1bac6bf57,ATC,2023-09-27T22:02:40.348Z,MOBILE,Android
edb912d3-f051-4b25-930d-add1bac6bf57,VI,2023-09-27T11:06:44.348Z,MOBILE,Android
d0c243fa-319e-4137-a9d0-4e8d600e2fee,HP,2022-08-18T06:05:29.076Z,MOBILE,Android
d0c243fa-319e-4137-a9d0-4e8d600e2fee,ATC,2022-08-18T15:24:37.076Z,MOBILE,Android
d0c243fa-319e-4137-a9d0-4e8d600e2fee,AP,2022-08-19T00:42:10.076Z,MOBILE,Android
d0c243fa-319e-4137-a9d0-4e8d600e2fee,HP,2022-08-18T15:19:11.076Z,MOBILE,Android
d0c243fa-319e-4137-a9d0-4e8d600e2fee,ATC,2022-08-19T00:36:56.076Z,MOBILE,Android
d0c243fa-319e-4137-a9d0-4e8d600e2fee,SER,2022-08-19T09:55:27.076Z,MOBILE,Android
d0c243fa-319e-4137-a9d0-4e8d600e2fee,SER,2022-08-19T19:11:45.076Z,MOBILE,Android
d0c243fa-319e-4137-a9d0-4e8d600e2fee,ATC,2022-08-20T04:32:22.076Z,MOBILE,Android
d0c243fa-319e-4137-a9d0-4e8d600e2fee,CL,2022-08-20T23:11:43.076Z,MOBILE,Android
d0c243fa-319e-4137-a9d0-4e8d600e2fee,HP,2022-08-21T08:30:41.076Z,MOBILE,Android
d0c243fa-319e-4137-a9d0-4e8d600e2fee,CL,2022-08-22T03:17:15.076Z,MOBILE,Android
d0c243fa-319e-4137-a9d0-4e8d600e2fee,CL,2022-08-22T21:47:24.076Z,MOBILE,Android
d0c243fa-319e-4137-a9d0-4e8d600e2fee,CL,2022-08-23T07:02:54.076Z,MOBILE,Android
d0c243fa-319e-4137-a9d0-4e8d600e2fee,CL,2022-08-24T01:38:12.076Z,MOBILE,Android
d0c243fa-319e-4137-a9d0-4e8d600e2fee,SCR,2022-08-24T10:56:46.076Z,MOBILE,Android
d0c243fa-319e-4137-a9d0-4e8d600e2fee,CL,2022-08-24T20:16:14.076Z,MOBILE,Android
d0c243fa-319e-4137-a9d0-4e8d600e2fee,ATC,2022-08-25T05:29:17.076Z,MOBILE,Android
d0c243fa-319e-4137-a9d0-4e8d600e2fee,CL,2022-08-25T14:45:08.076Z,MOBILE,Android
d0c243fa-319e-4137-a9d0-4e8d600e2fee,CL,2022-08-26T00:03:11.076Z,MOBILE,Android
d0c243fa-319e-4137-a9d0-4e8d600e2fee,SCR,2022-08-26T09:22:46.076Z,MOBILE,Android
d0c243fa-319e-4137-a9d0-4e8d600e2fee,ATC,2022-08-26T18:48:14.076Z,MOBILE,Android
d0c243fa-319e-4137-a9d0-4e8d600e2fee,CL,2022-08-27T04:09:24.076Z,MOBILE,Android
d0c243fa-319e-4137-a9d0-4e8d600e2fee,VI,2022-08-20T13:50:24.076Z,MOBILE,Android
d0c243fa-319e-4137-a9d0-4e8d600e2fee,VI,2022-08-21T17:51:07.076Z,MOBILE,Android
d0c243fa-319e-4137-a9d0-4e8d600e2fee,VP,2022-08-22T12:32:44.076Z,MOBILE,Android
55ffd1ad-4b72-4465-83fc-1e1ab4d48cc7,HP,2023-03-02T01:08:21.076Z,MOBILE,Android
55ffd1ad-4b72-4465-83fc-1e1ab4d48cc7,ATC,2023-03-02T11:21:10.076Z,MOBILE,Android
55ffd1ad-4b72-4465-83fc-1e1ab4d48cc7,SER,2023-03-02T11:23:21.076Z,MOBILE,Android
a81d7795-177b-4c90-a804-75dfaafe568a,HP,2023-04-27T08:02:47.076Z,MOBILE,Android
a81d7795-177b-4c90-a804-75dfaafe568a,ATC,2023-04-29T04:28:29.076Z,MOBILE,Android
a81d7795-177b-4c90-a804-75dfaafe568a,ATC,2023-05-01T00:45:20.076Z,MOBILE,Android
a81d7795-177b-4c90-a804-75dfaafe568a,AP,2023-05-02T21:05:02.076Z,MOBILE,Android
a81d7795-177b-4c90-a804-75dfaafe568a,SER,2023-04-29T04:46:10.076Z,MOBILE,Android
a81d7795-177b-4c90-a804-75dfaafe568a,SER,2023-05-02T21:52:00.076Z,MOBILE,Android
a81d7795-177b-4c90-a804-75dfaafe568a,VI,2023-05-01T01:26:54.076Z,MOBILE,Android
c4936e82-d02a-43cc-9fa6-036b54d12039,HP,2023-12-01T15:55:49.194Z,MOBILE,Android
c4936e82-d02a-43cc-9fa6-036b54d12039,ATC,2023-12-04T23:08:21.194Z,MOBILE,Android
c4936e82-d02a-43cc-9fa6-036b54d12039,CL,2023-12-04T23:16:37.194Z,MOBILE,Android
c4936e82-d02a-43cc-9fa6-036b54d12039,CL,2023-12-08T06:16:01.194Z,MOBILE,Android
c4936e82-d02a-43cc-9fa6-036b54d12039,SCR,2023-12-11T13:30:04.194Z,MOBILE,Android
c4936e82-d02a-43cc-9fa6-036b54d12039,ATC,2023-12-14T20:39:18.194Z,MOBILE,Android
c4936e82-d02a-43cc-9fa6-036b54d12039,CL,2023-12-21T11:04:29.194Z,MOBILE,Android
5451c063-b2f8-4445-a4f3-43face42c336,HP,2022-11-23T07:47:33.577Z,MOBILE,Android
5451c063-b2f8-4445-a4f3-43face42c336,ATC,2022-11-25T03:48:27.577Z,MOBILE,Android
5451c063-b2f8-4445-a4f3-43face42c336,AP,2022-11-26T23:45:15.577Z,MOBILE,Android
5451c063-b2f8-4445-a4f3-43face42c336,HP,2022-11-25T03:40:37.577Z,MOBILE,Android
3e86bc7b-3e4b-4df7-9ccf-c07f08692dae,HP,2023-04-13T07:05:17.577Z,MOBILE,Android
3e86bc7b-3e4b-4df7-9ccf-c07f08692dae,ATC,2023-04-13T22:13:12.577Z,MOBILE,Android
3e86bc7b-3e4b-4df7-9ccf-c07f08692dae,ATC,2023-04-14T13:21:32.577Z,MOBILE,Android
3e86bc7b-3e4b-4df7-9ccf-c07f08692dae,AP,2023-04-15T04:26:27.577Z,MOBILE,Android
3e86bc7b-3e4b-4df7-9ccf-c07f08692dae,ATC,2023-04-13T22:11:21.577Z,MOBILE,Android
3e86bc7b-3e4b-4df7-9ccf-c07f08692dae,SCR,2023-04-14T13:15:05.577Z,MOBILE,Android
3e86bc7b-3e4b-4df7-9ccf-c07f08692dae,SER,2023-04-15T04:23:28.577Z,MOBILE,Android
3e86bc7b-3e4b-4df7-9ccf-c07f08692dae,CL,2023-04-15T19:31:06.577Z,MOBILE,Android
3e86bc7b-3e4b-4df7-9ccf-c07f08692dae,SCR,2023-04-16T10:32:40.577Z,MOBILE,Android
3e86bc7b-3e4b-4df7-9ccf-c07f08692dae,SER,2023-04-17T01:41:04.577Z,MOBILE,Android
3e86bc7b-3e4b-4df7-9ccf-c07f08692dae,CL,2023-04-17T16:48:35.577Z,MOBILE,Android
3e86bc7b-3e4b-4df7-9ccf-c07f08692dae,SCR,2023-04-18T07:52:54.577Z,MOBILE,Android
3e86bc7b-3e4b-4df7-9ccf-c07f08692dae,CL,2023-04-18T23:01:23.577Z,MOBILE,Android
3e86bc7b-3e4b-4df7-9ccf-c07f08692dae,CL,2023-04-19T14:09:43.577Z,MOBILE,Android
3e86bc7b-3e4b-4df7-9ccf-c07f08692dae,CL,2023-04-20T05:16:01.577Z,MOBILE,Android
3e86bc7b-3e4b-4df7-9ccf-c07f08692dae,SCR,2023-04-23T09:05:30.577Z,MOBILE,Android
3e86bc7b-3e4b-4df7-9ccf-c07f08692dae,ATC,2023-04-24T00:15:25.577Z,MOBILE,Android
3e86bc7b-3e4b-4df7-9ccf-c07f08692dae,CL,2023-04-25T06:23:34.577Z,MOBILE,Android
3e86bc7b-3e4b-4df7-9ccf-c07f08692dae,CL,2023-04-25T21:39:24.577Z,MOBILE,Android
3e86bc7b-3e4b-4df7-9ccf-c07f08692dae,SER,2023-04-26T12:48:34.577Z,MOBILE,Android
3e86bc7b-3e4b-4df7-9ccf-c07f08692dae,SCR,2023-04-27T03:56:53.577Z,MOBILE,Android
3e86bc7b-3e4b-4df7-9ccf-c07f08692dae,VI,2023-04-21T11:30:47.577Z,MOBILE,Android
3e86bc7b-3e4b-4df7-9ccf-c07f08692dae,VI,2023-04-22T02:43:44.577Z,MOBILE,Android
b25ebf4c-0880-4113-a0bd-ab8eb251df6e,HP,2021-02-07T09:33:32.570Z,MOBILE,Android
b25ebf4c-0880-4113-a0bd-ab8eb251df6e,ATC,2021-02-07T20:51:15.570Z,MOBILE,Android
b25ebf4c-0880-4113-a0bd-ab8eb251df6e,AP,2021-02-08T08:08:09.570Z,MOBILE,Android
b25ebf4c-0880-4113-a0bd-ab8eb251df6e,SCR,2021-02-07T20:48:33.570Z,MOBILE,Android
b25ebf4c-0880-4113-a0bd-ab8eb251df6e,CL,2021-02-08T19:24:27.570Z,MOBILE,Android
b25ebf4c-0880-4113-a0bd-ab8eb251df6e,CL,2021-02-09T06:47:33.570Z,MOBILE,Android
b25ebf4c-0880-4113-a0bd-ab8eb251df6e,SER,2021-02-09T18:04:56.570Z,MOBILE,Android
b25ebf4c-0880-4113-a0bd-ab8eb251df6e,CL,2021-02-10T05:26:42.570Z,MOBILE,Android
b25ebf4c-0880-4113-a0bd-ab8eb251df6e,CL,2021-02-10T16:43:30.570Z,MOBILE,Android
b25ebf4c-0880-4113-a0bd-ab8eb251df6e,CL,2021-02-11T04:07:20.570Z,MOBILE,Android
b25ebf4c-0880-4113-a0bd-ab8eb251df6e,CL,2021-02-11T15:24:23.570Z,MOBILE,Android
b25ebf4c-0880-4113-a0bd-ab8eb251df6e,ATC,2021-02-12T02:43:07.570Z,MOBILE,Android
fd1fb5d3-941c-4b03-b542-8b39a115ea29,HP,2022-07-13T03:35:58.059Z,MOBILE,Android
fd1fb5d3-941c-4b03-b542-8b39a115ea29,ATC,2022-07-13T03:41:52.059Z,MOBILE,Android
fd1fb5d3-941c-4b03-b542-8b39a115ea29,SCR,2022-07-13T03:41:48.059Z,MOBILE,Android
fd1fb5d3-941c-4b03-b542-8b39a115ea29,ATC,2022-07-13T03:47:51.059Z,MOBILE,Android
d4abb74f-7b37-4618-9f48-d7847c1d5079,HP,2020-01-17T16:41:45.002Z,MOBILE,iOS
d4abb74f-7b37-4618-9f48-d7847c1d5079,ATC,2020-01-21T12:11:27.002Z,MOBILE,iOS
d4abb74f-7b37-4618-9f48-d7847c1d5079,AP,2020-01-25T07:30:18.002Z,MOBILE,iOS
d4abb74f-7b37-4618-9f48-d7847c1d5079,ATC,2020-01-25T08:08:39.002Z,MOBILE,iOS
d4abb74f-7b37-4618-9f48-d7847c1d5079,CL,2020-01-29T03:44:14.002Z,MOBILE,iOS
d4abb74f-7b37-4618-9f48-d7847c1d5079,VI,2020-01-21T12:29:02.002Z,MOBILE,iOS
12b49334-751a-4ae1-8ff3-260272cd79bf,HP,2023-12-04T02:13:00.002Z,MOBILE,iOS
12b49334-751a-4ae1-8ff3-260272cd79bf,ATC,2023-12-08T18:04:01.002Z,MOBILE,iOS
12b49334-751a-4ae1-8ff3-260272cd79bf,CL,2023-12-08T18:14:22.002Z,MOBILE,iOS
12b49334-751a-4ae1-8ff3-260272cd79bf,ATC,2023-12-13T10:13:07.002Z,MOBILE,iOS
12b49334-751a-4ae1-8ff3-260272cd79bf,CL,2023-12-18T02:26:00.002Z,MOBILE,iOS
12b49334-751a-4ae1-8ff3-260272cd79bf,SCR,2023-12-27T10:48:07.002Z,MOBILE,iOS
12b49334-751a-4ae1-8ff3-260272cd79bf,VI,2023-12-22T18:35:14.002Z,MOBILE,iOS
e1b7f4d3-638b-45fc-a67b-fd12944c64a1,HP,2022-08-18T17:25:46.732Z,MOBILE,Android
e1b7f4d3-638b-45fc-a67b-fd12944c64a1,ATC,2022-08-20T05:55:22.732Z,MOBILE,Android
e1b7f4d3-638b-45fc-a67b-fd12944c64a1,AP,2022-08-21T18:20:50.732Z,MOBILE,Android
e1b7f4d3-638b-45fc-a67b-fd12944c64a1,ATC,2022-08-20T05:58:08.732Z,MOBILE,Android
e1b7f4d3-638b-45fc-a67b-fd12944c64a1,ATC,2022-08-21T18:25:57.732Z,MOBILE,Android
e1b7f4d3-638b-45fc-a67b-fd12944c64a1,SER,2022-08-23T06:35:59.732Z,MOBILE,Android
e1b7f4d3-638b-45fc-a67b-fd12944c64a1,CL,2022-08-24T18:51:59.732Z,MOBILE,Android
e1b7f4d3-638b-45fc-a67b-fd12944c64a1,SER,2022-08-26T07:16:02.732Z,MOBILE,Android
e1b7f4d3-638b-45fc-a67b-fd12944c64a1,SCR,2022-08-29T08:02:56.732Z,MOBILE,Android
e1b7f4d3-638b-45fc-a67b-fd12944c64a1,ATC,2022-08-30T20:42:18.732Z,MOBILE,Android
e1b7f4d3-638b-45fc-a67b-fd12944c64a1,ATC,2022-09-01T09:22:20.732Z,MOBILE,Android
e1b7f4d3-638b-45fc-a67b-fd12944c64a1,HP,2022-09-04T10:14:51.732Z,MOBILE,Android
e1b7f4d3-638b-45fc-a67b-fd12944c64a1,CL,2022-09-05T22:46:24.732Z,MOBILE,Android
e1b7f4d3-638b-45fc-a67b-fd12944c64a1,VP,2022-09-02T21:49:47.732Z,MOBILE,Android
41cc833b-9b50-4e8a-9a6d-005b8d2cd36d,HP,2023-02-01T23:40:41.337Z,MOBILE,Android
41cc833b-9b50-4e8a-9a6d-005b8d2cd36d,ATC,2023-02-02T01:31:10.337Z,MOBILE,Android
41cc833b-9b50-4e8a-9a6d-005b8d2cd36d,CL,2023-02-02T03:21:47.337Z,MOBILE,Android
41cc833b-9b50-4e8a-9a6d-005b8d2cd36d,SER,2023-02-02T05:11:33.337Z,MOBILE,Android
bf5e3eab-80f0-4562-aaad-aa5fb49532ad,HP,2023-04-03T20:46:03.337Z,MOBILE,Android
bf5e3eab-80f0-4562-aaad-aa5fb49532ad,ATC,2023-04-05T07:56:48.337Z,MOBILE,Android
bf5e3eab-80f0-4562-aaad-aa5fb49532ad,SER,2023-04-05T07:48:46.337Z,MOBILE,Android
bf5e3eab-80f0-4562-aaad-aa5fb49532ad,CL,2023-04-06T18:57:40.337Z,MOBILE,Android
bf5e3eab-80f0-4562-aaad-aa5fb49532ad,HP,2023-04-08T06:14:06.337Z,MOBILE,Android
bf5e3eab-80f0-4562-aaad-aa5fb49532ad,SCR,2023-04-09T17:14:02.337Z,MOBILE,Android
bf5e3eab-80f0-4562-aaad-aa5fb49532ad,CL,2023-04-12T15:28:28.337Z,MOBILE,Android
41cc833b-9b50-4e8a-9a6d-005b8d2cd36d,VI,2023-02-02T06:57:42.337Z,MOBILE,Android
bf5e3eab-80f0-4562-aaad-aa5fb49532ad,VI,2023-04-11T04:23:43.337Z,MOBILE,Android
d39e4090-dfeb-48c9-afc1-4c4c3f6b27bd,HP,2019-11-28T13:35:19.892Z,MOBILE,iOS
d39e4090-dfeb-48c9-afc1-4c4c3f6b27bd,ATC,2019-11-28T20:34:47.892Z,MOBILE,iOS
d39e4090-dfeb-48c9-afc1-4c4c3f6b27bd,ATC,2019-11-29T03:30:56.892Z,MOBILE,iOS
d39e4090-dfeb-48c9-afc1-4c4c3f6b27bd,ATC,2019-11-29T10:27:22.892Z,MOBILE,iOS
d39e4090-dfeb-48c9-afc1-4c4c3f6b27bd,ATC,2019-11-29T17:26:57.892Z,MOBILE,iOS
d39e4090-dfeb-48c9-afc1-4c4c3f6b27bd,ATC,2019-11-30T00:25:53.892Z,MOBILE,iOS
d39e4090-dfeb-48c9-afc1-4c4c3f6b27bd,ATC,2019-11-30T07:16:56.892Z,MOBILE,iOS
d39e4090-dfeb-48c9-afc1-4c4c3f6b27bd,SCR,2019-11-28T20:35:08.892Z,MOBILE,iOS
d39e4090-dfeb-48c9-afc1-4c4c3f6b27bd,ATC,2019-11-29T03:34:17.892Z,MOBILE,iOS
d39e4090-dfeb-48c9-afc1-4c4c3f6b27bd,ATC,2019-11-29T10:34:56.892Z,MOBILE,iOS
d39e4090-dfeb-48c9-afc1-4c4c3f6b27bd,HP,2019-11-30T00:30:01.892Z,MOBILE,iOS
d39e4090-dfeb-48c9-afc1-4c4c3f6b27bd,CL,2019-11-30T14:28:23.892Z,MOBILE,iOS
d39e4090-dfeb-48c9-afc1-4c4c3f6b27bd,CL,2019-11-30T21:26:17.892Z,MOBILE,iOS
d39e4090-dfeb-48c9-afc1-4c4c3f6b27bd,CL,2019-12-01T04:22:29.892Z,MOBILE,iOS
d39e4090-dfeb-48c9-afc1-4c4c3f6b27bd,ATC,2019-12-01T11:20:58.892Z,MOBILE,iOS
d39e4090-dfeb-48c9-afc1-4c4c3f6b27bd,SER,2019-12-01T18:21:03.892Z,MOBILE,iOS
d39e4090-dfeb-48c9-afc1-4c4c3f6b27bd,SCR,2019-12-02T01:23:07.892Z,MOBILE,iOS
d39e4090-dfeb-48c9-afc1-4c4c3f6b27bd,VI,2019-11-29T17:32:27.892Z,MOBILE,iOS
d39e4090-dfeb-48c9-afc1-4c4c3f6b27bd,VI,2019-11-30T07:30:19.892Z,MOBILE,iOS
d39e4090-dfeb-48c9-afc1-4c4c3f6b27bd,VI,2019-12-02T08:22:28.892Z,MOBILE,iOS
78acf456-34f6-4315-bc03-4de79c080bc3,HP,2021-08-17T19:39:48.892Z,MOBILE,iOS
78acf456-34f6-4315-bc03-4de79c080bc3,ATC,2021-08-20T17:29:48.892Z,MOBILE,iOS
78acf456-34f6-4315-bc03-4de79c080bc3,ATC,2021-08-20T17:22:12.892Z,MOBILE,iOS
fa596fdb-4aaa-4aca-b564-8c543f74a340,HP,2023-01-23T01:38:41.892Z,MOBILE,iOS
fa596fdb-4aaa-4aca-b564-8c543f74a340,ATC,2023-01-26T06:49:10.892Z,MOBILE,iOS
fa596fdb-4aaa-4aca-b564-8c543f74a340,ATC,2023-01-26T06:47:17.892Z,MOBILE,iOS
3d5998cb-441f-4782-9bb4-adfdaa46105d,HP,2021-10-09T16:03:41.427Z,MOBILE,Android
3d5998cb-441f-4782-9bb4-adfdaa46105d,ATC,2021-10-10T12:37:52.427Z,MOBILE,Android
3d5998cb-441f-4782-9bb4-adfdaa46105d,CL,2021-10-10T12:41:12.427Z,MOBILE,Android
cdf2cffb-f7c6-4e17-9ce9-e80ae328f9ee,CL,2022-10-27T19:00:42.966Z,MOBILE,iOS
bccae06f-94b1-4fe9-912f-d5af4b278782,HP,2022-08-19T07:26:11.966Z,MOBILE,iOS
bccae06f-94b1-4fe9-912f-d5af4b278782,ATC,2022-08-19T07:58:16.966Z,MOBILE,iOS
bccae06f-94b1-4fe9-912f-d5af4b278782,CL,2022-08-19T07:58:31.966Z,MOBILE,iOS
bccae06f-94b1-4fe9-912f-d5af4b278782,SER,2022-08-19T08:28:45.966Z,MOBILE,iOS
bccae06f-94b1-4fe9-912f-d5af4b278782,SCR,2022-08-19T09:01:11.966Z,MOBILE,iOS
cdf2cffb-f7c6-4e17-9ce9-e80ae328f9ee,SCR,2022-10-28T00:57:21.966Z,MOBILE,iOS
cdf2cffb-f7c6-4e17-9ce9-e80ae328f9ee,HP,2022-10-21T08:18:08.966Z,MOBILE,iOS
cdf2cffb-f7c6-4e17-9ce9-e80ae328f9ee,ATC,2022-10-21T14:16:04.966Z,MOBILE,iOS
cdf2cffb-f7c6-4e17-9ce9-e80ae328f9ee,AP,2022-10-21T20:12:00.966Z,MOBILE,iOS
cdf2cffb-f7c6-4e17-9ce9-e80ae328f9ee,CL,2022-10-21T14:13:30.966Z,MOBILE,iOS
cdf2cffb-f7c6-4e17-9ce9-e80ae328f9ee,HP,2022-10-21T20:07:26.966Z,MOBILE,iOS
cdf2cffb-f7c6-4e17-9ce9-e80ae328f9ee,SCR,2022-10-22T02:03:12.966Z,MOBILE,iOS
cdf2cffb-f7c6-4e17-9ce9-e80ae328f9ee,CL,2022-10-22T08:01:14.966Z,MOBILE,iOS
cdf2cffb-f7c6-4e17-9ce9-e80ae328f9ee,SER,2022-10-22T13:59:29.966Z,MOBILE,iOS
cdf2cffb-f7c6-4e17-9ce9-e80ae328f9ee,CL,2022-10-22T19:58:42.966Z,MOBILE,iOS
cdf2cffb-f7c6-4e17-9ce9-e80ae328f9ee,SCR,2022-10-23T01:56:03.966Z,MOBILE,iOS
cdf2cffb-f7c6-4e17-9ce9-e80ae328f9ee,HP,2022-10-23T07:55:35.966Z,MOBILE,iOS
cdf2cffb-f7c6-4e17-9ce9-e80ae328f9ee,CL,2022-10-23T13:55:41.966Z,MOBILE,iOS
cdf2cffb-f7c6-4e17-9ce9-e80ae328f9ee,HP,2022-10-23T19:50:44.966Z,MOBILE,iOS
cdf2cffb-f7c6-4e17-9ce9-e80ae328f9ee,CL,2022-10-24T01:52:13.966Z,MOBILE,iOS
cdf2cffb-f7c6-4e17-9ce9-e80ae328f9ee,HP,2022-10-24T07:48:11.966Z,MOBILE,iOS
cdf2cffb-f7c6-4e17-9ce9-e80ae328f9ee,SER,2022-10-24T13:48:20.966Z,MOBILE,iOS
cdf2cffb-f7c6-4e17-9ce9-e80ae328f9ee,HP,2022-10-25T01:42:31.966Z,MOBILE,iOS
cdf2cffb-f7c6-4e17-9ce9-e80ae328f9ee,HP,2022-10-25T07:42:53.966Z,MOBILE,iOS
cdf2cffb-f7c6-4e17-9ce9-e80ae328f9ee,SER,2022-10-25T13:34:48.966Z,MOBILE,iOS
cdf2cffb-f7c6-4e17-9ce9-e80ae328f9ee,SCR,2022-10-25T19:30:45.966Z,MOBILE,iOS
cdf2cffb-f7c6-4e17-9ce9-e80ae328f9ee,HP,2022-10-26T01:29:07.966Z,MOBILE,iOS
cdf2cffb-f7c6-4e17-9ce9-e80ae328f9ee,SCR,2022-10-26T13:22:57.966Z,MOBILE,iOS
cdf2cffb-f7c6-4e17-9ce9-e80ae328f9ee,SCR,2022-10-27T01:17:10.966Z,MOBILE,iOS
cdf2cffb-f7c6-4e17-9ce9-e80ae328f9ee,HP,2022-10-27T07:11:13.966Z,MOBILE,iOS
cdf2cffb-f7c6-4e17-9ce9-e80ae328f9ee,CL,2022-10-27T13:01:15.966Z,MOBILE,iOS
cdf2cffb-f7c6-4e17-9ce9-e80ae328f9ee,SCR,2022-10-28T06:51:28.966Z,MOBILE,iOS
cdf2cffb-f7c6-4e17-9ce9-e80ae328f9ee,HP,2022-10-28T12:44:47.966Z,MOBILE,iOS
cdf2cffb-f7c6-4e17-9ce9-e80ae328f9ee,SCR,2022-10-28T18:45:10.966Z,MOBILE,iOS
cdf2cffb-f7c6-4e17-9ce9-e80ae328f9ee,SCR,2022-10-29T06:38:56.966Z,MOBILE,iOS
cdf2cffb-f7c6-4e17-9ce9-e80ae328f9ee,CL,2022-10-29T12:32:08.966Z,MOBILE,iOS
cdf2cffb-f7c6-4e17-9ce9-e80ae328f9ee,HP,2022-10-29T18:30:53.966Z,MOBILE,iOS
cdf2cffb-f7c6-4e17-9ce9-e80ae328f9ee,VI,2022-10-24T19:47:36.966Z,MOBILE,iOS
d6aae1f3-02e9-4066-847c-4888b1711681,HP,2023-05-25T12:38:11.966Z,MOBILE,iOS
d6aae1f3-02e9-4066-847c-4888b1711681,ATC,2023-05-27T08:50:15.966Z,MOBILE,iOS
d6aae1f3-02e9-4066-847c-4888b1711681,HP,2023-05-27T08:42:04.966Z,MOBILE,iOS
d6aae1f3-02e9-4066-847c-4888b1711681,SER,2023-05-29T05:02:42.966Z,MOBILE,iOS
d6aae1f3-02e9-4066-847c-4888b1711681,SCR,2023-05-31T01:04:19.966Z,MOBILE,iOS
2a688d6b-1107-4b14-a2b6-d6448faae310,HP,2023-01-26T18:47:14.726Z,MOBILE,iOS
2a688d6b-1107-4b14-a2b6-d6448faae310,ATC,2023-01-26T21:18:44.726Z,MOBILE,iOS
2a688d6b-1107-4b14-a2b6-d6448faae310,HP,2023-01-26T23:46:40.726Z,MOBILE,iOS
2a688d6b-1107-4b14-a2b6-d6448faae310,CL,2023-01-27T02:18:41.726Z,MOBILE,iOS
2a688d6b-1107-4b14-a2b6-d6448faae310,CL,2023-01-27T04:48:18.726Z,MOBILE,iOS
2a688d6b-1107-4b14-a2b6-d6448faae310,CL,2023-01-27T07:17:49.726Z,MOBILE,iOS
2a688d6b-1107-4b14-a2b6-d6448faae310,SCR,2023-01-27T09:46:42.726Z,MOBILE,iOS
2a688d6b-1107-4b14-a2b6-d6448faae310,CL,2023-01-27T14:48:10.726Z,MOBILE,iOS
2a688d6b-1107-4b14-a2b6-d6448faae310,SER,2023-01-27T19:52:27.726Z,MOBILE,iOS
2a688d6b-1107-4b14-a2b6-d6448faae310,SCR,2023-01-27T22:19:53.726Z,MOBILE,iOS
2a688d6b-1107-4b14-a2b6-d6448faae310,SER,2023-01-28T00:48:33.726Z,MOBILE,iOS
2a688d6b-1107-4b14-a2b6-d6448faae310,SCR,2023-01-28T05:47:38.726Z,MOBILE,iOS
2a688d6b-1107-4b14-a2b6-d6448faae310,SCR,2023-01-28T10:47:15.726Z,MOBILE,iOS
2a688d6b-1107-4b14-a2b6-d6448faae310,SER,2023-01-28T13:18:19.726Z,MOBILE,iOS
2a688d6b-1107-4b14-a2b6-d6448faae310,CL,2023-01-28T18:18:26.726Z,MOBILE,iOS
2a688d6b-1107-4b14-a2b6-d6448faae310,CL,2023-01-28T20:47:49.726Z,MOBILE,iOS
2a688d6b-1107-4b14-a2b6-d6448faae310,CL,2023-01-28T23:18:43.726Z,MOBILE,iOS
2a688d6b-1107-4b14-a2b6-d6448faae310,CL,2023-01-29T04:19:05.726Z,MOBILE,iOS
2a688d6b-1107-4b14-a2b6-d6448faae310,CL,2023-01-29T06:48:33.726Z,MOBILE,iOS
2a688d6b-1107-4b14-a2b6-d6448faae310,SER,2023-01-29T09:21:02.726Z,MOBILE,iOS
2a688d6b-1107-4b14-a2b6-d6448faae310,CL,2023-01-29T11:51:42.726Z,MOBILE,iOS
2a688d6b-1107-4b14-a2b6-d6448faae310,HP,2023-01-29T14:22:38.726Z,MOBILE,iOS
2a688d6b-1107-4b14-a2b6-d6448faae310,SCR,2023-01-29T16:52:40.726Z,MOBILE,iOS
2a688d6b-1107-4b14-a2b6-d6448faae310,CL,2023-01-29T19:23:23.726Z,MOBILE,iOS
2a688d6b-1107-4b14-a2b6-d6448faae310,CL,2023-01-29T21:55:07.726Z,MOBILE,iOS
2a688d6b-1107-4b14-a2b6-d6448faae310,SER,2023-01-30T00:27:32.726Z,MOBILE,iOS
2a688d6b-1107-4b14-a2b6-d6448faae310,SCR,2023-01-30T02:59:36.726Z,MOBILE,iOS
2a688d6b-1107-4b14-a2b6-d6448faae310,SCR,2023-01-30T05:31:25.726Z,MOBILE,iOS
2a688d6b-1107-4b14-a2b6-d6448faae310,SER,2023-01-30T08:00:42.726Z,MOBILE,iOS
2a688d6b-1107-4b14-a2b6-d6448faae310,SER,2023-01-30T15:30:21.726Z,MOBILE,iOS
c644d261-4db9-4376-b371-e598c3baa258,HP,2021-03-13T05:45:52.558Z,MOBILE,Android
c644d261-4db9-4376-b371-e598c3baa258,ATC,2021-03-14T15:02:16.558Z,MOBILE,Android
c644d261-4db9-4376-b371-e598c3baa258,AP,2021-03-16T00:05:59.558Z,MOBILE,Android
c644d261-4db9-4376-b371-e598c3baa258,CL,2021-03-16T00:05:54.558Z,MOBILE,Android
c644d261-4db9-4376-b371-e598c3baa258,ATC,2021-03-18T18:30:27.558Z,MOBILE,Android
c644d261-4db9-4376-b371-e598c3baa258,CL,2021-03-20T03:39:33.558Z,MOBILE,Android
c644d261-4db9-4376-b371-e598c3baa258,CL,2021-03-21T12:49:18.558Z,MOBILE,Android
c644d261-4db9-4376-b371-e598c3baa258,ATC,2021-03-22T21:55:08.558Z,MOBILE,Android
c644d261-4db9-4376-b371-e598c3baa258,CL,2021-03-24T07:06:02.558Z,MOBILE,Android
c644d261-4db9-4376-b371-e598c3baa258,HP,2021-03-25T16:17:29.558Z,MOBILE,Android
c644d261-4db9-4376-b371-e598c3baa258,SCR,2021-03-27T01:17:43.558Z,MOBILE,Android
c644d261-4db9-4376-b371-e598c3baa258,VP,2021-03-14T14:52:46.558Z,MOBILE,Android
c644d261-4db9-4376-b371-e598c3baa258,VI,2021-03-17T09:21:27.558Z,MOBILE,Android
c644d261-4db9-4376-b371-e598c3baa258,VI,2021-04-06T07:53:15.558Z,MOBILE,Android
8d1e398c-169e-49ff-96c7-57450830fdf7,HP,2023-03-02T04:28:35.558Z,MOBILE,Android
8d1e398c-169e-49ff-96c7-57450830fdf7,ATC,2023-03-02T06:27:03.558Z,MOBILE,Android
8d1e398c-169e-49ff-96c7-57450830fdf7,HP,2023-03-02T06:29:32.558Z,MOBILE,Android
8d1e398c-169e-49ff-96c7-57450830fdf7,CO,2023-03-02T10:24:57.558Z,MOBILE,Android
1dfb1c53-4a86-431c-aa61-6ee7d32eab2c,HP,2023-02-13T20:01:10.528Z,MOBILE,Android
1dfb1c53-4a86-431c-aa61-6ee7d32eab2c,ATC,2023-02-13T20:02:02.528Z,MOBILE,Android
1dfb1c53-4a86-431c-aa61-6ee7d32eab2c,ATC,2023-02-13T20:02:06.528Z,MOBILE,Android
1dfb1c53-4a86-431c-aa61-6ee7d32eab2c,SCR,2023-02-13T20:03:00.528Z,MOBILE,Android
1dfb1c53-4a86-431c-aa61-6ee7d32eab2c,SCR,2023-02-13T20:03:47.528Z,MOBILE,Android
1dfb1c53-4a86-431c-aa61-6ee7d32eab2c,ATC,2023-02-13T20:04:54.528Z,MOBILE,Android
1dfb1c53-4a86-431c-aa61-6ee7d32eab2c,CL,2023-02-13T20:05:33.528Z,MOBILE,Android
1dfb1c53-4a86-431c-aa61-6ee7d32eab2c,VI,2023-02-13T20:06:28.528Z,MOBILE,Android
094086e9-7e6a-4638-9dff-5ce0b3b5c24f,HP,2023-02-26T19:35:06.282Z,MOBILE,iOS
094086e9-7e6a-4638-9dff-5ce0b3b5c24f,ATC,2023-02-27T00:30:54.282Z,MOBILE,iOS
094086e9-7e6a-4638-9dff-5ce0b3b5c24f,SCR,2023-02-27T00:26:15.282Z,MOBILE,iOS
094086e9-7e6a-4638-9dff-5ce0b3b5c24f,CL,2023-02-27T10:11:46.282Z,MOBILE,iOS
094086e9-7e6a-4638-9dff-5ce0b3b5c24f,HP,2023-02-27T15:03:17.282Z,MOBILE,iOS
094086e9-7e6a-4638-9dff-5ce0b3b5c24f,CL,2023-02-27T19:58:45.282Z,MOBILE,iOS
094086e9-7e6a-4638-9dff-5ce0b3b5c24f,HP,2023-02-28T00:53:13.282Z,MOBILE,iOS
094086e9-7e6a-4638-9dff-5ce0b3b5c24f,SCR,2023-02-28T10:35:18.282Z,MOBILE,iOS
094086e9-7e6a-4638-9dff-5ce0b3b5c24f,SER,2023-02-28T15:30:39.282Z,MOBILE,iOS
094086e9-7e6a-4638-9dff-5ce0b3b5c24f,SCR,2023-02-28T20:23:57.282Z,MOBILE,iOS
094086e9-7e6a-4638-9dff-5ce0b3b5c24f,CL,2023-03-01T06:19:03.282Z,MOBILE,iOS
094086e9-7e6a-4638-9dff-5ce0b3b5c24f,VI,2023-02-27T05:17:14.282Z,MOBILE,iOS
094086e9-7e6a-4638-9dff-5ce0b3b5c24f,VI,2023-02-28T05:44:13.282Z,MOBILE,iOS
094086e9-7e6a-4638-9dff-5ce0b3b5c24f,VI,2023-03-01T01:21:10.282Z,MOBILE,iOS
72f62a20-9136-4a0b-9114-8e6e106be3c3,HP,2022-06-18T17:07:55.802Z,MOBILE,Android
72f62a20-9136-4a0b-9114-8e6e106be3c3,ATC,2022-06-19T04:49:42.802Z,MOBILE,Android
72f62a20-9136-4a0b-9114-8e6e106be3c3,HP,2022-06-19T04:44:03.802Z,MOBILE,Android
72f62a20-9136-4a0b-9114-8e6e106be3c3,CL,2022-06-19T16:22:32.802Z,MOBILE,Android
72f62a20-9136-4a0b-9114-8e6e106be3c3,CL,2022-06-20T15:37:00.802Z,MOBILE,Android
72f62a20-9136-4a0b-9114-8e6e106be3c3,HP,2022-06-21T03:09:36.802Z,MOBILE,Android
72f62a20-9136-4a0b-9114-8e6e106be3c3,SCR,2022-06-24T23:16:21.802Z,MOBILE,Android
72f62a20-9136-4a0b-9114-8e6e106be3c3,CL,2022-06-27T19:52:18.802Z,MOBILE,Android
72f62a20-9136-4a0b-9114-8e6e106be3c3,HP,2022-06-30T16:27:18.802Z,MOBILE,Android
72f62a20-9136-4a0b-9114-8e6e106be3c3,HP,2022-07-03T12:57:43.802Z,MOBILE,Android
885b0e6a-8ab2-4f83-a38a-f5dfb1b59e4e,HP,2022-10-19T19:15:17.802Z,MOBILE,Android
885b0e6a-8ab2-4f83-a38a-f5dfb1b59e4e,ATC,2022-10-20T11:59:05.802Z,MOBILE,Android
885b0e6a-8ab2-4f83-a38a-f5dfb1b59e4e,AP,2022-10-21T04:45:05.802Z,MOBILE,Android
885b0e6a-8ab2-4f83-a38a-f5dfb1b59e4e,SCR,2022-10-20T11:55:44.802Z,MOBILE,Android
885b0e6a-8ab2-4f83-a38a-f5dfb1b59e4e,SER,2022-10-21T04:34:05.802Z,MOBILE,Android
885b0e6a-8ab2-4f83-a38a-f5dfb1b59e4e,CL,2022-10-21T21:20:09.802Z,MOBILE,Android
885b0e6a-8ab2-4f83-a38a-f5dfb1b59e4e,CL,2022-10-22T14:03:34.802Z,MOBILE,Android
885b0e6a-8ab2-4f83-a38a-f5dfb1b59e4e,SER,2022-10-23T06:45:10.802Z,MOBILE,Android
885b0e6a-8ab2-4f83-a38a-f5dfb1b59e4e,CL,2022-10-23T23:29:03.802Z,MOBILE,Android
885b0e6a-8ab2-4f83-a38a-f5dfb1b59e4e,SER,2022-10-24T16:19:05.802Z,MOBILE,Android
885b0e6a-8ab2-4f83-a38a-f5dfb1b59e4e,SER,2022-10-25T09:03:25.802Z,MOBILE,Android
885b0e6a-8ab2-4f83-a38a-f5dfb1b59e4e,CL,2022-10-26T01:49:26.802Z,MOBILE,Android
885b0e6a-8ab2-4f83-a38a-f5dfb1b59e4e,CL,2022-10-26T18:30:15.802Z,MOBILE,Android
885b0e6a-8ab2-4f83-a38a-f5dfb1b59e4e,CL,2022-10-28T03:49:41.802Z,MOBILE,Android
5a1c4f92-58d4-4a29-8f97-05b79b6879b8,HP,2023-02-07T19:30:21.802Z,MOBILE,Android
5a1c4f92-58d4-4a29-8f97-05b79b6879b8,ATC,2023-02-08T07:54:38.802Z,MOBILE,Android
5a1c4f92-58d4-4a29-8f97-05b79b6879b8,AP,2023-02-08T20:21:52.802Z,MOBILE,Android
5a1c4f92-58d4-4a29-8f97-05b79b6879b8,HP,2023-02-08T20:16:36.802Z,MOBILE,Android
5a1c4f92-58d4-4a29-8f97-05b79b6879b8,CL,2023-02-09T08:39:47.802Z,MOBILE,Android
5a1c4f92-58d4-4a29-8f97-05b79b6879b8,SCR,2023-02-09T21:02:24.802Z,MOBILE,Android
75792c3d-156c-4ef6-8622-3860d13a66a0,HP,2023-12-27T01:37:08.182Z,MOBILE,iOS
75792c3d-156c-4ef6-8622-3860d13a66a0,ATC,2023-12-27T07:48:06.182Z,MOBILE,iOS
75792c3d-156c-4ef6-8622-3860d13a66a0,AP,2023-12-27T14:06:23.182Z,MOBILE,iOS
75792c3d-156c-4ef6-8622-3860d13a66a0,HP,2023-12-27T07:49:44.182Z,MOBILE,iOS
75792c3d-156c-4ef6-8622-3860d13a66a0,SER,2023-12-27T13:58:20.182Z,MOBILE,iOS
75792c3d-156c-4ef6-8622-3860d13a66a0,SER,2023-12-27T20:09:15.182Z,MOBILE,iOS
75792c3d-156c-4ef6-8622-3860d13a66a0,CL,2023-12-28T02:18:24.182Z,MOBILE,iOS
75792c3d-156c-4ef6-8622-3860d13a66a0,SER,2023-12-28T14:41:54.182Z,MOBILE,iOS
75792c3d-156c-4ef6-8622-3860d13a66a0,HP,2023-12-29T09:17:26.182Z,MOBILE,iOS
75792c3d-156c-4ef6-8622-3860d13a66a0,SCR,2023-12-29T15:27:30.182Z,MOBILE,iOS
75792c3d-156c-4ef6-8622-3860d13a66a0,SCR,2023-12-29T21:39:43.182Z,MOBILE,iOS
75792c3d-156c-4ef6-8622-3860d13a66a0,CL,2023-12-30T03:49:46.182Z,MOBILE,iOS
75792c3d-156c-4ef6-8622-3860d13a66a0,CL,2023-12-30T22:28:31.182Z,MOBILE,iOS
75792c3d-156c-4ef6-8622-3860d13a66a0,SER,2023-12-31T04:35:22.182Z,MOBILE,iOS
75792c3d-156c-4ef6-8622-3860d13a66a0,SER,2023-12-31T16:56:02.182Z,MOBILE,iOS
75792c3d-156c-4ef6-8622-3860d13a66a0,VI,2023-12-31T23:10:12.182Z,MOBILE,iOS
7e8aa0c1-8a3f-4afe-a1f7-64912e763562,HP,2022-04-01T03:49:30.046Z,MOBILE,Android
7e8aa0c1-8a3f-4afe-a1f7-64912e763562,ATC,2022-04-01T05:14:25.046Z,MOBILE,Android
7e8aa0c1-8a3f-4afe-a1f7-64912e763562,SCR,2022-04-01T05:11:43.046Z,MOBILE,Android
7e8aa0c1-8a3f-4afe-a1f7-64912e763562,CL,2022-04-01T07:59:28.046Z,MOBILE,Android
7e8aa0c1-8a3f-4afe-a1f7-64912e763562,SCR,2022-04-01T09:23:38.046Z,MOBILE,Android
7e8aa0c1-8a3f-4afe-a1f7-64912e763562,CL,2022-04-01T10:46:16.046Z,MOBILE,Android
7e8aa0c1-8a3f-4afe-a1f7-64912e763562,SCR,2022-04-01T12:09:43.046Z,MOBILE,Android
7e8aa0c1-8a3f-4afe-a1f7-64912e763562,ATC,2022-04-01T13:33:39.046Z,MOBILE,Android
7e8aa0c1-8a3f-4afe-a1f7-64912e763562,CL,2022-04-01T14:56:18.046Z,MOBILE,Android
7e8aa0c1-8a3f-4afe-a1f7-64912e763562,CL,2022-04-01T16:21:05.046Z,MOBILE,Android
7e8aa0c1-8a3f-4afe-a1f7-64912e763562,HP,2022-04-01T17:44:17.046Z,MOBILE,Android
7e8aa0c1-8a3f-4afe-a1f7-64912e763562,SCR,2022-04-01T19:07:06.046Z,MOBILE,Android
7e8aa0c1-8a3f-4afe-a1f7-64912e763562,SCR,2022-04-01T20:31:02.046Z,MOBILE,Android
7e8aa0c1-8a3f-4afe-a1f7-64912e763562,ATC,2022-04-01T21:56:14.046Z,MOBILE,Android
7e8aa0c1-8a3f-4afe-a1f7-64912e763562,CL,2022-04-01T23:22:01.046Z,MOBILE,Android
7e8aa0c1-8a3f-4afe-a1f7-64912e763562,CL,2022-04-02T00:46:07.046Z,MOBILE,Android
7e8aa0c1-8a3f-4afe-a1f7-64912e763562,ATC,2022-04-02T03:32:53.046Z,MOBILE,Android
7e8aa0c1-8a3f-4afe-a1f7-64912e763562,SER,2022-04-02T04:55:31.046Z,MOBILE,Android
7e8aa0c1-8a3f-4afe-a1f7-64912e763562,ATC,2022-04-02T06:18:05.046Z,MOBILE,Android
7e8aa0c1-8a3f-4afe-a1f7-64912e763562,HP,2022-04-02T07:38:59.046Z,MOBILE,Android
7e8aa0c1-8a3f-4afe-a1f7-64912e763562,CL,2022-04-02T09:01:56.046Z,MOBILE,Android
7e8aa0c1-8a3f-4afe-a1f7-64912e763562,HP,2022-04-02T10:26:51.046Z,MOBILE,Android
7e8aa0c1-8a3f-4afe-a1f7-64912e763562,HP,2022-04-02T11:50:33.046Z,MOBILE,Android
7e8aa0c1-8a3f-4afe-a1f7-64912e763562,SCR,2022-04-02T13:12:31.046Z,MOBILE,Android
7e8aa0c1-8a3f-4afe-a1f7-64912e763562,VP,2022-04-01T06:35:38.046Z,MOBILE,Android
75c46b21-71f7-452d-9325-4cb043d06bcf,VI,2022-09-19T14:25:36.013Z,MOBILE,Android
75c46b21-71f7-452d-9325-4cb043d06bcf,HP,2022-09-14T14:40:50.013Z,MOBILE,Android
75c46b21-71f7-452d-9325-4cb043d06bcf,ATC,2022-09-19T14:20:32.013Z,MOBILE,Android
75c46b21-71f7-452d-9325-4cb043d06bcf,AP,2022-09-24T13:47:07.013Z,MOBILE,Android
75c46b21-71f7-452d-9325-4cb043d06bcf,ATC,2022-09-24T13:50:30.013Z,MOBILE,Android
33bdf6d8-811b-4fdc-9deb-a147a0cb7eb0,HP,2023-07-15T01:51:19.080Z,MOBILE,Android
33bdf6d8-811b-4fdc-9deb-a147a0cb7eb0,ATC,2023-07-16T07:03:44.080Z,MOBILE,Android
33bdf6d8-811b-4fdc-9deb-a147a0cb7eb0,CL,2023-07-16T07:00:52.080Z,MOBILE,Android
75f8c6ca-33fd-40f2-9f24-4e7aa5dbed2e,HP,2021-04-25T14:15:59.920Z,MOBILE,Android
75f8c6ca-33fd-40f2-9f24-4e7aa5dbed2e,ATC,2021-05-02T04:30:37.920Z,MOBILE,Android
75f8c6ca-33fd-40f2-9f24-4e7aa5dbed2e,ATC,2021-05-08T18:41:37.920Z,MOBILE,Android
75f8c6ca-33fd-40f2-9f24-4e7aa5dbed2e,ATC,2021-05-15T09:15:50.920Z,MOBILE,Android
75f8c6ca-33fd-40f2-9f24-4e7aa5dbed2e,ATC,2021-05-21T23:22:57.920Z,MOBILE,Android
75f8c6ca-33fd-40f2-9f24-4e7aa5dbed2e,ATC,2021-05-02T04:04:04.920Z,MOBILE,Android
18746770-d7dc-4e89-9823-ef44cb0403a0,HP,2021-12-15T16:29:57.920Z,MOBILE,Android
18746770-d7dc-4e89-9823-ef44cb0403a0,ATC,2021-12-17T18:00:30.920Z,MOBILE,Android
18746770-d7dc-4e89-9823-ef44cb0403a0,ATC,2021-12-19T19:31:05.920Z,MOBILE,Android
18746770-d7dc-4e89-9823-ef44cb0403a0,ATC,2021-12-17T18:09:56.920Z,MOBILE,Android
18746770-d7dc-4e89-9823-ef44cb0403a0,SCR,2021-12-19T19:29:29.920Z,MOBILE,Android
18746770-d7dc-4e89-9823-ef44cb0403a0,ATC,2021-12-21T21:05:55.920Z,MOBILE,Android
18746770-d7dc-4e89-9823-ef44cb0403a0,CL,2021-12-25T23:56:48.920Z,MOBILE,Android
75f8c6ca-33fd-40f2-9f24-4e7aa5dbed2e,CO,2021-06-04T02:21:38.920Z,MOBILE,Android
18746770-d7dc-4e89-9823-ef44cb0403a0,VI,2021-12-23T22:38:44.920Z,MOBILE,Android
52487479-486a-4ff9-ac6e-d63958be4aa2,HP,2023-04-14T21:43:54.014Z,MOBILE,iOS
52487479-486a-4ff9-ac6e-d63958be4aa2,ATC,2023-04-14T22:24:41.014Z,MOBILE,iOS
52487479-486a-4ff9-ac6e-d63958be4aa2,ATC,2023-04-14T23:04:23.014Z,MOBILE,iOS
52487479-486a-4ff9-ac6e-d63958be4aa2,ATC,2023-04-14T23:43:54.014Z,MOBILE,iOS
52487479-486a-4ff9-ac6e-d63958be4aa2,SER,2023-04-14T22:23:10.014Z,MOBILE,iOS
52487479-486a-4ff9-ac6e-d63958be4aa2,CL,2023-04-14T23:03:35.014Z,MOBILE,iOS
52487479-486a-4ff9-ac6e-d63958be4aa2,SER,2023-04-14T23:43:29.014Z,MOBILE,iOS
52487479-486a-4ff9-ac6e-d63958be4aa2,SCR,2023-04-15T00:24:46.014Z,MOBILE,iOS
52487479-486a-4ff9-ac6e-d63958be4aa2,HP,2023-04-15T01:06:35.014Z,MOBILE,iOS
52487479-486a-4ff9-ac6e-d63958be4aa2,CL,2023-04-15T01:49:15.014Z,MOBILE,iOS
52487479-486a-4ff9-ac6e-d63958be4aa2,CL,2023-04-15T02:28:55.014Z,MOBILE,iOS
52487479-486a-4ff9-ac6e-d63958be4aa2,CL,2023-04-15T03:09:05.014Z,MOBILE,iOS
52487479-486a-4ff9-ac6e-d63958be4aa2,HP,2023-04-15T03:48:35.014Z,MOBILE,iOS
52487479-486a-4ff9-ac6e-d63958be4aa2,HP,2023-04-15T05:09:46.014Z,MOBILE,iOS
52487479-486a-4ff9-ac6e-d63958be4aa2,CL,2023-04-15T07:50:51.014Z,MOBILE,iOS
52487479-486a-4ff9-ac6e-d63958be4aa2,HP,2023-04-15T08:31:37.014Z,MOBILE,iOS
52487479-486a-4ff9-ac6e-d63958be4aa2,SER,2023-04-15T09:12:11.014Z,MOBILE,iOS
52487479-486a-4ff9-ac6e-d63958be4aa2,SCR,2023-04-15T09:51:42.014Z,MOBILE,iOS
52487479-486a-4ff9-ac6e-d63958be4aa2,CL,2023-04-15T10:32:29.014Z,MOBILE,iOS
52487479-486a-4ff9-ac6e-d63958be4aa2,HP,2023-04-15T11:13:08.014Z,MOBILE,iOS
52487479-486a-4ff9-ac6e-d63958be4aa2,SER,2023-04-15T11:53:29.014Z,MOBILE,iOS
52487479-486a-4ff9-ac6e-d63958be4aa2,HP,2023-04-15T12:33:12.014Z,MOBILE,iOS
52487479-486a-4ff9-ac6e-d63958be4aa2,SCR,2023-04-15T13:13:57.014Z,MOBILE,iOS
52487479-486a-4ff9-ac6e-d63958be4aa2,HP,2023-04-15T13:53:37.014Z,MOBILE,iOS
52487479-486a-4ff9-ac6e-d63958be4aa2,SER,2023-04-15T14:35:31.014Z,MOBILE,iOS
52487479-486a-4ff9-ac6e-d63958be4aa2,HP,2023-04-15T15:15:09.014Z,MOBILE,iOS
52487479-486a-4ff9-ac6e-d63958be4aa2,CL,2023-04-15T16:35:03.014Z,MOBILE,iOS
52487479-486a-4ff9-ac6e-d63958be4aa2,SER,2023-04-15T17:16:01.014Z,MOBILE,iOS
52487479-486a-4ff9-ac6e-d63958be4aa2,CL,2023-04-15T17:57:02.014Z,MOBILE,iOS
52487479-486a-4ff9-ac6e-d63958be4aa2,CL,2023-04-15T18:39:11.014Z,MOBILE,iOS
52487479-486a-4ff9-ac6e-d63958be4aa2,SCR,2023-04-15T19:59:08.014Z,MOBILE,iOS
52487479-486a-4ff9-ac6e-d63958be4aa2,CL,2023-04-15T21:20:33.014Z,MOBILE,iOS
52487479-486a-4ff9-ac6e-d63958be4aa2,SER,2023-04-15T22:40:47.014Z,MOBILE,iOS
52487479-486a-4ff9-ac6e-d63958be4aa2,SCR,2023-04-15T23:21:08.014Z,MOBILE,iOS
52487479-486a-4ff9-ac6e-d63958be4aa2,CL,2023-04-16T00:01:28.014Z,MOBILE,iOS
52487479-486a-4ff9-ac6e-d63958be4aa2,CL,2023-04-16T00:42:10.014Z,MOBILE,iOS
52487479-486a-4ff9-ac6e-d63958be4aa2,SCR,2023-04-16T05:44:29.014Z,MOBILE,iOS
52487479-486a-4ff9-ac6e-d63958be4aa2,SCR,2023-04-16T08:55:13.014Z,MOBILE,iOS
52487479-486a-4ff9-ac6e-d63958be4aa2,CL,2023-04-16T10:31:06.014Z,MOBILE,iOS
52487479-486a-4ff9-ac6e-d63958be4aa2,HP,2023-04-16T12:04:48.014Z,MOBILE,iOS
52487479-486a-4ff9-ac6e-d63958be4aa2,HP,2023-04-16T15:15:16.014Z,MOBILE,iOS
52487479-486a-4ff9-ac6e-d63958be4aa2,HP,2023-04-16T16:50:47.014Z,MOBILE,iOS
52487479-486a-4ff9-ac6e-d63958be4aa2,CL,2023-04-16T18:26:52.014Z,MOBILE,iOS
52487479-486a-4ff9-ac6e-d63958be4aa2,CL,2023-04-16T20:02:32.014Z,MOBILE,iOS
52487479-486a-4ff9-ac6e-d63958be4aa2,HP,2023-04-16T23:11:35.014Z,MOBILE,iOS
52487479-486a-4ff9-ac6e-d63958be4aa2,SCR,2023-04-17T00:44:59.014Z,MOBILE,iOS
52487479-486a-4ff9-ac6e-d63958be4aa2,CL,2023-04-17T02:22:14.014Z,MOBILE,iOS
52487479-486a-4ff9-ac6e-d63958be4aa2,HP,2023-04-17T03:57:07.014Z,MOBILE,iOS
52487479-486a-4ff9-ac6e-d63958be4aa2,SCR,2023-04-17T05:31:18.014Z,MOBILE,iOS
52487479-486a-4ff9-ac6e-d63958be4aa2,SER,2023-04-17T07:06:20.014Z,MOBILE,iOS
52487479-486a-4ff9-ac6e-d63958be4aa2,SCR,2023-04-17T08:42:58.014Z,MOBILE,iOS
54d8bd87-86fe-459a-a0da-92dcf38864fc,HP,2022-11-28T13:56:11.534Z,MOBILE,Android
54d8bd87-86fe-459a-a0da-92dcf38864fc,ATC,2022-11-28T23:15:08.534Z,MOBILE,Android
54d8bd87-86fe-459a-a0da-92dcf38864fc,AP,2022-11-29T08:33:45.534Z,MOBILE,Android
54d8bd87-86fe-459a-a0da-92dcf38864fc,CL,2022-11-28T23:14:04.534Z,MOBILE,Android
54d8bd87-86fe-459a-a0da-92dcf38864fc,SCR,2022-11-29T08:34:01.534Z,MOBILE,Android
54d8bd87-86fe-459a-a0da-92dcf38864fc,SER,2022-11-29T17:54:52.534Z,MOBILE,Android
54d8bd87-86fe-459a-a0da-92dcf38864fc,SER,2022-11-30T03:10:59.534Z,MOBILE,Android
54d8bd87-86fe-459a-a0da-92dcf38864fc,CL,2022-11-30T12:30:02.534Z,MOBILE,Android
4e0c48f4-78af-4fcf-b64d-bbf87392be69,HP,2023-02-24T16:20:04.534Z,WEB,Android
4e0c48f4-78af-4fcf-b64d-bbf87392be69,ATC,2023-02-24T17:48:46.534Z,WEB,Android
4e0c48f4-78af-4fcf-b64d-bbf87392be69,CL,2023-02-24T17:47:33.534Z,WEB,Android
4e0c48f4-78af-4fcf-b64d-bbf87392be69,HP,2023-02-24T19:19:10.534Z,WEB,Android
4e0c48f4-78af-4fcf-b64d-bbf87392be69,SER,2023-02-24T20:46:43.534Z,WEB,Android
4e0c48f4-78af-4fcf-b64d-bbf87392be69,CL,2023-02-24T23:41:48.534Z,WEB,Android
4e0c48f4-78af-4fcf-b64d-bbf87392be69,CL,2023-02-25T01:09:50.534Z,WEB,Android
ba6acd18-6452-4d34-9fbd-452aa09d2534,HP,2023-08-10T13:20:10.534Z,MOBILE,Android
ba6acd18-6452-4d34-9fbd-452aa09d2534,ATC,2023-08-11T19:14:12.534Z,MOBILE,Android
ba6acd18-6452-4d34-9fbd-452aa09d2534,SER,2023-08-11T19:15:57.534Z,MOBILE,Android
87a29ed2-09c9-4263-a27b-5251190fba23,HP,2023-07-25T06:47:00.246Z,MOBILE,Android
87a29ed2-09c9-4263-a27b-5251190fba23,ATC,2023-07-25T20:10:54.246Z,MOBILE,Android
87a29ed2-09c9-4263-a27b-5251190fba23,AP,2023-07-26T09:29:33.246Z,MOBILE,Android
87a29ed2-09c9-4263-a27b-5251190fba23,SER,2023-07-26T09:35:36.246Z,MOBILE,Android
87a29ed2-09c9-4263-a27b-5251190fba23,CL,2023-07-26T22:58:49.246Z,MOBILE,Android
87a29ed2-09c9-4263-a27b-5251190fba23,SER,2023-07-27T12:19:11.246Z,MOBILE,Android
87a29ed2-09c9-4263-a27b-5251190fba23,SCR,2023-07-28T01:44:57.246Z,MOBILE,Android
87a29ed2-09c9-4263-a27b-5251190fba23,SCR,2023-07-28T15:08:09.246Z,MOBILE,Android
87a29ed2-09c9-4263-a27b-5251190fba23,HP,2023-07-29T04:23:06.246Z,MOBILE,Android
87a29ed2-09c9-4263-a27b-5251190fba23,HP,2023-07-30T07:17:49.246Z,MOBILE,Android
87a29ed2-09c9-4263-a27b-5251190fba23,CL,2023-07-30T20:39:22.246Z,MOBILE,Android
87a29ed2-09c9-4263-a27b-5251190fba23,CL,2023-07-31T10:02:38.246Z,MOBILE,Android
87a29ed2-09c9-4263-a27b-5251190fba23,CL,2023-08-02T02:18:01.246Z,MOBILE,Android
87a29ed2-09c9-4263-a27b-5251190fba23,HP,2023-08-02T15:38:08.246Z,MOBILE,Android
87a29ed2-09c9-4263-a27b-5251190fba23,SCR,2023-08-03T05:00:23.246Z,MOBILE,Android
87a29ed2-09c9-4263-a27b-5251190fba23,CL,2023-08-03T18:21:14.246Z,MOBILE,Android
87a29ed2-09c9-4263-a27b-5251190fba23,VI,2023-07-25T20:10:28.246Z,MOBILE,Android
87a29ed2-09c9-4263-a27b-5251190fba23,VI,2023-08-01T12:50:42.246Z,MOBILE,Android
8c860d24-baeb-49d9-a787-ddf85c174651,HP,2021-07-03T06:35:33.168Z,MOBILE,Android
8c860d24-baeb-49d9-a787-ddf85c174651,ATC,2021-07-04T05:15:28.168Z,MOBILE,Android
8c860d24-baeb-49d9-a787-ddf85c174651,CL,2021-07-04T05:16:49.168Z,MOBILE,Android
effb7fc9-3236-4ef7-a45f-021bd4cd9d3e,HP,2023-03-18T02:11:39.168Z,MOBILE,Android
effb7fc9-3236-4ef7-a45f-021bd4cd9d3e,ATC,2023-03-23T03:01:56.168Z,MOBILE,Android
effb7fc9-3236-4ef7-a45f-021bd4cd9d3e,AP,2023-03-28T03:29:23.168Z,MOBILE,Android
effb7fc9-3236-4ef7-a45f-021bd4cd9d3e,CL,2023-03-28T03:40:40.168Z,MOBILE,Android
effb7fc9-3236-4ef7-a45f-021bd4cd9d3e,VI,2023-03-23T02:47:42.168Z,MOBILE,Android
824ad958-89ca-4947-8a69-469d3fd6c695,HP,2021-11-20T23:17:57.918Z,MOBILE,iOS
824ad958-89ca-4947-8a69-469d3fd6c695,ATC,2021-11-21T04:05:25.918Z,MOBILE,iOS
824ad958-89ca-4947-8a69-469d3fd6c695,CL,2021-11-21T08:47:51.918Z,MOBILE,iOS
824ad958-89ca-4947-8a69-469d3fd6c695,HP,2021-11-21T23:15:06.918Z,MOBILE,iOS
824ad958-89ca-4947-8a69-469d3fd6c695,CL,2021-11-22T04:00:45.918Z,MOBILE,iOS
824ad958-89ca-4947-8a69-469d3fd6c695,SCR,2021-11-22T08:46:22.918Z,MOBILE,iOS
ebf1106b-058f-4cb3-a2e5-aeb0f23683e6,HP,2023-08-19T18:36:57.918Z,MOBILE,iOS
ebf1106b-058f-4cb3-a2e5-aeb0f23683e6,ATC,2023-08-19T23:41:41.918Z,MOBILE,iOS
ebf1106b-058f-4cb3-a2e5-aeb0f23683e6,SCR,2023-08-19T23:40:24.918Z,MOBILE,iOS
ebf1106b-058f-4cb3-a2e5-aeb0f23683e6,SCR,2023-08-20T09:45:09.918Z,MOBILE,iOS
ebf1106b-058f-4cb3-a2e5-aeb0f23683e6,SCR,2023-08-20T19:54:02.918Z,MOBILE,iOS
ebf1106b-058f-4cb3-a2e5-aeb0f23683e6,SCR,2023-08-21T00:56:55.918Z,MOBILE,iOS
ebf1106b-058f-4cb3-a2e5-aeb0f23683e6,CL,2023-08-21T05:59:07.918Z,MOBILE,iOS
ebf1106b-058f-4cb3-a2e5-aeb0f23683e6,VI,2023-08-20T04:40:27.918Z,MOBILE,iOS
ebf1106b-058f-4cb3-a2e5-aeb0f23683e6,CL,2023-08-21T11:00:01.918Z,MOBILE,iOS
ebf1106b-058f-4cb3-a2e5-aeb0f23683e6,SCR,2023-08-21T16:04:21.918Z,MOBILE,iOS
ebf1106b-058f-4cb3-a2e5-aeb0f23683e6,HP,2023-08-21T21:06:32.918Z,MOBILE,iOS
ebf1106b-058f-4cb3-a2e5-aeb0f23683e6,SCR,2023-08-22T02:12:56.918Z,MOBILE,iOS
ebf1106b-058f-4cb3-a2e5-aeb0f23683e6,SCR,2023-08-22T07:15:22.918Z,MOBILE,iOS
ebf1106b-058f-4cb3-a2e5-aeb0f23683e6,CL,2023-08-22T12:22:06.918Z,MOBILE,iOS
ebf1106b-058f-4cb3-a2e5-aeb0f23683e6,CL,2023-08-22T17:27:29.918Z,MOBILE,iOS
ebf1106b-058f-4cb3-a2e5-aeb0f23683e6,HP,2023-08-22T22:31:45.918Z,MOBILE,iOS
ebf1106b-058f-4cb3-a2e5-aeb0f23683e6,CL,2023-08-23T03:31:18.918Z,MOBILE,iOS
ebf1106b-058f-4cb3-a2e5-aeb0f23683e6,CL,2023-08-23T13:38:00.918Z,MOBILE,iOS
ebf1106b-058f-4cb3-a2e5-aeb0f23683e6,SCR,2023-08-23T18:40:30.918Z,MOBILE,iOS
ebf1106b-058f-4cb3-a2e5-aeb0f23683e6,CL,2023-08-23T23:47:55.918Z,MOBILE,iOS
ebf1106b-058f-4cb3-a2e5-aeb0f23683e6,SCR,2023-08-24T09:54:50.918Z,MOBILE,iOS
ebf1106b-058f-4cb3-a2e5-aeb0f23683e6,CL,2023-08-24T14:57:54.918Z,MOBILE,iOS
ebf1106b-058f-4cb3-a2e5-aeb0f23683e6,SCR,2023-08-25T01:05:13.918Z,MOBILE,iOS
ebf1106b-058f-4cb3-a2e5-aeb0f23683e6,SER,2023-08-25T06:10:59.918Z,MOBILE,iOS
ebf1106b-058f-4cb3-a2e5-aeb0f23683e6,CL,2023-08-25T11:11:36.918Z,MOBILE,iOS
ebf1106b-058f-4cb3-a2e5-aeb0f23683e6,SER,2023-08-25T16:16:40.918Z,MOBILE,iOS
ebf1106b-058f-4cb3-a2e5-aeb0f23683e6,SER,2023-08-25T21:19:24.918Z,MOBILE,iOS
ebf1106b-058f-4cb3-a2e5-aeb0f23683e6,CL,2023-08-26T07:21:35.918Z,MOBILE,iOS
ebf1106b-058f-4cb3-a2e5-aeb0f23683e6,CL,2023-08-26T12:26:11.918Z,MOBILE,iOS
ebf1106b-058f-4cb3-a2e5-aeb0f23683e6,HP,2023-08-26T17:31:27.918Z,MOBILE,iOS
ebf1106b-058f-4cb3-a2e5-aeb0f23683e6,SCR,2023-08-26T22:32:56.918Z,MOBILE,iOS
ebf1106b-058f-4cb3-a2e5-aeb0f23683e6,CL,2023-08-27T03:41:03.918Z,MOBILE,iOS
ebf1106b-058f-4cb3-a2e5-aeb0f23683e6,SCR,2023-08-27T08:44:29.918Z,MOBILE,iOS
ebf1106b-058f-4cb3-a2e5-aeb0f23683e6,CL,2023-08-27T13:50:12.918Z,MOBILE,iOS
ebf1106b-058f-4cb3-a2e5-aeb0f23683e6,SCR,2023-08-28T00:01:02.918Z,MOBILE,iOS
ebf1106b-058f-4cb3-a2e5-aeb0f23683e6,CL,2023-08-28T10:09:17.918Z,MOBILE,iOS
ebf1106b-058f-4cb3-a2e5-aeb0f23683e6,SCR,2023-08-28T15:14:28.918Z,MOBILE,iOS
ebf1106b-058f-4cb3-a2e5-aeb0f23683e6,CL,2023-08-28T20:19:56.918Z,MOBILE,iOS
ebf1106b-058f-4cb3-a2e5-aeb0f23683e6,HP,2023-08-29T01:25:09.918Z,MOBILE,iOS
ebf1106b-058f-4cb3-a2e5-aeb0f23683e6,SCR,2023-08-29T06:28:57.918Z,MOBILE,iOS
ebf1106b-058f-4cb3-a2e5-aeb0f23683e6,HP,2023-08-29T11:33:26.918Z,MOBILE,iOS
ebf1106b-058f-4cb3-a2e5-aeb0f23683e6,VI,2023-08-23T08:33:04.918Z,MOBILE,iOS
ebf1106b-058f-4cb3-a2e5-aeb0f23683e6,VI,2023-08-24T04:51:02.918Z,MOBILE,iOS
ebf1106b-058f-4cb3-a2e5-aeb0f23683e6,VI,2023-08-24T20:01:50.918Z,MOBILE,iOS
ebf1106b-058f-4cb3-a2e5-aeb0f23683e6,VI,2023-08-26T02:21:52.918Z,MOBILE,iOS
ebf1106b-058f-4cb3-a2e5-aeb0f23683e6,VI,2023-08-27T18:58:00.918Z,MOBILE,iOS
a5c947b6-5643-4a2f-9212-c3146fdb8925,HP,2021-07-02T16:47:03.603Z,MOBILE,Android
a5c947b6-5643-4a2f-9212-c3146fdb8925,ATC,2021-07-04T12:07:37.603Z,MOBILE,Android
a5c947b6-5643-4a2f-9212-c3146fdb8925,AP,2021-07-06T07:36:40.603Z,MOBILE,Android
a5c947b6-5643-4a2f-9212-c3146fdb8925,SCR,2021-07-06T06:55:28.603Z,MOBILE,Android
a5c947b6-5643-4a2f-9212-c3146fdb8925,CL,2021-07-08T02:15:03.603Z,MOBILE,Android
a5c947b6-5643-4a2f-9212-c3146fdb8925,CL,2021-07-11T16:50:10.603Z,MOBILE,Android
a5c947b6-5643-4a2f-9212-c3146fdb8925,CL,2021-07-15T07:32:23.603Z,MOBILE,Android
a5c947b6-5643-4a2f-9212-c3146fdb8925,SER,2021-07-17T02:42:18.603Z,MOBILE,Android
a5c947b6-5643-4a2f-9212-c3146fdb8925,VI,2021-07-13T12:09:11.603Z,MOBILE,Android
1c319ed0-133c-4a0c-9098-89ea4bcd0fbb,HP,2022-10-09T21:10:26.603Z,WEB,Android
1c319ed0-133c-4a0c-9098-89ea4bcd0fbb,ATC,2022-10-10T03:09:49.603Z,WEB,Android
1c319ed0-133c-4a0c-9098-89ea4bcd0fbb,SCR,2022-10-10T03:07:16.603Z,WEB,Android
1c319ed0-133c-4a0c-9098-89ea4bcd0fbb,SCR,2022-10-10T09:08:37.603Z,WEB,Android
1c319ed0-133c-4a0c-9098-89ea4bcd0fbb,CL,2022-10-10T15:09:05.603Z,WEB,Android
1c319ed0-133c-4a0c-9098-89ea4bcd0fbb,CL,2022-10-11T09:08:11.603Z,WEB,Android
1c319ed0-133c-4a0c-9098-89ea4bcd0fbb,SCR,2022-10-12T03:01:57.603Z,WEB,Android
1c319ed0-133c-4a0c-9098-89ea4bcd0fbb,VI,2022-10-10T21:09:41.603Z,WEB,Android
1c319ed0-133c-4a0c-9098-89ea4bcd0fbb,VI,2022-10-11T03:09:56.603Z,WEB,Android
1c319ed0-133c-4a0c-9098-89ea4bcd0fbb,VI,2022-10-11T15:04:59.603Z,WEB,Android
1c319ed0-133c-4a0c-9098-89ea4bcd0fbb,VI,2022-10-11T21:04:03.603Z,WEB,Android
155f757e-7ffa-45f0-ba28-bd1c57ed5a34,HP,2020-03-08T00:24:56.361Z,MOBILE,Android
155f757e-7ffa-45f0-ba28-bd1c57ed5a34,ATC,2020-03-08T17:45:40.361Z,MOBILE,Android
155f757e-7ffa-45f0-ba28-bd1c57ed5a34,ATC,2020-03-09T11:02:29.361Z,MOBILE,Android
155f757e-7ffa-45f0-ba28-bd1c57ed5a34,AP,2020-03-10T04:30:15.361Z,MOBILE,Android
155f757e-7ffa-45f0-ba28-bd1c57ed5a34,ATC,2020-03-08T17:40:57.361Z,MOBILE,Android
155f757e-7ffa-45f0-ba28-bd1c57ed5a34,SCR,2020-03-09T11:03:13.361Z,MOBILE,Android
155f757e-7ffa-45f0-ba28-bd1c57ed5a34,CL,2020-03-10T04:24:47.361Z,MOBILE,Android
155f757e-7ffa-45f0-ba28-bd1c57ed5a34,SCR,2020-03-10T21:47:37.361Z,MOBILE,Android
155f757e-7ffa-45f0-ba28-bd1c57ed5a34,CL,2020-03-11T15:13:45.361Z,MOBILE,Android
b6599486-60c5-4021-9cd5-9b1403ac2c4a,HP,2022-12-08T23:05:46.321Z,MOBILE,Android
b6599486-60c5-4021-9cd5-9b1403ac2c4a,ATC,2022-12-11T12:29:27.321Z,MOBILE,Android
b6599486-60c5-4021-9cd5-9b1403ac2c4a,SER,2022-12-11T12:31:10.321Z,MOBILE,Android
b6599486-60c5-4021-9cd5-9b1403ac2c4a,SER,2022-12-14T01:45:14.321Z,MOBILE,Android
b6599486-60c5-4021-9cd5-9b1403ac2c4a,SCR,2022-12-21T17:51:20.321Z,MOBILE,Android
b6599486-60c5-4021-9cd5-9b1403ac2c4a,CL,2022-12-29T10:06:45.321Z,MOBILE,Android
b6599486-60c5-4021-9cd5-9b1403ac2c4a,CL,2022-12-31T23:19:25.321Z,MOBILE,Android
c370f9ab-b79d-400c-878c-8677ffd131c3,HP,2023-06-24T19:11:39.378Z,MOBILE,Android
c370f9ab-b79d-400c-878c-8677ffd131c3,ATC,2023-06-25T08:12:44.378Z,MOBILE,Android
c370f9ab-b79d-400c-878c-8677ffd131c3,CL,2023-06-25T08:19:42.378Z,MOBILE,Android
c370f9ab-b79d-400c-878c-8677ffd131c3,SER,2023-06-26T10:25:24.378Z,MOBILE,Android
c370f9ab-b79d-400c-878c-8677ffd131c3,HP,2023-06-26T23:30:59.378Z,MOBILE,Android
c370f9ab-b79d-400c-878c-8677ffd131c3,CL,2023-06-27T12:32:18.378Z,MOBILE,Android
c370f9ab-b79d-400c-878c-8677ffd131c3,SCR,2023-06-28T14:38:18.378Z,MOBILE,Android
c370f9ab-b79d-400c-878c-8677ffd131c3,HP,2023-07-12T09:27:44.378Z,MOBILE,Android
ac2f3bb4-7029-46d0-8ab5-8be3f9c534b0,HP,2019-12-17T23:32:00.411Z,MOBILE,iOS
ac2f3bb4-7029-46d0-8ab5-8be3f9c534b0,ATC,2019-12-23T15:44:25.411Z,MOBILE,iOS
ac2f3bb4-7029-46d0-8ab5-8be3f9c534b0,AP,2019-12-29T08:09:03.411Z,MOBILE,iOS
ac2f3bb4-7029-46d0-8ab5-8be3f9c534b0,ATC,2019-12-23T15:52:10.411Z,MOBILE,iOS
ac2f3bb4-7029-46d0-8ab5-8be3f9c534b0,SCR,2019-12-29T08:20:37.411Z,MOBILE,iOS
ac2f3bb4-7029-46d0-8ab5-8be3f9c534b0,SCR,2020-01-04T00:37:12.411Z,MOBILE,iOS
abfdbcd3-b9aa-4d23-b091-34d937878b8e,HP,2021-01-17T10:24:06.411Z,MOBILE,iOS
abfdbcd3-b9aa-4d23-b091-34d937878b8e,ATC,2021-01-22T23:19:33.411Z,MOBILE,iOS
abfdbcd3-b9aa-4d23-b091-34d937878b8e,VI,2021-01-22T23:23:54.411Z,MOBILE,iOS
75ea0be2-dd87-454e-a571-0677ad1846d5,HP,2023-01-11T05:29:46.411Z,MOBILE,iOS
75ea0be2-dd87-454e-a571-0677ad1846d5,ATC,2023-01-12T18:31:02.411Z,MOBILE,iOS
75ea0be2-dd87-454e-a571-0677ad1846d5,CL,2023-01-14T07:57:37.411Z,MOBILE,iOS
75ea0be2-dd87-454e-a571-0677ad1846d5,VI,2023-01-12T18:41:58.411Z,MOBILE,iOS
1579d6d5-cda5-4a74-9bf9-2d166c4fad7a,HP,2019-10-20T04:37:45.674Z,MOBILE,Android
1579d6d5-cda5-4a74-9bf9-2d166c4fad7a,ATC,2019-10-21T00:40:05.674Z,MOBILE,Android
1579d6d5-cda5-4a74-9bf9-2d166c4fad7a,CL,2019-10-21T00:39:05.674Z,MOBILE,Android
1579d6d5-cda5-4a74-9bf9-2d166c4fad7a,HP,2019-10-21T20:30:22.674Z,MOBILE,Android
1579d6d5-cda5-4a74-9bf9-2d166c4fad7a,SCR,2019-10-22T16:22:14.674Z,MOBILE,Android
1579d6d5-cda5-4a74-9bf9-2d166c4fad7a,CL,2019-10-23T12:09:28.674Z,MOBILE,Android
1579d6d5-cda5-4a74-9bf9-2d166c4fad7a,HP,2019-10-24T08:10:35.674Z,MOBILE,Android
1579d6d5-cda5-4a74-9bf9-2d166c4fad7a,CL,2019-10-26T00:01:35.674Z,MOBILE,Android
1579d6d5-cda5-4a74-9bf9-2d166c4fad7a,CL,2019-10-26T19:55:35.674Z,MOBILE,Android
1579d6d5-cda5-4a74-9bf9-2d166c4fad7a,SCR,2019-10-27T15:42:55.674Z,MOBILE,Android
1579d6d5-cda5-4a74-9bf9-2d166c4fad7a,HP,2019-10-28T11:50:35.674Z,MOBILE,Android
1579d6d5-cda5-4a74-9bf9-2d166c4fad7a,CL,2019-10-29T07:47:51.674Z,MOBILE,Android
1579d6d5-cda5-4a74-9bf9-2d166c4fad7a,ATC,2019-10-30T03:50:30.674Z,MOBILE,Android
1579d6d5-cda5-4a74-9bf9-2d166c4fad7a,ATC,2019-10-30T23:35:37.674Z,MOBILE,Android
1579d6d5-cda5-4a74-9bf9-2d166c4fad7a,SCR,2019-10-31T19:32:59.674Z,MOBILE,Android
1579d6d5-cda5-4a74-9bf9-2d166c4fad7a,SCR,2019-11-01T15:24:44.674Z,MOBILE,Android
1579d6d5-cda5-4a74-9bf9-2d166c4fad7a,VI,2019-10-25T04:05:31.674Z,MOBILE,Android
abc19ea8-c2cb-4852-b908-a3b9dac49eea,HP,2022-02-28T18:58:59.936Z,MOBILE,Android
abc19ea8-c2cb-4852-b908-a3b9dac49eea,ATC,2022-03-01T15:23:55.936Z,MOBILE,Android
abc19ea8-c2cb-4852-b908-a3b9dac49eea,AP,2022-03-03T11:43:22.936Z,MOBILE,Android
abc19ea8-c2cb-4852-b908-a3b9dac49eea,ATC,2022-03-01T15:08:14.936Z,MOBILE,Android
abc19ea8-c2cb-4852-b908-a3b9dac49eea,CL,2022-03-03T11:09:14.936Z,MOBILE,Android
abc19ea8-c2cb-4852-b908-a3b9dac49eea,CL,2022-03-05T07:26:15.936Z,MOBILE,Android
abc19ea8-c2cb-4852-b908-a3b9dac49eea,ATC,2022-03-07T03:39:36.936Z,MOBILE,Android
abc19ea8-c2cb-4852-b908-a3b9dac49eea,CL,2022-03-08T23:52:35.936Z,MOBILE,Android
abc19ea8-c2cb-4852-b908-a3b9dac49eea,ATC,2022-03-12T16:30:14.936Z,MOBILE,Android
abc19ea8-c2cb-4852-b908-a3b9dac49eea,ATC,2022-03-14T12:42:22.936Z,MOBILE,Android
abc19ea8-c2cb-4852-b908-a3b9dac49eea,CL,2022-03-16T08:59:33.936Z,MOBILE,Android
abc19ea8-c2cb-4852-b908-a3b9dac49eea,SER,2022-03-20T01:30:26.936Z,MOBILE,Android
abc19ea8-c2cb-4852-b908-a3b9dac49eea,SER,2022-03-21T22:07:35.936Z,MOBILE,Android
abc19ea8-c2cb-4852-b908-a3b9dac49eea,CL,2022-03-23T18:25:40.936Z,MOBILE,Android
abc19ea8-c2cb-4852-b908-a3b9dac49eea,VI,2022-03-10T20:12:13.936Z,MOBILE,Android
abc19ea8-c2cb-4852-b908-a3b9dac49eea,VI,2022-03-18T05:14:32.936Z,MOBILE,Android
69b11e93-43a4-4168-986a-315e2b3b3473,HP,2022-06-29T22:09:44.936Z,MOBILE,Android
69b11e93-43a4-4168-986a-315e2b3b3473,ATC,2022-06-30T06:41:10.936Z,MOBILE,Android
69b11e93-43a4-4168-986a-315e2b3b3473,SER,2022-06-30T15:15:59.936Z,MOBILE,Android
69b11e93-43a4-4168-986a-315e2b3b3473,VI,2022-06-30T06:43:50.936Z,MOBILE,Android
96d2872d-343c-4d7d-83dc-6a75992c2da8,HP,2020-10-02T08:43:54.583Z,WEB,Android
96d2872d-343c-4d7d-83dc-6a75992c2da8,ATC,2020-10-04T05:20:57.583Z,WEB,Android
96d2872d-343c-4d7d-83dc-6a75992c2da8,ATC,2020-10-06T02:01:12.583Z,WEB,Android
96d2872d-343c-4d7d-83dc-6a75992c2da8,SCR,2020-10-04T05:11:21.583Z,WEB,Android
96d2872d-343c-4d7d-83dc-6a75992c2da8,HP,2020-10-06T01:36:26.583Z,WEB,Android
96d2872d-343c-4d7d-83dc-6a75992c2da8,SER,2020-10-07T22:01:59.583Z,WEB,Android
96d2872d-343c-4d7d-83dc-6a75992c2da8,CL,2020-10-09T18:34:22.583Z,WEB,Android
96d2872d-343c-4d7d-83dc-6a75992c2da8,CL,2020-10-11T15:03:46.583Z,WEB,Android
96d2872d-343c-4d7d-83dc-6a75992c2da8,HP,2020-10-13T11:32:17.583Z,WEB,Android
96d2872d-343c-4d7d-83dc-6a75992c2da8,SCR,2020-10-17T04:44:03.583Z,WEB,Android
96d2872d-343c-4d7d-83dc-6a75992c2da8,SER,2020-10-19T01:19:09.583Z,WEB,Android
96d2872d-343c-4d7d-83dc-6a75992c2da8,SCR,2020-10-20T21:51:55.583Z,WEB,Android
96d2872d-343c-4d7d-83dc-6a75992c2da8,CL,2020-10-22T18:23:08.583Z,WEB,Android
70c0f665-165d-41c7-a2d9-61fe140aef3f,HP,2021-04-09T15:42:55.583Z,WEB,Android
70c0f665-165d-41c7-a2d9-61fe140aef3f,ATC,2021-04-10T03:10:52.583Z,WEB,Android
70c0f665-165d-41c7-a2d9-61fe140aef3f,HP,2021-04-10T03:00:50.583Z,WEB,Android
70c0f665-165d-41c7-a2d9-61fe140aef3f,CL,2021-04-11T01:45:57.583Z,WEB,Android
70c0f665-165d-41c7-a2d9-61fe140aef3f,SCR,2021-04-12T11:46:57.583Z,WEB,Android
70c0f665-165d-41c7-a2d9-61fe140aef3f,CL,2021-04-13T10:27:04.583Z,WEB,Android
96d2872d-343c-4d7d-83dc-6a75992c2da8,VI,2020-10-15T08:08:13.583Z,WEB,Android
1a858533-3ba0-41d5-8421-c4865830af07,HP,2023-07-26T23:35:51.583Z,MOBILE,Android
1a858533-3ba0-41d5-8421-c4865830af07,ATC,2023-07-28T10:29:11.583Z,MOBILE,Android
1a858533-3ba0-41d5-8421-c4865830af07,ATC,2023-07-29T21:12:15.583Z,MOBILE,Android
1a858533-3ba0-41d5-8421-c4865830af07,SCR,2023-07-28T10:05:32.583Z,MOBILE,Android
1fc062fc-9bf1-4a9f-9606-f46621ea20f2,HP,2023-10-24T03:13:50.583Z,MOBILE,Android
1fc062fc-9bf1-4a9f-9606-f46621ea20f2,ATC,2023-10-24T07:32:13.583Z,MOBILE,Android
1fc062fc-9bf1-4a9f-9606-f46621ea20f2,SCR,2023-10-24T07:34:28.583Z,MOBILE,Android
1fc062fc-9bf1-4a9f-9606-f46621ea20f2,CL,2023-10-24T11:54:35.583Z,MOBILE,Android
168dd7b4-2a28-4cfe-a5c3-5207b2683f6c,HP,2020-08-01T23:05:42.489Z,MOBILE,iOS
168dd7b4-2a28-4cfe-a5c3-5207b2683f6c,ATC,2020-08-03T08:30:09.489Z,MOBILE,iOS
168dd7b4-2a28-4cfe-a5c3-5207b2683f6c,AP,2020-08-04T17:39:06.489Z,MOBILE,iOS
168dd7b4-2a28-4cfe-a5c3-5207b2683f6c,SCR,2020-08-04T17:27:49.489Z,MOBILE,iOS
168dd7b4-2a28-4cfe-a5c3-5207b2683f6c,SER,2020-08-06T02:50:21.489Z,MOBILE,iOS
168dd7b4-2a28-4cfe-a5c3-5207b2683f6c,SCR,2020-08-07T12:09:47.489Z,MOBILE,iOS
168dd7b4-2a28-4cfe-a5c3-5207b2683f6c,ATC,2020-08-10T06:51:12.489Z,MOBILE,iOS
168dd7b4-2a28-4cfe-a5c3-5207b2683f6c,SER,2020-08-13T01:18:33.489Z,MOBILE,iOS
168dd7b4-2a28-4cfe-a5c3-5207b2683f6c,ATC,2020-08-14T10:35:34.489Z,MOBILE,iOS
168dd7b4-2a28-4cfe-a5c3-5207b2683f6c,HP,2020-08-15T19:47:39.489Z,MOBILE,iOS
58fd0f0e-8a47-4708-9db7-be4f9513a3af,HP,2020-10-25T16:53:32.489Z,MOBILE,iOS
58fd0f0e-8a47-4708-9db7-be4f9513a3af,ATC,2020-10-28T05:57:14.489Z,MOBILE,iOS
58fd0f0e-8a47-4708-9db7-be4f9513a3af,AP,2020-10-30T18:54:12.489Z,MOBILE,iOS
58fd0f0e-8a47-4708-9db7-be4f9513a3af,ATC,2020-10-30T18:48:03.489Z,MOBILE,iOS
168dd7b4-2a28-4cfe-a5c3-5207b2683f6c,VP,2020-08-03T08:14:20.489Z,MOBILE,iOS
168dd7b4-2a28-4cfe-a5c3-5207b2683f6c,VI,2020-08-08T21:25:14.489Z,MOBILE,iOS
168dd7b4-2a28-4cfe-a5c3-5207b2683f6c,VI,2020-08-11T16:07:54.489Z,MOBILE,iOS
168dd7b4-2a28-4cfe-a5c3-5207b2683f6c,VI,2020-08-17T04:52:28.489Z,MOBILE,iOS
70981333-27a9-4f8e-b7f0-ae8749925ce4,HP,2022-05-05T08:48:12.489Z,MOBILE,iOS
70981333-27a9-4f8e-b7f0-ae8749925ce4,ATC,2022-05-05T16:04:27.489Z,MOBILE,iOS
70981333-27a9-4f8e-b7f0-ae8749925ce4,AP,2022-05-05T23:19:31.489Z,MOBILE,iOS
70981333-27a9-4f8e-b7f0-ae8749925ce4,SCR,2022-05-05T16:00:08.489Z,MOBILE,iOS
df2d91c4-abf9-475c-a92a-fffbedce06a2,HP,2022-07-03T22:26:54.489Z,MOBILE,iOS
df2d91c4-abf9-475c-a92a-fffbedce06a2,ATC,2022-07-10T13:51:17.489Z,MOBILE,iOS
df2d91c4-abf9-475c-a92a-fffbedce06a2,SER,2022-07-10T13:28:16.489Z,MOBILE,iOS
2c66e73b-5081-40a7-b279-d7cbd5207943,HP,2022-12-26T18:26:31.489Z,MOBILE,iOS
2c66e73b-5081-40a7-b279-d7cbd5207943,ATC,2022-12-26T18:56:10.489Z,MOBILE,iOS
2c66e73b-5081-40a7-b279-d7cbd5207943,AP,2022-12-26T19:24:56.489Z,MOBILE,iOS
2c66e73b-5081-40a7-b279-d7cbd5207943,CL,2022-12-26T18:55:01.489Z,MOBILE,iOS
2c66e73b-5081-40a7-b279-d7cbd5207943,SER,2022-12-26T19:51:42.489Z,MOBILE,iOS
2c66e73b-5081-40a7-b279-d7cbd5207943,VI,2022-12-26T19:24:13.489Z,MOBILE,iOS
2d68eafe-1e4b-4288-96b2-6e6424d644a4,HP,2023-07-03T06:46:56.489Z,MOBILE,iOS
2d68eafe-1e4b-4288-96b2-6e6424d644a4,ATC,2023-07-03T13:47:50.489Z,MOBILE,iOS
2d68eafe-1e4b-4288-96b2-6e6424d644a4,ATC,2023-07-03T20:52:13.489Z,MOBILE,iOS
2d68eafe-1e4b-4288-96b2-6e6424d644a4,ATC,2023-07-04T03:51:37.489Z,MOBILE,iOS
2d68eafe-1e4b-4288-96b2-6e6424d644a4,ATC,2023-07-04T10:50:59.489Z,MOBILE,iOS
2d68eafe-1e4b-4288-96b2-6e6424d644a4,ATC,2023-07-04T17:54:30.489Z,MOBILE,iOS
2d68eafe-1e4b-4288-96b2-6e6424d644a4,ATC,2023-07-05T00:59:46.489Z,MOBILE,iOS
2d68eafe-1e4b-4288-96b2-6e6424d644a4,ATC,2023-07-05T08:00:36.489Z,MOBILE,iOS
2d68eafe-1e4b-4288-96b2-6e6424d644a4,ATC,2023-07-05T15:06:11.489Z,MOBILE,iOS
2d68eafe-1e4b-4288-96b2-6e6424d644a4,AP,2023-07-05T22:09:26.489Z,MOBILE,iOS
2d68eafe-1e4b-4288-96b2-6e6424d644a4,CL,2023-07-03T20:54:07.489Z,MOBILE,iOS
2d68eafe-1e4b-4288-96b2-6e6424d644a4,ATC,2023-07-04T03:53:44.489Z,MOBILE,iOS
2d68eafe-1e4b-4288-96b2-6e6424d644a4,HP,2023-07-04T10:56:52.489Z,MOBILE,iOS
2d68eafe-1e4b-4288-96b2-6e6424d644a4,ATC,2023-07-04T18:02:07.489Z,MOBILE,iOS
2d68eafe-1e4b-4288-96b2-6e6424d644a4,CL,2023-07-05T01:04:20.489Z,MOBILE,iOS
2d68eafe-1e4b-4288-96b2-6e6424d644a4,CL,2023-07-05T15:06:16.489Z,MOBILE,iOS
2d68eafe-1e4b-4288-96b2-6e6424d644a4,ATC,2023-07-05T22:06:49.489Z,MOBILE,iOS
2d68eafe-1e4b-4288-96b2-6e6424d644a4,CL,2023-07-06T12:11:13.489Z,MOBILE,iOS
2d68eafe-1e4b-4288-96b2-6e6424d644a4,CL,2023-07-06T19:16:40.489Z,MOBILE,iOS
2d68eafe-1e4b-4288-96b2-6e6424d644a4,ATC,2023-07-07T02:18:24.489Z,MOBILE,iOS
2d68eafe-1e4b-4288-96b2-6e6424d644a4,CO,2023-07-10T00:33:25.489Z,MOBILE,iOS
2d68eafe-1e4b-4288-96b2-6e6424d644a4,VI,2023-07-03T13:51:33.489Z,MOBILE,iOS
ee99753c-2b19-466d-b298-fcd00a0e7a20,HP,2022-02-06T06:08:38.298Z,WEB,Android
ee99753c-2b19-466d-b298-fcd00a0e7a20,ATC,2022-02-06T06:16:57.298Z,WEB,Android
ee99753c-2b19-466d-b298-fcd00a0e7a20,AP,2022-02-06T06:26:20.298Z,WEB,Android
ee99753c-2b19-466d-b298-fcd00a0e7a20,HP,2022-02-06T06:25:51.298Z,WEB,Android
ee99753c-2b19-466d-b298-fcd00a0e7a20,HP,2022-02-06T06:52:25.298Z,WEB,Android
ee99753c-2b19-466d-b298-fcd00a0e7a20,VI,2022-02-06T06:34:50.298Z,WEB,Android
6dacb69b-0134-450c-8aba-f78f1d729e9e,HP,2023-06-25T13:52:57.298Z,MOBILE,Android
6dacb69b-0134-450c-8aba-f78f1d729e9e,ATC,2023-06-30T12:10:21.298Z,MOBILE,Android
6dacb69b-0134-450c-8aba-f78f1d729e9e,CL,2023-06-30T12:16:29.298Z,MOBILE,Android
959becb8-117a-42de-8c75-371a76f8a68e,HP,2023-12-16T08:07:18.298Z,WEB,Android
959becb8-117a-42de-8c75-371a76f8a68e,ATC,2023-12-16T08:27:26.298Z,WEB,Android
959becb8-117a-42de-8c75-371a76f8a68e,CL,2023-12-16T08:27:50.298Z,WEB,Android
959becb8-117a-42de-8c75-371a76f8a68e,CL,2023-12-16T09:09:07.298Z,WEB,Android
959becb8-117a-42de-8c75-371a76f8a68e,SER,2023-12-16T09:30:04.298Z,WEB,Android
959becb8-117a-42de-8c75-371a76f8a68e,HP,2023-12-16T10:30:13.298Z,WEB,Android
959becb8-117a-42de-8c75-371a76f8a68e,CL,2023-12-16T10:50:28.298Z,WEB,Android
959becb8-117a-42de-8c75-371a76f8a68e,CL,2023-12-16T11:10:45.298Z,WEB,Android
959becb8-117a-42de-8c75-371a76f8a68e,HP,2023-12-16T11:30:20.298Z,WEB,Android
959becb8-117a-42de-8c75-371a76f8a68e,SER,2023-12-16T11:50:36.298Z,WEB,Android
959becb8-117a-42de-8c75-371a76f8a68e,CL,2023-12-16T12:12:13.298Z,WEB,Android
959becb8-117a-42de-8c75-371a76f8a68e,SCR,2023-12-16T12:33:08.298Z,WEB,Android
959becb8-117a-42de-8c75-371a76f8a68e,HP,2023-12-16T13:13:56.298Z,WEB,Android
959becb8-117a-42de-8c75-371a76f8a68e,SER,2023-12-16T13:34:48.298Z,WEB,Android
959becb8-117a-42de-8c75-371a76f8a68e,SCR,2023-12-16T13:55:37.298Z,WEB,Android
959becb8-117a-42de-8c75-371a76f8a68e,SCR,2023-12-16T14:15:32.298Z,WEB,Android
959becb8-117a-42de-8c75-371a76f8a68e,CL,2023-12-16T14:55:29.298Z,WEB,Android
959becb8-117a-42de-8c75-371a76f8a68e,SCR,2023-12-16T15:15:25.298Z,WEB,Android
959becb8-117a-42de-8c75-371a76f8a68e,SCR,2023-12-16T15:35:53.298Z,WEB,Android
959becb8-117a-42de-8c75-371a76f8a68e,CL,2023-12-16T15:55:58.298Z,WEB,Android
959becb8-117a-42de-8c75-371a76f8a68e,CL,2023-12-16T16:16:30.298Z,WEB,Android
959becb8-117a-42de-8c75-371a76f8a68e,CL,2023-12-16T16:36:58.298Z,WEB,Android
959becb8-117a-42de-8c75-371a76f8a68e,HP,2023-12-16T16:57:52.298Z,WEB,Android
959becb8-117a-42de-8c75-371a76f8a68e,CL,2023-12-16T17:18:07.298Z,WEB,Android
959becb8-117a-42de-8c75-371a76f8a68e,SCR,2023-12-16T18:00:34.298Z,WEB,Android
959becb8-117a-42de-8c75-371a76f8a68e,SER,2023-12-16T18:20:32.298Z,WEB,Android
959becb8-117a-42de-8c75-371a76f8a68e,CL,2023-12-16T18:41:11.298Z,WEB,Android
959becb8-117a-42de-8c75-371a76f8a68e,CL,2023-12-16T19:01:49.298Z,WEB,Android
959becb8-117a-42de-8c75-371a76f8a68e,HP,2023-12-16T19:22:30.298Z,WEB,Android
959becb8-117a-42de-8c75-371a76f8a68e,CL,2023-12-16T19:42:41.298Z,WEB,Android
959becb8-117a-42de-8c75-371a76f8a68e,CL,2023-12-16T20:23:37.298Z,WEB,Android
959becb8-117a-42de-8c75-371a76f8a68e,SER,2023-12-16T20:42:40.298Z,WEB,Android
959becb8-117a-42de-8c75-371a76f8a68e,SCR,2023-12-16T21:02:57.298Z,WEB,Android
959becb8-117a-42de-8c75-371a76f8a68e,SER,2023-12-16T21:43:42.298Z,WEB,Android
959becb8-117a-42de-8c75-371a76f8a68e,CL,2023-12-16T22:24:43.298Z,WEB,Android
959becb8-117a-42de-8c75-371a76f8a68e,CL,2023-12-16T22:46:02.298Z,WEB,Android
959becb8-117a-42de-8c75-371a76f8a68e,CL,2023-12-16T23:06:56.298Z,WEB,Android
959becb8-117a-42de-8c75-371a76f8a68e,SER,2023-12-16T23:47:57.298Z,WEB,Android
959becb8-117a-42de-8c75-371a76f8a68e,SCR,2023-12-17T00:09:16.298Z,WEB,Android
959becb8-117a-42de-8c75-371a76f8a68e,VP,2023-12-16T12:54:17.298Z,WEB,Android
959becb8-117a-42de-8c75-371a76f8a68e,SER,2023-12-17T00:29:43.298Z,WEB,Android
959becb8-117a-42de-8c75-371a76f8a68e,HP,2023-12-17T00:50:42.298Z,WEB,Android
959becb8-117a-42de-8c75-371a76f8a68e,SER,2023-12-17T01:10:26.298Z,WEB,Android
959becb8-117a-42de-8c75-371a76f8a68e,CL,2023-12-17T01:31:21.298Z,WEB,Android
959becb8-117a-42de-8c75-371a76f8a68e,SER,2023-12-17T01:52:08.298Z,WEB,Android
959becb8-117a-42de-8c75-371a76f8a68e,SER,2023-12-17T02:13:01.298Z,WEB,Android
959becb8-117a-42de-8c75-371a76f8a68e,CL,2023-12-17T02:33:26.298Z,WEB,Android
959becb8-117a-42de-8c75-371a76f8a68e,HP,2023-12-17T02:54:55.298Z,WEB,Android
959becb8-117a-42de-8c75-371a76f8a68e,SER,2023-12-17T03:15:23.298Z,WEB,Android
959becb8-117a-42de-8c75-371a76f8a68e,CL,2023-12-17T03:54:55.298Z,WEB,Android
959becb8-117a-42de-8c75-371a76f8a68e,SER,2023-12-17T04:35:54.298Z,WEB,Android
959becb8-117a-42de-8c75-371a76f8a68e,SCR,2023-12-17T04:57:20.298Z,WEB,Android
959becb8-117a-42de-8c75-371a76f8a68e,CL,2023-12-17T05:17:36.298Z,WEB,Android
959becb8-117a-42de-8c75-371a76f8a68e,SCR,2023-12-17T05:37:12.298Z,WEB,Android
959becb8-117a-42de-8c75-371a76f8a68e,CL,2023-12-17T06:18:14.298Z,WEB,Android
959becb8-117a-42de-8c75-371a76f8a68e,SER,2023-12-17T06:38:11.298Z,WEB,Android
959becb8-117a-42de-8c75-371a76f8a68e,CL,2023-12-17T06:58:39.298Z,WEB,Android
959becb8-117a-42de-8c75-371a76f8a68e,CL,2023-12-17T07:18:46.298Z,WEB,Android
959becb8-117a-42de-8c75-371a76f8a68e,CL,2023-12-17T08:00:27.298Z,WEB,Android
959becb8-117a-42de-8c75-371a76f8a68e,HP,2023-12-17T08:21:28.298Z,WEB,Android
959becb8-117a-42de-8c75-371a76f8a68e,CL,2023-12-17T08:42:11.298Z,WEB,Android
959becb8-117a-42de-8c75-371a76f8a68e,VI,2023-12-17T03:35:24.298Z,WEB,Android
959becb8-117a-42de-8c75-371a76f8a68e,VI,2023-12-17T04:15:17.298Z,WEB,Android
959becb8-117a-42de-8c75-371a76f8a68e,VI,2023-12-17T05:56:08.298Z,WEB,Android
959becb8-117a-42de-8c75-371a76f8a68e,VI,2023-12-17T07:39:20.298Z,WEB,Android
465150aa-4b47-4007-83e6-d8bf260ddc66,SCR,2023-01-20T14:52:58.183Z,MOBILE,Android
7dec8c7e-058f-4ef2-93fe-f39161c18142,HP,2022-11-27T21:27:21.183Z,MOBILE,Android
7dec8c7e-058f-4ef2-93fe-f39161c18142,ATC,2022-11-28T00:42:09.183Z,MOBILE,Android
7dec8c7e-058f-4ef2-93fe-f39161c18142,AP,2022-11-28T03:50:16.183Z,MOBILE,Android
7dec8c7e-058f-4ef2-93fe-f39161c18142,SCR,2022-11-28T00:36:27.183Z,MOBILE,Android
7dec8c7e-058f-4ef2-93fe-f39161c18142,SCR,2022-11-28T03:45:45.183Z,MOBILE,Android
7dec8c7e-058f-4ef2-93fe-f39161c18142,SER,2022-11-28T06:56:05.183Z,MOBILE,Android
7dec8c7e-058f-4ef2-93fe-f39161c18142,SCR,2022-11-28T10:05:53.183Z,MOBILE,Android
7dec8c7e-058f-4ef2-93fe-f39161c18142,HP,2022-11-28T13:16:50.183Z,MOBILE,Android
7dec8c7e-058f-4ef2-93fe-f39161c18142,SCR,2022-11-28T16:27:39.183Z,MOBILE,Android
7dec8c7e-058f-4ef2-93fe-f39161c18142,SCR,2022-11-28T19:39:35.183Z,MOBILE,Android
7dec8c7e-058f-4ef2-93fe-f39161c18142,CL,2022-11-28T22:49:32.183Z,MOBILE,Android
7dec8c7e-058f-4ef2-93fe-f39161c18142,SCR,2022-11-29T01:57:38.183Z,MOBILE,Android
465150aa-4b47-4007-83e6-d8bf260ddc66,HP,2023-01-19T15:36:49.183Z,MOBILE,Android
465150aa-4b47-4007-83e6-d8bf260ddc66,ATC,2023-01-19T21:23:31.183Z,MOBILE,Android
465150aa-4b47-4007-83e6-d8bf260ddc66,ATC,2023-01-20T03:10:19.183Z,MOBILE,Android
465150aa-4b47-4007-83e6-d8bf260ddc66,CL,2023-01-19T21:23:39.183Z,MOBILE,Android
465150aa-4b47-4007-83e6-d8bf260ddc66,HP,2023-01-20T03:14:46.183Z,MOBILE,Android
465150aa-4b47-4007-83e6-d8bf260ddc66,SCR,2023-01-20T09:04:32.183Z,MOBILE,Android
465150aa-4b47-4007-83e6-d8bf260ddc66,HP,2023-01-20T20:41:18.183Z,MOBILE,Android
465150aa-4b47-4007-83e6-d8bf260ddc66,HP,2023-01-21T02:25:56.183Z,MOBILE,Android
465150aa-4b47-4007-83e6-d8bf260ddc66,SER,2023-01-21T08:14:25.183Z,MOBILE,Android
465150aa-4b47-4007-83e6-d8bf260ddc66,HP,2023-01-21T14:03:05.183Z,MOBILE,Android
465150aa-4b47-4007-83e6-d8bf260ddc66,VI,2023-01-21T19:50:00.183Z,MOBILE,Android
f6c4a813-0c39-47b0-b95f-0146b977804d,HP,2023-06-14T20:46:50.183Z,MOBILE,Android
f6c4a813-0c39-47b0-b95f-0146b977804d,ATC,2023-06-14T21:53:13.183Z,MOBILE,Android
f6c4a813-0c39-47b0-b95f-0146b977804d,CL,2023-06-14T21:51:48.183Z,MOBILE,Android
f6c4a813-0c39-47b0-b95f-0146b977804d,HP,2023-06-14T22:58:08.183Z,MOBILE,Android
f6c4a813-0c39-47b0-b95f-0146b977804d,CL,2023-06-15T00:03:59.183Z,MOBILE,Android
f6c4a813-0c39-47b0-b95f-0146b977804d,SCR,2023-06-15T02:14:50.183Z,MOBILE,Android
f6c4a813-0c39-47b0-b95f-0146b977804d,SCR,2023-06-15T03:21:39.183Z,MOBILE,Android
f6c4a813-0c39-47b0-b95f-0146b977804d,HP,2023-06-15T04:26:56.183Z,MOBILE,Android
f6c4a813-0c39-47b0-b95f-0146b977804d,CL,2023-06-15T05:34:05.183Z,MOBILE,Android
f6c4a813-0c39-47b0-b95f-0146b977804d,HP,2023-06-15T06:37:49.183Z,MOBILE,Android
f6c4a813-0c39-47b0-b95f-0146b977804d,CL,2023-06-15T07:42:45.183Z,MOBILE,Android
f6c4a813-0c39-47b0-b95f-0146b977804d,CL,2023-06-15T09:55:15.183Z,MOBILE,Android
f6c4a813-0c39-47b0-b95f-0146b977804d,SCR,2023-06-15T11:01:01.183Z,MOBILE,Android
f6c4a813-0c39-47b0-b95f-0146b977804d,SER,2023-06-15T14:18:15.183Z,MOBILE,Android
f6c4a813-0c39-47b0-b95f-0146b977804d,SCR,2023-06-16T02:34:49.183Z,MOBILE,Android
f6c4a813-0c39-47b0-b95f-0146b977804d,HP,2023-06-16T12:42:43.183Z,MOBILE,Android
f6c4a813-0c39-47b0-b95f-0146b977804d,VI,2023-06-15T01:09:15.183Z,MOBILE,Android
f6c4a813-0c39-47b0-b95f-0146b977804d,VI,2023-06-15T08:48:28.183Z,MOBILE,Android
f6c4a813-0c39-47b0-b95f-0146b977804d,VI,2023-06-15T13:12:28.183Z,MOBILE,Android
1890ff16-8eae-4d8d-a6d6-053293c9098f,HP,2023-11-06T00:01:32.183Z,MOBILE,Android
1890ff16-8eae-4d8d-a6d6-053293c9098f,ATC,2023-11-06T06:46:58.183Z,MOBILE,Android
1890ff16-8eae-4d8d-a6d6-053293c9098f,SCR,2023-11-06T06:45:03.183Z,MOBILE,Android
a2d01adc-aecd-4d82-9eee-05090afad964,HP,2023-10-21T16:44:05.118Z,MOBILE,Android
a2d01adc-aecd-4d82-9eee-05090afad964,ATC,2023-10-21T20:47:27.118Z,MOBILE,Android
a2d01adc-aecd-4d82-9eee-05090afad964,CL,2023-10-21T20:44:02.118Z,MOBILE,Android
a2d01adc-aecd-4d82-9eee-05090afad964,HP,2023-10-22T00:47:38.118Z,MOBILE,Android
a2d01adc-aecd-4d82-9eee-05090afad964,CL,2023-10-22T16:56:00.118Z,MOBILE,Android
a2d01adc-aecd-4d82-9eee-05090afad964,VI,2023-10-22T04:49:17.118Z,MOBILE,Android
25767e51-26ce-4fd1-bc57-9763e799e851,HP,2020-09-29T16:50:12.994Z,MOBILE,Android
25767e51-26ce-4fd1-bc57-9763e799e851,ATC,2020-09-30T07:36:30.994Z,MOBILE,Android
25767e51-26ce-4fd1-bc57-9763e799e851,ATC,2020-09-30T22:13:06.994Z,MOBILE,Android
25767e51-26ce-4fd1-bc57-9763e799e851,ATC,2020-10-01T12:53:21.994Z,MOBILE,Android
25767e51-26ce-4fd1-bc57-9763e799e851,AP,2020-10-02T03:37:57.994Z,MOBILE,Android
25767e51-26ce-4fd1-bc57-9763e799e851,SER,2020-09-30T07:26:52.994Z,MOBILE,Android
25767e51-26ce-4fd1-bc57-9763e799e851,ATC,2020-10-01T12:43:54.994Z,MOBILE,Android
25767e51-26ce-4fd1-bc57-9763e799e851,CL,2020-10-02T03:24:54.994Z,MOBILE,Android
25767e51-26ce-4fd1-bc57-9763e799e851,HP,2020-10-02T18:06:44.994Z,MOBILE,Android
25767e51-26ce-4fd1-bc57-9763e799e851,ATC,2020-10-03T08:45:53.994Z,MOBILE,Android
25767e51-26ce-4fd1-bc57-9763e799e851,ATC,2020-10-03T23:25:13.994Z,MOBILE,Android
31187e30-efac-4542-b7e2-71ab8e04482b,HP,2022-09-16T14:18:55.994Z,MOBILE,Android
31187e30-efac-4542-b7e2-71ab8e04482b,ATC,2022-09-17T14:36:49.994Z,MOBILE,Android
31187e30-efac-4542-b7e2-71ab8e04482b,CL,2022-09-17T14:41:41.994Z,MOBILE,Android
31187e30-efac-4542-b7e2-71ab8e04482b,SCR,2022-09-18T14:54:57.994Z,MOBILE,Android
31187e30-efac-4542-b7e2-71ab8e04482b,CL,2022-09-19T15:17:45.994Z,MOBILE,Android
ae88f9b5-df5e-4852-9195-7eaf4c6ef518,HP,2023-10-03T06:13:39.994Z,MOBILE,Android
ae88f9b5-df5e-4852-9195-7eaf4c6ef518,ATC,2023-10-03T08:46:46.994Z,MOBILE,Android
ae88f9b5-df5e-4852-9195-7eaf4c6ef518,ATC,2023-10-03T11:23:15.994Z,MOBILE,Android
ae88f9b5-df5e-4852-9195-7eaf4c6ef518,ATC,2023-10-03T13:56:30.994Z,MOBILE,Android
ae88f9b5-df5e-4852-9195-7eaf4c6ef518,CL,2023-10-03T08:50:22.994Z,MOBILE,Android
ae88f9b5-df5e-4852-9195-7eaf4c6ef518,HP,2023-10-03T11:22:56.994Z,MOBILE,Android
ae88f9b5-df5e-4852-9195-7eaf4c6ef518,HP,2023-10-03T13:55:48.994Z,MOBILE,Android
ae88f9b5-df5e-4852-9195-7eaf4c6ef518,CL,2023-10-03T16:30:43.994Z,MOBILE,Android
ae88f9b5-df5e-4852-9195-7eaf4c6ef518,SER,2023-10-03T19:05:55.994Z,MOBILE,Android
ae88f9b5-df5e-4852-9195-7eaf4c6ef518,HP,2023-10-03T21:40:44.994Z,MOBILE,Android
ae88f9b5-df5e-4852-9195-7eaf4c6ef518,ATC,2023-10-04T00:14:08.994Z,MOBILE,Android
ae88f9b5-df5e-4852-9195-7eaf4c6ef518,SCR,2023-10-04T02:50:28.994Z,MOBILE,Android
ae88f9b5-df5e-4852-9195-7eaf4c6ef518,ATC,2023-10-04T05:24:27.994Z,MOBILE,Android
ae88f9b5-df5e-4852-9195-7eaf4c6ef518,CL,2023-10-04T07:56:55.994Z,MOBILE,Android
ae88f9b5-df5e-4852-9195-7eaf4c6ef518,ATC,2023-10-04T10:27:44.994Z,MOBILE,Android
ae88f9b5-df5e-4852-9195-7eaf4c6ef518,HP,2023-10-10T22:29:21.994Z,MOBILE,Android
ae88f9b5-df5e-4852-9195-7eaf4c6ef518,HP,2023-10-13T23:10:09.994Z,MOBILE,Android
ae88f9b5-df5e-4852-9195-7eaf4c6ef518,HP,2023-10-20T00:26:06.994Z,MOBILE,Android
ae88f9b5-df5e-4852-9195-7eaf4c6ef518,HP,2023-10-23T01:00:34.994Z,MOBILE,Android
ae88f9b5-df5e-4852-9195-7eaf4c6ef518,HP,2023-10-26T01:38:43.994Z,MOBILE,Android
ae88f9b5-df5e-4852-9195-7eaf4c6ef518,SCR,2023-10-29T02:31:13.994Z,MOBILE,Android
ae88f9b5-df5e-4852-9195-7eaf4c6ef518,HP,2023-11-01T03:17:48.994Z,MOBILE,Android
ae88f9b5-df5e-4852-9195-7eaf4c6ef518,SER,2023-11-04T03:47:06.994Z,MOBILE,Android
ae88f9b5-df5e-4852-9195-7eaf4c6ef518,HP,2023-11-07T04:31:55.994Z,MOBILE,Android
ae88f9b5-df5e-4852-9195-7eaf4c6ef518,HP,2023-11-10T05:17:07.994Z,MOBILE,Android
ae88f9b5-df5e-4852-9195-7eaf4c6ef518,SER,2023-11-13T06:01:36.994Z,MOBILE,Android
1436bf02-2f6e-494f-8687-791646499b05,VI,2022-07-01T21:14:29.471Z,MOBILE,iOS
ae88f9b5-df5e-4852-9195-7eaf4c6ef518,VI,2023-10-07T21:26:05.994Z,MOBILE,Android
ae88f9b5-df5e-4852-9195-7eaf4c6ef518,VI,2023-10-16T23:47:34.994Z,MOBILE,Android
1436bf02-2f6e-494f-8687-791646499b05,HP,2022-06-02T13:39:37.471Z,MOBILE,iOS
1436bf02-2f6e-494f-8687-791646499b05,ATC,2022-06-04T09:21:55.471Z,MOBILE,iOS
1436bf02-2f6e-494f-8687-791646499b05,ATC,2022-06-06T05:14:33.471Z,MOBILE,iOS
1436bf02-2f6e-494f-8687-791646499b05,ATC,2022-06-08T00:56:08.471Z,MOBILE,iOS
1436bf02-2f6e-494f-8687-791646499b05,ATC,2022-06-09T20:29:56.471Z,MOBILE,iOS
1436bf02-2f6e-494f-8687-791646499b05,ATC,2022-06-11T16:16:57.471Z,MOBILE,iOS
1436bf02-2f6e-494f-8687-791646499b05,ATC,2022-06-13T12:03:44.471Z,MOBILE,iOS
1436bf02-2f6e-494f-8687-791646499b05,ATC,2022-06-15T07:37:46.471Z,MOBILE,iOS
1436bf02-2f6e-494f-8687-791646499b05,CL,2022-06-04T09:12:16.471Z,MOBILE,iOS
1436bf02-2f6e-494f-8687-791646499b05,CL,2022-06-06T04:43:33.471Z,MOBILE,iOS
e2ded139-cd11-412c-9b85-997e2c30d4dc,HP,2023-02-23T21:20:25.471Z,MOBILE,iOS
e2ded139-cd11-412c-9b85-997e2c30d4dc,ATC,2023-02-24T11:17:48.471Z,MOBILE,iOS
e2ded139-cd11-412c-9b85-997e2c30d4dc,AP,2023-02-25T01:02:42.471Z,MOBILE,iOS
e2ded139-cd11-412c-9b85-997e2c30d4dc,HP,2023-02-24T11:05:25.471Z,MOBILE,iOS
e2ded139-cd11-412c-9b85-997e2c30d4dc,CL,2023-02-25T00:53:45.471Z,MOBILE,iOS
e2ded139-cd11-412c-9b85-997e2c30d4dc,SCR,2023-02-26T04:33:45.471Z,MOBILE,iOS
75f20728-6f29-43ca-91fe-d9e6448d1373,HP,2023-09-14T20:38:03.471Z,MOBILE,iOS
75f20728-6f29-43ca-91fe-d9e6448d1373,ATC,2023-09-17T15:23:06.471Z,MOBILE,iOS
75f20728-6f29-43ca-91fe-d9e6448d1373,SER,2023-09-20T10:14:30.471Z,MOBILE,iOS
a78fc1a0-a9bd-4755-abce-5bb06a6ff297,HP,2022-05-28T18:09:21.530Z,MOBILE,iOS
a78fc1a0-a9bd-4755-abce-5bb06a6ff297,ATC,2022-06-07T08:25:50.530Z,MOBILE,iOS
a78fc1a0-a9bd-4755-abce-5bb06a6ff297,ATC,2022-06-16T22:51:29.530Z,MOBILE,iOS
a78fc1a0-a9bd-4755-abce-5bb06a6ff297,ATC,2022-06-26T13:18:36.530Z,MOBILE,iOS
a78fc1a0-a9bd-4755-abce-5bb06a6ff297,AP,2022-07-06T04:01:46.530Z,MOBILE,iOS
a78fc1a0-a9bd-4755-abce-5bb06a6ff297,CL,2022-06-07T08:24:26.530Z,MOBILE,iOS
a78fc1a0-a9bd-4755-abce-5bb06a6ff297,ATC,2022-06-26T13:20:43.530Z,MOBILE,iOS
a78fc1a0-a9bd-4755-abce-5bb06a6ff297,ATC,2022-07-06T04:04:22.530Z,MOBILE,iOS
a78fc1a0-a9bd-4755-abce-5bb06a6ff297,HP,2022-07-15T18:42:45.530Z,MOBILE,iOS
a78fc1a0-a9bd-4755-abce-5bb06a6ff297,SCR,2022-07-25T09:18:27.530Z,MOBILE,iOS
a78fc1a0-a9bd-4755-abce-5bb06a6ff297,CL,2022-08-03T23:30:14.530Z,MOBILE,iOS
a78fc1a0-a9bd-4755-abce-5bb06a6ff297,CL,2022-08-13T13:42:05.530Z,MOBILE,iOS
a78fc1a0-a9bd-4755-abce-5bb06a6ff297,ATC,2022-09-01T18:48:02.530Z,MOBILE,iOS
a78fc1a0-a9bd-4755-abce-5bb06a6ff297,SCR,2022-09-11T09:17:04.530Z,MOBILE,iOS
a78fc1a0-a9bd-4755-abce-5bb06a6ff297,SER,2022-09-20T23:28:08.530Z,MOBILE,iOS
a78fc1a0-a9bd-4755-abce-5bb06a6ff297,ATC,2022-09-30T13:34:57.530Z,MOBILE,iOS
a78fc1a0-a9bd-4755-abce-5bb06a6ff297,CL,2022-10-19T19:03:31.530Z,MOBILE,iOS
17b4627c-76d5-4407-af3a-12315c87359f,HP,2022-11-05T16:36:54.530Z,MOBILE,Android
17b4627c-76d5-4407-af3a-12315c87359f,ATC,2022-11-06T16:30:31.530Z,MOBILE,Android
17b4627c-76d5-4407-af3a-12315c87359f,SCR,2022-11-06T16:29:41.530Z,MOBILE,Android
17b4627c-76d5-4407-af3a-12315c87359f,CL,2022-11-07T16:27:12.530Z,MOBILE,Android
28fd0fe0-ce00-445f-98bd-8b5c9136a95c,HP,2023-10-26T00:08:19.019Z,MOBILE,Android
28fd0fe0-ce00-445f-98bd-8b5c9136a95c,ATC,2023-10-26T03:59:24.019Z,MOBILE,Android
28fd0fe0-ce00-445f-98bd-8b5c9136a95c,SER,2023-10-26T03:58:46.019Z,MOBILE,Android
28fd0fe0-ce00-445f-98bd-8b5c9136a95c,CL,2023-10-26T07:54:12.019Z,MOBILE,Android
28fd0fe0-ce00-445f-98bd-8b5c9136a95c,CL,2023-10-26T11:48:41.019Z,MOBILE,Android
28fd0fe0-ce00-445f-98bd-8b5c9136a95c,SER,2023-10-26T19:30:19.019Z,MOBILE,Android
28fd0fe0-ce00-445f-98bd-8b5c9136a95c,CL,2023-10-26T23:19:34.019Z,MOBILE,Android
28fd0fe0-ce00-445f-98bd-8b5c9136a95c,HP,2023-10-27T03:10:03.019Z,MOBILE,Android
28fd0fe0-ce00-445f-98bd-8b5c9136a95c,CL,2023-10-27T07:01:03.019Z,MOBILE,Android
28fd0fe0-ce00-445f-98bd-8b5c9136a95c,CL,2023-10-27T10:53:24.019Z,MOBILE,Android
28fd0fe0-ce00-445f-98bd-8b5c9136a95c,SCR,2023-10-27T14:48:50.019Z,MOBILE,Android
28fd0fe0-ce00-445f-98bd-8b5c9136a95c,SER,2023-10-27T22:36:56.019Z,MOBILE,Android
28fd0fe0-ce00-445f-98bd-8b5c9136a95c,SCR,2023-10-28T02:31:38.019Z,MOBILE,Android
28fd0fe0-ce00-445f-98bd-8b5c9136a95c,SER,2023-10-28T06:25:08.019Z,MOBILE,Android
28fd0fe0-ce00-445f-98bd-8b5c9136a95c,SER,2023-10-28T10:15:47.019Z,MOBILE,Android
28fd0fe0-ce00-445f-98bd-8b5c9136a95c,SCR,2023-11-02T23:19:42.019Z,MOBILE,Android
28fd0fe0-ce00-445f-98bd-8b5c9136a95c,SCR,2023-11-08T04:23:48.019Z,MOBILE,Android
ea8d37dc-62b8-43d2-9c9c-6608f1e9889a,HP,2023-10-25T08:34:42.354Z,MOBILE,Android
ea8d37dc-62b8-43d2-9c9c-6608f1e9889a,ATC,2023-10-25T11:03:29.354Z,MOBILE,Android
ea8d37dc-62b8-43d2-9c9c-6608f1e9889a,CL,2023-10-25T10:58:58.354Z,MOBILE,Android
ea8d37dc-62b8-43d2-9c9c-6608f1e9889a,SCR,2023-10-25T15:53:45.354Z,MOBILE,Android
ea8d37dc-62b8-43d2-9c9c-6608f1e9889a,HP,2023-10-25T20:46:19.354Z,MOBILE,Android
ea8d37dc-62b8-43d2-9c9c-6608f1e9889a,CL,2023-10-25T23:13:52.354Z,MOBILE,Android
ea8d37dc-62b8-43d2-9c9c-6608f1e9889a,SER,2023-10-26T01:40:56.354Z,MOBILE,Android
ea8d37dc-62b8-43d2-9c9c-6608f1e9889a,HP,2023-10-26T04:08:55.354Z,MOBILE,Android
ea8d37dc-62b8-43d2-9c9c-6608f1e9889a,HP,2023-10-26T06:36:08.354Z,MOBILE,Android
ea8d37dc-62b8-43d2-9c9c-6608f1e9889a,SCR,2023-10-26T09:03:27.354Z,MOBILE,Android
ea8d37dc-62b8-43d2-9c9c-6608f1e9889a,CL,2023-10-26T11:30:40.354Z,MOBILE,Android
ea8d37dc-62b8-43d2-9c9c-6608f1e9889a,SCR,2023-10-26T21:21:21.354Z,MOBILE,Android
e16fe5a7-931f-4c4a-9561-850ad6a89c75,HP,2023-11-22T17:45:09.354Z,MOBILE,Android
e16fe5a7-931f-4c4a-9561-850ad6a89c75,ATC,2023-11-22T18:16:24.354Z,MOBILE,Android
e16fe5a7-931f-4c4a-9561-850ad6a89c75,CL,2023-11-22T18:16:25.354Z,MOBILE,Android
ea8d37dc-62b8-43d2-9c9c-6608f1e9889a,VI,2023-10-25T18:19:26.354Z,MOBILE,Android
e16fe5a7-931f-4c4a-9561-850ad6a89c75,SCR,2023-11-22T18:47:13.354Z,MOBILE,Android
e16fe5a7-931f-4c4a-9561-850ad6a89c75,SER,2023-11-22T19:18:25.354Z,MOBILE,Android
e16fe5a7-931f-4c4a-9561-850ad6a89c75,SCR,2023-11-22T19:50:13.354Z,MOBILE,Android
e16fe5a7-931f-4c4a-9561-850ad6a89c75,CL,2023-11-22T20:21:31.354Z,MOBILE,Android
e16fe5a7-931f-4c4a-9561-850ad6a89c75,CL,2023-11-22T20:52:34.354Z,MOBILE,Android
e16fe5a7-931f-4c4a-9561-850ad6a89c75,CL,2023-11-22T21:23:43.354Z,MOBILE,Android
e16fe5a7-931f-4c4a-9561-850ad6a89c75,SER,2023-11-22T21:55:41.354Z,MOBILE,Android
e16fe5a7-931f-4c4a-9561-850ad6a89c75,SCR,2023-11-22T22:58:03.354Z,MOBILE,Android
e16fe5a7-931f-4c4a-9561-850ad6a89c75,SER,2023-11-22T23:28:27.354Z,MOBILE,Android
e16fe5a7-931f-4c4a-9561-850ad6a89c75,HP,2023-11-23T00:00:08.354Z,MOBILE,Android
e16fe5a7-931f-4c4a-9561-850ad6a89c75,SCR,2023-11-23T01:02:11.354Z,MOBILE,Android
e16fe5a7-931f-4c4a-9561-850ad6a89c75,CL,2023-11-23T01:32:56.354Z,MOBILE,Android
e16fe5a7-931f-4c4a-9561-850ad6a89c75,SCR,2023-11-23T02:03:35.354Z,MOBILE,Android
e16fe5a7-931f-4c4a-9561-850ad6a89c75,HP,2023-11-23T02:36:09.354Z,MOBILE,Android
e16fe5a7-931f-4c4a-9561-850ad6a89c75,VI,2023-11-22T22:26:43.354Z,MOBILE,Android
e16fe5a7-931f-4c4a-9561-850ad6a89c75,VI,2023-11-23T00:30:55.354Z,MOBILE,Android
aacad6f0-4a19-4931-a52f-19c45136e587,HP,2022-01-21T18:59:40.157Z,MOBILE,iOS
aacad6f0-4a19-4931-a52f-19c45136e587,ATC,2022-01-21T20:49:41.157Z,MOBILE,iOS
aacad6f0-4a19-4931-a52f-19c45136e587,SCR,2022-01-21T22:38:11.157Z,MOBILE,iOS
aacad6f0-4a19-4931-a52f-19c45136e587,ATC,2022-01-22T00:25:38.157Z,MOBILE,iOS
aacad6f0-4a19-4931-a52f-19c45136e587,HP,2022-01-22T04:04:28.157Z,MOBILE,iOS
aacad6f0-4a19-4931-a52f-19c45136e587,CL,2022-01-22T05:53:40.157Z,MOBILE,iOS
aacad6f0-4a19-4931-a52f-19c45136e587,SCR,2022-01-22T07:43:06.157Z,MOBILE,iOS
aacad6f0-4a19-4931-a52f-19c45136e587,CL,2022-01-22T09:31:29.157Z,MOBILE,iOS
aacad6f0-4a19-4931-a52f-19c45136e587,SER,2022-01-22T11:18:00.157Z,MOBILE,iOS
aacad6f0-4a19-4931-a52f-19c45136e587,SCR,2022-01-22T14:55:25.157Z,MOBILE,iOS
aacad6f0-4a19-4931-a52f-19c45136e587,SCR,2022-01-22T18:33:57.157Z,MOBILE,iOS
aacad6f0-4a19-4931-a52f-19c45136e587,CL,2022-01-22T20:21:56.157Z,MOBILE,iOS
aacad6f0-4a19-4931-a52f-19c45136e587,ATC,2022-01-22T23:59:55.157Z,MOBILE,iOS
aacad6f0-4a19-4931-a52f-19c45136e587,VI,2022-01-22T02:14:07.157Z,MOBILE,iOS
aacad6f0-4a19-4931-a52f-19c45136e587,VI,2022-01-22T13:05:45.157Z,MOBILE,iOS
aacad6f0-4a19-4931-a52f-19c45136e587,ATC,2022-01-23T01:47:06.157Z,MOBILE,iOS
aacad6f0-4a19-4931-a52f-19c45136e587,ATC,2022-01-23T03:34:37.157Z,MOBILE,iOS
57677223-ddf1-45e1-aa87-67cf3f3ec3f0,HP,2022-02-01T12:48:50.157Z,WEB,iOS
57677223-ddf1-45e1-aa87-67cf3f3ec3f0,ATC,2022-02-04T00:14:43.157Z,WEB,iOS
57677223-ddf1-45e1-aa87-67cf3f3ec3f0,ATC,2022-02-06T11:43:10.157Z,WEB,iOS
57677223-ddf1-45e1-aa87-67cf3f3ec3f0,ATC,2022-02-08T23:26:09.157Z,WEB,iOS
57677223-ddf1-45e1-aa87-67cf3f3ec3f0,ATC,2022-02-11T10:52:57.157Z,WEB,iOS
57677223-ddf1-45e1-aa87-67cf3f3ec3f0,AP,2022-02-13T22:25:49.157Z,WEB,iOS
57677223-ddf1-45e1-aa87-67cf3f3ec3f0,SCR,2022-02-04T00:07:45.157Z,WEB,iOS
57677223-ddf1-45e1-aa87-67cf3f3ec3f0,CL,2022-02-06T11:32:30.157Z,WEB,iOS
71d40a14-e03f-4044-912b-38a48688ea21,HP,2022-06-04T11:15:27.157Z,MOBILE,iOS
71d40a14-e03f-4044-912b-38a48688ea21,ATC,2022-06-04T18:53:43.157Z,MOBILE,iOS
71d40a14-e03f-4044-912b-38a48688ea21,AP,2022-06-05T02:33:39.157Z,MOBILE,iOS
71d40a14-e03f-4044-912b-38a48688ea21,SER,2022-06-04T18:58:12.157Z,MOBILE,iOS
71d40a14-e03f-4044-912b-38a48688ea21,CL,2022-06-05T02:41:46.157Z,MOBILE,iOS
71d40a14-e03f-4044-912b-38a48688ea21,ATC,2022-06-05T18:08:37.157Z,MOBILE,iOS
71d40a14-e03f-4044-912b-38a48688ea21,ATC,2022-06-06T01:50:52.157Z,MOBILE,iOS
71d40a14-e03f-4044-912b-38a48688ea21,CL,2022-06-06T09:33:38.157Z,MOBILE,iOS
57677223-ddf1-45e1-aa87-67cf3f3ec3f0,VI,2022-02-11T10:20:55.157Z,WEB,iOS
91a46c25-e0bd-4ebd-93ca-3d1dc110a660,HP,2023-06-05T12:26:04.157Z,MOBILE,iOS
91a46c25-e0bd-4ebd-93ca-3d1dc110a660,ATC,2023-06-06T05:59:15.157Z,MOBILE,iOS
91a46c25-e0bd-4ebd-93ca-3d1dc110a660,AP,2023-06-06T23:33:49.157Z,MOBILE,iOS
91a46c25-e0bd-4ebd-93ca-3d1dc110a660,SCR,2023-06-06T06:00:35.157Z,MOBILE,iOS
91a46c25-e0bd-4ebd-93ca-3d1dc110a660,SCR,2023-06-06T23:44:55.157Z,MOBILE,iOS
91a46c25-e0bd-4ebd-93ca-3d1dc110a660,CL,2023-06-07T17:22:37.157Z,MOBILE,iOS
91a46c25-e0bd-4ebd-93ca-3d1dc110a660,ATC,2023-06-08T10:57:46.157Z,MOBILE,iOS
91a46c25-e0bd-4ebd-93ca-3d1dc110a660,SER,2023-06-09T04:41:07.157Z,MOBILE,iOS
91a46c25-e0bd-4ebd-93ca-3d1dc110a660,CL,2023-06-09T22:23:17.157Z,MOBILE,iOS
91a46c25-e0bd-4ebd-93ca-3d1dc110a660,CL,2023-06-10T15:53:45.157Z,MOBILE,iOS
91a46c25-e0bd-4ebd-93ca-3d1dc110a660,CL,2023-06-12T03:13:00.157Z,MOBILE,iOS
91a46c25-e0bd-4ebd-93ca-3d1dc110a660,CL,2023-06-13T14:26:06.157Z,MOBILE,iOS
91a46c25-e0bd-4ebd-93ca-3d1dc110a660,SCR,2023-06-14T07:59:32.157Z,MOBILE,iOS
91a46c25-e0bd-4ebd-93ca-3d1dc110a660,VI,2023-06-11T09:31:20.157Z,MOBILE,iOS
7c582a15-b2bd-4d52-a417-a2bca4717523,HP,2022-11-30T12:16:11.771Z,MOBILE,Android
7c582a15-b2bd-4d52-a417-a2bca4717523,ATC,2022-11-30T12:29:29.771Z,MOBILE,Android
7c582a15-b2bd-4d52-a417-a2bca4717523,AP,2022-11-30T12:41:57.771Z,MOBILE,Android
7c582a15-b2bd-4d52-a417-a2bca4717523,SCR,2022-11-30T12:29:05.771Z,MOBILE,Android
7c582a15-b2bd-4d52-a417-a2bca4717523,HP,2022-11-30T12:42:27.771Z,MOBILE,Android
7c582a15-b2bd-4d52-a417-a2bca4717523,HP,2022-11-30T12:55:46.771Z,MOBILE,Android
7c582a15-b2bd-4d52-a417-a2bca4717523,SCR,2022-11-30T13:08:45.771Z,MOBILE,Android
7c582a15-b2bd-4d52-a417-a2bca4717523,HP,2022-11-30T13:35:13.771Z,MOBILE,Android
7c582a15-b2bd-4d52-a417-a2bca4717523,HP,2022-11-30T14:01:37.771Z,MOBILE,Android
7c582a15-b2bd-4d52-a417-a2bca4717523,SCR,2022-11-30T14:14:45.771Z,MOBILE,Android
7c582a15-b2bd-4d52-a417-a2bca4717523,HP,2022-11-30T14:27:31.771Z,MOBILE,Android
7c582a15-b2bd-4d52-a417-a2bca4717523,SCR,2022-11-30T14:40:33.771Z,MOBILE,Android
7c582a15-b2bd-4d52-a417-a2bca4717523,SCR,2022-11-30T14:53:27.771Z,MOBILE,Android
7c582a15-b2bd-4d52-a417-a2bca4717523,SER,2022-11-30T15:06:22.771Z,MOBILE,Android
7c582a15-b2bd-4d52-a417-a2bca4717523,CL,2022-11-30T15:19:34.771Z,MOBILE,Android
7c582a15-b2bd-4d52-a417-a2bca4717523,CL,2022-11-30T15:32:50.771Z,MOBILE,Android
7c582a15-b2bd-4d52-a417-a2bca4717523,SCR,2022-11-30T15:46:23.771Z,MOBILE,Android
7c582a15-b2bd-4d52-a417-a2bca4717523,SER,2022-11-30T15:59:13.771Z,MOBILE,Android
7c582a15-b2bd-4d52-a417-a2bca4717523,SER,2022-11-30T16:11:56.771Z,MOBILE,Android
bc6e494b-8ba2-4b51-87ed-daacb46f9b00,HP,2023-02-03T05:20:35.771Z,MOBILE,Android
bc6e494b-8ba2-4b51-87ed-daacb46f9b00,ATC,2023-02-08T02:25:38.771Z,MOBILE,Android
bc6e494b-8ba2-4b51-87ed-daacb46f9b00,CL,2023-02-08T02:43:29.771Z,MOBILE,Android
bc6e494b-8ba2-4b51-87ed-daacb46f9b00,HP,2023-02-13T00:18:11.771Z,MOBILE,Android
bc6e494b-8ba2-4b51-87ed-daacb46f9b00,HP,2023-02-27T04:02:14.771Z,MOBILE,Android
bc6e494b-8ba2-4b51-87ed-daacb46f9b00,CL,2023-02-28T15:26:15.771Z,MOBILE,Android
bc6e494b-8ba2-4b51-87ed-daacb46f9b00,HP,2023-03-02T02:51:54.771Z,MOBILE,Android
bc6e494b-8ba2-4b51-87ed-daacb46f9b00,CL,2023-03-05T01:23:07.771Z,MOBILE,Android
bc6e494b-8ba2-4b51-87ed-daacb46f9b00,HP,2023-03-06T12:54:21.771Z,MOBILE,Android
bc6e494b-8ba2-4b51-87ed-daacb46f9b00,CL,2023-03-08T00:11:59.771Z,MOBILE,Android
bc6e494b-8ba2-4b51-87ed-daacb46f9b00,SCR,2023-03-09T11:20:13.771Z,MOBILE,Android
bc6e494b-8ba2-4b51-87ed-daacb46f9b00,HP,2023-03-10T22:35:49.771Z,MOBILE,Android
bc6e494b-8ba2-4b51-87ed-daacb46f9b00,HP,2023-03-13T21:11:10.771Z,MOBILE,Android
7c582a15-b2bd-4d52-a417-a2bca4717523,VI,2022-11-30T13:48:34.771Z,MOBILE,Android
77edf432-af7d-4460-a3c8-b9fdb5c380c9,HP,2023-04-08T05:59:47.771Z,MOBILE,Android
77edf432-af7d-4460-a3c8-b9fdb5c380c9,ATC,2023-04-09T16:38:41.771Z,MOBILE,Android
77edf432-af7d-4460-a3c8-b9fdb5c380c9,ATC,2023-04-11T03:15:12.771Z,MOBILE,Android
77edf432-af7d-4460-a3c8-b9fdb5c380c9,AP,2023-04-12T13:44:20.771Z,MOBILE,Android
77edf432-af7d-4460-a3c8-b9fdb5c380c9,HP,2023-04-09T16:41:59.771Z,MOBILE,Android
77edf432-af7d-4460-a3c8-b9fdb5c380c9,VI,2023-04-12T14:03:24.771Z,MOBILE,Android
77edf432-af7d-4460-a3c8-b9fdb5c380c9,VI,2023-04-14T00:46:13.771Z,MOBILE,Android
086f39a9-5039-4318-b028-1548d792840a,HP,2022-02-02T22:31:49.234Z,MOBILE,Android
086f39a9-5039-4318-b028-1548d792840a,ATC,2022-02-02T22:40:06.234Z,MOBILE,Android
086f39a9-5039-4318-b028-1548d792840a,SCR,2022-02-02T22:40:14.234Z,MOBILE,Android
086f39a9-5039-4318-b028-1548d792840a,SER,2022-02-02T22:48:48.234Z,MOBILE,Android
89d0f008-64e1-40e2-9390-695d34a76145,HP,2022-04-06T19:47:07.417Z,WEB,Android
89d0f008-64e1-40e2-9390-695d34a76145,ATC,2022-04-07T04:03:12.417Z,WEB,Android
89d0f008-64e1-40e2-9390-695d34a76145,AP,2022-04-07T12:17:45.417Z,WEB,Android
89d0f008-64e1-40e2-9390-695d34a76145,SER,2022-04-07T04:06:12.417Z,WEB,Android
89d0f008-64e1-40e2-9390-695d34a76145,SCR,2022-04-08T04:57:10.417Z,WEB,Android
89d0f008-64e1-40e2-9390-695d34a76145,HP,2022-04-08T13:07:59.417Z,WEB,Android
89d0f008-64e1-40e2-9390-695d34a76145,HP,2022-04-08T21:24:24.417Z,WEB,Android
89d0f008-64e1-40e2-9390-695d34a76145,SCR,2022-04-09T05:36:33.417Z,WEB,Android
89d0f008-64e1-40e2-9390-695d34a76145,CL,2022-04-09T22:14:57.417Z,WEB,Android
89d0f008-64e1-40e2-9390-695d34a76145,SCR,2022-04-10T14:54:35.417Z,WEB,Android
89d0f008-64e1-40e2-9390-695d34a76145,VI,2022-04-07T20:39:52.417Z,WEB,Android
89d0f008-64e1-40e2-9390-695d34a76145,VI,2022-04-09T13:59:46.417Z,WEB,Android
89d0f008-64e1-40e2-9390-695d34a76145,VI,2022-04-10T06:35:54.417Z,WEB,Android
aaa8fd7c-d337-477c-9124-cfcb8a48e46f,HP,2022-05-21T13:39:23.417Z,MOBILE,Android
aaa8fd7c-d337-477c-9124-cfcb8a48e46f,ATC,2022-05-22T02:29:29.417Z,MOBILE,Android
597e7277-f1ac-41fe-b89b-9c40ebb6c065,HP,2020-08-31T19:07:15.653Z,MOBILE,Android
aaa8fd7c-d337-477c-9124-cfcb8a48e46f,CL,2022-05-22T02:22:59.417Z,MOBILE,Android
aaa8fd7c-d337-477c-9124-cfcb8a48e46f,SCR,2022-05-22T15:16:32.417Z,MOBILE,Android
aaa8fd7c-d337-477c-9124-cfcb8a48e46f,CL,2022-05-23T16:55:20.417Z,MOBILE,Android
aaa8fd7c-d337-477c-9124-cfcb8a48e46f,CL,2022-05-24T05:47:45.417Z,MOBILE,Android
aaa8fd7c-d337-477c-9124-cfcb8a48e46f,CL,2022-05-26T09:17:45.417Z,MOBILE,Android
aaa8fd7c-d337-477c-9124-cfcb8a48e46f,VI,2022-05-23T04:06:33.417Z,MOBILE,Android
aaa8fd7c-d337-477c-9124-cfcb8a48e46f,VI,2022-05-24T18:40:59.417Z,MOBILE,Android
6006435d-3990-4feb-bd6f-2c06c03fef47,CL,2023-01-03T22:25:25.417Z,MOBILE,Android
6006435d-3990-4feb-bd6f-2c06c03fef47,HP,2023-01-01T19:01:33.417Z,MOBILE,Android
6006435d-3990-4feb-bd6f-2c06c03fef47,ATC,2023-01-02T07:51:08.417Z,MOBILE,Android
6006435d-3990-4feb-bd6f-2c06c03fef47,AP,2023-01-02T20:41:52.417Z,MOBILE,Android
6006435d-3990-4feb-bd6f-2c06c03fef47,SCR,2023-01-02T20:44:21.417Z,MOBILE,Android
6006435d-3990-4feb-bd6f-2c06c03fef47,CL,2023-01-03T09:33:58.417Z,MOBILE,Android
6006435d-3990-4feb-bd6f-2c06c03fef47,SCR,2023-01-04T11:14:10.417Z,MOBILE,Android
6006435d-3990-4feb-bd6f-2c06c03fef47,CL,2023-01-05T00:08:33.417Z,MOBILE,Android
6006435d-3990-4feb-bd6f-2c06c03fef47,CL,2023-01-05T13:05:47.417Z,MOBILE,Android
6006435d-3990-4feb-bd6f-2c06c03fef47,CL,2023-01-06T02:00:23.417Z,MOBILE,Android
6006435d-3990-4feb-bd6f-2c06c03fef47,SER,2023-01-06T15:00:24.417Z,MOBILE,Android
6006435d-3990-4feb-bd6f-2c06c03fef47,SER,2023-01-07T03:52:55.417Z,MOBILE,Android
6006435d-3990-4feb-bd6f-2c06c03fef47,SCR,2023-01-08T05:33:14.417Z,MOBILE,Android
6006435d-3990-4feb-bd6f-2c06c03fef47,CL,2023-01-08T18:23:23.417Z,MOBILE,Android
6006435d-3990-4feb-bd6f-2c06c03fef47,SCR,2023-01-09T07:22:22.417Z,MOBILE,Android
6006435d-3990-4feb-bd6f-2c06c03fef47,CL,2023-01-09T20:15:09.417Z,MOBILE,Android
6006435d-3990-4feb-bd6f-2c06c03fef47,CL,2023-01-10T09:11:00.417Z,MOBILE,Android
a29936cc-7bd9-4d31-83ae-9fe78ef047b9,SCR,2020-07-29T10:54:08.982Z,MOBILE,Android
a29936cc-7bd9-4d31-83ae-9fe78ef047b9,CL,2020-07-29T10:55:19.982Z,MOBILE,Android
a29936cc-7bd9-4d31-83ae-9fe78ef047b9,HP,2020-07-29T10:46:17.982Z,MOBILE,Android
a29936cc-7bd9-4d31-83ae-9fe78ef047b9,ATC,2020-07-29T10:47:33.982Z,MOBILE,Android
a29936cc-7bd9-4d31-83ae-9fe78ef047b9,ATC,2020-07-29T10:48:36.982Z,MOBILE,Android
a29936cc-7bd9-4d31-83ae-9fe78ef047b9,ATC,2020-07-29T10:49:43.982Z,MOBILE,Android
a29936cc-7bd9-4d31-83ae-9fe78ef047b9,SER,2020-07-29T10:47:22.982Z,MOBILE,Android
a29936cc-7bd9-4d31-83ae-9fe78ef047b9,CL,2020-07-29T10:48:26.982Z,MOBILE,Android
a29936cc-7bd9-4d31-83ae-9fe78ef047b9,CL,2020-07-29T10:49:26.982Z,MOBILE,Android
a29936cc-7bd9-4d31-83ae-9fe78ef047b9,HP,2020-07-29T10:50:37.982Z,MOBILE,Android
a29936cc-7bd9-4d31-83ae-9fe78ef047b9,CL,2020-07-29T10:52:45.982Z,MOBILE,Android
a29936cc-7bd9-4d31-83ae-9fe78ef047b9,CL,2020-07-29T10:56:46.982Z,MOBILE,Android
a29936cc-7bd9-4d31-83ae-9fe78ef047b9,CL,2020-07-29T10:58:01.982Z,MOBILE,Android
e5304dfe-3666-4c42-ab35-d7a240319ec2,HP,2021-02-09T23:05:06.597Z,MOBILE,Android
e5304dfe-3666-4c42-ab35-d7a240319ec2,ATC,2021-02-11T11:10:53.597Z,MOBILE,Android
e5304dfe-3666-4c42-ab35-d7a240319ec2,SER,2021-02-11T11:29:06.597Z,MOBILE,Android
73761a4b-ee9d-4d56-b336-c6f2514c3b7e,HP,2019-09-29T20:51:52.031Z,MOBILE,Android
73761a4b-ee9d-4d56-b336-c6f2514c3b7e,ATC,2019-10-01T19:39:13.031Z,MOBILE,Android
73761a4b-ee9d-4d56-b336-c6f2514c3b7e,ATC,2019-10-03T18:17:21.031Z,MOBILE,Android
73761a4b-ee9d-4d56-b336-c6f2514c3b7e,CL,2019-10-05T16:58:07.031Z,MOBILE,Android
73761a4b-ee9d-4d56-b336-c6f2514c3b7e,SCR,2019-10-07T15:33:05.031Z,MOBILE,Android
73761a4b-ee9d-4d56-b336-c6f2514c3b7e,SER,2019-10-13T11:41:21.031Z,MOBILE,Android
73761a4b-ee9d-4d56-b336-c6f2514c3b7e,CL,2019-10-15T10:28:32.031Z,MOBILE,Android
73761a4b-ee9d-4d56-b336-c6f2514c3b7e,ATC,2019-10-23T05:09:24.031Z,MOBILE,Android
73761a4b-ee9d-4d56-b336-c6f2514c3b7e,SCR,2019-10-25T03:50:20.031Z,MOBILE,Android
73761a4b-ee9d-4d56-b336-c6f2514c3b7e,HP,2019-10-27T02:43:09.031Z,MOBILE,Android
73761a4b-ee9d-4d56-b336-c6f2514c3b7e,SCR,2019-10-29T01:12:42.031Z,MOBILE,Android
73761a4b-ee9d-4d56-b336-c6f2514c3b7e,ATC,2019-10-30T23:46:32.031Z,MOBILE,Android
2a29731b-62e0-4caf-82d5-3783ecf2717c,HP,2020-03-24T02:58:33.031Z,MOBILE,Android
2a29731b-62e0-4caf-82d5-3783ecf2717c,ATC,2020-04-07T02:21:55.031Z,MOBILE,Android
2a29731b-62e0-4caf-82d5-3783ecf2717c,AP,2020-04-21T01:58:58.031Z,MOBILE,Android
2a29731b-62e0-4caf-82d5-3783ecf2717c,ATC,2020-04-21T01:42:21.031Z,MOBILE,Android
2a29731b-62e0-4caf-82d5-3783ecf2717c,SER,2020-05-05T00:52:02.031Z,MOBILE,Android
2a29731b-62e0-4caf-82d5-3783ecf2717c,CL,2020-05-19T00:49:00.031Z,MOBILE,Android
2a29731b-62e0-4caf-82d5-3783ecf2717c,ATC,2020-06-02T00:49:51.031Z,MOBILE,Android
2a29731b-62e0-4caf-82d5-3783ecf2717c,CL,2020-06-16T00:30:24.031Z,MOBILE,Android
2a29731b-62e0-4caf-82d5-3783ecf2717c,SER,2020-06-30T00:06:03.031Z,MOBILE,Android
2a29731b-62e0-4caf-82d5-3783ecf2717c,SCR,2020-07-13T23:23:11.031Z,MOBILE,Android
2a29731b-62e0-4caf-82d5-3783ecf2717c,SER,2020-07-27T23:43:31.031Z,MOBILE,Android
2a29731b-62e0-4caf-82d5-3783ecf2717c,CL,2020-08-10T23:38:45.031Z,MOBILE,Android
73761a4b-ee9d-4d56-b336-c6f2514c3b7e,VI,2019-10-01T19:37:26.031Z,MOBILE,Android
73761a4b-ee9d-4d56-b336-c6f2514c3b7e,VI,2019-10-09T14:19:29.031Z,MOBILE,Android
73761a4b-ee9d-4d56-b336-c6f2514c3b7e,VI,2019-10-21T06:31:10.031Z,MOBILE,Android
73761a4b-ee9d-4d56-b336-c6f2514c3b7e,VI,2019-11-01T22:26:32.031Z,MOBILE,Android
73761a4b-ee9d-4d56-b336-c6f2514c3b7e,VI,2019-11-03T21:11:10.031Z,MOBILE,Android
e832d413-68f4-476e-bd8f-4403faac638a,HP,2023-09-23T22:14:47.326Z,MOBILE,Android
e832d413-68f4-476e-bd8f-4403faac638a,ATC,2023-09-24T08:51:30.326Z,MOBILE,Android
e832d413-68f4-476e-bd8f-4403faac638a,AP,2023-09-24T19:22:58.326Z,MOBILE,Android
e832d413-68f4-476e-bd8f-4403faac638a,CL,2023-09-24T08:45:05.326Z,MOBILE,Android
e832d413-68f4-476e-bd8f-4403faac638a,SCR,2023-09-24T19:23:17.326Z,MOBILE,Android
e832d413-68f4-476e-bd8f-4403faac638a,SCR,2023-09-25T05:51:19.326Z,MOBILE,Android
e832d413-68f4-476e-bd8f-4403faac638a,HP,2023-09-25T16:27:00.326Z,MOBILE,Android
e832d413-68f4-476e-bd8f-4403faac638a,SCR,2023-09-26T02:58:16.326Z,MOBILE,Android
e832d413-68f4-476e-bd8f-4403faac638a,CL,2023-09-27T00:04:01.326Z,MOBILE,Android
e832d413-68f4-476e-bd8f-4403faac638a,ATC,2023-09-27T21:11:56.326Z,MOBILE,Android
e832d413-68f4-476e-bd8f-4403faac638a,ATC,2023-09-28T18:19:36.326Z,MOBILE,Android
e832d413-68f4-476e-bd8f-4403faac638a,CL,2023-09-29T04:52:01.326Z,MOBILE,Android
e832d413-68f4-476e-bd8f-4403faac638a,SCR,2023-09-29T15:29:24.326Z,MOBILE,Android
e832d413-68f4-476e-bd8f-4403faac638a,SER,2023-09-30T02:05:11.326Z,MOBILE,Android
e832d413-68f4-476e-bd8f-4403faac638a,CL,2023-09-30T12:35:08.326Z,MOBILE,Android
e832d413-68f4-476e-bd8f-4403faac638a,VI,2023-09-30T23:06:58.326Z,MOBILE,Android
e832d413-68f4-476e-bd8f-4403faac638a,VI,2023-10-01T09:40:21.326Z,MOBILE,Android
e832d413-68f4-476e-bd8f-4403faac638a,ATC,2023-10-02T06:44:20.326Z,MOBILE,Android
e832d413-68f4-476e-bd8f-4403faac638a,ATC,2023-10-03T03:52:26.326Z,MOBILE,Android
e832d413-68f4-476e-bd8f-4403faac638a,CL,2023-10-03T14:22:53.326Z,MOBILE,Android
e832d413-68f4-476e-bd8f-4403faac638a,HP,2023-10-04T00:52:22.326Z,MOBILE,Android
e832d413-68f4-476e-bd8f-4403faac638a,CL,2023-10-04T11:24:43.326Z,MOBILE,Android
577306e2-fded-45a9-b75c-9018b9a67ad2,HP,2023-09-26T06:09:32.858Z,MOBILE,iOS
577306e2-fded-45a9-b75c-9018b9a67ad2,ATC,2023-09-27T06:37:57.858Z,MOBILE,iOS
577306e2-fded-45a9-b75c-9018b9a67ad2,AP,2023-09-28T07:07:30.858Z,MOBILE,iOS
577306e2-fded-45a9-b75c-9018b9a67ad2,HP,2023-09-27T06:35:04.858Z,MOBILE,iOS
577306e2-fded-45a9-b75c-9018b9a67ad2,SER,2023-09-28T07:08:25.858Z,MOBILE,iOS
577306e2-fded-45a9-b75c-9018b9a67ad2,SCR,2023-09-29T07:42:46.858Z,MOBILE,iOS
577306e2-fded-45a9-b75c-9018b9a67ad2,CL,2023-09-30T08:12:01.858Z,MOBILE,iOS
577306e2-fded-45a9-b75c-9018b9a67ad2,HP,2023-10-01T08:39:57.858Z,MOBILE,iOS
577306e2-fded-45a9-b75c-9018b9a67ad2,SCR,2023-10-02T09:21:39.858Z,MOBILE,iOS
577306e2-fded-45a9-b75c-9018b9a67ad2,SCR,2023-10-03T09:53:07.858Z,MOBILE,iOS
577306e2-fded-45a9-b75c-9018b9a67ad2,CL,2023-10-04T10:15:16.858Z,MOBILE,iOS
314eb49d-9d64-4e39-acc3-7d281397591c,HP,2022-12-13T07:41:28.613Z,MOBILE,Android
314eb49d-9d64-4e39-acc3-7d281397591c,ATC,2022-12-13T17:20:20.613Z,MOBILE,Android
314eb49d-9d64-4e39-acc3-7d281397591c,CL,2022-12-14T02:57:41.613Z,MOBILE,Android
314eb49d-9d64-4e39-acc3-7d281397591c,SER,2022-12-14T12:37:37.613Z,MOBILE,Android
314eb49d-9d64-4e39-acc3-7d281397591c,CL,2022-12-14T22:14:03.613Z,MOBILE,Android
314eb49d-9d64-4e39-acc3-7d281397591c,CL,2022-12-15T07:50:31.613Z,MOBILE,Android
314eb49d-9d64-4e39-acc3-7d281397591c,SCR,2022-12-15T17:28:52.613Z,MOBILE,Android
314eb49d-9d64-4e39-acc3-7d281397591c,CL,2022-12-16T12:48:45.613Z,MOBILE,Android
314eb49d-9d64-4e39-acc3-7d281397591c,SCR,2022-12-17T17:41:03.613Z,MOBILE,Android
314eb49d-9d64-4e39-acc3-7d281397591c,HP,2022-12-18T03:22:21.613Z,MOBILE,Android
314eb49d-9d64-4e39-acc3-7d281397591c,SER,2022-12-18T12:57:38.613Z,MOBILE,Android
314eb49d-9d64-4e39-acc3-7d281397591c,SER,2022-12-18T22:44:10.613Z,MOBILE,Android
314eb49d-9d64-4e39-acc3-7d281397591c,CL,2022-12-19T08:27:31.613Z,MOBILE,Android
bd4d96e4-5573-454a-ac84-c7798c1b39ba,HP,2023-03-16T16:25:29.613Z,MOBILE,Android
bd4d96e4-5573-454a-ac84-c7798c1b39ba,ATC,2023-03-22T20:00:37.613Z,MOBILE,Android
bd4d96e4-5573-454a-ac84-c7798c1b39ba,SCR,2023-03-22T20:10:48.613Z,MOBILE,Android
bd4d96e4-5573-454a-ac84-c7798c1b39ba,HP,2023-04-11T08:21:14.613Z,MOBILE,Android
314eb49d-9d64-4e39-acc3-7d281397591c,VI,2022-12-13T17:16:00.613Z,MOBILE,Android
314eb49d-9d64-4e39-acc3-7d281397591c,VI,2022-12-16T03:11:10.613Z,MOBILE,Android
314eb49d-9d64-4e39-acc3-7d281397591c,VI,2022-12-17T08:07:49.613Z,MOBILE,Android
60f7d320-5973-4842-b1b2-4c74a2957709,SCR,2022-05-03T10:51:53.387Z,WEB,iOS
141f6c08-6235-4405-ba9a-24bf93867764,CL,2021-09-28T14:34:35.387Z,MOBILE,iOS
554b5f40-6d3e-4f68-b14a-ee738e19439c,HP,2021-07-03T05:23:39.387Z,MOBILE,iOS
554b5f40-6d3e-4f68-b14a-ee738e19439c,ATC,2021-07-04T17:05:46.387Z,MOBILE,iOS
554b5f40-6d3e-4f68-b14a-ee738e19439c,AP,2021-07-06T04:34:26.387Z,MOBILE,iOS
554b5f40-6d3e-4f68-b14a-ee738e19439c,ATC,2021-07-04T16:58:07.387Z,MOBILE,iOS
554b5f40-6d3e-4f68-b14a-ee738e19439c,SCR,2021-07-06T04:30:14.387Z,MOBILE,iOS
60f7d320-5973-4842-b1b2-4c74a2957709,HP,2022-05-03T16:40:58.387Z,WEB,iOS
554b5f40-6d3e-4f68-b14a-ee738e19439c,VI,2021-07-07T16:08:24.387Z,MOBILE,iOS
141f6c08-6235-4405-ba9a-24bf93867764,HP,2021-09-26T01:47:02.387Z,MOBILE,iOS
141f6c08-6235-4405-ba9a-24bf93867764,ATC,2021-09-26T07:20:51.387Z,MOBILE,iOS
141f6c08-6235-4405-ba9a-24bf93867764,AP,2021-09-26T12:54:44.387Z,MOBILE,iOS
141f6c08-6235-4405-ba9a-24bf93867764,CL,2021-09-26T07:17:26.387Z,MOBILE,iOS
141f6c08-6235-4405-ba9a-24bf93867764,ATC,2021-09-26T12:49:09.387Z,MOBILE,iOS
141f6c08-6235-4405-ba9a-24bf93867764,CL,2021-09-26T18:22:06.387Z,MOBILE,iOS
141f6c08-6235-4405-ba9a-24bf93867764,HP,2021-09-27T05:27:22.387Z,MOBILE,iOS
141f6c08-6235-4405-ba9a-24bf93867764,CL,2021-09-27T16:24:52.387Z,MOBILE,iOS
141f6c08-6235-4405-ba9a-24bf93867764,ATC,2021-09-27T21:57:59.387Z,MOBILE,iOS
141f6c08-6235-4405-ba9a-24bf93867764,ATC,2021-09-28T03:29:38.387Z,MOBILE,iOS
141f6c08-6235-4405-ba9a-24bf93867764,ATC,2021-09-28T09:01:05.387Z,MOBILE,iOS
141f6c08-6235-4405-ba9a-24bf93867764,SCR,2021-09-28T20:06:11.387Z,MOBILE,iOS
141f6c08-6235-4405-ba9a-24bf93867764,CL,2021-09-29T01:38:15.387Z,MOBILE,iOS
141f6c08-6235-4405-ba9a-24bf93867764,CL,2021-09-29T07:07:22.387Z,MOBILE,iOS
141f6c08-6235-4405-ba9a-24bf93867764,CL,2021-09-29T12:37:23.387Z,MOBILE,iOS
141f6c08-6235-4405-ba9a-24bf93867764,SCR,2021-09-29T18:10:04.387Z,MOBILE,iOS
141f6c08-6235-4405-ba9a-24bf93867764,HP,2021-09-29T23:38:08.387Z,MOBILE,iOS
141f6c08-6235-4405-ba9a-24bf93867764,SER,2021-09-30T05:05:05.387Z,MOBILE,iOS
141f6c08-6235-4405-ba9a-24bf93867764,CL,2021-09-30T10:36:15.387Z,MOBILE,iOS
7c5d7193-9d0e-4ca4-a9aa-3bd37a13b632,HP,2022-05-29T23:10:20.291Z,MOBILE,Android
60f7d320-5973-4842-b1b2-4c74a2957709,ATC,2022-05-03T10:56:04.387Z,WEB,iOS
60f7d320-5973-4842-b1b2-4c74a2957709,AP,2022-05-03T13:49:39.387Z,WEB,iOS
60f7d320-5973-4842-b1b2-4c74a2957709,ATC,2022-05-03T19:35:01.387Z,WEB,iOS
60f7d320-5973-4842-b1b2-4c74a2957709,VI,2022-05-03T13:46:06.387Z,WEB,iOS
4c46aa55-63a0-4c74-8687-759d186c3b9a,HP,2022-10-28T01:43:38.387Z,WEB,iOS
4c46aa55-63a0-4c74-8687-759d186c3b9a,ATC,2022-11-01T02:16:42.387Z,WEB,iOS
4c46aa55-63a0-4c74-8687-759d186c3b9a,ATC,2022-11-01T02:08:48.387Z,WEB,iOS
e2d471c4-b62b-4271-b9ac-d4441e6a621c,HP,2022-12-05T00:50:50.387Z,MOBILE,iOS
e2d471c4-b62b-4271-b9ac-d4441e6a621c,ATC,2022-12-05T06:07:18.387Z,MOBILE,iOS
e2d471c4-b62b-4271-b9ac-d4441e6a621c,AP,2022-12-05T11:22:57.387Z,MOBILE,iOS
e2d471c4-b62b-4271-b9ac-d4441e6a621c,CL,2022-12-05T06:11:16.387Z,MOBILE,iOS
eca445ce-cf91-48ca-a4ba-4763a4e3cd0c,HP,2022-12-29T17:45:13.387Z,MOBILE,iOS
eca445ce-cf91-48ca-a4ba-4763a4e3cd0c,ATC,2022-12-30T21:03:36.387Z,MOBILE,iOS
eca445ce-cf91-48ca-a4ba-4763a4e3cd0c,CL,2022-12-30T20:46:04.387Z,MOBILE,iOS
e2d471c4-b62b-4271-b9ac-d4441e6a621c,VI,2022-12-05T11:29:04.387Z,MOBILE,iOS
4db751c9-e69f-4755-9c2e-7a4b6eee77c1,HP,2023-08-23T07:02:03.387Z,MOBILE,iOS
4db751c9-e69f-4755-9c2e-7a4b6eee77c1,ATC,2023-08-24T22:21:00.387Z,MOBILE,iOS
4db751c9-e69f-4755-9c2e-7a4b6eee77c1,CL,2023-08-24T22:25:05.387Z,MOBILE,iOS
4db751c9-e69f-4755-9c2e-7a4b6eee77c1,SCR,2023-08-28T05:27:00.387Z,MOBILE,iOS
4db751c9-e69f-4755-9c2e-7a4b6eee77c1,CL,2023-08-29T20:51:01.387Z,MOBILE,iOS
4db751c9-e69f-4755-9c2e-7a4b6eee77c1,HP,2023-09-04T12:30:57.387Z,MOBILE,iOS
4db751c9-e69f-4755-9c2e-7a4b6eee77c1,HP,2023-09-05T17:00:10.387Z,MOBILE,iOS
4db751c9-e69f-4755-9c2e-7a4b6eee77c1,HP,2023-09-06T21:19:31.387Z,MOBILE,iOS
4db751c9-e69f-4755-9c2e-7a4b6eee77c1,CL,2023-09-08T01:48:06.387Z,MOBILE,iOS
4db751c9-e69f-4755-9c2e-7a4b6eee77c1,HP,2023-09-09T06:17:26.387Z,MOBILE,iOS
4db751c9-e69f-4755-9c2e-7a4b6eee77c1,HP,2023-09-11T15:15:50.387Z,MOBILE,iOS
4db751c9-e69f-4755-9c2e-7a4b6eee77c1,HP,2023-09-12T19:49:34.387Z,MOBILE,iOS
e21ec961-b70c-4d40-ae0e-092dbafa825b,SCR,2020-11-26T20:47:58.653Z,MOBILE,Android
4db751c9-e69f-4755-9c2e-7a4b6eee77c1,HP,2023-09-14T00:20:17.387Z,MOBILE,iOS
4db751c9-e69f-4755-9c2e-7a4b6eee77c1,HP,2023-09-15T04:40:36.387Z,MOBILE,iOS
4db751c9-e69f-4755-9c2e-7a4b6eee77c1,HP,2023-09-16T09:09:00.387Z,MOBILE,iOS
4db751c9-e69f-4755-9c2e-7a4b6eee77c1,HP,2023-09-17T13:33:54.387Z,MOBILE,iOS
4db751c9-e69f-4755-9c2e-7a4b6eee77c1,SER,2023-09-18T18:08:47.387Z,MOBILE,iOS
4db751c9-e69f-4755-9c2e-7a4b6eee77c1,HP,2023-09-19T22:41:01.387Z,MOBILE,iOS
4db751c9-e69f-4755-9c2e-7a4b6eee77c1,HP,2023-09-21T03:15:22.387Z,MOBILE,iOS
4db751c9-e69f-4755-9c2e-7a4b6eee77c1,HP,2023-09-23T12:32:24.387Z,MOBILE,iOS
4db751c9-e69f-4755-9c2e-7a4b6eee77c1,HP,2023-09-24T17:06:07.387Z,MOBILE,iOS
4db751c9-e69f-4755-9c2e-7a4b6eee77c1,HP,2023-09-25T21:43:59.387Z,MOBILE,iOS
4db751c9-e69f-4755-9c2e-7a4b6eee77c1,HP,2023-09-27T02:05:45.387Z,MOBILE,iOS
4db751c9-e69f-4755-9c2e-7a4b6eee77c1,VI,2023-08-26T13:54:52.387Z,MOBILE,iOS
4db751c9-e69f-4755-9c2e-7a4b6eee77c1,VI,2023-09-03T07:57:48.387Z,MOBILE,iOS
dad00fc5-ffe9-4deb-9874-da10d3b1344f,CL,2022-04-15T08:25:09.279Z,MOBILE,iOS
dad00fc5-ffe9-4deb-9874-da10d3b1344f,HP,2022-04-15T08:24:17.279Z,MOBILE,iOS
dad00fc5-ffe9-4deb-9874-da10d3b1344f,ATC,2022-04-15T08:24:23.279Z,MOBILE,iOS
dad00fc5-ffe9-4deb-9874-da10d3b1344f,CL,2022-04-15T08:24:21.279Z,MOBILE,iOS
dad00fc5-ffe9-4deb-9874-da10d3b1344f,SCR,2022-04-15T08:24:28.279Z,MOBILE,iOS
dad00fc5-ffe9-4deb-9874-da10d3b1344f,CL,2022-04-15T08:24:35.279Z,MOBILE,iOS
dad00fc5-ffe9-4deb-9874-da10d3b1344f,SER,2022-04-15T08:24:46.279Z,MOBILE,iOS
dad00fc5-ffe9-4deb-9874-da10d3b1344f,ATC,2022-04-15T08:24:57.279Z,MOBILE,iOS
dad00fc5-ffe9-4deb-9874-da10d3b1344f,ATC,2022-04-15T08:25:04.279Z,MOBILE,iOS
04da13c3-0bfd-454f-8118-8e704d993125,HP,2022-03-12T18:40:33.794Z,MOBILE,Android
04da13c3-0bfd-454f-8118-8e704d993125,ATC,2022-03-17T18:08:20.794Z,MOBILE,Android
04da13c3-0bfd-454f-8118-8e704d993125,HP,2022-03-17T18:24:54.794Z,MOBILE,Android
f02f42e1-25e5-4717-ab17-977a1ddd55a0,HP,2022-05-21T20:03:50.493Z,MOBILE,Android
f02f42e1-25e5-4717-ab17-977a1ddd55a0,ATC,2022-05-24T05:09:48.493Z,MOBILE,Android
f02f42e1-25e5-4717-ab17-977a1ddd55a0,ATC,2022-05-26T14:07:13.493Z,MOBILE,Android
f02f42e1-25e5-4717-ab17-977a1ddd55a0,ATC,2022-05-28T23:11:20.493Z,MOBILE,Android
f02f42e1-25e5-4717-ab17-977a1ddd55a0,ATC,2022-05-31T08:19:37.493Z,MOBILE,Android
f02f42e1-25e5-4717-ab17-977a1ddd55a0,ATC,2022-06-02T17:07:25.493Z,MOBILE,Android
f02f42e1-25e5-4717-ab17-977a1ddd55a0,ATC,2022-06-05T02:02:01.493Z,MOBILE,Android
f02f42e1-25e5-4717-ab17-977a1ddd55a0,ATC,2022-05-24T05:02:05.493Z,MOBILE,Android
f02f42e1-25e5-4717-ab17-977a1ddd55a0,ATC,2022-05-26T14:08:36.493Z,MOBILE,Android
f02f42e1-25e5-4717-ab17-977a1ddd55a0,SCR,2022-05-31T08:18:16.493Z,MOBILE,Android
f02f42e1-25e5-4717-ab17-977a1ddd55a0,CL,2022-06-02T17:13:43.493Z,MOBILE,Android
f02f42e1-25e5-4717-ab17-977a1ddd55a0,SCR,2022-06-05T02:17:46.493Z,MOBILE,Android
f02f42e1-25e5-4717-ab17-977a1ddd55a0,ATC,2022-06-09T20:16:03.493Z,MOBILE,Android
f02f42e1-25e5-4717-ab17-977a1ddd55a0,SCR,2022-06-14T14:14:44.493Z,MOBILE,Android
f02f42e1-25e5-4717-ab17-977a1ddd55a0,SCR,2022-06-16T23:21:15.493Z,MOBILE,Android
f02f42e1-25e5-4717-ab17-977a1ddd55a0,HP,2022-06-19T08:23:51.493Z,MOBILE,Android
f02f42e1-25e5-4717-ab17-977a1ddd55a0,ATC,2022-06-21T17:34:06.493Z,MOBILE,Android
f02f42e1-25e5-4717-ab17-977a1ddd55a0,VI,2022-05-28T23:18:11.493Z,MOBILE,Android
f02f42e1-25e5-4717-ab17-977a1ddd55a0,VI,2022-06-07T11:17:31.493Z,MOBILE,Android
f02f42e1-25e5-4717-ab17-977a1ddd55a0,VI,2022-06-24T02:23:39.493Z,MOBILE,Android
e0ae4b45-e41e-4857-becd-a88eb523956c,HP,2022-03-27T15:25:32.290Z,MOBILE,Android
e0ae4b45-e41e-4857-becd-a88eb523956c,ATC,2022-04-03T16:47:51.290Z,MOBILE,Android
e0ae4b45-e41e-4857-becd-a88eb523956c,ATC,2022-04-03T17:25:38.290Z,MOBILE,Android
f76115ec-e61a-42c3-a8f7-1201becd2675,HP,2021-09-22T14:25:58.045Z,MOBILE,Android
f76115ec-e61a-42c3-a8f7-1201becd2675,ATC,2021-09-22T17:29:37.045Z,MOBILE,Android
f76115ec-e61a-42c3-a8f7-1201becd2675,AP,2021-09-22T20:33:33.045Z,MOBILE,Android
f76115ec-e61a-42c3-a8f7-1201becd2675,ATC,2021-09-22T20:36:12.045Z,MOBILE,Android
f76115ec-e61a-42c3-a8f7-1201becd2675,CL,2021-09-23T02:46:26.045Z,MOBILE,Android
f76115ec-e61a-42c3-a8f7-1201becd2675,SER,2021-09-23T08:50:03.045Z,MOBILE,Android
f76115ec-e61a-42c3-a8f7-1201becd2675,SCR,2021-09-23T11:52:47.045Z,MOBILE,Android
f76115ec-e61a-42c3-a8f7-1201becd2675,ATC,2021-09-23T14:55:26.045Z,MOBILE,Android
f76115ec-e61a-42c3-a8f7-1201becd2675,ATC,2021-09-24T00:06:33.045Z,MOBILE,Android
f76115ec-e61a-42c3-a8f7-1201becd2675,CL,2021-09-24T03:08:03.045Z,MOBILE,Android
f76115ec-e61a-42c3-a8f7-1201becd2675,SCR,2021-09-24T09:17:52.045Z,MOBILE,Android
f76115ec-e61a-42c3-a8f7-1201becd2675,SER,2021-09-24T12:20:32.045Z,MOBILE,Android
f76115ec-e61a-42c3-a8f7-1201becd2675,ATC,2021-09-24T15:23:46.045Z,MOBILE,Android
f76115ec-e61a-42c3-a8f7-1201becd2675,ATC,2021-09-24T18:26:40.045Z,MOBILE,Android
f76115ec-e61a-42c3-a8f7-1201becd2675,ATC,2021-09-24T21:31:15.045Z,MOBILE,Android
f76115ec-e61a-42c3-a8f7-1201becd2675,HP,2021-09-25T03:41:44.045Z,MOBILE,Android
f76115ec-e61a-42c3-a8f7-1201becd2675,CL,2021-09-25T06:45:49.045Z,MOBILE,Android
f76115ec-e61a-42c3-a8f7-1201becd2675,SER,2021-09-25T09:50:55.045Z,MOBILE,Android
f76115ec-e61a-42c3-a8f7-1201becd2675,SER,2021-09-25T12:55:30.045Z,MOBILE,Android
f76115ec-e61a-42c3-a8f7-1201becd2675,HP,2021-09-25T16:02:57.045Z,MOBILE,Android
f76115ec-e61a-42c3-a8f7-1201becd2675,CL,2021-09-25T19:08:49.045Z,MOBILE,Android
f76115ec-e61a-42c3-a8f7-1201becd2675,ATC,2021-09-25T22:11:47.045Z,MOBILE,Android
f76115ec-e61a-42c3-a8f7-1201becd2675,ATC,2021-09-26T01:13:03.045Z,MOBILE,Android
f76115ec-e61a-42c3-a8f7-1201becd2675,VI,2021-09-23T21:04:48.045Z,MOBILE,Android
f76115ec-e61a-42c3-a8f7-1201becd2675,VI,2021-09-24T06:13:33.045Z,MOBILE,Android
d74f8442-4dff-4699-bb0c-13f785e2b677,HP,2021-11-29T21:02:29.045Z,MOBILE,Android
d74f8442-4dff-4699-bb0c-13f785e2b677,ATC,2021-11-30T10:23:18.045Z,MOBILE,Android
d74f8442-4dff-4699-bb0c-13f785e2b677,ATC,2021-11-30T23:38:38.045Z,MOBILE,Android
d74f8442-4dff-4699-bb0c-13f785e2b677,ATC,2021-12-01T12:49:51.045Z,MOBILE,Android
d74f8442-4dff-4699-bb0c-13f785e2b677,ATC,2021-12-02T02:08:54.045Z,MOBILE,Android
d74f8442-4dff-4699-bb0c-13f785e2b677,ATC,2021-12-02T15:25:44.045Z,MOBILE,Android
d74f8442-4dff-4699-bb0c-13f785e2b677,ATC,2021-12-03T04:48:25.045Z,MOBILE,Android
d74f8442-4dff-4699-bb0c-13f785e2b677,ATC,2021-12-03T18:02:07.045Z,MOBILE,Android
d74f8442-4dff-4699-bb0c-13f785e2b677,ATC,2021-12-04T07:18:33.045Z,MOBILE,Android
d74f8442-4dff-4699-bb0c-13f785e2b677,CL,2021-11-30T10:24:17.045Z,MOBILE,Android
d74f8442-4dff-4699-bb0c-13f785e2b677,HP,2021-11-30T23:38:47.045Z,MOBILE,Android
d74f8442-4dff-4699-bb0c-13f785e2b677,ATC,2021-12-01T12:58:29.045Z,MOBILE,Android
d74f8442-4dff-4699-bb0c-13f785e2b677,CL,2021-12-02T02:10:33.045Z,MOBILE,Android
d74f8442-4dff-4699-bb0c-13f785e2b677,SCR,2021-12-02T15:29:17.045Z,MOBILE,Android
d74f8442-4dff-4699-bb0c-13f785e2b677,CL,2021-12-03T04:45:46.045Z,MOBILE,Android
d74f8442-4dff-4699-bb0c-13f785e2b677,HP,2021-12-04T07:14:46.045Z,MOBILE,Android
d74f8442-4dff-4699-bb0c-13f785e2b677,SER,2021-12-04T20:30:35.045Z,MOBILE,Android
d74f8442-4dff-4699-bb0c-13f785e2b677,SCR,2021-12-05T09:47:18.045Z,MOBILE,Android
d74f8442-4dff-4699-bb0c-13f785e2b677,CL,2021-12-05T23:04:47.045Z,MOBILE,Android
d74f8442-4dff-4699-bb0c-13f785e2b677,SER,2021-12-07T01:39:06.045Z,MOBILE,Android
d74f8442-4dff-4699-bb0c-13f785e2b677,HP,2021-12-07T15:01:45.045Z,MOBILE,Android
d74f8442-4dff-4699-bb0c-13f785e2b677,SCR,2021-12-08T17:43:18.045Z,MOBILE,Android
d74f8442-4dff-4699-bb0c-13f785e2b677,HP,2021-12-09T20:22:44.045Z,MOBILE,Android
d74f8442-4dff-4699-bb0c-13f785e2b677,SCR,2021-12-10T09:43:27.045Z,MOBILE,Android
d74f8442-4dff-4699-bb0c-13f785e2b677,HP,2021-12-12T01:33:04.045Z,MOBILE,Android
d74f8442-4dff-4699-bb0c-13f785e2b677,CL,2021-12-12T14:46:42.045Z,MOBILE,Android
d74f8442-4dff-4699-bb0c-13f785e2b677,VI,2021-12-03T18:04:10.045Z,MOBILE,Android
d74f8442-4dff-4699-bb0c-13f785e2b677,VI,2021-12-06T12:23:24.045Z,MOBILE,Android
d74f8442-4dff-4699-bb0c-13f785e2b677,VI,2021-12-09T07:00:38.045Z,MOBILE,Android
d74f8442-4dff-4699-bb0c-13f785e2b677,VI,2021-12-10T22:59:26.045Z,MOBILE,Android
d74f8442-4dff-4699-bb0c-13f785e2b677,VI,2021-12-11T12:16:24.045Z,MOBILE,Android
355c910b-eb0c-4345-99fc-609857655ad8,HP,2023-01-20T10:47:52.045Z,MOBILE,Android
355c910b-eb0c-4345-99fc-609857655ad8,ATC,2023-01-20T23:46:54.045Z,MOBILE,Android
355c910b-eb0c-4345-99fc-609857655ad8,AP,2023-01-21T12:41:29.045Z,MOBILE,Android
355c910b-eb0c-4345-99fc-609857655ad8,ATC,2023-01-20T23:53:06.045Z,MOBILE,Android
355c910b-eb0c-4345-99fc-609857655ad8,SER,2023-01-21T12:55:45.045Z,MOBILE,Android
355c910b-eb0c-4345-99fc-609857655ad8,SER,2023-01-22T01:55:23.045Z,MOBILE,Android
355c910b-eb0c-4345-99fc-609857655ad8,ATC,2023-01-22T14:56:47.045Z,MOBILE,Android
355c910b-eb0c-4345-99fc-609857655ad8,CL,2023-01-23T03:59:11.045Z,MOBILE,Android
355c910b-eb0c-4345-99fc-609857655ad8,CL,2023-01-23T16:58:25.045Z,MOBILE,Android
355c910b-eb0c-4345-99fc-609857655ad8,ATC,2023-01-24T05:56:56.045Z,MOBILE,Android
355c910b-eb0c-4345-99fc-609857655ad8,CL,2023-01-24T18:51:43.045Z,MOBILE,Android
355c910b-eb0c-4345-99fc-609857655ad8,CL,2023-01-25T07:52:35.045Z,MOBILE,Android
355c910b-eb0c-4345-99fc-609857655ad8,CL,2023-01-25T20:55:34.045Z,MOBILE,Android
355c910b-eb0c-4345-99fc-609857655ad8,SER,2023-01-26T09:56:48.045Z,MOBILE,Android
355c910b-eb0c-4345-99fc-609857655ad8,SER,2023-01-26T22:58:12.045Z,MOBILE,Android
355c910b-eb0c-4345-99fc-609857655ad8,HP,2023-01-27T11:52:38.045Z,MOBILE,Android
355c910b-eb0c-4345-99fc-609857655ad8,CL,2023-01-28T00:53:48.045Z,MOBILE,Android
355c910b-eb0c-4345-99fc-609857655ad8,ATC,2023-01-28T13:57:45.045Z,MOBILE,Android
355c910b-eb0c-4345-99fc-609857655ad8,CL,2023-01-29T03:02:44.045Z,MOBILE,Android
b9615665-a5de-4501-9ae2-853986d32c31,HP,2023-07-01T08:45:08.045Z,MOBILE,Android
b9615665-a5de-4501-9ae2-853986d32c31,ATC,2023-07-05T12:38:19.045Z,MOBILE,Android
0d238d0c-22e0-4548-b46e-bd1256177828,HP,2023-10-01T22:21:08.045Z,MOBILE,Android
0d238d0c-22e0-4548-b46e-bd1256177828,ATC,2023-10-01T23:48:50.045Z,MOBILE,Android
0d238d0c-22e0-4548-b46e-bd1256177828,SER,2023-10-01T23:47:37.045Z,MOBILE,Android
0d238d0c-22e0-4548-b46e-bd1256177828,CL,2023-10-02T01:15:30.045Z,MOBILE,Android
0d238d0c-22e0-4548-b46e-bd1256177828,ATC,2023-10-02T02:42:13.045Z,MOBILE,Android
0d238d0c-22e0-4548-b46e-bd1256177828,ATC,2023-10-02T05:42:09.045Z,MOBILE,Android
0d238d0c-22e0-4548-b46e-bd1256177828,CL,2023-10-02T10:08:33.045Z,MOBILE,Android
0d238d0c-22e0-4548-b46e-bd1256177828,SCR,2023-10-02T11:37:42.045Z,MOBILE,Android
0d238d0c-22e0-4548-b46e-bd1256177828,HP,2023-10-02T13:05:45.045Z,MOBILE,Android
0d238d0c-22e0-4548-b46e-bd1256177828,HP,2023-10-02T14:34:50.045Z,MOBILE,Android
0d238d0c-22e0-4548-b46e-bd1256177828,ATC,2023-10-02T16:02:48.045Z,MOBILE,Android
0d238d0c-22e0-4548-b46e-bd1256177828,SER,2023-10-02T17:31:18.045Z,MOBILE,Android
0d238d0c-22e0-4548-b46e-bd1256177828,SER,2023-10-02T18:58:36.045Z,MOBILE,Android
0d238d0c-22e0-4548-b46e-bd1256177828,CL,2023-10-02T20:28:21.045Z,MOBILE,Android
0d238d0c-22e0-4548-b46e-bd1256177828,HP,2023-10-02T21:57:12.045Z,MOBILE,Android
0d238d0c-22e0-4548-b46e-bd1256177828,SCR,2023-10-02T23:25:17.045Z,MOBILE,Android
0d238d0c-22e0-4548-b46e-bd1256177828,VI,2023-10-02T04:12:33.045Z,MOBILE,Android
0d238d0c-22e0-4548-b46e-bd1256177828,VI,2023-10-02T07:11:48.045Z,MOBILE,Android
0d238d0c-22e0-4548-b46e-bd1256177828,VI,2023-10-02T08:39:22.045Z,MOBILE,Android
0d238d0c-22e0-4548-b46e-bd1256177828,SCR,2023-10-03T03:48:36.045Z,MOBILE,Android
0d238d0c-22e0-4548-b46e-bd1256177828,ATC,2023-10-03T05:17:03.045Z,MOBILE,Android
0d238d0c-22e0-4548-b46e-bd1256177828,CL,2023-10-03T06:45:16.045Z,MOBILE,Android
0d238d0c-22e0-4548-b46e-bd1256177828,CL,2023-10-03T09:43:51.045Z,MOBILE,Android
0d238d0c-22e0-4548-b46e-bd1256177828,ATC,2023-10-03T11:14:33.045Z,MOBILE,Android
0d238d0c-22e0-4548-b46e-bd1256177828,ATC,2023-10-03T12:44:43.045Z,MOBILE,Android
0d238d0c-22e0-4548-b46e-bd1256177828,HP,2023-10-03T14:13:39.045Z,MOBILE,Android
0d238d0c-22e0-4548-b46e-bd1256177828,CL,2023-10-03T15:40:49.045Z,MOBILE,Android
0d238d0c-22e0-4548-b46e-bd1256177828,SER,2023-10-04T12:39:10.045Z,MOBILE,Android
0d238d0c-22e0-4548-b46e-bd1256177828,HP,2023-10-05T06:43:50.045Z,MOBILE,Android
0d238d0c-22e0-4548-b46e-bd1256177828,SCR,2023-10-06T00:42:05.045Z,MOBILE,Android
0d238d0c-22e0-4548-b46e-bd1256177828,HP,2023-10-06T18:46:09.045Z,MOBILE,Android
0d238d0c-22e0-4548-b46e-bd1256177828,SER,2023-10-07T12:52:02.045Z,MOBILE,Android
0d238d0c-22e0-4548-b46e-bd1256177828,SER,2023-10-08T06:58:10.045Z,MOBILE,Android
0d238d0c-22e0-4548-b46e-bd1256177828,HP,2023-10-09T01:05:26.045Z,MOBILE,Android
0d238d0c-22e0-4548-b46e-bd1256177828,HP,2023-10-09T19:10:34.045Z,MOBILE,Android
0d238d0c-22e0-4548-b46e-bd1256177828,SER,2023-10-10T13:17:55.045Z,MOBILE,Android
d6ccda0a-edac-47dd-bcc6-b3ac7db733c5,HP,2023-11-03T03:51:08.045Z,MOBILE,Android
d6ccda0a-edac-47dd-bcc6-b3ac7db733c5,ATC,2023-11-04T11:41:18.045Z,MOBILE,Android
d6ccda0a-edac-47dd-bcc6-b3ac7db733c5,AP,2023-11-05T19:40:04.045Z,MOBILE,Android
d6ccda0a-edac-47dd-bcc6-b3ac7db733c5,ATC,2023-11-04T11:56:03.045Z,MOBILE,Android
d6ccda0a-edac-47dd-bcc6-b3ac7db733c5,SER,2023-11-05T19:59:47.045Z,MOBILE,Android
d6ccda0a-edac-47dd-bcc6-b3ac7db733c5,CL,2023-11-08T11:49:41.045Z,MOBILE,Android
d6ccda0a-edac-47dd-bcc6-b3ac7db733c5,CL,2023-11-09T19:45:02.045Z,MOBILE,Android
26a7f95a-b286-4780-bba3-90c7527b6c45,HP,2023-12-18T22:08:56.045Z,MOBILE,Android
26a7f95a-b286-4780-bba3-90c7527b6c45,ATC,2023-12-20T09:54:50.045Z,MOBILE,Android
26a7f95a-b286-4780-bba3-90c7527b6c45,ATC,2023-12-20T09:57:43.045Z,MOBILE,Android
26a7f95a-b286-4780-bba3-90c7527b6c45,HP,2023-12-21T21:38:55.045Z,MOBILE,Android
887f94fa-7b1a-435a-89b3-5335d61c724d,HP,2020-01-27T18:52:47.237Z,MOBILE,iOS
887f94fa-7b1a-435a-89b3-5335d61c724d,ATC,2020-01-31T05:07:38.237Z,MOBILE,iOS
0d238d0c-22e0-4548-b46e-bd1256177828,VI,2023-10-11T07:25:34.045Z,MOBILE,Android
887f94fa-7b1a-435a-89b3-5335d61c724d,AP,2020-02-03T15:37:50.237Z,MOBILE,iOS
887f94fa-7b1a-435a-89b3-5335d61c724d,SCR,2020-02-03T15:33:23.237Z,MOBILE,iOS
887f94fa-7b1a-435a-89b3-5335d61c724d,CL,2020-02-07T01:40:01.237Z,MOBILE,iOS
887f94fa-7b1a-435a-89b3-5335d61c724d,SCR,2020-02-10T12:03:02.237Z,MOBILE,iOS
887f94fa-7b1a-435a-89b3-5335d61c724d,SER,2020-02-13T22:28:58.237Z,MOBILE,iOS
887f94fa-7b1a-435a-89b3-5335d61c724d,CL,2020-02-17T08:49:08.237Z,MOBILE,iOS
887f94fa-7b1a-435a-89b3-5335d61c724d,SCR,2020-02-20T19:07:04.237Z,MOBILE,iOS
887f94fa-7b1a-435a-89b3-5335d61c724d,VI,2020-01-31T05:04:37.237Z,MOBILE,iOS
552b168c-0294-4886-985f-abc3adfe6649,HP,2023-08-12T02:09:06.537Z,MOBILE,Android
552b168c-0294-4886-985f-abc3adfe6649,ATC,2023-08-12T06:08:28.537Z,MOBILE,Android
5ed59b96-13ed-4647-9180-7fd3cd1bf4dc,HP,2023-09-02T03:17:45.537Z,WEB,Android
552b168c-0294-4886-985f-abc3adfe6649,CL,2023-08-12T10:07:05.537Z,MOBILE,Android
552b168c-0294-4886-985f-abc3adfe6649,CL,2023-08-12T14:04:14.537Z,MOBILE,Android
552b168c-0294-4886-985f-abc3adfe6649,CL,2023-08-12T22:00:39.537Z,MOBILE,Android
552b168c-0294-4886-985f-abc3adfe6649,SCR,2023-08-13T05:54:10.537Z,MOBILE,Android
552b168c-0294-4886-985f-abc3adfe6649,VI,2023-08-12T06:10:25.537Z,MOBILE,Android
552b168c-0294-4886-985f-abc3adfe6649,VI,2023-08-12T18:01:27.537Z,MOBILE,Android
552b168c-0294-4886-985f-abc3adfe6649,VI,2023-08-13T01:55:18.537Z,MOBILE,Android
5ed59b96-13ed-4647-9180-7fd3cd1bf4dc,HP,2023-08-31T23:43:50.537Z,WEB,Android
5ed59b96-13ed-4647-9180-7fd3cd1bf4dc,ATC,2023-09-01T03:44:05.537Z,WEB,Android
5ed59b96-13ed-4647-9180-7fd3cd1bf4dc,CL,2023-09-01T07:35:19.537Z,WEB,Android
5ed59b96-13ed-4647-9180-7fd3cd1bf4dc,CL,2023-09-01T11:31:36.537Z,WEB,Android
5ed59b96-13ed-4647-9180-7fd3cd1bf4dc,CL,2023-09-01T15:27:18.537Z,WEB,Android
5ed59b96-13ed-4647-9180-7fd3cd1bf4dc,HP,2023-09-01T23:18:46.537Z,WEB,Android
5ed59b96-13ed-4647-9180-7fd3cd1bf4dc,SCR,2023-09-02T07:15:14.537Z,WEB,Android
a139ec99-0d24-41bc-a95b-d6ae0815b436,HP,2023-09-12T00:02:41.537Z,WEB,Android
a139ec99-0d24-41bc-a95b-d6ae0815b436,ATC,2023-09-12T01:12:04.537Z,WEB,Android
a139ec99-0d24-41bc-a95b-d6ae0815b436,HP,2023-09-12T01:13:27.537Z,WEB,Android
a139ec99-0d24-41bc-a95b-d6ae0815b436,SCR,2023-09-12T02:23:07.537Z,WEB,Android
a139ec99-0d24-41bc-a95b-d6ae0815b436,CL,2023-09-12T03:32:24.537Z,WEB,Android
a139ec99-0d24-41bc-a95b-d6ae0815b436,SCR,2023-09-12T04:41:14.537Z,WEB,Android
a139ec99-0d24-41bc-a95b-d6ae0815b436,CL,2023-09-12T05:51:01.537Z,WEB,Android
a139ec99-0d24-41bc-a95b-d6ae0815b436,SER,2023-09-12T07:01:45.537Z,WEB,Android
a139ec99-0d24-41bc-a95b-d6ae0815b436,CL,2023-09-12T08:10:45.537Z,WEB,Android
a139ec99-0d24-41bc-a95b-d6ae0815b436,CL,2023-09-12T09:20:53.537Z,WEB,Android
a139ec99-0d24-41bc-a95b-d6ae0815b436,HP,2023-09-12T10:32:04.537Z,WEB,Android
a139ec99-0d24-41bc-a95b-d6ae0815b436,CL,2023-09-12T11:43:41.537Z,WEB,Android
a139ec99-0d24-41bc-a95b-d6ae0815b436,SCR,2023-09-12T12:51:59.537Z,WEB,Android
9d61109f-5626-4750-b143-07b6da24ed39,HP,2023-12-16T10:47:00.537Z,MOBILE,Android
9d61109f-5626-4750-b143-07b6da24ed39,ATC,2023-12-16T21:28:25.537Z,MOBILE,Android
9d61109f-5626-4750-b143-07b6da24ed39,SCR,2023-12-16T21:25:30.537Z,MOBILE,Android
9d61109f-5626-4750-b143-07b6da24ed39,SER,2023-12-17T08:10:55.537Z,MOBILE,Android
9d61109f-5626-4750-b143-07b6da24ed39,SCR,2023-12-17T18:56:13.537Z,MOBILE,Android
9d61109f-5626-4750-b143-07b6da24ed39,SER,2023-12-18T05:37:04.537Z,MOBILE,Android
9d61109f-5626-4750-b143-07b6da24ed39,HP,2023-12-19T03:00:27.537Z,MOBILE,Android
9d61109f-5626-4750-b143-07b6da24ed39,CL,2023-12-19T13:49:51.537Z,MOBILE,Android
9d61109f-5626-4750-b143-07b6da24ed39,SCR,2023-12-20T00:37:27.537Z,MOBILE,Android
9d61109f-5626-4750-b143-07b6da24ed39,CL,2023-12-20T11:15:29.537Z,MOBILE,Android
9d61109f-5626-4750-b143-07b6da24ed39,SCR,2023-12-20T21:53:34.537Z,MOBILE,Android
9d61109f-5626-4750-b143-07b6da24ed39,VI,2023-12-18T16:20:36.537Z,MOBILE,Android
06e4d8dc-baba-4668-9b8d-8c1ffa0436c3,HP,2022-09-26T11:56:49.617Z,MOBILE,Android
06e4d8dc-baba-4668-9b8d-8c1ffa0436c3,ATC,2022-09-27T12:44:31.617Z,MOBILE,Android
06e4d8dc-baba-4668-9b8d-8c1ffa0436c3,ATC,2022-09-28T13:24:29.617Z,MOBILE,Android
06e4d8dc-baba-4668-9b8d-8c1ffa0436c3,ATC,2022-09-29T14:04:02.617Z,MOBILE,Android
06e4d8dc-baba-4668-9b8d-8c1ffa0436c3,ATC,2022-09-30T14:43:35.617Z,MOBILE,Android
06e4d8dc-baba-4668-9b8d-8c1ffa0436c3,ATC,2022-10-01T15:17:46.617Z,MOBILE,Android
06e4d8dc-baba-4668-9b8d-8c1ffa0436c3,ATC,2022-10-02T15:53:50.617Z,MOBILE,Android
06e4d8dc-baba-4668-9b8d-8c1ffa0436c3,ATC,2022-10-03T16:47:29.617Z,MOBILE,Android
06e4d8dc-baba-4668-9b8d-8c1ffa0436c3,SER,2022-09-27T12:38:20.617Z,MOBILE,Android
420482a0-5372-4636-830c-5f2b4ffaf8fb,HP,2021-12-27T04:18:46.786Z,MOBILE,iOS
420482a0-5372-4636-830c-5f2b4ffaf8fb,ATC,2021-12-27T10:12:53.786Z,MOBILE,iOS
420482a0-5372-4636-830c-5f2b4ffaf8fb,ATC,2021-12-27T16:05:25.786Z,MOBILE,iOS
420482a0-5372-4636-830c-5f2b4ffaf8fb,ATC,2021-12-27T21:59:01.786Z,MOBILE,iOS
420482a0-5372-4636-830c-5f2b4ffaf8fb,ATC,2021-12-28T03:51:00.786Z,MOBILE,iOS
420482a0-5372-4636-830c-5f2b4ffaf8fb,CL,2021-12-27T10:14:46.786Z,MOBILE,iOS
420482a0-5372-4636-830c-5f2b4ffaf8fb,CL,2021-12-27T16:08:43.786Z,MOBILE,iOS
aa9cf121-0366-4581-8c8b-c2995b7f2271,HP,2022-02-10T20:10:28.786Z,MOBILE,iOS
aa9cf121-0366-4581-8c8b-c2995b7f2271,ATC,2022-02-11T04:50:58.786Z,MOBILE,iOS
aa9cf121-0366-4581-8c8b-c2995b7f2271,AP,2022-02-11T13:26:17.786Z,MOBILE,iOS
aa9cf121-0366-4581-8c8b-c2995b7f2271,SER,2022-02-11T04:47:15.786Z,MOBILE,iOS
aa9cf121-0366-4581-8c8b-c2995b7f2271,SCR,2022-02-11T13:21:18.786Z,MOBILE,iOS
aa9cf121-0366-4581-8c8b-c2995b7f2271,CL,2022-02-11T21:55:35.786Z,MOBILE,iOS
2700f138-8138-41c8-a641-111fd6029e60,VP,2021-07-05T20:01:59.270Z,MOBILE,Android
aa9cf121-0366-4581-8c8b-c2995b7f2271,ATC,2022-02-12T06:32:59.786Z,MOBILE,iOS
aa9cf121-0366-4581-8c8b-c2995b7f2271,SCR,2022-02-12T15:10:21.786Z,MOBILE,iOS
aa9cf121-0366-4581-8c8b-c2995b7f2271,ATC,2022-02-12T23:46:55.786Z,MOBILE,iOS
aa9cf121-0366-4581-8c8b-c2995b7f2271,CL,2022-02-13T17:00:31.786Z,MOBILE,iOS
aa9cf121-0366-4581-8c8b-c2995b7f2271,ATC,2022-02-14T01:34:40.786Z,MOBILE,iOS
aa9cf121-0366-4581-8c8b-c2995b7f2271,SCR,2022-02-14T10:12:26.786Z,MOBILE,iOS
aa9cf121-0366-4581-8c8b-c2995b7f2271,SCR,2022-02-14T18:50:22.786Z,MOBILE,iOS
aa9cf121-0366-4581-8c8b-c2995b7f2271,ATC,2022-02-15T03:31:07.786Z,MOBILE,iOS
aa9cf121-0366-4581-8c8b-c2995b7f2271,ATC,2022-02-15T12:09:12.786Z,MOBILE,iOS
aa9cf121-0366-4581-8c8b-c2995b7f2271,CL,2022-02-15T20:42:49.786Z,MOBILE,iOS
aa9cf121-0366-4581-8c8b-c2995b7f2271,VI,2022-02-13T08:25:20.786Z,MOBILE,iOS
2c2ae178-1bff-4a2c-9d3a-059ce07dae1e,HP,2019-11-18T07:19:56.376Z,MOBILE,Android
2c2ae178-1bff-4a2c-9d3a-059ce07dae1e,ATC,2019-11-18T23:51:58.376Z,MOBILE,Android
2c2ae178-1bff-4a2c-9d3a-059ce07dae1e,AP,2019-11-19T16:18:51.376Z,MOBILE,Android
2c2ae178-1bff-4a2c-9d3a-059ce07dae1e,ATC,2019-11-18T23:43:02.376Z,MOBILE,Android
2c2ae178-1bff-4a2c-9d3a-059ce07dae1e,HP,2019-11-19T16:04:24.376Z,MOBILE,Android
2c2ae178-1bff-4a2c-9d3a-059ce07dae1e,ATC,2019-11-20T08:31:04.376Z,MOBILE,Android
2c2ae178-1bff-4a2c-9d3a-059ce07dae1e,SER,2019-11-21T01:05:00.376Z,MOBILE,Android
2c2ae178-1bff-4a2c-9d3a-059ce07dae1e,SCR,2019-11-22T10:08:53.376Z,MOBILE,Android
2c2ae178-1bff-4a2c-9d3a-059ce07dae1e,VI,2019-11-21T17:33:52.376Z,MOBILE,Android
15222aa0-b7f4-4d31-92bc-e6fb0b67f5ce,HP,2022-06-03T07:36:30.376Z,MOBILE,Android
15222aa0-b7f4-4d31-92bc-e6fb0b67f5ce,ATC,2022-06-05T12:17:47.376Z,MOBILE,Android
15222aa0-b7f4-4d31-92bc-e6fb0b67f5ce,ATC,2022-06-05T12:17:10.376Z,MOBILE,Android
f503432b-c6d9-44c6-997c-18e98c6033bd,HP,2023-04-25T15:37:11.376Z,MOBILE,Android
f503432b-c6d9-44c6-997c-18e98c6033bd,ATC,2023-04-25T17:51:56.376Z,MOBILE,Android
f503432b-c6d9-44c6-997c-18e98c6033bd,ATC,2023-04-25T17:48:35.376Z,MOBILE,Android
f503432b-c6d9-44c6-997c-18e98c6033bd,CL,2023-04-25T20:02:52.376Z,MOBILE,Android
f503432b-c6d9-44c6-997c-18e98c6033bd,ATC,2023-04-25T22:18:45.376Z,MOBILE,Android
d607ee1b-b9b2-4057-a7fa-a81dc81a17ff,HP,2023-06-27T10:42:44.376Z,MOBILE,Android
d607ee1b-b9b2-4057-a7fa-a81dc81a17ff,ATC,2023-06-27T16:35:30.376Z,MOBILE,Android
d607ee1b-b9b2-4057-a7fa-a81dc81a17ff,CL,2023-06-27T16:32:50.376Z,MOBILE,Android
d607ee1b-b9b2-4057-a7fa-a81dc81a17ff,CL,2023-06-28T04:16:41.376Z,MOBILE,Android
d607ee1b-b9b2-4057-a7fa-a81dc81a17ff,HP,2023-06-28T10:04:48.376Z,MOBILE,Android
d607ee1b-b9b2-4057-a7fa-a81dc81a17ff,SER,2023-06-28T15:50:05.376Z,MOBILE,Android
d607ee1b-b9b2-4057-a7fa-a81dc81a17ff,VI,2023-06-27T22:25:14.376Z,MOBILE,Android
d57e0657-23a7-43f9-9398-33ebdd3539e7,HP,2022-05-18T14:41:20.562Z,MOBILE,Android
d57e0657-23a7-43f9-9398-33ebdd3539e7,ATC,2022-05-18T17:36:22.562Z,MOBILE,Android
d57e0657-23a7-43f9-9398-33ebdd3539e7,AP,2022-05-18T20:27:42.562Z,MOBILE,Android
d57e0657-23a7-43f9-9398-33ebdd3539e7,SER,2022-05-18T17:38:01.562Z,MOBILE,Android
d57e0657-23a7-43f9-9398-33ebdd3539e7,SCR,2022-05-18T20:32:55.562Z,MOBILE,Android
d57e0657-23a7-43f9-9398-33ebdd3539e7,HP,2022-05-18T23:25:38.562Z,MOBILE,Android
d57e0657-23a7-43f9-9398-33ebdd3539e7,SER,2022-05-19T02:20:22.562Z,MOBILE,Android
d57e0657-23a7-43f9-9398-33ebdd3539e7,SCR,2022-05-19T05:14:14.562Z,MOBILE,Android
f5d525ca-a301-4edf-9913-7ceeafe7377a,HP,2022-07-24T22:28:52.562Z,MOBILE,Android
f5d525ca-a301-4edf-9913-7ceeafe7377a,ATC,2022-07-26T08:24:41.562Z,MOBILE,Android
f5d525ca-a301-4edf-9913-7ceeafe7377a,HP,2022-07-26T08:12:08.562Z,MOBILE,Android
f5d525ca-a301-4edf-9913-7ceeafe7377a,SCR,2022-07-29T03:48:22.562Z,MOBILE,Android
f5d525ca-a301-4edf-9913-7ceeafe7377a,CL,2022-07-31T23:22:51.562Z,MOBILE,Android
0085cbab-85c3-46a9-a8b5-fec035e40f1b,SCR,2022-11-25T15:44:47.562Z,MOBILE,Android
f5d525ca-a301-4edf-9913-7ceeafe7377a,VI,2022-07-30T13:34:32.562Z,MOBILE,Android
0085cbab-85c3-46a9-a8b5-fec035e40f1b,HP,2022-11-25T13:19:33.562Z,MOBILE,Android
0085cbab-85c3-46a9-a8b5-fec035e40f1b,ATC,2022-11-25T13:29:23.562Z,MOBILE,Android
0085cbab-85c3-46a9-a8b5-fec035e40f1b,ATC,2022-11-25T13:39:32.562Z,MOBILE,Android
0085cbab-85c3-46a9-a8b5-fec035e40f1b,AP,2022-11-25T13:49:28.562Z,MOBILE,Android
0085cbab-85c3-46a9-a8b5-fec035e40f1b,SCR,2022-11-25T13:30:07.562Z,MOBILE,Android
0085cbab-85c3-46a9-a8b5-fec035e40f1b,SCR,2022-11-25T13:40:30.562Z,MOBILE,Android
0085cbab-85c3-46a9-a8b5-fec035e40f1b,SER,2022-11-25T14:01:43.562Z,MOBILE,Android
0085cbab-85c3-46a9-a8b5-fec035e40f1b,CL,2022-11-25T14:12:08.562Z,MOBILE,Android
0085cbab-85c3-46a9-a8b5-fec035e40f1b,SER,2022-11-25T14:21:52.562Z,MOBILE,Android
0085cbab-85c3-46a9-a8b5-fec035e40f1b,SCR,2022-11-25T14:32:03.562Z,MOBILE,Android
0085cbab-85c3-46a9-a8b5-fec035e40f1b,SER,2022-11-25T14:41:38.562Z,MOBILE,Android
0085cbab-85c3-46a9-a8b5-fec035e40f1b,SCR,2022-11-25T14:52:12.562Z,MOBILE,Android
0085cbab-85c3-46a9-a8b5-fec035e40f1b,SER,2022-11-25T15:03:05.562Z,MOBILE,Android
0085cbab-85c3-46a9-a8b5-fec035e40f1b,SER,2022-11-25T15:13:32.562Z,MOBILE,Android
0085cbab-85c3-46a9-a8b5-fec035e40f1b,SCR,2022-11-25T15:24:12.562Z,MOBILE,Android
0085cbab-85c3-46a9-a8b5-fec035e40f1b,CL,2022-11-25T15:34:15.562Z,MOBILE,Android
0085cbab-85c3-46a9-a8b5-fec035e40f1b,SCR,2022-11-25T15:55:10.562Z,MOBILE,Android
0085cbab-85c3-46a9-a8b5-fec035e40f1b,CL,2022-11-25T16:05:48.562Z,MOBILE,Android
0085cbab-85c3-46a9-a8b5-fec035e40f1b,HP,2022-11-25T16:16:31.562Z,MOBILE,Android
0085cbab-85c3-46a9-a8b5-fec035e40f1b,CL,2022-11-25T16:36:19.562Z,MOBILE,Android
0085cbab-85c3-46a9-a8b5-fec035e40f1b,HP,2022-11-25T16:46:47.562Z,MOBILE,Android
0085cbab-85c3-46a9-a8b5-fec035e40f1b,SER,2022-11-25T16:56:41.562Z,MOBILE,Android
0085cbab-85c3-46a9-a8b5-fec035e40f1b,HP,2022-11-25T17:07:17.562Z,MOBILE,Android
0085cbab-85c3-46a9-a8b5-fec035e40f1b,SER,2022-11-25T17:16:58.562Z,MOBILE,Android
0085cbab-85c3-46a9-a8b5-fec035e40f1b,CL,2022-11-25T17:27:16.562Z,MOBILE,Android
0085cbab-85c3-46a9-a8b5-fec035e40f1b,HP,2022-11-25T17:36:40.562Z,MOBILE,Android
0085cbab-85c3-46a9-a8b5-fec035e40f1b,CL,2022-11-25T17:46:45.562Z,MOBILE,Android
0085cbab-85c3-46a9-a8b5-fec035e40f1b,CL,2022-11-25T18:07:09.562Z,MOBILE,Android
0085cbab-85c3-46a9-a8b5-fec035e40f1b,HP,2022-11-25T18:17:17.562Z,MOBILE,Android
0085cbab-85c3-46a9-a8b5-fec035e40f1b,HP,2022-11-25T18:37:19.562Z,MOBILE,Android
0085cbab-85c3-46a9-a8b5-fec035e40f1b,SER,2022-11-25T19:08:59.562Z,MOBILE,Android
0085cbab-85c3-46a9-a8b5-fec035e40f1b,HP,2022-11-25T19:19:32.562Z,MOBILE,Android
0085cbab-85c3-46a9-a8b5-fec035e40f1b,CL,2022-11-25T19:29:47.562Z,MOBILE,Android
0085cbab-85c3-46a9-a8b5-fec035e40f1b,SCR,2022-11-25T19:39:41.562Z,MOBILE,Android
0085cbab-85c3-46a9-a8b5-fec035e40f1b,SCR,2022-11-25T19:50:42.562Z,MOBILE,Android
0085cbab-85c3-46a9-a8b5-fec035e40f1b,VI,2022-11-25T13:50:54.562Z,MOBILE,Android
04e61db3-a836-46a6-a385-ce9d5edcba1c,HP,2023-03-12T08:50:04.562Z,MOBILE,Android
04e61db3-a836-46a6-a385-ce9d5edcba1c,ATC,2023-03-14T06:37:08.562Z,MOBILE,Android
04e61db3-a836-46a6-a385-ce9d5edcba1c,HP,2023-03-14T06:35:46.562Z,MOBILE,Android
c4f88080-fd9b-44b1-9c2e-c58e37dd9585,HP,2023-05-11T03:40:47.562Z,MOBILE,Android
c4f88080-fd9b-44b1-9c2e-c58e37dd9585,ATC,2023-05-11T09:01:16.562Z,MOBILE,Android
c4f88080-fd9b-44b1-9c2e-c58e37dd9585,AP,2023-05-11T14:18:39.562Z,MOBILE,Android
c4f88080-fd9b-44b1-9c2e-c58e37dd9585,CL,2023-05-11T08:57:23.562Z,MOBILE,Android
c4f88080-fd9b-44b1-9c2e-c58e37dd9585,CL,2023-05-11T14:15:24.562Z,MOBILE,Android
c4f88080-fd9b-44b1-9c2e-c58e37dd9585,HP,2023-05-11T19:32:27.562Z,MOBILE,Android
c4f88080-fd9b-44b1-9c2e-c58e37dd9585,SER,2023-05-12T00:51:07.562Z,MOBILE,Android
c4f88080-fd9b-44b1-9c2e-c58e37dd9585,HP,2023-05-12T06:05:38.562Z,MOBILE,Android
c4f88080-fd9b-44b1-9c2e-c58e37dd9585,CL,2023-05-12T11:25:05.562Z,MOBILE,Android
c4f88080-fd9b-44b1-9c2e-c58e37dd9585,SCR,2023-05-12T16:39:25.562Z,MOBILE,Android
c4f88080-fd9b-44b1-9c2e-c58e37dd9585,CL,2023-05-13T03:14:23.562Z,MOBILE,Android
c4f88080-fd9b-44b1-9c2e-c58e37dd9585,SER,2023-05-13T13:53:56.562Z,MOBILE,Android
c4f88080-fd9b-44b1-9c2e-c58e37dd9585,CL,2023-05-13T19:12:46.562Z,MOBILE,Android
c4f88080-fd9b-44b1-9c2e-c58e37dd9585,CL,2023-05-14T00:37:32.562Z,MOBILE,Android
c4f88080-fd9b-44b1-9c2e-c58e37dd9585,SER,2023-05-14T11:19:00.562Z,MOBILE,Android
c4f88080-fd9b-44b1-9c2e-c58e37dd9585,SCR,2023-05-14T16:40:23.562Z,MOBILE,Android
c4f88080-fd9b-44b1-9c2e-c58e37dd9585,SCR,2023-05-14T21:57:26.562Z,MOBILE,Android
c4f88080-fd9b-44b1-9c2e-c58e37dd9585,SER,2023-05-15T03:16:52.562Z,MOBILE,Android
c4f88080-fd9b-44b1-9c2e-c58e37dd9585,SER,2023-05-15T08:38:08.562Z,MOBILE,Android
c4f88080-fd9b-44b1-9c2e-c58e37dd9585,VI,2023-05-13T08:34:13.562Z,MOBILE,Android
c4f88080-fd9b-44b1-9c2e-c58e37dd9585,VI,2023-05-14T05:59:30.562Z,MOBILE,Android
e33197e6-451c-479d-93bd-3a1ce97c9e67,HP,2023-11-02T08:26:18.562Z,MOBILE,Android
e33197e6-451c-479d-93bd-3a1ce97c9e67,ATC,2023-11-02T10:52:03.562Z,MOBILE,Android
e33197e6-451c-479d-93bd-3a1ce97c9e67,AP,2023-11-02T13:16:14.562Z,MOBILE,Android
e33197e6-451c-479d-93bd-3a1ce97c9e67,CL,2023-11-02T10:54:08.562Z,MOBILE,Android
e33197e6-451c-479d-93bd-3a1ce97c9e67,SCR,2023-11-02T13:20:39.562Z,MOBILE,Android
e33197e6-451c-479d-93bd-3a1ce97c9e67,CL,2023-11-02T18:13:24.562Z,MOBILE,Android
e33197e6-451c-479d-93bd-3a1ce97c9e67,SCR,2023-11-02T20:39:09.562Z,MOBILE,Android
e33197e6-451c-479d-93bd-3a1ce97c9e67,HP,2023-11-03T19:30:34.562Z,MOBILE,Android
e33197e6-451c-479d-93bd-3a1ce97c9e67,SCR,2023-11-05T02:44:26.562Z,MOBILE,Android
e33197e6-451c-479d-93bd-3a1ce97c9e67,SER,2023-11-06T09:52:35.562Z,MOBILE,Android
e33197e6-451c-479d-93bd-3a1ce97c9e67,CL,2023-11-07T01:34:12.562Z,MOBILE,Android
e33197e6-451c-479d-93bd-3a1ce97c9e67,SCR,2023-11-07T17:10:36.562Z,MOBILE,Android
e33197e6-451c-479d-93bd-3a1ce97c9e67,CL,2023-11-08T08:48:25.562Z,MOBILE,Android
e33197e6-451c-479d-93bd-3a1ce97c9e67,HP,2023-11-09T16:08:18.562Z,MOBILE,Android
e33197e6-451c-479d-93bd-3a1ce97c9e67,HP,2023-11-10T07:41:13.562Z,MOBILE,Android
e33197e6-451c-479d-93bd-3a1ce97c9e67,SCR,2023-11-11T15:03:15.562Z,MOBILE,Android
e33197e6-451c-479d-93bd-3a1ce97c9e67,CL,2023-11-12T06:38:15.562Z,MOBILE,Android
e33197e6-451c-479d-93bd-3a1ce97c9e67,SCR,2023-11-12T22:14:00.562Z,MOBILE,Android
e33197e6-451c-479d-93bd-3a1ce97c9e67,HP,2023-11-14T21:15:01.562Z,MOBILE,Android
e33197e6-451c-479d-93bd-3a1ce97c9e67,SCR,2023-11-15T12:57:34.562Z,MOBILE,Android
e33197e6-451c-479d-93bd-3a1ce97c9e67,VI,2023-11-05T18:18:05.562Z,MOBILE,Android
e33197e6-451c-479d-93bd-3a1ce97c9e67,VI,2023-11-09T00:26:54.562Z,MOBILE,Android
e33197e6-451c-479d-93bd-3a1ce97c9e67,VI,2023-11-10T23:27:11.562Z,MOBILE,Android
e33197e6-451c-479d-93bd-3a1ce97c9e67,VI,2023-11-13T13:51:32.562Z,MOBILE,Android
9a4192e5-ff4a-491f-b5eb-3fe4a2d29551,HP,2021-10-22T06:51:22.101Z,MOBILE,iOS
9a4192e5-ff4a-491f-b5eb-3fe4a2d29551,ATC,2021-10-22T16:06:19.101Z,MOBILE,iOS
9a4192e5-ff4a-491f-b5eb-3fe4a2d29551,AP,2021-10-23T01:16:06.101Z,MOBILE,iOS
9a4192e5-ff4a-491f-b5eb-3fe4a2d29551,SER,2021-10-23T01:02:02.101Z,MOBILE,iOS
9a4192e5-ff4a-491f-b5eb-3fe4a2d29551,SER,2021-10-23T10:13:33.101Z,MOBILE,iOS
9a4192e5-ff4a-491f-b5eb-3fe4a2d29551,CL,2021-10-23T19:20:39.101Z,MOBILE,iOS
9a4192e5-ff4a-491f-b5eb-3fe4a2d29551,CL,2021-10-24T04:27:56.101Z,MOBILE,iOS
9a4192e5-ff4a-491f-b5eb-3fe4a2d29551,VI,2021-10-24T13:40:16.101Z,MOBILE,iOS
9a4192e5-ff4a-491f-b5eb-3fe4a2d29551,VI,2021-10-24T22:46:33.101Z,MOBILE,iOS
5078b180-fbd5-43e9-b4cb-29921314eeab,HP,2023-06-07T18:01:52.101Z,MOBILE,iOS
5078b180-fbd5-43e9-b4cb-29921314eeab,ATC,2023-06-08T02:15:41.101Z,MOBILE,iOS
5078b180-fbd5-43e9-b4cb-29921314eeab,SER,2023-06-08T19:07:20.101Z,MOBILE,iOS
5078b180-fbd5-43e9-b4cb-29921314eeab,SER,2023-06-09T11:50:27.101Z,MOBILE,iOS
5078b180-fbd5-43e9-b4cb-29921314eeab,ATC,2023-06-10T04:18:54.101Z,MOBILE,iOS
5078b180-fbd5-43e9-b4cb-29921314eeab,SCR,2023-06-10T12:36:21.101Z,MOBILE,iOS
5078b180-fbd5-43e9-b4cb-29921314eeab,ATC,2023-06-10T20:55:50.101Z,MOBILE,iOS
96c5fab0-6b25-4658-a89f-a9d86390caed,HP,2023-09-09T01:29:35.101Z,MOBILE,iOS
96c5fab0-6b25-4658-a89f-a9d86390caed,ATC,2023-09-11T10:17:06.101Z,MOBILE,iOS
96c5fab0-6b25-4658-a89f-a9d86390caed,SER,2023-09-11T10:31:41.101Z,MOBILE,iOS
5078b180-fbd5-43e9-b4cb-29921314eeab,VI,2023-06-08T02:21:17.101Z,MOBILE,iOS
5078b180-fbd5-43e9-b4cb-29921314eeab,VI,2023-06-08T10:46:18.101Z,MOBILE,iOS
5078b180-fbd5-43e9-b4cb-29921314eeab,VI,2023-06-09T03:32:04.101Z,MOBILE,iOS
5078b180-fbd5-43e9-b4cb-29921314eeab,VI,2023-06-09T20:06:22.101Z,MOBILE,iOS
96c5fab0-6b25-4658-a89f-a9d86390caed,VI,2023-09-13T19:32:30.101Z,MOBILE,iOS
3c5c47f6-b0b0-4d9a-a70f-bfffde2e3324,HP,2020-07-21T10:59:43.653Z,MOBILE,Android
3c5c47f6-b0b0-4d9a-a70f-bfffde2e3324,ATC,2020-07-24T15:33:32.653Z,MOBILE,Android
3c5c47f6-b0b0-4d9a-a70f-bfffde2e3324,AP,2020-07-27T20:10:41.653Z,MOBILE,Android
3c5c47f6-b0b0-4d9a-a70f-bfffde2e3324,CL,2020-07-24T15:27:54.653Z,MOBILE,Android
a0808e96-a03c-4d73-83a2-a9c5924c8f77,HP,2022-10-11T06:56:25.653Z,MOBILE,Android
a0808e96-a03c-4d73-83a2-a9c5924c8f77,ATC,2022-10-17T17:15:10.653Z,MOBILE,Android
a0808e96-a03c-4d73-83a2-a9c5924c8f77,ATC,2022-10-17T17:26:06.653Z,MOBILE,Android
ff3a8d0a-e13d-40f5-b75a-f36e154719e5,HP,2023-01-14T10:45:16.518Z,MOBILE,Android
ff3a8d0a-e13d-40f5-b75a-f36e154719e5,ATC,2023-01-14T11:39:21.518Z,MOBILE,Android
ff3a8d0a-e13d-40f5-b75a-f36e154719e5,AP,2023-01-14T12:33:49.518Z,MOBILE,Android
ff3a8d0a-e13d-40f5-b75a-f36e154719e5,SCR,2023-01-14T12:31:09.518Z,MOBILE,Android
ff3a8d0a-e13d-40f5-b75a-f36e154719e5,ATC,2023-01-14T14:20:13.518Z,MOBILE,Android
ff3a8d0a-e13d-40f5-b75a-f36e154719e5,SCR,2023-01-14T15:15:24.518Z,MOBILE,Android
