session_id,customer_id
3abaa6ce-e320-4e51-9469-d9f3fa328e86,5868
2ee5ead1-f13e-4759-92df-7ff48475e970,4774
93325fb6-eb00-4268-bb0e-6471795a0ad0,4774
bcad5a61-1b67-448d-8ff4-781d67bc56e4,4774
df1042ab-13e6-4072-b9d2-64a81974c51a,4774
7fa0b583-6d30-40bc-8b61-0f70f5bef30f,4774
e140f1f1-6da1-42b3-b2d1-56ac6fc72d4a,4774
e7eff973-b499-4b8d-9892-89e67e5fd7d4,4774
0d20c278-e082-4f28-9afe-8b5907d7a284,4774
f5352cdc-0e3c-4e77-af42-645501dcded4,4774
ad43dd86-0da4-44ec-af00-0cb8d320793b,4774
8071b7c5-0c54-4eac-a265-a50e5908b3d3,4774
7a134594-54ed-447a-a87d-a67bea47e109,4774
b440b87a-c328-4b8d-b6eb-1b3aa8c836b3,4774
42e91872-d1d5-44a5-925f-8532cee92d37,4774
3837b92e-e638-498c-b29b-2dc349da8a13,4774
36e1c9a4-b10c-4815-aec7-261366394bfc,4774
e1a22441-74b7-409a-87eb-85b3192e5bed,4774
31dc3335-0759-428f-963a-80b8684c1fe5,4774
5fc7f66d-d6d5-4245-9b05-72f39ae75640,4774
8f3c25e3-6529-469f-9b47-2acac609d93a,4774
57b6d108-9ec4-48ef-8d66-cdd17c4942ba,4774
e8665111-3196-4edf-9a30-d1f2a4945b41,4774
a4ad7fb7-6a09-450b-aa8d-97e28c0cda20,4774
b0ab036c-5c29-417b-9c2e-1a41d872028a,4774
b2fb0889-6e08-4bc5-b6ba-2ac71d1b3145,4774
ced773bd-a755-4e23-a1ab-4a96ef9c75e1,4774
e3bc7255-d3ad-4be9-98f4-f60efcc6f840,4774
5d3d5de2-3a5a-42e9-8f8c-512346a4c031,4774
514d9158-5020-4dd9-8ca0-22097c600b78,4774
7e644152-6798-4511-8c27-0648ebff6e17,4774
1688279e-d03f-466a-a20e-57846de4c179,4774
461f30b0-d42a-4c82-9738-6a5b1ef1b1e7,58191
39684234-b066-42cc-beba-4500294feed0,58191
b66948fe-68c7-4a19-9af7-4faebff2546b,58191
056d800b-527c-475a-9d6d-096a63e7a436,58191
b3c7c3ee-e705-4879-b087-30a88748ac8c,58191
e12f44c5-dd96-48c5-83eb-e48a82322239,58191
e212cb5b-db4b-4c7d-8a6f-6ef7b70c2e19,58191
f24385da-214e-47e5-8848-c3713b483d4b,58191
3e2f92c2-00dd-47cb-b3f3-a19580fd7bc1,58191
0eceae94-46aa-4da5-8f5a-b97d98924edd,58191
2554f002-4df2-4d19-95e1-5521c50e6129,58191
3de3bfe1-8da5-4117-bfab-7848fa274e2c,58191
e1fee9a7-94b6-480c-b52c-d7ea4079c05c,58191
587b926b-b346-4263-9925-0bb47a9d2acc,58191
a680f1f6-1781-4b8e-8836-54bafdae34bc,58191
c6856eec-ae40-4980-b5c2-8a1fae499d1e,58191
c0ca7a8c-51e4-49d6-b927-e7f193bb2001,58191
0ffeb398-3698-4d87-950b-8330f3edf1e7,58191
1f8bd098-4355-4e09-8e1a-a72b028661a5,58191
773a6d3d-9be7-48e4-8910-5311eccc4b21,58191
0668169e-cd91-4ebe-9c2d-6d2b23a7d828,58191
b06bc20a-7847-46de-bd05-314b583d4015,58191
8bf299f1-acae-447c-8ddf-b8d40449a0c8,58191
1d23cebb-93f9-480c-9c62-98c6cfea7fae,58191
b81c693a-3fb7-463f-b5f6-18817c00031a,58191
2171a6e0-f315-4bdc-b96f-b03fa98d1108,58191
f389bf05-5e36-4211-9888-41107b90b97c,58191
59380c93-535b-4c23-94f4-f9e6d615f842,58191
435f76b8-f617-47ab-a633-74a4055e7d53,58191
9506e75f-6487-46f9-bb02-c6cff0ccfd5f,58191
1d652d50-f086-4555-9552-06d58f7636fa,58191
172ab5bc-613d-44fa-bcd5-f88fa7b4bbd4,58191
31983f51-2f12-4c88-a739-5ffe84cc5ef6,58191
e603883d-18c3-4cc3-b45e-0c0c95e31c22,58191
e1cf0910-878c-470e-9c53-d60605c41485,58191
4907a13f-743b-4d94-9701-7bf36118c9d4,58191
ee0f7daf-a60e-445b-9104-eb122aacb7b3,58191
38806908-52a6-4814-b108-98de2033cb62,58191
2a00163a-1bee-4a81-bd2f-6debbfe6fd3e,58191
9dd175cd-9db0-45fe-ab0e-87c0f859ef9f,58191
89d0ad21-82d1-4d41-b8d2-0ffe07a0d71d,58191
347833b5-f8a4-4bf4-8348-1539491701f5,58191
8d35e4af-ab63-4a74-983c-af88f1a85152,58191
4339d15a-99f1-4292-9ff4-6fa0981c81e9,58191
f3c65b72-6294-4a0a-80c1-1a311d39de70,58191
33446bd1-30e9-46d0-b297-59c36d9df0b5,58191
c6a18a7a-5d27-4591-badf-50313180714a,58191
52fb3b41-f7d0-4112-b5eb-98ef7e513773,58191
2958e5d4-f068-423f-8c99-33b715fd1dcb,58191
f9f764f0-1b71-436f-946e-ace83161fdb7,58191
ee75028a-0494-4100-8937-eba904bf74ae,58191
7262bda0-57c2-4610-8aa1-149362f44a73,58191
64646a68-d6d1-4513-a6ac-3118742a9d39,58191
f2a5d8f9-9570-4f33-b799-271f8f36e913,58191
7728d85f-b913-4b7d-b3d2-523b06679ce6,58191
366ef2fa-b602-4c8c-aa83-fcfe78d8a3b9,58191
df8717be-1f55-4aa3-94b7-6c579d03e130,58191
7c03aa8d-7563-4d1b-a9d8-0d41a64eef93,58191
1550d8a6-fa45-4b94-946c-af888dc6e422,58191
8a476c1e-b985-4433-9c8b-f12f55788feb,58191
c960a6b8-011d-4419-935b-35e98370a3a2,58191
b5f365b5-ff1f-4688-a84b-552ae4109ff9,58191
4fb494cc-4c08-4134-9849-eb9485a6b20e,58191
7cd77b68-0959-461e-9143-29ca5aeda70e,58191
392d5bfd-4bde-46f9-9e51-2080d08bc7a5,58191
c9280bfe-ecd3-43b4-8d19-c4cdef79b92c,58191
569f9e55-3844-4a06-a990-36eac29a6db0,58191
a6c895a9-76a1-4281-934b-382d6ff174e8,58191
d4e9c0e2-5c36-4428-8ac0-997a60008152,58191
f2d56994-ceea-4fea-af5c-803466d8580e,58191
a41757e4-7211-4bc3-88f2-feeebe5a46d7,58191
47223013-f16a-410c-a402-8eafbda3eae5,58191
71686ba5-fb13-4053-b7dc-c9a9f64a2a2f,58191
47e511ba-be64-43e8-a102-b08709b14c4b,58191
693a57c0-7102-4612-bc16-2b5726be9513,58191
f97334ad-f046-422a-9c69-a4b25c99a087,58191
541f48ac-1306-4f0f-996d-bd3ce2b0f019,58191
60ba618a-7cc6-40e1-b9f7-63d6e2d2d58f,58191
9af40f8b-7ce9-43dc-80d0-0a9dfdfc4ff9,58191
a685961c-474f-4c46-8d7b-9545819eece2,58191
5f42918e-b3a7-432c-b31b-01708be78a63,58191
eac9444c-0a9a-4c88-bd42-6e8c0559de94,58191
361133ee-9f5b-487f-a939-eeda8dd64e74,58191
6e2edab1-4580-452f-9470-21b43702c8ae,58191
6240caad-6a41-4cf5-bcff-90df3090fabe,58191
ef1e0fe1-ad41-4d19-976e-cc12a7729902,58191
33a331bc-5ee1-4c3f-812c-e3fb04237f1d,58191
043c5f7b-3502-49f0-a4bd-18cd3bd2ca69,58191
92edf136-6a4a-4c3b-a0a6-64e083ce23ef,58191
9fcd6105-c0a0-4f99-a1b4-2ba0116ab874,58191
3f8cd140-ede8-4030-98f1-a736737213bb,58191
e543170d-771a-4445-a4cd-aa92467280c0,58191
2757fe32-789e-461d-a00f-9376d7fac542,58191
da2d7757-ef86-4032-9a0f-84797e5c2dc8,58191
0563b55a-a859-45a3-920a-2a60cea60a32,58191
488c9d1c-4fb4-4a42-b08d-1eb7f461e7d8,58191
da19c53e-6ccf-40d9-bfe1-5bb1aea42680,58191
01c6ed30-f2be-461e-875c-9273a732654a,81104
3684c0f2-299a-4fe6-b037-ac20d8cbe236,47040
7b7f1afb-ebd8-4f38-87bd-a13813b51560,47040
49eebd0a-dbc3-4755-a343-08d8a138c595,47040
47663670-3fe2-49dd-af3e-54458c3a3669,11016
acd7831f-51a6-4793-be62-430158b30614,11016
9c5226c2-be72-4989-9997-4aea767f5142,24915
6de60e60-d84c-4c0b-8f84-bcee14916aa9,24915
f9e0d81a-c6c6-4c4f-8674-b270ec83060d,24915
2b492781-faf4-4a5f-b68d-f58da343888e,24915
97e8408f-1f15-4b5b-8b97-1d2332cbb37c,24915
4c865d18-e341-4a51-aa41-fb9d19f39981,76966
cec4f7db-f909-460b-8bdf-346b05f19d69,76966
6a50182a-652b-492d-b841-e8c72039db99,76966
1ef2cec7-1d57-4693-9604-1c22d118b28c,76966
4269d3c9-4c13-46f7-a1c9-fb25e0e67858,76966
8286dd63-271b-412d-afd7-37e397a911ee,76966
3aae8c0e-52ad-4539-853e-7d3449396d51,76966
c761a09e-3f22-44d0-bac3-7a76728833ca,76966
4ecd28ad-45ee-4c89-a67d-351672c33821,76966
a66e2610-0aa4-44b0-8e6a-1056cb4eb8ad,76966
033451c0-6bbb-4a6f-a175-6162fe839da4,76966
8dda05c2-8186-4699-b270-80ff224d4c75,76966
447b7451-a903-4bf7-a8b7-9ec8428b6f3c,76966
93d1356c-c3d5-42ec-b09c-df289053d6f8,76966
41f37011-e53d-4d52-834a-3fc71f48ce38,76966
35dbac5c-335d-4d59-b570-1e792bc77a76,76966
0d68a2c1-3bb9-4ecf-9816-00aa9fde244e,76966
3f08f448-323d-4525-bcb6-b6231c081aee,76966
0d27f71c-ce2e-4b27-aeb4-154638ee27b1,76966
f29f16e2-b13c-4c99-bd0c-9e7556efa7da,76966
90bfcc7b-14cc-4299-ab0b-497f2617856a,76966
6d42a8e1-fe7b-4020-9025-58d072938285,76966
3e0c3f55-139b-415b-b826-8c45ce2d3b0f,76966
52763cdc-f4ac-49dc-ad31-986ef6c55c95,76966
d2ed4539-cd54-4136-891f-ff4a97c42014,76966
5282106e-d430-4996-943b-bc7965d6031b,76966
806f16fd-5ec7-4a6f-b7dc-2658bcafe0a4,76966
4c36b626-e3c1-43ab-8eef-60a4c2397350,76966
63519787-bf5e-4886-b5c2-bd51e56a331e,76966
82238308-5b89-4222-a0b5-1c1c7c395bc9,76966
692dc2e5-8173-4611-aa8f-3f42cb8fce2c,76966
493fd3df-f395-46d1-828c-e3d1984dd276,76966
0c636a4d-d260-407d-b008-de17ba8fc12a,76966
da225a71-544c-43cf-9b86-e2afd8490020,76966
c98f8d9c-da3c-4c5f-baef-19b7e2af3d45,76966
8f0ec8ef-04b4-4ad1-98bb-be771568aa26,76966
6a2be42e-4592-457b-88bc-07e94ed3866f,76966
fad0b6a0-ee48-435a-8513-61c2e1ae1453,76966
59d0e1ed-4025-4816-8ffa-09df424c9d30,76966
fe7544f7-cce5-43b5-85a5-ee0795d6434e,76966
e3a7eb28-5776-4f1c-b853-462c42ad5660,76966
89c70c50-6fb1-4fc9-af6c-28ad290c95a7,76966
544cfd0e-25ae-4d67-aa48-f34bc6b5b62c,76966
5271f9f9-f9de-49b6-8334-9e30762e8a77,76966
998b27b7-a4c5-4dc5-9cae-d5e61662dfc6,76966
ef8a0721-f857-4aa5-9745-7af5d1fb583b,76966
3849f1fe-b87c-4480-bf81-f6c51a12c4ab,76966
082f6e45-92b6-4279-a72b-ccd8ccad19d3,76966
0161085a-16de-495e-9ceb-7c4ca79b8be9,76966
bba3a8de-8081-4d38-96f3-26243eaf017c,76966
60067c47-ba62-485e-9963-f920f7b92cb4,76966
e347a398-323f-4955-9d14-19a949c55947,76966
2f0c73d0-e494-4c04-a579-5481db26d9e9,76966
449978de-e4b1-4f41-a93a-a186798fd9a0,76966
4c6d6c1a-9922-48dc-8d8e-de5c74327be3,76966
cde933a9-9908-4cc8-b307-bab2af5af920,76966
bfd13437-963d-4c37-8acf-05eb2c6bdacf,76966
ef7403b7-e455-40a0-ad53-ad90e28b35a7,76966
58acfc48-8e2b-4b97-9673-db738655e209,76966
eab17820-cf57-42c6-a43d-39263a04d32f,76966
624c1abc-8dcb-458c-a583-b129bfb8fb8e,76966
dc90923d-b7a7-44a4-afc1-f8811d9f25a4,76966
b294fcf0-f9df-43c8-95e2-ab702543f4eb,76966
e12c5356-b21b-4099-ada5-0c6285eb6595,76966
5a649e94-f8bf-4f89-af1c-c5cebb3135b0,76966
74d16e7c-61ac-4118-841a-fb97bc6fcf99,76966
259ef08b-b488-4380-80f1-00edfd23efdb,76966
985607be-65ac-416e-b1cc-91afef525955,76966
2e68b624-a4a1-40fe-9567-205767113fad,76966
2b7dee07-54f7-4d50-9b1b-fdb66b77aa86,76966
c8b82e74-e486-4a85-ba21-f264bbdd6e71,76966
3ad0ebac-5fce-4751-a5a4-2f9bd1db9e5d,76966
f1274c48-1551-4a8c-b138-b4470823718d,76966
0a23e661-437a-4e11-b7c1-e1a7eb34d4be,76966
c7cb4297-db41-4b42-a3f6-9697583475cf,76966
13a59572-91fb-4bc6-b507-085f802a2988,76966
420da448-ab8a-42ba-a3b1-e19345c44c11,76966
1d736f5a-81bf-4304-8260-c45c88070578,76966
af548b68-6045-4461-a330-6148bbb82440,76966
58d653b7-76e5-4a42-abeb-742c49fd2910,76966
afe8ceb3-d21b-4464-834d-7ae757e54df8,76966
5e050084-d9e1-41af-9edb-dceddb47ed6a,76966
9474a839-b3a0-41c0-bb0f-e20377da2dd2,76966
ce499d77-0326-4cbd-b4bf-c1f3e10f36ef,76966
0c2a9420-1d6c-45b7-99ea-14026ae5159e,76966
563f4aa4-7a1e-44e3-afec-dc60dbc2fdea,76966
801622ea-a7ec-4768-b732-1f23d384084a,76966
0decc873-3a8a-43c3-a0b6-3d9627886bb5,76966
0290608a-70cb-407f-b8e6-e26eeb2205d0,76966
4f7a7c72-224e-46b2-9414-630624f2be21,76966
c7ea62e3-bb18-485d-b2f1-ad942f9075bd,76966
09b9dac6-cb82-4d65-a3c0-9fb01d06b001,76966
b768c87c-a024-4566-8f61-46ac3ccdc552,76966
82e23d07-f8c5-4284-8fa4-a49e7c5e87d7,76966
cfb26617-dcb5-495d-8bca-c7b3f682db92,76966
8379f4b1-f552-4c9d-a598-32abbff683ff,76966
e95d9230-c317-4b5f-a947-c539682683bd,76966
1f10ea60-715e-4598-8b5f-35b1e6c4097d,76966
28cffaf5-d9da-4e73-8197-db32e1e284ca,76966
7ae751c9-af24-47e8-ab94-7519cee6a474,76966
420f9826-d0ec-4bb7-9638-e69004867281,76966
63406f02-ddfb-4816-a77f-efdd494b8abe,76966
4052d1fe-c8be-478d-873c-f39f1bceb0a7,56690
9422a116-c5d9-45d0-beb8-556cf2945b8d,56690
1d9512bf-e02f-45db-8a26-cd64ebe0cf96,56690
20a74402-4fe6-4e38-9ab6-246a0fb6946f,56690
188a6d1f-c739-4679-a3bf-c11e6d105eda,56690
8f9314bf-d41c-4e80-b2fd-e10d232a37d2,56690
e90f9c4b-3b2d-46ad-bc9f-3279f83eba42,56690
05a8328b-129e-4ab1-989e-461dca0e854f,56690
8bf6cdb7-57cf-47bd-8486-6375bfbc9bed,56690
6e712878-052c-4f41-b682-8cc90e7e1e5a,56690
f04d3342-af52-4955-b73b-258a63cfcd41,56690
2c1529e5-216a-4afa-a980-f860b2269899,56690
e5c2a8f7-c96b-4f7d-a60d-0b532e18667e,56690
187e34cb-51a2-47fb-8e4c-e7001017e19f,56690
4490f604-d961-4745-89d4-ee24bf8f086f,56690
25cc5001-2396-4690-ac08-ee8f564bab31,56690
69c1d3e7-1e08-45f5-a3d5-e4da47c46f7e,56690
09bc3c90-164f-466b-8131-ece043e519a7,38579
cf25ab30-5f48-4eb6-8ad2-1c1b4a18c167,38579
06a86314-4eb0-4cb1-8cbe-c2d77f4042ce,38579
c2f21a7a-38cb-40e1-8157-ca66315c6f6c,38579
10090af1-d9ba-41b8-97c3-5331d8fd2e11,13813
d86b4a72-436c-4a15-ad27-5caf6ee2e212,13813
b4472b7b-1a5a-44d3-bafe-20de526e4b47,13813
b60c7fc9-91db-48d6-9ff4-0e799b72dfcb,13813
4e411977-15d8-44da-aa5a-c93c22d4e850,13813
736ddd4b-6d47-41b2-9789-4632d9b18dd2,13813
7a0c4a25-89dc-4801-838d-396722dc548a,13813
7e599062-f014-4d63-b017-cccd6b1d8e6b,13813
ab0f1ec9-cd68-46ce-9daa-268b493e0a44,13813
702cf921-a91c-4ab4-bc32-2e03b64d59ee,13813
e1abb588-ce57-4861-953e-f5af8afa5517,13813
de9a6915-a03d-47f6-b182-aa12044a54f6,13813
802f6a12-909c-4483-823d-bd6c9c23344c,13813
24b99d9e-0f67-4359-bba4-00fecdc171ea,61309
37a3e9c0-71b6-4612-b857-a84d79f19eb3,61309
aac2292c-f3b8-4279-91a0-7c579b461fe8,61309
bb1a0861-7a41-47fa-91c4-9d856e395797,61309
345d7d21-3b64-41db-bd52-16108b259457,61309
e4a11528-b86e-448b-bd94-7a097f238dba,61309
2fc2a20d-3038-42ba-a556-04383449672d,22811
ed375360-caf3-4ca0-95bc-cda2523c794e,22811
444d5e49-699c-4e67-8fe8-047aa9561add,22811
293c2594-5ad3-40ce-9d77-fd77d38be603,22811
c534837d-77ed-464d-b2ea-d6ad6a35da99,22811
75ed9772-92fe-4982-9c98-08d4f9384de8,22811
5ec0ff20-6560-4855-983f-a13d85286326,22811
40993265-50cb-4609-ae14-a401ae24cdaa,22811
0697ee20-6e32-4295-b7ef-1eb5ac700912,22811
ef1addd4-ff67-4564-bd9a-085167c8c32e,22811
2129f65a-c275-4d45-9d1e-93239f05addf,22811
6ddc9f05-e4b4-4864-8c71-701e11d282a4,22811
54d94baf-abc3-4f9f-9791-922e2b6f2b45,22811
5a0b5929-5645-4bf4-a1e5-a750ef8690a8,22811
24f0c8ec-3ffc-4001-be2d-bacfe44cca42,22811
68a01dda-8a6f-4947-aeee-7f0593f30d70,22811
05c865c3-a705-4233-b6ac-342ded913086,22811
405bbe42-dbac-436d-ab43-33ca13762e63,22811
544466bf-ae2b-4fa2-a854-018a1fa01a51,22811
4f04a6c4-91c2-44ca-9553-211c0e7126b9,22811
81b71647-1104-4886-ad1d-abed6afc3c7c,22811
3b3a2e5f-27ea-4001-a237-31b7cfcfd485,22811
f3e579d5-85c5-4e66-8680-3536d24f6203,22811
2e70d011-a5f3-453b-bd90-9823382b056c,22811
a3ad4782-318b-4163-a74f-ff2e92de5408,22811
09f70370-44f4-47a3-adb3-439db13ef6a9,22811
a399d745-f074-4056-ab65-6375fae14eed,22811
fca71cad-3e01-4d49-914e-8aacc0aa0336,22811
d82b7574-ddf2-41fd-b2de-44a791b50de1,22811
4919fd99-aafb-4988-8eae-b79ffd545b07,22811
85018627-2772-4fc9-a0b3-e792c8bdbb1e,22811
522cde01-e624-4686-8a5e-9e5f8553ac50,22811
d38f04e4-ad35-4db7-ba74-c11ac0a27667,22811
c6cd7e19-e3c8-4a41-af76-de3bfbc83216,22811
f9ea1e03-dbfd-4365-92cc-82d565e230bf,22811
4e617e1f-cb50-4fc1-9ddb-0dd7b849b293,22811
1a7da54a-c0ae-4802-a363-4e07c5691dc7,22811
f20be4ea-85ea-463e-97c5-df462d6d1c7a,21967
e9ab194a-75e1-4ff0-ae9d-08256671fef4,95962
b3d928dd-b3b2-4de0-857e-a665060f8d4d,95962
c2e3b2b2-ba59-4821-89c5-710f782b5542,95962
5a12f5da-9f07-4547-8922-4d9451fc3e61,95962
86216d22-9350-41d7-9b4e-aa2837a4e99c,95962
1e3825f4-f12e-4a81-aae3-86a9fc7aceff,95962
e772fdc8-e00d-4853-b6b6-7bad94ee3ce3,94499
dfd3d71f-74b8-4830-97e6-f148dd136a24,94499
b4af3adb-af3e-48fa-bef2-9eb85055cc41,94499
0b46b17e-7a41-4db9-8899-e278c7aef8cf,94499
78e861c4-2066-4fb7-b351-5ad872ea8f03,94499
789703ac-08e1-4446-9435-71d5869f8842,94499
0652e0b3-d89e-496e-8767-cea8a5f43cd9,94499
4fdf8f58-1d79-4735-8cf4-193631277e67,94499
bedb6865-0013-4291-a238-5203750c9bd8,94499
1e2f5f2b-fd70-40b4-9a73-6351a1f9d0f3,94499
5b8aedd6-e7b3-49b2-a460-306dabcb2da8,94499
dea97cd5-5752-4d01-b720-9255df942e78,94499
6fa43ce6-c117-46d9-bc2c-dda7e8b0c2d6,94499
dad2f6a5-b65d-44b4-8135-6c5c845f83b9,94499
4bf9ff48-300c-440d-a520-683cbf9bedb7,94499
0ff79b5e-6710-4e9c-9bc3-67ba9a551dc0,94499
b8ca4063-3742-446a-81c7-ccfb9f9f28a8,94499
2a13007c-c8d9-47fb-b73a-96dd641fbafe,94499
f7fe1217-19ce-4529-b7a2-0b45b6bef42f,94499
70013875-a010-4c3b-acb2-47e14bc2eba7,94499
39e8b7fa-2145-4dc4-bd32-46628a6694ac,94499
7c3efcb8-82c1-44aa-aa53-9a1f5d8fe702,94499
63ee0509-cd39-4255-aec9-57d3020ac0ee,94499
3995869c-19a0-4055-a45f-dc291a9888fa,94499
d924bcd6-2705-4df0-8933-350c220c47d3,94499
cee7c82b-c0a7-4c12-88a4-282d63c8326e,94499
bf6336f1-6ae9-4c7f-b2ed-e025e4a805e7,94499
cab1a230-2034-451e-9ba9-46ac6fe4db28,94499
99786dc5-414b-440f-a222-3371279b658a,94499
349d4bc5-d7e6-49c6-9906-3e58ee78461b,94499
cadeadc7-a13c-4890-9423-32df7e781b94,94499
40b3e752-4297-4381-969b-d719c02781ca,94499
23b5226d-d15b-4595-a8b6-159e886eea48,94499
7460925f-af09-4f1d-9522-0feba1ee7d2b,94499
cace2205-1f1f-43d6-9aa7-33cdba6e23a2,94499
cff3e3bf-8c94-4eb6-9194-50c217434239,94499
abcabe4a-5693-4025-b04a-ece537d0cb00,94499
7470d29f-a63d-46f9-a3c4-96be9a13cf2a,94499
b80c1d9c-4002-4b4d-af45-7d2a52faa1fc,94499
0826b6f1-3b03-41d1-b387-d112a1b4a2b2,94499
d7e00545-b8ab-4e00-abc1-3edb1b6a3eef,94499
54a9e050-5819-403a-b159-a2bc1f4637d9,94499
8d312e22-ff80-4cc6-a344-6b97d391e15d,94499
7b512c03-ae25-4318-954b-f076deb62f31,94499
e5cfc975-1f26-4ec9-a0cc-8388b44f631b,94499
a9c14067-0eb0-4503-ad94-73b558b94efb,94499
9ceacc6c-4ff3-42ff-b8fd-5fd25415f72f,94499
39ceae07-e4f6-462e-be08-bb4b32806c70,94499
5e3a2106-081d-43c4-bb7a-1ea0acc476dd,94499
361ee5d1-0821-412e-8841-6494a7509b4c,94499
78c2e44a-86a9-4472-a450-3dffbf0b83f8,94499
0cbaf087-9cf2-489e-9f64-556e3bd89823,94499
9b20c130-5902-4ec1-a2b5-e02cd4d8dd3c,94499
60f7e741-6251-4b91-aba5-68d421513980,94499
fa296985-6edf-49d8-9398-b9ee23031e00,94499
420fe250-0315-4057-baf0-8df5ce3d61ed,94499
582a5cce-5090-49fe-ad18-bfcc52dc9d43,94499
30bcf6c6-efae-4fa4-bdeb-707a6f1fc496,94499
683dd776-a2e3-4033-aa19-a1a0c3a6e32c,94499
000b7b15-661b-4bde-941b-ef604efd6e93,94499
99936317-e5fc-4ee2-81ab-d92457b14e0b,94499
6ea86338-b78f-4117-b6bf-0c988bb00a13,94499
5f9a217c-8a29-4702-bd79-d2ba26b8b130,94499
00330f3d-b640-402d-b084-7fb04651c3f0,94499
b1ce78a5-4e64-4779-b44d-e3acb14bbf12,94499
1206cfef-6c27-4f6a-83db-dadbf9448a4f,94499
90aef060-3d50-40c9-a2a3-c29b4fa349ca,94499
c795df39-abac-48a3-b9a0-e19413c1c9e4,94499
6460f3df-f8a2-4b6b-923f-48c0dd0f7649,94499
642d455b-f411-4666-98e2-ca78dd78e95e,94499
d50c7a6a-e64e-4be6-95ee-9c6bc9796d02,94499
ae971632-75de-4bdc-b40b-c4a57ba42186,94499
26e11e2b-09e5-4495-8ac4-4fec2a872d71,94499
ace88553-3579-4f20-ad38-652f1306ea5a,94499
40e58a36-b87f-41f2-bfa0-cbc89bf4ae04,94499
71305826-fd4e-43a8-91fa-8f300ee646dc,94499
352fc8e3-fff5-41d0-9a1b-5bfc0f1357bc,94499
dc322207-b535-4b51-a574-f56f117769a0,94499
dec41a5b-fa0f-41dd-83f3-5b0582ca4df4,94499
926da54b-6508-4c26-a9ea-4a2e7b6099ed,94499
8b423929-9003-4d2d-b148-88cac51a05bf,94499
5a7e7e83-2fd9-4798-b919-6543358ae45d,94499
616b88be-5ab9-4af7-b8fb-38826f97cadd,94499
13f7a0c4-b85f-4e8a-b589-5367d3833a77,94499
b09ea128-a2cd-47e1-9555-aad9ce592f77,94499
60735e24-ced2-4786-8503-179126fdbd30,94499
dd0f940d-ec7d-473e-b396-38ebbec52a64,94499
ea4838f4-cd88-4d30-a99d-a8e23728872a,94499
0d13ab66-5eb5-4069-87bf-d158737cc5e9,94499
27f35a0f-436f-4e05-bc20-b51985a4dca8,94499
5d88d492-e3d6-4bb0-b25b-2efc653a465d,94499
5e34676d-b9c5-4c65-9fc9-a9a0541afa30,94499
ae5269cf-3b9c-421c-a3e1-6a7a891e5b71,94499
010fc3e7-8574-4dee-87a5-149442d7e3df,94499
ab999d8e-ffe8-44d6-9074-431353d30b2c,94499
a7a7c471-83ef-481f-9394-cd2fdd9dd3cd,94499
b7d4bb61-e065-43d4-acac-16cfe2d45410,94499
e4efc9b5-ef79-4ace-9a77-ce97a0e26e35,94499
6fc902e2-344d-46bb-8a9a-1e3d53ef0984,94499
db920b32-4730-4558-9bbe-e99e96395017,94499
d90b516a-0e93-428d-ac48-bbaec9d55ac0,94499
d3b06537-0c87-464d-a536-840b661be09c,94499
f71df99e-0755-4338-9775-8abc5dfb5b97,94499
923d15a9-0631-4238-a97a-815df67b67d7,94499
e21424c5-3402-4bd3-b909-da31f724d8b9,94499
1bff706d-96d3-4761-af38-5f9e987caea0,94499
c4b8b4a9-1361-43a6-8efe-6eb02dce69b3,94499
94bf2ede-d462-4220-95d7-a5ddd138ce89,94499
68189d50-6c55-4ad8-b64c-992e7ae77981,94499
ff71e028-baa1-4238-a808-9c1eaf85b3bc,94499
5bdf832e-d6d7-4b1d-9895-8a38c2c30bd7,94499
be1daa9f-c10f-4655-9cbc-32ceb2fb591c,94499
dd3e63f8-b2d8-4a6e-9602-d770eea66a1b,94499
c97fda0f-fc9f-4a18-aa44-017799095710,94499
62dca131-dd32-4cd8-b0d5-2793aac6ad74,94499
705fa597-78cb-4f72-a7fc-e8a3ea5dc6d6,94499
753332dc-c2ec-467e-abd7-176736bfc456,94499
e0abf574-a3d0-46a7-ad7e-f4619f290988,94499
b58b7a89-5ecc-4efe-be6b-01514c5f5996,94499
9a2d918b-a443-4009-81db-7b32f56da3ba,94499
16a49775-2839-446d-8969-f297669d71e3,94499
e1525e2d-d05e-4863-8c22-f3962b5e857f,94499
52665002-b67e-4b91-b8e6-93ee45a80260,98987
f1aa4b1f-ec0e-410f-9ef1-9dea9221d77e,98987
007f876f-6299-4bce-8529-4a2eeb49f0f9,10953
856a5a74-62fe-461b-a729-ddca6ba9f3f4,10953
5bdf6507-b3e7-4942-97fd-d3a72645f2bb,10953
7e241ace-d034-44cc-94cd-02cf0032a575,10953
e40db956-422f-41d9-b433-7dbc65428e7a,10953
7f40255d-3eb4-4ccb-8003-cd93fa57d030,10953
3b1c6cdf-390b-4e5b-bde6-64a15c6c32d7,10953
bfa2a1a0-b2b4-4dd4-8967-1d467afecd1c,10953
cc165dd9-5223-4068-8526-c8b59174d550,10953
2ce249e0-3c09-4639-bbb8-10346f48af8f,10953
a0b14d6f-64e4-4560-97f1-b01b4f9375d8,10953
db8a8cdc-d356-4fbd-971b-3c0d6a9b93dc,10953
e4ff8992-58f4-4cdb-9234-4ff459de2a66,10953
e0965019-98bd-4ff1-bc7b-ac46abed73b7,10953
d917c659-4798-4503-8d04-6ad4df903bc5,10953
f6b7d5d0-e52e-4458-b349-1fe69faf31e9,10953
d08f8774-e261-483f-8894-d7b2479475c2,10953
583161da-a5b7-4921-b51c-92f89819e836,10953
bb5f12d4-81be-43b9-b5e4-36bd3cfbfa49,10953
24e8552f-4cb7-4e5c-b86d-92c0ae234d06,10953
d797d59c-e051-4694-8a29-c98a76462724,10953
91828543-d81e-4a53-8012-c0cef7fb76a1,10953
6ad02ad8-b1cd-4533-bfc0-0fc8b30e7b75,10953
1990fb04-c08e-4e97-a4df-1b2e75beef64,10953
2e6b36f1-0f62-4f04-95f2-16838e6281b7,10953
f19c5d0c-e7cc-4c76-a7e3-8a1ca729be05,10953
c1338fc7-178d-4343-bdd5-ef06b0790196,84366
bb0fc790-63bb-4f6f-ae3b-0ef81400c5cd,84366
f43a87b9-16ec-41eb-b49f-68064cdf2fa5,84366
6d42e6fa-ea09-4747-a28a-9108bb4af453,84366
e2656efe-7b84-47a6-b488-01138448e250,84366
88507e83-3267-4500-a9ad-f37b005ed796,84366
b107b394-74cb-473b-9fb1-37166f242b97,84366
da6e1ee8-8476-4662-ab76-068dcb092fd8,84366
34f5b213-fe1e-4b19-8a46-008ba0ef9232,84366
a3861230-1d4d-4784-be66-a5178733614f,84366
b83862c6-e1d7-433b-a109-4965585ae4ad,84366
e14d8e05-b351-4fba-9331-940d67ed2ea8,84366
632eea97-4da5-423d-87a1-74d3b390cccf,84366
431dc291-2869-44d4-8fa8-1f0d40e531ad,84366
9032f07b-10f7-44ba-9b3a-77d9aad630ff,84366
967df2a9-63d6-43c8-867d-af3916822cfb,84366
34d92c3f-e8bf-471b-b8cc-7d92f1cbb4cd,84366
ebab0ee2-21d9-4f5e-8a1d-d145397f5fb4,84366
14244be3-884f-4acb-b34a-a7c7b8153b71,84366
e28a95eb-e681-4436-9294-a197bd57039d,84366
8dc4fa9b-5a96-4989-868a-c048cba61ccc,84366
f2dbdb99-f11f-4200-89eb-b167309f987f,84366
17f9d88b-c36f-4a6c-bb47-4b4b56c21b75,84366
496f3087-9da8-4d7e-8f23-abae38649ede,84366
67c442fe-f828-484a-bf90-b03856d3c107,84366
d4987035-8c11-4350-8c64-53ed3cd0e16b,84366
ade00b9f-c4d9-4931-b788-98bdd0bde14a,84366
09627b95-5139-45c0-a0c6-10b5f9cf80eb,84366
8b64e97e-8160-4349-8bda-f652a0e5a1a4,84366
eb1c35d6-390f-4024-9b8a-d0f7e495de1f,84366
63bce637-7b8c-4dd0-98c7-c55e36db68ef,84366
55965aab-2f2c-4ea6-9f17-4f87abcbf719,84366
76c3ae72-83ca-4f6a-9416-185f4c43168f,84366
06871931-7811-4cff-a48f-0dc731ef2fcb,84366
c5aa5803-7e1e-40da-addd-31d7ba3b9050,84366
88e34bf1-9bfe-4998-8be9-b5794f5d9ab3,84366
63ff2645-3c16-4c53-89fc-80193ec0dff8,84366
56fdc180-5360-492e-a8ae-b5bc1ab9687d,84366
171b1d92-a7e9-44bd-bfbf-d43d41da961b,84366
2c871756-72b0-4496-bf95-f6dcd442bb9e,84366
97961336-4341-4755-9fda-a10a26231ca4,84366
15f6f420-6871-4bdc-b01f-8e596258382d,84366
eee56687-e068-416f-ab41-04fd7f980127,84366
369ce449-9900-47b8-adb6-529a41d679ec,84366
6063bc6d-66cb-4022-804f-28a5d2defae6,84366
3ca05413-636b-4bf6-8d67-b5b16cb399f8,84366
9f961831-07f9-43d4-9fcf-a1aebae0dfac,84366
13fecbee-eb62-4265-b4ab-fd1c08b85689,84366
5ed4ed72-f2c3-4404-ae76-3ee66ec9e2ca,84366
11f55a37-01b0-4e5d-9fa9-e38d7c0df1a8,84366
265f173a-e9e5-4d92-bfb3-700eab82c5d8,84366
bea03ae9-1996-4567-a69f-d48e5d76ee5f,84366
29d22eac-b6ab-49bd-9a42-7a68b5a31a29,84366
df1fd6f2-4af4-4ae2-bc14-f27f09f464d0,84366
b26639b7-349f-4fb1-8ce8-aee6c5b93746,84366
f09a53da-f2e3-4414-b8f2-90058cf06a0e,84366
9c0679a8-c233-4060-857c-b6d0c757980f,84366
da4f05b2-b401-44ce-b322-4bb17182af0c,84366
6a723a9e-000e-4114-ac68-53a78a6102ea,84366
7ca2dba0-1e73-4cee-b4c9-9d69286f8c79,84366
9ab74e20-937c-4920-bfd7-1820c293cb79,84366
d1158395-17dd-4fa8-ab66-f174a4697f06,84366
c5443896-3614-4dae-a59d-186230104e48,84366
798de289-9748-49e4-82ea-a3a78343c4e3,84366
227c64d6-98a5-4c6f-a8b9-87167a1d54cf,84366
31c5e02f-cdd0-4c99-88f7-7b162dee4519,84366
9e0249f1-b5c0-4eb3-9444-c898964e9554,84366
df070c31-c4a4-43fa-bab8-dcd00f05774c,84366
7628658c-ca14-47a0-a326-d10ab7526596,84366
892456f0-af3c-4669-9aa1-1af9cf53511c,84366
825d700f-b2e2-4f57-94c4-250bbb15950f,84366
351e8ffc-9ac8-4852-90cc-b5a03fda6f57,84366
b2a5a054-af60-427e-a271-e06635aef0d4,84366
71f0a7b1-d5cd-4690-817b-c7d42ea7bdc9,84366
bb606d0c-88fa-4b8e-b85d-e986791ad616,84366
2e9d8bfb-b154-4710-8c25-a158539d9232,84366
0f48a6f0-04b5-43a8-905f-cf505109554e,84366
fc8ccb6f-e1d1-4435-87bb-14e276c0d440,84366
d225f2a6-7cb7-4b05-8718-4e5025f3f114,84366
21900ed7-81b2-4cfa-9fb3-0e2a18bb585f,84366
7465e9be-6f56-4552-a81b-01f7a9ee1079,84366
f6a392d9-46fe-4d7a-9b40-bca9e6b69a97,84366
5a79b418-401b-46cf-8fdf-1116ec407125,84366
a5826d35-f05d-4b18-897f-64e48492a19e,84366
3e9968fa-7ce3-4618-8b97-6bba3a2b649d,84366
471abcb9-bf77-4eb6-aecb-fbb32d227582,84366
7944174f-a565-4ecb-8a2a-7872f96d2e5c,84366
fba0c219-625e-4762-ac67-106212e67932,84366
7d973be5-0373-44e7-8c90-d8bb7bffb6d7,84366
7b35eba2-1519-43dc-80dc-b319ed2704af,84366
bc808e68-2bfe-4c22-8af2-8a8d4e8756d3,84366
e7cb9a54-b41f-4a97-9847-2e1fd1fe8392,84366
941dea60-a54f-4477-9cf9-2c63e84e5b0b,84366
8d69bac3-2776-4a2e-baab-e9f62dc8b429,84366
0fabc89c-8be4-4d24-ae79-aa480194a6e6,84366
1895eb69-6c61-45fe-8bc7-2f89663a02be,84366
e346eafc-1a1b-4880-9e7a-b6f3a13bf5ee,84366
352b5644-5bcc-4835-b66d-f7d27d3cca96,84366
056bd4d7-1a51-4866-aa1f-9c390741cad0,84366
71b7f6cd-b97f-4b86-9cbb-3ddff550060e,84366
24233cc9-1021-43ce-9030-47c3054d9403,84366
fe58cf44-6dbb-40bf-bb70-f7c667565431,84366
b015e21a-1f9f-4412-8e37-0b842be6683d,84366
b9e5862c-2454-4342-8f76-024830a92832,84366
3b7972d9-d009-433a-83d3-5eeef128c67b,84366
c04c393d-aab4-4648-af09-f89c936d658d,84366
66e4b02b-f721-4ac7-97b4-000b74cc5237,84366
e89db652-427e-469e-b745-41ad5bf1dcac,84366
cd4dc58b-bb09-427b-bfa1-79f506f771a7,84366
c8c4248a-f16c-4123-a7df-b04eb8276f3b,84366
531e9ce2-4bc6-4d0a-b69e-c00a63b22f5d,84366
d9bf7d1c-1455-40c0-bc15-88888b7cd667,84366
c7835656-3951-4509-9249-05a75b7386f6,84366
30a49d19-6219-483f-993e-b3cd669ec0c3,84366
e1a8253a-ba4a-4228-ae76-722b55c4fc8e,84366
39fa2ea7-0e55-49d2-a1e9-8b79e14a031b,84366
4c7746b9-c8d7-4148-9a05-ca52203117c7,84366
7d61ddb3-ac55-4cab-a89e-88792398ce0e,84366
9d15eede-9658-4ff5-b1b9-9393ed1691c0,84366
05b46a01-1fb0-4103-949d-5859217f179f,84366
b287aad6-eadf-40e4-aa92-dc9e41edab39,84366
c4278528-435f-4a31-9ee1-499a2f115094,84366
6feafcc7-554b-45e5-a7c9-990c4a85a6c8,84366
ddc97186-e483-4a2a-8623-b2a04a744610,84366
0dde71c9-5350-47a1-8084-45082444a62d,84366
cd13e3f8-f6ff-45a0-86dd-cbeb1cc69372,84366
1c5751f5-90d2-4b8c-b14c-146710bfe8e8,84366
ac6b9a59-f26e-42de-8b62-146e958c30bf,84366
e1b2b46f-92c9-402c-b0cf-749d648e4059,84366
411582ce-954a-45cd-b6e5-989225f170cc,84366
c79c99fd-6cca-4572-b22c-f7081d2d565f,84366
ce4bcc70-8173-4398-860a-6f758de78731,84366
23462ace-0910-483d-ac92-e15176e4c305,84366
cfc19545-47b7-4b73-9cab-cc8455ae9e8e,84366
3446a4e9-03d8-4bf5-a292-cb4c586a5018,84366
1dfb05fd-e710-442b-917e-4fd8f52a38ec,84366
fcb366ba-2c43-42c5-ad45-48b04953a43a,84366
2dc8ee18-f969-42b9-99d2-6099ddd109ac,84366
e21f92b0-0df4-4705-8240-3aacc734248d,84366
08c573f7-526d-4fa6-aa39-8761ab63d22b,84366
d2159f38-f7d1-4970-931a-0a90a6c008f2,84366
11ace8d4-8a2b-49a8-93bb-c69fa876742e,84366
0f5b7660-0a05-411f-9396-dcebccc7c856,84366
bf254ff5-630c-4ef5-bedb-f6a6d13bbc50,84366
f7e23d0c-0630-4d8d-b1ad-02932e39b057,84366
9ae6904f-7e36-4527-8c49-272040d9d728,84366
460683bb-9951-4eb3-a074-117f09462f9e,84366
61e89e11-e061-4fe5-84c5-c0715d7ee5a6,83846
69fcfa2b-a104-406d-b154-b0b726fd0483,83846
fe152745-4bba-49b1-af72-11ba1dbdd869,83846
2713f870-e20a-4706-a53c-51d4c540de87,83846
f9a9c278-bedc-47c5-ac41-a5e02bd6413d,83846
eee35a56-b7e6-45c2-823e-0432612e3c1e,83846
8f5091f5-710b-44ae-97be-6e252b863d16,83846
161be772-c059-4751-979b-3fa3fd65389d,83846
0d1437b1-0506-4079-9ca9-a485c4926aba,83846
cc497f64-54eb-4133-93a6-e5c3032a507d,83846
4e4cab18-7321-4cda-926a-cdcc1ddf51ce,83846
6066a616-008d-4688-a5a4-5c41ee611fda,83846
e4d9d9d1-e256-4886-bb26-c24370beb418,83846
d7f2acfa-986c-4a9a-a575-09ed4334d577,83846
32c0eecb-ade4-49e8-ad9b-b1c16e246d36,83846
f0d545b1-7e12-4fab-90ee-93add78ab6c8,83846
afde28d0-b035-417d-a49d-1af64c15fcbb,83846
19455efc-edd5-44fb-b4df-d1df556ee51f,83846
fab9a6f1-58f6-4fe1-abcd-43a177c44470,83846
e9ffa93b-dab1-48b6-8f08-2ddd67aafa22,83846
62a21a14-5393-43bc-bd2f-b0457c16154a,83846
e8691427-579b-4201-8270-b435fb1bfba4,83846
598c1c02-6fb9-48ae-bb96-1f05aca80b5e,83846
e2bf78c3-7345-4ee0-bbd9-8f46f311ca28,83846
c7857330-6524-4c5c-895d-d638d051afc9,83846
57bf7248-43dc-4bd9-923d-daa2fae00ab2,83846
ff96283e-ec0f-45d5-9a9f-f6b2813cdc05,83846
1af67700-ce25-4631-952d-674a96d77438,83846
a6b9333b-a7f3-4ed9-8f4b-eb5dc0263572,83846
ad724fe5-5e90-4407-87f8-7f08c969f136,83846
85e71cec-3f57-4785-b264-d0fb30307772,83846
50512ff4-2ccc-4e6b-8b01-055b06ada319,83846
d51fe83c-df5b-47fb-8051-7e9994feac0d,83846
92b0a61c-4f6f-49ae-b177-fa92da0c9e17,83846
6a5ba3aa-dbfa-4033-838d-81f5e4631c0b,83846
e7301da1-1bb7-478f-8dfc-513f42ce77ca,83846
331020ca-0edb-48b3-8e8e-29a577cae4ad,83846
80523d9c-a3d4-47dc-a4d1-877460f040c4,83846
1ef9acd6-5901-44b2-98c7-e7ca5e9cd13c,83846
931ff471-ecf5-4d25-a0a9-59a8b99a7c9c,83846
d50ec758-c7f5-4298-9e85-61167d3a44ee,55082
98e1965d-160f-42dd-8528-bbbcefb03bdc,55082
2045effc-d457-4169-a05b-87450e19bff4,55082
e84a987f-4176-4846-bfa8-655da8050753,55082
9e300043-f360-4f8a-9715-fd2c6973f4cd,89630
2fe5b954-377f-43e2-8fd5-1a492be92e3c,89630
f260dc4b-390c-4cf6-94ac-595c73715787,65599
85f726ec-df26-4109-8795-55a2be3a3511,65599
3a6146bf-2c34-4a54-885c-127045f29813,65599
5045a177-59ec-4aa9-bfbf-e448aea24cb0,65599
1204d728-78ca-4dc5-898e-f723d98530d6,65599
330493c6-3be5-4bd3-9c9d-43be25ccd074,65599
fa278fa3-2d62-4c52-a7cb-d853b0577cad,65599
c08dc2a1-d74b-4a8a-81f3-78080cc1dba7,65599
f5abbd6b-9799-43e5-9105-56e8afb2cb1a,65599
dff97ac5-9125-48d0-a48c-1e5678262543,65599
1fe1726f-dde8-46a8-92d3-2062dd65744d,65599
4cdeb092-ad8f-41a1-8b14-9c4821ef8b93,65599
bb1d24e3-ddc3-4be5-ad60-043a9712ac79,65599
d77b47e3-2b05-49b7-ba4f-bbb6efad663f,65599
850ae0bd-80d6-4cda-950d-cc69b0510b86,65599
704c9065-feaf-4a0b-a079-75d8331d1eef,65599
e6f8bb34-7438-4675-9097-d4f34b257a30,65599
489fa61b-5c7a-4d6f-a632-d32b155eebd0,65599
fcd4e6d4-28f1-4fe4-80b9-b17617112e8c,65599
2a698159-7c74-467d-a968-14bcdba21a70,65599
6d9374be-0d5b-4c13-a0c5-a3b56a381931,65599
0c245a2c-c684-4d05-ba1a-5c6559c7bfed,65599
63d52347-5643-4573-9917-3e843d48806b,65599
9ad7ee26-e390-4fca-b85b-fde8cd822393,65599
04ab8675-f0d6-49c4-898c-48bc28a3f68a,65599
7fe975e5-aab6-4abc-8898-eb44f8af05ed,65599
bd220763-5d84-4694-9c1d-06cf8f1e0c33,65599
acc8d901-78bb-4e67-b033-62662dea9904,65599
312d511f-1232-420e-a5b2-2598342a084e,65599
95e4c2af-e2ab-41ed-b7cd-1d40953b6164,65599
2e02f775-9e8e-4f52-a9f0-7981ab2a25dd,65599
19dfabf8-c48d-4dcb-b338-e3aa2390360c,65599
de197554-2150-40bc-b5cc-4f8923747b06,65599
812661ee-867a-47b7-8f97-cf328b05cfe3,65599
61b24685-3cb5-4c2a-9208-5a76ac9c64f6,65599
76424795-aa6a-46da-893f-c50ac96ab213,65599
45afba4d-3d86-4693-b7ca-04538e6259f7,65599
63310496-c9d4-4e18-b220-6b3563765751,65599
80adcb70-fc2f-4b28-bda9-6cc2d2aea722,65599
754b3017-cee1-40e9-814a-850829cac093,65599
c0fa73f9-a9ce-4544-9684-d53524b1a961,65599
09cc8998-e021-42f9-91de-f4dd4a4a746a,65599
540c2766-a348-4a29-b321-83bf7eb3514c,65599
2d02bf8a-010e-4891-8d10-7682a2439a87,65599
a73429cb-ee7d-45b5-afeb-c7800781bf5c,65599
59176da7-1128-44be-bbc6-9ca817bd9d0d,65599
da3c6d76-0632-4bde-93ba-78e8d88162ed,65599
4f489d97-4ecb-4640-9e9b-e2bcdbf7de9e,65599
16ed5e63-0e38-4001-84c7-3c84aa6d7b4c,65599
50264952-f487-4490-8943-920955cb9ceb,65599
288d431e-ae43-4967-8e37-46c7c93ed327,65599
bb491696-afb7-470d-b0b3-424e713235de,65599
31ed4963-c481-430e-9e50-0723ce3288c9,43058
9d85473f-702f-438a-b108-25214be918fe,19883
df590693-bd12-4fbc-a6d6-2c7ad38ffc11,19883
d3e68fd0-adb3-4bfc-bc5d-1350594aa717,19883
8aec5a96-0b39-4828-9a95-43e0152b2f9d,19883
6cae0fd6-dcc9-43c5-8cd1-aa54ac833383,19883
15d1799d-4c19-4571-827b-215f5194d30a,19883
dc4595c9-d68e-4308-a236-ad850c5a7b23,19883
26f448dc-211d-4024-9f86-1c62d5e92a33,19883
a737b1f7-c697-4579-9f95-6478292ff4e2,19883
84450cae-829d-4093-9884-3bea6d5355ea,19883
6d2f48d5-65a5-4ed1-ace7-60057cb50e27,19883
451f7d9e-f6fe-480f-ab82-cbd618233623,19883
57772c2b-166c-4d07-a3f9-8eee2c240ba3,29435
614a3183-abf1-401b-929b-3bbfd7f3d9c0,29435
1714ec1f-8705-4421-9c87-5664ef9183cb,29435
bec9bbd7-a788-405a-a54d-6fd3967bdbca,29435
05aa0e8f-8615-473b-985d-ee843abaedc8,29435
bfc2a88b-9fc0-467f-861a-79b1e142715b,29435
a5d26b85-6cc8-41a5-931e-69d2cb3ace5d,29435
8a8e5d7c-5e69-4935-8f07-3ccf62a354d1,29435
07ea1659-d628-4c5f-8909-1673977e5e96,29435
3d2f5b4e-d88b-4109-aa00-2fe9de2a3566,29435
582b6d44-7232-4dad-92aa-4a4deda89188,29435
c8593a8f-abb1-40c7-8e4c-d2653d3021ed,29435
375aa684-0586-4672-bc72-d8578f862f1c,29435
0ae73c25-1df8-40ef-a052-f23b7043ae34,29435
67ed9e41-ec86-49b0-a38e-f75a7e081633,29435
a4f6b985-af8d-4944-9691-611bfbc8dd40,29435
0d629a44-acd3-4503-827b-569022b1adc8,29435
5457aea8-abb2-4abf-81e0-9347df6c68d2,29435
a741433f-ec28-4788-b52c-544f35cf8869,29435
dc85acd7-ef73-4f78-ad53-54871ba87fbe,29435
a0f4c274-6006-48a8-93d1-f407c53f8f0a,29435
9da6e19a-221f-468e-8da9-516338783ad3,29435
272bd218-1531-4fc2-be31-cd47f9d562b7,29435
28468b4c-f9d5-411b-ac44-687f0825768b,29435
d422618b-380a-40b6-9824-04e4e06287ae,29435
e7fdef21-9e61-469c-a1a2-33f8e42f2acc,29435
85da5141-54e8-4e81-8053-0ee7eb3b295a,29435
e6e97b05-5d30-4783-a2e4-0e1ad7842e71,29435
ae4a9201-a7ed-43dc-8a33-48282606aa74,29435
9bad94b8-52be-47a3-993e-42deb7d2dcbe,29435
303d5ab6-fabe-49d3-9de1-c73ca8553dff,29435
2ed11084-1588-40f0-a651-14250d6618ef,29435
524e15c2-3bc1-4d69-95fd-26acf8259a4b,29435
f04932e7-b0cd-4d74-8787-725e6a186d49,29435
13a832df-1421-4626-8d6e-4873c788b3a2,29435
8e1b3ee3-ba57-48da-b141-e7677f5cc03c,29435
77ef8ee3-a2bf-4e89-a501-80f24ac53b69,29435
98ea4a15-a855-4616-873f-42daaf31f945,29435
6ed6b219-3b3e-449d-bfcf-d6e7b8e1139d,29435
2301b388-19e6-4717-bd75-f30b7f25fc00,29435
d848b38a-81c5-4e2d-8972-66449a3db4de,29435
01e800a4-2318-4e3a-b5fb-c1e2f5cddc62,29435
39fbe89e-a6a6-4927-9445-2b70a04895aa,29435
1b5fb5c9-1c93-41de-a83b-8a58a5069470,29435
41636f1a-ef50-45e1-8450-c5e9c9b8dd63,29435
1b42872a-3a42-43af-922b-bac906d4c5f1,29435
2ec40bc0-03ed-43ea-9ca3-bacb0bd8f57c,29435
3273915e-7212-4470-aaf2-f3bf5df05eb8,29435
6f8cb0e2-3f2d-4510-9826-716436f2bacd,29435
2ab2259a-d9e6-496e-aa5f-48c6c84fbef3,29435
c62e6a96-1507-4996-b1b4-6ae6f24bb201,29435
049f1e1d-ab6a-4878-baf8-63fe19f226da,29435
2231f18b-3d62-4861-b60e-31372bd0cb1c,29435
4c852097-bc27-456c-b420-507f3a84d153,29435
834a6996-05fd-4733-b9b4-4948b96b0c6f,29435
1749774d-efb1-43d5-ba49-5cc9fb8d4bd1,29435
ea11d05e-49ff-4cdd-997e-e64c0e658602,29435
509e2484-5075-4f3d-9be7-eda5e8e38d94,29435
e7079a4f-3757-4f90-9c3f-66e0ca4658fd,29435
04fad2fb-a7c6-4835-99be-3b07aebb0870,29435
d027383e-9b0d-459c-ac46-224acf447cf7,29435
2d32cf1d-70ff-4482-a428-ec8ffd954c20,29435
b18e9d57-aac0-47d4-90fc-43991f5b47f4,29435
0dc6a61e-6977-4a32-a783-414d57f56ff2,29435
1be57f5e-0a9b-4026-94a2-4b873d76c287,29435
7f65d4f2-5a3d-4c86-961f-77c21dd57a75,29435
5ac1c227-61b5-4eb3-9a88-f80d38efaac8,29435
90964433-7512-423e-ae20-ed29d32c1d28,29435
31d79395-6621-4e4d-aab0-a72abef86db6,29435
9ffc6aca-b2e3-49da-b85b-2fff4a90bb4e,29435
e816bb03-ef23-4f0b-afc4-01e98b6b8911,29435
09da8958-7043-434f-ba12-4de433f7c633,29435
4cf117d7-a55f-4064-a401-e15c5f5c734d,29435
4359acac-9f42-4af3-9c0e-285cabd18be1,29435
bf64acd5-b539-4157-9598-119dd4171e86,29435
34dfb38f-b257-463d-8f9f-69064882a6d1,29435
27ef7634-3fcf-4f39-9e18-0aecfcc15d61,29435
03e36d20-d5fd-4747-8264-fe5d83e4acf0,29435
2f7ab766-9516-4c0b-81ff-6ab2ada1c9f0,29435
429517cf-5dfb-482e-b020-971cd4c58005,29435
b0eb919b-e72d-434d-8343-a0d12650d15b,65230
ffde812e-09ca-4bb6-b0af-db53dd7cdce4,65230
2dad1e8c-8135-4761-9e5b-c0f754615c63,65230
fff6a99a-e009-425a-9fbe-3b5130a4e745,65230
e4698b3a-e0ac-4669-b0a7-cc07ad17d942,65230
b985a946-0931-4402-9726-4d0b8d6cb852,65230
4ecc5dc6-12eb-400f-bb2c-3a1f35175060,65230
6bdb5dfa-8613-4de0-985b-531ccf2286d9,65230
3e0a11c4-d43a-43f6-a9aa-691afc006a5e,65230
d0271f12-9fa2-4241-8052-a1ece75f8ddf,65230
80a983d5-f107-49f5-9244-3be12ed39af6,65230
26bab9ff-98c0-4c2c-8e5f-ff0457c3ba69,65230
b748ee3b-1d31-4179-8ec9-a8434e68ba51,65230
836bcdfb-2140-42f3-b9d6-12b3d8d1dc2a,65230
07cebc3d-7960-4dd1-92ff-fe385899b775,65230
42ef75ce-3a48-48f6-84fa-65f60caa8ce3,65230
949d2fa2-0913-4ba9-9fdd-b9ac94e8b62f,65230
d2156b54-af8f-4b17-888f-1acdf5af9495,65230
a73ed4e8-ed05-4710-8808-f41d0ec242e1,65230
35ca8ea8-d76a-4681-a186-3e0013ca264d,65230
b795faa6-7b4f-48d4-acfe-209f125aa030,65230
22b26685-1a4d-4ae9-9367-c7c0161f28b0,65230
e47b811e-0634-4664-b553-3a950dd0a355,65230
db993ce7-649e-411c-931f-3fd610f044fd,65230
15ecbb66-fa65-4240-9684-fe82faf665e6,65230
0ae1ae48-ad83-49d7-b86e-3f145956b594,65230
ae241cdb-76d9-4b24-90b7-0473b0fe1974,65230
c3c5707c-38a2-4ed6-82e1-8806d95fced7,65230
49b0ed89-036b-4623-8baf-009f36a0560b,65230
0b374c1d-081f-45e2-9213-753294e4c268,65230
2934db19-3a63-4c20-ba9c-aef8c976ded8,65230
3aac4620-f6e2-4443-a03b-846491261a10,65230
6a8d9692-c016-4dd5-9fc4-b5352d9201cd,65230
11c56109-99e9-4119-b0c3-0b9dfa30c202,65230
0275f3db-20e6-4dbf-a41b-c40a172536bb,65230
f318f93e-6790-48f4-92b9-6d0ac47af0e5,65230
9e992729-800e-4758-aa6e-98e9f4bd6e0f,65230
3783efbd-f1f3-470a-927d-d770a048821c,65230
8677055f-6cfa-4f86-81ce-f9457bf074a9,65230
b2ee6d85-c4f8-4228-a5b9-3f8c84c2dde7,65230
4a7b0b48-d3fa-4276-b0bc-0fb6a4d361df,65230
cbf2a1a9-21ad-4ae3-ac06-4897ac64cdfa,65230
9c20bc29-ab8d-434b-8363-4ef0f1282150,65230
2811fae8-4efd-45e8-af3c-8558422975f6,65230
029f7fcf-db5c-468f-afdc-86f32d266a46,65230
4ba6b864-9f48-495c-94d9-34cc5ae9585f,65230
1b248987-c518-4a62-8587-fdd19c72b5e9,65230
f7a63879-322c-4940-90c3-928266e6ab5f,65230
028fde8b-486e-48ba-b496-a7d48118ea92,65230
a798dca1-b8e3-46b1-a470-91c0f002deb9,65230
0727ea5a-b267-43ff-9808-631608c0033f,65230
bb2333e7-9483-48df-9cad-e11188c64e7f,65230
0dc21f4a-93f8-4416-9873-3eeeb9209f84,65230
79c9a6fa-2daf-4c98-91e0-cd84bb8e1e93,65230
59cde16f-f678-4c7d-9e56-73f8f4bc0cb4,65230
14ff0862-d3be-4289-b8a6-0f5fc57a07e6,65230
2376cb5f-a5b0-4e7f-836a-d2ac9886efa6,65230
a5c3cb53-7e1b-4319-8368-6e9cd8ef510b,65230
a47ebed5-c23b-43c2-8462-46828cb4c31b,65230
12579081-8709-418d-a9c3-967118f0f47e,65230
6f188054-b4b3-438d-8263-2f2e0555d7a4,65230
b8eb18b0-8af8-4301-b99a-d59dcc1ec17f,65230
7d38ab09-d91a-4d7a-bdee-44a91c5c665c,65230
ebd13080-12a8-4484-b137-470d4d2c050b,65230
7703aeae-c6bc-4dc9-9cf9-1b70d222deaa,65230
d2e51994-901b-405b-b50e-898d1c5ac360,65230
157fe235-632f-4681-a7c0-1ea797d7f1b8,65230
703d2972-589b-4ca2-8ffc-53fedfc7a581,65230
ba4ef4c9-fcdf-43d9-96a1-0cf7a56682e5,65230
0908f187-32bd-4355-bd05-16b4b48e8110,65230
164a31dc-3908-4a5b-af5d-b88344820c63,65230
0e028be6-bd80-4be2-909a-c92e9fcf44cd,65230
24b417cc-d467-4149-840c-7f505bf3e293,65230
47eacb86-6c80-4bbf-acbe-7636e033c7a8,65230
9b1f77c7-53cc-4476-9691-3c8dc129039b,65230
3d6b1058-ba46-4fd2-a7e7-45d6b4d4021d,65230
83470abd-0440-42b6-8383-2f9ffb0b23d2,65230
cefd89fd-870a-4df3-85c4-9333bfa9acf0,65230
7791687b-51d4-49a9-becf-744e4857b3ad,65230
95eaa6c0-6de0-4e3f-b1ad-e30391516781,65230
69e0e215-b852-4333-a00d-b9c053519658,65230
58e7f3dc-9cf3-494c-8db2-99d2e96e135b,66327
50381a0f-88de-4517-bb27-faf47d244daa,66327
3bf60686-a752-4e9a-8c79-6bd429bd42db,66327
9760fc57-2d2f-484d-945b-487f9105c3ef,66327
209f060e-f9d4-4e5d-a19f-17acc590f5f3,66327
44e7fce8-d491-4ad3-aefa-29767921f773,66327
866044b6-ed35-4f29-bb72-037a3b25d388,66327
8b02f874-07d5-434f-b923-c076aa901a97,66327
6700d1a1-7748-472b-9313-285199e18ae3,66327
8d025d44-3820-49f7-a69b-df7fec13c8a8,66327
04f23305-609a-4589-92a8-b507922639cc,66327
7d65cea0-cb96-49f6-b4fa-4faae1a02597,66327
98afeced-6e89-4bea-a531-4a53ead1e8c0,66327
fb734ebb-f0cb-414c-97ce-9a7f4cc2dde0,66327
2f370f04-b070-4090-96b1-5a91435b81b9,66327
4a2ed22d-f80f-4f64-bc64-3994416ae59d,66327
e60dc923-f782-42eb-8408-82e66e2cf21d,66327
f86abe55-d81d-4776-9bc8-1c9c5b238d4e,66327
343cf8d0-b61f-454f-b2a5-67a035ece25c,29505
39aab35b-eb66-4686-8e6d-70b343e9dbc6,12978
f6952a12-4dee-427c-91fd-3a0b868fd7ed,12978
06a60174-c17e-40d4-8366-8add0d688e8b,12978
dcb0b396-66bf-43f2-ab7e-bd0d369d57dc,12978
4db3e33f-9984-44b8-8039-8e6eb0ac0727,8749
ad8594e6-ae1c-4f6b-af41-18020ce68045,8749
877fb7d8-60bb-41aa-8e41-138ad2af52ba,8749
c4798d25-9065-48fa-a750-c71054f4aba4,8749
d9f04239-4f17-43e6-9854-1832c2f57a21,8749
6b703935-f796-47f0-8a1b-e9dbf68f5a29,8749
1e3df584-45f9-48cf-8e9a-2f6e2ee5c292,8749
c7375b55-8889-467b-9137-57334e0fbad3,8749
2dc4fa3f-72cd-4c47-af02-42636b6bece7,8749
dabf8064-37b7-43ba-a469-1dfa835e02ba,8749
c9b94f0a-cd33-4ebe-b783-213cbbd4586f,8749
640733fb-fd8e-4443-957a-6bfabd195c89,8749
ee8267c9-2248-411e-889a-6a7a828e8de0,8749
009fa6d3-95b5-46c4-89cd-068d43aff580,91860
966c8e14-aaa5-4ff3-8dbc-594fad7a89a9,91860
985c0cd6-3ee3-45f5-8c3f-f87f7023707a,91860
1f04115d-85fd-4afb-876e-8f58b75ebaf4,91860
39599a30-1d7f-45b6-a373-ba775b6f13ae,91860
ac130eca-8461-4dc2-a737-9c5271b90ba3,91860
b9f3a0fe-2bda-483a-8300-11bead088f9f,91860
8ec03a53-77a1-4eb2-8dc4-9a8c93ec4898,91860
8449094c-cb63-4c5d-a190-e9acbdc751dd,91860
bd87dbfb-59fb-4c8a-bfbb-f54eccd8096f,91860
59e868dc-c062-47fd-83ca-05c6ef6232ea,91860
a2792f49-95c0-4be0-add2-c31e3931a9bd,91860
8d407a4d-ceeb-4355-bea8-2b48d7e0f19b,91860
9c934f65-cee8-43cb-8c2f-c221cacc33ba,91860
bdccc44c-448d-4b56-b16d-3fc86cd8529f,91860
ae0b6d07-bcb4-4749-92df-9cb0cb966e4e,91860
cef62378-273f-4e21-a4e5-f1a8ede61897,91860
464c996f-ebb9-4ee4-806b-bceb79556541,91860
4aa6916e-bad0-4efc-8a34-14cec27f6e45,91860
ef3d4cb7-028e-4468-a5ff-1fba5f813dd3,91860
59d551ef-80d8-4a02-befc-8f87a44af6ec,91860
6f5fdf05-9f0a-4340-a56b-a67c3c02e9e8,91860
d7703d55-b33c-432c-854d-2b62b86c1f95,91860
3d00197d-ed99-4ebe-adc5-0aa2cd9c24f2,91860
b1a704c9-a85d-4ea9-9680-2afbf6f678e9,91860
2259c493-bfc4-485c-a2c6-eb95ba1846c7,91860
c0ac078f-6dec-4477-af66-82592de0ae6e,91860
140e3698-5d52-4c7b-b46e-56cb5a081ba5,91860
0d0c411d-6529-4cca-a79c-ef1e2ab25ead,91860
a93b2aa6-84c3-431a-b265-c4b83796b2b0,91860
9dc90e10-9c19-4e02-b1c9-8ce0aa00fda6,91860
54a7906b-db50-4c92-babd-d549909b15f4,91860
c168aa80-910c-48da-9b94-81e1d638d776,91860
f738a4f0-9ba2-400e-900d-8503b25200b9,91860
ab0c1c96-75db-457b-a89c-c46fbd5839a8,91860
d5f404f3-df3b-4e9e-bdf8-d56ba02daa7b,91860
9e3c4f7a-af42-4b0f-8c17-ed3543ee8903,91860
ca260323-549d-40da-b9b6-dd607b4597fe,27392
7f52aff2-3f2d-477e-8a5b-2728bc9709f6,27392
83e72467-2a04-4adf-b83b-4e197adccd98,27392
e23a80c4-9610-478c-8b54-5eea0b059766,27392
69a08cb9-7017-4e6a-b7ba-0a8c00b2ec5d,27392
7620adeb-4d3e-47b6-9c37-93a97dd3b4ea,27392
e491bcc5-fd6a-457e-8ef8-577303d947ad,27392
d289c6aa-0e6b-437a-b0b7-7747ca42da33,27392
199e090c-ed96-4a14-9fcb-99f37b0eb36e,27392
eab2e094-9deb-4d58-9e52-7766f90b3795,27392
5c26850a-2cbb-4686-9201-3708023fb9b2,27392
84082013-4faa-48b8-b936-b430fdff0faa,27392
e40a3ef0-7624-40f1-a2ed-611f7b7165d4,27392
3888e6b1-e89e-41ec-a0d2-22d444951b46,27392
b22c215c-85be-491d-aef9-a295abde6624,61459
a1c8a7bd-5fb1-4c74-8823-79e157a2a89d,61459
35ae9864-48d8-4702-a2b3-8ba968f9b92b,61459
527a7292-edbb-4bf7-86a0-180663e71feb,41921
28cf68e8-2fa3-4cfc-8c5f-9132942c545c,41921
360b5804-e191-4467-8d05-a1abecca0679,37402
8b4ab163-59d6-47ad-8b6e-ae68086b10ea,37402
9cc2baa7-f583-4a7b-96be-88a726621f44,37402
280ee80e-d1cc-44e9-8acc-80a20400ee53,37402
94f43be7-b7e8-462d-8062-23b47a05397e,37402
35bbb18e-d4e0-4608-86ad-1c9c1b6f87dc,37402
2f8b71e4-f7b8-452b-9f91-fbb134bd38b6,37402
845dcb45-1ca4-43e2-bb0f-8d0501593715,37402
5b80893c-2086-46ba-910f-f2204846f7ac,37402
cfe3d157-59b2-49af-8c61-237802c9c32f,37402
9aa1bb1c-2b25-4cf2-925d-09db249b6782,37402
f16c6837-f591-4487-855e-5942c56cf82d,37402
6c70fb81-7c33-4237-8641-0b8e7664ee7d,96458
41fe948e-9a87-4815-a19b-50b10bdcb82e,96458
cace1c2d-940f-4d74-ae46-b9b516008863,96458
3b3f6599-23cd-4e8a-aaea-d8a0d6daf23c,96458
6f94abab-6e86-4f7c-8123-ebbd10fe3f3a,96458
17693071-d8ad-406f-9829-e25913e3fc45,96458
e3c3b2d4-65fa-40e2-86f1-c3724c9843d2,96458
0fef91c6-4ad0-4a99-8d65-6fb8b0c71ca5,96458
4d9bf26b-3dcd-43cc-8656-1e2f0cb97565,96458
2377e338-563c-4939-bdf6-76f117b5218d,96458
81b2daf8-39bd-48bf-bdc9-ff55cc4bc73e,96458
62ad2f6b-7930-47c4-9f1f-e89bc3926497,96458
c7b35f65-528a-4837-8f5b-a4260b99bcbe,96458
a231e59c-8896-4af0-bf61-4821fa1604fb,96458
472e8414-d213-457a-84ba-8f71f36afc46,96458
c360968d-e25b-4e6f-80c9-62eb58e84893,96458
99d147fa-b8e4-4f59-8e06-54aaa4f325ea,96458
6ddf3a32-5549-4d13-9580-ecab1010cef9,96458
a2ba2aab-20a6-4715-be1b-0e0f1af74597,96458
a5f975c3-e539-424f-9e98-9ca36582e966,96458
a814977a-3dcb-47d0-b6fc-da4a16e66787,96458
e9f831e0-ead7-4dc9-b3fe-5610fee6adff,96458
f5dd9af4-bfbb-4f1a-aa0d-63157ec8bcb5,96458
ee720dc6-46fb-4ccd-8e21-5dafe5c38e28,96458
29fac0dc-bea9-4d4c-a816-44e115e2a557,96458
92c3823f-feab-48bd-ba8f-69a470c84652,96458
1a5c9380-3f70-4918-a5b7-5380812bb0cf,96458
ebc238a1-e4b7-48b0-86e2-cc3d94a80e5c,96458
06d9a9e0-1942-4d68-938e-5d3e8fa708be,96458
44f9ea91-40f5-4f90-8c38-a184857e7c0b,96458
0d8d38ef-c196-417e-9d0c-1b52c70e6035,96458
4b1f217d-ecef-4a53-b4ca-4f8e92d22e2b,73531
4f21c29d-85b6-4fb8-9376-a81c9e41fb82,73531
dc94af4a-fe18-4e1c-af94-f4905c6ed546,73531
fa928f95-40f4-4675-adee-1f9b0ddfec93,73531
5de75bb1-defc-4a62-843f-e8ccf94eab5e,73531
e0833d61-a876-4e2e-b745-19abbe9ffff8,73531
edd21660-6dd7-4016-8e20-8db0ba8fedc6,73531
71548227-ce69-4bcd-8745-9bebc53b6e08,73531
389b26b1-ff88-4f1c-af3c-b3dd43c1828c,73531
d593e491-04f2-4e5f-975e-b8d5cb9f1cd0,73531
c1b6b3af-942d-4dba-bd3e-cf02a13d636d,73531
d0899a70-3983-4c60-8648-f0fb18c6215a,73531
59a2d26e-e757-4bd4-bdea-5d94900666f9,73531
cc33c37c-61b7-4f4e-a2cd-70a0225face6,73531
626726c9-2377-43f8-9924-b852cdb47e1a,73531
b40d89a0-5f4c-46a0-b275-31aa2376452c,73531
d4106882-885e-4975-8542-de60df5b0cb2,73531
58547b4a-2f50-43b8-a05c-5ea03c02bb97,73531
53c452a4-d577-48da-85aa-2c049dee9ca9,73531
21057a69-b030-414a-b882-5c73e36afe3e,73531
831b7819-8bb8-4553-a9cb-2e444e5a0510,73531
80d29d9f-702e-450d-a03a-7548b21adfee,73531
72b754d6-01ef-42a0-b35e-858aebccc39b,73531
4a9ebfc4-f551-4c46-81c8-294ede9ed739,73531
2887afc6-19b9-4453-a753-d7d9c0aed900,73531
0c82cbd3-fee0-4cee-89fa-887e2e041608,73531
6777a7a0-ff18-449e-8401-162552be62e1,73531
a49bc878-74ad-4210-ab01-91369bb322fc,73531
8d6380d5-872f-4abc-8f42-34568e2f464f,73531
759dce7f-b6fe-4ca8-880a-33fab93a3b67,73531
83f81198-8429-4715-8573-b2f679c780b5,73531
199b0500-9237-465c-a692-20736efbcd4f,73531
8b98f336-b770-4462-bd2f-f9489253ec78,73531
d362ead5-ad1d-4146-947b-8123cefd7e1a,73531
a59f6498-8bb3-4fac-aabc-215cbd287fdb,73531
0a7b4395-be15-4753-af5c-a1a7db6e8ff5,73531
35235ef7-9540-4fb0-ab37-85bd1ee2b346,73531
1c2b6ee3-1e5e-4ce4-892a-d47502ce9f6e,73531
d63dcd2b-91e9-4ca0-898a-36dbb14f6c5d,73531
d72be3cb-e664-4079-bbad-99e56feed5f7,73531
51883277-8900-42f4-b1be-ad38c111cf58,73531
41b449c8-ed57-4dd8-b23d-893dd24a7ef0,73531
a581b563-14da-4af4-b977-755bac9e486b,73531
9bbb5534-e822-4f62-96bd-d7fb1497c703,73531
091fc8a6-fcbd-4fa9-9f66-8208ff639f86,73531
3ff01945-ef04-4abd-81d8-280d78d73550,73531
3e95cbdc-6b95-4c8d-9c14-73b04bc65e14,73531
f9c088eb-c3b2-4dcc-a52a-d5112e69dcfd,73531
1375ff04-13ba-465d-b501-a7bbf0070370,73531
6b8e2d86-7d1e-495b-b5f6-db0b71e67dad,73531
6ca6604b-ab4c-4ed0-a5ce-97da2bf963e9,73531
56f78076-8758-46c3-aa66-8ff70440cbf8,79462
61d2d25f-e8ce-4c8f-96b3-a0982ed6f541,55259
dc6fcb3a-6bf0-43c3-9ee6-273f9a7826dc,55259
5744de6e-4559-4965-a2b5-11b60da6f362,55259
24ed244c-162d-4673-969d-c8204a7704e2,55259
81e7e7ec-d88c-485d-b349-b12d978a7e4f,55259
4517ca6a-3e4f-4975-82e4-ad683bc2c6c0,55259
4730a178-4cd3-4ea0-b48e-3368d79eec20,55259
5b96d669-065f-47f7-88cd-d30939d825c6,55259
05eb1de7-8c92-4923-b81d-3385249d231c,55259
4719b956-357d-4f5b-85b0-860c96425885,55259
238a2277-09ce-4e16-82dd-74f0ac22b03c,55259
48bc9573-87e5-4f15-8d6e-efe39daf6741,55259
8d8e2c4e-c40e-4fa6-88c6-b3f2f2fe2b32,55259
bd858540-4deb-45e9-a3ba-27427ffa1cab,55259
1df5b5fe-bd82-4649-a29f-db32eee7b1da,55259
b73fd9d6-e4f8-4351-8eab-62950b248a70,55259
00af7f73-1a17-4b57-a23b-a76d095afe5c,55259
4422cf4c-0676-4a33-836f-2797dcefc878,55259
1fd8d0e0-1211-4306-882f-7ff3bc6b4dd8,55259
d8f276c8-caef-4228-b9f5-f863579a0fc1,55259
01d801a5-4a00-45fb-b7c5-c1f626613f7d,55259
6008b1e3-b860-4bf4-8c9e-d90f591d140f,55259
ef823fa9-77e2-416b-a1dd-dc3395bfb201,55259
ec8261e0-e34b-4485-a10d-09c96a8e964f,55259
fe385250-031c-46d7-a51c-ee813846ad5d,55259
2788c264-a79f-4551-b743-485e6bb6f06d,55259
4bae7207-66e6-4160-85a4-a09b42a7e0c9,55259
1fb375b4-9846-459a-8bbe-0158ed8bfd63,55259
1cacd9a0-1857-4f9b-9253-e5900ab8e264,55259
ee9e1d63-a1a1-42db-968a-e6dc51515669,55259
76b5f2b6-cd0e-4a86-b2a6-7e9ce9f8eaef,55259
7db8ea57-e9a1-4292-b8fe-370de7ba5585,55259
75075536-fd4e-4198-93b9-3ca3c164a8b5,55259
e8b48de3-0ee9-4ec0-b6b2-65413527f39f,55259
23336eb8-9bb0-4ca8-887a-448f166b7374,55259
f1207c35-2f80-4a4a-ab0c-1844e8ecbaf2,55259
f1b0f22b-3c20-48b6-b2cb-4bb9a828121a,55259
36e14a43-da0a-4139-b1da-9d6626e5cc05,55259
308a1197-e01d-426e-ba02-cd671f1b2906,55259
4b29a574-9b3f-46f9-9da4-69d0219e5449,55259
85af7de1-c053-4698-a52d-47598fb1da73,55259
44f01278-fdd6-4973-9ee5-a1ea00ed8ac6,55259
53c1807f-59ea-41db-a1f8-890c80ba614b,55259
b89b70a3-bde7-4428-9d58-716e6165b673,55259
f6c5e10e-6a41-4024-85d6-de239b335751,55259
4048fb0e-a749-4511-9727-b4da43c7644d,55259
d5b75ff3-dd3f-4325-b426-bb118c28125c,55259
67286a7e-a7e7-47ad-a0e9-0a0326f9a92e,55259
3fabd8a8-096c-413f-a073-54a04994eb9f,94757
6f538397-dbf4-47a4-8673-947bbf955339,12239
44201dcd-e648-48f8-9fb8-8ebda7de8e76,12239
13544a69-a231-4b89-9f14-c47c103f0b55,12239
c5a70d00-4631-4243-bab1-920897c1bb89,12239
732d387e-561f-4e3a-a6af-bd88266659bc,12239
8fbf328d-6791-4e35-8376-afbc85042785,6949
e34bc1d3-54cb-4c58-8bbc-bbe041582501,89747
409b4f38-96fd-4421-8e8f-eb60b79e32c6,89747
61a3a225-184d-49bd-89b6-a2fc6f9984aa,89747
fb303011-4133-4ff7-9362-2b5897101242,89747
8ef57a15-7f50-4387-b428-9365f81ab2a6,89747
68eb4517-81eb-4ed8-af5c-1d8c3bb571d0,89747
38976f0b-9d1c-4bfd-b347-53fecde43b31,89747
e3e85d5f-7606-484b-95b4-9757388a1da7,89747
8573a1af-065e-4bf0-8a66-3d9ba980fb55,50390
0b8906cc-2fc0-441e-9434-0fec90c59b4b,50390
f200f210-65bf-49c8-9f0e-d4cc744780df,50390
67079272-8bb7-4334-ae2f-fd75b1da6fe3,50390
855cb92d-98b3-4f69-af60-f0f70c0fa72d,50390
1ca4fcf6-6501-4cb9-b5c2-b5918445e632,50390
8022a90e-cebf-439c-9f9b-701e286a8974,50390
6b8b1ab8-1494-437d-b9e8-228ef86a1e92,50390
dc498292-f550-40d1-ae29-c5f9d3c3158b,16555
07a9843b-c4ec-4bac-b063-05be3d920413,16555
e3b0e62a-8b1a-4ac0-bf16-2023b87f2765,16555
8234e468-35ce-441e-812e-6e4a56a12998,16555
ea9c82c8-5942-4dce-a549-d1fe9484b788,16555
c0d8895d-442d-4b21-8bb0-d7e779ce1637,95237
b5aec53f-d3b6-4001-934d-8a24599f3c72,95237
3003a2bd-38f1-47cc-be2b-aa99967dc6a2,95237
3db12728-7c53-411e-8004-e89fc628a07b,95237
57c1cbdc-ec44-4142-861a-47c083679518,95237
83c4863e-4d53-4de2-a407-6932efc62957,95237
414702b9-2ee3-4602-bc3e-cd16e494426d,95237
81f67ee2-5c0a-47b5-b4d1-f36f267e0aeb,95237
b7943b87-acb6-46b8-a2c7-4bf0a029e8a8,95237
6763cca7-4a02-492e-beff-0733ce6dd093,95237
db7e61cd-a805-4e92-b7da-930b4488c338,95237
61baec02-9d14-453d-af59-2f6328d52568,95237
50c77b0a-97f7-4f9d-8c97-491feb4fd633,95237
417352d5-1c5c-4405-8c8d-5256a559cdce,95237
d60d4230-fb87-4c2c-9a0e-1e5d474dfb9c,95237
414b3fb0-125b-405f-975c-4e09a25c75a3,95237
caadddbb-93f3-47b5-ab84-d32905d78c2d,95237
d39f382d-92bf-46a5-8e19-8e23ec4db41d,95237
d9439ad1-61cc-4117-a029-1804541b23e4,95237
47dcb970-ca17-4a6c-ac57-ab064678b9c8,95237
9c61b87a-2d4a-4cc7-a3f6-150f9fad4d84,95237
85660697-25e2-4d93-a3cd-83006a9e5a91,5513
0a7d7ae2-e928-47e4-984d-c2d869849812,58112
089b5ca5-b2bb-479b-877f-2a1a596ee354,58112
fb61f544-2270-4a2b-a37a-bb2099124630,58112
0fdd305f-2c1d-4ebe-b3dc-ad6fe0e7bce2,58112
bd58ddbc-71a8-4b60-ab67-0d53fdd373bf,58112
c7e3064d-808e-4f74-a34c-f52c3cf0cdc1,58112
eaa82a03-8bf7-41bf-bee6-69278b553862,58112
dcfbe3b8-66c0-43dd-bad8-6f24b41fdba5,58112
c6d59470-ec11-4bf5-a7d8-6422d0f102c9,58112
03b3109e-282d-45f1-8907-57fc3e26353e,58112
680382f6-d6c0-458c-a6a4-d83210ec1650,58112
52c1500d-1922-4195-ba8e-08340ea7d89f,58112
3c218326-0739-4a75-835a-bf368a034770,58112
235f3590-45d8-4760-bcf7-44a171196532,58112
dd4abf9e-e6d8-4490-ae60-f28c02e8b3db,58112
e4508e7f-b2ad-4d9f-bd2c-6a04e061f4c3,58112
d9615b3d-4b17-41bc-9731-06ec9af2dd8f,58112
2574a34f-2ac3-41f1-9145-a558f2901dd2,58112
5937422d-84a2-4357-9d98-179327807467,58112
a255a4fd-70bd-4ba2-a90e-db36621d0627,58112
7b77ecfc-a96f-4db7-a5ad-5d1321f01fa1,58112
f0e6904e-b8cd-46a7-828d-2392b63ddc84,58112
af4375b2-6b69-4507-95f2-c8c9d1c7b2f2,58112
c5aa1ec6-7b8c-4b25-a2bd-d6b2ea893104,58112
91a8f26a-4392-4060-964b-b5a215f32ef5,58112
42dec2ef-7077-4313-b94e-d183b8c60031,58112
47593095-6e9a-4e3e-9fff-54048aa1de2b,58112
a0521b6c-e06d-408b-9fee-157bede81649,58112
c4896aa5-364f-4900-8dee-e0941a54e70e,58112
7c2387dd-d358-4844-9e5d-8869e9a65aac,58112
8e4500c1-8038-4647-a7cc-9222aa131ab2,58112
7eb05d39-484a-488d-b963-367cd533892d,58112
75fa2af7-d456-45a8-b39d-6ac73c142ddd,58112
2f163194-32c8-4601-949c-3cc480a713ef,58112
871aa8b3-b6e3-42be-94dd-ea4909d5b6c1,58112
4f193531-f9d0-48c9-be40-c8aa2b441153,58112
2dd2bc98-e85d-4db0-aff7-2fa57c24e2a4,58112
d92f44e6-4009-4609-8c43-423711537a1c,58112
b5838140-9155-49fb-a4f7-1d6d297b4271,58112
594a232a-b884-4069-b947-59a85c590028,58112
7d6c002a-9dbf-4682-a8fb-3018e9b4dd85,58112
6ca3e60f-b6e8-4663-824b-0a45171f5177,58112
7be65ce8-f629-487d-8022-6de473b0982c,58112
35247a05-1b5d-4179-b309-34e88c3215ca,58112
3b0413f5-3f37-46f0-bb0d-60e2032297f9,58112
c2d98d44-c6a7-455d-a615-376addfe442a,58112
a960dabb-daf7-47d7-8b87-d576d1ed87d6,58112
eeb950e8-1dde-402d-9151-d3bf7d623b2b,58112
f72ec0bf-0090-4d74-a78e-6fe458704239,58112
2104bee1-719d-48ec-82e0-2735a6ad476d,58112
1cdac504-9d2f-4152-b12f-78895d928f03,58112
f2c7ba6f-4ff0-4011-954c-4fa729d8ab41,58112
74382675-f9d0-4785-a319-af64e5959c0f,58112
d809d120-d072-4220-b592-79464e686033,58112
e97e8490-5fe5-4d75-8e93-9d533f808689,58112
09d6483f-85b0-4a01-91d6-796cf4e4945a,58112
72cfe988-2cff-42ba-8627-20f8f677ccb3,58112
f85ab1b3-b6d5-494b-8a6d-a80bb63a010e,58112
7ac4587c-aaae-4b3b-b00a-127096074eed,58112
1b743b49-2f85-44e8-ad18-cb8d159fd063,58112
ea739d25-37a3-44d2-99a3-77362ff74d91,58112
dc640a0f-acb0-491c-ae90-643f09800167,58112
db444f24-e09b-4d90-921b-c51c5adcab34,58112
88e5fe4e-92ab-48c8-89b1-7f1755b40b1c,58112
67728251-e1df-4f81-bc15-2e5c2d42e795,58112
812810bd-0717-4f37-8f25-3e2763a36213,58112
2f5a7c90-d425-4341-a105-cf02b5bf10a6,58112
946a4d22-7d24-412c-aea6-1f3dad645c67,58112
f90c08e9-7e30-4e8e-b156-9418c68f90c1,58112
9563fa9e-3ada-4d03-acf3-e38ad1b4cb2e,58112
659edf4c-bfb0-4944-80f7-98243cbb215c,58112
99088588-b562-4b4b-8d4c-6a6c1fec5d7a,58112
2331afe2-1955-4d56-9232-c6d8f96f6e41,58112
d98440be-0bab-43fe-874c-5e619fd72ea1,58112
678915d2-9f75-4dc3-9058-aaea756f879e,61177
b52dc233-b5d7-4af6-a592-999a03e49c8b,61177
612c7f27-6709-4234-9e0f-e0b88523a8b3,61177
a6b9b142-de9b-414f-9429-b04615144604,61177
7d433000-68c8-4430-b345-1c33d5b9ebc0,61177
b1daba52-2d9a-4a93-aa42-cb1d79964347,61177
c6a5d602-161c-4281-b627-7fbb8a9ce944,61177
34622894-4af2-4f9d-b8bb-491acd2425a9,61177
459ae7ec-f3ca-43ba-b734-2f6856a5caeb,61177
4aa0dd0b-a713-4de9-9d36-cb700f70d1b7,61177
b2d561cb-f514-470a-827b-9fb4421c6d72,61177
32e075d0-b696-4f1b-a20a-5d25eb6ea5e4,61177
77c22658-7d42-4643-b595-20508e99ee3e,61177
15dd14cb-08ef-4177-9f68-21b495442b56,61177
f4b99825-33d8-46fe-bfba-e7c66df9b033,61177
818a5ae2-5143-46a9-af17-663734d25c01,61177
a119a36f-66b3-4229-9662-6fc4d5341440,61177
b95143b3-9341-4995-8012-d239bcabfa94,61177
c581cdee-b336-4f47-9402-922f68cd1874,61177
8e531e23-cec9-4c1d-b70a-214947e613a5,61177
f2425228-7c31-447d-8f2d-cb152ccd9b27,61177
89b5a36e-846b-4f0a-9650-07825bd2d814,61177
895f0c36-f46c-4095-b869-d0c4b74a8b39,61177
f49d7592-2f8d-49ea-892b-832cf84f553e,61177
f894e806-0397-424f-95a0-7e097164b8ab,61177
c91d9193-26ae-4ef9-9374-ba5869f16ce9,61177
cac18261-cdde-4eff-a73b-71b96ecd8328,61177
3785648f-ed6c-43b4-b210-71c6174e75c0,61177
0370c351-d124-484c-83e8-d086c8503205,61177
a1ef05b2-0a42-4cf0-8af4-cf7838195cfd,61177
c116d1e6-40de-4a09-9a27-a118b1bd7e26,61177
38bafbb4-fb51-4d7d-a2c0-e2ac6196ac72,61177
91a12e23-26fe-467a-94be-12eb5a6a4038,61177
b1009849-c213-4886-9148-7ce0b5ccba78,61177
71bc630d-a3ac-4987-b0f0-a80a7589da2a,61177
37687ea7-164e-47f1-babc-a2e28fd056a7,61177
d72b3f3b-fd66-4034-b0ce-11ebc79ead9f,61177
27c796cb-7529-4a15-b976-28451629df56,61177
38edc1bb-acbf-4ff0-bf9b-8b21671e801e,61177
924802eb-a7a4-48c1-b1be-ea5da2c93db6,61177
99e1b332-c63b-4fb7-8871-d4e072428429,61177
dd6432f4-97f7-48c1-8133-bc799f760cda,61177
b97add2e-a049-4499-b8b4-6fc8a66f17be,61177
4e1661d8-8bea-45b3-adde-063fbd2646ec,61177
3b85ec4f-1efc-48e9-bd56-0ebccc8d390a,51354
470410ab-db1e-4526-bd23-9a0424f217be,51354
4ecfc6c6-18d5-4055-8882-a73d31f6bbb9,51354
0cde5566-7ec8-4632-83db-2b9afd59fe17,51354
0856fcc3-f3f7-4f95-aa1d-1f83d300f001,51354
c928d727-5272-4f34-9971-7f55fd2b14b3,51354
4c16fa7b-197f-4d49-8c6c-1c6d61672b48,51354
4ea950a9-db04-4876-a1ce-9fa5e18a2976,51354
501291ce-d004-4c85-aad5-aabd5623fe05,51354
3a40a96f-838a-46fb-88f2-8c01d10b3b15,51354
a16a92ab-8fbf-4349-9884-3dd6937d5ea9,51354
9ba80983-5d59-4a94-ba86-0e025e76b5b6,51354
17e74ed3-7e54-465e-8a4c-9b4b0983a84c,51354
24f5458d-92eb-49f1-ad1c-e4a402d390a6,51354
5c6b89b0-32e6-4c00-8517-fde3aafc1e68,51354
8e3d058a-bfb9-481d-a22a-f43733b640b1,51354
d10844a4-eeaf-43ca-8a34-c8d9b23ac5ba,51354
b37e57e5-a6d8-4f9a-b92b-b0785edb14c9,51354
fa6cb112-2f43-48a5-97de-06b54967e192,51354
f73c4843-a277-4ed9-b2af-9db30741f785,51354
8e8e6434-4c9b-41c1-93d2-75404cc2170a,51354
5e837de2-989a-4b4a-bb68-954bff37deb0,72783
bef684b0-0305-42e5-98ae-41ab5d81c873,72783
c07caa9f-3c12-40c9-a5d9-909aec20c788,72783
61fa80a6-615b-4f10-9d7e-5abe53cc3c7a,72783
e1b5e0d9-425b-487a-b66e-66ba4b1c2383,58879
949636a3-0a64-4504-8392-7b22d39436e1,58879
d138847d-165a-4b48-8098-2a618dba0abb,58879
6f7f02fd-9918-4cfe-b2da-5d7336024d32,58879
1a24dc52-db4d-4deb-b81d-3ed1a5ed35af,58879
7c7f17e1-e08e-4cc0-b2c2-0ef8bc8a734c,58879
4dc1cc80-81df-45b4-b8ee-835970e10e9f,58879
ddea975a-64fa-4804-a42f-3b8e47c7500c,58879
fd0a7f6a-f0bc-401c-b969-30e63f927316,58879
55bd2cd7-b08c-4a99-a872-90e318b67110,58879
33431f78-610d-479e-8d7b-9f18cadacfe5,58879
f2793899-457b-462c-8947-36f63df494e4,58879
b7196918-e10f-46c1-b23c-281c6117ffdc,58879
987c9cc0-3b76-4fa6-9ecb-cda55ad7b225,58879
fc209291-3b64-406e-a6b9-956d4075ccc4,58879
ed498419-7f42-40cf-b641-744bf30e2d2d,58879
a5acd189-c21c-44f3-87a9-5741ab64a4c7,58879
c20f9941-5fe0-4179-8f2b-5a60acc05bad,58879
f52a14b9-abd9-468e-9e7b-07932ff4fb6e,58879
9b2bcdc4-e471-4067-b7ea-bade302808a7,58879
93f9d9cd-0300-4ba8-9a52-3bca65d6de4c,58879
38ccf2f2-f08d-489a-9569-86348132861e,58879
559b336d-98e7-4b20-8507-13e308bf7da0,36622
63c53cf8-1255-41cd-8e6c-4d6f56809b40,36622
0a04d1ed-2897-4ac0-9bf0-ab3a4905a901,36622
6857d677-f32d-48ee-92f4-31f4f02039ee,36622
7a877884-1de0-4882-9590-868e6f4f7dbf,36622
8aa59145-2f90-4eb2-a1d2-231051db196e,36622
bf2a1998-fe74-4a84-b9ad-021da764674e,36622
9ae44ed9-a48d-46db-ae3b-46a9b2846d4d,36622
08371651-949c-4777-ae17-2690d3caea92,36622
927eb417-31ae-4ac6-8dc7-e402613ca881,36622
8796edbf-503b-4031-8dd7-7af445749679,36622
4f3ff1a7-4c6b-4280-9ce1-28dddb3c4dcd,36622
0b3771f8-13de-48cc-ae04-8c61382424c0,36622
bc35ec4c-8d76-477a-8330-3d68502fd032,36622
bb8cec3b-6443-44a2-bae0-fe8dc2b0b182,36622
11461c55-c88b-41d9-aaa8-060b43411383,36622
14f5b4ae-8137-4f86-a925-3f11e51aca17,83577
8195fda3-1c87-44c4-a9e3-029804dfc982,37670
fb0b0ca1-970b-4d48-b8cf-e84e8b16d8da,37670
bc8e9210-bf77-4132-b90d-ac1eba058b8a,37670
f9b672dd-6695-4f16-9e0a-f9469d9a813a,37670
621b397c-6b7b-4a48-ae7b-8a4cba32f781,37670
16d7979f-57d8-47f3-ac47-cbfd7707f303,37670
bccb8d34-90b2-436a-b7af-bf7a28432cbf,37670
1c1bb11b-204e-4b30-bb69-7a58675e3899,37670
c942de43-e314-4bf7-8368-6928f3f4da46,37670
28ff4a4c-0425-45d6-adad-079668035dbc,37670
29692202-034c-4dd9-8f1e-e013666b09fb,37670
6f925d82-e799-43c8-a9e0-513e9d1da80d,37670
5c0f7abf-3f97-4149-9e49-9c2157945151,37670
cfc61fb2-1358-473e-b4ba-cc771d7c4a20,37670
27e13148-1397-47c3-b945-f4f05b42fca5,37670
51c7cb47-e17e-483b-a440-588054cd3018,37670
66dacf46-3f35-440e-9405-b5b3b1d6b716,37670
36ff86ac-1ca8-49e6-b3c0-a9864f48de88,37670
0659f81f-513d-43bf-a862-734b6c0e4de0,37670
e2b997e3-8931-41d1-b528-699dd95bd932,37670
9d6e98ee-d55e-438d-9583-eaa990472749,37670
2ae8499f-f63f-446a-bd53-af7b046d692a,37670
1d5e2637-2249-4379-ae1f-a35f8dda06a5,37670
cb713fb9-7cc5-4e63-a5cc-5ac395024bcf,37670
cfdb637a-6f1c-4779-a6b8-d87df9451d4b,37670
41025b86-959c-4334-a27c-1fbb773b8c37,37670
8da7f38e-dcd7-4c25-9858-8cc96305c86a,37670
a556da55-9d64-48d2-9ebc-765f843f8234,37670
0385f612-908e-475e-b908-66116403b527,37670
66b606d4-99d9-41e5-8a9d-faa96c0523a3,37670
75fa134b-2b77-44d7-b225-fe0effbd9cae,37670
e8646c97-2606-472c-b4bc-532161b2eb8d,37670
b004bcf1-e59c-43d4-95f6-0271c9c3924d,37670
b0c389fe-4b78-4058-b437-b1a0d7ead412,37670
5acc2c86-cab1-450e-a485-9b68f7a82529,37670
f084a88d-21f0-4bb1-bc73-e8ea45ff57f6,37670
41f098c3-461f-4dca-b358-b5540577a61a,37670
e57771c1-24b7-472b-bfb1-d730426e4560,37670
9c0ba2fe-536a-49c2-9396-4cd810eeb3db,37670
37dfe8a6-cd6a-4c54-b610-90454a11f638,37670
d270ac19-6294-4dd3-a37f-041108bb507a,37670
d1232611-6211-4c8d-ab45-04c58b7120f7,37670
80e5f75d-c474-4eee-916c-2bc3cf3ac38d,59488
74f76e76-1068-4445-a44c-e45685d00300,59488
4a7bf3e8-b22e-4554-ae27-3a32212dfe7e,59488
24b25280-e9a8-4499-8bd8-9754c08734fb,59488
b2f7d993-2ef6-45a7-aef1-17a0e1dc57af,52757
146fdd65-4818-4a8f-9503-546daacb0419,52757
544753db-709f-4d0c-8aec-b221313f5d8e,52757
9308d3d9-e6aa-492f-ad81-74cb6cf512ad,52757
e42de0c6-7db0-4634-973b-3076f02f3431,52757
159f01fa-fdc3-48b8-8f31-391354de1d4c,52757
43decca9-6324-45d0-ac9d-ab81d4beb2be,52757
d605efa1-63a5-48ea-819c-c77b148a52c5,52757
620470b9-464e-4055-adcd-c66b3e6ac5d5,52757
062b25b6-1b6a-4728-a9ce-685f369eb94f,52757
2087a6d7-0351-46ab-b525-2694f220a3fe,52757
770c20ea-a0f3-4c5c-93d8-3739d399b3f7,52757
e24d2f95-ba44-4a70-945d-d764c77c2391,52757
d46e0766-2e92-4343-9e02-b6525d0a190f,52757
f66dad59-ef07-4ca2-a87d-3adee655cdd8,52757
93a9f61c-f08d-48ef-9b79-b2cab0814522,52757
0dfc1fd5-983b-47f1-bf14-f56eb1e895c8,52757
8c15db8c-9954-4a6b-afb8-79badcd95e95,52757
f3395412-d404-4909-b817-a5882f960cc6,52757
a2fb8ebb-fabb-4584-be3b-f005a835a3ff,52757
e80f04eb-63b7-47f2-8c36-fa5f6196bfcc,52757
c47d5d0e-fc6d-4691-a18d-c5f48711ba46,52757
f818b72c-ee06-4ae9-9e79-20fbdaf56642,52757
7d5f70b1-1ea4-4725-a01b-a2eb9874f4b6,52757
3790f59b-c3d9-4765-99aa-daa3319494af,52757
ca051a1d-f47a-4000-be5d-7a49f29de2d5,52757
3c488690-1dae-41bc-9fda-f552aa19ad9e,52757
2c2efe1f-8ea7-462d-8173-3efb35c9ea5e,52757
ad75e417-97b9-4e1d-acb8-f3a9e0f1e4f4,52757
57f780fb-82d8-4a20-a139-0c56ea19c509,52757
36a6bd07-84cb-470c-b862-761c53ca5a39,52757
87537cbb-e8d6-47ad-93bc-74e8509570d5,52757
7bfa8ac7-1da3-4ad4-9994-7dc645b6ec20,52757
a4e5e9b1-d6af-44bc-b7a1-7aac38a8d3da,52757
b66cc83d-1bbb-47a0-9b0f-746a08d69a96,52757
4e0e2695-88a0-404d-9307-7bf8be0e5220,52757
5cee1c55-b9bc-476e-872d-04d4bff97312,52757
0bdbd2bd-5a92-4607-a276-463f9b52d963,52757
d5395651-a65f-4da1-920c-3581dfdbde67,52757
147d7adb-399a-4b69-bfce-ac3741e9753c,52757
2cafac63-28cd-4ff4-ad1d-195320b11883,52757
13acf28e-e783-44a6-a504-d7e19471d4a3,52757
da8d7613-2809-481e-9d49-10f8458a8e16,52757
bb9a1cc6-d23e-4003-98e2-cb16cf844df5,52757
6ca5c98b-dc5e-4af3-8186-4d9dfba15d91,52757
d28f3e1e-1879-466b-b19a-a24593439e9c,52757
48b9a201-28a2-4528-be58-de542f63f5d5,52757
d2e8fffe-0d47-44a2-8069-47ad75044e5b,52757
c7ff6e3e-b009-4b6e-b04c-fbeefe0b2c40,52757
f252b8d2-b788-4047-a5e9-c87ac6bc9bad,52757
9536395c-665a-4403-a2a7-cf5c04f6df82,52757
7698a990-0fec-4ba7-9617-e892f4c07008,52757
650413ea-de3c-41b0-b526-034fc31a6e6e,52757
f1946aa9-a4d4-4df3-bb06-2b03bb2c4334,52757
31aafa97-2bd8-4519-a77c-442216dc0251,52757
6ae4cc3b-9132-414c-95d4-0c8901eb594a,52757
c7d98193-e512-4ef0-a7ff-0f72a5290580,52757
3e944a3d-c52f-4ab4-9afe-76d22f779424,52757
8a5ac662-77c8-42b5-a784-46f00f3e3873,52757
5a6cd04a-2f64-4279-8e9e-faf5e5966282,52757
e2a9fa76-7835-42b3-8c8a-579f3f164ac7,52757
1f3a768a-edf9-44cb-8aba-99e27dbaf220,52757
57190329-0aae-4178-abe5-abd16c200627,52757
48c8e02c-1f1a-4f8a-8cf0-6d316c5321ac,52757
a92ea467-c1bb-4cd3-9632-a6d2337c2491,52757
b7860160-d18d-4632-99cc-5d5265f0f0c0,52757
737144d3-fa90-48e9-b6ed-c2da7377e1f7,52757
68a390e1-0e9f-42a2-9ff4-936ab246ca72,52757
9b7136d4-346b-4fab-ab96-7920f19e1757,52757
87c1da31-b370-4c38-b44b-bec3b95fef03,52757
21344b25-0f91-448c-80ed-df7eda9d4b8f,52757
2c4a277a-0750-4867-8d9b-7064deed0c9a,52757
bad3f34f-fd5a-4835-9f2b-bfdb80d2ea45,52757
62cad19b-8a3e-47fa-a006-96e746490afe,52757
e30ecdfe-e5d4-4183-b446-137262b3e730,52757
ac561913-c869-4f6c-9ae8-1f1cf4fe3b66,52757
e19f586f-52ba-42c5-8520-ba23527e21ba,52757
7756d2be-b3de-4154-bdf3-7daeb8c1833f,52757
c0a4626a-396a-4468-9b20-a780a15aa6c8,52757
b572a4ef-ef78-4883-8b1e-0dbfa97e07e4,52757
3c08059c-b5c2-4fbc-9e62-08c6676380a0,52757
63a46dab-12d2-450d-894a-9fc8c4635eb5,52757
edd63eb3-e3d0-452b-b934-d74c2f273f92,52757
6f34dc4e-ec71-4696-a5f9-b5b5ee9510e1,52757
f2cf039f-bfa8-4e3f-974b-004fc2670045,52757
7a5be60a-8b04-4366-82fc-eaedf7a78203,52757
434c3c9c-a21a-42b2-9e02-9c9de210edaf,52757
4a975558-72e3-40d9-9ab6-6aa9e82054f7,52757
9978403b-b12b-4b9c-b4fc-9a6e6775b559,52757
20f1616c-2305-49ab-9e75-c1c651edd9bc,52757
605a9e7f-bb21-42c3-9eda-e01695d15962,52757
bc7d021a-5bae-457d-8eee-697e2198dba1,52256
974b08fb-ca48-43ee-abda-ce7fdbb13a98,52256
f508bc9a-e8e1-44a6-a82d-f7449c7f22a0,52256
af3a8aa0-edc0-4be1-a1e7-8eedee11b6a8,52256
4f277900-4835-4240-a6d2-5251d8cf3fc7,52256
d8a12e31-9f71-4318-8bd4-c5fd138c4fba,52256
0e8e66cc-5dc8-47fc-9109-33c363de6ca0,52256
203bda5a-d2e3-4593-bf2e-084ff90cca35,52256
d6388cae-4f2b-44df-b2dc-9bbfabf08c8c,52256
5fbc956a-27d1-410f-819b-8b2558163df1,52256
7e1b98e9-26fb-40c3-b2df-a966b53c4a2c,52256
b2d3705f-fa63-42e4-902a-d3516eb61539,52256
640bce88-c735-45ff-b9d0-fbcea8d134b2,52256
b598033f-92db-4415-812a-baabbe3dc7eb,52256
814868c0-64f3-48cc-9191-667c4d764fd1,52256
656912a9-e84a-449a-81f4-fabe3ff9fe01,52256
d4e35659-ae79-4310-a2c8-4f6af73e658f,52256
532fe9ec-c2aa-4a53-8202-8b26f831d14c,52256
aa97e86f-aef6-44ad-8c42-46faee921261,52256
6180600b-fc80-46ba-a8c9-672402a0dbcd,52256
2d1de5f4-faac-4433-b9f8-9583679b042a,52256
e8b3fa5a-0fda-4d95-9d3b-dcffb851b7e6,52256
b4d27af8-49ab-478d-9538-79b32de268c8,52256
e81a056b-b8ae-41bd-b38a-a7f0098be388,52256
062bd553-a0d7-4f6c-b213-9a70225ae870,52256
a22587ba-d275-45e7-9c91-0aa3bc811227,52256
c60cc772-f326-410f-aebd-89fcdaeb3f39,52256
37ab3dbe-c689-4fe2-8055-b00582b957f6,52256
f6e97284-b629-40c8-961b-ca4337363e76,52256
320a3378-2e52-44b6-96e1-4d30d675701a,52256
6969201c-ce10-4ac9-9024-3332f4d93fae,52256
039a63a0-2270-4a16-bf13-374bd3deb6d5,52256
568d711e-8ac1-4fd9-a8d8-c309c9344dbb,52256
0db21031-d25b-4fff-9f1f-664d52c46266,52256
910ae420-fe13-47f2-9193-0e085542e920,52256
67349093-5f57-494f-be21-e4e0fc1709ce,52256
5e29477c-4d5e-402c-9fc6-9258b8e13524,52256
6fb434b8-1cb1-4a78-a477-fa71801d0575,52256
6361d82e-27b8-4c5b-aa0d-7c1530d0cc5b,52256
7528c84d-fe6b-4b2e-a401-11ced45855cd,52256
cce00e9b-638d-4d7e-82a9-e7570d25f64e,52256
571ffa6a-dad5-4820-9227-2d4585efe3c3,43750
4b6ac78b-bc18-474e-9bc5-d7d2de8dbd02,22038
adee5c01-be64-486d-9c6d-7d49dc97132d,22038
5eaa2491-dcc2-4d61-a791-b286d650004a,22038
9d3ce6fa-7b03-4ace-a27f-e95853223ac4,22038
a669cf71-c58b-4201-8014-33847a6ae934,1416
019e0762-6852-4e81-a73c-dcab250ddd2c,1416
99d7e302-ecf8-424e-92c0-ab7315af26fa,1416
99ceaabb-ba52-4e98-a48f-1baaf22d7dc9,1416
074578ed-ce24-4786-99a0-3ca4177e8cf4,1416
35f4176a-4776-42ee-9a48-1baf1e01d98d,1416
1bb23882-0baf-4ff0-9bcd-356c1a15c6cc,1416
b7a47508-37e0-4b0e-bb23-8ca16e17dc41,1416
58f81b2e-f7ae-4d37-a2cf-7db0c860a730,8761
ec5db329-32ed-489b-a579-da0f5c73ab8f,8761
a921e456-075d-472d-b04b-5bf324516fd0,8761
e7ac60c9-4ec2-411d-8f81-98367fdd3d29,8761
51d77d76-7f03-40e1-8a8e-1ffb217ec43a,55786
c139d5f6-8656-4574-9085-c5c96654676e,22509
70bde70e-b45d-40bb-b66f-b0c9c2f76daa,22509
09012cd1-3fbe-4ca3-b998-cc7cbb119290,22509
2a03ba3e-11dc-43c1-a709-4c85ee951b89,22509
a6cbcb1d-3040-4fde-bbd6-156b36aad7f9,22509
96bfe421-9df4-42af-b52b-58cbd0a523bd,22509
69147b4d-db70-4129-9a11-21dd9ba7ca67,22509
23d15050-991f-4b59-8fbd-a6755177326d,22509
4467e9d2-452e-4924-bf09-39bf390c2c49,22509
5f85a5b4-1c18-43d8-8eda-cfc9072be671,22509
779a77af-58fc-4ba1-a659-22140a0fd7c1,22509
9aeb3117-f8d9-47c0-b025-a5e7cb0a8fef,22509
5ce78c75-3a03-4aec-affc-d3e95a2baff7,22509
5e80ae41-b659-4d3c-94d4-44e9e79aa4df,22509
e8e22dc4-2f2b-48b3-a910-0ea3df095098,22509
5fdafc58-926b-450b-a6cc-a770a5763e73,22509
929ff987-3ad2-4aa5-9ef3-e132a3ec2d78,22509
9cc804e4-454b-4919-aa8e-6ee25d5b34b2,22509
192c95d7-0fc9-439c-aa96-9d10e6f21127,22509
0729ea5a-bb25-44a9-bff9-5713299a3b60,22509
671fd126-0c2b-4987-b906-d0b406998b8a,22509
83e7effc-2bd8-41d8-969e-dfb170e45d44,22509
90d021f3-0c93-48d3-8487-8db91a5ce186,22509
fc3f8d33-4d09-438f-b9d5-10f0f17feea5,22509
594056f0-5c5d-40f6-95a8-6aa7f39ba193,22509
4d6543f1-9581-49ec-ae4f-e52c64da851f,22509
8e49f093-56c0-49b0-8930-6fbfd78dbf0b,22509
cdad7e36-4207-4106-8529-30e7a8f21f28,22509
5fcf59b3-5712-4a12-8c16-cc98217e8ab3,22509
fa0d759d-a853-4130-b87a-665a39f51694,22509
814fd747-4b3a-423d-a0d8-34ce3af188e7,22509
0737418c-68f3-4cf6-a437-9b42d2727416,22509
d31bd85c-2e00-4dc3-a06c-f80296459bad,22509
1ff4a9cd-027c-4ed0-b15a-4f12a37a14c9,22509
ab8801b9-bee1-44c3-a685-e6099227dfa2,22509
eb7cca73-a72f-4733-814f-96a2f114eafa,22509
a793359e-d3e9-4886-9098-b9aa498cdcf0,22509
823cec9e-5d04-4bf5-aa70-a55b40633cca,22509
5877ca86-f595-4927-b489-ce580ce8a9db,22509
68b4f543-8f63-4b38-a983-86cdd22bebf6,22509
67cd70a4-dc44-4235-a187-99df36846799,22509
bd195ef6-5f12-4282-875a-eb763f5f414a,22509
48da49a3-795f-4839-a03b-44f19f92b6e5,22509
675db3ca-c62f-449c-ad16-72afe4c2ae93,22509
cd24e495-606b-4fdb-840f-1d4e8d220e13,22509
1bb79c89-4b85-47cc-8b81-6c9aedff77ae,22509
16352486-c83a-4af2-8908-be779f9921ef,22509
c7b66de4-949b-4651-953a-5021230f19d4,22509
84ed0e56-b894-47e3-8cd1-71d395abe9ae,22509
9e0f30c0-7854-4841-b039-9ce905a60304,22509
1131527e-e165-449b-a871-d8aeb127fbfe,22509
f1568779-2d08-48e6-abf1-300403679434,22509
dadcad0e-7b81-4ee8-8072-4ac6d83571fe,22509
da7467c1-ebac-4a4a-9da5-b0f14e0148ca,22509
2c94ad73-83cf-4d66-a977-70944eb9bf59,22509
a7dc768a-e10c-484e-9f1a-a057beffa9a7,22509
db33a520-7054-4e83-8994-32a2cb9fa470,22509
cb6a00ef-2ecb-4264-80c2-968c4291758b,22509
85f972a2-a662-42c2-8098-7fe5d809f9ac,22509
a477b6f2-4f46-4391-92e7-3928c1a601ac,22509
66027e50-b12c-46f8-bf81-f986b07d6b42,22509
5b773070-7359-4d9d-a90c-f8af990c07b5,22509
f82261c0-2bb4-4e46-ab04-8a4c25c259ee,22509
bf52405e-7daa-45b5-9861-bcf83f247d87,29112
2405ebe5-3b0d-4890-bd85-6262690d0c93,29112
b03b9e97-ab01-4bf4-b8b1-91f9876aeb3d,29112
df3ea1dc-dda5-4c65-99b0-d139effaebf5,29112
8df78119-1f45-4d88-9d10-08752a466351,29112
b83b087a-1b40-48c3-ad25-76b36671eeb9,29112
04181679-2177-4d55-9fb1-688d1cbc7ece,29112
83982bad-2189-4aec-9054-dad02c49a92a,29112
2dd557eb-ded1-4b66-85f6-d67b10077020,29112
446ae1ff-4f5e-4e1c-9181-903bc8d42b9a,29112
5bd92bd8-6d65-4c82-9421-c86a06020142,29112
4dd586c7-b164-4127-b689-6ed4ae55126e,29112
01b4cd34-4a4f-4f3a-bd47-03be06642dbc,29112
e83663e7-eb37-4dfc-87e2-5390aa16d76f,29112
3693ba62-4667-4e3f-a455-f4e75eb4ae2d,29112
2206f1a0-cf0a-434b-897e-153bd14ad601,29112
558e6e06-63d7-4413-a647-3f23ab7117e7,29112
83929e8c-d903-454f-8dca-7c1fabf9c796,29112
792e6a07-2ed0-4deb-b753-6aeb41c2d92d,29112
cbc78e14-5c57-49a9-9c8f-a2f195b6bd93,29112
42411071-2c95-4f23-8fae-bec08930fee8,29112
a2758e90-dc41-48e4-a5bd-7e9a6e73f473,29112
3613a3a2-7f5a-44c2-9570-29c8c5a6a9f6,29112
f5c2ebbc-0ee7-49c4-abcd-93c6f4bff618,29112
fde20ee2-4c7c-4d78-b08e-9f2bac7845fb,29112
4062bca3-e534-4694-9ec4-16ad53bd0132,29112
b80a9456-1d90-49b9-a8d8-155f047345e0,29112
f3b0a30d-93ca-4c30-aa6e-2c25af6f54f6,29112
7a807d9b-3182-48ed-8d58-cb1b1469ca2f,29112
223fb016-3072-45e6-8eb4-5127d63d2f4c,29112
15ddbaec-89d1-456b-9376-dcf4b8819825,29112
92fdfcae-e08f-4dda-aa27-11c9e04cb90c,29112
80f49be7-af85-496d-bcca-b4d49d728666,29112
42912ca9-a0ce-48dd-8767-48fd72fcefac,29112
dc955427-d558-40a2-a129-8f8a61a7bb13,29112
29c772af-66c8-4174-9725-06d75ba3b56f,29112
aabb4aa6-bc3f-4ed8-b4b3-d2d3f4cf01a7,29112
cab1e524-71e5-4ccb-88a6-f5ceef57a6e8,29112
28464813-d1e0-41d3-9bc7-cc32ad098b45,29112
d52b4fd7-af94-45a0-8834-94c79e1bf356,29112
5faf6e41-6b5c-480a-a5b9-23647505c0f5,29112
5fd874cf-b8e5-45b7-8283-dd0d0e6270a6,29112
44e00d5e-ab0d-4613-83f0-7b2516681d0a,29112
7fe30aa0-a930-4b8b-af7d-7a638f18d14f,29112
affde708-28e3-431d-a993-04e9275efb63,29112
a3a6a3b9-bf70-44fa-94ad-ce6f6b06e96e,29112
66737ee9-d295-4c50-bc19-33497d28c15f,29112
7a6415d4-eed2-4b95-b6f8-ce7f300acb40,29112
573fee0e-b557-4343-a677-1b0d37759f8d,29112
adec6f2f-0637-4fcf-bf3c-661b9ad1c519,29112
abbf3138-a75c-4061-98ab-d2df52c7055d,29112
c5c37652-ac6a-4759-9120-6c9ef6f6b5a5,29112
2db2fe47-04de-40f4-8aa4-b892e81633b4,29112
f571d3a9-9dac-422c-8486-81e91165bb37,29112
93ead891-d291-43d7-a1a0-978f6f14bf39,29112
e9e1ec43-421c-435e-b09e-854f7725454d,29112
ed0194ed-bece-4716-b095-af072d2aaf7a,29112
30e779db-a2d6-4632-b762-e712e3309a18,29112
88378ce3-f4ee-4c74-8bf8-444d9b846c0d,29112
a869410e-8b59-4256-9564-7b6d01148f14,29112
9344f383-e092-4fc3-96cb-d6054b237a25,29112
33aeb492-148f-485c-bd19-55c4d9935ac6,29112
8325b455-64bc-4382-a26b-726909491b24,29112
8f8ea2f5-0314-4fd2-b90a-11a41e70f643,29112
7ec5c62b-2fa5-42e9-9928-23413bc038cf,29112
c691387d-65cf-41da-bbb2-de7f906493f8,29112
7e8734b3-b6bb-4c31-aae4-2d5b0ede7111,29112
0fad7820-6c0e-4bfd-8354-a168404808e6,29112
5a91caca-6c6b-4f0a-a7f2-5ce800357154,29112
2d741fd0-c7f8-4e86-9407-4d7ade2b7205,29112
a88c7095-c9fc-4d70-9fe3-4d1065c667aa,29112
d4f72d1c-0a42-4a74-91a2-d6e514842ead,29112
9bc99cb7-c43f-4427-8c62-42c430583890,29112
b01faa10-33dc-4e18-84a8-0c0793765e2d,29112
e11bcc6a-e1dc-4805-9ad2-3d3e28c15d87,90416
5b39f3bd-53c6-4fb3-bf3c-cd7dc9c0d496,90416
29e824a3-92e7-422f-b56b-9e7486ae7bcf,90416
a29936cc-7bd9-4d31-83ae-9fe78ef047b9,50514
06482b1b-78d8-45a6-94b2-18bd253776df,50514
c47e1ba0-6a82-4205-806b-0c1bbdde7117,50514
8506c38c-8b62-4343-adb2-0e4d57b0b8db,50514
99ded7fe-15d5-4a37-bf18-22d5fd9dbee0,50514
e5304dfe-3666-4c42-ab35-d7a240319ec2,50514
c24979f6-b627-4d85-8230-2ece1d0e0cfc,50514
a51aa0a0-133b-4566-a8f7-13a2e3ec1137,50514
7084d105-1bca-447c-825e-c39425cf30f1,50514
edfc8a51-a6aa-4451-8026-dff9fd466946,50514
76f897fd-90d2-4a50-94b8-9484e0faf489,50514
01b66723-0456-454e-bb9d-1455c40c8804,50514
36704d8e-e966-4b03-bc4d-abac3658a149,50514
e26f9818-b44b-43f8-bdb6-c15ccf7f5388,50514
dc3710c3-6759-4108-89a1-a6ba0005ff7d,50514
d4df6f4e-4a98-4aa8-a7f2-3acecaf22a92,50514
98f589b9-0ed8-4172-bcaa-0dc0fc4184aa,50514
b0a15e2f-5303-4ece-a409-ef571558ffe5,50514
26af5e39-a054-4b42-9e17-c54d3262fc48,50514
00ac9e1a-0b90-4d53-94f9-e64aa276b0ca,50514
f6e45281-72cc-4260-b25e-83fe975c5151,50514
0b56e631-435b-4455-8ffb-8e8a28c81385,50514
3d7bc4bd-1ff1-4bb9-8a2b-3e627befbc6f,50514
030544b4-bf28-4486-a9ca-b00e9f1db852,50514
31094379-03f7-412a-ba96-172c5d9d5eab,50514
22ec364a-6e6f-4f75-84b7-2f965c5e9921,50514
1b472b1d-1533-4124-a5ee-251a836385a5,50514
40d9e664-c375-4646-bd58-0ad6c89a89a6,50514
6b3f0f61-6a60-4f28-85b0-15cb6269ea75,50514
0a409a98-ae49-4e5f-9b69-2fa4b41bc0ba,50514
97ebb260-3bf8-4360-a8ce-de0ad223788b,50514
68c56644-6dea-473c-9bd2-2b17e85e826f,50514
d8c1cdbb-e431-4e9d-95fe-a1ba5dc57dcf,50514
176a8778-2078-4063-81ac-a6d4d781eaec,50514
f263b91a-575d-427b-89df-14beefb306d3,50514
70ae90c4-8378-4357-bd7f-62f9a6fdb47d,50514
bfb7e371-a670-490e-8b16-6656ca6b1397,50514
b6deafc4-9754-4fa3-ba44-c03f400a0881,2053
fee31b03-7316-49d8-b227-ceb27380e057,2053
e535d830-024c-43a3-be94-b3e4c9b9cc38,2053
3f06bb61-73dd-45d4-85b1-7e167868c6a0,2053
96504d8b-5316-4b04-8d72-c9e3eaaa99be,2053
062cfcf6-5f06-4486-a1b4-e415532b978e,2053
8309992f-4d2c-487d-b21c-98bc6f92f5a2,2053
805c90fb-2234-40ea-811f-8f9d7a6566a0,2053
9f1e66c8-5bec-4cf5-a399-a0e79de8c7dc,2053
f45cf3d9-bcf3-4dc4-8441-2959ba7aaa04,2053
806471f0-b908-4de9-82f3-5bc50b6f3d19,2053
816ff329-1008-4690-94a6-36eea6855918,2053
37145ba9-7bbc-4f6f-983a-b88a5679f98a,2053
9febfdde-2443-43e9-93cf-e48f9eb3d441,2053
4131fabe-5a87-48b8-b567-e847f1a40213,2053
65803f51-c2f2-47bc-8e8a-19a6dec3b2ab,2053
0dadf92f-9eba-4678-89f7-88900d4ce59c,2053
ea71cfd3-ef69-439e-99b4-e0078dc47875,2053
21533b4d-7930-4556-b649-45f9d52884ab,2053
71a26c00-cfa6-404a-9925-080f5e720701,2053
e0136129-4d50-4d54-bb70-02e5ba6e441a,2053
82944b9c-f281-4c41-a67b-1de4fbab8257,2053
032c9df8-9575-431c-98df-50987f833754,2053
1373c714-eba5-46b0-baaa-d004857f7678,2053
b2fa45c7-1187-4d4f-81c9-197ca7589ee3,2053
62cacbbc-1840-4bfb-a16b-ed555ef23db9,2053
f41b2474-44bb-40fa-b70c-d9ed09a9e91d,2053
a520c2b1-ad38-4176-86ea-096a7b9d1b0f,2053
f3ac5010-39dc-4504-bfe6-dea26bb0ef84,2053
a4d18a56-c302-4016-9f89-d094debf851d,2053
287e781d-0b27-4b34-939b-4bf5c74079cf,2053
23be3b6f-5f87-4487-8140-7a6f9976de03,2053
5cb9ffc9-c804-4153-ba00-250117367355,2053
c7a5a5ec-b583-45e5-abd6-468eb095c7a1,2053
5dbb683a-1494-4bc0-bab0-8b083f01b121,2053
6973e757-c830-46e7-9ef2-d93b5dd6f15f,2053
17a9c5c3-75be-4b05-9edb-83ac0255494c,2053
a228dac1-f898-47fa-bb24-d0ce3d2efe56,2053
0d77d708-738a-4275-9be6-dcba72463475,2053
63d08d8b-0c0c-4910-8314-d128d032afac,2053
fbc0b461-04b4-448c-8219-b93e9ec9fa1b,2053
5427f5d1-e86b-4f82-b941-8e5c28dc7a61,2053
adbb1107-ae3d-41ae-8aa1-873c146be81d,2053
f0a23cb6-265d-441d-a573-152fa456cb2e,2053
835316ec-98e1-4a6e-add0-1a8bca16ad11,2053
bd348604-3220-438b-813b-5b3c7d3d4275,2053
59737e5a-a972-4b83-bdc2-cbde6de2febf,2053
fd880410-fa2a-423c-802a-32134c2721b0,2053
46a9356e-ee31-4a69-9788-8ac61ceeedae,2053
305a0d74-bafe-4345-8e99-f217f310022d,2053
fc864008-3dfa-4547-a1b7-bde04c150049,2053
c76b97ad-1533-4bf0-8332-19b282afa48b,2053
d3ba4825-00ba-4f76-85cc-22d6c143a763,2053
972baf72-7f96-4809-8748-5479abdd84e7,2053
00c62b78-aae1-43e1-9188-e4c2278fbc60,21382
18fa3d03-1d95-456f-898f-37301e746e38,21382
37e0a112-c15d-4025-8bf8-4d84a9172357,21382
a5761f77-dedd-47f1-89aa-2f411ab9baa1,21382
0dbb5d39-b8a2-42c8-b8db-1b4152ed6d77,21382
c3d30ed3-371a-40f3-8380-91329083c9a1,21382
599cf01b-d2f3-40f2-8863-5a76ea385629,21382
dc44e292-a52f-4f78-ba42-85f11afded5c,21382
7c3a62f7-3383-4608-bb0b-176736c181d3,21382
ec3956f0-7983-40da-882b-998531f61984,33557
861db234-55b1-4f06-a654-d4ae980fc4e1,33557
ff96a148-b059-4a63-83e9-cfe6b59a747a,33557
57d8f587-4ade-4fd4-8eb3-d1468a619662,70390
58882d48-8a09-4860-9765-8cb1f002385f,70390
30885f7e-9fcc-4fee-9cb0-ecd85f5e1bd2,70390
68216576-a900-47a5-9965-fd759ef62ab3,70390
828b930c-57a3-4e17-9ee9-1ccedc33f8c2,70390
e72047e5-c5f6-4ab3-a4a1-47330a6993f7,70390
13482575-78d3-4144-bc7b-f296cb8c8c38,70390
f9ecb3f8-c150-4696-8942-66a101ae7729,70390
cb37ffe4-4348-4469-9163-1eb973c8c02f,70390
8ade6590-e699-45c0-bb7b-1934da127e42,70390
efcda499-fc26-4931-95a3-90388247a2c6,70390
8e7bda8b-d09a-40f2-bf28-6107e8d68f53,70390
7228c7d5-1914-4fdc-8111-6f7a3aa36d98,70390
08fbffc8-ee81-4703-a3a8-5b031b71ba7b,70390
9bd9f3bf-cfea-47c1-b03c-36817f7cbd35,70390
97cd7f60-3af7-443b-9d12-51f1febf82b6,38343
6d00fc3f-6b9f-4795-9e2d-a47b6ed166c2,54329
e91f554e-ffef-4083-ae77-4c727463fb10,54329
a5fcf584-3426-4fcd-ac57-fab652b997f4,54329
081a7fad-24dc-495d-bc1d-c2e0f7d079c0,54329
a60eeb32-27fe-4ccf-bc11-3724003396f8,54329
6e40f730-5cec-489e-8021-cb25c9101ed9,54329
f87fcb92-4fcf-4e31-ad64-a41d0bd3381a,54329
7d8c9771-06ce-43f6-af59-6d8540ad2513,54329
107936a3-5358-4359-a8f8-b7ca23aa705f,27712
22af9c1b-7d01-4140-ae23-04c789ba91bc,27712
4a6f0d5b-88b3-4d07-a0e3-67b85db99eec,27712
bb51399d-76f0-4437-98b1-da192a8dd012,27712
b0c28e16-947b-40af-a8a3-dbaafdc4cd70,27712
43d0e1ee-f497-4f45-ba74-3af85739b65a,27712
63f4b6f5-464b-4917-af53-661c7716e242,27712
0963141f-cf6f-4165-9a92-874c0a94c38d,27712
e1c36aca-5190-48af-83b6-34094c85ee71,27712
587c655c-5a3c-4db6-b628-813e14017d67,27712
84686bc8-85ec-45d2-b8ba-727dc3a3c88a,27712
001bb157-a53f-4640-b759-4ff627165504,27712
27408312-939e-4911-bb7e-bd5ca05e2b05,27712
018c65c0-ec4c-4e89-ba5c-8c12d0a6e5b7,27712
cf42f0ee-1ada-4f4a-a9bf-8f7815abe54d,27712
bb7bbe9f-0632-4a68-aa9f-0ebb387ff67b,27712
51c76be3-8c1d-4358-8313-6e6ae4b281a9,27712
759e05ab-daff-4bfd-9f66-60b1c6cf5048,27712
4fdce3ec-907a-4073-b095-79e3807b430c,27712
5753235e-f269-49bd-ae7d-86d744613586,27712
f3a7d18f-fb0b-4771-af95-aed7fb46561a,27712
c78df47b-cf3e-4fce-8ab2-26a7e4ade73e,27712
20b50b6b-339f-443d-b625-6d17acddbf2f,27712
d3dc1729-f467-4df7-be1b-fd695b4b8221,27712
b6ac9ff0-9896-4716-b027-d58198c66e5b,27712
fa5719dd-55b6-4e83-9d0e-c219e39ca651,83521
a4ad8d32-9d2d-413f-b6ef-512b62de82e6,83521
55abdb91-6264-41e2-8196-ba4712d28921,83521
eb5d3ebe-151b-4926-b30d-3fc63b715867,83521
0f33e39f-234b-46f9-88ea-a6fe724b6d81,83521
4592137a-df0b-42f6-8170-978d75affcc1,83521
4926b18b-22e5-4d31-9878-abcc9b2e347c,83521
1b33a1c4-7953-4d5c-85b1-9a9bd2f981da,83521
e276b2e8-1560-4a17-87b8-675cdf320874,83521
45311100-4065-4d6e-82e0-02f25d53b66d,83521
475cde2c-a2b9-4a56-9b3d-511797330954,83521
9d84e04f-da42-4f5f-8d69-a5b88cb06627,83521
61473559-2ba8-4c89-8cc7-15bc8e7b63a2,83521
af0fded5-eb38-4955-a7b1-51904943acb0,83521
68ed3a91-5ffb-4bad-a09f-93489a9e810e,83521
ec61632c-d8ee-43d6-a440-da9aecaaaf52,83521
9b4a27f8-6f39-4a3f-bf6c-817a393f088e,83521
27429e45-a891-4b21-95f2-0e8c403f36df,83521
cdac1b09-5f83-49ef-b76e-8b47d7533c97,83521
3ed3e196-453d-49cd-adc9-2d0d89ce27d8,83521
7839feb7-a491-4b2d-ad68-5900a33865fb,83521
dc3fbbc7-80cc-4e37-b09b-97d9c56a2722,83521
fa8654c3-e320-4840-bcb1-c91f014e637d,83521
0246f43b-e8af-4bc0-bdf2-9bae14250969,83521
dc28e93b-72b9-4fa9-b937-1623b621b2d2,83521
dedf4dae-673d-4dac-b784-967715dce673,83521
073a326f-4566-41a3-a08c-ad0b91069aee,83521
e8f9db34-d601-40ac-9a2c-6b60aa6e4cef,83521
53e43f44-0f45-4755-9af8-4a0ad98700f6,83521
09c6be6f-88d7-4e12-8c14-a1cf80c45964,83521
aa7216a9-e554-4933-98e9-c45dddc8becc,83521
b7111e6c-d989-45b2-938a-1b29c5bbf63a,83521
4a3d8557-c4e5-4757-9c6a-ebe9dbb8b846,83521
d1071542-e95d-4fe4-93a7-7e2b3cdeade6,83521
66d146eb-7d90-4ed6-aa2d-b80bb61a51e7,83521
73c5603d-db4a-459c-8eb9-a7689a3c312a,83521
2c703946-c4d7-454b-a913-8a06498eaf49,83521
7ae596a7-c9a7-469f-8e50-9dad9051f4f7,83521
03c93843-3b1f-41e6-a7a1-d57754cac940,83521
ebded4d9-3049-4fcc-bce7-900cd63099f9,83521
136f184e-b5b8-4fed-9fc4-cbf2fdc38ba4,83521
f3e87e3f-0e45-451a-b3a5-dbf6dc7757fc,83521
b8b216a4-7079-48f4-aecb-fd0ced10c1c5,83521
455bad36-1cac-4b4d-9eec-bba57c5c0739,83521
0b593e4c-509a-4c33-ac88-8f6fe6e24203,83521
caaeb583-4d3f-4068-8bc9-70090cc99097,83521
07328fa6-ba62-419b-a277-ffb95a881244,83521
6090b453-975f-4035-b497-4433a1b6eb0c,83521
77a3eeee-d033-4096-a029-f6ec494bffc7,83521
f97d8971-95ed-4eb9-a93e-66c672431b5a,83521
74ff8120-adff-4318-a17f-f5cec16e1bf3,83521
3077b213-9253-43ef-9b6f-5c8f6f1de8c0,83521
8e4195fa-0319-46d8-8bb0-f8b3eb19cbeb,83521
26f92c2c-36df-4b86-b365-7c2d1c508ec2,83521
1f19983f-8b39-46de-a6ee-4f3104b9f99a,83521
9d3d246e-ba8e-44bb-bcfe-bbcd2a0c92da,83521
3e45b534-18b3-445c-9c56-e5c069cf2e81,83521
02f785ca-2d53-48b8-8be2-4a9a52e40dd7,83521
07267647-5d28-4dd9-b8e8-2bc3178ced92,83521
b3b50b18-1a15-425d-b6e7-166b2de72645,83521
2ba9a40f-f23a-4333-8a5a-fb2f877f2f70,83521
822743bf-c2c8-4f41-b687-94c9f464ca00,83521
3601bf61-e592-40e5-a3ee-02f4450f4ede,83521
4c7fb204-f178-4084-b43d-93dcf8c45cb5,83521
5a05da39-0dae-4f25-93cf-bba8a39cf012,83521
630cd867-f1c1-43e2-852d-4f99e4b125fb,83521
4f868e98-187c-4cb0-84bd-e169b244c0df,83521
0b75b425-a313-405e-a1a4-9e20b5484d46,83521
bca63d1b-a587-4506-948a-0566fe427599,83521
8035cfc7-c360-421b-aa39-b1a8ce038193,83521
578d59fe-f475-4a78-9e2c-df758a7026e3,83521
75f0d36a-451e-4ced-89c0-6ffcd966db83,83521
fbb0f839-efd9-4c3f-ad6e-22223aa98bdc,83521
45ceba5b-ff1b-4690-a6e7-ca4b973adb7a,83521
31eb9903-7504-46e8-b141-f0c651f251b3,83521
a15741a5-b99b-4415-9f4d-cd4179f489d9,83521
735835f3-6e3b-445b-8fa4-2ab3353d9e06,83521
be8475d4-20ed-4013-8681-7d65fe96e8a4,83521
d4543053-ed19-436a-ade2-0e7985af69d5,83521
c3c6f31b-22df-4b18-ac2a-736ed7010f10,83521
80443ed7-bb39-4036-ad44-df1fcae280a9,83521
52aa5f1e-78c6-4cdd-8d82-6b1c3bfb386c,83521
29ba8588-f337-4e5e-83f7-689cd602c28c,83521
ef20c0ec-4dd4-47b0-8b89-002ff2358bd4,83521
6d9f1bd6-8458-45e3-811d-ac8ecfef798e,83521
948a07f1-3d38-4314-b059-2ee4afac8637,83521
8b074627-cdc8-41a9-8c54-38ba625bf754,83521
6f8fb330-2adf-4ca2-ad73-81e4377a2fd1,83521
695fde8e-45f5-469a-be92-f1308166e165,83521
122f566e-573d-4b55-b0b4-f56ecd9b1436,83521
a6756bdc-590d-45d3-900e-cdbd76d9b44c,83521
4b69d86b-9368-427e-87cf-97065a37a796,83521
5bbcc071-2ebc-44f8-98d8-a3dcab799f44,83521
000375b7-7bac-4fab-bc77-b1a79a2ad55f,83521
f7280843-e54b-4be6-9b26-523ca40b50ba,83521
15be1120-9233-42c9-bd59-481901b8b3f5,83521
7f702274-f771-45ae-abe6-58a88ba55516,83521
315eec44-ec07-4ddb-9dce-b8cbb7dac490,83521
e397b514-5a32-40a3-8820-6219f3704536,83521
267602e2-be84-41e0-aa0c-1f911857626c,83521
60883b6a-8dde-44aa-b3c6-fe30fecbb6d9,83521
61355cae-6b40-4d7a-a33b-654c2ecc4aff,83521
a9c023c5-f06b-48bd-9d5e-edd75e2f9f75,83521
6920cc9a-a7e2-460a-a498-5bf2a3546316,83521
0a025bd1-c273-4130-be32-7b514d2d25c1,83521
8826117c-1afe-4940-bde3-8522bcfefc99,83521
9d6a10c5-cddc-40d9-8d6c-536a8bcbf8ec,83521
6b50279e-ece7-4ee5-98bb-b211208b564c,83521
60292624-0ea5-4c8c-8892-dd245769f0e0,83521
367f1d2f-349d-459e-b5e1-64860f596708,83521
edabe608-6623-4f44-81a7-1e113b3733fe,83521
186fe3a1-23eb-4218-822d-66686be49e54,83521
1d2a9790-893b-4e4d-afe1-e1198dba8e36,83521
b3c93fec-0f2f-4cc9-983d-b24b4ce47191,83521
01d7c6b0-02d8-4296-ab2e-9e770428372a,83521
2bd4fc0c-dc0e-4e3e-92aa-5b2dc6ed8554,83521
1bd6a6a9-d1b4-4562-903a-0abd8bdca0c9,83521
ecd1e49f-5b8e-436a-8552-03b73f4d3964,83521
6f8f451a-9307-4a8a-ab06-e727e6bc1dea,83521
6c77263c-5299-40a5-95a5-31d9d3dcde0f,83521
d62706cf-5487-47b9-b150-ba521a507006,83521
6bbf67f3-6593-4a2d-b5c0-53acff8dde13,83521
5c08396c-dc64-4df8-9228-f104c166a4fc,83521
a351ace3-de45-47ea-9834-87df614ac83e,83521
fe069361-27ba-40e0-82f2-f5f077ca8bdd,83521
e534739f-5c76-4e30-a87f-f074bb031ce8,83521
f2db70df-388c-4be3-a992-db5136fd4152,83521
d53d893a-878f-4179-9c67-1f32934298fd,83521
1c6e7554-b22e-4671-9c68-7323975231be,83521
89a18161-52f6-4cec-828a-5df665709d86,83521
a3c47b79-b6f1-4c8d-9c9d-42e8676f3fa8,83521
811843d6-2751-4328-b227-b9ef5237ff08,83521
6ce58751-d626-4a02-bf6a-d5ad6e82d02c,83521
86d02976-3c25-451a-af50-b6c0c8b35f4a,83521
0de57c19-f8f3-4bf3-bbad-31cc241d9a4f,83521
6cc16158-fd88-4837-869c-c2bd6fd7000a,83521
58039314-d9c9-430b-beb4-ae3ce2b041c6,83521
6ea14be9-c9e6-4dca-b8e6-57d7f4b27ccb,83521
96e73552-c01d-439c-b1eb-52d8d4f4c36d,83521
0a3db08d-2860-4546-b7a4-6da5d3638775,83521
37fddab1-4cb5-46b5-bf1f-1baccd1897f8,83521
2a3397b1-52e7-4c10-8ff0-360e879c0301,83521
79e52010-0c98-44e9-aca8-e98d85f40520,83521
9b458e69-ac13-42d2-ba2b-219f210c24a4,19664
b882b490-52f7-4995-b97e-cd65ee404ca4,19664
278c9346-ee2f-4575-acee-b835b0523146,19664
173e6a02-9703-4df1-b76c-39cc16fee6ed,19664
491de6f5-0bc5-4d85-9a35-61fffea917ee,19664
3767071e-9a3c-463a-b3fa-8b211f641a44,19664
2b2fc7f1-556a-4bd8-b4a0-3478c6978f76,19664
54e02844-e0bf-48ce-887d-005a87664488,82088
01fca55c-a0f5-4c24-82df-915a4cf811cf,45576
c6605c88-5123-4f4a-8978-3d40d8fe6ce3,45576
d00c93f7-3fe2-4d1d-ad7e-1a89fc53679e,45576
76ac00ee-4326-464f-a598-62794a8f8e2e,45576
77ee474f-afba-4540-b8f6-772d6bfba2aa,45576
6af7f510-430d-40d0-ad12-5ec602aaff88,45576
25afc0a4-c72e-453c-8eec-0b4c66381d7c,45576
32744f69-3a2e-4ae1-a64b-e90d044ebcc2,45576
51aad177-2fd0-4f1f-b862-2764087405d3,45576
2325d364-77e6-41a8-a017-fc7907752975,45576
ad28a08d-7921-4ccb-932a-6738d1bb423e,35318
bdd11748-b76c-42f5-b5eb-855469a212ac,35318
9f57ad3f-f4d2-43d4-b60a-2017737ab9f7,35318
11cb002c-7c9f-4687-ad85-59deb3b6475a,49672
f680d5ec-ebf1-4ce7-b394-ba593cf7df4e,49672
fca77b0c-3d76-434c-8fcc-75d3d746bf3f,49672
bbcbc37e-cbf6-47db-8a82-581f76ec8512,49672
ce96f14e-9476-4142-bf0f-e1aced1ca75b,49672
8af0d206-ba6f-4d64-8513-ed72cec72e5b,49672
f3c4e18a-0673-40ff-963c-137705506b82,49672
ba54f961-ac19-4f58-9892-2545c1fee7d8,49672
3e1cd22b-6ec0-45c6-85f8-96b5221c939f,49672
2bfa005e-e9b3-43de-8209-7f687a305f88,49672
82ef96ca-97f7-4110-9d0b-b01a3832c719,49672
fd9398b2-0260-493e-9966-63c32e47971b,13860
e3bd6c7b-de98-4300-a5a6-a4835fa834bf,8322
cbcac2c2-704f-4077-8058-3229a3ac9c5b,8322
30e8418e-35fe-4c27-a601-9477a697922d,8580
b5e5a92e-4f96-47ef-a1c7-b0c8075ea71c,8580
d036ff88-9784-4ff4-ab92-aa0a42308c8b,8580
aecafb1e-bcef-4134-bb07-83c024464034,8580
d21d7af4-27a8-4b8d-bf08-dfa7e4857067,8580
d464ee6b-e754-46f8-94e8-2be97f539f26,8580
f6f4b216-0085-48ee-9d72-329134ee50c1,8580
27b0f9b1-db7c-4f8a-977d-a2bbd68c892f,8580
afd32322-6b0e-4bdb-887c-f41295a38184,8580
e49cbec6-f43b-4866-9ee6-8f15a8b4854b,8580
ddd90b93-1652-4e86-8f36-3f39def479ed,8580
859e214a-25fe-4ae4-b504-445208f5dced,8580
8ad573fe-196b-4ae6-9ba5-a5f80e7774b4,8580
3f0d3789-ca98-4892-b106-70c5caea2bf2,8580
5f5f5f57-09f4-4ce9-9919-d36a3efe2b54,8580
851563fc-b27d-4185-89d4-9bda4021d4ba,8580
69a42590-60b1-47a1-89ca-ec2ed680e862,8580
4d880fc7-4a1a-4c0e-bcb4-b2b9cf37a147,8580
0349cf59-ab91-4132-8c35-5329591f7938,8580
7c11e1c3-1815-4ae4-b2d4-d1c80caf3911,8580
47ffbdce-8ec2-4b5e-9374-33f1c5f370d3,8580
15bd3fec-d9e2-40ab-93c3-5b3417fffdf1,8580
76f7426d-3274-419a-8c8f-a30f4aed0328,8580
f6889267-5964-40ea-b281-493b7642b560,8580
36d62104-4520-43fe-bcd4-7d67e9ce0474,8580
57b3e35b-5d1f-44a3-8162-8299e0d77f12,8580
df433347-6d90-49bf-99fb-22addd2da5fb,8580
29941753-6552-428f-92b4-f864949fab67,8580
5d90bc4f-49c3-4dc9-b86c-53b013446393,8580
ef4f90aa-1dc8-400a-b0ea-4aa247f20690,8580
9e89455f-3614-4c79-94c5-5527f141d441,8580
3074493a-dc10-4153-a065-0498379046a6,8580
c3583674-8e94-4073-b988-e0e58dfb66f1,8580
048b73fa-730d-4986-a2a0-15f7a072f8c9,8580
33795f1f-f01e-4cdc-98c2-672365162f58,8580
276a12a2-fb81-40b5-97d8-88dfc299d395,54202
70c3496e-0d9c-4bf4-9a7a-aeeb3f9a9303,54202
129f3ce3-b4ec-469a-8a75-fb2b0d5afc4e,54202
20e6d7fd-7ee7-4c96-84d4-53600a7a308a,54202
acbdf419-2217-4a71-a814-4330708af29d,54202
b212c3e3-4241-429e-b395-87a398866f5a,54202
42056ac4-6094-4f56-be80-5f722188fb57,54202
3e33f93a-c4eb-41a6-99e4-398a09662cd1,54202
b1289953-5fe1-4b94-8080-7dcde58299c0,54202
a1999851-40d5-483d-a947-c1188d513373,54202
e42eac51-f582-473b-bd2f-db5e145c4927,54202
16e54e33-24b1-4b5a-bb23-51fd4a283a12,54202
b931f552-3dbd-4503-8268-bc3cb322b48c,54202
812a1594-09ab-42e2-b63c-0279c073a6e0,54202
a5e4ebbe-4964-429f-b42f-b0e059c6e801,54202
91eaa9aa-0677-4e7c-b8dc-521e8d5b7684,54202
a81a33ba-bd5f-4c2d-9992-d9906da0d1ea,54202
eed46a8f-e36f-475f-9d88-1089a650c5cc,54202
2c16c54a-d0d7-48ae-8eba-305562c0d103,54202
a30dd931-6213-4892-a1fc-e01dd8cc2fe4,54202
d956d8c7-d23a-43a2-9486-3dc0a5b73f7e,54202
a262fa8b-e02f-4fbc-9c62-7c2603c38bd4,54202
cc1a5aee-3da6-40a9-830c-5eee35cca360,54202
fb63cdd7-2dc0-4e79-94d0-2762ee70bf97,54202
56b5aca0-c37a-4c5d-8847-fd433266f3a7,54202
dbf966e6-f392-4533-96ed-e2ebc698e259,54202
9103b04b-e04c-46c6-bb0e-4d7a4d588984,54202
055612d8-3048-4ad1-9a37-bf9cceb1e205,54202
7c1200fe-4f93-4333-80fb-ee979d2a1927,81298
4192a42e-8b0a-468b-953a-3b5a9c377358,81298
b407e5c6-f881-46b5-9311-37021ec4728c,81298
82d8aa2a-b540-4c86-bdd1-d117a54f6a9c,81298
eec4a555-09af-4033-8918-8c0f0905e493,81298
c456ad4b-4f84-40f3-88c3-886445479fe6,81298
f948c267-4750-49c4-9b74-e090e1470f1c,81298
6a2d677c-c24b-4d49-9c95-23cd2c5b4d61,81298
0f3ace71-8d5f-444f-837d-ab298ba782d6,81298
c366059e-75da-49b8-a1b9-995e7644f591,81298
0534aed8-4732-4d62-a723-4b68f2ac1240,81298
cedb8cc1-1ced-476e-a375-3c9252cc61ed,81298
f8057129-0698-4946-ae67-6c10ad9e77b6,81298
3104ff5c-bdff-46ba-8038-ee8ceb9b23de,81298
70da9316-a817-4f57-8bd5-4192829462d0,81298
038cd2c1-4ab9-4df0-ae5e-bd17b700e870,81298
f4340f19-0b67-482a-bf5f-92ea01dd8453,81298
cb0de788-4ae0-4c78-a037-75e22ca24a4a,81298
567231e9-a541-444b-bfad-a3349133cd50,81298
ae7d1940-78d7-478a-a567-c24a4bdd0b46,81298
6f828e48-6dc1-4fcc-b33d-7069d1f4ec9e,81298
37a8da38-e39f-4051-a35d-8370558eea0a,81298
23e159f2-7f61-41ea-ac4d-d541f6ce9358,81298
a2f610c3-28e4-4d12-bb4b-14c29f8c87a8,81298
50d3c7fb-a9eb-4445-81e1-598c4eb01f0f,81298
10b3b188-ac8a-47e1-9f83-051b88c1a7e1,81298
499dab26-bda5-40c1-a7e0-afe893b4151f,81298
07ba1fcc-ece1-4c88-90f3-c51116479042,81298
c51e5cd2-3be9-4f81-bc0d-7f139b6d00e7,81298
87ee8e7c-55b0-4693-8670-2df1aa0606e4,81298
8401b7f3-4271-44df-ba79-79b5a8db05fc,81298
74629aad-2462-4008-a3b2-18f3b5227d93,81298
eac77f1d-c07b-4c78-b0a9-5d894be38683,81298
c19e43b3-f2e3-4117-b65a-a08db798f4ca,81298
94a79712-2ae0-40d5-a1a1-222e8c7d9a48,81298
a87154f8-786a-44c2-a7f2-ad9375d9053d,81298
d86bf63a-8b10-4a0b-80b4-aca9a6651ef9,81298
aafeefa3-06fb-4aa4-b3f0-958e841e2163,81298
be1c7c8f-a5ba-438c-98bf-08c62eceea1e,81298
66427008-259a-475f-aa67-08b4a4c0a450,81298
106749a5-d535-4cfc-96be-3f1656e1c013,81298
b1504a56-c606-4b90-a9d5-b5c2a5b02f43,81298
d5dcd1bd-b53d-4447-bc6c-054229aa38c4,81298
682c374d-845a-4243-8497-220e60ba1332,81298
3b8589e2-3972-401f-be18-1b2b630398f8,81298
7cecb531-d417-4785-87b2-b3590c7cda77,81298
e7622180-943d-48d9-b6e3-d01fe3bda2dc,81298
292406ee-3b4e-4c89-bd79-efce706bf832,81298
deb57d55-d360-4cd2-b847-e3e05d2d3f28,81298
7f43378a-c687-4182-a4da-c53b57e3b1fb,81298
0733ec47-41ca-4ca7-9486-adc02aca1f6d,70015
3f300c2e-8687-42c9-98dc-8a24aa8ac485,9143
6348471d-bb5d-42c2-a825-fe3f502fda17,9143
c561482f-ddb3-4fa0-865d-f9c046085e72,77989
94a65e59-a76c-42e0-9080-06f266d38880,51734
b480c2dc-9a8a-4143-87d2-2f6ba5570403,51734
70eec890-1abb-4243-aa09-fb52f603b2b6,51734
dc3f45e7-0523-4c77-8b10-3d4b88976a23,51734
9fe57a55-4672-4ca3-b993-12ef49c642ab,20942
ce90fc5b-26d5-4868-9142-e95d33f9fad0,20942
5f3aaa1d-aa6f-4c5b-a7f8-12a0a475d97f,20942
71f280fb-2383-407f-82a4-f115b30c50da,20942
23432faa-3c36-4f67-bb4f-71fce5fb06d1,20942
af137ee6-9416-4669-b999-ee14fc431a49,20942
1e2389b5-e7fb-4f16-bf90-7682e03b6d28,20942
ea5c9016-b8d9-4781-b5f5-c2d3661260f0,20942
531b6fae-0c57-4c41-9fbb-0c33d487f2dc,20942
66e05904-fa07-4ea1-a374-ab03bf4aa0f5,20942
529550b0-4fbd-4010-b61f-72121fb15db0,20942
75382910-eae9-4952-a71a-0f4eee228c5e,20942
2171b1b9-04f3-4936-a4bc-47799778de78,20942
5f26927d-c70a-4d82-a92e-82319e4a508e,20942
e5e0879a-c313-483f-a8ef-812f4c162de9,20942
0344cf58-acb7-4139-9e7d-87ad15c7c56d,20942
00f43be6-3054-4535-9fed-b37350ab4d0c,20942
fdbec25d-96ce-48d7-aaa4-8dac666aab68,20942
daf2fb0c-7344-47df-8c42-9b1fd0ec7900,20942
59e7bc38-bc67-4075-910d-778cb0a7229e,20942
68478822-314e-48e5-95ed-a2af06fff040,20942
bc06c2bd-7d35-4cd3-abb6-c5b1105cef92,17695
4c74d6a5-9dbd-4b3e-8007-244bdec6c613,17695
4c88ecd3-d99e-4048-ad2e-7c4f8acc1c5c,17695
b47cfad7-a2a7-4472-afc0-8a9b15f7fc2c,17695
7d82813d-d8ae-4350-8caf-3d4bacfece09,17695
f5ae24e6-919d-464c-b80a-73abcc0e12c6,17695
3417a66c-ced7-4d75-8bb2-3c65681a2aa1,17695
b8bcd9be-fe61-4e73-84df-ca5804452bc1,17695
03626775-3188-4596-a148-6b36cc7171c1,17695
128ba836-698d-487e-830b-693993a17a3a,17695
bcb2ab12-88fd-40ad-83b9-7cd1fb31e6f0,17695
01e07435-bbef-49c7-b008-55c6f394c2ad,17695
bfbf74ef-aa31-4514-8ad6-3f27949f5865,17695
8db18e96-005d-42dd-801d-85393d8c0c90,17695
60dd4f55-e5bc-44b4-bca6-a28b036fc7d2,17695
52169c04-1c13-43df-8814-62d045d2576b,17695
a0ad7aa5-42bc-469d-8c51-d70a073150cb,17695
4332d775-69ee-40e1-8234-5b3b518374f0,17695
555667da-9566-44d5-bacc-a0cd91cac501,17695
3f13aff3-9937-4762-b717-0f021ecc6b42,17695
69eb773d-c2ae-42f5-8dfe-eb241b55ca3f,17695
b75da74b-a7c0-499b-b55a-e4e838b09e7b,17695
1876bb5d-e87c-4a35-9cf8-5e0428b25cd5,17695
b4f01c12-2b3e-4abf-a6d4-5ba564e53a9e,17695
9efd3241-ec08-4115-ac5f-c0edaef480b3,17695
a35f12db-0c8c-4cf3-a18c-e379c9b511b0,17695
70b1c80a-012e-4b46-a252-73bcfdbacddb,17695
5ad70fdb-58b9-4392-bda1-64aeab57dbff,17695
a48aa365-8cfa-4dcd-9b57-a11d1cd88764,17695
80285011-6404-410f-9596-ec89f31d133a,17695
8b1d0fc7-80e1-4e76-a28c-cc7ce3cc625d,17695
08d2fe1e-2bb7-45f5-9c67-d3d172a1f285,17695
c03720f4-a04d-4a13-9885-504acc21adad,17695
3b05ff5b-ea8f-40e2-98b8-15566a0b3320,17695
49cb48d0-fa8f-4254-8b7b-243933bd801a,17695
81406947-700d-4bfb-8ef5-44b9892c2719,17695
da2a85d3-c897-4243-b6df-0f362f4cbdea,17695
9966f1ec-3e31-4dbe-8e20-9c7abc987f3c,17695
f3007ecb-d47f-4e9b-acd9-ef1441ba3504,17695
92808998-cbad-4625-8048-4aa861d13c69,17695
290b7e80-ddad-4b2d-8ed1-efec13ed9e1e,17695
498b7191-a4e6-410c-9f84-21243e60c53e,17695
a9ab31ed-f1e9-469e-a069-e43d32b26845,17695
baf197da-788b-4b9c-ad78-833801e8ad10,17695
ff1b082d-c9c1-495b-9ac6-5a91b55b578d,17695
1fb2dedd-0f57-49c2-9ace-edd44509a7d0,17695
b2cc83f4-f8fd-4f3c-9456-10d568ceb116,17695
0fe48d6d-946e-4bde-982e-96a39a686fa6,17695
f30235f8-d2fa-4ead-b44c-532ecff8bf84,17695
16fa91e5-8bc7-419c-86f9-b2d9e05e25c3,17695
27e7be40-7658-4ab0-83e5-23b3e179145b,17695
6cbb2755-44c4-4c90-a057-123012839094,17695
c12e91af-8ac1-45b3-8740-8314d563b0db,17695
1a1c43c0-7319-4cf9-986a-be961fba3d00,17695
3aca3c22-330e-427b-a9de-18e774b9bc7b,17695
38e9a256-14a1-4520-ba59-260a76a9e800,17695
f14e2a64-9d03-44e7-90c5-9feac359ccf1,17695
f0750153-d838-42e1-897b-92e121a76a89,17695
55b1c162-4bfb-411d-9fe7-db455aba9724,17695
a2d87ba8-3e07-4d40-8400-23c05372f415,17695
39f5424f-b1f3-4919-b5ab-193eb036c9ab,17695
7f086d2e-5c38-44ff-87ee-124aff37c6ef,17695
20103204-036d-4c5c-ba79-a9d7a14e43be,17695
fbf71c3e-6371-4584-a416-4766cefd5ca2,17695
2c42509e-460e-451d-9a25-d120f4be1b71,17695
311722be-8c34-4278-922b-2987c93378bd,17695
896b6806-1c01-4bac-94aa-04c307d08b69,17695
ad1dda58-e23f-42d0-8ec9-b5d0b20dbe3b,17695
f27f4840-c7b2-451d-8dee-bedead1e4834,17695
9c97eb28-7e2a-470f-a780-bbc2cf757234,17695
631bf9ba-ab1b-4004-9eb8-3d6fb0c65cc7,17695
da869e3c-b6d7-4aad-a6c9-260102e6807f,17695
3038d900-dacc-4f72-b6a9-97b131d8e6bd,17695
7d322035-d6d9-43c8-8af5-9b49c7608d04,17695
fa2ae5d2-33eb-4bfd-b89d-643b231223d3,17695
5ab66d75-5545-4a7e-b163-b450d246bd85,17695
fcb6aa78-1f19-4973-bb62-83899afb3c97,17695
c3494806-df31-4a0d-8799-cee312c42965,17695
34c3b36b-3dcb-4242-8952-b3ec8f1632b0,17695
cf509793-68b4-439f-a6d4-6622ef487b4a,17695
cb44811a-bfcc-43db-a460-5c4c451cba12,17695
6938fb6d-db5b-4218-b3e8-833928642e90,17695
d21aec79-5da8-4664-a61d-90f86512bca7,17695
89bc2fa1-cfb8-4b6d-8182-b0d57e2d21e3,17695
613cb5c3-b4b0-4a6d-80d9-5597273ad0c0,17695
4e45ac2c-9c55-4621-8cd8-cef418123b42,17695
e06d31a7-0619-4c22-99ef-ec9f29a3ec3d,17695
99c61b27-2787-480b-ba60-e8915047b13d,17695
64e3c356-233d-4002-9459-4e6950b661cf,17695
8de95f55-6eb3-49d4-a366-235ad3262b9d,17695
5e28ee05-e54b-4882-abff-af14fc05c53e,17695
f943856d-e9fb-47b6-979b-eb6582082d7c,17695
80084593-83c9-4f61-9da3-6c90793c29a6,17695
0bcd2240-5a65-4a43-8ad0-e2eed9151e84,17695
c91cfb4e-a196-43cd-b759-84a7c260b1f1,17695
78384fb5-8bce-4605-be86-9fbbf8e1c032,17695
470c5948-eefe-407d-999f-9db4eba79f82,17695
935e0205-f313-4fe3-97aa-c857e4c0586c,17695
ee5c95f7-4de6-4f02-8a48-a649d9a68227,17695
a5e1b097-3047-4edd-9d14-9d033275a166,17695
53c68e62-eb06-482d-b145-d369248746db,17695
e2406394-2d75-4fab-87e1-2619d7b75270,17695
f489af44-401c-496b-a654-5804303b7999,17695
b19922ab-9b73-45f4-afca-c659e8376c42,17695
216f9bf0-7da7-4645-be4d-9e2c215498f8,17695
569e1a02-5fdd-4d2c-a6fb-7347dec90f01,17695
afd13dc0-2cf7-41c8-9162-44e042200490,17695
fc77f1a2-9381-453e-9691-6318323615bd,17695
be7a632a-e5d4-4036-b29f-2d7681b5a139,17695
6705a64d-bd6b-4ba6-b387-f2d4557bd399,17695
9fde254f-0ec1-41e4-805c-d85db7ba232d,17695
7da27292-ae1a-4bf6-a7e8-7cbd39991ace,17695
3bfa4b4a-0258-4d6f-a940-98a09b614f6a,17695
31f60478-56b1-4c6e-b35b-556381888462,94687
6f2fd838-a98e-4aa5-8aee-a5b57c19e5d2,94687
5057e46b-1b99-4615-993f-bb80a01523bc,26143
95012642-1ea5-49d0-801b-072d5e23ee80,26143
6065c2c3-8f9e-412a-af24-deef02bc9aeb,26143
23144cab-a407-4a2a-842d-9f6bac36e496,26143
8f256901-12bc-46d4-9ae9-d4d4344827b1,26143
b51339de-9bd6-4291-9517-7d341bcb8f88,26143
dcd9666a-7975-4418-9e5a-73d4413bbde7,26143
7572de76-46ef-467c-a7c7-7be8d2623985,26143
c1a5f9db-14ea-4035-9d10-774bbd8cf932,26143
b4b0c1bc-5c99-48aa-99aa-b65a8117ded5,26143
015d3d9d-9d46-4eb9-8350-696fb1cafe22,26143
94786cd5-c363-416e-823c-65ef29178b83,26143
0940b6bf-2a27-4e5b-85cd-00dd71656e9d,26143
67a67538-874b-4f05-bf2e-4992173b47f1,26143
7f1428c4-eafd-4d33-905a-470ebba16004,26143
4346c60a-e087-47d9-ad95-b00bc2191eb7,26143
6843a1f5-1861-4dd5-a1f6-ce5222e1861a,26143
1bf70888-4b66-4d3c-89a4-77c31a75480d,26143
1a5deff9-bb40-44b7-8ade-7d7468aa4750,26143
b84396ce-eac0-4bdf-81ea-8fee5d72e29b,26143
4073b30c-c0e5-45a7-87e7-cb7504e70712,26143
a60d5091-9245-49a5-829e-333d268149de,26143
496f1b0c-1371-40a6-9a17-984ed38dc382,26143
b9960be8-de89-4f14-b9e9-23e6ad2c861b,26143
ba1eea44-a740-47b1-a33e-06f24d0e83e0,26143
66fdfdb6-84b5-4e81-b0be-054faded2019,26143
68a0e573-452c-44d6-8d18-ada6b55441c2,26143
0f982f8c-bd55-4429-8f4c-7274a9628490,26143
0977d6ad-8934-4b7a-b488-04e90b02948d,26143
b0c9d0d6-6786-4e4f-9b98-201c0a51c37c,26143
bacc6976-f31b-4370-a20e-be3d3dc354ff,26143
9e06f1fa-c048-466b-a7e7-0818cc317742,26143
dfd6573c-382d-486a-8c7d-83d92293bc34,26143
72ff1fbb-71c0-493e-af2f-732bf145b5ec,26143
c9c80a26-3300-46c8-9ab7-ca11207ec0e1,26143
b6ebcf1b-2060-44c1-bc20-83973f4cbe3e,26143
0238f2b4-64e8-46da-971d-e06f574f05f9,26143
96c9844f-62e8-4d9b-98cf-a1b32afe688c,26143
b2418e75-409c-493b-afcf-2a8a5907054a,26143
e0398d13-f75a-4b7c-b047-ff84d6c4b739,26143
0307ee02-45e8-4767-a702-9ebd3f7df737,26143
38d34417-0a16-402a-bd60-e3ce44b19914,26143
3282143a-423c-453b-9299-b71c57a96dfa,26143
6e859710-445e-4585-8d84-6fdc04770187,26143
e99eb961-7d2e-483f-9f20-cd2bcdbbb8b0,26143
48ae5289-3bd4-4d7c-95d7-cc2a3d83a697,26143
554b8bd2-4187-4598-bac8-8ac01e69993d,26143
45b51175-dbb7-48ba-ab5a-445f8b117135,26143
46a877f9-9bbf-47b8-8160-05aaaf79df11,26143
cecc05bd-dd14-4f5b-85a9-ffc55944bfd8,26143
c93bc83e-3fea-4094-9e77-c68ef3139827,26143
ffcc7bd5-a3b6-43f3-9b49-487dc2742233,26143
a209ff53-7984-4a41-9707-ac6efa77f830,26143
add6ed81-78e7-4fd7-82fa-5b76e7e28269,26143
57b19a66-7475-440b-a3be-db708671a5ab,26143
ad418ca1-4c4e-4ca7-b173-a717000a7ae8,26143
42b19f55-7b52-430c-a444-91eb30ff70c9,30458
4ab6e708-3092-44aa-9b35-c4f5aa22cd6f,30458
7833edde-d00d-46ad-8c88-1d919464dcfe,87603
2fbd8152-a744-464b-9a83-9b0de6be62d7,87603
2eaf485a-c213-4541-8ee2-5b83dfdf9b17,87603
2ad5f53d-a1cf-4bd7-b178-3fa51d00c515,87603
94a6fa4d-8f9f-4578-928a-b4bf4499c0fa,87603
178ab6b2-be8c-4a4e-bf7e-f6695f594c3d,87603
3ac9a7fa-3c39-42e1-9fdc-78cea49f6ff2,87603
bb675f5d-714c-4cf9-815e-528b9e445f32,87603
5cbc0538-b5b7-44a9-841b-f829d784ff0f,87603
ec8cf18a-4d3a-42e0-a7e4-2ae51538dd9f,87603
c87e1d5b-ae43-42e0-8590-c0b46b0b5c62,87603
1e775891-0776-40b3-b24d-77b94788c57c,87603
d3a61c94-a219-4cda-999f-ad71334e8c5b,87603
49aa16e0-60dc-4184-a2d0-c738835b7df1,87603
a89208d0-c954-410d-b87e-01363d8536f2,87603
244ed564-3b6d-4b49-a92f-85b63fe316e1,87603
00e33e7f-18a6-471c-a563-ee323a1aff84,87603
b9087994-8406-4c29-9f52-fec024c7df6d,87603
b9b9b6ad-7a0b-43bd-b223-d75d5cd3d915,87603
93f605fe-6c2a-484e-990e-83e349621dcb,87603
6e65162d-3829-44f4-a49a-52abb19aa00a,87603
21ad120e-0d37-4a90-8965-4afc999ffc85,87603
c04e290c-680e-4d22-b9e7-3cc71a0af09e,87603
51906233-0877-44bf-9948-c089a887d9fc,87603
b9ab1221-e732-4158-b2d1-cbad2f18ac18,87603
340644b5-d102-496c-8b3f-7afe2bdc0b4d,87603
4a018ce5-6269-4a89-8bcd-5f3dd4cd3b2e,87603
2bced2f8-5ab5-46ef-b0bf-e999e27f15f2,87603
9316f4f9-512f-4055-a194-4688fb82562b,87603
c1759252-b543-45e7-b936-4d0aea4ea920,87603
b0b81bed-240d-46f1-8967-282ab22e4cff,87603
c2286ee5-b84c-4321-8784-e2d6ffcebc7c,87603
a67f3ab7-ba1d-410b-a8f6-cde0f2275a83,87603
2dd4782b-6ee4-4d5f-addc-e4e37e985dbb,87603
6fcd2dad-6924-4028-aca9-c9fc32ab99f1,87603
ceaa3e92-a610-4692-a1ee-c36a4b4f3db9,87603
9ed2d4b6-1f3a-4b95-9516-b803b7a40e87,87603
c0157b60-ad6d-4790-8739-ed3ef73d0f4d,87603
636a6e63-1db6-4a55-a009-1f8ecdc3ff33,87603
27e9c3d8-b6fa-4f02-858a-27782b66c3b8,87603
1222f90d-276a-499d-b832-145526513c1b,78875
ab5ae22a-dff4-4c89-8c9c-096b9eaf3e91,78875
e91f680b-7090-4a18-adc0-039b7a896f57,78875
8a846063-3c0d-4651-8c10-d8effe7670aa,78875
91bd858c-5f56-4708-a17c-7a24e9932490,78875
ffa7f9bd-416a-4a81-ad70-5fa6eefbd24c,78875
0836a2eb-ddbc-4bbf-bbe9-e44d9887b2fc,78875
6cd01755-7eca-4074-a3d8-629e269941e5,78875
cc1d09f2-a804-451c-aec1-dfcda1a5a9ec,78875
9e569beb-19cc-4f4e-8de3-51af0028c96d,78875
c5575668-053f-4807-bb54-5422ff91abd3,78875
02689a41-3dc6-496f-98af-e450185e7af6,78875
27e2635b-4127-4847-8b8e-6fbdf463873c,78875
d24ad661-a0cd-4feb-9375-6a495b090d8d,78875
7f9066ba-1780-400b-9cba-3ab7963762cd,78875
c9da2aa2-f07c-4a94-8f5d-01ac68dfad20,78875
932f619f-4623-4e67-900e-75fbfee56fc5,78875
bd83bacf-d32e-4df1-b245-539fac22384e,78875
b347faab-600f-4f1a-9a3c-04a1aae425ae,78875
763e249c-3114-4c0c-8cc2-158eff75b880,78875
8113ee5d-15b2-4eaa-a4c6-d7da3f2d7dcb,78875
f43e0b05-cbb7-4483-a75f-4f2a78adea90,78875
348bb61a-9a84-4862-b353-81124b499de3,78875
4118298f-1dd3-407d-8970-37d16295ae2b,78875
1423c290-5b95-420e-8c0a-9fcb5dce5057,78875
e26d8868-7233-4d15-bbd4-ae091f55de78,78875
610aadeb-b565-48b7-8ba3-0f4e7d47aba6,78875
cc8fdf98-a573-45a4-a5f6-b3370c0e40ed,78875
494abc44-4fdf-46aa-8834-4367e659e48f,78875
dcc087a3-a993-45ed-82af-3c72827206fb,78875
ca33d325-b5da-4581-9fd1-9c857ed91e58,78875
59b156c7-d851-4d4c-9b97-7d696240a091,78875
e3d79bea-e057-48b2-b4c8-ad6a854802ed,78875
1d226592-eaed-4fbc-9853-123058a8cf4c,78875
a7ef8e6f-80ce-4f48-8646-8a3498671c94,78875
9fde8d58-4fc6-4a99-bf29-d7472f6bc33c,78875
c3a121f0-0c2c-456a-8452-df4d26625b7c,78875
18700a36-da59-4819-b099-f2ef9c7c53a7,78875
9853b12f-15c2-4d77-bb0a-e42585afce86,78875
08857441-862a-4855-a1dc-3beda2fdfa95,78875
26a14438-84a9-4224-8d42-278646a5ed63,78875
dc41c299-a4e1-48cb-b0e7-4153e8a8e6b5,78875
681f8a4b-5a7c-466b-bc9c-fc3cc7037419,78875
44b6468b-58e8-4f3f-91f6-b717fcfd516a,78875
bc381e63-6cf4-4180-8069-721de66b310e,78875
8dfd333a-c194-4e98-9561-d21ccf2f5b2a,78875
9031748d-fcd9-4755-8c79-64eacf061600,78875
b9c4ece6-085a-4c6d-9f38-3c0299ff8b36,78875
f6a35d50-15d3-4f5e-8558-cb52c530a7e0,78875
31ae2a72-e25c-4040-9ad7-32e506d9884d,78875
4211b47a-e391-4155-bf95-9edaa8397bde,78875
c966cded-bed3-4bc1-9e6c-20b23c1ff37a,78875
089d16d8-f7fe-49bb-9e1d-c1ce913cc522,78875
e0be637b-6dd7-439e-9759-4b0484378c28,78875
bb4c2555-57ad-41a2-876c-4f15b9306304,78875
1a17d158-d76f-4b28-b2c2-0d741e28faab,78875
4004d690-3ff5-4fcf-b77b-bcfafac32af7,78875
39fab6c5-ca98-4930-b3e3-51c0076884c8,78875
8812ec80-2b07-4a09-89a4-513c6a4ed425,78875
9f04991e-d8b5-4054-aecc-322a3446ad87,78875
2bfcd2f3-357d-4e12-9ad7-4445e1a49af8,78875
7cd82c5c-4336-4909-b1cb-c42c3ced4066,78875
6aadab0b-74a3-455f-b643-0ffea665853a,78875
40488c7e-7ff3-4b83-8010-9171a5a7c85a,78875
11edb04a-dca3-44dc-850b-aba4ecbfaf7c,7007
30f56b08-114b-4083-9a48-afce6537a609,7007
d5b729c5-6d04-4a58-9e9e-dc35dca9ece3,7007
87b8ffa2-c8c6-43d0-aa0c-7c1f71cde71c,7007
5574e792-0a65-4185-bf65-ca3d8aeeff27,7007
ed92d8a9-c434-463d-bee2-85b6e01c2068,7007
6866abbf-1467-4fcc-9df6-eab4388242b1,7007
c21cb3de-117a-4365-94b8-7af26b08b006,7007
2d2c842f-e85c-45bc-aded-8b3edaf440bc,7007
6472b8d7-3a19-4caf-9905-6e4a384aeffb,7007
f12e230b-cb6c-4263-a7c5-78cabd8cdb03,94707
4c400c19-1bf4-4ddc-bbd4-7ca7945de42d,94707
fbe60c74-29d3-4b9f-aa34-0996bc6cda1f,94707
f3685b23-0e9f-4ae2-b488-9a12083fa6cd,94707
4c4af0a0-8513-4f29-98e7-79f65a17f996,94707
f99325bf-f399-45b0-887f-013eb962ddad,94707
f1976e42-1ef3-458e-b417-fba86fa9e6ec,94707
4d4479ff-10ce-42b3-bb19-6837208aa3db,94707
ba58b1a3-46ad-4b72-80c3-4d199e4c31f3,94707
5def0557-152b-4f82-938e-3c0afafb3eaf,94707
9a1c129b-0d68-4806-9459-89608980adc3,94707
c0bc3e11-72a8-4621-8d7e-6778aaba8dba,94707
dd9d5919-43ea-47e8-b008-1e3b0e2b4a13,94707
3e86f9de-3418-4e45-a530-024984aaf3c1,94707
8c49216d-506d-4819-8f31-43b61f1099ff,94707
ab29fb60-f200-4ab2-8887-df9f3a857b57,94707
8658669b-37bf-4d3f-9461-da839f65ea5d,94707
7c260d26-f19c-40cc-80cb-e8a99ff2d899,94707
f50e23a4-5f1f-4e30-9aeb-50e1420d6e2a,94707
03b3015d-1fdf-4c3a-88b6-afc8d7527cf8,94707
8820148b-3b9f-4fa6-8de0-0105e8a4b7af,94707
b4cdf033-9862-4d7f-9c1c-d5cbf8fae6e2,94707
830c9321-b1ab-4eb3-9ba4-28d7599273d6,22587
36cf7505-4c61-418f-b617-af73a00c8a12,94707
ab6e6831-d727-4b6c-b665-ce3a37467154,94707
51262bb4-c011-45ed-b9d6-07b11430b11e,94707
67ccf306-731f-495b-8dce-d4d13cb7b34d,94707
9d6ff52c-6bd0-4e22-9daa-7dab29c84b6c,94707
8cc1180a-d341-4dc5-8688-204b966e2aa3,94707
82d72724-31e2-4174-b4be-68c5afb29f04,94707
78cded4c-b03d-42a7-83e1-3d5ad5234a35,94707
ca992570-e034-44ac-a53e-e4dedc07e0b6,94707
86ddf4a6-a3b9-44d4-a3be-91b77f8fd3bf,94707
65a27e81-3cc4-473e-a583-575e316bdb6b,94707
447b8424-4e10-4723-9a46-4e9febb4f2ba,94707
02eb6ba3-efa2-4f4c-8c3e-52717eb46684,94707
9c5a514a-1448-452a-947a-3b5bd4c5a8a4,94707
7dc8eec3-d2bb-4c05-bcc1-1a5eb9e9cb73,94707
98b80c49-2d2a-455d-a915-5946ec869951,94707
a93bcf44-dfe3-4557-b02d-1572fda00298,94707
7836eb0d-f8e3-4345-9ff4-a0d4cff5cdc3,79004
7614dfc0-ec6f-447b-8592-457e1af603c3,79004
e1f958de-dc1c-4ef3-bec6-5cd81b0bf22c,79004
3e2d04d1-a562-4fe6-8a2e-546cef65a1f5,79004
5c1ca715-0d26-45e3-9c57-925e89873589,79004
558eff95-0786-42cb-88f4-9465b94971aa,79004
92387a79-ce7b-4b13-b3c8-23dc954d173a,79004
c1e277d6-e8fa-4548-918d-a0528ac81226,22587
67d5e4f5-d0e1-45cf-a825-0bed3ff8ec9f,79004
c6a12228-3665-4629-addb-7cfcddfe9e35,79004
e670288f-ce64-46cb-8660-01785447ab46,79004
eed7a0ec-730f-47d2-9308-a23e6c19977d,79004
f44f7e24-2646-4355-85de-e4973b0a73ff,79004
980f3e5d-72b3-4391-8ff8-64ef88a75e82,74783
90494fdd-d25b-44a2-9ee3-c4259986e656,74783
cb4db4c4-9f16-4209-a41e-422b2392741f,74783
d398c8f2-1cd3-4994-bf00-bf4f4bfe5b07,74783
245353f3-26a0-41d5-855e-9465a21fadeb,74783
3fd6c385-a336-4e69-84e5-e1d0f5fecd3f,74783
91e3e9c9-810f-4e13-94e1-ab9bfd8943e3,74783
7b5ff434-cf7d-4c8d-98b6-8c3b5d0aefa1,74783
b4700373-d485-4703-acef-8dc557765f96,74783
a5d6f8d1-b154-40ab-b697-38c8b87afea8,74783
c98922b1-aa84-48c8-a464-538b22371406,74783
0856b5ac-92fc-40ca-b2cb-0b3d36ac5653,74783
4e988561-cb28-41af-a1af-b997fd89fc7a,74783
a304fdd2-72c1-4b22-b1ba-d4e0d54156fb,74783
fe789d85-17e4-40ae-86fe-32d25469dfbc,22587
eff85fbc-6917-412c-98fe-bbad40eebbcb,22587
7c6da140-de32-47b5-b323-a0bbd71275bd,22587
af7b7dce-7e10-46fe-9ea8-64843292dee7,22587
24ff09ac-ef0a-4aef-aad2-f80c105ae283,22587
3677c77a-8068-4376-b35c-89297f9153e1,22587
8d317021-9b52-4380-8e07-e1893336c07e,22587
e93fa045-e67b-4fab-9a12-7615393192d2,22587
1441ccfd-6daa-4d00-b584-b20a6b35c290,22587
a29ef929-2e41-42f0-af97-4bd077375f9a,22587
09b3eb25-0c94-4bbc-bc59-ff35c54b3d5c,22587
9225e6f4-96f3-40d0-8f87-ef9c780872e2,22587
8acf4082-0ab0-41ed-8bb6-9d0e392811b3,22587
16dcbe94-cc51-4a4d-bed8-04d31afde19c,22587
d0e94f5e-f9a0-440d-ae4a-ac5a12925169,22587
d1b90fe6-4662-46ea-83ff-6c16ca289afa,22587
a4abad15-f7fd-4cf4-9c6f-13875b24167a,22587
e8cc74f2-a4df-4afb-b89e-9c0538e75509,22587
63eac152-8d79-4980-8c93-327b7b97a6b1,22587
1ca6dbbf-87ad-4bd0-ab5f-1f832b883166,22587
aa658730-bc76-4156-8111-9cb28b5c3c00,22587
35313092-91f6-4657-bdd9-a324313f08c6,22587
4f917fd1-0c81-4ce3-8043-a7f140bbacf5,22587
d3d72f84-06eb-4af9-9b62-4dc135910b6b,22587
c851ba4a-4de6-43af-ac21-4da0006425a5,22587
4daf3ea9-4eaa-4c66-9c24-db613ecf88af,22587
b9cd0984-5c41-4719-a1a1-62c0c8814200,22587
d37d63a5-31cd-4d77-b80c-5c0a09a2e8a8,22587
8ecd49c9-e5fa-4750-8357-8323e167822b,22587
dded659e-5c13-4e22-adbe-45b3f30f8a6b,22587
67454f61-24f4-4022-bb85-9628baf61410,22587
8fc5d9c6-29ee-4073-95de-48fef420aca0,22587
5e7840ec-309c-483d-9a4a-735d3a649d4b,22587
6dba8472-c10f-4ae1-8aee-18834d073096,22587
b4464870-4fa0-4dc3-ac7e-6f6b57ec95dd,22587
b414a6c6-d9af-44b8-b92d-2a3e1fff36c6,22587
d963b7dc-8fed-4fb0-8120-b39b7f23dbc6,22587
c5bc8bca-3ca2-4436-8e1b-2a8eae01e610,22587
62010b2c-230b-46e7-8a5d-01cdf240f180,22587
6abe8a40-e127-4db0-b346-9181ddc02cf4,22587
ebdcec19-40e7-465a-950b-633a59b96adb,22587
13737aaf-d8a9-4b44-a09a-c5da663f7015,22587
2b0f807a-4070-4d03-9374-91858213f370,22587
10f30be9-c867-4180-8e9b-7186fa8c69e2,22587
00fb7239-c5e9-4953-993f-92ba05a34eb1,22587
03545c0e-88a7-420f-9eb6-6fd9247f9e95,22587
da0cffd7-221d-40f6-89ab-0a1b1d698857,22587
eb094e8a-dc44-4294-b2d1-818e221fa8d6,22587
c6251226-05e0-4dd0-ad5e-22c8b2c7bd09,22587
0b700321-24d1-4b33-a3d4-da5cfa67fb33,22587
3ed1cfdb-7b76-4c97-941d-2ab3038698b3,22587
1a08c091-a0e3-4720-aff7-c61a21ede42f,22587
7e6c316f-c333-4aca-b043-285a3ce71391,22587
973f2d8f-d368-4efd-a188-3c354933a54c,22587
bca92ad1-1764-412d-a8ed-c0b3132ba1f8,22587
b96c91ae-c4bb-4bfb-a818-7a2107cf5a8f,22587
6e65e3c4-07fc-41d9-8dba-1371fad997a6,22587
cc75849a-ef7a-4b77-a9ab-ee2bf69cbcbd,22587
6aacc3b1-c053-4481-84d7-f636a59e0bf0,22587
ed797572-4f49-4e75-a2dc-d96d6e7bcfdb,22587
50167af1-fd98-4673-93d6-140fcd0acd80,22587
1f41f755-c493-494d-affe-a805c384aa68,22587
c31c5876-9e07-4e82-a241-45f10d5a9bc5,22587
8db13874-ce33-4e37-8e69-27a981609c22,22587
a420c1fa-95cb-41d8-aa28-d1d7497c0bd7,22587
471f3739-be21-4e63-9e87-6b446cef6c50,22587
3711b302-8e0b-44ca-ad4e-dd128064ab19,22587
d80cc965-de73-4e03-97b4-09d28e6c84e2,22587
0325b4c0-8f32-4658-84f9-d22ca7316320,22587
a1a2e547-05d3-412d-aa9c-9154f436a1e0,22587
dda1c71d-1207-4069-a76c-0bd4f10fcf38,22587
70084159-d2c0-412a-ac41-15d87a035eb6,22587
7f0174c5-053e-4601-88c6-fd3398333c5a,22587
714d97a4-bea2-4cab-b954-761ee0e5e69b,22587
37222168-be2d-4e00-aebe-30add6cc01c9,22587
ea1c2ad5-9b2e-4d56-a60a-6a31e4db4e49,22587
592447c6-0e44-42f2-8f7e-af225d2dc56e,22587
7c31d0ef-64ca-4091-9fc5-d2d8daf5da9e,22587
43ca46ca-71a6-4df4-a330-6903e33edf48,22587
b0aa0917-0004-48f8-ab1c-797c20a3dd19,22587
ef289c83-fcab-4120-98a4-6674cb4ec235,22587
a89ff4be-5a19-4acd-a634-8c80ee538335,22587
03e4b453-644c-4ee5-90c0-3d32bfd99e12,22587
b309d1be-00b4-4b95-9fc8-bef3feb0f0e2,51388
e0021e2d-447f-486a-8534-412d8c2c96d5,51388
b5a83071-ce90-43d9-9471-2940c48b7853,51388
4e2a29ac-d3ec-4240-a80e-e694151e708d,51388
651f4061-4f8c-4e4b-a403-0dc303e5ef82,51388
be925705-b957-4f3f-93b9-e55345b51736,51388
f957e53c-33ce-4efe-b1ea-19dccc5e412d,51388
144fdb71-22c8-4378-8e1d-a574bf85ecf4,51388
29d8a2aa-3431-4701-b0c8-7315c8c12c47,51388
cddd8741-3309-4357-bd42-7af10a7b0226,51388
d21f0b5c-b546-4470-837b-319912dbbb5c,51388
e981b60b-cbd4-4ce7-8ae3-a545f968bf26,51388
1a35b571-c8a2-4f1d-bc6e-b8a8b9deee67,51388
2a07bbd7-84a2-4997-98f3-8ad6250e4507,51388
647440e3-9bb0-419e-96ab-3a55436033bd,51388
39fd5e8a-891a-4b25-85a5-7491b60279f1,51388
15eee1b8-b3cd-4c98-8344-403c9d78fa38,51388
8352fdae-f42b-4a53-bd7f-e8535450adfe,51388
02e105da-c9f0-4550-9489-53464ab4bad6,51388
7b1cb562-3e47-4402-810c-228405c29b3b,51388
f2d00b02-6dea-44ad-a651-73d61eb4efec,51388
71ee9e51-a8c5-4721-98ff-87036d7a987a,51388
11986853-8916-4fbe-9607-59039a79af44,51388
03918f9f-85d5-4d73-8706-1b5c76f1cae7,51388
35a5a129-a2a6-46d8-94d2-4b2ff2566d66,51388
9819ba06-9d4d-4c62-bd0c-231e8482ccf0,51388
5fe30f90-579f-4282-9fbf-5586e3319cd6,51388
27a6b643-327c-4513-a303-24bf8da4dc25,51388
382a3814-dfd8-4217-965d-e0aa814e262b,51388
de6f56a2-54c6-4715-ab74-f96335fbba71,51388
a31ff691-4af8-4106-800c-1f88b01449c1,51388
4ac845a4-0edd-498e-8ef0-239c84ea2933,51388
2b8429ed-8da4-439a-a0db-6106f5678e65,51388
a8e5ebce-2cce-4fd1-993b-28db34112300,51388
35d953be-1f42-4e08-8f9c-ce072cb8ceb9,51388
3f2ebaca-fcdd-47b2-9061-092a476bb03c,51388
c40fff73-f756-41c2-9c19-13a6a0e65ec6,51388
3d32729e-2b5d-4099-9c35-d2e273c9c057,51388
e53ab13c-7256-4866-b3b6-de96926336e3,51388
1a502a8f-2a8f-4fd8-a927-62b847a5b7ac,51388
3bb6a201-686a-4d06-9fe5-1590f445927f,51388
20b09573-4aa0-4771-a9e5-adcc0cbf5eee,51388
15c0af81-baef-4f10-a186-d73f79069576,51388
16c07c9e-623c-48b8-8995-f9f5a52e5b42,51388
6f6f5367-a67d-487e-8eca-711087642d56,51388
3b244df2-c96b-4dea-9bd2-cfddee8ae2b7,51388
110a5e81-26bf-4632-854b-3685e3d3adca,51388
8983a40e-2b32-4131-b26a-ec7f556a8a6c,51388
48028ece-e57f-4df0-ac9f-525483f2a485,51388
22852918-6dbd-4e37-9b01-72ebf09c5bd1,51388
a464a970-deef-4420-aacf-e0c94c8454d4,51388
ae13e9e5-bb03-4340-8655-af7021dc2119,51388
957a271f-a1bc-43c6-9871-eb996eda2851,51388
b97c47e1-b6ac-49d5-a07a-99e897fee8bf,51388
ba193ea3-26bb-4d24-bc99-84aee9585c2b,51388
a5fc172d-8bb2-42c3-aeac-5982e19558ff,51388
475c3b58-9662-4600-bc88-413323ed6d4b,51388
b7624067-72c4-4313-aa3a-3886e3b437aa,51388
b92adabc-285b-499d-ab6d-7e57eb771b2e,51388
e6ec41b9-ff87-484b-9b33-66e91feaf4b4,51388
d99f6317-6378-4322-b599-1eb56b1614bf,51388
368c94a2-780f-4223-a192-9a1dd28ec314,93592
4919e7a5-00b3-46f5-ba9d-9b1c18ff1ce2,93592
a5fe156a-ba66-47a3-8062-b6b5a50b1b79,93592
9d263d82-fd51-41d6-8b06-402a3eb4d9b0,93592
817ce7b1-41d1-4f0c-a67d-bf1a2ffa18ea,93592
65b36da9-0dbf-4477-ae30-1502a59f1464,93592
70ba018f-8ad3-4c37-b671-a97eb1c57f9d,93592
44eb0ecd-908c-4cd5-9abe-1709ea1ac289,93592
4217f7c8-d9bb-4ea3-892b-88a74db8d54b,93592
9f9a2e40-8553-4d9a-b603-6f236cfc370d,93592
848cd622-1ed6-42d7-b4db-b3652c181f1f,93592
314258bd-a53e-4c30-958a-70bf6e1ad0e5,93592
38035fc7-323f-4937-83a8-a7b2bd8ce7c7,93592
b2f46b8f-d6e1-4243-9470-ead3be1c4f24,93592
aa27b23d-6bdb-4377-8d22-946804654b82,93592
dd90f5a6-a66d-4f98-8e73-0172913b38e1,93592
d78e222f-2d56-42ba-91c3-653af87b91dd,93592
f1f20ec2-bbfc-4c34-ab92-ef9e8fab37ab,93592
52debaa5-508b-4a75-97cf-1280f8f47921,93592
dc2c23e4-63d1-465d-972e-3e5f99bb8a2c,93592
42532689-5b7f-4ecd-8d41-98c32e2ee99d,93592
27c94493-3157-4f78-9f6d-82091e76a964,93592
85249db2-5674-421f-af30-23e7e3d1dfdd,93592
ed333576-3a93-4f18-9d26-5dd9562e39a0,93592
889d816c-2785-4181-9eec-f9089f634b8c,93592
6b588eca-9851-4033-8e8c-76cda386f2c6,93592
817e8b50-ee51-446f-a01a-e773f846090e,93592
9b827417-50da-4675-8d66-35b4258881b4,93592
6923ad5b-d974-4dae-8aaf-4639eefd0484,93592
d8465210-ad14-4fef-b32c-76c368a4d8e9,93592
dc28ca4f-6d21-4f8c-ab8d-de857c784d27,93592
b44182d1-50fe-40e6-8f9b-7a625dd6934e,93592
053b7ead-0a23-49b6-aebd-e7f569184d65,93592
c1b492ee-c4b0-448a-9227-38b91a7ab975,93592
7b54470c-2c51-451c-8588-f0f0ccd3fc04,93592
f8c3edfa-cd36-4b26-8f2b-1e372e02bbd8,93592
97a38705-c94e-4b87-bcd3-6cc27c4bd93f,93592
1e74546c-7b83-456c-abcd-1a5afea06029,93592
a2205463-ab1f-4559-aee0-eb369f86f06c,93592
27aa974c-fa39-4fd7-a297-ffe62f0cf6f3,93592
71a380f0-fca6-4625-9a60-609ba843966d,93592
cce7c937-7231-42d3-aa73-bf4f789a97b4,93592
39cd8989-d74c-4640-b9dd-722aad5a5848,93592
106b4d71-9c86-40f9-a852-ed9782303fdf,93592
6aa863e1-ed7d-421f-8af9-3194c93cfdf2,93592
f2d088ad-4f8a-4b42-95bf-817b659fe56b,93592
0732fd01-d7e4-43aa-b8bd-22274ac072c5,93592
7695844d-4de6-49b4-ba62-4691bdff46fd,93592
1ba4a829-4d5e-4330-83df-6a04432d37e6,93592
37a12145-821b-43eb-b85e-64fc188ae8be,93592
1f21a317-42a3-4126-9299-f5fb2dd71969,93592
a76ed604-b339-4da0-8b3c-a45090927be7,93592
8ce3b41b-f271-44f9-abca-8c855db5e4ab,93592
2a61ef9b-417f-4e25-8704-ec0d432331e0,93592
da14b058-8158-41f5-a894-c4f661532f1e,93592
d9b280d7-7411-4569-be7d-2af87c7c5bf1,93592
1b1f4b1d-eceb-4fbb-8e6d-ad15a4d83a6c,93592
2a611ca2-bf8b-47b3-9639-f2ecd6c7a730,93592
ff179585-bc8d-417f-9d96-649743de680e,93592
14d14361-21a4-43a1-974e-9126109d70b5,93592
9f5c7f8f-22a9-470c-bfcb-55e918d19334,93592
dbca86d2-811d-4057-ba7f-42abe149407c,93592
a8119c08-9422-47d6-8454-088f5ebef14c,93592
70f44c71-ddbd-4705-b6ec-3bca1d522446,93592
2e84597c-46ad-42a6-8481-77db4449c442,93592
f2d8d65c-92d2-4817-8142-60a3ffefa3bf,93592
b2a85c61-f713-45bf-b1c1-40d9a083b84d,93592
aba74cae-4a3e-4a8f-8f0e-e33a343e6112,93592
602d9313-f814-4b87-94a0-07a8d008e951,93592
717f704f-0e30-4fc8-970e-344cdd37ac5e,93592
fb411016-9032-477e-96af-9c983c975f18,93592
28cff2eb-dbfb-41bb-ba22-a26fe19f721c,93592
cfc95d86-71f3-4afa-bbb3-596d2dc5d4b4,93592
ae7a55b3-e25f-4daa-92f6-d9bb1b446840,93592
1f7bb2c4-4cbc-47ba-9168-12cabb9458df,2936
7061d981-4248-4c0d-9a5a-36b83d5664e2,2936
346c272a-c25f-4f0a-b513-cf9a3856b35b,2936
1ab12c35-28bb-4e7c-b510-87103a099ac0,2936
95e93f73-5eb8-428c-a6c1-6d627bde282a,2936
f52272f5-c986-46f0-8b79-d1b9b7abd908,2936
0ae0c8db-10fd-4a18-a0ef-0a32dbf5a95f,2936
23e072f2-b72a-4124-8ffa-95621b953297,2936
b042fe21-9c35-4027-a7a6-fda675ab4361,2936
c3d7f341-2a58-485d-8d9b-ddd1528dea7a,2936
a32e583c-0d8d-47ad-a0d1-ff92ddd63a57,2936
d4ac2321-cce3-45bb-8528-01401d645ca4,2936
ef0134c3-cb20-4a90-acf7-a6f5d076c621,2936
d08e9a74-2ab9-4b0f-bc15-b2cc218b233b,2936
d287b7f5-087b-4e8e-9a1a-8f80e5adb923,2936
4f7bd0da-755b-461f-8ce7-c676f49b91c1,2936
79c90b54-7e8d-4cb7-883c-a44fa690ab12,2936
614b690e-cd02-4522-8807-0e415499cc02,2936
c16c8da8-b11b-48a7-89ca-5e4437eef1d8,88771
8d3b072d-e6bf-41fb-9c5f-6281261183e8,88771
9a22886f-1183-44f3-a6e7-2da7ffbbf8d8,88771
43a33a87-4d52-4e6d-aa75-3b45011d3124,88771
70f596cc-1509-479f-b7bc-8d1dbcf9bc8f,88771
b6d2efb3-7e4c-469c-b698-291c1e94fc78,88771
b54c8694-333a-42e3-ae03-d60b45dfecba,88771
870f8742-5eb6-489f-951a-b0b25492757d,88771
cd0da812-ad2e-4e14-9c6a-f150c0c52877,88771
8b5b2e92-bb1f-4a8a-83ea-ab12b8a330a9,88771
e6ec561f-a155-47aa-9a48-1a21de27484a,88771
a1998df0-d893-461e-8228-159b8aee7773,88771
b401bb2c-da1b-459f-9423-b0a6c35e0228,88771
09b23905-1338-4b34-a41d-09122f4be8bb,88771
9bdcf8b3-8cf2-461c-8ce6-c2bdb65e1793,88771
96235b47-deee-4f4a-96db-a1216153e48f,88771
f7043ef8-fa96-48fd-8d9e-c9a2527ec8d5,88771
c2bf6c18-dc38-4de4-91b6-645308d8ab30,88771
c1046aad-c583-4391-9858-2e0d77d92b38,88771
40658b43-19b2-4409-930c-3fea2051bfd6,88771
0c99bff6-8748-4af1-bf09-546651b71919,88771
92127125-06ce-4c4e-ab1a-71f12882d0f9,88771
41c2d425-e436-45a4-ad2c-ea5b1fd71f70,88771
98e9babd-51eb-4116-83ab-c351f6f9bc51,88771
de5972e6-f722-46db-8909-a997d902a970,88771
781cf3de-6799-4dd0-990e-9564a5791d8b,88771
b2788cd3-ca87-4049-9601-56131e32a036,88771
73ec21c2-d844-48d8-94df-9083f2336d38,88771
dcb9e03d-b12b-451b-be1c-fd27a2324d76,88771
17d84d84-104d-4fb9-9dc7-211c07640b30,88771
98e3b633-7083-4ceb-a49f-02ed35a16e62,88771
9d431b06-8c28-4ee1-b15d-9f16d9f2f0cc,88771
4626f5af-7c7e-4904-a9ac-eeade84549e3,88771
bc8e3fc8-e63c-4e78-abac-eaa039fdf5ae,88771
1abf9e09-a2a7-484a-b3b2-e078c4c5eec9,88771
60a1c2a2-2dec-4265-8c4c-4a5c79bc86c0,88771
e1a77184-aac9-40b7-8abb-a6b635cba301,88771
3019f38e-6eca-4836-96cf-f10f79997900,88771
914cbe14-7560-4b1f-a1dd-de55c18c7acd,88771
120b497f-f78f-40d2-807d-fdd770aa087c,88771
4568e22c-7474-4aa1-8286-817684cecc4c,88771
cd30e429-3d9d-4a6c-a37e-57aa2fa7e9fd,88771
22d9a03f-e38e-4521-8f93-861a8a7a18aa,88771
0133c113-6479-43d4-a29b-f7ec73479b18,88771
c2b97403-89df-4431-a893-e827950e9978,88771
9a539dc2-fd5e-4b64-a347-23fc89f08327,88771
c0b7a499-7de0-44f4-8c91-bd07b6028b95,88771
11cb9532-b771-462d-8518-fff2330a7d22,88771
23e03433-6b2d-4155-b34e-3f5f8b9ff4b8,88771
26344d96-1429-4909-84d0-4f035b05457d,88771
eabccbd3-d2c2-45b9-bc3b-6a658aaaa83f,88771
c33a3c1d-5d38-4ef6-b8c7-e4c001224704,88771
75f640aa-6bf0-437b-878b-4951422afc16,88771
620b367e-150b-495b-a50f-276cd8fc44fb,88771
8b1f283d-5941-48b9-a960-a806b4c72e8d,88771
11e97658-d82d-49f3-8f73-33cd71fd2fc0,88771
afa4f0af-26fa-4edf-b409-01cab5a07768,88771
b7d86dd6-ecce-4d45-aad1-84937db95b88,88771
5bd731e6-9b15-41ec-a1cf-a3d31e5dd695,88771
a17cbdf8-7b15-45f5-8daf-92d23c7e38cd,88771
dfc73621-62d4-4c88-80b6-636b8fb70261,88771
3d9e18b7-aaec-4778-a680-ca125cd157f5,88771
2a2e78cb-8409-48a4-886f-0ad7147d72dc,88771
9892c0c7-69d3-4141-b862-8c61d1ab3ffa,88771
6745ab66-0933-46c1-9fce-de75dd72098a,88771
7fd08f5e-9b92-4889-8dfc-309ecbc09201,88771
329c9195-5cf1-4b7c-abe7-cdbf159af5f0,88771
f97441ee-68b9-4b33-8ffd-bd35adf232e9,88771
67755fbb-1b7e-4119-849f-74bf6d5c4a9e,88771
9d61a46a-9d40-4845-b0c4-c53cb64d0a4d,80399
60b965ac-fcba-40fe-92a1-871198ac5d44,80399
1c044961-5037-447d-9178-8458dc8cdfe4,80399
954140d7-0e70-4887-9e18-937b3d477855,84803
c115e88e-71ef-4c88-a300-094ff6e37fdf,84803
49b1a031-3e42-4946-a8af-0f8f995fe2e2,84803
11b8e510-d524-4315-9672-3ff27a8f96d8,84803
65189a2a-231f-4023-89fe-797db974ec75,84803
292a46bb-f5bb-4075-9f5e-37730b9d185b,84803
02d21d86-854a-4bb1-af74-5e2b215e54da,84803
3b0566c7-b0aa-4462-b954-7a5eeb498529,84803
28b00495-e919-45e9-9cf0-efe6d268f6ce,84803
ab51c2d1-0929-4eb8-b7b6-2dee6b5a659d,84803
d6f75ef3-c470-41ec-97ac-cad4d7bdc8a7,84803
7414d1c0-0b85-47ad-9d3f-ea47ff9061bd,84803
546b2ce1-d2e0-4fc9-8c2e-fc510cba6aa0,84803
6b1960ad-8e80-4693-9827-1909eafbf37c,62257
8e158825-3642-422c-97b7-da09592560d4,62257
90f4ee43-96ea-4d3d-a2ee-8d90f542fd35,62257
3d22a43e-26b6-4e4b-89ad-9994c208f4ee,62257
27e85f1d-6536-4da4-80b9-18d0f78ad60b,62257
ad7332dc-32aa-4669-b387-1b049c35d0dc,28042
8245227e-e3a6-48b3-be8b-db7f77fa4f62,28042
cbbfcff0-850d-46a4-baef-85db658ebaf6,28042
8bc72135-9262-499c-83fe-655137942e4b,28042
91997ff1-335e-43a6-b685-73b500c1e155,28042
fea630d0-b4a3-45b8-b767-5dd6d9ac6568,28042
8d130862-90b8-4727-b9bf-2a35eff11b55,28042
15ce64bd-07e2-4f0c-8c45-7e530c78584e,28042
9882e98c-1b53-4e1e-9ae6-27c3165644d4,28042
a423a492-308b-4faf-8dd8-03818a2914b0,28042
b4593727-d8c4-407f-ac5d-3ea95b79a66b,28042
669dcd9f-102e-4538-8b13-fe5071bf2639,28042
0cedb349-f44a-47a7-8fe5-b210ecec1d1f,28042
77438da2-dfd2-4d3e-a752-d7e1f0e6ec97,28042
813604b0-abee-479c-a517-3f412b14ab91,28042
f8f74768-8f86-46db-89c2-753c53f4ab4a,28042
2957a429-0bca-4743-8742-8daf3753d3f3,28042
2312f8b5-c162-4bfb-bcd7-615ca3972369,28042
e02af727-1118-4120-ac49-77768ac09f99,28042
ad423abc-9343-4e49-af3c-c64a25e0d7ed,28042
e268cbf1-b1f7-4312-a6c7-7356b842147e,28042
d9d48bc9-21c7-461f-a291-1bd748904494,28042
02fc7f1f-d856-4457-bbd8-13601b922ff1,28042
a0f30233-0781-42b8-91ea-e9fd849bcd35,34656
ecdcf861-afd0-417d-9a75-976f509142b7,34656
9bb79692-d3bb-405e-9481-1576370b6de8,34656
d690efd7-2cf7-4847-8706-14e3d8be9108,34656
c3ac2849-bc77-45b9-a3cf-baf31a74bcb6,34656
c905fdf5-524e-48dc-8a47-6cc3eebcbae2,34656
80e1027d-6572-42f3-97b7-86c3aca1704e,34656
70e64717-fef7-4ae6-8fae-a8824f28f109,34656
c99cc018-6997-4a9e-808e-70c4977c182c,34656
5a66295f-2883-496d-ad38-fc26f7978466,34656
64cb658a-061c-4024-98f1-de725f5267d2,34656
b561e666-126b-4107-abbf-5c8ee64c1d11,34656
b7f40e94-ef4e-4dde-93cc-9f4e9dfd61b0,34656
501206b5-1b17-4598-aab0-dad458ce0593,34656
e2a2a0dd-17ad-494e-8c38-ee94ac28a540,34656
9edb5e29-9e14-4475-b4a9-18bf917c03bc,34656
db339637-0bb3-4d8e-add9-46c3dfea12f1,34656
de17b894-9f5a-42b2-9792-619943b7fd13,34656
cddade9d-f098-459b-ad60-129e7f6a3b78,34656
93daa16a-3721-4a55-8fa1-d8d2d986b0a7,34656
4dfc389a-bf64-4837-9750-ed2dd0b41ff6,34656
3c7de017-416e-4f6f-8e0d-eea71fbf1da3,34656
1fb5a19b-8a8c-4b4e-9ba3-f8a4f48e13e0,34656
7b0cf784-8b89-4083-aa44-1dd6e01aa96e,34656
22dd85d2-2db4-4207-b129-8101986e700a,34656
2b1bc74f-e603-4275-a570-f152d616b789,34656
7ea14aff-e95c-47a1-8bb4-4e6a43b22eb3,34656
0c5b9f3b-8a7d-4fff-b67d-1e48a9fdfed1,34656
42a789ee-1bf2-4295-a3d0-f3108140d667,34656
b846f9c4-5da0-499b-b133-0c5459d0e369,34656
367b8298-b565-4212-a685-ce8f84c5776b,34656
31b99835-4f38-4e16-8f68-2d0dd2407100,34656
c6af70f7-d6e9-4b4d-82a6-3095a4b0efba,34656
fb0f245a-c37b-45e7-8bff-ec2b72f74928,34656
baa14568-4fdd-4caf-b20b-ad76d5cd8f26,34656
99053f30-becf-4a43-b7f5-ff0af60b5b07,34656
c56673c2-386b-424d-acf5-f6bf7b903c8a,34656
af4be964-622f-4312-841a-a8256dcc4874,34656
40f82dad-daaf-47fe-ba18-622d1e491b11,34656
995bbfc3-fd31-4234-be9c-0db82bb86f7e,34656
3d79ae03-ad33-4f81-872a-6d04549717a0,34656
524eeef3-4c17-46c0-962e-62a05bbe8fab,34656
719bbdd0-b0a1-44fa-9536-3a59a8185334,34656
1946c8e4-0efc-4862-9801-6a10189d60ec,34656
de016e3f-5f59-4908-8750-8c2db3641d97,34656
0b73b527-3f66-4ed0-a148-91af1490c44c,34656
7350b25d-9451-445b-8a93-6fbd7e328395,34656
19c0eeb2-4412-45da-989d-66108ea62203,34656
7bfee96f-93df-4673-a0a5-52fccbf1c27e,34656
ee2be49b-ca70-4452-807f-f7341b031544,34656
04cb4518-5338-472b-a723-57dda0f1985f,34656
31d624ad-337b-447e-9b92-32e48c34bca0,34656
91dea622-6e0f-4d4e-b796-eadc2649c8a4,34656
69bb2f9b-724e-4764-ba92-2e1d13221d3a,34656
a9617979-73fe-4df9-8449-ebbd364890c8,34656
11bdde68-6dea-463c-8073-33c24d8a5e3c,34656
a7427ca5-72f4-46ca-819c-7f717a0c8e22,13479
8e3034e4-a997-4be7-bd93-54e84b1dbdd0,34656
3e11fa01-49b1-40ad-b319-96c316f578fc,34656
22a6ea28-3107-4ef7-9282-8dae2d36ff18,34656
265c4f15-7d67-473b-87da-cb50e3ded434,34656
663bac49-977a-4b3f-a2b4-80a907da9f7b,34656
18543b5c-5baf-460a-91b7-6130d8c1c093,34656
5648a650-9751-43dc-a327-4bd1e684bf70,34656
10f0474b-e0f6-47f8-bd65-52a0558edbc7,34656
900b5623-3935-4b35-b6b9-e954d3dc50ff,34656
e08f2abc-0fff-4681-a83b-00f704439d21,34656
df88fe89-2a26-4b81-9f83-4f59e48496e6,34656
c720cb53-6df6-434a-a50a-67b4893bbda3,34656
ba2f579e-c5bc-4846-93d2-b5eadb8c60e9,34656
aef45d0d-ceb5-4d0f-b6d2-ea6c56fe8f4c,34656
c23f265c-b12b-4090-b898-26f64f008798,34656
88d36416-dcef-40b3-bd60-1ace241be27f,34656
f1a6ee5d-7eb1-4098-8494-267056c74897,34656
51cd5238-a52e-488a-850c-966a87fec6eb,34656
d06488fa-2406-4c9f-b1da-0cd106c7a4ea,34656
134377c0-6c21-4661-87ac-e964ed3cf2fd,34656
6f6f2a90-f699-4e59-ae63-eef3422a5d22,13479
173c0b68-3cb4-4f61-8350-3fd432d98996,13479
4aaf9a7e-3eba-445b-a94d-716f6ca94d73,13479
93f661b3-7a45-4e6a-8e55-c9bf31c2750e,13479
90f0d0f1-869c-4ae9-8e88-07e069409bbf,13479
2d8bc6bb-ec5c-4129-99a2-d59821fd2a1d,13479
37160362-0253-4384-9cab-8fbc24e28878,13479
225e4d8c-66ce-48fd-a0dd-7d1029135302,13479
21141be8-0627-44c6-97c4-5982bf9b2d67,13479
8a8fa5e7-9df2-4241-ba79-15034fb8098b,13479
946c5750-b8da-4a95-a4eb-40d79f633696,13479
8376f29e-0282-483f-81c8-fdad63b91b3f,13479
eeedf5e4-f488-4ef7-a601-87ef9c11ffe8,13479
6971b4a2-177b-4503-90ef-e6d09089ec9c,13479
b39e6fcb-c438-4241-ad8d-e72483f84782,13479
9dd5da3a-0ea5-4d82-b18c-dcb857f8e82f,13479
0459ec1c-89b3-4040-a666-03f6c7706057,13479
6fa3e06a-5bef-40dc-801d-921b46a4feca,13479
1d43fcaf-9419-4148-ae04-633015e5e7cc,13479
b3b08cf4-d4eb-4a72-a0fb-d344c03edaff,13479
947fd914-296d-4982-82f4-3177f0627aca,13479
05754836-e36f-4ec2-844c-eedf33b00f83,13479
a680ea43-fb08-47a0-861d-3bf86f6d379c,13479
8f845c12-0d61-4629-9bc8-0a15dd910909,13479
188072de-95a3-467d-af04-6a4de9b608e4,13479
dc7df805-1d92-40ad-8c85-5e36d8da64b7,13479
80fe98ff-d3e0-4d13-aa08-236cebe61312,13479
45eb57d3-7fa4-4446-a74a-e6f0cb2cf7e1,13479
e6059957-f285-4966-8dc7-483dd447c6cf,13479
83e2346b-02ef-4995-87e4-26cbec214566,13479
f0ae1a35-dc38-483c-a546-0019712b5301,13479
2ac4d85c-c608-47f1-b245-36d349e27260,13479
dc87355d-d05a-4a42-81ad-7ab71c30dcf4,13479
32c4e548-6016-46f9-b51e-17e974f90006,13479
d4736971-56a2-41bc-9a38-dd930b3fc270,13479
9eb0e2e7-4f63-44ac-b521-81067e445a66,13479
eda609b0-2ae8-456f-8358-ffd1b40475c9,13479
bbb30ed4-0ea8-4ad5-962c-991c8df95e0c,13479
5b76b08e-9384-4db3-b996-c4397fcdad1b,13479
49869b79-f553-42a0-a74e-87ac43be7e5c,13479
9dd6e3c7-2bd3-49bb-ba04-39377a513237,13479
94990f0b-d107-4610-93f8-4d2d38466d3b,13479
c6d99dcb-d3c3-407b-b533-36d201bd9776,13479
9788957b-0ba4-4bb0-b77d-939e53cd4342,13479
2bf95e04-2b08-4795-b078-2d0e69ebf5fa,13479
31e122e8-0cd2-4828-9cfc-0d113e95bb07,13479
8fa10edc-a585-4c70-b87d-a56a11b339cd,13479
a9c6b434-414a-4d17-987c-419249f04729,13479
cf27885d-3685-4d68-8cb8-818680e55834,13479
46b14c25-d7e9-44a5-a5a4-0c19c7a10e4e,13479
395e7d3a-290c-4696-8734-6b370f820d56,13479
ec03bb50-9bb4-4f83-98fa-f74a05ef2cfe,13479
d987e021-3665-4ea8-9560-c39b1ac9e547,13479
206dab1f-6a63-47c8-801b-153738ab6b2f,13479
c73d4998-df5c-4b50-b12a-ef822d66d0d8,13479
b2dfa981-dc2c-4a72-82df-1bf68022017d,13479
423d1f02-52dc-49f5-9c86-ba1c242ea241,13479
e657f956-7e9e-4a6b-b587-476bda158ad9,13479
75f9d9bc-32fc-43de-966b-b3e00fb1f979,13479
a08869bb-7dc0-4eae-a4d1-3abab486692c,13479
e2d53d85-a2ac-4b5c-8524-72ddac30d6d0,13479
8ea48a53-54c7-4136-91d8-181bdfb7dd85,13479
41913344-bd45-400b-bacc-37e594f8a10e,13479
8463f69a-308c-4070-b969-cea1b902b6e6,13479
e7c6c3a6-ad2f-4fa5-9ae6-b68d8da64e38,80033
3827a54a-2687-4ff5-a869-dff5dbc071bd,80033
669a0e12-5031-43cc-a483-784367aab26b,80033
d3b47940-4ce6-4a8d-bc1e-dae52e16dcc4,80033
91da5c84-ae4c-4972-8c27-d2817f3b50f8,80033
837b9671-8a6e-49a5-91ad-169ff5c81cbf,80033
2cb219ec-1003-4d3d-b52f-b41b1b4cb5fc,80033
fd879b92-85ef-4889-9179-8d2482715d6d,80033
3cb444be-9825-4aab-a3b2-a217707ff957,80033
1758f7a6-511b-41af-b315-f56944b9eb7b,80033
9cc89056-bc73-4197-a647-1dcdc32211b0,80033
dadfe76f-a877-43af-93e7-37804902d6e7,59000
487fdadd-3152-427c-ac3a-c3f3fc8f12eb,59000
3c9852a1-4c51-425b-a729-addac7b42588,64711
4dd34d84-ae82-4383-bc1b-48042abd235e,15912
fb73406f-a5d6-4cac-8992-afe2f79df744,15912
32ec37c0-2978-4dfb-9220-e649a7fe5e25,15912
9b5aa506-b8cf-45d6-bbad-32dbf17d692e,15912
e51f8075-c67b-4936-b864-3370c0559cff,15912
db1f0828-0363-46fd-8ee2-2524879713d2,15912
51e4e285-de2c-4d72-bbdf-d2efdec39a7f,15912
cc26068a-7bb2-44df-a105-cd8e33328b88,15912
a49a7db3-1b84-486f-9cc2-640f207bdc51,15912
320603e7-4e59-4ac3-a32b-cb05b8da7bd0,15912
9b3880d3-e220-44ac-94df-a85fea551472,15912
ef495d04-b05f-46d0-b7ba-e61f1e7a4232,15912
5df8bf12-85a0-4d92-9d59-a8413d19a479,15912
6d03bbcc-0bc2-47b1-9084-fedb3dd0b832,15912
c3484deb-e082-434e-b610-da8e1889592e,15912
5ba18230-9264-475b-b064-61bddce988c3,15912
7d108779-3815-4d84-9ed0-86e3c9730411,15912
9e6186cf-3e7a-4826-9ff9-50259fa6b874,15912
fc6aec8a-31d5-4049-b27c-0d1426007dd0,15912
01aefe5e-bd12-4732-b5ba-ac2f963d8850,15912
70ff963f-a20f-48aa-9f0f-bb9695df4332,15912
0b4b4294-972a-4c87-8973-c95351999c44,15912
3c7076bf-721e-4cc0-942e-1a3922fd584c,15912
e953a49f-dfe3-48a6-b9f5-deafec32fcf2,15912
be096bf2-c263-431b-bb70-5f45e66a726b,15912
10e6ca4d-a6db-458b-ba00-98692e3e5378,15912
5a7c0c0a-a3ef-4d05-91b3-83ff00f1997e,15912
8fda3408-4c73-4fa0-a3d3-0788f9a9ac86,15912
1a3b80a2-70f4-4163-ae69-a5d646652f88,15912
67450a2b-a4a5-4ab7-8ca9-787eddfd9f0a,15912
135f45c9-c89a-4fc3-aa96-2cfe6ab1b87f,15912
15a310f2-3b62-47cf-ab78-8c1975eafff8,15912
c5ff4478-00bf-4b9b-a95d-9e013dde384a,15912
886d37fd-2820-4c6e-affc-fb430f061140,15912
c0e04814-0a02-4ec2-a856-f5012f7845dd,15912
26e0b02f-9794-4d54-83b7-5a2368c9bd6b,15912
230a09bb-6701-4b4f-9d86-ced552d8c6d8,15912
e0b028f2-1425-4100-a4a4-1fdb7f12106c,15912
5d33f0af-5a81-4b73-9a7b-f89107f685ce,15912
89222f5e-4937-451a-a924-1b8691380ba9,15912
3963cce4-a463-4872-b69d-8f65b48d25bd,15912
51b57276-5916-4337-80ad-81946b883d8b,15912
d93a2775-bb8e-4df4-9c8a-2451225c3339,15912
457e47f3-425a-44bc-aea8-dd5c223ae602,15912
c704b7d6-3887-4cfd-8f44-106a57fe9e85,15912
eaa0084e-6d46-4807-b8c7-5b7b52f00001,15912
155d5025-4154-4a54-908d-c240136f9030,15912
fa6fa165-8bb4-4122-8736-dc5ec35e9fbc,59585
574770e1-56f5-402b-92c1-53b8fdf67968,59585
3f1f1095-5c4c-4b9e-95f3-9ccd2d9dd03b,59585
aca33572-c725-465c-9802-9838b7a7cdfd,59585
9970455f-6149-45e6-b90f-bc1dbfb2794e,59585
0b2091d7-3870-4235-8d6a-bc7c09a03105,59585
37859b75-b8f3-4ae0-a9d0-b9518bd14b0f,59585
bbdd32cd-180d-4c15-9252-5186eb8e7515,59585
bcdcf19a-12c0-477a-8a49-0da831ac947b,59585
7c2b8401-b5f0-4c87-acc4-af7351c011bd,59585
3c8b0f84-aec0-4a82-b041-d9efcc364e43,59585
aaaf05cb-9d6f-415d-9fba-8354d121fd1b,59585
bda002f3-2149-4aed-a193-051817101225,59585
e918c077-317a-4578-9824-d1f754ab3e64,59585
7ebc9344-8e42-44a0-af46-c89c1eba3d21,59585
116f33fd-4198-42ad-80f9-e0d443446d8f,59585
3c2b54cd-2a2f-44f2-b225-e2a93e7b7a05,59585
fdfe03f3-ef95-4cd1-8229-b3d5f2e045af,59585
d63a0502-1631-442b-b93c-a73353a0ed0c,59585
f9872e97-02e6-4d24-b1a2-42ab9774ffa5,59585
fdd04a9f-b075-40e4-a6e8-b702591be79e,59585
77e25f82-df7b-4a8a-b7c1-731a5a377459,59585
65645df8-247b-4974-b029-9ab94edafb8d,57119
87cb473d-7163-422c-8271-7bc5fcc960b6,57119
50b1c6a2-898f-480a-bf93-9f7dc524f896,40388
5cd08da2-3900-438f-9f01-530a952f0f32,40388
b08077cf-ac65-4a07-b593-fb0121710468,40388
b3d9262d-7b9f-46c6-8d6b-67a259b49d0b,40388
c3d4e2cf-cefa-4a5f-808b-03c8d1f82e86,40388
93ff836b-ef73-4527-a67f-337b732a7b64,40388
286717f9-02a6-413f-b008-f6e0aa635b5f,40388
51e043e4-3769-4554-95bc-9ba5be4a2187,40388
ccdaea7b-ae0f-4b9e-9c11-d66f9afd65a7,40388
ed788ef3-4a07-4e98-a045-d8354f3df2ef,40388
dd581a6c-4acd-47f2-9278-181edea5d484,40388
55ffce79-9bf8-4e57-8cd6-2e727d66c48e,40388
3f23ca2d-0f28-4eac-b06e-a806d9710f38,40388
91c66605-a713-4ce5-81f3-debcb795d9af,40388
84e782cc-9870-4939-b3af-b5e51dfa2f3a,40388
edddbc95-ee43-41e4-ac90-8147c08310c4,40388
aae3333f-157d-47d7-b632-77c851ede7f2,40388
9d93473b-7388-4caa-bca2-3d2d87089c99,40388
146da7b0-2bfb-4661-a37f-eacc4c75fd61,40388
990fbd5f-21e8-48e8-94e9-fa4bd22ddb8f,40388
0e6d3b38-8333-483e-84ff-944d62501d29,40388
5a5e525c-e6bd-4802-bcab-05af0e80a84b,40388
378d3457-ee7a-492a-a63a-a8acbd80158e,40388
3ab6c6ee-7a1d-4c9f-bec5-8241c4c92fa9,40388
5d40129f-9529-4428-9d2d-54c15afbef1d,40388
7ff784b1-632e-43a8-b13a-601dac0e7ee2,40388
90d9aee0-2266-4d08-8127-e8116a1c43b8,40388
752c2ad5-d024-4749-9806-ad77559b209d,40388
b64a2af9-e6bb-4e4b-aed3-f4d375c7ea06,40388
6a4d4284-ca39-4719-920d-21409c4ce393,40388
184e9b0c-fd6d-4603-a710-f41af3360600,40388
5fe36b3e-cadf-416b-abf4-773c707b39ef,40388
77ac16d7-1d5e-40bb-bc59-384463a26217,40388
5dee3de9-ba11-425f-af59-392c9aa012c4,40388
c5bfaa76-3143-47a7-9ed1-56b90eb712dc,40388
3183975f-0cea-4a59-881c-ab11110bdeee,40388
633f766f-c7a0-4d07-9f3a-cae52db6e6f3,40388
7ef06372-c92b-47d5-9da2-db7638e8aaae,40388
877f650e-7b32-4114-9a9c-1830d3cd6d6e,40388
4c5bba28-f3a9-4422-b86e-5390af7f5469,40388
f7d75faf-751d-4dd1-8860-dcd8d976a4e8,40388
301da8ee-8922-402c-a4e0-a8bf5fd61023,40388
fffa0082-cb51-4291-8a19-c5af0616ed22,40388
471374d9-948b-4e78-8b35-6817bff471c2,40388
8efc22a4-6dc3-4c55-8d9f-fb351b55301a,40388
b468d0fc-523f-478e-8574-7fb0135afaf0,40388
c540545a-4b96-42ca-bbce-cf0d74999f12,40388
7b0922d3-3c72-49d0-b8c5-11f272929aaa,40388
cc72b860-fea7-489a-9aeb-e3a5df943c68,40388
8caac9f9-6630-4ef5-a6fb-e263a6470285,40388
d75ee557-bdba-429f-a049-8d26aab1004b,40388
39990b5f-6530-4a4a-b6fe-ddba757af571,40388
031d9da0-56cb-477f-a8c1-ee818c68e6bc,40388
01516b1d-881a-430a-8a84-1b185986f7d2,40388
17e99e72-9bb7-4f93-95fe-a8d9fac272c5,40388
2031bf77-6771-44e6-8ccf-1abe711e3dcc,40388
6229c9e2-75fe-4b65-90c0-d253b9a3f750,40388
5332cd76-ef5a-435e-b79f-af0a606cb494,40388
a6ae52bf-5188-4047-8f82-2926ed73a553,40388
83c540ab-4796-49b8-a9be-2d383bc5ff8f,40388
56506dea-9cab-4f35-b111-6d761f886896,40388
922141f4-3e8c-4f90-921e-75f9c7d4f05e,40388
1762572b-14fd-43f0-a034-4bd587e675e1,40388
8204bac4-4f3e-46fb-968f-39accd2efa3c,40388
367e3890-5197-462c-bb6f-9defd37239b4,40388
83389a62-5b76-4c0f-bc6e-af1409e255cf,40388
74b6acc9-4fdd-4045-88cd-41221c7f5d3a,40388
41a8df33-9a91-4618-a747-6ea7b83c9224,40388
748d7251-b46f-4bdc-95d2-a1ecc7668cf9,40388
f4e495ef-b048-4e26-b9a2-06858de23281,40388
65dd8b9a-2f31-44e3-aac6-21e1d01893c4,40388
8659e343-f984-4668-94be-16ca6ea9c31c,40388
354ab939-e1ac-4671-b763-43cf875e140f,40388
5c0301e9-5148-44b6-b46b-17ce851669df,40388
9bf55517-c965-4f16-9c57-a2f050b8e93d,40388
ac38d488-b508-4055-bd92-5449648ebf0d,40388
ab0bcc76-070f-42b3-a8a0-85502790537e,40388
dadb0942-893a-463c-b991-af2a11ba9f13,40388
17e61d30-940c-43d7-9845-4bc19aa693f0,40388
829b6ee0-2a5f-468e-a143-2ecd7d30b62a,40388
b0fcc8f2-0f37-4b40-b581-06127955aabb,40388
4fb3808a-490e-4eb1-8483-66eb0186b70c,40388
e33a8f27-076d-4c2f-a1d6-7b0965382dff,40388
f451512c-3199-4a06-8300-b130300fd17a,40388
885b88ea-06ad-49d2-8764-083ea60d5938,40388
b57a83b9-b032-47f6-837f-2c961aaa21c5,40388
e06cde4a-a63a-40df-9341-0c873ca6d31c,40388
2495853f-c6e5-462f-8652-59f1ca47e733,40388
7ae8a6f5-484d-40a7-b0f6-4ca10256c067,40388
09cc9e72-a376-4aec-8c62-841c0ed5dba3,40388
ee474091-93b0-42d8-bd62-312240e322d0,40388
5303aaff-a6ba-4fb7-b574-f8a4c972f66a,40388
ced2ae16-ed3b-4139-af6d-bc1a9460cb6c,40388
7951be3f-5ab3-48cc-b944-7a969de6e161,40388
500d3e2b-7fb5-4f8c-9fa7-c9a3988e7bed,40388
06eacc28-0081-407e-bd77-b622d24151ef,40388
372e2a8a-7b4d-4ead-928d-fcd39adb4fc2,40388
0377c749-c472-47cc-aaa5-f0f75b00a77b,40388
40086a5a-b17e-463e-9d60-354f5ad94f8e,40388
ab80b23a-b6c5-47c9-9963-4a460fffa253,40388
1dd03b91-4c45-4ff2-ae36-795190156d61,40388
da1f9ca3-240d-44e9-9d72-e48dfd67a200,40388
6cbf45e8-ae0d-4526-9320-02eddae20705,40388
a55d5678-a53b-4e6c-a912-7362af4c158d,40388
fb21cead-eb40-4307-8b88-e0c49e355948,40388
78c3d40f-93f5-4677-a73b-67098a12852d,40388
cf7977f1-3519-4be1-8c1c-80b3c3bdb3bd,40388
4c37628a-e0cf-4265-8475-94f182d70f94,40388
f16886de-ce20-49d4-a2aa-85f55dfe6cfd,32720
e1b4f5c3-34ff-4ae3-b626-6f77839a769a,32720
16c777c9-7fe4-4534-a8d7-0f8aeb2a9e27,40388
42cc380c-9880-4b4a-b6f1-6c56fdeba309,40388
8c372bc6-2d92-4282-9bcc-3e03d21bbff3,40388
afa7f377-0465-4901-bb8b-90dde63bf310,40388
d59906e9-17b5-44c2-9495-15fa9decf2cc,40388
ca10c4e7-739a-41bb-9f2a-57a5ba0b5272,40388
ce3877f3-5519-48b6-ac6b-041fceea3d34,40388
0e80f392-dc1f-4fc8-9468-a7c0f3d0d22d,32720
cb1f3d39-19f9-48f4-98c4-6496dd46a3c6,32720
e4903577-3e28-4023-8055-3fb629672c76,32720
2b15cfce-5874-418d-bbb6-abe6179caad4,32720
c1b35805-6483-4fbf-a328-1f6670fa8385,32720
b2ac975b-91e3-4a66-81e1-a23962ca3f80,32720
e9e23ff2-21d9-4710-9aec-c2aed45ab158,32720
c9a60731-2db4-4034-8860-6e920cec73d5,32720
09cc1304-7688-407a-a5f6-4aa8053c9bdd,32720
a4be0026-f51c-4785-85af-c3b42c528e66,32720
729ad570-14b6-4443-9ba1-bd79f66fccfe,32720
df59a2ea-31d7-47e9-9aee-e92f5ddf83f1,32720
455642c8-c6d9-48ce-9b79-92ce147a65ce,32720
0f45e783-f78f-401c-aa9a-26b03b645dfe,32720
ff4d3261-9280-4f6e-8164-d06dcc35167e,32720
83891b59-efc1-4190-8a9d-73aaa20625c1,32720
4a329ba7-43db-47ff-b46e-2b804715efe5,32720
07ead76c-2300-4d20-8300-0d145ef6ec29,32720
9cd96a8a-8860-4c70-ace0-099e87b73af7,32720
485a695f-685a-419a-89b0-8eebb7ac6fd6,32720
45c0574b-bbfc-4d9b-8192-2f824faad8af,32720
eeeb75a7-dbf0-42eb-8391-9f7272216240,32720
85081463-0ee4-4258-b56b-1ec376c6e500,32720
d5b9583c-747c-438b-b165-92a786e1c196,32720
ef4be157-b461-4c87-8fac-1d616fbe65d5,32720
8adfc87a-e030-4574-8740-03ebc9e9be85,32720
aa9b86fb-b384-4fe1-88e5-17a07b5508e9,32720
cb246114-5fe2-4d7d-a590-4de50274b931,32720
301e41c8-af30-4c74-a4fd-9680eb59eee2,32720
e6a68fd2-3db1-42f4-9cff-ca3c61a0def3,32720
a0bbbb22-2157-4a47-82b1-82245802970a,30030
1e659291-91ff-4e16-8c80-2eaba34dd141,30030
596a93ae-c5c1-4e2b-b9b0-b8299283186c,30030
c8d596de-248c-4f15-aba2-0218891af995,30030
f0013042-4d71-4216-a907-184dd3d407d6,30030
ad3cb9b6-4b60-4f4c-8306-fa79e75d1126,30030
eaf03d08-dd37-4f8c-be20-bd782a39f33a,30030
84c153ea-b853-4f07-93bf-821821242bcd,30030
51b24dbe-84bc-4523-894f-33d50684c051,30030
d390e85d-a983-4b4f-8793-77d0dad6fbc4,30030
3312c02a-f00b-446e-b960-3e0dd61ee4be,30030
8f328ba2-cb39-4c2e-8ec8-8923926ce71e,30030
d87dcf41-3ee0-42e2-954f-082a7199fffe,30030
aec43e22-6790-4778-8b91-69a4d58d8526,30030
74d07314-1178-4946-a187-a6f4935a4dfd,30030
361cf936-e579-44ad-b325-80325c5e06c9,30030
69d7e1b8-3608-4e43-b77a-29c69e43f8c0,30030
c060b3d9-2ed1-4809-8d85-229bc1569f5a,30030
bd59cbe7-5432-4876-8e62-b66947699c34,30030
13939a62-5110-41f5-81f4-a1d90cd3d090,30030
a1c253bb-3861-448a-b37c-478049948982,30030
c912e2a3-b187-4a91-bc62-ba3ecff43619,30030
85b3d191-4614-4a7d-a651-34749e655b59,30030
63e51125-8117-42d7-9c84-a02fec4893d6,30030
b887ec6c-6b36-428b-9728-a8a23dc20a34,30030
d056a045-469d-49a2-a5b3-90aa2d7d6e11,30030
f53d8299-1420-41ab-8a7a-0047e7d54cf3,30030
cceaf465-14b3-4d6c-809b-28f1b92c5d0f,30030
43c32440-4c4f-4765-bfb2-4020cc6f37f9,30030
6c16006b-0a81-4624-9edb-ae1001810669,30030
0b0d42ef-abc0-4a14-8bc4-211a1e00215a,30030
da28f92c-95ff-4d7f-835a-c08c6a962b54,30030
fd1ad218-e96f-499a-9c39-b20c17912b14,30030
8a2f7c17-95d9-4fef-a0ff-bdb5a496cd37,30030
43cee763-789f-48ad-b001-086af19df846,30030
e7b4bb6b-8292-482d-a3f6-46d6cfebff76,30030
b8e8356e-4080-4386-9147-d0c8ce5ff649,30030
100d1008-0e45-4172-8a2f-48bbd4b02981,30030
c1bfcf3c-f809-4e6e-8920-38266e90044a,30030
2344c6f5-e658-41b1-8b15-f1fabcc0acfd,30030
b95052c9-c13f-48c7-93ad-ad969b76e1c9,30030
039fd46e-7997-4b8a-9557-bc6126dd4d51,30030
e0391876-9e14-4fda-9163-45e6329a050b,30030
8ce48699-a503-4458-8437-f42ac93ac482,30030
a8a28646-d158-4f6d-821d-f4bae86fde13,30030
ff21747c-5752-4d62-91c2-3faab63c5401,30030
212606f5-21ad-44c8-bbd9-39e6432d63ad,30030
52959512-85d9-4a04-861a-3c2026155da9,30030
57983bb4-a442-4b28-86f7-86ba4df852a4,30030
7fbe3f03-898b-431f-96fb-8d247c551d3a,30030
17c363e5-f12d-4c74-9fc2-4a86ef1038a2,30030
7a4e9ec2-8dcc-4e7f-95c0-ee2e9b3371c5,30030
0804a8b3-ab69-44a5-ae13-0b47080ad858,30030
051ce8b3-63e8-4c09-88d4-5ae9007a4ec6,30030
8ed1b835-6545-4f50-94bb-32d4fc961e8e,30030
e57b10b1-cd25-4d24-aa8a-d6d68570c189,30030
67f3304a-2a40-4e65-a57d-71fa5f6e9495,30030
06eccc44-c6cc-45c2-9647-e47c9e7999ca,30030
9a42bc3a-600e-4a2f-b943-70959e4ee9ae,30030
2cd122a7-a1ee-43af-9b76-25e21511cff9,30030
ab6b2f7b-5fc0-41c0-abbb-934c7f791d0e,30030
34098e0a-d740-47fc-a528-d4a5e34c02e1,30030
2e734365-2832-463f-a6c8-eab0b1d31f18,30030
b91fe93e-4a3b-4078-8512-85ed5e122005,30030
c7a88252-2d71-4dfc-8705-1245fabd424d,30030
cd31daca-9cf9-4727-b94d-fcec0c2ee6ba,30030
60e28bf6-03ec-49a9-ba56-d75ce1357b0b,30030
80776f20-2fbe-4e74-aebc-2bc5262fab27,30030
d2a863d7-11ec-42ed-908f-7ba2a66ee029,30030
3307b956-8a3c-4c6c-8133-a44fb31690be,30030
617e5849-ac39-4973-b7b2-6121335a1a24,30030
59ce08f7-46b8-4351-b424-598e3064c554,30030
b70db25d-bafc-4e53-b56f-9811924f4537,30030
50c783b7-7baf-4526-8979-36f887e23ddb,30030
7e085362-90d0-45fe-b2bf-f57f021ca42e,30030
d54f21fc-9620-4cdd-89d4-5ea14f7a1227,30030
064ad7b8-6811-43fe-8db9-f38478a4307b,30030
b2b40c5c-6b50-4523-b84d-0ad1a0c1ed11,30030
4e6f6cc1-37fb-4c08-828c-450572518a9a,30030
57b47c39-d99a-4186-8da2-b25b4f83f6c7,30030
e02c339d-a77f-481b-9138-94e8116b557f,30030
b4eedf83-9e41-42ce-88b1-036be8f0e766,30030
d36bfeb7-ed83-42a6-ba7d-780c689aea62,30030
1bdf3473-0228-4a59-b508-c062d9e40244,30030
e61c89d3-1f30-4643-b39c-3668e7e13e6c,30030
d07d4d2f-6aa8-422d-8b51-d05824e12774,30030
bfd5be50-c7ea-4da1-a6e1-d4fa01c043c3,30030
ac4e3f8f-14f4-49f7-95a5-f609fc2e2669,30030
8575818a-4c3c-4929-8914-d024dd54a79b,30030
f608c0c1-6378-4c70-aa5b-1b34293f5c1c,30030
1a5a9670-3393-49c2-a7df-dff1b111547f,30030
8ad841c6-6762-49e3-96f3-8d2f52210670,30030
72bd662e-c44b-45e3-9547-0481a829b37f,30030
aa2abe4e-9113-4dae-8f14-e995b14f4686,30030
e6478223-ea2c-46e6-8225-5d557d12cadd,30030
949ab70f-9396-46a8-8c62-427ae3eccc3d,30030
e251123d-46f1-4e39-bbde-a06bdd86bf77,30030
e9af48e7-c5bf-4e7a-871a-7188f7c11591,30030
40a625aa-0b49-4e9c-ba1c-fd0031438f6d,30030
171a6628-1acf-4d06-a357-6b773b5bc839,30030
ac1dbe9c-943d-4d46-a91a-2125494ebef3,30030
109deb62-2225-4a76-8066-f05f73929715,30030
36cd62c9-fa24-447a-b7f2-64270d7e2c15,30030
3b88a619-55c3-4764-8a04-e7e4d91ef08d,30030
c55d7b29-ff60-463f-9577-5a28c4fba4b0,30030
45bc0614-738f-4d71-a764-650ba558c531,30030
7c08db8b-b980-4c2d-8994-e26832a40620,58233
19884719-bf88-4c18-8217-6d334e6365fa,58233
1579d6d5-cda5-4a74-9bf9-2d166c4fad7a,58233
6dbe9133-bba1-4f97-96c1-8451a60f20dd,58233
635382ed-2c35-4b3b-99de-e49f47192644,58233
73ac52d5-8ddd-4272-bc31-609bd88a520e,58233
280479fc-d83a-4f76-8316-77ef9a8c7693,58233
774a8eae-a26e-4b7e-8b76-17178b340bbf,58233
9ec0603a-b078-4244-9cdf-6cd1d1e2e83b,58233
24093d4c-5cd1-48ad-bbdb-dc2a92874768,58233
69600125-be74-4ac3-bc8c-4564d6d381dc,58233
fdeb4960-c6d4-40fc-b736-28c38e50bc2a,58233
72856c27-c0ff-4b43-bd25-40aaea96a4c9,58233
896720d0-5c80-4834-b7c1-c2d1998db9d8,58233
e22bfc7a-1406-46e1-89bd-9b58d4ee3383,58233
c3929422-1aa0-4063-877b-4a3f23b87e93,58233
02433851-37de-4467-b164-b618fa8fb357,58233
4de3a43d-636c-49b1-a94b-c465a51c03cc,58233
a25d3159-6638-45f2-a8eb-35d9b15d935d,58233
4767bd9a-24ce-4c90-b603-330e796df10c,58233
d585ff15-3386-49ae-b303-2ddc0fb42f2f,58233
4b70f4a5-1744-4044-b36a-16e33cf6fb05,58233
33abac8e-836b-42ff-b4f6-d567e85c8d78,58233
c1c51c25-e267-475c-a475-6d0297c0ba9c,58233
f97052c6-19c3-4fdc-8866-03ed10596d1a,58233
5e0f2f99-ea99-4540-880a-72d8eab1517b,58233
625d565f-0188-498e-80b8-e1e5d9381e22,58233
7d2f18da-7928-4ac4-b63f-4962d6033b11,58233
b60b74c6-30a2-4e9d-9bc1-3897c9267b6c,58233
0ff1efc4-34cb-4a59-9879-da518291a052,58233
68da805f-526e-4435-8af7-88e5370e0032,58233
41f37bc3-d920-4672-b76b-ced3c297a459,58233
60744e16-a7bf-45d9-8b21-789d12246d6c,58233
c000ba8a-f7b9-41fa-bc65-4e6c9fc8fc85,58233
5e4eb93d-1055-42cd-9f5c-cfedc37e9f3d,92893
30f15e5c-1bca-4474-87db-4af987447cd0,92893
b2adbe16-bef8-4d0c-b98d-4b30c8bdcfe8,92893
e1f2d312-e1d3-4ce8-b8f0-e9b285a1a21b,92893
867ec685-ae7b-4a1c-a1a3-505d6225be18,92893
2007e4b0-0200-4f0d-ac23-d360a3017ca0,92893
62607bfd-7427-4754-85b4-506f200643c9,92893
30f8e0bd-a54f-4863-9f31-ecb124ddbf85,92893
3f274e5e-ffa9-46b6-8b91-52ffa5b47b2c,92893
ca0504d3-2941-415d-9523-d9dc618c5877,92893
041c04e4-db8c-493d-a4e0-3e33a4a34b80,92893
a37c1563-b1d4-4155-8065-12acba224a3b,92893
4cac56a7-7c5a-4525-ad2e-0f33783b585d,92893
fc4ab610-66ca-4b74-b5a6-9e6eabb43334,92893
05522fcd-8c8d-4e60-add1-31da337db78f,92893
5f7c161e-f357-46e6-b5d2-d1d0553c32de,92893
ce15a519-0671-4e12-a1f3-bfa94a3861d5,92893
80910dd6-df51-474d-a580-3c0d0ea02af7,92893
a3436d40-a9d6-49f7-b89a-dfe2ca353471,92893
d498e3f7-a3d0-43b6-aeec-cd1bbe26884c,92893
b58e9426-f78c-44bc-a56d-5a7205458d4d,16534
293acc3a-ef91-4f03-ae64-e71275050909,16534
6a09ee10-ffa2-423b-8840-3be35d208e37,16534
fdaf7295-068c-467d-8bec-55044e66794c,16534
cac8ba2b-43f8-4020-ab84-420842378946,16534
5086d642-4efc-4dc1-ac8f-5a3a18a649a6,16534
07da915a-f70a-4091-b951-d33b4543d75d,16534
77b1ec3a-d442-4318-a782-070357efc355,16534
d100ec8d-ff9e-4296-aa72-90ea12bade91,16534
7c611f12-28f2-4ee3-a1ea-5b0d08ea7d1b,16534
b8b1193a-b22c-41b9-b09e-31c6309eada1,16534
ab64f6bb-3168-4ed9-8940-23f8d046b2f7,16534
e5c69947-1763-415c-8f4b-5120c22cda2f,16534
bb03b24f-812c-467a-bfb8-8771aeef5e5b,16534
09b53a86-1f33-46f7-aa49-21c9eb9e8373,16534
4012acfb-a808-43fc-a4c9-d6a005eda8ee,16534
54569126-c0d7-493a-87e3-c5b7c8f9c608,16534
8c6d5482-c371-44c2-a45d-ee7f9b0a7a1f,16534
553925e3-1f4b-4ea2-8f7f-1b8f6a813155,16534
e33ec01c-ad56-4f75-9831-5da4c8d9478d,16534
1bd9c8a5-ccb2-4f29-a4a6-6299a4b22299,16534
5508df95-593a-4447-b99b-dbe35c9c18a7,16534
fc520a25-a98b-45f8-a591-753898b727a8,16534
47231873-9949-4490-ab7c-6806898b3dc6,16534
e44c3b8e-956f-4025-bdcb-47e546f8ddd3,16534
dc6efb31-d9ed-43e3-bf5a-f38ae3e1f8b6,16534
845518f2-a5ec-464d-8bbf-d7dc161b8df0,16534
ac573bd9-1eb3-415d-be7c-27db73396915,16534
cac14798-2209-429e-a38b-1232450ed3e1,16534
05206c43-eb55-4454-9967-87c5b4591124,16534
54c0f414-72e4-4985-ae04-322f585a02ca,16534
b46170ca-d111-454b-bd88-62d8e74e8ee1,16534
b654dfd6-36fe-48b3-8c65-5458efd95e37,16534
d4b2dd1d-c1ba-47c1-96c5-90e8e7d40987,16534
dc539f38-c301-4da8-ba38-747263a37701,16534
7b81c29a-5c2a-4920-8e08-b8c767da517c,16534
7c288065-8392-435f-a5af-b5e1ad6baacb,16534
847846a6-2992-4cf9-9d10-4594898a5caf,16534
243b1294-9027-437b-9b72-66b1e6e1b054,16534
53920414-6f9b-4d84-9dc2-d0e9261ad64e,16534
a7717d6c-9693-4a01-96b3-476ac206c60e,16534
80053757-7d72-4d68-a03b-aeda743aa615,16534
b7ab5bab-84d5-442a-a2ca-57908244c7cf,16534
218bf674-97ad-454b-9f8c-a9f5579f733d,16534
4f007b59-1d6d-4c3b-a1ec-6417ebbdc69c,16534
9c87c479-7759-4d0b-a97f-e240b9985735,16534
60cc1b70-4bba-4588-8ecb-29a71505655f,16534
6a299bcb-95f1-423c-bcc3-a842f2958d3c,16534
a6fa71db-a437-42b5-8a34-8b4d4659510e,16534
38b3a329-5e7d-445d-84af-63e09502fdac,16534
1c2e9418-5b11-46bd-8716-d0d98c5f16b4,16534
c2ff5060-8181-42a4-9c61-312380e77554,16534
7ff1624f-b417-4bdb-ac66-a43e4353d66e,16534
8d706890-fff6-401e-b1ca-100d7e87c274,16534
351be9a4-df10-49aa-861b-20dcfe0184bc,16534
ca065e0d-a9e1-49be-a7ae-7db3a52bcca8,16534
c666e81c-d55d-4c57-9ac3-1959621efdb2,16534
f5dc5d12-9d50-4c38-87db-efec9cd7e82c,16534
6412f2a5-7490-423c-b14c-422712d105f0,16534
3ed38576-4daa-4641-96b0-621efdbbf9a6,16534
9d27f132-42d2-42a8-aaf9-e9db61fe4e1f,16534
1e41d312-f792-4c3d-8ad7-db4528360078,16534
d7081f17-4dde-4a64-b944-8b44a1ca943d,16534
e9e6256a-63d2-48fa-a809-68451f6d61b5,16534
4a79aa3e-f528-428d-869f-bfe4aeb1b2b8,16534
250d75c3-5f01-4d91-bf20-85ba94a1f40d,16534
cb67796a-971e-44fe-8396-4028e057c021,16534
ee4532ad-4bb9-40be-bb1f-857e6898a41b,16534
30592e07-1bbb-4a1c-959a-50ece73af7f0,16534
ba7c6556-09d5-4ff4-bdfd-f156aed7d6b8,16534
536de897-93c1-442f-a25b-22959ea595df,16534
b92af8e1-3493-4188-98cb-dcb5c3f0c485,16534
d71059b9-38ea-4761-af57-76678494aeb8,16534
7d7c9b9a-190b-4c95-8446-2fccd8a7bed2,16534
7abb034b-38b9-4cf0-a089-5ae9c708fd8a,16534
0799cfb2-da16-4842-ae7a-d7e73c13aaf6,16534
2abe40ff-7886-49f3-9742-2b1beb940726,16534
e9622f16-5b22-4d8a-8788-e77ae2f84103,16534
7075d609-0baf-449a-820b-793b338c9ac8,16534
f95cca11-d8d9-4cc8-b65e-b1e8da957468,16534
ddde868d-04d4-48e2-984b-45922dc6ddb3,16534
dbdd8a1b-6223-4aa7-a2d0-a9e8b2610d10,16534
22fe50fd-cd24-4f61-b0e5-f6039dc47b07,16534
36eda60f-3daa-408d-a21f-49a8a5f0bd6e,16534
aea08420-7113-4c28-9960-acddcedfc1af,16534
03310e43-587e-4e2b-9f44-936ab9d1df4f,16534
d2858853-702f-4c32-8215-7ef8ec0dc834,16534
1bc66d80-ff64-44eb-96f1-d77a3e99219e,16534
e9f2db28-855a-4805-9886-0790b6de60a8,16534
1d3305de-2547-479a-ad66-4b88ebc8ee84,16534
7562f474-c7df-4dd5-a0a3-af7ab5eb2120,16534
1e31ce1a-c077-4cd1-a287-16044d2c71de,16534
0126a2a8-c3b8-4724-b497-f3447e1461da,16534
6df611a4-02d9-42f4-b8b6-78adf6b9e86b,16534
cb385504-b50e-401e-9816-c601db11db0c,16534
f16008d1-0eb1-41ce-b64c-ef93673a0421,16534
35c6e566-deea-4bec-98c7-9eda7cda64ee,16534
409ec5fc-b684-48c7-baef-6a71c1d7a28e,16534
59daae7d-1531-48e8-b0cf-181fec196a3a,16534
03c8b25d-b4f2-4d6f-83a5-645965da5ec5,16534
bfecdcb5-0623-49f4-a7ef-e245bc7f9ac0,16534
3fa8a05e-0014-4604-9f54-f949592f34b3,16534
34b8422a-f36a-42a4-89ee-87e16a5b66b8,16534
b676c885-dd03-488b-94d5-900e4a98e588,16534
b347b885-abae-46b2-9b86-b5a96e34e823,16534
30892371-3451-4445-90da-9bb1346db030,16534
b25a8c87-7967-480e-b083-ae7ca807a329,16534
71c8add7-c102-4ac5-82c9-e60e75e1c265,16534
fe8e063f-5fc8-4ba0-b983-df70f89a776d,16534
79be0f7a-2683-4b96-b972-b935a2bba992,92527
ecc9d05c-a4f3-4761-8589-1bb5eaf8c44f,92527
7dbf3f26-87e0-48b2-9a71-64d971b71fe2,92527
56d211c3-c11b-45d4-bead-fa9dd43cbeca,92527
3daa716f-6f4d-4820-9005-f0df30d03a05,92527
2d97443a-13bb-4e95-a8f3-bd61aa4a7d0b,92527
3dc75678-9633-482f-ad69-94e4674d941e,92527
cfcbdc3b-d13e-4c21-8e95-ecb6e6725f44,92527
308cd6ab-cd4f-4aa0-90db-d358e84100ad,92527
1247cabc-9d8f-4335-ad5f-2fb2709437c5,92527
f4bced3f-fb0a-4694-9af0-602f0053c246,92527
76571b44-477a-4aa6-827d-05afaaa3eef4,92527
c7d1d0cb-7ffb-4844-99cf-fcc4ddbf5681,92527
8ed6853a-62c7-458a-9422-2b6f2bb3d4d9,92527
d586999b-83ee-4616-8a98-97c8192ec6bd,92527
b0cb3a69-cb64-470f-b58a-90e1c2452aac,92527
7554200a-6cfc-4eaa-ad4c-ec44234cfa7c,92527
cc474ec9-a4b4-4801-bd2d-467459ae2d6d,92527
0dfa10d5-5704-421e-86aa-2bc719919e9d,92527
74cf75d4-1e7c-4de3-ad15-0a26d8e9e5f0,92527
c6d2eee4-83b5-4f64-a165-b8c50d20f645,92527
951dda68-45a8-4eb4-b095-ac16b1f3e17c,92527
d92b7203-3546-4ddd-88c0-85af4802a393,92527
4ad28b79-167b-43ad-9de1-c9a09b86d0c2,92527
140974ec-7434-49d6-90a3-ad11738e32a6,92527
640443a5-909b-41f9-b6c2-4bc793148c58,92527
edc807ed-977b-43a6-bb1e-1917ca1f54de,92527
1cb07464-c5c0-44fa-b709-1396b0e12be2,92527
aca5499b-9b92-4668-a67e-3843ef546355,92527
6eaf620d-77e2-47c0-a26d-299a60ab0b14,92527
d85dd729-1694-433d-8397-ed2d2a0e4a90,92527
5429759e-769f-407b-9ce4-951ffa092688,92527
aa68659f-445d-4990-be72-85a2aa684d65,92527
0ac587d9-84ff-476a-a429-013c7c896da8,92527
dd0c076c-fbb1-4417-ae4b-84341299d250,22883
5abc24bd-979a-46f5-9440-cc80f3fc4aa5,22883
7892ee7c-513a-4749-ba06-ff41a924c873,22883
edda6e40-1b4e-4064-ac43-1ecbedfc32e2,22883
d66f8e17-c8d3-4dcb-a001-34a2729e1927,22883
078be00c-7c8e-41d2-aab0-9e17881e396a,22883
cd187493-27cd-48a5-90e2-7c1efd5f3f7b,22883
b52551fe-9b9d-4bd3-a5a5-3cd52055f6dd,22883
dd340943-1024-4b7e-b761-2749deb0d7a0,22883
6999738c-44c7-4aae-8679-f5c89f9278da,22883
e29118f7-ad87-4fc1-b828-0458c92b5b0d,22883
37134687-7d3f-4cf2-bf71-876943732edb,22883
3806ac04-5571-46a4-80f9-88282ffd9a1c,22883
5c842917-b6da-4110-986e-e8aafb33751e,22883
035fb484-d818-4ea8-b4f7-aec5bef050d4,22883
ecb67145-7b22-4808-82a9-5985ecba4b89,22883
d9d59960-e5d8-451f-b143-0314fce7fdd2,22883
ad72bbd7-2cd0-4d15-b283-9a3a29141855,22883
1a5b1882-e40d-461c-991d-379ad98b4e68,37320
24778b5d-ff58-459f-9e09-9bb22c0da8a9,71642
8a502c84-f81a-42e7-b3ba-38deb8be7a31,71642
af8857c3-5dab-46b1-8fd8-a9743574c4b7,71642
04561958-d459-40f2-8204-e2a86ecd269e,22010
b0575503-ffd7-41f5-bede-8fae8771b469,22010
953a92ee-478e-4d12-b7b3-9be37cde78d0,22010
074ea5ed-b4a9-4925-88f5-b6da09ceb4b9,22010
98fe8e04-67a3-4268-a555-95ac0095dac8,22010
bcb4a555-bb48-466e-8f51-2dd3fd7068a7,22010
3796436a-e131-4a56-b142-12b226d37742,22010
0a69dae6-c6a3-4163-b0b5-fd0eb7c0b2ca,22010
bf3d120e-5fe7-45f9-a418-40c527c0ce9a,22010
fdd89c15-95b7-4efb-974a-f4840d5cc87d,22010
3e672ab7-aac8-40e4-8ac1-8adcb302f4fb,22010
e04c57cd-539e-473c-b42b-22c82895635b,22010
00efd03a-c531-40de-9f7e-8f7625554b88,22010
79d0ceb3-4a4f-49e1-988b-abcbe502acdf,22010
3bbbe703-0fe9-4ec4-a389-d287dd59321b,22010
e27f6292-0863-4a73-8cd7-552d68ed407a,22010
03e93abf-0715-4236-b063-b3fd47153de4,22010
8c0b146c-d134-4d5b-b17a-72591e83c07d,22010
2ea58dda-894e-42f1-b15b-4cdec8b4363f,22010
c7746d3f-bb99-4202-adb8-57e45e7c745f,22010
d73ae3c1-4151-4608-a6e2-c70a1acc14b7,22010
e4f63819-4056-47ab-a7f6-037822f93088,22010
25665e6d-b5f9-4787-8585-0bf5433e66fa,22010
c0dc2c1a-67be-4ed0-bafa-4b146086b2f9,22010
ca8f7afe-6e21-4e83-8cda-bba81972099c,22010
eb4ab5f3-cb2f-45cf-ac55-c0c34270b030,22010
094de1a9-a146-4e97-a06b-bf3f68849f56,22010
bace4a92-9c68-4436-ad37-6eab999ca03b,22010
37346fb0-a13f-4bd3-8ca6-0bf1557cc31b,22010
b213bc5d-c6e8-4551-8ead-166dfe0e8243,22010
0f4c5ba9-7f18-47b3-8b14-8fb176a47690,22010
12eb03b1-70c7-464a-975f-b15727e88336,22010
ed96fbe2-7be3-4e0c-b9f9-2fdce364e104,22010
50db86f6-223a-4946-ab07-2d717a8df686,22010
47e7b6fa-fd69-44d3-aed5-9ab05d3c5026,22010
fc8faa44-0670-4ab0-b5df-b651eb6b8a2e,22010
6662a515-6b5c-448a-82b1-94b26c783595,22010
c80ec0f1-be66-4132-8ee3-6bea844e4431,22010
7bd4b018-ab52-47a2-8012-9a61b6f8479b,22010
dd860390-eb18-44e8-98ef-dca7b4b74aca,22010
b3b39502-f254-45fc-a044-05c3a54f838a,22010
2016ccc8-f93c-4ec7-add0-c09aeb060231,22010
16cec24e-1613-4d89-944b-07a71cc5bc42,22010
564edaef-a8ee-4309-a8f3-4ab88093c02e,22010
3693fd9c-9c83-4e0b-9d1e-c62e013c54e9,22010
791f085b-5016-4560-89b1-f35d58824fbf,22010
5953d97b-43b9-40c6-bf1f-981949221004,22010
6a12feb0-ecea-440c-9d78-7142f3c02ddf,22010
d2104465-2b40-4848-8b8f-15e389243989,22010
58334edd-4258-4505-b5c0-b1252a70f4b4,22010
6489d7d3-2b91-4f8d-9803-50254a5b0d1b,22010
58d69b79-c29e-40d9-ba44-907afbd1760a,22010
8a5cd76e-309f-4a3b-99fc-e7bb88caa5b6,22010
5bbf1ddd-361f-4270-9bf6-c85245852022,22010
e0fc0f46-a412-48bd-b8ed-b364f8d889fe,22010
cfc03c35-8373-42d6-9c59-ae5480be2635,22010
a545c2af-0c05-4d92-a776-4e1e94d5ba60,22010
698019df-753b-4f44-a660-491724780284,22010
f7da3fe6-c31b-4c31-ba56-b98df439b532,22010
53fa7448-3a5a-4f02-906f-5bb43e07de06,22010
f8b6e011-9aec-4a78-aa75-62f1072d2c9a,22010
f799776b-69cd-4073-89d2-c60a4911ecef,22010
b4b2fd7e-d961-4126-a04c-471b8e0b4f2c,22010
576b79ab-bd76-4321-9013-7cb904d2583d,22010
cdec73d1-3f09-421b-b239-6bb44ebfcdb1,22010
e369436d-4679-47e4-b7af-8f59b53dc084,22010
fd6e03f3-b5c5-487d-8ca0-5674c84e04da,22010
b769cb47-0b3a-498b-82bb-cf832d8c8885,22010
3fe1adc8-20a0-47b3-8f5b-cea600adbdf0,22010
145b5b23-9e8f-46c1-b201-5210e7ceac66,22010
d75b1c56-9e68-4e83-a22e-536491fc2452,22010
8ed16236-a6f7-4aae-9e51-dc0254c30eb4,22010
55f98d27-30df-4d08-aef1-9b6cb1f7ffff,22010
a11f9e83-9c35-48cc-9505-1a2b58b03305,22010
5b5a0b20-94b3-49d5-b13e-0b984d2e3770,22010
9122ddb5-aeb1-4101-a0a0-ef713216a773,22010
f39b6935-be7d-44ad-b825-07fa29fd3664,22010
c1317709-cee3-475b-9de8-b94bb56887da,22010
caadd2ed-1be3-4609-af5f-f533861e5148,22010
9a16eadc-8a78-4ca7-b038-a718b2a6e061,22010
903ccde2-d95c-4d77-9e5a-266a30e369a3,22010
f5a58164-5479-4df0-8acb-c2601cc66445,22010
ea285676-9147-4315-b724-363427fd94a3,22010
1980d2d9-66bc-4126-829d-8eeb3d9a84cd,22010
d511c7d6-0821-445e-93a5-4ca10cc5838c,22010
991f4b9e-0abb-4b49-8dd4-659296314353,22010
2ac8df66-d47c-4f6f-9f96-ec064ba17bbe,22010
15634133-2a8b-4438-8531-e8082a52aaeb,22010
f2902661-962e-4ff8-b095-ff1515f23332,22010
35699dc6-f4dd-4611-aa3f-a05489a7ad55,22010
44f2057c-3a6f-4cc6-a69f-2c0124dffab0,22010
0a344802-eb58-45a2-a34f-937d1b5a3d8b,22010
c85b2cd6-8b7f-4eaf-a05b-47c6283e10c9,22010
0c1da5e9-dc1f-4293-835a-1ba15dc90aee,22010
a5f7055e-1566-4dfb-a820-e56b2dc6c9fd,22010
609aed4d-3954-431f-b2e9-f7d0115c2a7d,22010
3dedf46a-721d-4c19-918c-b14917c1410a,22010
ec23aa17-8e58-4a60-9f61-c5e560671f15,22010
5c33d1f5-e2c8-4d3e-ab15-c209e2dfdfdd,22010
480cd9ac-6805-4ada-a8f2-6617bfdfa94c,22010
7f1e22f9-1133-4674-acc6-b2d67e54e3eb,22010
89b7d02c-39a6-4e40-b27e-59ef8352c570,22010
40a00ce8-8bb6-491c-9c26-992db8e44ea2,21060
688914b5-ab10-4fd9-bb61-f3021012c76f,21060
a266077d-818c-4c86-b966-bf6ea73777c1,21060
ed4b953f-c840-4e36-b5da-4c40c869ed60,21060
a62b5e55-89d7-4a1e-9f0c-5136f283d1f3,21060
1f022c9d-4de2-4a38-8ba0-440f2dbb04e8,21060
4f7718b0-8646-498c-9faa-9d761a5adf27,21060
b227a9fc-10b9-455b-abd0-dfc35beff20b,21060
86892650-4e0f-4b09-803c-9e9aeb23eba0,21060
753e97f8-4bea-41a0-a543-0b9d0cb06b40,21060
9fdbda4c-053c-4ca9-80ba-7a3f392c8cc2,21060
c8c9473a-0b3e-49e6-9fba-2c070e07764a,21060
b9760ba2-7681-4fd1-9df4-245d397c73de,21060
7eb282ad-6a0b-4ee8-979f-9da6b269e0b8,21060
b4d94017-d344-4a26-b940-a84aa131b2a0,21060
0db4ab67-882b-45b5-b37f-f91efd8a6133,21060
42a9aa29-321f-41a5-a7a3-5e764587deac,21060
bb3310d6-96cb-4b06-abdd-f74189c6d544,21060
e2f5e208-4e16-40f2-bc02-6a88d6feac36,21060
d380311e-1d7f-4f04-9d6f-44f1a0660f2a,21060
d32b9d61-5046-43d3-8951-4a3954187d15,21060
bf71575b-6f90-4aa8-b3b4-daadea6e5d7c,21060
c1714f99-14bb-42a7-8bbe-991dbdd96154,21060
e1884237-d9d6-4b75-afba-b26b4720ba5f,21060
487827d1-b273-4bec-9fb2-f89e52c681fa,21060
5e63b641-cbc0-4d0f-9386-e4b8ef0f2469,21060
431ee61d-dc55-4141-842e-978fbb81b189,21060
2b4dff74-a5bd-4b6b-959a-01ff7141e0ac,21060
59b95265-64c0-4f8b-86e5-82414277fb50,21060
6c7db104-68c4-4433-81bc-2e6a4d0ceb91,21060
04b64c92-6615-4c7d-9edc-a029f385920c,21060
2c69b267-51dc-40b4-8a51-1d5e34479ba1,21060
bab08bb9-b7e8-462d-ad0e-625c5f831185,21060
5c25ec8e-f71b-406e-9962-2be502cc7981,21060
26e175ef-a7fc-4c51-aa47-29f4b6a6c10e,21060
3bcb785e-c314-4579-bf5e-2a6f6e70091a,21060
e642409f-67b2-434b-82b2-df2f9e1545b3,21060
7af6212f-4263-4566-a90f-958617fc37de,21060
09cdab43-2148-422b-ae30-487a6f58ca93,21060
6defa031-886a-4627-b207-70b5d362bad2,21060
a89a0415-2710-497f-8a4e-81fdb20e68b1,21060
40ef3f16-98c5-4b5a-ba85-69be41067319,21060
75c4ffc8-106d-40a9-b1ab-157033858ab9,21060
91a044ec-b3e3-4ef1-a859-ce4ba655688e,21060
a6c42d5e-4a79-4319-95f3-3461dbd58099,21060
e5ace0de-dc1a-40ec-85ef-2da13f81db24,21060
e02f3232-c559-4c43-b9fc-ac98fbf2d901,21060
2d20a577-3b3a-40e4-a061-5ec13bda8606,21060
fe387e95-812e-49ce-a075-145487bd72c9,21060
3bd4036b-9d7a-4157-acf8-71a4b27e8bd1,21060
1009bf36-a496-4d42-89e5-49ec5d388bd5,21060
f59a6594-2363-4837-9129-665bb9449c4e,21060
00483495-5fd8-468f-b9d4-8a1548ce3a6a,21060
b5060b1d-0af1-415c-bf27-425510f22828,21060
17137bd9-253f-4637-92a6-9d7490944587,21060
d7617270-cbaf-4177-ba62-97a449587ad0,21060
c527b178-3f48-42a5-a6fc-e9815b242627,21060
97db4e69-69e1-482a-8b40-c27c035c1f2e,21060
e5ce254f-6dc6-4335-b81e-94d12018b311,21060
74f629a9-ed13-4a39-8c5d-06a68348b3c3,21060
a90e9254-3816-4b38-8364-e8efcda392ad,21060
862c1ec5-64ab-47ee-82ef-20c509bc46c8,21060
d7325fca-18d5-4f8f-b29c-aab987e41fe0,21060
300a60ee-858e-4b81-a917-8fa7705ee667,21060
1a01327c-7a3c-49bc-8009-8a5942e62274,21060
31802d1a-debb-480d-b7bc-731b296169f6,21060
4592a73b-d83b-4793-8e89-ab285ca6c1d3,21060
714df9b4-e05a-4ee4-8303-f2dacce135e2,21060
03698be8-ecf3-4384-9ebe-62289eef70a4,21060
58ff4dd1-236f-4cc5-b8ae-541f03652e68,21060
cee8d2f5-dd02-4a1b-8c86-90745dda6138,21060
5ef27712-15ce-4cec-9feb-3be11eb31356,21060
0ce5ba9c-d640-4a2b-a046-d585e210dea6,21060
bbfc8166-2d13-4fd9-a8ff-5e4373231839,21060
db875498-4776-4868-9fa0-1fe5cd2f57f2,21060
7c5aeecf-dffb-41ce-84ea-779ac5fe0ad5,21060
0f29c81c-29c8-4aa4-943d-e8a700d5bc89,21060
a862a272-075c-420c-9081-7edfc2497521,21060
a2432877-7b84-4eb6-8eb5-cd9f16514163,21060
afd4c710-cde3-4436-b1fb-fff50fcbe474,21060
9f8d483d-4d9f-4a57-bedb-b4c36767218b,21060
e62980bb-595f-4048-abd7-5c79d86ee229,21060
5796afc0-5b44-4e09-a137-b23801f0876e,21060
4a07e3c5-edb5-4f1a-accf-6bba32127182,21060
c05c9961-a337-491b-80b8-ae55f2376e5a,21060
fb2692f1-9bb4-46c9-b8b5-709ba4afc8d3,21060
ffc3a2ff-b3b0-4a0b-aa57-a033735dd739,21060
a01df93b-977a-4b71-b7a3-0dd8736c09f5,21060
cc7a5228-58c8-43e0-8145-a5ab04e7d40a,21060
30e28ed5-fce9-4961-9725-9d7633bd4e45,21060
99f64d6c-6007-4030-b431-5c357f17ec78,21060
46e1d76d-62df-444e-a08d-37c2f73182e5,21060
2eb20599-4488-401b-8f40-a7036b1de3d3,21060
558b7260-643e-4bc2-9b97-9d62b038e263,21060
1b1292e5-b8a5-4d74-9d0d-2064de043676,21060
60c28473-7f5a-4ebc-a124-c0494640cd0a,21060
eab735e9-1b3c-4924-a849-d67b28fb1c36,21060
9c5039a5-66ed-45c7-b88e-2da22f4fd61b,21060
5ec0b1b2-38a3-45b7-ad27-52a8efffdb0a,21060
2d5279fb-bec6-4606-a1a4-9a1d73580e4c,21060
66f66969-1890-42ad-8782-cf41f0d22ad1,21060
d94fcedf-e5cc-47b4-9f0d-abb3eaed88ed,21060
1b4ee5ca-030b-40b0-9603-167bce4481fc,21060
df1f4020-5a7f-430f-a90e-4947ae108829,21060
e4082e68-25b2-4a85-9679-8bfce0f95197,21060
26555c85-84c9-42df-aa98-79208bbde7d4,21060
d4aa6e0e-ae92-411e-b4b9-4705f673c2c8,21060
b5c74289-2d73-4d6f-a4e0-29048385fdeb,21060
ca797c6a-7a10-400b-8004-4667e0da7a64,21060
04355e90-a17a-4ed4-acaf-39761a083003,21060
63d216dd-bd00-4b6b-9621-a497886274e0,21060
f65c6d56-d660-4a42-84c7-78ef10bd65d1,21060
5b29b020-ec11-48e9-a177-60a77ba984a4,21060
898a1077-38fe-453f-a93a-cb5a1a3b229c,21060
870725b8-ce01-4338-94fa-cc4df7422d01,21060
c1882592-bf15-4436-b40f-ccefb86ab47f,21060
a083733d-4559-4b28-a4a3-ca919b2d40f3,21060
220c7b64-d1b6-4bad-87dd-871794e38c45,21060
063907d7-8213-41aa-98d8-599deb17dd85,21060
8e3d7d4c-16df-4c46-a4d2-09ed098a082a,21060
7b7b9a67-481e-4e1a-8710-226134243d07,21060
620ad151-4625-4686-83d8-b4b35d7b796e,21060
45211072-9ed8-4f34-84fa-ea5fa0386eb5,21060
68234e29-7b75-42ad-bf12-38dfad2f2fcf,21060
e37a62b1-3527-4253-a720-e7fba533339f,21060
f06d2f22-6203-4321-93de-b9c4528490f7,21060
3c297a13-6775-4a06-8852-67aa8bb93e45,21060
0f09ee9a-0f0f-4c77-a6d5-171a54943a27,21060
be0f8e33-9d3c-4a23-ad93-0555ee883beb,21060
36cf906c-3c3e-4060-9ef4-8c5c17fa87d4,21060
74b0ef3f-ee46-41c3-be51-641aaf10ea22,21060
b8722765-2c81-440c-b076-25b9a8543154,21060
87cb3827-eaa7-4466-8817-52a2fac1dbdb,21060
8b952dbf-52af-4d20-bf8b-88bf95adeeb3,21060
9ee8113b-de22-41e1-a273-b3d5e9b582b0,21060
c5452423-d83e-42d1-9d55-6bc484590799,21060
8ee08260-0d89-4806-ad6f-57066cd7e33b,21060
41a48f7d-e2ec-4274-a4ec-37d05f4cf0ef,21060
be38d49d-54e5-48bb-8213-fd67eda8a32a,21060
f946a3e5-05f0-4d7f-bfe5-e39febf3a36e,21060
7c97f90b-15a9-4fd4-b051-fcf3f914ac9a,21060
d765e67d-244b-431b-92c3-de1cb8588c6a,21060
0ab51b67-7bd3-46f4-bc09-4cd7e9e10d9d,21060
39a2693c-623a-44af-9ec6-0be18a71ad82,21060
a3a84e21-f00d-48b5-8487-5362920798be,21060
09ec5abd-2ecd-4aa0-bf2c-9c098ce0fde8,21060
4a3879c1-76df-4e23-a591-f2052b860421,21060
62146570-4c17-4a5a-b6b7-6e26e6704d0f,21060
d6545563-8d66-4a75-a4d9-e7045f0e4193,21060
03aa25c7-0cf2-490e-a8ff-2ea13a01af64,21060
86fd8525-988c-40dc-a417-0d8180ea1b9e,21060
f03fce28-ad66-4ac6-b4b7-85535f214a1c,21060
a6bc640b-3745-47a6-ab6f-7f7bee36c02e,21060
9aed590e-859e-4af7-ae3d-fc97c984998e,21060
8cdb7dc0-49d1-4987-bfc4-02d2134d5179,21060
cb398077-a230-4447-b226-09e6a27e5b03,21060
779c942f-93e8-4021-99f0-a7e7ab4e6269,21060
6c93b25c-7082-4a39-a1a6-d80ce87b5e93,21060
63344454-ec5f-45d2-a876-743e7319d1fe,21060
a715a9fd-e258-44ad-8523-ed9183b92e06,21060
c78e6494-d70a-48b3-ab64-9915da4b70a7,21060
f2ce11aa-29e4-41ce-b2c5-a5e45fd458c3,21060
6f382795-2b31-4b07-81a1-412023fae3ad,21060
8cf10b9e-53a4-4a0a-a79c-afb40c97feec,21060
7a00922a-ecf2-425e-bdfa-6d3f185d8b0f,21060
9b649845-1cd8-4cbf-9edd-4f5c3c0d67ee,21060
1727c080-e64d-4636-af18-ce8e9a7f207e,21060
ea80c349-796a-44a7-95c2-56248dda8a2f,21060
3ac2f77f-ede9-48f0-b8ff-967ba3605031,21060
ed8db438-b1a0-4187-a4af-003a7c2895a3,21060
3d0a28a6-a39c-4256-80ff-b21e5994504b,21060
5c4ce793-470a-4f1b-9102-977dd3903ddc,21060
9e3afc9b-bc4f-4e3d-ba75-f02d7f9833e6,21060
06a6a72e-cddf-44de-b723-fe68924fbed1,21060
b1c45afb-8948-437b-8b97-c9644c68483a,21060
d941f9e5-72f8-4bcb-be0c-ccce6da13c36,21060
d2f590ec-a417-4fb9-a642-48e6485e93d9,21060
28dab2c8-3060-4bee-bb8b-c801a7dd7e02,21060
104ee613-61dc-4ddf-9e19-82855b7dff34,21060
88335245-23fc-4091-b2a1-ffc7814006e2,21060
37e07f24-4bb8-4dfa-a833-5d2e5c36ba43,21060
c72bfa76-9852-443f-a105-8e00b0fd285d,21060
f17236ea-1906-47a8-8c2e-5c5a95352aec,20171
680ec06f-9c43-4b7f-97a3-139a6cc01216,20171
1de2b739-58dd-4f2e-91db-2f1fd7e6f794,20171
af4bdb5a-eda2-4ea7-9c58-472fd02ba30a,20171
2189d0fa-68c6-435e-8c02-5c519500a297,20171
370d83f0-4cf0-4eb8-9450-281f32174e8b,20171
f9bba203-e857-4a9d-9e2e-3dc6776055da,20171
29de5b23-d799-4551-b631-242a164821cb,20171
1ad27336-7cec-499e-ad74-a76f7260e99f,20171
93f01608-95ee-4200-a3aa-9b22dc29f6b7,20171
eccd8483-4fd0-474a-b14b-9f3e49c94d31,25718
563bb187-198a-4157-a689-004cccfeb5e1,25718
7de914a9-a634-4260-a6f3-733ccf4fb2ea,25718
8b9942e2-b6b6-4c92-959c-5ee81f47057b,25718
cc114a45-4509-4bad-a6e1-11567aa69539,12073
2f6016ca-36e4-4886-89e9-7b41c1c660d0,12073
214dc79a-6784-47b6-989d-68a78fe8799f,12073
9417f016-caa7-4a00-8367-5b337cdf959d,12073
4471c8d4-ad1e-417e-aa8c-b55812f5efc6,12073
843b13e8-bcb5-4795-b00c-c1c3abb16274,12073
dff4b59d-1e92-4806-919a-a17d52ba0983,12073
0d68589d-e36c-4314-971e-091884b44df4,12073
f538ec21-a138-49c6-98af-fe4451821852,12073
e6f97dc6-66e0-4cf5-9125-ded12f481e12,12073
a24a08b3-c118-4a8f-a3db-cbd045b0d914,12073
0a028d16-f804-4af8-8e50-963e84ccc41e,12073
5b6aff95-5faa-4d4c-963b-ab21ae895922,11890
3501101e-b922-4176-949c-474681e8e523,47372
a98a26ab-71d3-4c6f-b2b3-1ef568e704d5,47372
3d08ea84-07ce-4f0f-8104-30175b567537,47372
af852336-da41-4cd2-bfa0-58b3951953aa,47372
370cbcaa-ce93-40de-be69-4d96d10c726e,47372
ef0112da-1319-42e1-8ac2-8ec153e88e7d,47372
027778dc-f827-4aaa-ae96-4906b4a39696,47372
88858ef6-46b8-4600-b8c0-b7fb1d382d24,47372
0a9a4258-2a32-4a5b-b620-9f3687ec23a1,47372
4a53f75e-fb72-463f-8d98-42fe23a8bfef,47372
4372a22b-4448-42c9-82de-b076795d1d46,47372
ba01f9f1-52fc-49d2-98f5-230c2e15288e,47372
42e6df7e-9228-46de-8a26-be8964f6c723,47372
a20b3d7a-f08a-4ef3-89ba-35d6d0b54228,47372
8d26b6c9-5250-4d50-a5c9-8b3f34a41d10,47372
71c9f8e5-c60c-4461-afa8-74ab1d26243f,47372
48f4390b-c609-40a2-acc1-a1e60b0049ed,47372
6de1c779-1b58-4cf5-8121-51adba64b2a1,47372
d5729964-9df3-4a35-94de-89348a36f0ce,47372
801f85e0-c048-4b7c-a963-0040bab6146e,47372
050bf115-ee02-4355-af5f-f3b81552a4e5,47372
0b0c044c-9614-4f6c-9d7c-81f16c76335d,47372
ccee4c5d-9ffb-4d51-8cfd-cde89c8f3c27,47372
8e9fea91-f395-49d0-aae4-067734747fe7,47372
d4ee566a-be1c-4ee5-8522-8dc41f4d55ef,47372
63bd75fa-367a-44e9-bfbe-af467ffc9198,47372
1a03ea1c-946d-432b-9b28-7723233b2694,47372
b7369138-c48d-4730-800f-b1a8c9d73d75,47372
17241522-6e3a-4b56-9d6c-3bb9db94367b,47372
71b10589-871e-43be-a124-6f47da853158,47372
37e58e78-3a78-4ca7-a5a8-6d1250e423d9,47372
cb9e2b55-bc47-4000-b74a-bce840b63046,47372
13102ccf-8b4e-4cf1-a555-66d53a7034ed,47372
c43c2f9f-5915-433c-8f73-d2b1c001a1c5,47372
ffa231bf-a021-417e-aa17-ecd42abc791d,47372
19a6d5c4-237f-4377-a7e9-bfbdb3f536ce,47372
25a084f3-70e1-45d6-a4b7-856e476ca1b2,47372
ab866c91-e490-4c03-915f-b618e72940aa,47372
0aae840f-259d-4b1e-bc4e-fa1f64312d08,47372
19a58cf1-513b-497c-99c6-d5b1728fc814,47372
b60f22ff-d866-4833-8f87-d95224e7ee16,47372
fd972661-81d9-4e38-81a2-13f31302f3d3,47372
212680bb-5fd1-4f46-a313-1194b8ebb997,47372
a056c4b3-44c1-4a13-9c04-b7407c0b068e,47372
dc685898-4aec-4a0b-9ba2-422fd3efea1c,47372
a7555e19-74c4-4803-b418-df136b138203,47372
9a19bb4c-0e15-4fa5-8cec-4850b8199fee,47372
48d3099d-bee4-44f9-a45d-77160d26252d,47372
013b383d-52f1-4f96-9b83-3ffe2bdc1a96,34939
06e08fab-accf-4d06-9dfd-191379b02e8a,34939
d6e0772b-92ae-41af-9734-baf28899d7f2,34939
1bffb15d-b232-4e4a-b390-24741c3b2879,34939
b1fdbcb8-d7c3-4a52-9840-90d983cab618,34939
8a4baab5-28bd-4ccb-a599-972752384805,34939
4c32eddd-40ce-4717-8d55-338ca227b1c0,34939
4e8c16d4-5f40-41c0-b759-7d7e48b82620,34939
31ee8bec-a072-46c0-8b60-85944eac74f0,34939
7b224d9d-e965-4ae4-a6e2-1108a1e94690,34939
317ff849-1801-4233-b80a-99b7e4569c77,34939
c2a37984-2553-4f34-ac2b-fa44c4ea3efb,34939
8d8583c5-40a6-453a-bee7-240c5902c6a3,34939
0d54ccf8-8655-464f-9176-316398b26cab,34939
9bab9168-7f97-4f4a-8639-3d91935e0360,34939
2513403f-3147-4e78-8154-147faaeeadc3,34939
7b8cb089-1e26-4aac-ad81-4b88db62f9aa,34939
cdc878d9-127b-484e-ba1a-cc82cc6c1f9b,34939
cdd6e886-f523-40e9-8c6b-e4b3b6632570,34939
cab31b2c-e005-425a-9edf-d3240958910c,34939
be288e24-c014-43bf-aacd-48c043e330e6,34939
530655d5-8138-4f25-8629-ee9a9f680b95,34939
2a5f3e92-a74c-42a2-b499-7a0a00421757,34939
3093369b-9ae7-4c15-9dc4-147cf0f9bb41,34939
33765aab-a499-4d8c-aa29-feb6a42dd67f,34939
62f141b2-33be-4998-8a8a-7e2eced2a8b4,34939
8f48da50-4e5a-4654-8ba6-0d9a48bd5d9a,34939
a898cb17-a3cf-4c13-914c-a81b81eb4fc4,34939
aef0b078-a550-4d60-b075-26c961fe6a27,34939
1264abd5-1aa9-4e23-a428-c1bfa00976a4,34939
9b5c8517-7a02-40db-85c3-96da0a5a67cb,34939
028b83a0-9b29-4e82-a28d-c3001f496ad5,34939
64f5c716-dba0-48f9-abf7-4c9f7b6fd0ef,34939
6994d81c-73d2-4970-aecb-6a508186d544,34939
e0343396-01fd-4f4f-8db9-85a3aa7129bd,34939
d1c5c7ac-aa5c-42b4-bf5b-741c48d08b28,34939
80f548ab-eb09-47be-8651-2e4129d14181,34939
77e92ba6-09c3-4775-a0b7-c3e57f65db71,34939
16575ee0-d1a1-4402-83fd-88e0be9dff90,34939
9538aa3c-ae3a-48c5-b611-69611ce856e8,60010
9b48ea57-7885-46ef-9330-8bf1abacf53c,60010
1627aea4-84fa-4f60-906d-b85347d49734,34939
3a725c5e-f553-4ba9-af82-8d9db48623fd,34939
e417e81d-321a-45c4-9ff9-bd10bf618fe8,34939
6d000863-1780-42bd-861d-a8d43d65c77e,34939
6d82899c-415c-48b4-97c0-5905070a8690,34939
96b9e1f0-26ee-4564-90fe-5a657d61ad88,34939
47220fd6-aca1-47de-80b6-fb4fff183ef2,34939
bfe192ff-5e19-4468-87ba-352f9b0444a9,34939
f4f47bc2-9137-4df0-852e-51aa9429c2b6,34939
a2fdb74b-cfc6-411b-a3c4-d80ad1e03f17,34939
c3098cfd-e0ab-412a-b9ed-3071418bf514,34939
f1c2d678-1efe-461e-8f60-2e68215f5376,34939
9196da25-c51a-4957-9684-a66be2ef66a9,34939
b506d67d-5783-48cc-94ef-b64033469246,34939
622e1a9f-74f9-48e3-b755-f5f9b76bfd40,60010
1cd1f24d-c203-4e5a-b249-1e064db4eaed,60010
f8bfc3ee-5c1c-4625-8063-90bc0497bd48,60010
745c3c2f-2759-43e8-af4b-9ad36408a6a4,60010
68b80fc8-ee3e-4f67-b9e3-0c525b82d0a8,60010
cfd92ab5-819c-4324-8745-3435b87beb75,60010
80904ebf-582f-4152-83d4-08c842b8d14d,60010
dcef4af9-e71c-45f7-802a-823967cb6860,60010
d9ed8e6d-d899-4d44-889b-b8070b1d51ea,60010
1af81cc0-fdb1-43d1-a976-58775862bf66,60010
dba6e91e-fa2b-4f90-ad43-960d40440561,60010
9c44c826-d723-497b-b0b1-8804137d9eab,60010
790d8616-efe8-4706-b69f-c067a8af0ea6,60010
fab9b38d-b25f-406f-9124-848dd431b5e2,60010
6614050d-3cec-418e-9815-ad07ec71d50c,60010
004bf454-5f7e-4c52-a531-787d1e6e233f,60010
d215479e-73c0-4b16-ba48-61ff3fb1cf29,60010
cac4c561-975b-42e9-856b-3799fe3657af,60010
7424a14c-6ae6-4bec-9fa1-f5fc9f225549,60010
cd811640-101f-49b7-a49c-4080ec13d9a0,71784
b8a2f142-549e-48d0-8ceb-4202ae170d20,71784
07cc6d75-3c93-4b72-b32d-5324002ce18a,71784
759900bb-19b0-4f32-9a70-298745131c80,71784
863e9892-a491-448f-904a-4eb3365ad8ea,71784
d1d7ddfa-a57c-45b6-b53c-fc5ad13679c3,71784
ee4cd9e6-8992-4c33-986d-5f7c29f0d1bf,71784
f2aa125b-5fee-43be-81d8-0c1ea5071925,71784
f38e5bd0-df23-4354-8176-24b4950179dc,71784
31f64a35-5f52-450d-a1e2-1a135dfcc3fa,71784
3e8e29d8-7023-4c49-8f12-884a9c4d0510,71784
95cec418-8237-4ee1-a001-80efa2653619,71784
c3de3f61-92d7-4347-98a4-237bca57aff6,71784
debe9e30-3401-4ad1-b78e-70671722ac07,71784
5a3a49f5-8774-40dd-b2ab-4b4a0326c886,71784
ddbd5a8c-5d3e-4122-b20d-360d59eb3326,71784
ec3419e1-8935-47bc-9005-39cb2ae0be45,71784
bb9278ff-9a06-493f-8401-9f99494e9951,71784
b4fe101f-7c86-4b43-b1ee-8a59b1b966aa,71784
6d8fa9a1-8dd3-43c1-b26d-0ad3dc2b6eef,71784
9ed8c157-6a94-4445-9dbb-6fd28cd6370c,71784
3790c5df-ec1c-4cff-bbf1-e7dc52a77a71,71784
1410be72-0cae-4f75-8826-c8a64578abfc,71784
07e090b0-14c9-44d2-bf17-6008ab8ff32f,71784
b754d6a1-1b58-447a-a551-a6c6f08a1759,71784
7171423a-57ad-43a7-ba81-365006103f76,71784
b69c4b93-2bec-41ca-a463-84cbe22e5b44,71784
2ec3bffd-9524-4782-869d-3b2acf61bd89,71784
12fccf4e-76d6-448e-914f-4c4ab5f4b2ee,71784
16add9aa-171b-4b6e-ae0b-721a88326376,71784
afd87506-c7c7-4da6-b725-31b04cdbf57c,71784
e59b43ed-5300-4d7d-8a98-616fb5576390,71784
0e25f120-ab14-42f7-a0eb-6c8f929103b5,71784
60a29f78-20c9-436c-a181-4f07e9a25ba7,71784
e245edff-14d6-43ed-966f-54710a1dc02a,90383
c38fc7c3-8aa7-47dd-8bc0-bd1318d1768c,90383
28a71e05-4c14-4179-93b3-a13448b6d9b3,90383
13bdb967-6aa2-49fb-9b22-8c2b5607ba45,90383
fc78e0bd-1ea8-4a4c-957d-a8da44cc6fe8,90383
c8922976-34a1-40fd-ba99-d8fb30b87c70,90383
a9f52e75-4021-4c86-9230-c55a45d7e184,90383
7babb333-9963-4ddd-83db-0cb5237b9fb9,90383
92dbaa39-87a0-4088-a05a-712778d5b8f8,90383
4f2a0c67-df9b-4b64-8488-1aaba0ae1313,90383
1bb6d34b-21c6-413b-9e04-6653fba3e1a1,90383
aa4c37de-d233-41d3-8d61-cd324e4d9cd0,90383
276ece94-b2a7-44b1-b293-3a99309e0f02,90383
71d53099-a9e6-4f74-b018-a4dee0f6c83d,90383
db1273c1-7659-48fb-a5f5-da370a7d4a06,90383
77d0a31d-cdf0-4e98-9809-ac7057356c26,90383
2f68d005-3612-4573-aa62-9c360da45e5d,90383
21bdb8f5-bfad-4820-a2dc-bf63b1af34c4,90383
edaa04ab-c5fa-43f1-8b29-a5fcabb2a06b,90383
9911a59a-c497-463f-95d0-5907ad74b95b,90383
54c2bc17-b620-4c04-93b1-8da1b9638c75,90383
7d479e70-b6fd-4ea5-ad82-da46947912ba,90383
5534322d-2187-4da3-8646-549fade52c52,90383
efe0b1b7-2917-4225-90d6-3889a34c917c,90383
844d2328-fc8e-4ef4-8408-47aa8c4db2e9,90383
4a1c4d75-a5bd-41de-bfeb-5b9bec6a8b9e,90383
6b778de7-1441-4897-89d6-4695bf9cb102,90383
3e940b68-182a-42b9-9c7d-7b79110806ab,90383
1509f87c-c6a6-46e6-b505-3a9a2867ae81,90383
c64915f6-3c5b-4be5-839f-9a92d7739951,90383
cb8a8b33-35ee-437c-94a6-1d9120bea3d5,90383
6be7b06d-4020-4d87-972d-f81f4a162afb,90383
6321e350-e74b-4232-864f-907bde6d88fa,90383
febd8395-1b09-4705-aab7-3ad0906d790a,90383
131f448f-d01e-4ae6-a15b-ec5d876f2e3d,90383
4290b561-fbc2-4b3b-b436-6b1e36005254,90383
95863689-29ac-42d1-967b-743953a01bd5,90383
0e0c8cb5-61b7-4b8c-b59a-c92f118aef8b,90383
65c82d43-feb5-4ca2-a7d2-e58d4ee18460,90383
096c4a18-572f-4dc1-a246-dbb8a906d0c2,90383
00e5d52f-3899-4f4b-bbfd-d79101d278a6,90383
7e1ffd5f-83a3-4893-8bb8-c6af420796fa,90383
b81a40a4-e706-4a6c-b514-a94c298070fa,90383
f911d8db-6bc0-49d4-a5a8-6d79192d70d0,90383
ac4a0d7e-50b7-4b05-b76d-96fd7b065fec,90383
0ecd3dc9-0a8f-41eb-81f5-d640a9af888e,90383
62a278a2-f80d-49d8-a733-220715065c64,20623
c7d6c8fb-47f7-415d-949e-1d93873162a6,20623
4c9ad504-f595-45f1-a447-dfdee6c832ec,20623
4a71e9f8-6a36-4f53-bb35-95980d565d61,20623
781ba9e9-5398-444a-9272-b0d9d07480cb,20623
9dac358d-605d-42ee-993d-34383d0c9752,20623
24cfb7c1-3016-4f31-b4d1-cb2a7ecf16cd,20623
575062a1-fa69-4eba-b231-e3c2a1ff4809,20623
a0698bb7-307a-4442-9a50-18198cac984b,20623
7f901d48-cd4d-4a9e-9c7b-c8a0f59ce392,20623
114fbe5c-e8b0-475d-9a5d-80b1754d3cd5,20623
9236be74-67ac-4583-8f7f-8245b51c588a,20623
03b004fc-b46c-46d3-90c2-3e9f0b8b109c,20623
b564a444-e78d-4abb-9e6b-7a57f767253e,20623
acd9c034-0240-4949-99cd-9d02ab61fb4f,20623
626cef53-4ac8-47ab-80ba-ee2353aaadcc,89241
e3e5ec72-21e6-4e37-8e6a-f49097fdd11a,89241
f3cb97f7-f93a-4593-b481-fbab236865ee,89241
1b5566c5-da8c-4b9e-b412-30031c6adf61,89241
a0203560-60d6-4e57-bd8e-cb0ad22dbb47,89241
125970cb-530e-4443-93e8-52dd6345ea37,89241
b54708f8-de85-4309-bc08-a64861d3ad8b,89241
c5a34ab3-ffa4-4c47-9549-e1d0e03fc2e2,89241
677ea13b-25e4-4f0d-9fdd-8ae6e6d2e1ca,89241
0e8e4ea9-ee43-4a3b-88b9-abaece156446,89241
0aa0c3c0-90d8-4e99-87dc-0247fe06ec24,89241
2776e6b0-9579-4721-ae2c-07385104073e,89241
bd171e71-5d63-4943-8c5a-a55226ed2784,89241
725bfa33-e147-4d12-ba27-b410c70e0336,89241
0cfe70a4-97c2-4e91-8aba-dd125b819363,89241
df2b535a-84b4-4a33-9624-ae77aaf4a82b,89241
72892071-dd82-4de2-8219-7a869456a895,89241
f35ffa01-725e-4a9b-af65-7552dd529d71,89241
fd1a219e-8dc0-4557-84f3-ff4ab7723630,89241
b62999cb-e905-4b57-9749-fc6f0010a9f7,89241
92cadcc9-aff9-43fb-876d-06b2ddf6153a,89241
fde694a2-786f-4e63-bb9f-774e66c1ee2b,89241
cf4c14c0-9615-4399-bf9a-a30048f041d1,89241
4e5a2cc7-81c7-4322-be42-987dedfef10d,89241
dbdadacf-4b35-4f4d-bc0f-6e06f1c7158b,89241
88596726-fddc-4311-8fd2-d5fe7b9cf703,89241
d20b8338-692a-4cbf-82d1-24eb4f7f376a,89241
e26e6192-3033-43f5-b995-a6cab12cb5fe,89241
a2aca933-e07a-4c9f-8467-433d67c2b01a,89241
ac5aaeab-5ff3-4a22-a92a-59ed67dfe777,89241
5e9adadb-61ef-434d-8772-e38de311479c,89241
c6ce82d9-3343-418b-8715-d896bdd1d957,89241
ecabce41-058b-4d68-8db5-bc7df30d2a65,89241
5d96606e-f46c-48ed-bc3b-cb8e7d946562,89241
895566be-df46-43b7-8be5-b6f61322f0d4,89241
4ecdfda5-7cc4-440b-a58b-638c8622e2e3,89241
7bab877b-06c5-47f0-9adb-a12967f2ada7,89241
e7dddae7-fadc-4e04-b20b-3d3ac3d55220,89241
d8ed6507-db43-4c56-b9c3-68cda80c241e,89241
b65a218d-53c1-4487-a3e4-43909ad6dc3f,89241
a4c82697-092a-4570-a4e8-09feb1eb3673,89241
c587f8c1-98bd-4bd2-8740-9e2b881d3e5f,89241
3641e047-7a5e-40dc-995d-a36062ba7559,89241
04530e88-d062-4182-8603-783ac69ee457,89241
360d5039-f005-4433-82b7-b38d05044796,89241
df1e37f6-09fd-4342-abd4-e30ed221ac4e,89241
c03c7c04-e9c6-4b0c-b97f-fbb55ebc782b,89241
83f5c687-2a59-4309-8f08-699265677e0c,89241
7037f6ec-dd60-4c05-a2d7-2e0cfe88519a,89241
096f27ef-8474-4e47-99ef-78fc48ddaeb4,89241
9b97cca5-b64e-4f9e-b0e2-477447e3f46b,89241
efc0e60e-8d1b-4b14-92f9-aee19d662129,89241
2cf4e160-a687-4aab-9a1d-63e2551afe0a,73672
c41a5eda-f96f-47e3-993a-e4568c8ca715,73672
77aa64cb-5e33-46ff-9b8a-ebacd6380bf0,73672
cf5a9479-6155-422f-896f-c5b46b6892a4,73672
f3173de9-7973-4eda-8965-75580c25537c,73672
b43eec61-a7bb-4610-893a-859198c6d524,73672
421b184d-6331-45ba-9294-d498087d5ed1,73672
fe989cbc-d9b7-4d11-8b86-41a5fdb7d2b8,73672
3943143a-d9a8-4cae-a6f2-4e71528ac4fe,73672
22ff50be-10ab-4957-bbba-ce9a6064990c,73672
28d8d470-15bc-4fd4-b923-adc82c4bf54d,73672
aeccc83e-9ec0-4a7f-a58d-0e4a8e12acd6,73672
2dfc0c58-9a53-4663-a028-850476bfbbaa,73672
181eda5f-1874-418d-9772-576b87d2af51,73672
08b45d9e-8607-44f2-a328-93e099a2ab06,73672
1021377b-c23e-4e2f-b725-808be1637f44,73672
3aac50eb-6ac2-4e38-be76-de46dbe3bee0,73672
356dd1bb-9b33-4ad9-91c1-4fb81c26113d,73672
10df1b59-a045-4add-a140-7c5ed6d2f220,73672
7fde49e9-fe65-46b5-9dc5-e115a8bbd476,73672
e0b169cd-bca2-47d6-bcba-fe64e17fe908,73672
3b24a765-1534-4fca-987a-fc2926fbeca0,73672
df44404c-464c-479a-938f-f2547ecdabb6,73672
07542596-2ba1-479c-a5fa-245c55e9dba8,73672
9274dc03-03b7-4cef-bde3-46271e2037d1,73672
3b7332ca-6efa-4020-8efb-017d7b7bf99c,73672
ab54a496-3e9e-4711-a404-f3e5a3717a6b,73672
9bcc7f15-a2e4-4f9c-8dcb-74915f1ced7b,73672
a73d3d60-197d-4d91-a9bc-0033dca367e7,73672
88ce8433-4e79-4561-9f31-eaf7d3708314,73672
7b4c0b71-0f79-4a9a-86f2-19083ef4f819,73672
0d957e89-3cb2-4f38-ac42-0d9b7441565a,73672
9f4166c6-366d-4e58-91cd-fe2eef1ffa18,73672
cb56696e-e1f6-482d-aa74-b8af2e0b4a38,73672
574fe3cb-ff89-498c-b905-d8f9ea77d6b0,73672
ffcab05d-c690-4156-a59b-357e24b360a4,73672
5d40332a-fe51-4414-930e-bf979bef882d,73672
75249999-1c73-483d-aec4-cb60f6c61203,73672
49286f45-aa8e-4480-8b0e-6a0e74483d5e,73672
1043d783-61e3-4a1b-88b2-6a0a28a7ba9f,73672
56b56e75-dac9-4093-b2d6-048d127dd91f,73672
0448f80b-9575-4157-864f-6ac006b27e7c,73672
04985176-0f99-41fd-8934-07e6d417ec63,73672
3961b404-8e00-415c-afd7-ca9a30a4e900,73672
2d186a33-bbba-48df-a81a-4a996bf4b699,73672
8f096abb-b729-4b88-aaa6-e756d7a56464,73672
2fba64b3-cbc0-46bd-93c4-55cedddc3efb,73672
cd218d62-d241-45d1-ad82-50d733130a97,73672
0b2e8466-fd7b-4702-9051-b635cd96ea5a,73672
d962de3f-6e9f-4e68-9bbb-d0c6282f3798,73672
b45bf562-bb76-4012-b64a-22361176b8d0,73672
62a851ce-a45c-4ab9-a5f5-a71c2f259bb0,73672
bb0d507d-aa54-44fd-873e-8917dc6802c0,73672
628dc637-e1ee-4f13-a89a-03f821ac9c05,73672
c2332754-6090-4f49-8d85-f0ba27fabb6e,73672
6e88eec7-bbef-4ae3-94e0-94615c1fb8c3,73672
b4007aa3-7d76-4abf-9637-d712d2ff961f,73672
e12053e8-cb58-482a-8b9a-0ab058a1bafa,73672
79b1d252-bf8e-4f3f-8c11-5950b4cdc9be,73672
4a6c5d32-1134-4ad9-8b21-8dbd1c9c8b8e,73672
afa18294-e7ea-4350-aa7b-307e40d9b568,73672
daccde6c-405a-4b9e-a2e6-0eca1a6c785e,73672
5e8195ec-3c4f-40d4-97d1-de05456f0a57,73672
8f914316-8eaf-43c9-927f-29f5e9c9c9b1,73672
d764bb96-5011-4d41-bda8-cc50f665adb1,73672
03485d86-24a6-4a2b-9f5f-528e08b8970a,73672
8cc025a2-7a63-44ee-b779-b5bd1f16a268,73672
f2de88e2-964e-449f-a136-0a47e00033c6,73672
0e94df74-68b9-4f05-9438-a2acb7ab1005,73672
e92e6f60-c3d9-48db-bfe2-28a8d10c3332,73672
cadeee1b-e39e-4c43-88ff-7435fdabedb7,73672
65a8f068-ffb0-4a27-bb73-cbe223b28c44,73672
2e16ad00-92dc-4fda-8f38-1d1f856c622e,73672
1282c28e-6901-4cc9-8d44-b6acb87b4ea5,73672
b6abfbc3-aa74-40df-a3d3-052fc5b3b0ca,73672
a884d5a7-6efc-4c01-8c86-fea95e2d9561,73672
f28190f2-8288-4307-ac1c-5664625e4c19,73672
dd6eb6f0-6c5e-4783-88fc-9509e35e3658,73672
b6fb782c-cc90-4aab-b6a3-b180aff4b99d,73672
1bebb03d-c613-49c9-8236-bc7ec33c2ad9,73672
5e3f19ad-6d06-4dac-8784-031a740a1ca8,73672
ccdb387e-cb58-4149-a741-fb86537d6171,73672
69a8670d-c247-40b5-a222-7ae14dfde6b2,73672
b92f2e61-fcc7-4833-82bd-21caccdb82a3,73672
ca5d56f9-23df-4205-b8ff-fbc88a566215,73672
a2929b30-c2c7-46e0-9f84-5ecb8a3df280,73672
63ff7733-bd0d-4b8b-ab36-4b291883ecb5,73672
b645de84-d2cd-4736-bf30-6c20ffca47fb,73672
60eb4eaa-10e6-4d08-b45b-6f067e9acd94,73672
201f82d3-d74c-42d0-b548-c2f3624c0111,73672
1461238f-1bf2-40ce-b767-00c1b7548978,50537
e4688e25-7b9e-446b-9c89-e259c170bd17,50537
eb58f306-11db-410f-8f0e-78d4a5202ad2,50537
82c7793b-d194-4192-a33f-15b5f35ba62f,49408
15a6c812-52ae-45c4-8576-c9e7dd2408b9,56830
dcd1bc9f-9d6b-4c6d-955c-692816f144c6,56830
639218b7-bf91-4f2e-b9d6-7778dcd14f44,56830
dbd8231e-bfeb-40ac-94bd-9c08ffc35b85,56830
cdaf9d79-82e9-41d6-9c42-0659e13a41fc,56830
39f26830-b8b2-4982-b5ec-ea2c4d46d53f,56830
cee7286f-538f-4105-a0ff-69fb76c7f0de,56830
d3f37511-7de4-4bba-9064-8f0333e6b8e3,56830
37e2ab47-95ed-471b-9ed0-1b494ab6b471,56830
84e7de0f-aa54-4700-9bc2-7c5494952d3f,56830
15bcf98f-c782-4b2d-9ce0-e517a35c7807,56830
01dc1440-b2f4-4d0a-954d-5c2f7e387d5c,56830
2e7c32da-9aef-41bb-ada2-d8a7a487b0de,56830
34c8bd9f-325c-4ede-b1a9-699d9cdd9350,56830
8ff207fc-4b82-4da6-8199-ea5af60c8701,61674
2de24d9c-02e1-4c1c-ae23-27173ac1565e,61674
53ffa25f-822f-47b2-bf22-75a0bed31531,61674
a0ebe1e8-dc92-467d-805c-9344c721e517,61674
ceacf280-4875-4db8-92db-fb75c09532bc,92734
4d90ce9a-17e2-4b80-a1d2-52eb26b548e2,54040
20ea3acb-a146-4adb-9bb4-2c98f4738582,54040
72a52ed1-da2e-4111-9e5f-63154f692f74,54040
964a621f-f394-4ff2-ac4b-54eee20b1d7d,54040
78c3941b-f498-40a7-91ee-4dfeae2ee7b1,54040
de25359d-00ad-4d0d-8544-b9b76d4db093,54040
4344b932-cf5e-4fc8-a04f-4fab2e8b7970,54040
cd121706-0859-4623-bdaf-b69aa976316f,54040
38fd1631-caa6-4e3b-a9e0-f88295d92e34,54040
4982c4f3-a7eb-49ce-805a-83d2e6a7a952,54040
c1154870-e15b-40af-b8bf-8728c0779e04,54040
44c920ae-afeb-400f-9a73-80315c18e451,54040
c85954f9-170d-4eb7-87eb-72527eb1b4e5,54040
892ce3d2-c8b7-4b77-90bd-c118791138fa,54040
552aebe1-aa38-44c5-9a5a-e0915fb8d71c,54040
666cdfed-5dbc-4f1d-a082-046610bbc904,54040
04a2bc25-4ac8-4859-bdcc-47d6dda7b3f8,54040
71521cd3-29c9-4e60-b886-30f04cb6a3e0,54040
22dd1611-a8b3-40c4-a6dd-4db470e9175d,54040
99192dfc-45e7-4bed-b202-4091ec7ad6eb,54040
cb5ad60e-92c0-43e8-a4fe-cab36cbd900e,54040
70327493-9624-482a-aea7-d464c6d90c40,54040
08c3945b-79b7-4cca-9987-baaf17f120df,54040
8925c4ad-b480-4578-9f46-0e2295b2575a,54040
ce641e27-867b-449f-a412-45a8aaef4da3,54040
addfce5b-75f2-4e8d-85ca-40a9c840c5e0,54040
2839b54f-8332-445e-8f4c-2da118ce5cfc,54040
c519e15c-d82a-4a56-af61-2927b16adefa,54040
94a396d7-2b8e-4119-999d-3f14f5678e89,54040
0e97666a-ac11-40f8-9b28-1b405c6e357e,54040
429b2696-118d-4fcd-ad80-c820f0b9aa22,54040
79c790f2-b25e-4a2b-988c-b01d4bc2307d,54040
c9f9267d-ee02-403e-81bb-24a0f22f1570,54040
85ad290a-113d-411b-ab50-f5cfa075b23f,54040
f1f24908-cbaa-495a-b103-3d567c2ff2bb,54040
f962a283-d262-4fe0-ad74-faed772dcf86,54040
d4c67c53-0f1b-4b4b-8c80-5fcd396345cc,54040
e8ce7798-e703-4a2b-8ab7-74eb7226625d,54040
1f8a8475-a62f-4300-9d03-06149eafe641,16757
4536c15a-a6a2-44c9-85bb-b6c2bfccc83c,16757
a37f2766-e4b8-44fe-893c-1b421fc449c1,16757
a8c9d5da-54bd-4dc8-8a1c-6a040b843003,16757
18b89cd5-b712-479f-b741-9bb8dcd1f639,16757
5d51cc49-44b1-4d57-b3b7-c787e7f39069,16757
bd4f344c-bcd3-4e41-9770-0418c3819641,16757
57992912-48f0-4cdc-8761-af51c303425e,16757
7415b956-8d1a-4332-88a5-abd01479fce5,16757
0f89b3f2-6dd9-4ff7-bb85-b88b9f935e11,16757
6a01f816-b90a-4bab-935e-e805eb5c76fd,16757
e14dda06-f5f6-4e48-bdf2-2a4ae9633c7a,16757
68cdb300-ce1b-41f8-88f6-360de5cc4e31,16757
c9dea3b3-e552-4714-8271-b79c9cc3d64e,51239
2606ce07-1e33-4f30-921f-9471752f06d0,51239
527ef371-c54d-4576-bb25-b67b6d0f830a,51239
317090c1-d1b8-4202-949b-8bc55ff3fb3f,51239
4ee9de53-007e-4750-bd81-08fae6bbe80c,51239
eecf7de5-5324-4ff5-8436-21dc7069d989,51239
0e037252-5abb-40b2-bc2b-144b780a992f,51239
16ba5308-2c98-4c7a-9431-042ede6e504c,96223
153b2212-0463-4ee5-95ba-aa6b994b98c7,96223
17cef054-651f-4e94-9cd8-da920838c080,96223
caf78c3a-fef0-4e9a-b22b-6666ca8870b7,96223
de0f3163-5710-4212-8586-167672918af5,96223
94c5a6ad-411c-4535-b928-3f486646c660,96223
7859f8b0-c446-4eed-bdc6-2dc19717357f,96223
13712ce0-65cc-4323-9599-888fc6cc9df2,96223
a9d147f7-6c4a-4a8f-97e5-54b578aebacf,96223
4721f1d6-1ae0-4e82-86e2-5d9f0d395cd6,96223
9b90e419-bd55-414d-a366-7373684ca6ab,96223
5dea4bf3-8e27-4645-90a4-b8788da38d30,96223
4db5af9f-669e-4d2f-8d0e-b22710aed63a,96223
d28c8532-c427-46e6-b6bf-c99259719ecd,96223
806103c9-3941-44d0-b045-0ea24ebbf4a9,96223
558e8cc7-f668-4b60-9b74-33357571cacf,96223
8c79b52a-de30-4a9d-89a8-f31955a00ee9,96223
a3c77a56-d915-4d6f-86be-dd10a49ed0de,96223
f5faba33-2972-4cbf-a95c-0d6d3a3b166c,96223
12e1b11f-0672-4d5c-bcfd-64ff5e2ab63f,96223
ede71f7c-74d8-4774-a821-3b32bc615d63,96223
8255b629-5fdd-4d80-a0bf-28cbbebab1e0,96223
e0bb12df-2652-4701-88fd-6014db161aef,96223
74889c25-9583-471f-abd6-3daad9bd01f1,96223
44050128-dc76-45dc-af42-de93de5f165e,96223
120ea6a1-191b-4d5f-b763-94ee3a3b1b98,96223
cf6dc5e5-75e4-4352-bb4c-73dac1919572,96223
b0764746-5680-4d9d-bc45-49ee74e4cf0e,96223
c25978ae-d85a-4f05-b5d5-a106420e97d4,96223
3d0e2793-b72a-4e4b-90c2-91a0f049961e,9650
1224f58c-b4e9-4b0a-8e85-e2335be50b35,9650
6fcf7a1d-9ee4-4383-b73e-eca5879363fb,9650
3444f74b-154c-4110-a75b-dbac96a51595,9650
8ce4f40e-ffc3-484d-9a27-9c0d15c04153,9650
9e3003f5-8559-4ca3-a077-515877acac43,9650
e0e32d57-7200-46d8-9979-a05b00db2eee,9650
40e5200f-79a9-41db-b077-fa76860436c2,9650
fd9e6705-fbf0-4ddd-bd0b-a4fa26c79a69,9650
0c379ed5-45e1-4107-84f6-04b6737550b9,9650
b4aa9c93-fe5c-4fcf-ae31-30b048b40531,9650
99bf6660-6957-4ea9-8b04-c2d7cd459547,9650
4049f028-0117-4207-b7c0-347e0de17eaa,9650
54b63222-6a82-4b51-95d0-a86c4a52f6a3,9650
9ba970dc-a19b-4477-8413-7ea59cc01e38,9650
8f8d12da-4f00-4b81-8636-d2911865364b,9650
5f9cc396-84be-4ce8-bf09-f8d9c2591689,9650
ea3b6f24-884b-4e46-8781-12cbc82c3741,9650
ac77b4eb-5ff2-4625-bfd1-9a7b830495af,9650
c5137e57-b99a-4361-b1fb-2d462a00bd67,9650
7a90c372-4460-4369-b8f5-86007c042efb,9650
26b72d69-faec-42e0-911e-0eef3ad6c61b,9650
95275c2d-c6ec-433b-94af-da978fa17a93,9650
624e116c-34d6-4f18-a603-4b2f4e6c6304,9650
06a9f69a-4a58-4ab1-b1c4-9358f4ebea65,9650
dc020d56-f602-4648-bb97-f3b40e241cde,9650
406dbd81-335f-4b78-8673-ba4a10b76ac1,9650
e90f625f-fbed-48ba-877b-256439f7973f,9650
74ec6442-b780-46b2-8131-84eb8ac61eed,9650
5b6eeb93-4e58-4371-a948-5d3ab138a3ca,9650
cefd11b5-1c25-4dbc-ada3-8f6a5fea773c,9650
5271e023-0f32-4c88-9e32-6c6ecedc7328,9650
8793653c-b508-42ae-95d7-d72684ab9afa,9650
50781fd7-02d8-4533-896e-6ba46ed1c7ea,9650
14aebdbb-7925-4338-bd55-40c71962e9a7,9650
c1cbe5e1-b3b4-4713-8237-2dacb3a0110b,9650
a617ff19-8328-4eff-a149-fcf16f77013f,55800
d10f21dd-f736-4e1a-bf07-e2deb1a4aa14,55800
d0d5c237-ed08-460c-bfa3-ebf4ad6d9e92,55800
d5cfe4ee-fcf5-4413-b10c-4e9e66c9646c,55800
58c53e96-6873-43bf-9070-5a61a04b1cfa,55800
4937b25f-a7de-4671-ba9d-087572568514,55800
66048d46-4a64-4a57-8981-c3e337cea917,4143
24d45ca8-615f-420c-a9e1-3fd7d0d9a364,4143
fe86fb6d-4041-4b8a-9e08-768cd1fd61fc,4143
a5f17883-aa85-45df-9e13-e3c4375a77d1,4143
ea918187-7be5-411c-8b88-83cde2ff4441,4143
5220e0bc-862f-4041-ad8e-93fc9d003681,4143
92a2f3e7-1864-4ae1-bb2b-a0bb235b4be4,4143
37de7a71-a6ee-43ee-ab56-26aeb738e39e,4143
eaa87f8e-7dd4-4402-becb-46b0a456ba75,4143
55f70cd9-c173-4474-bcd4-f15ef397671b,4143
8cdfb2b9-69ba-4bff-8844-7d678abed648,4143
a7fa095e-8fc3-424a-a3aa-2a377b9eb1ca,4143
0286bc2f-9410-4abf-821b-c8199106db71,4143
51316edc-0a8e-4ddd-9c5e-5113a2a08b73,4143
0995d81f-255d-4e07-9c9b-de2c3f39d09c,4143
3018ba9a-b05b-4297-9b8f-be81378cc951,4143
67cd1487-b810-4dcc-8d26-9262f6f6f2d0,4143
8fb45a4f-841c-427f-9985-de889449efc8,4143
316109f4-2e7f-4dfc-8885-4a43ce4949b3,4143
deb7fd65-559c-4621-9737-5b02b06cd5f6,4143
b3ab45af-8761-43b3-9f2a-23bd5f0ba6ef,4143
dbe121d5-c3d6-46fe-9a7c-a1aeba40cbdc,4143
675d2ee9-6fe8-46d4-9e3a-e92b477634a5,4143
3b6dccdd-b85a-48e5-9827-96cee2c7e89e,4143
48e87fbe-b15f-4886-aae8-9c66087d881c,4143
ff387676-39a7-4156-a7c0-f4d09d9b364b,4143
bd205702-2464-469f-a096-c8ca0e80683f,4143
7982dd6e-97aa-4d6c-aaf4-98e35ac5f6b7,4143
060bbabe-33a3-461d-8f7c-752511930809,4143
0798f6c8-44f0-4db2-880f-fa8be088377d,4143
ff6273c4-c078-42db-9ccc-040ac15afa57,25003
f927474f-0fa1-459f-86a8-cb0bef3101cf,4143
20da0509-2004-48f7-8a88-dbc8f1ab9a40,4143
0e0a8e52-6f16-4bde-a888-17cc0f8e74a9,4143
e3431745-d392-43bb-a864-7447cc6efbcd,4143
9aae93ed-5ec7-47ba-b0b8-e2bb18c2138e,4143
d93e7cb1-b92c-4140-b3cb-f5893331d20e,4143
6d20613d-0bd7-4e14-9dc8-8cb5027ef44e,4143
5e01b16b-6c7f-467b-aff0-1b2c4efeb783,4143
9e197549-9f44-4ba1-b0b5-9d87b4f4788e,4143
d01375a4-1fc3-4582-a3fb-190123d076b7,4143
2984a930-c9d1-4fe4-8a25-8ed2199d1f36,4143
a20de8f5-cdab-4b4f-9489-f6a91fc9cfeb,4143
42ae9a5c-7c78-495e-903c-ea19c7776d58,4143
61c374ed-b2fd-475a-a820-83a30e8597b3,4143
3641c616-2e19-4bd6-9a8f-a409a77f20ee,4143
2ee3a246-b107-4bf0-8f07-f84bb23b0acb,4143
fef8188a-d7d9-4575-9b35-1625225a916d,4143
ae8f2437-e810-4bba-ae14-c37c966f173e,4143
23508e1c-1ff0-4b2a-b5fb-8eed76b0a4b2,4143
4bba5b71-4de4-49a2-9b73-899adb9d75e4,4143
57277036-f8a9-4320-82bb-a74728828e7d,4143
71fa6889-bb62-4172-b8ea-8bfff210341c,4143
30f96f1c-29a3-4953-8410-7a5d4ff2c484,4143
dfbf62fc-8b17-47e4-a14f-b3c242dd3e8a,4143
3854ebc9-1ff1-4638-8c4e-5d940b783dd8,25003
617ce679-04b2-4884-97c4-9777527ca7d9,4143
ff461e10-b532-45a3-a6ed-cddf2aeaca4d,4143
45a1cbaa-bd27-4419-865e-869c3cf69ce4,4143
f2d847ff-2763-45e9-8729-4989d38a23d7,4143
887fbe9f-56f6-4ec3-8182-a7cf4922216b,4143
c7dcdc78-1a99-46c1-b5c1-af1c725867f1,4143
50077489-6420-42aa-805a-305dd9ccfc84,4143
277c5057-a78c-489a-ac57-0f7472ce1543,4143
7a8f5f69-2127-4a5b-b178-03103c49ce16,4143
c9589e2b-5a81-4d9f-8af0-93a8e95e31ce,25003
b3511411-e80a-4ead-8318-1477a9304bfc,25003
c66f71e9-a7d6-4daa-bd41-8918edfc58fb,25003
2bd23c20-05b7-41ed-974b-dd64428cf3f5,25003
f855b374-9119-45de-a760-a7726b62d5bb,25003
6f4d59d7-b8e7-4050-871a-990fce52802c,25003
ede66986-55e7-42ec-bceb-e0e6a6fcc569,25003
1527f3eb-8771-42a6-9755-7aa2ac9f40be,25003
d98fa237-a7ae-4870-8f85-1ee9d7f02577,25003
8f9c5fc9-7788-44d6-8138-701c0edc7178,25003
fd58d682-0266-49e9-8b81-ea0fb0eb3788,25003
912718b4-5d68-4640-9254-4b6bba9c4122,25003
bad3900c-18c9-41c2-b61f-f0367886e3ec,25003
35ddb169-2de2-4b00-bb85-732c62893d13,25003
94327548-646c-4394-9d74-13f5ccba3802,25003
dcef6f16-1f62-4a46-8ed9-cfe4c1143288,25003
070a0a24-568a-493f-8ecc-a142adb48aca,25003
f96c0d97-296f-4081-b73e-f9a6d694d363,25003
80329ed5-350b-4712-9c8c-ace0f602a0b3,25003
6596da06-de3f-40f5-a729-2be346e18c6f,25003
53b9ea01-b79c-4678-845f-59fca528a640,25003
e511030f-126b-4d5b-b95c-7c153cd04718,25003
a6c4cd3e-7b2e-446d-b454-7bb38a11cdb2,25003
fc94c560-d2d6-4f60-9aab-f2c48e9d9e66,25003
95b5c4fb-59d8-419c-91e9-272027d69f1a,25003
1f903510-13c6-495f-8cad-368bc62aa006,25003
031ac5c3-bbe0-4157-9851-340a91e1fed2,25003
c6064677-da5c-4234-b73f-6eb63436e811,25003
363a1122-201f-4c28-ae76-2815a59680c6,25003
7d5f6536-3c53-4bef-9651-f02c215e7be3,25003
b735b613-8001-4ad5-922b-957b68aa353c,25003
075d8cd7-ddd0-4aad-96fd-a0ec577120dc,25003
197c1cff-c981-4707-ab4f-9df4b4236697,25003
6a0d1097-449d-4d47-b08f-8d548f13d396,25003
815f8134-d627-4a60-b444-29b04c8d376f,25003
5841a5bb-3868-45c6-ad15-677770c71710,25003
b30f9c57-27ce-462f-80b8-c761a1cfe4a8,25003
ecfe75e5-1d69-490d-820f-fb0b769e73d4,25003
ff2e403b-77c2-454f-8cb5-f65b583de437,25003
bdf9d4a5-0ea6-441d-9f46-9699e406796d,25003
bd71a40e-c21e-4c89-968b-83b1d7577c9c,25003
c30fd996-9f6a-4673-8ba0-fb3cf4aeda58,25003
52d67fd1-484c-4ddc-8daa-d6a388431410,25003
f97537b0-8def-446d-a940-2530ad4196cf,25003
f51a0c61-55b3-407c-976d-46d47816e125,25003
1e89b32f-5c26-41f3-87ab-b2ca8cd243b6,25003
1837cff7-650d-4004-8edc-e2bcadbf58ea,25003
55d9c04c-969a-4cf0-a2d1-e31b754ca08d,25003
b5311cac-f41d-4c15-bb95-8e0f0aad58dc,25003
f5d5ea84-660b-4d33-8ae7-f79e0f2ecf6f,25003
6cce0437-80a1-4729-8c47-810ee2dfd771,25003
33095faa-305f-46a2-967a-33a988397613,25003
4cd1ee06-d69a-4d1f-8efa-69e52e2a0e52,25003
7b5f04c2-5b28-4fed-9171-f70ca01fa7e2,25003
50ae6995-c85f-4f6a-983c-376f3945e123,25003
b979f0e0-7648-470d-afa1-77f60063863c,25003
bcda050d-7b55-4652-a5ce-7d967b2a3ee8,25003
bb1e9f1a-edc8-4194-bb5f-e57a663f0f5e,25003
43990e2d-4e48-4eca-a79a-5b15d1002e9c,25003
51dceebe-4d69-486a-a91a-cb21215d1a1e,25003
7d35e4bc-7383-4fcd-b33d-da92228ca178,25003
c521cfe7-5ce5-4ec8-94aa-6622acd211b0,25003
a6e3e932-7ff3-4caf-8e06-e685985d2515,25003
21c4f2be-0e65-425c-bfa1-4980e54315d7,25003
8ca987e5-5596-4177-93b1-cc8b8e6b259c,25003
7f03ee04-edc6-49c9-8b11-ca36c218b909,25003
9d260d1d-59d6-4d1d-8afa-51b0297b104c,25003
df420f75-bcfb-421a-9320-1b3a1826abfd,25003
fcb24067-7298-4cd7-a3a9-0d1b15a203da,25003
4e434d89-25e9-4bb9-b337-f65718409eee,25003
37384c92-116f-46a2-a2c4-b63967f42ada,25003
a170b04c-d3ad-4948-810a-43dc92dfbcb4,25003
8dbd4bf3-ee39-4bcb-8db6-a346443ef57a,25003
34bec81c-958f-422b-be32-72e736f2d0f6,25003
d1587b65-c29e-4dec-bc6b-bfc3ad614bfd,25003
515d93d3-5ada-42ce-b95f-5554d53101c2,25003
66c4a963-46ca-41ee-abaa-0212c7fbef10,25003
c165518e-d183-45b1-a4dc-dd50e53bc4bb,25003
1de3dd9a-7756-494b-abda-83ce36cd84c4,25003
143ea5d9-560f-4392-8970-f482b3e2f5cd,25003
1f4cd0d1-b44e-4fe2-a709-efd8a459914b,25003
e87eb733-50d5-42fe-9944-7263e6faffb9,25003
18faefe2-7089-43a0-bb13-a1c4712dcf59,25003
7abfab1e-915f-4fbc-85fe-5b22f4a1f5ba,25003
03b0757b-8d82-4190-a518-de1f50f5f8ed,25003
dc57f907-0926-4c2c-88bf-6835c803a53b,25003
c6306c25-a62b-4996-b875-f064fd4362cc,25003
963b0379-eb8b-4224-a237-e9007d6fc437,25003
01714f4a-2b86-4d41-b003-8825fe6cd501,25003
7ab3be09-bb4d-4192-ae7e-ade91d7122e4,25003
d56caaa2-736f-4754-ac57-12cb0ba974f0,25003
8bb4fbb0-1bcf-4ea1-b76a-8c5fd4dc7294,25003
083b7c1a-9c07-442c-976d-cb48f04e0b2c,25003
302b1839-4324-482a-97ee-0952d7541e97,25003
82aa4f69-9ebd-4beb-bba5-a93fb2cfbd6f,25003
fd98aa06-32a8-41f8-9208-12e1a1030bb2,25003
5088299c-5d2e-40c8-ba9a-eb4ba86f7f97,25003
eb470b61-adb1-4384-8fd3-c92c1ce133c7,25003
f843848d-1b78-4b99-830a-8e8757ba8b61,25003
ffe53127-f7a9-4960-afc1-f760f93cdc36,25003
5144368e-e742-4b3a-be59-f9514f125e7d,25003
563a8e29-40ae-45a7-a6d3-e271fb37de70,25003
3dcc6713-f4ec-4326-8ec7-cb6ab955658c,25003
ea80e6a9-0221-4bdf-b904-a4bf76c10b4c,25003
bcb223af-e081-42f2-b4f1-73fabaf98fed,25003
b624f01a-134d-450d-9fd7-b24f88455c0b,25003
72555a21-fe02-4d8d-8e2e-2045700ec660,25003
93a1e7c0-cae0-4968-bf50-3a64a7427ea6,25003
9497aa23-64d0-429c-8ea6-4cce7c0c6577,25003
e02d76e8-5dd4-4c01-86ea-b51f4203b570,25003
5c626af9-6291-484a-8ddf-58ec76e49655,25003
259e9892-1f08-48e9-be7f-eb70c07e7e5d,25003
584d241c-111e-4811-b215-f8d0a17e6f8d,25003
56642777-ddeb-4ee6-8d69-5cb85ce86107,25003
a17d0f02-bad9-4e86-a872-14d8094b931a,25003
1b097ce3-aa82-4f8f-826d-f719d2a34d50,25003
4022bc73-1a2c-4f9a-8d0d-c77d5adeda02,25003
abef558d-9c69-4bed-9afa-ef88cce6f91e,25003
b246c7f4-200c-46d7-95d8-e7fa11094d5e,25003
c62d99cf-384f-4738-bb42-4a262ffaff17,25003
066f55bd-ded4-47f0-82eb-257df4c3fdc2,25003
0363dc12-3311-4780-a1f2-c1e291efa5bd,25003
9f360948-0280-4a89-99dd-e85dd8cbf4e5,25003
cc9992f6-b142-47dc-ad2a-ba806dcf33fb,25003
8c015292-d5f0-4ac6-9179-50e961133d96,25003
3b15315c-e860-4852-ad7a-d256dcf6649a,25003
2b06084b-234a-4038-a501-14f012052598,25003
f856de94-e29d-405e-ab6c-b35de6f97b0b,25003
b257fcef-38a9-41b1-95c8-c24f48772a5d,25003
49c8b47b-20f2-4785-949e-2b8f57a46970,25003
0d8c63f5-bc1d-4f7f-8966-39cb1f70fad9,25003
acd2521c-df3f-4277-9731-cdbac9e509ea,25003
2d2d26d2-5e75-4e36-bd65-6f00826b5016,25003
e24a41d7-5c0e-4c66-a464-927cfbf4cf10,25003
803d6e27-c572-49a5-8506-0520007df629,25003
369d2e55-34b1-429d-9150-e213458bdba8,25003
8236201e-88ce-4b71-8808-179824290dde,25003
e91f23ea-1467-484b-8d15-c5c547bdf31d,25003
3b3a8ba8-fa9c-4603-b366-fd7fc5a119f3,25003
a996c225-a636-4021-b19a-224d47b06d86,25003
266e51da-b942-4678-9fa0-c675ab84f061,25003
3dc94cd2-42f0-46f3-bb70-afd381493888,25003
3d2ccbe4-d230-488f-87a1-41baabb619cc,25003
028d1fd4-6996-493f-b694-317cdd4efd3f,25003
3bed9047-1d76-4e42-8c8b-bc318c1e0e9c,25003
d12895ca-fbc6-467c-97c0-0fbf90494c9c,25003
49721144-9102-4f8c-9e3e-d2db4f313090,25003
94dea9f8-52cd-46a6-904b-84a514d29c5e,25003
f903f1a0-62c5-4122-93c7-f71c6aecdf12,25003
a69f11be-5ae8-4bd8-bd36-66b79ebf3523,25003
c3395ded-3070-4181-9e07-8fea8a65e353,25003
4cfd68c2-74fe-4b09-a167-1cc901302443,25003
67761710-23b2-4db2-8312-9ba575477180,25003
dcce89e4-b694-4c86-b5db-518ea48dc55f,25003
c0f63947-c1b8-4200-88e2-0d8bbcf7b8b3,25003
8fcc4551-203b-41e1-9a55-559ee58d93c0,25003
c3823a04-2786-4033-8837-6825eee25286,25003
691a8199-735d-4147-9248-c024fb766b11,25003
ddae3199-eb62-4939-ba79-846ba6f99cdd,25003
b4a925f3-f6bb-487d-b3ff-ef209a01452d,25003
d9cd5521-f1a1-4eff-8d02-ef473e19acca,25003
60887101-cf74-41fa-afc4-78ab24a97ad5,25003
663031db-4ed6-48f3-b4b1-b3e54b8e759f,11846
472577be-5623-46a5-8c08-6451124cfdbf,11846
312f8b1e-c314-43ea-9fd9-157f219b1c14,11846
24314f15-f736-4ba8-b88c-e3bec28c2b92,11846
e8dc826e-7d7f-4374-9517-8b2ad1a2ec5a,11846
2494202e-ae62-447b-a1d2-e3a249bc3dbd,11846
e90df20e-b925-4b7c-acf1-1cf927b56712,11846
8ed7f420-40de-4627-8b91-8cf42f2b2418,11846
635a49ad-b761-4c09-970b-d3f9d183152e,11846
51915266-3eac-4c2e-9a9d-f0b95bf7d3b7,11846
f9d00f88-c111-4afd-9906-8ef7e36ca916,11846
a3832a2c-0934-4548-9227-355b91cafc04,11846
c1c6e1a1-a748-4340-96ea-841c18ea5b9a,11846
8d52a8e8-4428-4583-ae56-42e4bc7fb180,11846
463c02e0-31f6-4bc8-a92c-dfbac12b9dd8,11846
e23776a4-5b91-454f-b8b4-56178338cfec,11846
670c0192-fe96-4fe1-8075-a4d26cb5fa8e,11846
c4390741-6f8b-471d-92d8-56178fd2bdea,11846
6c2dc846-aada-4801-b11b-22b242ad30e8,11846
c81db1e8-7b58-435a-bb5f-c7ce6e7560dc,11846
2ec7f83e-3d7f-4d11-9066-edfc18606172,11846
3330a54e-c85c-4cb2-88c1-a5a7419848e8,11846
aa2c6299-a4ea-46b5-9fe4-1e47333e39a4,11846
b3600826-6b34-42fd-a915-1b73acc46287,11846
b5544653-ea39-48a9-84df-02a7827970c6,11846
713db46a-cc16-46b1-bc3a-18109ad5a36f,11846
1abba069-bdc7-4429-a80d-7638ec1597f6,11846
55a664c0-ae9a-4af8-a5d6-35ac53c23c67,11846
f901463b-e7be-492e-b87a-cd90c863a6ac,11846
925d8d2a-6833-4fa5-9b68-e734899d7134,11846
89b6762a-1c2a-42db-a9d4-03db9c43ab0f,11846
53cbaa6e-9e23-49a3-bf28-19d47c36dd4c,11846
df3695ac-a60c-4275-b130-d034a916287f,11846
7c093b53-08f2-4592-8c0a-3ef540c5e02b,11846
2de43c1e-7fbf-4e27-8b98-fa9761c8efa7,11846
4a09c5ef-ea9c-45f3-9d3e-011b2a08db5c,11846
8b3d5acf-b159-4a74-ba4f-3edb183aa311,11846
5390d65b-b4cb-4563-8497-0505b1ffd8f2,11846
fa07630b-ede2-46b8-940e-cae4134d17ee,11846
67a8f796-3a32-43df-aaef-c0560fb8329c,11846
e25fa260-1a54-4fa1-953a-7b1579f2162f,11846
11093b61-4699-44f9-8e08-a1446b854e17,11846
a667a35e-2d10-482a-b4b6-20f5d32c5240,11846
657dfc55-48e3-450e-96dd-b338079df845,11846
b9525a37-c935-4e58-abb7-e3e93c9e4fcf,11846
fa4fd462-5cf6-486f-807e-0ac4a726ff28,11846
d2796116-2bad-47a8-b413-afeac3abb30b,11846
9c428cd9-6f2c-4d2b-9952-e0411167dd08,11846
bb1ea6f1-bb94-4540-a858-be78a3a6c9a3,11846
f55b6908-f764-4256-9353-dc267e7b481a,11846
60adaedb-592f-4d3c-aa9e-23a8d1e97900,11846
981bca43-5564-49a3-a6d0-2019eebead06,11846
cb090f21-afaa-4c74-8d4a-d44720ed7823,11846
f928dea3-5038-4ad7-984d-779bc01dd2a3,11846
d4b22230-145f-4d22-9d3d-3fabb43432a8,11846
4304b023-462c-40f6-bbb5-fef7b79e1c29,11846
b50f0c46-42e5-4f03-b6a8-80ca5a36184c,11846
fd5847c4-46aa-44e7-b553-98368bc174c3,11846
b0496f01-5a32-4df8-8b08-9d5a65999020,11846
034c6a4c-ea6d-4cf9-9583-dcec57fe0929,11846
1aa59601-25ce-4a98-89a1-a112e3026846,11846
6fdedb80-9dca-44cf-9360-9bc18c436bc1,11846
d92d2179-4dff-419e-baf0-03dc3c580dd3,11846
1f9a4778-0238-4929-a259-d04c8d66fdca,11846
006c2996-9e32-403d-a4a2-b0b21e202494,11846
fb291de2-775a-469b-bf9f-e8b89e0ca8fa,11846
1836163f-2bdb-426f-99ac-a896e89410a0,11846
817a5f99-bbef-4c39-9d7a-6df502eb8a44,11846
9dcd7dc7-af96-4f49-87d1-b4b371570940,11846
42a68b61-d709-45fa-bc6d-f25d705f0395,11846
49bb1d99-eae0-44ea-977d-265b52ead33d,11846
9453bdbd-4781-4dcd-9283-06bf82bd7036,11846
4e8f684d-2051-4ee4-a505-25f7e49d0a5c,11846
119f9c10-1c14-48d5-9889-e37fd03c990d,11846
4612252c-db78-4a0d-9bf8-74d9539619c7,11846
cf6ff368-e1af-4b5c-bdce-22495e413263,11846
483b7093-a0d5-4fcc-ac53-9ed8459058df,11846
b34332f4-7869-4608-8922-fa21d38173dd,11846
ee051d34-a5a1-44fe-b6fc-46cf268bf813,11846
e49d2abc-fcb0-43e7-9419-dcf9f9ce89c6,11846
cd277b66-0598-449d-8e3c-90e7187ce7f9,11846
23f6cb81-8f4f-4f38-b33a-a5f91d653e81,11846
f418f129-7058-4e99-a9cd-6603489d1fc7,11846
810cca31-7553-4927-b47c-17c8a4d9d614,11846
fcb1b900-0b5e-4877-b0f9-089049c3e76f,11846
1b7cae6e-35f7-4eab-b8c6-e15eb198b7b8,11846
2cbb8b51-4e75-4411-a724-92f9a9108d80,11846
e8082c6f-4222-48a4-90c2-1f287fc7de94,11846
00bd4654-c391-4a32-888d-02b98d78b550,11846
15273146-36df-4f13-ab73-ed3a0d220450,11846
fa4a9d67-70c0-43f3-9ba6-2422c3ba362f,11846
c50833fd-57b7-42aa-9d58-bd75ec7b855b,11846
33ece9e4-4e92-40e8-b580-2fb310bf294a,11846
6aa82c0d-99f9-4207-b55a-fce6feac9e5a,11846
b360e4b5-488c-4d04-832b-a7dcac024cd0,11846
a5108957-c0a6-4a30-8427-31e5983d9e33,11846
590d1e9c-3497-4796-ac35-c91d56a65e63,11846
d91480ed-4160-4f28-a994-3ec4f4fb86c1,11846
311c40c7-c5d2-426a-97c4-e8ed526f9701,11846
fa7172f9-bc40-48aa-8c47-c7d757709cb2,11846
a266bb58-aca6-4eca-ba8d-4e8d080ab643,11846
4aa9a924-d47a-4244-b54a-0d76754b733d,11846
388ff723-9967-4500-8bc1-3c54b8f71c9d,11846
8ea3b8f1-90e0-4b22-a11b-d9862d34a555,11846
574b5e70-8c4a-413f-b1c6-3944d85600a2,11846
3d9e009a-66e9-4d06-b873-e5dbcf347c9c,11846
48b3d910-bcdb-4ed1-9f9b-c7df95083196,11846
b9d24cdb-58ce-4c43-be0b-7fd3829773a5,11846
caacf08c-c9b3-4267-883a-ae6b660fdfb6,11846
ee554975-19bb-4469-b36d-f9fa99131a0d,11846
f2e43e45-0573-4c18-9b46-072ffe2f0590,11846
9dfd64bb-2e39-450c-a059-a44c05e01e2f,11846
4f7db069-6d37-45db-9837-08fcec42aede,11846
3b0c543b-9b3d-43b1-82a5-a774a11e7f5d,11846
49fbcbe2-11c6-4b61-bfab-badb3890ed7d,11846
fbbdb457-4cf9-4764-a46b-89eb648e2cc8,11846
515801c2-6d86-4c73-a479-b9b0c2da1b93,11846
bd6e6de7-671e-4246-b665-bdf3e6d9c845,11846
6c5e4147-4312-4b98-b2c6-1771712b5326,11846
f1ca7d99-ae3a-46b4-b5c5-078f5eb13fcf,11846
cf3fa385-05a7-4cd3-8543-0288e835a0dd,46705
8eddf058-4f88-482c-9450-feaad83f332e,46705
cacce136-aab4-4ba6-9f41-f06fd6c923cf,46705
3d00d843-f9ba-416c-91d4-4c87bd201602,46705
d8998c14-7a88-407f-994e-b3fa18f8cb23,46705
a1930d1c-0726-418d-bce6-c05b3317c132,46705
a79f5012-fbab-4688-80ec-9eb14be847bc,46705
03432438-5dc1-4415-9a7d-a6248891590d,46705
7f59c4ea-bcd5-4a76-81ec-157b953fbf44,46705
332d366f-76cc-44fd-8e53-eb2daae1a3d4,46705
6fdc1572-7e68-40a3-abdb-4b9d94ae41f6,46705
e111baa2-adc2-41c3-8495-ba22aed76932,46705
c26c98ea-ae9e-4aa5-82e1-e80d7e300dbb,46705
ec790b94-9b1b-42cd-853b-839174c52330,46705
f37c2a6a-b9d1-4ab2-986d-10966b794a8e,62867
e8eae22d-a736-45f1-b512-ad890425fed0,62867
b68c2514-08f1-4c9a-85f1-ed3c33a3d084,72926
94282da5-afad-4437-82ec-ab9416c3207f,72926
03961fbc-1472-4a4a-8524-5b47850efacc,72926
784764f2-dd7d-4c7a-b6ff-123c0c33cbef,72659
5b614411-f08f-40f6-9820-d7413567d77f,72659
2e0d40df-24b1-4e74-9ac4-00d3f2c1a3e4,72659
f1e63489-2848-46c7-b0d5-02c19d395c96,72659
3c005b32-f6b3-4ef9-b278-a2502e09b4c3,72659
f31dbced-cc26-423b-b2b9-5799b993330c,72659
a212b50a-761e-44b3-aee4-84b9c7326f0d,72659
4efccd7e-f2e2-4e33-8108-c1a7678f807a,72659
4079e7f0-062d-483c-b7a5-bcb9e540d7e5,72659
6ce04604-8002-45ce-b859-456a45dec168,72659
73083c77-b8bf-4e7d-85d7-69b11635d688,72659
5b35635b-c43b-4cd1-9840-286191f17518,72659
9774606c-2cae-454e-bfc7-e5070d7dbfbf,72659
d7a461ef-a5ba-4687-a7cc-6d9b279c8002,72659
4b6a8241-50f9-4b85-ad68-ec253b3f66c1,72659
cc792086-bc34-4423-acc2-411725dd0ffb,72659
84424c51-aea0-41d3-bc6b-ca3b093f6862,72659
b9f51f4b-01cb-4bd8-83a2-71ccf7f8bfbd,72659
baf10656-a884-4c22-ad14-d980401b449d,72659
32f87d24-6c5d-4dff-9720-f742d6d6ada0,72659
1da276f0-fd53-400c-97ae-d141066e01d1,72659
0bd86802-8172-4537-8a69-954ce9d1e403,95869
642eb4f8-a306-4bcd-a23e-b1ed97fdd2f7,95869
55c2350b-6ae2-4b31-801a-1ab17f0fe000,95869
b8bfb6fd-33c0-41c7-87d9-1ecf390d81a2,95869
dc9aa0b8-e635-4452-9b43-ce1a79829721,26906
9b36cb29-efc2-4d6b-a73e-121274132803,26906
e82a5d26-faad-41ad-b15d-19e94c9c61c6,26906
d06fa3c9-d3b7-4f2b-87e0-343159ea3ba5,26906
07acfb52-c22e-45d8-b29b-e2d8467d73c1,26906
58cc37a9-e9c2-48a7-a59b-c745b57a0b75,26906
d2780462-5ae8-4975-ab17-57999c42422e,26906
eb9fe484-0462-4dff-b486-70370e055136,26906
7797fde2-49f1-4f7c-afbc-121156797a88,26906
3f2e6f75-6bbe-456b-9143-78e1d6ec2704,26906
e1b3de25-05f1-43a2-8de6-90c5c6fbf53c,26906
a444909a-9f5e-4be0-9f6a-18ffca268331,26906
37ea2c44-f777-4af9-bdef-7bdee545139a,26906
fdf01cea-eb78-45b6-ba9f-df6554bdda16,26906
55d6e483-35e0-4170-ad7f-2ba9afe2d06e,26906
3f448049-3b28-40ce-8da9-737c3f9483da,26906
68e8c5b3-b86b-48b2-b85e-5ba73773c2d4,26906
7c3ec391-31e0-4cce-b922-9a26262b73a0,26906
360607c2-6ce7-4a30-960f-9a5e91567233,26906
c5039f03-bf43-441a-85ef-4fbe8cc70ca7,26906
9af5b12a-e9be-4563-9995-6f1e051de025,26906
bbdad6ff-b8d0-4c87-b3a0-41a39967b1ef,26906
de843c97-dae9-4a3e-b801-5a10c43e1d64,26906
9757b754-d9d3-46f1-b045-d6b37dcc6e66,26906
c8d1ea2b-75b4-42e2-bb8c-50c6331a5223,26906
00bb109e-3e1b-439d-8a7c-4f279dadbe2f,26906
5f3bf042-1318-4790-8fdc-c0a3dc331e9b,26906
e656058e-ad8b-4ee6-8555-cbe6a7d30b97,26906
e1986d38-0102-4ed5-b2a7-0d8643f2644c,26906
f54f9535-3048-4d24-a881-35f840efc80e,26906
bfadf86d-be37-487c-b543-4a00f2909639,26906
2f637f6e-c545-49a9-bcdb-3d34d3f1b80a,26906
26935fea-d4bf-4bc1-ba72-3d84213c8e94,26906
52fa2299-6661-4c24-9018-2207bfb306a3,26906
339d38c7-5151-4684-885c-8ee05daf6420,26906
ff865487-7e27-4d12-ba7d-29b3f4eb5aa6,26906
95def40c-d17d-498a-96f4-5595ae8d2b02,26906
831fb043-1b3e-4ec7-a26e-6e1c400f051c,26906
21d16008-1f8a-42dd-b23d-dd5c1c70bc85,26906
fb8ec5b5-faa7-4d19-8052-f9fd9e8df1b3,26906
bfbab47e-4b36-43b7-9cd5-b9884505fa33,26906
148f6ae0-b8e5-453a-a58c-afded8c2ff2b,26906
9c0b6ff9-1fec-471e-8248-94b9070c9e41,26906
0c36a0fb-013d-4368-91d7-9a09517b4041,26906
719addf6-03ec-4f8c-a946-7cebac90ddf6,26906
38a5342a-eae4-4292-aacb-6f180448c45f,26906
c7afb2d2-6f44-467b-8bd1-ed8e09848407,26906
49490282-e0b8-4f60-b030-c9e6509c76ba,26906
2808b217-5659-4dae-ae63-89156a4dfed5,26906
b5728a2c-d6a6-4802-9ceb-031bd8181325,26906
ee4f6fe5-0bda-4bbe-ae21-8010fc41b389,26906
10b81204-34f0-4491-8774-0b0b1cc7c606,26906
4d1f944f-093c-414a-8152-dd5d4c82e8f1,26906
f508cf65-739b-4e1c-b042-351ab71d5f11,26906
ea38687e-dcb1-4a5f-89f8-7b5b05fe774a,26906
024ccb84-e1e7-4045-af89-cebe660c32eb,26906
72232504-c1d8-4b50-a1c9-8870899aa9b6,26906
a38d3e5d-5e3d-493f-953c-3aafcf36727c,26906
c8a0de09-3f6f-46f2-b0ba-397ea132e2c0,26906
089a2e8c-ad9e-489a-8c73-1ebdb444ebf4,26906
fb2a6193-313a-47d7-88ab-2aab017b852f,26906
65623b52-5221-4049-b8ef-4ab939b7dc46,26906
bf7a41a7-9cbc-424c-a808-409dc88b45ec,26906
1643972e-2e18-43db-bf6e-2de6955e4f51,26906
d7ed4ccb-35ed-4214-81d3-cc72539a8dee,26906
dad20def-2a07-4745-9de2-4d1beb76cc0d,26906
eddac13a-216d-4e16-96c2-35363777e56a,26906
5a0b3198-6ba9-437b-b843-bae92203d38d,49789
4c25af34-818b-4921-9ec3-0e247536bd8f,49789
d6aca36e-9785-4c4f-8e69-5f9ca8feaeb6,49789
aec86be5-81a1-43e8-a88f-2daf5c7f91e3,49789
a996def4-d016-46a7-9deb-14472d09c01f,49789
67bc18cd-9dae-438b-ac04-732b05bd7058,49789
51bf1f42-e0dd-4dbd-8f0f-655515cd8cee,49789
180fb020-6436-4b88-990a-4b312255ee96,49789
f9bd5395-1707-4776-b8c0-47f401f2853a,49789
4361c78b-e488-4da9-8c0d-85583682f981,49789
00fc57ed-d1d8-4f3a-aa38-ca4b19b10728,49789
5b7ba184-d78f-4d0c-8107-e767847d5685,49789
310ca70c-85a4-4269-9d9c-c132b2ad64c4,49789
cde3364b-541b-4c75-a043-0c895310f6a8,49789
3ba5c45e-3b84-4b17-9839-70b222523c5b,49789
bac251f1-a80f-4ce0-b68a-0372078e18bf,49789
23546979-baf6-4b04-ba78-80862571d407,49789
c385ffed-ebc1-473e-9f62-b62598cc7d68,49789
13ec2f5e-3e57-4be8-8eb0-f45bad2b18ee,49789
66ab920e-a338-4982-8d2a-82f23a2a025d,49789
9c6a4db2-cd56-4249-8b3b-b9ea137fcc1b,49789
dbe0a930-00bc-446b-a5af-71ea13b626d9,49789
7ec14469-abbf-43f2-9336-38ccce3ba2e7,49789
825e4133-5ceb-408a-af52-f0bd5254e8a7,49789
d5600604-6b06-4a7b-bea1-b0948d4e9557,44899
ac6f76ee-56b7-40a4-a1ed-6beafd55d8b7,44899
a1df7735-e11f-4341-bb29-65dcdeda51e3,44899
3f3b5f59-173e-43e9-a550-e487da308924,44899
fd6311c6-6cbc-44ee-a0b3-69bd7357b9de,44899
34a24405-eb7a-4670-bc7a-e14eb62299c8,44899
97550f47-2ca7-404c-9fae-0e491051de1b,44899
5c67a4c2-571e-4a21-a607-201fa1681476,44899
9e6b0447-c536-4cb8-a48a-338a0b3d1dc5,44899
e9a2b8dd-7e09-4260-9173-a41ae67c9c4a,44899
c9b74973-2b05-4443-b961-48d0fee1f0a7,44899
ac5b43bb-649d-48a5-a44f-96ecca2f5333,44899
a1ee47cc-d39a-412d-bc43-a09af2c224a8,44899
d5a33367-505c-40b9-bca8-52a3f6684ce5,44899
385b4214-8762-45a4-b27d-944d123be207,44899
e0914947-47d1-4773-b330-f4cc197e6380,44899
3ed224d0-9abc-44b0-a328-491e001d52a6,44899
9d6fcae7-9284-4265-ba13-f14689865647,44899
b3427f54-c7b3-4733-9493-173b98a00d2f,44899
e4dc4da2-7bc4-418f-a6a1-a5b7e22b87e8,44899
1fd34b48-c572-471a-bd6e-9bc4f1d5cf8e,44899
61d83c10-af6c-419e-b886-fc4404f636d1,44899
691244b3-796d-4995-9654-94c9e5b67dbb,44899
6972de5e-e2bd-4114-bbd5-f666caab3127,44899
8241d722-b98a-47b9-94be-963dda086bf9,44899
0120f6d6-cb1b-4ee7-bffa-f1be86908643,44899
8afcdcf1-b01c-416b-8bd4-44ebc9907af7,44899
4750c81b-579e-4b37-b3dd-77dc9b4862da,44899
4a6da123-47d6-41cc-a6c2-26a746c32a3b,44899
f370a231-1779-4d80-91fe-df4f13aa01cb,44899
b1c4f355-6fc9-4be5-8adb-76a378286d8b,44899
8ed83311-96e4-4f7e-b00c-6a08e5c100c4,44899
bdd09b3b-4a49-4f66-ba82-1fadd57d5832,44899
64e74407-60d6-482c-a3dc-f3c0876c6467,44899
4913aa3d-5e09-45b0-ac46-df3841573f47,44899
78c16a4e-92fc-4a09-bc7e-343018d7a06d,44899
7b90ad39-2ce2-44ad-8d87-82fc67ef1eb8,44899
c074c3b0-2ae5-4714-a618-ae2d4d86be5f,98480
fee63207-76b8-48c6-a47a-de386697aa04,98480
d1d1dc4a-ba03-4b80-a21c-6d2cdbc1b21c,98480
1bce54be-ea1d-4905-8de7-3b360d1568c8,25888
9aa8d932-7650-4ddd-9083-374e1de18fb2,25888
69bb386f-6394-45d5-a55b-c8d035ee1638,64894
a74b3abc-c5fc-4394-9f22-7204ce2cf295,64894
626f9673-8ce9-4ab1-b6bc-6551e84b1e3f,64894
8b94e2d4-a0d3-4ac8-923e-2917ebc75fd7,64894
cc4a97a4-e0cf-460c-b387-429358c15b37,64894
cf103188-8fd0-47d0-af58-1d768830dd48,64894
dc462bfb-92bf-47d0-9830-66ad78307c24,64894
5dbb5657-ccd3-4c6d-9df1-393be9a14c8a,64894
396cc5dd-1469-440d-a1a7-439ac43b390c,64894
6d287df0-cb62-4eda-96e1-bd67d322c848,64894
dc6e1439-e95a-46b6-adb3-288b0a79fcda,64894
80c8ccd8-52f0-4004-bb6b-1f2ea3b06a2d,64894
776f43e1-d30c-4aa7-be29-f985dc269430,64894
3ba360c9-4632-43d4-9654-dc6607c9044d,64894
2c3bb4b2-04bc-4fec-b237-b7678aab3279,64894
3207e6b5-db11-40ca-a2b2-cdcc876f4e04,64894
faabbc43-d8f4-4774-9d4e-2992bb5d35f3,64894
864e8a35-adb8-43c6-8d79-b39e8e57eb85,64894
24cbb212-a9cc-4e08-b3b0-b07eafaaf1be,64894
da148fb1-939a-41ca-85fd-450745079f8e,64894
46f30a39-fa3d-45f6-9956-7f598b825925,64894
1a9bdb44-0cfd-4b58-95e5-339dfddee9c3,64894
09ab8192-7599-4992-8cd3-afeb50897ba0,64894
3a2c6a2e-c9d4-477e-8ea3-f769f3c61009,64894
006e0baa-4efb-4a5b-bd92-326e31903d75,64894
62610dc8-05b7-47ee-adea-36d8e2c4911c,64894
3c2abee1-7a44-478b-b463-9d0d1bf55fd1,64894
ac82987c-77a7-4a56-a42e-67651e11d58b,64894
c07fb7e3-857e-4460-957d-a1bb1d374514,64894
3ffa9175-ba0e-4013-beec-bd1360fcd537,64894
f7548690-0836-4d25-ba3b-591bb5dff260,64894
a04cfa58-3829-4fa4-9549-2cfe3019adf4,64894
576ca805-c63f-4922-b646-fadcdf1e9231,64894
3ba14352-154a-4e62-88cf-b7ee897863f1,64894
d0bbc496-9493-4925-bb9f-b2b9d0b9b53a,64894
d9e4f438-fdd1-4701-a63f-cef759439fe0,64894
a5c03f77-4368-4762-8a7a-dc0148818bd0,82667
e6de9db8-fab0-4aaa-9d0d-4588e13f262b,82667
93a1365d-5d01-48b1-a1f4-d7deab61345a,82667
af3dc9f5-1900-4541-b59e-460a143dfef2,30434
23393797-13b2-4108-8dd6-e047555d5d1e,30434
f2bcc64d-7b86-4636-a716-37e5d929454c,30434
f3b94ae4-6ef4-4d3c-b063-26f511ca41df,30434
104eba00-19aa-4271-afc6-5d28a1f2bbfa,30434
f345ff44-92a6-4475-aa03-fdf8c98c5af3,30434
14ca8d79-f784-4a9c-99c0-dca718ca0470,90508
85acda44-f454-4a70-b509-b4b406f348b3,90508
5610ff21-6997-4678-a70e-36d588e08774,90508
556df69e-718f-4eb7-8fc3-41cdf9d37499,90508
b256aff9-70ce-4775-8dbd-26e33989c820,90508
c752938d-6af9-4709-9160-e2c5d24e717e,90508
690a0770-3186-4601-b834-a4e9c4a00214,90508
574c9388-6fe1-4086-8cc2-8b74e4001859,90508
0965aee2-5375-4e04-b9d1-3f1df45e774d,90508
c1c140ca-d58c-4b21-827c-d6de4f6c400c,90508
808da704-2339-415c-bf3e-c8a1937fcd88,90508
9e388301-e201-4592-a18f-54e2f40e0e18,90508
86295e87-38bc-4283-85a2-7931069a3fd7,90508
515eac7c-4e48-46ec-bc88-8495e86af1f6,90508
2ad4b814-fa42-48d2-a5f2-a9331742fa69,90508
e8fe9945-7e48-472d-8996-fd9e23cd19e3,90508
3e7d24d4-1a7e-44ee-a10a-edb7507bb91b,90508
1fb6ee2f-f0f5-474a-86d7-a343a4fb3073,90508
da66ca47-087b-40c8-96dd-285b46ce1fa2,90508
fc36a435-c7bc-4cd0-abf2-d769f5b23334,90508
5f81488e-916b-4e12-8c24-86984d310404,90508
9ef75102-37ca-4619-af39-eaa0914d9748,90508
27e8008e-1565-4e26-afce-76e994ac5f6c,90508
42a10b0f-d082-449f-869d-b5d978d4aa29,90508
d4330ef6-3d04-4a38-9d6c-ccfd924a3cc0,90508
0fa7d5f6-3f00-4027-90e2-206079d18bb4,90508
11563fe5-321b-4271-9fb8-44d9e6b12af2,90508
931a106d-3398-443a-96c0-de164bc867e0,90508
9d647e3d-f4ba-4bd4-888a-0c4a66c50068,90508
1132902e-0472-45d4-a655-c918db692c8e,90508
e36decbb-c909-4ba1-8910-06f02af2f884,90508
eb2a04a4-001a-4bed-91a0-6a1b3cb90b68,90508
6bc7030a-223d-40a0-9774-c62767287199,90508
d74bfbb3-68b8-4ecf-bafa-58f87876c1e8,90508
75c32ef8-63a5-4495-aec3-92c456ee4dad,90508
3508f4df-0e52-4e5b-aec7-d8eb41dfa2ac,90508
ab3bd240-f92d-494d-8452-abeaec07a3a4,90508
ba0fb8b6-5f66-4526-bad2-98c7e2cfee9c,90508
504dfec1-7684-44f7-b2ee-49fb4ff127a9,90508
a2915c5a-54d9-47e1-91c1-536747fc206f,90508
781996c7-9544-47e8-80f7-56fef9f94f02,90508
3ce99f64-4062-41c6-95c4-36d071b1b470,90508
0da354be-4e2e-48ba-bb6b-1feb70202113,90508
3d7700cc-6313-4dcb-a342-9a16cb1620e2,90508
7971fd47-6a7a-4988-be9f-be4a8988cac4,90508
bb4308f6-118a-409f-8e87-e86b88b934c9,90508
bd3b3843-7f52-45d0-9317-8eb95df43e5a,90508
5023f20a-437a-4611-a2e9-7f5b5d234df4,90508
6d2bc945-2008-4f46-bb75-75195942cd84,90508
c7309c63-519d-4380-9cce-70a9b7c56675,90508
09f9cdc3-b736-448d-bc78-1c227dec48ee,90508
7dae15fa-6fc1-4e67-b73f-8058458cfa7b,90508
9300806a-165d-4ecd-ab78-47893941cca0,90508
71a9d973-95be-4692-b0a4-cdde95f48544,90508
f2323c07-3c6e-49a5-b080-06c737c9cde8,90508
61d537b8-072b-4347-a7d9-f26c2bc5d2d7,90508
6b003405-26ae-46d5-a1d4-74e2a81a2253,90508
55d355a4-d921-4cee-b981-a86add977563,90508
c401cd10-5b36-4b10-868a-641aaecf10a9,90508
e27afba0-8a6d-4bb6-8a3b-1616ab59d1f1,90508
d495a30a-79de-4482-9712-f5f1d1ad03dd,90508
9c2b7a96-91b2-447e-bd8f-7bd8ad925313,90508
97d6b8dc-e545-4b7c-9632-b536788edbca,90508
f6dcde72-e895-41d8-ae11-ee62831f7a74,90508
bbef8391-0f7e-4425-b93a-7eaf5586b36e,90508
d9954178-0831-4c5e-a241-feb2d6bbde46,90508
16d8cd78-7502-4938-9ad5-5e684b70390a,90508
ad129da8-8e28-4f23-a8e9-874ae8015a02,90508
cc790337-9c9d-404d-a206-5c9a7cd669a2,90508
ea244331-cdca-4e34-b72d-4f76d3983df0,90508
fb060ae3-07a3-4e3d-bca6-611cb4340212,90508
52989df9-40a7-4ff9-b463-6e400dbe43fd,90508
58dd874d-6a46-46dc-a7b7-ac58ed287bd0,90508
58db330c-e8f0-4ac3-ac32-c4fa1f48695c,90508
ab27a5ff-792e-4b6e-8f36-0b1d589ea715,36767
ab9344d8-a8fe-407f-87ff-8b7540a0d1f1,36767
cc3af38c-d776-4682-9a7b-2f396281461c,36767
cbfbae27-f039-4dfc-b709-f8ced7051f8b,36767
ddb510b4-9701-494e-92d1-b06ab2c4865f,36767
68f05c22-4789-41c3-afe8-c9cb3a420279,36767
b7f236b9-d794-490f-a24f-c22895a6d789,36767
f372ddea-5c4b-47e0-9a70-988281857e02,36767
7946bcc5-6aef-43e9-9a59-a3330d6a152e,36767
ca536f0a-63bd-496a-b4fe-5fe4e9dfd2ca,36767
f1b97207-2f8c-4126-9342-67ca42bec94e,36767
81fb0c13-73e7-4cf2-bd3f-e2626e7c51d8,36767
bfe17907-b222-42a9-9a55-85a09736ce23,36767
b9af27b3-fa16-4baf-b93c-8e281d89c8e9,36767
eab6a371-1853-4a20-960b-516b784c83e6,36767
2d829380-438d-4496-a2ca-eb81f415a250,36767
1c2b5473-78e7-4285-b492-73f74bd5d8b4,36767
f25d035d-c4bf-4e61-a252-09dfcef183b9,36767
ba8a10eb-c09f-4348-b9f4-e552cbf2e935,36767
7ff87d88-2f92-4810-a52e-109df3d79690,36767
ac1dbe69-eaad-40e9-888d-40b92c9c9b75,36767
34ec2ca9-a412-43fd-8bbd-e86374c78a7c,36767
7f152b85-18d0-4481-8246-b673cdfa803c,36767
a9363415-7836-41a6-aa42-ee843f156bae,36767
5f642ad4-fc62-441a-a27d-6d427f8dfc2a,36767
4946c39b-5ba3-41f6-9065-5b05506bfed7,36767
b4c32243-145c-4b23-bcef-58f06f1d4061,36767
830bb65f-f267-4963-b96c-9b229ffc2f03,36767
18a1f2e8-f1de-4817-9e60-36d9f9548462,36767
5adfb7f2-777a-461c-8cb8-458502a72e24,36767
fba11849-e758-4285-af3c-db62c0f088b0,36767
528e27c6-5ce7-403f-acfe-f3dba18441f3,36767
49080484-d6f3-4205-b6af-bc6b3a928530,36767
dbc7c173-a005-458e-a657-e68826ff2c64,36767
bfdeb8ec-1e23-4176-862a-cd1cdd7ff31c,36767
4e85488d-d0f8-4476-a8e8-612f42c80f8c,36767
f2073616-b1a8-41e6-81c4-a0616f03c3ee,36767
cc82d958-6472-4812-952f-9a4fdd127e02,36767
45b0532f-9690-4876-a671-aac62bd875e9,36767
54050e1e-de3f-4dfd-b4cb-f862c358c016,71798
8f278518-2051-40d3-97e7-d3f782042e4b,71798
386f60a0-1b3f-4525-871b-8acef44f6fdf,71798
9320f6a1-356a-4446-adc0-7f517faaeb06,24014
3d7b20c9-e48a-42ab-849c-87d165b94f92,24014
67d704f3-44d9-4656-9f4d-b3607e98be60,24014
a5f17240-f2f3-4591-a769-00f9a4140c6d,24014
b30221cc-d55c-4615-9a36-30fb4b7d0e69,24014
7f1f3d45-bdf4-4b33-8b4e-a29e4d235c5e,24014
5afa0b18-e1c8-4828-ab71-e5d639867e03,24014
8afa3ffd-2e0e-4790-aa9d-cc4613433d8a,24014
2a88cc5c-b642-4fea-b052-20e99430d7df,24014
dfb0371d-7b28-4347-a098-ee91e4ae0256,24014
c19b5c14-9be4-45cb-9a1a-9479c167ee06,24014
79f767da-6df8-40a6-8838-3a813dc5ba88,14072
5f3227ca-70aa-4bf7-a911-4097c536d394,14072
8c6a2dba-1f67-473d-9212-1d0cf909d4ce,14072
1c5877ea-d5d9-46bf-a9db-6f1695f40803,14072
b6c034fd-2e9f-4ab2-a5d2-f5bb32f01061,14072
16600878-de95-497e-9f9e-66b5f3193977,14072
9fb49e10-26b2-4333-8998-78604f4e93e8,14072
d5753e37-aeca-4dee-85af-cca47bb0c006,14072
286e1d9a-4177-48ea-89f1-0cff3a010707,14072
47551373-186a-4c61-a773-999dd8ada8d5,14072
af51c987-c571-4f2f-a35c-17cf88c409dc,14072
1d03a81e-bb95-49c2-84f2-6521637dbbdb,14072
95f1e957-56fd-495a-80b5-b6dde2779cbf,14072
b982cef3-fcf3-4d77-9c52-16f621faae4b,14072
121900bd-6c74-4887-b24d-6e8c535f71a3,14072
a897d0be-10cb-4ee8-9ea6-513587a95db1,14072
9fd467d6-7f0e-4411-844c-5517ae9d6e2e,14072
9192b6f0-ec73-4b9a-bcf5-c770db273b6e,14072
27e70fea-0ac8-44cb-ad3e-cf098f151dec,14072
0e8be3b9-6a4e-4802-baab-420c610abeea,14072
c81a162b-4efd-4c3b-a77e-adf965b7b6cd,14072
4a128503-aac0-4737-aad5-cc9d944539c8,14072
2733bef5-a35c-419d-a914-c189e253172a,14072
5a7b2231-2198-4bd5-a907-ed68d8fd9752,14072
80e43d72-401a-411c-b136-d9a8e3d5f74b,14072
c957694b-15bc-42da-ad03-906969c1242a,14072
81512fce-8701-48c6-adfe-a102715fd5cf,14072
34582b59-e1b5-4edc-bd9f-feeebf05732d,14072
b07d50e2-c9ed-49b5-b62b-a979f6f49703,14072
a7cd4fde-cc43-4ad6-8409-f33088ec5ce0,14072
f5ff2fe9-9c28-4915-8e10-7fdc83d06f6a,14072
4f6d84fb-da9c-4673-9058-96a10a32d2c2,14072
4897eb17-f5f6-47c2-973b-55363e268a21,14072
09e359ef-ed25-41bd-9b9e-c084f71a3c83,14072
99c2b680-8da8-4a5e-8281-339e12ab8604,14072
47904117-2849-49f8-9c94-b491b21dfbf7,14072
fc8ee6ab-4909-49d4-ab0b-63b2b04dc5f8,14072
10fab239-636d-45a2-a2b5-bdcbe2732644,14072
14e1a642-e078-424c-b6e5-269ea007d305,14072
add3c0ed-508c-4e96-87b9-227963457268,14072
48317d90-c3cc-4d38-a7c3-77a96525d0bd,14072
193d52e2-63ff-4618-8329-08850c34936c,14072
a24e09dd-d0ff-4bea-94b5-654cbdf859c3,14072
de7218a6-a60d-47d3-baa8-f708cbc13791,14072
e07bd9bb-f03f-4836-ac0f-1a5eeee2039b,14072
0df94c2c-0b0d-4f99-8ae5-cd355da7b312,14072
fab69f00-6c50-4953-965a-6b9180845e30,14072
ff278d82-074f-49fe-8a0b-3ff11706a1e5,14072
fcf7f0b8-abab-413c-a903-1ec9fde4c4e6,14072
385c6f73-0a15-4a5d-a660-79fc73682495,14072
756c0f5e-5cb9-4de7-aa95-d51fb3dc9fbe,14072
5222f9ec-bd2a-4594-8784-a3aca59e8d99,14072
9d6ff985-2388-45fb-8498-bd0391191990,14072
f5eadc14-182c-49b1-ad4a-225320d01613,14072
acdeddce-7406-4432-9166-f90108f6787d,14072
04647e77-d081-43e4-9148-3098f3a9ffce,14072
8fce7bcd-b2db-43c0-8071-5e5d70bf3d19,14072
1dd6d683-5504-45e1-bdc3-22c27bed6c3b,14072
39bf04ee-fe56-4bb4-8287-50918e62b2f7,14072
fca4d83c-fcdc-4a0a-bafa-230ec7250851,14072
42f3a2f6-f500-4001-a0cc-40ffe6be238b,14072
ce711653-82fc-42e9-b020-b0fd5f63f0cd,14072
a9042b04-1a98-4882-8eac-17a24d9882ab,14072
d9d12b3b-0bba-428d-8c61-ea2dbf2e8095,14072
b64877af-7959-4ad4-8c65-293346ca4588,14072
e1299417-222b-431e-9d85-a2372f4ee96a,14072
57c00f7d-0be6-4aaf-838f-f7e2c6e9a2ff,14072
1d1e7378-a4d8-4d4e-8260-2fc44201feb3,14072
8dea4251-60fe-42b4-8b74-3028c6fc9aa4,14072
1cfa2f58-1d2f-4aab-b976-23b3a1547266,14072
abaa94e6-165b-4905-8ce0-0f5357ea40af,14072
4123814a-4499-4817-a5a4-7a3e05f35c62,7261
806e8ed4-eab5-4dc7-812b-28e80b1da63b,7261
dfd51532-c8c0-4e56-ad22-cd9e16275141,92224
58bdee78-2e50-4de8-9035-4c93c9d6c6ea,92224
60633747-863c-4b90-bdc2-f4eeab399135,92224
faccd8eb-c31d-414a-84e8-91cdcf3c5623,92224
6a2de40d-1e72-4f0d-b215-c0837877bd2a,93133
95b4c3f6-cf54-4646-994e-be943aacbbd6,93133
b8141ef0-317e-4c2f-9ff1-d21d2dfd0aa7,93133
8133f549-6250-4e44-b86f-b0e258b15591,93133
34feb891-8c3f-4d71-88cc-b3b51a5ee4f9,93133
cb0574ca-4a55-4327-abac-1cb300175086,93133
61782e0f-d2a2-42e8-ae8c-53856c48356f,93133
e15f038e-a634-4e68-8bd2-085cfc20f8ed,93133
517ef361-c695-4ce3-bcee-5263c929ce68,93133
5937ee2c-9c12-4f2b-b9c8-38ebe67f77db,93133
aa6a0c3d-361f-4102-9536-0f70d1009977,93133
27cd8a4f-18d0-4633-a5ea-bbb2404b73f4,93133
6f2fd4b2-5731-4af6-a6e3-19a0e231c7b3,93133
5c2729f0-f3c5-4a3b-850e-37b30c87c3bf,93133
0b9eea35-408e-4ab3-8e71-2140957872d7,93133
eae0fac5-bb8d-41ba-a6a7-b8236f6aacc3,93133
049739c2-513d-428b-b016-c72105b50995,93133
e0a25b6b-1fbb-4e40-9b5f-8ed7725e8467,93133
701fd73b-7fa1-4f06-a925-2d6e8d56421f,93133
2127d8c0-23c9-4a8e-a8fa-c24b667a344c,49423
8864a05b-17f6-443b-b36c-3db190d6bc6d,93133
3a6d7c75-094c-4e8c-96fa-8c77ea48b67b,93133
b58f01ec-6292-4376-ba62-aee6ac37569a,93133
6523c736-ab30-498c-a8d6-ff1413e639a9,93133
6f276e30-8fa3-485b-8ae3-25752e5123fd,93133
9f1ead84-6a73-4332-813b-719746823a11,93133
2264e8e4-7a55-4ede-8ea6-5cb2fd6a5de4,93133
1da3bdf0-9361-43f9-b73b-a2f89230375d,93133
faa0df3a-bea8-463f-ab96-0cc89078178c,93133
6fdf60d0-afe0-45a0-9ed3-62328a9c62f0,93133
e600b628-1eda-4dc1-b60f-e31eecdf7ee9,93133
f49fce0f-6246-4993-ae71-2453cf6010bd,93133
77e5fea9-7f15-446e-9f61-7ce7fe8fcd39,93133
ea20df31-7d03-4d11-8507-de7a30729177,93133
02b85692-d776-49f0-bfab-7813cc3c3408,93133
dac6e72d-1f21-481d-9671-da7023d0afc4,93133
651e6ec0-37a1-4f05-911b-980c6e33522f,93133
3e859203-ad91-44cf-bd04-966aa653d130,93133
1ae324f0-57c8-48c3-b41b-d50f0a73bbd9,93133
6c933030-3fe4-4a75-9363-2a2aee818a93,49423
b158c5b3-8d1b-4a5d-8247-b7455e588c96,49423
801b92da-cd53-4cbc-9c19-c72d9423cea8,49423
fbaadfa1-035d-4799-99b7-bdada7658e7f,49423
ec2f3fa2-b819-4032-a6eb-976251958906,49423
a4dd97b6-d67f-493c-a1a3-d19609e0213e,49423
74ca104a-8e6f-4be1-826b-91fbc71f8b35,49423
59800410-027b-463c-a4f5-ed05a889d179,49423
0719c7b2-525a-46ea-ae9a-dfb57695a1ba,49423
54a408f5-f29e-4872-8fd4-c501396087c7,49423
7bb548d2-4833-438d-921e-2ee9b5e55c45,49423
315edf84-4c18-4b3b-9db7-0206335fcc85,720
35176499-8eb6-43d4-b226-2073be39d4ac,23352
eb2bcb99-9e48-4a26-a734-261ac006f617,23352
8a9fbe51-c69e-4843-a110-14a91d878339,23352
e59954d7-8af1-4a7e-bbba-83e4d56db1cb,23352
1aaa26e1-85ef-42f2-bc77-20d93f178ac6,23352
e227bff2-6a0f-45e4-90ea-6c61516c1029,23352
514401c5-27d2-4724-8bcd-da40890fad3c,23352
badc8df3-160f-4159-b98c-a88bb73661a8,23352
d6a9d2d9-9983-4661-85e3-efae15f3ee3e,23352
65cb69e0-1eed-481d-9cde-b9c5d058f02b,23352
92ba3dda-f8f8-4b9e-85a3-17a48de56f01,23352
4ee17bf8-d19c-41ce-b58c-b468004ed84d,23352
4aa1e1c5-5123-49c0-9774-8c75d74fde45,23352
5ac760b2-9880-4d12-b56a-129d4e7e67c3,23352
4343b639-3a9a-4531-ac94-7ec00b94098e,23352
37ef3871-29b1-4108-8bc6-3d20e915320f,23352
620fa77a-9def-45e0-af62-87249a098e6b,23352
14cfa6a8-1047-493b-a4e4-9a6df2cdd568,23352
b534641d-e916-4d63-ab9d-ec0c7e24582e,23352
ee909730-3568-406e-8647-dc3becc9c9e8,23352
8db61828-2858-4aea-b995-2f0c28e3abd0,23352
69631be9-1745-417a-bafc-268903304ab8,23352
adc7bcd9-bb20-4e53-8306-24bbe672c609,23352
78f75770-8fe9-4d23-ab79-907c7432e67c,23352
9e0e804b-e503-42f1-854c-0cbdc1449f0c,23352
cc41dcc9-35b6-4d5e-9b5e-9d3e3ee03754,23352
36975882-73ed-416f-aa3d-da9697942f68,23352
6d81c585-78ca-4bf4-b548-b90c907759fe,23352
1ee0711d-d3d3-4ec6-be68-62e96ebc3386,23352
33e9f17e-aba8-49b6-a8e8-00d16eae3464,23352
daca4fff-9c8b-44e4-84c2-3390aac10293,23352
52bbbe44-16c1-4b3e-9beb-a4f05e54f462,69691
8759311a-59cf-4dea-9d9d-2a0e7f57af5b,69691
ebfca78f-f9f0-4d45-9af2-bece29b9cc20,69691
8cfe8432-f312-4615-af4a-bb41551de90f,68720
68d80ae3-8b36-4acf-999e-779c2f7ae138,68720
87817dd6-7a26-49e1-bec7-ed2d1cfec086,68720
b6fab264-dbf2-419d-90d3-25126a9d5ce3,68720
66a2f6d4-ac10-44f9-afa5-bc554aa6b114,68720
8de0dd67-faae-4d9c-8e99-4343412cce80,68720
f9ad5d7a-035e-43b7-8296-f22df4c80fca,68720
5b3b88f5-46ed-460e-a22e-c9fc4fbf9634,68720
7dc78e07-cf99-4eb4-a956-0ae6550d9560,68720
f5958cf4-98b8-4a0e-abb3-ae5d559b1dd7,68720
a50bbc4d-cfa1-4505-8573-4fcafb1646aa,68720
d997a2da-c773-4d89-853c-0b0dcb5117e4,68720
fb662723-3e4e-4de6-9285-91e6a22388e8,68720
140e6fb0-25da-4ef0-9bc5-4ae4d0ff7f1d,68720
9275aeae-a8cb-4e02-b65e-feaf38942e55,68720
916225ea-d577-4823-9825-ddd572648c81,68720
1f6af942-1880-4996-b869-7228bdd67054,68720
21166459-1ac3-4031-8cfd-22d722954c80,68720
5deccb1f-b485-4e47-b210-568798c1047c,68720
5f912c9d-c2de-43ad-b5c3-8b9934a8bac9,68720
d6c3fac6-98ec-41bc-b897-cf1c059ba098,68720
e78b8e48-5b9b-4e8c-bc61-e37efcc30013,68720
b55fcf79-549f-4bc0-bd61-15db66f9d7ad,68720
1e41c27c-1955-48fd-b6d0-5af117f3c3bc,68720
6625a585-5492-4518-965a-7968508b64ac,68720
db332d32-ebfc-49bd-a4c2-b631aa51c717,68720
603fbbf0-7d5e-41ff-b6e1-3dd214ee3c39,68720
c81686ba-c1bb-4831-bc8c-b8d73d88dffa,68720
300cb5c9-b2d0-4518-aa9f-f8478f3e3b93,68720
79755b44-1f94-47aa-bf2f-5543d769fa36,68720
631a8e2c-d907-42de-a084-d80fc0d6bb50,68720
2f9c2e65-2aaf-4096-97b8-5ad9758a229c,68720
541587d2-688a-4616-9423-8c0a8e1026b3,68720
e2c991fd-ba7e-40e5-83b9-de5dd593dc51,68720
569ac0f4-e615-4917-8fb9-fbfaa426c186,68720
a4d8d6a4-7f94-4673-a0b8-9d4987ea35b2,68720
5f601304-e9b6-47e8-ad46-24e89e54fa4f,68720
31ae8305-0d33-4771-b770-f4560c6e3533,68720
d1faf761-b5a3-4c9b-9224-76aa230c9686,68720
bf822db3-0245-450a-9c59-730af1015d92,68720
a47e7fbb-6cad-4a88-b609-f482fb67b956,68720
afed7be3-25f9-46b2-a26c-ea495c500b32,68720
e618a82f-3459-4440-8e2c-3ed5c840417d,68720
d4f7aec7-c4bb-4b4a-9940-4682e5f96e21,68720
be69aa43-e705-4830-9e4d-2ff14b81b608,68720
b0770f0b-798f-452f-88fb-ee7ba122e509,68720
4ac1a00e-1b7e-4f5c-abfc-9e2e43477e8e,68720
d58cce49-cb0c-42cc-afa8-4ad8a7013646,68720
e7cf6b96-b88d-44af-bb95-2893ad2ec466,68720
6273eb00-9f7c-455c-b264-badf3152f2e3,44261
8a8896dd-d9d4-4770-9a84-dcffc96dc008,44261
b915e4ef-1be3-4a75-8153-efbb639e6cf0,44261
26c78e6b-5e76-40b1-ade6-550bac940905,44261
8b7da0bb-dc4a-4935-a37f-2779c69bf6a4,44261
97d087e7-2c82-4db7-8f7f-a8e48e2dc779,44261
92dacaf6-bfa4-41e4-9e34-a3553b278943,44261
30d4c234-5364-4c5b-9c50-0212b5e6b99b,44261
ecdff035-926f-49c5-8e1b-d18c93bb8fc7,44261
a6af69dd-af8a-434c-98ee-2f4e8f73659c,44261
aebba10b-039d-4e88-9b14-fd9f0404bce1,44261
bd880a14-1fa3-49fb-b8d3-0f517d8b2ab5,44261
3458199b-3fa7-47e1-a806-e2fdd31391b1,44261
c319e428-194c-47fa-ab8b-46ef497df0c0,44261
429b90f8-834e-4600-91df-c2e2e7c25f8a,44261
99b2f56a-d652-476e-a7d5-f6ce71dd1d48,44261
e8005845-db26-44de-86f2-a5c97929a1bf,65678
690ed0c7-c477-49ad-b307-139a3ab014d2,65678
e7a00ec1-9a62-463b-bd2e-79d07d3e9ca6,65678
63a93a09-bc4f-4b16-83ac-4169198d3246,65678
c6f3eef1-6d7f-4f9a-b513-96e6baf38a04,65678
5fba94f1-3a9a-419c-8629-6930f7b22437,65678
e1614f01-144c-43f6-b01f-8d7c0065bacf,65678
eb27c69e-1113-4e2e-9d66-7afe1e965d75,65678
3d897805-adab-4730-987d-6a8daa1f3f4a,65678
fc53f7bf-de82-4720-8664-2e86b73c6609,441
3d85fd02-f740-4606-94fd-a3d4ebd775ee,441
a7dcbedb-28ac-4ca9-ae24-e39fc0025617,441
a1afc32a-86ff-4bd7-aa0e-f867b15a50f5,441
d1242f2b-46a6-4c60-b09b-7db2e065de60,441
7afef213-462a-4d4f-af05-c8155cf3d180,441
19d2a1d8-8915-49b8-b09b-e8f58bab8039,441
83f4df54-5d33-4cbb-baa2-44c2b224ac74,441
7bc3f08c-118b-4337-823d-b91e747e7a4c,441
e5a8bee7-597a-4b97-9a15-500baede435d,441
8ff8cfc4-5a05-4361-b255-c59029765ed5,441
0752a048-94f8-435f-9009-f4f6672528a8,441
16d9d73e-193d-427b-a89c-ef693766c6c1,441
1e10e993-688a-4179-8d2f-970e3f0a0a81,441
55ad5af9-4251-4b13-9439-8e2f4e8e0d1d,27027
90ee7306-30b7-46da-8b6f-5bce99d49100,27027
e12ef788-39d2-4ab8-a8c6-5ea3f47b769c,27027
b883ebad-b070-44c7-b864-539c63cabb6c,27027
43062d72-1308-4764-9698-7bf4f33d1230,27027
34de2d63-b133-4e84-bf31-10d93315d3ea,27027
fa951ce2-653f-42fe-ac1f-1f52b5659b5f,27027
358dbd37-3d22-4844-a5cc-36a2a30a1bc9,27027
4ad85af1-1149-414e-86ef-71ab3782af62,27027
7c3956d6-a4ff-4f1e-ab1d-9ab24e93d815,27027
8650d2df-fa61-4f29-b974-323f3f6d3c07,27027
859e9e85-d2aa-4848-baac-f9aed2d25351,27027
2efa1857-7418-473f-8b0b-cfdc95e3eb64,27027
b7679152-291c-4d56-a62d-10da7c6ab244,27027
2095bf66-ca56-4453-93af-4a6d6acbb8df,27027
f6817d8d-55d2-475c-bc50-0c2644920fb0,27027
fdbaa67b-21b9-431d-ac4d-d290f259b3f3,27027
a305b50a-8f8c-4589-965b-089c800a54aa,27027
3aba7032-c34b-4214-a7ae-643323fba923,27027
7c1e50c9-b801-4dd9-942d-98c22b93fc8d,27027
e29eb940-eaec-4bab-b0d0-13367b3c6296,27027
2aef13df-a08a-41fa-9a56-69e2fab5c12f,38481
d52f0c37-d0f0-443a-9f1a-212e5204b204,38481
003ec961-3b53-499e-aab3-24c0da16e6b8,38481
721b5bb7-3bea-4e95-b093-f9e7dbd7a80e,3395
73322067-c79e-4832-9056-767f44cfdfd7,3395
59639865-0f10-413c-9817-f5d99aa2e031,3395
f021fa72-f2d7-4fe9-9906-22be98b516f0,3395
3e3eb414-1bae-4dd0-8989-7102808fbebf,3395
5a27a156-2037-4c75-b275-7c196cdbb862,3395
025506e5-6371-4e08-a236-073054e99a35,3395
087c5c35-6464-4408-b465-60613cc57826,3395
2acfd98f-c499-4bce-bbb0-f0308c4d1806,3395
d0e3410c-35e4-4c4d-830a-a35147632007,3395
682a81c9-6db2-432a-aee9-7c4bb5d3a525,3395
e536cae5-06d6-489f-b2db-2893cf24161c,3395
516bb2f1-39a1-495e-af17-131560e15229,3395
d2e471fd-3c4d-4646-bf9d-c2ea7a63c291,3395
adf76df9-258f-4960-95a4-e11b9643e851,3395
d66ec418-5edf-4b72-9dfd-8ddd0c6456e7,26124
19b44de1-457a-467b-acfe-7aa123add4e3,26124
7457886d-9347-4995-8b58-16bca27cfbe3,26124
8cb0bc84-ec4f-4a2f-a9fd-18ddefbca2af,26124
47726189-b4e5-4130-aaa0-d8d886a97fa6,86651
cd8b99d9-a8e6-46d6-8e7a-26d758fc0425,86651
0970a4ba-3d09-4462-bcaf-01ef61145add,86651
8121859e-07b7-414e-8fe7-a9f6f128ac22,86651
c7d9e34a-0bde-4414-9ac5-d12877384341,86651
7fb99651-9bbe-4da3-9585-df5d83266e65,86651
67d37c70-eb47-4bcc-9dee-2f7950498dfa,86651
2f76c83d-1896-4c0f-a85f-352df3d26591,86651
495f16fd-3b8b-4cbd-8d96-e774c1c5be5d,86651
6ad37eaf-36ad-453f-a712-8210f9e815ae,86651
7ef48fe0-5bdd-4b22-b4bc-d497af2b442e,86651
b8a849b6-7262-4f55-9963-f636dc6952b4,86651
ca1a0d4c-3868-4b02-bf0d-b73b3fb7760a,86651
6d42ba90-7b93-4d03-828f-f3a606f56de5,86651
fd908a38-8313-4600-8a2d-8067ebf18692,86651
29edf87c-21e3-4c82-8952-53a3e1aa2cc1,86651
5e3a394e-0ff8-4c46-8e1a-2470db934d2c,86651
595b4dfd-9838-4209-a33d-8681468e14a8,86651
82775cc0-8913-484c-8e2c-ebbc6a279c3f,47618
c9b39503-a1aa-49f7-851a-856d7ac3fb9c,47618
d7fc914f-fe9a-42f8-8095-2f94fd8832c4,47618
17583dde-5339-4bf0-a6bc-47bfb96437a8,47618
02effc68-5094-42b4-96a2-187e900f6f12,47618
fd26935c-6d48-4090-86cb-07b4da1fc8b3,47618
98c6201d-ce6f-4ca3-aeef-0c487a3cd916,47618
ee881256-f935-477b-8109-37e627c1a1ce,47618
ce04f8bf-afd0-49e5-910a-b2ab24a9d08e,47618
cc217820-4795-4b30-9c0b-f1d29b626da2,47618
7829e83d-703f-4156-88e2-9b6156499179,47618
6d2346df-3847-4947-953b-a0e112c5b397,47618
1fcf4e1a-ca60-429b-9a4b-9f14da1ff252,47618
0abd31ee-3433-4dc3-a59b-d491d2d44160,47618
8b78b3c9-e976-449c-a937-64b3104d0e9e,47618
b089c8ab-fb7e-4de1-85f7-98b5d4786041,47618
f4b3a794-eb6c-400f-9f18-54c5d0cb031d,47618
ea6f1cdc-48ea-4fd3-a83b-e1c15c112c46,47618
a2b22e99-231d-4aeb-9b49-8e87d7484579,47618
049a0a51-6cf6-45d0-90f9-81d1d8c76447,47618
12ff88f5-9fec-48c0-ae24-c35fbe7a4c57,108
9d6e2435-048b-4927-980f-2b23b677e11b,108
2e88e6a3-7acb-4b48-bc3f-678f1ea7dd77,108
575e9dbe-65b9-4c0d-bffd-baa5c423fff6,108
5553beb6-2e75-4114-a345-0eba965f542b,108
afb96769-1544-42e2-acc7-cc3b3b5f6ee2,108
f19b0ef9-98c5-4756-8556-71eca82ab60a,108
3b7d0179-35be-41e1-b366-0f281143987e,12686
acfc6f37-fd1d-4c76-bd69-74746c166686,12686
cf15791a-cf12-4e49-ac41-0440a35cd3df,12686
d86ee72f-99f5-43d8-9e6b-4409010a8b25,12686
938e417b-b829-4612-bbf4-b445b6103c17,12686
4e8cfdf0-5896-4644-94e9-dcdc5b6ab762,72833
901c7da8-36da-40cf-a26b-bb481309136a,81464
5a756c14-c7f0-4a63-a9c7-ad53a6e99423,81464
48f1375e-7949-4923-80c7-220a2a3646e6,81464
bb7e582b-7067-43d3-b991-af36d4f67239,81464
479a41ee-8c6d-4cc9-8004-ac80e78835a9,81464
6f5164e4-b6dc-441a-97e9-8c45acc37c79,81464
54f79c5f-b4d7-4446-845a-853a524f7889,81464
890ab618-dcd1-4ab8-8028-2b39019d4ae4,81464
d93a1b3d-6f5d-4809-93e4-8b88658283c6,81464
dcc0c8ff-1be9-4728-b3ce-882ca7051ffc,81464
d0a24f0d-6364-4999-89fb-ecbb6a3fc1d8,81464
755654ef-0be9-4cd4-b0b5-ce4c72fd77b4,81464
55976791-7acc-4591-8e61-fd6acb1eacb4,81464
fc8ca1a9-67cf-44be-9a32-4c49758bf788,81464
c1fbc32b-c64c-4417-ab97-d8b72a5fd729,81464
40f79a0c-7551-45e3-a66a-bf91274d62bd,26284
c8041480-7f6c-41e4-8361-876f76af060e,71139
8f39b4ba-d01f-42cc-92c0-aada5538e677,36085
c824d6bf-2d9a-46dc-8cf9-87231dd3cf84,71002
e63761ce-37d8-4490-8469-0a31ff3165a7,71002
dee3777f-57c6-4760-bc18-bc5e843a0b6d,71002
f0b8fc0c-5532-4e91-bc6f-12a79aef804b,71002
9fc26538-cb3c-4059-b2cf-4830a6ccdb62,71002
ab2d4da6-d7c8-430c-b2d3-aff0095e506c,71002
2bb38e4a-8351-483a-ad70-38107004aab2,71002
f460de32-6c6e-4a61-96e0-f206e18feaff,71002
0c94a09b-9598-45c2-a9d8-5d8e8ac4618e,71002
3aefdaeb-8e34-47ef-92c9-46586f4bb8f0,71002
f7dcc29c-f2b9-4c02-9a3e-a963f7aab149,71002
97547c5e-357a-4d6d-9487-211b61364f12,71002
c0c5ec40-0ea8-4a56-a6e8-9ea97a6f2979,71002
82200b08-c314-4a35-be3f-4d88b4888053,71002
d8ec76d5-c451-4487-9145-8f412ed5958d,71002
8248c93d-7eb0-4aa4-aad8-0f4b17315200,71002
f4fcbdec-abd5-4314-9fa8-d85bf00b6686,71002
c74c72a0-e369-4450-a30d-9f83d12770b4,71002
7e8b2a7c-c72c-4717-a97a-a91f7b2167f7,71002
45ba04e0-b2b9-4cea-ac7e-8240f1d63cc0,71002
4bb812fb-0656-4129-81b0-01c1a4391564,71002
3b810950-38e3-49cd-b88d-83e895e87146,71002
e101db56-34d9-4f7b-97d7-479a67d2a7c7,71002
18b20cac-0ed4-46d7-b43f-5de4a3b22330,71002
258d9ffc-4912-4169-a5c5-f350e5f946ce,71002
945eadb8-442d-43f4-991e-99ef23ba3e1b,71002
0c443bd9-c388-4b1d-af2d-151a6a38068b,71002
6be0c6b8-d91d-4669-aa66-c31490c5e0fc,71002
06d1331a-abce-4fc1-8535-e5d530561323,71002
e8fcc05c-b70c-4932-9bad-fd2c52bb1191,71002
d2716c1d-e47b-4d58-a004-784b816093c9,71002
6941c4ac-b179-46a1-873a-3011cfd952d3,71002
6858c927-5b14-499c-98e0-430f4b11c8e7,71002
554edb77-f978-4a49-b973-eb2258425358,71002
a609cc46-31c4-453a-bb0b-20bd08f852f9,71002
6e56385a-62f4-4313-a04a-24c597e12686,71002
7fe729ec-033b-4279-aa5e-0d33cf0c10ea,71002
c8cb4442-810d-4ed9-a5c8-8d3a41a50489,71002
c38e3752-8311-4c71-8cd1-01de5b1a06af,71002
587d05c7-fd5d-4a20-9c29-791cd6bd19af,71002
a5854694-a68c-437a-a883-0f8186f2922f,71002
0a9ad1ab-5496-4314-9dcd-a69a3f4a73d3,71002
f71c9e90-9584-4a55-b294-f123003b9bd5,71002
805b97e8-b223-41a0-9df9-6e3771a1822c,71002
36d3e109-4d86-4a3d-90e7-0ad6be7d876b,71002
0b3d9ee5-de4c-4c46-897f-cad76716f960,71002
43f9454c-9cd2-4e79-afb6-a1f5b821a658,71002
b8a34efa-c61c-4f7d-bc4e-961c1ea8bb24,71002
483c67d0-4701-41ac-8b41-51e591f41fd6,71002
8c14cdd7-2fb2-4341-b633-da9588830b69,71002
dd710ec7-04b8-4567-af3c-f14ac3da75a9,71002
b0c38ef3-c0e7-4923-b8de-27bcf749ae7b,71002
64422d3b-9ae5-4016-8421-c19af066e15a,71002
df662b76-4420-4e73-8d0a-b2869c876834,71002
fad8846f-1815-46c3-9177-db799d693209,71002
e023a5e6-87e7-486d-ac45-cfc2ad318fa1,71002
37f4425e-a2bd-4b8b-8664-37354679fe33,71002
905ccdf9-2ffc-4056-bc9e-0d0cc9f68f0f,71002
204a7472-e212-4ffb-a220-a5c62dafdacf,71002
ab897f4d-ca4f-46e5-b346-04cbb6c1d2a4,71002
f75b37b8-5c6d-4767-a942-118da52d4890,71002
3fa12654-8bbf-4ab8-8ce8-b9f84910f47d,71002
18c1f1ad-17e1-4e92-bc9e-ceab6e73347f,71002
bb17c3e1-f4c8-4c4c-90ca-002cbcfa3707,71002
2dc3c8b2-9cb3-4862-b502-121af307a089,92528
43b695c0-937e-4e66-813c-098e847c5849,92528
e6753737-a7e5-486c-b4e4-c2fcc8ba8359,92528
9e43762d-e069-44b5-a108-0c5864926c24,92528
912e9802-97a5-4c7f-a744-752d285fffa2,92528
1254b647-afcc-48e6-baa0-cde36538296d,92528
f5d28719-0d26-4868-b7a7-51bf9c7fb4e8,92528
1e942456-b7e1-4ea6-b9b4-aa7b1109a8c9,92528
5c431ce5-6b07-4d7a-9bb5-4a0ad1f7df2c,92528
f1a3add2-36e9-4845-aa8a-5645e900675e,92528
ac76f6be-9127-4b34-ba9e-4278e3ad8e64,92528
8b13138d-67d4-4be2-85b2-4a7b5375af05,92528
78ec8e35-81f4-4149-8253-47ac4f996281,92528
5e663a7e-0b12-4c04-aec6-94a3192cfb55,92528
9e93d2f9-4503-437d-9395-eb5410a05acc,92528
100efce9-7e71-4833-8dc5-50c4c6c4e683,92528
fee71872-19bc-497c-b1b6-fb61d29d6576,58419
0c3b68c7-3375-4bd7-b6cc-baf40f3ed9b8,58419
6aeee1d9-af01-4554-8526-3330626fc67a,58419
2a213aab-6244-4540-b211-fcd052c0da8c,58419
41294b67-063d-47ae-893a-aaf5c05372d7,58419
329ac8f5-810f-47b0-bc26-41b0f7693042,58419
accc82ae-e050-491e-9018-b29d0e2cf87c,58419
1216351e-f106-455c-98ca-6f8567bf5e93,58419
68396736-53c4-4b91-b6c6-f3dbb8adb1d7,58419
a6ce36ce-13b3-4f4b-9d62-30160bbbe819,58419
cbf0d9d1-d6e0-4a1f-983c-6fcd1e5156da,58419
b3f41906-ffee-454f-8b9c-c1e848f3502a,58419
75c2723d-395b-45ae-b8df-f6e4b73835b1,58419
5a03d08f-74bf-453f-a52b-440c4e1b5cd7,58419
cc31dd35-3bf9-4a99-b09f-2172a2194855,58419
39736e3a-924a-4839-be77-6666b132ce6c,85542
3e682a6f-71d3-4804-9382-e1ca579fbedb,85542
8fe99198-fabb-41cb-b022-c0d9bec7321a,85542
6abdf8ba-fa55-4c94-8578-a1a3aa10d403,95116
42301d5b-b158-4517-aff2-5fa7fe2c5ba2,95116
39b6c0e0-1468-4d56-b9a3-66a245c875ee,95116
8d3d2642-682c-40f6-b703-63d86f76da17,95116
cdbfdd3c-14eb-4465-959e-4f6bc736fe21,95116
8ef29824-c799-43c0-84af-64969ea308bf,95116
0db14375-af48-46d2-a3b0-498b72c9e0b4,95116
e5bc3f92-0f11-4a20-a71a-764e2154bc68,95116
2b0a9187-0ee7-4bd5-a9ff-1fb04d7e4a35,95116
7ee8c706-b277-4b60-8960-e772e4648ec5,95116
bbdd9771-61d7-4700-9631-8ed572e4ab6c,95116
d2ea934c-3b5a-4f84-9c2e-259bd9c54d54,95116
58e372a9-ded8-40f0-9a0e-150319ab4d7c,95116
e2d9cf7a-41ff-480d-ad5d-770d8f6fb5ea,95116
130f905e-5f3b-4393-9e90-42f2257ace72,95116
e58f8cac-5037-407b-b7cb-38be6c2dcaee,95116
7b2982d4-9413-4c51-8987-46899205f1f6,95116
3641c86c-837d-4194-9055-64263829e5b0,95116
1b3332fe-0962-4579-b453-7ff97cc9e182,95116
a8dfb818-9758-466c-94ad-0f7e01cb18cd,95116
ee2da961-f69a-4943-816d-735b573fe36e,95116
95c60e6b-48c1-4dd1-b580-c7af64888e90,95116
6f0d8ee0-aa13-41e0-97ed-3bfb149fd73c,95116
8ff418fd-4340-43c2-a369-09fd830e7b26,95116
985d49af-0a16-49aa-b15e-8aa8ffc05e30,95116
fefb1ffa-9ea7-4354-b1f2-de5e56180114,67770
acd65032-737f-4024-88dc-e8c16bbcf899,67770
652c3834-4b7d-4fb2-97de-c18de01cfa5d,67770
9adba2fd-c118-42e5-9631-f841d9174b91,67770
b34184cb-73c1-48ae-afe6-87b8bda578c8,67770
f9f7d46d-c636-401e-86bd-deaa0f0e3ce3,67770
98958771-7056-4593-961e-39375bdfef92,67770
e788b9ec-346d-4ddc-ab24-b358452bce74,67770
a0c3228b-2bd7-4252-8b67-46512fa0f7d7,67770
f078ee90-bb35-4faf-b630-dba2209c3ede,67770
1b48251b-6631-46f9-a6cb-63b02d4c6f37,67770
a8062797-2637-4360-9ec0-688f38698a3a,67770
074325ed-76bf-43cd-86ea-9524c4cdba0f,67770
fde9feb5-6cae-499f-a841-de983d2072e5,67770
45b4384c-2650-479e-b519-c43fcb39b76a,67770
2b173859-fc09-48f3-b0a2-3ec74888b7bd,67029
1bd32972-ef39-41fc-a539-ca7429cb029c,67029
b1b5f837-81c1-4a87-8922-686f590a7a0b,67029
a978b7a4-053c-459e-b35d-308d2bb43d58,67029
e61e7035-5d2e-45c5-8f54-dce0e3f1a114,67029
b57d7411-99b8-480d-a216-45d084cfd6e2,67029
eef80ce5-b3b0-4f38-b9e4-057276d901a1,91207
e6059ced-7389-4854-9d3f-8b99c6736a77,91207
07d92d67-0639-4453-a43d-a088c81cede1,91207
48bb0e55-b529-4d60-af49-156eb137fd3d,91207
45c306cd-419a-4c95-bb43-01d0ccffb587,91207
d7fbf244-f1d5-4ae1-81d7-0ea3138a97c4,91207
6b6915a2-4a45-4ecc-8d06-5de02f06f153,91207
7292e0bc-dac7-4e28-b852-b1cd97bf286a,91207
5560e1e3-d0c6-43c2-a353-679b272b29fc,91207
e8f15987-07ba-4796-b17e-bb894abd6aee,91207
68fedbb6-8fe9-4b0c-bd1a-a07f0d132d30,71689
084cc89c-73d7-4301-870a-ea3acbf06a25,71689
9440805a-6baf-4c21-86d3-7d8095ca4cbf,77659
034adad7-a6de-47e4-ba00-d6c0c46712e6,77659
b0717beb-b353-4fd4-8575-af359e7530d6,77659
f79c4317-c113-4c93-a667-4568ac6b7c0b,77659
67c0b21f-b87b-4a36-a6b6-0843e67341a4,77659
5b716ebd-6960-4be8-bd05-5ff88cd26fd7,66949
fe9ec7ef-11d1-4a58-a40e-5ca4088e108c,66949
b04bcc25-1b82-4017-a30b-a9a13910da70,66949
66a157a2-eaa0-4484-81f0-72842ae9aeb0,77659
265ef34d-17bc-41e1-b97e-43c9182d7bf3,77659
26408bf9-24dc-46b6-8535-e17e141397c5,77659
15293d14-d9ae-4219-b775-81dda0232529,77659
c93786e3-0660-4b13-99fa-407b597fb2b2,77659
4328cfcc-33e4-4a91-995d-16d969e1517e,77659
12b43dec-5711-42c2-b481-42f15029d790,77659
6769b598-2559-4c10-8a66-57b2aa6adc94,66949
525e2e31-ca34-41ed-bee7-1f93ecfee2b3,66949
72bda59d-f6ee-4f3a-bae6-88d3cc3960f2,66949
5fc6ccb4-7b45-4d81-854a-cf616bc55f38,66949
8e8f4591-9add-437d-b286-3b3b553109be,66949
e265d0e9-3d65-408e-bfe1-20bdf984e37b,66949
b9ffb4c6-a73b-42cd-a484-77dcfa218b67,66949
549cf77f-8f23-48e7-8b70-6920c2d63e63,66949
936ce245-315c-4f8e-9b16-4848c907637d,66949
abafcccc-e08f-40e6-aa2c-1c6d69b54716,66949
f575d954-7a74-4be9-b9f7-bf3253c8be5e,66949
027f6816-6f80-4eb8-b3e2-5324325012e8,66949
1d6f30d3-d5e9-4025-9b83-4fd81d4b1a04,66949
e0114a90-18cc-4169-8e7e-7b4a1215cfc3,66949
605c7721-6b66-4884-b472-fee02b349604,66949
b4f0e13c-8c33-4e3d-8549-bc90a2e271ca,66949
3be83909-0ec7-47ab-a05a-03159616c61d,66949
ca6894b8-d1df-4d03-929b-96fb8e03ecc1,66949
11518532-4f06-4cb5-873d-0ee5590fbd42,66949
1f3ebc3b-3880-44d0-8a69-a4e854770641,66949
8878d09e-d8b4-4fbb-8802-eb61c29db0f0,66949
d656514d-8aed-4a43-a494-7f9936ed6783,66949
534120e9-fa8f-45f2-8c3b-d3d060623b34,66949
8d05a9b0-a383-4090-865c-c4d9fb442ec3,66949
aa06ca0e-45ee-410d-a5ff-a50cf6fd5e16,66949
ee5525bb-c0d7-4a46-adfa-a419b398cd17,66949
98c3ad35-917f-48d2-84af-15e2556d5aad,66949
757175f9-22b1-4f01-9ddb-de2ec68f07b3,66949
de6bed16-02b1-454b-8d21-abf1f41c88be,66949
9b18b35d-7260-4df7-8009-8472fd0f28b1,66949
30cd2531-26e4-4750-a8d3-e6b53db3df66,66949
365d0f55-e2ce-47b8-a45f-a6fbc2592ba6,66949
844fd717-f0a0-4ea5-954b-581fde174429,66949
0ee59529-c259-46de-a843-11f90628d3fe,66949
33ee7e25-c5fa-4218-8048-4be14086ff5d,66949
c794f13d-9177-4648-aea5-a32fc23dec95,66949
298d04ab-424e-45b1-99f9-0285601ab5d6,66949
246b85a4-cb98-4eac-83fa-ab02bae565d9,66949
764cd5a2-0807-4329-a472-e177543576bc,66949
384984c3-d884-422f-8530-57195d1db1cc,66949
241bf9f1-6e87-45bf-a01d-173349b43cd9,66949
dec6f753-d998-491d-85cb-b821590167d1,66949
95bd15cc-f63d-41eb-9db5-1eb3a6fb5d01,66949
1f666bbd-1813-4ec1-9046-837399313b3c,66949
5cd0bd41-794f-4eb2-bff2-4d4e59c0e344,66949
e4c84ea3-4aac-426c-b739-1e606747d677,66949
47df4f6b-ea6b-46e9-940d-c01df97d1b3f,66949
04e76535-256a-42c5-bbf5-52443ef27f1c,66949
3da89650-6329-49d6-8e5a-bc5a38cb0862,66949
ce1684b3-25d6-415b-9bdc-bd3a1c112f7a,66949
18a79b9a-ad5e-497e-a09f-5d6b054f4f39,66949
fe4756b3-1f56-4886-9c41-7c124d33db85,66949
993f7e9f-fa59-418b-b846-d95ef8d3750d,66949
73e70c14-ac1e-406a-9593-f3faaffd2ee8,66949
de855bd6-7015-4e85-b4fd-a996f9ada452,66949
a49eb6cb-001c-4667-b375-e505c0b59deb,66949
4126092a-c8c3-411e-98d6-e7760e5d4fea,66949
beeae597-4331-40c5-86b4-128745ff2667,66949
72f87e9d-1c73-4fd4-9f6a-49ebf791b286,66949
d228664a-a245-42af-98a5-748bb523607f,66949
b0cb740b-4ed0-47ec-8720-878ead0e2ea2,66949
102cbe53-86d6-4a98-9291-f0296bd86cd0,66949
f74a384c-57f5-440d-a469-52b9bf3b7bb4,66949
b9cad08b-79c3-4567-bdeb-b0f6c48966fa,66949
631a5327-4dc5-4d3e-af8b-ee17b79c8e72,66949
a7be9f3c-0ad7-49f9-89c8-418a70889f39,66949
f15b94b3-5d13-4482-816d-23da0772881e,66949
4f0795d2-8807-4784-83f8-34fe733797d2,66949
94e43eda-7e29-4320-a251-43bc9f97d995,66949
959274fe-81c0-4e9e-a920-f7f772be0778,66949
f4efc8e6-ad43-4d44-8941-cc46e7e6cbc5,66949
11cfad46-e673-455e-8923-08c11ddf8648,75798
6e9ca838-fee0-415d-bed7-06e162f63b52,30835
9ea6ad17-90c9-4b45-a9f7-90a0ef0e0268,15449
7765d0cb-688c-4ea9-8c86-359db7968192,15449
3bb4697c-34cb-4366-9aec-f379ae1d1d64,15449
b2d71f6f-9285-4a76-b6b3-1c0dfc3259a3,15449
f39e5b31-2e59-4a68-9a89-b32317837162,79634
0d7647bc-268c-40b2-92b5-cf0ff864d509,79634
8f920b6c-9e26-476e-9578-58f2b37f3200,79634
4e68cc18-e42a-4d4a-b964-ee2531f6276a,79634
c094e2ef-ec4c-4a68-a495-37b36878d0b9,79634
e6a6334c-ac15-4106-aa25-0a37ff9af98f,79634
c1535629-5369-416c-8f68-b125e7b9c7de,79634
dabd5aae-d196-4e9a-bbf2-87bc668eaa92,79634
7b4a3ca5-d23f-435e-b7cf-7e7b808a024b,79634
429e087a-5918-45aa-b88c-b7f969f1b851,79634
9319387d-c6d0-4fbb-80a9-e002b0e51d4b,79634
5a4cf0f4-7759-4948-a935-1c4cf04d1b21,79634
b33e847f-4e6b-46c9-831e-9003214aed0b,79634
4b37d20c-31b2-41f8-888d-bbda90470efc,79634
de8b7d4c-469e-4efe-8c59-44b48263f5f8,79634
c1b75b30-993e-46b1-a284-71f8dd6e87f0,79634
7acf065c-20dc-4120-8e65-7f0f0512cdba,79634
1c0be25c-0462-40dc-96dc-05e09f3233af,79634
7ab1f350-2299-416f-9f25-5f6633cfef0d,79634
0f904f36-5f78-4c9e-9923-dfeeaa9d969d,79634
2e2457a6-f4d6-47ef-b26e-4f32c687e253,79634
78a4ab09-f4de-491e-9b0c-be26461f6b5b,79634
6700c623-8d2c-4a5f-8447-6042faf81171,79634
691df71e-2520-48b1-9581-55da481fd7af,79634
43a0bc3e-f9e6-4447-b1ab-a02f832b23d4,79634
023c6a0f-a4ac-4c90-a46b-66e8ae0fb1a0,79634
e27dff71-ac9b-499c-ab8e-d6e9c0a9abfc,79634
b94b705a-8a29-4258-bf40-7637b7bb621a,79634
0787db55-0547-42d5-97f9-25afa8e93a5c,79634
7bb49d9e-1f81-4b84-9ae4-62cbdb466c4f,79634
994166c2-2cf1-44ad-bf97-fd2cd2e71bf1,79634
94f9e690-cb0d-4049-99d5-44224bdd6ae6,79634
e9b5a767-3995-44bf-97d2-89b481fd9f31,79634
64a7c742-9dc2-4dca-9162-647ff12d0169,79634
0cf99c8e-f873-48f5-b7e7-b8c7cd91b413,79634
80980f4b-35f7-4c23-b730-5c01e5dec23e,79634
c100f593-d288-4313-880d-e596413c72fd,79634
112ff74f-8b1c-4637-9f08-6c9700bd05ef,79634
37e1cc42-5081-4b36-b06b-f3b36d92a0c0,30222
16d76182-825a-4015-a92e-56cf16160abc,30222
b173c42f-a0c1-49f0-868d-c56d8eb1c5f5,30222
30454a8a-ff3b-4098-b5b1-69241b4e6643,30222
8ca741e2-18af-4bf9-9eef-a4e30da6cf29,30222
26db7d6b-0745-42f0-bb59-16e3259eb587,30222
0c357fba-6283-4340-b2f8-c3b25c5fad6a,30222
a322b6fa-763b-49c2-abce-8d85bc2938ef,30222
a6de05d5-d0c8-4f22-bd90-157d328626e2,30222
66a88b77-6679-43e8-b230-ba429af4307d,30222
93e26bcb-98e2-4a87-8b14-06b637138386,30222
cc21766e-e0c0-4628-b66e-eaed5cc16973,30222
b5c6d087-5fda-496d-8500-43a7e7c9cf8f,30222
8c97498a-d267-4939-8b85-fc7d3e5e048e,30222
67e218f1-1fb1-4e05-b9d1-d43871c60d03,30222
045188d5-6b9f-4b7d-9903-27695b14bde7,30222
ad41b8c0-618e-40ae-8dd9-11371e181629,30222
eff65ca8-a32d-4f5f-968a-d27476bde943,30222
e14385da-4478-4a35-8623-9a20a5e95cca,30222
71459ced-0409-45a0-a865-55ef51dfd3d5,30222
0d7fcb1a-7f21-4141-918b-76d7f4ee9c55,30222
2a9c0513-2762-4534-ac44-98d0e04cfbab,30222
0f6ed14a-39fc-4d24-8c5b-9a97d4cc8cf3,30222
0cffdc9e-b680-451c-871b-dda99f81fb38,30222
b0c9988e-3302-425f-81ef-2bd3f813d9a7,30222
da6d3999-eaa8-4979-8cd4-31ea09ecd085,30222
56bfe278-dfba-4b85-90a5-4837f639361b,30222
be9c8d90-b27c-4e61-8c38-3001ff854e3c,84286
60eedca0-741c-4ad0-95a3-24f864cb3012,84286
81411c0b-c5a6-4fb5-bf8e-64d28b8695a4,84286
a79e7062-99ab-4e8a-aa28-b60484666708,84286
b315680c-049e-45d4-9023-e63421fa949b,84286
205ee85f-b6ca-4b85-bd58-9553e7c35e47,84286
7d5e899d-620c-4317-97ef-fd8513e359f4,84286
3c012946-2929-4aed-83a0-a29236ae4e09,84286
752bc500-6d5b-4ded-8e20-443b5124395f,84286
51f8466b-b4b8-47eb-8bfe-77adc6d2fea8,84286
e29be054-e160-4550-b2aa-d9bb0f1924e4,84286
ef1db41d-af67-4f1d-8b1a-e464e4cef171,49973
f7470ef1-98fb-4687-9472-62e8752fc2de,49973
71735744-d919-4fa8-9739-d648b306b09f,66827
7afca70b-50ce-410e-8470-b4d918fd3d5e,66827
0c01f55d-796c-4d89-a575-8e821a03b215,66827
d75739d1-3522-43a7-b98f-e94248bd5474,66827
abfb69ed-a810-4843-b3c8-9de32d2927eb,66827
ce39d25f-f0d7-4528-a981-7f0fe89e7f3f,66827
a8a80327-b946-4bf6-b99d-ccdc8c129ed6,30232
136862d4-adbf-4b12-aeb9-c6bae319c435,34481
e9d278bf-1ac0-4c66-af34-a9e45db3cd84,79103
1f5def8b-0c57-4135-bc5c-99c3e754b0dd,79103
51e7f537-fb54-4cc3-8933-773878c5dede,79103
1bfe1630-36c6-40aa-97b6-1fcf98a80c3c,79103
eb9d20a4-ad3b-4202-afd1-2bfbafcc764b,79103
5d6e2fc8-ab41-48a7-b6d0-a26fabf6bf81,79103
99447694-f42d-4d49-81b6-e8f562a4933c,79103
107dd0a4-8864-4b59-bac0-eab5d03b7c6b,79103
87d37eaf-4a1c-49a1-b7f6-1113d75dd03d,79103
58be0fa6-5463-4d9b-ac8e-748c853c2d4b,79103
56585de5-762a-46b8-9ce1-5caf7956cb50,79103
cfc63f4c-d717-4e35-b138-9e3aec7557d1,79103
48f1e0f0-84cc-4f60-8a13-083b248b6a54,79103
a7b94695-f17b-4af3-ad1b-40b900eff424,79103
b8a6d0c7-13a5-40aa-92a0-d6c2cc6a610f,79103
dfccad76-2223-4ee7-adc0-edb84f8c7fe4,79103
dd27f330-60af-4284-bb34-81a33597e9e6,79103
9ef80717-5093-4f03-ba02-c10cb4f03b2c,79103
f8d904c1-1c03-4e35-ad1a-03edeabb7941,79103
fa254f0b-79de-4be8-ab58-db0b397b7dd6,79103
c1dd771b-4903-4f0b-bb8a-c07efa2ffddc,79103
463a45b9-365d-4802-a762-542759302d87,79103
10aa9331-455e-45c5-8710-5121463160c1,79103
a9776120-baec-4213-b5f1-031791972bad,79103
0c5414b0-30e5-423c-90eb-ac8a372748cb,79103
0685e91b-ce4c-44a8-aeb0-0fa06392c939,79103
349abe1b-ef6e-4aaa-9681-904204bec29b,79103
fc50fb70-9275-442d-837c-625292d6a467,79103
71709c22-bf1f-42b5-a1a2-81f47fe6d5ba,79103
2dc2516b-11d1-4dc6-8e96-de2e32e95f31,79103
a36b93c4-06b6-4b7e-bbdd-23d399c21c77,79103
1999b597-839f-424a-b09c-b36e70656236,79103
c5199c35-e8b8-4bc6-b871-afba0d1de4d2,79103
46828763-73d8-4f27-95ba-c6e856482e2a,79103
aab701f4-5bb2-4e7d-bb01-80a600e3c6c3,79103
eca20b91-a830-434f-8e56-320dd8e3f08d,79103
74085df8-cf7c-40de-87c5-2c33c14f8e5c,79103
2bc61ebc-a3e2-4e82-bae1-833f04aa6fdd,79103
589fda47-fe38-44ae-9332-5d2180c2f585,79103
7b61644a-2ce1-46b9-8164-bfb5235431ad,79103
7e40690f-fca9-4f02-9623-781b312afe17,79103
7fef97a2-f9dc-47c6-b878-3c80bba3a720,79103
c8cb1578-3442-4b33-84aa-8eeb24f0dba3,79103
7f7ae949-425d-42a7-9c3d-7d9253b09333,79103
3398633d-3319-46e1-845c-4a8ab1fcf6f6,79103
a7e2afce-fcf1-48b3-8287-237b61d8e095,79103
155be2b2-45ad-48b1-b483-220449cc31c2,79103
d9ca07c5-a85a-4dc9-99bd-ec04d6de8e05,79103
1a4b1276-3bfb-4b86-bdae-b0d5a6c09eed,79103
392eebef-0f9f-4f76-841f-4d3077579873,79103
d2b7120a-563e-49d6-86b0-c2a5745d9b6a,79103
3c147dc7-5986-4246-b24b-c01b5a2bd3b8,79103
4578100d-832d-4d40-8b95-433b774482b3,79103
f47c21ed-69d5-4c36-9b70-31728ef8b27d,79103
91859e5e-64d4-4dc7-8ad3-a237bde0638d,79103
73e53b50-de10-4cef-90a6-ef8cbc536f0f,79103
78326f93-10da-4d6c-aa63-263302df02f9,79103
fea3508c-5a7f-4939-b90c-c11312392b81,79103
33c28a72-4c4f-4d6b-88c4-577835805358,79103
f4350637-7f53-426b-8cbb-e33c5dad78ae,79103
23ee7146-254c-4c57-8c9c-4aa4cc9c0a9a,79103
937ae1d2-dbc4-4dc5-be9a-83944f07a5a4,11782
a391fc52-6043-4e6b-9eff-fb9e2a693a2d,34388
e88af90c-6fa4-411c-8e3c-8ec125c4ae8b,34388
2e720009-ad53-49e3-bd23-3924f9b41839,34388
5eab1fe2-dbc9-4350-930e-8b4b9c792dbe,34388
a77c663c-d3e2-41f0-99a5-0f28e486c98d,34388
aa8d1db7-c58f-4e4b-a424-961860f0886a,52714
5bfbc13d-9007-437e-8e10-b35d31829755,52714
4cbc605b-2036-4cd6-9324-31eb5eecd064,52714
30a33757-f010-42fd-ac6a-28e56e55513d,52714
e80e8fd2-a240-405a-bffa-eee97e1e6f51,52714
dc103f4d-0b63-444d-bb0a-0b5d942a1641,52714
f080a669-d039-4ace-87d1-9580d4c4d641,52714
63805176-22d9-43bf-b289-8d7631cb993d,52714
a2ef0053-cf10-4146-b49e-a80e8627559d,52714
27f9c219-50f1-40ee-9462-b14fbaa396c2,52714
5707e3ef-9597-4f37-9a19-0cfc622769c7,52714
03f71d22-febf-4605-a4c6-f5fd607d41aa,52714
d0719474-4af7-44fb-8ed4-fb9d5d97e479,52714
9d1533ca-4f22-4e4f-8853-cc726fa4dc03,52714
055e609d-589e-4f64-9f04-956472922971,52714
781daae9-452e-414c-a249-02c0a021579b,52714
3286afad-91a8-4bda-9c87-46aef24ee2dd,52714
d4224863-2ba7-42f9-bb56-54beece02554,52714
41d41046-40c6-4805-b55d-d26e9094cc52,52714
1ef41b83-30a6-4afb-b92a-1bacf9cd7ec2,52714
8031a556-bb1c-4f86-ab03-41cb1d2f2a63,52714
f823d4f6-83c7-46f8-bf65-511499b639dc,52714
bddd53ae-832e-40ce-ad10-6fc09c8ccfb9,52714
b47864e0-e053-48b0-8c57-c7a05e4cbe89,52714
f4ec42bf-0125-4074-a6fb-cfe9f796bdbd,52714
31167a16-eff4-4e1a-b3bb-d2f46cf4bfbf,52714
a742a7e3-4267-4aab-a58a-212ef4e49e92,52714
e8723980-7ea3-4d20-823c-e1002d1646ef,52714
33ff61e5-b908-4165-8e0d-4c07d4a6d8e3,52714
4af56fe6-bc2b-4446-8448-7757abef7c85,52714
3699eae5-c47a-46d2-afe4-c0a07ba5f371,52714
b4100bdd-8563-4d7a-aa73-d849fee048be,52714
ce41193e-085c-4f3d-b60b-fe4ab9e8375d,52714
fcacc040-f40e-429d-b667-8153b2c1ad67,52714
6308e446-c638-4ea8-9df3-9e64ef7af736,52714
eb816a59-8793-4b33-bb8b-9272a939cbc1,52714
5539b776-a60b-4107-90ba-8ab6c0578527,52714
0eb7dd33-492d-4626-b9bd-987c89c25b5f,52714
d859ba91-72d9-4cfe-bbfb-626e5c3623b7,52714
d12bcd99-a746-477a-896f-69ddc0ed6a38,52714
eab65957-1e0f-4ab9-b3d5-7004006350b1,52714
b57a794f-98ed-4d8e-b471-7642bd412d01,52714
56b293c5-b8f1-42d4-a2ab-75c7ea4b1dd3,52714
c99d3ed3-3ab4-4119-aa1b-030be24b86bf,52714
5fdc4bb1-d733-49b9-859e-b15a8af56d75,52714
4532e863-b77e-4f86-b69b-9d71b8fb05eb,52714
e40a075f-397e-4a48-927c-4e9a35c5c2b9,52714
45960c77-515d-4b43-a363-9af254aa0c00,52714
87809777-bf86-46fb-bde3-12213cc05f87,52714
d1af6fc5-ab57-4b74-9bd3-e717de6af004,52714
d7e0d023-be27-4c24-a34c-6848a1ca4aeb,52714
ba227dab-0143-4516-914f-d6388b871e9f,52714
74246a94-f750-4749-9a99-1e2141a86652,52714
a2efa796-5262-4117-b8d4-bc1e7f234c5a,52714
4eed8921-04f5-4603-bfdd-e848042a71e1,52714
e2f7e56e-495b-43aa-9549-169695370250,52714
81007937-6064-4519-a735-7205349c48d5,52714
c20c2dba-02ce-45b3-b777-1b753ffdbca0,52714
eb667b9f-9568-495c-9cd1-030b36dd12e6,52714
60ae9fe1-73a2-43ab-972e-d699f1b8bc4d,52714
089193af-e7f6-4a63-a204-da43d5e35d2a,52714
116737c1-70dc-4b1c-ab5a-c5310b6481b3,52714
7fdac05b-c76c-4e61-bec2-d70a4fccb33b,52714
d07c5057-5e11-4ad7-ab4b-0f9f36b18cf6,52714
cf17594c-f569-4697-b00c-09aeac6faa2f,52714
29f352a1-bdb2-4eee-acd7-be7f65061153,52714
788f30df-117a-47aa-8ba0-a72207e02d3f,52714
2da545ea-1b2c-48ca-856c-3ecf35429425,52714
8a577c3f-3467-451f-9172-34a9749c19f9,52714
bbe52144-8b1c-4787-a7b1-9c3eeaab408d,52714
6c590589-f3df-4318-bc96-737009af8a6a,67234
bef89050-7135-461d-8fd5-b3ab830a20e7,37363
f238a580-582b-4261-92d9-9ae75fe803eb,37363
cf742032-e032-4325-ab97-f9f1134c8ff3,37363
42a16668-37a2-4a90-bfe9-9907f626f6cc,37363
acba7ceb-1163-431b-8721-61951aedef9a,37363
08065b8b-9c1f-4aec-989b-7ef2b078995b,37363
88814d69-708d-4e7e-9d02-32fba9a7fba6,37363
68911c80-8750-4ddc-9da7-1915dc8fe0ad,37363
242bb720-6f0e-4640-9edb-e40e7d1e70fd,37363
c6d0c08f-d6ac-4b0a-8700-add2127166d4,37363
c89a2737-37c7-48e9-84bb-ef570896928d,37363
972e6e46-227e-43fc-870d-c3a9a078c04c,37363
cb597094-043d-4443-a2a6-e795a4e30c47,37363
5ec59c94-28ef-4f18-be69-b05d702d0107,37363
c4c59294-01b5-4172-a19a-3dea8a94a43d,37363
8b2005a1-7111-42d7-a7e0-b95586baf230,37363
f9f50c30-9424-4204-8968-5d8ec344958c,37363
0297138a-d5eb-43f6-9a4f-4638733329cd,37363
7d2ebfb1-75fa-496e-8625-b0f615c863b1,37363
a839e1c2-ba80-40d0-8363-460f1de13a54,37363
386d6aeb-9e63-4912-b3ec-a84812172afc,37363
ccf6fa21-4da4-4025-9ec7-ee940f116757,37363
b17f21ad-02c0-466e-9a78-5cfd2165d0a0,37363
1b834f57-56ac-468b-9f90-47f64c7a905a,37363
c6795a72-c675-4e50-af84-193c6066f4d7,37363
043b7f83-81c0-4b78-834e-dff9c3b9e4eb,37363
89b98171-bf0c-4663-907c-53a64efd6c5d,13030
56c4308e-fa46-4a64-bd7f-3daed936afe9,13030
49c0d21d-9615-4214-b93b-32a71e8f9312,13030
f4f5652d-3343-4b79-af72-6343d758fdd6,13030
8810e6a5-754c-418a-beb2-fad497837319,13030
0a0ee346-009c-4631-9267-ff4e208f74ef,13030
4b5c3627-01a5-412f-b4d3-8d5715567b92,13030
76d8d758-3cef-439d-a6bd-09833e0c6c7a,13030
988a9468-7a44-4711-b154-96d28012e725,13030
80f5f893-15b8-47c5-9b68-1d487b185a62,13030
42555b85-8518-4940-9e09-c39c4020ba78,13030
8ccebf4d-0ed7-4cad-9784-8578e30b7c6d,13030
0352870c-7c6a-4dca-b0a9-072c1f071315,13030
70b8e9e2-3d65-4c1a-b6a7-a32cdd6cc858,13030
98707403-c080-4e9e-b99e-5e57d66bd04c,13030
d8374eac-1c21-4abf-907c-de10d1befb68,13030
203819a3-b91d-4faf-badd-878bab153b7d,13030
6acfe95e-32b0-45f5-966e-db346082292b,11260
7cf4031d-e38d-4a0b-a2a8-98fcdea19b0f,74527
c9718135-8134-42b2-8e1e-2737fd6b49b1,74527
912cd4c6-1d5f-455c-9a37-ed53a3dcf1b8,74527
126591bc-187e-4346-9693-7cfc028766c9,64609
6c43539b-06ee-443e-a0bd-ded4a4b5bbf9,64609
d2253242-ce26-46b8-82f8-345c7b3c5fe8,1478
3065b521-e5da-4e92-9188-6d84c3799cf5,1478
04381037-a0e7-4b07-9d0a-f220e5152f93,1478
ee2e5827-9d81-4e76-bdba-75fd3469eb6f,29630
a6432521-9c9d-4bc1-849e-a1498cda8199,26625
af36d1b8-528a-432a-833c-5e68c6386e48,26625
fbdfc3a7-fee7-4ee8-90e8-3ded9b7298f0,68097
f2e594f8-11f8-4e8f-ba9b-7b759b991237,68097
81b6d1fb-32c9-4645-bbc0-44d4f358863b,68097
49cdae56-2497-4689-8e44-4b21bf853134,68097
9085f9f1-bd91-48bd-9229-caecad4c4ed0,24262
12b92b5d-013b-4ae2-b868-4d54085c8ff1,88382
67713caa-f0bb-44bd-9448-babd71ffefde,88382
ad157350-bd99-4964-877e-1eb5f11e5704,88382
8958313e-bb2a-4536-80e5-d76bb5559d75,88382
c8ab68ba-6557-4f99-b869-c46de552be4c,88382
7dc10fb9-9c50-4515-8d2b-3ea2d881e8a2,88382
95692b9b-77b6-44e5-83e4-14b21bc4197d,88382
7b0525d3-ac85-4981-bf8b-b7c20fdee631,7622
99f63542-a157-4e5b-b0c6-e38b36fde843,88382
ea6b21a1-5539-435d-aecf-d936d58b4036,88382
f4827673-2e57-4ae6-a309-4256afc3f451,88382
6b204d7b-f942-4df4-a607-38a7fc98eaf3,88382
ddc51ea3-7bc0-4cb5-b87b-6aa2b9fd14d6,88382
3577329b-185c-4a88-a3b3-a9abf0ad6a60,88382
39f413fa-ad4d-40d0-96c0-afea5cc11a7a,88382
3684489b-4ebe-4937-b011-fea4c54c149f,88382
19b3232b-a222-44fa-95eb-94a509c0b2e4,88382
24652f21-8fe6-41fa-8ffe-b41df46e85b8,88382
10dfdd7b-3748-4c47-940b-74e117158dd6,88382
289b8c46-6156-4540-ae94-038eff167405,88382
6d94fa2e-c855-4d0f-8fd1-8fa05fe70107,88382
82912961-6c28-4f99-9888-27a1d8414801,88382
bfb3555b-d542-4e4c-abbf-a0387ffdfc7c,88382
f6c109ca-d6e5-44d2-8def-90f2ac246ec4,88382
dff6bcee-2ca0-4d58-961b-a33874cb259e,7622
96a094bb-bcb3-4063-b250-911253d1b346,7622
9aefc3d3-152f-4d59-91dc-4622b2cf1f99,7622
d7e53bcc-057f-4940-92b6-e59950049638,7622
04c1b433-ddc8-437d-b44c-a001512afcdc,7622
c3195316-b414-4c93-9df3-d2b3699c47bd,7622
8f0c7769-e6f6-4d76-8d73-f2df6b963d4e,7622
3ed7b471-dfae-45dc-a91b-e3998c527fbb,7622
d73fecfa-8560-45aa-9bab-2deb8aa338a7,7622
13504f97-a0e0-460c-95ea-93af87530e31,7622
87b9d540-7fac-4b28-8ae1-0ae53ec9e837,7622
4bba116a-003c-49dd-b581-3d8f7f7d5484,7622
2e3cafc4-9876-4791-8f44-401def0f7e57,7622
9d184776-e446-4c4e-bc33-06b39353365c,47553
251963b9-fa8b-48ce-ae18-c680dda0b568,47553
e9273295-cfb2-4c5b-93ab-9dfd61bd9c25,47553
50c9db20-3cba-4a54-8266-fd1915f990ed,47553
5d33338a-f7bd-4e9b-8343-c0d7e43f9513,47553
b9739d78-6bf8-4799-8411-5869fd83eeb1,47553
2fdbedd2-468c-4b01-9586-4da099273e6e,47553
289c700c-5ae7-4a11-9dab-771765bd0d55,47553
215193de-cd49-4643-ad6c-8b9742f40300,1530
1ad772e5-f096-42c0-9bec-77c9b2666c5d,1530
47ee9772-603c-4943-a94c-2c0c196835b1,1530
83e33f20-94a6-4c1a-bfde-de1a763255ee,1530
030f85b7-8c1e-460f-b3bb-b1d0a3953364,1530
11d07292-4a88-470c-bd95-1b83ac2afb5c,1530
01156755-e72a-4fcb-b7f6-c1c6572b40d2,1530
0d34c30a-026e-449a-85c7-ba1b14eb18fb,1530
214a88ad-08f3-4a8d-8b38-81660d043b2b,1530
28cd0232-c1e9-433a-96e9-e34b1f58c3dd,98531
6885ab85-b05a-4af0-ab2c-579de8dcdc13,98531
d41c8d14-d4bb-49a9-ad5c-fdb9289818e3,98531
24e13067-ba84-4bbb-b48e-b5c40e78a252,98531
71af017c-d349-4730-a7a4-b898ebb393a5,98531
4f3df798-ff4b-4671-b344-edd7c8808ba6,98531
2169e36b-e6ac-4f63-844e-035a70662d6a,98531
a607cd51-2470-4349-990a-740cced87299,98531
82ae6a1d-a960-4e0b-807e-51db7ffff44a,98531
37e8e685-3fa4-449d-810b-6cb6f1d2beed,98531
5273a408-3069-493b-9ef6-a50698230de7,98531
7ed9542d-0f2a-47a5-a055-d2498d0ad304,98531
e139f52b-9969-4059-9e2e-1bc5b92a4492,98531
c7cece9b-1fb7-45ed-8951-e637156a3859,98531
4fbfe055-e4ad-414d-8153-d7113235cace,98531
631648f2-115a-405f-9136-e1736aadaf00,98531
0a73a259-f559-4dd6-8573-07d3c1a75e8d,98531
2acd052b-33e8-4a02-a336-a91028dea670,98531
8e9815a4-93ed-478c-ae88-6756661cdfe1,98531
58e2f0e7-ee29-400d-8ebd-42599058eec1,98531
6f946852-76e1-4f3a-ab9f-eda732c62a92,98531
768155ae-7ed4-4916-afae-9d7cd7d071eb,98531
92adc320-e86b-4d9a-85c6-f9e8fb356f8b,98531
b6c15ed5-31eb-44de-8861-eae84a7eaa9c,98531
63bd030b-27bc-4cef-a525-5cb4e716f38d,10724
1d95273a-8254-4548-8bff-0670676d6c54,10724
4bd935b4-3318-4da9-9b26-84896fe7c5a8,10724
0c0b9ac8-7e00-44e0-864c-9cd30088f597,10724
e315210a-7ed4-431b-96d7-0f78afdbe767,10724
56bfa8cf-c89e-476e-bb7d-8766648999be,10724
e4697e00-1f51-4d52-93e6-c62116a86525,10724
aa656e74-ff1d-4f97-b31a-ee120edfb7d7,10724
54597e34-c669-47a5-831e-d95265e01a18,10724
27e201f5-1813-4e39-9e45-4e61fa2dabea,10724
0ba63c02-a134-477c-9230-73da71515000,10724
7b9909db-cee4-47c9-99b0-2b63904efb46,10724
c015f34a-975d-44d8-b1f6-0fb0d135566f,10724
498d0206-cd2d-49d5-a280-596dd6537885,10724
7fdeeea5-81f5-454e-af08-e657ee35817a,10724
1f7c9527-7060-4f48-8d98-f0083ef3268f,10724
32621af7-a405-4b67-861c-7faaf586a304,10724
873befd3-6632-4767-a20d-a28125555d55,10724
e879a717-21e7-420a-89a7-793c0ba0720f,10724
203d0da9-493e-44f6-a4be-44f21a3ad7a9,10724
b1e98e91-ce41-4def-8be2-01a249ae909f,10724
a18e1bac-6879-4cfc-8357-3625538bfa78,10724
085afc6c-21fc-4070-85b6-60a0368977d3,10724
64fc884b-af30-430b-8f03-a9d9f5e85b11,10724
70a177d4-5c2a-49e0-8ea8-ab9be6e2cea1,10724
2fd2f590-8df9-4e7e-87eb-f34a17084b2a,10724
170b4c2a-5708-4532-b497-0a2ccbd78076,10724
06f51e37-a3ae-4a24-842d-13ecdd2b68e1,10724
440d712f-1802-49e1-9337-d48457fd1d31,10724
fe12054a-7b59-44cb-bc05-f46c1c91c757,10724
1256317b-105d-494d-852e-16406184214d,86493
8219b842-f8b4-462e-b605-404d25a78547,10724
788f4773-bc15-4bad-bd6b-32b41b4bca39,10724
95f81354-ec05-467f-8224-9f05538cb87f,10724
8a7a2162-420d-41c3-8fbe-221c2341ff46,10724
9da59cc8-8c31-4253-82cb-3b64290fa3e9,10724
66b80e06-92d9-483a-8571-58ef2b0324f4,10724
8786d3f1-b5e5-4abf-8086-7eac93a0c8f2,10724
335123cb-595e-41b6-976d-2d76ac6a6962,10724
ab87c752-1d64-46b6-a449-325ebf3bea43,86493
2beb08ed-462b-43cb-8af8-ebce1d5988c7,86493
1c680219-f4d9-421f-a699-86deada2a0b1,86493
62a8b79e-592b-486e-aa32-6721d6e0796a,86493
9085e35c-f8d5-4993-8255-16519fe133ca,86493
49d1189f-c6c0-48d9-9dd4-6528734000f3,86493
79afb6c4-cd14-49d5-b01e-579c2c1db075,86493
c0026e3b-7be3-4578-94c4-63babab0a222,86493
49779f3a-8f4a-4d15-8a34-83cda21d2d22,86493
3889c48a-9e74-4ef3-8053-2060d20fdc60,86493
78d4d98a-d2fd-40f5-ae96-297304a970af,86493
08be98f8-75c3-4b90-87bb-6ec8f7083e51,86493
1b90aef0-8eca-4252-be72-962e8272af16,86493
37c13922-c2af-4559-b9e3-871eaea106e8,86493
b0a5e090-bb0c-4210-9e29-878712ddd57a,86493
4291a21b-459f-460f-9fac-eeb6e142869a,86493
aca94277-43ee-4d73-9447-b360f5d73d8b,86493
fc00845b-4a7e-44a2-b593-8eb7d4599bba,86493
4291e7e5-90dc-43e6-bbd9-d6bec4d4d491,86493
1052e53c-d644-4991-8d3c-d33e1fd52d5f,86493
af24616a-f6d5-4804-83c3-532aac7f8849,86493
b8e1127e-62f1-47b7-a773-29b19285cd90,86493
d5e063a5-f48b-42f2-9dc0-d8b1dd66b6ed,86493
b9aa52ef-5855-4678-81b2-080531d2e45e,86493
41e06182-bfe3-4271-910e-7ad33bac0ff1,86493
7139def1-b571-4318-a929-5dd5e9347f5f,86493
20b575d0-f813-42e5-a5d7-a1c861f480b3,86493
06f4613b-4488-4c51-8e61-8bc83595e11c,86493
126187de-1867-45ca-b5c2-d0f01390b2e9,86493
45dad169-29b3-447e-83fc-7802b9f727a4,86493
6f27ef1c-4552-41f2-b4d4-0188ed279b9b,86493
de6f2d88-d914-4252-acb8-a7134373f850,86493
942186c9-3ce0-4d47-bf74-a3adeac9e190,86493
6d10de94-4dcb-4761-a658-493b3836692d,86493
2c6b7957-a2f9-4be4-9bff-fe0df5fcf934,86493
3d649e8e-0fdc-45f9-99ce-e96594cfcd47,86493
f82df558-6bee-4446-870d-bf0c6fd431bd,86493
f346ad46-9896-417c-be52-5af108ea2ba3,86493
f8021fd5-9c74-43e2-9e7c-88beb355df26,86493
7cc13353-f644-4245-aa82-e83b3f5cb9be,86493
4bd4f057-665a-49d4-8c0f-f08a201835df,86493
abf2e596-3664-4901-886c-282543884f64,86493
2bddb0ae-f4d1-44f0-9947-67d1f33ebb26,86493
e4a4e7f4-447a-4219-8b97-a267bd407dcf,86493
35235f1b-0be4-49a8-a0fc-f559fe3ca14c,86493
967e366d-269e-463e-8cee-0f02c7e7e0a4,86493
d9274d0b-d352-4258-92a6-4327d36cc4dc,8319
87113ee1-9228-42d9-b1fb-642a04a172a6,8319
fbf410a5-7279-4322-b54c-1ea9ee051151,8319
f8bee6d6-a54f-48f3-9f1f-fb433bec5e70,8319
79c3c2d2-d156-40bb-8cc4-7eaa6b7609c7,8319
886745ca-a4e9-4906-aee3-b077c4935b8d,8319
b7783dfa-dc70-4770-bfea-6236e5b265a0,8319
22e38648-186b-4a50-b346-19035ab5e1b4,8319
0d429ab4-f2cf-421c-b174-8412e7d59ac7,8319
97831e14-c98f-402a-adc1-bcedd9f263ab,8319
b1dba224-5e2e-465a-b1a2-d356bb20d4d0,8319
89bd3038-735d-4379-9465-a1aad078b5fa,8319
0aa8f552-199a-442c-a7d7-62576d440a6e,8319
d5a25b95-8527-4be9-aaf1-36774dfc99e6,8319
9b892753-966e-4f49-8e3f-cf2b745a6788,8319
7a5e00df-1b2b-4299-9089-a80f65bb072f,8319
35d4fe2b-9605-45e6-abef-115fd40b384b,8319
cedeed54-884b-4f2c-b5bd-114512bc0c52,8319
06f38960-4f7b-4573-a700-a22477d50d86,8319
a1869de7-db3d-42a9-899a-9cb09d52f2d3,8319
71298bf3-c33c-4657-be3c-55ed0e4b19f8,8319
ff95d39c-90b5-4e85-8505-441ffcccc476,8319
82b32d21-61d9-42e1-b6fc-c702221bbe0b,8319
c1d9c721-d51f-4b16-9fe7-7b56b934545a,8319
a9f4c04c-2bbb-4667-ba43-68ef87665a86,8319
50fd84d1-24bf-43af-85d3-6c4cc7cbb92a,8319
fc754942-a4e3-4bb1-91dc-5b4300b91f23,8319
d2d44e2b-9ca5-4f18-81de-615de81b1594,54465
0aa24932-6b91-4685-80b3-69b235c1e4d9,54465
5efe3f71-5f0a-4528-9df4-c78abd1c60e7,7515
4d7553ec-9195-482d-b3e3-a9e28f265c23,7515
9b9282ca-0853-47ef-b7d3-7a406f006400,7515
952d4f31-e9bd-4880-b54d-f0703f0cb34e,7515
9fa44464-c14d-4c45-bd67-28a8f552da7b,7515
51e0fcf4-f80c-4a8e-801f-4ba34eaba396,7515
1cc65472-afc9-43bb-8d7a-a07471eac682,7515
2c74d054-a6dd-4057-a307-1f5e9321c4e1,7515
49d22b7e-6a21-46ab-b7ba-0ec680b84d08,7515
fc624266-e620-40f7-9447-2912adecbaf6,7515
61e187ec-f15d-48c5-b6f3-9b47d7804896,7515
69dd748f-e64c-48c5-8315-71924b6fea5e,7515
1c98e2dc-b3c8-4b74-9eb0-af32d10f05c9,7515
7387dbd5-8a6d-4c82-9675-285ee9ff6cc9,7515
92ebf7c8-0d2c-4701-8dc9-fe103c3ef73d,7515
a4702dcb-b2d1-4fe6-80ff-0ce400642376,7515
afe4e244-5f05-4263-b5ff-95b6d03d846a,7515
0de251f0-1b07-437d-90ad-004f21eef238,7515
74e10290-45b0-4fae-ba25-fb8ca22069e1,7515
d32c7570-91aa-4cbe-b962-836c2974d9b1,7515
1fd869d6-d92e-4547-a6a5-98f85af6e22d,7515
2add6634-0405-4453-b97a-4af293d47d37,7515
8a00c031-967e-4a04-b764-70eaf67e1583,7515
ed7e21e5-742d-47f0-a9fc-91c7ff145b4a,7515
76fd6484-1c78-4c0a-8f0b-b12407908a62,7515
bc511842-6fef-4f1e-9714-d93a79dee878,7515
e4eddd78-dc92-4896-85fc-85b29ea71988,7515
2ed630c8-4f29-4f98-87fd-d48f3bebf9ea,7515
eb57901b-13c4-4b9a-a06b-287ad151a2bf,7515
bd0db4a1-5d06-422c-a966-f2638422de03,7515
8012591e-9f3c-42a8-89b6-fb2dda5a56db,7515
a1b38f80-57a4-4521-b9e9-832ca7cf5dfe,7515
bfa29b26-ba7d-4d4d-8cbe-4a8418483f6b,7515
fa9ab21f-5822-4864-8bf3-2610ebadbc78,7515
bb387877-eb5e-4ed8-ab44-3bb4cf0c53fe,7515
858bfc2f-750b-4535-a7b0-f093f3649a79,7515
3a870be9-a6c3-4a14-814e-75b0763761f9,7515
1c8c178d-0095-46a7-975d-995e43fd1ff4,7515
9348b00f-03ce-4934-b623-c109bf48e710,7515
92d50ece-bd71-452f-804f-0600b8885305,7515
d2cfa747-12bd-4d2e-81c9-18fc7fc45bfc,7515
f3312bf4-50d7-43ff-ada8-ec900f2a9db6,7515
4f60149f-c312-4d81-af4c-a03ffb11a8f3,7515
8588867b-d9f6-4906-b25a-558369a3bb36,7515
733b0513-4b1f-4fd8-b0a3-18f40f9a9047,7515
a50fd28b-fe12-43cf-8bd5-4b6301c481b0,7515
1edc0325-c950-40ee-9817-0321ab34117d,7515
de6c4aa6-aeb5-4d55-9440-62501227fa2a,7515
f19eeb5a-6646-411b-b5c1-ad82089531bc,7515
6c51c7fd-147a-46b6-96f8-a028a3a95d94,7515
98a78b4a-335b-4780-aa0c-04e6a3885247,7515
bd648892-c577-4d7c-a3e1-6641d8fe626f,7515
6d7f361d-85bd-4fd9-8308-dfa5ae7b8bde,7515
76037e73-4a3a-43bc-b14d-40e31a2ed66a,7515
91cc42d6-b33c-44e8-8a1e-ba3fe63258ea,7515
a7e16bd9-6a0d-4182-9288-74a39b3afef8,7515
786778a2-b848-4c4f-96ab-e400bc6ef464,7515
ce5ff713-38cb-4714-9d25-b98e6005e987,7515
c88c86cc-f01f-4f3b-b9ec-ec77e48d9dfc,7515
e942024d-b6fe-475d-871d-6ebc2e7d8712,7515
38be288f-c068-4cf4-b1b6-1eb66d15a747,7515
4acba35a-31a1-4077-80c6-c4e3b800541c,7515
4b75009f-a2b1-4058-8345-0f15e8d6de5d,7515
30713e18-5e8e-46db-b7b7-a2251da76fa8,7515
f8dc48ff-5f02-4388-9a44-057c0c7a6eb0,7515
8e614551-db67-4453-b400-bef4d268664f,7515
4b4e2bd1-be9f-4761-95d9-1074ffbc8c00,7515
adbdc3bd-0697-4d8e-ae1d-917539304dfc,7515
aed9d0ca-577d-46ff-b25e-26a3ff0e9f32,7515
c46e40b4-ff48-4aa1-8ea4-309c4b38a5cf,7515
1000569a-5404-4634-82dc-426bc6165207,7515
59d7b4fb-c3eb-4cb0-833e-a20d46a1e22d,7515
48f8169e-51c4-40bd-ae6e-5826f8e8f203,7515
299e7a78-49e8-495a-87e3-d8217d14639f,7515
a23e0467-5b92-4e36-baf1-b9b0c0ad9d90,7515
0a831d91-ecec-4c11-9b16-20a0b6f7a17f,7515
c4e1202e-c8b4-4304-a951-4c0d38072ac8,7515
686068cc-28d7-4766-a4ce-77f64413d756,7515
699c07e5-2fc1-45c4-b5d8-67a778114f38,7515
98c73a8f-6976-4d71-a114-927177a470f7,7515
0fc695c9-3612-4c26-bc1f-8114cfca6289,7515
36673fd7-e296-4483-ba67-4ac63dce83ed,7515
786c510e-5a86-4d8f-b0f8-bd7e46040996,7515
d737ee00-311e-40f4-a734-41d7d61b11a3,7515
78f9afed-f6e1-43c5-a75c-dbfabad82bd4,7515
349fe8c2-ae84-4af2-aae7-7b6a6399155d,7515
ab970a7b-e57d-4d3d-b8a0-ec0b70e1a852,7515
5863f612-9346-4588-83f1-a83a4e906d2e,7515
32e36231-faab-4d05-988c-d51ce94cda2b,7515
2cd00c73-9e7c-42d3-8ac9-5f6108b32fa6,7515
84656eaf-b145-4f49-94c4-876d2c7b9b08,7515
ec54cb5b-c2c4-4020-a300-1715644e7ba1,7515
2738d52d-a811-442f-9585-e8d1ff9afc63,7515
d07876b2-d731-4b90-92b1-f65f6d56a8ac,7515
1745e2fe-8ad5-47cb-a6d7-9162c3e4597e,7515
876b9ebc-eb15-4e24-9af7-952c2d98f921,7515
39b0cc90-7b65-461f-a180-92de613b631a,7515
b1535bf9-47a1-40d5-a845-fb844c139c78,7515
1903c7dc-b46c-4663-ba2f-1902c50c65d9,7515
96b35346-c072-4496-a807-e1340a315eef,7515
ef034257-2ba5-401b-8d4a-641bf6e7e61c,7515
74dfb6a1-b0db-4d82-9394-037526e10c7c,7515
b9ba0ced-ff32-4b98-8ff4-4a59b3ac42ae,7515
2b963701-2cac-45af-ac3f-129391673cee,7515
2b0fb680-9c5f-4c5f-a7f7-de3a2d31b06d,7515
463b60d2-afc3-44fa-a00f-6477506cb197,7515
9b914195-e8bd-40b1-bfe3-144ed212906c,7515
d4619dd9-a86f-45e0-ba85-cb980e3f3d37,7515
e7741cbd-e1d8-4cc3-9c60-11d771606956,7515
f1bb2d66-49e5-476b-a298-525ea4d739cc,7515
4f92bf74-56e2-4d91-bf6c-138bde189a77,7515
a0d6eb48-f607-472f-a330-7de57f2671c1,7515
8662689b-2f49-4013-8268-4ccbac7de14f,7515
7e93bdcc-122a-4d9d-bdc3-645b179632b2,7515
03115b86-a4d1-4476-8aa4-d56e5e4e4de4,7515
3407e4fe-32ee-486a-bd03-695f9858c472,7515
205cbe1c-818c-4c88-8900-c5acee3a3164,7515
ee716fc5-d9bf-49bc-b630-48ae1b49e4f2,7515
338f00e1-3d54-408e-88c0-bae6db84ad5e,7515
b700bcaa-d5c5-4483-8936-728c871ee5f7,7515
ea1e0873-c6a7-4462-946b-a5749dd3ddc7,7515
0026ecf8-2439-4424-9721-e6f643cc9e73,7515
9617c52a-cdfe-4b74-b91e-e721655cb501,7515
22327fb5-a402-4d52-b805-182298da343d,7515
b55e3e4d-b61a-47b4-9c14-d4d40fa7d136,7515
d6e38119-a266-44d6-a82b-b5739dd47bac,7515
dc10acd5-bd7e-4e83-a709-7dc12b14879c,7515
166adfaa-dfe5-4edb-a4f3-51e42af51ec4,7515
e882bdd1-f9ba-4951-a3fe-fd18c99aa4cb,7515
b8a85a39-6afd-46a9-97c4-c2dc28ab1fee,7515
d7c4a60b-f952-4878-863b-e4f7ae92760d,7515
830aafb2-d415-4f18-80c7-d349dd3df2ef,7515
505fd1b5-6ce2-4e56-b670-375828e81d2b,7515
ccd9d988-52af-492d-9d45-48ad2067ec74,7515
faa6e5aa-f115-4931-8671-0bb7122a2d1f,7515
94955625-d3a1-456e-9bc2-0052c6dc48bc,7515
e37fd40e-a4da-4723-8349-daa90f5ce057,7515
a8031c6f-0a52-4a02-b2df-4e3b9e45f06b,7515
f561c7ea-1101-4260-8a71-82aa215aaba8,7515
c773f1c1-f905-4416-87cf-54fbd1d99fbc,7515
49959237-3f48-42cf-92e8-847b6718f533,7515
d55254dc-515d-431d-9547-234791bab48f,7515
4e80fe9f-bb82-464f-8396-ab10aef3d9be,7515
d0273006-2158-4027-9756-9488dc2e1872,7515
34ad8a2d-3fbf-4d9e-b8aa-6ffa2cc792e1,7515
be2acbe2-5dd8-4577-85ff-68f913b82df3,7515
a1c16012-1c87-4200-8694-5740a7d2e6fa,7515
4eed99c1-0dfd-42b1-9134-a9a3df4ae93f,7515
0dba8ecd-5a4b-4ef2-b950-f66c430f77a9,7515
1fb9c1e1-0e34-463f-b21d-ca11fa727287,7515
3974dcc5-454e-4d51-840e-6dcd060e377b,7515
416daff6-1de7-4b46-bc53-a7603035342c,7515
c4d8b5b6-3e35-4b25-8281-e07e54e44e38,7515
1905c27f-98e5-4c79-8a39-89d6579c9c2b,7515
cc4f5b34-49d8-441c-86d4-8f6161790a97,7515
7c2e6e5b-4532-49f7-84a1-efe5970e2ee6,7515
442126be-736b-4bb6-99b8-cfe76cbdb482,7515
7e4b1436-0b9a-4314-8611-2bece53011f3,7515
559ae57e-3327-4b4c-980d-c61eb4946484,7515
d83ccad3-1620-47dd-9bd7-eb6ddf9a1849,7515
6e97c0c8-6489-49fe-91b5-4fe4bab67c68,7515
4452e575-fe96-4122-af22-e85383974261,7515
55e37365-1a33-4a70-a9cf-c043159bb342,7515
c1d7abb4-6c1b-4c5a-86cd-7c87e247384b,7515
4fea48d0-2278-4993-aae2-5d39b696c8c3,7515
7156248e-8e8a-4e6c-811e-82b878c55213,7515
ecabd586-e8d0-4ceb-9ec4-7ad31838dd04,7515
b173aee4-a91c-48bd-9a1c-bef2cc4b3618,7515
9cfa539c-ea77-4181-81da-77e35f8ad73c,7515
c5ba7f42-5841-4d69-9cbc-2b2075713b36,7515
a1bc2988-b109-42bf-bd64-19d1a56158b3,7515
e2254c48-2963-4841-8ef1-8005dde78b29,7515
03c15f13-cb04-4cac-9200-a25e5723e1e6,7515
d488be6f-05e0-4af1-9426-9a567e3c605f,7515
ffe467b8-ac9f-4ce2-acac-bf3b633d3a73,7515
1016f6ba-7775-4470-bdfb-c75698d7e57e,7515
4d2b8526-9073-4438-a388-d763cdefa2f6,7515
e877b2f4-3f41-4004-b8b6-214f9f926efa,7515
d2c7afd1-b760-4852-9a49-70e58e376131,7515
33761a86-a17b-431c-932d-193408b412ab,7515
48100463-924c-4703-a89d-e6c0a42ca03a,7515
2b5e3fef-7ec0-404a-ada6-fce9b2391ca9,7515
3dfba419-74c0-43fc-b7f6-2fe5089ab87e,7515
31308f0d-14ed-4fed-b76f-8007acc39edd,7515
b4959bf0-93c9-470e-a14d-b46efbf3e016,7515
52d5f052-53bc-4463-9044-2794e457e48f,7515
ba3b8fdc-1115-4630-b337-fb81c5518bd1,7515
35af15ff-434e-4ad4-9773-8c9a8de0d4d6,7515
7c4711f3-b83d-4647-87ca-44990882ad28,7515
5308199a-40ba-4806-bdda-a8b8ce5a3f2b,7515
7c56cfcc-85bc-450c-94a4-49bc8ac43be8,7515
4969b768-39a0-4d4a-b3f6-ee101bcd0b99,7515
7ecafa3f-9cb6-4051-8c60-feb434bb9079,7515
d195645a-2872-4a60-91f0-cd39f2ba13ee,7515
3b14f28a-0a11-410d-a0ec-b8a9102b8a4d,7515
45693412-10ca-4b66-a17f-e0f6c71e5566,7515
43834e69-31f6-4bc4-a2b9-3109a30de38c,7515
cebd9114-3958-471e-a714-6e3addff18fc,7515
98ea6c4a-1c28-43c0-a339-6064c2b8e215,7515
d2728b7b-8a4a-40c6-8b8b-a31431d570e0,7515
671ad49e-3ddd-412c-9433-be4ee379a22a,7515
5500798c-049e-4216-868c-595551df5d24,7515
6bb07fb8-74cb-47c9-a193-fb2b5784bb7e,7515
c56dc5f3-75ea-491f-bde1-cde63aa32c3e,7515
02c474f7-101b-48a1-be67-da41ce1c2010,7515
a7701262-03f2-4839-b544-40689959c9b7,41715
63dde60d-0d2b-41e7-ab8c-cdc31b120b8e,12125
53e49b67-14b5-4433-8cd6-b81480530943,12125
09c10a9e-5758-401c-a7a8-1d2aadb4bf9f,12125
db424383-815c-4ba7-a5fe-604749242909,12125
2b6b2943-f531-4516-b800-125f9f76f4c0,12125
e9f79d9d-1d22-4a67-80b2-7ef1b68a445f,12125
2d9a09ee-68d9-4fe3-9dd2-979749c2fe95,12125
b4b26848-c97e-49de-81b9-ee4752669ed1,12125
83df7d30-31fc-4349-a272-5b4bd22e1dc0,12125
4fa533eb-1bd8-49ef-930c-5025d7a2a128,12125
7611a21a-7358-4255-911b-43298c3d6a5a,12125
7de64340-cbfc-4e39-91e6-8a1c7f96d16e,12125
6c26de10-2958-45b6-b23d-86e23ab0fc60,12125
0522f15c-67f2-41ac-bca2-ea9f8ce5f872,12125
3b5abeba-df70-49d4-9fe2-a739ffc162a9,12125
56177441-220a-4c46-a42c-bed709d2af4a,12125
51242ad2-f05a-4dcf-8a1f-71b629c35db9,12125
6f479bf3-5a05-4920-aec3-88f1d5caad7a,12125
7eae47b9-edc5-4683-88b7-2137176cb70a,12125
30d6a02d-cae6-4996-9fa1-fe8f999f8298,12125
44d1dabe-255d-4157-8373-0cd5135b62a2,12125
2f0ec404-5a58-4778-bb14-3d2f01feafec,12125
1eb84d73-3ac9-4714-a024-cd5bb530f841,12125
d9fb5ff8-2f4b-40bb-b521-43b1d8ccb420,12125
a5008c49-87f7-4131-af43-7dab5463a869,12125
99159eb3-d276-4b8b-9c63-3d888db5ebfe,12125
07af99c9-1e84-4e34-9a94-768482cd7d44,12125
141c5ca7-7458-4970-bfe3-701919889d32,12125
e943cd9f-07cf-4815-9730-6dcf9e617488,12125
d8516786-8419-4f86-ac99-49c2e23d7ba4,12125
aad39bde-a863-464e-8b15-92b57afa80e6,12125
33afa46d-f9b9-4ddc-aa8d-2d6256107851,12125
b4f61548-796d-449c-9df9-60fc6675370e,12125
6d429e1d-b086-4583-a3c6-51b8ab4b4a8a,12125
54609a3a-57d7-4cee-89ab-285e666b43c7,12125
a2b176ea-ceeb-48a2-ad0f-126f4eb56e67,12125
83491c9e-71a8-4945-a2ee-2592fd813b03,12125
1adf5d4a-2a81-4664-b0d8-ad3ddee4b9bd,12125
4a089fa9-1622-45e6-8cc2-beb49be7d1f5,12125
0c625d35-439c-423c-a59e-f7f59712bb43,12125
67980c6b-e842-4ea4-a052-3c2c3ec327be,80250
28907db0-ddc6-4593-a5ac-1318e05ca189,12125
6bc77103-7afe-4578-8861-b95ad1332115,12125
7931682d-f134-4edd-938f-0bfb4c76bc45,12125
a250cfff-e1ad-4f0e-9207-86f32f4ba0d2,12125
d9359abb-511d-4c62-8021-dbf7879bd4b8,12125
db1a36e6-dae2-4059-a6c6-a84a92f2fe4c,12125
b5dc8c04-bcc0-4e6d-a8a3-1265ccf4c487,12125
b19f8f43-e150-4511-bbce-8516898fcaed,12125
25d7f1fb-3e4f-47f3-a420-0317bfaef321,12125
a408df27-c343-4d0e-8569-20d920237afe,85107
facf599d-d45f-4ae2-96af-c0c2706c0a1e,85107
acaba970-0417-44ae-ae73-3076ee5fc61f,85107
e89a24a4-3472-46ad-b61d-d547b3b1e0bd,85107
1b6114fe-6d3b-4f9f-94ba-4a65c71211e8,85107
f404a249-2852-4731-9e2e-6fc766e5c942,85107
b4b1dd85-b55a-4f15-bb74-84ed38d83350,85107
64485095-bae5-4f6f-9f8d-37d0605b88bc,85107
84aa38b5-cf42-4721-b20b-25f5bf93efeb,85107
38a4da88-4880-4426-b1c1-e8d000475960,80250
800a988c-d206-4a42-adff-d8a774c96fe1,80250
0326a610-a92e-4b09-8dfa-2e41bbaf7963,80250
53bc9cab-333b-4d15-bb99-fb7641ede83e,80250
d04f23c2-5a1f-4a18-a574-4ba1e2d283a5,80250
71f9621d-4222-458e-aa1a-e27b27e423b5,80250
61cfa1d4-b07d-4f2e-8eb8-d3bc1a4a3f7b,80250
616f2362-f772-471c-b2a4-e2fb4b8d0ccb,80250
10e9ee5a-9dd6-43d5-a4f8-3f33b5af5029,80250
7f8beb67-1948-45ef-9034-06caa46f9b97,80250
4fcc49a1-6310-4864-8edd-39f6379a9bc5,80250
e35f06f1-ca5f-4de9-94d8-85f330b9234b,80250
1bd1764a-7f3a-4720-8908-bdfa5c0377ec,80250
219d7c63-996d-48cf-9b8a-4db6bb28b16c,80250
a0eef801-90e0-4bf7-bddd-6697adcb8346,80250
070dda34-5555-4166-921c-6ff054d0f725,80250
0b13073b-afce-4937-8ab7-7943aef87342,80250
67773304-7189-4440-a13d-c6d5a036213f,80250
b137d32b-fcdc-40e7-92ed-5f596156b915,80250
5a836d01-f18f-435a-9f4a-6f669e421f49,80250
1332eaae-14a0-4ab7-a1cd-7f629286f92b,80250
a6a25658-9705-4c12-9fba-3dfac5cfd430,80250
4685aa54-d5dc-43d9-b4af-a7153d99d154,80250
fcd423b8-1c1f-40f2-bd9c-e05e4d4b9074,80250
ff0d10ec-9a95-4521-b48d-5ba346311b6b,80250
f37dab10-52b9-4c54-b1a3-441ae126d00c,80250
ab7e3198-145b-4f93-9060-c511773525f5,80250
0984ace9-7238-4e51-96f6-abefec38cf58,80250
87e25d24-f54a-4025-ae71-467919cbe033,80250
8974b06f-b017-46a9-8e45-184f5ef1ea7c,80250
70e04dec-9ff3-4cc9-8415-b3687fa98523,80250
213f5f5d-213b-4a88-a2b9-40171eeac3ca,80250
d2289335-65e0-479f-b36f-f5b38ddd3450,80250
4d63eb9e-43da-4dd8-8590-05885d5dba65,80250
3c879d61-75dc-4fca-98a1-009aa5a7f3b1,80250
1caad387-4be8-4e25-8152-4b932d4758bf,80250
fb00d389-f9b9-4a5d-94d3-7ff5ce53e521,80250
5820aa1f-47fa-416b-a9c6-12f8f4a08396,80250
8d1ed6de-5b26-444a-91cc-2ffa98d48556,80250
8117b6cf-0d56-49f6-a650-4d8a9ab7eb5a,80250
7151355f-ac1e-4800-8c25-eccc71505872,80250
65f78100-5a66-40a7-9954-189475151a09,80250
a7496827-4417-4952-a80a-661e7c2af358,80250
0de31f6c-86a6-493f-acd2-d5d8411fd37c,80250
49e196c0-c603-40b7-b36d-1d78fb4b6e45,80250
504a6698-eda7-4af3-b6ab-ee5b0b389c03,80250
c7ea3015-8325-4b59-ae12-f3c72ca6a116,80250
2438c910-9142-482a-bb22-67cc016a2094,80250
ccacf1d5-aaa4-4242-9107-77fa5e64b529,80250
9b273a90-d156-44cb-a75e-d386c1b378d4,80250
87982b4b-6162-4582-bf82-b472e491b2ea,80250
a7248d4f-25b1-4253-9f3a-7efbd617a229,80250
f70d915f-7ebe-4bca-af62-c6361780d948,80250
bf81d20c-033e-403e-b5a8-0236f77024aa,80250
079f2c3a-2767-4405-bcd9-846134ccdfaa,80250
54dd3c29-8161-418f-b470-826ecc043dc1,80250
99b4b1ea-8ba8-4a3b-aac8-9167a851966f,80250
73ea7f52-0b14-43f0-a55a-2f8f1e618eaf,80250
7f0fa6e5-e8ee-4f90-ac9a-0864fbe7e30c,80250
6741e23b-dcf3-4ebe-bd12-4a59b48e2767,80250
aff9a832-f03e-4ff7-9206-0c561e8e809d,80250
f022b421-e86c-458a-a266-d61ebaed1dd8,80250
4bf7d722-293b-46bf-9154-e25518b8bb20,80250
fd3a94b1-36d8-47d1-a3b4-f51ca704fc7f,80250
a448583b-ac19-43df-9196-81aac0699534,80250
5f9386e3-9c69-49bd-8f59-1f0431100b7d,80250
1cab73ec-c729-4390-9e49-aac558cd6098,80250
70ff18a9-490c-4cd2-9c57-5a42146d245b,80250
18a9639a-2a41-4f50-93e4-9b0d2b9ca4ac,80250
361a6316-9701-418a-9f44-ec3ce56e8fbc,80250
b954dd6e-11a4-4151-8b08-02ba6d6ccc46,80250
f5c94a50-3527-4436-88f5-f829092701c6,80250
53bc5efd-4095-4c68-8d57-4ee2924d2b15,80250
b3248a98-d7e6-4333-81a6-8c11a16ad040,80250
56d1bd8c-2083-498a-87be-44d82b526300,80250
65561a1f-5ba1-465e-841f-6997a0bf4834,80250
8435c40f-99fa-4481-b55e-e4d9e3a5284a,80250
3cf1c195-9c06-4171-9361-abbec7e0ccc4,80250
dc35d212-c214-4a75-9d81-20f24c52f08c,80250
069b3cd1-e7dd-4e64-b2b4-afe3aa334047,80250
85c192ab-c5b8-42f3-ac91-af6a2268a247,80250
2ae53445-6290-4dca-ba94-7eba2fc09337,80250
89d8a415-15e7-4567-85db-24251961d04d,80250
47886050-a24a-47b5-83f3-3dd4b2b3e1a3,80250
56eb9710-2ef4-4a36-8938-58e0eff2c335,80250
e08de05f-69b6-4992-a364-bec64026b5a6,80250
403c8a97-afe5-40b8-9e4c-f6474ddec9cb,80250
19bef2e8-98b7-4121-91d9-faf2a21bed1d,80250
63b9f408-9de2-4141-b794-6dea4dda10b6,80250
186d1c80-e174-4b51-9e99-95737e58d61d,80250
fc758197-5175-4250-b54c-6698c456ebd7,80250
e32e3448-b4b5-4391-85b3-e23c5305d794,80250
21720450-2d2c-48cc-8219-296d6ac49e8e,80250
0ef432a5-e071-4b42-8f15-739f5f8b1866,80250
4861d512-19af-404e-b336-194aa18778c2,80250
54074826-a41b-4198-9a47-c20e0a522383,80250
ab7f294f-bc63-4d59-9ca3-5ed19ad0053b,80250
26fabacc-ae46-4981-87e4-d40d876f92d5,80250
d0e95e14-dd38-4ccc-8a51-9435870ee9e8,80250
43f02487-ef1f-470b-b824-65ada151feb4,80250
8f7a2c7e-d8f0-4208-9f7a-98ce9572009d,80250
5aefadf3-f363-4cdd-99b8-6beb0af0d367,80250
86ad19ad-9937-4ea3-8015-d82c472fc2a0,80250
b6a3e6a9-1fa5-47b2-a300-9cbfe06c3c42,80250
0f32f072-0c8f-47d7-acd2-6928b1af5082,80250
21b8dc2a-ae06-49c7-991a-ed1cf70466bb,80250
ff26aee2-6484-4d4e-ad96-19c8fbeac0e0,80250
759643af-0d83-4536-87bf-716c68e04d81,80250
de86ab98-7511-44fe-ad9f-75bd1dad6a21,80250
9e311f7d-0f79-48d7-97a2-6f7d77e5b619,80250
ccfae549-de17-416b-bb30-db085ba44930,80250
092f86a4-69bb-452a-9aa4-560d1e8367e1,80250
514ae877-e5ac-4196-9939-c3a51f228430,80250
da40f779-5842-48ca-ae56-11cd81cb3eff,80250
bd9937c9-466b-4411-b8b3-b8b677eb773a,80250
c3025125-af36-4345-886d-bd59e81131eb,80250
a8240574-2570-4853-805c-50d759c4ce0a,80250
d60bc503-0887-4525-8f5b-e1c58bcd7df6,80250
600c1fd3-e373-4769-8fa3-0f4bad60e08f,80250
f27206a0-85f0-4407-b4e9-35f830502b20,80250
b504204d-1949-4f23-a51f-25050b9af4b3,80250
4c615051-5d5e-4077-9ae3-e044b68ca06f,80250
54e2a8df-66ee-41d2-9d63-c54120aca68d,80250
3fc20243-5a42-4bb6-82d7-86ff0f7171fa,80250
cdf6e3cc-dbd5-4558-a09d-08d2fc512c0d,80250
c8ab376c-b88c-4136-953e-7c033ab8ebc6,80250
1233c9c1-cd41-42ed-8e45-b2e37d5430f7,80250
64d87d85-3074-4356-ae80-ca2a3c614f07,80250
2c2ddceb-923c-4cd1-b810-e4ed19f3193f,80250
610c8d9b-c8a1-4f3e-a906-5c5221b91c08,80250
cb0d142d-1700-4e78-8147-ecd230089a8e,80250
127d810d-6c2a-428c-a154-063faba534f9,80250
0ac5980f-1543-4d78-aa2e-eb8a2bddda5c,80250
779d3a54-646d-4ca0-bce3-901b46de7613,80250
e7d293c5-45ec-406a-ae96-80518ebf0a53,80250
58a10a1b-602e-4e0a-9ca7-ba0d8ac36830,80250
6ee35bad-e4b0-48fe-b17d-ad5c0fc61b74,80250
0824179b-61c2-44ba-87fd-d943bc0c272a,80250
5c86125f-39b5-4807-ae96-77d067ba55f7,80250
5b0809dd-6165-4dc4-8151-25586247862b,80250
48b334ff-86b9-4c64-9c90-666d1c6e8010,80250
b8defb87-b512-4bd4-a351-1c9b424a767a,80250
16ab0cdb-9ef6-48ba-bfb0-848276cc515d,80250
23878034-bd5f-4e2a-bacf-10bf2be84722,80250
01ebe176-f53b-4fd0-b96e-aecc4300e2e0,80250
3ac87146-b529-4151-a8b9-5457e2439d49,80250
8585391a-2ee5-4e12-ad61-9037d7b2c2f5,80250
57e04b70-e99c-4467-b66e-7ab061c9e4a7,80250
390bc438-9684-479b-b4e3-74d6e5a603a3,80250
09848509-54d9-4008-b845-18139443f719,41249
da6805d4-7d94-41e2-b74e-018eeb1f4391,41249
6876ed47-930f-4b08-9964-381091db0cb0,41249
803793e8-7095-4e60-b8b9-a3f635d49707,41249
fb3911ca-fe9d-46cb-97b7-d67eca76d16a,41249
91fbde81-6d09-4b38-ab88-3b00bd813cf5,41249
873f2e6e-00d5-4b34-9089-e8d10a1b77ae,41249
a6428628-6f61-4f12-9491-64bfdb04f674,41249
cb7dc09a-4fb2-411e-b105-b3d9225ebc3c,41249
e5e21e75-860c-46f1-8538-ad214f343b84,41249
dba96a11-c187-4adc-8c38-8dd343630ee3,41249
bd7485ab-bc0b-48ef-a0c2-37088a2b3c00,41249
41da35d5-e929-4232-9cf7-294a42430e60,41249
b2632f36-5652-43e2-8dcd-bc2b32ed85d9,41249
6eb5925f-f975-4e5f-b96a-a4e245dcf513,41249
a49e18d7-0486-499a-a2f2-2b6fc39374ef,41249
2ba66ec8-da48-419b-a431-d9c8316eadd6,41249
21aa2f9d-13e9-4e7e-be85-c630fbdd6ead,41249
7460e929-0204-474c-994d-482db152b179,41249
056bd6d3-1725-490a-9e13-da2f016f3218,41249
d70477d7-cf4f-418e-bcb9-1f90fd2b00fe,41249
d7038b74-8a96-41e6-a109-4044fa0be095,41249
62919f27-274d-426d-9c17-0942d77cd759,41249
988fec07-01bd-46d8-95fc-4d708f71bbf3,41249
e1125daa-32e5-4b8e-948a-70852174da93,41249
fe645bdb-6673-4ca6-836a-2821bfdc493a,41249
eb36247b-5c55-4adb-b6d2-a5de3d2fa9b8,41249
545f0c0b-a95e-4e08-aa28-2067bb9fa071,41249
ff3de182-8846-4504-a352-49aec9069c00,41249
7103296d-d0d4-41d0-9600-e32992fa40e1,35494
7370247e-10f7-4133-b853-d7ac160473af,78574
8505d640-bd40-45cc-85a9-39816fdb3ddc,78574
c26c322c-6949-4438-9657-e656e8213807,63034
8c156177-f348-41b2-a4bf-0cee8fb1441a,63034
0ead6306-bff3-4d1f-8a8b-28a7011ee49b,63034
5621f43a-f82d-4f05-8924-9d6d0a90d9ac,63034
a9a07b05-b419-4375-8017-88d3b5359ed9,63034
65fc7bd4-9679-4911-8872-e36b3eabba61,63034
3806a274-d69e-4101-b713-cc69774a8cf7,63034
6edee969-617c-4256-8855-e46ee68bb7e4,63034
b6fee22a-42ce-4c9f-811f-0406b55b2cb4,63034
6e53efa6-b7e8-4196-ab08-f3360f1cdce6,63034
d9f703d4-825c-4b0c-ab39-c75ea51254cf,63034
92b62034-e454-44cf-bf7e-a0af8c042815,63034
15a2ae82-1659-447d-ac30-d4830f23f0e3,63034
bf0b0d3c-0e3c-43d0-a45c-830efbe68ba9,63034
51949a69-060a-40f2-9b19-c13ad6c4010b,63034
57d41941-2a66-4a67-aba8-03879e47b57e,63034
1eacb889-4cdc-441b-ae27-55728dd9d438,63034
c1e87a65-d8ee-4184-8e98-3881673a0602,63034
ad88885e-7c88-4496-9ae0-7f0f3c3bb081,63034
4def663a-70bd-4d17-b2c9-fc063bd700c8,63034
6b106622-ae20-4f00-801a-61c512f173f9,63034
c8a38eeb-a107-4de5-9740-3438b01fb50f,63034
472ecfa4-d126-4a76-8771-9a691bbad919,63034
9fd56958-572d-441f-b21d-c34593ccd28f,63034
ed873885-adef-482c-b808-aa650bab3389,63034
bb1c130e-3ce7-4553-aae9-376bc0af8b59,63034
8ee2ef89-76ff-4b5a-87db-dccbd28a9a92,63034
aee7ace4-5f07-48c4-9e42-664a7db2fed6,63034
56a52e64-b556-47d0-9eb6-23347316eb98,63034
8661c5d9-8e34-4196-bb17-6f1f65352d42,63034
23576167-f5c2-4826-9bab-a215d3292794,63034
c6741ac9-274d-4138-89aa-af2bd9159184,63034
9069fca3-8842-4f83-8b8b-3933083172a2,63034
9c28c97a-9d57-4634-9298-547f3eafcf5d,63034
175a8ce6-c3a6-4fc9-8376-2dab51d9cfb8,63034
89093552-b4b9-412e-818b-5b95e0b73f91,63034
57721386-45f7-4aee-b2d7-15a9e9063d18,63034
974b0c3f-6c7a-4cc5-a460-ea40a1e90839,63034
acff5fa9-daa9-4c64-8788-639b79b2a7cd,63034
2c630ac0-b594-4404-8cdb-1b4f04a89da2,16077
dec873b3-a29f-42dc-a7c2-abae9ec6ca46,16077
4cc2d1e3-2dde-4860-a863-be00a41a1bd6,16077
017dce46-e999-4d02-9117-f488b20b37e7,16077
a9ef4993-f714-4f28-b6af-9cf842607d65,16077
b9cf0229-4169-4e82-ac22-acbef34f80ce,16077
cd2645d8-52e0-403c-91ed-5956060a8a06,16077
833bda39-7c85-4321-bf80-df12179dec22,16077
537d4435-0ef2-4694-a260-d35590a17ac2,16077
b2b448e3-93a2-433e-b2b3-d47708bd4b51,16077
2121d707-2f14-4318-b580-8175a58492f1,16077
0b460816-adab-4b3a-a09f-9bdba0da835d,16077
b21d1250-335f-4aa0-8829-6fac29895930,16077
da1349dc-6899-4b8d-8149-bb2d0bebc76c,16077
a1864ae0-d07b-4d58-b19c-875299162ded,16077
ea9c034e-27f8-4af3-9fc1-1c73d226de8d,16077
f0014aeb-b53a-4792-b7a7-3913ba069a14,16077
4aab04ea-bf1f-437b-9692-cc083e637825,16077
790b3d4d-062a-4245-bd89-687d9778b5cd,16077
19e276e4-43d1-441a-8423-45fb33090038,16077
8dd17355-18a5-4c28-ab75-65027565e556,16077
e9dac4bb-4fd3-494f-93c3-b2b1bec4c18b,16077
0676451a-485a-4814-8a33-618ac9494b3d,16077
d085de74-61f2-4a0b-8993-e8ea97c9b0ce,16077
892c18b5-2d8c-415b-a157-9f42891181db,16077
cef1ebc5-ef30-4158-aad5-90564a35da8a,16077
36d12f68-f988-4e62-bd71-5f7cf281fb1f,16077
c94180af-662f-4105-a991-bebf05ff26a4,16077
0ea66ae7-d37d-4041-bd71-179a1df6598f,16077
bf016788-93b5-489c-934b-d78e22817979,16077
892e3446-1502-49d8-8c1a-f218309190d6,16077
0e25307a-7b55-4a37-a41e-f1329fdae2cc,16077
c1adb50e-787c-43f6-8bfb-43044694d861,16077
ec6b0b27-8f97-4d1e-a9c8-312a3b461df3,16077
acdad655-e938-4f27-b1a4-c72230df82ed,16077
ca303c19-c35e-48d9-bf29-5df441b8eb25,16077
32cc2b9d-8da4-4524-ba05-07cbde0e5fa6,16077
ed5fdc22-b7b8-4747-9ed3-7bc33dca6307,16077
f2a13ff2-f275-438d-9a65-2653e02075a2,75141
4d7930b0-6b04-4e6a-9484-17f850f37378,87631
d8d3d3ac-7c2a-41fe-b45d-6b70b46c68f4,87631
263cf20c-5da5-49e5-be7a-91c9d8468775,87631
5f0e8369-ca26-490d-8864-e61e84eeeea1,87631
fda1f5cb-e708-4f5a-9f63-8eada07d9fe2,87631
9c89e7b6-28ad-4cc1-bc88-728c254fbd8f,87631
75f69e40-e9f9-41dc-a15a-6f0560fcb9a3,87631
a7dac19e-5689-4e48-866e-71f636603cf2,87631
fe432276-d044-4a17-82da-76559363d0b9,87631
4b224464-e924-4c12-9ab9-4fafebfa1d3e,87631
4c35538e-55b3-4c07-85b0-b9b9a4f61836,87631
9e8ab0bd-fc2d-47d3-a855-cc96bed1c74b,87631
f09e2993-a485-4c8f-8ebe-2f78df8add26,87631
19a2bda8-61c8-4069-baf1-54af8a03a3d8,87631
235f0438-8b0c-4e0a-8a46-efd3c4b93fca,87631
be118c25-9fdc-4332-960a-1561278266c5,87631
66697541-0dbc-43ab-b1e0-b253f2ee9a0d,87631
738afe08-eca2-442c-b029-50863bc74ab7,87631
9cf28bcc-d911-4921-b305-54682791289d,87631
ebcadb39-c2bc-47b1-97bc-3a8e1e44b806,87631
3cc305e4-cc7c-4bdc-979c-3d2831fd517e,87631
67ca1d1e-cf7e-4996-a259-da878e835fef,87631
baaffeab-4950-476f-a787-ef2ad1e669c2,87631
d802fd0d-4c4b-4f0a-93d1-eef13eff928a,87631
8fa44ef7-1299-4e69-b475-9a5bd82ab959,87631
94187329-7d05-45d8-b594-c3efff366342,87631
b30a021c-ec1b-4a80-a101-55a5e7a813da,87631
dfa5937d-113f-4766-a7e5-bf44d119a525,87631
f2e8b00a-ebb5-48c6-8d84-eec7c7e4c83c,87631
9b31e47d-52e3-481e-8b03-10138c3b7025,87631
7d5f020f-eff3-42da-b32b-ee51987662db,87631
af65b5fb-fa02-4269-bfd2-bea4b57fc99c,87631
caf57f86-94ef-4066-80ab-8154f7b6e27d,87631
88e550c8-8858-41db-93b2-d94ab2490ceb,87631
275e455a-d9e0-4e86-893c-1bbdeacbd43c,87631
a70c4751-5206-4c02-99fb-940713d6c738,87631
227560f1-e17c-46ba-94ce-e71712e8e764,87631
d8efe025-fbba-4c03-a26e-0ba7cff901f0,87631
320ec213-690d-4039-9e5a-b0af6428a2c4,87631
20ede4fd-782f-426b-b68a-bf8b74420c8f,87631
e079dc55-1fe9-4abc-86c5-b165c6f0f666,87631
d10353c3-544b-4484-a0c8-898aeec85717,87631
9597a16b-91b4-4e9c-b2bc-eab3a48c3cc0,87631
2d75d871-c1a1-42db-b8d6-73e68ae59241,87631
7a689652-cd7f-46f1-9e80-d8f0bd11c2c9,87631
6c3f651e-6edb-4f39-9c6c-8ea32a1a27f9,87631
1684f1ce-fd2a-4ff4-873a-7918bf199b13,87631
ac9842f4-f652-460f-ab04-270e7b184e2d,87631
4dc6a8b7-9970-4311-a24e-47ba5ec1b0d0,87631
474c9490-ef40-4f41-b088-8ae525e74f18,87631
109541af-4c2f-4af0-a54f-5525fda62f26,87631
6fac9105-f7b9-4127-b884-42d172257337,87631
9f6eadb5-9bb1-4479-893f-f903e518aa59,87631
90b99f60-c684-4333-b5b9-a7b4a0b217af,87631
0c4ca150-ba16-4ca1-948d-4abe72567437,87631
77af7cbe-61f3-45c8-b300-8fa0d5eb7ac3,87631
f92bf8f9-a880-4fef-b8e8-76642cc6648e,87631
99dca73b-c42d-402e-965c-a4d00a11ebca,87631
07c1a419-2212-46c2-9557-9157a899c2f6,87631
ed3a1ffe-1bc0-4f5b-be2a-b8fb83d27b1d,87631
a7576cd7-17cc-42c1-ad32-e5225d4dee44,87631
33e395f9-d7de-4f04-9488-0f0939f5797d,87631
3b93b1d9-5a0b-4b5a-839c-ff3828ed2a43,87631
4a739b98-4830-45a6-b1bb-0b8e2b8d9002,87631
e74453ea-da96-4810-a102-d15bc2ed21e6,87631
2b35e8d7-6c87-4df5-a757-b3c611783bd3,87631
6cb51abe-3341-4b97-8fa4-31bf40179687,87631
dde6eac2-964d-4d72-8da0-e02c596d9be2,87631
b6491148-3cc1-46ff-bb85-ddd4cdeb5844,62095
7484d6e7-790c-4107-934b-c8b01b83d738,62095
715a1dd8-8649-4828-bcf4-5abe8547bd0f,82749
8fffda3d-f0d3-4590-8160-31620f0b457b,82749
ff2dca43-ca28-4f6d-a3c2-e7d6b707dccf,82749
e3ce09fb-d41e-4996-977e-aedff9d92b3b,82749
f8a77cab-eddf-456a-8841-ce21f9b65f6b,82749
3f40b136-c2e0-4699-9af4-41875e1c2e4d,82749
9a335f0b-57f1-4072-891c-a103afcc78ad,82749
09cae505-5819-478e-9867-d2c83e6b887d,82749
f4e81ae9-68d1-44d3-958b-08a89af407b3,82749
7242ca44-71a8-46a2-a9c7-3e25a634cc33,82749
e0994835-35d6-47da-8226-b6ae1e62ed70,82749
61d5613a-0e1a-46df-8538-2d9cc5f4a367,82749
f9e02537-0a21-4e32-b586-2a4ca778c2c7,82749
d162c7b3-1640-4f81-ab8c-4e80244c4506,82749
a7742462-4cab-4847-a5a4-c44d089451ee,82749
09c74d93-0352-43c4-a92f-589edb77b913,82749
8f7364e5-7d96-46a2-82fa-dfa74301a895,82749
d990ec0c-0fe0-4464-834f-7c7752e80b8e,82749
44346d5d-1175-4c1d-8899-cdf26c6dd25e,82749
6b0286a0-bc21-4652-a5d6-50a544514f51,82749
07545990-72f6-4817-91ae-707c3dba3a3a,82749
a6124c20-9d0a-4f91-a124-bcf6c6d9b0c1,82749
2e28abc6-c6e0-49f0-a39c-9e3379ad38ec,82749
fc162b54-3e5d-48e5-9a1a-f7d8af2bc2f6,82749
ad41a4d1-9929-498e-8e61-ee775d0aad36,82749
66926828-53de-4eb3-a072-59a779825dff,82749
7800f94f-0956-481f-9507-f8b3ea3ab1a2,82749
2a5ef41d-7af7-4aed-a451-7968a1df64bd,82749
53e623c2-76d1-4069-bfb1-772352abec8c,82749
1006828c-c7fe-42d4-ad9b-908285f9a0f8,82749
a7b70d47-89b5-4a29-8871-abbe8864486a,82749
54773e55-82cc-4091-9844-681b49b43617,82749
c41647d3-b665-4d0b-b2cd-de1634ec6b22,82749
ec233c51-59e1-4bc0-ba18-3344437cdc40,82749
dec48448-e485-45ca-aec1-d9ae878822a7,82749
72f72a4d-d767-4be8-b876-ed09c6661208,82749
b94a127a-f9a1-41a0-a820-a66a19fe866f,82749
9fd87e8f-51da-4245-872a-f8db563af402,82749
600dc0b0-2bbe-4a9e-bd79-ac61350070db,82749
50d72ecd-cb8e-4334-8a88-fc3fde9f37e5,65651
b8bb9676-3ae0-491e-9922-05f3b76222c3,38697
3e3a75bd-4eed-4476-b3d8-12f286472fbf,38697
10e5213f-cdf1-4fe9-be05-a5d2e598dc06,38697
5f57c8a8-566c-4669-b1c8-3d6a1c5591f5,38697
654c7695-2314-4d42-bb4b-34fb17077c1c,38697
9becfb92-12ef-405d-b55a-053eea55af73,38697
7052b468-8389-4f48-9ec6-ea65f513b443,38697
dc81503f-2a97-471f-ac1a-39075702bb73,38697
38015057-e7cd-4710-94b9-602098fede14,38697
9a0a1d76-d0d8-4784-8bb0-52a2224672db,38697
03f70b9f-419c-434d-9c56-136976292d9e,38697
5c8ba390-a452-4ac2-9ee6-26de95eb3edd,38697
e3f6373e-7568-4ed6-813e-7b2242a500a2,38697
9a409a1b-3f4e-4903-83f6-44f881417f4f,38697
4ab27c0d-6d06-470f-b183-54e4b844622f,38697
02883bb6-0197-4834-b2d8-35f1f5d8c47b,38697
1f292750-d15b-40a0-afd6-346370dfc062,38697
bcf1bf62-9a2f-41fe-a286-ed2dd59b7011,38697
6787aab1-8785-4913-ae20-0860a8517ac5,38697
6564ce84-0447-4af6-8b77-3eb4620b9b4e,38697
ecc5f0b0-4349-4e78-8491-cefdc6c253c8,38697
24a854a6-e702-4cf8-8869-25a5532d0bdf,38697
26aa24c4-b697-4514-a757-7342c6f4f2fc,38697
dc4d5b11-ad02-4d31-af9c-0d7cf245959d,38697
9bd506fe-f481-45a1-8d2b-0778deb33a1b,38697
d724ea61-4424-4a8f-b815-1cec2eed7751,38697
ea6b8cf7-64ae-40c6-9eb0-866fb971e181,38697
1b5cad08-b63c-4390-b84a-c8512b7434de,50927
153b88a6-0f99-48a8-a7d5-a6cc6a774f3c,50927
6ba677fc-9aa2-484d-984c-99cc40805377,50927
2d01043d-783f-4506-b90e-bcf437f688d1,50927
a0bdcc6f-1bba-48a4-b733-616f113602f3,50927
4d096107-576b-455d-bc01-d66ee8fbba89,50927
e0a01e25-639c-4713-8c3f-47ab938b6b2e,50927
8b43c065-df98-47c2-85b2-3a365024a89a,50927
5729b38c-72fd-4e38-8354-6b889eae3c6d,56799
011b3789-3e84-4945-89d9-3188f9cf2fd5,56799
55f7cfe3-d36f-414f-99dc-1242c1691544,56799
03f1d4b6-db6e-44da-804a-5a7a65a5ebfc,56799
d96c44fc-1a2e-4f0d-8b28-ddc5db4ea165,56799
9d40a2d8-5d66-4cc4-ab03-cdf21cce0b5a,56799
62eb564d-4a86-4d3d-84b7-1daca30afdd2,56799
c8e3219d-622a-49d0-a67c-07bb847dec8b,56799
bd11b9f9-9f01-4244-b280-5f9c823906f1,56799
993aa8d6-e601-4b76-bc6e-298c105397b8,56799
e4b7d411-e411-4214-80c6-7f905fa1ae6f,56799
45298a56-6f31-4acb-8f5f-60feea1010c9,56799
7e76b44c-3da6-4378-9b28-98806bfa87e8,56799
857798e8-8fb1-4cc4-9f2e-3ab7f3c59a21,56799
2c5d6837-2cf8-4f4c-8df7-9f322b604a59,56799
f5168885-5fbe-4efc-92a1-34d22ea8e50d,56799
f0af3e37-f317-4ae7-a630-cf9a060cf66a,56799
89c25023-ed6b-498c-a68e-f9e0d7639aba,56799
d7fbf754-d343-4605-823e-037b62fd284b,56799
ac2746b0-b75d-437e-b859-79ecf8c5e983,56799
78db3541-9aca-4228-94a5-889936780ad0,56799
5768eaec-d42b-4667-8e97-f097782344f7,56799
27d2437c-8860-4fcd-9377-f99015089343,56799
58c4cf78-6af9-41e0-b7ca-0e141ebb3ebd,56799
98f7445b-2cc5-45a2-8650-c084b3256f1c,56799
b2b5427e-9ba0-49cc-87e0-6fe6a5287d76,56799
1442c411-6794-4e08-98a5-4ab5c42d4a42,56799
ae26da70-ed19-43ec-b36f-3d7f45a27209,56799
19022580-5db4-4420-9dd4-7d0f04a6946c,56799
06434800-1dde-4781-8a89-1a159c5d2e36,56799
d1319567-2728-44c4-8890-0e8988db1f32,56799
83a0212f-ab16-4cea-a29e-be24af3a77fb,56799
b7f102fb-a8cd-4b05-8b6e-18dd29179264,56799
7aab4bbd-016f-4f3f-9cac-0bf8c71bc7ea,56799
3d0dbb00-0e9f-424e-b50f-a5d38c2de30c,56799
ff7e9704-dd0a-4085-a7fd-804a410215f0,56799
296cde39-68fb-47b7-ab15-2a12813e4b79,56799
9c79e79c-63d9-4b98-9a60-e47b36e39e68,56799
a6a1fcab-e269-4e96-afad-caafcd1c5fd7,56799
b7d644e3-3c10-4dac-80a3-00bc78d75cff,56799
5239cba2-b44d-4751-9ad5-9f182278ca40,56799
9ea0f85c-bbc8-4df5-a252-c0b244f631e1,56799
6cb3455b-1298-4a38-bcb5-333b97bc8962,56799
ba57d734-51c3-4a7e-bee5-a34535f0face,56799
ce7dc427-bddb-4c66-b2e4-5524299b4675,56799
61e20c60-c950-4518-85a2-5486d9f6cfc1,56799
43baac2b-7fbc-42c7-b443-a1a6efc51b2f,56799
521b9b75-51ba-464d-b459-b797d150ddd8,56799
885b1f26-c87d-4054-943b-3aeb1df66993,56799
46c2c0e7-e701-4dc1-9e05-489a33a09988,56799
0c69e608-0d48-417c-8b0a-5c338cb8d5f2,56799
25064548-dca7-4116-bf27-868d4daeec3d,56799
425df9e1-ecba-4d40-88a0-98fbe48be40d,56799
cc4c4d42-d1be-45d4-9da4-7310bbd731bb,56799
b9608f8f-eb16-4da4-a6b7-964ea9ad0cf0,56799
28f6320c-32ea-4948-ac7f-c237dc1c43c3,56799
8206ca25-acad-44f4-ab2e-d38188b03230,56799
51f8316b-ae51-48fc-ac3b-c2b586f132cd,56799
7323b6f6-2ab1-4d32-b89a-5d267a74fb3e,56799
888b5807-11e8-4fb7-acdd-52f796ea6d15,56799
72625c25-5528-45e7-9fd0-58b499bf222d,56799
86a63b60-676a-45be-9c05-7024e2446983,56799
9a71d116-e5e3-4e68-ac11-45643788b102,56799
4c31934e-a90d-4052-a3d0-02974e7a3400,56799
fd0878ba-0149-4a5b-8a33-c86b49a0fdda,56799
2e7da7d7-9f57-4110-8027-01bbf94f2524,56799
bfe12c68-879e-46cb-a2b6-055638bd3ebb,56799
13c64271-f2b9-44b3-90cc-70ed27e9c5be,56799
67ec9add-115f-4923-95ce-1e08e0cf05b3,56799
ff665cdd-9745-472a-b730-d42ee018370a,56799
4e0523f9-df5c-40f4-bf47-98a3b4ba9a02,56799
2970b4ba-1078-42a9-81cf-a5441e1045ac,56799
4c745d48-5fdc-493e-a535-fde322f5fb96,56799
a7a4f92f-4820-42bd-84e5-cc535984e6ce,56799
fc255673-c7fc-4e5f-8022-cea190907b53,56799
df6508d7-795b-4a7a-8ff3-2ae7cd21b905,56799
ce750caf-2bf9-47d9-8cf3-0cd8411b6b10,56799
99ed2438-5693-4733-9fa0-cc12ea7e7f14,56799
01d3dcdc-07c2-4a2c-82ac-68dd7eb7e9f6,56799
d4473898-2adf-4295-9a9e-1f9667313cdb,56799
ea534d1e-f798-4113-a82c-f4a9367e1971,56799
f08b4326-7e81-463b-881b-2e7b429fd4ad,56799
142e01b0-4c3f-4ff7-85f5-32712d878cb8,56799
4846b7aa-5059-413b-a1d5-8548d47b1aa5,56799
92001e4e-2273-4309-9ebe-ccd0d07b9e9d,56799
24047cd0-f29c-41f6-a929-975b930d9054,56799
8fa9faa1-8372-4419-8d86-442e11825994,56799
fdf45a9f-d7e4-4586-8351-7340cce01280,56799
204a5948-b3a2-4d77-9616-ef2dc1772f27,56799
327fecbe-6591-4d90-8555-a5232e4ad226,56799
fc071f99-d10a-4804-8bb4-a9850714c129,56799
e8fff4e6-f573-4639-a44b-74d2ca4c8f0a,56799
d85fefed-b76f-47a6-9472-555b0f079c02,56799
f8df0ad3-d018-4319-967f-8f6364f9fa93,56799
88e6a210-cedb-4b7f-bc6d-2ad8d8e3c8e3,56799
1d2d55cc-a35e-40f8-91e1-fc84c7dc4887,56799
b9ee6f23-62ca-4cf4-8f5c-dc723a6c73cb,56799
b0a2f6ff-6342-4256-8d53-7da71e8b00f0,56799
f4aa139c-cd6d-4f28-9fc2-763015164d23,56799
b6375115-d669-4e12-b379-089284221fef,56799
28932360-0196-4e41-bf24-3c96b652cdef,56799
d21a354f-950f-40c7-abc9-4ecab23bc749,56799
7e74c2a9-3faa-46ce-8c1e-738232eedc91,56799
fb6200c5-e34b-49eb-af62-49dbdfc6ea5d,56799
c15e6998-b66e-4bb2-9238-478275a96079,56799
680a6f22-acba-4742-8052-d1e81ff17b37,56799
fdad0520-292a-40e0-afad-61a5fc05e602,56799
32fd0028-55cd-4e63-b2a6-3d19dfd4e5c3,56799
198be8d2-8b22-4c11-9880-c44b09ed5743,56799
10e9f7f2-4797-4203-be6e-b8b8b7cc7ffc,56799
f1359401-454f-4154-8886-c79ff0ec0e24,56799
a3fa8cca-5ea9-41ae-8654-cf681565e234,56799
fd895429-18bc-4a17-a10f-309c58ad07f2,56799
2114a6f5-0f49-4ed1-8970-a5de57825a3e,56799
1866e604-7caf-47d5-904c-d87e4f848a12,56799
f12e5eff-ffe8-4a18-af46-fa3cf80a6a32,56799
6cf57a31-469b-4374-9d33-cfdbfebcfbb6,56799
920dd163-09fd-4ef9-9d70-dd8ded5a8ed1,56799
46e4697a-7577-4662-b73b-04f554f87934,56799
455da5ac-be54-499a-a997-98c94bb806c2,56799
a6026543-581b-45c4-b60c-5f31b7237501,56799
3e45fbf6-dd39-4ce9-9fb4-21ecca399c24,56799
621812ea-ee40-4803-a95f-b2ff6c51570e,56799
0c57be30-2b9e-4802-953b-30029674cab3,56799
e1167ee1-2e35-445d-99cc-aaa75aefe77d,56799
1e65c220-7dfd-4935-92ed-08f69c53fca6,56799
2d51b5ec-039a-43f0-91ed-83c57556f93d,56799
44917ad7-4970-4670-b18e-ccda00e0d5c7,56799
b2dff3b5-757e-4858-b097-81b1c31a65eb,56799
0b977571-7891-412a-be3a-004f9ec933fa,56799
80f25c8e-2b99-41f8-b186-5810cdb9c78b,56799
8b01745b-9057-41e9-8003-0bf3d830d6b0,56799
f04f7d4f-062d-412a-9d8a-e2a883b6d7ce,56799
737cd8e5-024f-4ef4-b0f7-74c3f68cbc40,56799
43a91937-0b23-433e-a952-ba97eb3237cb,56799
2ad9b9c7-4664-418e-a3dd-31f9b5c0d801,56799
663bfb28-0b27-4cf8-ab80-07e5222aeb18,56799
8e53ae3e-429e-4eae-994b-10cbbd32161e,56799
fc27d809-97a0-44b7-aadc-31db6f4ba4c5,56799
e9da0cdc-7287-4966-a501-e8a6551ef790,56799
63103819-99aa-413a-8be2-814f187762e8,56799
fef23214-4755-4c95-827b-a9f2d31475eb,56799
da32a9b2-032f-4611-8722-82f87fb41637,56799
0d6e3496-2d92-49e9-961c-9ba466609ebf,56799
b17be708-7685-499a-a39c-7dec42674116,56799
2bde8b51-09f8-4e2f-9619-d0321281289d,56799
f03cdbf7-ae87-4752-ae3c-0faef9c61ec6,56799
ae378d1d-4f5a-4556-b12f-0fa8fdff51b0,56799
9c8a5264-6392-4cf6-9c2b-be965f861011,56799
81c5d3a5-0988-4925-98d7-cdda45ce8d3b,56799
fb140891-ff55-49f1-a5a0-98d757fa8fe2,56799
4c0d99d6-b30c-45a4-81ba-bdd41906a8e6,56799
3a63b15e-578a-4673-88f9-070b2da2d60d,56799
233ecc31-5254-4bae-91e9-68e0d677402d,56799
f504554d-a138-4c53-ac55-6601c19db416,56799
bd75bd17-2849-47cb-be66-947b6fa9ee6d,56799
1bf8d39c-b697-457f-b203-e7e38e9870d6,56799
4f4649b3-65c8-4b22-ade2-2ce42fa04ffd,56799
82f5652a-fd69-4fb5-8a73-8c31694b114f,56799
545454f4-3042-4338-af4c-8a340a231698,56799
8307740e-8604-4e7e-ae6e-3af4160972a9,56799
81bb907d-382f-40f4-9a0e-bee50462388c,56799
561c5bf0-68dc-434d-ab9e-7ffd8afaa625,56799
b3fd3e1b-73da-42f3-85dc-11a037ceef07,56799
b74fadc7-5d21-4986-b563-6de67bfe399b,56799
cb9f9574-0f44-44f2-9a68-261c09539ff8,56799
cb4dc9e3-3c9f-4ed7-b5fa-7b254575320b,56799
f30a5bea-12f0-4341-bb8f-6de871ebd44c,56799
af18e4f7-217c-430d-8c44-a9a4b9ad3901,56799
ea6495bc-bcdb-40a7-9a3e-61e37543dd16,56799
c0275f25-4a5b-4701-9da6-64f0d9c02d22,56799
1fd354f3-82e6-4e67-97a7-9c36ac041295,56799
8474bc34-94ce-4b98-ad39-c842efee0bfe,56799
23d4c368-e76b-4ce2-a205-17d5997847ac,56799
c7ada7f7-a269-48c0-b39e-6d3ca6c91c0e,56799
1eaff0bf-963c-41fb-ab06-b6c28e49243a,56799
5cc572a0-5eda-4f21-afd7-3d39fdbeef84,56799
e77ca84b-70ee-4cd1-bb3c-fdc0ffd94ccf,56799
aa247b85-2bbb-4634-8e4d-9bddd25da4f6,56799
5198f947-d819-44b6-ba5a-43a05b3727cf,56799
ad94f1f5-2a61-459b-9b52-bbbb428520c3,56799
042c6425-64dc-4758-ad47-e6868b8dcb52,56799
743a3f72-7331-4f36-8e52-abb20f1c7390,56799
f39e99ff-0f0d-4d7b-99f5-ed6f5136d0de,56799
373f5cff-982e-4a9b-97de-a15afa53a776,56799
2883b340-b7f3-4fce-8486-335a342eed56,56799
7415261f-cb40-49ea-a6da-d90a4d23101f,56799
c50d5212-3d97-4cc8-a868-8593e1a6d60c,56799
0936a0f8-7a95-4e76-b012-8bb27f0bbfaf,56799
05e36c08-e681-4c77-a439-a7294f1d376b,56799
d4ac936f-fc2a-4470-9a5a-05a4ec847836,56799
025c3dd4-a0b0-465a-b7e3-a17d5599eb61,56799
25e815b9-dfb6-4f11-a10e-4dd20800e77d,56799
55c38bb1-7fd2-4be2-a501-e8a19179d50b,56799
793d9bbb-7294-49d9-a274-f409796fbf26,56799
fd7247d4-7d93-403f-8795-fb204616144c,56799
fbb507b2-d9a3-44ca-b1a8-a1475ed32a93,56799
516963ee-f6ef-4197-bd88-2e652ca2314f,56799
8990008e-5253-4bf1-ab96-d7e235616b74,56799
f2a378e7-ee68-42fd-9aae-3a062d90426a,56799
6e493f4f-bae7-4de4-bbb3-39b01c18f68e,56799
309a517c-8330-4429-9c1a-33e1d9e51883,56799
f352a1e2-359c-47dc-aaf1-6d838271d919,56799
e83fd6b0-21d7-4029-8a40-3d4cb0eabdca,34703
3af0840f-d481-408e-9092-022f3deae062,34703
57b32fee-a752-4e54-a93d-b8dd6b19c60c,36205
386888aa-c784-480b-8558-a9c0d04fe631,36205
8c6be9ce-1133-4ba2-aa9c-1d6e35c44975,36205
bce43d74-1605-4c9e-a960-5dfacff571eb,36205
0d6eccab-e200-4d44-a072-2208eccdf929,36205
bf666441-75d3-4032-9c7f-d492121bd115,36205
a6a142ab-fe37-4433-9b84-27013109c03d,36205
e8456423-8cf8-4cde-806e-74551e4e1b68,36205
d89bbca2-b08c-4c69-aefe-841ab72ee65e,36205
ab8104d4-9649-431a-b9b6-d003a1d5c9a3,36205
ee777b94-ce06-45f3-a021-880ec4b294d7,36205
660e059a-d13a-4dc5-aa96-c00d26177aa5,36205
0fbbdc3b-213c-49ac-a3f2-c29f80596519,36205
90b8003a-9b97-4d9c-9504-78dbe2faa72f,36205
38ce066c-2109-4ebd-aae3-4ae15bc5e78b,36205
bfc83f56-a9f3-45dd-8fdf-e23dc969e21f,36205
1f30612f-a530-4888-bc3e-53eb02ced41a,36205
ab7ae363-f7e1-48cb-a2f4-eee2ddc80cb0,36205
febe95a4-7eda-4350-a0ca-bea4108e137c,36205
291dda76-bad6-4b59-b6d6-bba832350ee8,36205
e9366fbb-2d1e-4010-8d11-309629f01f54,36205
aaccd908-0a75-4e66-bc79-0bf617cc02de,36205
0173d7fb-fc07-4d2a-b5d5-67bed7ac703f,36205
c53dded0-13e1-4868-a3e7-a3566e525394,36205
41974bff-fc8d-48e3-a7f1-7b048782aa25,36205
c545d48e-1b19-4d54-a9ed-2b50c06bba99,36205
f0e24aa6-6d6b-4ff5-b925-026abd5341e9,36205
7ae6c212-1a99-47a0-adb8-686b583b300e,36205
f1778c18-993c-45b4-8eae-7edf75ee65f1,36205
972e3bf4-8d9a-4c52-b913-1e918aecc201,36205
a627cd8c-910c-4bc5-a778-56d5d9785a6f,36205
035647cf-4d08-4289-a369-66e7c9e02e52,36205
d4f9fccb-b3f8-4537-b19a-8e8b3d5df582,36205
3f37da15-a8c5-47ba-8994-e5e0fd67f3c5,36205
6d65131b-4725-4e64-a1cf-57fc281e018b,36205
5c2d6672-23e2-49e2-a3df-800ad994109e,36205
fe058e26-e686-4715-8499-53fd8b55c584,66894
4846b17d-690b-42f5-bb22-994e862da230,66894
65526afa-8c32-47c1-a731-082afc6315d5,66894
9dffd35b-dec1-4f6a-b488-114277901cd7,66894
07d59001-5d21-4c16-a327-3c5adb790591,66894
36da949c-0dab-4e34-aff6-be1ea299fc97,66894
b4b2bfef-e34f-4aa3-9338-32617f419eb5,66894
0a202852-c1bf-4a95-9685-d298c0971a74,66894
baa5fb27-ff06-451b-a180-ae623b0ca7d0,66894
5d270e8a-d788-409d-802e-0895c4b4d922,66894
ba8e0603-3958-42f8-a387-5e4f46d4cfbf,66894
c1b43714-d7c7-49ce-877e-697076d9fd8c,66894
5f4f0cf5-e1ed-411e-b5d7-68d36a39559b,66894
18ed26ed-d1cf-4932-b7f8-ee6cfda73383,8372
37036f06-093a-4689-bac7-6b5d1a73f2c7,19982
f2e113f6-986e-47ff-acdc-0183fab8f430,19982
ec9ecbc1-71af-462e-8f34-d8db5234e697,19982
6f0d92a5-70de-4b1d-a970-21f6ad4c63c0,19982
5223ad7e-a277-43fd-9d03-c43f1bc9b3e1,19982
ada11b33-99a2-4c8d-b2e3-6548ddff5424,19982
9d01af6f-c5a0-44b8-9604-c2e96c059667,19982
6d19c1e6-25ad-4b5b-b35f-e661d21ba320,19982
e4f8d983-8e93-4903-865b-4fc42d4b3667,19982
20638258-875c-4f46-ab49-c65c8843fcee,19982
74de3be5-a993-4ce2-bc58-b8f6e7a587db,19982
04df403f-df76-4794-8ccb-e5c98880903e,19982
70becb56-37a3-4a9c-890f-e54a2f77634e,19982
cbaecd06-9525-453e-a87d-a44b5534e070,19982
8ccdb200-ab9c-4ac4-9c76-456374b31c02,19982
c3b25858-54c5-42b6-8092-16533ebe9795,19982
c5fcd857-c51f-42d7-807c-19fe8dea3618,19982
dcd631ae-957e-437a-820d-3cf60b935f47,19982
66590b3a-9248-43cd-bffc-631f41ed4c7b,19982
cae72aec-8e43-4bd0-89a3-24fe1dde82ef,19982
03cbb701-b887-482e-aabd-dc2defc8765a,19982
7854b91f-c921-48ea-9379-afd0c97eb658,19982
0f1ec24a-2238-4b03-8ec6-08b8bd453088,19982
e717d49c-17aa-4bab-bce1-9e468faa1fdb,19982
b2120e64-2f2f-4b67-9442-068f462be01b,19982
06cd2ba5-b6ff-42ce-8731-29ede4af7918,19982
d2007ade-e3b4-4d2c-9ded-aa06aa91e433,19982
45b20ef1-a2b7-467b-9b36-1982c4f1cc43,19982
0adda8c1-4374-4411-9df5-b2f1e0a3219b,19982
4f22dbbb-983d-4a65-a329-a1e761b4c15e,19982
0c85e1ef-1c84-4178-ad2d-01c181c3d2e8,19982
46ed79f5-4eba-4bbb-8c5e-cfc245fc40f9,19982
d34c4cb1-2da8-41ed-8101-c8210e076057,19982
afa136d6-3112-4114-9f5d-01ccac3bd405,19982
f6c25a17-e699-43b3-b6f6-c22d46139da2,19982
7f3762d0-7beb-4672-9f3d-afd7cb7669d9,19982
2624040e-52f9-4d74-9f9e-088967050a41,19982
e3700e27-679b-41a6-86df-9924e4996ae8,19982
a9ea69c1-4b5f-4b09-b55f-f0ccbd4e834b,19982
5e188484-e1c2-436b-9c75-4e7a210bf666,19982
cb900e20-1be8-41bf-a106-e11cc4e2dc5e,19982
4f44813d-920c-4226-bb45-3b1566d41756,19982
bf9fb7eb-f916-4ea2-9462-d8f10afef8e0,19982
46011508-2497-43a0-8929-ce1c3b337962,19982
abc57cb4-cb80-4217-a583-6d315571d078,19982
f3f0bdc7-79f8-492b-99c9-2c095769cd04,19982
2b2d4db9-6805-40a0-a202-8802c4ea963a,19982
8e49917d-4b33-4f44-9fcf-a5d36e7a18b2,19982
560ce475-383b-4987-83a6-27982e40b173,19982
f1ac27b5-a7ba-4ed3-a339-ba49b6cb586c,19982
3d54797a-0cbe-4697-ae9c-4507f5d2ff58,19982
3b035b2f-d4bc-4380-bdc2-44d465e80608,19982
b8c6cecb-1894-4515-bd98-a869a96a09f4,19982
fc2c7ee0-cf99-49cb-a1fd-992a31903184,19982
76706833-4210-4850-a952-218448d86622,19982
8cc8662b-2f74-4229-a52b-f759b0e8c1e9,19982
cce23aee-0c83-4335-9c90-9487ae3bb9e2,19982
2062da0a-2786-46e4-a497-e0a63f1fc2d7,19982
2987b431-6fbe-4bdd-8fb2-0a94246156c3,19982
50cebe6a-3c2b-4a00-98fe-89873fa71938,19982
74334448-db81-4321-894c-7679f9905864,19982
17bb51ce-1ab8-4136-aa69-99842cec75f7,19982
ab10c14c-c9c3-4964-a4e7-c8f59c6d2d3d,19982
e040c380-bbd7-4a45-8d7c-b8616b4df520,19982
7fd128c8-f51f-4ba9-a477-d8d79f846fd4,19982
794be2a3-4969-406e-8612-8652bb59b283,19982
a55ab2e9-8a88-436f-beaa-4c7f4a2b9147,19982
901ad8e3-3e33-4274-9c6f-0c7b21bf2553,19982
5890faca-1328-4e56-a600-15179ee0a9e2,19982
15ec6a0f-5b1b-4598-97f9-00ed36ec1be6,19982
deb59ca4-20a1-4c3a-bea0-b96d3ce9fa9e,19982
b7af9f2b-2530-4fd7-be88-d467788880a3,19982
99e1510e-a8f4-4b20-a6c5-04bd886d1728,19982
31d22cd1-da63-4f47-8304-0a63936a8914,19982
11488f97-560d-431f-a042-d976998eef52,19982
f3c781d5-cb91-4a60-bc63-1365756a5d2c,19982
e65c65d9-2444-4ad8-8013-5c7c67f18852,19982
ac79e37d-2a7b-44fe-bdb3-b9aae1d0fe92,19982
d7245193-81e4-44a1-a49b-9681c978811a,19982
23eabe86-6b20-4fc7-b223-c075bc77de69,19982
51392ded-ac57-40e2-a2e8-78819eb976fd,19982
c1bd2e42-049a-4a78-8c38-a960aff834e6,19982
127c5ede-f851-45ca-a515-57835dbad485,19982
09890521-e616-4637-8abe-7b612c572916,19982
4a4b27c9-b82a-4071-8e69-b34c4014a96e,19982
cd7cf50e-5640-4ff3-9e46-f6335449ede9,19982
55a74be9-d32f-474e-b9fe-ad716d277c42,19982
c7de5190-e43e-44c0-a682-5c0a847f9128,19982
7f8ee29a-4687-4d45-8b08-2834d4198fbf,19982
1e861283-4b38-46bd-a454-6898dd519208,19982
855ccbbb-e8de-41c0-9cef-41b7299fd4b6,19982
60fac11b-5218-487b-a52a-445b78860660,19982
47199944-6d98-4b6d-a12d-3b02af6852b0,19982
98a22de2-22dc-4e90-bac7-42c24ab788d9,19982
c415f18a-ab58-4859-b4bd-cc7f30f1d7e5,19982
895a1a5d-fde4-40be-a216-ea99cd0ac551,19982
2c64e64d-8af6-4b6b-91d1-7c92265f68bc,19982
dc7fee31-c732-4356-ada0-5f61f8380128,19982
76514b58-7fa6-490b-a3d3-5951aa83f0bf,19982
37183e32-26b0-4f22-85de-39dd41b6cd75,19982
6bb51770-6fed-4765-b16f-258804117039,19982
668a3a52-d059-417e-b249-3d358ef494c7,19982
72dcd7da-276d-4e6c-a214-f6da1b903467,19982
93cf5f5c-1724-4034-9dab-518943169062,19982
20e7342d-58cb-45f1-9072-be6813d20b57,19982
0ef17bf1-b4d3-4e69-b5d0-a59e1fb800db,19982
297d891b-0953-4820-857d-fcc516d8c198,19982
99875d20-50a8-4fb4-bb48-71f4002a07cd,19982
f1677842-e8d8-4b56-b39f-dd53e2bc8295,19982
f4a7e8bb-ecb9-4172-a246-19a441744b75,19982
e09092e8-bf9d-43df-9779-2aacf803fed1,19982
9778f312-bc55-4618-bd22-89ad801c7c3e,19982
0c17f0f8-653d-4678-b27d-cce10b8886d7,19982
9148761b-1a04-4f81-bf30-88cd3d7dae55,19982
ede614ed-3954-4d29-b178-9bfe22c78d6f,19982
373b4bd7-ee6e-4502-8331-faf5439a09db,19982
fd1f7a98-0a74-438c-874a-47c26cd79f48,19982
a25888db-4b65-44c1-97f1-c06ccf6ba024,19982
9ae3d736-6af1-47ab-9e49-be8587d27e15,19982
73fd1f40-d2fb-4c6c-92ee-fd3aed4fdc97,19982
a195a9b9-2eca-4952-aab8-6f84690e5d96,19982
ccb93387-3b75-4b14-af81-96ecad5e2d50,19982
c96b79a7-3aef-450c-97e5-0deb2800f619,19982
4f876d85-f936-47b2-9c81-eabfff5821a2,19982
adcafa7b-49e8-44ac-ba6d-35fc1703d9ef,19982
8e8bcca7-dbf2-4ee7-a6af-9662dd69ce48,19982
e3e4b57d-2dda-4d26-a0c1-dbf475eb2113,19982
6338c5f6-e597-4871-b828-c84c517b7d95,19982
76608cd8-fad4-42ac-be90-64b4e47b0203,19982
b0061c0b-dc12-4a07-9184-f0c8fb4a12f0,19982
394e881b-150e-42db-a769-956dce53588b,19982
13cad4d7-9f93-4187-829e-35c7e33c16be,19982
fe0e1eb8-4290-48e5-b114-240950a1fd51,19982
77bca9e9-d082-47e9-9123-7b65dcc0e745,19982
1a90253b-035c-4f47-92d2-7b2f8540d389,19982
2a74d01c-22bd-4518-b946-d45c19400169,19982
9157a5ff-9742-4282-8eb2-2f0ea78f4173,19982
6a66196f-236d-49c7-b3b8-c7343be6a657,19982
dbac39dd-c7f5-4153-a3d4-4b366348ad7c,19982
7e836f05-1110-4b73-b402-d063ee1c240c,19982
e278a9e6-3060-48b8-a597-e082cdc78baf,19982
0938d8f4-1713-4bb1-b439-e889eb8325aa,19982
6a528f2d-1c36-425d-9693-0f37e35d6f17,17553
17309ded-75ee-44ce-8681-df6363904644,17553
166b0309-0705-4461-91dd-8b0341104bc6,17553
71ab11f3-0ab5-4c01-abe3-54185d6ac56e,68905
90507933-204c-4242-8aa9-0c6ceaab8108,68905
0cb8e171-c0f3-4740-8d95-271e1e81fcd6,68905
8089a065-3e91-406d-9d30-96c79226af9e,68905
36741de1-adef-44ef-8a2d-ddb5381dd5a6,74547
bf26139e-a506-4d87-9517-8321a82e2bd1,74547
02a96d4d-01f0-4c9c-b146-405986b883fb,74547
89a4925d-0ad9-44f2-a616-9a3e7914b714,95228
79ece22c-a934-4c12-bff8-852205af97dc,95228
73dd2720-2154-4f08-b8b1-da8be419e722,95228
61d37047-7ef3-43f0-9c3a-f2b0a2a6e175,95228
fd2a8775-7ab4-4260-9059-92386d37d3f0,95228
8120aaba-84b5-44fd-821a-ca1fda8a74bf,95228
78d8d019-434d-4722-918c-9a5c8a5257b6,95228
2717588b-8e06-4558-9e93-a2451ccbcd18,95228
a5c2ca74-3b6f-496a-aa64-465e71ac2764,95228
2e01ef5a-c112-4872-b723-82dfe3b6828d,95228
56a37ebb-4d0b-4409-80b3-369273fc6f67,95228
6d5b4352-d55c-4e59-b1b8-6a1d2f53e7e0,95228
a5250f68-1260-4fe5-bbf1-317befb493e0,95228
6f583d4c-b26e-425a-9513-0c1d0d04e9ac,95228
b0af4e7f-776d-4421-88bc-7b7c1f49133c,95228
17d9b6b8-5c5b-4adf-8e70-602214a9fadd,95228
50b2a520-f04d-4e1b-b5ba-742b2899010b,95228
e9f81527-7443-4aac-a991-f7df2080d799,95228
2bbe720b-7ddb-4a03-b220-b9ecb4fb3775,95228
32108350-1c6b-4dda-b67c-7e2d37854d3e,95228
88d8fc92-e411-4b44-b457-0ec9285cee71,95228
b58199b0-2683-4889-a66b-4339685046e1,95228
e98c7d7c-f6b8-47dd-bc10-819ca9b9d751,95228
001e3217-4473-42f4-bb32-46d3992516c6,95228
8dbf6cee-8716-4bb4-8bf7-4bfd1c36a9ee,95228
607eaf5b-b5d8-4394-9728-a33a504a7730,95228
e86efae1-f279-4fe1-a123-38d4898db485,95228
93883b7d-3460-4587-a984-4612b271a889,85552
da326461-a9ee-46b1-a808-9422023f0fef,85552
aa46b649-066c-4c2a-82fc-2ca5b3684190,85552
21f5b4a5-13c7-4351-ab29-c4ef8db61e6a,85552
08a6a94b-7a67-4e12-9524-65bee2c60b95,85552
11dc0944-9970-423a-9954-fc27db59a9f0,85552
957d5f4f-9ce2-44cb-84cb-44372cc6bc9a,85552
a054b650-95b0-4a2f-97ea-c18d49b69686,85552
4ff98ff0-8632-4392-8c82-46837c626a54,85552
d6e1f0d9-4ddd-4c42-8c7d-6075ed19beec,85552
2160ad98-3124-4bdd-9e28-004abc0209da,85552
f6b1ff8e-90fb-430d-b138-30a1ebd1d19f,30808
4239eab9-aa99-4d61-b99b-c8392d62f163,59024
09086b0f-3cd2-4605-83c4-8e7988227a34,59024
8348d2f5-e9d4-4290-b7b6-f271da5c30ea,59024
1c5ef59d-d09c-4076-bfca-b128502570e5,59024
1956d36f-f033-47b8-acd9-a11a01a03523,59024
7a371d81-2417-4065-9817-d3c609ce6917,59024
d320c9c7-d80a-4533-a3db-fc9af09ac134,59024
b4218658-e614-4118-9ae1-11a533b15dce,59024
4ad87a25-7f10-41b6-8587-64e623c2aaa4,59024
d58cab94-1f37-4f8b-bbc3-83b19ec86c71,59024
74c63f82-7a4b-488a-a470-fc1d539bc04d,59024
3c525082-549a-4683-8e24-767a7e9ebef8,59024
ac5de254-d8d6-4145-8daa-b9232b627325,59024
dddcd759-661c-4683-82b5-77b7eb3cdeae,59024
a89e5098-4f65-4086-8f67-22770f7ed82e,59024
1c08a738-361c-4827-a59d-d9b1b5c07d10,59024
f6219a86-d334-46cf-b7d4-f06c9f3ada62,59024
a342b263-6e61-449a-9dec-1de48827f16f,59024
9e0209f5-4a67-4a45-8f8c-fbd695d511eb,59024
5601b108-dba6-4f5a-9ef7-928cdcaa080d,59024
57b6d3af-6445-4cd7-8c69-0bbf43327213,59024
8b3aaaa3-ca4e-4a1c-9d31-122a33ff811c,59024
932186af-3def-4ede-a54f-1aabaf084452,59024
4ac7b356-4855-4ad5-9ddd-40f108bc31fe,59024
e3983741-5055-488a-bb1e-8ae57efb9c46,59024
5de12cc2-abc7-46f7-b358-0967118469b8,59024
de6355f9-3677-4154-8a74-cecb7844b786,59024
b80e135d-6780-4f5b-8b27-0dd2307d8de7,59024
15a75c9a-e747-4972-af22-ca555494703a,59024
3b624f6d-9592-4488-9276-bfd73d5c57a0,59024
02524a39-dfbe-48ae-92dc-15ce80b967da,59024
f59f8c40-89df-4422-9ba8-e4c45a7c6ad5,59024
24bb4d59-b818-4f84-a641-36a8f42ce075,59024
ab99ca64-4193-4135-82d9-1a528d600f0f,59024
b147a602-9ce2-4dc1-a473-6494cab136cd,59024
b5438b76-694f-4242-993a-aba5f9ebe300,59024
7daa2937-5e5a-4ce5-9dd8-cb79597c469b,59024
f1bce977-5c57-42d1-bdc8-a4e5b0e45351,59024
191ad322-667e-4e61-bff0-e1053911385d,59024
81b7feeb-f417-47aa-9d24-11ae48705f67,59024
9abd1f21-b4c1-42ff-9e5b-fa15043c6cf5,59024
91378623-2216-4f62-aa8b-25aa9e6259c8,59024
8d6916b5-a91e-4813-b431-07461ed891e0,59024
2130ac6f-32e6-4775-b0c5-5f1233e5693b,59024
3dcc393c-975f-4779-a190-862aed3e891c,59024
b80f3a6c-6b8f-47d3-a52a-fb0ecbc4be33,59024
52e80562-f9d5-4869-b275-ee65d357c8b3,59024
d5c78993-d09e-4bea-b779-ed4386d53fd7,59024
8df720e8-8b82-473e-842e-c4f3882b572a,59024
12632fd2-f2d2-4b52-9e44-21195a2fffba,59024
c6dcfcd1-d4dd-4135-9248-c3978e1342c6,59024
235bb600-c467-4c05-991a-624cfa7eed41,59024
935c2728-2397-4e91-ad76-a1b663900207,59024
d21eb1e5-76ea-4c64-bcc8-3df5d970a2fd,59024
2eacb5f5-f916-4b18-8751-809bc9f1ebd5,59024
0ef18cef-07b3-4011-8297-fd5a3f4a91dd,59024
21488950-2812-427a-9ee8-07446972281e,59024
d5fe03d5-3b6a-4b20-a9b8-6e634e04373b,59024
3055a8bb-d715-477c-87c2-f69644316b73,59024
db200e20-fd84-4de2-a9cb-138b66f65e65,59024
a9fdaf24-7e27-4856-a4b3-33716bd097c0,59024
816d90b5-5875-4053-bbdd-cae14ddf183a,59024
e55b2ecf-b255-4397-a985-4d635b7e0a89,59024
bcbbbbaa-43d2-4254-b1d4-031cb1539b6a,59024
61d19696-6809-4e67-ae8b-9a9cd5ed2476,59024
278c92ac-b6ae-49da-a17a-d4f8099e1068,59024
9e5ef90c-732f-4aac-8606-35c79ad21707,59024
72a0ef8f-a05b-4be1-bde6-f04f8db368a7,59024
4860841f-7f1b-41e1-b752-c03a04c046a2,59024
7701d2ee-d978-4c5a-ad16-fcc95a2cfbbe,59024
b18d528d-3697-44ed-ab3a-a0b54604dfc8,59024
c4f7e7fc-abc0-4f4c-b6d8-781949e989ec,59024
f6ff6dc7-c2f2-4974-a1db-eb2e03944701,59024
d722c433-6134-4a40-915e-89b43e833216,59024
1999f53e-215c-418f-94ea-b863429e0f51,59024
05044f89-a1f3-4b17-a2f8-df1e20240b59,59024
d00d793d-1985-4e6f-b070-183e4c697352,59024
af1f4636-af90-4612-b34a-5166e1c85c56,59024
4e4fa43f-2b2e-42c3-9779-b83760a1dd61,59024
c3f15b90-869c-4a6a-847d-d02cbca20cd6,59024
0f4ee6e0-6101-4bd2-8006-89a6fa0ccf0c,59024
ca864939-f013-49da-add8-210ee2506be5,59024
80b048e9-5113-45c6-809d-19ca201ac7c7,59024
6dfee1ab-a83e-4596-b6c3-2e4e4e0d7411,59024
9473920b-c8ef-49c6-b693-f96042dc52d2,59024
de3ddebb-47b6-4af1-ae5f-5b6c90358ee8,59024
dbed4ad2-59e1-4614-a8db-e5cb553cc128,59024
64061725-7906-4493-a18f-b251bd131883,59024
4ed33201-e2c8-4321-80ea-0fd35bc1d2ee,59024
25750ca0-49ed-4fe9-9e50-3ba8dab424fa,59024
1358f560-5e12-4b99-96c5-ca0511ea401b,59024
6cd9d57f-7874-4cb4-a341-d853a4561003,59024
d2db2938-f2eb-43ac-b838-dba41facd01f,59024
7ef3b1ee-b455-4141-8ef1-6138c6e7326f,59024
75c6b8bf-45d8-4f27-a80a-5a286b80fcc7,59024
67fef9ad-724c-49b6-809c-b9134c8186bb,59024
e041c027-3100-4ec4-b267-4776f7fafb72,59024
64e0cee9-5f58-4e95-a8ce-a0be2e8c6adc,59024
c26ad137-eea6-4f74-9b24-196175b105f9,59024
763eab19-e470-4093-ad47-e88c2d245cf3,59024
9b80567f-7532-4e64-ba82-d8b4a44b8251,59024
2eea51a4-aeb1-4221-a61c-c7ff8bfe1c00,59024
95c1baee-6308-4e0d-81c0-8a417c567f10,59024
49071c04-b99d-4874-9661-dd57ace14011,59024
e73ddb10-23a5-441f-b5d7-1d8ceea372f7,59024
1215c300-a859-47c3-aa63-3f17ff6eeefd,59024
a2ac1c8d-84eb-41cf-96c9-97e6bbe79205,59024
58d6987f-1b87-4507-a97b-baa131e6da5c,59024
b915a789-6b9a-49a1-a48f-4a2267068d8a,59024
ad57d775-ff54-451c-8344-0736c5f1397e,59024
0725633c-9509-482f-88fa-3b933ba70806,59024
7e2f3592-8e1a-413c-a113-8b7adfa5d7d6,59024
281ba986-a648-4505-a89f-c14b0a5f6dda,59024
79c8de60-6845-40a8-81b3-e7d8a63cee63,59024
ee5f3d7f-b1ff-4306-86de-b6ea05e62021,59024
a76e6450-0115-467e-9f1e-4cfa544b09eb,59024
ee174e8f-4a20-4696-a560-5cb389e1d1ac,59024
ea2ea7f2-9eb8-4357-9cc9-4430cc3c5ad5,59024
7f78883f-e56e-4010-aa5b-e999c8d8f7bc,59024
7238fe06-79c8-4bcc-84ef-ea3e599e14d5,59024
67e05e99-3d8b-4b7c-a851-c98eb409da2f,59024
3f26f12d-aa4b-4d72-891a-41408d776b98,59024
6a1c17a8-e4ee-45ad-bf10-faaa957acec4,59024
971e8bf1-d3b6-497a-a359-6099781f0913,59024
b0153bc8-fb0d-4953-980b-41f7771c1ea0,59024
33dc3173-68bf-410b-99cb-530d7f6b3987,59024
46ff8a26-cbc3-4eae-92fe-e76cf0b92a3d,59024
ad431aff-1ea2-46bc-8ecd-da907cda11bc,59024
4835ef94-5786-46d3-9954-825b72cf1797,59024
2fc556f6-ba63-4f1d-8147-338ff422bafe,59024
290e168f-a26f-443e-b6c2-f13c29cc6d2e,59024
5dff905d-7869-4280-aa55-384c11904063,59024
0ed21c85-0835-4dcd-a52e-57a367d6312e,59024
e78b97db-bea2-47ee-99c1-c38d878d3aef,59024
d116ff02-dcc5-4a88-9fe0-cb7a90206e3c,59024
07f36d19-68d5-4b31-8f1d-fa3363c4b010,59024
3a3919a1-a76f-419e-9cbd-ba94d5e499f0,59024
c73d0046-51e1-4fb2-bf44-a7d0af391629,59024
b8c96067-b43e-4362-af9c-d9ec9b9ae49b,59024
fd9034eb-55f4-4691-ad88-786465f370f6,59024
34cb97e5-4c90-4d6d-8ea0-1863f0a21dd3,59024
6f90146c-ad2b-4285-848b-24617baaeffb,59024
f5f53232-269b-4f1e-aacb-0bccf8d56de0,59024
b4e7af59-6eb2-4735-9b85-304b4d1bf87a,59024
35c701b9-223b-4f55-a9d9-1374453ec681,59024
e6bb8bd2-9f07-4f9e-a996-55d12c9b6f8c,59024
8d0aa900-dc1b-4d51-9c22-2a9d9c552f4e,59024
0f0da752-00e9-42b2-b4fd-17911bf2dc2f,59024
26294672-5527-49ed-8a12-aa3768627cd9,59024
508f616d-7191-4003-a6bb-14412d8e5aaf,59024
d43a150e-a95f-4b8a-bd0d-1d642f27a21e,59024
f334a016-be95-49f7-8188-0e9ddb2790e9,59024
54e48ead-5918-4df1-8878-a1b32479da9f,59024
4876799e-9682-4ccd-9350-6e1738adebdb,59024
2db06901-accb-4e86-a5a4-1965e9ead56d,21417
b10dc50a-a503-4741-8285-28e13a91630e,21417
1d14156c-e6fb-4a1b-8710-8d350d1d8753,21417
7a347103-cc79-4640-8e62-b78875fabc60,21417
b5afaa33-6de6-4144-bd17-74aac6d7f5aa,21417
c62e2405-9759-4e9e-ad5c-d976cf2d93ac,21417
92721c5b-61f3-45a5-9ebc-9bb089474aac,21417
549fdd6d-8c75-4cde-ad15-a6f04a2cdf4a,21417
9f239c5f-fa4f-4569-b754-7a3283871453,21417
ac8c2c8c-c6bf-4acb-a591-8364336d0cc5,21417
8fe3b10d-e4b6-47f4-9dfc-e6bfa276e49f,21417
957fdda4-58b5-4c0a-8969-f4dd7fe7e374,21417
d0fd5346-bea1-498a-bfcf-2aa49e1b4a22,21417
ef95d2af-0c72-43fb-977d-906c35618b25,21417
80988f9e-bb86-43ce-83b2-d078725b7421,21417
81315c10-3abf-4c8e-8000-451e6e63b864,21417
ca641686-4e15-42ba-b01e-a0602cdd1495,21417
2d8fc727-dc05-4733-8be6-52dede43349e,21417
87a6cc20-80c4-485c-83e4-050153cf834a,21417
aa8e2177-2ce1-4fcd-bcb8-9411a3c6ca33,21417
96cca002-141f-4afc-8961-56e6b31563f3,21417
661ff877-9b41-4e33-b3a3-d68bdc459b01,21417
687cd9f4-f328-40cd-bb84-310959616833,21417
b71d9406-3d8d-458a-b2a6-54b73bb710f7,21417
8c39fb47-74b1-49cb-953d-d1299b0a8099,21417
1e0a2deb-6387-48b7-9868-d1209339c527,21417
217e6527-ee4d-4216-a087-d79f58c6ff08,21417
b68ef6cf-bbee-409c-aebf-5edbde5b49bd,21417
d89ea056-8952-4305-b68c-77328f94eaab,21417
3a9ef14a-2fe0-40f8-8aa7-55b64b4228cd,21417
83978534-21e4-4c71-87c5-ebfb26ebff02,21417
6d7e9d73-7bcc-45ad-b673-f7c486ad28bb,21417
59fd507b-6309-43a7-909d-4a9c6fdf3ec8,21417
1e958d12-eb58-405c-936a-eb7abfc1f9ba,21417
9a9876a0-908b-48c8-be71-0d90ba3dd5a0,21417
4f61e9e5-f571-45fb-b706-940c09cfbd5a,21417
d7874830-559b-4cb6-8775-0977a5b5541c,21417
73105cd5-1fc5-472a-b475-8617efa5ad34,21417
e0000982-07ac-411f-94df-2df82c93e531,21417
7ca3506e-6e74-4cd5-b39d-3c53b4c21679,21417
d02ba764-8203-4f49-b4e2-d73f494268a0,21417
ce92391c-c3b2-471d-b150-8213a81e31a1,21417
aa1b9ca8-8a4c-4249-a40c-3cb9425596e2,21417
e4ae3562-762e-4055-9fcc-a18b701a8f80,21417
cc4f22d7-14ee-417a-b35b-b9e2109c9873,21417
1bbdaa6b-8429-40e0-aeac-e1f71ce74bd1,21417
b6f3f2e6-73be-4f6e-b9a0-45f7b8ca8d75,21417
aa7c75da-95b0-4283-b63f-39b17f0d9c72,21417
033a2fec-46e7-464f-a701-bfdad82c3013,21417
a31a7400-c2aa-480a-8bc3-b554c9760ef9,21417
65a91c0c-9271-42b7-bfd7-276454794d28,21417
32111b5f-803b-47de-b739-ee7b0834fa2a,21417
38caa2cd-7698-4957-877c-56515eb44f14,21417
e85ff227-5d45-49e5-abde-4a0c75dc3a08,21417
d249330c-e745-44a7-95c7-125f36553eb7,21417
bea07974-0f04-4fc9-8f01-5d14b5af65c7,21417
87028948-35b9-4ac7-8507-8fe088e26ba0,21417
8aa31825-063d-4e0b-9e9c-64f2c7b3d708,21417
ef6382a5-da49-4c7f-bcd0-9da4b9c0033e,21417
3509a2ac-5c65-48f8-b530-3445ce1e2d8f,21417
775d5fe2-6f5a-482f-a964-1b649c50118a,21417
53d74963-8e71-4d97-a707-cb3eb8284a27,21417
94bc1636-2a23-4e4d-9c3e-bd484988f9e6,21417
72a269d3-632f-4451-abf7-12a25fff8386,21417
fc776d3a-0c5b-4e72-a8c6-1f832bc7ad7b,21417
ade84c28-390a-487f-ac62-8ae07a1b8692,21417
8763f67c-7ef2-416c-ab87-2479354758ee,21417
0078e0c8-e5c9-43a1-a71c-09a90592e610,21417
57354fd3-9707-4c78-83da-a25a172c9981,21417
897578f4-6a26-4490-b7c2-cf19032da27a,21417
3b12f8bf-0831-4573-8b06-5960c852c91e,21417
cd666f8a-c1a9-4a7c-b057-a93fd9e436cc,21417
ea307542-ceea-4926-a533-04c69dc469fc,21417
ca04aaec-4bc6-4033-b98b-516f8b92a766,21417
13897dfd-93d1-4170-bf36-9cce39966f3c,21417
ac5f21dc-6507-4dc7-afae-bb50bfd3eced,21417
468b9992-cb32-4c83-a7b5-c30505028800,21417
1f2231b6-8c3c-4e07-a192-760422a86ff7,21417
23c14105-7014-48c4-a367-0c31b6b9f2a4,21417
07d6af6a-978f-4776-8b95-e7b8a472b3e6,21417
4608e95b-f25b-4ba8-b433-b78b1b4484ab,21417
c85744d3-998e-4c09-b739-e1863a8fd192,21417
bbaa1afa-cb75-4a5a-b47c-032092c030a4,21417
69146e6a-e6dd-4760-ae6e-1c8a9d8bbcb9,21417
e30b606e-09c6-43cf-a58a-530b4f92b35f,21417
304dcd88-08b1-4f83-9896-226b444ce606,21417
d4ae5316-a15a-40f7-9aa2-1247d6e347a1,21417
89127d7b-286d-4d97-8cad-41a891bbd7c7,21417
93e3d50e-7520-4eef-8538-518fdc892a77,21417
ca1567ed-5462-4302-91f2-f1b0f77a4eaa,21417
18382784-70ed-4593-afa5-9c248461bb10,21417
d3f07750-59c7-48c7-92ee-680e6e2adbd9,21417
fbb7f122-bbad-4d8a-94bb-96224ccd7730,21417
bf857474-9aa4-4a4a-9559-699d7ead767a,21417
2ac3adab-cfad-4eb3-b63d-0404b7a67928,21417
9730bf0e-5f7e-4ff9-93d7-12b6fdda317d,21417
844f10d7-c982-4dd5-870b-2138a4b9d828,21417
d9162aef-05f2-481a-8463-e359aec0103b,21417
ca4f5dc7-8380-4974-8a89-27a10c60542c,21417
8d22143b-b976-4647-a8e4-599e6d1a11e2,21417
007df549-724c-4527-8197-f6082cde8b2a,21417
ba736100-5998-4380-8a4f-07e34d693642,21417
5e96095d-e580-463c-a453-3b855c8335ca,21417
0e63c18e-a3a9-4c41-a65c-2903f31153d1,21417
4f9b6de0-4368-4e58-9e4e-c1ada932464d,21417
e59c3452-584d-40a9-ad1b-22fc60613ccf,21417
dc2357b4-2ece-430e-9296-be0a891b6e64,21417
80d81c4e-cb97-4f8f-a880-375d94eb0a46,21417
69822375-b0d3-4ddb-8ff8-79c346a2f917,21417
adb69be0-1657-44dc-b729-4c38fcdf3fdb,21417
dbcee59e-7852-4ced-b68a-6628049a1fd0,21417
634bc6bb-e7e2-4785-b54e-9b8a9082caa9,21417
fab59d75-cb91-4daf-b806-61fa4f4e9a01,21417
581f02a2-dda2-4208-bf61-4c04dba518ca,21417
d67b0f1f-039f-4bb3-9f8d-3e1940a8d480,55718
e687d5bd-b67d-40c8-9eaa-f2898b172799,55718
4eadd765-c53c-44ac-9df9-deee43eb3710,55718
84a58e74-7e37-42a4-b1d1-8123566ab6d9,55718
00825c5a-e5a1-4554-9bb5-147f870b7ca0,55718
5cb7bcdd-9402-4776-a365-59d6a6c9c4f2,55718
c116b9c1-ea55-4d34-bf1c-445d20f7e9ab,55718
b3c6b736-6d48-4d1b-9a27-f69ad78852a5,55718
f3a8f21b-0829-4c8c-a3cf-b281f3b5c76a,55718
c22150e4-e811-4625-aca3-2b27941024e8,55718
6025f345-6fec-44ee-a81d-76dec16fd989,55718
69fac82b-a7d8-4f1c-8e82-cad7b7acf1db,55718
7b88d5fd-8c5e-4387-a285-e313ca17f32a,55718
88719bce-8194-400c-9840-4b6b72153926,55718
e7ea41dd-5bd2-4359-91d6-18fe900e5957,55718
7e527574-b064-4baf-9a78-ce7367bc7006,55718
2543005b-eb99-43a0-b520-a6ef7478bcf9,55718
ad6b2476-c13c-4ae1-be51-a004387462cd,55718
4a84bfdd-8e2c-4edb-8a72-392b41b6d6f2,55718
0fa3c042-de6a-4b7b-bd2f-a4da84906410,55718
bc86b5b4-979f-4993-b556-c8a3354f4858,55718
e5f12dcd-60d5-4527-9eee-468eafe7ecde,55718
9e35b388-7346-48d6-8f17-470267a4f42a,55718
af986e60-c06b-444c-acc2-8721a3373fa5,55718
02514d94-444c-4404-aa90-d1940edffa5c,55718
5f4bb22f-8031-453f-a055-36aa719436b5,55718
f0ee09be-0049-499e-82ca-89c5f4322b51,55718
cac67006-d0b2-4f03-a254-496469796ad0,55718
481759bc-a2bb-405c-a48e-a58bbe1acbd7,55718
0311a7c1-b0bb-4572-9860-60b71786399c,55718
59289b30-4d87-482c-97b5-34d0fd641eab,55718
83bbb98d-0d96-4c32-bcfc-f9c020e2010c,55718
455e77ac-0a00-4a40-999c-899c19b643a7,55718
b9ab86a3-6fd7-4c38-84ac-c127ee2d8286,55718
34a93637-d2d4-4042-93d2-47acaa9f6650,55718
bfb5a643-668b-4ab5-bd29-4db613777c28,55718
77dcf9c2-4bf4-4cd9-9a85-d3d25036401c,55718
5dd875da-3085-4e40-9f57-5a0e22bc8bcc,55718
2c047892-2c55-4025-a143-64f3e2d85d39,55718
260013e0-eed2-4761-85fc-4ce61ee0aa2f,55718
d64ee301-cbc9-4a67-976d-fb589d426c80,55718
0f3a015f-b137-4528-b4cf-8062eca59248,55718
b762cf41-3d23-4abd-bff2-aebee2036af8,55718
d50f9d00-7e86-4f63-9f58-981dc56590be,55718
5dddb02f-b8a6-44b9-8654-87f7a8415dba,55718
f9541fc6-acb9-477c-a909-7bf9184b1c09,55718
1b2af9ea-0cba-4645-8ab1-2a3f1be32a84,52211
3247612b-a310-4c49-ba7e-24851fc58668,84607
96cc93d9-f82e-41a1-89ed-32eef2586ed9,84607
e675c659-e412-4e1a-9ba1-c08d46e28201,84607
7db2468e-4ec0-4c35-98d7-dbcc25c37c75,84607
0a8a5080-0955-4bdb-a7ce-d1922f13c2e6,84607
a260e760-2ba5-49e1-a887-c1cdcf56fd63,84607
89f3540b-d80d-4acf-beae-e5d2c3d7b23d,84607
827895a0-6ab1-49a9-910e-811523acce4b,84607
06705c76-a758-4c80-af0c-779a55218ea4,84607
4d44387c-f17d-4f1a-b691-2b671ce50708,84607
6149e2fc-6116-43eb-a46d-2c700e8de159,84607
7e302381-a42d-4c06-8e37-4495d3b116d2,84607
51e747d5-2673-4b9c-ad81-a963cbf13c31,84607
075a82ac-5fff-444b-935a-ad35db60b19e,84607
a2c9fee2-58ba-48bb-8f45-67a43611bf64,84607
b4122b9e-b1a0-4940-a6ae-2f79754edc06,84607
e243173a-0375-4d56-8274-7e3da6c62935,84607
f40f7151-d2d5-4601-a469-fef57302d5a2,84607
a9b40ef1-5e83-437d-af6a-a70ba90f6e81,84607
86173849-de3e-461b-9d08-2e0f2d1d893e,84607
17894d19-a091-4f2c-b9f4-8ebad699337c,84607
ed7f2ba4-3204-4dbe-b495-b368228fbdde,84607
4b9cd54b-4299-4042-85c8-0cebce5125ec,84607
e2f839da-8455-4944-b649-b9258019f781,84607
de2d265d-e063-4f3e-a7eb-d1bb73e7e9b0,84607
6d1e8609-749f-4886-90d5-6e8308ad1b72,31328
a4956cd9-9946-4f39-a950-e7885a8e78ad,31328
e9d199b1-658f-49a9-9349-77d8bd0d2ad5,31328
85de33ac-1450-455c-b15d-6c794913560c,31328
fc20b432-542a-4021-a45b-3e6183b6246c,31328
5b2bd8a9-18fe-4d9f-85e3-ca8aa7c72aba,31328
6df771db-6558-4233-a8d1-8a6b7187f0f9,31328
5e5c567b-936e-439b-ba50-c46c7daa5098,81978
61affc0d-20fe-4619-860d-248941af4fc9,81978
f13ffd95-d3f6-47f6-9025-e98a4e06d675,81978
aa8fdfcf-6e1a-4ac5-885e-53b42cfa755b,81978
27a30b49-bd17-465d-b33b-104d83dcc540,81978
e4e91fe5-3fbb-4ed4-b4fc-b8567a6819dd,81978
bc10eaae-6909-40fb-86e8-70bfa0a76e60,81978
5367307d-6d3d-4dd6-af78-b42ff0a9f270,81978
e5646de9-01f4-4e7e-985f-ed19d64bdcfd,81978
a420cad3-e218-4936-88b2-608ca057ea8f,81978
edd33aa2-2ced-44a9-a936-08090b9a867f,81978
bc8e1189-d2ee-4c54-a516-6d0b6ae50ef4,81978
96f8aa31-2fd2-4c0d-90ac-b79d6b783b70,81978
7183dc6e-3a5f-4004-95e2-a0e99b8223c3,81978
0e8e9f7e-11a0-4272-b6a6-9eff4ab4e8e2,81978
c96a9f06-8f9a-43cb-85dd-b919587456f8,81978
4a57c252-fef0-43c5-a42f-24d5e35b68e2,81978
ec2fcda8-5a7d-4e04-9bcc-d155f2801b60,81978
02452465-2327-4c01-a281-c2aa20149f4a,81978
2b38cec5-a5d5-412f-a176-fd4312e42156,81978
23906f8d-bbfa-4bad-be63-81c05b4f7a4c,81978
bd4177c1-816b-42ee-9146-de9a500c279f,81978
0ebbe37f-64ea-4944-bd6f-0fef0c62a44a,81978
c79f6087-1da6-4f7c-ae85-7de2623d8193,81978
cf862c3c-a67e-4cad-b0a4-4956abce05de,81978
12d18312-1730-410e-8191-2c23fb07e02e,81978
9831297c-1d05-4dde-bf2e-98541dfb448d,81978
90edc389-a250-4504-92b9-a050e86cf144,81978
d4e76b70-0147-4e63-8b77-76511dc39fde,81978
fb39aced-18b5-4d62-a696-d33a0bfbc9a2,81978
45296acc-e429-4412-8e2d-7ef36cf68546,81978
9eca5fda-4cb9-482a-bf6c-28512be84aaa,81978
3637321d-57c1-4b67-ae27-d5e5004b214f,81978
31e21b28-909d-445e-a285-28df3a8326b2,81978
878a3797-548d-4b46-ae6e-ba9a6da65024,81978
c8d5de94-9849-47c9-8f74-f223cfed9b76,81978
c4d77e63-ffbc-4017-b20a-ff07c3f843f9,81978
2b5da47a-e425-4583-a0e7-aba172b806aa,81978
eb1178dd-d917-4166-9fa8-049a9fae2f8f,81978
09d6d0a0-5283-4d4f-b68d-ffa61cd4f047,81978
80053009-5804-47c3-955a-a593094858de,81978
925c0911-74f3-42c5-811c-bd064a15e556,81978
a78a4b27-3b79-4057-8f28-239c8e1be35e,81978
ea6d3615-dd54-40d6-93c8-a994275c77e8,81978
0b8b7649-49c3-45f0-a635-a8dab3addae9,81978
23f2098c-b3cc-48e8-a5dd-003763f5127b,81978
4ed625c0-c6d7-4a3a-9b13-6fcb6f7c5278,81978
0d5c793d-018d-4ace-a760-a3d6aae45405,81978
38f99a1b-b1b8-4d93-a2ff-ebbfdaf6d865,81978
33a1cb83-47be-4c55-a6cc-8b8230e8d3ee,81978
a1146635-e654-422b-84cd-dd2f43d2095f,81978
f4af8f15-e118-4f86-8498-7e3e48f89530,81978
39288d85-e331-4aaa-be50-4c6ed0737d62,81978
cd7aeac8-545d-406b-a7a5-dad827dc5a09,81978
7a1c373e-c8c6-4827-8df6-45a36affe67b,81978
4a4d683a-075e-4f42-8fa0-54d25d7fbbbc,81978
0938afa2-adcf-4c4d-9285-68b445965aaf,81978
c5556557-e027-41ee-b409-df622e6fdcf2,81978
ac6be443-c43e-49c3-8bde-4dcb9ca1dd78,61530
78edfd91-2e30-4144-aa26-8c459febff6a,61530
49739d1e-d7d2-4f58-9f8f-a4ebfd8c55c2,61530
fa0c2167-0330-4e3b-8011-d82c1a9d5c47,61530
4ab89339-8a2c-4861-a4a6-2e912965730f,61530
a9491e5a-db97-42d9-8df6-7bf8f201eef5,61530
51b4e761-ae08-4c39-824b-efcb2dbc9fcf,61530
15300a82-33bd-4ba5-8b44-a827f578b7ee,61530
2397f716-0e03-47d3-a0ca-a4df64ba5905,61530
c78cb711-634e-4bab-8cc3-f34ab287995f,61530
15b69ea7-63e7-45c0-9224-ba9f57a6c3af,61530
92d67f76-8600-4230-9575-4640afe9b636,61530
c878af75-41c3-476e-95f5-6f2541a4478c,61530
0a2d6b57-8e82-47b2-9e7e-641c441755d1,61530
e752da9d-1b90-41ee-b656-3d847a7968f2,61530
95de9828-3a96-42ac-afae-5681eb7ad90f,61530
3be37fc3-7cc8-4020-8284-e913ab8c0965,39886
ac09e068-3d7a-468c-9ee8-5ba83604eb15,39886
139d187a-bb67-4309-abdf-76c8582fea3f,39886
4cf9f9cd-2d49-4f96-94dc-b78ba154a7d5,39886
8924d04b-31a8-4955-9b04-c627c226b976,39886
4bb83dc5-e8b1-483d-8205-b7e5bab1f8d0,39886
71b3c0b1-7235-4a23-aa76-a49edae0efc1,39886
617a9c62-d491-4151-bfc1-fffc8cfc9a27,39886
97d424d4-e0f7-47c9-a770-3db0986248e7,39886
d47105c6-3473-4f93-a563-413aa07566f3,39886
0b7ea82e-b3d4-4f58-9318-22bbc6497d30,39886
3f5aa6e6-1241-405c-b8f0-9552956d75cb,39886
9d02f98a-2fdf-4945-a8c0-7e41d9647987,39886
a871a84f-0d2b-4637-a3dc-1d6a85b1bf07,39886
e4d49700-89be-4424-8673-4e33acdacaeb,39886
81387931-aec2-4206-a8c6-4d6c828d678a,39886
649fd629-2e34-491b-808f-ba69a13c32cf,39886
bc947855-d251-41dc-9377-3acec0cb0a3d,39886
655fdfd3-aa9b-4bac-8335-8334fb018613,39886
a836be9d-4eb5-4b56-9b7d-cb1ce4ca8ec9,39886
89221eb6-d58e-4867-9c3f-73f734a14715,39886
14f8db81-a206-4faa-897a-b9746420491f,39886
5dccc41b-cac4-43e6-86b7-c4b94de746b8,39886
512d5ce0-77f7-4dbf-a0f4-5d83c2450081,39886
7474f934-5ded-4c42-8d25-937b54cf3cfc,39886
c46528d8-d4f6-49dc-9f31-986cbb14e61e,39886
878d3ede-9aa0-4c0f-9c34-b879e638c5e1,39886
49248153-9c58-47bc-957b-9e826b51aafd,39886
fbd15e10-ad7b-4265-9c51-daaf54457deb,39886
5b0d851b-3b2f-400a-a639-38d3879a66ef,39886
e95f073f-004a-4233-9828-9c5e310d9183,39886
63d733c4-84e3-4bf8-bd08-7e28cdd117e7,39886
a62eeefc-bbfe-4469-a62e-74744460c283,39886
d5b7a6dd-1b92-4a3e-abd3-9b6864909764,39886
8aca8a9e-d313-4ce8-a878-751c16f6cc0e,39886
f1565dfa-0242-4cd5-bed6-ffbf14651836,39886
e166d012-2c60-43b9-8d4a-e7e162bbaeb2,39886
aaa7f63c-36c7-413b-8762-f8995376ac18,39886
e0a33f9a-978a-4dec-9a37-976105c2c209,39886
2eafef05-587e-40d5-9011-835857fe9776,39886
34711689-3af2-44c3-bef5-68423d0766bd,39886
ef62b368-bf94-48c8-bd65-a1a33272f63e,39886
93e17e05-46f7-456e-88c7-07e5b18ed8c8,39886
edeed36b-562c-4e51-9b00-9529a1c98d54,39886
0576087f-129f-4aff-80b8-3d9b20c54010,39886
0f4db039-db22-42a0-b745-55754117d0b4,39886
5aedde30-868c-422c-8f5c-5bb7611f31dd,39886
8162f07d-0151-44e0-94db-5af9e91d3e76,42126
55139fec-d575-445f-8766-f2043cbeabe5,42126
bf9d3ea6-fa6d-4f27-be3e-bfe6bb50fbfe,42126
d5e56f13-ee41-4eb8-9db1-13fc7f35cae8,42126
301e37c7-5cae-4aa4-924a-a1f4610ce6b7,42126
e2ddabc8-da38-42ee-aba7-e13b865b944e,42126
4a5f7b87-d821-42cf-92f9-468db1cb8c44,33382
8b8c2b65-37cf-4101-a400-dd0cff01cb37,33382
5a7626a3-37fc-49de-ae35-c0f0c32d48fc,33382
9d3a08db-9f37-4c75-8eb2-9b83d0ae545b,33382
7eed1fb9-013c-48e8-88cf-089d50b7c959,33382
cd3b5c7b-45ce-42b2-8d95-345f607a622a,33382
8257fe17-4a12-453a-ae67-68dfbbb5754a,33382
3e71f354-03c7-492a-a878-01474c365fe1,33382
09d08ffd-56fe-41b5-b39d-17a80211c859,33382
c39875f5-b5cc-4693-a10d-ba2a3393184a,33382
c539ced7-544e-443d-93b1-55d22c181e80,33382
0d0efb55-a68c-4f17-a64b-0b846c3891d9,33382
044d77c7-c84c-43ef-9f84-5a23ffc626bb,33382
e315b084-7ac0-4ce5-b9f0-ae364714450b,33382
f4b86282-d347-4f9e-b4e1-bfaa7159950c,33382
980ab75a-7c6c-47f2-b211-9fb91bfe876f,33382
d62b305e-d2e2-47d4-9c5b-0004db81df57,33382
3ba9e002-d6bf-4bdf-a608-d0a9df326910,33382
a1e2ae2e-2293-40e0-bfe9-eff5d3a55dcc,33382
b94c4db6-655d-451a-a64b-a2cd3815a8a4,33382
5b1e9d44-f690-41cb-bff9-1751e17fca75,33382
9c20b851-8897-4e3b-aa4a-1b84b01304f0,33382
b957b488-affc-47c3-ae61-a406667303ae,33382
70d3d84a-aae2-42fa-8a07-53a78f4c4bda,33382
c72d7ff9-01c4-4300-9d2b-1b43b4149094,33382
caf5f48c-f863-41a7-bfee-86ce4dd409f7,33382
a81b41ad-0b66-452b-bcb6-d6a0fdf250c9,33382
7cb17656-c6de-4421-a38a-3093010097cb,33382
4d450f84-6016-4407-82d7-1f8eb9d76dcf,33382
1ab9a98f-1aa7-47dc-94d8-07d3ae93be8e,33382
690b9ef9-bcb8-427f-b17d-f51173b5f353,33382
066e43c8-8090-4dc3-a5b8-979736631a7e,33382
09c7c84a-ee34-4288-a33d-925fa09178d9,40893
c214767d-0225-4a07-84e7-f7f77fc9fd0e,40893
60314279-ed1e-40a2-aa79-397d9076759d,40893
d8c9e9c7-c46a-4b15-ba95-8a8409552e0a,40893
e5c61241-4d76-49e7-b26e-38871cdc7365,40893
bf6d67f8-c0c7-4678-8cef-26ef763853c1,40893
a2c6d9b2-ca76-4002-b49c-7c492a5a365b,40893
f3c49233-bfb7-4e36-85f0-d81236c006d2,40893
aaf97a2f-ea76-4467-9632-a41157fbbc2e,40893
48acd9ce-355f-45de-985f-45badae7a8c1,40893
fd664f5f-480f-4287-97ed-55014161d431,40893
b5031ba6-c8f7-4cef-9db1-c95a0273ba50,40893
cbcce3f8-d96d-4db5-8025-057d0c3b1611,40893
335fdd2b-43ef-4e6d-b9b1-bdfcbeceaaa8,40893
da80e6d9-827c-46fb-b616-2fcb96a3821c,40893
c59b780e-3b36-48ef-b0a2-a4c98dcf4e16,40893
ef6723c2-f645-4e96-b4f4-88f2acf60749,40893
992cd907-1a1a-4197-b8c7-e3faa9c3f1f3,40893
70da3c27-74fe-4738-b889-03f0ad9c9fd8,40893
1d3282b3-e6b7-4c74-a2fe-9df3af1360ae,40893
c0839d90-4fdc-4d2a-8c7f-8bebdc2f2a20,40893
8208780e-38e5-4515-af3e-7d266f7095a7,40893
92f50534-fec6-41e2-aa1c-15e2128d1131,40893
3deda629-e86e-40a1-9ecb-354af21c9427,40893
f0aeb5e7-5542-4383-820f-dc70536c6d13,40893
e46792ee-8f3d-4717-ac29-52eb07906960,40893
e43fce75-f3ea-4b89-af3b-3311767c95c1,40893
5662341c-d7f3-4918-8d0f-e7829029d035,90422
c196b3e6-d380-4a0b-ae02-cef0a9a91482,90422
d637bd59-d7b2-4d4b-96c4-113139c15249,90422
d8ec2dd5-8ff5-4e47-96eb-7da9f7497b5c,90422
59106a1b-69b3-4f32-aa28-d05d0a5e1644,90422
4bf6b409-bd20-45d7-875f-ad97fcc0e746,90422
87f8588e-8417-4b88-b3f6-34db9912a058,90422
37901351-347d-40de-821b-7900d6959c65,90422
8020e454-a2c3-4819-99aa-3af4fa117ddf,90422
0627f4e4-58ba-4e83-905d-54443469c1f4,90422
99dc3bdc-ed30-4376-a7ce-e2c173dab7f5,90422
fb5a5c49-380c-49a0-8672-5567a94e4871,90422
ccf21f72-c6d6-4d7f-a30e-621142b236d8,90422
8eae0282-c8de-4630-926d-53914bfa417a,90422
914916cf-db89-4547-9ccd-05d42b74eed8,90422
f9956148-8d54-4b51-bc6d-9d51b45688a2,90422
389af701-da09-4fad-81ed-647c4b2e9375,90422
1894ccda-9800-4548-890d-6028780bf6c1,90422
aac86c59-8ad9-43a3-b880-a76deebd47b2,90422
81fdfd75-649d-4c70-bdde-3e14e40c5048,90422
10cb8d34-67e0-4428-9711-2d87463cb7de,90422
0693f017-fab8-4b1b-b5f1-65a509d4a1fe,90422
6b0e0278-933b-4251-adea-a1178fe9e506,90422
e0dc5043-10ec-4163-bb42-2fad06f471cd,90422
200a6b7e-cc7e-411e-bfde-a2a98b7aa41c,90422
994388d4-410a-4ad2-91db-0936663ca61b,90422
bfb82227-709d-4b46-a735-77debf242103,90422
6779a996-2a94-48cc-9287-a1fcca71c9d6,90422
32a0c0f9-f5b3-4375-b4c2-889a78cb232e,90422
43f62a9f-2c67-445b-88c9-974849b94a7b,90422
e0efe859-5a5d-4e6f-b3f6-2ec4401c72c7,90422
3d024b46-099c-4ba5-9c32-767dc11f7f0b,90422
c538fbdf-f4d6-4f86-a997-048b3b9085e7,90422
0af62f5a-7c56-4de7-96ce-499d0d57eaed,90422
09019730-5ec6-4d99-af4e-6374b6a60c6c,90422
eccb4632-387f-4ef9-8f62-22d51f0f7d17,90422
33e684e6-d26c-4e6d-975e-78ab35e7b428,90422
c7c3e075-34b9-4726-91c8-268a92fb66ea,90422
3c12348f-c505-4df3-b3b1-ef9ad6e75d21,90422
d6c1d275-846f-410b-a8da-41ea49052f5a,90422
c892a038-4d99-4aef-a623-a32e86c9888c,90422
732bf132-80cf-4c9b-ba34-4c9012aa22a2,90422
7360b9ff-bdda-4992-bc6b-79cf080ef3cc,90422
6a2f441d-7c26-4085-9217-d3bc88fd4ac2,90422
33654c49-7821-4e6d-926b-1a703a039971,90422
2075d325-fc92-4483-a296-dd5ce43d7711,90422
f8cd4c14-58af-4785-af53-e18b04a3a677,90422
864605a1-b5b5-4df8-a07c-48ee132c177b,90422
308e5c56-6287-4c75-8818-1ac937f637f5,90422
c2109ae7-eaea-42cf-829c-dba0a313764d,90422
e6c661a8-a64f-4b37-a0a9-619f45fa9d6c,90422
dc22b421-230e-480a-aaa4-d83b70803d57,90422
76af0224-7f35-408e-b11a-7969d6298c79,90422
25ee187f-9811-4bac-8b2c-4f61e0916c4d,90422
378af25a-4613-4fe2-9f4f-cb82e7691d8d,90422
edaf678b-952f-4d5b-80ab-b5bacbcb6524,90422
9caf144d-4903-475a-9cc8-307a0b142ca8,90422
92b54222-d177-4352-ae91-801f2cf8b840,90422
82a293df-6176-4e76-bdaa-263789bb588b,90422
3b9082d6-267d-48e2-be96-5692cd2a57f3,90422
1aa4b57d-1c1d-427c-94e1-73c892190f06,90422
0c538299-491b-471f-a912-c6b14f68ef9c,90422
0a04f8f1-067f-4d87-a51c-58c90310372c,90422
6708de00-6d4c-405e-aeba-4e2810dea539,90422
48240d2a-ace8-4408-87ae-d0a3f75f4294,90422
4858c533-440f-440f-b88f-c9e28c79b707,90422
0a6dec53-11bf-441a-8541-3b50aae7fb7b,90422
326307c7-3c9d-45d8-8dd9-c3f557d7458d,90422
0f6b5bb3-6c6f-4697-b324-a7462b889d6e,90422
59675416-bbd8-4d6b-a99e-3c2a7fe91c72,90422
f80aac5b-bd52-4738-9cc0-9dc4ca5b9731,90422
b6421124-3961-45b1-8e6e-b9dfd2056f7e,90422
bedf227a-0e0c-449c-95dd-2c79ebaddc94,90422
c3529a93-f992-4ceb-b179-c7b8eaa4ab42,90422
4db58033-43ec-4ccc-9273-abaad7405584,90422
67238e86-2734-488b-9cc4-b023b9ad8cec,90422
4dba9216-9717-4c8e-aeb2-c653db5d3e1b,90422
536df075-4ae2-4cf8-89e0-800e159118a9,90422
5b52a5b5-84a4-42ca-b1d9-dffd8c40c24c,90422
f1f5de90-14c8-454c-88b6-9679b1cb71c0,90422
3a6a7284-017c-4e06-94ad-cf3f0d06acd3,90422
09695f71-8b40-43f3-be41-35c0f74faadd,90422
ce62f14d-0ca7-49ca-8fd6-b78dd665fce3,90422
a643ce0a-2b70-4844-8155-e1dab82bddbd,90422
e296813a-9ea3-43a6-8ce8-4db4b5eaa14e,67299
701cf196-0a45-4c80-8026-599844293049,90422
5af424ee-607b-4b5a-8149-2bed08a99906,90422
c88fe2c5-18aa-403f-89a9-1c1186f04c2f,90422
410b8ea7-87ed-48ca-aad6-5109ba617723,90422
b93a9de0-9fe9-428c-a538-c90a9d052866,90422
a740f9cd-f3b6-4262-8d42-63d054616ed3,90422
0f7a4c95-3a0f-4710-a1d5-990f101efbcd,90422
9df8b4e9-d4b5-48ff-a3ee-b1d4d43b06b5,90422
6f061323-500d-4fd2-906d-5be1c20a798f,90422
617a2912-19a4-4f67-a2bd-c015b9c532d6,90422
5ab8b7f1-aee7-4675-8b74-8de420bee8f4,90422
6e553276-55c1-4952-82c0-5cbb78470a47,90422
bcff3639-4293-4a59-bfcc-ac74a5e3091a,90422
041716cf-d603-4367-b4bc-d0e1851e790f,41716
5eafc916-3665-4107-b69d-38ae0aed41c9,41716
a25f7661-c132-4b64-8b23-1c55ecf3a145,41716
9bb993b4-ed2d-4a76-b5a3-90abd98331d7,41716
6731395f-4847-4bf9-b617-48b346f3d1e7,41716
74c4c2d2-e000-42b2-bf8f-bfba0ebee915,41716
29711327-6a18-40c6-960f-8a0eeeb66c32,41716
3b5c61ce-ab79-4e19-86b5-a68345504a62,13903
2c8e4f97-263a-4ecf-b5d0-1840b00262c0,67299
5516aac2-e57d-466c-831e-377784a351a9,67299
2a5a7b73-2232-48f4-832c-6e5da56a2bb2,67299
620e2bec-05b8-4502-8ed7-ca8a21a6ce81,67299
b27b3c1e-47ca-4846-8385-3f00c295bffa,67299
abef41a5-b8af-4e18-871c-47311509ccf3,67299
57ec899e-2468-4fe0-a7af-8919e0737863,67299
173aa92d-4240-4146-9a6a-f0082b313aa6,67299
716e9b2d-615d-49de-9a08-1c6f252da3a9,67299
78555413-c6e5-4b72-98f8-cd17fcf566b4,67299
bb62cd1d-679c-4ae2-95f5-ff028928962f,67299
32f57225-3343-49a9-b7dc-5888e8ad1179,67299
fbf2cc9b-3702-4867-87e1-57bff64dbcfa,67299
bba34b27-cd6a-47dc-9ef2-f198026e7a2a,67299
3191dc6a-fdc0-4958-a876-39cf40606b49,67299
c7b48715-5841-4870-924a-28e45f950522,67299
2dbf7d05-1edd-4ca0-be43-593b34b6d786,67299
ac70f2f0-9093-4fa0-86e5-e463de202870,67299
b3eaa355-f117-402e-bac4-c0dc0068233c,67299
ccc1f2b1-f14c-4436-8362-53f460a8b9c2,67299
491e6b8e-aac5-4fd2-87f7-12b4d70b3831,67299
c0d3ef2e-2ded-4fef-96ca-4ff2e5988f24,67299
e3baf7df-6c86-42dd-a38f-fb9d3caae701,67299
0d2ebe67-777a-4918-9706-9b4e32279687,67299
f3a499da-e3ff-493f-a78e-bfc41909b920,67299
8663e1d8-2a9c-4816-b158-4c75cc2bdc10,67299
8f4b0c22-ba43-44cf-b6cc-bb8ec8235b6a,67299
a6ee87d9-7e78-4e6c-9f6b-baf9136458ea,67299
6ad37328-80be-4362-8bd4-eec2a91bb1a3,67299
c83c39a9-aeb5-4ae4-9713-9b0625f76c43,67299
8dc22284-1ad2-4713-a411-f80740ea054c,67299
fff1d483-79f2-449d-a3c4-766c4fafdfba,67299
c65324d5-1c05-4f65-9f99-7ed9644d73c3,67299
b7ec5666-0467-4db5-9dc9-c373a9381948,67299
9290a844-49ac-4d9b-a6e5-5c075c2f8b1e,67299
a1be9505-c6d3-4e50-94dc-e775da207097,67299
776321ab-d911-430d-990c-39aa85ce3c69,67299
bc6693fc-40da-4358-b7eb-ab000047a508,67299
3338f88d-033b-4e2a-b938-a26c47c16dd8,56176
24335350-370f-497a-89c0-342e52c83857,56176
e1033c2e-ef7f-49fe-8dd1-b466ff3d47cc,56176
8634deaf-d683-48aa-a8c2-b92158cd0d10,56176
f7389246-43e4-467a-90e8-9c0b84a3ec3b,56176
1da8c69d-f8c5-4ce4-8ddb-2a4eceeb4d06,56176
bea4590f-9393-4c9d-a18c-00bfc4cf63d7,56176
905fdd81-14e5-4032-9abd-8b8ce7a9f936,56176
5b417c4b-4092-4b0d-b67c-62b2429cb5f6,56176
b3699416-04f0-4ea3-8ebf-00e14f655d7c,56176
e6a99fa0-474d-4b58-acf8-42db93308012,56176
d2786795-277b-47f1-a828-cc64ca1d15a4,56176
5be1ed9e-a02d-4341-9a36-d5a0bc4ebd16,56176
c89f8d19-299d-4902-a50e-f6e74f15e26a,56176
d374298b-a836-4dcb-846b-ecfb33313dbe,56176
a256641a-0210-4389-b984-f77bc52f5a40,56176
7968a81e-5dd2-4258-b17a-287e764d9d2a,56176
daa52b7b-e953-485a-b74f-6d33cea7ee33,56176
a5f48c9b-8e26-4307-af81-dd2727bf9882,56176
9d7ba07a-82c4-4b02-85e4-9827b01ec51e,56176
129b0dec-5db1-4ddc-a1dd-460bb3b83601,56176
ba7f2a61-a144-45dc-a1cf-d604142004f4,56176
8689be2b-2581-49f5-9da6-0b2604bb5b41,56176
e044bb34-33d8-4fe4-a20a-46e1b9d3fca5,56176
fd84e964-b924-435d-b495-f66f4043f7b6,56176
bf388e72-3f5e-4b63-a0ba-c88dcd9fe7ae,56176
240d7be0-d06c-435a-8aba-d3cb02b621a8,56176
cf21cc0d-c132-4d33-b253-4936fa08b431,56176
5c3831bd-56c2-4db0-9521-165ab5f2dcc8,4630
37bc7320-8e62-4583-bac4-303cbf909c1f,4630
588233d7-a29f-41f7-a74c-90597c3565a8,4630
d09a6c7e-1442-497d-9c18-dd2704b5b026,4630
15fb24cd-ff35-475c-b01e-7dd5febab784,4630
6e0b58b9-d86a-43e1-8644-7cd45f46f7f5,4630
99644c0b-2468-4aba-84f6-f391bec3bdfb,4630
f86d69ac-b441-4621-8920-67aa231fdbe2,7242
8c4e98a8-6d64-408c-995d-7656b682ef96,7242
616041e3-cfee-43b9-b70b-fa894a0585c3,7242
1b37d407-49a4-420b-bf2d-93ea53e590df,7242
3602ae4c-948a-41e7-a49d-87f4e8061329,7242
b477f9a5-4121-44a7-a5f7-6b788f90a673,7242
dbea8a42-37ff-462a-8dce-2363243a6a47,7242
e696ac6d-5efe-4aac-8da6-179ae2028e93,7242
c892006e-fcff-47ba-bbfa-0f42e475eda4,7242
a731b44e-ef42-48bd-a24e-23eff99741bb,7242
73bf7700-8757-4249-8fa4-b88d1f811e61,7242
3e065aa6-abb8-4220-8807-e3e6f4eb7c27,7242
ed9b0fb1-cf2d-409f-ae28-4056dc751d2a,7242
b8eeee03-37e6-4c80-8232-f2a9dd451578,7242
3e6b4a95-7512-4d22-8102-cf122673059d,7242
fd9c5a56-2bc3-41ae-ad92-551969bc08f4,7242
d4de9c2c-edbc-45ab-b01d-da4b6cf38565,7242
fdca2b91-cb96-45cc-95fb-90807b3777d6,7242
0f24eef4-67d7-4fe8-b1c3-92fb2451ca02,7242
93389532-edf5-4992-9708-f0f4e7691bdc,7242
783474e5-d8c4-4d9f-bfdc-3044b533df1e,7242
dc0b9e33-2d0e-4192-b4dc-c034340566fa,7242
270bfad7-c0aa-4b54-a34d-3bee6aab8c4d,7242
910afa8d-2145-48ab-b7df-e0d183425c09,7242
418e26d9-7000-4991-9c13-7e21ba5d66fb,7242
7cd66c86-0e4a-42bd-9ed7-5e7c7950edea,7242
54884a5f-370f-4a64-b573-b82a9cf1ae40,7242
45d03937-f5f9-4864-998a-fe70d4d54b8c,7242
d38a316b-25ce-48b9-9086-866b4a0ba86e,7242
66f26310-caa6-422c-9514-2c8781785a03,7242
baee58b7-8304-4089-a425-cef0b2e345fb,7242
493e2766-b9f5-4c6f-8716-7f2f99e83c50,7242
ca996fd6-ebdd-41af-9996-78c96f2a2f4d,7242
8f619121-ac76-498b-a12f-541f13dbcf06,7242
6ae91931-a196-4203-8402-d7f89db1d9c6,7242
b26ddd04-5cb5-4389-b416-80e1dc8f50ed,7242
71c3e715-a67a-4f9b-b742-0bb92924be76,7242
686cc140-0f90-46a7-a132-c9c8bac96863,7242
bebee435-6454-44b9-9d48-0a18cd50b3d8,7242
e51a778a-f7ca-45aa-85d1-276040e49938,7242
5c3418d7-00bf-4eef-bbdd-074c75cb1690,7242
01cc5972-14d1-4bd8-b67f-f24b406696f5,7242
ed778c53-8ec0-4ab3-84cc-9d11442f36ec,7242
f1e9dcc7-8dbd-4131-a33d-16684a3e4078,7242
ff96769c-5a4f-4b53-9811-cc36a39f769c,7242
b9986bb6-7f81-4071-b6fe-3f6ce40d620d,7242
148bfcab-482f-4c36-a4b2-a6c265bd6892,7242
8d9f5bc9-80f2-4c55-a71a-15979f7fd103,7242
e2ec9124-1d4b-441a-aa65-f8cf2a4ed5f0,7242
4544bc34-73fa-4f1c-9608-b11f373b7121,7242
21318ad6-a20b-40a4-ae7b-b6747fb41409,7242
9c68e914-3baa-47e8-9df4-0d82e7b0c7ff,7242
88044df2-b92f-47cd-af99-bf9d79094ea9,7242
903412f5-dc54-47fb-b52a-f86e4957f48a,7242
675e6e8a-93b2-4a7a-87de-be219d0cb150,7242
5d1c6828-b0c1-4336-81c6-14c875ffe5ec,7242
0a4ed550-ea06-4fa3-85e8-ad56cce7605b,7242
8a149432-c5fe-4296-9307-6776d906b68d,7242
afa4b6a2-173d-491f-8d02-c10e12535495,7242
b10fa641-724a-4371-a4e7-30508e798235,7242
f8a8c958-f4f6-415f-99c7-3882320fe729,7242
475d78a9-ab28-4590-9b46-d194f82f5a59,7242
8e80dd18-68f8-41d3-b6ac-0117b767267d,7242
8713d721-3923-4ca7-b3d4-f59f60c0d82d,7242
12089694-2cf1-4f26-b441-8749a20dc425,7242
c23217cd-7215-4619-aef6-d7a35768eb28,7242
c6ffb97d-adad-4aee-8836-be850129212c,7242
25a532f9-3ef0-4955-bb5c-9595b0d92781,7242
eb7ffd4d-e95e-48d3-b721-49e5c866e98d,7242
108ddf20-64c2-4b32-84e7-882da1299d4f,71855
b9a68b74-02bf-4238-994c-2300afb92ce6,6441
1a2e72a9-9471-4fa7-a902-231e7a3f1edc,6441
21f62294-8249-4eab-b94c-00cd9ca67823,6441
1119a576-2163-40ff-9afe-a6492aff3880,6441
a2eec616-f198-4100-9f90-efe6e0d1ac68,6441
ea1896ea-915d-4a4b-8478-e3ddcdae8b3a,6441
c2981499-ae2c-4492-8337-3cea6fcf5baf,63876
ca788cb0-5a2c-4646-b580-538a415f897b,63876
e5475bb2-61b1-4d2a-a45e-9da85e22b506,63876
542d96fd-3526-48e2-8a9f-64dc65d8986e,63876
e9c4db80-4b51-4f1f-9461-ba48bc0069c5,63876
5d7a1955-5466-4c21-af5e-5b614220f679,63876
db64d660-f4c9-418e-b611-6b844935556e,63876
e6639b66-d40f-4162-b072-deb6caadf488,63876
7a126749-4c53-409a-831b-bc1639af93fa,63876
047e2847-f900-4c23-94d9-8342dc5bd97d,63876
08fd5075-6d6a-4faa-a771-9d846eb82f7d,63876
aae2789e-798f-4966-ad56-cb697a453917,63876
9ce22a2b-efb4-49f9-ab95-3db80711bd88,63876
ecee6151-3d53-4022-9244-3bdabf56a523,63876
a1e101fc-558e-4383-9af2-b2d4892ac441,63876
4122851b-dcf8-4c97-9722-02701e18297e,63876
46a1987a-e1b4-4e14-93cf-acdfa9f0a91a,63876
891c5fb8-5233-4bb7-9cc2-6595b5b38425,63876
7796a43c-8e6f-48d8-b20c-5e9934091b74,63876
ffb4850d-40b5-4b1b-92f9-b12b45d15766,63876
8ab499c0-56f8-4cab-bcd4-81dfcceb9b0f,63876
c1228461-6dd1-46e7-89cd-1ba08ebe7a52,63876
d9780cbe-6672-4405-8ceb-aac62c29b112,63876
14eeb4e3-ea24-4c55-8283-cdedbbad8837,63876
166c8cfa-8537-4eb3-a4e0-2c8fb5577e33,63876
d7b6a7b4-2418-4f09-a839-6530762704e4,63876
17847c6b-102f-4a53-8e09-5181fd4cff61,63876
d17f9657-ea20-4159-871f-adbc6236601f,63876
d9d42d59-749e-4e9b-9b0c-3bd1e57174cd,63876
96c7bd37-99b6-4938-942a-d5a58f07a2a0,63876
d05f842e-ab80-4f4d-99a4-88128f1c4aac,12307
1d56a9e4-92dd-4bd0-b066-a6b4e0abe3ab,12307
3e72a1ef-f4ef-4ea7-ac75-a955ab15d94b,12307
4f3024f3-a552-4a88-8283-bada3ec10b37,12307
3841adb1-9871-4b9e-bdab-09acedef6f41,12307
9bc7836b-5fc4-4a82-814a-a1af682c33a9,12307
87ccfefc-9394-4006-a783-545c29eafcce,12307
d4b1234d-d1a9-406e-b6ec-fb74cb5ba016,12307
72645b7f-7532-4e48-a6dd-24429857af75,12307
cdbd9ac5-4bc4-48c3-974b-11fa2944135e,12307
c725d73c-998a-4652-b493-b4483810488d,12307
badc9352-ac1c-411b-9982-b44f31c9fc27,12307
d23ad1bf-8391-4b12-a366-c5ebfdeb1120,12307
5d114fd4-32de-4566-81cd-2c74211ac89f,12307
fde5cf72-a730-433f-ad73-e986afe41044,12307
0eb7dc6c-1365-4d3a-9d33-11a894244887,12307
e61f82a5-47fe-42ea-8346-76808450928e,12307
82f91352-fd3a-42f1-8899-6a681ec3afaa,12307
2716e145-635e-4aef-9203-8acf9edcad91,12307
1e9f5abc-762a-455c-b9d8-d3e953683881,12307
36d14b51-8fbb-42dc-a4e1-231600e84967,12307
aeb7b2ff-aa83-46c4-9e0c-6148ffe602f5,89016
487426b0-8496-42b8-809a-3732e07c3ea2,46947
861000ca-e74a-464b-b5fd-ad8053f69965,46947
8ac537cc-2a06-499e-9a93-9e3ba96fa071,46947
30cb08b4-0fe0-4bdf-bb0d-9a7201d700d8,46947
044fdb45-5f8b-465e-873a-ca95c1911220,46947
245731c0-e07e-469d-9dcd-b517d45acefa,46947
dfced4f0-937b-489f-ba57-10494c3cf74e,46947
898e03fe-7c52-4ef1-987f-fcb4169fee42,46947
576b748b-b3b1-40d5-bdc9-b3e294ca3b6f,46947
14af1b52-2748-489a-837a-b3dcf84fa0fe,46947
243d2680-8277-4b49-9f86-4b6670459d2a,46947
63e56309-6fda-4922-a06b-4df7484d4daa,46947
6592f64e-32a4-472e-bca8-3e5a1be6f4af,46947
8275c5a2-f1e0-4c43-bdaa-e9daf1f302e0,46947
71827831-edcd-48bc-b6ec-3f9e7f0a05af,46947
2e9a88e0-778a-434a-9d9f-66a9b555c99f,46947
4051260f-f931-4648-8546-10a74dd49bc0,46947
7a22dc36-acd5-40fd-bc1b-eeb71840cc64,46947
20de30ae-fe5e-4744-b3f0-5cb3463a3ff4,46947
1ee8492d-69fd-4e97-84b1-43aec827cace,46947
c3c2d163-e0e3-4bb1-81e0-222dcdb1ddc8,46947
353747e8-4933-4bc1-acfe-3c610c1e6b5c,46947
e5efd54c-c526-41a9-aa8e-ea0152e49de8,46947
e5d723cb-9205-4f3b-89b5-d1b86b563c80,46947
37f569c2-509b-4861-93f1-5cb91748ea36,46947
64a9cd76-a59a-4348-878b-e089274929e1,46947
55292aea-1991-4435-bd4d-5f3351220941,46947
a00cb4a1-9b58-4111-a36c-a8030aa687cd,46947
f2cee793-9289-439c-8a40-dc7b522fc90b,46947
6f98804e-2284-447a-aaec-af701f8d7364,46947
40317730-c5cb-4dd2-b32b-c0c566c1d49a,46947
aa6094b3-a401-4ddc-95e9-10ccdd88dae1,46947
57c51bd7-0001-49ee-9743-7b7b2acaadb4,46947
a4188635-69cc-415b-bcba-d1097c4cec61,46947
57fcea1f-b738-4be7-a4cc-939e5af5f016,46947
e0aaef38-c7f8-46d2-bd57-8d36e234d093,46947
f59435b3-16a4-4ddf-bef5-4eef17b262b6,46947
3b24aeff-2ba2-4857-a4d2-6cde213b60c6,46947
e338f874-739d-40e3-94d6-5cdb51fdf37d,46947
ab7ba814-22f9-4eb4-8d99-f56a672f30cf,46947
39d21eba-83d8-4599-aa87-8f2f9fa914d5,46947
6bb277ca-c31d-4d48-81ad-34b43c880a83,46947
4cddd1fe-dc07-40c0-8572-4a9f0fb4c19c,46947
1e69f9a9-6a68-498a-b3ce-ec6d69fbb6a2,46947
c7d39f70-e1c1-4ffd-9829-9b4c056c93b6,46947
4569f10e-68f7-4443-82f9-9b3f1cc3e9ce,46947
b9a0f9ef-a572-43df-b3e3-711aec115720,46947
26feb131-0230-4a35-8043-7e3928e0964b,46947
c7984cc4-0c4b-498a-9841-1c69f987d99d,46947
3dfb2969-5ce3-4249-bc4d-c40f48b74125,46947
fdce88f0-6a33-4104-bd23-c679be00d870,46947
3d4b3b06-5f92-4d1e-b9ad-cae51345ce12,46947
b6d0f513-46a8-4da5-87ff-9581ecd8374a,46947
42416cd5-406f-496d-823b-a8c3543ccfbc,46947
44f9c7fa-7560-4098-9955-781b1f43d859,46947
16b366ca-b2f9-4ba2-8157-619058d9d65b,46947
0bd79f4d-52a5-41c0-b4c8-c13667b39635,46947
4d6320f2-65aa-4f45-917c-7f5820506f33,46947
f89f70b9-b884-44e1-a48e-d07a397798f4,46947
92656651-1104-4520-bb7f-d2c82a46f5de,46947
c8f9d703-4c4e-4eec-a951-73b6485b7fa3,46947
de6ab62d-9918-44ce-b272-a6087598994a,46947
f5ede000-61ff-4e7f-b963-fea676b751fa,46947
7747bdf8-e8a1-4012-8209-39c69df0b1e2,46947
39fac456-6e00-49da-888d-b70c2a9e4929,46947
625b33d9-57a9-4ab1-9eda-669a904a4755,46947
2e29c18a-50a1-4ed3-8708-f4e28a4b1f2c,46947
92fd9e96-35b4-4405-874a-a8946838d59a,28719
d23ef0dd-ece0-4ed2-85bb-111eb9f73efe,28719
b83c94c2-c227-4d60-b39a-62f98a807369,28719
775d3af5-891e-4ff4-9e4e-879a2727b8da,28719
a618cb7a-9462-4680-8c97-31cbdd2989dd,28719
a2c459f2-4e2a-40a9-aa7d-a092372bbaf1,28719
6770a245-59e5-42ef-85f6-1c96f87d4d74,28719
6c4f1f00-b601-4cb5-ac72-7105375a529c,28719
f7c7a0d0-32d3-4f26-a655-d28416c8b84c,28719
bacf5c1b-7d64-4091-aa99-26a77d651c3d,28719
4536618e-0ffe-4cb0-b0fa-908145acd077,28719
84e95b8f-21c2-4535-920d-8ffaee8e85bd,28719
4ddb4f3a-c4ca-4482-b987-8179a50fdba4,28719
89e61be3-1723-46f0-8c7b-ac082519828a,28719
17f1ba23-ff2d-4be0-bc9f-5096b595643e,28719
b11be7c2-fd70-47fc-8c9b-1abed7a58dca,28719
734cf9aa-9d07-40c8-9a10-eb102a7a70c2,28719
782ee9ce-da35-4337-a927-8fba59d0c4ed,28719
75b3a563-5101-4a84-b278-44a11e72458f,28719
7e487bbd-fe97-4f56-8954-a6d31e385abe,28719
20e2cc53-8ebe-4417-8361-641979b7ee2f,28719
29fb6455-7989-4c8c-a433-c7e09a024cf7,28719
90cb4726-1ad1-4a2d-b39e-47954ea30049,28719
d20c48e7-7425-42bb-96a9-f33c61aa2012,28719
f9ed78de-8f80-42ea-a00b-5bc3bc6398d0,28719
832bd8ed-2826-4cc7-9729-16d27924e3bb,28719
a8a49b72-54b4-4144-a04c-efa7104ca51f,28719
01bc320b-e9ce-461b-9858-0214888e26c6,28719
34da6952-b121-4ef2-9706-fd6b4ca2bc42,28719
ffebc01d-1072-425e-aa75-58ea56a9ef0a,28719
4040341f-bbf1-43fc-a439-cc7cd7a1c9fe,28719
1103ef09-79e8-4933-bc5b-69bebfafdff2,28719
8b96665c-08e9-45f5-859b-34aa26a82392,28719
346ee960-ced2-40b2-92aa-3830e5ece7d1,28719
b2583a31-d109-4f83-a1a6-8583cde5e8d4,28719
1705ee8a-87c3-4887-9193-431e5ce6420f,28719
d26aaa77-e1f4-427c-9d2b-be33db602992,28719
679f4ede-43c5-479c-b793-afdafcc427cf,28719
271d3d4d-df69-4a77-83f5-561784fc06bd,28719
9d26231e-0d87-4aef-ae5c-6e4be5509a6b,28719
0b02bf93-c8b2-4a1a-810a-f0f29bfaff78,28719
e1434e95-5405-4126-8584-cccd63e5cef8,28719
0800c3d4-ea31-4f9c-9d55-a23a0832873f,28719
5fa9ea22-043b-4863-bc69-42be825a529d,28719
7614ee82-28be-44ed-b67d-d69022bdbfe2,28719
3b0ab7e6-f92a-45d1-ae64-df314c1c4fd5,28719
9e92abd9-65b5-4017-b179-f9ebd491dd07,28719
0b482ebb-b1e6-457a-bce8-5cc5b98b2a7e,28719
12ea270d-dc9f-4a3d-b036-a9faf248e90f,28719
61d76549-595c-4655-9982-200c02a3dee8,28719
bb669e4c-3d7c-4979-9d3e-d74c133597e9,28719
b7509fcd-da47-4067-ad8d-05b2514dc0ff,28719
eff12a5d-82c4-4495-8395-ea59398a984f,28719
ed3f8811-c6e3-4a54-9d0c-2296e8bfc1c3,63632
618e40a1-eb08-46c9-85e3-1e41c2eda779,63632
0c486a33-985e-42ab-8a6e-43298cb57076,63632
c9d36c71-d033-4430-b167-d149ee948036,11171
1c7facb9-545d-4078-959c-cc5140cd2935,24289
93404366-2cd5-4b4f-be95-2c43d9298266,24289
861b29fd-8729-4909-963d-35e0b4d94100,24289
82499213-8523-4b1f-abd1-47e46ede47d9,24289
be7e8584-2895-46b5-b402-87bb9cf551be,24289
e6513282-9911-47c7-a214-8ac4c94e9237,24289
839a647f-1eb4-4097-b796-b21bc8f7ee53,24289
3635ba97-1d19-4baf-ad70-376ed4996a27,24289
8eeecaaa-dab9-498a-a700-e0f6e193adb4,24289
57cee8aa-7dd2-4e1a-8a9a-6174ee68e219,24289
826d3053-16ec-4d90-a742-b5df7584200c,24289
bd0540ec-4ee7-41e9-bf39-85465c970d88,24289
11f01647-fe2a-422a-b1c3-72b937a93f98,24289
9b658e2a-aefc-4048-96a5-b0b910159118,24289
fa0c57e1-ab0e-4b6f-96c3-a9f85feb4e25,24289
29d8f350-ca7b-479a-b76c-f206d6f35613,24289
91c4ec50-1f0c-481a-8cab-974740319c3d,24289
9e66f048-cafd-4b22-9cd0-083d784a3b6a,24289
caebea3f-8a45-4f90-a647-16f0e9b9fe88,24289
ca76d020-6dec-4753-9172-f3f751c71fa6,24289
dcc5f827-186f-4185-a786-d9a7c851f96f,24289
0823b7f8-eb41-4caf-a420-1986651b4954,24289
fc9502ac-abbd-484b-bae1-0067686c9c02,24289
6cc4b153-6e97-4a32-955f-ec3f954635cd,24289
f34942e3-eafa-4960-8287-1a33f2f235a5,24289
d9c9bbfc-c4db-4a94-80d7-bac479ecf3a7,24289
73650ff4-34d2-45f3-b707-da837bcfc380,24289
0bbc0b49-2fa1-42bf-aa40-ba6f42501361,24289
c997743a-9260-45c5-9c1a-20fab24fccb3,24289
8d88b837-e4f8-41cb-9b6f-ab8884899802,24289
c9269170-49a6-4f21-8404-508de9ff227a,24289
da3150ef-5625-4cd3-b91c-8656a5424688,24289
803813d9-63c4-4309-ad4f-96d9ee39622c,24289
5a5d226f-08da-4e1d-b9be-948eda67fe78,24289
89f2c16f-c3f5-4e74-86f0-381ebb7a765f,24289
19e29e64-992e-4af9-b98b-ba40138ca789,24289
adb47605-208f-4b1a-a3f2-9723d53a4552,24289
a00af09a-6c1b-496e-b7a7-03ba03a56c4a,24289
3b919163-d4b4-4985-b0c5-3a18401c0d49,24289
9acfa246-b9ba-4e27-9698-a2585fbf32b5,24289
7a0ff0da-e197-45ee-a8df-2dd2e4e27d8c,24289
41a40165-f596-4979-8090-82ebb36d90fa,24289
02d2a63a-4a16-4a1a-af0e-3f3aff462a55,24289
3546c27f-b52b-4ddd-af25-2a3c821df985,24289
d5243166-3fbe-4285-b741-37a2aae52cfd,24289
fd2cb1e1-517a-448b-aa12-ebbbb89828f8,24289
a067624e-5d87-4968-9302-0a24ab3aca61,24289
efd380f5-b181-4378-ab3d-ea3e09d58e2c,24289
e3a0c75e-7809-4807-874e-8c24fef549cc,24289
5d4caba9-685e-4a3d-9326-d0dfa6c5dab2,24289
6b1e947c-7910-4fc5-954c-947aa95e75a7,24289
b79c38ea-84a2-4e73-b864-6f7f1b52102d,24289
b4959714-1aba-4f64-a965-124222b26e4e,24289
243a1fb4-4128-43ed-aa8f-b6c58d58104d,24289
913009b8-1284-43bc-b64b-326bf118f9a1,24289
440a108c-13ef-467f-ad47-040321a1c054,24289
51a90154-f903-4291-9967-4bb24b31135e,24289
30be68fe-3ab0-4f45-a94e-ccc311beacc4,24289
cc710d5d-b500-4fbb-8f46-f1559db9d020,24289
be8dd5b3-ab77-4e77-ac88-e822ba84406c,24289
bd509b20-8472-4db4-b12b-c90b67e536ac,24289
ebe50316-5835-48de-a499-10511d14e22e,24289
389bbf2a-3e7c-4e5a-91a8-64702c36e4f7,24289
5bcf3c35-3a42-4936-ad20-4d14821bae28,24289
709fba12-7566-4dc2-937b-d20df01169df,24289
ac8e82ee-29ba-45ac-b17b-57be54b3e5a0,24289
40ce1f93-b41c-431c-84a8-076554ecf149,24289
45d43a24-1735-4333-baa8-3b77e0f2f847,24289
fdef45de-2a67-4654-833c-a8ebbb01cb4d,24289
3f4fe50a-b256-4edd-a4d1-6e4991290ad7,24289
79fe5f9e-ef63-438b-aa1a-43d879416efe,24289
fa656af6-6ceb-4608-bb02-892a9cf0ad75,24289
4d754945-86a6-4f8e-94d8-e62138e849e5,24289
5d3ada9d-6bab-44cc-a72b-0df7bc237ff3,24289
5e125408-8792-4471-84a2-886f6d6996fa,79286
9660c820-0190-45d5-b1c2-baf10d21f99b,79286
c45ae582-cd61-4741-bf03-6b05a4d46b17,79286
4b04444a-6ff3-4e2b-be5c-51d3685b2dae,79286
0053da99-3fc4-4e18-8ac3-1fd24c3a4693,79286
97f66a2d-77d9-4b44-b112-d4807a0a9fa3,79286
cabc1c4c-ea35-4b8d-8c15-dcf1c83668d7,79286
7c0ab179-8691-4112-9e85-e01b67ce0320,79286
a3368df1-fca0-4360-b254-5af38a128fb0,79286
654380fb-ed33-4f37-bbdd-c0c52493a162,79286
50dfdb8c-7b2a-4e44-8415-8d61bcfddae8,79286
56385dd0-9dd8-41a8-83b7-569e3f86cb61,79286
4a38c2cf-f343-41f2-b0a8-6551a6cb208e,79286
56032677-4329-44d2-88e7-7669c1839acb,79286
d1471781-1783-41ee-b63b-5503f189d0fe,79286
95c453a6-cb52-49a0-b948-0e71cd4a53a9,79286
7f6cf758-5402-44c5-ad22-4c31ddec539b,79286
eb9eca1a-6ed6-4b18-9096-468e10940dc0,79286
df664997-59b8-4968-9236-fb681da7f46e,79286
25f63036-6dcc-4ea7-b077-045364ec192f,79286
59f16d26-9931-40c6-b4c5-c268b8dc4652,79286
fd748b88-b311-46dd-ac9c-9fe8d032ddb9,79286
ea1b9713-d164-4e0c-a1ee-bd01dc8b45aa,79286
ff7758a3-d66d-46c4-8113-f82c62bb0066,79286
efc6d8a5-6558-405e-85a8-38334badaa83,79286
7bcf6edd-d277-4e08-9f42-620c846adcb7,79286
3fcd29ff-528d-4d6e-827b-db52c19170a8,79286
24c2fa05-948c-4e4c-8c89-941eb050cbb5,79286
0c34c449-e2d1-4e19-963b-849e828abaa5,79286
7bb36ace-1294-4642-9217-b0c2cb516b48,79286
234e2be2-dd5f-4aff-8b14-c33ece51aa26,79286
1c078703-89e7-4ef1-acfe-1542493dca3e,79286
f1fab6ad-5cee-4001-86dc-645eaed4c2a1,79286
f53e5ec7-7c8c-4cb4-9a84-9160883ceffc,79286
36cf53d2-2975-4adf-88c2-0430da20f735,79286
0b008a21-71fb-49de-904d-34f0732a2b16,79286
8951d4da-5529-4775-b052-8e9751637a63,79286
6d74a7e7-e1c4-4790-ada2-a7a6038fc152,79286
2260d476-13c5-4c9c-a2ee-72202e93b057,79286
a80a46a3-b077-4464-9b70-b3e45b2cf82a,79286
66d9cfde-fbfd-43c0-b8bf-2619b968c75a,79286
a67d9e02-6ebe-41de-a452-6289d3ff2887,79286
01028857-bdd3-48a8-8e36-0d0e0c5531cb,79286
25ae1ffa-9058-4a27-99be-c93db06e2bd8,79286
2ac6fda3-558d-4453-9252-5e24d9f276c0,79286
b91fdf48-79fe-4d1c-bb39-7ee70e937958,79286
e97684e4-903e-43cf-a4b0-4bd5d4ec1c9c,79286
b7cf4aa0-55e8-4878-8dfe-ae11eea0eda0,79286
8ded992d-1cea-4c4a-9686-3a36d33c2c5d,79286
e32ae8b4-03c0-4731-a9eb-2548d3cd698d,79286
381d0600-153f-49a1-88b6-44cea195ffac,79286
e08ebad7-ec6d-4fb4-8ea8-6730b08d388f,79286
24f837c3-2de5-4011-add2-6a005b9c0292,79286
f7923106-9cbf-4d99-8c08-84e004706ff9,79286
613a5c38-9d57-49bf-ad4f-1c9ce4792ed6,79286
8906da61-f7a9-45df-a174-9c9a14698370,79286
bae04405-041a-4fee-bc63-b0e4706cc412,79286
7dbab303-de6b-443d-9092-213485391874,79286
c68f3c1d-f8c0-4f3c-8a3f-c2baa7c9f611,79286
a5c13b06-2b59-46da-885a-b679d2c7dadc,79286
7d359899-bbc1-450f-b523-a5521664a248,79286
e654ab46-3a75-450a-b20c-167d732b7676,79286
c0dc2335-b833-43cd-bc5b-5f02acccb5bf,79286
d24bbaa4-b0fe-4d8e-96c3-756813c431ae,79286
b79de579-8106-4f6d-8ea8-0a5fbd427467,79286
a0814fac-9aa1-495b-9a22-2ecc79f08560,79286
4871dae2-e2d2-4d35-81d9-cae54f2bc611,79286
01c802aa-108f-4bda-925f-d5d17c2dd8bc,79286
67d3d873-4b72-46c2-8d3d-8d65492cfc69,79286
4e0487e5-83a6-4c0d-8b4b-1bb8968941b4,79286
5b4cdd06-db17-42ab-a0fd-a21c3cc07c71,79286
c4e10ea6-a128-41a5-af48-137c18519120,79286
de75b3fa-77bd-4aee-9c97-8fd21ecfbaa2,79286
46c1000f-904a-4d47-84f0-6dedca77ca7b,79286
75677835-4104-4cf6-b1dc-2e08776e74d1,79286
728e8128-c3f4-4bb4-b075-ee694b136324,79286
5f929520-93fc-41d3-b7e7-5a6d33f77285,79286
1467d1d8-0a12-4d77-ad92-74d4d359fb81,79286
d5adadfb-1d04-4d9b-b435-32f518c732b3,79286
c51acd35-f775-42ce-b447-4207b54a2a9d,79286
31908a86-d7c6-4df4-b8cd-f8d753b95d13,79286
49ab4f76-a553-442f-b10d-03b6969c3d7e,79286
ed3512ae-16e1-487b-a796-55d16627033d,79286
ec9038d7-351e-4fe9-a4ff-f5a396c80d24,79286
924a9a64-5129-41a7-a14a-4d66ea697b42,79286
30df8631-fb8c-473b-bf9f-b36f4903d919,79286
d52e3635-94fa-4378-bf1e-24d235a725d3,79286
daca9275-8bbf-4d3e-9aa9-403c778606bf,79286
de203a12-a621-4481-82d7-8fff49210681,79286
daaeedd8-caab-4299-b352-911e97bed100,79286
19344664-6ea8-44f0-ae26-2a111a5e24aa,79286
32e14d55-ec82-43b1-8134-dc4254c05a6a,79286
cc884657-dfeb-4ea1-9036-d6b8c5a4cdea,79286
bbfe9994-9a71-4ec9-9dfa-fe313a4c2458,79286
bf66c9e7-b652-4a5c-8aed-6ab8949be72e,79286
2efa067e-656d-4214-a3ea-e32ca0b74942,79286
94293583-e8f7-43d2-9b48-e6efc13c654c,79286
35f3a8ea-4dac-4c6f-a1b3-f9dfa3475222,79286
a7942cd3-0f26-42a0-b2ce-e6d4e5f0125f,79286
7372cc67-61ea-4965-b7fe-cfc4a13aa91a,79286
a74ac223-6a8b-491e-8661-c295944bd585,79286
c331f90f-7494-4db0-b097-b270bf1f6d78,79286
95a37159-45e5-43c2-918d-ee4e62906ccc,39899
a079a0d4-2d09-4f97-8fd5-724211ddc046,39899
f2b348fd-e5dd-49fb-a412-2d0019d869d2,39899
ab447ed9-9b35-4a50-84a1-2e96a9ab25f9,39899
12752776-1dce-47b2-99dd-1c5f129caf6d,39899
ed3155ef-982f-4bd3-bdc2-c90d5775e168,39899
54997a11-1679-4265-abec-5011ce5eef60,39899
13cc2adc-09e1-49c6-8c9f-d1a313f56e9f,39899
77f24889-1853-4e36-b3ed-9b601d5a9d8b,39899
97f156fc-f66c-4728-92d9-48c728f528ca,39899
8b6b7ae1-a42d-4152-b838-76242e3014f0,39899
7b5872c7-1d49-4dbd-981e-306230f6d26e,39899
cd736e6e-6b12-4f2b-aa02-b7f56bf40750,39899
704cb942-1443-4367-9959-4b1acc054e30,70027
7ec83141-1309-4531-a325-7858648e0d5b,70027
63831f7f-fdef-468d-ab06-fae5f7b6a0bb,70027
d2e7a68d-ef03-46d9-8fd5-f0c1211289d2,70027
1a220297-156d-4a1e-823c-1a2e344653e8,70027
c2c28a35-e749-492a-a61e-4f9c557db047,70027
a73d0d04-0cb2-45cf-8b76-3ffccc5da13c,70027
c023fc80-5170-4bb1-9bd4-66444f1bb0bf,70027
fbf6ea90-50d0-4b95-8982-28da19863782,70027
69be1610-fdf9-463c-a2b7-3aa2d678ff35,70027
164df9f2-5ef4-46f4-9dad-00b35fffb35b,70027
2ade31a0-7af2-4e85-94f6-710d0245a2d3,70027
1354d1b1-2990-4818-88bc-1735d0acebe6,70027
a828b560-cb7f-4b45-839d-489716a8d233,70027
4ea76484-9a69-43e4-a0df-354752effbe1,70027
f244979d-094b-4b59-b2eb-7c8520baff38,70027
42874c15-baf2-4938-9a4a-70c035da5a2c,70027
a4902dc1-1a0e-4abf-9524-cdf135306b20,70027
d69c2b54-962b-464c-9d5e-234c23d27833,70027
36627078-729c-4bcc-ac64-3d38c637e9e8,70027
79675dee-a955-43f2-8e81-79d945a5c023,70027
b7153b98-324a-4370-97c2-99b05c8e4e85,70027
345ec840-4404-46a6-8b3e-236a39543362,70027
899bfa6d-ce47-423e-a5da-57c81b5e32c5,70027
fb9b4f93-6baa-43e5-a988-2824409c1bdd,70027
c4b660bd-10bb-4989-a3c2-e0ae6f6d2864,70027
1c3633ce-7292-43a9-84df-62eac9d6da8a,70027
0fbd4129-a4f0-4ad3-bdfe-2371dd593988,70027
c847a05c-3cde-4f17-abdf-5caca437e3d9,70027
61765d70-a73d-4c61-858f-7a5657e0635b,70027
4af1f497-cad8-4a59-ac0a-feb374ed5212,70027
4a7033c2-62f2-4e77-8591-6f8cf5d08468,70027
a16f079c-3443-4105-84f8-3cb96e185ab8,70027
174e4c1f-e999-4734-bf37-523350309494,70027
93713068-222f-41e3-95be-d9e21e24d2ae,70027
a079de11-6bc9-4a29-9b4c-29ba89266876,70027
8070e413-49d5-4754-8563-88c0208bbf35,70027
d2eb8cd9-4afe-42cc-921f-3a4da902d890,70027
9cca26e4-1325-4f4c-a942-ed4fda7ae934,70027
5d56816d-6764-45fc-b2a6-cef325d024e8,70027
f89535de-635a-419e-9ceb-0ddd482b767a,70027
11f1e656-a6eb-45f1-a249-64f9c7e11bb9,70027
e8468fdf-b1d6-4275-afeb-fdd7f2c9f9a3,70027
6c9ecfc6-d915-4eb5-b37c-3169fbb7d6eb,70027
2a39ec93-e535-48d7-b653-6b07ddeeb584,70027
98db5074-9307-444d-bba7-fed7c93ddb1d,70027
444b9474-fc25-42ee-a55a-986fc2a1767d,70027
1d639efc-af21-427b-8659-d97b3c92912e,70027
09c84f78-dc14-4b0f-9ac5-4d4435dccbad,70027
e4c749f9-fa78-4d20-975b-0970c3b0d9de,70027
b5ebd615-8408-452c-98ac-ad6dd1b1fdb9,70027
bd2f98d3-c053-4d4a-96a2-95accd6c19de,70027
491cbf3c-b270-4a54-9b7b-1b4a22edc8aa,70027
deb1ed86-f32c-4875-8b04-36b7168de275,70027
5c1fa9a7-e4da-435e-88bb-9d5c13153eb0,70027
e8aa8262-a36c-447a-873f-a5cb687a3974,70027
cc7b8927-4d85-4c49-aaa8-854220e248b9,70027
6a343380-b66d-4dce-97ad-f26e919c68ed,70027
7caf9224-5c11-41a1-906b-ca5ad74f35fe,70027
709de06c-6abe-4527-a1a8-3ba26e57ab6d,70027
67288485-f7f2-4e7d-9c98-3f31d527c211,70027
efb4cbee-5499-44f2-94c0-56475a4d44b2,70027
bc84c548-6b23-4515-8d14-6e2c47eb540a,70027
e9529f74-200a-4578-815a-6b4612330983,70027
4844a764-a516-47cb-adf0-64e1316bdc85,70027
43d330c7-9056-4cfa-bc3e-b2315a4b38ad,70027
bfd4c8b4-e773-4f6d-bbc3-51d184f97f70,70027
34678f40-671f-41de-b4c3-d99a0fdcc436,70027
659ad1a4-15bf-478c-a117-ac199571a7c4,70027
fd289141-48b0-4dcb-956c-10ea17649714,70027
2c41d0df-aea9-47f2-8d16-fdc20082e9cd,70027
741c803f-9d63-4567-88c8-2daeaa8ea110,70027
a8aa96a3-e6c6-4274-a5c7-3eff685c6367,70027
a9de3d0a-d411-44f4-8a2a-78dd8a13e3ff,70027
7aa6e389-1692-4837-970b-835e6b3a22a7,70027
555170bd-10ba-4939-bc4d-e5b98cef31e9,70027
5c0d081d-b171-47ae-afd1-61ba45df62a9,70027
51b789b5-1523-408e-b593-7ea1897cb9a6,70027
80053e14-182b-4b0c-9a0d-cf904a33b22b,70027
173573d1-b4f6-4ec2-b286-8862192a63f3,70027
7493d59a-ee46-4e52-9d45-c215d13d535f,70027
8284a1cd-8e65-4eab-9d3f-59ffabdf80b9,70027
a33f6d91-848a-4abb-945c-6e9547e1a0f4,70027
647fc6a5-9dae-4063-b45f-ea0dc9385917,70027
00629f3b-6d83-46c8-94db-3fbdc37b4d65,70027
07475ffa-6d5a-4cf1-ad3a-8671a92d01f9,70027
58d92176-dacc-4058-874c-030196c48909,70027
7dfedb3d-3cf4-4581-a85d-b3dc629ac8f3,70027
e8e75e8c-2134-44e0-ac8b-885f7a820298,70027
7dd81a3d-7d89-4d97-8cc3-70ab7efb50ef,70027
642629e9-7709-41a2-8203-ba4aa8b1b96b,70027
d7e761a4-3f90-4096-a0ce-ce7164fd643f,70027
e678d515-2090-4002-a56d-947935f8ac0a,70027
dc89c744-502c-4b86-88fb-2771449bd86b,70027
768c55a5-cfa0-4e0d-9a1e-c89b71fec3b4,70027
b944f240-6fcc-45af-a7e4-1f21a7978479,70027
820f93c6-1112-465b-8990-e56b4b4ecd79,70027
cddeb5a3-d97f-4720-b826-01f26f7d3efb,70027
a5c29834-6a22-47ec-b1b4-d1d8c96099bf,70027
6778abb7-ef7c-4f30-afdc-4c4b772621e5,70027
f67bd561-d76b-4a8b-b7af-ca8e9acb363e,70027
b6a9e1b0-263d-4ab3-98c2-aaaa7e971495,70027
dcc9465f-99cc-4748-adf5-859004fa55e6,70027
addd4048-d437-43d0-aac1-2e73bf0cd200,70027
670d82d0-7441-49e0-a6cd-7c6ef8f0f374,70027
ddf6e837-3b93-464c-83ab-fb2bea4ca886,70027
fb9831ec-0e34-4a25-941f-456a0c8ec45c,70027
f8f40c79-1659-4785-a950-042ed493fc42,70027
d6055b6c-7ffd-4a1a-b358-9cdf0a738d90,70027
83304a44-1266-4e64-b0f2-185033a42897,70027
19c35b5c-54ec-4933-a4d8-417f3438f3e6,70027
504a0e35-7511-42f3-acdc-15c20fc90b49,70027
66f0aa10-ba8f-4593-8969-b53fbc9fac78,70027
1c3f31d8-4a75-440f-b620-ccc3ea394fa1,70027
2c22a881-284c-4bcf-b083-298ffb2d1bf4,70027
3f906f3e-db67-4678-a2ab-49025610583a,70027
55701a39-35aa-4867-9b0d-3b629d941c8d,70027
b30dd622-bb30-4aa0-9585-3026c0e2f8c1,34777
fe9577d4-9256-4a24-abc2-2f0febb7ae67,96186
112086e0-5b6b-46c5-975c-ebc41d2116f4,96186
2475cf8b-169a-4167-9275-bc5efc1a0d06,96186
8b2d0467-1253-4eeb-a18c-c826f4d4f8c2,96186
cd4b324d-0f6e-4327-ac4f-a30d946aa862,96186
8476d7e2-0a1c-4a67-9245-137de581da5b,96186
a2671e43-538a-4545-a117-12841df71208,96186
fdcd54df-c5e5-4f45-a891-ae49332a2996,96186
3ef3e836-549b-4c7c-a0fe-4c595b0d77d0,96186
08e085d3-09cf-45b5-88a4-864611cee8b0,96186
ba6ec454-cf13-48db-b371-16dc739f8a95,96186
8a5c3b18-d00e-4c67-a095-b65abf875ab1,96186
cb6c3f4f-cc3d-4bbb-b313-d033025d0c52,96186
47203764-a049-4558-9fd5-492654c19ba5,96186
95d91c25-95a1-484d-9f97-829da55272d7,96186
733c521b-3137-4eaa-b3e9-b52e7f302238,96186
2b47594d-aa9e-4639-864e-cd010ddeba31,96186
4f9a589b-6659-429b-a4cf-8d56ab7587e7,96186
e7e3c021-0b4f-4559-9a9c-b03b5e403507,96186
42ab1b4a-e48a-48f5-96be-dc82fee55494,96186
eafe0f1e-967a-43cd-b5d8-645614f3b134,96186
67d78864-8e42-47f6-8c9e-408bac0f1396,96186
67bacaf4-fdb1-452a-acd4-af80219ad07a,96186
99e35f81-98c8-46ad-bfe3-b8b88161b143,96186
bdafb04e-7103-4f11-b9f9-4ebea25d8b3b,96186
f1e1bbbc-c0ec-4fb1-9e71-c065a1779231,96186
d5e13bbf-e5db-4569-a0a3-14bb1386a716,96186
763b42ad-c5a6-4d4a-8308-7060acbae927,96186
e14706e3-09be-48d6-8290-3a86a96d4613,96186
31a49ba0-3d6b-4c73-8eff-f852c561ce14,96186
8c244373-3a0e-4799-9ef5-61ad9d249294,96186
cb0c9fd4-0af5-4174-aa4f-9093f96d7bac,96186
4c8cc8ad-1a2a-4ec8-b0da-907f8dcd2c78,96186
3e876d82-3999-4b58-a1e9-d1eebb37d902,96186
9bbbea67-07c2-45ef-9677-1f50934bc949,96186
3e733e61-363d-4864-919b-ed0f8c728db7,96186
b7b9625b-3d90-47f4-a288-b59a34ef21f0,96186
2cdb9525-c2da-40d4-8ae2-714d3907010b,96186
e72f4a81-8852-4f59-b6bf-b3e441666bf2,96186
56cf50d3-71c6-4dcc-acc8-d1d28f607778,96186
29a075dc-34c7-4d1d-ab32-6b5cf439dbf4,96186
eaca4d73-e8e0-4b72-8a9e-fb1e518f1cbe,96186
6b027ee3-5496-4548-abda-5acd4ff3f8ca,96186
7f893ac4-a5ed-42e6-ab69-8f61b5d9be83,96186
b6298f9a-b2a2-4003-8d79-7d7238748fce,96186
56e5fe7d-f60d-4907-89de-92c6ae870b84,96186
b896294d-1081-45a3-acd0-544a9bbfa143,96186
ab3b867c-82ae-4314-bc6a-f468e50a7ac9,96186
9ea8a372-2007-47e1-8713-98d1dbb19085,96186
e7a22095-9e1b-47c3-9400-13d95f436da9,96186
f47554b9-bf17-45ae-87b8-213b46614f1b,96186
c8b643ed-da1d-4286-ba7e-cf69edd586a9,96186
5a5d8829-a260-4325-ba14-3e3ae5cabfad,96186
f226c44e-7f02-4f4f-87a7-0de4214c05eb,96186
c47eee42-8708-4467-a8c0-d87e1461a70f,96186
568fc508-226e-4280-92c2-45a9e2f8efc3,96186
4689bf74-92aa-42f7-b27c-42c46f6eb444,96186
0bd2bde9-7914-4a8d-9a9a-4d2c78630257,96186
f0ac15ad-b1d4-4ca2-b084-a3f1357ebed2,96186
a714ac02-7a74-4796-a048-e7a4379f9bec,96186
4c0e0a4f-4c1e-4c37-85d3-49bda4b3edb5,96186
6b56af70-04a0-4e68-ab07-14a66a3785b7,96186
2b4a7f7f-d9bf-47ea-8bfb-838db6575012,96186
f5e3a373-66aa-45d2-808d-3e00f40af240,96186
996bf777-39a3-4b96-a82a-93e78e624a3c,4943
ef592acb-2738-4c94-85a9-69578d34c830,96186
cf3dc433-fe0a-4455-8821-f2bdfc4a8016,96186
ed03ed61-2230-4872-8d86-b1dd1db3db59,96186
3fab249e-143e-475d-a5cf-98dd31a2c323,96186
3e35c63f-edae-402b-b8cb-4cfed7cf3653,96186
09980b44-f69e-41a5-aacd-163b6995ccb5,96186
b99d288f-66d4-45b0-96ab-660406599472,96186
b5b46d17-8e14-4e0a-8472-bdf2ef26907f,51444
8ab75999-5d53-43e3-bd5d-38b1059c86d6,4943
5f5e436b-eb07-448e-97a9-55d948800fd1,4943
e86197ac-1967-4267-86c9-00df406cd193,4943
938c3ae2-4eda-4fdb-8561-0e39040bba5e,4943
36fa9373-15a8-4f7c-bec8-57fbea304879,4943
f3440c4c-e680-48f4-a119-8a8963b50383,4943
37019793-c757-403e-a843-e992ede0d1b3,4943
43793b7f-0f07-4557-bef3-e1bd92fdaf88,4943
04a56bbd-d5e0-499a-803e-2f7ecd439530,4943
437e2c5b-d2ad-450f-bd5a-1b1b9f4bd09e,4943
9de54635-b3ce-4e71-ae1a-783b31e66c15,4943
1df5fd01-5fb9-4371-aa38-5aa92132392a,4943
2c84b27b-2d71-47cf-a618-9e3bc2f80b2e,4943
29ddd0fd-d2f4-42f8-8b01-053265273a1b,4943
fcd2fc58-ca6a-48df-8c37-3b2c68169683,4943
d9e900e2-da87-4508-9ce5-97794f39ad70,4943
c43d3802-94d0-4cec-b176-c51e106bff33,4943
99fcb80b-a3b1-495c-9f18-adbca139958d,4943
0e6ccd76-aa47-4797-b661-aa1c3e77556e,4943
00bf6da6-0c16-49c9-a835-3a2cfa1478f5,4943
10f27cac-e0a6-4a39-85ac-2d0abc3207c2,4943
7e0f51b4-f684-41a3-89a5-9d37e6195eec,4943
3deef897-fa04-4393-816e-1ba3f6cef2f3,4943
62ae062b-672c-43e7-8858-07207be2dc2f,4943
0ddbbac8-1482-4f0f-9c80-dad9d9ea3a7a,4943
e1382454-be45-4fc8-acd8-9057360bd0bc,4943
f6fcc22d-847a-4116-be8f-3fe6ba78ca7a,4943
7496ec40-b3a1-4c2f-8f0f-3c96a2c305cf,4943
c57b8f81-5796-416b-8d72-7dd545860ddb,4943
f1a0a4aa-503a-4566-b389-78e1c6f044f7,4943
d9122117-4797-4908-967c-e917dd748e34,4943
8d1fdf68-aefb-408e-b4db-4fd8b478474a,4943
94a4a194-c98d-4f30-b40d-b49d348d58b0,4943
faf0c9b5-784e-48d3-872c-2397b3aaf161,4943
83731fa8-f28e-464d-9a42-fc1e0bdf228e,4943
a979497d-c17a-4961-9eff-5bf3ccf7d81b,4943
b2dc3bdc-54ed-484a-9f83-e460bf69c8f1,4943
69d63d67-6a62-4e09-b15b-61b706ce8a31,4943
9d2e71a0-b27b-4613-8f1a-d49e7079b88f,4943
badbbf5f-84e2-4130-86df-e4ff9ccdd8e2,4943
f3c89983-33ab-4666-903f-9ec711756ac2,4943
42cb458a-c437-4857-a62c-d9e6be697c34,4943
f13af2a4-3a56-4d8d-8c18-f0e63616aeb8,4943
35fab860-2d6c-4457-bb5c-38f1a0107979,4943
48eee0ff-9a73-4e4c-aca3-0ad39b9ef18a,4943
3fbbc509-ed24-436e-95d3-2a6ff9d30a78,4943
ffe0b4e4-c3d4-4dcf-987f-3ee36927b01d,4943
23edbbda-8ae7-42c1-8fbe-465f11017276,4943
6ac97a69-3449-4103-9928-e6985c5b42cd,4943
198f4448-1202-4da8-8c97-bee5ed70d248,4943
2003f490-3882-4129-8dc6-4a6944ea43cd,4943
192587ff-d0ea-4315-b5a0-e8e0dfb0c96a,4943
2e2114b6-d5bf-45b9-a550-388bc21a54d5,4943
a6531bce-30fb-4290-8328-0dcb3ccc943b,4943
5f0e3760-45b9-4bf8-9895-aeb6ae9b51bd,4943
080279c6-33f6-4bb9-957a-77be7a52a4c9,4943
28c10c58-96af-40c1-9a11-30687ad85fab,4943
b9a42ef8-4b81-48ca-a059-f753f2cbc6cd,4943
9c201ab4-f55f-497d-ba21-261f69e83501,4943
658c90b6-9dae-45a0-a611-fd5f5eb05414,4943
ea2d027c-9399-4877-bd9d-caa5fd5bd085,4943
e8111029-f0cb-4432-8397-70d50970f8de,4943
ae343e8d-d2a0-48f8-b43f-9325cf014a19,4943
65edd280-5354-4d61-b2d2-b3859e7fc030,4943
6abf9269-a1af-43a2-9bf0-53bd8b3d992b,4943
30be290a-0709-41fa-aacf-0f1195780d0e,4943
bc954627-86ce-4f40-9f90-6f9af7012ad9,4943
22009bd7-d147-460e-bf9c-7fa4db5a18cc,4943
39944032-f3eb-47b5-9266-2ce274999a0c,4943
1e98dcd8-4e9d-4de3-95e3-0040163ba9ff,4943
c812100c-7884-4bdb-b197-0b4767300b4c,4943
d5169653-bb26-41e3-bbfd-0d80461d0f91,4943
93703cb0-aa91-4438-ba2e-8aabe144b4c2,4943
d0784c21-30a4-4c8b-a01b-53005bf2196a,4943
d479d940-9a65-40fe-9e3a-2770bee7bdad,4943
d8c9b6ab-eb01-4778-bab5-6b81e3d899a6,4943
5f420640-2b2a-4ac4-b1ab-c97252ad3a52,4943
16c38b32-a657-4053-a696-54b8c4d7e23f,4943
33489bf9-598e-4e20-a8c5-7fbe1b4fec7f,4943
79fd6361-3591-46f8-9e23-0bd30437b792,4943
b74acec3-0a84-4865-a66b-7e87505d083d,4943
98da4ce5-2c4d-494b-9eb0-8405f891464f,4943
92969509-15b7-4ca3-9230-539eb9a6c32e,4943
97452895-a609-4ffb-870a-74190df40fb2,4943
9ae612d7-3d57-4bb8-8958-796080808620,4943
43975dc9-049d-4574-b38e-4714f362c96e,4943
b2400e1b-0d57-4f25-bfa5-d4364f7e3302,4943
bd492653-bd44-48f9-bdd8-2d9160f79aec,4943
b468a7a6-a196-4d92-baa6-692b7339d064,4943
fbe9241c-95f7-4569-b57f-46a9c29e44ac,4943
e29b655e-8352-43c9-a2e2-d21f9e7751a6,4943
e61a3cf3-c297-4132-a87e-23ee8840a97b,4943
5d820f09-4024-474f-950e-41d86ae0eeda,4943
7bbf6d24-a414-4142-bb99-2dad2b637a0a,4943
d837714c-11df-492f-a6f2-bf3800bdcf39,4943
92ac5db3-fe6c-4520-846e-77f7e10303e8,4943
3301a1f6-894b-4ba5-a57e-a5bafd538259,4943
509d121a-9936-48af-88bf-609c1f12ee25,4943
2a614c9a-2395-491b-9ab5-df49e4cdd219,4943
c0559bc9-c5db-42cb-9d34-d14827940b60,4943
9ecd2ea2-8da1-4f3f-bde5-f2701b8ee8c8,4943
21207360-9829-41e4-bae0-a5406e6930e1,4943
3c8d4701-2c8d-4d31-9407-86caca1cc631,4943
58592449-8e01-4463-be19-20b328e9c72e,4943
4419112e-8b5e-45c8-8fc2-f2968d59b3ed,4943
b04ab66d-ad8d-4800-bbaa-fa80b004b28f,4943
e4aff1dc-5a5d-4736-b060-48c9ae1b96e3,4943
32e16980-2e9c-4e02-842e-efd406cc5c4a,4943
0167e2d1-2be1-4d89-979c-e4b2c18f3fee,4943
9876bf77-8ec0-4025-be3f-e897cbd45874,4943
2f702477-ed5e-4302-9093-6e1ee0de57a0,4943
ea4ea108-e4a6-43a3-a029-f0b328960735,4943
8037b57b-352f-42ff-bb5d-b874711284d2,4943
bef0f308-51db-42a9-91ec-eecd6b2ce3c8,4943
62aaf740-5282-4a11-bdd3-a02ed767584b,4943
2728e5c4-647c-4972-b12f-bda7102cae90,4943
a620a6dd-4a21-4b15-8bae-ed17b6904d10,4943
e918f576-1ff2-4917-86ff-0547358813e6,4943
07e7ba8f-bcad-47a4-91b6-a3454846da0f,4943
2dae8922-9adf-4bae-ae1d-c4375549929c,4943
e671a932-1b18-449f-b7c7-5ebe20882773,4943
ac555730-02a3-4859-90f0-a84b366c7e97,4943
3d85ea52-d30e-44c2-b192-92281977896b,4943
ba2c00d6-703c-4ff8-a4ca-7645f9e7e05d,4943
cf4c0e46-15e0-4ab3-aa95-1817cceecfbe,4943
aa718892-5b06-4024-bf63-d87288ac0b55,4943
98f8149a-d357-4828-99d6-caa4bb339fb3,4943
31541fbb-bd51-483d-8c66-9761b106dcb7,4943
6861bf6f-b5c4-4213-bf5c-035e07d1b35a,4943
fac96153-a029-4ca8-be29-2e8f1ad74a92,4943
3f3555f1-b22a-4740-ad01-35aab0cad28f,4943
055cdbd5-e33b-46c3-80e7-8c23f4f91b76,4943
7f84dfdf-75ae-48a0-bcb2-9c3a9cbd2b82,4943
643f5a08-f0a4-4515-bb24-6637c7a547da,4943
757e0760-bdbd-413b-81d4-5cd557cc99c8,4943
b64838b9-e38f-4e89-98aa-c16b9beb64a1,4943
5221a572-d7af-4738-b292-b72529e04ba4,4943
25f068b2-956e-49c6-807c-11b3508cc0cb,4943
87a5a44a-ac17-422f-9051-349c67923b48,4943
e473c8d5-54e2-4f8e-8dea-f67d6180b6fe,4943
0fe86749-2f21-46f2-ac48-d8797874dd66,4943
443f24a2-b148-43cd-9e3f-dd6c82f33bb4,4943
ed923fbf-b6ad-4f4a-b0a2-a2dab765d0da,4943
c3c6a353-95dd-4291-880f-fd83de146251,4943
4fd2e657-5dd0-4419-b963-0363f0861672,4943
4f3af7b6-4f32-4cfc-a8d5-958a90bf2c5d,4943
a667a009-b1ea-4eac-85fe-0849f2d67e09,4943
8029354f-add8-4e99-87b7-a7f2131698ff,4943
d7346570-8803-4a8c-81ae-e19339537c28,4943
4fa5d22a-f037-4370-b4c3-3d5c48ade19b,4943
9e20eb47-25d0-4035-85a6-705862d59432,4943
ff33c18f-a01b-4825-8bd6-5e0d18747872,4943
04b58ea1-9a0f-4b9a-8521-4a29cc80d5a8,4943
a1401eb7-77f9-41fd-867d-80562b9488f2,4943
8c0d47d0-4093-49f4-ac91-dc26e6bfddb7,4943
52dbd92a-2bbe-4f39-bbbc-e3d2366c9a45,4943
cc92d1c4-6c67-493a-a855-bffe8132a791,4943
f73a59d1-eaa6-47ce-bc8d-4a9a904cd44d,4943
5a2fdeef-ebb8-4bd7-90f6-9562356e08ee,4943
721c7347-6b49-4b9b-a994-69e8c4f629c8,4943
33083522-2099-4541-8298-848966811262,4943
3126ee59-8f43-4f80-a61f-7bc7499a5bdd,4943
aa8b49a6-03ad-4368-84aa-839dbf389751,4943
40b0eb35-b90b-4765-9a10-a6c530ef831a,4943
bf28299c-8f6d-43f3-bb26-a08f32aa8059,4943
c400fd3f-973b-4254-b816-85f71615de75,4943
ff83b530-b64d-4ffd-ac1c-46926b34fc86,4943
2c43c0da-3859-440d-b21d-2b71172263ba,4943
2c12de6c-e828-4e4e-a4f8-3b62c74e878b,4943
85c36453-9737-4dfd-819c-1d94affa3743,4943
ad8684c8-7fc5-4b33-aced-ff04ebcd8fcc,4943
b22483f7-9772-46c7-9aef-df8afe3d73d1,4943
328b5f33-db50-4fe0-bc4b-7dcf7c8da493,4943
ca191b08-d9ec-42d3-b1ce-04df591589d1,4943
d0e16ba0-4237-498f-b8af-d175570001ef,4943
bf72675e-6e74-4a22-882a-39ca5954e74f,4943
64ef6726-4b9a-4cf9-a302-9fd9198518eb,4943
e281be2e-297b-4f67-8b54-ba2983a220d1,4943
fa41237a-c3f6-4149-a43e-8274958416ad,4943
24ddc2d6-c2dd-4bf6-938f-17a753be1b7e,4943
b809f43e-c05f-4dc0-914c-d0e219ea5f55,4943
664d498f-564b-46b8-bbdc-875e439fbe6c,4943
8ab00be5-af0a-40cc-894a-f23cd9f3feb2,4943
8440eca5-a7b6-407a-8de6-e5e11718ce96,4943
53447ba7-a3e2-4733-9b86-5d70e26c2cd8,4943
25af4239-28c1-4ca4-aa9c-0b772cd1582f,4943
72b9c7ef-073a-49aa-8cc0-60a13e3207f0,4943
c68de20f-4dfc-401e-b228-32a42f9d0b1b,4943
9d32cfcb-72ab-4dd1-bcbb-e3034b331da2,4943
e8a7663f-d5b0-4cdd-bd74-78e5f7b14cfc,4943
6c7f2247-1e89-4d92-b983-076cf2dd2149,4943
19171563-e581-43c3-9420-04a0f156eb3d,4943
b5672471-2e5c-4127-a070-3ed21e67472c,4943
7387e25a-74fd-459c-bfff-6e69b3655a1a,4943
68f3519e-af7d-444b-b242-5b8ec97ad0f5,4943
92c2a496-4eab-4d66-b298-997f7092399b,4943
46c807af-80dc-43c5-a276-3aee73a99919,4943
2380c92e-b4e9-4e9f-ac01-23a881137611,4943
743cb9d6-4a6a-4577-a9c9-937f2e39960b,4943
4c683645-ff92-4227-955f-224275ce5c23,4943
ad684f9d-cc6c-4cbb-b683-2916a820a8d3,4943
1fa005df-0807-4e89-aa2d-e118ea78ead6,4943
ba008b28-6a67-4488-a840-3926ffa069ef,4943
8e2bcff1-8187-4a7d-a208-d10df5308cb1,4943
ae8db06a-26c2-457c-b577-82d6a1f41b8d,4943
43777d0d-f8c2-446b-93fa-715dc51d2843,4943
bc0622b1-693c-4c6d-bd64-789bbc4c3996,4943
b9614f08-c45c-4e76-96f6-936318963758,4943
9127c921-1a9d-471f-84f6-9cd2a7235fcd,4943
1a1bdde9-68a4-4ee7-a9b3-0ceda9103f0d,4943
88d56bec-071f-49f0-8a35-0a452583c9ad,4943
1e642328-f656-4a57-9350-31be56ccf5c1,4943
15f0cb30-c115-4b1d-be75-18e8f1b5a243,4943
58a39cc9-b518-4e0b-946d-d3d37246076c,4943
68d577bd-3798-4187-8ff1-945f1266cd3e,4943
4368d863-e2a2-431b-9637-fcc6b82be7b9,4943
42b4da39-0fdb-48cc-b14d-c45dca5ad04e,4943
3af7f77f-8635-47f4-93c7-d0658f657376,4943
5178e67e-c71e-454f-9637-3a6360018586,4943
15a2abf5-05c2-4ae0-8b05-a34c37cd501f,4943
5d14f6b9-3a49-4d23-9873-e6357428eddc,4943
5646d9ac-2433-4c0f-979f-303ff0aa465e,4943
443fad6c-01ff-4029-ac5b-3567c038262d,4943
e68f589c-8892-4b56-9e63-7db10e15a345,4943
ed6f66b2-665f-454f-b721-99aa3be560d7,4943
429e9896-9616-42e1-a389-3c3f1a5dcbaa,4943
f7a864da-b313-4ada-956f-d16b0b1e92a3,4943
061bca52-c2bd-4abc-b8df-844f4333a8a8,4943
95eaf2ce-e8e2-494d-b6ff-9017621cfa3f,4943
f27e62b0-d3a2-40b2-85f2-de7ea9a740ba,4943
8003be5c-41fa-49b9-b3d2-bb2242fb8dee,4943
d6048249-1f8e-4e09-b16f-b292dc79ec12,4943
82185af5-f12f-425b-a3f3-16dec4b7686e,4943
6a5e2195-5493-4cae-9870-a7543cfc8cf0,4943
d1ec4cf0-fb20-4ad8-9b90-cafb30690419,29744
0674888d-1641-476f-8e85-9c051a4bfd87,29744
6f84fe16-eae6-44f7-aad2-f7012576e2d6,29744
30089430-dec9-4f0f-863b-199625f61b9c,29744
1dd80db4-054c-47be-a997-4adca59e721b,29744
c7c51a76-36ef-4074-ba52-9e666caa450b,29744
cee22dc2-afc0-4c00-bb79-1d83b9bcae91,29744
d544da1a-a6e8-41a5-b9a4-887e9f51986f,29744
d4ad0adc-3bfd-436f-8869-c1e6011fc1b3,29744
b1acadcb-4e1a-4f1e-8aad-0cde3de13c45,29744
01e2adb5-6c54-4d0f-82c5-ef803db88b9f,29744
168fcf5b-4480-4b7e-9e32-ac5c3f4270a7,29744
f5e7ee52-3f42-4c62-a8d7-5cc7766824bb,29744
8f7f36cc-efee-488e-9220-208bdd9d775f,29744
a88a2705-6d0c-4e69-a599-d090df06f051,29744
c6f710f9-f81d-468d-8f64-065faf61f9b3,29744
98c4aca8-9e75-4b52-888e-54cc88ac5cec,73861
fb85f8e8-c90a-4cee-8c8f-d6a5081feab9,72132
08a435c5-2a0a-448f-9f5d-67d7668c8242,72132
b6edf4e1-93fc-4484-a33b-ffbdfc571dfc,90749
098e4401-1be3-41b0-bd50-a9e1a49a5636,90749
dc4c57a0-3eea-4828-a0d4-d68752a979ff,90749
5f865fae-a2e2-4552-b068-7e3fcebdbc0b,90749
7ccfaa63-05f1-45f4-8045-4f146633b6b8,90749
93065e19-bd06-4c4a-9b63-3422b5ff33e7,90749
6cb62670-5fee-43de-84f5-f588b2b00415,90749
70b22962-1fb2-40c3-8188-f17f558cbf1d,90749
df1f93df-8670-46c7-ac8d-5f412a9a102c,90749
00d3625d-5f77-43d4-b085-c26f10619b06,90749
c2b60e74-b4fa-49a0-8fa1-6f234e8b9d07,90749
d033dd53-2d3a-4445-b9a8-96f4b0156f4b,89032
9378045e-b902-4895-9cd7-48b04dd5863f,89032
e2a50359-cc41-4c8d-947f-bff7feea534f,5149
e2d05291-28c4-403d-879b-9ce1a2dba3ba,5149
1e049cbd-5267-4e64-a6be-d9420357f5ec,5149
b5e94c8c-1d97-46ab-b976-725b80ad284a,5149
b8dbc232-2193-4a3b-9867-127fa6836a56,5149
e92e19e4-7bd2-42fe-b06f-3f7aa3a09b3d,5149
3cd8a157-fed2-48ba-aaba-b36f89c1e737,5149
e7728d1a-b821-4a7e-9533-09d352e6752f,98246
8dfe08e2-301e-4cb7-851e-d61cd19bd541,98246
40af5b08-032d-4b25-b89b-4ea462d00fdf,98246
f8159695-b978-47cc-8751-3c50e57ff7f6,98246
4eed43b2-beac-4d6a-9b6e-337480e29ebe,98246
898e650d-5754-4cd8-998c-77b427835a34,98246
d9ed94d4-c5a7-4678-bbe6-3bc871e91b43,29379
1e7f3c21-f099-4937-af16-4b7f4d5eee47,29379
2c0ad364-bdc0-49ad-9520-1a70567421bc,29379
170540b6-ccd4-43d7-bd25-3fab80419601,29379
00f557e9-0827-4aa1-87d7-c31035867f7a,38287
2b352d16-1226-44b8-aef0-c6c7a9b5e666,38287
8616e816-d2b8-4dcd-b167-63fae6047fa3,38287
569586ec-74d8-4476-a42b-092f4053e944,38287
a1e8c56e-f0ca-4e3f-be69-7d809501b136,38287
8c05c9d4-9e4e-4e10-8ffc-56f3ba9568eb,38287
3351a6fe-50c0-44dd-a585-0318bdbd2998,38287
1ccb742a-7e1a-4c12-9394-1eccf953c279,38287
7df67939-e121-4ed3-8625-60f0be9496ff,38287
7cf879d6-d5e5-4912-93f4-a1d59de26bc1,38287
3e79be32-0124-491f-92f5-c9107fd78b94,38287
2821f302-378b-45c6-94e9-2277b5df3dc1,38287
30b37337-4c79-4a08-aca8-da48d26ef93b,38287
51f7fe5c-0fcf-4e69-9f05-c7daab65c963,38287
fbe6e863-53cd-4645-9167-c5f64c8c34ce,38287
ef7f6fd0-217b-46d9-bd57-31078c3d62fe,38287
0f9fc000-a527-4a39-a37d-93ec6f3fdbb2,52157
38f6ff89-c1a7-478c-81da-eb0637cdd2b5,52157
f314c011-6e82-4e96-a32b-49b919ec336a,52157
8e9ecb2d-2ae3-49ac-8b77-4105fa23c895,52157
dd4b1d2e-da24-4375-816d-a572d7b24d92,52157
1f52a101-1975-4021-a570-981f8238b08a,52157
8a3be6a9-89e1-4b9a-937c-8db7fa961c0f,52157
e6a682ea-d8ee-4f1c-a629-37f95db0ea1d,52157
66811c31-7d1b-4ed4-8320-7c3493811c2d,52157
3a1dd214-4519-4f88-bfd3-b5e548b4112d,52157
2b7572ba-0f29-4e87-8844-2f84b654c09e,52157
3bf7ded2-fd92-4fef-85de-a344105ebb6e,52157
cc15b51c-ad02-4dd0-8a9e-d476bbdefe8a,52157
52019d3b-3516-4774-8a3c-b8df143dfcf8,52157
7f392da1-73d6-4084-b502-a5f01d256642,52157
ed806c19-d517-42b6-8ef0-5ac95d6c5507,52157
afbeddd2-8f43-4126-acfc-127801c32196,52157
48ef8c9f-3f18-48eb-a626-179ef26e1fc0,52157
c0d3df93-44dc-4693-a655-eadc34a35415,52157
cf4cf7fe-77cd-4a55-b0a9-37d5bff2c183,52157
cfb5697a-5f33-4f90-a825-e90220f4274c,52157
cd3bb7fc-a48a-48cb-96d2-32db04d7d187,52157
220667a7-2e6f-4cd7-b685-15964a5b6124,52157
947e124f-558f-4fab-8c21-21f11bce99ae,52157
2568fe67-6571-454c-9cfc-e901809d2e9c,52157
de2eba29-5863-47f3-9c07-0161448a9a22,75249
c9851f45-ba0d-4482-a530-dca533dfe277,75249
0d1e27af-0410-47a1-a6be-d636e4740e08,75249
b231c53c-5500-44b6-bcf8-b4785fc352a1,75249
5cac4d2b-d879-411a-989a-6de8f2801b88,75249
88963e0e-a130-43ed-81b9-8c600f0d479a,75249
b25e934d-025d-4206-9781-c23ba5805911,75249
dfc3caa8-849b-4a45-9dff-60ab5eea0d6c,75249
b9a1ae80-4b3e-4fa4-aae8-6c39adff2469,75249
6184b9f5-3305-4587-93c5-a5915b4b635f,75249
0e997ad1-0a03-4a18-a144-464548369abc,75249
19bf61c6-2521-4d92-ba63-6a3ebd8c552e,75249
319eac56-87d5-43cd-a475-57085b59eeb4,75249
e5be6a88-4142-42ed-aa8e-54d4b86d5e75,75249
372cb2d9-a142-40a6-8da1-8fed857c4f42,75249
8001457e-4163-49cc-b4fe-08fdaa8c7f9f,75249
e00bb173-9f7c-47d2-abc2-65e27971a008,75249
4f75a096-c8e8-4f71-a824-6e39ca4ab249,75249
07b16aa2-8397-4157-a516-81c02c0a3e62,75249
5b116cf6-510a-47d8-8aab-731540bd3cce,75249
860223c9-ab75-40d4-87ba-ab08aef93a67,75249
997b65be-c1d2-41d2-be6a-7e752d8be485,75249
583b4856-3157-451d-b919-b3c50e12b21f,75249
db66c0cb-101c-4053-9445-d2da5effd83b,75249
25814b74-121f-4c0c-8ccb-85c84bc1ec4d,75249
572069cd-5a6a-46e0-ac1a-2562fb4c0247,75249
6da2d3b3-8e98-459a-8f05-506654a1703f,75249
60665440-c1c6-478c-9025-95cbfa919214,75249
39ea8c96-2f97-4ba0-979d-ec50566e3fc1,75249
592a2f4b-198f-4e30-945f-0dac65d28cae,75249
9509e788-42d7-426c-893e-11953b9c310b,75249
ef4407d6-31f8-4f04-a588-840875120539,75249
b1dac7e1-a3e3-4195-bfaa-ac44ea36d538,75249
5ddae472-8192-4992-b24a-512df64cfd1c,75249
733825c9-c557-495f-a145-7087d9e762ed,75249
f2e45137-7b47-4ad5-8f86-aaa0b6668f21,75249
07a5fbc7-9335-4a81-835e-38c8d7c4f381,75249
8699cd8a-2f1e-4a3f-b7aa-aa17938a7398,75249
b8edf709-bf91-495e-950a-1011abc95337,75249
59904699-84c0-4cda-9707-f9087e5af429,75249
cf8f9318-6d80-4a53-8001-74c797898281,75249
3b66ecf8-20b2-4a0a-9e9f-773e14d0bb1d,75249
50f2a047-0eb4-4a59-af6a-f528cceb19d8,75249
d504ad79-020c-4ded-8593-378642a602ec,75249
e85261dc-6fed-451f-971b-3cf5e1e12a75,75249
e59be88e-178d-4c7d-a949-5693f91ee454,75249
2abb7ed8-f970-49cb-ac4c-3445b384dce6,75249
87cc72d6-4485-442a-b18c-4100dfbc21c9,75249
475ef782-382e-4f06-b1ad-052e457e8bf6,75249
8d78bf83-74bf-4a1f-a427-b75984a14557,75249
8af4d563-7834-4f49-a810-9261916068bf,75249
a22daa79-ab4a-4d0c-93be-91d0251bcd9c,75249
eada9328-1b09-49da-89b6-ec6651bf688c,75249
e0bee3d7-ff36-4379-86a7-5ddb773ee16b,75249
5b859468-2810-4c88-a3ee-a3706d315e24,75249
3645a3f4-c95a-46f1-a3ee-e19dc1ad1e7a,75249
d6563629-9cf5-443b-b274-8647336842bf,75249
5e0a100a-5d4d-422e-a617-280dcfa1a1ce,75249
2495b268-237e-4759-a06a-6cfab0c34ded,75249
67b041fe-50d3-4cf1-85c3-4d32de8c3330,75249
0a6978ff-0327-4994-bb28-8e85a5ecf4e9,75249
dbf301fa-6a1e-405b-b4c1-85dbbf1a3f49,75249
4b4b6287-1f83-4419-a8cb-7a234fddce9c,75249
87881b7e-b53f-4fcc-a214-e11387ef5ba3,75249
f1d1540b-83b4-427f-a816-099ae309635f,75249
88cd9c41-968d-41d5-9b34-c1778f7f7f14,75249
03c04c84-a659-4e66-9bb8-ae95fd45a59e,75249
5adad739-6cc6-4625-bd1f-42d330500b37,75249
2cc2d0a6-64f2-4b9d-bdca-6bf47154b9a6,75249
cb31f231-5811-4838-89dc-e158683cc4d0,75249
32f3091b-e018-47a4-89bb-8eb74d7708af,75249
022dd5ab-c53c-4c1b-b52a-207f3dbb53b9,75249
deae8da8-d53c-4c5a-879b-f5856ea0362b,75249
3bf1ae69-145f-4735-b69a-0e414b703fbd,75249
c19efd00-66d2-4160-8410-eeb2834715c7,75249
e74f11e1-eb12-49aa-b424-6f054431fa2c,75249
70849494-7e03-44db-a87d-3de25c39d6b7,75249
5bc42295-57bf-4103-8c3a-b578ebd4499b,75249
5ceace30-babb-4a98-a0f9-c3affcd69e55,75249
a48358fc-96a2-41a1-8527-7a9a10388013,75249
2bad4c53-be1c-4ed7-965e-ad11a53739e4,75249
a7ebeefc-e468-4154-83a6-9710208dd815,75249
641cbd15-8c20-4904-803e-3789a3e71481,75249
7d211b31-b781-4387-8a3f-e2ab63fde9ab,75249
9cb00346-1761-44ff-82a9-e2f18c6ad55b,75249
673c7f1b-cdb7-4204-a0a6-57aa514c5721,75249
23b8b071-2620-4334-96ca-d009ec7188b5,75249
31ba4544-4b90-4a38-ae22-2646568ce8d0,75249
d31a2a30-6262-433e-a066-e3f30869f081,75249
6dba6560-f85f-4d46-8708-0fbedd903b52,75249
035bb66b-4ee8-483e-bbc3-fb35e79d6d80,75249
85dd344d-abec-48cd-8602-073987d91c46,75249
1522ce0e-6b23-4709-9651-f03666badb16,75249
6804b88a-7b07-48bf-b1bc-e0103ab7bd19,75249
e27fca17-698e-4641-a4f1-334c2ab0743a,75249
4ed5382d-2f2b-4659-badf-cafa60acfd99,75249
53e41e18-105c-488c-ba10-daac80807697,75249
c74211b3-e0d1-4f01-905d-91dbff82cdac,75249
1fd28a59-29de-41e9-a690-80cbe7f1911c,75249
6d8a6a99-e89c-4cc2-b6c3-c03de48b6c70,75249
2261adf6-870b-4c36-890d-7041be845f32,75249
385037e8-606a-4472-a8f2-75159fb06496,75249
fd2ce1d7-aead-4274-b0ed-f010e2cc66d4,75249
10acb3fb-7bbf-4616-8d90-a7dd8f92415e,75249
a0353aef-110e-4683-a426-abe18ea5b1c7,75249
3efc0bf4-d603-448d-8272-3d9f395d0e45,75249
b09d9803-b8fd-4480-9b93-c8a5d67cb654,75249
4f726699-2835-459a-96d0-a3b461cc30e7,75249
3a473f59-b08d-4ce8-86fc-c4e63a91ed9d,83337
fe4ac4c0-8670-4973-8e58-46d96da1db46,83337
7d39f0d5-c388-499e-ada1-513a400f7eea,83337
0bed5577-9915-4044-9335-85a5e02f63bf,83337
f29b102d-d152-4634-af7c-63ba7c7e7c2a,83337
079c9691-7541-4884-856f-52512bfc45a9,83337
904272d8-47e3-4d54-948e-d6fa45b52e14,83337
a781ad20-4e2e-4f8a-acb8-a1ea9b9b2afe,83337
e24ae5e4-7b69-4f90-920e-9971ad96dfef,83337
b31a0441-8ccd-4229-a8b3-8edcdfaa8f84,83337
dc67942e-f4b3-440d-8889-e2c6b2c8178a,83337
3bba3ad7-33ec-4a79-973c-51addae9ad4d,83337
ccdd2246-713c-4668-b85c-c2f747e16f21,83337
7e577690-1866-4796-a78e-88760c137566,83337
0c6fe6ed-ef21-4285-86b9-ec6f6c22b173,83337
92421eac-b276-4fac-a81e-a8694e11816a,83337
4e1eef18-126d-46ad-864f-c966d04e56fd,83337
4f7e0665-7037-44a8-914a-65b8ca36463a,83337
06a04f90-0126-41c1-bd0b-aecef8f8ee81,83337
bc8f5b12-e5e4-4d51-8d92-31dfae7f0c4c,83337
94c1c69d-67c1-4163-b5af-62e9b76d9074,83337
fcd9e345-4f64-4745-8859-3dde56535785,83337
50a18a61-2cc7-40dd-9a4d-640ea58ae613,83337
b259069d-00cd-45ae-9fcf-1ce6bc21afa3,83337
70e71ff9-f30a-4d6c-9be1-16b846eae645,83337
ccdc1617-ff4c-4f32-b149-22946b48a035,44964
950a2831-6cb9-4005-af1b-bed119dde569,44964
0f1c30fb-4a80-41dc-bd84-1af72c3c7979,44964
7c8a4bca-7939-4083-83d9-dd4101244f8c,44964
8a9d6e91-9149-4903-ab06-91f6d77b9f93,44964
6d16dfa9-947f-4cd7-a314-f54a321fd600,44964
94c93938-5227-4762-a624-ff140dc0061c,44964
84bc4967-3a58-4840-bcba-80841563d804,44964
e0dad3b5-7cd8-4c86-8029-0764e90ae16d,44964
a7c01102-6a94-4240-b6a3-6cd06a856fd5,44964
5075afc8-6e51-44a0-a6ea-9b57bfa35a4e,44964
45f9b686-1d89-4015-a5c6-8cf5757144b6,44964
dc3e8f2e-8a95-4262-ba79-db7dd73a054a,44964
8c3db347-6aa8-4908-a1b1-dd8b073e0c77,44964
86559bed-4c12-4973-b427-159a217ecdcf,44964
8e23f9a3-4e78-430d-a9bb-0ccf2c2568ca,44964
05986b1e-d2e0-4cb5-bfa7-923a346c003b,44964
9baf63d2-a9e9-43e7-8e9d-33bb19e08430,44964
09beeb68-b292-487c-aff8-5640c0412ac3,44964
2352cbdb-5b06-435e-acb4-046da4c56523,44964
e4c7bb0a-eddf-4483-b99b-8c778c5c97ef,44964
c4ca2d58-abdb-42be-aac7-5c6c7736d29f,44964
e2bc7be4-d5aa-4796-ac5f-4aa7132e2f28,44964
4733012a-d547-4ab9-958f-55c7f356650f,44964
b7e4d920-6245-4985-92eb-18bc4baf7aab,44964
fe066cc3-cef7-4f35-9cc3-e910a52ed8a6,44964
cd48fc47-f43f-4563-bae2-093782ab8f0e,44964
32748532-3dde-4102-82e6-39325c6c19bc,44964
cad90d53-8a13-42a8-8dbd-bbabd59d9baf,44964
ad715497-751a-490a-a792-54214fb10e23,44964
826a0242-e26f-4a57-8735-495566ceb41f,44964
530c99d1-3b5f-4b17-bc1f-5c60464d38c7,44964
26ffb00f-6ef1-4c89-9c23-1bc0cfaa5d9e,63931
2ff0ff93-914c-4d5f-b3ce-1fe9a63d4484,63931
704135a3-920c-48b4-8157-641cebf3e6e3,63931
e073fb44-3118-41f0-a1d6-16907fbbcb28,63931
9746b568-4669-46ef-987b-4a5528ba8b61,63931
b01da1d6-a5b7-491c-9c9d-b01e96bce1b0,63931
a97c80c9-0d33-4730-8fe9-24d95a2b9299,63931
d0c41c5f-ba8b-47b9-94d9-51fdbace8a58,63931
68c90ad1-5485-4216-8b25-e3e40c195de9,63931
57e6ec1d-13f3-4169-8e9d-de0cdc82be46,63931
f0b76d70-f55e-4415-a7ab-55a3467e12e7,63931
730e5f59-b7e7-4b04-bbe8-fdcaf925da32,63931
b0332cde-d6cc-4913-9b46-9cc64bd3ed5f,63931
ec2b560d-ed15-48b3-a06c-eded3c019fe9,63931
5ec36aa9-fda1-4655-842c-35b5bc04edb4,63931
3439a441-4200-4c94-98bd-6b38dd55d8a0,56221
701850c5-5910-4b97-9847-c39413a7e74b,56221
917d6740-487b-4336-be94-44284cf2da9a,62276
2f4e9a5a-fa76-4279-a91a-3c76910c8380,62276
fe8b8120-601c-4500-a9f8-126982bf84f9,62276
2d45021f-77ae-4a4f-b97f-9b696ea38fc8,62276
aa56621c-f521-4a27-a9c0-1c4798705e37,62276
e585cfc4-2231-4415-836f-2ade08f82feb,62276
cb94660e-ae53-4eaa-b13e-5a7b6757e3a3,62276
1145c005-d0ad-4b27-bd3d-0f3e6b0d3e53,62276
c25e6ab4-4ec9-414c-a93b-45b2727079e0,62276
b78883ee-12b7-4bb5-b57b-cd34d6197390,62276
3707d33a-21a2-406a-9793-987f85d1a3d9,62276
b866ae9b-1c29-4c6c-8825-9217fbbd2b9c,62276
e37098c7-34c0-48d0-930d-29abdbcc0cc6,62276
367c13f5-895d-4ee4-9146-fbcdbdbce8cc,62276
96810174-93c2-4d94-a79e-793f9cdbb335,62276
91dc5242-e1f4-49f6-a6fa-8826565ad61d,62276
82ee593a-1c29-45dc-9427-8c86f18c7be8,62276
ab711400-4f34-49e6-b910-498c02038f18,62276
6352f84e-cde7-4dba-a433-a7002659a601,62276
80faeaa2-59f2-4a27-be2a-d83cd65f19f9,62276
f3179dc2-e3dd-4db6-b0e7-d42262066ef5,62276
594ad406-b2f9-4bde-b718-22f584e0f672,3692
f91b5b53-8809-4318-b8a0-9279f5f01581,3692
1c97c541-fbf7-4192-9c40-5f8d762e1236,3692
71ca9f0f-c322-47a3-94bd-54cee64dfdd2,3692
9411db6f-f8e9-4d83-b152-be7eb0b19f38,3692
0327641d-3804-42be-afc9-d81c3643852e,3692
700a96a2-60b9-48a9-9348-ee1ba31a0619,3692
52a72a23-7e53-4c4b-a419-f59c779355b3,3692
e65f0eeb-c161-4a94-829f-bd58b9003aca,3692
60dc5f52-7acc-4fc6-8163-aa854025c5d4,3692
daafab46-df0e-4299-96db-b415cb5725cc,3692
f21bf320-15ce-4dea-b739-91b1ceee5621,3692
4598ad25-7c38-43e6-a97d-71da61dc4a7a,3692
5490a0d0-99c5-446a-91e8-1409a8b43ff7,3692
cd7943e4-afa1-4d5b-8067-ef08b779a882,3692
f51abddd-770b-4c74-adee-02f4224123f8,3692
dd81363f-0f74-4cb8-817b-2efe02a95378,3692
9e5d9033-85a8-43e0-97f9-31d395cbc2ad,2207
d5a3e631-2528-4f43-84af-3f003fbcc0cc,42357
e9d0ecd0-0263-4a0c-b664-35809c8fbab8,42357
28bb9a26-0eea-4554-baeb-c770bd4c4918,42357
cf7211bb-7ae4-49d7-8c78-7b52445125fc,42357
42a22336-8a3d-47ac-8d71-0f67fa591384,42357
1c228e4b-da89-46c7-98c9-fe9cfd4eabf0,42357
28a0206e-8fd6-4095-bd8c-0d8054f0b099,42357
28f0567d-c284-4358-8310-9c64223e5343,42357
762146e3-3fff-4b41-8b09-2eb0aafdb107,42357
539e88ab-b943-4a3e-8ece-27e568db76b4,42357
a89b4ba7-ef95-4493-923c-fd3a34b77d4f,42357
51a7f342-ad80-4d9b-a596-6435df65b53b,42357
b7c9aa00-c0f9-4102-96ba-1d63af70f88c,42357
95d83612-b916-4fa4-8e8a-e7616de14477,42357
4a7ccfe3-6df0-4e67-9112-81afe29e819e,42357
e7f1e959-f262-4703-a4d7-27781fba114e,42357
25268d07-41dc-4990-a1a8-75c462698cf4,42357
f3566a36-908c-4d2c-a1a2-7238dba09627,42357
03b29b56-ed93-4e3b-9f14-a986181f507e,42357
568612ca-87f2-4cfc-bca5-fc59aaa24b17,42357
739707b6-377f-4138-ad08-d702e435eded,42357
e8e69c98-c477-492a-b664-39247d6fee3b,42357
c550df9e-4479-4127-94d7-63e2bc8be6ef,42357
72dd88a5-7447-430a-8825-8844127987cb,42357
28091d80-2c14-445d-8fe3-361aa5fd399c,42357
6ada2a34-aab4-45ca-b04b-29311f03ce3e,42357
03b49762-17ee-43e9-9214-f92c765c5e70,42357
deab9dbb-58cb-4f8d-8009-7a97e50ea8b8,42357
fdafc58d-f71c-4f95-8b5a-63bd9921cc18,42357
baaf776e-74d3-4b80-a34d-dfc9707e4889,81657
8acb4a82-3d0e-456d-ac15-f3d7d8cf1fa1,81657
0b07fec8-94a4-4d18-b0a4-b4dfb5addcb5,81657
be59ac0b-9584-4e42-ae61-6d140cc9f334,81657
d36451ee-6491-4de2-b523-0af81ec23f00,81657
5e8d68c7-aafe-421f-b276-8a12257c2250,81657
56f49f02-87f9-454e-aa65-72929c1dea76,81657
6e003517-ac75-472c-8b1d-828b9bb12727,81657
6c03d67c-a227-46bd-a2e1-afa107dc5d79,81657
97f34ed6-2c54-4c5e-9e57-653200fe8bf7,81657
ecc1d3f1-c29a-4d64-8761-3e54ba7ab224,81657
5f4f5cd7-8b72-4461-a772-2ea8678ead96,81657
4527536b-5aad-4f93-99b9-cd5d84ee6faa,81657
e1dd4bbe-fc77-4a23-b066-c2e537ed7d79,81657
cd0e7957-69a3-43a2-bac3-97d89e23f3f7,81657
0b3e9119-1910-44e5-b994-812151b295a2,81657
a500937a-fb75-4cb2-bbcf-247084afdb00,81657
e08964ca-8966-4988-a504-6a4847d40ebf,81657
e0ccc4fb-71ab-4ef9-ba13-35926e74a61a,81657
a9d4596f-27c3-40d0-8dfd-66f1059f66a2,81657
7a292ba0-3f38-4f0d-8830-82ca51f86428,81657
b45ea436-4053-4809-83b3-990ebb145f90,81657
e78ad06c-8778-479a-9059-49fa7dfdfb92,81657
4b2c3e8c-6807-4298-b243-2a8b2de8d62c,81657
55813b43-6c1a-404e-84b9-c755ecd7110d,81657
659167aa-e8cd-4bbd-a2dd-bd9ac366f707,81657
89869faf-d1a1-4b77-b973-b11b0b5f8e02,81657
a7933f8c-1e75-4941-9608-aeaafaeafe0c,81657
f7f27952-9769-4424-8627-86dace885c39,81657
3a0c6f95-c08c-4f61-a78e-5ef096c5c9f9,81657
c5d81ea9-2b3c-4c3d-a2b4-68f591593da2,81657
cd67e637-f103-4ae9-8de5-e873e0907fa2,81657
a88db086-6f1f-49b7-b315-a12a95271515,81657
8cb65548-ac22-411f-b0ae-3d29d560cbbe,81657
2b522960-707d-40a4-966d-306ef0e02ef6,81657
0b4464b1-e97d-41b5-92c8-d256cd368fb9,81657
8c08c852-2547-4faf-9419-1dd0bcf9249e,81657
9628c649-d631-4ef5-8a55-a1c5cf87c76b,81657
fb472605-77d5-41dc-8537-66c91d1aee81,81657
712f9614-aeec-48aa-bc6b-579a6080fc46,81657
baf10776-0726-4122-95e2-e005c3356c23,81657
916f65d7-aba1-48f0-a18d-8c2f4ada8987,81657
ccfa41d7-7a2a-4e98-a653-92463123cc7b,81657
04a7da77-60f1-4a09-9154-5bbf25dad924,81657
4544c851-471d-448d-8c3a-e7ef9a4fb946,81657
3c4aecd7-a0a3-4238-ad92-c20edf8385ee,81657
1e757b76-d1cd-4442-854e-4ea45879ce60,81657
ecbf7e48-c4d9-4312-8a34-6d7546d8d4c0,81657
19bf8b28-fa8e-4687-8179-2e4bf6034db1,81657
1fbf59f5-3e64-4c5d-9916-2251a18da33a,81657
e3d839a2-0846-4ee8-a492-bae4d737ad8a,81657
d7b57f0e-a17b-4b88-91c1-d6bca419b81a,81657
3b6a99be-4723-4ba3-aca6-2e6a997e32e3,81657
340c888e-478f-48fb-ba77-2fe496e01cde,81657
f13cacd0-5cf3-4e3c-8890-cb84a1cddf70,81657
4162ecbf-65a8-441b-980f-5ee54905f9ab,81657
d159a9fb-ba80-41dd-8268-d06267cbe677,81657
87b98fb4-cd04-445c-af67-d9a5193152b0,81657
160f34a8-4bd7-4549-ac60-129433e315bf,81657
71ca1c2f-2882-4c9d-a885-53bbc2726163,81657
95e53f4d-0517-4f5c-998b-dd33e3ffa3de,81657
83dee038-0538-4346-8585-f7176e94cba7,81657
f4ebca65-541e-4bb9-a1df-ec8aee2a0a72,81657
70a3c701-101b-48a4-a428-6107a12fea8c,81657
460bdc4e-c232-4cca-b3a0-c6286de51131,81657
26c48419-3aa0-4349-9680-5a1cd70b78a0,81657
5c61bd24-61de-49c5-bca8-3747c0583503,81657
928e5702-a86e-47a4-a1e9-4b413b8c8a11,81657
34e5ef3c-605a-426c-985f-b076c2710ccf,81657
f5832c8e-2c5b-4410-bdb5-524a50f7a271,81657
2a56b97e-187c-4b39-9634-16412bdab81d,81657
1ef9d21f-8ca6-411b-b40e-00e83f0718f8,59322
746b10a7-43c0-4e7e-ab83-82f9bde79fce,59322
a8bc02e6-c1c1-4e3b-86c3-1a1d2a2959f6,59322
b0e6a454-073f-493d-adc7-b8ccb05e96c3,59322
52c749ff-d23f-449e-a26c-442155c3deb1,59322
1bcf3d93-dba3-49ef-b73a-fc698198917b,59322
3e3c51d6-b31c-4f6b-b41c-83016a28a8e1,59322
4e3e0606-15a8-41b1-b463-d70e4e0fc1db,59322
a52075e4-7f63-49fe-b186-e3c5916a629e,59322
23946cd1-5a79-477e-90b5-1a65007647bd,59322
e1a613f7-b495-47e0-8cf7-114fc4b23241,59322
2e281ecb-f9b1-4aa9-ad52-c9cc0ec942d1,59322
69360fc1-5f8a-4a03-9525-82c4eb2193d9,59322
82275805-340a-4f69-bd6c-27af0e42bf59,59322
bacc515b-dc9c-46d8-ba9c-a53aedb53d65,59322
ad3d983d-fc9c-4847-a184-94cc81e70b29,59322
9c7150da-18b6-48f1-9093-f12e05b1afa6,59322
a45f1b76-d57e-4e45-aa20-291ad648417d,59322
9ae308bf-1fdb-48dd-bfd4-8e2ce37de999,59322
05d3a12a-4066-4221-9061-3c728dd6f2e5,59322
4d1bce81-af3d-45fe-8aa8-8f65d1e98a8c,59322
bcbb4bc7-c03a-4096-9a6b-eec81e652b56,59322
e090a39d-9ff8-4266-a941-8742ff2a4ed3,59322
cca9d6d2-1bf4-47f4-8726-cc5a483a4d58,59322
2f05ba23-689e-4226-9a7a-e3769ca8549e,59322
db2da84f-0908-4838-b7fa-bc238f19e04f,59322
4ee68572-1f68-4797-a335-e4ac0803c9c5,59322
53be9f46-5429-427a-bbe6-e3fb7b92b899,59322
318d69bd-eee6-4b81-bd37-2cc99bee6fde,59322
b8fb5429-ce0e-4730-961e-1f8b9b260798,59322
ddb593b3-27a1-4eb5-b988-d6b5870cfd3e,59322
85becb55-0b76-4f3f-8f30-415de80bf0b3,59322
498ff55e-f53e-4687-b187-26bc53b421a9,59322
1e4a2e28-5544-4b42-a01d-39b285951325,59322
87313f60-f2ac-4e84-9bac-de0cf8c39ce7,59322
6d75d7b7-287d-4579-a64a-62ac93b77b98,59322
8e82e551-7c97-4f27-a02b-2bdd730e9811,59322
3a3b24a5-a382-4482-abd2-9fd5be220c2b,59322
0717344e-8df5-47fe-8893-8d017c73d072,59322
de930e90-f62c-4ef4-b787-d4f6e9b15b4d,59322
c4f4d507-1767-4fb0-85c3-a60b0e9a48f2,59322
87aa44ec-2054-4a2c-893d-4ee399e19737,59322
4c4bd906-48d7-40d7-b28f-1db9505feb77,59322
6b954fb6-9951-4ca3-a53c-b72d5c0e1466,59322
1e67f048-1e62-4d2c-b541-346f247841cf,59322
5b996998-cb8b-48eb-b80d-5e29f8ad63bf,59322
281e7676-5266-4f60-95c5-f8128b76c9b3,59322
b2f748b8-fbc1-4093-ba4b-747c2c15f7f7,59322
0f26e461-5bd5-4452-9993-a85c4367da56,59322
e3e2169e-97ee-487b-b670-d43992b256ef,59322
cd088854-4b9d-4c91-8164-0b2faa869952,59322
2e3cb189-4225-4ac1-acb9-cade56cc64f4,59322
eba87835-334c-46ca-a2bd-94fb49f183e8,59322
314669bc-4db3-4a95-b5ea-e09145b20cbb,59322
8dbfdd2f-3319-45a2-9f53-5d734ae565ac,59322
2755a0be-1b36-439e-8c3f-45da725a8513,59322
c0d35257-8046-4e88-8ddb-76ba072ca2ec,59322
04ac41be-c93a-4054-8cd7-1715006c3a25,59322
3e70b9c9-e068-42de-a2d7-7537705423ec,59322
455d3120-26f1-44d8-a6c5-14d68beab57e,59322
84a4e74d-4b2e-4081-9b2f-01dd98fdcbe8,59322
67a4adf8-a0a9-4d12-b417-6ed5a5c844da,59322
3def01bf-9770-4637-8c87-ec11503780c2,59322
aec8d2b3-1a08-4216-b062-b20d70b36b4d,59322
70f1f858-5863-43ae-ade7-4f09b71a8803,59322
66427ce8-3e6b-4b86-8b40-2e44d7ddfd01,59322
8c7085af-118b-4f16-95f6-58050d30108a,59322
ce1bb6db-0adf-4566-9773-5576174ae3d1,59322
510fb891-1a6d-46d0-b81c-0ffba3198571,59322
4a58b8f6-8ca8-409c-a53a-2bf6c6229656,59322
4e2f9be9-2055-4481-a9da-da81aec05d34,59322
221b33e0-bc20-44ab-9179-131b3c267952,91500
52685494-6476-498e-b691-867b4e3c6606,91500
07966b4a-824a-43e8-b317-e44a04bcb13d,91500
89179184-ce0f-40d5-88bb-b9fe766db403,91500
19ad1da9-3b7e-49cf-a855-afb5e1f7ed18,91500
456b140f-45ce-4112-b2c2-d9c9d77da613,91500
a5e7b624-1213-4814-9752-ed433f56e37a,91500
b712eda0-97eb-4503-b61d-d1f64c7164ed,91500
05cc371f-33d9-4aec-aa54-b03d37d2b931,91500
f647d062-41a8-43fc-af20-1bfdbe363c51,91500
1bd45b4b-c017-45c9-91d5-2ce3e59e48ea,91500
e48ad8c8-b341-4b9d-8869-15e723f6bbf1,91500
ab71b8df-b4f1-4aff-9254-b27792ff6943,91500
60f55ae5-e57a-47d8-ac6d-fb6544aff9d9,91500
4bfa1001-4371-49ec-b949-7efd1231949f,91500
8dbcaecc-39fe-47ce-86e0-92e5cd1333c4,91500
ed5f4ea9-9575-49ed-90e5-3b81e88bc14b,91500
2253631b-de03-41c5-aba0-96b6703c5b6b,91500
081b9bb5-2e3b-41fb-9418-26c4f07289b4,91500
fb9736ba-0593-478b-96fc-6cb0e467ee70,91500
ae1985f6-bf73-48de-a502-9ce3180904a0,91500
92a60b36-89c7-4569-b755-de2aad3b2a8e,91500
b03147da-7b67-43f2-8d7e-63b8028861dc,91500
b7be5c48-c786-4c19-87f3-96bbc4992450,91500
f723eba3-0deb-4523-9738-fde3bcfe2c23,91500
416c9cf9-8ed9-401e-8780-71adb1cb1603,91500
fe7ed076-738a-48d7-b243-c5e0c3d96f3d,91500
93830c61-f26f-40a7-a3fb-f2e9a3f2f47e,91500
439da17a-8762-4241-932f-38e514f36754,91500
3466f2e4-b4f8-4878-aa47-a6517f872861,91500
7d68def3-dbda-41d9-bc47-7210964946ca,91500
1e5ddff8-a8dd-488b-9875-7c4ee574829d,91500
80a3016b-ab38-408a-b0bf-2a36852ee785,91500
f0393a7e-9e9e-40f2-8c45-5ff452e87ad6,91500
d4277308-4eb3-41f7-bc1f-4c10b4ac4212,91500
962ce240-3803-496a-a0fd-4974ca167579,91500
9d935974-3c4e-49d0-9a28-e2da49df1fed,91500
c8e3b8dd-2130-499c-9a0f-33b88f333580,91500
40557d83-12e0-4757-acb0-f2feb433155f,91500
e5dfd590-c6b6-4973-8254-e5b9dc09aea0,91500
dc9abd2a-dd8c-4655-b509-f12fc423c41c,91500
21d20e05-5b75-4c5d-a0d8-5e8a5138b021,91500
f80f45b8-46f5-48c5-b0d8-50cdb3988775,91500
24429275-1ef4-4d40-8d33-1ad8b775c3f9,91500
55c688cc-b3e4-42f3-91e5-abdf0e781819,91500
f5a779f0-48a9-4852-ab0f-144e2a561528,91500
e6229378-ac8e-4ff3-a6ba-c3f15f1d51f4,91500
743c2c7d-c672-47cb-a3d5-d8553539954c,91500
41ba9e9f-f7f3-4b42-b06e-64bb9b1c59ab,91500
f739f509-d1da-42fa-89da-05c122a927e4,91500
f99bf65e-8415-4c95-83d5-1423282e1c8b,91500
5971fcc2-13df-4ccb-a7bc-0d60201dd0f0,91500
42a78528-b250-41dc-be13-bfdccf9f24fb,91500
702d9c88-263e-468f-9d0c-32516217dce8,91500
68e3e6ad-3612-40d8-b7c2-f0857162dcb3,91500
25339a89-0aa1-460a-a08e-8986515b7fc2,91500
7576e13c-8d0b-4dbc-860c-743bda102d08,91500
ba268905-6035-492d-b616-716df0d8ca12,91500
c8985b99-94f1-4d5c-89f5-891960c8d4b8,91500
c1e7c472-4ab3-42c2-abe5-5530a3a43be9,91500
6f9dad91-a949-43bc-b19c-b474cb1de5c2,91500
3916dd00-2874-4098-847a-1002ff7582e1,91500
837262a5-95bf-4365-a3aa-20b82142efe3,91500
f8ae5194-085f-4be8-8d3e-fa78bda57854,91500
887ecd87-0831-44fc-bf3b-ebf09dc37d8d,91500
40ea1086-e1ec-4ac3-b623-0b07a8bf0e87,91500
80a7911e-0330-4073-9a83-6fe3a9522ee9,91500
1f941df9-99a8-4573-8995-aca30b53d0bd,91500
4bb3af5d-c4fc-4272-b64e-95bc45c82dba,91500
858b0517-8892-4246-aabd-4b9a62261d3b,91500
78cc4363-308d-406b-b9dc-e5492544d628,91500
700fc4e5-ecb9-4cd3-a516-5be990b53d68,91500
752b4fdb-760e-4998-a843-e369c7ce4cb9,91500
23786e69-1d54-46f7-b7d5-5cea161bbd08,91500
dcf6559c-88ac-4313-b82a-df5e58cf58e7,91500
c4cf0b46-4df4-408e-839a-a2e4d084e705,91500
ae4c3d8d-9692-4cdd-af57-67d044c760c7,91500
e472c8df-06d7-406c-b1fa-b675db8080c9,91500
36613c80-00cc-46a5-a9e0-c2ac7a87cb1f,91500
b430c6bb-ab8e-4629-ae1c-eb2be8a279a8,91500
1fa138dc-98ad-4724-a19c-00109ae343a0,91500
03c1f11c-665c-48fd-be48-4d3ddd7efc1d,91500
4bb52deb-baf0-415e-b7bc-4eb589bce8d8,91500
c19c7172-be0a-4109-b764-fe9de83c768d,91500
a37c3e96-0775-4860-9b1a-9a2f2692d28c,91500
f3c1dcd7-057c-4167-8981-e75062f9a925,91500
075bf4bf-fc99-48fd-9f10-07225046ac70,91500
3420c3a2-aa54-4fa7-8f90-36c70c6811f2,91500
5c587c65-ff6a-4a87-8216-9cfa666741b6,91500
b6a0e737-caa1-42f5-a793-25403ece005e,91500
744bc267-ac18-4b0e-8f53-9d07550c241e,91500
b00af7a8-243a-4ed9-a4a2-03fb8e74432c,91500
e3bb60a2-626e-4972-a794-fe4d70d7777d,91500
dcadc959-aff1-4491-9db5-009c41761a71,91500
2b56745b-7116-49ac-a7c2-b333dc3c03fa,91500
d731f1b6-6f5b-4f01-bc34-c25d6dc6b447,91500
096a2407-e9fb-4515-bde3-072aad47bada,91500
01c06252-fbbb-4504-acda-298c906bf931,91500
5792a206-be2f-4e07-aee4-671837a2dd9d,91500
7d81d10d-8e28-402b-8871-039fcf242e52,91500
3e56335f-a7f1-4664-b5f9-e9c4ef358bcd,91500
5eacbc5a-f838-4057-b537-289e81e59206,91500
555542af-5f6b-4814-a45c-ec91aec4b88e,91500
b503a322-cc77-4f45-a917-14c4293e759c,91500
479dd4ba-2b85-4358-86c3-4712f0489fa1,91500
f1ef0f86-0b12-4deb-8c01-4949eea79c34,91500
aaf602d9-120b-41d0-845a-0db5272a241d,91500
cf94bf05-b04f-4721-aae6-05fdfa9284d3,91500
d7bb8bc0-196c-4063-9851-58ba649cdb47,91500
f4d1c2a1-77cc-48a0-995d-5f425806118a,91500
d7869558-deab-4b52-9dd2-9d402344d5ff,91500
a7737604-6761-47bb-b618-40ccb790e04f,91500
1b4d9390-1419-44fc-946a-02bafb46defe,91500
ba014a92-b01c-4479-9bdd-31f550a583ef,91500
c9ee79ab-6e87-4a31-9d06-03df60fb7d00,91500
d3b6a9be-162a-41e1-96cb-3f566cac98c2,91500
8b4e0469-a7ad-42cf-b41c-69d74f60d7b5,91500
dd16c966-d6ce-45dc-8732-0ff0790b06c2,91500
0b66e29b-1b86-44cc-9b0c-2a04a3a59e0c,91500
8941b9b2-8a61-4bf9-9d91-2ad6bc163bf1,91500
97676dcb-d1cf-44ab-b24e-2b098a63d8c7,91500
746f5a12-e647-4cb6-83b9-68d2724ef25a,91500
342b5971-9d3e-4807-b2ca-6a853d3a0457,91500
389390b0-9e48-4a91-9e53-d491a8c263ae,91500
7e50c0c3-7537-4f8d-a2ff-822c889483a0,91500
315361dd-9068-46bc-9c98-b8cce79625a3,91500
57013871-ed78-4e02-9452-2be7743c643c,91500
c98263f1-f2d9-4e00-8e18-99f917f68a20,6565
a8b5e3de-4d8d-4d5f-a18c-201a567ecd50,6565
69f750e5-3035-4d03-9890-0557698f9fa5,6565
a791738e-3829-4d6a-878e-9fef768c6c19,6565
8e8afad2-a69b-4efb-9a14-3933bc4c26bd,6565
b7e92914-013b-4e9c-8947-b12f280f58ac,6565
ecf14ff3-aeac-435b-a509-f9d4d46e78c3,6565
4b417eed-ba7e-4f18-b8db-9f54a7d7ad27,6565
f65a8ed2-7cbc-40b7-b947-4640cc401ee4,6565
75f222a2-58b3-4b59-ab1b-3a5b6a44cf0c,6565
091d6e42-24fd-47fe-966f-ed8f100fbb8c,6565
9ffa6cf3-83f6-480c-aa47-14eabd6fb0c9,6565
1565d67e-bff7-4540-95aa-ba892c89d298,6565
486460c5-865f-49e9-942d-c0b8f4c8e2cd,6565
1bd0f6e1-cc69-43e1-b2fb-79a57ca1b867,6565
c372710b-2ec1-443b-942d-97bfbf03107d,6565
e092fb6c-87b2-45df-96d3-5855276464e7,40211
2960efda-34ac-45df-a439-4b76490af90f,40211
2bac045d-6896-4232-a900-d48327cbeaeb,40211
6b8c8e34-fd3e-4a23-85e9-7d36ee30ea5d,40211
1601dbeb-b90a-447c-b74a-2940113e3b45,40211
b30cf63a-e4e3-4c3b-a441-d6a5d7b21f6e,40211
413d4c69-ceac-4770-8c68-f2483256e9cb,40211
a99b6aa0-3356-4dd1-862b-0478fbd5cb90,40211
86acf239-ca49-48c2-bab8-ec83391d266e,40211
e374b207-2cdb-41da-9d9d-e10e5dd30702,40211
9dc2e96c-8176-47fd-96dc-f7db6cf66d0c,40211
f7ab469b-f416-4b36-9451-9b93f5b16e7d,40211
101841f8-d07f-4b8f-9449-a67c43f4e573,40211
cf43e072-278d-4c17-9b4c-55a0342cbbba,40211
534ba4e8-b35b-4781-b838-5dbab60e54a5,40211
0d16d51f-9d82-4730-80e0-f6b28ccf3d8a,40211
75090fd0-6c31-4238-9e7d-ba97d262a755,40211
c6b3b129-0033-4a39-abb4-92541e0bb409,40211
2fe60bd3-4dee-41cf-8755-27b238096123,40211
0077653c-7229-431b-8733-6c345179bf38,40211
df339cc9-4c35-4b10-b5bd-bf324a4888cd,40211
117c1eb3-f33e-4993-9cce-83c533f030e3,40211
6b5fe972-7483-4d99-824a-113b5c975aa9,40211
d5155fc1-15b7-43ce-8fd1-e6036cd967b8,40211
288d0c56-57d8-4061-ad0a-ab61942e99cf,40211
154a6edd-59a4-43fc-b055-1a53552fe5dc,40211
9141b214-2370-490a-a4a7-7da89278dbe7,40211
73109435-3d7e-485a-889e-02c5de0fa262,40211
27800109-a349-48aa-a685-e9da4f7fc1e6,40211
a279c991-8046-4b2c-8389-a91dc6eed339,40211
fa767b08-a53f-4f65-b2b4-1c00256b706f,40211
981d0933-822d-4d75-ab63-57ca4c58800e,40211
f556da71-32ec-4d53-8231-f2ca89c31516,40211
b6139bc8-cc0c-4b14-9487-ca9daadb763c,40211
793e923b-d44f-4f42-97a9-ddb56acdcb7e,40211
e4c9d204-3eb2-4d45-9d28-94c9cadba985,40211
62579a8a-eccf-4d51-9ec3-3441b6961ecf,40211
ab5e5363-73fd-4aaf-b244-ab5881f5ee2f,40211
1c973578-5791-43c9-8782-7b2973749fab,40211
f79f2340-3d6e-4dc7-8fed-5f29b33c61fe,40211
0a98ae10-1509-4e43-84c5-f0a6406b16d1,40211
9e87675e-bf7f-4685-a4f2-c54b5831ff75,40211
6ef17917-1cb2-4430-acb7-20fbf992458c,40211
042ea05b-1d47-48e4-a21a-8884d2696f00,40211
402d6e31-438c-48b0-aed3-586f8fd878a9,40211
bdaa8108-cf79-4dcb-ad4d-a6ea827a6369,40211
727a60ca-5636-4885-98d4-eb4aea5bde11,40211
5fa9e485-a6bb-46bc-9578-97fc469c737a,40211
b35c5153-8506-468b-af80-47d5d58e3028,40211
3ed726bd-e67d-407a-b0d0-6a84fead0513,40211
f54ef904-3ad6-4b91-9996-5f0c13ba0623,40211
20cfb13c-d09e-49b3-9ff5-ea679800b646,40211
f904de85-2c86-4ce6-a260-84ded60e6b23,40211
cbb052f9-5366-4f7c-804a-824df8a8c127,40211
4378bffe-783d-457c-aa32-eb5765a9809f,40211
2125d9ac-48a3-4239-b278-ee2d39ff5839,40211
afbb899b-2dbc-442a-877a-935047e2b148,40211
f9bdfba5-ac3f-4f81-8988-a94117512aec,40211
341de1aa-4c20-496f-8b16-24b7e696c288,40211
4543fa69-9ef1-4cb1-a0f1-f39fb78b4e8c,40211
cc3b0e60-5d38-47d4-981c-a5b36ea0ce1c,40211
0d49a944-7211-419c-b5ca-52c7fcbb8617,40211
47605831-cd55-4ecc-9b2d-64cae744e6b9,40211
4e39397a-a37d-48d8-b481-c20e9513441c,40211
6cbc9d09-d491-42c8-82e5-dc1b3b6fd299,40211
510924c5-dbc2-4b02-b12e-97c861264e71,40211
b06268f6-68e9-40c1-b6bc-08d7cb453680,40211
d0dc63e8-f5fe-4657-ac46-2f35302628c0,40211
f026ba4b-baa5-4e00-aee6-09e2dce3f025,40211
4d9a5563-d097-4290-85ea-f96d52610b3b,40211
636a4448-26c9-48a4-84ed-7fc76031aa78,12613
3a90f82c-8ffb-43e2-9795-58ab5ab9908d,12613
928dca72-88ea-4d26-a498-4992311907df,12613
2b6beba2-18d8-4d8f-9b25-9c1dc34ea19f,12613
123cd8a1-5500-4f4e-9ded-453b71be1a5b,12613
2841469a-6b0f-4877-a91b-85c331872954,12613
8e811d17-b0c7-4cb6-9090-89cc0dfdc844,12613
f03c3c8b-0dd7-4ca8-8423-6cfd71907a47,12613
474a948a-dc30-48d2-9a20-d9a24eecd2fb,12613
5f406073-199f-4e13-8e34-c296ff944308,12613
701e3748-63b1-4f82-befd-489a589ed550,12613
2c8770c9-d501-4388-96d6-318e628831c1,12613
8f37a1a0-9226-429e-83b7-d0bbd141bb5c,12613
74765d53-8f4f-4343-a7db-c6cd9b1b0f85,12613
4710ec47-0234-4b14-8b2c-59172bf8d312,12613
f720dfe5-d2cd-4a61-8ae3-68397a7d08f5,12613
93a44428-5a3e-4363-afb3-6f6c4ab08cc3,12613
30e31508-ad1b-4aa4-846c-23d3689642cf,12613
d268ab9d-4c0c-426f-ad2f-4ffd59ee2c3d,12613
a61e3fae-8224-4ef4-9919-2e77088c9dde,12613
84b58a9b-2b52-4a64-902a-f1566e3b5531,12613
d30e47d1-a926-4a24-8477-ba29940c4bd8,12613
c75b0242-1356-4972-b3c1-61ae14ba023c,12613
f19192ea-25d1-4cd5-8863-45dad10651cc,12613
d9971e54-e68a-4a5b-8390-2b77b6737a30,12613
4bf610d1-9fbc-43bd-8666-fc86c7388772,12613
efaa0d65-2bb7-44b0-82a4-50ebc2bf11ee,12613
0c6943e5-1e3e-43bd-98df-8ef534a500c7,12613
f82cdba8-c32e-48db-876c-b85c632d8f5f,12613
9a966582-4ebf-427f-b0d5-a23e9e54d2bb,12613
2b7d650b-d421-4808-8ba1-c784ee449459,12613
e3a524c4-648e-4ade-83c3-34d9934d33f4,12613
77c6afb1-30bd-4327-8e98-830a33d36092,12613
76969e9d-357c-4a24-87df-d62bcc7f55a9,12613
8d16046a-fb34-4493-afe7-117dbff192a1,12613
f50f512e-1fff-4b6a-b6bb-e40c7985d60f,12613
11f0801a-dc7f-45f1-aefa-5af5d8664077,12613
25cb2082-95a8-470e-80e0-6714a1f474fb,12613
b4178fa7-05ff-43c8-94c2-c35813ed466e,12613
c5d57c08-9c7b-4b46-a250-125d7ed2ca92,12613
0b70c583-e4b7-4c72-9367-451c849b9d4a,12613
d9a5b6c4-e7e6-4633-b009-06315fc70fe6,12613
6c0de313-344c-4916-b519-2564084a4b42,12613
ca3ed09d-b52f-4c41-b965-35f74117aea6,12613
b8ff8f44-f692-4e60-8f12-6a9af6c34456,12613
fee3a14b-a92e-4e79-8d8b-ceb84da889fd,12613
b26cd783-f191-4f41-9004-dc26c3f8b8e9,12613
ff83983e-faaa-4b5d-b3cc-e8bf694fcde2,12613
2baeb5d9-0a16-42f7-98fd-6171942dde36,12613
27993f5e-0cf8-4d20-b5d6-d3fa4f0618fc,12613
268cc7f2-1bb0-4e56-b945-3527cd339ce2,12613
079758b3-487f-4df1-9385-c288ffc8c5a3,12613
625d458b-1b22-4095-b022-deeb0dfe0bcc,12613
b3e2737c-3b5e-4836-8906-7815c1700d26,12613
4e86e943-d5c8-4f18-a818-8ddf89095356,12613
e6f16222-5f50-47cc-aaf4-141e70919a29,12613
bacfb077-25ae-445e-b3d5-07f09fca3115,12613
220c6dc4-eca4-4f44-92fe-17ef02dcdc45,12613
36474247-d9ae-4359-ad1d-cad8f2ee7758,12613
42372f13-e7a7-43ee-bd9b-0179c9f116cd,12613
eb9200e1-7f0c-4612-9af4-9cdd3ae6ef1a,12613
1aae5ab0-2272-44c3-a64f-c0dd58178aa1,12613
9c012239-4005-4968-a2a8-ff91f79320a7,12613
aac1f027-3a00-425d-ac8e-9d39c162db16,12613
078936b1-fa43-406d-9516-696bb4141b1b,12613
8c3b561a-a047-4b91-9ec1-a1c3914c4a09,12613
2c404ead-8ffe-4a90-9537-ff009cea4b78,12613
dc75b27e-e776-480d-8c30-f66aebfa072d,12613
7d37df10-54e8-47cb-a315-530ddc35604a,12613
ee1fef82-09eb-4391-8865-78c110e46037,12613
fcb4aa34-1882-4c43-aa50-2e0787bb060f,12613
9b989051-a5fa-45ea-8eb4-12b870cce56a,12613
f2fc6efc-e209-4885-a410-bbb22f057852,12613
c6da4fd7-a06e-4d39-a579-82a40422a55a,12613
879af36c-e981-4180-8cd7-96cee26be489,12613
a503343d-e354-4cbe-8a63-817fed4003b0,12613
0057710b-832d-4f5d-b2b8-1940bd1befed,12613
5ebc2883-87a9-4738-aeb9-330581bf63c6,12613
d36a75b1-6752-4a47-8a88-6d144f95008d,12613
a439cee7-4471-41b1-9967-c638ae308492,12613
9d966c86-6577-42a7-a712-1110be11e89d,12613
75b3467b-0fea-41c8-9435-9678908a38d0,12613
2a7f99df-1aac-4887-b14e-969b7415cf34,12613
5f0c41d3-3eba-4004-aac7-b06d077e3db4,12613
5d93c79a-13b7-48c3-9a1a-40b233267041,12613
a5166833-bc19-406f-baf9-904782396889,12613
d0625f68-dcd0-4a0b-bac1-fb3731850a48,12613
0075f76d-138e-4868-a3bb-4617b2bd8733,12613
34903e5a-cb3c-4c02-afa2-537d15b8f4e1,12613
c234558d-45bc-4fbc-878d-8cd0cb3803cb,12613
26c7fada-c349-4530-bb35-b5f9367c1b13,12613
0ee253b3-1745-499f-8655-d31884c43641,12613
3cba0f1d-04d3-4574-abb2-fed003189a87,12613
ff2c0bef-a19e-4540-a78c-45809f3db3ab,12613
f32ad030-463e-4f48-b94a-5cd3e25f5e30,12613
17783aae-cbe2-447f-939d-4b407aabae55,12613
cc516d4a-52c5-4dff-971c-5c59d176ec66,12613
9d87d6e8-fa61-4239-9cd1-9c6198f7ce9d,12613
8c9e3aaa-82e4-49f7-a340-3ec8f2541047,12613
3deb9a21-b654-4a53-84ec-68dd13df6f23,12613
1a76550b-ccee-4ea2-b3ef-3450a1f13fb8,12613
d43674cb-9129-4f15-85f4-3d050ae5f575,12613
c4a5007b-3e4f-4281-b0d1-b75092a7b07f,12613
87c1e022-b2f4-49c0-aeb9-f614b2e66ea1,12613
9cbf16e4-d7a5-4b3a-8cbc-873a99374a87,12613
6e9b4255-6595-41ea-b18e-acc78f197124,12613
2a07ea4f-5f5e-47a1-9166-79cb80e42bcf,12613
5681f930-25dd-4782-a5f8-3590a033e5a1,12613
4c7ab200-f61c-4726-b8dd-ad0224889e2d,12613
16dd3512-1525-40ff-98b7-2f86020d3fcc,12613
35ddfca8-5763-45af-93b6-52ff84ca9d13,12613
b8d1da57-54d2-486a-8b9b-0ca60f9fd41c,12613
cea3fd74-2b93-420d-bbcc-92e7382bf187,12613
43a29351-75ce-438b-acdb-44e820aac98b,12613
a84f02b2-4dc4-4b63-9ac1-d2097be71ffc,12613
52dd8f05-0a1f-4dc5-872e-482b185592b8,12613
5256e2ee-d027-4a09-b593-0540e4a074fb,12613
c01ccb7c-fe1e-4392-9223-c7bc19f82fbb,12613
1983b0e4-b488-4717-8df4-3f11a036d6b1,25962
7ac76ea8-2f88-4ced-8e4f-e1264d8fd2d8,25962
28276891-0935-487e-a379-b0f73d4b87e4,25962
f132f74f-4faa-4441-a756-bd6afc1ac1d5,25962
cf161ac7-9791-40cc-befb-d277e55c8175,25962
26d4ff8d-4806-4896-aa06-e3c63bf8c431,25962
68ab94c8-ea18-4e3b-ae1e-756f7fe47472,25962
27634dd9-713c-4d06-a2a9-852895aa8aca,25962
fd56f658-d88d-4ff5-bc30-0300eaa7f555,25962
d23b6504-cf15-448f-8781-665afdc3dcf6,25962
4a24767f-29f1-427f-9bdc-d63cc9e37b0b,25962
fff78665-4be5-438e-b559-e4c02a4b970b,25962
7ef75f5b-6be2-4f15-ab86-1f932fcd0b43,25962
c1fceaf0-124d-4e26-ad9a-ab70311ac2a3,25962
c890654f-2ead-4e41-ad4c-04e44eda3986,25962
30fb8751-3438-41b5-a281-6cb8b1550347,25962
c3f6f5ff-44cf-45b8-a3fa-fecf80ea543f,25962
bcccf32d-b25c-44b9-863f-4bd2e0a40f46,25962
c4cc97e8-f8ff-46c0-9b4d-cac89eba5e58,25962
937e07df-f9a3-430f-bc06-a96827e3cdd1,25962
916fa9fe-b592-4a3f-8ac8-4c426e3e2277,25962
6b19d4d5-342f-4084-b4a7-e92666248f6e,25962
b572f5fe-96a7-4026-9be3-d468baaab749,25962
9e3be68f-b0f9-4927-b41d-6474ddec8c18,25962
87bff275-fac2-4d03-bc3e-4b938c63e6c2,25962
3bc3d8dc-7cf0-499b-ab1d-a473100e4f51,25962
ce61e2c5-8317-442a-9921-a3a340565947,22008
4bdeaeb8-1a9e-4519-9f6c-4d83b661d119,76270
7d14c5a8-2df9-433c-aecc-2a421e656a51,76270
090d9ace-115b-41ef-a1be-6bc5c073ce48,76270
25cd5518-3f68-41f8-a627-d23c7a3a51db,76270
53b77ec0-dbeb-459f-a452-b6fd06c919d2,76270
2558248e-2174-44eb-9a46-794dc3da945b,76270
b78f75e9-8448-4d55-8f43-c90e7def8fdc,76270
3461a82a-53c4-44f9-b9a1-499a9061b803,76270
f283a1c2-9f8e-4c58-85b3-0432505a2a7c,76270
079c9944-fa7f-43b0-a0f1-0382c21c85db,76270
1d482f23-e452-4830-b971-2220f2b3f943,76270
9bd4595a-3c81-4e93-acd1-824fc87838fb,76270
0589b85e-2409-4759-8702-3738c1627bce,76270
b911d127-4a55-4903-bffc-06c5cec33a2f,76270
9d406b73-bdf1-4c08-8a8c-cb155f8b4b03,76270
aef1981b-45ee-4004-a7b9-d41f392c6ac5,76270
066d6da0-610f-4def-a37c-a36b4eef1c04,76270
e6732741-396b-42a8-ae1c-cd039dfdda15,76270
64ee0ebc-aa43-4446-9dea-445f1671d0c7,76270
cf4f1b0e-7b37-4a35-a33e-3a9a9b70c6bd,76270
a207c596-8831-48f9-8252-ee08bf86bc1e,76270
03e34571-fb58-4b2a-852f-06654da27fb3,76270
71a3ccbf-c6c3-41eb-8dba-e3bf96bfcb44,76270
c1fed263-2eb2-46c4-ac67-fd7b3f3e0392,76270
88f0451f-7658-40ba-9caa-8dd06ef290bc,76270
730d5504-f8d0-4f9c-8e63-0eede44fa2ea,76270
555d3649-57a4-4111-838f-3a7d05189db9,76270
c8de7996-0909-4cfd-a77b-e14b1a358873,76270
27cabfff-c855-4edb-bbaa-d42946b54e76,76270
f6451eda-0062-4dfe-9ec2-e5883a5f3cc5,76270
138c31d1-0b9c-44cf-8b2c-320fa6508f0b,76270
9cf5b572-d770-4fac-8172-853d9d80206a,76270
7c82f318-a9d6-46e5-9b1b-0d844616130d,76270
374a4725-a30a-42b1-84f4-185049867626,76270
f2cf766b-1e72-4848-a393-55eb99b9cd7d,76270
b93b0b7c-f55d-436b-b42b-f7751ebb4933,76270
2dbc9d82-8cc8-419c-9d94-e1218c45f787,76270
0cdd228c-2a8e-4c07-abc3-e3079996c75d,76270
0a1a03e4-703e-4cee-ae6f-c7ecae8da727,76270
3e419bbd-11a7-497b-a156-75852f660b94,76270
e27e98e6-4fa7-4125-8b13-702e995f01b9,76270
fcde336a-7da3-460f-9ffb-f91e15b7d4f5,76270
556c10de-7fdf-44ee-b6c3-b85547d3692b,76270
754af95c-6c55-49f8-877c-fbea56a11db0,76270
c242a8a6-5dc4-4860-8d93-fa324a098655,76270
0956db09-94af-4583-a291-54430fd1fa12,76270
1008e3d4-e3ae-4b22-ae5c-7b57bdb5a204,76270
a8b495e4-3987-4dc4-aca8-bcdc6db07d24,76270
0f92974f-f15c-44a2-9ee0-c9d48ecf676d,76270
2787dc39-427d-4549-a861-7497db2f2521,76270
f12b16ce-03b0-451c-9820-f94e5dbbc28f,76270
19266692-3891-4c0e-9f5e-56af9a97d257,76270
a4c75795-886b-4d6b-b62f-a4ce3ab4b9de,76270
9768defe-640c-4a81-9ca3-219f4791af0b,76270
cf8dd4f1-f79f-43e2-ba31-e8be794889b4,76270
fe1eab2f-3c66-47da-addf-9bdddf9c5a73,76270
70963fd9-9c52-44ef-bfc5-8ef163823aa9,76270
44f784cc-3710-4aef-a01c-28098bc471c1,76270
9f33ae8c-3df3-4cc1-8ee3-962f52252810,76270
bbd79d61-cdb8-44e7-a213-3ce5837020b0,76270
01ff09bd-d69f-4d03-977e-7c3f4069c63d,76270
91318840-67f9-4b3d-8990-2c1359fe9aba,76270
197d294f-b82d-4e1a-9062-f91a9cbc9142,76270
83415c9a-aa83-4fa0-916e-50a9beb5c901,76270
d1158927-f3a5-4ff1-ade7-115c2c6f2a59,76270
3b79341f-c3c3-4a8a-ae32-3d3c9d2c1a57,76270
be1110fb-1d6d-4f60-9642-8bc8580d0315,76270
70977aff-f975-4a28-881b-699222218c24,76270
4118579b-78cf-4b8b-9619-81c2a13b1d67,76270
a24ff6ba-3f02-4fc6-8841-e4dbebc51d6b,76270
a6b82a15-e315-4651-9874-68a56f73d61d,76270
e213844f-ea05-4d7d-92b2-c7d2649b6916,76270
ee411c89-34dd-47f0-a036-674cc677fc3d,76270
765a62b4-d10f-48d4-a5d6-99272823b884,76270
580a2335-8bb0-4093-8255-11052437b3f8,76270
2c9bbe44-3227-4d95-84ea-025091053a66,76270
817764f6-63f3-42af-b9a4-e76993e80967,76270
1a5cf231-d371-48c3-93c6-dd3d1b2f953a,76270
c2a957a6-1fd0-4ba0-8edb-a0d65981358d,76270
4fd29dae-4e69-4a4e-8735-29ed414a5ce6,16682
cc55d9ec-aafb-46f9-a661-72540f63da97,16682
c166f501-f0ea-4e62-9944-d9c994f4f6fd,16682
b952146f-df1f-41ff-984e-22e16a50d980,16682
c1139b7f-92f1-497b-aab2-2f70aa6ba824,16682
55cb9c33-01d5-4131-8480-e9a93ddd0723,16682
b4ed11ed-e18c-42cd-87ee-3d48642b50e0,16682
6377fd3c-1435-4432-b618-34dac945eba5,16682
4bd4dcea-5cb0-41f1-8b9d-fd279f1abd8b,16682
1fb72707-96f0-4165-8397-d01fa8b31036,16682
4467eeb8-86da-44de-b574-d07748c53d76,16682
8dc60e3a-e90f-4052-986d-c09c6332be04,16682
dc9be411-885b-4304-9bdb-ef95ad918b28,16682
fb835cb9-42c9-4660-82d6-d85df0d0bbfd,16682
2948fe91-ab41-40b2-8a65-d51473bf2369,16682
f2dedbdf-9567-40c5-9b97-90874f2253a3,16682
7cbcf4a0-4f0d-4822-a05a-ea86cc81ed17,16682
92866232-f1ac-495a-8b7a-8bb9323a8d8f,16682
521ece73-b3e2-499c-bf95-3d7279f548e6,16682
7d9aac1e-7e4f-43d0-82a2-aea150bbabee,16682
dcefaa19-3694-487a-a7d2-b200b55d52aa,16682
fbb0bae3-8d9f-48fa-b8f4-6efb5a037862,16682
afa1ba1b-9278-414e-a13e-0a53a921fe38,16682
5069e31b-26d0-4189-969f-d0a9e36bc4eb,16682
a8a97226-1317-40f5-9abd-2805dacd637d,16682
b9ed03be-4f40-41a9-beb3-c6431b9af11d,16682
d0529a84-5dac-4555-9f10-3fcec65d8dd5,16682
011ab85e-3120-4d5f-a52f-ba6e68fd0396,16682
db79df9d-8a0a-4996-8cc3-bd1927fda398,16682
41b632d9-95ad-41a1-906f-93dd7fc16206,16682
928998d4-c82f-437b-9ffa-70a0d770b9cc,16682
6b149f7e-65ed-4497-8c92-a425e394c133,16682
417ce252-e80a-44cd-b419-10caee887cb1,16682
edfe95da-c92e-4170-8333-1c803e3b7207,16682
43d72ed6-257b-4cf8-be89-697269ffbbc7,16682
14be6c89-bf38-4c39-8115-2e17de9e0979,16682
707c5883-2083-4d50-b11b-0de08f9f319a,74602
4660a45c-ee59-4e0d-9666-afc6dd4c9c32,74602
c2e6b309-02c5-4599-829b-5bc21e16edbc,74602
2bd2257d-9ea1-4293-9616-8a6aaec65504,74602
818b2f7a-484e-479d-97f4-2bd5f7cff4c7,74602
cd3f8346-c1b0-485a-8013-e3ae60a8e1c8,74602
898165d2-4a28-424a-aad7-86293a67df15,74602
1c85a93b-6963-4e53-a376-0a0d542fdb05,74602
492f6e31-9b5e-4bc5-b91c-4f8248e13027,74602
7f891fb0-30d4-47ad-8595-56b78a3c2b89,74602
8606fceb-3bf7-4f63-8644-ba91547cc43a,74602
3f51fecb-4e3f-44e3-87fe-a5453c004247,74602
6d2e1426-5c38-4d3b-a7de-fd486ab219c9,74602
b081dc13-6c3f-4e4a-ae44-e8359b23f066,74602
869cec19-9aff-4bb7-b4f9-311646428d45,74602
2079631e-acf7-43c1-af24-ef6cb93e88b9,74602
4142880b-48de-40a0-8c3e-d4d306f49c95,74602
6563c08d-c046-4186-a9c3-34bd2aa31b1b,74602
2eb5cf5f-eef5-4598-b545-e2c6ae86178d,74602
d6f6d153-e3d7-4e01-adbd-7d75fd26e0ad,74602
636afc6b-32f6-43b3-b91f-f999bed26ef5,74602
ced8ddcd-83a3-4629-a515-0b417a419fd5,74602
be205ff1-9650-4a94-bf0c-3c416fdca35d,74602
f455d039-3a9b-4020-9461-b8efc1679869,74602
d58d46ce-3c76-4c05-9c5e-86a9cf86d38e,74602
ffce70da-9eba-4480-b6c2-a75cc0e26780,74602
67f8f766-d572-43a6-933c-4ee4fef6c5d9,74602
01dafcbe-e8df-419a-a40e-aef7a610b432,74602
2d08e6d4-ca47-4980-92ca-17ad9000c991,74602
836f8884-f72a-4fe9-8b66-96d972bff313,74602
70979934-e9fe-436b-8dd6-325047deea4b,74602
ea9067ce-11b6-4311-911a-3424cf88e4ee,74602
caf1339b-a768-408a-bbac-5b093aff273e,74602
5611bf5b-aa4b-4cec-a52c-62b87d2ce89c,74602
1aa87607-306b-40ad-bd6d-ee0a76021857,10769
1c089d78-8035-4bf8-8be0-ab098084f780,10769
8e09a0f7-29cd-4a69-abd7-4c8822bf24e9,10769
519ab108-f049-4063-9e51-5dcce7b56f70,10769
c73ad00c-3e32-4f36-abcd-34f8b17711b9,10769
8a22cab8-15a4-4161-986d-9598e280522d,10769
5a1a1d0b-9b21-4b9f-b88b-83a635c07bef,10769
fc05a665-65cb-4328-b443-fb045f86010e,10769
def634a6-9e87-4557-bdc4-c4221db2979e,10769
b79cd1f1-95a1-49c2-aa00-c531a28bfe38,10769
a77771de-041c-4177-b4e7-5a499452c188,10769
9d8790d8-7b4d-4f65-a69b-ad8739663877,10769
90f1e0ae-e9bc-4496-b962-a7ccb8f399f5,10769
7b54957a-9f20-465c-a2d3-1695c9c0e538,10769
ad4a9ce7-0979-455b-ad46-e5e6bf934b32,10769
9e4c111a-1717-4c6e-ad0e-6fb7fc2f89eb,10769
47295f89-89c2-4b3b-831d-06696eb346b5,10769
0c1b8a1d-fade-4bc9-b962-9cbb7863fa30,10769
410ca995-7321-4fa0-aae4-6b7b6af750e7,10769
3ac3bf2e-973d-47c0-9430-5c14290ff5c9,10769
d7116d2e-6ac6-4e70-b86a-dd6b488e459f,10769
c39b731d-7e4e-447c-9883-cb4510b70e1f,10769
49dcea4a-c567-4b68-95d8-16e8c900a642,10769
c03fdca1-fd10-4275-ac22-ff7dc0ee038b,10769
f7b2cc65-acf1-4f4d-a5b5-b1cf03952714,10769
6f1c0f45-0239-4ecd-b82f-4c608eec70fb,10769
f1d6f36c-5f92-4566-9c38-779a2fe40847,10769
d8e193d6-92ae-406b-a4de-69c55e039183,10769
f0809f3f-0fff-47c3-b762-f8b6a2e06633,10769
fc9fadb6-beeb-4665-8fb3-6f3e7b734501,10769
b199904f-c59d-425d-8d5b-c69f725df9e5,10769
7cb9ddb3-1418-4ffc-a04a-bd3fad984264,10769
57c4f626-7749-46c6-900c-575cd41c8adf,10769
b08bad17-253c-47ba-9dfb-b2b983165607,10769
280d12ba-25e1-472c-b4d3-1272ae32ff36,10769
be78cadc-5d8b-4caf-ac9c-b3a8aa8b786d,10769
b9043b51-cea3-4297-a2a7-769afcd945e3,10769
dfddb0d3-f2f4-4bdd-b942-18857f12488d,10769
10afa61a-325c-407a-853f-45eb83340dff,10769
07795f50-1e4d-4273-a163-aa79112135c9,10769
c164f5fd-9bdf-4cdd-a1b5-ba33f2775978,10769
7464d425-9425-4e89-95e5-ca3e237d121e,10769
ad8165a3-190a-49bf-a22b-484098d1df6c,10769
9e6cf5e4-ab88-4b33-951f-eabfb0c857ff,10769
ecd10ef4-db2c-4656-a74e-42974367bc55,10769
f8b6a9fa-7b2c-443e-9a71-c3feb38d2329,10769
e62b08d0-cc36-46d8-a5e0-554417206da3,10769
b11e971d-608c-440e-8905-cb21681550ef,10769
c34c85bc-9cbc-4b8e-bcf4-de9b8d8b1499,10769
3369af1b-5e2f-428b-b309-e11d3126aa66,10769
8f22e5ca-05aa-48be-a63e-da87ef99a1fe,10769
22f5da9d-40a3-4d57-b63a-ba2eb50f37a7,10769
6a5e7db9-4b8d-48d2-bf1d-486f51ae99dc,10769
92be339f-0a4e-4a4f-8fde-753b3e26c26f,10769
646de0ff-2bef-440a-8029-85e0403c6085,26154
1831c964-cd45-4ee8-b361-f9d0a32fff2d,26154
cde9a1a3-27a0-4796-8841-b6d5459ff7e8,26154
22a40921-a02a-4fa3-be8a-a3b5812ad09c,26154
9fd0e832-5d3d-41ac-b5e4-297dc10682f5,26154
38dc31df-228c-4dd8-bada-fbeed7d936f2,26154
930f214b-4e6e-4548-8826-acd672f00567,26154
8fbff8fd-51b1-4fb8-8689-b036ee5dbf2f,26154
049d3896-c4c8-48fc-9c05-9705fe02b133,26154
804cf7fe-af7a-4ca6-9752-4f6d4e53165d,26154
8a1538dc-9aba-4914-9828-3609902d8a5f,26154
22354b59-461f-4fa9-aaaa-bb52f627f96c,26154
acab2cc0-4120-4a4d-9b89-f77e177efe37,26154
07b322b3-b0b8-43db-be8f-32c985d30aa5,26154
c56f4a8a-f5b4-47ac-b63d-6533cef7c308,26154
dccfbba5-0f85-466f-bf7a-751d8157a4fa,26154
75a7f060-f10c-4c64-a4df-3b118168fdef,26154
b8719e89-1623-49d8-a933-03828fb5ba4f,26154
ba24af9e-a16a-46d5-93d9-0e4386a87432,26154
7f99eba6-3c0a-4b48-b27b-14041b202afa,26154
abbf2f83-dff2-4f9a-94f5-afd588b0ddac,26154
08518dcf-ef77-4d45-bab8-84cc2accbcca,26154
ee3eb6a8-9c82-4025-a666-1d435b520293,26154
21a1255b-20d3-4950-8371-b15b858718be,26154
01b044b2-f917-44ec-9e74-05f55253e737,26154
0f702a84-0272-47f5-9bbb-88d6c6e6a3be,26154
c65a64ac-6ae6-4c7f-84b5-c4a8c2428393,26154
79d29ae1-0730-4b93-94e8-30df00e456f3,26154
7255a6f6-ae6e-49f9-a06d-be87b4908e35,26154
6c4c45d4-297b-424e-a43f-19d4b4da1014,26154
f4e3c811-9d24-41d4-8ea3-5ce49120d712,26154
4b60580a-beaf-4d47-99fd-5226ec4c60b1,26154
d4c07046-91e3-4838-ad18-2281305e7c49,26154
42cf9de7-c0ae-4948-a7e9-440730e92f1e,26154
96e3c66f-596d-40a9-b09a-b05f3c9bf173,26154
3f7b3b3f-c482-4bb3-96f1-93b43d27b160,26154
1e171b01-3a74-4da0-a503-f4e0dd6965e3,26154
cea7b6ef-cd6e-4928-8775-3c523fc506b8,26154
bf22c6f2-d46e-4840-b73e-caf939a457be,26154
591ca9d0-b816-4109-a94d-0f1b3eb921c6,26154
ab18a37b-2a59-46db-a108-9b45d0489754,26154
af145cd5-cf90-4e7c-a284-aa0a36470e4a,26154
9c6a0e5f-bfd2-4ffe-b06a-57b1c1d7ad56,26154
01826f81-35ed-4fb3-b72c-15d0e4bbb8c7,26154
c1cbd902-2b58-4e3e-aaef-cceedba59aea,26154
39f10f0b-d84c-445a-8f84-b3f083dce0ab,26154
e03fd818-c510-4f8a-9fdc-1c84c8c07f94,26154
62b73133-ce6c-4012-939a-6122ea993d8d,26154
aebd07f3-94c4-4325-ace4-e4e236e21e8e,26154
1597f6a8-5b10-497f-b4cd-812b5e9718fe,26154
8f4e82d2-ea39-4e58-8316-31bad838b63a,26154
4f46724d-ccbe-4a98-8a1a-ed6a221d84b4,26154
3616ba0a-8bd9-49bd-8e53-2ee7e0c131fe,26154
0e7a2b37-b56d-4499-9abd-ed00dcb647fd,26154
9af9c151-8fc0-4b9b-b00d-7f1f38ddc718,26154
f5f690f8-4036-4bca-9d92-94409bbf3380,26154
dbdb1db0-9d2c-4d2b-87ef-27706595a9fc,26154
97ab2deb-9a0f-473c-ad75-2a13c2f57cd4,26154
ff7439de-f7ea-4f88-b979-e856b2352ece,26154
b3fee8c2-cfcc-4354-9d3e-9639823f19cb,26154
4332015d-d430-46a9-8a9e-fcad6fdca741,26154
402fcbc2-258c-48e5-a5c0-82a89fd994a7,26154
97431d14-8e9c-4cf1-b144-baa63e6f00e9,26154
5b909b6a-714f-4020-989b-1301f8053c10,26154
a7b1206d-1dc6-49c2-8143-4b418689407d,26154
b6098104-ae5d-40bd-a68f-fc68ef815c2b,26154
c20c9316-12e4-4b52-a8e9-7f77d8ae8638,26154
b5928abb-57fd-43b6-bbfd-3f53fc6d30c7,26154
2ca97432-a9c7-4a99-b5bb-53fbfdf7b390,26154
74045c71-f20c-46f2-aa75-0770b2aa6490,26154
50d2ca63-044d-4ef9-b4ec-f57cff3b5b39,26154
7b44d8b3-b8a2-4bf5-b3b4-cf4c7a469189,26154
4bf26640-16e6-486a-a3c5-badaf9b685b2,26154
fdc274b1-c95b-42ad-a496-df7706338a37,26154
58be7d46-89e1-42b5-8aa1-54ae2e5978c9,26154
5848a88f-efb6-48f7-989e-f3b8f5ac06bc,26154
e05032d0-e925-46db-8221-105ddf64e666,26154
34884d0b-a5ca-4c7c-947e-c525f1c68662,26154
35b0a88a-ab3e-4e81-aac9-621149a6c791,26154
f913147c-c5be-4eff-9a0e-cddeb3fe3945,26154
0394b4f2-e836-4b8e-ac4c-62141181b538,26154
a0907a3b-9c89-44fb-926b-8c2636cb38f5,26154
786d6fa6-30b9-4f6a-aa9a-7f24797f3313,88399
42cd6085-579f-402d-87eb-34668ded8c8b,88399
ba120a55-648b-44fd-98af-d60d9fc5e756,88399
82011477-b02b-4594-ace2-4903f58f06c9,88399
500fe7e0-989e-4e0a-bdfe-e1d4c653e47a,88399
111f28c4-00fb-459a-abbf-64842ec4f728,88399
53ea6db1-706e-4408-af52-f1124d70630a,88399
