id,gender,baseColour,season,year,usage,productDisplayName,category_id
29789,Men,Pink,Summer,2013,Casual,Basics Men Pack of 3 T-shirt,40
53137,Women,Brown,Winter,2015,Casual,Catwalk Women Brown Sandals,83
21129,Women,Red,Fall,2011,Casual,s.Oliver Women Printed Red Top,49
6229,Men,Black,Summer,2011,Casual,Lee Men's Shot Black T-shirt,40
40580,Women,White,Summer,2012,Casual,W Women White Top,49
59466,Women,Silver,Summer,2015,Casual,Lucera Silver Ring,54
28492,Men,Blue,Summer,2012,Casual,Urban Yoga Men Blue Shirt,67
57101,Women,Cream,Summer,2012,Casual,Elle Women Cream Top,49
43932,Women,Blue,Winter,2012,Casual,Catwalk Women Blue Heels,65
57199,Women,Red,Summer,2012,Casual,Elle Women Red Tunic,148
32029,Men,Grey,Summer,2016,Sports,Playboy Men Pack of 3 Socks,75
42153,Men,Grey,Summer,2012,Casual,Mr. Men Grey T-shirt,40
14978,Men,Black,Fall,2011,Casual,New Hide Men Solid Black Belts,9
3628,Men,Grey,Winter,2011,Casual,Puma Men Jiff  Grey Navy Sandal,157
23951,Men,Black,Fall,2011,Casual,Provogue Men Black Sweater,155
56993,Women,Brown,Winter,2012,Casual,HM Women Brown Shoes,83
9510,Men,White,Fall,2011,Casual,Puma Men Ess woven White Shorts,47
2339,Men,White,Fall,2010,Casual,Reebok Men White T-shirt,40
39237,Women,Yellow,Summer,2012,Casual,Femella Women Yellow Top,49
59177,Men,Olive,Summer,2012,Casual,Gliders Men Olive Shoes,3
28319,Men,Brown,Winter,2018,,RTV_LoadTest,157
45941,Women,Black,Summer,2012,Casual,Mumbai Slang Women Black Top,49
8857,Men,Orange,Fall,2011,Casual,Mark Taylor Men Orange Striped Shirt,67
36852,Men,Blue,Winter,2013,Casual,Spykar Men Passion Blue Shirt,67
41706,Women,Brown,Winter,2012,Casual,Catwalk Women Brown Wedges,65
23327,Women,Brown,Fall,2011,Ethnic,W Women Brown Kurta,87
38759,Unisex,Black,Summer,2012,Casual,Nike Unisex Backpack,64
38598,Men,Purple,Summer,2012,Casual,Nike Men Purple T-shirt,40
57201,Women,Brown,Summer,2012,Casual,Elle Women Brown Tunic,148
48969,Men,Steel,Summer,2012,Casual,Revv Men Steel Ring,54
49246,Men,Red,Fall,2012,Casual,Arrow Men Red Cap,93
12311,Men,Blue,Fall,2011,Formal,Genesis Men Blue Shirt,67
2203,Men,Blue,Fall,2010,Sports,Adidas Men Blue Polo T-shirt,40
7341,Men,Brown,Fall,2011,Casual,Tantra Men Brown T-shirt,40
10872,Men,Blue,Fall,2011,Casual,Wrangler Men Dirtcross Blue T-Shirts,40
51838,Women,Black,Summer,2016,Casual,Bwitch Women Black Brief,21
21919,Women,Red,Fall,2011,Ethnic,BIBA Women Printed Red Kurta,87
59895,Women,Orange,Fall,2012,Casual,Femella Women Orange Dress,166
20891,Men,Green,Fall,2011,Casual,Basics Men Green Casual Shoes,3
42244,Women,Grey,Summer,2012,Casual,Sepia Women Grey Top,49
16999,Women,Blue,Winter,2012,Casual,Rocia Women Blue Flats,83
45577,Men,Black,Summer,2010,Casual,Arrow Men Black Sandals,157
23306,Women,Blue,Fall,2011,Ethnic,W Women Blue Kurta,87
51389,Men,White,Summer,2012,Casual,Myntra Men White Boxer,122
59144,Women,Black,Fall,2012,Casual,Tiptopp Women Black Sandals,65
36022,Men,Black,Fall,2012,Formal,OTLS Men Black Leather Belt,9
23151,Men,Black,Winter,2011,Formal,Genesis Black Formal Shirt,67
33753,Women,Black,Summer,2012,Casual,Vero Moda Women Black Top,49
14916,Men,White,Fall,2011,Casual,Mr. Men Men Be Happy White Tshirts,40
23336,Women,Red,Fall,2011,Ethnic,W Women Red Dupatta,6
50298,Men,Purple,Summer,2012,Formal,Parx Men Purple Tie,132
1528,Men,Black,Fall,2010,Sports,Puma Men Ferrari Black Fleece Jacket,145
53015,Women,Maroon,Fall,2012,Ethnic,FNF Maroon Sari,20
57013,Women,Black,Winter,2012,Casual,HM Women Black Heels,65
30929,Women,Grey,Summer,2012,Ethnic,Fabindia Women Grey Skirt,111
23181,Men,Red,Fall,2011,Formal,Black Coffee Men Red Check Shirt,67
1754,Men,Black,Fall,2010,Sports,Lotto Men Marcello Black T-shirt,40
35271,Women,Green,Summer,2012,Casual,Lee Women Holly Green Top,49
23322,Women,Brown,Fall,2011,Ethnic,W Women Brown Printed Kurta,87
41563,Women,Grey,Summer,2012,Casual,AND Women Grey Dress,166
2980,Men,White,Fall,2010,Casual,Puma Men's Tee2 White T-shirt,40
52982,Women,Green,Fall,2012,Ethnic,FNF Green Sari,20
11685,Men,Grey,Fall,2011,Casual,Lee Men Check Grey Shirts,67
41565,Women,Blue,Summer,2012,Casual,AND Women Blue Dress,166
32431,Men,Black,Summer,2012,Sports,ADIDAS Men Black Shorts,47
47379,Women,Blue,Summer,2012,Casual,Baggit Women Blue Bag,119
54794,Men,Blue,Summer,2012,Casual,Peter England Men Blue Jeans,18
43119,Men,NA,Spring,2017,NA,NA,38
57142,Women,Peach,Summer,2012,Casual,Elle Women Peach Top,49
35152,Men,Black,Fall,2012,Casual,Coolers Men Black Sandals,157
49618,Women,Black,Winter,2015,Casual,Catwalk Women Bronze Heels,65
45426,Women,Brown,Winter,2012,Casual,Rocia Women Brown Sandals,83
39533,Women,Black,Summer,2016,Casual,Bwitch Black Bra,128
29797,Men,Navy Blue,Summer,2012,Casual,Basics Men Navy Checked Shirt,67
57126,Women,Red,Summer,2012,Casual,Elle Women Printed Red Top,49
33235,Men,Blue,Summer,2012,Formal,Arrow Men Blue Check Shirt,67
52894,Women,Red,Fall,2012,Ethnic,FNF Red Printed Sari,20
15970,Men,Navy Blue,Fall,2011,Casual,Turtle Check Men Navy Blue Shirt,67
39386,Men,Blue,Summer,2012,Casual,Peter England Men Party Blue Jeans,18
59263,Women,Silver,Winter,2016,Casual,Titan Women Silver Watch,70
21379,Men,Black,Fall,2011,Casual,Manchester United Men Solid Black Track Pants,12
53759,Men,Grey,Summer,2012,Casual,Puma Men Grey T-shirt,40
1855,Men,Grey,Summer,2011,Casual,Inkfruit Mens Chain Reaction T-shirt,40
30805,Men,Green,Summer,2012,Ethnic,Fabindia Men Striped Green Shirt,67
26960,Women,Purple,Summer,2012,Casual,Jealous 21 Women Purple Shirt,67
29114,Men,Navy Blue,Summer,2012,Casual,Puma Men Pack of 3 Socks,75
30039,Men,Black,Winter,2016,Casual,Skagen Men Black Watch,70
9204,Men,Black,Summer,2011,Casual,Puma Men Future Cat Remix SF Black Casual Shoes,3
48123,Women,Black,Summer,2012,Casual,Fossil Women Black Huarache Weave Belt,9
18653,Men,Black,Fall,2011,Casual,Fila Men Cush Flex Black Slippers,81
47957,Women,Blue,Summer,2012,Casual,Murcia Women Blue Handbag,119
46885,Boys,Navy Blue,Fall,2012,Casual,Ben 10 Boys Navy Blue Slippers,81
12369,Men,Purple,Fall,2011,Formal,Reid & Taylor Men Check Purple Shirts,67
29928,Men,Black,Winter,2016,Casual,Police Men Black Dial Watch PL12889JVSB,70
42419,Girls,White,Summer,2012,Casual,Gini and Jony Girls Knit White Top,49
51832,Women,Beige,Summer,2016,Casual,Bwitch Beige Full-Coverage Bra BW335,128
47359,Women,Brown,Summer,2012,Casual,Baggit Women Brown Handbag,119
17429,Men,Black,Winter,2016,Casual,CASIO G-Shock Men Black Digital Watch G-7710-1DR G223,70
12967,Men,Black,Fall,2011,Casual,ADIDAS Men Spry M Black Sandals,157
6842,Unisex,Black,Summer,2011,Casual,Timberland Unisex Rubber Sole Brush Shoe Accessories,88
13089,Men,Grey,Fall,2011,Sports,ADIDAS Men Lfc Auth Hood Grey Sweatshirts,16
18461,Men,White,Spring,2017,Casual,David Beckham Signature Men Deos,154
9036,Men,Black,Winter,2011,Formal,Buckaroo Men Flores Black Formal Shoes,23
48311,Women,Bronze,Winter,2012,Casual,Pitaraa Women Bronze Beaded Bracelet,152
7990,Men,Navy Blue,Fall,2011,Sports,Fila Men's Round Neck Navy Blue T-shirt,40
56019,Women,Brown,Spring,2017,Casual,Colorbar Soft Touch Show Stopper Copper Lipstick 037,98
21977,Women,Brown,Winter,2015,Casual,Murcia Women Casual Brown Handbag,119
37812,Men,Navy Blue,Summer,2012,Formal,John Players Men Navy Blue Shirt,67
4729,Boys,Green,Summer,2011,Casual,Disney Kids Boy's Crew Sea Life Sialing Green Teen Kidswear,40
56825,Men,Brown,Summer,2012,Casual,John Players Men Brown Shirt,67
39988,Men,White,Winter,2014,Casual,Gas Men Europa White Shoes,3
59051,Women,Black,Winter,2012,Casual,Carlton London Women Black & Gold Toned Flats,83
20099,Women,Green,Fall,2011,Ethnic,Diva Women Embroided Green Kurta,87
58183,Women,White,Summer,2012,Casual,Rocky S Women White Handbag,119
29742,Women,Teal,Summer,2012,Casual,Kiara Women Teal Handbag,119
51658,Women,Copper,Winter,2016,Casual,Fossil Women Copper Chronograph Watch CH2589,70
3954,Women,Pink,Summer,2011,Casual,Jealous 21 Women's Pink T-shirt,40
18839,Men,Black,Fall,2011,Formal,Peter England Men Formal Black Belt,9
2886,Women,Brown,Winter,2015,Casual,Catwalk Women Leather Brown Flats,83
23278,Men,Off White,Winter,2016,Casual,Maxima Ssteele Men Off White Watch,70
28690,Women,Beige,Summer,2012,Ethnic,W Women Printed Beige Kurta,87
8580,Men,Grey,Fall,2011,Casual,Scullers Men  Grey Waistcoat,162
3168,Men,White,Fall,2010,Sports,Nike Men's Incinerate MSL White Blue Shoe,26
18005,Men,Black,Summer,2011,Sports,Puma Men Long Logo Black Bermuda,47
17871,Men,Maroon,Winter,2016,Casual,Levis Men Boxer Maroon Brief,21
9452,Men,Red,Fall,2011,Formal,John Miller Men Stripes White Red Shirts,67
38402,Women,Black,Summer,2012,Casual,Baggit Women Hood Dabang Black Belt,9
44984,Women,White,Winter,2016,Casual,Maxima Women White Dial Watch,70
10268,Men,Black,Fall,2012,Formal,Clarks Men Hang Work Leather Black Formal Shoes,23
45856,Women,Brown,Summer,2012,Ethnic,Vishudh Women Brown Kurta,87
32138,Men,Blue,Summer,2016,Casual,Playboy Men Blue Titanium Briefs,21
59435,Men,Black,Summer,2012,Formal,Arrow Men Black Formal Shoes,23
5891,Men,Black,Summer,2011,Casual,Puma Men's Stripe Polo Black T-shirt,40
38630,Women,Purple,Summer,2012,Casual,Nike Women Purple Polo T-shirt,40
4943,Men,White,Summer,2011,Casual,Gini and Jony Boy's Kaleb White Brown Kidswear,67
11188,Men,Silver,Winter,2016,Casual,Carrera Men Dial steel finish strap Silver Watches,70
10866,Men,Red,Fall,2011,Casual,Wrangler Men Motor Rider Red T-Shirts,40
59607,Women,Grey,Fall,2012,Ethnic,FNF Pink & Grey Wedding Collection Sari,20
15528,Men,Black,Fall,2011,Casual,Puma Men Scribble Black Tshirts,40
45258,Men,Black,Winter,2016,Casual,CASIO EDIFICE Men Black Dial Chronograph Watch ED60,70
42841,Women,Beige,Summer,2012,Casual,French Connection Women Beige Handbag,119
22198,Men,Black,Fall,2012,Casual,Timberland Men Black Casual Shoes,3
29570,Men,Purple,Summer,2012,Casual,Vans Men Classic Slip-On Purple & Black Shoes,3
43993,Women,Pink,Spring,2017,Casual,Police Women Passion Perfume,38
6628,Men,White,Summer,2011,Sports,ADIDAS Men's Lowell White Silver Shoe,26
54924,Men,Blue,Summer,2012,Casual,Do U Speak Green Men Blue Shorts,47
26538,Men,Red,Fall,2012,Casual,ID Men Red Shoes,3
35913,Women,Black,Summer,2012,Casual,Peperone Women Black & White Handbag,119
49495,Men,Khaki,Summer,2012,Casual,Vans Men Khaki Shoes,3
9660,Men,Pink,Fall,2011,Casual,Indigo Nation Men Reversible Bling Pink Shirts,67
2288,Women,Black,Fall,2010,Sports,Nike Women Black T-shirt,40
23876,Men,Blue,Fall,2011,Casual,ADIDAS Men Blue Sweatshirt,16
18237,Men,Red,Fall,2011,Casual,Manchester United Men Solid Red Tshirt,40
54118,Women,Black,Winter,2012,Casual,Rocia Women Black Flats,65
2872,Women,Brown,Winter,2015,Casual,Catwalk Women Leather Flats,65
49653,Women,Green,Summer,2012,Casual,Mineral Women Green Top,49
8574,Women,Pink,Fall,2011,Casual,Crocs Dora Boots Pink Sandals,157
16957,Men,Black,Winter,2016,Casual,Image Men Sunglasses,113
19123,Men,Silver,Fall,2011,Casual,Lotto Men XL Water Man Silver Slippers,81
13419,Men,Pink,Summer,2011,Casual,United Colors of Benetton Men Solid Pink Polo T-shirts,40
17885,Men,Grey,Summer,2016,Casual,Levis Men Comfort Style Grey Innerwear Vest,13
43369,Men,Black,Summer,2013,Casual,Reebok Men Black Possession Flip Flops,81
48781,Women,Silver,Summer,2012,Casual,Lucera Women Silver Pendant,129
44970,Men,White,Winter,2016,Casual,Maxima Men White Dial Analog Chronograph Watch,70
56489,Women,Bronze,Spring,2017,NA,Streetwear Ash Nail Polish # 31,90
39524,Unisex,Orange,Summer,2012,Casual,Peter England Unisex Orange Sleeve Bag,169
33822,Men,White,Summer,2012,Sports,Puma Men Axis White & Grey Sports Shoes,26
58513,Women,Off White,Summer,2012,Casual,Tonga Women Maroon Top,49
25947,Women,Brown,Summer,2012,Casual,Femella Women Brown Scarf,62
52029,Unisex,Coffee Brown,Summer,2012,NA,Just Natural Unisex Charcoal Rain Jacket,35
5865,Men,Black,Summer,2011,Casual,ADIDAS Men's Twelve Faster T-shirt,40
39716,Women,Blue,Summer,2012,Casual,Arrow Woman Women Blue Dress,166
25349,Men,Red,Summer,2016,Casual,Levis Men Red Brief,21
11940,Men,Black,Summer,2011,Casual,Ganuchi Men Casual Black Sandals,157
55802,Women,White,Summer,2017,Casual,SDL by Sweet Dreams Women Green Printed Night Suit S11-3124,146
29584,Men,Black,Summer,2012,Casual,Indigo Nation Men Printed Black T-shirt,40
43967,Women,Red,Spring,2017,Casual,DKNY Women Red Delicious Perfume,38
28456,Women,Blue,Summer,2012,Sports,Urban Yoga Women Blue Skirt With Leggings,111
34009,Girls,Black,Summer,2012,Casual,Gini and Jony Girls Black Top,49
19311,Men,White,Fall,2011,Casual,Nike Men Air Rift MTR White Casual Shoe,3
42089,Men,White,Summer,2012,Sports,ADIDAS Men White Corona Sports Shoes,26
22950,Unisex,Black,Winter,2016,Casual,Fastrack Unisex Black Dial Watch 9915PP13,70
49461,Men,Blue,Summer,2012,Casual,Vans Men Blue Era Scilla Plaid Shoes,3
8746,Unisex,Navy Blue,Summer,2015,Casual,Crocs Kids Navy Blue Clogs,81
9694,Men,White,Fall,2011,Casual,Classic Polo Men Vulcan White Polo Tshirts,40
23882,Men,Grey,Fall,2011,Sports,Fila Men Destiny Grey Sports Shoes,26
34835,Men,Blue,Summer,2012,Sports,ADIDAS Men Blue Chill Sports Shoes,26
15984,Men,Yellow,Fall,2011,Casual,Turtle Check Men Yellow Shirt,67
41268,Men,Black,Summer,2012,Casual,Arrow Men Black Wallet,170
11518,Women,Grey,Winter,2015,Casual,Catwalk Women Gun Metal Grey Heels,65
14856,Women,Beige,Summer,2011,Casual,United Colors of Benetton Women Solid Beige Wallets,170
33648,Men,Brown,Summer,2012,Casual,Lotto Men Ridge Brown Sandals,157
59297,Men,White,Fall,2012,Casual,U.S. Polo Assn. Men White & Navy Blue Shirt,67
28032,Men,White,Summer,2016,Casual,Jockey ELANCE Men Bikini White Brief 1005,21
27846,Women,Charcoal,Summer,2012,Formal,Scullers For Her Charcoal Blazer,72
26994,Women,Black,Summer,2012,Casual,Jealous 21 Women Black Jeans,18
49839,Women,Red,Winter,2012,Casual,iPanema Women Red Flip Flops,81
31923,Women,Blue,Summer,2012,Casual,Fabindia Women Blue Silk Sling Bag,119
2618,Women,Silver,Spring,2010,Casual,Carlton London Women Silver Wedge Sandal,83
54588,Women,Green,Summer,2012,Ethnic,Sushilas Women Printed Green Kurta,87
49005,Women,Silver,Summer,2012,Casual,Lucera Women Silver Ring,54
8322,Boys,Blue,Fall,2011,Casual,Doodle Boy's Route 66 Biker Blue Teen Kidswear,40
13841,Unisex,White,Winter,2016,Casual,ADIDAS Unisex Three Small Dials White Watches,70
28200,Men,Copper,Winter,2016,Casual,Ray-Ban Men Active Lifestyle Copper Sunglasses,113
12993,Unisex,Black,Fall,2011,Sports,ADIDAS Kids Adispeed Black Sports Shoes,26
7158,Men,Green,Fall,2011,Casual,Scullers Men  Green Check Shirt,67
18495,Men,White,Fall,2011,Casual,Puma Men Fashion Cat White Slipper,157
8110,Men,Black,Winter,2016,Casual,Fastrack Men Economy 2 Analg Black Watch,70
19547,Men,Blue,Fall,2011,Casual,United Colors of Benetton Men Solid Blue Sweatshirt,16
7964,Men,Black,Fall,2011,Sports,Puma Men's Large Logo Graphic Black T-shirt,40
36934,Women,Gold,Spring,2017,Casual,Giorgio Armani Women Idole Perfume,38
39140,Women,Black,Summer,2012,Ethnic,Aneri Women Black & Maroon Salwar Suit,109
20851,Women,Red,Winter,2015,Casual,Spice Art Women Ribbon Embroidery Red Clutch,50
41866,Men,Beige,Fall,2015,Casual,Estd. 1977 Men Beige & Green Sandals,157
58177,Women,Brown,Summer,2012,Casual,Rocky S Women Brown Handbag,119
44528,Men,Black,Summer,2012,Casual,Coolers Men Black Sandals,157
16392,Men,Red,Fall,2011,Casual,Levis Men Check Red Shirts,67
51455,Women,Pink,Summer,2012,Casual,Tonga Women Pink Printed Shrug,45
50587,Men,Grey,Summer,2016,Casual,Chromozome Men Grey Briefs,21
17240,Men,Black,Fall,2011,Casual,U.S. Polo Assn. Men Stripes Black  Polo Tshirt,40
47530,Women,Copper,Winter,2012,Casual,Portia Women Copper-Toned & Brown Sandals,83
6617,Men,Black,Summer,2011,Casual,Spykar Men Black and white Check Shirt,67
12732,Unisex,Black,Fall,2011,Sports,Nike Unisex Swoosh Black Backpack,64
3365,Men,Black,Summer,2011,Casual,Myntra Men's Brain Black T-shirt,40
42042,Men,White,Summer,2012,Sports,Nike Men Air Relentless 2 MSL White Sports Shoes,26
23849,Men,Black,Fall,2011,Casual,ADIDAS Men Black Anzo Breeze Casual Shoes,3
43190,Women,White,Winter,2016,Casual,Fastrack Women White Dial Watch,70
48578,Men,Steel,Summer,2012,Casual,Revv Men Steel Bracelet,152
30462,Women,Black,Summer,2014,Casual,Lovable Women All Day Long Black Bra,128
18208,Men,White,Fall,2011,Casual,Manchester United Men Solid White Cap,93
54127,Women,Black,Winter,2012,Casual,Rocia Women Black Heels,65
10065,Men,Yellow,Fall,2011,Casual,Puma Men ducati logo tee Yellow Tshirts,40
24250,Men,White,Fall,2012,Casual,Numero Uno Men White Casual Shoes,3
32335,Men,Silver,Winter,2016,Casual,Q&Q Men Silver-Toned Dial Analogue Watch Q252J404Y,70
25382,Men,White,Summer,2016,Casual,Levis Men White Innerwear Vest,13
56670,Men,Black,Winter,2016,Casual,Maxima Men Black Dial Watch,70
5092,Men,Purple,Summer,2011,Casual,Wrangler Men's Minstrel Shoulder Loop Purple T-shirt,40
10859,Men,Navy Blue,Fall,2011,Casual,Wrangler Men Furious Rides Navy Blue T-Shirts,40
59638,Women,Green,Fall,2012,Ethnic,FNF Green Wedding Collection Sari,20
15517,Men,Red,Fall,2011,Casual,Rockport Men LLandro Red Casual Shoes,3
4140,Women,Green,Winter,2015,Casual,Skechers Women Green Shoe,3
36795,Men,Silver,Winter,2016,Casual,Maxima Men Ssteele Silver Dial Watch,70
40527,Men,Gold,Winter,2016,Casual,Titan Men Gold Dial Watch,70
10257,Men,Black,Fall,2011,Formal,John Miller Men Solid Type Black Trousers,86
24062,Men,Navy Blue,Summer,2012,Casual,Locomotive Men Navy Blue Printed T-shirt,40
45869,Men,Brown,Winter,2016,Casual,Maxima Men Brown Dial Watch,70
11385,Women,Black,Fall,2011,Casual,United Colors Of Benetton Women Light Winter Black Sweatshirts,16
53130,Women,Brown,Winter,2015,Casual,Catwalk Women Brown Sandals,83
44187,Women,White,Spring,2017,Casual,Nike Fragrances Women 5th Element Perfume 150 ml,38
21510,Women,White,Winter,2015,Casual,Kiara Women Graphiti White Handbag,119
51667,Men,Grey,Winter,2016,Casual,Louis Philippe Men Grey Sunglasses,113
22395,Men,Blue,Fall,2011,Casual,Mark Taylor Men Striped Blue Shirt,67
35322,Women,Silver,Winter,2016,Ethnic,Fabindia Women Anusuya Silver Earrings,143
6425,Unisex,Black,Summer,2011,Casual,Lotto Unisex Canvas Black Check Shoe,3
18806,Men,Tan,Summer,2011,Casual,Peter England Men Casual Tan Belt,9
23247,Men,Black,Fall,2011,Formal,Arrow Men Formal Black Shoe,23
17072,Women,Grey,Winter,2015,Casual,Lino Perros Women Weaved  Grey Belt,9
31782,Women,Blue,Summer,2012,Casual,Lee Women Paula Blue Top,49
42270,Unisex,Black,Summer,2012,Casual,Vans Unisex Black & Grey Classic Shoes,3
12500,Men,Black,Fall,2011,Casual,United Colors of Benetton Men Short Black Shirts,67
26735,Men,Black,Spring,2017,Casual,Reebok Men Pack of 2 Pirates of the Caribbean Deos,154
30650,Men,Black,Summer,2012,Casual,Nike Men Printed Black T-shirt,40
56026,Women,Brown,Spring,2017,Casual,Colorbar Soft Touch Mousse Lipstick 025,98
21948,Women,Brown,Winter,2015,Casual,Murcia Women Casual Brown Handbag,119
32563,Women,Blue,Summer,2012,Casual,ONLY Women directoire blue Trousers,86
58980,Women,Pink,Spring,2017,Casual,Colour me Women Flowers Deo,154
40143,Girls,Blue,Summer,2012,Casual,Gini and Jony Girls Pretty Blossom Blue Top,49
10633,Men,Brown,Fall,2011,Formal,Carlton London Men Formal Brown Formal Shoes,23
24406,Women,Red,Summer,2012,Ethnic,Vishudh Women Red Printed Kurta,87
4716,Unisex,Black,Winter,2016,Sports,ADIDAS Unisex Response ST Analogue Black Watch,70
21174,Women,Beige,Fall,2011,Casual,s.Oliver Women Stripes Beige Top,49
15341,Women,Pink,Fall,2011,Sports,Nike Women Solid Pink Shorts,47
52486,Women,Maroon,Winter,2015,Casual,Red Rose Maroon Camisole,39
53554,Men,Multi,Summer,2016,Casual,Probase Multicoloured Printed Boxers,122
14293,Men,Blue,Fall,2011,Casual,Classic Polo Men Stripes Blue Tshirts,40
47366,Women,Blue,Summer,2012,Casual,Baggit Women Blue Bag,119
6041,Men,Navy Blue,Summer,2011,Casual,UCB Men's Polo Neck With Lion Logo Navy Blue T-shirt,40
23623,Girls,Pink,Fall,2011,Casual,Doodle Kids Girls Pink I love Shopping Top,49
17416,Men,Black,Fall,2011,Sports,Lotto Men Atlantica Black Sports Shoe,26
9835,Women,Grey,Fall,2011,Casual,Little Miss Women Printed Grey T-shirt,40
29319,Unisex,Red,Summer,2012,Casual,ADIDAS Unisex Chicago Bulls Red Backpack,64
7193,Women,Black,Fall,2011,Casual,Jealous 21 Women Black Jegging,18
12958,Men,Black,Fall,2011,Sports,ADIDAS Men Sports Black Sports Shoes,26
27283,Women,Magenta,Fall,2011,Ethnic,Mother Earth Women Magenta Kurta,87
30234,Men,Black,Summer,2012,Casual,Numero Uno Men Black Flip Flops,81
9009,Women,Brown,Winter,2015,Casual,Murcia Women Snake Print Bag Brown Handbags,119
3533,Men,Navy Blue,Summer,2011,Casual,Myntra Men's If You Don't Like Navy Blue T-shirt,40
42614,Women,Gold,Winter,2016,Casual,Estelle Women Earrings & Pendant Set,142
12164,Women,Orange,Fall,2011,Ethnic,Aurelia Women Voile Orange Dupatta,6
26351,Women,White,Winter,2016,Casual,DKNY Women White Dial Watch NY8472,70
17624,Men,Navy Blue,Fall,2011,Sports,ADIDAS Men Solid Navy Blue Track Pant,12
47154,Girls,Black,Summer,2012,Casual,Gini and Jony Girls Black Capris,61
35574,Men,Red,Summer,2013,Casual,Gliders Men Esquire Red Flip Flops,81
46086,Women,Lavender,Summer,2012,Sports,ADIDAS Women Lavender Hagkok Sports Shoes,26
51031,Women,White,Summer,2017,Casual,Enamor White Bra,128
13284,Men,Black,Fall,2011,Casual,Gini and Jony Kids Boys Solid Black Shorts,47
54543,Men,White,Fall,2012,Casual,F Sports Men White Outlander Sports Shoes,26
55491,Women,Brown,Spring,2017,Casual,Revlon Gold Dust Poussiere Doree Colorburst Lip Gloss 024,59
26163,Men,Grey,Summer,2012,Formal,John Miller Men Dark Grey Trousers,86
3701,Women,Black,Summer,2011,Casual,Tantra Women Flower Heart Black Long T-shirt,40
29917,Men,White,Winter,2016,Casual,Police Men White Dial Watch PL12698JS,70
42426,Women,Sea Green,Summer,2012,Ethnic,Aurelia Women Sea Green Kurta,87
32751,Men,Black,Summer,2012,Casual,FILA Men Liga II Black Shoes,3
56214,Women,Gold,Winter,2016,Casual,Estelle Women Gold Earrings,143
10401,Women,Purple,Fall,2011,Casual,Jealous 21 Women Uaine Purple Tops,49
40371,Women,Navy Blue,Summer,2012,Casual,Tokyo Talkies Women Navy Slim Fit Jeans,18
21346,Men,Gold,Winter,2016,Casual,Pal Zileri Men Casual Gold Frame Sunglasses,113
45603,Men,Black,Summer,2012,Formal,Arrow Men Black Formal Shoes,23
4524,Men,Black,Summer,2011,Sports,Puma Men's YugoRun Black White Shoe,26
37223,Women,Blue,Summer,2012,Casual,United Colors of Benetton Women Blue Top,49
53766,Men,White,Summer,2012,Casual,Puma Men White and Navy Blue T-shirt,40
25520,Girls,White,Fall,2011,Casual,Doodle Kids Girls City Chic White Top,49
32597,Women,Black,Summer,2012,Casual,ONLY Women Black Top,49
58974,Men,Gold,Spring,2017,Casual,Colour me Men Gold Deo,154
33445,Women,Black,Summer,2012,Casual,Baggit Women Lamboo Mayur Black Wallet,170
57100,Women,Pink,Summer,2012,Casual,Elle Women Dark Pink Top,49
36137,Women,Pink,Summer,2012,Sports,Nike Women Free Run Pink Sports Shoes,26
41859,Men,Black,Summer,2016,Casual,Estd. 1977 Men Black Sandals,157
21180,Men,Black,Summer,2011,Casual,ADIDAS Men Adi Cells Black Flip Flops,81
39943,Men,Brown,Summer,2013,Casual,GAS Men Brown Count Casual Shoes,3
52472,Women,Pink,Winter,2015,Casual,Red Rose Women White & Pink Polka Dot Print Bath Robe,74
58148,Unisex,White,Fall,2012,Casual,Puma Unisex White Cap,93
20052,Women,Yellow,Fall,2011,Casual,United Colors Of Benetton Women Yellow Muffler,147
5630,Women,Blue,Summer,2011,Casual,ADIDAS Women's Adi Groove Blue Flip Flop,81
44517,Men,Brown,Summer,2013,Casual,Coolers Men Brown Pokar Flip Flops,81
47392,Women,Beige,Fall,2012,Casual,Baggit Women Beige Bag,119
50325,Women,Navy Blue,Summer,2012,Ethnic,Aurelia Women Navy Blue Kurta,87
8913,Men,White,Fall,2011,Sports,Puma Men Cabana Racer Sketch White Sports Shoes,26
16530,Men,Red,Fall,2011,Casual,Locomotive Men Check Red Shirt,67
22705,Men,White,Fall,2011,Casual,Nike Men White Capri II Casual Shoe,3
7167,Men,Purple,Fall,2011,Casual,Scullers Men Scul Purple White Shirt,67
46240,Women,White,Summer,2012,Casual,Fusion Beats Women White Printed Tunic,148
27277,Women,Green,Fall,2011,Ethnic,Mother Earth Women Blue Kurta,87
13042,Women,Brown,Winter,2012,Casual,Inc 5 Women Brown Heels,83
6889,Women,Cream,Summer,2011,Casual,Forever New Women Stone Cream Jacket,145
31312,Women,Peach,Summer,2012,Ethnic,W Women Peach Kurta,87
12190,Men,Blue,Fall,2011,Casual,Basics Men Blue Slim Fit Checked Shirt,67
55657,Women,Gold,Winter,2015,Casual,Catwalk Women Golden Wedges,65
19578,Women,Purple,Summer,2011,Casual,United Colors of Benetton Women Solid Purple Top,49
27879,Women,Blue,Summer,2012,Casual,Scullers For Her Women Blue Top,49
34452,Women,Copper,Winter,2012,Casual,Rocia Women Copper Sandals,83
6287,Men,Yellow,Summer,2011,Casual,Classic Polo Men's Swiss Yellow T-shirt,40
7355,Men,Navy Blue,Fall,2011,Casual,Tantra Men's Black Sabbath Navy T-shirt,40
46072,Men,Black,Summer,2012,Casual,Lino Perros Men Black Leather Belt,9
22537,Men,Tan,Summer,2013,Casual,Gas Men Eldorado Tan Casual  Sandals,157
28831,Women,Brown,Summer,2017,Casual,Enamor Women Pack of 3 Mid-Rise Bikini Brief,21
43500,Men,White,Summer,2012,Casual,French Connection Men White T-shirt,40
2627,Women,Silver,Fall,2010,Casual,Carlton London Women Wedge Silver Sandal,83
27045,Women,Off White,Summer,2012,Casual,Yelloe Off White Fur Zip Clutch,50
13270,Women,White,Fall,2011,Casual,Palm Tree Kids Girls Printed White Tops,49
18698,Men,Grey,Summer,2016,Casual,Hanes Men Grey Ultimate Duo Dry Cotton Stretch Bikini Briefs,21
55465,Women,Red,Spring,2017,Casual,Revlon Super Lusterous Lipstick 304,98
26197,Men,Green,Spring,2017,Casual,Formula 1 Go Men Perfume,38
31120,Girls,Pink,Summer,2012,Casual,Palm Tree Girls Pink Top,49
25712,Unisex,Blue,Summer,2012,Sports,ADIDAS Unisex Blue Cap,93
11527,Men,Olive,Fall,2011,Casual,United Colors of Benetton Men Olive Tshirts,40
14869,Men,Black,Summer,2011,Casual,United Colors of Benetton Men Solid Black Wallets,170
40385,Women,Yellow,Summer,2012,Casual,Tokyo Talkies Women Yellow Top,49
15187,Men,White,Fall,2011,Casual,Arrow Sport Men Solid White Polo Tshirts,40
5402,Women,Purple,,2011,Sports,Kalenji Ekiden 200 Wn Purple 2011,26
44725,Women,Orange,Summer,2012,Casual,Lotto Women Coral Elegant Flip Flops,81
14055,Men,Green,Fall,2011,Casual,Flying Machine Men Check Green Shirts,67
20260,Men,Navy Blue,Fall,2011,Casual,Wrangler Men Applique Navy Blue Tshirt,40
7731,Men,Grey,Winter,2011,Casual,Puma Men's Winglet II Grey Yellow White Flip Flop,81
22153,Men,Brown,Summer,2011,Casual,Lee Cooper Men Brown Casual Sandals,157
43958,Men,Olive,Fall,2012,Casual,Puma Men Olive Techno Ind Sandal,157
28469,Women,Pink,Summer,2012,Casual,Urban Yoga Women Printed Pink T-shirt,40
50573,Men,Charcoal,Summer,2016,Casual,Chromozome Men Charcoal Trunk Trunks,106
34036,Boys,Blue,Summer,2012,Casual,Palm Tree Boys Check Blue Shirt,67
55001,Women,Pink,Spring,2017,NA,Lakme Absolute Lip Last Day Kiss Lip Colour,98
8779,Men,Navy Blue,Fall,2011,Casual,Indigo Nation Men Club Satin Hot Stepper Navy Blue Shirt,67
3391,Women,White,Winter,2015,Casual,Murcia Women White With Stitch Bag,119
43164,Men,Black,Winter,2016,Casual,Fastrack Men Black Watch,70
2243,Men,White,Fall,2010,Sports,ADIDAS Men Stripe Polo White Polo T-shirt,40
30496,Women,Purple,Summer,2014,Casual,Lovable Women Fiona Purple Bra,128
27421,Women,Blue,Winter,2015,Casual,Jockey Women Blue Lounge Pants,68
57756,Women,Green,Spring,2017,Casual,Lotus Herbals Neem & Clove Purifying Face Wash,5
33213,Women,Magenta,Summer,2012,Casual,Sepia Women Printed Magenta Top,49
39729,Women,Olive,Summer,2012,Casual,Arrow Woman Olive Top,49
25376,Men,Grey,Summer,2016,Casual,Levis Men Grey Innerwear T-Shirt,13
11143,Men,Black,Fall,2011,Casual,Scullers Men Price Catch Black Shirts,67
56684,Women,Beige,Fall,2012,Ethnic,Fabindia Beige & Maroon Mull Printed Saree,20
4988,Women,White,Summer,2011,Casual,Gini and Jony Girl's Vanya White Polka Dot Kidswear,166
44341,Men,Blue,Summer,2012,Casual,Indian Terrain Men Blue T-shirt,40
14431,Women,Black,Summer,2012,Casual,Enroute Women Casual Black Flats,65
20604,Women,Brown,Winter,2015,Casual,Baggit Women Umbrella Dum Brown Handbag,119
52224,Women,Silver,Summer,2012,Casual,Lencia Grey Swarovski Pearl Necklace,151
45293,Women,Red,Winter,2016,Casual,CASIO SHEEN Women Red Dial Watch SX017,70
36761,Men,Black,Winter,2016,Casual,Maxima Men Black Watch,70
33021,Women,Cream,Summer,2012,Ethnic,Mother Earth Women Printed Cream Kurta,87
25144,Women,Orange,Winter,2015,Casual,Lino Perros Women Leatherite Orange Handbag,119
11371,Men,Black,Fall,2011,Casual,United Colors Of Benetton Men Summer Black Shirts,67
41401,Women,White,Summer,2012,Casual,Wrangler Women White Smocked Top,49
14603,Men,Grey,Summer,2011,Casual,United Colors of Benetton Men Pack of 2 Grey Socks,75
37481,Women,White,Winter,2016,Casual,Esprit Women White Dial Watch,70
5254,Unisex,Red,Winter,2015,Casual,Wildcraft Unisex Red Duffle Bag,37
44173,Women,Pink,Spring,2017,Casual,Nike Fragrances Women Trendy Perfume 75ml,38
25978,Women,Pink,Spring,2017,Casual,J.Del Pozo Halloween Kiss Sexy Women Perfume,38
4386,Men,Grey,Summer,2011,Casual,Wrangler Cowboy Photo T-shirt,40
51693,Unisex,Brown,Winter,2016,Casual,Van Heusen Unisex Brown Sunglasses,113
16154,Men,Black,Fall,2011,Formal,Enroute Men Leather Black Formal Shoes,23
22361,Men,Navy Blue,Summer,2012,Casual,Reebok Men Navy Twist Sandals,114
19920,Unisex,Black,Winter,2015,Casual,Wildcraft Unisex Black Outdoor Backpack,64
7503,Men,Blue,Summer,2011,Sports,Nike Men's As Icon Blue T-shirt,40
46624,Men,Grey,Spring,2017,Casual,Rasasi Men Emotion Deo and Perfume Set,154
34204,Men,Navy Blue,Fall,2013,Casual,Proline Men Navy Track Pants,12
17086,Women,Orange,Winter,2015,Casual,Lino Perros Women Blue Zip Orange Wallet,170
50741,Men,Black,Winter,2018,Casual,Red Chief Men Black Shoes,3
55233,Women,Skin,Summer,2019,Casual,Lakme Nine to Five Flawless Makeup Shell Foundation,153
13426,Men,Red,Summer,2011,Casual,United Colors of Benetton Men Stripes Red  Polo T-shirts,40
43356,Women,Charcoal,Summer,2012,Sports,Reebok Women Charcoal Grey Fuel Techno Sports Shoes,26
28207,Men,Black,Winter,2016,Casual,Ray-Ban Men Active Lifestyle Black Sunglasses,113
13846,Men,Blue,Fall,2011,Casual,John Miller Men Stripes Blue Shirts,67
12994,Boys,Black,Fall,2011,Sports,ADIDAS Kids Boys Duramo Synthetic Black Sports Shoes,26
46278,Women,Red,Summer,2012,Casual,109F Women Red & White Striped Tunic,148
16508,Men,Blue,Fall,2011,Casual,Locomotive Men Washed Blue Jeans,18
18492,Men,Blue,Fall,2011,Casual,Puma Men Danny Blue Slipper,81
19540,Men,Blue,Summer,2011,Casual,United Colors of Benetton Men Solid Blue Sweater,155
7963,Men,White,Fall,2011,Sports,Puma Men's Large Logo Graphic White French T-shirt,40
8117,Men,Black,Winter,2016,Casual,Fastrack Men New Analog Black Navy Watch,70
49230,Men,Black,Summer,2016,Casual,Calzini Men Pack of 5 Sports Socks,75
39147,Women,Purple,Fall,2012,Ethnic,Aneri Women Purple Salwar Suit,109
36933,Women,Purple,Spring,2017,Casual,Bulgari Women Omnia Perfume,38
57138,Women,Brown,Summer,2012,Casual,Elle Women Brown Trousers,86
20856,Men,Black,Fall,2011,Casual,United Colors of Benetton Men Casual Black Shoes,3
41861,Men,Black,Summer,2016,Casual,Estd. 1977 Men Black Sandals,157
5608,Men,Black,Summer,2011,Casual,ADIDAS Men Kendall Black Navy Floater,157
58170,Women,Red,Fall,2012,Casual,Rocky S Women Red Clutch,50
53598,Men,Black,Winter,2016,Sports,Q&Q Men Black Digital Watch,144
15983,Men,Burgundy,Fall,2011,Casual,Turtle Solid Men  Burgundy Shirt,67
39375,Women,Silver,Winter,2016,Casual,Helix Women Silver Dial Watch,70
14851,Women,Coffee Brown,Summer,2011,Casual,United Colors of Benetton Women Solid Coffee Brown Wallets,170
59290,Men,Black,Winter,2016,Casual,Titan Men Black Dial Watch,70
52678,Men,Black,Winter,2016,Casual,Morellato Men Black Watch,70
20258,Men,Brown,Fall,2011,Casual,Wrangler Men Polo Charcoal T-shirt,40
47198,Men,Brown,Summer,2012,Casual,Franco Leone Men Brown Sandals,157
27841,Men,White,Summer,2012,Casual,Bulchee Men Plain Jeans White Belt,9
28035,Men,Grey Melange,Summer,2016,Casual,Jockey ELANCE Men Grey Melange Y Front Briefs 1006,21
31924,Women,Black,Summer,2012,Casual,Fabindia Women Black Silk Handbag,119
26993,Women,Blue,Summer,2012,Casual,Jealous 21 Women Washed Blue Jeans,18
13248,Men,Brown,Fall,2011,Casual,Palm Tree Kids Boy Solid Brown Trousers,86
43538,Women,Blue,Summer,2012,Casual,French Connection Women Blue Top,49
8325,Boys,Yellow,Fall,2011,Casual,Doodle Boy's Athletic 77 Dept Yellow Teen Kidswear,40
31118,Girls,Red,Summer,2012,Casual,Gini and Jony Girls Red Top,49
19772,Men,Blue,Fall,2011,Casual,ADIDAS Men Vigor Blue Casual Shoes,3
46876,Men,Grey,Summer,2012,Casual,Lino Perros Men Pack of 2 Socks,75
5862,Men,Black,Summer,2011,Casual,ADIDAS Men's Stripe Black T-shirt,40
39711,Men,Black,Winter,2016,Casual,ADIDAS Original Men Black Dial Chronograph Watch ADH2641,70
14409,Women,White,Summer,2012,Casual,Enroute Women Casual White Heels,65
58726,Men,Grey,Summer,2012,Casual,Puma Men Grey T-shirt,40
44379,Men,Black,Spring,2017,Casual,ADIDAS Men Intense Touch  Perfume,38
11947,Men,Olive,Summer,2012,Casual,Ganuchi Men Casual Olive Sandals,157
36759,Men,White,Winter,2016,Casual,Maxima Men White Dial Watch,70
51499,Women,Blue,Summer,2012,Casual,Denizen Women Blue Jeans,18
29583,Women,Silver,Summer,2012,Casual,Puma Women Grace Silver Sandals,83
55805,Women,Pink,Summer,2017,Casual,SDL by Sweet Dreams Women Pink & Black Printed Night Suit S11-3134,146
7709,Women,Black,Fall,2011,Casual,Jealous 21 Women's Aaren Black Jegging,18
28451,Women,Black,Summer,2012,Casual,Urban Yoga Women Black Track Pants,12
43960,Men,Grey,Summer,2012,Formal,Indigo Nation Men Grey Striped Shirt,67
8741,Men,Navy Blue,Fall,2011,Casual,Indigo Nation Men Checks Shirt Navy Blue Shirts,67
55039,Women,Brown,Spring,2017,Casual,Lakme Absolute Matte Merlot Lipstick 45,98
19316,Unisex,Grey,Fall,2011,Casual,Nike Unisex Hayward 25M Grey Backpack,64
27419,Women,Black,Winter,2015,Casual,Jockey Women Black Lounge Pants,68
34832,Men,White,Summer,2012,Sports,ADIDAS Men Sukoi White Sports Shoes,26
23885,Men,Grey,Winter,2012,Sports,Fila Men Grey Hex Sports Shoes,26
19918,Unisex,Black,Winter,2015,Casual,Wildcraft Unisex Black Backpack,64
22359,Men,Blue,Summer,2011,Casual,John Players Men Check Blue Shirt,67
19124,Women,Pink,Fall,2011,Casual,Lotto Women XL Kelly Pink Slippers,81
16950,Men,Brown,Winter,2016,Casual,Image Men Sunglasses,113
49654,Women,Grey,Summer,2012,Casual,Mineral Women Grey Skirt,111
48786,Women,Silver,Summer,2013,Casual,Lucera Women Silver Pendant,129
2049,Men,White,Summer,2010,Sports,ADIDAS Men's Slim Fit White T-shirt,40
17882,Men,White,Summer,2016,Casual,Levis Men Comfort Style White Innerwear Vest,13
44977,Men,Silver,Winter,2016,Casual,Maxima Men Silver Dial Attivo Watch,70
33019,Women,Yellow,Summer,2012,Ethnic,Mother Earth Women Printed Yellow Kurta,87
41439,Men,Black,Fall,2012,Sports,Lee Cooper Men Black Sports Shoes,26
39523,Unisex,Black,Summer,2012,Casual,Peter England Unisex Black One Dayer Black Trolley Bag,66
52812,Men,Black,Summer,2012,Casual,JAG Men Black Leather Wallet,170
11349,Men,Blue,Summer,2017,Casual,Lee Men Blue Chicago Fit Jeans,18
24892,Men,Black,Fall,2011,Casual,United Colors of Benetton Men Black T-shirt,40
58514,Women,Grey,Summer,2012,Casual,Tonga Women Grey Top,49
33825,Women,Silver,Summer,2012,Sports,Puma Women Kuris Silver & Grey Sports Shoes,26
25940,Women,Yellow,Summer,2012,Casual,Femella Women Yellow & Blue Scarf,62
38637,Men,Red,Summer,2012,Casual,Nike Men Red Delhi T-shirt,40
5896,Men,Black,Summer,2011,Casual,Puma Men Cavallino Black Shoe,3
4944,Men,White,Summer,2011,Casual,Gini and Jony Boy's Kaleb White Brown Infant Kidswear,67
10861,Men,White,Fall,2011,Casual,Wrangler Men Dirt Riders White T-Shirts,40
59600,Women,Rust,Fall,2012,Ethnic,FNF Rust Wedding Collection Sari,20
42846,Women,Multi,Summer,2012,Casual,French Connection Women Multi Stripe Hand Bag,119
35128,Women,Purple,Winter,2012,Casual,Allen Solly Woman Purple Bangle,152
47508,Men,Black,Summer,2016,Casual,Facit Men Black Brief,21
54923,Girls,Olive,Summer,2012,Casual,Do u speak Green Girls Olive 3/4 Pant,61
43994,Women,Pink,Spring,2017,Casual,Police Women Passion Deo,154
17278,Men,Grey,Fall,2011,Casual,U.S. Polo Assn. Men Printed  Steeple Grey Tshirt,40
31588,Men,Maroon,Summer,2012,Casual,Mark Taylor Men Printed Maroon T-shirt,40
49492,Men,Maroon,Summer,2012,Casual,Vans Men Maroon & Grey Era Shoes,3
18230,Men,White,Fall,2011,Casual,Manchester United Men Printed White Tshirt,40
23871,Men,Grey,Fall,2011,Casual,ADIDAS Men Grey Striped T-shirt,40
9667,Men,Purple,Fall,2011,Casual,Indigo Nation Men Bling Red Black Shirts,67
16198,Men,Black,Fall,2011,Sports,Puma Men Poly Knitted Black Tracksuit,101
3953,Women,Red,Summer,2011,Casual,Jealous 21 Women's Red Peace T-shirt,40
29745,Men,Black,Winter,2016,Casual,Fossil Men Quartz Black Dial Chronograph Watch JR1303,70
28697,Women,Black,Summer,2012,Ethnic,W Women Printed Black Kurta,87
12538,Men,Blue,Fall,2011,Casual,Puma Men Solid Blue Track Pants,12
8587,Men,Red,Fall,2011,Casual,Scullers Men Red Check Shirt,67
42248,Women,Pink,Summer,2012,Casual,Sepia Women Pink Top,49
48772,Women,Silver,Summer,2013,Casual,Lucera Women Silver Pendant,129
17876,Men,Grey,Summer,2016,Casual,Levis Men Comfort Style Grey Innerwear Vest,13
30668,Men,Black,Winter,2016,Casual,Park Avenue Men Black Sunglasses,113
9455,Men,Red,Fall,2011,Formal,John Miller Men Red Striped Shirt,67
18002,Women,Black,Summer,2011,Sports,Puma Women Essential Skinny Black 3/4 Pant,61
44983,Women,Silver,Winter,2016,Casual,Maxima Women Silver Dial Watch,70
38405,Women,White,Summer,2012,Casual,Baggit Women White Capri Taj Belt,9
53934,Women,Brown,Summer,2012,Casual,Kiara Women Brown Handbag,119
1638,Unisex,Blue,Fall,2010,Sports,Nabaiji Swimming Goggles Blue Black,91
25188,Women,Brown,Winter,2015,Casual,Lino Perros Women Leatherite Brown Handbag,119
24866,Men,Black,Summer,2012,Casual,Reid & Taylor Men Formal Black Belt,9
53108,Women,Silver,Winter,2016,Casual,Fabindia Silver Earrings,143
21528,Women,Copper,Winter,2015,Casual,Kiara Women Sequins Copper Handbag,119
59432,Women,Black,Summer,2012,Casual,Spice Art Women Black Handbag,119
32903,Women,Red,Summer,2012,Casual,Allen Solly Women Red Shorts,47
6079,Men,Grey,Summer,2011,Casual,UCB Men's Johny Collar With Two Tone Grey T-shirt,40
12960,Men,White,Fall,2011,Sports,ADIDAS Men Sports White Sports Shoes,26
29321,Men,Black,Summer,2012,Sports,ADIDAS Men Black Jersey,40
9031,Men,Tan,Winter,2011,Casual,Buckaroo Men loma Tan Casual Shoes,3
6845,Unisex,Black,Summer,2011,Casual,Timberland Unisex Hiker Round Lace Shoe Accessories,44
18466,Women,White,Spring,2017,Casual,Reebok Reebounce Women Perfumes,38
26369,Women,Blue,Summer,2012,Casual,Arrow Woman Blue Shirt,67
33489,Men,Green,Summer,2012,Casual,Doodle Kids Boy Check Green Shirt,67
59056,Women,Blue,Winter,2012,Casual,Carlton London Women Blue & Cream Shoes,3
15379,Men,Black,Summer,2012,Casual,Fila Men Lobato Black Casual Shoes,3
45409,Women,Black,Winter,2012,Casual,Rocia Women Black & Brown Sandals,83
56822,Men,Beige,Summer,2012,Casual,John Players Men Beige Shorts,86
58184,Women,Beige,Summer,2012,Casual,Rocky S Women Beige Handbag,119
40947,Boys,Red,Summer,2012,Casual,Gini and Jony Boys Core Red T-shirt,40
39381,Men,Black,Summer,2012,Casual,Peter England Men Party Black Jeans,18
15977,Men,Red,Fall,2011,Casual,Turtle Solid Men Red Shirt,67
32769,Men,Blue,Spring,2013,Casual,Music Men Printed Blue T-shirt,40
10439,Men,Brown,Fall,2011,Casual,Flying Machine Men Walnut Brown Tshirts,40
59264,Women,White,Winter,2016,Casual,Titan Women White Watch,70
14099,Women,Pink,Fall,2011,Casual,Flying Machine Women Solid Pink Tops,49
1852,Men,Blue,Summer,2011,Casual,Inkfruit Men Ride It Or Die T-shirt,40
30802,Men,Blue,Summer,2012,Ethnic,Fabindia Men Blue Shirt,67
51009,Women,Rose,Summer,2017,Casual,Enamor Rose Full Figure Bra FF07,128
29113,Women,White,Summer,2012,Casual,Puma Women Pack of 3 Socks,75
7399,Men,Black,Winter,2018,Formal,Red Tape Men's Black Formal Shoe,23
26967,Women,Navy Blue,Summer,2012,Casual,Jealous 21 Women Check Navy Blue Top,49
27089,Women,Brown,Summer,2012,Ethnic,Aneri Women Jazz Brown Kurta,87
48124,Women,Brown,Summer,2012,Casual,Fossil Women Brown Huarache Weave Belt,9
9203,Men,Black,Fall,2011,Sports,Puma Men Axis XT Black Shoes,26
51835,Women,Red,Summer,2016,Casual,Bwitch Red Lace  Briefs,21
3739,Men,Blue,Fall,2010,Sports,ADIDAS Men Delhi Daredevil Blue Cap,93
19786,Men,Navy Blue,Winter,2016,Casual,U.S. Polo Assn. Men Solid Navy Blue Tshirt,40
44948,Men,Black,Summer,2012,Sports,Puma Men Black Aquil II Sports Shoes,26
24091,Men,Navy Blue,Fall,2011,Casual,Manchester United Men Navy Blue Striped T-shirt,40
57563,Women,Brown,Spring,2017,NA,Lotus Herbals Pure Colours Nutty Brown Lipstick 666,98
33026,Women,Pink,Fall,2012,Ethnic,Mother Earth Women Pink Kurta,87
41406,Women,Pink,Summer,2012,Casual,Wrangler Women Pink T-shirt,40
11376,Women,Grey,Fall,2011,Casual,United Colors Of Benetton Women Light Winter Grey Tops,49
25143,Women,Silver,Winter,2015,Casual,Lino Perros Women Silver Clutch,50
44174,Women,White,Spring,2017,Casual,Nike Fragrances Women Sensual Touch Perfume and Deo Set,30
5253,Unisex,Grey,Winter,2015,Casual,Wildcraft Unisex Black & Grey Duffel Bag,37
20431,Women,Brown,Winter,2015,Casual,Baggit Women Tijori Viva Brown Wallet,170
14604,Men,Green,Summer,2011,Casual,United Colors of Benetton Men Stripes Green Socks,75
4381,Men,Blue,Summer,2011,Casual,Superman Men's Silhouette Light Blue T-shirt,40
46623,Unisex,Black,Summer,2012,Casual,Nike Unisex Ultimatum Max Backpack,64
19927,Men,Grey,Fall,2011,Casual,ADIDAS Men Receptor Grey Sandals,157
7504,Women,Pink,Summer,2011,Sports,Nike Women's Smash Pink T-shirt,40
22366,Men,White,Fall,2011,Casual,Ed Hardy Men New Tiger White T-Shirt,40
3998,Men,Black,Summer,2011,Casual,Spalding Men's Black and White Graphic Flip Flop,81
51694,Unisex,Brown,Winter,2016,Casual,Van Heusen Unisex Sunglasses VH216-C2,113
16153,Men,Black,Fall,2011,Formal,Enroute Men Leather Black Formal Shoes,23
17081,Women,Blue,Winter,2015,Casual,Lino Perros Women Denim Blue Wallet,170
50746,Men,Black,Winter,2018,Formal,Red Chief Men Black Formal Shoes,23
34203,Men,Charcoal,Winter,2013,Casual,Proline Men Charcoal Grey Track Pants,12
55234,Women,Skin,Summer,2019,Casual,Lakme 9to5 Flawless Makeup Marble Foundation,153
13421,Men,Black,Summer,2011,Casual,United Colors of Benetton Men Stripes Black Polo T-shirts,40
27614,Men,Beige,Summer,2012,Casual,Scullers Men Beige Trousers,86
22154,Men,Black,Fall,2011,Formal,Lee Cooper Men Black Formal Shoes,23
16361,Men,Maroon,Fall,2011,Formal,Peter England Men Stripes Maroon Shirt,67
46411,Men,Black,Summer,2012,Casual,ADIDAS Men Black Sweatshirt,16
7736,Men,Red,Fall,2011,Casual,Puma Men Ferrari Lifestyle Red Cap,93
34031,Boys,Blue,Summer,2012,Casual,Gini and Jony Boys Check Blue Shirt,67
50574,Men,Charcoal,Summer,2016,Casual,Chromozome Men Pack of Two Trunks,106
22968,Unisex,Black,Summer,2011,Casual,U.S. Polo Assn. Unisex Casual Olive Backpack,64
3396,Women,Blue,Winter,2015,Casual,Murcia Women Turquoise Blue Handbag,119
31543,Men,Navy Blue,Summer,2012,Casual,Classic Polo Men Striped Navy Blue T-shirt,40
55006,Women,Copper,Spring,2017,NA,Lakme Sheer Satin Lip Gloss 51,59
19329,Men,Brown,Fall,2011,Casual,Puma Men Standpunkt Brown Casual Shoes,3
13613,Men,Red,Summer,2016,Casual,Hanes Men Sleeveless V Neck Red Innerwear T-shirt,13
27426,Women,Grey Melange,Winter,2015,Casual,Jockey Women Grey Melange Shorts,47
2244,Women,Black,Fall,2010,Casual,ADIDAS Women's Black T-shirt,40
43163,Men,White,Winter,2016,Casual,Fastrack Men White Dial Watch,70
33214,Women,Black,Summer,2012,Casual,Sepia Women Printed Black & Green Tunic,148
10096,Women,Blue,Fall,2011,Sports,Reebok Women Reeflex Run Blue Sports Shoes,26
11144,Men,Black,Fall,2011,Casual,Scullers Men Price Catch Black Shirts,67
25371,Men,Maroon,Summer,2016,Casual,Levis Men Maroon Innerwear Vest,13
20603,Women,Black,Winter,2015,Casual,Baggit Women Selection Mayur Black Sling Bag,119
58719,Women,Off White,Summer,2012,Ethnic,ALayna Women Off White  Kurta,87
11978,Men,Navy Blue,Summer,2012,Casual,FILA Men Aruba Navy Blue Sandal,157
36766,Men,Black,Winter,2016,Casual,Maxima Men Black Watch,70
45294,Women,Black,Winter,2016,Casual,CASIO SHEEN Women Black Dial Watch SX041,70
52223,Women,White,Fall,2012,Casual,Lencia White Swarovski Pearl Necklace,151
34455,Women,Black,Spring,2013,Formal,Rocia Women Black Shoes,65
6280,Men,Pink,Summer,2011,Casual,UCB Men's Making Light Pink T-shirt,40
46075,Men,Black,Summer,2012,Casual,Lino Perros Men Black Leather Belt,9
35587,Men,Brown,Summer,2013,Casual,Gliders Men Brown Leather Sandals,157
7352,Men,Purple,Fall,2011,Casual,Tantra Men's Whatever Purple T-shirt,40
27042,Women,Black,Summer,2012,Casual,Yelloe Black Animal Print Clutch,50
2620,Men,Blue,Fall,2010,Sports,Nike Men's Colors Team India T-shirt,40
43507,Men,Maroon,Summer,2012,Casual,French Connection Men Maroon T-shirt,40
28836,Women,Multi,Summer,2012,Ethnic,BIBA Women Printed Multi Coloured Kurta,87
31127,Girls,Black,Summer,2012,Casual,Gini and Jony Girls Black Dress,166
26190,Men,Blue,Spring,2017,Casual,4711 Kolnisch Wasser Men Perfume,38
55462,Women,Purple,Spring,2017,Casual,Revlon Super Lustrous Plum Baby Lipstick 313,98
11520,Women,Black,Fall,2011,Casual,United Colors of Benetton Women Denim Black Jeans,18
25715,Unisex,Blue,Summer,2012,Sports,ADIDAS Unisex Blue Cap,93
41250,Men,Brown,Summer,2012,Formal,Arrow Men Black & Brown Reversible Belt,9
40382,Women,Pink,Summer,2012,Casual,Tokyo Talkies Women Pink Top,49
38298,Men,Brown,Summer,2012,Casual,Reid & Taylor Men Brown Wallet,170
57335,Women,White,Winter,2015,Casual,Amante White Bra BCSO01,128
52647,Women,Black,Summer,2012,Casual,Mod'acc Women Black Handbag,119
20267,Women,Black,Winter,2015,Casual,Catwalk Women Casual Black Heels,65
14052,Men,White,Fall,2011,Casual,Flying Machine Men Solid White Shirts,67
53795,Men,Black,Summer,2012,Casual,Puma Men Black T-shirt,40
44722,Women,Orange,Summer,2012,Casual,Lotto Women Red & Orange Disco Holic Flip Flops,81
5405,Men,White,Fall,2011,Sports,Kalenji Ekiden Comfort Prime 2011,26
39178,Women,Blue,Summer,2012,Ethnic,Aneri Women Blue & Brown Printed Kurta,87
32590,Women,Brown,Summer,2012,Casual,ONLY Women Brown Shorts,47
11712,Men,Blue,Summer,2011,Casual,Lee Men Solid Blue Shirts,67
25527,Women,Green,Summer,2012,Casual,Wrangler Women Stella Green Shirt,67
57107,Women,Olive,Summer,2012,Casual,Elle Women Green Essentials Top,49
20869,Men,Brown,Fall,2011,Casual,Fila Men Camper Brown Sandals,157
33442,Women,Teal,Winter,2016,Casual,Baggit Women Rade Doko Teal Handbag,119
58973,Women,Pink,Spring,2017,Casual,Colour Me Women Pink Perfume,38
52475,Women,White,Winter,2015,NA,Red Rose White & Red Dot Print Bath Robe,74
39944,Men,Grey,Summer,2013,Casual,GAS Men Grey Namib Shoes,3
21187,Men,Yellow,Summer,2011,Casual,ADIDAS Men Plugged In Yellow Flip Flops,81
36130,Men,Grey,Summer,2012,Casual,Nike Men Dunk High Grey Shoes,3
44510,Unisex,Black,Summer,2012,Casual,Converse Unisex Black Shoes,3
20055,Women,Grey,Fall,2011,Casual,United Colors Of Benetton Women Grey Muffler,147
50322,Women,Black,Summer,2012,Ethnic,Aurelia Women Black Kurta,87
28238,Men,Black,Spring,2017,Casual,Park Avenue Men Cruise Deo,154
13879,Men,Red,Fall,2011,Casual,Scullers Men Check Red Shirts,67
47395,Women,Green,Summer,2012,Casual,Baggit Women Green Handbag,119
46247,Women,Pink,Summer,2012,Casual,Fusion Beats Women Dark Pink Tunic,148
7160,Women,Purple,Fall,2011,Casual,Scullers For Her Women Fashion Summer Lite Aubergine Tunics,148
22702,Women,Beige,Fall,2011,Casual,Nike Women Beige Dunk High Casual Shoes,3
8914,Men,White,Fall,2011,Sports,Puma Men Future Cat Remix SF White Sports Shoes,26
16537,Men,Blue,Fall,2011,Casual,Probase Men Check Blue Cap,93
43735,Women,Gold,Summer,2012,Ethnic,Royal Diadem Set of 2 Golden Bangles,8
13045,Women,Maroon,Winter,2012,Casual,Inc 5 Women Casual Maroon Sandals,83
27270,Women,Maroon,Fall,2011,Ethnic,Mother Earth Women Printed Maroon Kurta,87
12197,Men,Orange,Summer,2013,Casual,Basics Men Orange Polo T-shirt,40
55650,Women,Multi,Winter,2015,Casual,Catwalk Women Multi-coloured Heels,65
31315,Women,Brown,Summer,2012,Ethnic,W Women Brown Kurta,87
6274,Women,Green,Summer,2011,Casual,UCB Women's Crystal Benetton Green T-shirt,40
47153,Girls,Pink,Summer,2012,Casual,Gini and Jony Girls Pink Capris,61
17623,Men,Grey,Fall,2011,Sports,ADIDAS Men Solid Grey Track Pant,12
48927,Women,Silver,Summer,2012,Casual,Lucera Women Silver Ring,54
51036,Women,Lime Green,Summer,2017,Casual,Enamor Women Lavender Nightdress,7
26958,Women,Teal,Summer,2012,Casual,Jealous 21 Women Teal Shirt,67
46081,Men,Navy Blue,Summer,2012,Casual,ADIDAS Men Navy Blue Benton Sandals,157
35573,Men,Blue,Summer,2013,Casual,Gliders Men Esquire Blue Flip Flops,81
13283,Men,Blue,Fall,2011,Casual,Gini and Jony Kids Boys Check Blue Shirts,67
54544,Men,Black,Fall,2012,Sports,F Sports Men Black Pace Sports Shoes,26
30001,Women,White,Winter,2016,Casual,Aspen Women White Dial Watch,70
29910,Men,Black,Winter,2016,Casual,Police Men Black Dial Watch PL12170JSB,70
3706,Men,Grey,Summer,2011,Casual,Classic Polo Men's Grey Red & Brown Stripe T-shirt,40
26164,Men,Grey,Summer,2012,Formal,John Miller Men Striped Grey Trousers,86
55496,Women,Pink,Spring,2017,Casual,Revlon ColorBurst Hot Pink Lip Gloss 10,59
56213,Women,Gold,Winter,2016,Casual,Estelle Women Gold Earrings,143
15948,Men,Burgundy,Fall,2011,Formal,Turtle Men Stripes Burgundy Ties,132
40376,Women,Yellow,Summer,2012,Casual,Tokyo Talkies Women Yellow Top,49
24633,Women,Pink,Fall,2011,Casual,ADIDAS Women Polka Pink Flip Flops,81
10406,Women,Grey,Fall,2011,Casual,United Colors of Benetton Women Solid Grey Dresses,166
4523,Men,Blue,Summer,2011,Sports,Puma Men's Faas Blue White Silver Red Shoe,26
45604,Men,Brown,Summer,2012,Formal,Arrow Men Brown Formal Shoes,23
15174,Men,Yellow,Fall,2013,Casual,Arrow Men Yellow Polo T-shirt,40
21341,Men,Steel,Winter,2016,Casual,Pal Zileri Men Casual Steel Frame Sunglasses,113
53761,Men,Green,Summer,2012,Casual,Puma Men Green and Blue T-shirt,40
37224,Women,Purple,Summer,2012,Casual,United Colors of Benetton Women Purple Shirt,67
32564,Women,Orange,Summer,2012,Casual,ONLY Women Orange Trousers,86
56021,Women,Mauve,Spring,2017,Casual,Colorbar Soft Touch Venus Lipstick 034,98
24401,Women,Brown,Summer,2012,Ethnic,Vishudh Women Brown Printed Kurta,87
10634,Men,Black,Winter,2012,Formal,Carlton London Men Black Oxford Wingtip Brogues,23
40144,Girls,Pink,Summer,2012,Casual,Gini and Jony Girls Pretty Blossom Pink Top,49
58987,Women,Lavender,Spring,2017,Casual,Cavallini Women Deo,154
59069,Women,White,Summer,2017,Casual,Peri Peri Women White Bra,128
15346,Men,Black,Fall,2011,Casual,Nike Men Special Edition 3 Star Beed Black Tshirts,40
52481,Women,Pink,Winter,2015,Casual,Red Rose Pink & Black Nightdress,99
21173,Women,Grey,Fall,2011,Casual,s.Oliver Women Grey Shirt,67
4711,Unisex,Black,Winter,2016,Sports,ADIDAS Unisex Toronto Hand Black Watch,70
40978,Boys,Red,Summer,2012,Casual,Gini and Jony Boys United Red T-shirt,40
14294,Men,Black,Fall,2011,Casual,Classic Polo Men Stripes Black Tshirts,40
17411,Men,White,Fall,2011,Sports,Lotto Men Basketball Mid White Sports Shoe,26
9832,Women,Orange,Fall,2011,Casual,Little Miss Women Printed Rust T-shirt,40
23624,Girls,White,Fall,2011,Casual,Doodle Kids Girls White I love Shopping Top,49
6046,Men,Green,Summer,2011,Casual,UCB Men Logo Chest Green Shirt,67
34693,Girls,Pink,Summer,2012,Casual,Allen Solly Kids Girls Poplin Pink Shorts,47
47361,Women,Black,Summer,2012,Casual,Baggit Women Black Voodoo Gang Handbag,119
7194,Women,White,Fall,2011,Casual,Jealous 21 Women's BFF Printed White Top,49
51204,Women,Peach,Summer,2017,Casual,Enamor Women Peach Bra,128
30233,Men,White,Summer,2012,Casual,Numero Uno Men White Shoes,3
48329,Women,Purple,Summer,2012,Casual,Pitaraa Women Purple Sling Bag,119
18459,Men,White,Spring,2017,Casual,David Beckham Intimately Men Deos,154
27284,Women,Brown,Fall,2011,Ethnic,Mother Earth Women Dark Brown Kurta,87
12163,Women,Purple,Fall,2011,Ethnic,Aurelia Women Solid Purple Leggings,161
42613,Women,Gold,Winter,2016,Casual,Estelle Women Gold Earring & Pendant Set,142
3534,Women,Black,Summer,2011,Casual,Myntra Women's I Want You Black T-shirt,40
24065,Men,Green,Fall,2011,Casual,Locomotive Men Checked Green Shirt,67
10250,Women,Brown,Winter,2015,Casual,Murcia Women Hahk Brown Handbags,119
57597,Women,Pink,Spring,2017,Casual,Lotus Herbals Moistpetals Rudy Pink Lipstick 140,98
40520,Men,Cream,Winter,2016,Casual,Titan Men Cream Dial Watch,70
1607,Men,Blue,Fall,2010,Sports,Reebok Men trackpant- male Track Pants,12
11382,Women,Grey,Fall,2011,Casual,United Colors Of Benetton Women Light Winter Grey T-Shirts,40
44180,Women,White,Spring,2017,Casual,Nike Fragrances Women Spicy Love Perfume 150 ml,38
37472,Men,Grey,Winter,2016,Casual,Esprit Men Grey Dial Watch,70
15722,Men,Grey,Fall,2011,Sports,Nike Men Lunarswift+ 3 Shield Grey Sports Shoes,26
4375,Men,Navy Blue,Summer,2011,Casual,Marvel Comics Men's Comic Poses Navy T-shirt,40
35325,Women,Silver,Winter,2016,Ethnic,Fabindia Women Anusuya Silver Earrings,143
22392,Women,White,Fall,2011,Casual,ADIDAS Women Whalf Striper White Top,49
51660,Men,Black,Winter,2016,Casual,Fossil Men Black Dial Watch AM4384,70
17075,Women,Navy Blue,Winter,2015,Casual,Lino Perros Women Weaved  Navy Blue Belt,9
23240,Women,Blue,Fall,2011,Ethnic,Aneri Women Ashna Blue Kurta,87
6422,Unisex,Black,Summer,2011,Casual,Lotto Unisex Canvas Black Grey Shoe,3
18801,Men,Brown,Summer,2011,Casual,Peter England Men Casual Brown Belt,9
26732,Women,Purple,Spring,2017,Casual,Reebok Women Reestyle Deo,154
12507,Men,Black,Winter,2018,Casual,Red Tape Men Casual Black Casual Shoes,3
31785,Women,Navy Blue,Summer,2012,Casual,Lee Women Katie Navy Blue Top,49
3150,Men,Black,Fall,2010,Sports,Nike Men's Lunarswift Black Shoe,26
17849,Women,Grey,Fall,2011,Casual,Flying Machine Women This & That Grey Tshirt,40
29548,Men,Navy Blue,Summer,2012,Casual,Classic Polo Men Printed Navy Blue T-shirt,40
42879,Women,Black,Summer,2012,Casual,French Connection Women Black Buffy Clutch,50
16395,Men,Black,Fall,2011,Casual,Levis Men Check Black Shirts,67
51452,Women,White,Summer,2012,Casual,Tonga Women White & Pink Top,49
6610,Men,White,Summer,2011,Casual,Spykar Men's Stinger Basket Ball Team White Blue Stripes T-shirt,40
47537,Women,Brown,Winter,2012,Casual,Portia Women Brown Flats,83
17247,Men,Blue,Fall,2011,Casual,U.S. Polo Assn. Men Stripes Blue Polo Tshirt,40
23072,Men,Navy Blue,Winter,2014,Formal,Arrow Men Navy Blue Solid Trousers,86
42045,Men,Yellow,Summer,2012,Casual,Nike Men Wardour Chukka Yellow Casual Shoes,3
3362,Men,Black,Summer,2011,Casual,Myntra Men's Creative designs Black T-shirt,40
12735,Unisex,Black,Fall,2011,Sports,Nike Unisex U Black Caps,93
54120,Women,Beige,Winter,2012,Casual,Rocia Women Beige Flats,83
30465,Women,Black,Summer,2014,Casual,Lovable Women All Day Long Black Bra,128
9658,Men,Maroon,Fall,2011,Casual,Indigo Nation Men Reversible Bling Maroon Shirt,67
43197,Women,Grey,Winter,2016,Casual,Fastrack Women Grey Dial Watch,70
38608,Men,Grey,Summer,2012,Casual,Nike Men Grey T-shirt,40
24257,Men,Navy Blue,Summer,2012,Casual,Numero Uno Men Navy Blue Casual Shoes,3
10062,Men,Grey,Fall,2011,Casual,Puma Men Puma runhard tee Grey Tshirts,40
56677,Men,White,Winter,2016,Casual,Maxima Men White Dial Watch,70
25385,Men,Navy Blue,Summer,2016,Casual,Levis Men Navy Blue Briefs,21
32332,Men,Steel,Winter,2016,Casual,Q&Q Men Steel Digital Watch,70
5095,Men,Blue,Summer,2011,Casual,Wrangler Men's Greensboro Raw Edge Blue T-shirt,40
37640,Women,Red,Summer,2012,Casual,Wills Lifestyle Women Red Clutch,50
4147,Women,White,Summer,2011,Sports,Nike Women Glide White Grey Shoe,26
36792,Men,Black,Winter,2016,Casual,Maxima Men Black Dial Attivo Watch,70
45260,Men,Black,Winter,2016,Casual,CASIO G-Shock Men Black Digital Watch DW-5600E-1VDF G001,70
15510,Men,Charcoal,Fall,2011,Casual,Rockport Men CV Toe HI Charcoal Casual Shoes,3
21725,Men,Navy Blue,Fall,2011,Casual,ADIDAS Men Navy Blue Sweatshirt,16
34038,Boys,Red,Summer,2012,Casual,Gini and Jony Boys Check Red Shirt,67
43956,Women,Purple,Summer,2012,Casual,Puma Women Purple Techno Sandals,114
28467,Women,Rust,Summer,2012,Casual,Urban Yoga Women Printed Rust T-shirt,40
16368,Men,Charcoal,Fall,2011,Formal,Peter England Men Stripes Charcoal Trouser,86
42884,Women,Beige,Summer,2012,Casual,French Connection Women Beige Clutch,50
55833,Women,Skin,Spring,2017,Casual,Colorbar Glamour Radiant Glow 001,117
46418,Men,Olive,Winter,2016,Casual,Timex Men Olive Green Dial Watch DV10,70
48582,Men,Steel,Summer,2012,Casual,Revv Men Steel Bracelet,152
30498,Women,Brown,Summer,2012,Casual,Lovable Women Fiona Brown Bra,128
8777,Men,Blue,Fall,2011,Casual,Indigo Nation Men Price catch Blue Shirts,67
19320,Unisex,Pink,Fall,2011,Casual,Nike Unisex Classic Turf Pink Backpack,64
25378,Men,Beige,Summer,2016,Casual,Levis Men Beige Innerwear T-shirt,13
4986,Men,Red,Summer,2011,Sports,ADIDAS Men Bayern Munchen Red Jersey,40
39727,Women,Blue,Summer,2012,Formal,Arrow Woman Blue Shirt,67
57758,Women,White,Spring,2017,NA,Lotus Herbals Jojobawash Face Wash,5
5854,Women,Pink,Summer,2011,Casual,ADIDAS Women Pink Handbag,119
11971,Men,White,Fall,2011,Sports,Fila Men Glow White Sports Shoes,26
5068,Men,Blue,Winter,2016,Casual,Being Human Men Grey Dial Blue Strap Watch,70
39515,Unisex,Brown,Summer,2012,Casual,Peter England Unisex Brown Laptop Bag,169
45893,Men,Black,Winter,2016,Casual,Maxima Ssteele Men Black Dial Watch,70
44941,Men,Black,Summer,2013,Formal,Franco Leone Men Formal Shoes,23
24098,Men,Black,Summer,2012,Casual,Red Tape Men Black Sandals,157
4388,Men,Green,Summer,2011,Casual,DC Comics Lantern Arrow All Over Green T-shirt,40
58522,Unisex,Rust,Summer,2015,Casual,Wildcraft Unisex Rust Orange Travel Pouch,96
28655,Men,White,Summer,2012,Sports,Nike Men Zoom Structure White Sports Shoes,26
2843,Men,Pink,Summer,2011,Casual,Mr.Men Men's Mr.Mischief Pink T-shirt,40
17088,Women,Brown,Winter,2015,Casual,Lino Perros Women Flower LT.Brown Wallet,170
3991,Men,White,Summer,2011,Casual,Mr.Men Men's Wave Rider White T-shirt,40
29787,Men,White,Summer,2013,Casual,Basics Men White T-shirt,40
9497,Men,Black,Summer,2011,Casual,Decathlon Men Arpenaz Black Sandals,157
13428,Men,White,Summer,2011,Casual,United Colors of Benetton Men Printed White Tshirts,40
19112,Men,Grey,Summer,2016,Casual,Campbell Men Pack of 3 Solid Tshirts,40
16966,Men,Black,Fall,2011,Sports,Reebok Men Sprintfit Lite Black Sports Shoe,26
49662,Women,Black,Winter,2016,Casual,United Colors of Benetton Women Sunglass,113
20860,Women,Black,Winter,2016,Casual,United Colors of Benetton Women Casual Sunglasses,113
32599,Women,Black,Summer,2012,Casual,ONLY Women Black Top,49
39171,Women,Pink,Summer,2012,Ethnic,Aneri Women Pink & White Kurta,87
36905,Men,Black,Winter,2016,Casual,Fossil Men Black Dial Watch ME1113,70
57932,Men,White,Summer,2012,Casual,French Connection Men White T-shirt,40
58146,Unisex,Black,Summer,2012,Casual,Puma Unisex Black Backpack,64
40985,Boys,White,Summer,2012,Casual,Gini and Jony Boys United White T-shirt,40
41857,Men,Olive,Summer,2012,Casual,Bata Men Hummer Grey Sandals,157
59094,Women,Black,Summer,2017,Casual,Peri Peri Women Black Bra,128
36139,Men,Black,Summer,2012,Sports,Nike Men The Overplay VII Black Sports Shoes,26
7169,Men,Blue,Fall,2011,Casual,Scullers Men Scul Navy Blue Shirt,67
28231,Men,Black,Spring,2017,Casual,Playboy Men Malibu Deo,154
13870,Men,Beige,Fall,2011,Casual,Scullers Men Stripes Beige Shirts,67
19576,Women,White,Summer,2011,Casual,United Colors of Benetton Women White Top,49
7955,Men,Grey,Fall,2011,Sports,Puma Men's Foundation Grey Polo T-shirt,40
8121,Men,Brown,Winter,2016,Casual,Fastrack Men Brown Belt,9
27279,Women,Blue,Fall,2011,Ethnic,Mother Earth Women Blue Kurta,87
6887,Women,Blue,Summer,2011,Casual,Forever New Women Indigo Wash Blue Jacket,145
31912,Women,Green,Summer,2012,Casual,Fabindia Women Green Sling Bag,119
49808,Women,Blue,Winter,2012,Casual,iPanema Women Blue Flip Flops,81
22539,Women,Brown,Winter,2012,Casual,Inc.5  Women Grey Flats,65
27877,Women,Navy Blue,Summer,2012,Casual,Scullers For Her Women Printed Navy Blue Shirt,67
6289,Men,Brown,Summer,2011,Casual,Classic Polo Classic Polo Swiss Brown Tee T-Shirt,40
28003,Men,White,Summer,2016,Casual,Jockey ZONE Men Zone White Brief US18,21
8313,Women,Black,Winter,2016,Casual,Fastrack Women Nylon Black Handbag,119
49034,Women,Silver,Summer,2012,Casual,Lucera Women Silver Ring,54
19744,Men,Green,Fall,2011,Casual,ADIDAS Originals Men Solid Green Jacket,145
26199,Men,Black,Spring,2017,Casual,Formula 1 Men Power Perfume,38
47992,Women,Black,Winter,2016,Casual,Helix Women Black Watch,70
18696,Men,Black,Summer,2016,Casual,Hanes Men Black Ultimate Duo Dry Cotton Stretch Bikini Briefs,21
2629,Women,Black,Fall,2010,Casual,Carlton London Women Four Strapped Black Sandal,83
14867,Men,Black,Summer,2011,Casual,United Colors of Benetton Men Solid Black Wallets,170
38291,Men,Black,Summer,2012,Casual,Reid & Taylor Men Black Wallet,170
11529,Men,Grey,Fall,2011,Casual,United Colors Of Benetton Men Heavy Winter Grey Sweaters,155
41259,Men,Brown,Summer,2012,Casual,Arrow Men Brown Leather Wallet,170
1890,Men,Red,Winter,2010,Casual,FIFA Mens Essentials Red T-shirt,40
15189,Men,Green,Fall,2011,Casual,Arrow Sport Men Solid Green Polo Tshirts,40
24408,Men,Black,Summer,2012,Sports,ADIDAS Men Black Vanquish Sports Shoes,26
20894,Men,Red,Fall,2011,Casual,Basics Men Red Casual Shoes,3
21946,Women,Black,Winter,2015,Casual,Murcia Women Casual Black Handbag,119
39185,Women,Khaki,Summer,2012,Ethnic,Aneri Women Khaki Kurta,87
56028,Women,Maroon,Spring,2017,Casual,Colorbar Soft Touch Spring Fling Lipstick 023,98
40971,Men,Brown,Winter,2012,Casual,Buckaroo Men Brown Casual Shoes,3
52488,Women,Red,Winter,2015,Casual,Red Rose Red Camisole,39
59060,Women,Red,Summer,2012,Ethnic,Global Desi Women Multi Coloured Kurta,87
4718,Girls,Yellow,Summer,2011,Casual,Disney Kids Girl's Summer Fun Fair Yellow Teen Kidswear,40
56814,Women,Multi,Summer,2012,Ethnic,Aneri Women Multi Coloured Kurti,115
12956,Men,Blue,Fall,2011,Sports,ADIDAS Men Sports Blue Sports Shoes,26
29317,Unisex,Blue,Summer,2012,Casual,ADIDAS Unisex Blue Backpack,64
17418,Men,Black,Winter,2016,Casual,CASIO ENTICER Men Black Analogue Watch BS112,70
47368,Women,Brown,Summer,2015,Casual,Baggit Brown Handbag,119
13884,Men,Black,Fall,2011,Casual,Scullers Men Check Black Shirts,67
19582,Men,Grey,Summer,2011,Casual,United Colors of Benetton Men Printed Grey TShirt,40
48320,Women,Silver,Winter,2012,Casual,Pitaraa Silver Omelette Thin Bracelet,152
9007,Women,Silver,Winter,2015,Casual,Murcia Women Silver Black Purse Silver Handbags,119
6873,Women,Black,Summer,2011,Casual,Forever New Women's Top Black Dress,166
18450,Women,White,Spring,2017,Casual,Ed Hardy Life Love & Luck by Christian Audigier for Women Perfume,38
29125,Women,White,Winter,2016,Casual,Vogue Women White Sunglasses,113
26951,Women,Teal,Summer,2012,Casual,Jealous 21 Women Printed Teal T-shirt,40
27883,Women,Pink,Summer,2012,Casual,Scullers For Her Women Pink Shirt,40
30834,Women,Blue,Summer,2012,Ethnic,Fabindia Women Blue Kurta,87
29919,Men,Black,Winter,2016,Casual,Police Men Black Dial Chronograph Watch PL12699JS-02,70
42428,Women,Brown,Summer,2012,Ethnic,Aurelia Women Brown & Orange Kurta,87
12358,Men,Cream,Fall,2011,Formal,Reid & Taylor Men Solid Cream Shirts,67
48112,Women,Brown,Summer,2012,Casual,Fossil Women Brown Belt,9
9235,Men,Blue,Fall,2011,Formal,Mark Taylor Men Plain Blue Shirts,67
14893,Women,Blue,Summer,2011,Casual,United Colors of Benetton Women Solid Blue Bags,96
15941,Men,Black,Fall,2011,Casual,Turtle Men Leather Black Belts,9
53768,Men,Blue,Summer,2012,Casual,Puma Men Blue T-shirt,40
21348,Men,Silver,Winter,2016,Casual,Pal Zileri Men Casual Metal Frame Sunglasses,113
59252,Men,White,Winter,2016,Casual,Titan Men White Dial Automatic Watch NB9365SL01,70
6619,Men,White,Summer,2011,Sports,ADIDAS Men's Boris White Shoe,26
54915,Men,Cream,Summer,2012,Casual,Do u speak Cream Men T-shirt,40
50589,Men,Navy Blue,Summer,2016,Casual,Chromozome Men Navy Blue Briefs,21
42870,Women,Purple,Summer,2012,Casual,French Connection Women Purple Handbag,119
18206,Men,Black,Fall,2011,Casual,Manchester United Men Solid Black Cap,93
54129,Women,Beige,Winter,2012,Casual,Rocia Women Beige Flats,65
23847,Men,White,Fall,2011,Sports,ADIDAS Men White Duramo 3 Sports Shoes,26
48576,Men,Steel,Summer,2012,Casual,Revv Men Steel Bracelet,152
9651,Men,Green,Fall,2011,Casual,Indigo Nation Men Checks Green Shirts,67
8783,Men,Red,Fall,2011,Casual,Indigo Nation Men Bling PC Red Shirt,67
4972,Men,Green,Summer,2011,Casual,Gini and Jony Boy's Kangaroo Green White Kidswear,67
38601,Men,Red,Summer,2012,Casual,Nike Men Printed Red T-shirt,40
45269,Men,Black,Summer,2017,Casual,CASIO Youth Series Digital Men Black Small Dial Digital Watch W-210-1CVDF I065,70
11985,Men,Black,Fall,2011,Sports,Fila Men Glow Black Sports Shoes,26
59636,Women,Sea Green,Fall,2012,Ethnic,FNF Sea Green Collection For Wedding Sari,20
15519,Men,Brown,Fall,2011,Casual,Rockport Men Jelba Brown Flip Flops,81
10857,Men,White,Fall,2011,Casual,Wrangler Men Rider Striper Polo White T-Shirts,40
10259,Men,Black,Fall,2011,Formal,John Miller Men Reglur Black Trousers,86
53902,Women,Brown,Summer,2012,Casual,Kiara Women Brown Handbag,119
38433,Women,Green,Summer,2012,Casual,Baggit Women Green Mobile Pouch,163
40529,Women,White,Winter,2016,Casual,Titan Women White Dial Watch,70
59404,Women,Blue,Fall,2012,Casual,Tokyo Talkies Women Blue Top,49
25982,Women,White,Spring,2017,Casual,J. DEL POZO Women In White Perfume 100 ml,38
44189,Women,Pink,Winter,2012,Casual,iPanema Women Pink Flip Flops,81
24850,Men,Brown,Summer,2012,Formal,Indigo Nation Men Formal Brown Belts,9
23249,Men,Black,Fall,2011,Formal,Arrow Men Formal Black Shoes,23
18808,Men,Navy Blue,Summer,2011,Casual,Peter England Men Casual Navy Blue Belt,9
51669,Men,Silver,Winter,2016,Casual,Louis Philippe Men Grey Sunglasses,113
3965,Women,White,Summer,2011,Casual,Jealous 21 Women White Sleeveless Top,49
29773,Men,Green,Summer,2012,Casual,Wrangler Men Green Striped Shirt,67
48744,Men,Steel,Summer,2015,Casual,Revv Men Steel Bangle,8
17840,Men,Red,Fall,2011,Sports,Nike Men Air Quick Handle Red Sports Shoe,26
9463,Men,White,Fall,2011,Formal,John Miller Men White Shirt,67
18034,Women,Beige,Winter,2015,Casual,Lino Perros Women Solid Beige Handbag,119
16992,Women,Black,Summer,2011,Casual,Puma Women Dizzy  Black Belt,9
3159,Men,White,Fall,2010,Sports,Nike Men's Air Max Moto White Blue Shoe,26
49696,Men,Blue,Summer,2012,Formal,Park Avenue Blue Patterned Tie,2
14858,Women,Red,Summer,2011,Casual,United Colors of Benetton Women Solid Red Wallets,170
33646,Men,Black,Summer,2012,Casual,Lotto Men Ridge Black Sandals,157
57303,Women,Brown,Winter,2012,Casual,Rocia Women Brown Wedges,65
11516,Women,Black,Winter,2015,Casual,Catwalk Women Lifestyle Black Heels,65
41266,Men,Brown,Summer,2012,Casual,Arrow Men Brown Wallet,170
20251,Men,Grey,Fall,2011,Casual,Wrangler Men Heavy Grey Tshirt,40
14064,Men,Red,Fall,2011,Casual,Flying Machine Men Pack of 2 Stripes Red Blue Tshirts,40
44714,Men,Maroon,Summer,2012,Casual,Lotto Men Maroon Juve Flip Flop,81
5433,Men,Red,Summer,2011,Casual,Nike Men's Speed Fury Red T-shirt,40
52671,Men,Navy Blue,Winter,2016,Casual,Morellato Men Navy Blue Watch,70
59299,Men,Blue,Fall,2012,Casual,U.S. Polo Assn. Men Striped Blue Shirt,67
49837,Women,Blue,Winter,2012,Casual,iPanema Women Blue Flip Flops,81
16733,Men,Black,Fall,2011,Casual,Lotto Men Earth Black Slipper,81
7364,Men,Brown,Winter,2018,Casual,Red Tape Men's Brown casual Shoe,3
34463,Unisex,Black,Summer,2012,Casual,ADIDAS Unisex Black Backpack,64
47191,Men,Black,Summer,2012,Formal,Franco Leone Men Black Formal Shoes,23
27848,Women,Navy Blue,Summer,2012,Casual,Scullers For Her Navy Blue T-shirt,40
31111,Boys,Black,Summer,2012,Casual,Gini and Jony Boys Solid Black Jeans,18
55454,Women,Burgundy,Spring,2017,Casual,Revlon Velvet Touch Royal Burgundy Lipstick 96,98
12393,Men,Black,Summer,2016,Formal,Reid & Taylor Men Solid Black Socks,75
13241,Men,White,Fall,2011,Casual,Palm Tree Kids Boys Solid White Jackets,145
54586,Women,Green,Summer,2012,Ethnic,Sushilas Women Printed Green Kurta,87
27074,Women,Blue,Winter,2015,Casual,Catwalk Women Blue Casual Flats,83
2616,Women,Gold,Fall,2010,Sports,Carlton London Women Gold Wedge Sandal,83
43531,Women,Off White,Summer,2012,Casual,French Connection Women Off White Top,49
46271,Women,Blue,Summer,2012,Casual,109F Blue A-Line Dress,166
35783,Women,Turquoise Blue,Summer,2012,Casual,Enroute Women Turquoise Blue Flats,65
7156,Men,Black,Fall,2011,Casual,Scullers Men Black Check Shirt,67
22734,Women,Grey,Fall,2011,Sports,Nike Women Grey Lunarglide +3 Sports Shoes,26
8922,Men,White,Fall,2011,Casual,Puma Men Cat  White Belt,9
16501,Men,Brown,Fall,2011,Casual,Locomotive Men Printed Brown TShirt,40
50314,Men,Brown,Summer,2012,Formal,Park Avenue Men Brown Tie,132
34651,Women,Black,Fall,2012,Sports,Fila Women Top Fuel Black Sports Shoes,26
6084,Men,White,Summer,2011,Casual,UCB Men's Johny Collar With Two Tone White T-shirt,40
19549,Men,Grey,Fall,2011,Casual,United Colors of Benetton Men Solid Grey Sweatshirt,16
49239,Men,White,Fall,2012,Casual,Arrow Men White Cap,93
31323,Women,White,Summer,2012,Ethnic,Aurelia Women Printed Red Kurta,87
43703,Women,Red,Summer,2012,Casual,Royal Diadem Red Earring & Pendant Set,142
13073,Men,White,Fall,2012,Casual,Numero Uno Men White Shoes,3
57131,Women,Teal,Summer,2012,Casual,Elle Women Teal Top,49
40186,Women,Black,Summer,2012,Ethnic,Mumbai Slang Women Pink & Black Kurti,115
58945,Women,White,Spring,2017,Casual,Taylor of London Women White Satin Perfume,38
33474,Women,Blue,Summer,2012,Casual,Baggit Women Chotu Dum Blue Belt,9
59897,Women,Yellow,Fall,2012,Casual,Femella Women Yellow Dress,166
11724,Women,Red,Fall,2011,Casual,Lee Women Check Red Shirts,67
5601,Men,Brown,Summer,2011,Casual,Nike Men's Splash Thong Yellow Black Flip Flop,81
20063,Women,Black,Fall,2011,Casual,United Colors Of Benetton Women Black Muffler,147
53591,Men,White,Winter,2016,Casual,Q&Q Men White Dial Watch,144
58179,Women,Blue,Summer,2012,Casual,Rocky S Women Blue Handbag,119
39972,Men,Grey,Summer,2013,Casual,GAS Men Grey Campus Casual Shoes,3
15384,Men,Black,Summer,2013,Casual,Filac Men Hawai Black Slippers,81
52443,Women,Green,Winter,2015,Casual,Red Rose White & Green Nightdress,7
41868,Men,Turquoise Blue,Summer,2015,Casual,Estd. 1977 Men Turquoise Blue Sandals,157
36106,Men,Black,Summer,2012,Casual,OTLS Men Laurel Black Wallet,170
23282,Men,Off White,Winter,2016,Casual,Maxima Men Off White Dial Watch,70
34235,Men,Cream,Summer,2013,Casual,Proline Men Cream-Coloured Polo T-Shirt,40
46615,Women,Red,Winter,2012,Casual,Catwalk Women Red Flats,65
19911,Unisex,Grey,Winter,2015,Casual,Wildcraft Unisex Grey Printed Messenger Bag,33
7532,Men,Blue,Summer,2011,Sports,Nike Men's Encourage Blue T-shirt,40
22350,Men,Blue,Fall,2011,Casual,John Players Men Check Blue Shirt,67
16165,Men,Tan,Fall,2011,Casual,Enroute Men Leather Brown Casual Shoes,3
2040,Men,White,Fall,2010,Casual,ADIDAS Mens Fire White Polo T-shirt,40
30695,Women,Bronze,Winter,2012,Casual,Catwalk Women Bronze toned Sandals,83
43367,Women,Black,Summer,2012,Casual,Reebok Women Black Casual Shoes,83
13417,Men,Blue,Summer,2011,Casual,United Colors of Benetton Men Solid Blue Shirts,67
27622,Men,Grey,Summer,2012,Casual,Scullers Men Grey Trousers,86
55202,Women,Pink,Spring,2017,Casual,Lakme Lip Love Hottie Lip Conditioner,32
3192,Men,Black,Summer,2011,Casual,Tantra Men's Prism Black T-shirt,40
16959,Women,Brown,Winter,2016,Casual,Image Women Classic Eyewear Brown Sunglasses,113
11340,Men,Blue,Summer,2017,Casual,Lee Men Blue Chicago Fit Jeans,18
25175,Women,Red,Winter,2015,Casual,Lino Perros Women Red and Grey Handbag,119
10292,Women,Brown,Summer,2015,Casual,Clarks Women Brown Leather Heels,65
57555,Women,Pink,Spring,2017,NA,Lotus Herbals SPF-10 Tulip Love Lipstick 417,98
52027,Unisex,Navy Blue,Summer,2012,NA,Just Natural Unisex Navy Blue Rain Jacket,35
36562,Men,White,Summer,2012,Casual,Jack & Jones Men Dino White T-shirt,40
25949,Women,Brown,Summer,2012,Casual,Femella Women Printed Brown Scarf,62
44142,Men,Green,Spring,2017,Casual,dunhill Men Fresh Perfume,38
5265,Unisex,Black,Winter,2015,Casual,Wildcraft Unisex Black & Red Messenger Bag,33
14632,Men,Green,Fall,2011,Casual,United Colors of Benetton Men Solid Green Mufflers,147
11172,Men,Red,Fall,2011,Casual,Scullers Men Stripes Red Sweaters,155
25347,Men,White,Summer,2016,Casual,Levi's Men White Brief,21
39718,Women,Beige,Summer,2012,Casual,Arrow Woman Beige Top,49
41602,Men,Navy Blue,Summer,2012,Casual,Basics Men Navy Shirt,67
33222,Women,Brown,Summer,2012,Casual,Sepia Women Brown Tunic,148
24295,Men,Black,Summer,2016,Casual,Quiksilver Men Black Socks,75
57767,Women,White,Spring,2017,NA,Lotus Herbals Whiteglow Yogurt Skin Whitening & Brightening Face Masque 80 g,42
36750,Girls,Navy Blue,Summer,2012,Casual,Little Miss Girls Chatterbox Navy Blue Dress,166
37682,Unisex,Black,Summer,2012,Casual,American Tourister Unisex Black Backpack,64
34007,Girls,Pink,Summer,2012,Casual,Gini and Jony Girls Pink Top,49
50542,Men,Red,Summer,2016,Casual,Chromozome Men Red Briefs,21
17285,Men,Black,Fall,2011,Casual,U.S. Polo Assn. Men Solid Black  polo Tshirt,40
43969,Women,Black,Spring,2017,Casual,DKNY Women Delicious Night Perfume,38
28458,Women,Blue,Summer,2012,Sports,Urban Yoga Women Blue Capris,61
22162,Men,Black,Summer,2011,Casual,Timberland Men Black Casual Shoes,3
16357,Men,Blue,Fall,2011,Formal,Peter England Men Stripes Blue Shirt,67
46427,Men,Black,Winter,2016,Casual,Timex Men Black Dial Watch,70
7700,Women,Pink,Fall,2011,Casual,Jealous 21 Women's All Girls Dying Jealousy Pink Top,49
27410,Women,Multi,Summer,2018,Casual,Jockey Women Assorted Lounge Pants,68
2272,Men,Blue,Fall,2010,Sports,Nike Mens Blue Polo T-shirt,40
43155,Women,Black,Winter,2016,Casual,Fastrack Women Black Dial Watch,70
42087,Men,White,Summer,2012,Sports,ADIDAS Men White Aztek Shoes,26
8748,Men,Orange,Fall,2011,Casual,Indigo Nation Men Plain Orange Shirts,67
55030,Women,Red,Spring,2017,Casual,Lakme Absolute Matte Milan Red Lipstick 48,98
17043,Men,Black,Summer,2013,Casual,Gas Men Skate 003 Casual Shoe,3
50784,Women,Cream,Fall,2013,Casual,Clarks Women Cream Coloured Onslow Beat Leather Wedges,65
2888,Women,Brown,Winter,2015,Casual,Catwalk Women Wedding Heeled Bronze Heels,65
23276,Men,Black,Winter,2016,Casual,Maxima Ssteele Men Black Watch,70
6414,Men,Grey,Summer,2011,Casual,Lotto Men's Thong Blue White Flip Flop,81
18837,Men,Brown,Summer,2011,Formal,Peter England Men Formal Brown Belt,9
35313,Women,Silver,Winter,2016,Ethnic,Fabindia Women Anusuya Silver Earrings,143
51656,Men,Black,Winter,2016,Casual,Fossil Men Black Dial Chronograph Watch CH2737,70
16191,Men,White,Fall,2011,Casual,Puma Men Graphic White TShirt,40
30661,Men,Black,Winter,2016,Casual,Park Avenue Men Black Sunglasses,113
43393,Men,Brown,Summer,2012,Casual,Lino Perros Men Brown Wallet,170
26704,Men,White,Fall,2011,Sports,Nike Men White T-Lite 9 SL Shoes,26
12531,Women,Pink,Fall,2011,Casual,Puma Women Solid Pink Sweatshirts,16
42241,Women,Purple,Summer,2012,Casual,Sepia Women Purple Top,49
56473,Women,Purple,Spring,2017,Casual,Streetwear Grape Shimmer Nail Polish 41,90
25181,Women,Brown,Winter,2015,Casual,Lino Perros Women Leatherite Brown Handbag,119
24053,Men,Charcoal,Fall,2011,Casual,Locomotive Men Printed Charcoal T-shirt,40
10266,Men,Brown,Fall,2011,Casual,Clarks Men Goto Hi Cola Suede Brown Shoes,3
40516,Men,White,Winter,2016,Casual,Titan Men White Dial Watch,70
15714,Men,Black,Fall,2011,Sports,Nike Men Free Run+ 2 Black Sports Shoes,26
21521,Women,Pink,Winter,2015,Casual,Kiara Women Rose Pink Handbag,119
4343,Men,Red,Summer,2011,Casual,Fila Men Leonard Red Shoes,3
5291,Men,Black,Summer,2011,Formal,Lee Cooper Men Black Semi Formal Shoe,23
53101,Women,Silver,Winter,2016,Casual,Fabindia Silver Drop Earrings,143
32304,Women,White,Winter,2016,Casual,Q&Q Women White Dial Watch,70
57793,Women,Skin,Spring,2017,NA,Lotus Herbals Natural Blend Botanical Compact 550,1
10054,Boys,Blue,Summer,2011,Sports,Reebok Kids Kkr Boy's Premium Blue Jerseys,40
4171,Men,White,Summer,2011,Sports,Reebok Men's Easytone Inspire White Shoe,26
45256,Men,Black,Winter,2016,Casual,Casio Edifice Men Analog Watch EF-130D-1A5VDF(ED419),70
59609,Women,Khaki,Fall,2012,Ethnic,FNF Khaki Collection for Wedding Sari,20
15526,Women,Brown,Fall,2011,Casual,Rockport Women Jeanie Oneband Brown Flats,65
21713,Men,Blue,Winter,2016,Casual,Fossil Men Blue Dial Chronograph Watch CH2752,70
44384,Women,White,Spring,2017,Casual,Spinz Women Enchante Deo,154
37676,Unisex,Black,Winter,2012,Casual,American Tourister Unisex Black Backpack,64
6626,Men,Blue,Summer,2011,Sports,ADIDAS Men's Canon Dialect Blue Yellow Shoe,26
47501,Unisex,Red,Fall,2012,Casual,Footfun Kids Unisex Red Shoes,3
17271,Men,Grey,Fall,2011,Casual,U.S. Polo Assn. Men Stripes DK.Grey Polo Tshirt,40
23044,Women,Brown,Fall,2011,Casual,Arrow Woman Brown Jeggings,161
22196,Men,Black,Fall,2012,Casual,Timberland Men Black Casual Shoes,3
51464,Women,Olive,Summer,2012,Casual,Tonga Women Olive Top,49
54116,Women,Maroon,Winter,2012,Casual,Rocia Women Maroon Sandals,65
30453,Men,White,Summer,2012,Casual,Deni Yo Men White Jeans,18
2286,Men,Black,Fall,2010,Sports,Nike Men Black Sweatshirt,16
23878,Women,Green,Summer,2012,Casual,Fila Women Sleeker Green Check Casual Shoes,3
48549,Women,Black,Summer,2012,Casual,Wrangler Women Black Belt,9
42073,Men,Black,Summer,2012,Casual,American Tourister Men Black Wallet,170
31581,Men,Blue,Summer,2012,Casual,Mark Taylor Men Printed Blue T-shirt,40
3354,Men,White,Summer,2011,Casual,Myntra Men's I Give 100 Percent Work White T-shirt,40
26536,Men,White,Summer,2012,Casual,ID Men White Shoes,3
12703,Women,White,Fall,2011,Sports,Nike Women Downshifter White Sports Shoes,26
24605,Women,Pink,Fall,2011,Ethnic,Vishudh Women Pink Churidar Kurta with Dupatta,109
10430,Men,Blue,Fall,2011,Casual,Flying Machine Men Ydc Blue Shirts,67
56225,Men,Black,Summer,2016,Casual,SDL by Sweet Dreams Men Black & Grey Pyjama Set,146
39388,Men,Black,Summer,2012,Casual,Peter England Men Black Jeans,18
14090,Men,Blue,Fall,2011,Casual,Flying Machine Men Stripes Blue Polo Tshirts,40
53757,Women,White,Summer,2012,Sports,Puma Women Speeder Wns Ind White Sports Shoes,26
37212,Men,Pink,Summer,2012,Casual,United Colors of Benetton Men Pink Shirt,67
4515,Men,White,Summer,2011,Sports,Puma Men's Tarun White Silver Red Shoe,26
45632,Men,Grey Melange,Summer,2016,Casual,Park Avenue Men Grey Melange Briefs,21
51000,Women,Maroon,Summer,2018,Casual,Enamor Maroon Bra FB06,128
7390,Men,Brown,Winter,2018,Formal,Red Tape Men Brown Shoes,23
35545,Girls,Brown,Summer,2012,Casual,Enroute Teens Brown Sandals,157
6242,Women,Purple,Summer,2011,Casual,Lee Women's Rihana Purple T-shirt,40
47165,Men,Black,Summer,2012,Casual,Peter England Men Black Belt,9
17615,Boys,White,Fall,2011,Casual,Doodle Boys living Upto White Tshirt,40
48911,Women,Silver,Summer,2013,Casual,Lucera Women Silver Pendant with Chain,129
29926,Men,Black,Winter,2016,Casual,Police Men Black Dial Watch PL12778MSU-61,70
42417,Unisex,Purple,Summer,2012,Casual,American Tourister Unisex Purple Messenger Bag,57
3730,Men,Yellow,Summer,2011,Sports,CSK Mens Fangear Yellow Jersey,40
26152,Men,Grey,Summer,2012,Formal,John Miller Men Striped Grey Trousers,86
12367,Men,White,Fall,2011,Formal,Reid & Taylor Men White Shirt,67
54572,Women,Pink,Summer,2012,Ethnic,Sushilas Women Multi Coloured Kurta,87
27080,Women,Silver,Winter,2015,Casual,Catwalk Women Silver Flats,65
30037,Men,Silver,Winter,2016,Casual,SKAGEN DENMARK Men Silver-Toned Dial Watch 233LSS,70
46285,Women,Multi,Summer,2012,Casual,109F Women Multi Coloured Dress,166
12969,Men,Blue,Fall,2011,Sports,ADIDAS Men Snova Glide Blue Sports Shoes,26
35777,Men,Black,Summer,2012,Sports,Force 10 Men Black & Green Sports Shoes,26
51232,Women,Green,Fall,2012,Ethnic,Satya Paul Women Green Printed Kaftan,87
17427,Men,White,Winter,2016,Casual,CASIO G-Shock Men White Analogue & Digital Watch G274,70
9804,Men,Black,Fall,2011,Formal,John Miller Men Black Checks Shirts,67
23612,Women,Pink,Spring,2017,Casual,Nike Fragrances Women Sensual Touch Perfume,38
6070,Women,Blue,Summer,2011,Casual,UCB Women's Young Pigment Blue T-shirt,40
47357,Women,Purple,Summer,2012,Casual,Baggit Women Purple Phulrani Brush Mobile Pouch,163
26360,Women,Grey,Summer,2012,Casual,Arrow Woman Grey T-shirt,40
12155,Women,Beige,Fall,2011,Ethnic,Aurelia Women Solid Beige Leggings,161
42625,Women,Silver,Winter,2016,Casual,Estelle Women Earrings,143
3502,Women,Black,Fall,2010,Sports,ADIDAS Women's Black T-shirt,40
30205,Women,Pink,Summer,2012,Casual,Nike Women Track Tote Pink Handbag,119
9038,Men,Brown,Winter,2011,Formal,Buckaroo Men Medina Brown Formal Shoes,23
54740,Men,Black,Spring,2012,Casual,Vans Men Black Era Shoes,3
13087,Unisex,Brown,Fall,2011,Casual,Timberland Unisex Casual Brown Casual Shoes,3
10602,Men,Red,Fall,2011,Sports,Nike Men Football Soccer Red Jerseys,40
40172,Men,Black,Winter,2016,Casual,Fastrack Men UV protected Sporty Wrap Sunglasses,113
33480,Women,Purple,Spring,2012,Casual,Baggit Women Purple Belt,9
59863,Women,Black,Spring,2017,Casual,Olay Women Total Effects Anti-Ageing Eye Cream,160
32552,Men,Black,Summer,2013,Casual,Playboy Men Black Shoes,3
21979,Women,Black,Winter,2015,Casual,Murcia Women Casual Black Clutch,50
56017,Women,Brown,Spring,2017,Casual,Colorbar Soft Touch Wood Heart Lipstick 039,98
20097,Women,White,Fall,2011,Ethnic,Diva Women Printed White Kurta,87
53565,Men,Black,Winter,2016,Casual,Q&Q Men Black Dial Watch,70
15370,Women,Pink,Fall,2011,Casual,Urban Yoga Women Solid Pink Sweatshirts,16
39986,Men,Navy Blue,Summer,2013,Casual,Gas Men Mila Navy Blue Shoes,3
21145,Women,Black,Fall,2011,Casual,s.Oliver Women Printed Black Shirt,67
4727,Boys,Blue,Summer,2011,Casual,Disney Kids Boy's Regatta Annual Blue Teen Kidswear,40
45400,Women,Maroon,Winter,2012,Casual,Rocia Women Maroon Sandals,83
38434,Women,Blue,Summer,2012,Casual,Baggit Women Blue Handbag,119
53905,Women,Beige,Summer,2012,Casual,Kiara Women Beige Handbag,119
1609,Women,Pink,Fall,2010,Sports,Reebok Women Boat-Neck Wildberry Sweatshirt,16
57599,Women,Burgundy,Spring,2017,Casual,Lotus Herbals Moistpetals Berry Punch Lipstick 121,98
25985,Women,Lavender,Spring,2017,Casual,J.Del Pozo Halloween Women Perfume,38
59403,Women,White,Fall,2012,Casual,Tokyo Talkies Women White T-shirt,40
21519,Women,White,Winter,2015,Casual,Kiara Women Glossy White Handbag,119
53139,Women,Blue,Winter,2015,Casual,Catwalk Women Blue & White Sandals,65
29774,Men,Purple,Summer,2012,Casual,Wrangler Men Purple Striped Shirt,67
3962,Women,Black,Summer,2011,Casual,Jealous 21 Women Black Shimmery Falling Neck Top,49
18033,Women,Brown,Winter,2015,Casual,Lino Perros Women Solid Brown Handbag,119
17847,Men,White,Summer,2012,Sports,Nike Men Air Impetus II White Sports Shoe,26
9464,Men,White,Fall,2011,Formal,John Miller Men  White Shirt,67
48743,Men,Steel,Summer,2012,Casual,Revv Men Steel Bangle,8
16995,Women,Black,Winter,2012,Casual,Rocia Women Casual Black Sandal,114
12509,Men,Brown,Winter,2018,Casual,Red Tape Men Casual Brown Casual Shoes,3
17249,Men,Blue,Fall,2011,Casual,U.S. Polo Assn. Men Printed Limoges Blue Tshirt,40
47539,Women,White,Winter,2012,Casual,Portia Women White Flats,83
29546,Men,Black,Summer,2012,Casual,Classic Polo Men Black T-shirt,40
42877,Women,Maroon,Summer,2012,Casual,French Connection Women Maroon Wallet,170
9656,Men,Maroon,Fall,2011,Casual,Indigo Nation Men Bling Technification Red Black Shirts,67
23840,Men,Brown,Fall,2011,Casual,ADIDAS Men Brown Shoes,3
43199,Men,Metallic,Winter,2016,Casual,Fastrack Men Gunmetal-Toned Dial Watch NA3015AL01,70
18201,Men,Olive,Fall,2011,Casual,Nike Men Casual Olive Jacket,145
35925,Women,Yellow,Summer,2012,Casual,Peperone Women Yellow Clutch,50
8784,Unisex,Brown,Winter,2016,Casual,Fastrack Unisex Brown Sunglasses,113
4975,Men,Red,Summer,2011,Casual,Gini and Jony Boy's Kent Pack of 3 Tee Kidswear,40
56679,Women,Brown,Winter,2012,Casual,Portia Women Brown Sandals,65
24259,Men,Navy Blue,Fall,2012,Casual,Numero Uno Men Navy Blue Shoes,3
38606,Men,White,Summer,2012,Casual,Nike Men Printed Boxed White T-shirt,40
59631,Women,Red,Fall,2012,Ethnic,FNF Red & Gold Collection for Wedding Sari,20
4149,Women,White,Summer,2011,Sports,Nike Women Free White Pink Shoe,26
10850,Men,Blue,Fall,2011,Casual,Wrangler Men Famous Filafil Blue T-Shirts,40
26956,Women,Black,Summer,2012,Casual,Jealous 21 Women Black Top,49
29122,Unisex,Black,Summer,2012,Casual,Puma Unisex Cat Logo Black Cap,93
51038,Women,Lavender,Summer,2017,Casual,Enamor Women Lupine Coloured Briefs,21
30833,Women,Beige,Summer,2012,Ethnic,Fabindia Women Beige Kurta,87
48929,Women,Silver,Fall,2012,Casual,Lucera Women Silver Ring,54
27884,Women,Blue,Summer,2012,Formal,Scullers For Her Blue Shirt,67
55498,Women,Pink,Spring,2017,Casual,Revlon ColorBurst Strawberry Lip Gloss 06,59
3708,Men,Navy Blue,Summer,2011,Casual,Classic Polo Men's Navy Grey Stripe T-shirt,40
48115,Women,Black,Summer,2012,Casual,Fossil Women Black Midnight  Belt,9
18665,Men,White,Summer,2013,Casual,Fila Men Syncro White Shoes,3
47961,Women,Grey,Summer,2012,Casual,French Connection Women Grey Clutch,50
10408,Women,Black,Fall,2011,Casual,United Colors of Benetton Women Solid Black Tops,49
14894,Women,Black,Summer,2011,Casual,United Colors of Benetton Women Solid Black Bags,96
15946,Men,Black,Fall,2011,Formal,Turtle Men Solid Black Ties,132
1863,Men,Black,Summer,2011,Casual,Inkfruit Men Night Wolf T-shirt,40
59255,Men,Black,Winter,2016,Casual,Titan Men Black Watch,70
20893,Men,Black,Fall,2011,Casual,Basics Men Black Casual Shoes,3
58989,Men,White,Spring,2017,Casual,Cavallini Men Deo,154
38050,Men,Black,Winter,2016,Casual,Q&Q Men Black Digital Watch M119J003Y,70
39182,Women,Magenta,Summer,2012,Ethnic,Aneri Women Magenta & Black Kurta,87
41098,Women,Cream,Summer,2012,Casual,Allen Solly Woman Cream Top,49
21941,Women,Black,Winter,2015,Casual,Murcia Women Casual Black Handbag,119
56813,Women,Multi,Summer,2012,Ethnic,Aneri Women Multi Coloured Kurti,115
59067,Women,Black,Summer,2017,Casual,Peri Peri Women Black Bra,128
15348,Men,Black,Fall,2011,Casual,Nike Men Special Edition 3 Star Polo Black Tshirts,40
12951,Men,Blue,Fall,2011,Casual,Basics Men Blue Slim Fit Checked Shirt,67
6048,Men,Black,Summer,2011,Casual,UCB Men Ben Logo Black Shirt,67
13883,Men,Purple,Fall,2011,Casual,Scullers Men Check Purple Shirts,67
19585,Women,Blue,Summer,2011,Casual,United Colors of Benetton Women Solid Blue Top,49
6874,Women,Pink,Summer,2011,Casual,Forever New Women Pink Sleeveless Dress,166
18457,Men,White,Spring,2017,Casual,Nautica Blue Men Perfumes,38
9000,Men,Brown,Fall,2011,Casual,Puma Men Archive Boot WTR Brown Casual Shoes,3
48327,Women,Green,Summer,2012,Casual,Pitaraa Women Green Sling Bag,119
35589,Men,Olive,Fall,2012,Casual,Gliders Men Yellow Sandals,157
31915,Women,Green,Summer,2012,Casual,Fabindia Women Green Silk Clutch,50
28004,Men,Black,Summer,2016,Casual,Jockey ZONE Men Black Modern Trunks US19,106
27870,Women,White,Fall,2012,Smart Casual,Scullers For Her Women White Striped Shirt,67
19743,Women,Blue,Fall,2011,Casual,United colors of benetton Women Blue Cap,93
49033,Women,Silver,Summer,2012,Casual,Lucera Women Silver Ring,54
8314,Men,Blue,Summer,2011,Casual,Locomotive Men Check Lafayette Blue Shirts,67
31129,Girls,Magenta,Summer,2012,Casual,Giny and Jony Girls Printed White & Pink Dress,166
43509,Women,Grey Melange,Summer,2012,Casual,French Connection Women Grey Melange Dress,166
18691,Men,Black,Summer,2016,Casual,Hanes Men Black Modern Duo Dry Cotton Stretch Trunks,106
47995,Men,Black,Winter,2016,Casual,Helix Men Black Watch,70
38296,Men,Brown,Summer,2012,Casual,Reid & Taylor Men Brown Wallet,170
14860,Women,Charcoal,Summer,2011,Casual,United Colors of Benetton Women Solid Grey Charcoal Wallets,170
39344,Men,Green,Fall,2012,Casual,Mr. Men Green T-shirt,40
1897,Men,Blue,Winter,2010,Sports,FIFA Men Germany Blue Jersey,40
52649,Women,Orange,Summer,2012,Casual,Mod'acc Women Orange Handbag,119
57109,Women,Blue,Summer,2012,Casual,Elle Women Blue Tunic,148
36902,Men,Silver,Winter,2016,Casual,Fossil Men Silver-Toned Dial Chronograph Watch FS4643,70
25529,Men,White,Summer,2012,Casual,Wrangler Men Griffith White Shirt,67
39176,Women,Purple,Summer,2012,Ethnic,Aneri Women Purple Kurta,87
40982,Boys,White,Summer,2012,Casual,Gini and Jony Boys Core White T-shirt,40
58141,Women,Silver,Fall,2012,Casual,Rreverie Silver Earrings,143
57935,Men,Black,Spring,2012,Casual,Clarks Men Black Leather Closed Sandals,157
59093,Women,White,Summer,2017,Casual,Peri Peri Women White Bra,128
41850,Men,Black,Winter,2015,Casual,Genesis Men Pack of 3 Socks,75
21189,Unisex,Blue,Summer,2012,Casual,Quiksilver Unisex Blue Backpack,64
16539,Men,White,Fall,2011,Casual,Basics Men White Slim Fit Striped Shirt,67
46249,Women,Pink,Summer,2012,Ethnic,Fusion Beats Women Dark Pink Tunic,148
13877,Men,Maroon,Fall,2011,Casual,Scullers Men Solid Maroon Shirts,67
28236,Women,Pink,Spring,2017,Casual,Secret Temptation Women Mystery Deo,154
8126,Men,Brown,Winter,2016,Casual,Fastrack Men Non Leather Brown Belts,9
19571,Men,Black,Summer,2011,Casual,United Colors of Benetton Men Printed Black TShirt,40
12199,Men,Blue,Summer,2015,Casual,Basics Men Blue Polo T-shirt,40
7952,Men,Black,Fall,2011,Sports,Puma Men's Knit Polo Black  Polo T-shirt,40
6880,Women,Black,Summer,2011,Casual,Forever New Women Long Black Jacket,145
11378,Men,White,Fall,2011,Formal,United Colors of Benetton Men Summer White Shirts,67
45894,Men,Black,Winter,2016,Casual,Maxima Men Black Dial Watch,144
39512,Unisex,Black,Summer,2012,Casual,Peter England Unisex Black Backpack,64
52823,Women,Green,Summer,2012,Casual,Adrika Green Earrings,143
41408,Women,Red,Summer,2012,Casual,Wrangler Women Red Stay Gold Tee Top,49
33028,Women,Blue,Summer,2012,Ethnic,Mother Earth Women Printed Blue Kurta,87
25971,Women,Black,Summer,2012,Casual,Femella Women Black Dress,166
58525,Unisex,Green,Summer,2010,Casual,Wildcraft Unisex Green Chalk Bag,96
37488,Women,Silver,Winter,2016,Casual,Esprit Women Silver Dial Watch,70
2844,Men,Navy Blue,Summer,2011,Casual,Mr.Men Men's Mr.Busy Navy T-shirt,40
50748,Men,Brown,Winter,2018,Casual,Red Chief Men Brown Shoes,3
28652,Men,Black,Summer,2012,Sports,Nike Men Tiempo Natural IV Black Sports Shoes,26
29780,Men,Black,Summer,2013,Casual,Basics Men Black Trousers,86
22368,Men,Peach,Fall,2011,Casual,Ed Hardy Men Diving Dragon Peach T-Shirt,40
3996,Men,Black,Summer,2011,Casual,Spalding Men Black Flip Flops,81
19929,Men,Blue,Fall,2011,Formal,Reid & Taylor Men Formal Blue Tie+Cufflink+Pocket square - Combo Pack,156
2078,Women,Black,Fall,2010,Sports,ADIDAS Women Fitted Black T-shirt,40
9490,Unisex,Black,Fall,2011,Casual,Puma Unisex Deck Black Backpacks,64
49665,Men,Black,Winter,2016,Casual,United Colors of Benetton Men Sunglass,113
8542,Women,Black,Fall,2011,Casual,Crocs Women Abf Single Flip Slippers,81
16961,Men,Black,Winter,2016,Casual,Image Men Sunglasses,113
19115,Men,White,Summer,2016,Casual,Campbell Men Pack of 3 Solid Tshirts,40
28460,Women,Pink,Summer,2012,Sports,Urban Yoga Women Pink Shorts,47
23088,Men,Grey,Fall,2011,Casual,Arrow Sport Men Dk.Grey Brown Trousers,86
43951,Women,Bronze,Winter,2012,Casual,Catwalk Women Bronze Heels,65
55834,Women,Skin,Spring,2017,Casual,Colorbar Miss Reflective Body Shimmer 001,34
42883,Women,Black,Summer,2012,Casual,French Connection Women Black Sling Bag,119
48585,Women,Silver,Summer,2013,Casual,Lucera Women Silver Bracelet,152
34803,Men,Green,Summer,2012,Casual,Flying Machine Men Woven Green Belt,9
27428,Women,Black,Fall,2015,Casual,Jockey Women Black V-neck T-Shirt,40
55008,Women,Maroon,Spring,2017,NA,Lakme Sheer Satin Lip Gloss 41,59
19327,Men,Navy Blue,Fall,2011,Casual,Myntra Men Solid Blue Sweatshirt,16
3398,Women,Black,Winter,2015,Casual,Murcia Women Black Handbag,119
39720,Women,Olive,Summer,2012,Casual,Arrow Woman Olive Jumpsuit,78
10098,Men,White,Winter,2016,Casual,Fastrack Men Analogue Plastic White Watch,70
5853,Women,Blue,Summer,2011,Casual,ADIDAS Women Blue Handbag,119
11976,Men,Black,Summer,2013,Casual,Fila Men Paramount Plus Black Shoes,3
36768,Men,Gold,Winter,2016,Formal,Maxima Men Gold Dial Watch,70
44348,Men,Brown,Summer,2012,Casual,Indian Terrain Men Brown Check Shirt,67
14438,Women,Yellow,Summer,2012,Casual,Enroute Women Casual Yellow Heels,65
46282,Women,Yellow,Summer,2012,Casual,109F Women Yellow Tunic,148
47350,Women,Green,Summer,2012,Casual,Baggit Women Green Bag,119
23615,Women,Red,Spring,2017,Casual,Nike Fragrances Women Basic Perfume,38
17420,Men,Black,Winter,2016,Casual,Casio Enticer Men Black Dial Analogue Watch A479,70
9803,Women,Navy Blue,Fall,2011,Casual,Scullers For Her Women Scullers Top Navy Blue Tops,148
3505,Women,White,Fall,2010,Casual,ADIDAS Women Adi Light White Fresh Shoe,3
42622,Women,Gold,Winter,2016,Casual,Estelle Women Earrings,143
12152,Women,Purple,Fall,2011,Ethnic,Aurelia Women Printed Purple Kurti,115
26367,Women,Lavender,Summer,2012,NA,Arrow Woman Lavender Shirt,67
18468,Women,White,Spring,2017,Casual,Reebok Reelive Women Perfumes,38
13080,Men,Black,Summer,2013,Casual,Numero Uno Men Black Casual Shoes,3
48318,Women,Silver,Winter,2012,Casual,Pitaraa Silver Omelette Thin Bracelet,152
30202,Unisex,Navy Blue,Summer,2012,Casual,Nike Unisex Classic Turf Navy Blue Backpack,64
33487,Men,Red,Summer,2012,Casual,Doodle Kids Boy Check Red Shirt,67
40175,Men,Grey,Winter,2016,Casual,Fastrack Men Revo Coated Sporty Wrap Sunglasses,113
10605,Women,Pink,Winter,2016,Casual,Esprit Women Houston Funny Pink Watches,70
56010,Women,Red,Summer,2019,Casual,Colorbar Velvet Matte Hot Hot Hot Red Lipstick 01R,98
32555,Men,White,Summer,2013,Casual,Playboy Men White Shoes,3
53562,Unisex,Blue,Winter,2016,Casual,Q&Q Unisex Blue Dial Watch,70
40949,Boys,White,Summer,2012,Casual,Gini and Jony Boys Around the World White T-shirt,40
45407,Women,Brown,Summer,2012,Casual,Rocia Women Brown Sandals,83
4720,Girls,Yellow,Summer,2011,Casual,Disney Kids Girl's Fun In The Fair Yellow Teen Kidswear,40
21142,Women,Grey,Fall,2011,Casual,s.Oliver Women Grey Top,49
39981,Men,Grey,Summer,2013,Casual,Gas Men Jack Grey Shoes,3
59058,Women,Black,Summer,2010,Ethnic,Global Desi Women Black Kurti,115
15377,Men,Navy Blue,Summer,2012,Casual,Fila Men Lobato Navy Blue Casual Shoes,3
10437,Men,Green,Fall,2011,Casual,Flying Machine Men HS Green Shirts,67
24602,Women,Blue,Fall,2011,Ethnic,BIba Women Blue Printed Kurta,87
32767,Men,White,Summer,2012,Formal,John Miller Men Striped White Shirt,67
56222,Men,Blue,Summer,2016,Casual,SDL by Sweet Dreams Men Blue & Grey Pyjama Set,146
37215,Men,Grey,Summer,2012,Casual,United Colors of Benetton Men Grey Shirt,67
14097,Men,Blue,Fall,2011,Casual,Flying Machine Men Blue Polo Tshirts,40
53750,Women,Grey,Summer,2012,Casual,ADIDAS Women Dark Grey Track Pant,12
52682,Men,Silver,Winter,2016,Casual,Morellato Men Silver Dial Watch,70
15145,Men,Navy Blue,Fall,2011,Casual,Arrow Sport Men Printed Navy Blue Shirts,67
45635,Men,White,Summer,2016,Casual,Park Avenue Men White Briefs FB003,21
4512,Women,Grey,Summer,2011,Sports,Lotto Women Osaka Grey Violet Shoe,26
7397,Men,Black,Winter,2018,Formal,Red Tape Men's Black Formal Shoe,23
35542,Girls,Pink,Summer,2012,Casual,Enroute Kids Girls Pink Sandals,157
26969,Women,White,Summer,2012,Casual,Jealous 21 Women Printed White & Blue Top,49
51007,Women,Black,Summer,2017,Casual,Enamor Black Full Figure Bra,128
48916,Women,Silver,Summer,2013,Casual,Lucera Women Silver Pendant,129
17612,Girls,Grey,Fall,2011,Casual,Doodle Cute Girls  Grey Tshirt,40
47162,Men,Brown,Summer,2012,Casual,Peter England Men Brown Belt,9
6245,Men,Grey,Summer,2011,Casual,UCB Men's Contrast Logo Grey T-shirt,40
19788,Men,Green,Winter,2016,Casual,U.S. Polo Assn. Men Solid Green Tshirt,40
12360,Men,Black,Fall,2011,Formal,Reid & Taylor Men Solid Black Shirts,67
26155,Men,Grey,Summer,2012,Formal,John Miller Men Striped Grey Trousers,86
3737,Unisex,Purple,Fall,2010,Sports,Lotto Unisex Kochi Tuskers Sovenior Purple Orange Cap,93
42410,Men,White,Summer,2016,Casual,Basics Men White Hip Brief,21
29921,Men,Black,Winter,2016,Casual,Police Men Black Dial Chronograph Watch PL12777JS-02M,70
27087,Women,Black,Summer,2012,Ethnic,Aneri Women Egyptian Black Kurta,87
54575,Women,Maroon,Summer,2012,Ethnic,Sushilas Women Printed Maroon Kurta,87
32303,Men,Black,Winter,2016,Casual,Q&Q Men Black Dial Watch,70
56646,Women,White,Fall,2012,Ethnic,Mumbai Slang Women White Kurti,115
5898,Men,Blue,Summer,2011,Casual,Puma Men Tekkies Jam Blue Shoe,3
57794,Women,Maroon,Spring,2017,Casual,Lotus Herbals Pomegranate & Plum Energizing Skin Polisher,5
10053,Women,Pink,Summer,2011,Casual,Gini And Jony Vini Romper Pink T-Shirts,40
24266,Men,Red,Summer,2012,Casual,Quiksilver Men Red T-shirt,40
38639,Men,Blue,Summer,2012,Casual,Nike Men Blue Cricket Blue Polo Tshirt,40
15521,Men,Black,Fall,2011,Casual,Rockport Men Jelbalp Black Flip Flops,81
45251,Men,Black,Winter,2016,Casual,Casio Youth Series Men Digital Watch W-734-1AVDF(D090),70
37671,Unisex,Black,Summer,2012,Casual,American Tourister Unisex Black Backpack,64
44383,Women,Pink,Spring,2017,Casual,Spinz Women Exotic Deo,154
23043,Women,Blue,Fall,2011,Casual,Arrow Woman Blue Jeggings,161
17276,Men,Mustard,Fall,2011,Casual,U.S. Polo Assn. Men Printed Mustard Tshirt,40
47506,Men,Blue,Summer,2016,Casual,Facit Men Blue Innerwear Vest,13
6621,Men,Black,Summer,2011,Sports,ADIDAS Men's Boris Black Shoe,26
51463,Women,Black,Summer,2012,Casual,Tonga Women Black Top,49
42848,Women,Brown,Summer,2012,Casual,French Connection Women Brown Wallet,170
22191,Men,Brown,Fall,2012,Casual,Timberland Men Light Brown Casual Shoes,3
9669,Men,Blue,Fall,2011,Casual,Indigo Nation Men Checks Blue Shirts,67
54111,Women,Copper,Winter,2012,Casual,Rocia Women Copper Flats,65
12704,Men,Grey,Fall,2011,Sports,Nike Men Air Relentness Grey Sports Shoes,26
26531,Men,Olive,Summer,2013,Casual,Gas Men Arunta Olive Casual Shoes,3
31586,Men,Yellow,Summer,2012,Casual,Mark Taylor Men Printed Yellow T-shirt,40
3353,Men,Blue,Summer,2011,Casual,Myntra Men's I am a nice guy Navy Blue T-shirt,40
42074,Men,Black,Summer,2012,Casual,American Tourister Men Black Coin Passcase Wallet,170
47734,Women,Grey,Fall,2012,Casual,Murcia Women Grey Handbag,119
6413,Unisex,Pink,Summer,2011,Casual,Lotto Unisex Canvas Pink Shoe,3
18830,Men,Black,Summer,2011,Formal,Peter England Men Formal Black Belt,9
28699,Women,Pink,Summer,2012,Ethnic,W Women Printed  Light Pink Kurta,87
23271,Men,White,Winter,2016,Casual,Maxima Ssteele Men White Watch,70
17044,Men,Brown,Summer,2013,Casual,Gas Men Aventura Sandal,157
50783,Women,Black,Winter,2015,Casual,Clarks Women Black Onslow Beat Leather Wedges,65
51651,Men,Grey,Winter,2016,Casual,Fossil Men Grey Dial Chronograph Watch FS4584,70
16196,Men,Red,Fall,2011,Sports,Puma Men Heroes Red Jackets,145
35314,Women,Silver,Winter,2016,Ethnic,Fabindia Women Anusuya Silver Earrings,143
43394,Men,Brown,Summer,2012,Casual,Lino Perros Men Brown Wallet,170
17878,Men,Maroon,Summer,2016,Casual,Levis Men Comfort Style Maroon Innerwear Vest,13
30666,Men,Black,Winter,2016,Casual,Park Avenue Men Black Sunglasses,113
3161,Men,White,Summer,2011,Sports,Nike Men's Air Citius MSL White Grey Shoe,26
8589,Men,Blue,Fall,2011,Casual,Scullers Men Scul Blue Shirts,67
12536,Women,Black,Fall,2011,Casual,Puma Women Solid Black Sweatshirts,16
26703,Men,White,Fall,2011,Sports,Nike Men White Court Shuttle Shoes,26
25186,Women,Brown,Winter,2015,Casual,Lino Perros Women Leatherette Brown Handbag,119
56474,Women,Red,Spring,2017,NA,Streetwear Fiery Femme Nail Polish # 18,90
1636,Men,White,Fall,2010,Sports,Nike Men Air Zoom Century Shoes,26
40511,Men,White,Winter,2016,Casual,Titan Men White Dial Watch,70
10261,Men,Brown,Fall,2011,Formal,John Miller Men Slim Brown Trousers,86
24054,Men,Blue,Fall,2011,Casual,Locomotive Men Printed Blue T-shirt,40
4344,Men,White,Summer,2011,Sports,Fila Men's Abascuss White Blue Shoe,26
21526,Women,Red,Winter,2015,Casual,Kiara Women Glossy Red Handbag,119
15713,Men,Black,Fall,2011,Sports,Nike Men Air Relentless Black Sports Shoes,26
53106,Women,Silver,Winter,2016,Casual,Fabindia Silver Earrings,143
5296,Men,Black,Summer,2011,Casual,Puma Men Black Floater,157
24868,Men,Black,Summer,2012,Casual,Reid & Taylor Men Casual Black Wallet,170
41605,Men,Grey,Fall,2012,Casual,Basics Men Grey Shirt,67
25340,Men,Beige,Summer,2016,Casual,Levis Men Beige Boxer Trunks,106
11175,Men,White,Fall,2011,Casual,Scullers Men Stripes White Sweaters,155
57760,Women,White,Spring,2017,NA,Lotus Herbals Tea Tree Face Wash,5
24292,Men,Black,Summer,2016,Casual,Quiksilver Men High Black Socks,75
33225,Women,Pink,Summer,2012,Casual,Sepia Women Pink Dress,166
11949,Men,Brown,Fall,2012,Casual,Ganuchi Men Casual Brown Casual Shoes,3
36757,Women,Black,Winter,2016,Casual,Maxima Women Black Watch,70
37685,Unisex,Black,Summer,2012,Casual,American Tourister Unisex Black Backpack,64
5050,Men,Black,Summer,2011,Casual,Fila Men's Passion Black red Canvas Shoe,3
44377,Men,Grey,Spring,2017,Casual,Jovan Men White Musk Deo,154
58728,Women,Pink,Summer,2012,Casual,Puma Women Pink T-shirt,40
50545,Men,Black,Summer,2016,Casual,Chromozome Men Pack of Two Briefs,21
17282,Men,Black,Fall,2011,Casual,U.S. Polo Assn. Men Printed Black Tshirt,40
34000,Women,Black,Summer,2012,Casual,Femella Women Black Top,49
7707,Women,Black,Fall,2011,Casual,Jealous 21 Women's Abbie Black Jegging,18
46420,Men,Cream,Winter,2016,Casual,Timex Men Cream Dial Chronograph Watch,70
16350,Men,Cream,Fall,2011,Formal,Peter England Men Stripes Cream Shirt,67
51497,Women,Navy Blue,Summer,2012,Casual,Denizen Women Navy Blue Jeans,18
22165,Men,Brown,Fall,2012,Casual,Timberland Men Brown Casual Shoes,3
43152,Men,Black,Winter,2016,Casual,Fastrack Men Black Watch,70
2275,Men,White,Fall,2010,Sports,Nike Mens Challenger Graphic White T-shirt,40
27417,Women,Blue,Winter,2015,Casual,Jockey Women Blue Relaxed Capris,61
55037,Women,Brown,Spring,2017,Casual,Lakme Absolute Matte Bitter Chocolate Lipstick 53,98
19318,Unisex,Blue,Fall,2011,Casual,Nike Unisex Classic Base Blue Backpack,64
49468,Men,Red,Summer,2012,Casual,Vans Men Red Old Skool Shoes,3
42080,Men,Black,Summer,2012,Casual,American Tourister Men Black Travel Wallet,170
22959,Men,White,Summer,2012,Sports,Reebok Men White Fusion Sports Shoes,26
34232,Men,Grey,Summer,2013,Casual,Proline Men Grey T-shirt,40
23285,Men,White,Winter,2016,Casual,Maxima Men White Watch,70
50777,Men,Brown,Summer,2013,Formal,Clarks Men Dino Limit Brown Formal Shoes,23
16162,Men,Black,Fall,2011,Casual,Enroute Men Leather Black Sandals,157
22357,Men,Black,Fall,2011,Casual,John Players Men Solid Black Shirt,67
19916,Unisex,Black,Winter,2015,Casual,Wildcraft Unisex Black & Grey Printed Laptop Backpack,64
7535,Men,Blue,Summer,2011,Sports,Nike Men's Blue Polo T-shirt,40
46612,Women,Brown,Winter,2012,Casual,Catwalk Women Brown Wedges,65
27625,Men,Grey,Summer,2012,Casual,Scullers Men Grey Shorts,47
13410,Men,Blue,Summer,2011,Casual,United Colors of Benetton Men Solid Blue Shirts,67
48788,Women,Silver,Summer,2015,Casual,Lucera Women Silver Pendant,129
43360,Men,White,Summer,2012,Sports,Reebok Men White Ultimate Vibe Sports Shoes,26
2047,Men,Navy Blue,Fall,2010,Sports,ADIDAS Men's Navy Blue T-shirt,40
30692,Women,Brown,Winter,2015,Casual,Catwalk Women Brown Heels,65
55205,Women,Brown,Spring,2017,Casual,Lakme Lip Love Dark Desire Lipstick B122A,98
25172,Women,Brown,Winter,2015,Casual,Lino Perros Women Leatherite Brown Handbag,119
56480,Women,Brown,Spring,2017,Casual,Streetwear Chocolat Nail Polish 20,90
11347,Men,Blue,Summer,2017,Casual,Lee Men Elvira Rinse Blue Chicago Fit Jeans,18
41437,Men,White,Fall,2012,Sports,Lee Cooper Men White Sports Shoes,26
33017,Women,Green,Summer,2012,Ethnic,Mother Earth Women Striped Green Kurta,87
10295,Men,Brown,Summer,2016,Casual,Clarks Men Brown Leather Casual Shoes,3
57552,Women,Copper,Spring,2017,Casual,Lotus Herbals Floralstay Copper Toast Lip Color 424,98
44979,Men,Silver,Winter,2016,Casual,Maxima Attivo Men Steel-Toned Dial Watch 15933LMGB,70
45097,Women,Pink,Winter,2015,Casual,Bwitch Pink Ruby Bra,128
36565,Women,Red,Spring,2017,Casual,United Colors of Benetton Women Deo,154
14635,Men,Black,Summer,2011,Casual,United Colors of Benetton Men Solid Black Mufflers,147
5262,Unisex,Blue,Winter,2015,Casual,Wildcraft Unisex Blue & Grey Printed Backpack,64
8925,Men,Black,Summer,2012,Casual,Puma Men High Shine Black Belt,9
16506,Men,Blue,Fall,2011,Casual,Locomotive Men Washed Blue Jeans,18
22733,Men,Grey,Fall,2011,Casual,Nike Men Dunk High Grey Casual Shoes,3
35784,Women,Black,Summer,2012,Casual,Enroute Women Black Shoes,83
7151,Women,Black,Fall,2011,Casual,Scullers For Her Women Rivited Check Black Shirts,67
46276,Women,Cream,Summer,2012,Casual,109F Women Cream Printed Top,49
13848,Men,Blue,Fall,2011,Casual,United Colors of Benetton Men Solid Blue Polo Tshirts,40
6083,Women,Pink,Summer,2011,Casual,UCB Women's Halftone Print Pink T-shirt,40
28209,Men,Black,Winter,2016,Casual,Ray-Ban Men High Street Black Sunglasses,113
50313,Men,Brown,Summer,2012,Formal,Park Avenue Men Brown Tie,132
8119,Men,Grey,Winter,2016,Casual,Fastrack Men Canvas Red Stitches Grey Belts,9
31324,Women,Blue,Summer,2012,Ethnic,Aurelia Women Printed Blue Kurta,87
13074,Men,Brown,Fall,2011,Casual,Numero Uno Men Brown Casual Shoes,3
43704,Women,Green,Summer,2012,Casual,Royal Diadem Green Earring & Pendant Set,142
33473,Women,Brown,Summer,2012,Casual,Baggit Women Choti Jhuti Brown Belt,9
58942,Women,Silver,Winter,2016,Casual,Tommy Hilfiger Women Silver-Toned Dial  Watch TH1780453-D,70
20858,Women,Olive,Winter,2016,Casual,United Colors of Benetton Women Casual Olive Sunglasses,113
40181,Men,Grey,Winter,2016,Casual,Fastrack Men Revo Coated Sporty Wrap Sunglasses,113
57136,Women,Black,Summer,2012,Casual,Elle Women Black Trousers,86
25516,Boys,Red,Fall,2011,Casual,Doodle Kids Boys Airfeild Red T-Shirt,40
39149,Women,Red,Summer,2012,Ethnic,Aneri Women Red Kurtas,87
59890,Women,Multi,Fall,2012,Casual,Femella Women Multi Coloured Tunic,148
53596,Men,Navy Blue,Winter,2016,Casual,Q&Q Men Navy Blue Digital Watch,144
20064,Women,Blue,Fall,2011,Casual,United Colors Of Benetton Women Blue Muffler,147
5606,Men,Black,Summer,2011,Casual,ADIDAS Men Kendall Black Floater,157
44521,Men,Black,Summer,2012,Casual,Coolers Men Black Sandals,157
36101,Men,Brown,Summer,2012,Casual,OTLS Men Josh Brown Wallet,170
52444,Women,Purple,Winter,2015,Casual,Red Rose White & Purple Nightdress,7
39975,Men,Olive,Winter,2014,Casual,Gas Men Olive Swansea Shoes,3
57304,Women,Brown,Winter,2012,Casual,Rocia Women Brown Wedges,65
33641,Men,Black,Summer,2012,Casual,Lotto Men Black Koro G Slippers,81
41261,Men,Brown,Summer,2012,Casual,Arrow Men Brown Wallet,170
25724,Men,Brown,Summer,2012,Casual,Wrangler Men Leather Brown Belt,9
11511,Women,Gold,Winter,2015,Casual,Catwalk Women Lifestyle Gold Toned Ballerinas,83
5434,Men,Red,Summer,2011,Sports,Nike Men's Kill Man Red T-shirt,40
44713,Men,Black,Summer,2012,Casual,Lotto Men Black Flip Flops,81
14063,Men,Blue,Fall,2011,Casual,Flying Machine Men Solid Blue Polo Tshirts,40
20256,Men,Green,Fall,2011,Casual,Wrangler Men Wing Green T-shirt,40
52676,Women,White,Winter,2016,Casual,Morellato Women White Dial Watch,144
36333,Men,White,Summer,2016,Casual,Playboy Men White & Red Socks,75
7363,Men,Black,Winter,2018,Formal,Red Tape Men Black Semi Formal Shoes,23
46044,Women,Gold,Winter,2016,Casual,Estelle Gold Earrings,143
16734,Men,Maroon,Fall,2011,Casual,Lotto Men Emeriti Maroon Slipper,81
22501,Women,Beige,Winter,2015,Casual,Catwalk Women Beige Casual Shoes,3
49830,Women,Pink,Winter,2012,Casual,iPanema Women Pink Flip Flops,81
47196,Men,Brown,Summer,2012,Casual,Franco Leone Men Brown Sandals,157
34464,Unisex,Red,Summer,2012,Casual,ADIDAS Unisex Red Organizer Bag,96
12394,Men,Black,Summer,2016,Formal,Reid & Taylor Men Solid Black Socks,75
46878,Men,Black,Summer,2012,Casual,Lino Perros Men Pack of 2 Socks,75
31116,Boys,Grey,Summer,2012,Casual,Gini and Jony Boys Grey Shorts,47
43536,Women,Peach,Summer,2012,Casual,French Connection Women Peach Top,49
28807,Men,Brown,Summer,2012,Casual,Denizen Men Check Brown Shirt,67
2611,Women,Gold,Winter,2012,Casual,Carlton London Women Stylish Gold Flats,65
13246,Men,Blue,Fall,2011,Casual,Palm Tree Kids Boy Washed Blue Jeans,18
54581,Women,Green,Summer,2012,Ethnic,Sushilas Women Printed Green Kurta,87
3763,Men,Grey,Summer,2011,Casual,Status Quo Men's London Icon Grey T-shirt,40
29975,Women,Black,Winter,2016,Casual,Aspen Women Black Dial Watch,144
26101,Men,White,Summer,2012,Formal,John Miller Men Striped White Shirt,67
54521,Men,White,Fall,2012,Sports,F Sports Men White Voyager Sports Shoes,26
9259,Men,Blue,Fall,2011,Formal,Mark Taylor Men Blue Striped Shirt,67
30064,Men,Black,Winter,2016,Casual,Ed Hardy Men Grey Dial Watch,70
16794,Men,Navy Blue,Fall,2011,Casual,Highlander Men Stripes Navy Blue Shirt,67
51053,Women,Green,Summer,2017,Casual,Enamor Women Green Bikini Brief,21
49890,Girls,Blue,Winter,2016,Casual,Q&Q Kids Girls Blue Analog Watch,70
47136,Women,Blue,Summer,2015,Casual,Be For Bag Women Blue Tote Bag,119
6211,Women,Blue,Summer,2011,Casual,UCB Women's Print Boat Blue Top,40
48942,Women,Silver,Summer,2013,Casual,Lucera Women Silver Ring,54
23473,Men,Red,Winter,2015,Casual,Lino Perros Men Red Check Scarf,62
50181,Women,Beige,Spring,2017,Casual,Peperone Women Beige Handbag,51
17646,Unisex,Green,Spring,2013,Casual,Converse Unisex Green Flip Flops,81
30858,Women,Black,Summer,2012,Ethnic,Fabindia Women Striped Black Kurta,87
1808,Unisex,Purple,Fall,2010,Sports,Quechua Aluminium Print Water Bottle,77
37241,Men,Black,Summer,2012,Casual,United Colors of Benetton Men Black Shoes,3
5494,Men,Grey,Summer,2011,Casual,Mr.Men Men's Charcoal Polo T-shirt,40
45661,Men,Grey Melange,Summer,2016,Casual,Park Avenue Men Grey Melange Square Neck Vest,13
36393,Men,Blue,Summer,2016,Casual,Reid & Taylor Men Blue Socks,75
4546,Men,Black,Summer,2011,Sports,Nike Men's Air Max Black Shoe,26
21324,Men,Brown,Winter,2016,Casual,Louis Philippe Men Aviator Sunglasses LP201-C1,113
15111,Men,Coffee Brown,Fall,2011,Formal,Arrow Men Stripes Coffee Brown Trousers,86
38209,Women,Silver,Winter,2016,Casual,Polaroid Women Sunglasses,113
40313,Unisex,White,Winter,2013,Casual,Warner Bros Kids White sandals,157
10463,Men,Grey,Fall,2011,Casual,Flying Machine Men Grey Polo Tshirts,40
24656,Boys,White,Fall,2011,Casual,ADIDAS Originals Boys White Pack of 3 Casual Socks,75
25784,Men,Brown,Summer,2012,Formal,Arrow Men Light Brown Suspenders,10
56276,Women,Skin,Summer,2017,Casual,Biara Women Skin Bra,128
37073,Women,Purple,Summer,2012,Casual,Lino Perros Women Purple Handbag,119
44581,Men,Navy Blue,Summer,2017,Casual,Lee Rinse Navy Blue Slim Fit Jeans,18
53536,Women,Multi,Winter,2015,Casual,Amante Women Pack of 3 Assorted Briefs PFCP11,21
21116,Women,Lavender,Fall,2011,Casual,s.Oliver Women Faded Lilac Top,49
15323,Men,Grey,Fall,2011,Casual,Nike Men Solid Grey Jacket,145
56878,Women,Silver,Winter,2012,Casual,HM Women Silver Heels,65
4774,Women,Pink,Summer,2011,Sports,ADIDAS Women 3S Pink Track Pants,12
57196,Women,Red,Summer,2012,Casual,Elle Women Red Tunic,148
40121,Unisex,White,Summer,2012,Casual,ADIDAS Unisex Pack of 3 Socks,75
32501,Men,Black,Summer,2012,Casual,Scullers Men Black Shirt,67
56044,Women,Brown,Spring,2017,Casual,Colorbar Full Finish Longwear Kiss Me Lipstick 07,98
11783,Men,Grey,Summer,2011,Casual,Lee Men Printed Grey Tshirts,40
12106,Women,White,Fall,2011,Ethnic,W Women Printed White Kurtis,115
26333,Women,White,Winter,2016,Casual,DKNY Women White Dial Watch NY4934,70
3551,Men,Brown,Winter,2015,Casual,Skechers Men's Charcoal Lifestyle Shoe,3
42676,Women,Black,Summer,2012,Ethnic,Alma Women Black Kurta,87
2483,Women,Purple,Fall,2011,Casual,Puma Women Spagetti Dahlia Purple Top,49
30256,Men,Black,Winter,2018,Formal,Red Tape Men Black Semi Formal Shoes,23
54713,Women,Cream,Fall,2012,Ethnic,Shree Women Cream-Coloured & Pink Printed Salwar Suit with Dupatta,109
51261,Men,Black,Summer,2013,Formal,Park Avenue Men Black & Brown Reversible Belt,9
9857,Men,Green,Fall,2011,Casual,Status Quo Men Green Polo Tshirts,40
47304,Women,Green,Summer,2012,Casual,Baggit Women Green purse,50
6023,Men,Green,Summer,2011,Casual,UCB Men's Johny Collar With Two Tone Green T-shirt,40
21572,Men,Multi,Winter,2015,Casual,Lino Perros Men Pack of Five Striped Socks,75
15747,Men,White,Spring,2013,Sports,Nike Men Ballista SL White Sports Shoes,26
32959,Men,Purple,Summer,2012,Casual,Angry Birds Men Purple T-shirt,40
52080,Men,Navy Blue,Summer,2012,Casual,Myntra Men Navy Blue T-shirt,40
59468,Women,Silver,Summer,2013,Casual,Lucera Silver Ring,54
45037,Men,White,Winter,2016,Casual,Maxima Attivo Men White Dial Watch,70
4310,Unisex,Green,Summer,2011,Casual,Tantra Kid's Unisex Papa's Joy Green Kidswear,40
37417,Women,Silver,Summer,2012,Casual,Murcia Women Jute Silver Handbag,119
53152,Men,Brown,Summer,2012,Formal,Mark Taylor Men Brown Shirt,67
14695,Men,Black,Fall,2011,Casual,Basics Men Black Trousers,86
32165,Women,Pink,Summer,2017,Casual,Playboy Women Playmate Pink Ankle Socks,75
56420,Women,White,Winter,2015,Casual,Biara Women White Bra,128
10235,Men,Black,Winter,2016,Casual,Carrera Men Hexagaon Dial Black Watches,70
1662,Men,Navy Blue,Fall,2012,Sports,Nike Men Blue Windrunner Jacket,145
40545,Women,Gold,Winter,2016,Casual,Titan Raga Women Gold Watch,70
48728,Women,Silver,Summer,2015,Casual,Lucera Women Silver Earrings,143
30632,Men,Yellow,Summer,2012,Sports,Nike Men Challenger Spiked Yellowish Green T-shirt,40
27685,Women,Purple,Winter,2015,Casual,Murcia Women Purple Handbag,119
18058,Women,Purple,Winter,2015,Casual,Lino Perros Women Solid Purple Wallet,170
3135,Women,Gold,Winter,2015,Casual,Catwalk Women Heeded Golden Strap Black Heels,65
42212,Women,Pink,Summer,2012,Casual,Sepia Women Pink Tunic,148
23225,Women,Pink,Fall,2011,Ethnic,Aneri Women Tibett Pink Kurta,87
17010,Women,Brown,Winter,2012,Formal,Rocia Women Brown Heels,65
18864,Men,Black,Fall,2011,Casual,Puma Men Sports Division Black Sweatshirt,16
34292,Women,Multi,Summer,2012,Ethnic,Fabindia Women Multi Coloured Chanderi Dupatta,6
6447,Women,Black,Summer,2011,Casual,Lotto Women's Cross Color Black Pink Flip Flop,81
7595,Women,Blue,Summer,2011,Sports,Nike Women Ten Blue White Shoe,26
3909,Women,Red,Summer,2011,Casual,Urban Yoga Women Yoga Red Capri,61
51605,Women,Black,Fall,2012,Casual,Kraus Jeans Women Black Trousers,86
13682,Women,Silver,Fall,2011,Sports,ADIDAS Women Duramo 3 Sports Shoes,26
54145,Women,Brown,Spring,2013,Casual,Rocia Women Brown Flats,65
3307,Men,Black,Spring,2011,Sports,Asics Men's Gel Phoenix 3 Black Silver Shoe,26
42020,Men,Brown,Summer,2012,Casual,ADIDAS Men Brown Mudslide Shoes,3
55097,Women,Gold,Spring,2017,Casual,Pond's Gold Radiance Precious Youth Serum,42
12750,Unisex,Black,Summer,2012,Sports,Nike Unisex Swoosh Black Backpacks,64
47552,Women,Brown,Winter,2012,Casual,Portia Women Brown Heels,65
54979,Women,White,Summer,2012,Casual,Femella Women White Printed Shirt,67
6675,Men,White,Summer,2011,Sports,Nike Men's Free White Grey Shoe,26
17222,Men,Blue,Winter,2016,Casual,United Colors of Benetton Men Funky Eyewear Blue Sunglasses,113
51437,Women,Peach,Summer,2012,Casual,Myntra Women Multi Coloured Printed Top,49
35172,Unisex,Red,Summer,2015,Casual,Wildcraft Unisex Cruiser Red Backpack,64
46480,Women,Steel,Winter,2016,Casual,Timex Women Steel Watch,70
45205,Women,Black,Winter,2016,Casual,CASIO ENTICER Women Black Dial Analogue Watch A660,70
4122,Unisex,Black,Summer,2011,Casual,Puma Unisex Lo Punk Black Yellow Shoe,3
21740,Unisex,Brown,Fall,2011,Casual,Vans Unisex Authentic Lo Pro Brown Casual Shoes,3
15575,Boys,Yellow,Fall,2011,Casual,Chhota Bheem Kids Boys Best Friends Group TShirt,40
53360,Women,Pink,Summer,2012,Casual,Puma Woman Pink Big Cat Wallet,170
37625,Boys,White,Summer,2012,Casual,Madagascar3 Boys White Printed T-Shirt,40
56612,Women,Peach,Spring,2017,NA,Streetwear True Color Claret Tint Blusher,117
32357,Men,Black,Winter,2016,Casual,Q&Q Men Black Dial Watch,70
33285,Men,Blue,Summer,2012,Casual,Arrow Sport Men Striped Blue Polo T-shirt,40
40777,Men,White,Summer,2012,Casual,Quiksilver Men White Flip Flops,81
10007,Women,White,Fall,2011,Sports,Nike Women As Trophy Swo White T-Shirts,40
21586,Men,Grey,Summer,2011,Casual,Locomotive Men Washed Grey Jeans,18
52074,Men,Yellow,Summer,2012,Casual,Myntra Men Yellow & Blue T-shirt,40
14661,Men,Navy Blue,Fall,2011,Casual,Basics Men Navy Slim Fit Checked Shirt,67
20454,Women,Teal,Winter,2015,Casual,Baggit Women Poppins Doko Teal Blue Belt,9
32191,Men,Blue,Summer,2012,Sports,ADIDAS Men Phantom Blue Sports Shoes,26
52848,Women,Green,Summer,2012,Casual,Adrika Women Green Earrings,143
39579,Women,Multi,Winter,2015,Casual,Catwalk Women Multi Colour Flats,65
25126,Women,Black,Winter,2015,Casual,Lino Perros Women Black Clutch,50
57506,Men,Brown,Summer,2013,Casual,Lee Cooper Men Brown Sandals,157
33043,Women,Blue,Summer,2012,Ethnic,Mother Earth Women Printed Blue Kurta,87
43334,Women,Maroon,Spring,2013,Casual,Murcia Women Maroon Handbag,119
27671,Women,Pink,Winter,2015,Casual,Murcia Women Pink Handbag,119
54383,Women,Green,Summer,2015,Casual,Baggit Women Green Wallet,170
13444,Women,Yellow,Summer,2011,Casual,United Colors of Benetton Women Printed Yellow Tops,49
55251,Women,Skin,Spring,2017,Casual,Lakme Absolute Moonlit Highlighter Face Brightener 9G,117
31714,Women,Silver,Winter,2016,Ethnic,Fabindia Women Anusuya Silver Earrings,143
8529,Men,Navy Blue,Summer,2011,Sports,Nike Men Nike Lunarfly+  2 Navy Blue Sports Shoes,26
28639,Men,White,Summer,2012,Sports,Nike Men White T-shirt,40
50723,Girls,Blue,Summer,2012,Casual,Doodle Girls Blue Printed Dress,166
47794,Women,Brown,Summer,2012,Casual,Murcia Women Brown Handbag,119
34266,Women,Brown,Summer,2012,Ethnic,Fabindia Women Brown Silk Dupatta,6
18890,Women,Purple,Fall,2011,Casual,Arrow Woman Tyra Purple Shirt,67
7561,Men,White,Summer,2011,Sports,Nike Men's As Spher White T-shirt,40
19942,Unisex,Black,Fall,2011,Casual,Nike Unisex Casual Black Duffle Bag,37
46646,Men,Blue,Spring,2017,Casual,Rasasi Men Deserve Deo,154
16136,Women,Blue,Fall,2011,Casual,Tokyo Talkies Women Printed Blue Top,49
27443,Women,Pink,Winter,2015,Casual,Jockey Women Pink T-Shirt,40
13676,Men,Silver,Fall,2011,Sports,ADIDAS Men Titan Sports Shoes,26
43106,Men,Yellow,Spring,2017,Casual,Reebok Men Reespark Deo,154
2221,Unisex,Blue,Summer,2011,Sports,ADIDAS Classic Blue White Backpack,64
55063,Women,Brown,Spring,2017,NA,Lakme Enrich Satins Lipstick 421,98
26591,Men,Red,Summer,2012,Casual,Puma Men Aqua Cat II Power Red Flip Flops,81
6681,Women,White,Summer,2011,Sports,Nike Women's Izanami White Blue Shoe,26
34054,Boys,Blue,Summer,2012,Casual,Palm Tree Boys Washed Blue 3/4 Length Pants,61
22131,Men,Black,Fall,2011,Formal,Provogue Men Black Formal Shoes,23
7753,Men,Black,Fall,2011,Sports,Fila Men's Victory Black Shoe,26
35186,Unisex,Grey,Spring,2013,Casual,Wildcraft Unisex Grey & Black Backpack,64
46474,Men,Black,Winter,2016,Casual,Timex Men Black Dial Watch L506,70
36703,Men,Black,Spring,2017,Casual,Yves Saint Laurent Men Body Kouros Perfume,38
15581,Men,Purple,Fall,2011,Casual,Proline Men Purple Polo T-shirt,40
14453,Women,Black,Summer,2012,Casual,Enroute Women Casual Black Flats,65
53394,Women,Blue,Fall,2012,Ethnic,Alma Women Blue and Sea Green Printed Kurta,87
20666,Men,Grey,Fall,2011,Casual,Classic Polo Men Striped Grey Tshirt,40
5004,Women,Blue,Summer,2011,Casual,Gini and Jony Girl's Delma Blue Kidswear,111
25314,Men,Black,Winter,2016,Casual,Casio Youth Series Men Digital Watch AE-1100W-1BVDF(D086),70
11121,Women,Blue,Fall,2011,Casual,Puma Women Minicats Knit Blue Cap,93
33271,Girls,Red,Summer,2012,Casual,Gini and Jony Girls Red Skirt,111
40783,Men,Black,Summer,2012,Casual,Quiksilver Men Black Flip Flops,81
5838,Men,White,Summer,2011,Casual,ADIDAS Men's Graphic White T-shirt,40
57734,Women,Maroon,Spring,2017,NA,Lotus Herbals Fruity Fusion Lip Balm,32
31142,Men,Orange,Summer,2012,Formal,John Miller Men Check Orange Shirt,67
3797,Men,Black,Spring,2014,Casual,Converse Men Black & Red Shoes,3
29981,Women,Blue,Winter,2016,Casual,Aspen Women Blue Dial Watch,144
19728,Women,Purple,Summer,2011,Casual,United Colors of Benetton Women Solid Purple Shirt,67
55407,Women,Purple,Spring,2017,Casual,Revlon ColorStay Overtime Relentless Raisin Lip Gloss 270,59
27027,Women,Blue,Summer,2012,Casual,Jealous 21 Women Blue Shorts,47
13212,Women,Grey,Spring,2012,Sports,ASICS Women Gel Spree Running Grey Sports Shoes,26
28853,Men,Purple,Summer,2012,Casual,Proline Men Purple T-shirt,40
43562,Men,White,Summer,2012,Casual,Puma Men White Pack of 3 Socks,75
50949,Women,Navy Blue,Summer,2013,Casual,Lee Women Navy Blue Roxy Fit Jeans,18
30090,Men,Steel,Winter,2016,Casual,Ed Hardy Men Silver Dial Watch,70
2645,Women,Pink,Winter,2015,Casual,Murcia Women Big Canvas Tote Bag,119
16760,Women,Black,Winter,2015,Casual,Spice Art Women Leatherette  Black Handbags,119
49864,Unisex,Purple,Winter,2016,Casual,Q&Q Kids Unisex Purple Digital Watch,70
22555,Men,Black,Spring,2017,Casual,Reebok Men Reespeed Deo,154
46010,Women,Maroon,Summer,2012,Ethnic,Fabindia Maroon Printed Saree,20
34430,Women,Blue,Summer,2012,Casual,Myntra Women Face Blue T-shirt,40
23487,Men,Grey,Summer,2012,Casual,Arrow Men Grey Scarf,62
50175,Women,Black,Winter,2012,Casual,Rocia Women Black & Brown Flats,83
58318,Men,White,Summer,2016,Sports,Jockey LCESCBRA Men White Pack of 3 Socks 2004,75
14037,Men,Blue,Winter,2016,Casual,Flying Machine Men Check Blue Shirts,67
20202,Men,Grey,Fall,2011,Casual,Wrangler Men Glow Grey Sweatshirt,16
5460,Women,Black,Summer,2011,Sports,Nike Women's Double Team Lite Black Shoe,26
44747,Men,Black,Summer,2012,Casual,Globalite Men Black Sparta Shoes,3
36367,Men,Red,Summer,2012,Formal,Reid & Taylor Men Red Tie,132
52622,Women,Purple,Summer,2012,Casual,Mod-acc Women Purple Handbag,119
57350,Women,Black,Winter,2015,Casual,Amante Black T-Shirt Bra BGSB01,128
10497,Women,White,Fall,2011,Casual,Flying Machine Women RN HS White Tshirts,40
25770,Men,Black,Summer,2012,Formal,Lino Perros Men Black Suspenders,10
11545,Women,Green,Summer,2011,Ethnic,W Women Printed Green Kurtas,87
56282,Women,Black,Summer,2017,Casual,Biara Black Everyday Support Bra,128
37087,Women,Brown,Summer,2012,Casual,Lino Perros Women Brown Mobile Pouch,163
20030,Men,Blue,Fall,2011,Casual,United Colors of Benetton Men Solid Blue Shirt,67
39921,Unisex,Brown,Spring,2011,Travel,Tortoise Unisex Brown Leather Duffel Bag,37
52410,Women,Black,Winter,2015,Casual,Red Rose Women Black Nightdress,7
4780,Women,Pink,Summer,2011,Sports,ADIDAS Women's Balance Pink T-shirt,40
57162,Women,Teal,Summer,2012,Casual,Elle Women Teal T-shirt,40
58916,Men,Black,Summer,2017,Casual,Hakashi Men Black Silk Tie,132
33427,Women,Blue,Summer,2012,Casual,Baggit Women Modishx Enzyme Blue Sling Bag,119
41007,Girls,Navy Blue,Summer,2012,Casual,Gini and Jony Girls Woven Navy Blue Shorts,47
25542,Women,Yellow,Summer,2012,Casual,Wrangler Women Striper Tank Yellow Top,49
11777,Men,Red,Fall,2011,Casual,Lee Men Printed Red Tshirts,40
7939,Men,Black,Fall,2011,Sports,Puma Men's Graphic Optic Black Silver T-shirt,40
55635,Women,Gold,Winter,2015,Casual,Catwalk Women Gold Heels,65
42682,Women,Cream,Summer,2012,Ethnic,Alma Women Cream & Blue Kurta,87
2477,Men,Blue,Fall,2010,Sports,Nike Men's LunarFly Blue Shoe,26
27215,Men,Blue,Summer,2012,Casual,Doodle Kids Boy Striped Blue Shorts,47
7105,Unisex,Green,Winter,2015,Casual,Wildcraft Unisex Green Backpack,64
16552,Men,Grey,Fall,2011,Casual,Basics Men Grey Printed Polo T-shirt,40
8971,Men,Black,Fall,2011,Sports,Puma Men Drift Cat III CF Black Sports Shoes,26
22767,Women,Green,Fall,2011,Ethnic,BIBA Women Solid Green Kurta,87
50347,Women,Red,Summer,2012,Ethnic,Aurelia Women Red Kurta,87
34602,Men,Brown,Summer,2016,Casual,Hanes Men Brown Boxer Brief,21
59665,Women,Yellow,Fall,2012,Ethnic,FNF Pink & Yellow Printed Evening Wear Sari,20
14498,Men,Black,Fall,2011,Casual,Flying Machine Men Casual Black Casual Shoes,3
10804,Men,White,Fall,2011,Casual,Wrangler Men Rider Solid White Shirts,81
4921,Women,White,Summer,2011,Casual,Gini and Jony Girl's Viona Pack of 3 Tee Kidswear,40
32368,Men,Black,Winter,2016,Casual,Q&Q Men Black Dial Watch,70
39780,Men,Yellow,Summer,2012,Casual,Peter England Men Yellow Casual Shirts,67
40748,Women,Pink,Winter,2012,Casual,Roxy Women Pink Flip Flops,81
38652,Women,Black,Summer,2012,Casual,Nike Women Double Team Lite Black Shoes,3
18255,Women,Off White,Summer,2012,Ethnic,Aneri Women Multi Coloured Kurta,87
27488,Women,Red,Winter,2015,Casual,Jockey Women Red Bikini Briefs,21
9602,Men,Black,Fall,2011,Casual,Scullers Men Scul White & Red Shirt,67
23814,Men,Black,Fall,2011,Casual,Puma Men Neo Low Black Casual Shoes,3
48525,Women,White,Summer,2012,Casual,French Connection Women White & Blue  Striped Dress,166
3338,Men,White,Summer,2011,Sports,ADIDAS Men's Mumbai Indians White Polo T-shirt,40
35971,Men,Black,Summer,2012,Casual,Flying Machine Men Tee Black T-shirt,40
19387,Men,Beige,Summer,2011,Sports,ADIDAS Men Dumont Beige Sports Shoes,26
54946,Men,Cream,Summer,2012,Casual,Do u speak green Men Cream T-shirt,40
23028,Men,Blue,Fall,2011,Formal,Arrow Men Blue Striped Shirt,67
42823,Women,Grey,Summer,2012,Casual,Little Miss Intimates Women Grey Brief,21
51408,Men,Blue,Summer,2012,Casual,Myntra Men Blue and White Check Shirt,67
55894,Women,Blue,Spring,2017,Casual,Colorbar Blue Lagoon Nail Lacquer 05,90
7798,Men,White,Fall,2011,Casual,Proline Men White Polo T-shirt,40
9430,Men,Black,Fall,2011,Formal,Lee Cooper Men Nnado Black Formal Shoes,23
17813,Men,Brown,Fall,2011,Casual,Lee Cooper Men  Brown Casual Shoe,3
48717,Women,Silver,Summer,2012,Casual,Lucera Women Silver Earrings,143
6478,Men,Grey,Summer,2011,Casual,ADIDAS Men Top Grey Jacket,145
19989,Women,White,Fall,2011,Casual,United Colors of Benetton Women Printed White T-shirt,40
3936,Women,Black,Summer,2011,Casual,Jealous 21 Women's Black Miss T-shirt,40
15778,Men,Grey,Summer,2016,Casual,Facit Men Mid- Rise BF Grey Briefs,21
59457,Women,Silver,Summer,2015,Casual,Lucera Silver Ring,54
45008,Men,Steel,Winter,2016,Casual,Maxima Men Digital Multifunction Watch,70
37428,Women,Red,Summer,2012,Casual,Murcia Women Red Handbag,119
52883,Women,Blue,Fall,2012,Ethnic,FNF Printed Blue Sari,20
45834,Women,Red,Summer,2012,Ethnic,Vishudh Women Red Kurta,87
33088,Women,Gold,Winter,2015,Casual,Catwalk Women Gold Flats,65
38460,Women,Green,Summer,2012,Casual,Baggit Women Green Pinto Checksy Mobile Pouch,163
12139,Women,Purple,Fall,2011,Ethnic,Aurelia Women Solid Purple Kurtas,87
42649,Women,Black,Summer,2012,Ethnic,Alma Women Black Kurta,87
8186,Men,Grey,Summer,2011,Casual,Locomotive Men Check Lai Grey Shirts,67
9054,Women,White,Fall,2011,Sports,ADIDAS Women Duramo 3 White Sports Shoes,26
30269,Men,Brown,Summer,2017,Casual,Speedo Men Sheet Sunglasses,113
48373,Men,White,Summer,2012,Casual,French Connection Men White & Purple Check Shirt,67
18403,Men,Black,Fall,2011,Casual,Skechers Men Tone-Ups Black Shoe,3
6820,Women,Green,Summer,2011,Casual,Timberland Women's Estela Umbrella Green Flip Flop,81
12905,Women,Purple,Fall,2011,Casual,Puma Women Casual Purple Casual Shoes,3
9868,Men,Navy Blue,Fall,2011,Casual,Status Quo Men Navy Blue Polo Tshirts,40
28296,Men,Black,Winter,2016,Casual,Fastrack Men Sunglasses,113
57995,Women,Black,Fall,2012,Casual,Latin Quarters Women & White Black Dress,166
5699,Men,Black,Winter,2015,Casual,Skechers Men's Striking Black Shoe,3
40922,Boys,Blue,Summer,2012,Casual,Gini and Jony Boys Rodeo Blue Jacket,145
38838,Women,Pink,Fall,2012,Casual,Latin Quarters Women Pink & Black Printed Dress,166
59033,Women,Black,Winter,2012,Casual,Carlton London Women Black Heels,65
56847,Men,Blue,Summer,2012,Casual,John Players Men Blue Jeans,18
37870,Men,Black,Summer,2012,Casual,Hidekraft Men Black Wallet,170
38004,Women,Blue,Winter,2016,Casual,Q&Q Women Blue Watch,70
21915,Women,Orange,Fall,2011,Ethnic,Biba Women Orange & Purple Printed Churidar Kurta with Dupatta,109
25589,Women,Green,Fall,2011,Ethnic,Vishudh Women Green Churidar Kurta with Dupatta,109
4579,Women,Blue,Summer,2011,Sports,Nike Women Zoo Blue Shoe,26
38236,Unisex,Black,Winter,2016,Casual,Polaroid Unisex Sunglasses,113
24669,Men,Red,Fall,2011,Casual,Converse Men Red Casual Shoes,3
56249,Men,White,Summer,2016,Casual,SDL by Sweet Dreams Men White Pyjama Set,146
15912,Men,Blue,Fall,2011,Formal,Black Coffee Men Stripes Blue Shirt,67
49093,Women,Mauve,Spring,2017,Casual,Deborah 24 Ore Lip Liner 220,134
31189,Men,Brown,Summer,2012,Casual,Cabarelli Men Brown Wallet,170
18631,Men,Navy Blue,Fall,2011,Casual,Puma Men GP Speed Navy Blue Tshirts,40
9266,Men,Navy Blue,Fall,2011,Casual,Scullers Men Scul Blue Shirts,67
50982,Women,Maroon,Summer,2017,Casual,Enamor Women Maroon Robe,116
28898,Women,Red,Summer,2014,Casual,Enamor Women Red Brief,21
48141,Women,Brown,Winter,2016,Casual,Fossil Women Brown Wallet,170
29176,Boys,Khaki,Summer,2012,Casual,United Colors of Benetton Boys Khaki Shorts,47
26902,Women,Lavender,Summer,2012,Casual,Jealous 21 Women Printed Lavender Top,49
35529,Girls,Orange,Summer,2012,Casual,Enroute Teens Orange Sandals,157
47109,Boys,White,Fall,2012,Casual,Marvel Boys White Shoes,3
17679,Women,Pink,Winter,2015,Casual,Catwalk Women Buckel Pink Flats,65
30867,Women,Blue,Summer,2012,Ethnic,Fabindia Women Blue Kurta,87
7906,Men,Black,Fall,2011,Casual,Proline Men Black & Navy Striped Polo T-shirt,40
19525,Men,Grey,Fall,2011,Casual,United Colors of Benetton Men Check Grey Sweater,155
8172,Women,Blue,Winter,2015,Casual,Catwalk Women Slim Casual Beige Wedges,65
48387,Men,Blue,Summer,2012,Casual,French Connection Men Blue Jeans,18
22758,Women,Blue,Fall,2011,Ethnic,BIBA Women Printed Blue Kurta,87
50378,Women,White,Summer,2012,Ethnic,Vishudh Women Red & White Salwar and Dupatta,127
28262,Men,Blue,Spring,2017,Casual,18+ Men Thrill Deo,154
57961,Women,Black,Fall,2012,Ethnic,Prafful Women Black & Grren Sari,20
58115,Women,Silver,Fall,2012,Casual,Rreverie Women Silver Pendant,129
37884,Unisex,Black,Summer,2016,Casual,Happy Socks Unisex Black Socks,75
20833,Men,Black,Fall,2012,Formal,Clarks Men Black Formal Shoes,23
39122,Women,Blue,Fall,2012,Casual,Aneri Women Blue Leggings,161
41038,Men,Brown,Winter,2016,Casual,Nautica Men Brown Dial Watch,70
58327,Women,Lavender,Summer,2012,Casual,Lotto Women Lavender Flip Flops,81
14008,Men,White,Fall,2011,Casual,Nike Men Printed White Tshirts,40
44778,Men,Grey,Summer,2012,Casual,Lotto Men Grey Skateboard Shoes,3
36358,Men,Red,Summer,2012,Formal,Reid & Taylor Men Red Tie,132
14834,Men,Black,Summer,2011,Casual,United Colors of Benetton Men Solid Black Belts,9
39310,Men,Khaki,Winter,2018,Casual,Red Chief Men Khaki Casual Shoes,3
49067,Women,Olive,Summer,2012,Casual,Lino Perros Women Olive Handbag,119
8340,Boys,Black,Fall,2011,Casual,Doodle Boy's Volleyball Champion Black White Kidswear,40
46813,Girls,Pink,Summer,2012,Casual,Gini and Jony Girls Pink Skirt,111
19717,Men,Blue,Fall,2011,Casual,United Colors of Benetton Men Check Blue Shirt,67
55438,Women,Pink,Spring,2017,Casual,Revlon Mauve Colorburst Lipstick 005,98
27018,Women,Blue,Summer,2012,Casual,Jealous 21 Women Washed Blue Jeans,18
50976,Women,Pink,Summer,2017,Casual,Enamor Petal Pink Bra,128
29182,Women,White,Summer,2012,Casual,United Colors of Benetton Women White Tunics,148
31941,Women,Grey,Summer,2012,Casual,Nike Women Air Rift Grey Shoes,3
7308,Women,Blue,Summer,2011,Casual,UCB Women's Sleeveless Light Blue Top,49
30893,Women,White,Summer,2012,Ethnic,Fabindia Women Printed White & Blue Patiala,56
28050,Men,Charcoal,Summer,2016,Casual,Jockey ELANCE Men Charcoal Pack of 2 Briefs 1009,21
48989,Women,Silver,Summer,2012,Casual,Lucera Women Silver Ring,54
11922,Men,Black,Summer,2012,Formal,Franco Leone Men Formal Black Formal Shoes,23
59691,Women,Purple,Summer,2014,Casual,Avirate Purple Bra,128
58743,Men,Olive,Fall,2012,Casual,Puma Men Olive T-shirt,40
5807,Women,Blue,Summer,2011,Casual,ADIDAS Women's Tunic Blue T-shirt,40
13649,Men,Black,Fall,2011,Casual,ADIDAS Black Hydroterra Shandal Casual Shoes,3
34857,Men,Black,Summer,2012,Casual,Vans Men Classic Slip-On Black Shoes,3
22932,Unisex,Black,Winter,2016,Casual,Fastrack Unisex Black Dial Watch 9912PP13,70
8724,Men,Red,Fall,2011,Casual,Indigo Nation Men Checks Red Shirts,67
35985,Women,Red,Summer,2012,Casual,Flying Machine Women Poppy Red T-shirt,40
47599,Women,Brown,Winter,2012,Casual,Portia Women Black Flats,83
28434,Women,White,Winter,2016,Casual,DKNY Women White Dial Watch NY8299,70
55860,Women,Lavender,Spring,2017,Casual,Colorbar Pro Dazzling Mauve Nail Lacquer 008,90
19141,Men,Black,Fall,2011,Casual,Lotto Men Revorb Black Sandals,157
49631,Women,Cream,Summer,2012,Casual,Mineral Cream Dress,166
8516,Unisex,Black,Summer,2011,Sports,Nike Unisex Ultimatum Max Black Backpacks,64
28606,Men,Black,Summer,2012,Casual,Nike Men Air Twilight Black Shoes,26
34259,Men,Grey,Summer,2012,Sports,Proline Men Grey Tracksuit,101
46679,Women,Peach,Spring,2017,Casual,Rasasi Women Pack of 3 Perfumes,38
16109,Men,Brown,Winter,2016,Casual,M tv Men My Fab Eyewear Brown Sunglasses,113
25925,Women,Purple,Summer,2012,Casual,Femella Women Purple T-Shirt,40
5209,Men,White,Summer,2011,Casual,Superman Men's Job Round Neck White T-shirt,40
33840,Men,Black,Summer,2012,Casual,Puma Men Hypermoto Ducati Black Shoes,3
58571,Men,Black,Summer,2012,Casual,Puma Men Black Shorts,47
52877,Women,White,Fall,2012,Ethnic,FNF Multi Coloured Sari,20
39546,Men,Yellow,Summer,2012,Casual,Numero Uno Men Yellow Flip Flops,81
25119,Women,Black,Winter,2015,Casual,Lino Perros Women Gems Black Clutch,50
44912,Men,Black,Summer,2012,Casual,Puma Men Black Track Pants,12
57539,Men,Olive,Summer,2010,Casual,Flying Machine Men Olive Belt,9
38494,Boys,Green,Summer,2012,Casual,Gini and Jony Boys United Green T-shirt,40
20037,Women,Black,Fall,2011,Casual,United Colors Of Benetton Women Black Tights,141
44572,Men,Black,Summer,2012,Casual,Coolers Men Black Sports Sandals,114
37080,Women,Blue,Summer,2012,Casual,Lino Perros Women Blue Handbag,119
57959,Women,Turquoise Blue,Fall,2012,Ethnic,Prafful Turquoise Blue Printed Sari,20
4787,Men,Black,Summer,2011,Sports,ADIDAS Men's Bas Esx Black Short,47
52417,Women,Red,Winter,2015,Casual,Red Rose Women Red Pyjama Set,146
39926,Unisex,Brown,Fall,2012,Casual,Tortoise Unisex Brown Laptop Bag,169
58911,Men,Grey,Summer,2012,Casual,Hakashi Men Grey Silk Tie,132
24497,Women,Black,Fall,2011,Ethnic,Mother Earth Women Black Printed Kurta,87
57165,Women,Magenta,Summer,2012,Casual,Elle Women Magenta Clash Top,49
11770,Men,Blue,Fall,2011,Casual,Lee Men Printed Blue Tshirts,40
41000,Girls,Blue,Summer,2012,Casual,Gini and Jony Girls Woven Blue Shorts,47
42685,Women,White,Summer,2012,Ethnic,Alma Women White Printed Kurta,87
55632,Women,Black,Winter,2015,Casual,Catwalk Women Black Flats,65
13027,Women,Gold,Winter,2012,Casual,Inc 5 Women Casual Gold Flats,65
27212,Men,Blue,Summer,2012,Casual,Doodle Kids Boy Striped Blue Shirt,67
43757,Women,White,Fall,2012,Casual,Royal Diadem Set of 2 White Bangles,8
22760,Women,Blue,Fall,2011,Ethnic,BIBA Women Solid Navy Blue Kurta,87
16555,Men,Navy Blue,Fall,2011,Casual,Basics Men Navy Printed Polo T-shirt,40
8976,Men,White,Fall,2011,Sports,Puma Men SL Tech Lo SF White Sports Shoes,26
7102,Unisex,Orange,Winter,2015,Casual,Wildcraft Unisex Orange & Grey Backpack,64
34605,Men,Black,Summer,2016,Casual,Hanes Men Black Boxer Brief,21
50340,Women,Brown,Summer,2012,Ethnic,Aurelia Women Brown Printed Kurti,115
55400,Women,Charcoal,Spring,2017,Casual,Revlon Grow Luscious Graphite Eye Liner,51
3790,Men,Black,Summer,2014,Casual,Converse Men's AS Canvas HI Black Shoe,3
8378,Girls,Green,Fall,2011,Casual,Doodle Girl's Princess Lime Kidswear,40
30097,Men,Black,Winter,2016,Casual,Ed Hardy Men Black Dial Watch,70
2642,Men,Black,Fall,2010,Formal,Carlton London Men Semi Formal Black Shoe,23
43565,Unisex,Black,Summer,2012,Casual,Puma Unisex Black Echo Backpack,64
28854,Men,Lavender,Summer,2012,Casual,Proline Men Mauve T-shirt,40
13215,Men,Grey,Spring,2012,Sports,ASICS Men Gel Enduro 7 Running Silver Sports Shoes,26
27020,Women,Navy Blue,Summer,2012,Casual,Jealous 21 Women Navy Blue Jeans,18
46017,Women,Orange,Summer,2012,Ethnic,Fabindia Women Orange Printed Kurta,87
7330,Men,Black,Summer,2013,Casual,Red Tape Men Strappy Black Floater,157
49863,Girls,Pink,Winter,2016,Casual,Q&Q Kids Girls Pink Digital Watch,70
16767,Women,Brown,Winter,2015,Casual,Spice Art Women Spacious Brown Handbag,119
31979,Men,Grey,Summer,2012,Sports,Nike Men Lunarswift +3 Grey Sports Shoes,26
50172,Women,Green,Winter,2012,Casual,Rocia Women Multi- Coloured Shoes,83
28068,Men,Navy Blue,Summer,2016,Casual,Jockey ELANCE Men Navy Blue Elance Brief 1015,106
23480,Men,Grey,Summer,2012,Casual,Arrow Men Grey Check Scarf,62
44740,Men,White,Summer,2012,Casual,Globalite Men White Terra Shoes,3
5467,Men,Black,Summer,2011,Sports,Nike Men's Elite Black Shoe,26
20205,Men,Grey,Fall,2011,Casual,Wrangler Men Flock Print Grey Sweatshirt,16
14030,Women,White,Fall,2011,Casual,Nike Women Printed White Tshirts,40
36360,Men,Gold,Summer,2012,Formal,Reid & Taylor Men Gold Tie,132
45692,Women,Pink,Spring,2017,Casual,TOUS Women Leau Eau De Parfum 90 ml,38
57357,Women,Black,Winter,2015,Casual,Amante Black Printed Push-Up Bra BGSS01,128
10490,Men,Navy Blue,Fall,2011,Casual,Flying Machine Men HS Blue Shirts,67
33612,Women,Green,Summer,2012,Casual,Lino Perros Women Green Wallet,170
39328,Girls,Green,Summer,2012,Casual,Gini and Jony Girls Green Shorts,47
41232,Men,White,Summer,2012,Sports,Puma Men White Aquil Sports Shoes,26
11542,Women,Beige,Summer,2011,Ethnic,W Women Printed  Beige Kurtas,87
56285,Women,Black,Winter,2015,Casual,Biara Women Black Bra,128
25777,Men,Brown,Summer,2012,Formal,Arrow Men Brown Suspenders,10
2226,Women,Black,Fall,2010,Sports,ADIDAS Women Black Tracksuit,12
43101,Men,Red,Spring,2017,Casual,Reebok Men Reeplay Perfume & Deodorant Set,30
18299,Women,Black,Fall,2011,Ethnic,Aneri Women Zeenat Black Kurta,87
13671,Unisex,Blue,Fall,2011,Casual,Levis Kids Blue Solid Jean,18
27444,Women,Black,Fall,2015,Casual,Jockey Women Black T-shirt,40
26596,Men,Black,Summer,2015,Sports,Puma Men Jago Ripstop Black Sports Shoes,26
55064,Women,Brown,Spring,2017,NA,Lakme Enrich Satins Lipstick 265,98
50516,Men,Navy Blue,Winter,2016,Casual,Chromozome Men Navy Blue Trunks,106
6686,Men,Red,Summer,2011,Casual,UCB Men's Big Ben Logo Red T-shirt,40
34053,Boys,Yellow,Summer,2012,Casual,Gini and Jony Boys Yellow 3/4 Length Pants,61
46473,Men,Silver,Winter,2016,Casual,Timex Men Sliver Dial Watch,70
7754,Men,Black,Fall,2011,Casual,Fila Men's Agony Black Red Shoe,3
55858,Women,Brown,Spring,2017,Casual,Colorbar Pro Flirt Nail Lacquer 013,90
35181,Unisex,Blue,Summer,2015,Casual,Wildcraft Unisex Blue Backpack,64
22136,Men,Black,Fall,2012,Formal,Provouge Men Black Formal Shoes,23
16303,Men,Navy Blue,Fall,2011,Casual,Peter England Men Check Navy Blue Shirt,67
15586,Men,Green,Fall,2011,Casual,Proline Men Green Printed Sweatshirt,16
36704,Men,Grey,Spring,2017,Casual,Burberry London Men Special Edition Perfume,38
5003,Women,Blue,Summer,2011,Casual,Gini and Jony Girl's Arella Blue Kidswear,47
14454,Women,Taupe,Summer,2012,Casual,Enroute Women Casual Taupe Casual Heels,65
53393,Women,Beige,Fall,2012,Ethnic,Alma Women Printed Beige Kurta,87
11126,Women,Blue,Fall,2011,Sports,Urban Yoga Women Solid Blue Track Pants,12
25313,Men,Black,Winter,2016,Casual,Casio Youth Series Men Digital Watch AE-1100W-1AVDF(D085),70
57733,Women,Brown,Spring,2017,NA,Lotus Herbals Cocoa Lip Balm,32
40784,Men,Blue,Summer,2012,Casual,Quiksilver Men Blue Flip Flops,81
36536,Women,Blue,Summer,2012,Casual,United Colors of Benetton Women Blue Sling Bag,119
52073,Men,Grey,Summer,2012,Casual,Myntra Men Grey & Red T-shirt,40
58549,Women,Black,Winter,2016,Casual,Miami Blues Women Sunglasses,113
14666,Men,Red,Fall,2011,Casual,Basics Men Red Slim Fit Checked Shirt,67
33878,Men,Silver,Winter,2016,Casual,Citizen Men Silver Dial Watch,70
44116,Men,Orange,Spring,2017,Casual,Boss Men Made For Summer Perfume,38
5231,Men,Navy Blue,Summer,2011,Casual,Classic Polo Men's Cari Navy Polo T-shirt,40
25121,Women,Black,Winter,2015,Casual,Lino Perros Women Gem Ring Black Clutch,50
32196,Men,Blue,Summer,2012,Ethnic,Fabindia Men Printed Blue Kurta,87
33044,Women,Blue,Summer,2012,Ethnic,Mother Earth Women Printed Blue Kurta,87
57501,Men,Beige,Summer,2012,Casual,Lee Cooper Men Light cocoa Sandals,157
54384,Women,Olive,Fall,2012,Casual,Baggit Women Olive Green Handbag,119
13443,Women,White,Summer,2011,Casual,United Colors of Benetton Women Solid White Tops,49
2014,Men,Yellow,Fall,2010,Sports,ADIDAS Men's Classic Yellow Polo T-shirt,40
43333,Women,Brown,Summer,2012,Casual,Murcia Women Brown Handbag,119
49609,Women,Brown,Winter,2015,Casual,Catwalk Women Brown Heels,65
31713,Women,Silver,Winter,2016,Ethnic,Fabindia Women Anusuya Silver Earrings,143
12591,Unisex,Blue,Fall,2011,Casual,Tantra Unisex Printed Blue Tshirts,40
55256,Women,Black,Summer,2019,Casual,Lakme Absolute Forever Silk Blacklast Eye Liner,51
18897,Women,Green,Fall,2011,Casual,Arrow Woman Solid Green Dress,166
34261,Boys,Red,Summer,2012,Casual,Gini and Jony Boys Printed Red T-shirt,40
50724,Girls,Blue,Summer,2012,Casual,Doodle Girls Blue Washed Dress,166
2828,Men,Blue,Summer,2012,Casual,Lee Cooper Men's LC Casual Denim Blue Shoe,3
22304,Women,Beige,Winter,2012,Casual,Inc. 5 Women Casual Beige Heels,65
16131,Women,Red,Fall,2011,Casual,Tokyo Talkies Women Printed Red T-shirt,40
46641,Women,Grey,Spring,2017,Casual,Rasasi Women Hope Deo,154
7566,Men,Black,Summer,2011,Sports,Nike Men's As Kobe Comic Black T-shirt,40
19945,Women,Purple,Fall,2011,Casual,Nike Women Casual Purple Handbag,119
13685,Men,Black,Fall,2011,Casual,ADIDAS Men Dash Casual Shoes,3
54142,Women,Beige,Winter,2012,Casual,Rocia Women Beige Sandals,65
26562,Men,Brown,Fall,2012,Casual,Lee Cooper Men Brown Shoes,3
55090,Women,Silver,Spring,2017,Casual,Pond's Flawless White Visible Lightening Daily Cream,42
12757,Men,Blue,Fall,2011,Casual,Spykar Men Printed Blue T-Shirts,40
42027,Women,Black,Fall,2012,Sports,ADIDAS Women Sukoi Black Sports Shoes,26
3300,Men,Black,Spring,2011,Sports,Asics Men's Gel Cushioning Black Yellow Shoe,26
17225,Men,Blue,Winter,2016,Casual,United Colors of Benetton Men Funky Eyewear Blue Sunglasses,113
6672,Women,White,Summer,2011,Casual,Nike Women Dunk Skinny White Red Shoe,3
47555,Women,White,Winter,2012,Casual,Portia Women White Heels,65
46487,Men,Silver,Winter,2016,Casual,Timex Men Sliver Dial Chronograph Watch,70
51430,Men,White,Summer,2012,Casual,Myntra Men Navy Blue & Orange Check Shirt,67
15572,Boys,Orange,Fall,2011,Casual,Chhota Bheem Kids Boys Warrior Bheem TShirt,40
21747,Unisex,Black,Fall,2011,Casual,Vans Unisex  Era Black Casual Shoes,3
4125,Men,Orange,Summer,2011,Sports,Lotto Men Kochi Tuskers Authentic Orange Jersey,40
45202,Men,Black,Winter,2016,Casual,Casio Enticer Men Black Marine Sports Watch MTD-1069D-1AVDF(A657),70
37622,Boys,Red,Summer,2012,Casual,Madagascar3 Boys Red Printed T-Shirt,40
20695,Men,Blue,Winter,2011,Casual,Buckaroo Men Bello Blue Casual Shoes,3
53367,Unisex,Pink,Summer,2012,Casual,Puma Unisex Pink Backpack,64
32350,Men,Black,Winter,2016,Casual,Q&Q Men Black Dial Watch,70
56615,Women,Rose,Spring,2017,Casual,Streetwear Stay On Mineral Rose Swirl Blusher,117
4919,Women,Pink,Summer,2011,Casual,Gini and Jony Girl's Veeya Pink Kidswear,49
10000,Women,White,Summer,2011,Casual,Palm Tree Girls Sp Jace Sko White Skirts,111
4317,Unisex,Red,Summer,2011,Casual,Tantra Kid's Unisex Kya Boss Red Kidswear,40
45030,Men,Black,Winter,2016,Casual,Maxima Men Black Watch,70
15740,Women,Grey,Fall,2011,Sports,Nike Women Air Relentless Grey Sports Shoes,26
52087,Women,Yellow,Summer,2012,Casual,Myntra Women Yellow T-shirt,40
21575,Men,Multi,Winter,2015,Casual,Lino Perros Men Pack of Five Striped Socks,75
37410,Women,Green,Summer,2012,Casual,Murcia Women Envelope Green Handbag,119
56427,Women,Bronze,Spring,2017,Casual,Streetwear Groovy Baby Eye Shadow,103
32162,Women,Black,Summer,2017,Casual,Playboy Women Playmate Black Ankle Socks,75
40542,Women,Gold,Winter,2016,Casual,Titan Women Gold Watch,70
38458,Women,Orange,Summer,2012,Casual,Baggit Women Orange Sling Bag,119
27682,Women,Black,Winter,2015,Casual,Murcia Women Black Handbag,119
9408,Women,Blue,Winter,2016,Casual,Fastrack Women Sunglasses,113
30635,Men,Blue,Summer,2012,Casual,Nike Men Basic Crew Blue T-shirt,40
42215,Women,Green,Summer,2012,Casual,Sepia Women Teal Top,49
3132,Men,Multi,Fall,2010,Casual,DUSG Men's Tadoba Organic Cotton Cappuccino T-shirt,40
34295,Women,Orange,Summer,2012,Ethnic,Fabindia Orange Silk Dupatta,6
18863,Men,Red,Fall,2011,Casual,Puma Men Heritage Red Sweatshirt,16
6440,Men,Black,Summer,2011,Casual,Lotto Men's Calcetto Black Brown Shoe,3
17017,Women,Black,Winter,2012,Casual,Rocia Women Casual Brown Sandal,83
23222,Women,Red,Fall,2011,Ethnic,Aneri Women Freya Red Kurta,87
51602,Women,Blue,Fall,2012,Casual,Wrangler Women Blue Molly Jeans,18
7592,Men,Blue,Summer,2011,Sports,Nike Men's Dunk Low Blue Shoe,26
53531,Women,Pink,Summer,2017,Casual,Amante Women Pink Bikini Briefs PCLR02,21
44586,Men,Blue,Summer,2017,Casual,Lee Men Tino Blue Jeans,18
37074,Women,Black,Summer,2012,Casual,Lino Perros Women Black Handbag,119
4773,Women,Blue,Summer,2011,Sports,ADIDAS Women 3S Blue Capri,61
15324,Men,White,Fall,2011,Sports,Nike Men Printed White Sweatshirts,16
21111,Women,Purple,Fall,2011,Casual,s.Oliver Women Check Purple Top,49
40126,Boys,White,Summer,2012,Casual,Gini and Jony Boys Boxer White Shorts,47
24463,Men,Brown,Fall,2012,Casual,Numero Uno Men Brown Casual Shoes,3
10656,Women,Pink,Fall,2011,Casual,Doodle Girl Little frock Pink Tops,49
37848,Men,Black,Summer,2012,Casual,Hidekraft Men Black Wallet,170
57191,Women,White,Summer,2012,Casual,Elle Women White Top,49
56043,Women,Purple,Spring,2017,Casual,Colorbar Keep Blushing Full Finish Longwear Lipstick 08,98
11784,Women,Black,Summer,2011,Casual,Lee Women Solid Black Tshirts,40
32506,Men,Brown,Summer,2013,Casual,Franco Leone Men Brown Sandals,157
49299,Women,Beige,Summer,2016,Casual,Arrow Women Pack Of 5 Socks,75
42671,Women,Green,Summer,2012,Ethnic,Alma Women Green Kurta,87
3556,Men,Brown,Winter,2015,Casual,Skechers Men Dark Brown Lifestyle Shoe,3
26334,Women,Black,Winter,2016,Casual,DKNY Women Black Dial Watch NY4951,70
12101,Women,Pink,Fall,2011,Ethnic,W Women Printed Pink Kurtas,87
54714,Women,Charcoal,Summer,2012,Ethnic,Shree Women Charcoal Grey & Sea Green Printed Salwar Suit with Dupatta,109
6818,Men,Red,Summer,2011,Casual,Timberland Men's Grn Thng Red Flip Flop,81
2484,Women,White,Fall,2010,Sports,Puma Women Spagetti White Top,40
30251,Men,Green,Summer,2013,Casual,Numero Uno Men Green Flip Flops,81
22794,Men,Navy Blue,Fall,2011,Casual,Manchester United Men Navy Blue Tshirt,40
8982,Men,White,Fall,2011,Casual,Puma Men Evo Ducati Lo White Casual Shoes,3
51266,Men,Black,Summer,2012,Casual,Parx Men Black Belt,9
6024,Women,Green,Summer,2011,Casual,UCB Women's Boat Neck Chest Print Green T-shirt,40
47303,Women,Black,Fall,2012,Casual,Baggit Women Black Purse,50
26106,Men,Purple,Summer,2012,Formal,John Miller Men Striped Purple Shirt,67
12333,Women,Blue,Fall,2011,Casual,Spykar Women Ep Jeans Blue Jeans,18
3764,Men,Navy Blue,Summer,2011,Casual,Status Quo Men's London Icon Navy T-shirt,40
30063,Men,Grey,Winter,2016,Casual,Ed Hardy Men Grey Watch,70
48179,Women,Green,Winter,2016,Casual,Fossil Women Green Handbag,119
54526,Men,White,Fall,2012,Sports,F Sports Men White Zero Gravity Sports Shoes,26
18609,Men,Red,Fall,2010,Casual,Puma Men Polo Red Tshirt,40
35511,Men,Black,Summer,2012,Casual,Bata Men Lite Black Flip Flops,81
49897,Unisex,White,Winter,2016,Casual,Q&Q Kids Girls White Dial Watch,70
16793,Men,Blue,Fall,2011,Casual,Highlander Men Check Blue Shirt,67
51054,Women,Lavender,Summer,2017,Casual,Enamor Lavender Bra,128
50186,Women,Orange,Summer,2012,Casual,Paridhan Women Orange Printed Handbag,119
17641,Unisex,White,Fall,2013,Sports,Puma Unisex Cat White Headband,112
23474,Men,Grey,Winter,2015,Casual,Lino Perros Men Grey Check Scarf,62
48945,Men,Steel,Summer,2013,Casual,Revv Men Steel Ring,54
6216,Men,Black,Summer,2011,Casual,Lee Men's Printed Black T-shirt,40
47131,Women,White,Summer,2015,Casual,Be For Bag Women Pink Bag,119
37246,Men,Charcoal,Summer,2012,Casual,United Colors of Benetton Men Charcoal Shoes,3
5493,Men,Grey,Summer,2011,Casual,Mr.Men Men's Cool Soft Grey T-shirt,40
15116,Men,Grey,Fall,2011,Formal,Arrow Men TR Finish Grey Trousers,86
59239,Men,White,Winter,2016,Casual,Titan Men White Watch,70
21323,Men,Black,Winter,2016,Casual,Louis Philippe Men Sunglasses LP045-C5,113
36394,Men,Blue,Summer,2016,Casual,Reid & Taylor Men Reid & Taylor Blue Socks,75
4541,Men,White,Summer,2011,Casual,Classic Polo Men's White T-shirt with Navy Stripes,40
24651,Women,Beige,Winter,2015,Casual,Lino Perros Women Casual Handbag,119
10464,Men,Pink,Fall,2011,Casual,Flying Machine Men Mauvemist Pink Tshirts,40
40314,Unisex,White,Winter,2013,Casual,Warner Bros Kids Unisex White sandals,157
56271,Women,Nude,Summer,2017,Casual,Biara Women Nude Bra,128
25783,Men,Black,Summer,2012,Formal,Arrow Men Black & Beige Suspenders,10
27649,Men,Blue,Summer,2012,Casual,Superman Men Printed Blue T-shirt,40
16932,Men,Off White,Fall,2011,Casual,Spykar Men Off White Polo Tshirt,40
49636,Women,Blue,Summer,2012,Casual,Mineral Blue & White Skirt,111
19146,Men,Grey,Summer,2011,Casual,United Colors of Benetton Men Solid Grey Sweatshirt,16
55269,Women,Black,Summer,2019,Casual,Lakme Absolute Shine Line Black Eye Liner,51
2817,Men,Black,Summer,2012,Casual,Lee Cooper Men's Casual Leather Black Shoe,3
7559,Men,Black,Summer,2011,Sports,Nike Men's Black Polo T-shirt,40
25922,Women,Navy Blue,Summer,2012,Casual,Femella Women Navy Blue T-shirt,40
36509,Women,Brown,Summer,2012,Casual,United Colors of Benetton Women Brown Handbag,119
58576,Women,Yellow,Summer,2012,Casual,Puma Women Yellow T-shirt,40
14659,Men,Khaki,Fall,2011,Casual,Probase Men Solid LT.Khaki Trousers,86
33847,Men,White,Summer,2012,Casual,Puma Men Future Cat White Shoes,3
39541,Women,Maroon,Winter,2015,Casual,Bwitch Maroon Bra,128
38493,Boys,Blue,Summer,2012,Casual,Gini and Jony Boys Core Blue T-shirt,40
40589,Women,White,Summer,2012,Ethnic,Aurelia Women Printed White Kurta,87
44915,Men,Blue,Summer,2012,Casual,Puma Men Blue T-shirt,40
59696,Women,Cream,Summer,2014,Casual,Avirate Cream Brief,21
11925,Women,Black,Winter,2015,Casual,Skechers Women Tone Black Sandals,83
58744,Men,Burgundy,Summer,2012,Casual,Puma Men Burgundy T-shirt,40
41669,Women,Silver,Winter,2012,Casual,Catwalk Women Silver Heels,65
39773,Men,Navy Blue,Summer,2012,Casual,Peter England Men Navy Blue Casual Shirt,67
11119,Men,White,Fall,2011,Formal,Indigo Nation Men Solid White Shirts,67
5800,Men,Black,Summer,2011,Casual,ADIDAS Men's Chat Black T-shirt,40
33249,Men,White,Summer,2012,Formal,Arrow Men Blue Striped Shirt,67
2219,Men,Black,Fall,2010,Casual,ADIDAS Men's Black Shoe,3
34850,Men,White,Summer,2012,Sports,ADIDAS Men Falcon Elite White Sports Shoes,26
54189,Men,Red,Summer,2016,Casual,Jockey MC Men Red Pack of 2 Briefs 8003,21
35982,Women,Grey,Summer,2012,Casual,Flying Machine Women Grey T-shirt,40
8723,Men,White,Fall,2011,Casual,Indigo Nation Men Striped Yellow Shirt,67
22935,Women,Red,Winter,2016,Casual,Fastrack Women Red Casual Watch,70
28433,Women,Beige,Winter,2016,Formal,DKNY Women Beige Dial Watch NY8308,70
55867,Women,Pink,Spring,2017,Casual,Colorbar Oh My Magenta 2 Nail Lacquer 85V,90
22109,Men,White,Fall,2011,Sports,Reebok Men White Acciomax II Sports Shoes,26
5458,Men,Navy Blue,Summer,2011,Sports,Nike Men Training Knit Navy Blue Track Pant,12
58320,Men,White,Summer,2016,Sports,Jockey LCESCBRA Men White Pack of 3 Socks 2004,75
57368,Women,Brown,Winter,2015,Casual,Amante Women Brown Briefs PCLR02,21
14833,Men,Brown,Summer,2011,Casual,United Colors of Benetton Men Solid Brown Belts,9
39317,Boys,White,Summer,2012,Casual,Gini and Jony Boys Printed White T-shirt,40
25748,Men,Brown,Winter,2015,Casual,Lino Perros Men Leather Brown Belt,9
46814,Girls,Pink,Summer,2012,Casual,Gini and Jony Girls Pink Skirt,111
49060,Men,Black,Summer,2012,Casual,Flying Machine Men Black Shoes,3
50971,Women,White,Summer,2017,Casual,Enamor White Classique Bra,128
16758,Women,White,Winter,2015,Casual,Spice Art Women Double Handle Shimmer Handbags,119
31946,Men,Grey,Summer,2012,Casual,Nike Men Avid Grey Shoes,3
28057,Men,Black,Summer,2016,Casual,Jockey ELANCE Men Black Pack of 2 Briefs 1010,21
30894,Women,White,Summer,2012,Ethnic,Fabindia Women Printed White & Blue Patiala,56
34408,Men,Black,Summer,2012,Casual,Myntra Men Black Printed T-shirt,40
8175,Women,Brown,Winter,2015,Casual,Catwalk Women Casual Brown Flats,65
7901,Men,Cream,Fall,2011,Casual,Proline Men's Printed Chalk Cream Brown T-shirt,40
19522,Men,Navy Blue,Fall,2011,Casual,United Colors of Benetton Men Check Navy Blue Sweater,155
13018,Women,Black,Winter,2012,Casual,Inc 5 Women Casual Black Flats,65
48380,Men,Black,Summer,2012,Casual,French Connection Men Charcoal Trousers,86
43768,Women,Black,Summer,2012,Casual,Royal Diadem Black Earrings,143
8949,Men,Grey,Fall,2011,Formal,Indigo Nation Men ID Printed Grey Trousers,86
13824,Men,Maroon,Fall,2011,Casual,Proline Men White & Maroon Colourblocked Beanie,93
28265,Men,Blue,Spring,2017,Casual,Gatsby Men Classic Deo,154
58112,Women,Brown,Fall,2012,Casual,Rreverie Dark Brown & Turquoise Earrings,143
20008,Men,Orange,Fall,2011,Casual,United Colors of Benetton Men Printed Orange TShirt,40
57966,Women,Multi,Fall,2012,Ethnic,Prafful Multi Coloured Sari,20
52428,Women,Peach,Winter,2015,Casual,Red Rose Women Peach Nightdress,7
37883,Unisex,Multi,Summer,2016,Casual,Happy Socks Unisex Multi Color Socks,75
56088,Women,Brown,Spring,2017,Casual,Colorbar Star Shine Shock-o-Late Lip Gloss 04,59
39125,Women,Purple,Fall,2012,Casual,Aneri Women Purple Leggings,161
37279,Women,Pink,Summer,2012,Casual,Tantra Women Pink Curly Heart T-shirt,40
15129,Men,Grey,Fall,2011,Casual,Arrow Sport Men Solid DK.Grey Trousers,86
45659,Men,White,Summer,2016,Casual,Park Avenue Men White Innerwear Vest,13
38231,Women,Black,Winter,2016,Casual,Polaroid Women Sunglasses,113
15915,Men,Purple,Fall,2011,Formal,Black Coffee Men Check Purple Slim Fit Shirt,67
11589,Women,Red,Summer,2011,Ethnic,W Women Printed Red Kurta,87
26139,Men,Grey,Summer,2012,Formal,John Miller Men Grey Trousers,86
51857,Men,Beige,Summer,2012,Casual,Highlander Men  Blue & Beige Check  Shirt,67
49094,Women,Purple,Spring,2017,Casual,Deborah Kajal 119,51
48146,Women,Black,Winter,2016,Casual,Fossil Women Black and Brown Wallet,170
2689,Women,Purple,Summer,2011,Casual,Inkfruit Women Happy Dolphin Purple T-shirt,40
9261,Men,Red,Fall,2011,Formal,Mark Taylor Men Red Striped Shirt,67
50985,Women,White,Summer,2017,Casual,Enamor Women White Brief,21
54519,Men,Navy Blue,Fall,2012,Casual,F Sports Men Navy Blue Vito Shoes,3
18636,Men,White,Fall,2011,Sports,Puma Men V.11 Speed  White Tshirts,40
26905,Women,Off White,Summer,2012,Casual,Jealous 21 Women Off White Top,49
29171,Girls,Blue,Summer,2012,Casual,United Colors of Benetton Kids Girls Washed Blue Skirt,111
22599,Women,Yellow,Fall,2011,Sports,Nike Women Yellow T-shirt,40
30860,Women,Maroon,Summer,2012,Ethnic,Fabindia Women Printed Maroon Kurta,87
3569,Men,Brown,Summer,2011,Casual,ADIDAS Mens Lightbone Brown Sandal,157
8181,Men,Purple,Summer,2011,Casual,Locomotive Men Check Ladislav Purple Shirts,67
18404,Men,Brown,Fall,2011,Casual,Skechers Men USA Brown Shoe,3
6827,Women,Blue,Summer,2011,Casual,Timberland Women Belle Isld Boat Ball Black Floater,114
48374,Men,Purple,Summer,2012,Casual,French Connection Men Purple & Black Striped Shirt,67
9053,Men,Grey,Fall,2011,Sports,ADIDAS Men Duramo 3 M Grey Sports Shoes,26
51259,Men,Black,Summer,2012,Formal,Park Avenue Men Black Belt,9
29343,Men,White,Summer,2012,Casual,Probase Men Printed White T-shirt,40
12902,Women,Black,Fall,2011,Casual,Puma Women Cabana Racer SL Black Casual Shoes,3
28291,Men,Black,Winter,2016,Casual,Fastrack Men Black Sunglasses,113
23679,Men,Black,Summer,2011,Casual,Red Tape Men Mocassins Black Casual Shoes,3
40925,Boys,Blue,Summer,2012,Casual,Gini and Jony Boys Comics Blue Jeans,18
57992,Women,Purple,Fall,2012,Casual,Latin Quarters Women Purple Shirt,67
36199,Boys,Black,Summer,2012,Casual,Gini Jony Boys Polo Black T-Shirt,40
59034,Women,Bronze,Winter,2012,Casual,Carlton London Women Black Heels,65
38003,Men,Black,Winter,2016,Casual,Q&Q Men Black Watch,70
40119,Women,Orange,Summer,2012,Casual,ADIDAS Women Orange T-shirt,40
10669,Men,Grey,Fall,2011,Casual,Doodle Boy Road Trip Grey Tshirts,40
37877,Unisex,Cream,Summer,2016,Casual,Happy Socks Unisex Cream Socks,75
21912,Women,Orange,Fall,2011,Ethnic,Biba Women Orange & Purple Churidar Kurta with Dupatta,109
32539,Men,Black,Spring,2017,Casual,Playboy Men Malibu Perfume,38
48710,Women,Silver,Summer,2013,Casual,Lucera Women Silver Earrings,143
9437,Unisex,Black,Fall,2012,Casual,Nike Unisex Brasilia 5 Me Black Backpacks,64
17814,Men,Black,Fall,2011,Casual,Lee Cooper Men  Black Casual Shoe,3
17028,Men,Grey,Spring,2013,Casual,GAS Men Grey Pine Flip Flops,81
3931,Women,Black,Summer,2011,Casual,Jealous 21 Women's Black Butterfly T-shirt,40
29727,Women,Green,Summer,2012,Casual,Kiara Women Leatherette Light Green Handbag,119
35378,Women,Green,Summer,2012,Casual,Senorita Women Green Flats,65
4328,Unisex,Red,Summer,2011,Casual,Tantra Kid's Unisex Cute Mom Red Kidswear,40
20498,Women,Navy Blue,Winter,2015,Casual,Baggit Women Galaxy Exel Navy Blue Handbag,119
56418,Women,Black,Summer,2017,Casual,Biara Women Black Bra,128
52884,Women,Orange,Fall,2012,Ethnic,FNF Orange Printed Sari,20
38467,Women,Purple,Summer,2012,Casual,Baggit Women Purple Wallet,170
21778,Men,Brown,Fall,2011,Casual,Fossil Men Maxim Brown Belt,9
59662,Women,Multi,Fall,2012,Ethnic,FNF Multi Colour Evening Wear Sari,20
10803,Men,White,Fall,2011,Casual,Wrangler Men Dodge Broad Accent Check White Shirts,67
53358,Men,Black,Summer,2012,Casual,Puma Men Black Twinkle Belt,9
4926,Women,Green,Summer,2011,Casual,Gini and Jony Girl's Valencia Green Blue Infant Kidswear,49
38655,Men,White,Summer,2012,Sports,Nike Men Air Impetus II White Sports Shoes,26
48522,Women,Blue,Winter,2011,Casual,French Connection Women Blue Jumpsuit,78
23813,Men,Black,Summer,2012,Casual,Puma Men Jiff Black Flip Flops,81
9605,Men,Green,Fall,2011,Casual,Scullers Men Scul Green White Shirts,67
19380,Men,Grey,Summer,2016,Casual,Crusoe Men Grey Boxers 1017,122
12768,Women,Green,Fall,2011,Ethnic,Mother Earth Women Plain Mangalgiri Green Tunics,148
34098,Boys,Multi,Summer,2012,Casual,Doodle Boys Check Multi Coloured Shirt,67
54941,Women,Teal,Summer,2012,Casual,Do u speak green Women Teal Top,49
55893,Women,Green,Spring,2017,Casual,Colorbar Apple Martini Nail Lacquer 06,90
42824,Women,Red,Summer,2012,Casual,Little Miss Intimates Women Red Brief,21
14462,Women,Gold,Summer,2012,Casual,Enroute Women Casual Gold Peep Toes,65
36732,Women,Blue,Summer,2012,Casual,Spykar Women Liana Blue Jeans,18
5809,Women,Black,Summer,2011,Casual,Puma Women Black Capris,61
57705,Women,White,Spring,2017,Casual,Lotus Herbals Sandalwood Sun Screen,42
33240,Men,Blue,Summer,2012,Formal,Arrow Men Blue Striped Shirt,67
32392,Women,Grey,Summer,2012,Formal,Arrow Woman Grey Shirt,67
41660,Men,Blue,Summer,2012,Formal,Mark Taylor Men Blue Striped Shirt,67
11110,Men,White,Fall,2011,Formal,Indigo Nation Men Check White Shirts,67
25325,Men,Black,Summer,2017,Casual,Casio Edifice Men Multi-Dial Watch EF-334D-1AVDF(ED420),70
55052,Women,Purple,Spring,2017,NA,Lakme Enrich Satins Lipstick 134,98
12795,Men,Yellow,Fall,2011,Casual,Nike Men Brazil Yellow Tshirts,40
2210,Men,Black,Fall,2010,Sports,ADIDAS Men 3 Stripe Black Polo T-shirt,40
43137,Men,Maroon,Spring,2017,Casual,David Beckham Men Intense Instinct Perfume,38
34859,Unisex,White,Summer,2012,Casual,Vans Unisex Classic Slip-On White Shoes,3
27472,Women,Black,Summer,2017,Casual,Jockey Essence Black Bra 2001,128
22100,Women,Blue,Fall,2011,Ethnic,Vishudh Women Printed Blue Kurta,87
16335,Men,Navy Blue,Fall,2011,Formal,Peter England Men Stripes Navy Blue Shirt,67
50520,Men,Grey Melange,Summer,2016,Casual,Chromozome Men Grey Melange Innerwear Vest,13
34065,Girls,Black,Summer,2012,Casual,Gini and Jony Girls Black Dress,166
47597,Women,Beige,Winter,2014,Casual,Portia Women Beige Wedges,65
31725,Women,Silver,Winter,2016,Ethnic,Fabindia Women Anusuya Silver Pendant,129
8518,Women,Purple,Summer,2011,Casual,Nike Women Nike Purple Tote Purple Bags,119
26792,Men,Blue,Summer,2013,Formal,Arrow Men Blue Striped Slim Fit Shirt,67
55260,Women,Green,Spring,2017,Casual,Lakme Forever Silk Jaded Mint Eye Liner,51
13475,Women,Brown,Winter,2014,Casual,Rocia Women Brown Flats,83
27640,Men,Grey,Summer,2012,Sports,Reebok Men Grey Premier Trinity Sports Shoes,26
43305,Women,Pink,Summer,2012,Casual,United Colors of Benetton Women Pink Shirt,67
22332,Men,Maroon,Fall,2011,Casual,John Players Men Solid Maroon Polo T-Shirt,40
16107,Women,Black,Winter,2016,Casual,M tv Women My Fab Eyewear Black Sunglasses,113
46677,Women,Purple,Spring,2017,Casual,Rasasi Women Pack of 3 Perfumes,38
7550,Men,Blue,Summer,2011,Sports,Nike Men's Teal Blue Polo T-shirt,40
19973,Men,Grey,Fall,2011,Casual,United Colors of Benetton Men Solid Grey Cap,93
6482,Men,Black,Summer,2011,Casual,ADIDAS Men's Strip Polo Black Green T-shirt,40
34257,Men,Charcoal,Summer,2013,Sports,Proline Men Charcoal Tracksuit,101
50712,Men,Red,Summer,2016,Casual,Chromozome Men Red Trunks,106
28608,Men,White,Summer,2012,Sports,Nike Men Dart VII Leather White Sports Shoes,26
20465,Women,Red,Winter,2015,Casual,Baggit Women Red Famous Taj Wallet,170
14650,Men,Blue,Fall,2011,Casual,Probase Men Face Print Blue Tshirts,40
36500,Women,Brown,Summer,2012,Ethnic,Folklore Women Brown Kurta,87
15782,Men,Navy Blue,Summer,2016,Casual,Facit Men Navy Blue String Bikini Briefs,21
52045,Unisex,Black,Summer,2012,NA,Just Natural Unisex Black and Grey Reversible Rain Jacket,35
33072,Men,Blue,Summer,2012,Casual,U.S.Polo Assn Men Blue Polo T-shirt,40
25117,Women,Pink,Winter,2015,Casual,Lino Perros Women Beaded Pink Clutch,50
52879,Women,Magenta,Fall,2012,Ethnic,FNF Magenta Printed Sari,20
41452,Men,White,Summer,2012,Casual,Lee Cooper Men White Shoes,3
27224,Women,White,Summer,2012,Casual,Doodle Kids Girl Printed White Dress,166
30293,Men,Off White,Summer,2012,Casual,Myntra Men Love Off White T-shirt,40
3594,Men,White,Summer,2011,Casual,Converse Men's Chuck Taylor Print OX White Canvas Shoe,3
7908,Men,Cream,Fall,2012,Casual,Proline Men Cream & Purple Striped Polo T-shirt,40
34633,Men,Black,Summer,2012,Sports,Lotto Men Dolce Vita II Black Sports Shoes,26
50376,Men,Black,Summer,2012,Casual,Woodland Men Black Shoes,3
9892,Men,White,Fall,2011,Formal,Indian Terrain Men Laffer Off-White Trousers,86
23684,Men,Brown,Fall,2011,Casual,Newhide Brown Men Antique Wallet,170
22756,Women,Red,Fall,2011,Ethnic,BIBA Women Solid Red Kurta,87
8940,Men,Red,Fall,2011,Casual,Indigo Nation Men Reversible Bling Red Shirts,67
7134,Men,Navy Blue,Fall,2011,Casual,Urban Yoga Men Bottom Navy Yoga Pants,12
36164,Men,Grey,Summer,2012,Casual,Status Quo Men Grey T-shirt,40
39910,Men,Blue,Summer,2012,Sports,ADIDAS Men Blue & Red F10 Sports Shoes,26
52421,Women,Multi,Summer,2017,Casual,Red Rose Women Multi Coloured Nightdress,7
20001,Men,Green,Summer,2011,Casual,United Colors of Benetton Men Printed Green T-shirt,40
44544,Men,Black,Summer,2012,Casual,Coolers Men Black Sandals,157
56081,Women,Silver,Spring,2017,Casual,Colorbar Clear Glaze Star Shine Lip Gloss 015,59
11746,Men,Yellow,Summer,2011,Casual,Lee Men Yellow Polo T-shirt,40
25573,Men,White,Summer,2012,Sports,FILA Men Trempet White Sports Shoes,26
41036,Men,Black,Winter,2016,Casual,Nautica Men Black Dial Chronograph Watch,70
33416,Women,Purple,Fall,2012,Casual,Baggit Women Purple Wallet,170
10694,Women,Pink,Fall,2011,Casual,Doodle Girl Be Born Pink Tops,49
57153,Women,Peach,Summer,2012,Casual,Elle Women Peach T-shirt,40
4583,Unisex,Grey,Winter,2015,Casual,Wildcraft Unisex Grey Backpack,64
36356,Men,Yellow,Summer,2012,Formal,Reid & Taylor Men Yellow Patterned Tie,132
44776,Men,Black,Summer,2010,Casual,Lotto Men Black Dolce Vita Shoes,3
5451,Men,Blue,Summer,2011,Sports,Nike Men's Tempo Blue Short,47
37284,Women,Purple,Summer,2012,Casual,Tantra Women Purple Shopping T-shirt,40
20233,Women,Red,Fall,2011,Casual,Wrangler Women Felt Grey Sweater,155
58329,Men,Red,Summer,2012,Casual,Lotto Men Red Flip Flops,81
14006,Men,Black,Fall,2011,Sports,Nike Men Solid Black Jerseys,40
11574,Women,Grey,Summer,2011,Ethnic,W Women Printed Grey Kurtas,87
25741,Women,Brown,Summer,2012,Casual,Wrangler Women Leather Brown Wallet,170
24693,Men,Grey,Summer,2011,Casual,Locomotive Men Grey Printed T-Shirt,40
57361,Women,Pink,Winter,2015,Casual,Amante Pink Printed Full-Coverage Bra BGTC01,128
33624,Women,Brown,Summer,2012,Casual,Lino Perros Women Brown Wallet,170
50978,Women,Maroon,Summer,2017,Casual,Enamor Masai Lift Bra,128
2674,Men,Black,Summer,2011,Casual,Inkfruit Men's State Trance Black T-shirt,40
43553,Men,Black,Summer,2012,Casual,Puma Men Black Complete Running Cap,93
13223,Men,Blue,Fall,2011,Casual,Palm Tree Kids Boys Washed Blue Shorts,47
27016,Women,Blue,Summer,2012,Casual,Jealous 21 Women Washed Blue Jeans,18
19719,Men,Grey,Fall,2011,Casual,United Colors of Benetton Men Stripes Grey Shirt,67
55436,Women,Pink,Spring,2017,Casual,Revlon Raspberry Colorburst Lipstick 045,98
49069,Women,Pink,Summer,2012,Casual,Lino Perros Women Pink Handbag,119
31173,Girls,White,Summer,2012,Casual,Gini and Jony Girls Printed White Top,49
17683,Women,Black,Winter,2015,Casual,Catwalk Women Ballerina Black Casual Shoe,3
34401,Men,Black,Summer,2012,Casual,Myntra Men Black Printed T-shirt,40
46021,Women,Orange,Summer,2012,Ethnic,Fabindia Women Orange Kurti,115
7306,Women,White,Summer,2011,Casual,UCB Women's Sleeveless Off White Dress,166
49855,Unisex,Black,Winter,2016,Casual,Q&Q Kids Unisex Black Digital Watch,70
22564,Women,Black,Winter,2015,Casual,Lino Perros Black Women Casual Sling Bag,119
16751,Women,Copper,Winter,2015,Casual,Spice Art Women Copper Leartherite Multi Clutch,50
54722,Women,Yellow,Fall,2012,Ethnic,Shree Women Yellow & Red Printed Salwar Suit with Dupatta,109
30267,Men,Brown,Summer,2017,Casual,Speedo Men Sheet Sunglasses,113
43795,Women,Gold,Summer,2012,Ethnic,Royal Diadem Magenta Earrings,143
42647,Women,Purple,Summer,2012,Ethnic,Alma Women Purple Printed Kurta,87
8188,Men,Purple,Summer,2011,Casual,Locomotive Men Solid Poplin Laidley Purple Shirts,67
3560,Men,White,Winter,2015,Casual,Skechers Men Off White Lifestyle Casual Shoe,3
12137,Women,Navy Blue,Fall,2011,Ethnic,Aurelia Women Solid Navy Blue Kurtas,87
6012,Men,White,Summer,2011,Casual,Highlander Men White Casual Checked Slim Fit Shirt,67
47335,Women,Green,Summer,2012,Casual,Baggit Women Green Handbag,119
9866,Men,Pink,Fall,2011,Casual,Status Quo Men Pink Polo Tshirts,40
17445,Men,Black,Winter,2016,Casual,Casio Enticer Men Black Analogue Watches (BS063) BEM-501L-1AVDF,70
50382,Women,Cream,Summer,2012,Ethnic,Vishudh Women Printed Cream Salwar and Dupatta,127
23670,Men,Green,Fall,2011,Casual,Spykar Men Green Printed T-shirts,40
28298,Men,Black,Winter,2016,Casual,Fastrack Men Sunglasses,113
56849,Men,Navy Blue,Fall,2012,Casual,John Players Men Navy Regular Fit Jeans,18
4745,Men,Green,Summer,2011,Sports,ADIDAS Men's Green Polo T-shirt,40
15312,Women,Blue,Fall,2011,Casual,ADIDAS Women Neo Feather Blue Sandals,114
21127,Women,Navy Blue,Fall,2011,Casual,s.Oliver Women Printed Navy Blue Top,49
38836,Women,Blue,Summer,2012,Casual,Latin Quarters Women Blue Dress,166
53507,Women,Nude,Winter,2015,Casual,Amante Nude-Coloured Full-Coverage Bra BFOM12,128
5697,Men,Black,Winter,2015,Casual,Skechers Men Black Casual Shoes,3
56075,Women,Mauve,Spring,2017,Casual,Colorbar Plum Lip Liner/Crayon 004,134
25587,Women,Black,Fall,2011,Ethnic,Vishudh Women Black & Purple Printed Churidar Kurta with Dupatta,109
32530,Men,Blue,Spring,2017,Casual,Tonino Lamborghini Men Pack of 2 Deos,154
40110,Men,Blue,Summer,2012,Casual,ADIDAS Men Blue Tracksuit,101
24455,Women,White,Summer,2012,Casual,Nike Women Court Majestic White Shoes,26
10660,Women,Blue,Fall,2011,Casual,Doodle Girl Hot shorts ice wash Blue Shorts,47
15120,Men,Charcoal,Fall,2011,Formal,Arrow Men Wooltouch Charcoal Trousers,86
21315,Women,Black,Winter,2016,Casual,Celine Dion Women Black Frame Sunglasses,113
4577,Men,Red,Summer,2011,Sports,Nike Men's Mercurial Vic Pink Shoe,26
45650,Men,Black,Summer,2016,Casual,Park Avenue Men Black Trunks,106
44782,Men,White,Summer,2010,Sports,Lotto Men White Los Angeles II Sports Shoes,26
53735,Men,Brown,Summer,2012,Casual,Puma Men Brown Vintage Ferrari Shoes,3
11580,Women,White,Summer,2011,Ethnic,W Women Printed White Kurtas,87
56247,Men,Grey Melange,Summer,2016,Casual,SDL by Sweet Dreams Men Grey & Blue Pyjama Set,146
57395,Women,Brown,Winter,2015,Casual,Amante Women Brown Briefs PGBR01,21
10452,Men,Grey,Fall,2011,Casual,Flying Machine Men HS Grey Tshirts,40
40322,Men,White,Spring,2013,Sports,ADIDAS Men White Sparta Sports Shoes,26
38238,Men,Black,Winter,2016,Casual,Polaroid Men Sunglasses,113
9268,Men,White,Fall,2011,Casual,Scullers Men White Check Shirt,67
2680,Men,Blue,Summer,2011,Casual,Inkfruit Men's Indian Rule Blue T-shirt,40
30055,Men,Black,Winter,2016,Casual,Skagen Men Black Dial Watch,70
28896,Women,Maroon,Summer,2017,Casual,Enamor Women Maroon Mid-Rise Bikini Brief,21
54510,Women,Brown,Summer,2012,Casual,Lino Perros Women Brown Handbag,119
12305,Men,Navy Blue,Fall,2011,Formal,Genesis Men Check Navy Blue Shirts,67
29944,Men,Black,Winter,2016,Casual,Police Men Black Dial Watch PL13088JS-02,70
3752,Men,Green,Summer,2011,Casual,Status Quo Men's Music Revolution Green T-shirt,40
31187,Men,Black,Summer,2015,Casual,Cabarelli Men Accessory Gift Set,156
17677,Women,Tan,Winter,2015,Casual,Catwalk Women Weaved Strap Tan Flats,65
30869,Women,Beige,Summer,2012,Ethnic,Fabindia Women Printed Beige Kurta,87
23442,Women,Orange,Fall,2011,Casual,Satya Paul Women Orange Printed Tunic,148
6220,Men,Orange,Summer,2011,Casual,Lee Men's Believe Burnt Orange T-shirt,40
22590,Men,Grey,Fall,2011,Sports,Nike Men Solid Grey Shorts,47
29178,Women,Blue,Summer,2012,Casual,United Colors of Benetton Women Washed Blue Jeans,18
14496,Men,Grey,Fall,2011,Casual,Flying Machine Men Casual Grey Casual Shoes,3
15544,Women,Black,Winter,2015,Casual,Catwalk Women Casual Black Heels,65
4113,Men,White,Summer,2011,Casual,Fila Men's Bruno White Shoe,3
45234,Men,Black,Winter,2016,Casual,Casio Youth Series Men Analog-Digital Watch AW-80-1AVDFAD84,70
40746,Women,Black,Winter,2012,Casual,Roxy Women Black Cap,93
32366,Men,Black,Winter,2016,Casual,Q&Q Men Black Watch,70
41694,Men,Black,Summer,2016,Casual,Superman Men Black Printed Lounge Pants,68
26554,Men,Blue,Fall,2012,Casual,ID Men Blue Shoes,3
19389,Men,White,Fall,2011,Casual,ADIDAS Men Printed White Tshirt,40
42011,Men,Grey,Summer,2015,Casual,Estd. 1977 Men Grey Sandals,157
3336,Men,Blue,Fall,2010,Sports,ADIDAS Men's Mumbai Indians Rage Blue T-shirt,40
54174,Women,Gold,Summer,2012,Casual,Femella Golden Necklace,151
27486,Women,Purple,Winter,2015,Casual,Jockey Women Purple Bikini Briefs,21
35143,Women,Black,Summer,2012,Casual,Allen Solly Women Black Handbag,119
7796,Men,Grey,Fall,2011,Casual,Proline Men Grey Polo T-shirt,40
51406,Men,Yellow,Summer,2012,Casual,Myntra Men Yellow Striped Shirt,67
17213,Women,Purple,Winter,2016,Casual,United Colors of Benetton Women Funky Eyewear Purple Sunglasses,113
34091,Girls,Grey,Summer,2012,Casual,Doodle Girls Printed Grey Top,49
54948,Men,Grey Melange,Summer,2012,Casual,Do u speak green Men Grey Sweatshirt,16
6644,Women,White,Summer,2011,Sports,Nike Women Transform III IN White Shoe,26
47563,Women,Black,Winter,2012,Casual,Portia Women Black Sandals,65
42223,Women,Blue,Summer,2012,Casual,Sepia Women Blue Striped Top,49
3104,Men,Blue,Summer,2011,Casual,Probase Men's Wtf Turquoise T-Shirt,40
55294,Women,Pink,Spring,2017,Casual,Lakme Absolute Beigeshine Plump & Shine Lip Gloss,59
54346,Men,Black,Summer,2016,Casual,Levis Men 3 Pair Of Socks,75
13481,Women,Black,Fall,2011,Casual,Rocia Women Black Flats,83
30603,Boys,Maroon,Summer,2012,Sports,Nike Boys Basketball Red Shorts,47
3938,Women,White,Summer,2011,Casual,Jealous 21 Women's White Blue T-shirt,40
51634,Women,White,Winter,2016,Casual,Fossil Women White Dial Chronograph Watch ES2783,70
46683,Men,Blue,Spring,2017,Casual,Rasasi Men Romance Forever Perfume,38
19987,Women,Blue,Summer,2011,Casual,United Colors of Benetton Women Solid Blue Top,49
18855,Men,Blue,Fall,2011,Casual,Puma Men Athletic Stellar Blue Polo Tshirt,40
6476,Men,White,Summer,2011,Casual,ADIDAS Men's Fit White T-shirt,40
17021,Women,Black,Winter,2012,Casual,Rocia Women Casual Black Sandal,83
23214,Women,Cream,Fall,2011,Ethnic,Aneri Women Sagar Cream Kurta,87
20491,Women,Maroon,Winter,2015,Casual,Baggit Women Knotty Taj Maroon Handbag,119
4321,Unisex,Red,Summer,2011,Casual,Tantra Kid's Unisex Genius Red Kidswear,40
45006,Men,Grey,Winter,2016,Casual,Maxima Men Attivo Digital Watch,70
15776,Men,Blue,Summer,2016,Casual,Facit Men Trophy BF Blue Briefs,21
59459,Women,Silver,Summer,2015,Casual,Lucera Silver Ring,54
21543,Women,Black,Winter,2015,Casual,Kiara Women Small Pocket Black Handbag,119
40574,Women,White,Summer,2012,Ethnic,W Women White Kurta,87
1653,Men,Brown,Summer,2010,Sports,Reebok Men's Ventilator Ubiq Shoe,26
33086,Women,Red,Winter,2015,Casual,Catwalk Women Red Flats,65
10204,Women,Purple,Winter,2015,Casual,Murcia Women Hahk Purple Handbags,119
56411,Men,Brown,Spring,2013,Casual,GAS Men Brown Savana Sandals,157
48184,Women,Brown,Winter,2016,Casual,Fossil Women Brown Handbag,119
50947,Women,Blue,Summer,2013,Casual,Lee Womens Blue Jeggings,18
27029,Women,Blue,Summer,2012,Casual,Jealous 21 Women Blue Capris,61
19726,Women,Black,Summer,2011,Casual,United Colors of Benetton Women Solid Black Shirt,67
55409,Women,Brown,Spring,2017,Casual,Revlon ColorStay Overtime Everlasting Rum Lipcolor 370,98
46822,Women,Multi,Winter,2015,Casual,Catwalk Women Multicoloured Heels,65
51895,Women,Brown,Summer,2016,Casual,Nyk Women Brown Wallet,170
8371,Girls,Yellow,Fall,2011,Casual,Doodle Girl's Dont Worry Hippie Yellow Teen Kidswear,40
3799,Unisex,Pink,Summer,2011,Casual,Tantra Kid's Cartoon Pink Kidswear,40
49056,Women,Silver,Summer,2012,Casual,Lucera Women Silver Ring,54
23489,Men,Black,Fall,2011,Sports,FILA Men Forza 11 Black Sports Shoes,26
28061,Men,Grey Melange,Winter,2016,Casual,Jockey ELANCE Men Pack Of Two Grey Briefs 1010,21
27815,Men,Brown,Summer,2013,Casual,Bulchee Men Brown And Black Reversible Belt,9
31970,Men,Black,Summer,2012,Sports,Nike Men Lengo Black Sports Shoes,26
36369,Men,Blue,Summer,2012,Formal,Reid & Taylor Men Blue Tie,132
44749,Men,Grey,Summer,2012,Casual,Globalite Men Grey Tracker Shoes,3
58316,Men,White,Summer,2016,Sports,Jockey LCESCBRA Men White Pack of 3 Socks 2004,75
14039,Men,Green,Winter,2016,Casual,Flying Machine Men Check Green Shirts,67
39321,Girls,Blue,Summer,2012,Casual,Gini and Jony Girls Blue Capris,61
10499,Women,Yellow,Fall,2011,Casual,Flying Machine Women Aspen Yellow Tshirts,40
14805,Women,Black,Summer,2011,Casual,United Colors of Benetton Women Solid Black Handbags,119
56882,Women,Red,Winter,2012,Casual,HM Women Red Heels,65
37089,Women,Brown,Summer,2012,Casual,Lino Perros Women Brown Handbag,119
57950,Men,Brown,Spring,2012,Formal,Clarks Men Brown Formal Shoes,23
41009,Girls,Navy Blue,Summer,2012,Casual,Gini and Jony Girls Woven Navy Blue Jeans,18
39113,Men,Red,Summer,2012,Casual,Angry Birds Men Red Printed T-shirt,40
58918,Men,Red,Summer,2012,Casual,Hakashi Men Red & Black Silk Tie,132
33429,Women,Teal,Fall,2012,Casual,Baggit Women Naughty Lips Teal Handbag,119
20802,Men,White,Fall,2010,Sports,Fila Men Racer White Sports Shoes,26
9091,Men,Maroon,Winter,2011,Casual,Buckaroo Men Amigo Maroon Casual Shoes,3
2479,Men,Grey,Fall,2010,Casual,Puma Men's Foundation Grey Polo T-shirt,40
8143,Women,Black,Winter,2016,Casual,Fastrack Women Bikers Analog Steel Black Watch,70
7937,Men,Green,Fall,2011,Sports,Puma Men's Tech Graphic Green Black T-shirt,40
19514,Men,Black,Fall,2011,Casual,Wrangler Leather Men Black Wallets,170
13812,Men,Navy Blue,Fall,2011,Casual,Proline Navy Striped Sweater,155
28253,Men,Black,Spring,2017,Casual,Wild stone Men Smoke Deo,154
50349,Women,Red,Summer,2012,Ethnic,Aurelia Women Red Kurta,87
22769,Women,Maroon,Fall,2011,Ethnic,BIBA Women Printed Maroon Kurta,87
33871,Men,Black,Winter,2016,Casual,Citizen Men Black Dial Chronograph Watch,70
58540,Men,Grey,Winter,2016,Casual,Miami Blues Men Sunglasses,113
5238,Men,Brown,Summer,2011,Casual,Reebok Men's Lazor Brown Flip Flop,81
25914,Women,Olive,Summer,2012,Casual,Femella Women Olive Leggings,161
21588,Men,Grey,Summer,2011,Casual,Inesis Men Solid Grey Tshirt,40
53994,Women,White,Summer,2012,Casual,Kiara Women White Handbag,119
57508,Men,Brown,Summer,2012,Casual,Lee Cooper Men Brown Sandals,157
44923,Men,Blue,Summer,2012,Casual,Jack & Jones Men Blue Jeans,18
25128,Women,Silver,Winter,2015,Casual,Lino Perros Women Gems Silver Clutch,50
52846,Women,White,Summer,2012,Casual,Adrika White Earrings,143
39577,Women,Pink,Winter,2015,Casual,Catwalk Women Pink Flats,65
8527,Men,Black,Summer,2011,Casual,Nike Men Nike air embark Black Sandals,157
49600,Women,White,Winter,2015,Casual,Catwalk Women White Flats,65
12598,Unisex,Orange,Fall,2011,Casual,Tantra Unisex Printed Orange Tshirts,40
19170,Men,Olive,Summer,2011,Casual,United Colors of Benetton Men Printed Olive TShirt,40
16138,Women,Grey,Fall,2011,Casual,Tokyo Talkies Women Printed Grey Top,40
34268,Women,Purple,Summer,2012,Ethnic,Fabindia Women Printed Purple Dupatta,6
28637,Men,Black,Summer,2012,Sports,Nike Men Air Relentless Black Sports Shoes,26
2821,Men,Brown,Summer,2012,Formal,Lee Cooper Men Formal Leather Brown Sandal,157
19342,Women,Black,Fall,2011,Casual,United Colors of Benetton Women Solid Black Jacket,145
13678,Women,Silver,Fall,2011,Sports,ADIDAS Women Blazer Sports Shoes,26
18290,Women,Orange,Fall,2011,Ethnic,Aneri Women Shabarana Orange Kurta,87
55851,Women,Blue,Spring,2017,Casual,Colorbar Pro Magnificent Sea Nail Lacquer 037,90
35188,Women,Pink,Spring,2013,Casual,Wildcraft Women Pink Backpack,64
43934,Women,Black,Winter,2012,Casual,Catwalk Women Black Heels,65
28405,Men,Black,Winter,2016,Casual,Idee Men Black Sunglasses,113
54983,Women,Pink,Summer,2017,Casual,Femella Women Pink Lounge Pants,68
20668,Men,Maroon,Fall,2011,Casual,Classic Polo Men Striped Maroon Tshirt,40
11913,Men,Black,Summer,2013,Casual,Franco Leone Men Casual Black Sandals,157
5836,Men,Pink,Summer,2011,Casual,ADIDAS Men's Gdancin Pink T-shirt,40
39745,Boys,Blue,Summer,2012,Casual,Gini Jony Boys Blue Shorts,47
33885,Men,Steel,Winter,2016,Casual,Citizen Men Steel Eco-Drive Watch,70
37419,Women,Red,Summer,2012,Casual,Murcia Women Office Red Handbag,119
24832,Unisex,Blue,Winter,2015,Casual,Wildcraft Unisex Blue & Black Backpack,64
45039,Men,White,Winter,2016,Casual,Maxima Men White Dial Attivo Watch,70
15749,Men,Navy Blue,Fall,2011,Casual,Highlander Men Solid Navy Blue Trousers,86
38451,Women,Teal,Summer,2012,Casual,Baggit Women Teal Selection Jack Sling Bag,119
39583,Women,Red,Summer,2016,Casual,Catwalk Women Red Flats,65
19184,Men,Red,Fall,2011,Casual,United Colors Of Benetton Men Red Check Shirt,67
18056,Women,Brown,Winter,2015,Casual,Lino Perros Women Solid Brown Wallet,170
48726,Women,Silver,Summer,2015,Casual,Lucera Women Silver Earrings,143
9401,Men,Blue,Fall,2011,Sports,Nike Men Lunarswi + 2 Blue Sports Shoes,26
17822,Men,Black,Fall,2011,Formal,Lee Cooper Men  Black Formal Shoe,23
3907,Women,Cream,Summer,2011,Casual,Urban Yoga Women's Fitted Yoga Cream Track Pant,12
29711,Men,Blue,Summer,2012,Formal,John Miller Men Check Blue Shirt,67
6449,Women,Black,Summer,2011,Casual,Lotto Women's Cross Color Beige Black Flip Flop,81
55099,Women,Gold,Spring,2017,Casual,Pond's Women Gold Radiance Youthful Glow Day Cream,42
35940,Women,Black,Summer,2012,Casual,Flying Machine Women Viscose Black Capris,61
3309,Men,White,Spring,2012,Sports,Asics Men's Gel Challenger 8 Tennis White Blue Shoe,26
23825,Men,Brown,Summer,2012,Casual,Puma Men Java Brown Flip Flops,81
48514,Women,Grey,Summer,2012,Casual,French Connection Women Grey Top,49
9633,Men,White,Fall,2011,Formal,Indigo Nation Men Price catch Blue White Shirts,67
34892,Women,Multi,Summer,2012,Casual,Envirosax Women Multi Coloured Bag,119
51439,Women,Grey,Summer,2012,Casual,Myntra Women Grey Top,49
42812,Women,Grey,Summer,2012,Casual,Little Miss Intimates Women Grey Brief,21
29523,Women,White,Winter,2016,Casual,Playboy Women White Dial Watch,70
54977,Women,Blue,Summer,2017,Casual,Femella Women Blue Lounge Pants,68
10835,Men,Black,Fall,2011,Casual,Wrangler Men Black Polo Tshirts,40
59654,Women,Purple,Fall,2012,Ethnic,FNF Purple Evening Wear Sari,20
10009,Men,Red,Fall,2011,Sports,Nike Men Town Round Red Neck T-Shirts,40
38663,Men,Black,Summer,2012,Sports,Nike Men Downshifter Black Sports Shoes,26
40779,Men,Brown,Summer,2012,Casual,Quiksilver Men Brown Flip Flops,81
32359,Men,Black,Winter,2016,Casual,Q&Q Men Black Dial Watch,70
4910,Women,Pink,Summer,2011,Casual,Levis Kids Girl's Dionne Pink Teens Kidswear,49
43598,Men,Charcoal,Summer,2012,Casual,Angry Birds Men Charcoal T-shirt,40
48170,Women,Blue,Winter,2016,Casual,Fossil Women Blue Floral Print Wallet,170
9257,Men,Blue,Fall,2011,Formal,Mark Taylor Men Blue Striped Shirt,67
18600,Women,Grey,Fall,2011,Casual,Puma Women Roque Grey Sandals,83
8385,Girls,Orange,Fall,2011,Casual,Doodle Girl's Hippie Chic Orange Teen Kidswear,40
28095,Men,Grey Melange,Summer,2016,Casual,Jockey MC Men Grey Melange Y Front Briefs 8003,21
17648,Unisex,Black,Spring,2013,Casual,Converse Unisex Black Flip Flops,81
30856,Women,Green,Summer,2012,Ethnic,Fabindia Women Green Bijli Print Khadi Kurta,87
47138,Women,White,Summer,2015,Casual,Be For Bag Women Combo pack Tote Bags,119
26933,Women,Black,Summer,2012,Casual,Jealous 21 Women Black Top,49
31984,Unisex,Black,Summer,2012,Casual,ADIDAS Unisex Black Backpack,64
29147,Men,Green,Summer,2012,Casual,United Colors of Benetton Men Printed Green T-shirt,40
59230,Men,Black,Winter,2016,Casual,Titan Men Black Watch,70
4548,Women,Black,Summer,2011,Sports,Nike Women Sweet AC Black Shoe,26
1806,Men,Brown,Spring,2011,Casual,Quechua Men Arpenaz Brown Sandal,157
15923,Unisex,Black,Fall,2011,Casual,ADIDAS Unisex ADP1810 Black Backpack,64
56278,Women,Skin,Summer,2017,Casual,Biara Skin Coloured Everyday Support Bra MW 1002,128
24658,Men,Pink,Fall,2011,Casual,ADIDAS Originals Men Pink Casual Socks,75
38207,Women,Silver,Winter,2016,Casual,Polaroid Women Sunglasses,113
56876,Women,Blue,Winter,2012,Casual,HM Women Blue Heels,65
21118,Men,Olive,Fall,2011,Casual,s.Oliver Men Check Olive Shirt,67
59002,Men,Blue,Spring,2017,Casual,Brut Men Alaska Deo,154
53538,Women,Multi,Winter,2015,Casual,Amante Women Pack of 3 Assorted Briefs PFCP13,21
36993,Women,Black,Summer,2012,Casual,Lino Perros Women Black Handbag,119
21924,Women,Black,Fall,2011,Ethnic,Biba Women Black Printed Churidar Kurta with Dupatta,109
38035,Men,White,Winter,2016,Casual,Q&Q Men White Watch,70
57198,Women,Multi,Summer,2012,Casual,Elle Women Multi Coloured Top,49
18432,Unisex,Pink,Fall,2011,Casual,Vital Gear Unisex Pink Daypack Backpack,64
6811,Men,Red,Summer,2011,Casual,Timberland Men's Ox Maroon Red Shoe,3
48342,Women,Silver,Fall,2012,Casual,Pitaraa Silver Fish Scale Necklace,151
9065,Men,Blue,Fall,2011,Formal,Mark Taylor Men Blue Striped Shirt,67
30258,Men,Brown,Winter,2018,Casual,Red Tape Men Brown Shoes,3
42678,Women,Navy Blue,Summer,2012,Ethnic,Alma Women Navy Blue Printed Kurta,87
49290,Men,Black,Summer,2016,Casual,Arrow Men Black Pack of 5 Plating Design Socks,75
12108,Women,Blue,Fall,2011,Ethnic,W Women Printed Pink Kurtis,115
9859,Men,Pink,Fall,2011,Casual,Status Quo Men Pink Polo Tshirts,40
12934,Men,Blue,Fall,2011,Casual,Classic Polo Men Rugby Scrum Blue Tshirts,40
55293,Women,Peach,Spring,2017,Casual,Lakme Absolute Coralshine Plump & Shine Lip Gloss,59
3103,Men,Navy Blue,Summer,2011,Casual,Probase Men's Wtf Blue T-Shirt,40
42224,Women,White,Summer,2012,Casual,Sepia Women White Top,49
9439,Unisex,Blue,Spring,2013,Casual,Nike Unisex Brasilia 5 Me Blue Backpacks,64
30604,Men,Black,Summer,2012,Casual,Nike Men Classic Jersey Black Track Pants,12
54341,Men,Black,Summer,2016,Casual,Levis Men Pack of 3 Socks,75
13486,Men,White,Summer,2011,Casual,United Colors of Benetton Men Stripes White Shirts,67
19980,Men,Yellow,Summer,2011,Casual,United Colors of Benetton Men Printed Yellow TShirt,40
46684,Men,Brown,Spring,2017,Casual,Rasasi Men Fighting Temptation Perfume,38
51633,Women,White,Winter,2016,Casual,Fossil Women White Dial Chronograph Watch ES2790,70
29729,Women,Green,Summer,2012,Casual,Kiara Women Leatherette Green Handbag,119
23213,Women,White,Fall,2011,Ethnic,Aneri Women Gauri White Kurta,87
17026,Men,Blue,Summer,2013,Casual,Gas Men Beach Flip Flops,81
18852,Men,Navy Blue,Fall,2011,Casual,Puma Men Head Navy Blue Tshirt,40
6471,Women,Grey,Summer,2011,Casual,ADIDAS Women's Polo Grey T-shirt,40
37421,Women,Black,Summer,2012,Casual,Murcia Women Office Black Handbag,119
20496,Women,Pink,Winter,2015,Casual,Baggit Women Samson Cobra Pink Wallet,170
21544,Women,Blue,Winter,2015,Casual,Kiara Women Small Pocket Blue Handbag,119
15771,Men,Red,Summer,2016,Casual,Facit Men Trophy BF Red Briefs,21
45001,Men,Grey,Winter,2016,Casual,Maxima Men Black Digital Watch,70
4326,Unisex,Pink,Summer,2011,Casual,Tantra Kid's Unisex Got It Pink Kidswear,40
10203,Women,Red,Winter,2015,Casual,Murcia Women Hahk Red Handbags,119
24036,Men,Red,Fall,2011,Casual,Locomotive Men Printed Red T-shirt,40
1654,Men,White,Fall,2010,Sports,Reebok Men's Frisker LP Shoe,26
38469,Women,Magenta,Summer,2012,Casual,Baggit Women Magenta Voltage Sapera Wallet,170
33081,Men,Navy Blue,Summer,2012,Casual,U.S. Polo Assn. Denim Co. Men Navy Blue T-Shirt,40
40573,Women,Cream,Summer,2012,Ethnic,W Women Cream Kurta,87
56416,Women,Rose,Summer,2017,Casual,Biara Women Rose Red Bra,128
14491,Men,Black,Fall,2011,Casual,Flying Machine Men Casual Black Casual Shoes,3
37613,Girls,Purple,Summer,2012,Casual,Madagascar3 Girls Purple Printed T-Shirt,40
45233,Men,Black,Winter,2016,Casual,Casio Youth Series Men Analog-Digital Watch AW-80D-1AVDFAD60,70
4114,Men,Black,Summer,2011,Casual,Fila Men Obsidian Black Sandal,157
15543,Women,Brown,Winter,2015,Casual,Catwalk Women Casual Brown Wedges,65
40741,Unisex,Navy Blue,Winter,2015,Casual,Converse Unisex Navy Blue Flip Flops,81
10031,Men,Navy Blue,Fall,2011,Sports,Nike Men As Arsenal Co Navy Blue T-Shirts,40
24204,Men,Blue,Summer,2012,Casual,Deni Yo Men Skinny Fit Blue Jeans,18
56624,Women,Black,Spring,2017,Casual,Olay Women Age Protect Anti-Ageing UV Lotion,42
4928,Women,Green,Summer,2011,Casual,Gini and Jony Girl's Venice Green Blue Infant Kidswear,49
41693,Men,Navy Blue,Summer,2016,Casual,Superman Men Blue Printed Lounge Pants,68
32361,Men,Black,Winter,2016,Casual,Q&Q Men Black Dial Watch Q672J405Y,70
42016,Men,Silver,Summer,2012,Sports,ADIDAS Men Silver Phaedra Shoes,26
12766,Men,Navy Blue,Fall,2011,Casual,Spykar Men Stripe Navy Blue T-Shirts,40
26553,Men,Blue,Fall,2012,Casual,ID Men Blue Shoes,3
27481,Women,Beige,Winter,2015,Casual,Jockey Essence Beige Bra 2004,128
54173,Women,Blue,Fall,2012,Casual,Femella Blue Necklace,151
51401,Men,Blue,Summer,2012,Casual,Myntra Men Blue and Yellow Check Shirt,67
35144,Women,Black,Summer,2012,Casual,Allen Solly Woman Black Clutch,50
7791,Men,Green,Fall,2011,Casual,Proline Men's Polo Solid Olive T-shirt,40
47564,Women,Brown,Winter,2012,Casual,Portia Women Brown Sandals,65
34096,Boys,Red,Summer,2012,Casual,Doodle Boys Printed Red T-shirt,40
6643,Women,Pink,Summer,2011,Sports,Nike Women's Transform III IN Black Pink Shoe,26
17214,Women,Black,Winter,2016,Casual,United Colors of Benetton Women Funky Eyewear Black Sunglasses,113
45657,Men,Navy Blue,Summer,2016,Casual,Park Avenue Men Navy Blue Boxer Briefs,21
4570,Women,Black,Summer,2011,Sports,Nike Women Iza Black Shoe,26
21312,Women,Brown,Winter,2016,Casual,Celine Dion Women Brown Frame Sunglasses,113
15127,Men,Brown,Fall,2012,Casual,Arrow Sport Men Solid  Brown Trousers,86
53732,Women,Green,Winter,2014,Casual,Puma Women Green Supersuede Eco Casual Shoes,3
44785,Men,White,Summer,2012,Sports,Lotto Men L500 FG White Sports Shoes,26
11587,Women,White,Summer,2011,Ethnic,W Women Printed White Kurtis,115
56240,Men,Navy Blue,Summer,2016,Casual,SDL by Sweet Dreams Men Grey & Blue Pyjama Set,146
40325,Men,White,Fall,2012,Sports,ADIDAS Men White Sport Shoes,26
57392,Women,White,Winter,2015,Casual,Amante Women Pack of 3 Printed Briefs PFCN04,21
10455,Men,Pink,Fall,2011,Casual,Flying Machine Men Mauvemist Purple Tshirts,40
24660,Men,Pink,Fall,2011,Casual,ADIDAS Originals Men Pink Casual Socks,75
54517,Men,White,Fall,2012,Sports,F Sports Men White Bratt Sports Shoes,26
18638,Men,Black,Fall,2011,Sports,Puma Men V.11 Speed Black Tshirts,40
28891,Women,Skin,Summer,2012,Casual,Enamor Women Beige Regular-Rise Brief,21
48148,Women,Red,Winter,2016,Casual,Fossil Women Red Wallet,170
2687,Women,Orange,Summer,2011,Casual,Inkfruit Women's Love Wood Orange T-shirt,40
30052,Men,Grey,Winter,2016,Casual,SKAGEN DENMARK Men Grey Dial Watch 668XLSLZM,70
3755,Men,Black,Summer,2011,Casual,Status Quo Men's Concerts Black T-shirt,40
31180,Girls,White,Summer,2012,Casual,Gini and Jony Kids Leggings,161
29943,Men,Black,Winter,2016,Casual,Police Men Black Dual Dial Watch PL13076JPCL-04,70
47100,Boys,Red,Summer,2012,Casual,Marvel Boys Red Light Spidey Shoes,3
6227,Men,Yellow,Summer,2011,Casual,Lee Men's Grey Yellowbrass T-shirt,40
17670,Women,Black,Winter,2015,Casual,Catwalk Women Fancy Black Heels,65
22597,Men,Orange,Fall,2011,Sports,Nike Men Orange T-shirt,40
43792,Women,Gold,Summer,2012,Ethnic,Royal Diadem Gold & Pink Earrings,143
30260,Men,Black,Winter,2018,Casual,Red Tape Men Black Shoes,23
54725,Women,Pink,Fall,2012,Ethnic,Shree Women Coral Coloured Printed Kurta,87
6829,Women,White,Summer,2011,Sports,Nike Women's Lunar Swift White Blue Shoe,26
12130,Women,Green,Fall,2011,Ethnic,Aurelia Women Printed Green Kurtas,87
26305,Men,Cream,Fall,2013,Casual,Proline Men Pack of 3 T-Shirts,40
3567,Men,Silver,Summer,2011,Sports,ADIDAS Men's Silver White Running Shoe,26
42640,Women,Red,Summer,2012,Casual,W Women Red Dress,87
23677,Men,Brown,Summer,2012,Casual,Red Tape Men Cross Band Brown Sandals,157
17442,Unisex,Black,Summer,2017,Casual,CASIO Unisex Black Small Dial Analogue and Digital Watch,70
50385,Women,Pink,Fall,2012,Ethnic,Vishudh Women Pink Salwar and Dupatta,127
47332,Women,Purple,Summer,2012,Casual,Baggit Women Purple Chata Hosh Wallet,170
6015,Men,Black,Summer,2011,Casual,Highlander Men Small Black Checked Shirt,67
35712,Men,Grey,Summer,2012,Sports,Nike Men Dual Fusion TR III Grey Sports Shoes,26
51257,Men,Black,Spring,2013,Formal,Park Avenue Men Black & Brown Reversible Belt,9
21120,Men,Purple,Fall,2011,Casual,s.Oliver Men Solid Purple Sweater,155
15315,Men,Black,Fall,2011,Sports,ADIDAS Men Eqt Nitro Fashion Black Sports Shoes,26
4742,Women,Grey,Summer,2011,Casual,Numero Uno Women NY Grey Blue Shoe,3
5690,Men,Black,Winter,2015,Casual,Skechers Men Valence Envoy Black Shoe,3
32537,Men,Black,Spring,2017,Casual,Playboy Men Hollywood Perfume 100 ml,38
56072,Women,Brown,Spring,2017,Casual,Colorbar Wild Berry Lip Liner /Crayon 011,134
37879,Unisex,Black,Summer,2016,Casual,Happy Socks Unisex Black Socks,75
24452,Men,White,Summer,2012,Sports,Nike Men White Court Shuttle IV Sports Shoes,26
4584,Unisex,Red,Winter,2015,Casual,Wildcraft Unisex Red Backpack,64
36351,Men,Blue,Summer,2012,Formal,Reid & Taylor Men Blue Tie,132
14001,Men,Navy Blue,Fall,2011,Sports,Nike Men Solid Navy Blue Jerseys,40
20234,Women,Blue,Fall,2011,Casual,Wrangler Women Baroque Polo Turquoise T-shirt,40
5456,Men,Navy Blue,Summer,2011,Sports,Nike Men's Basic Woven Med Blue Short,47
37283,Women,Brown,Summer,2012,Casual,Tantra Women Brown Fight Peace T-shirt,40
44771,Men,Grey,Summer,2012,Casual,Globalite Men Navy Blue Skid Shoes,3
25746,Men,Black,Winter,2015,Casual,Lino Perros Men Leather Black Belt,9
11573,Women,Green,Summer,2011,Ethnic,W Women Printed Green Kurtas,87
39319,Boys,Beige,Summer,2012,Casual,Gini and Jony Boys Beige Shorts,47
33623,Women,Blue,Summer,2012,Casual,Lino Perros Women Blue Wallet,170
57366,Women,Pink,Winter,2015,Casual,Amante Women Pink Lace Briefs PCFR11,21
24694,Men,White,Summer,2012,Casual,Locomotive Men Striped White T-shirt,40
27011,Women,White,Summer,2012,Casual,Jealous 21 Women White Capris,61
13224,Men,Blue,Fall,2011,Casual,Palm Tree Kids Boys Printed Blue Sweatshirts,16
43554,Women,Cream,Summer,2012,Casual,Puma Women Cream Socks,75
28865,Men,Brown,Summer,2012,Casual,Proline Men Brown Striped Polo T-shirt,40
2673,Women,Black,Winter,2015,Casual,Murcia Women Sleek Black Leatherette Hand Bag,119
31174,Girls,Red,Summer,2012,Casual,Gini and Jony Girls Red Top,49
8349,Boys,Green,Fall,2011,Casual,Doodle Boy's I love Driving Green Kidswear,40
55431,Women,Red,Spring,2017,Casual,Revlon True Red Colorburst Lipstick 090,98
34406,Men,Black,Summer,2012,Casual,Myntra Men Black Printed T-shirt,40
28059,Men,Blue,Summer,2016,Casual,Jockey ELANCE Men Pack Of 2 Briefs 1010,21
48980,Women,Silver,Summer,2012,Casual,Lucera Women Silver Ring,54
17684,Women,Grey,Winter,2015,Casual,Catwalk Women Ballerina Grey Casual Shoe,3
31948,Men,Blue,Summer,2012,Sports,Nike Men Air Pegasus Blue Sports Shoes,26
51091,Women,Green,Summer,2012,Ethnic,Satya Paul Green Saree,144
22563,Women,Brown,Winter,2015,Casual,Lino Perros Brown Women Casual Sling Bag,119
7301,Women,Blue,Summer,2011,Casual,UCB Women Stripe Short Sleeve Blue White Top,49
46026,Women,Gold,Winter,2016,Casual,Estelle Women Gold Pendant with Chain,129
30294,Men,Off White,Summer,2012,Casual,Myntra Men Global Response Off White T-shirt,40
27223,Women,Blue,Summer,2012,Casual,Doodle Kids Girl Printed Blue Dress,166
13016,Women,Brown,Winter,2012,Casual,Inc 5 Women Casual Brown Wedges,65
3593,Unisex,Black,Summer,2014,Casual,Converse Unisex Black Casual Shoes,3
34634,Men,Brown,Summer,2012,Casual,Lotto Men Brown Fella Tres Shoes,3
7133,Men,Grey,Fall,2011,Casual,Urban Yoga Men Bottom Grey Yoga Pants,12
8947,Men,Grey,Fall,2011,Casual,Indigo Nation Men ID Printed Grey Trousers,86
22751,Women,White,Fall,2011,Ethnic,BIBA Women Printed White Kurta,87
52426,Women,Blue,Winter,2015,Casual,Red Rose Women Blue Nightdress,7
39917,Women,Yellow,Fall,2012,Casual,Tortoise Women Yellow Sling Bag,119
5664,Men,Blue,Summer,2011,Casual,Tantra Men's Shloka Blue T-shirt,40
57968,Women,Rust,Fall,2012,Ethnic,Prafful Rust Sari,20
20006,Women,Green,Summer,2011,Casual,United Colors of Benetton Women Printed Green T-shirt,40
41031,Men,Black,Winter,2016,Casual,Nautica Men Black Dial Watch,70
25574,Men,Black,Summer,2012,Sports,FILA Men Trempet Black & White Sports Shoes,26
56086,Women,Brown,Spring,2017,Casual,ColorBar Star Shine Chai Lip Gloss 07,59
11741,Men,Navy Blue,Fall,2011,Casual,Lee Men Stripes Navy Blue T-shirt,40
10693,Women,Purple,Fall,2011,Casual,Doodle Girl Cute Purple Tops,49
57154,Women,Grey Melange,Summer,2012,Casual,Elle Women Grey Melange T-shirt,40
58920,Men,Maroon,Summer,2012,Casual,Hakashi Men Combo pack Tie+Cufflink+Pocket square,156
19148,Men,Navy Blue,Summer,2011,Casual,United Colors of Benetton Men Navy Blue Polo Tshirt,40
55267,Women,Olive,Spring,2017,Casual,Lakme Absolute Shine Line Olive Eye Liner,51
26795,Men,Blue,Summer,2013,Formal,Arrow Men Blue Shirt,67
31722,Women,Silver,Winter,2016,Ethnic,Fabindia Women Anusuya Silver Earrings,143
49638,Women,Pink,Summer,2012,Casual,Mineral Women Pink Top,49
43302,Women,Purple,Summer,2012,Casual,United Colors of Benetton Women Purple Dress,166
2025,Men,Grey,Fall,2010,Sports,ADIDAS Mens Full Grey T-shirt,40
13472,Women,White,Summer,2011,Casual,United Colors of Benetton Women Solid White Dress,166
7557,Men,Green,Summer,2011,Sports,Nike Men's Tempo 5 Green Short,47
35382,Boys,Grey,Summer,2012,Casual,Enroute Boys Grey Casual Shoes,3
19974,Women,Yellow,Summer,2011,Casual,United Colors of Benetton Women Yellow T-shirt,40
16100,Women,Maroon,Winter,2016,Casual,M tv Women My Fab Eyewear Maroon Sunglasses,113
50715,Boys,White,Summer,2012,Casual,Doodle Boys White Printed T-Shirt,40
6485,Men,Grey,Summer,2011,Casual,ADIDAS Men's Grey Strip T-shirt,40
34250,Men,Charcoal,Summer,2013,Sports,Proline Charcoal Grey Shorts,47
44127,Men,Grey,Spring,2017,Casual,Boss Men In Motion Deo,154
14657,Men,Grey,Fall,2011,Casual,Probase Men Solid DK.Grey Trousers,86
33849,Men,Blue,Summer,2012,Casual,Puma Men Blue Shoes,3
20462,Women,Purple,Winter,2015,Casual,Baggit Women Auxi Baby Purple Mobile Pouch,163
15785,Men,Black,Summer,2016,Casual,Facit Men Mid- Rise BF Black Briefs,21
52042,Unisex,Black,Summer,2012,NA,Just Natural Unisex Black Rain Jacket,35
36507,Women,Grey,Summer,2012,Casual,United Colors of Benetton Women Grey Bag,119
57530,Men,Black,Fall,2012,Casual,Provogue Men Black Casual Shoes,3
33075,Men,Blue,Summer,2012,Casual,U.S.Polo Assn. Men Blue & Orange Striped T-shirt,40
40587,Women,Brown,Summer,2012,Ethnic,Aurelia Women Brown Kurta,87
41455,Men,Grey,Summer,2012,Casual,Lee Cooper Men Grey Sandals,157
25110,Women,Olive,Winter,2015,Casual,Lino Perros Women Olive Belts,9
44315,Men,Blue,Summer,2012,Casual,Indian Terrain Men Blue Trousers,86
36735,Women,Multi,Summer,2012,Casual,Spykar Women Cult Multi T-shirt,40
21782,Men,Brown,Fall,2011,Casual,Fossil Men Edsel Brown Belt,9
59698,Women,Cream,Summer,2014,Casual,Avirate Cream Fitted Camisoles,39
33247,Men,Grey,Summer,2012,Formal,Arrow Men Grey Check Shirt,67
57702,Women,White,Spring,2017,NA,Lotus Herbals Almond Anti-Wrinkle Creme,42
25322,Men,Grey,Winter,2016,Casual,Casio Edifice Men Chronograph Watch EF-550D-7AVDF(ED391),70
11117,Men,Grey,Fall,2011,Formal,Indigo Nation Men Solid Grey Shirts,67
41667,Women,Black,Spring,2013,Casual,Catwalk Women Black Heels,65
32395,Women,Grey,Summer,2012,Formal,Arrow Woman Grey Shirt,67
55055,Women,Purple,Spring,2017,NA,Lakme Enrich Satins Lipstick 131,98
12792,Men,Black,Fall,2011,Sports,Nike Men Manchester United Black Jersey,40
27475,Women,White,Winter,2015,Casual,Jockey Women White Essence Bra 2001,128
13640,Women,Purple,Winter,2012,Casual,Carlton London Women Purple Flat Shoes,83
54187,Men,Charcoal,Summer,2016,Casual,Jockey MC Men Grey Pack of 2 Briefs 8003,21
43130,Women,Purple,Spring,2017,Casual,David Beckham Women Signature Eau De Toilette 50 ml,38
2217,Women,Pink,Fall,2010,Sports,ADIDAS Women Pink Socks,75
16332,Men,Red,Fall,2011,Formal,Peter England Men Stripes Red Shirt,67
55869,Women,Red,Spring,2017,Casual,Colorbar All Fired Up 2 Nail Lacquer 83V,90
46442,Men,Silver,Winter,2016,Casual,Timex Men Silver Dial Watch,70
47590,Women,Green,Winter,2012,Casual,Portia Women Green Sandals,65
34062,Girls,Pink,Summer,2012,Casual,Gini and Jony Girls Printed Pink Dress,166
50527,Men,Navy Blue,Winter,2016,Casual,Chromozome Men Navy Blue Pack of 2 Briefs,21
59005,Men,Black,Spring,2017,Casual,Brut Men Musk Deo,154
56871,Women,Black,Winter,2012,Casual,HM Women Black Sandals,65
44588,Men,White,Summer,2012,Casual,Scullers Men White & Navy Blue Check Shirt,67
32508,Men,Brown,Winter,2015,Casual,Franco Leone Men Brown Sandals,157
59839,Women,Maroon,Spring,2017,Casual,Valley of Flowers Women Fragrance Gift Set,30
21923,Women,Black,Fall,2011,Ethnic,BIBA Women Printed Black Kurta,87
36994,Women,Brown,Summer,2012,Casual,Lino Perros Women Brown Handbag,119
10658,Women,White,Fall,2011,Casual,Doodle Girl Little frock White Tops,49
40128,Girls,Orange,Summer,2012,Casual,Gini and Jony Girls Roseatte Orange Top,49
38032,Women,Black,Winter,2016,Casual,Q&Q Women Black Watch,70
9062,Men,Pink,Fall,2011,Formal,Mark Taylor Men Pink Striped Shirt,67
48345,Women,Gold,Fall,2012,Casual,Pitaraa Golden Nugget Long Necklace,151
18435,Unisex,Black,Fall,2011,Casual,Vital Gear Unisex Black Messenger Bag,57
6816,Men,Brown,Summer,2011,Casual,Timberland Men's Desert Walnut Brown Shoe,3
3558,Men,Brown,Winter,2015,Casual,Skechers Men's Brown Casual Lifestyle Shoe,3
23648,Men,Maroon,Summer,2012,Casual,Disney Men Maroon Printed T-shirt,40
12933,Men,Green,Fall,2011,Casual,Classic Polo Men Broad Stripes Green Tshirts,40
54528,Men,White,Fall,2012,Casual,F Sports Men White Charger Shoes,3
18607,Men,Brown,Fall,2011,Casual,New Hide Men Antique Brown Wallet,170
9250,Men,Red,Fall,2011,Formal,Mark Taylor Men Red Striped Shirt,67
48177,Women,Blue,Winter,2016,Casual,Fossil Women Blue Wallet,170
8382,Girls,Blue,Fall,2011,Casual,Doodle Girl's Raw Edges Light Blue Kidswear,40
50188,Women,Pink,Summer,2012,Casual,Paridhan Women Pink Handbag,119
30851,Women,Green,Summer,2012,Ethnic,Fabindia Women Printed Green Kurta,87
28092,Men,White,Summer,2016,Casual,Jockey GOLDEDN Men Gold Edition White Innerwear Vest 4020,13
49899,Girls,White,Winter,2016,Casual,Q&Q Kids Girls White Dial Analog Watch,70
29140,Women,Purple,Winter,2016,Casual,Vogue Women Purple Sunglasses,113
31983,Men,Black,Summer,2012,Casual,ADIDAS Men Black Bag,169
26934,Women,Black,Summer,2012,Casual,Jealous 21 Women Black Dress,166
45668,Men,White,Spring,2017,Casual,Swiss Army Men Swiss Unlimited Rubber EDT Refillable Perfumes,38
15118,Men,Black,Fall,2013,Formal,Arrow Men Stripes Black Trousers,86
59237,Men,Black,Winter,2016,Casual,Titan Men Black Dial Watch,70
1801,Women,Pink,Summer,2011,Sports,Quechua Women 10L Pink Bag,64
37248,Men,Brown,Summer,2012,Casual,United Colors of Benetton Men Brown Shoes,3
15924,Unisex,Black,Fall,2011,Casual,ADIDAS Unisex Ecb Black Backpack,64
38200,Men,Black,Winter,2016,Casual,Polaroid Men Sunglasses,113
42029,Women,Purple,Summer,2012,Sports,ADIDAS Women Purple Chill Sports Shoes,26
12759,Women,Blue,Fall,2011,Casual,Spykar Women Washed Blue Jeans,18
35947,Men,White,Summer,2012,Casual,Flying Machine Men White Shirt,67
18263,Women,Yellow,Fall,2011,Ethnic,Aneri Women Nancy Yellow Kurta,87
9634,Men,White,Fall,2011,Formal,Indigo Nation Men Price catch Black White Shirts,67
48513,Women,Black,Summer,2012,Casual,French Connection Women Black Top,49
23822,Men,Red,Summer,2012,Casual,Puma Men Breeze Red Flip Flops,81
29524,Women,White,Winter,2016,Casual,Playboy Women White Dial Watch,70
42815,Women,Green,Summer,2012,Casual,Little Miss Intimates Women Green Brief,21
46489,Men,Blue,Winter,2016,Casual,Timex Men Blue Dial Watch,70
54970,Women,Pink,Spring,2017,Casual,Rasasi Women Body Lotion,144
53369,Women,Black,Summer,2012,Casual,Puma Women Black Bag,119
10832,Men,Green,Fall,2011,Casual,Wrangler Men American Music Folk Green T-Shirts,40
59653,Women,Green,Fall,2012,Ethnic,FNF Green & Pink Evening Wear Sari,20
38664,Men,Grey,Fall,2012,Casual,Nike Men Liteforce Grey Shoes,3
4917,Women,Pink,Summer,2011,Casual,Gini and Jony Girl's Vollie Pink Kidswear,49
24835,Men,Brown,Fall,2011,Casual,Rockport Men Brown Cashaw Camel Suede Casual Shoes,3
33882,Men,Black,Winter,2016,Casual,Citizen Men Black Dial Eco-Drive Watch,70
59461,Women,Silver,Summer,2013,Casual,Lucera Silver Ring,54
32950,Unisex,Black,Summer,2012,Casual,ADIDAS Neo Unisex Court Sequence Black Shoes,3
52089,Women,Black,Summer,2012,Casual,Myntra Women Black T-shirt,40
4319,Unisex,Blue,Summer,2011,Casual,Tantra Kid's Unisex Free Spirit Turquoise Kidswear,40
38456,Women,Orange,Summer,2015,Casual,Baggit Women Orange Tinki Tower Sling Bag,119
39584,Women,Black,Winter,2015,Casual,Catwalk Women Black Heels,65
56429,Women,Brown,Spring,2017,Casual,Streetwear Bombshell Eye Shadow,103
45802,Women,Black,Fall,2012,Casual,Senorita Women Black Flats,65
19183,Men,Grey,Fall,2011,Casual,United Colors of Benetton Men Check Grey Shirt,67
9406,Men,Black,Fall,2011,Casual,Puma Men Scribble Graphic Black Tshirts,40
17825,Unisex,Black,Fall,2011,Casual,Nike Unisex Air Deschutz Black Sandal,157
48721,Women,Silver,Summer,2013,Casual,Lucera Women Silver Earrings,143
18051,Women,Black,Winter,2015,Casual,Lino Perros Women Solid Black Wallet,170
3900,Women,Pink,Summer,2011,Casual,Disney Kids Girl Pooh Pink And White Top,40
17019,Women,Brown,Fall,2013,Casual,Rocia Women Casual Brown Sandal,83
49435,Men,Blue,Fall,2012,Casual,Vans Men Blue Shoes,3
8712,Unisex,Black,Winter,2016,Casual,Fastrack Unisex Black Sunglasses,113
26598,Men,White,Summer,2012,Sports,Puma Men Faas 300 White Sports Shoes,26
19345,Men,Brown,Fall,2011,Formal,Reid&Taylor Men Solid Brown Wallet,170
18297,Women,Multi,Fall,2011,Ethnic,Aneri Women Kaalki Multi Coloured Kurta,87
34861,Men,Grey,Summer,2012,Casual,Vans Men Era Grey Shoes,3
2228,Men,Black,Fall,2010,Sports,ADIDAS Men Black Socks,75
22138,Men,Black,Summer,2011,Formal,Provouge Men Black Classic Formal Shoe,23
55856,Women,Red,Spring,2017,Casual,Colorbar Pro Rosie Nail Lacquer 015,90
6688,Women,Black,Summer,2011,Casual,UCB Women's V Neck Black T-shirt,40
54984,Women,Blue,Summer,2017,Casual,Femella Women Printed Blue Lounge Pants,68
50518,Men,Black,Summer,2016,Casual,Chromozome Men Black Innerwear Vest,13
28402,Women,Brown,Winter,2016,Casual,Idee Women Brown Sunglasses,113
43933,Women,Black,Winter,2012,Casual,Catwalk Women Black Heels,65
11914,Men,Black,Summer,2014,Casual,Franco Leone Men Casual Black Sandals,157
15588,Men,Blue,Fall,2011,Casual,Spykar Men Striped Blue Shirt,67
33278,Boys,Blue,Summer,2012,Casual,Gini and Jony Boys Washed Blue Jeans,18
5831,Men,Black,Summer,2011,Sports,Puma Men's Cbn Logo Black T-Shirt,40
11128,Men,Beige,Fall,2011,Sports,Urban Yoga Men Solid Beige Track Pants,12
39742,Men,Red,Summer,2012,Casual,Arrow Men Red Shoes,3
44118,Men,Black,Spring,2017,Casual,Hugo Men Just Different 150 ml Perfume,38
58547,Women,Black,Winter,2016,Casual,Miami Blues Women Sunglasses,113
14668,Men,White,Fall,2011,Casual,Basics Men White Slim Fit Checked Shirt,67
33876,Men,Black,Winter,2016,Casual,Citizen Men Black Dial Chronograph Watch,70
36538,Women,Blue,Summer,2012,Casual,United Colors of Benetton Women Blue Wallet,170
25913,Women,Blue,Summer,2012,Casual,Femella Women Blue Leggings,161
44924,Men,Blue,Summer,2012,Casual,Jack & Jones Men Blue Jeans,18
39570,Women,Black,Winter,2015,Casual,Catwalk Women Black Heels,65
32198,Men,Grey,Summer,2012,Ethnic,Fabindia Men Printed Grey Kurta,87
52841,Women,Green,Summer,2012,Casual,Adrika Green Earrings,143
19177,Men,Navy Blue,Fall,2011,Casual,United Colors Of Benetton Men Navy Blue Shirt,67
55258,Women,Blue,Spring,2017,Casual,Lakme Absolute Forever Silk Blue Cosmos Eye Liner,51
49607,Women,Brown,Winter,2015,Casual,Catwalk Women Brown Heeled Shoes,65
16903,Men,Grey,Fall,2011,Casual,Status Quo Men Solid Dark Grey Sweatshirt,16
8520,Women,Grey,Summer,2011,Casual,Nike Women Nike Grey handbag Grey Bags,119
27678,Women,Brown,Winter,2015,Casual,Murcia Women Brown Handbag,119
7568,Men,Black,Summer,2011,Sports,Nike Men's Black Polo T-shirt,40
2826,Men,Brown,Summer,2012,Formal,Lee Cooper Men Leather Semi Formal Brown Shoe,23
28630,Men,Grey,Summer,2012,Sports,Nike Men Pintuck Grey Track Pants,12
18899,Women,Maroon,Fall,2011,Casual,Arrow Woman Igor Maroon Top,49
52419,Women,Coffee Brown,Winter,2015,Casual,Red Rose Women Coffee Brown Nightdress,7
41832,Men,Black,Fall,2012,Casual,Skechers Men Black Sneakers,3
4789,Men,Grey,Summer,2011,Sports,ADIDAS Men's Demon Grey T-shirt,40
56885,Women,Red,Winter,2012,Casual,HM Women Red Heels,65
57957,Women,Multi,Fall,2012,Ethnic,Prafful Multi Coloured Sari,20
20039,Women,Olive,Fall,2011,Casual,United Colors of Benetton Women Olive Floral Design Tights,36
58123,Women,Silver,Fall,2012,Casual,Rreverie Silver & White Earrings,143
24499,Women,Green,Fall,2011,Ethnic,Mother Earth Women Green Printed Kurta,87
20805,Men,Olive,Fall,2010,Casual,Fila Men Rambler Olive Flip Flops,81
9096,Unisex,Blue,Fall,2011,Casual,Converse Unisex Ct As Star Chevron Hi Blue Casual Shoes,3
43759,Women,Gold,Summer,2012,Ethnic,Royal Diadem Black Earrings,143
7930,Men,Black,Fall,2011,Casual,Proline Men Black Polo T-shirt,40
19513,Men,Brown,Fall,2011,Casual,Wrangler Leather Men Brown Wallets,170
8144,Women,Red,Winter,2016,Casual,Fastrack Women Economy Analog Red Black Watch,70
17489,Women,Off White,Fall,2011,Casual,Rockport Women Beige Flats,83
28254,Men,Green,Spring,2017,Casual,Wild Stone Men Forest Spice Deo,154
13815,Men,Grey,Fall,2011,Casual,Proline Pack of 3 Printed T-shirts,40
8978,Women,Purple,Fall,2011,Casual,Puma Women Saba Ballet DC3 Purple Casual Shoes,3
48183,Women,Brown,Winter,2016,Casual,Fossil Women Brown Handbag,119
29988,Women,White,Summer,2017,Casual,Aspen Women Mother Of Pearl Dial Watch AP1193,70
51892,Women,Mushroom Brown,Summer,2016,Casual,Nyk Women Mushroom Brown Wallet,170
8376,Men,Black,Winter,2016,Casual,Fastrack Men Black Backpack,64
46825,Women,Off White,Winter,2015,Casual,Catwalk Women Off-White and Blue Pumps,3
19721,Men,Grey,Fall,2011,Casual,United Colors Of Benetton Men Grey Shirt,67
34439,Women,White,Summer,2012,Casual,Myntra Women Explorer White T-shirt,40
27812,Men,Black,Summer,2013,Casual,Bulchee Men Black & Brown Reversible Belt,9
28066,Men,Grey Melange,Summer,2016,Casual,Jockey ELANCE Mens Grey Melange Trunks 1015,106
16769,Women,Silver,Winter,2015,Casual,Spice Art Women Shimmer Silver Clutch,50
31977,Women,Olive,Summer,2012,Sports,Nike Women Lunarswift +3 Olive Sports Shoes,26
46019,Women,White,Summer,2012,Ethnic,Fabindia Women White Printed Kurta,87
58311,Men,Black,Summer,2016,Sports,Jockey LCESCBRA Men Pack of 3 Socks 2004,75
5469,Men,Black,Summer,2011,Sports,Nike Men's Nike Streetgato Black Shoe,26
25779,Men,Black,Summer,2012,Formal,Arrow Men Black Suspenders,10
39326,Girls,Black,Summer,2012,Casual,Gini and Jony Girls Black Leggings,161
14802,Women,Maroon,Summer,2011,Casual,United Colors of Benetton Women Solid Maroon Handbags,119
57359,Women,Black,Winter,2015,Casual,Amante Black Printed Full-Coverage Bra BGSW01,128
5638,Men,Brown,Summer,2011,Casual,ADIDAS Men's Adi Liner Brown Flip Flop,81
57934,Men,Brown,Spring,2012,Casual,Clarks Men Brown Sandals,157
40983,Boys,White,Summer,2012,Casual,Gini and Jony Boys United White T-shirt,40
58140,Women,Silver,Fall,2012,Casual,Rreverie Silver Earrings,143
59092,Women,Black,Summer,2017,Casual,Peri Peri Women Black Bra,128
41851,Men,Black,Winter,2015,Casual,Genesis Men Pack of 3 Socks,75
21188,Men,Black,Summer,2011,Casual,ADIDAS Men Adi Stars Tread Black Flip Flops,81
57108,Women,White,Summer,2012,Casual,Elle Women White Top,49
20866,Unisex,Red,Winter,2012,Casual,Disney Kids-Unisex Diamond Red Sandals,157
39177,Women,Purple,Summer,2012,Ethnic,Aneri Women Purple Printed Kurta,87
36903,Men,Brown,Winter,2016,Casual,Fossil Men Brown Dial Chronograph Watch FS4673,70
25528,Women,Navy Blue,Summer,2012,Casual,Wrangler Women Salena Navy Blue Check Shirt,67
7953,Men,Navy Blue,Fall,2011,Casual,Puma Men's Lifestyle Polo Mood Indigo T-shirt,40
12198,Men,Purple,Fall,2011,Casual,Basics Men Solid Purple Tshirts,40
19570,Men,Blue,Fall,2011,Casual,United Colors of Benetton Men Printed Blue TShirt,40
6881,Women,Peach,Summer,2011,Casual,Forever New Women Sleeveless Peach Top,49
46248,Women,Teal,Summer,2012,Casual,Fusion Beats Women Teal Top,49
16538,Men,White,Fall,2011,Casual,Basics Men White Slim Fit Checked Shirt,67
28237,Women,Pink,Spring,2017,Casual,Secret Temptation Women Play Deo,154
31128,Girls,Blue,Summer,2012,Casual,Gini and Jony Girls Printed Teal Dress,166
8315,Men,Blue,Spring,2013,Casual,Wildcraft Men Organic Cotton Blue T-shirt,40
46846,Girls,Purple,Winter,2012,Casual,Barbie Purple Girls Slippers,157
18690,Women,Pink,Winter,2015,Casual,Hanes Women Pack of Three 100% Cotton Plain Bikini Briefs,21
47994,Men,Black,Winter,2016,Casual,Helix Men Black Watch,70
43508,Women,White,Summer,2012,Casual,French Connection Women Navy Blue Striped Dress,166
31914,Women,Blue,Summer,2012,Casual,Fabindia Women Braided Blue Clutch,50
35588,Men,Black,Fall,2012,Casual,Gliders Men Black Sandals,157
27871,Women,White,Summer,2012,Casual,Scullers For Her Striped White Shirt,67
28005,Men,Blue,Summer,2016,Casual,Jockey ZONE Men Blue Modern Boxer Briefs US19,21
58372,Men,Beige,Summer,2012,Casual,Locomotive Men Beige T-shirt,40
52648,Women,Black,Summer,2012,Casual,Mod'acc Women Black Handbag,119
14861,Women,Purple,Winter,2016,Casual,United Colors of Benetton Women Funky Purple Sunglasses,113
38297,Men,Black,Summer,2012,Casual,Reid & Taylor Men Black Wallet,170
39345,Men,Blue,Fall,2012,Casual,Mr. Men Blue T-shirt,40
27429,Women,Pink,Winter,2015,Casual,Jockey Women Pink T-shirt,40
48584,Men,Steel,Summer,2012,Casual,Revv Men Steel Bracelet,152
8771,Women,Black,Fall,2011,Casual,Crocs Women Crle Plterm Black Floater,114
3399,Women,Yellow,Winter,2015,Casual,Murcia Women Yellow Handbag,119
19326,Men,Blue,Fall,2011,Casual,Myntra Men Solid Blue Sweatshirt,16
55009,Women,Purple,Spring,2017,NA,Lakme Sheer Satin Lip Gloss 23,59
23089,Men,Beige,Fall,2011,Casual,Arrow Men Beige Trousers,86
43950,Women,Beige,Winter,2015,Casual,Catwalk Women Beige Shoes,83
28461,Women,Black,Summer,2012,Casual,Urban Yoga Women Black Capris,61
42882,Women,Brown,Summer,2012,Casual,French Connection Women Brown Sling Bag,119
7739,Unisex,Grey,Fall,2011,Sports,Puma Unisex Stripe Cat Steel Grey Cap,93
55835,Women,White,Summer,2019,Casual,Colorbar Acetone Free Nail Enamel Remover,131
11977,Men,Olive,Summer,2013,Casual,Fila Men Motor Sports Olive Sandals,157
36769,Men,White,Winter,2016,Casual,Maxima Men White Dial Watch,70
4980,Women,Blue,Summer,2011,Casual,Palm Tree Girl's Benita Blue Kidswear,47
39721,Women,Grey,Summer,2012,Casual,Arrow Woman Grey Printed Top,49
5852,Women,Black,Summer,2011,Casual,ADIDAS Women Shoulder Black HandBag,119
10099,Men,Grey,Winter,2016,Casual,Fastrack Men Analogue Grey Watches,70
25970,Women,White,Summer,2012,Casual,Femella Women White Top,49
37489,Women,Black,Winter,2016,Casual,Esprit Women Black Watch,70
33815,Men,Black,Summer,2012,Formal,Van Heusen Men Classic Pleated Black Trousers,86
58524,Unisex,Black,Fall,2012,Casual,Wildcraft Unisex Black Rain Cover For Backpacks,119
52822,Women,Red,Fall,2012,Ethnic,Adrika Women Red & White Earrings,143
39513,Unisex,Black,Fall,2013,Casual,Peter England Unisex Black Laptop Bag,169
11379,Women,Blue,Fall,2011,Casual,United Colors Of Benetton Women Winter Blue Top,49
45895,Men,Blue,Winter,2016,Casual,Maxima Ssteele Men Blue Dial Watch,70
44947,Men,White,Summer,2012,Sports,Puma Men Mid Biz Ind White Shoes,26
33029,Women,Off White,Summer,2012,Ethnic,Mother Earth Women Printed Off White Kurti,115
9491,Unisex,Red,Fall,2011,Casual,Puma Unisex Deck Red Backpacks,64
19114,Men,White,Summer,2016,Casual,Campbell Men Pack of 3 T-Shirts,40
49664,Men,Brown,Winter,2016,Casual,United Colors of Benetton Men Sunglass,113
16960,Men,Black,Winter,2016,Casual,Image Men Classic Eyewear Black Sunglasses,113
50749,Men,Brown,Winter,2018,Casual,Red Chief Men Brown Shoes,3
2845,Men,Blue,Summer,2011,Casual,Mr.Men Men's Mr.Noisy Blue T-shirt,40
28653,Men,Black,Summer,2012,Sports,Nike Men Air Max Quarter Black Sports Shoes,26
19928,Men,Yellow,Fall,2011,Casual,ADIDAS Men Adi Wind Yellow Flip Flops,81
22369,Men,Navy Blue,Fall,2011,Casual,Highlander Men Solid Navy Blue Trouser,86
29781,Men,Charcoal,Summer,2013,Casual,Basics Men Steel Charcoal Trousers,86
3997,Men,Grey,Winter,2011,Casual,Spalding Men Grey & Orange Flip Flops,81
18200,Women,Red,Fall,2011,Casual,Jealous 21 Women Stripes Red Sweater,155
9657,Men,Red,Fall,2011,Casual,Indigo Nation Men Reversible Bling Red Shirts,67
23841,Men,White,Fall,2011,Casual,ADIDAS Men White Snipe Lo Casual Shoes,3
43198,Women,Black,Winter,2016,Casual,Fastrack Women Black Dial Watch,70
48570,Women,Black,Summer,2013,Casual,Lucera Women Black & Silver Bracelet,152
8785,Women,Pink,Fall,2011,Casual,Lotto Women Cathy Pink Jacket,145
54913,Men,Beige,Summer,2012,Casual,Do u speak green Men Printed Beige Sweatshirt,16
47538,Women,Maroon,Winter,2012,Casual,Portia Women Maroon Flats,83
17248,Men,Navy Blue,Fall,2011,Casual,U.S. Polo Assn. Men Stripes Navy Blue  Polo Tshirt,40
28495,Men,Black,Summer,2012,Sports,Urban Yoga Men Black Track Pants,12
42876,Women,Black,Summer,2012,Casual,French Connection Women Black Clutch,50
29547,Men,Yellow,Summer,2012,Casual,Classic Polo Men Printed Yellow T-shirt,40
35118,Women,Silver,Fall,2012,Casual,Allen Solly Woman Silver Necklace,151
11983,Men,Black,Fall,2011,Sports,FILA Men Dls Circuit 2 Black Sports Shoes,26
4148,Women,White,Summer,2011,Sports,Nike Women Glide White Pink Shoe,26
59630,Women,Orange,Fall,2012,Ethnic,FNF Orange Wedding Collection Sari,20
10851,Men,Brown,Fall,2011,Casual,Wrangler Men Applique Polo Brown T-Shirts,40
56678,Men,Black,Winter,2016,Casual,Maxima Men Black Dial Watch,70
4974,Men,Yellow,Summer,2011,Casual,Gini and Jony Boy's Kangaroo Yellow Infant Kidswear,67
38607,Men,Yellow,Summer,2012,Casual,Nike Men Yellow Just Do It T-shirt,40
24258,Men,White,Summer,2012,Casual,Numero Uno Men White Casual Shoes,3
25984,Women,Purple,Spring,2017,Casual,J.Del Pozo Halloween Women Deo,154
53138,Women,Blue,Winter,2015,Casual,Catwalk Women Blue Heels,65
45861,Women,Maroon,Summer,2012,Ethnic,Vishudh Women Maroon Kurta,87
57598,Women,Brown,Spring,2017,Casual,Lotus Herbals Moistpetals Raspberry Punch Lipstick 122,98
1608,Men,Blue,Fall,2010,Sports,Reebok Track Pants Jet Black,12
38435,Women,Black,Summer,2015,Casual,Baggit Women Black Purse,50
9465,Men,White,Fall,2011,Formal,John Miller Men White Self Structure Shirts,67
17846,Men,Black,Fall,2011,Sports,Nike Men Supergame Black Sports Shoe,26
48742,Men,Steel,Summer,2012,Casual,Revv Men Steel Bangle,8
18032,Women,Beige,Winter,2015,Casual,Lino Perros Women Solid Beige Handbag,119
12508,Men,Brown,Winter,2018,Casual,Red Tape Men Casual Brown Casual Shoes,3
49690,Men,Blue,Summer,2012,Formal,Park Avenue Blue Tie,132
16994,Women,Black,Winter,2012,Casual,Rocia Women Casual Black Heels,83
3963,Women,Black,Summer,2011,Casual,Jealous 21 Women Black V Neck Party Top,49
40977,Boys,Green,Summer,2012,Casual,Gini and Jony Boys Core Green T-shirt,40
15349,Men,Blue,Winter,2012,Sports,Nike Men Blue Team India Cricket Jersey,144
59066,Women,White,Summer,2017,Casual,Peri Peri Women White Bra,128
56812,Women,Multi,Summer,2012,Ethnic,Aneri Women Multi Coloured Kurti,115
20892,Men,Black,Fall,2011,Casual,Basics Men Black Casual Shoes,3
58988,Women,Green,Spring,2017,Casual,Cavallini Women Deo,154
38051,Men,Black,Winter,2016,Casual,Q&Q Men Black Digital Watch M124J001Y,70
39183,Women,Multi,Summer,2012,Ethnic,Aneri Women Multi Coloured Kurta,87
21940,Women,Brown,Winter,2015,Casual,Murcia Women Casual Brown Handbag,119
26359,Women,Black,Summer,2012,Casual,Arrow Women Black Top,49
19584,Men,Grey,Fall,2011,Casual,United Colors of Benetton Men Stripes Grey Tshirt,40
9001,Men,Grey,Fall,2011,Casual,Puma Men El rey Riddim 50s OC Grey Casual Shoes,3
48326,Women,Maroon,Summer,2012,Casual,Pitaraa Women Maroon Purse,50
18456,Men,White,Spring,2017,Casual,Nautica White Sail Men Perfumes,38
6875,Women,Black,Summer,2011,Casual,Forever New Women's Gold Sleeveless Black Dress,166
12950,Men,White,Fall,2011,Casual,Basics Men White Slim Fit Checked Shirt,67
13882,Men,Purple,Fall,2011,Casual,Scullers Men Check Purple Shirts,67
6049,Men,Black,Summer,2011,Casual,UCB Men's Polo Neck T-shirt In Solid Heavy Wash Black T-shirt,40
3709,Men,Purple,Summer,2011,Casual,Classic Polo Men's Purple Black Stripe T-shirt,40
51805,Women,Pink,Summer,2016,Casual,Bwitch Light Pink Bra,128
55499,Women,Pink,Spring,2017,Casual,Revlon Pink Ice Glace Rose Colorburst Lip Gloss 004,59
9233,Men,Blue,Fall,2011,Formal,Mark Taylor Men Blue Striped Shirt,67
48114,Women,Multi,Summer,2012,Casual,Fossil Women Multi Coloured Quilted Squares Belt,9
29123,Men,White,Summer,2012,Sports,Puma Men Aquil White Sports Shoes,26
51039,Women,Brown,Summer,2017,Casual,Enamor Women Brown Floral Printed Briefs,21
26957,Women,Purple,Summer,2012,Casual,Jealous 21 Women Purple Shirt,67
27885,Women,Blue,Summer,2012,Formal,Scullers For Her Blue Shirt,67
30832,Women,Blue,Summer,2012,Ethnic,Fabindia Women Printed Blue & Red Churidar,69
48928,Women,Silver,Summer,2012,Casual,Lucera Women Silver Ring,54
1862,Men,Grey,Summer,2011,Casual,Inkfruit Mens Urban Warfare T-shirt,40
59254,Men,White,Winter,2016,Casual,Titan Men White Dial Watch,70
10409,Men,Green,Fall,2011,Casual,United Colors of Benetton Men Green Polo Tshirts,40
15947,Men,Maroon,Fall,2011,Formal,Turtle Men Stripes Maroon Ties,132
32759,Men,Purple,Summer,2012,Casual,Indigo Nation Men Striped Purple Shirt,67
48789,Women,Silver,Summer,2015,Casual,Lucera Women Silver Pendant,129
30693,Women,Brown,Winter,2015,Casual,Catwalk Women Brown Heels,65
2046,Men,Blue,Fall,2010,Casual,ADIDAS Mens Fitted Blue T-shirt,40
27624,Men,Cream,Summer,2012,Casual,Scullers Men Cream Shorts,47
13411,Men,Pink,Summer,2011,Casual,United Colors of Benetton Men Stripes Pink Shirts,67
23284,Men,Black,Winter,2016,Casual,Maxima Ssteele Men Black Watch,70
50776,Men,Brown,Winter,2013,Casual,Clarks Men Brown Leather Sandals,157
34233,Men,Mustard,Summer,2013,Casual,Proline Men Mustard Yellow T-shirt,40
7534,Men,White,Summer,2011,Sports,Nike men's As Nike Spher White Orange T-shirt,40
19917,Unisex,Black,Winter,2015,Casual,Wildcraft Unisex Black Backpack,64
46613,Women,Grey,Summer,2012,Casual,Catwalk Women Multi Coloured Sandals,65
16163,Men,Tan,Fall,2011,Formal,Enroute Men Leather Tan Formal Shoes,23
22356,Men,White,Fall,2011,Casual,John Players Men Solid White Shirt,67
52021,Women,Brown,Summer,2016,Casual,Inaya Women Lounge Top,150
45096,Women,Purple,Winter,2015,Casual,Bwitch Purple Full-Coverage Lace Bra RTV-BW334,128
36564,Women,Purple,Spring,2017,Casual,United Colors of Benetton Women Deo,154
5263,Unisex,Grey,Winter,2015,Casual,Wildcraft Unisex Grey & Green Printed Messenger Bag,33
44144,Men,Black,Spring,2017,Casual,Boss Men Number One Perfume,38
20401,Women,Purple,Winter,2015,Casual,Baggit Women Tickle Taj Purple Belt,9
41436,Men,White,Fall,2012,Casual,Lee Cooper Men Black & White Sports Shoes,26
25173,Women,Brown,Winter,2015,Casual,Lino Perros Women Leatherette Brown Handbag,119
56481,Women,Maroon,Spring,2017,Casual,Streetwear Bride's Delight Nail Polish 52,90
11346,Men,Blue,Spring,2013,Casual,Lee Men Blue Zed Fit Jeans,18
10294,Men,Brown,Fall,2012,Formal,Clarks Men Feeling Good Leather Brown Formal Shoes,23
57553,Women,Brown,Spring,2017,Casual,Lotus Herbals Floralstay Truffle Story Lip Color 423,98
44978,Women,Black,Winter,2016,Casual,Maxima Women Black Dial Watch,70
33016,Women,Black,Summer,2012,Ethnic,Mother Earth Women Striped Black & Maroon Kurta,87
4183,Men,Brown,Summer,2011,Casual,Rockport Men Brown Leather Casual Shoes,3
11948,Men,Black,Summer,2012,Casual,Ganuchi Men Casual Black Casual Shoes,3
36756,Women,White,Winter,2016,Casual,Maxima Women White Dial Watch,70
58729,Women,Blue,Summer,2012,Casual,Puma Women Blue T-shirt,40
37684,Unisex,Blue,Summer,2012,Casual,American Tourister Unisex Blue Backpack,64
44376,Women,Blue,Summer,2012,Casual,ONLY Women Blue Waistcoat,162
11174,Men,Green,Fall,2011,Casual,Scullers Men Stripes Green Sweaters,155
33224,Women,Black,Summer,2012,Casual,Sepia Women Striped Black Top,49
57761,Women,Cream,Spring,2017,Casual,Lotus Herbals Tea Tree & Cinnamon Anti-Acne Oil Control Face Wash,5
24293,Men,Grey,Summer,2016,Casual,Quiksilver Men High Grey Socks,75
27416,Women,Grey Melange,Winter,2015,Casual,Jockey Women Grey Melange Relaxed Fit Capris 1306,61
43153,Men,Brown,Summer,2017,Casual,Fastrack Men Brown Dial Watch NE1478SM02,70
2274,Men,White,Fall,2010,Sports,Nike Mens AS White T-shirt,40
42081,Men,Brown,Summer,2012,Casual,American Tourister Men Brown Slim Fold Wallet,170
22958,Men,White,Summer,2012,Sports,Reebok Men White Acciomax Sports Shoes,26
49469,Men,Maroon,Summer,2012,Casual,Vans Men Maroon Vulcanized Canvas Shoes,3
19319,Unisex,Grey,Fall,2011,Casual,Nike Unisex Casual Grey Backpack,64
55036,Women,Brown,Spring,2017,Casual,Lakme Absolute Matte Expresso Lipstick 55,98
34001,Women,Brown,Summer,2012,Casual,Femella Women Brown Top,49
50544,Men,White,Summer,2016,Casual,Chromozome Men White Brief,21
17283,Men,Brown,Fall,2011,Casual,U.S. Polo Assn. Men Stripes Brown Polo Tshirt,40
16351,Men,Cream,Fall,2011,Formal,Peter England Men Stripes Cream Shirt,67
22164,Men,Brown,Fall,2012,Casual,Timberland Men Brown Casual Shoes,3
7706,Women,Black,Fall,2011,Casual,Jealous 21 Women's She's Got Attitude Black Top,49
14062,Men,Grey,Fall,2011,Casual,Flying Machine Men Stripes Grey Polo Tshirts,40
20257,Men,Blue,Fall,2011,Casual,Wrangler Men Wing Blue Tshirt,40
5435,Men,Grey,Summer,2011,Sports,Nike Men's Encourage The Rookies Grey T-shirt,40
44712,Men,Black,Summer,2010,Casual,Lotto Men Black Campione Flip Flop,81
36332,Men,Black,Summer,2016,Casual,Playboy Men Black and White Socks,75
21385,Men,Navy Blue,Fall,2011,Casual,Manchester United Men Solid Navy Blue Track Pants,12
52677,Men,Silver,Winter,2016,Casual,Morellato Men Silver Dial Watch,70
57305,Women,Black,Winter,2012,Casual,Rocia Women Black Heels,65
11510,Women,Beige,Winter,2015,Casual,Catwalk Women Lifestyle Beige Flats,65
41260,Men,Brown,Summer,2012,Casual,Arrow Men Brown Wallet,170
31117,Girls,White,Summer,2012,Casual,Gini and Jony Girls White Top,49
12395,Men,Blue,Summer,2016,Formal,Reid & Taylor Men Solid Blue Socks,75
46879,Men,Green,Summer,2012,Casual,Lino Perros Men Pack of 2 Socks,75
13247,Men,Blue,Fall,2011,Casual,Palm Tree Kids Boy Washed Blue Jeans,18
54580,Women,Red,Summer,2012,Ethnic,Sushilas Women Printed Red Kurta,87
28806,Men,Black,Summer,2012,Casual,Denizen Men Check Black Shirt,67
43537,Women,Green,Summer,2012,Casual,French Connection Women Green Top,49
2610,Women,Black,Winter,2012,Casual,Carlton London Women Stylish Black Flats,65
16735,Men,Black,Fall,2011,Casual,Lotto Men Emeriti Black Slipper,81
49831,Women,Blue,Winter,2012,Casual,iPanema Women Blue Flip Flops,81
22500,Women,Blue,Winter,2015,Casual,Catwalk Women Blue Casual Shoes,3
7362,Women,Blue,Summer,2011,Casual,UCB Women's Graphic Print Sequins Blue Top,49
46045,Women,Gold,Winter,2016,Casual,Estelle Gold Earrings,143
47197,Men,Black,Summer,2010,Casual,Franco Leone Men Black Sandals,157
34465,Unisex,Black,Summer,2010,Casual,ADIDAS Unisex Black BP Tone Backpack,64
31325,Women,Purple,Summer,2012,Ethnic,Aurelia Women Printed Purple Kurta,87
8118,Men,Brown,Winter,2016,Casual,Fastrack Men Khaki Canvas Brown Belts,9
43705,Women,White,Summer,2012,Ethnic,Royal Diadem White Jewellery Set,142
13075,Men,Black,Summer,2013,Casual,Numero Uno Men Black Shoes,3
7150,Women,Black,Fall,2011,Casual,Scullers For Her Women's Wow Knit Black Purple Top,49
35785,Women,Orange,Summer,2012,Casual,Enroute Women Coral Shoes,83
46277,Women,Red,Summer,2012,Casual,109F Red & White A-Line Dress,166
16507,Men,Blue,Fall,2011,Casual,Locomotive Men Washed Blue Jeans,18
8924,Men,Black,Winter,2015,Casual,Puma Men Cat  Black Belt,9
22732,Men,Olive,Fall,2011,Sports,Nike Men Air Max Conquer ACG Olive Sports Boot,26
28208,Men,Metallic,Winter,2016,Casual,Ray-Ban Men Active Lifestyle Metallic Sunglasses,113
50312,Men,Lavender,Summer,2012,Formal,Park Avenue Men Lavender Tie,132
6082,Men,Blue,Summer,2011,Casual,UCB Men's Polo Neck Blue T-shirt,40
13849,Men,White,Fall,2011,Casual,Indigo Nation Men Check White Shirts,67
44520,Men,Khaki,Summer,2012,Casual,Coolers Men Khaki Sandals,157
53597,Men,Black,Winter,2016,Casual,Q&Q Men Black Digital Watch M086J001Y,70
20065,Women,Black,Fall,2011,Casual,United Colors of Benetton Women Solid Black Belt,9
39974,Men,Brown,Winter,2014,Casual,Gas Men Brown Lear Shoes,3
15382,Men,Navy Blue,Fall,2011,Casual,Fila Men Terra Navy Blue Slippers,81
52445,Women,Pink,Winter,2015,Casual,Red Rose Pink & Black Nightdress,7
57137,Women,Khaki,Summer,2012,Casual,Elle Women Khaki Trousers,86
58943,Women,Blue,Spring,2017,Casual,Taylor of London Women Panache Perfume,38
33472,Women,Bronze,Summer,2012,Casual,Baggit Women Chapati Jassy Bronze Belt,9
20859,Women,Brown,Winter,2016,Casual,United Colors of Benetton Women Casual Brown Sunglasses,113
40180,Men,Black,Winter,2016,Casual,Fastrack Men UV Protected Sporty Wrap Sunglasses,113
59891,Women,Multi,Fall,2012,Casual,Femella Women Multi Coloured Shirt,67
11722,Men,Red,Summer,2011,Casual,Lee Men Check Red Shirts,67
14096,Men,Blue,Fall,2011,Casual,Flying Machine Men Stripes Blue Tshirts,40
53751,Women,Mauve,Summer,2012,Casual,ADIDAS Women Mauve Track Pant,12
45634,Men,Black,Summer,2016,Casual,Park Avenue Men Black Swank Briefs,21
4513,Unisex,Black,Summer,2011,Sports,Lotto Unisex Brooklyn Black Shoe,26
52683,Men,Silver,Winter,2016,Casual,Morellato Men Silver Dial Watch,70
15144,Men,White,Fall,2011,Casual,Arrow Sport Men Self-Stripes White Shirts,67
10436,Men,Pink,Fall,2011,Casual,Flying Machine Men Pink Polo Tshirts,40
24603,Women,White,Fall,2011,Ethnic,Vishudh Women White Printed Kurta,87
56223,Men,Brown,Summer,2016,Casual,SDL by Sweet Dreams Men Brown Pyjama Set,146
32766,Men,White,Summer,2012,Formal,John Miller Men Striped White Shirt,67
3736,Unisex,Orange,Fall,2010,Casual,Lotto Unisex Kochi Tuskers Orange Cap,93
29920,Men,Black,Winter,2016,Casual,Police Men Black Dial Chronograph Watch PL12699JSB,70
42411,Men,Charcoal,Summer,2016,Casual,Basics Men Charcoal Hip Brief,21
12361,Men,Blue,Fall,2011,Formal,Reid & Taylor Men Solid Blue Shirts,67
19789,Men,Orange,Winter,2016,Casual,U.S. Polo Assn. Men Solid Orange Tshirt,40
26154,Men,Black,Summer,2012,Formal,John Miller Men Black Trousers,86
27086,Women,Black,Winter,2015,Casual,Catwalk Women Black Casual Flats,83
54574,Women,Green,Summer,2012,Ethnic,Sushilas Women Printed Green Kurti,87
51006,Women,Brown,Summer,2017,Casual,Enamor Brown Bra,128
35543,Girls,Black,Summer,2012,Casual,Enroute Teens Black Sandals,157
7396,Men,Grey,Winter,2018,Casual,Red Tape Men Grey Casual Shoes,3
26968,Women,Purple,Summer,2012,Casual,Jealous 21 Women Check Purple Top,49
47163,Men,Black,Summer,2012,Casual,Peter England Men Black Belt,9
6244,Women,Black,Summer,2011,Casual,Lee Women's Rihana Black T-shirt,40
48917,Women,Silver,Summer,2015,Casual,Lucera Women Silver Pendant,129
17613,Boys,Red,Fall,2011,Casual,Doodle Boys Catch Me Red Tshirt,40
12153,Women,Green,Fall,2011,Ethnic,Aurelia Women Solid Green Kurtas,87
26366,Women,Pink,Summer,2012,Formal,Arrow Woman Pink Shirt,67
3504,Men,Brown,Fall,2010,Casual,ADIDAS Men Spry Wine Black Sandal,157
42623,Women,Gold,Winter,2016,Casual,Estelle Women Earrings,143
48319,Women,Gold,Winter,2012,Casual,Pitaraa Golden Omelette Thin Bracelet,152
30203,Unisex,Black,Summer,2012,Casual,Nike Unisex Legend Black Duffle Bag,37
13081,Men,White,Fall,2011,Casual,Numero Uno Men White Casual Shoes,3
18469,Men,White,Spring,2017,Casual,Reebok Reeplay Men Perfumes,38
46283,Women,White,Summer,2012,Casual,109F Women White Tunic,148
23614,Men,Black,Spring,2017,Casual,Nike Fragrances Men Basic Perfume 75 ml,38
9802,Women,Navy Blue,Fall,2011,Casual,Scullers For Her Women Scullers Top Navy Blue Tops,49
17421,Men,Steel,Winter,2016,Casual,CASIO ENTICER Men White Dial Analogue Watch A417,70
47351,Women,Black,Summer,2012,Casual,Baggit Women Black Bag,119
6076,Men,White,Summer,2011,Casual,UCB Men's Polo Neck Striper White Yellow T-shirt,40
53563,Unisex,White,Winter,2016,Casual,Q&Q Unisex White Analog Dial Watches,70
20091,Women,Grey,Summer,2012,Casual,United Colors of Benetton Women Grey Sweater,155
40948,Boys,White,Summer,2012,Casual,Gini and Jony Boys Rodeo T-shirt,40
21143,Women,Purple,Fall,2011,Casual,s.Oliver Women Solid Purple Top,49
15376,Men,White,Fall,2011,Sports,FILA Men Fila Boston White Sports Shoes,26
39980,Men,Brown,Summer,2013,Casual,Gas Men Flint Brown Shoes,3
59059,Women,Green,Summer,2012,Ethnic,Global Desi Women Green Kurta,87
45406,Women,Black,Summer,2012,Casual,Rocia Women Black Sandals,83
4721,Boys,Red,Summer,2011,Casual,Disney Kids Boy's Royal Sailing Red Teen Kidswear,40
10604,Unisex,Red,Fall,2011,Sports,Nike Unisex Tennis Red Caps,93
33486,Women,Blue,Summer,2012,Casual,Doodle Kids Girl Printed Blue Dress,166
40174,Men,Black,Winter,2016,Casual,Fastrack Men UV Protected Sporty Wrap Sunglasses,113
32554,Men,Black,Summer,2013,Casual,Playboy Men Black Shoes,3
56011,Women,Burgundy,Spring,2017,Casual,Colorbar Soft Touch Rhinestone Lipstick 045,98
43395,Men,Navy Blue,Summer,2012,Casual,Lino Perros Men Navy Blue Wallet,170
17879,Men,Green,Summer,2016,Casual,Levis Men Comfort Style Green Innerwear Vest,13
30667,Men,Copper,Winter,2016,Casual,Park Avenue Men Copper Sunglasses,113
12537,Men,Grey,Fall,2011,Casual,Puma Men Solid Grey Track Pants,12
26702,Women,White,Fall,2011,Sports,Nike Women White Court Shuttle Shoes,26
8588,Men,Blue,Fall,2011,Casual,Scullers Men Scul Blue Shirts,67
3160,Men,White,Fall,2010,Sports,Nike Men's Dual Fusion White Shoe,26
42247,Women,Green,Summer,2012,Casual,Sepia Women Green Top,49
23270,Men,Blue,Winter,2016,Casual,Maxima Ssteele Men Blue Watch,70
28698,Women,Brown,Summer,2012,Ethnic,W Women Printed Brown Kurta,87
17045,Men,Brown,Spring,2013,Casual,Gas Men Aventura Sandal,157
18831,Men,Brown,Summer,2011,Formal,Peter England Men Formal Brown Belt,9
6412,Unisex,Blue,Summer,2011,Casual,Lotto Unisex Canvas Blue Shoe,3
35315,Women,Silver,Winter,2016,Ethnic,Fabindia Women Anusuya Silver Earrings,143
51650,Men,Brown,Winter,2016,Casual,Fossil Men Brown Dial Chronograph Watch FS4608,70
16197,Men,Green,Fall,2011,Casual,Puma Men Rugby Green TShirt,40
21527,Women,White,Winter,2015,Casual,Kiara Women Rosetti White Handbag,119
36590,Men,Red,Summer,2012,Casual,Provogue Men Eternity Red Shirt,67
4345,Men,White,Summer,2012,Sports,Fila Men's Mythos White Navy Shoe,26
24869,Men,Blue,Fall,2011,Casual,Reid & Taylor Men Assorted Check Muffler,147
53107,Women,Silver,Winter,2016,Casual,Fabindia Silver Earrings,143
25187,Women,Brown,Winter,2015,Casual,Lino Perros Women Brown Handbag,119
56475,Women,Beige,Spring,2017,Casual,Streetwear Delight Nail Polish 22,90
10260,Men,Grey,Fall,2011,Formal,John Miller Men Line Grey Trousers,86
24055,Men,Grey,Summer,2012,Casual,Locomotive Men Grey Striped T-shirt,40
1637,Men,White,Fall,2010,Sports,Nike Men White Cricket Shoes,26
40510,Men,Cream,Winter,2016,Casual,Titan Men Cream Dial Watch,70
45250,Men,Black,Winter,2016,Casual,Casio Youth Series Men Digital Watch AE-2000W-1AVDF(D083),70
21715,Women,Blue,Winter,2015,Casual,Catwalk Women Blue Casual Shoes,3
15520,Men,Black,Fall,2011,Casual,Rockport Men CV Wing Black Casual Shoes,3
44382,Men,Green,Spring,2017,Casual,ADIDAS Men Pure Game Deo,154
11180,Men,Brown,Winter,2016,Casual,Carrera Men White Dial Watch,70
56647,Women,Pink,Fall,2012,Ethnic,Mumbai Slang Women Pink Kurti,115
38638,Men,Black,Summer,2012,Casual,Nike Men Printed Black T-shirt,40
57795,Women,Red,Spring,2017,Casual,Lotus Herbals Pomegranate & Plum Skin Polisher,5
10052,Women,Black,Fall,2011,Casual,Puma Women Trunk Black Shorts,47
5899,Men,Black,Summer,2011,Casual,Puma Men's Mid Spill Black Shoe,3
24267,Men,Blue,Summer,2012,Casual,Quiksilver Men Blue Check Shirt,67
54110,Women,Black,Winter,2012,Casual,Rocia Women Black Flats,65
2280,Women,Pink,Fall,2010,Sports,Nike Womens Sphere Pink T-shirt,40
3352,Men,Yellow,Summer,2011,Casual,Myntra Men's I Am Not Lazy Yellow T-shirt,40
31587,Men,Black,Summer,2012,Casual,Mark Taylor Men Printed Black T-shirt,40
42075,Men,Black,Summer,2015,Casual,American Tourister Men Black Wallet,170
12705,Men,White,Fall,2011,Sports,Nike Men Air Courtballistic White Sports Shoes,26
26530,Men,Purple,Spring,2013,Casual,Gas Men Aishley Greyish Purple Casual Shoes,3
47507,Men,White,Summer,2016,Casual,Facit Men White Facit Innerwear Vest,13
6620,Men,White,Summer,2011,Sports,ADIDAS Men's Ridley White Silver Shoe,26
23042,Men,Navy Blue,Fall,2011,Formal,Arrow Men Navy Blue Trousers,86
17277,Men,Navy Blue,Fall,2011,Casual,U.S. Polo Assn. Men Printed Navy Blue Tshirt,40
51462,Women,Brown,Summer,2012,Casual,Tonga Women Brown Top,49
42849,Women,Black,Summer,2012,Casual,French Connection Women Black Clutch,50
22190,Men,Brown,Fall,2012,Casual,Timberland Men Light Brown Casual Shoes,3
29578,Unisex,Green,Summer,2012,Casual,ADIDAS Unisex Boston Celtics Green Backpack,64
35127,Women,Metallic,Summer,2012,Casual,Allen Solly Woman Metal Necklace,151
51802,Women,Navy Blue,Summer,2016,Casual,Bwitch  Navy Blue  Nightdress,7
42429,Women,Orange,Summer,2012,Ethnic,Aurelia  Women Orange Kurta,87
29918,Men,Grey,Winter,2016,Casual,Police Men Grey Dial Watch PL12698JSU,70
48113,Women,Brown,Summer,2012,Casual,Fossil Women Brown Belt,9
26950,Women,Maroon,Summer,2012,Casual,Jealous 21 Women Printed Maroon T-shirt,40
46089,Women,White,Summer,2012,Sports,ADIDAS Women White Galaxy Arriba Sports Shoes,26
29124,Men,Black,Fall,2012,Sports,Puma Men Aquil Black Sports Shoes,26
30835,Women,Pink,Summer,2012,Ethnic,Fabindia Women Fushsia Pink Kurta,87
27882,Women,Olive,Summer,2012,Casual,Scullers For Her Olive Shirt,67
1865,Men,White,Summer,2011,Casual,Inkfruit Men Operation Kick,40
58381,Men,Grey,Summer,2012,Casual,Locomotive Men Grey T-shirt,40
21349,Men,Silver,Winter,2016,Casual,Pal Zileri Men Casual Metalic Frame Sunglasses,113
59253,Men,Bronze,Winter,2016,Casual,Titan Men Bronze Chronograph Dial Watch,70
14892,Women,Blue,Summer,2011,Casual,United Colors of Benetton Women Solid Blue Backpacks,64
15940,Men,Brown,Fall,2011,Casual,Turtle Men Leather Brown Belts,9
40970,Men,Red,Winter,2012,Casual,Buckaroo Men Red Casual Shoes,3
56815,Women,Multi,Summer,2012,Casual,Aneri Women Brown Tunic,148
4719,Girls,White,Summer,2011,Casual,Disney Kids Girl's Fun In The Fair White Teen Kidswear,40
59061,Women,Green,Summer,2012,Ethnic,Global Desi Women Green & Purple Kurta,87
52489,Women,Skin,Winter,2015,Casual,Red Rose Beige Camisole,39
20895,Men,Orange,Fall,2011,Casual,Basics Men Orange Casual Shoes,3
24409,Women,White,Summer,2012,Sports,ADIDAS Women White & Grey Vanquish Sports Shoes,26
56029,Women,Maroon,Spring,2017,Casual,Colorbar Soft Touch Coral Crush Lipstick 022,98
21947,Women,Red,Winter,2015,Casual,Murcia Women Red Leatherite Handbag,119
39184,Women,Multi,Summer,2012,Ethnic,Aneri Women Multi Coloured Kurta,87
19583,Men,Black,Summer,2011,Casual,United Colors of Benetton Men Stripes Black Tshirt,40
18451,Women,Orange,Spring,2017,Casual,Guess Marciano Women Fragrance Gift Set,30
6872,Women,Black,Summer,2011,Casual,Forever New Women's Lacy Black Dress,166
29316,Unisex,Blue,Summer,2012,Casual,ADIDAS Unisex Power Blue Backpack,64
12957,Men,Grey,Fall,2011,Sports,ADIDAS Men Grey Sports Shoes,26
47369,Women,Grey,Summer,2012,Casual,Baggit Women Grey & Blue Dhamal Mobile Pouch,163
13885,Men,Black,Fall,2011,Casual,Scullers Men Check Black Shirts,67
17419,Women,Black,Winter,2016,Casual,Casio Enticer Women Silver Analogue Watches (A378) LTP-2069D-1AVDF,70
25983,Women,Black,Spring,2017,Casual,J. DEL POZO Women In Black Eau De Toilette Spray 100 ml,38
59405,Women,Green,Fall,2012,Casual,Tokyo Talkies Women Green Top,49
44188,Women,Black,Winter,2012,Casual,iPanema Women Black Flip Flops,81
45866,Men,Black,Summer,2012,Casual,Numero Uno Men Black Shoes,3
38432,Women,Red,Summer,2012,Casual,Baggit Women Red Affair Hoor Mobile Pouch,163
40528,Men,White,Summer,2017,Formal,Titan Men White Dial Watch NB1956YL02,70
10258,Men,Navy Blue,Fall,2011,Formal,John Miller Men Line Navy Blue Trousers,86
18035,Women,Red,Winter,2015,Casual,Lino Perros Women Solid Red Handbag,119
48745,Men,Steel,Summer,2013,Casual,Revv Men Steel Bangle,8
9462,Men,White,Fall,2011,Formal,John Miller Men White Check Shirt,67
17841,Women,White,Fall,2011,Sports,Nike Women City Court White Sports Shoe,26
16993,Women,Silver,Summer,2011,Casual,Puma Women Dizzy  Silver Belt,9
49697,Men,Red,Summer,2012,Casual,Park Avenue Men Red Tie,132
18809,Men,Olive,Summer,2011,Casual,Peter England Men Casual Olive Belt,9
23248,Men,Brown,Fall,2011,Formal,Arrow Men Formal Brown Shoe,23
3964,Women,Blue,Summer,2011,Casual,Jealous 21 Women Blue V Neck Party Top,49
51668,Men,Brown,Winter,2016,Casual,Louis Philippe Men Aviator Sunglasses LP217-C3,113
29772,Men,Red,Summer,2012,Casual,Wrangler Men Red Striped Casual Shirt,67
48577,Men,Steel,Summer,2012,Casual,Revv Men Steel Bracelet,152
23846,Men,White,Fall,2011,Sports,ADIDAS Men White Galaxy Elite Sports Shoes,26
9650,Men,Purple,Fall,2011,Casual,Indigo Nation Men Club Satin Purple Shirt,67
54128,Women,Silver,Winter,2012,Casual,Rocia Women Silver Heels,65
18207,Men,Red,Fall,2011,Casual,Manchester United Men Solid Red Cap,93
35923,Women,Brown,Summer,2012,Casual,Peperone Women Brown & Blue Clutch,50
26508,Men,Brown,Fall,2013,Casual,Arrow Sport Men Brown Trousers,86
8782,Men,Purple,Fall,2011,Casual,Indigo Nation Men Bling PC Purple Shirts,67
22994,Men,Charcoal,Summer,2016,Sports,2go Active Gear USA Men Charcoal Tiger Lounge Pants,68
50588,Men,Blue,Summer,2016,Casual,Chromozome Men Blue Briefs,21
54914,Women,Cream,Summer,2012,Casual,Do u speak green Women Printed Cream T-shirt,40
6618,Men,Purple,Summer,2011,Casual,Spykar Men Purple and white Check Shirt,67
42871,Women,Red,Summer,2012,Casual,French Connection Women Red Clutch,50
15518,Men,Grey,Fall,2011,Casual,Rockport Men Slatkin Grey Casual Shoes,3
59637,Women,Maroon,Fall,2012,Ethnic,FNF Maroon & Green Collection For Wedding Sari,20
45268,Men,Orange,Winter,2016,Casual,CASIO G-Shock Men Black Digital Watch G335,70
10856,Men,Black,Fall,2011,Casual,Wrangler Men Black Polo Tshirts,40
4973,Men,Yellow,Summer,2011,Casual,Gini and Jony Boy's Kangaroo Yellow Kidswear,67
38600,Men,Yellow,Summer,2012,Casual,Nike Men Yellow Cave T-shirt,40
25977,Women,Orange,Spring,2017,Casual,J.Del Pozo Ambar Women Perfume,38
4389,Men,Black,Summer,2011,Casual,Free Authority Men's Music Space Black T-shirt,40
58523,Unisex,Yellow,Summer,2015,Casual,Wildcraft Unisex Yellow Travel Pouch,96
45892,Men,Silver,Winter,2016,Casual,Maxima Men Silver Dial Watch,70
39514,Unisex,Black,Winter,2012,Casual,Peter England Unisex Black Laptop Bag,169
52825,Women,Green,Summer,2012,Casual,Adrika Black & Green Earrings,143
44940,Men,Brown,Summer,2013,Formal,Franco Leone Men Brown Makhani Formal Shoes,23
24099,Men,Black,Summer,2012,Casual,Red Tape Men Black Sandals,157
13429,Men,Maroon,Summer,2011,Casual,United Colors of Benetton Men Printed Maroon Tshirts,40
43359,Men,Grey,Summer,2012,Sports,Reebok Men Grey Ultimate Vibe Sports Shoes,26
9496,Unisex,Green,Fall,2011,Casual,Puma Unisex Traction Green Backpacks,64
49663,Men,Black,Winter,2016,Casual,United Colors of Benetton Men Sunglass,113
19113,Men,White,Summer,2016,Casual,Campbell Men Pack of 3 Solid Tshirts,40
28654,Unisex,Grey,Winter,2012,Casual,Nike Unisex Grey FCB Cap,93
17089,Women,Blue,Winter,2015,Casual,Lino Perros Women Blue Zip Blue Wallet,170
2842,Men,Grey,Summer,2011,Casual,Mr.Men Men's Mr.Mischief Grey T-shirt,40
3990,Men,Blue,Summer,2011,Casual,Mr.Men Men's Surfer Blue T-shirt,40
29786,Men,Green,Summer,2013,Casual,Basics Men Green Polo T-shirt,40
48583,Men,Steel,Summer,2012,Casual,Revv Men Steel Bracelet,152
30499,Women,Beige,Summer,2014,Casual,Lovable Women Fiona Beige Bra,128
19321,Men,Grey,Fall,2011,Casual,Myntra Men Solid Grey Sweatshirt,16
8776,Men,Green,Fall,2011,Casual,Indigo Nation Men Check Me Out Green Shirts,67
43957,Women,Grey,Fall,2012,Casual,Puma Women Grey Techno Ind Sandals,157
34039,Boys,Red,Summer,2012,Casual,Palm Tree Boys Check Red Shirt,67
55832,Women,Purple,Summer,2017,Casual,SDL by Sweet Dreams Women White Printed Nightdress,7
46419,Men,Brown,Winter,2016,Casual,Timex Men Brown Dial Empera Watch,70
16369,Men,Grey,Fall,2011,Formal,Peter England Men Solid Grey Trouser,86
42885,Women,Copper,Summer,2012,Casual,French Connection Women Copper Clutch,50
11970,Men,Grey,Fall,2011,Casual,Batman Men's Good Evil Grey T-shirt,40
5069,Women,Purple,Winter,2016,Casual,Being Human Women Dial Strap Purple Watch,70
39726,Women,White,Summer,2012,Formal,Arrow Woman White Shirt,67
25379,Men,Black,Summer,2016,Casual,Levis Men Black & White Innerwear Vest,13
4987,Women,White,Summer,2011,Casual,Gini and Jony Girl's Viveca White Floral Kidswear,166
5855,Women,White,Summer,2011,Casual,ADIDAS Women Plated Handbag,119
57759,Women,White,Spring,2017,NA,Lotus Herbals Jojobawash Face Wash,5
19745,Men,Red,Summer,2011,Casual,ADIDAS Originals Men Red Polo T-shirt,40
26198,Men,Blue,Spring,2017,Casual,Formula 1 Start Men Perfume,38
46841,Girls,Pink,Winter,2012,Casual,Barbie Girls Pink Shoes,3
8312,Men,Black,Winter,2016,Casual,Fastrack Men Black & Orange Backpack,64
49035,Women,Silver,Summer,2012,Casual,Lucera Women Silver Ring,54
2628,Women,Gold,Fall,2010,Casual,Carlton London Women Four Strapped Gold Sandal,83
47993,Women,White,Winter,2016,Casual,Helix Women White Watch,70
18697,Men,Blue,Summer,2016,Casual,Hanes Men Blue Ultimate Duo Dry Cotton Stretch Bikini Briefs,21
31913,Women,Pink,Summer,2012,Casual,Fabindia Women Pink Sling Bag,119
22538,Women,Grey,Winter,2015,Casual,Hanes Women Pack of Three 100% Cotton Plain Bikini Briefs,21
49809,Women,White,Winter,2012,Casual,iPanema Women White Flip Flops,81
28002,Men,Grey,Summer,2016,Casual,Jockey ZONE Men Grey Tanga Brief US18,21
27876,Women,White,Summer,2012,Casual,Scullers For Her Printed White Shirt,67
6288,Unisex,Red,Summer,2011,Casual,Puma Unisex Matrix Red White Flip Flop,81
58375,Men,Blue,Summer,2012,Casual,Locomotive Men Blue T-shirt,40
1891,Men,White,Winter,2010,Casual,FIFA Mens Essentials White T-shirt,40
38290,Girls,Turquoise Blue,Summer,2012,Casual,Kids Ville Girls Turquoise Blue Top,49
14866,Men,Green,Summer,2011,Casual,United Colors of Benetton Men Solid Green Wallets,170
41258,Men,Black,Summer,2012,Casual,Arrow Men Black Wallet,170
39342,Men,Black,Summer,2012,Casual,Fila Men Zoom Black Shoes,3
58147,Men,White,Spring,2014,Sports,PUMA Men Set of 3 White Above Ankle-Length Socks,75
40984,Boys,White,Summer,2012,Casual,Gini and Jony Boys United White T-shirt,40
57933,Men,Grey Melange,Summer,2012,Casual,French Connection Men Grey Melange T-shirt,40
44518,Men,Black,Summer,2012,Casual,Coolers Men Black Sandals,157
36138,Men,White,Summer,2012,Sports,Nike Men Zoom Hyperenforcer White Sports Shoes,26
59095,Women,Skin,Summer,2017,Casual,Peri Peri Women Skin Bra,128
20861,Women,Grey,Fall,2011,Casual,United Colors of Benetton Women Casual Grey Wallet,170
36904,Men,Black,Winter,2016,Casual,Fossil Men Black Dial Chronograph Watch JR1353,70
39170,Women,Black,Summer,2012,Ethnic,Aneri Women Black Kurta,87
32598,Women,Orange,Summer,2012,Casual,ONLY Women Orange Top,49
8120,Men,Black,Winter,2016,Casual,Fastrack Men Black Belt,9
7954,Men,Blue,Fall,2011,Sports,Puma Men's Knit Polo Mazarine Blue Polo T-shirt,40
19577,Women,Olive,Summer,2011,Casual,United Colors of Benetton Women Solid Olive Top,49
27278,Women,Brown,Fall,2011,Ethnic,Mother Earth Women Beige Kurta,87
6886,Women,Black,Summer,2011,Casual,Forever New Women Puff Sleeve Tux Black Jacket,145
7168,Men,Blue,Fall,2011,Casual,Scullers Men Scul Blue White Shirt,67
13871,Men,Beige,Fall,2011,Casual,Scullers Men Stripes Beige Shirts,67
28230,Men,Black,Spring,2017,Casual,Playboy Men Ibiza Deo,154
15527,Men,White,Fall,2011,Casual,Puma Men Scribble White Tshirts,40
59608,Women,Magenta,Fall,2012,Ethnic,FNF Magenta & Gold Collection for Wedding Sari,20
21712,Men,Black,Winter,2016,Casual,Fossil Men Black Dial Watch ME1099,70
4170,Women,Yellow,Winter,2011,Sports,Reebok Women Zig Sonic Yellow and Grey Sports Shoes,26
45257,Men,White,Winter,2016,Casual,Casio Edifice Men Silver Analogue Watches (ED446) EF-131D-7AVDF,70
44385,Women,White,Spring,2017,Casual,Spinz Women Hip-Hop Deo,154
10869,Men,White,Fall,2011,Casual,Wrangler Men Fly The Wind White T-Shirts,40
37677,Unisex,Brown,Summer,2012,Casual,American Tourister Unisex Brown Backpack,64
53332,Men,Multi,Summer,2016,Casual,Smugglerz Men Multi coloured Check Boxers,122
32305,Women,Red,Winter,2016,Casual,Q&Q Women Red Dial Watch,70
56640,Women,Blue,Summer,2012,Casual,Mumbai Slang Women Multi Coloured Tunic,148
24260,Men,White,Summer,2012,Casual,Numero Uno Men White Shoes,3
57792,Women,Nude,Spring,2017,NA,Lotus Herbals Nude Botanical Compact 560,1
2287,Men,White,Summer,2011,Casual,Nike Men White T-shirt,40
48548,Women,Maroon,Summer,2012,Casual,Wrangler Women Maroon Belt,9
54117,Women,Brown,Winter,2012,Casual,Rocia Women Brown Flats,65
18238,Men,White,Fall,2011,Casual,Manchester United Men Printed White Tshirt,40
26537,Men,Blue,Winter,2015,Casual,ID Men Blue Shoes,3
12702,Women,White,Fall,2011,Casual,Nike Women Capri White Casual Shoes,3
42072,Unisex,Black,Summer,2012,Casual,American Tourister Unisex Black Passport Holder,170
3355,Men,Black,Summer,2011,Casual,Myntra Men's Need for speed Black T-shirt,40
31580,Men,Navy Blue,Summer,2012,Casual,Mark Taylor Men Printed Navy Blue T-shirt,40
17270,Men,Black,Fall,2011,Casual,U.S. Polo Assn. Men Black Polo Tshirt,40
23045,Women,Black,Fall,2011,Casual,Arrow Woman Black Printed Jeggings,161
6627,Men,Black,Summer,2011,Sports,ADIDAS Men's Morin Black Shoe,26
35120,Women,Bronze,Fall,2012,Casual,Allen Solly Woman Bronze Necklace,151
22197,Men,Brown,Fall,2012,Casual,Timberland Men Brown Casual Shoes,3
51465,Women,Teal,Summer,2012,Casual,Tonga Women Teal Dress,166
54325,Women,White,Summer,2017,Casual,Garfield Women White & Pink Bra,128
43392,Men,Brown,Summer,2012,Casual,Lino Perros Men Brown Wallet,170
42240,Women,Purple,Summer,2012,Casual,Sepia Women Purple Top,49
3167,Women,White,Summer,2011,Sports,Nike Women Main Draw White Blue Shoe,26
26705,Women,Black,Fall,2011,Casual,Nike Women Black Tenkay Shoes,83
12530,Women,Blue,Fall,2011,Casual,Puma Women Stripes Blue Tshirts,40
18836,Men,Black,Summer,2011,Casual,Peter England Men Classic Black Belt,9
6415,Unisex,Blue,Summer,2011,Casual,Lotto Unisex Canvas Purple Yellow Shoe,3
47732,Women,Brown,Summer,2012,Casual,Murcia Women Brown Handbag,119
2889,Women,Brown,Winter,2015,Casual,Catwalk Women Leather Cutshoe Brown Flats,65
17042,Men,Grey,Summer,2013,Sports,GAS Men Grey Skate 002 Shoes,26
23277,Men,Blue,Winter,2016,Casual,Maxima Ssteele Men Blue Watch,70
51657,Men,Blue,Winter,2016,Casual,Fossil Men Blue Chronograph Watch CH2694,70
16190,Men,Navy Blue,Fall,2011,Sports,Puma Men Heroes Navy Blue Jackets,145
35312,Women,Silver,Winter,2016,Ethnic,Fabindia Women Anusuya Silver Earrings,143
4342,Men,Black,Summer,2011,Sports,Fila Men's Phoenix Black White Shoe,26
15715,Women,Purple,Fall,2011,Casual,Nike Women Sweet Classic High Purple Casual Shoes,3
21520,Women,Black,Winter,2015,Casual,Kiara Women Classic Black Handbag,119
53100,Women,Silver,Winter,2016,Casual,Fabindia Silver Earrings,143
5290,Men,Black,Summer,2011,Formal,Lee Cooper Men Black Shoe,23
56472,Women,Blue,Spring,2017,NA,Streetwear Icy Blue Nail Polish # 68,90
25180,Women,Brown,Winter,2015,Casual,Lino Perros Women Leatherette Brown Handbag,119
45859,Women,Multi,Summer,2012,Ethnic,Vishudh Women Multi Coloured Kurta,87
40517,Men,Cream,Winter,2016,Casual,Titan Men Cream Dial Watch,70
24052,Men,Blue,Fall,2011,Casual,Locomotive Men Printed Blue T-shirt,40
10267,Men,Black,Fall,2011,Casual,Clarks Men Rocco Fuse Black Leather Black Casual Shoes,3
42624,Women,Gold,Winter,2016,Casual,Estelle Women Earrings,143
3503,Men,Navy Blue,Spring,2013,Casual,ADIDAS Men Navy Blue Sandals,114
26361,Women,Blue,Summer,2012,Casual,Arrow Woman Blue Top,49
12154,Women,Black,Fall,2011,Ethnic,Aurelia Women Solid Black Leggings,161
54741,Unisex,Grey,Summer,2012,Casual,Vans Unisex Grey Shoes,3
13086,Unisex,Gold,Fall,2011,Casual,Timberland Unisex Casual Gold Casual Shoes,3
9039,Men,Black,Winter,2011,Formal,Buckaroo Men Victor Black Formal Shoes,23
30204,Unisex,Black,Summer,2012,Casual,Nike Unisex Black Track Tote Bag,119
46284,Women,Black,Summer,2012,Casual,109F Women Black & White Top,49
12968,Men,White,Fall,2011,Sports,ADIDAS Men Allegra White Sports Shoes,26
6071,Women,Pink,Summer,2011,Casual,UCB Women's Epaulettes Pink T-shirt,40
47356,Women,Brown,Summer,2012,Casual,Baggit Women Brown Affair Hoor Purse,50
9805,Men,Black,Fall,2011,Formal,John Miller Men Black Checks Shirts,67
17426,Men,White,Winter,2016,Casual,CASIO Edifice Men White Dial Watch ED309,70
23613,Women,Blue,Spring,2017,Casual,Nike Fragrances Women Magic Passion Perfume 150 ml,38
20096,Women,White,Fall,2011,Ethnic,Diva Women Printed White Kurta,87
53564,Men,White,Winter,2016,Casual,Q&Q Men White Dial Watch,70
4726,Boys,White,Summer,2011,Casual,Disney Kids Boy's Regatta Annual White Teen Kidswear,40
45401,Women,Grey,Winter,2012,Casual,Rocia Women Grey Sandals,83
39987,Men,Blue,Spring,2013,Casual,Gas Men Europa Blue Shoes,3
15371,Women,Purple,Fall,2011,Casual,Urban Yoga Women Solid Purple Sweatshirts,16
21144,Women,White,Fall,2011,Casual,s.Oliver Women Solid White Top,49
40173,Men,Black,Winter,2016,Casual,Fastrack Men Black Polarized Sporty Wrap Sunglasses,113
33481,Women,Purple,Summer,2012,Casual,Baggit Women Baaz Sandwichtost Purple Belt,9
10603,Unisex,Grey,Fall,2011,Sports,Nike Unisex Tennis Grey Caps,93
56016,Women,Orange,Spring,2017,Casual,Colorbar Soft Touch Citrine Lipstick 040,98
32553,Men,Brown,Summer,2013,Casual,Playboy Men Brown Shoes,3
59862,Women,Black,Spring,2017,Casual,Olay Women Age Protect  Anti-Ageing Cream,42
21978,Women,Olive,Winter,2015,Casual,Murcia Women Casual Olive Handbag,119
14091,Women,Peach,Fall,2011,Casual,Flying Machine Women Solid Peach Sweaters,155
53756,Unisex,Black,Spring,2013,Casual,Puma Unisex Black Laptop Sleeve,169
52684,Men,Silver,Winter,2016,Casual,Morellato Men Silver Dial Watch,70
21376,Men,Green,Fall,2011,Casual,Manchester United Men Printed Green T-shirt,40
4514,Men,White,Summer,2011,Sports,Puma Men's Tarun White Navy Silver Red Shoe,26
45633,Men,Navy Blue,Summer,2016,Casual,Park Avenue Men Navy Blue Swank Brief,21
24604,Women,Brown,Fall,2011,Ethnic,Vishudh Women Brown Printed Kurta,87
10431,Men,Grey,Fall,2011,Casual,Flying Machine Men Ydc Grey Shirts,67
56224,Men,Grey,Summer,2016,Casual,SDL by Sweet Dreams Men Grey Pyjama Set,146
26153,Men,Black,Summer,2012,Formal,John Miller Men Striped Black Trousers,86
42416,Women,Pink,Summer,2012,Ethnic,W Women Pink Kurta,87
29927,Men,Grey,Winter,2016,Casual,Police Men Grey Dial Chronograph Watch PL12880JS-02M,70
3731,Men,Yellow,Summer,2011,Sports,CSK Mens Premium Jersey,40
30036,Women,White,Winter,2016,Casual,SKAGEN DENMARK Women White Mother of Pearl Dial Watch 107SSCS,70
54573,Women,Coffee Brown,Summer,2012,Ethnic,Sushilas Women Coffee Brown Kurta,87
27081,Women,Gold,Winter,2015,Casual,Catwalk Women Gold Flats,65
7391,Men,Black,Winter,2018,Formal,Red Tape Men's Black Slip-On Formal Shoe,23
51001,Women,Skin,Summer,2018,Casual,Enamor Full Figure Skin Bra,128
17614,Boys,Black,Fall,2011,Casual,Doodle Boys Cycle Black Tshirt,40
48910,Women,Silver,Summer,2013,Casual,Lucera Women Silver Pendant with Chain,129
34496,Women,Blue,Summer,2012,Formal,Van Heusen Woman Blue Shirt,67
6243,Men,Green,Summer,2011,Casual,UCB Men's Contrast Logo Olive Green T-shirt,40
47164,Men,Brown,Summer,2012,Casual,Peter England Men Brown Belt,9
49238,Men,Black,Fall,2012,Casual,Arrow Men Black Cap,93
31322,Women,Blue,Summer,2012,Ethnic,Aurelia Women Printed Blue Kurta,87
19548,Men,Purple,Fall,2011,Casual,United Colors of Benetton Men Solid Purple Sweatshirt,16
13072,Men,Black,Fall,2011,Casual,Numero Uno Men Black Casual Shoes,3
43702,Women,Black,Summer,2012,Casual,Remanika Women Black Top,49
22735,Women,Grey,Fall,2011,Sports,Nike Women Grey Lunarswift +3 Sports Shoes,26
8923,Men,White,Winter,2012,Casual,Puma Men White Belt,9
46270,Women,Purple,Summer,2012,Casual,109F Women Purple Layered Top,49
7157,Women,Black,Fall,2011,Casual,Scullers For Her Women Fashion Summer Black Tunics,148
35782,Women,Pink,Summer,2012,Casual,Enroute Women Pink Flats,65
6085,Women,White,Summer,2011,Casual,UCB Women's Halftone Print White T-shirt,40
34650,Women,Black,Summer,2012,Sports,Fila Women Top Fuel Black Sports Shoes,26
50315,Men,Red,Summer,2012,Formal,Park Avenue Men Red Tie,132
20062,Women,Purple,Fall,2011,Casual,United Colors of Benetton Women Solid Purple Cap,93
58178,Women,Grey,Summer,2012,Casual,Rocky S Women Grey Handbag,119
53590,Women,White,Winter,2016,Casual,Q&Q Women White Dial Watch,70
5600,Men,Blue,Summer,2011,Sports,Reebok Men's Trail Mud Slinger Black Blue Shoe,26
15385,Men,Blue,Summer,2013,Casual,Fila Men Hawai Blue Flip Flops,81
52442,Women,Red,Winter,2015,Casual,Red Rose Red Nightdress,7
39973,Men,Brown,Winter,2014,Casual,Gas Men Brown Lear Shoes,3
41869,Men,Yellow,Fall,2015,Casual,Estd. 1977 Men Yellow & Brown Sandals,157
40187,Women,Blue,Summer,2012,Ethnic,Mumbai Slang Women Blue Kurti,115
33475,Women,Brown,Summer,2012,Casual,Baggit Women Capture Jassy Brown Belt,9
58944,Women,Orange,Spring,2017,Casual,Taylor of London Women Tweed Perfume,38
57130,Women,White,Summer,2012,Casual,Elle Women Printed White Top,49
11725,Men,Orange,Fall,2011,Casual,Lee Men Printed Orange Tshirts,40
59896,Women,Multi,Fall,2012,Casual,Femella Women Multi Coloured Dress,166
44715,Men,Blue,Summer,2012,Casual,Lotto Men Navy Blue Flip Flops,81
5432,Men,Blue,Summer,2011,Casual,Nike Men's Cruiser Run The City Blue T-shirt,40
20250,Men,Grey,Fall,2011,Casual,Wrangler Men Music Grey Tshirt,40
14065,Men,White,Fall,2011,Casual,Flying Machine Men Stripes White Polo Tshirts,40
59298,Men,Green,Fall,2012,Casual,U.S. Polo Assn. Men Striped Green Shirt,67
52670,Men,Silver,Winter,2016,Casual,Morellato Men Silver Dial Watch,70
21382,Men,White,Fall,2011,Casual,Manchester United Men Solid White Shorts,47
36335,Men,White,Summer,2016,Casual,Playboy Men White and Red Socks,75
57302,Women,Black,Winter,2012,Casual,Rocia Women Black Wedges,65
14859,Women,Black,Summer,2011,Casual,United Colors of Benetton Women Solid Black Wallets,170
33647,Men,Black,Summer,2012,Casual,Lotto Men Ridge Black Sandals,157
41267,Men,Black,Summer,2012,Casual,Arrow Men Black Wallet,170
11517,Women,White,Winter,2015,Casual,Catwalk Women Lifestyle White Shoes,65
25722,Men,Brown,Summer,2012,Casual,Wrangler Men Canvas Brown Belt,9
55455,Women,Lavender,Spring,2017,Casual,Revlon Velvet Touch  Lipstick 659,98
12392,Men,Navy Blue,Summer,2016,Formal,Reid & Taylor Men Solid  Navy Blue Socks,75
31110,Boys,Grey,Summer,2012,Casual,Gini and Jony Boys Washed Grey Jeans,18
2617,Men,Red,Summer,2011,Sports,Nike Mens Red Bleed Blue T-shirt,40
43530,Women,Orange,Summer,2012,Casual,French Connection Women Orange Top,49
13240,Men,White,Fall,2011,Casual,Palm Tree Kids Boys Solid White Jackets,145
54587,Women,White,Summer,2012,Ethnic,Sushilas Women Printed White Kurta,87
27075,Women,Black,Winter,2015,Casual,Catwalk Women Black Heels,65
46042,Women,Gold,Winter,2016,Casual,Estelle Women Gold Jewellery Set,142
7365,Men,Black,Winter,2018,Casual,Red Tape Men's Black Casual Shoe,3
49836,Women,Gold,Winter,2012,Casual,iPanema Women Gold Flip Flops,81
16732,Men,Brown,Fall,2011,Casual,Lotto Men Earth Brown Slipper,81
34462,Unisex,Black,Summer,2012,Casual,ADIDAS Unisex Black Laptop Sleeve,169
47190,Men,Brown,Summer,2012,Formal,Franco Leone Men Brown Shoes,23
27849,Women,Red,Summer,2012,Casual,Scullers For Her Red Polo T-shirt,40
52214,Women,Silver,Fall,2012,Casual,Lencia Sterling Silver Pendant,129
4184,Men,Brown,Summer,2011,Casual,Rockport Men D2N Desert Boot Dark Brown Shoe,3
36751,Girls,White,Summer,2012,Casual,Little Miss Girls Blah White Top,49
44371,Men,Purple,Summer,2012,Casual,Classic Polo Men Purple T-shirt,40
37683,Unisex,Black,Summer,2012,Casual,American Tourister Unisex Black Backpack,64
14401,Women,Blue,Summer,2012,Casual,Enroute Women Steelblue Heels,65
39719,Women,Beige,Summer,2012,Casual,Arrow Woman Beige Top,49
41603,Men,Black,Summer,2012,Casual,Basics Men Black Shirt,67
11173,Men,Red,Fall,2011,Casual,Scullers Men Stripes Red Sweaters,155
25346,Men,Black,Summer,2016,Casual,Levis Men Black  Brief,21
24294,Men,Navy Blue,Summer,2016,Casual,Quiksilver Men High Navy Blue Socks,75
57766,Women,Cream,Spring,2017,Casual,Lotus Herbals Apriscrub Fresh Apricot Scrub 60g,138
2273,Men,Red,Summer,2011,Sports,Nike Mens Red Polo T-shirt,40
43154,Women,Purple,Winter,2016,Casual,Fastrack Women Purple Dial Watch,70
13624,Men,Red,Summer,2016,Casual,Hanes Men Knitted Red Shorts,19
27411,Women,Maroon,Winter,2015,Casual,Jockey Women Maroon Lounge Pants,68
55031,Women,Purple,Spring,2017,Casual,Lakme Absolute Matte Pure Glam Lipstick 201,98
42086,Men,White,Summer,2012,Sports,ADIDAS Men Mars White Sports Shoes,26
31574,Men,Beige,Summer,2012,Casual,Mark Taylor Men Printed Beige T-shirt,40
8749,Men,Purple,Fall,2011,Casual,Indigo Nation Men Stripes Shirt Purple Shirts,67
50543,Men,White,Summer,2016,Casual,Chromozome Men White Briefs,21
17284,Men,Blue,Fall,2011,Casual,U.S. Polo Assn. Men Stripes Fedral Blue Polo  Tshirt,40
28459,Women,Purple,Summer,2012,Sports,Urban Yoga Women Purple Shorts,47
43968,Men,Red,Spring,2017,Casual,DKNY Men Red Delicious Men Spray Perfume,38
34006,Girls,Purple,Summer,2012,Casual,Gini and Jony Girls Purple Top,49
46426,Men,White,Winter,2016,Casual,Timex Men White Dial Watch,70
7701,Women,Pink,Fall,2011,Casual,Jealous 21 Women's She's Attitude Scarlet Pink T-shirt,40
22163,Men,Navy Blue,Fall,2012,Casual,Timberland Men Navy Blue Casual Shoes,3
13416,Men,Pink,Summer,2011,Casual,United Colors of Benetton Men Check Pink Shirts,67
27623,Men,Beige,Summer,2012,Casual,Scullers Men Beige Shorts,47
30694,Women,Black,Winter,2015,Casual,Catwalk Women Black Heels,65
2041,Men,Grey,Fall,2010,Sports,ADIDAS Mens Fire Grey T-shirt,40
43366,Women,Navy Blue,Summer,2012,Casual,Reebok Women Navy Blue Casual Shoes,83
16958,Men,Blue,Winter,2016,Casual,Image Men Sunglasses,113
3193,Men,Beige,Summer,2011,Casual,Tantra Men's Nerds Light Brown T-shirt,40
55203,Women,Pink,Spring,2017,Casual,Lakme Lip Love Flirt Lip Conditioner,32
34234,Men,Navy Blue,Summer,2013,Casual,Proline Men Navy Polo T-shirt,40
23283,Men,White,Winter,2016,Casual,Maxima Ssteele Men White Watch,70
22351,Men,Green,Fall,2011,Casual,John Players Men Check Green Shirt,67
16164,Men,Brown,Summer,2012,Casual,Enroute Men Leather Brown Sandals,157
46614,Women,Black,Winter,2012,Casual,Catwalk Women Black Heels,65
7533,Men,Black,Summer,2011,Sports,Nike Men's As T90 Black Short,47
19910,Unisex,Blue,Winter,2015,Casual,Wildcraft Unisex Blue and Grey Printed Duffel Bag,37
36563,Men,Blue,Summer,2012,Casual,Jack & Jones Men Polo Blue T-shirt,40
25948,Women,Green,Summer,2012,Casual,Femella Women Green Scarf,62
45091,Women,Lavender,Winter,2015,Casual,Bwitch Enchant Lavender & White Printed Bra RTV-BW297,128
52026,Unisex,Grey,Summer,2012,NA,Just Natural Unisex Grey Rain Jacket,35
20406,Women,Green,Winter,2015,Casual,Baggit Women Zanzil Taj Green Wallet,170
14633,Women,Green,Fall,2011,Casual,United Colors of Benetton Women Printed Green Tops,49
44143,Men,Black,Spring,2017,Casual,Boss Men Number One Perfume,38
5264,Unisex,Black,Winter,2015,Casual,Wildcraft Unisex Black Corporate Messenger Bag,33
56486,Women,Red,Spring,2017,NA,Streetwear Berry Shine Nail Polish # 79,90
11341,Men,Blue,Summer,2017,Casual,Lee Men Light Blue Chicago Fit Jeans,18
25174,Women,Brown,Winter,2015,Casual,Lino Perros Women Leatherette Brown Handbag,119
10293,Men,Brown,Spring,2012,Casual,Clarks Men Unstructured Leather Brown Sandals,157
57554,Women,Brown,Spring,2017,NA,Lotus Herbals SPF-10 Coffee Berry Lipstick 422,98
8586,Men,Red,Fall,2011,Casual,Scullers Men Red Shirt,67
42249,Women,Blue,Summer,2012,Casual,Sepia Women Blue Tunic,148
12539,Women,Black,Fall,2011,Casual,Tantra Women Black Printed T-shirt,40
18003,Men,Blue,Summer,2011,Sports,Puma Men Training Polo Blue Tshirt,40
9454,Men,White,Fall,2011,Formal,John Miller Men White Check Shirt,67
17877,Men,Beige,Summer,2016,Casual,Levisi Men Comfort Style Beige Innerwear Vest,13
30669,Men,Steel,Winter,2016,Casual,Park Avenue Men Steel Sunglasses,113
3952,Women,Purple,Summer,2011,Casual,Jealous 21 Women Purple Top With Purple Flower Top,49
16199,Men,Blue,Fall,2011,Casual,Puma Men Blue Polo T-Shirt,40
29744,Men,Black,Winter,2016,Casual,Fossil Men Black Dial Chronograph Watch CH2783,70
28696,Women,Rust,Summer,2012,Ethnic,W Women Printed Rust Kurta,87
2880,Women,Grey,Summer,2016,Formal,Catwalk Women Leather Formal Grey Heels,65
53109,Women,Silver,Winter,2016,Casual,Fabindia Silver Earrings,143
5299,Unisex,Red,Summer,2011,Casual,Reebok Unisex Red Backpack,64
24867,Men,Black,Summer,2012,Casual,Reid & Taylor Men Casual Black Belt,9
59433,Women,Red,Summer,2015,Casual,Spice Art Women Red Clutch,50
53935,Women,Brown,Summer,2012,Casual,Kiara Women Brown Handbag,119
38404,Women,Purple,Summer,2012,Casual,Baggit Women Purple Xylo Taj Belt,9
44982,Women,White,Winter,2016,Casual,Maxima Women White Dial Watch,70
25189,Women,Beige,Winter,2015,Casual,Lino Perros Women Classic Beige Handbag,119
45850,Women,Blue,Summer,2012,Ethnic,Vishudh Women Blue Kurta,87
59601,Women,Brown,Summer,2012,Ethnic,FNF Brown Wedding Collection Sari,20
4179,Men,Black,Summer,2011,Formal,Rockport Men's Tyson Black Shoe,23
5897,Women,White,Summer,2011,Casual,Puma Women's Feuerwerk White Shoe,3
24269,Men,Grey,Fall,2011,Casual,Quiksilver Men Grey Printed T-shirt,40
38636,Men,Blue,Summer,2012,Casual,Nike Men Blue Cricket Tee T-shirt,40
56649,Women,Cream,Fall,2012,Ethnic,Mumbai Slang Women Cream Kurti,115
4945,Men,White,Summer,2011,Casual,Gini and Jony Boy's Kaniel White Yellow Kidswear,40
35915,Women,Blue,Spring,2013,Casual,Peperone Women Blue Handbag,119
31589,Men,Black,Summer,2012,Casual,Mark Taylor Men Printed Black T-shirt,40
49493,Men,Green,Summer,2012,Casual,Vans Men Green & Grey Era Shoes,3
23870,Men,Black,Fall,2011,Casual,ADIDAS Men Black  Track Pant,12
48541,Men,Brown,Summer,2012,Casual,Wrangler Men Brown Belt,9
9666,Men,Blue,Fall,2011,Casual,Indigo Nation Men Bling Blue Shirts,67
18231,Men,Navy Blue,Fall,2011,Casual,Manchester United Men Printed Navy Blue Tshirt,40
35129,Women,Red,Winter,2012,Casual,Allen Solly Woman Red Bangle,8
42847,Women,Black,Summer,2012,Casual,French Connection Women Black Purse,50
29576,Men,White,Summer,2012,Casual,Vans Men Fontana White Shoes,3
17279,Men,Navy Blue,Fall,2011,Casual,U.S. Polo Assn. Men Printed Navy Blue Tshirt,40
47509,Men,Brown,Summer,2016,Casual,Facit Men Brown Brief,21
59265,Women,White,Winter,2016,Casual,Titan Women Mother Of Pearl Watch,70
1853,Men,Yellow,Summer,2011,Casual,Inkfruit Mens Little Bit More T-shirt,40
14098,Men,Blue,Fall,2011,Casual,Flying Machine Men Printed Blue Tshirts,40
15976,Men,Purple,Fall,2011,Casual,Turtle Solid Men Purple Shirt,67
32768,Men,Grey,Spring,2013,Casual,Music Men Printed Grey T-shirt,40
39380,Men,White,Summer,2012,Casual,Peter England Men Blue Party Jeans,18
10438,Men,Blue,Fall,2011,Casual,Flying Machine Men Midrise Blue Jeans,18
48125,Women,Multi,Summer,2012,Casual,Fossil Women Multi Coloured Ombre Braid Belt,9
9202,Men,Red,Fall,2011,Casual,Puma Men Yacht L Red Casual Shoes,3
27088,Women,Black,Summer,2012,Ethnic,Aneri Women Aaliya Black Kurta,87
18655,Men,Black,Fall,2011,Casual,Fila Men Drop Needle Black Slippers,81
19787,Men,White,Winter,2016,Casual,U.S. Polo Assn. Men Solid White Tshirt,40
46883,Boys,Black,Fall,2012,Casual,Ben 10 Boys Black & Silver Shoes,3
3738,Men,White,Fall,2010,Sports,Lotto Men's Kochi Tuskers Cotton Graphic White T-shirt,40
30803,Men,Blue,Summer,2012,Ethnic,Fabindia Men Blue Shirt,67
7398,Men,Brown,Winter,2018,Formal,Red Tape Men Brown Shoes,23
26966,Women,Purple,Summer,2012,Casual,Jealous 21 Women Check Purple Shirt,67
51008,Women,Purple,Summer,2014,Casual,Enamor Purple Bra,128
29112,Women,White,Winter,2015,Casual,Puma Women Pack of 3 Socks,75
18467,Men,White,Spring,2017,Casual,Reebok Reegame Men Perfumes,38
6844,Unisex,Brown,Summer,2011,NA,Timberland Unisex Boot Lace Shoe Accessories,88
9030,Men,Brown,Winter,2011,Casual,Buckaroo Men loma Brown Casual Shoes,3
7996,Men,Purple,Fall,2011,Sports,Fila Men's Striper Pique Polo Purple Navy T-shirt,40
26368,Women,Red,Summer,2012,Casual,Arrow Woman Red Shirt,67
29320,Men,Green,Summer,2012,Sports,ADIDAS Men Green Jersey,40
12961,Men,Brown,Fall,2011,Casual,ADIDAS Men Casual Brown Sandals,157
45408,Women,Beige,Winter,2012,Casual,Rocia Women Beige & Brown Sandals,83
15378,Men,Grey,Fall,2011,Sports,Fila Men Coloda Grey Sports Shoes,26
58185,Women,Purple,Summer,2012,Casual,Rocky S Women Purple Handbag,119
40946,Girls,Navy Blue,Summer,2012,Casual,Gini and Jony Girls Nautical Blues Navy Blue Top,49
21971,Women,Green,Winter,2015,Casual,Murcia Women Casual Multi Handbag,119
33488,Men,Purple,Summer,2012,Casual,Doodle Kids Boy Check Purple Shirt,67
52679,Women,Bronze,Winter,2016,Casual,Morellato Women Silver Dial Watch,70
59291,Men,Grey,Winter,2016,Casual,Titan Edge Men Grey Dial Watch,70
20259,Men,White,Fall,2011,Casual,Wrangler Men Polo White T-shirt,40
39374,Women,Green,Winter,2016,Casual,Helix Women Green Dial Watch,70
15982,Men,Grey,Fall,2011,Casual,Turtle Stripes Men Grey Shirt,67
14850,Men,Black,Summer,2011,Casual,United Colors of Benetton Men Solid Black Wallets,170
28808,Men,Black,Summer,2012,Casual,Denizen Men Striped Black Shirt,67
43539,Women,White,Summer,2012,Casual,French Connection Women Multicoloured Striped Top,49
13249,Men,Brown,Fall,2011,Casual,Palm Tree Kids Boy Solid Brown Trousers,86
19773,Women,Grey,Fall,2011,Casual,United Colors of Benetton Women Grey Striped Tights,141
46877,Men,Beige,Summer,2012,Casual,Lino Perros Men Pack of 2 Socks,75
31119,Girls,Purple,Summer,2012,Casual,Gini and Jony Girls Purple Top,49
8324,Boys,White,Fall,2011,Casual,Doodle Boy's Athletic 77 Dept White Kidswear,40
28034,Men,Charcoal,Summer,2016,Casual,Jockey ELANCE Men Charcoal Grey Y Front Briefs 1006,21
47199,Men,Brown,Summer,2012,Formal,Franco Leone Men Dark Brown Formal Shoes,23
27840,Men,Red,Summer,2013,Casual,Bulchee Men Red Leather Belt,9
26992,Women,Blue,Summer,2012,Casual,Jealous 21 Women Washed Light Blue Jeans,18
31925,Women,Red,Summer,2012,Casual,Fabindia Women Red Silk Handbag,119
18493,Men,Multi,Fall,2011,Casual,Puma Men Duncan Multi Slipper,157
8116,Men,Navy Blue,Winter,2016,Casual,Fastrack Men Analog Steel Navy Blue Watch,70
7962,Men,Black,Fall,2011,Sports,Puma Men's Graphic Black Red T-shirt,40
19541,Men,Black,Fall,2011,Casual,United Colors of Benetton Men Solid Black Gloves,105
13847,Women,White,Fall,2011,Casual,United Colors of Benetton Women Printed White Top,49
16509,Men,Blue,Fall,2011,Casual,Locomotive Men Washed Blue Jeans,18
12995,Boys,Brown,Fall,2011,Casual,Timberland Kids Boys Brown Casual Shoes,3
46279,Women,Blue,Summer,2012,Casual,109F Women Blue & Green Polka Dot Print Tunic,148
53599,Men,Black,Winter,2016,Sports,Q&Q Men Black Digital Watch,144
58171,Women,Grey,Fall,2012,Casual,Rocky S Women Grey Handbag,119
5609,Men,Navy Blue,Spring,2013,Casual,ADIDAS Men Receptor Navy Sports Sandals,114
21985,Women,Brown,Winter,2015,Casual,Murcia Women Casual Brown Handbag,119
39146,Women,Purple,Fall,2012,Ethnic,Aneri Women Purple Ombre Churidar Kurta & Dupatta Set,109
57139,Women,Black,Summer,2012,Casual,Elle Women Black Etra Slim Fit Trousers,86
16951,Men,Black,Winter,2016,Casual,Image Men Classic Eyewear Black Sunglasses,113
49655,Women,Pink,Summer,2012,Casual,Mineral Pink & Green Skirt,111
19125,Women,Blue,Fall,2011,Casual,Lotto Women XL Kelly Blue Slippers,81
48787,Women,Silver,Summer,2015,Casual,Lucera Women Silver Pendant,129
46428,Men,Black,Winter,2016,Casual,Timex Men Black Dial Watch,70
17883,Men,Navy Blue,Summer,2016,Casual,Levis Men Comfort Style Navy Blue Innerwear Vest,13
2048,Men,Black,Fall,2010,Sports,ADIDAS Men's Crew Black T-shirt,40
22358,Men,Beige,Fall,2011,Casual,John Players Men Solid Beige Shirt,67
28662,Men,Black,Summer,2012,Casual,Nike Men Lunar Flow Black Casual Shoes,3
50778,Men,Navy Blue,Spring,2013,Casual,Clarks Men Navy Leather Sneakers,3
2874,Women,Black,Winter,2015,Casual,Catwalk Women Black Heels,65
33824,Women,Grey,Summer,2012,Sports,Puma Women Grey Axis Sports Shoes,26
58515,Women,White,Summer,2012,Casual,Tonga Women White Top,49
25941,Women,Yellow,Summer,2012,Casual,Femella Women Yellow & Brown Scarf,62
45098,Women,Pink,Summer,2016,Casual,Bwitch Fushia Pink Sapphire Brief,21
33018,Women,Green,Summer,2012,Ethnic,Mother Earth Women Striped Green Kurta,87
44976,Men,Black,Winter,2016,Casual,Maxima Attivo Men Black Dial Watch,70
11348,Men,Navy Blue,Summer,2017,Casual,Lee Men Navy Blue Powell Fit Jeans,18
41438,Men,White,Fall,2012,Casual,Lee Cooper Men White Sports Shoes,26
52813,Men,Brown,Summer,2012,Casual,JAG Men Chocolate Brown Leather Wallet,170
39522,Unisex,Black,Summer,2012,Casual,Peter England Unisex Black Bag,169
44378,Men,Black,Spring,2017,Casual,ADIDAS Men Dynamic Pulse Perfume,38
58727,Women,Purple,Summer,2012,Casual,Puma Women Purple T-shirt,40
14408,Women,Beige,Summer,2012,Casual,Enroute Women Casual Beige Flats,65
11946,Men,Brown,Summer,2012,Casual,Ganuchi Men Casual Brown Sandals,157
36758,Women,Grey,Winter,2016,Casual,Maxima Women Grey Dial Watch,70
5863,Men,Purple,Summer,2011,Casual,ADIDAS Men's Saltero Purple T-shirt,40
39710,Unisex,Blue,Winter,2016,Casual,ADIDAS Original Unisex Blue Dial Chronograph Watch ADH2639,70
19317,Unisex,Black,Spring,2013,Casual,Nike Unisex Casual Black Backpack,64
55038,Women,Brown,Spring,2017,NA,Lakme Absolute Matte Brick Lipstick 51,98
8740,Men,Navy Blue,Fall,2011,Casual,Indigo Nation Men Checks Navy Blue Shirt,67
23884,Men,White,Fall,2011,Sports,Fila Men Hitech White Sports Shoes,26
9692,Men,Navy Blue,Fall,2011,Casual,Classic Polo Men Ikon Navy Blue Polo Tshirts,40
27418,Women,Red,Winter,2015,Casual,Jockey Women Red Relaxed Capris,61
34833,Women,Green,Summer,2012,Casual,ADIDAS Women Sweep Green Sandals,83
7708,Women,Blue,Fall,2011,Casual,Jealous 21 Women Aliah Blue Jegging,18
55804,Women,Multi,Summer,2017,Casual,SDL by Sweet Dreams Women Multicoloured Striped Night Suit S11-3129,146
51498,Women,Blue,Summer,2012,Casual,Denizen Women Blue Jeans,18
29582,Women,Black,Summer,2012,Casual,Puma Women Black Grace Flats,83
28450,Women,Grey,Summer,2012,Casual,Urban Yoga Women Grey Track Pants,12
4710,Unisex,Black,Winter,2016,Sports,ADIDAS Unisex New York Chronographic Digital Black Red Watch,70
15347,Men,Black,Fall,2011,Sports,Nike Men Special Edition 3 Star Cricket Fan Black Tshirts,40
52480,Women,Blue,Winter,2015,Casual,Red Rose Blue & Black Nightdress,99
59068,Women,Blue,Summer,2017,Casual,Peri Peri Women Blue Bra,128
21172,Women,Blue,Fall,2011,Casual,s.Oliver Women Powder Blue Tunic,148
40979,Boys,Yellow,Summer,2012,Casual,Gini and Jony Boys Core Yellow T-shirt,40
38863,Women,Blue,Summer,2012,Casual,Latin Quarters Women Blue Printed Top,49
14295,Men,Black,Fall,2011,Casual,Classic Polo Men Printed pack of 3 Tshirts,40
56020,Women,Purple,Spring,2017,Casual,Colorbar Soft Touch Felin Lipstick 036,98
32565,Women,Blue,Summer,2012,Casual,ONLY Women Smock Blue Top,49
40145,Girls,Pink,Summer,2012,Casual,Gini and Jony Girls Kinky Pink Capris,61
58986,Women,Magenta,Spring,2017,Casual,Cavallini Women Deo,154
24400,Women,Black,Summer,2012,Ethnic,Vishudh Women Black Printed Kurta,87
10635,Men,Black,Fall,2011,Casual,Carlton London Men Semi oxfords Black Casual Shoes,3
18458,Men,White,Spring,2017,Casual,David Beckham Instinct Men Deos,154
27285,Women,Brown,Fall,2011,Ethnic,Mother Earth Women Brown Kurta,87
48328,Women,Pink,Summer,2012,Casual,Pitaraa Women Pink Sling Bag,119
42612,Women,Gold,Winter,2016,Casual,Estelle Women Gold Earring & Pendant Set,142
3535,Men,Navy Blue,Summer,2011,Casual,Myntra Men's Saadhu Starter Kit Navy Blue T-shirt,40
26357,Women,Pink,Summer,2012,Casual,Arrow Woman Striped Pink T-shirt,40
12162,Women,Green,Fall,2011,Ethnic,Aurelia Women Solid Blue Leggings,161
47360,Women,Green,Summer,2012,Casual,Baggit Women Green Bag,119
9833,Women,Green,Fall,2011,Casual,Little Miss Women Printed Olive Green T-shirt,40
17410,Men,White,Fall,2011,Sports,Lotto Men Atlantica White Sports Shoe,26
23625,Girls,Pink,Fall,2011,Casual,Doodle Kids Girls Pink Retro Top,49
51205,Women,Skin,Summer,2017,Casual,Enamor Women Skin Bra,128
7195,Women,White,Fall,2011,Casual,Jealous 21 Women Knit Butterfly Print White Top,49
30000,Women,Silver,Winter,2016,Casual,Aspen Women Silver Dial Watch,70
13282,Women,Black,Fall,2011,Casual,Gini and Jony Kids Solid Black Capris,61
54545,Women,Orange,Summer,2012,Casual,Lino Perros Women Orange Handbag,119
55497,Women,Pink,Spring,2017,Casual,Revlon Peony Pivoine Lip Gloss 008,59
12350,Men,Pink,Fall,2011,Formal,Reid & Taylor Men Pink Striped Shirt,67
29911,Men,Black,Winter,2016,Casual,Police Men Black Dial Watch PL12176JS02A,70
3707,Men,Purple,Summer,2011,Casual,Classic Polo Men's Purple Black & Cream Stripe T-shirt,40
6275,Women,Pink,Summer,2011,Casual,UCB Women's Crystal Benetton Pink T-shirt,40
26959,Women,Pink,Summer,2012,Casual,Jealous 21 Women Pink Shirt,67
46080,Men,Blue,Summer,2012,Sports,ADIDAS Men Blue Sports Shoes,26
51037,Women,White,Summer,2017,Casual,Enamor Women White and Pink Briefs,21
21340,Men,Copper,Winter,2016,Casual,Pal Zileri Men Casual Copper Frame Sunglasses,113
4522,Men,Grey,Summer,2011,Sports,Puma Men's Faas Grey Shoes,26
45605,Men,Black,Summer,2013,Formal,Arrow Men Black Formal Shoes,23
37225,Men,Olive,Summer,2012,Casual,United Colors of Benetton Men Olive Duffle Bag,37
53760,Men,Navy Blue,Summer,2012,Casual,Puma Men Navy Blue and White T-shirt,40
15949,Men,Black,Fall,2011,Formal,Turtle Men Check Black Ties,132
32757,Men,Multi,Fall,2012,Casual,Fila Men Glam II Multi Coloured Shoes,3
56212,Women,Gold,Winter,2016,Casual,Estelle Women Gold Pendant with Chain,129
24632,Unisex,Red,Fall,2011,Casual,ADIDAS Unisex Red Checks Flip Flops,81
10407,Men,Grey,Fall,2011,Formal,United Colors of Benetton Men Solid Grey Shirts,67
33685,Men,Black,Summer,2012,Formal,Cobblerz Men Black Formal Shoes,23
12734,Women,Black,Fall,2011,Sports,Nike Women Samba Black Handbags,119
42044,Men,Grey,Summer,2012,Casual,Nike Men Wardour Chukka White Casual Shoes,3
3363,Women,Black,Summer,2011,Casual,Myntra Women Creative designs Black T-shirt,40
9659,Men,Blue,Fall,2011,Casual,Indigo Nation Men Reversible Bling Blue Shirts,67
30464,Women,White,Summer,2014,Casual,Lovable Women All Day Long White Bra,128
43196,Women,White,Winter,2016,Casual,Fastrack Women White Dial Watch,70
54121,Women,Black,Winter,2012,Casual,Rocia Women Black Flats,65
35116,Women,Black,Summer,2012,Casual,Allen Solly Woman Black Necklace,151
42878,Women,Maroon,Summer,2012,Casual,NA,50
16394,Men,Blue,Fall,2011,Casual,Levis Men Check Blue  Shirts,67
51453,Women,Multi,Summer,2012,Casual,Tonga Women Multicoloured Top,49
50581,Men,Grey Melange,Winter,2016,Casual,Chromozome Men Grey Pack of 2 Briefs,21
17246,Men,Navy Blue,Fall,2011,Casual,U.S. Polo Assn. Men Stripes Navy Blue Polo Tshirt,40
23073,Men,Grey,Winter,2014,Formal,Arrow Men Grey Trousers,86
6611,Men,Navy Blue,Summer,2011,Casual,Spykar Men Stripes Navy Blue Shirt,67
47536,Women,Black,Winter,2012,Casual,Portia Women Black Flats,83
5094,Men,Brown,Summer,2011,Casual,Wrangler Men's Reverse Print Brown T-shirt,40
15511,Women,Pink,Fall,2011,Casual,Rockport Women Jeanie Thong Chain Pink Flats,65
21724,Women,Brown,Winter,2015,Casual,Catwalk Women Casual Brown Heels,65
36793,Men,Off White,Winter,2016,Casual,Maxima Attivo Men Off-White Dial Watch 24130LMGT,70
4146,Women,White,Summer,2011,Sports,Nike Women Trainer White Purple Shoe,26
45261,Men,Red,Winter,2016,Casual,Casio G-SHOCK Men Black Dial Analogue & Digital Watch G220,70
24256,Men,Green,Summer,2012,Casual,Numero Uno Men Green Casual Shoes,3
10063,Men,Yellow,Fall,2011,Casual,Puma Men spine tee Yellow Tshirts,40
38609,Men,Blue,Summer,2012,Casual,Nike Men Printed Blue T-shirt,40
32333,Men,Black,Winter,2016,Sports,Q&Q Men Black Dial Watch,70
56676,Men,White,Winter,2016,Casual,Maxima Men White Chronograph Watch,70
25384,Men,Blue,Summer,2016,Casual,Levis Men Blue Brief,21
53136,Women,Black,Winter,2015,Casual,Catwalk Women Black Heels,65
44181,Women,White,Spring,2017,Casual,Nike Fragrances Women Free Soul Perfume 150 ml,38
24858,Men,White,Summer,2011,Formal,Mark Taylor Men White Striped Shirt,67
37473,Men,Black,Winter,2016,Casual,Esprit Men Black Watch,70
4374,Men,Black,Summer,2011,Casual,Batman Men's Batman Big Face Black T-shirt,40
15723,Women,White,Spring,2013,Sports,Nike Women Ballista II White Sports Shoes,26
40521,Men,Cream,Winter,2016,Casual,Titan Men Cream Dial Watch,70
57596,Women,Rose,Spring,2017,Casual,Lotus Herbals Moistpetals Rose Lipstick 141,98
56444,Women,Red,Spring,2017,Casual,Streetwear Shine Divine Cherry Divine Nail Enamel 16,90
11383,Women,Black,Fall,2011,Casual,United Colors Of Benetton Women Light Winter Black Tops,49
42276,Men,Navy Blue,Summer,2012,Casual,Vans Men Navy Blue Michoacan Shoes,3
3151,Men,Blue,Fall,2010,Sports,Nike Men's Lunarswift Blue Shoe,26
31784,Women,Red,Summer,2012,Casual,Lee Women Katie Red Top,49
26733,Men,Gold,Spring,2017,Casual,Reebok Men Chennai Super Kings Deo,154
12506,Men,Brown,Winter,2018,Casual,Red Tape Men Brown Shoes,3
17848,Women,White,Fall,2011,Casual,Flying Machine Women Mind Your White Tshirt,40
22393,Women,Grey,Fall,2011,Casual,ADIDAS Women Verve Tee Grey T-shirt,40
51661,Men,Black,Winter,2016,Casual,Fossil Men Black Dial Watch AM4368,70
35324,Women,Silver,Winter,2016,Ethnic,Fabindia Women Anusuya Silver Earrings,143
18800,Unisex,Navy Blue,Summer,2011,Casual,Peter England Unisex Casual Navy Blue Backpack,64
6423,Men,Black,Summer,2011,Casual,Lotto Men's Bavarian Black Yellow Flip Flop,81
17074,Women,Brown,Winter,2015,Casual,Lino Perros Women Brown Belt,9
23241,Women,Blue,Fall,2011,Ethnic,Aneri Women Juhi Blue Kurti,115
19328,Men,Maroon,Fall,2011,Casual,Myntra Men Maroon Sweatshirt,16
55007,Women,Pink,Spring,2017,NA,Lakme Sheer Satin Lip Gloss 11,59
22969,Unisex,Black,Summer,2011,Casual,U.S. Polo Assn. Black Unisex Lug-Laptop Backpack,64
3397,Women,Green,Winter,2015,Casual,Murcia Women Green Handbag,119
2245,Women,White,Fall,2010,Sports,ADIDAS Women White Polo T-shirt,40
43162,Women,Silver,Winter,2016,Casual,Fastrack Women Silver Dial Watch,70
27427,Women,Purple,Winter,2015,Casual,Jockey Women Purple Lounge Shorts 1308,19
46410,Men,Purple,Summer,2012,Casual,ADIDAS Men Purple Printed T-shirt,40
7737,Unisex,Black,Fall,2011,Sports,Puma Unisex Stripe Cat Black Cap,93
16360,Men,Purple,Fall,2011,Formal,Peter England Men Stripes Purple Shirt,67
50575,Men,Grey Melange,Summer,2016,Casual,Chromozome Men Grey Trunks,106
34030,Boys,Blue,Summer,2012,Casual,Gini and Jony Boys Check Blue Shirt,67
20602,Women,Red,Winter,2015,Casual,Baggit Women Red Selection Lisa Sling Bag,119
58718,Women,Green,Fall,2012,Ethnic,ALayna Women Green Kurta,87
14437,Women,Silver,Summer,2012,Casual,Enroute Women Silver Wedges,65
52222,Women,Black,Summer,2013,Casual,Lencia Black and Silver Pendant,129
11979,Men,Black,Fall,2011,Casual,Fila Men Glam Black Casual Shoes,3
36767,Men,Green,Winter,2016,Casual,Maxima Men Green Dial Watch,70
45295,Women,Silver,Winter,2016,Casual,CASIO SHEEN Women Silver-Toned Dial Watch SX042,70
57750,Women,Skin,Spring,2017,Casual,Lotus Herbals Natural Blend Comfort Liquid Sand Foundation 310,153
10097,Men,White,Fall,2011,Sports,Reebok Men Reeflex Run White Sports Shoes,26
33215,Women,Off White,Summer,2012,Casual,Sepia Women Off White Top,49
11145,Men,Purple,Fall,2011,Casual,Indigo Nation Men Bling Purple Shirts,67
56682,Men,White,Winter,2016,Casual,Maxima Men White Chronograph Watch,70
25370,Men,Black,Summer,2016,Casual,Levis Men Black Innerwear Vest,13
14605,Men,Blue,Summer,2011,Casual,United Colors of Benetton Men Stripes Blue Socks,75
44175,Women,White,Spring,2017,Casual,Nike Fragrances Women Paradise Perfume and Deo Set,30
5252,Unisex,Red,Summer,2017,Casual,Wildcraft Unisex Corporate Red Backpack,64
4380,Men,Red,Summer,2011,Casual,Superman Men's Dont Art Me Dark Red T-shirt,40
33027,Women,Blue,Summer,2012,Ethnic,Mother Earth Women Printed Blue Kurta,87
44949,Men,Black,Spring,2017,Casual,Kama Sutra Men Travel Mate Pack of 3 Deos,154
24090,Men,Red,Fall,2011,Casual,Manchester United Men Red Sweatshirt,16
57562,Women,Pink,Spring,2017,Casual,Lotus Herbals Pure Colors  Moisturising Pink Blush Lipstick 614,98
11377,Men,Pink,Fall,2011,Formal,United Colors of Benetton Men Summer Pink Shirts,67
25142,Women,Red,Winter,2015,Casual,Lino Perros Women Red Clutch,50
41407,Women,Blue,Summer,2012,Casual,Wrangler Women Cowgirl Blue Top,49
55235,Women,Peach,Summer,2019,Casual,Lakme 9 to 5 Flawless Makeup Pearl Foundation 30 ml,153
13420,Men,Purple,Summer,2011,Casual,United Colors of Benetton Men Solid Purple  polo T-shirts,40
43350,Men,Black,Summer,2012,Sports,Reebok Men Black Fuel Extreme Sports Shoes,26
22367,Men,Red,Fall,2011,Casual,Ed Hardy Men Vintage  Brick Red T-Shirt,40
51695,Women,Purple,Winter,2016,Casual,Van Heusen Women Oversized Sunglasses VH215-C3,113
16152,Men,Brown,Fall,2011,Formal,Enroute Men Leather Brown Formal Shoes,23
46622,Women,Multi,Summer,2016,Casual,Catwalk Women Multi colour Wedges,65
7505,Men,White,Summer,2011,Sports,Nike Men's As Go Dunk T-Shirts,40
19926,Men,Black,Fall,2011,Formal,Reid & Taylor Men Formal Black Tie+Cufflink+Pocket square - Combo Pack,156
34202,Men,Black,Fall,2013,Casual,Proline Men Black Track Pants,12
17080,Women,Blue,Winter,2015,Casual,Lino Perros Women Flower Turquoise Blue Wallet,170
50747,Men,Mushroom Brown,Winter,2018,Casual,Red Chief Men Mushroom Brown Shoes,3
36131,Men,Maroon,Summer,2012,Casual,Nike Men Dunk High Maroon Shoes,3
39945,Men,Brown,Spring,2013,Casual,GAS Men Brown Namib Shoes,3
52474,Women,Blue,Winter,2015,Casual,Red Rose Women White & Blue Polka Dot Print Bath Robe,74
21186,Men,Blue,Fall,2011,Casual,ADIDAS Men Star Story Blue Flip Flops,81
20054,Women,Black,Fall,2011,Casual,United Colors Of Benetton Women Black Muffler,147
44511,Men,Black,Summer,2012,Casual,Coolers Men Black Sandals,157
11713,Women,Green,Summer,2011,Casual,Lee Women Check Green Tunics,148
25526,Women,Red,Summer,2012,Casual,Wrangler Women Poppins Red Top,49
32591,Women,Pink,Summer,2012,Casual,ONLY Women Pink Skirt,111
39179,Women,Blue,Summer,2012,Ethnic,Aneri Women Blue Kurtas,87
20868,Men,White,Summer,2013,Casual,Fila Men Stradd White Casual Shoes,3
58972,Women,Red,Spring,2017,Casual,Colour Me Women Red Perfume,38
33443,Women,Brown,Summer,2012,Casual,Baggit Women Brown Handbag,119
57106,Women,White,Summer,2012,Casual,Elle Women White Top,49
13044,Women,Black,Winter,2012,Casual,Inc 5 Women Casual Black Wedges,65
27271,Women,Red,Fall,2011,Ethnic,Mother Earth Women Printed Red Tunic,148
43734,Women,Gold,Summer,2012,Casual,Royal Diadem Set of 4 Golden Bangles,8
31314,Women,Red,Summer,2012,Ethnic,W Women Red & Blue Printed Kurta,87
8129,Men,Brown,Winter,2016,Casual,Fastrack Men Grey Brass Buckles Brown Belts,9
12196,Men,White,Fall,2011,Casual,Basics Men White Polo T-shirt,40
55651,Women,Blue,Winter,2015,Casual,Catwalk Women Blue Flats,65
13878,Men,Red,Fall,2011,Casual,Scullers Men Check Red Shirts,67
47394,Women,Olive,Summer,2015,Casual,Baggit Women Olive Handbag,119
50323,Women,Red,Summer,2012,Ethnic,Aurelia Women Red Kurta,87
28239,Men,Green,Spring,2017,Casual,Park Avenue Men Tranquil Deo,154
22703,Men,Grey,Fall,2011,Casual,Nike Men Capri II Mid Grey Casual Shoes,3
16536,Women,Red,Fall,2011,Casual,Probase Women Checked Orange & Red Cap,93
8915,Unisex,Black,Fall,2011,NA,Timberland Unisex Black Boot Sauce Cream,88
46246,Women,Green,Summer,2012,Casual,Fusion Beats Women Green Printed Tunic,148
2621,Men,Blue,Fall,2010,Sports,Nike Men's Bleed blue India Colors T-shirt,40
43506,Men,Blue,Summer,2012,Casual,French Connection Men Blue T-shirt,40
55463,Women,Maroon,Spring,2017,Casual,Revlon Super Lusterous Perfectly Plum Lipstick 325,98
31126,Girls,White,Summer,2012,Casual,Gini and Jony Girls White Dress,166
34454,Women,Brown,Winter,2012,Casual,Rocia Women Brown Sandals,83
46074,Men,Brown,Summer,2012,Casual,Lino Perros Men Brown Leather Belt,9
7353,Men,Grey,Fall,2011,Casual,Tantra Men's Moustaches Grey T-shirt,40
35586,Men,Brown,Summer,2013,Casual,Gliders Men Brown Sandals,157
16704,Men,Navy Blue,Fall,2011,Casual,Fila Men High Density Navy Blue Tshirt,40
36303,Men,Black,Summer,2012,Casual,Angry Birds Men Black Stop The Madness T-shirt,40
44723,Women,White,Summer,2012,Casual,Lotto Women White & Pink Blossom Flip Flops,81
5404,Men,White,Fall,2011,Sports,Kalenji Kiprun 1000 Whi/ Blue 2011,26
20266,Women,White,Winter,2015,Casual,Catwalk Women Casual White Heels,65
14053,Men,Blue,Fall,2011,Casual,Flying Machine Men Check  Blue Shirts,67
53794,Men,Red,Summer,2012,Casual,Puma Men Red Ferrari T-shirt,40
41251,Men,Black,Summer,2012,Formal,Arrow Men Black & Brown Reversible Belt,9
11521,Men,Blue,Fall,2011,Casual,United Colors of Benetton Men Blue T-shirt,40
25714,Unisex,Black,Spring,2013,Casual,ADIDAS Unisex NBA Black Cap,93
57334,Women,Grey,Winter,2015,Casual,Amante Bra BCSO01,128
40383,Women,Pink,Summer,2012,Casual,Tokyo Talkies Women Pink Top,49
38299,Men,Brown,Summer,2012,Casual,Reid & Taylor Men Brown Wallet,170
58720,Men,White,Summer,2012,Casual,Puma Men White T-shirt,40
11941,Men,Tan,Fall,2011,Casual,Ganuchi Men Casual Tan Sandals,157
5864,Unisex,Navy Blue,Winter,2011,Casual,Converse Chuck Taylor All Star Unisex Navy Blue & Red Shoe,3
57768,Women,White,Spring,2017,NA,Lotus Herbals Tea Tree Clarifying Face Pack,136
25348,Men,Green,Summer,2016,Casual,Levis Men Green Brief,21
39717,Women,Red,Summer,2012,Casual,Arrow Woman Red Top,49
49460,Unisex,Purple,Summer,2012,Casual,Vans Unisex Wine Authentic Shoes,3
42088,Men,Brown,Summer,2012,Sports,ADIDAS Men Brown Zapotec Shoes,26
19310,Men,White,Fall,2011,Sports,Nike Men Lunarglide+ 3 White Sports Shoe,26
34834,Women,Navy Blue,Summer,2012,Sports,ADIDAS Women Ranger Navy Blue Sports Shoes,26
9695,Men,White,Fall,2011,Casual,Classic Polo Men Vulcan White Polo Tshirts,40
16358,Men,White,Fall,2011,Formal,Peter England Men Stripes White Shirt,67
55803,Women,Purple,Summer,2017,Casual,SDL by Sweet Dreams Women Purple Printed Night Suit S11-3127,146
34008,Girls,Pink,Summer,2012,Casual,Gini and Jony Girls Pink Top,49
28457,Women,Black,Summer,2012,Sports,Urban Yoga Women Black Capris,61
43966,Women,Red,Spring,2017,Casual,DKNY Women Be Delicious Perfume,38
19122,Men,White,Fall,2011,Casual,Lotto Men XL Water Man White Slippers,81
49652,Women,Blue,Summer,2012,Casual,Mineral Women Blue Top,49
16956,Men,Brown,Winter,2016,Casual,Image Men Classic Eyewear Brown Sunglasses,113
43368,Men,Blue,Summer,2013,Casual,Reebok Men Blue Possession Flip Flops,81
13418,Men,White,Summer,2011,Casual,United Colors of Benetton Men Solid White Shirts,67
20408,Women,Green,Winter,2015,Casual,Baggit Women Chotu Taj Green Belt,9
58512,Women,Cream,Summer,2012,Casual,Tonga Women Printed Black Top,49
33823,Women,Grey,Summer,2012,Sports,Puma Women Axis Grey Sports Shoes,26
52028,Unisex,Brown,Summer,2012,NA,Just Natural Unisex Brown Rain Jacket,35
25946,Women,Brown,Summer,2012,Casual,Femella Women Brown Scarf,62
44971,Men,Black,Winter,2016,Casual,Maxima Men Black Analog Chronograph Watch,70
39525,Unisex,Black,Fall,2012,Casual,Peter England Unisex Black Laptop Bag,169
52814,Men,Black,Summer,2012,Casual,JAG Men Black Leather Wallet,170
56488,Women,White,Spring,2017,Casual,Streetwear Barbie Pink Nail Polish 40,90
18494,Men,White,Fall,2011,Sports,Puma Men Daemon White Sports Shoes,26
7965,Men,Green,Fall,2011,Sports,Puma Men's Ess Polo Green T-shirt,40
19546,Women,Black,Fall,2011,Casual,United Colors of Benetton Women Solid Black Sweatshirt,16
49236,Men,Cream,Fall,2012,Casual,Arrow Men Cream Cap,93
8111,Men,Blue,Winter,2016,Casual,Fastrack Men Canvas Blue Belt,9
28201,Men,Gold,Winter,2016,Casual,Ray-Ban Men High Street Arista Sunglasses,113
13840,Unisex,Black,Winter,2016,Casual,ADIDAS Unisex Three Small Dials Black Watches,70
12992,Unisex,Silver,Fall,2011,Sports,ADIDAS Kids Unisex HyperRun Silver Sports Shoes,26
41867,Men,Red,Summer,2016,Casual,Estd. 1977 Men Red & Brown Sandals,157
44529,Men,Black,Winter,2010,Casual,Coolers Men Black Sandals,157
58176,Women,Green,Fall,2012,Casual,Rocky S Women Green Handbag,119
39141,Women,Magenta,Summer,2012,Ethnic,Aneri Women Magenta Salwar Suit,109
59898,Women,Black,Fall,2012,Casual,Femella Women Black Top,49
21982,Women,Gold,Winter,2015,Casual,Murcia Women Casual Gold Clutch,50
36935,Men,Blue,Spring,2017,Casual,Ralph Lauren Men Perfume,38
20850,Women,Green,Winter,2015,Casual,Spice Art Women White Beaded Elastic Flower Clutch,50
59296,Men,White,Fall,2012,Casual,U.S. Polo Assn. Men White & Green Shirt,67
11519,Women,Brown,Winter,2015,Casual,Catwalk Women Bronze Brown Heels,65
15985,Men,Green,Fall,2011,Casual,Turtle Check Men Green Shirt,67
41269,Men,Brown,Summer,2012,Casual,Arrow Men Brown Wallet,170
14857,Women,Olive,Summer,2011,Casual,United Colors of Benetton Women Solid Olive Wallets,170
33649,Men,Black,Summer,2012,Casual,Lotto Men Stride Black Sandals,157
54589,Women,Green,Summer,2012,Ethnic,Sushilas Women Printed Green Kurta,87
2619,Men,White,Fall,2010,Sports,Nike Mens White Bleed Blue T-shirt,40
8323,Boys,White,Fall,2011,Casual,Doodle Boy's Athletic 77 Dept White Kidswear,40
46870,Men,Purple,Summer,2012,Casual,Lino Perros Men Pack of 2 Socks,75
27847,Women,Off White,Summer,2012,Casual,Scullers For Her Off White T-shirt,40
28033,Men,Black,Summer,2016,Casual,Jockey ELANCE Men Black Y Front Briefs 1006,21
49838,Women,Black,Winter,2012,Casual,iPanema Women Black Flip Flops,81
31922,Women,Black,Summer,2012,Casual,Fabindia Women Black Silk Handbag,119
26995,Women,Blue,Summer,2012,Casual,Jealous 21 Women Washed Light Blue Jeans,18
9037,Men,Black,Winter,2011,Formal,Buckaroo Men Medina Black Formal Shoes,23
18460,Women,White,Spring,2017,Casual,David Beckham Signature Women Deos,154
13088,Men,Red,Fall,2011,Sports,ADIDAS Men NBA Bold Red T-shirts,40
6843,Unisex,Black,Summer,2011,Casual,Timberland Unisex Suede Restorer Brush Shoe Accessories,88
17428,Men,Black,Summer,2017,Casual,CASIO G-Shock Men Black Analogue-Digital Watch GA-100-1A2DR G271,70
47358,Women,Olive,Fall,2012,Casual,Baggit Women Olive Green Sanjara Jhuti Wallet,170
12966,Men,Grey,Fall,2011,Sports,ADIDAS Men Snova Glide Grey Sports Shoes,26
39989,Men,Blue,Summer,2013,Casual,Gas Men Skate Blue Shoes,3
59050,Women,Red,Winter,2012,Casual,Carlton London Women Red & Black Heels,65
4728,Boys,Navy Blue,Summer,2011,Casual,Disney Kids Boy's Crew Sea Life Sialing Navy Teen Kidswear,40
20098,Women,Pink,Fall,2011,Ethnic,Diva Women Printed Pink Kurta,87
40941,Girls,Pink,Summer,2012,Casual,Gini and Jony Girls Pretty Pink Top,49
58182,Women,Yellow,Summer,2012,Casual,Rocky S Women Yellow Handbag,119
21976,Women,Red,Winter,2015,Casual,Murcia Women Casual Red Handbag,119
56018,Women,Pink,Spring,2017,Casual,Colorbar Soft Touch Show Pink Charm Lipstick 038,98
37813,Men,Black,Summer,2012,Casual,John Players Men Check Black Shirt,67
59262,Women,Silver,Winter,2016,Casual,Titan Women Silver Watch,70
1854,Men,Purple,Summer,2011,Casual,Inkfruit Mens Pencho T-shirt,40
39387,Men,Blue,Summer,2012,Casual,Peter England Men Blue Jeans,18
15971,Men,Green,Fall,2011,Casual,Turtle Check Men Green Shirt,67
47956,Women,Pink,Summer,2012,Casual,Murcia Women Pink Handbag,119
9205,Men,Black,Fall,2011,Casual,Puma Men SL Tech Lo NM Basic Black Casual Shoes,3
30038,Men,White,Winter,2016,Casual,SKAGEN DENMARK Men White Dial Watch 233XLSS,70
48122,Women,Brown,Summer,2012,Casual,Fossil Women Brown Belt,9
42418,Girls,White,Summer,2012,Casual,Gini and Jony Girls Woven White Top,49
29929,Men,Copper,Winter,2016,Casual,Police Men Copper-Toned Dial Watch PL12895JS,70
46884,Boys,Black,Fall,2012,Casual,Ben 10 Boys Black Casual Shoes,3
19780,Women,Blue,Fall,2011,Casual,United Colors of Benetton Women Blue Handbag,119
12368,Men,Blue,Fall,2011,Formal,Reid & Taylor Men Stripes Blue Shirts,67
34498,Women,Blue,Summer,2012,Formal,Van Heusen Woman Striped Blue Top,49
30804,Men,Rust,Summer,2012,Ethnic,Fabindia Men Rust Shirt,67
29115,Men,White,Summer,2012,Casual,Puma Men Foundation Quarters White Socks,75
10867,Men,Navy Blue,Fall,2011,Casual,Wrangler Men Navy Blue Tough Service Navy T-shirt,40
37679,Unisex,Blue,Summer,2012,Casual,American Tourister Unisex Blue Backpack,64
45259,Men,Black,Winter,2016,Casual,Casio EDIFICE Men Chronograph Watch ED61 EF-305D-1AVDF,70
15529,Men,Black,Fall,2011,Casual,Puma Men Jersey Polo Black Tshirts,40
59606,Women,Pink,Fall,2012,Ethnic,FNF Pink Collection for Wedding Wear Sari,20
38631,Women,Pink,Summer,2012,Casual,Nike Women Pink Polo T-shirt,40
5890,Men,Green,Summer,2011,Casual,Puma Men's Graphics Story Green T-shirt,40
4942,Men,Red,Summer,2011,Casual,Gini and Jony Boys Kane Red & White Kidswear,40
49494,Men,Navy Blue,Summer,2012,Casual,Vans Men Navy Blue Shoes,3
26539,Men,White,Fall,2012,Casual,ID Men White & Black Shoes,3
35912,Women,Pink,Summer,2012,Casual,Peperone Women Pink & Black Handbag,119
54119,Women,Brown,Winter,2012,Casual,Rocia Women Brown Flats,65
18236,Men,White,Fall,2011,Casual,Manchester United Men Solid White Tshirt,40
2289,Women,Blue,Fall,2010,Sports,Nike Women Blue T-shirt,40
9661,Men,Blue,Fall,2011,Casual,Indigo Nation Men Reversible Bling Blue Shirts,67
23877,Men,White,Summer,2013,Sports,Fila Men Cavier White Sports Shoes,26
29571,Men,Navy Blue,Summer,2012,Casual,Vans Men Classic Slip-On Navy Blue Shoes,3
42840,Women,Black,Summer,2012,Casual,French Connection Women Black Handbag,119
22199,Men,Black,Summer,2011,Casual,Timberland Men Black Casual Shoes,3
54925,Men,Cream,Summer,2012,Casual,Do U Speak Green Men Cream Shorts,47
6629,Men,White,Summer,2011,Sports,ADIDAS Men's Galvin White Silver Black Shoe,26
43992,Women,Pink,Spring,2017,Casual,Police Women Passion Eau De Toilette Natural Spray,38
8581,Men,Black,Fall,2011,Casual,Scullers Men Black Waistcoat,162
9453,Men,Blue,Fall,2011,Formal,John Miller Men White checks Blue Shirts,67
17870,Men,Black,Summer,2016,Casual,Levis Men Boxer Black Brief,21
48774,Women,Silver,Summer,2013,Casual,Lucera Women Silver Pendant,129
18004,Men,Blue,Summer,2011,Sports,Puma Men Speed Grapic tee Blue Tshirt,40
29743,Women,Green,Summer,2012,Casual,Kiara Women Light Green Handbag,119
3955,Women,Red,Summer,2011,Casual,Jealous 21 Women Printed Red Top,49
51659,Men,Black,Winter,2016,Casual,Fossil Men Black Dial Watch AM4385,70
2887,Women,Beige,Winter,2015,Casual,Catwalk Women Black Ballerinas,65
28691,Women,Black,Summer,2012,Ethnic,W Women Printed Black Kurta,87
23279,Men,Blue,Winter,2016,Casual,Maxima Ssteele Men Blue Watch,70
18838,Men,Black,Summer,2011,Formal,Peter England Men Formal Black Belt,9
44985,Women,Black,Winter,2016,Casual,Maxima Women Black Dial Watch,70
10269,Women,Red,Winter,2013,Casual,Clarks Women Silvi Spice Raspberry Leather Red Flats,83
40519,Men,Grey,Winter,2016,Casual,Titan Men Grey Dial Watch,70
38403,Women,Brown,Summer,2012,Casual,Baggit Women Brown Xylo Taj Belt,9
27044,Women,Black,Fall,2012,Casual,Yelloe Black Fur Zip Clutch,50
18699,Men,Blue,Summer,2016,Casual,Hanes Men Blue Ultimate Duo Dry Cotton Stretch Bikini Briefs,21
13271,Women,Gold,Winter,2012,Casual,Inc 5 Women Casual Gold Heels,65
43501,Men,Grey Melange,Summer,2012,Casual,French Connection Men Grey Melange T-shirt,40
28830,Women,Grey,Summer,2017,Casual,Enamor Women Pack of 3 Briefs,21
2626,Women,Red,Fall,2010,Casual,Carlton London Women Red Wedge Sandal,83
31121,Girls,Black,Summer,2012,Casual,Gini and Jony Girls Black Top,49
55464,Women,Maroon,Spring,2017,Casual,Revlon Super Lusterous Mulled Wine Lipstick 305,98
26196,Men,Black,Spring,2017,Casual,Formula 1 Gold Men Perfume,38
27878,Women,Blue,Summer,2012,Casual,Scullers For Her Women White Printed Shirt,67
6286,Men,Purple,Summer,2011,Casual,UCB Men's Super Star Print Purple T-shirt,40
34453,Women,Black,Winter,2014,Casual,Rocia Women Black & Brown Sandals,83
22536,Men,Green,Spring,2013,Casual,Gas Men Skate Green Casual Shoes,3
49807,Men,Red,Summer,2012,Casual,Flying Machine Men Red Cap,93
46073,Men,Black,Summer,2015,Formal,Lino Perros Men Black Leather Belt,9
36304,Men,Green,Summer,2012,Casual,Angry Birds Men Green Stop Madness T-shirt,40
52641,Women,Red,Summer,2012,Casual,Mod-acc Women Red Handbag,119
14054,Men,Red,Fall,2011,Casual,Flying Machine Men Check Red Shirts,67
53793,Men,Black,Summer,2012,Casual,Puma Men Black Ferrari T-shirt,40
20261,Men,White,Fall,2011,Casual,Wrangler Men Tee White T-shirt,40
5403,Women,White,Summer,2011,Sports,Kalenji Kiprun 2000l Wht/purple,26
44724,Women,Lavender,Summer,2012,Casual,Lotto Women Lavender Blossom Flip Flops,81
25713,Unisex,Black,Spring,2013,Sports,ADIDAS Unisex Chicago Bulls Black Cap,93
11526,Women,Black,Fall,2011,Casual,United Colors of Benetton Women Light Winter Black Tops,49
41256,Men,Black,Summer,2012,Formal,Arrow Men Black & Brown Reversible Belt,9
14868,Men,Black,Summer,2011,Casual,United Colors of Benetton Men Solid Black Wallets,170
57333,Women,Cream,Winter,2015,Casual,Amante Cream-Coloured Full-Coverage T-shirt Bra BCSM11,128
41858,Men,Brown,Summer,2015,Casual,Estd. 1977 Men Brown Sandals,157
21181,Men,Yellow,Summer,2011,Casual,ADIDAS Men Adi Stars Tread Yellow Flip Flops,81
52473,Women,White,Summer,2017,Casual,Red Rose Women Pink & White Bath Robes,74
39942,Men,Navy Blue,Summer,2013,Casual,Gas Men Navy Blue Shoes,3
36136,Women,Green,Summer,2012,Sports,Nike Women Free Run+ 3 Green Sports Shoes,26
5631,Unisex,Yellow,Summer,2011,Casual,ADIDAS Unisex Adi Liner Yellow Flip Flop,81
44516,Men,Black,Summer,2013,Casual,Coolers Men Black Pokar Flip Flops,81
58149,Women,Pink,Summer,2012,Casual,Puma Women Pink Sparkle Cat Cap,93
20053,Women,Blue,Fall,2011,Casual,United Colors Of Benetton Women Blue Muffler,147
32596,Women,Peach,Summer,2012,Casual,ONLY Women Peach Long Tank Top,49
25521,Men,White,Summer,2016,Casual,Levis Men White Innerwear Vest,13
11714,Women,Blue,Summer,2011,Casual,Lee Women Check Blue Shirts,67
33444,Women,Brown,Summer,2012,Casual,Baggit Women Camel Brown Sling Bag,119
58975,Men,Blue,Spring,2017,Casual,Colour me Men Blue Deo,154
27276,Women,Beige,Fall,2011,Ethnic,Mother Earth Women Beige Kurta,87
6888,Women,Cream,Summer,2011,Casual,Forever New Women's Cream Floral Print Top,49
19579,Women,Green,Summer,2011,Casual,United Colors of Benetton Women Green Top,49
12191,Men,Brown,Fall,2011,Casual,Basics Men Brown Slim Fit Shirt,67
55656,Women,Brown,Winter,2015,Casual,Catwalk Women Brown Wedges,65
31313,Women,Blue,Summer,2012,Ethnic,W Women Blue Kurta,87
50324,Women,Peach,Summer,2012,Ethnic,Aurelia Women Peach Kurta,87
47393,Women,Blue,Summer,2015,Casual,Baggit Women Blue Bag,119
7166,Men,Red,Fall,2011,Casual,Scullers Men Scul Red White Shirt,67
46241,Women,Cream,Summer,2012,Ethnic,Fusion Beats Women Cream Kurta,87
8912,Men,White,Fall,2011,Sports,Puma Men Cabana Racer Sketch White Sports Shoes,26
22704,Men,White,Fall,2011,Casual,Nike Men Capri II Mid White Casual Shoes,3
5255,Unisex,Blue,Winter,2015,Casual,Wildcraft Unisex Blue Backpack,64
37480,Women,White,Winter,2016,Casual,Esprit Women White Watch,70
44172,Women,Grey,Spring,2017,Casual,Nike Fragrances Women Extreme Perfume 75 ml,38
14602,Men,Grey,Summer,2011,Casual,United Colors of Benetton Men Pack of 2 Grey Socks,75
52017,Women,Black,Summer,2017,Casual,Inaya Women Black Pyjama Set,146
25979,Women,Pink,Spring,2017,Casual,J.Del Pozo Women Halloween Kiss Sexy 50 ml Perfume,38
4387,Men,Grey,Summer,2011,Casual,Batman Men's Affliction Grey Violet T-shirt,40
33020,Women,Yellow,Summer,2012,Ethnic,Mother Earth Women Printed Yellow Kurta,87
41400,Women,Navy Blue,Summer,2012,Casual,Wrangler Women Navy Blue T-shirt,40
25145,Women,Beige,Winter,2015,Casual,Lino Perros Women Beige Handbag,119
11370,Women,Green,Fall,2011,Casual,United Colors Of Benetton Women Light Wintersweat Green Sweatshirts,16
55232,Women,Skin,Spring,2017,Casual,Lakme Perfect Radiance Intense Whitening Beige Honey Foundation 05,153
16969,Men,Black,Fall,2011,Casual,Puma Men Coupe Black Sandal,157
43357,Men,Black,Summer,2012,Sports,Reebok Men Black Ultimate Vibe Sports Shoes,26
9498,Men,Pink,Fall,2011,Formal,John Miller Men Pink white black check Pink Shirts,67
13427,Men,Red,Summer,2011,Casual,United Colors of Benetton Men Printed Red Tshirts,40
7502,Women,Black,Summer,2011,Sports,Nike Women As Classic Black Capri,61
19921,Unisex,Yellow,Summer,2015,Casual,Wildcraft Unisex Gear for Life Yellow Backpack,64
46625,Women,Pink,Spring,2017,Casual,Rasasi Women Royale Deo and Perfume Set,154
51692,Men,Grey,Winter,2016,Casual,Louis Philippe Men Oversized Sunglasses LP226-C1,113
16155,Men,Brown,Fall,2011,Formal,Enroute Men Leather Brown Formal Shoes,23
29788,Men,White,Summer,2013,Casual,Basics Men Pack of 3 T-shirts,40
22360,Men,Blue,Fall,2011,Casual,John Players Men Check Blue Shirt,67
17087,Women,Purple,Winter,2015,Casual,Lino Perros Women Blue Zip Purple Wallet,170
50740,Men,Black,Winter,2018,Formal,Red Chief Men Black Formal Shoes,23
34205,Men,Grey Melange,Fall,2013,Sports,Proline Men Grey Melange Track Pants,12
31545,Men,Purple,Summer,2012,Casual,Classic Polo Men Striped Purple T-shirt,40
3390,Women,Brown,Winter,2015,Formal,Murcia Women Brown With Stitch Bag,119
8778,Men,Black,Fall,2011,Casual,Indigo Nation Men Black Striped Shirt,67
55000,Women,Pink,Spring,2017,NA,Lakme Absolute Liplast Day Rose Lip Gloss,59
27420,Women,Grey,Winter,2015,Casual,Jockey Women Grey Lounge Pants,68
13615,Men,Grey,Summer,2016,Casual,Hanes Men Grey V DuoDry Body Fit V-Neck T-shirt,13
43165,Men,Navy Blue,Winter,2016,Casual,Fastrack Men Navy Blue Dial Watch,70
30497,Women,Pink,Summer,2014,Casual,Lovable Women Fiona Rose Pink Bra,128
2242,Men,Blue,Fall,2010,Casual,ADIDAS Men Crew Neck Blue T-shirt,40
16367,Men,Blue,Fall,2011,Formal,Peter England Men Check Blue Shirt,67
22152,Men,Olive,Summer,2011,Casual,Lee Cooper Men Casual Sandals,157
7730,Men,Black,Fall,2011,Casual,Puma Men Apex Black Olive Sandal,157
46417,Men,Black,Winter,2016,Casual,Timex Men Black Dial Watch,70
34037,Boys,Blue,Summer,2012,Casual,Palm Tree Boys Check Blue Shirt,67
28468,Women,Lavender,Summer,2012,Casual,Urban Yoga Women Printed Lavender T-shirt,40
43959,Men,Grey,Summer,2012,Casual,Puma Men Grey Sandals,157
50572,Men,Navy Blue,Summer,2016,Casual,Chromozome Men Navy Blue Trunks,106
14430,Women,Black,Summer,2012,Casual,Enroute Women Casual Black Casual Shoes,3
5067,Men,Orange,Winter,2016,Casual,Being Human Men Black Dial Orange Strap Watch,70
45292,Women,Silver,Winter,2016,Casual,CASIO Enticer Women Silver Analogue Watch LTP-1233D-7ADF SH49,70
36760,Men,White,Winter,2016,Casual,Maxima Men White Dial Watch,70
52225,Women,Silver,Summer,2013,Casual,Lencia Silver Pendant,129
33212,Women,Black,Summer,2012,Casual,Sepia Women Black Top,49
57757,Women,White,Spring,2017,NA,Lotus Herbals Neemwash Face Wash,5
4989,Women,Green,Summer,2011,Casual,Gini and Jony Girl's Fenil Bright Green Kidswear,47
11142,Women,Blue,Fall,2011,Casual,Scullers Women Solid Blue Scarves,62
56685,Women,Black,Fall,2012,Ethnic,Fabindia Black Mull Printed Saree,20
39728,Women,Pink,Summer,2012,Formal,Arrow Woman Women Pink Shirt,67
37474,Men,White,Winter,2016,Casual,Esprit Men White Dial Watch,70
44186,Men,Black,Spring,2017,Casual,Nike Fragrances Men 5th Element Perfume,38
53131,Women,Gold,Winter,2015,Casual,Catwalk Women Gold Toned & Brown Flats,65
21511,Women,Pink,Winter,2015,Casual,Kiara Women Rose Pink Handbag,119
15724,Men,Grey,Fall,2011,Sports,Nike Men Free Run+ 2 Shield Grey Sports Shoes,26
4373,Men,Black,Summer,2011,Casual,Aerosmith Men's Attic Black T-shirt,40
10256,Men,Green,Fall,2011,Casual,Locomotive Men Stripes Green Shirts,67
57591,Women,Brown,Spring,2017,Casual,Lotus Herbals Moistpetals Iced Coffee Lipstick 161,98
40526,Men,White,Winter,2016,Casual,Titan Men White Dial Watch NB1927BM01,70
32106,Men,Grey,Summer,2016,Casual,Playboy Men Crocker Grey Trunks,106
56443,Women,Brown,Spring,2017,Casual,Streetwear Shine Divine Chocolate Divine Nail Enamel 12,90
11384,Men,Red,Fall,2011,Casual,United Colors of Benetton Men White & Red Check Shirt,67
12501,Men,Green,Fall,2011,Casual,United Colors of Benetton Men Short Green T-shirt,40
26734,Women,Silver,Spring,2017,Casual,Reebok Women Pack of 3 Deos,154
31783,Women,Purple,Summer,2012,Casual,Lee Women Purple Paula Pansy Top,49
49699,Men,Red,Summer,2012,Formal,Park Avenue Men Red & Brown Striped Tie,132
42271,Unisex,White,Summer,2012,Casual,Vans Unisex White Classic Slip On Casual Shoes,3
30651,Men,Black,Summer,2012,Sports,Nike Men Black Track Pants,12
35323,Women,Silver,Winter,2016,Ethnic,Fabindia Women Anusuya Silver Earrings,143
51666,Men,Grey,Winter,2016,Casual,Louis Philippe Men Aviator Sunglasses LP218-C2,113
22394,Women,Black,Fall,2011,Casual,ADIDAS Women Ess MF3S  Black Track Pant,12
23246,Men,Black,Fall,2011,Formal,Arrow Men Formal Black Shoe,23
17073,Women,Brown,Winter,2015,Casual,Lino Perros Women Weaved  Brown Belt,9
18807,Men,Off White,Summer,2011,Casual,Peter England Men Casual Off White Belt,9
6424,Men,Navy Blue,Summer,2011,Casual,Lotto Men's Tennis Mule Navy Blue Flip Flop,81
3364,Men,Blue,Summer,2011,Casual,Myntra Men's Brain Blue T-shirt,40
42043,Men,Black,Summer,2012,Casual,Nike Men Black Shoes,3
12733,Women,Pink,Fall,2011,Sports,Nike Women Pinkaland Pink Handbags,119
54126,Women,Bronze,Winter,2012,Casual,Rocia Women Bronze Heels,65
18209,Men,Navy Blue,Fall,2011,Casual,Manchester United Men Printed Navy Blue Cap,93
48579,Men,Steel,Summer,2012,Casual,Revv Men Steel Bracelet,152
23848,Men,White,Fall,2011,Sports,ADIDAS Men White Razor Sports Shoes,26
43191,Women,White,Winter,2016,Casual,Fastrack Women White Dial Watch,70
30463,Women,Pink,Summer,2014,Casual,Lovable Women All Day Long Pink Bra,128
16393,Men,Black,Fall,2011,Casual,Levis Men Check Black Shirts,67
51454,Women,Multi,Summer,2012,Casual,Tonga Women Multicoloured Top,49
35111,Men,Brown,Summer,2012,Casual,Allen Solly Men Leather Brown Wallet,170
47531,Women,Gold,Winter,2012,Casual,Portia Women Purple & Gold-Toned Sandals,83
6616,Men,Pink,Summer,2011,Casual,Spykar Men Linen Pink Shirt,67
50586,Men,Black,Summer,2016,Casual,Chromozome Men Black Briefs,21
17241,Men,Pink,Fall,2011,Casual,U.S. Polo Assn. Men Stripes Raspberry Wine Polo Tshirt,40
53303,Men,Red,Summer,2012,Casual,Locomotive Men Red T-shirt,40
10858,Men,White,Fall,2011,Casual,Wrangler Men Furious Rides White T-Shirts,40
37646,Women,Black,Summer,2012,Casual,Wills Lifestyle Women Black Wallet,170
5093,Men,Black,Summer,2011,Casual,Wrangler Men's Champion Burnt Out Striper Black T-shirt,40
45266,Men,Black,Winter,2016,Sports,CASIO G-Shock Men Black Digital Watch GD-100-1BDR G310,70
36794,Men,White,Winter,2016,Casual,Maxima Men White Dial Attivo Watch,70
4141,Men,White,Summer,2011,Casual,Fila Men's Breath White Red Shoe,3
21723,Women,Beige,Winter,2015,Casual,Catwalk Women Casual Beige Heels,65
15516,Men,Navy Blue,Fall,2011,Casual,Rockport Men Altrezlp Navy Blue Flip Flops,81
59639,Women,Green,Fall,2012,Ethnic,FNF Green Wedding Collection Sari,20
10064,Men,Yellow,Fall,2011,Casual,Puma Men puma shield tee Yellow Tshirts,40
24251,Men,Black,Summer,2013,Casual,Numero Uno Men Black Casual Shoes,3
25383,Men,White,Summer,2016,Casual,Levis Men White Innerwear Vest,13
56671,Men,White,Winter,2016,Casual,Maxima Men White Dial Watch,70
32334,Men,White,Winter,2016,Casual,Q&Q Men White Dial Analogue Watch Q252J204Y,70
13285,Men,Black,Fall,2011,Casual,Gini and Jony Kids Boys Solid Black Shorts,47
54542,Men,White,Fall,2012,Sports,F Sports Men White Hurricane Sports Shoes,26
3700,Women,Purple,Summer,2011,Casual,Tantra Women's Flower Heart Lavender Long T-shirt,40
42427,Women,Green,Summer,2012,Ethnic,Aurelia Women Green Kurta,87
29916,Men,Black,Winter,2016,Casual,Police Men Black Dial Chronograph Watch PL12676JSU-02,70
55490,Women,Rose,Spring,2017,Casual,Revlon Rose Gold Colorburst Lip Gloss 026,59
12357,Men,Blue,Fall,2011,Formal,Reid & Taylor Men Check Blue Shirts,67
26162,Men,Black,Summer,2012,Formal,John Miller Men Black Trousers,86
47155,Men,Brown,Summer,2012,Casual,Peter England Men Brown Wallet,170
6272,Men,Grey,Summer,2011,Casual,UCB Men's Contrast Rib Grey T-shirt,40
48921,Women,Silver,Fall,2012,Casual,Lucera Women Silver Ring,54
17625,Men,Black,Fall,2011,Sports,ADIDAS Men Solid Black Track Pant,12
51030,Women,Purple,Summer,2017,Casual,Enamor Mulberry Purple Coloured Bra,128
35575,Men,Green,Summer,2013,Casual,Gliders Men Green Esquire Flip Flops,81
46087,Women,Silver,Summer,2012,Casual,ADIDAS Women Silver Magique Shoes,3
45602,Men,Brown,Summer,2012,Formal,Arrow Men Brown Formal Shoes,23
4525,Men,White,Summer,2011,Sports,Puma Men's YugoRun White Red Shoe,26
21347,Men,Black,Winter,2016,Casual,Pal Zileri Men Casual Black Frame Sunglasses,113
15172,Men,Brown,Fall,2011,Casual,Arrow Sport Men Striped Brown T-shirt,40
53767,Men,White,Summer,2012,Casual,Puma Men White and Blue T-shirt,40
20295,Men,Blue,Fall,2010,Casual,Flying Machine Men Printed Blue Tshirt,40
37222,Boys,Navy Blue,Summer,2012,Casual,United Colors of Benetton Boys Check Navy Blue Shirt,67
56215,Women,Gold,Winter,2016,Casual,Estelle Women Gold Earrings,143
10400,Women,Black,Winter,2016,Casual,Puma Women Flux Shadow  266 Black Watches,70
21175,Men,White,Fall,2011,Sports,ADIDAS Men Lowell White Sports Shoe,26
15340,Women,Black,Fall,2011,Sports,Nike Women Solid Black Shorts,47
52487,Women,Pink,Winter,2015,Casual,Red Rose Pink Camisole,39
4717,Girls,Pink,Summer,2011,Casual,Disney Kids Girl's Summer Fun Fair Pink Teen Kidswear,40
53555,Men,Multi,Summer,2016,Casual,Probase Multicoloured Printed Boxers,122
38864,Women,Purple,Summer,2012,Casual,Latin Quarters Women Purple & White Top,49
21949,Women,Purple,Winter,2015,Casual,Murcia Women Casual Purple Handbag,119
32562,Women,Olive,Summer,2012,Casual,ONLY Women Olive Trousers,86
59853,Women,White,Spring,2017,Casual,Olay Women Natural White Rich All in One Fairness Night Cream,42
56027,Women,Brown,Spring,2017,Casual,Colorbar Soft Touch Brazil Nut Lipstick 024,98
10632,Men,Brown,Winter,2012,Casual,Carlton London Men Brown Shoes,3
24407,Women,Pink,Summer,2012,Ethnic,Vishudh Women Pink Printed Kurta,87
58981,Women,Blue,Spring,2017,Casual,Colour Me Women Sky Blue Deo,154
40142,Boys,Green,Summer,2012,Casual,Gini and Jony Boys Core Green T-shirt,40
9008,Women,Multi,Winter,2015,Casual,Murcia Women Checked Purse Multi Handbags,119
30235,Men,Brown,Summer,2012,Casual,Numero Uno Men Brown Flip Flops,81
27282,Women,Blue,Fall,2011,Ethnic,Mother Earth Women Blue Kurta,87
12165,Women,Navy Blue,Fall,2011,Ethnic,Aurelia Women Voile Navy Blue Dupatta,6
26350,Women,White,Winter,2016,Casual,DKNY Women White Dial Watch NY8471,70
3532,Women,Black,Summer,2011,Casual,Myntra Women's Hard Work Never Black T-shirt,40
42615,Women,Gold,Winter,2016,Casual,Estelle Women Earrings & Pendant Set,142
9834,Women,Blue,Fall,2011,Casual,Little Miss Women Printed Blue T-shirt,40
17417,Men,Black,Winter,2016,Casual,CASIO ENTICER Men Black Dial Analogue Watch A416,70
47367,Women,Olive,Summer,2012,Casual,Baggit Women Olive Green Handbag,119
6040,Men,Grey,Summer,2011,Casual,UCB Men's Applique Grey T-shirt,40
12959,Men,Black,Fall,2011,Sports,ADIDAS Men Sports Black Sports Shoes,26
7192,Women,Brown,Fall,2011,Casual,Jealous 21 Women Brown Jeggings,18
51202,Women,Skin,Summer,2017,Casual,Enamor Women Skin Bra,128
29318,Unisex,Black,Summer,2012,Casual,ADIDAS Unisex Black Backpack,64
34635,Men,Black,Summer,2012,Casual,Lotto Men XD III Black Shoes,3
23682,Men,Black,Summer,2012,Casual,Red Tape Men Black Casual Shoes,3
9894,Men,Black,Fall,2011,Formal,Indian Terrain Men Sid Black Trousers,86
8946,Men,Beige,Fall,2011,Casual,Indigo Nation Men ID Printed Beige Trousers,86
22750,Women,White,Fall,2011,Ethnic,BIBA Women Printed White Kurta,87
7132,Women,Green,Fall,2011,Casual,Urban Yoga Women's Green T-shirt,40
46215,Men,Orange,Summer,2012,Sports,ADIDAS Men Orange Sports Shoes,26
27222,Women,Pink,Summer,2012,Casual,Doodle Kids Girl  Pink Capris,61
30295,Men,Off White,Summer,2012,Casual,Myntra Men Planet Off White T-shirt,40
3592,Men,Blue,Summer,2013,Casual,Converse Men's All Star Canvas Ox Navy Blue Shoe,3
25575,Men,White,Summer,2012,Sports,Fila Men Surveillance White Shoes,26
56087,Women,Pink,Spring,2017,Casual,Colorbar Star Shine Lip Gloss 05,59
11740,Men,Grey,Fall,2011,Casual,Lee Men Stripes Grey T-shirt,40
41030,Men,Silver,Winter,2016,Casual,Nautica Men Silver Dial Watch,70
58921,Men,Multi,Summer,2012,Casual,Hakashi Men Combo pack Tie+Cufflink+Pocket square,156
33410,Women,Purple,Summer,2012,Casual,Baggit Women Jewel Baby Purple Wallet,170
10692,Men,Red,Fall,2011,Casual,Doodle Boy Casual Red Tshirts,40
57155,Women,Pink,Summer,2012,Casual,Elle Women Pink Top,49
52427,Women,Cream,Winter,2015,Casual,Red Rose Cream Nightdress,7
20007,Men,White,Fall,2011,Casual,United Colors of Benetton Men White Printed T-shirt,40
57969,Women,Black,Fall,2012,Ethnic,Prafful Women Black & Grren Sari,20
5665,Men,Grey,Summer,2011,Casual,ADIDAS Men's Slide Grey Orange Flip Flop,81
39318,Boys,Red,Summer,2012,Casual,Gini and Jony Boys Red T-shirt,40
25747,Men,Black,Winter,2015,Casual,Lino Perros Men Leather Black Belt,9
11572,Women,White,Summer,2011,Ethnic,W Women Printed White Kurtas,87
57367,Women,Peach,Summer,2017,Casual,Amante Women Peach-Coloured Briefs PCLR02,21
24695,Men,Black,Summer,2011,Casual,Lotto Men Hermes Black Sandals,157
33622,Women,Black,Summer,2012,Casual,Lino Perros Women Black Wallet,170
36350,Men,Black,Summer,2012,Formal,Reid & Taylor Men Black Tie,132
4585,Unisex,Black,Winter,2015,Casual,Wildcraft Unisex Black Solid Backpack,64
37282,Women,Purple,Summer,2012,Casual,Tantra Women Purple Prima Donna T-shirt,40
5457,Men,Navy Blue,Summer,2011,Sports,Nike Men's Perfect Navy Blue Track Pant,12
44770,Men,Black,Summer,2012,Casual,Globalite Men Black Skid Shoes,3
14000,Men,Blue,Fall,2011,Sports,Nike Men Printed Blue Jackets,145
20235,Women,Black,Fall,2011,Casual,Wrangler Women Baroque Black T-shirt,40
28058,Men,Grey Melange,Summer,2016,Casual,Jockey ELANCE Men Pack Of 2 Grey Briefs 1010,21
48981,Women,Silver,Fall,2012,Casual,Lucera Women Silver Ring,54
17685,Women,Multi,Winter,2015,Casual,Catwalk Women Assorted Multi Heels,65
7300,Men,Red,Fall,2011,Casual,Free Authority Men's Abstract Mix Red T-shirt,40
46027,Women,Gold,Winter,2016,Casual,Estelle Women Gold Pendant with Chain,129
16757,Women,Black,Winter,2015,Casual,Spice Art Women Beaded Bow Black Clutch,50
31949,Men,White,Summer,2012,Sports,Nike Men Zoom Vomero White Sports Shoes,26
51090,Women,Red,Summer,2012,Ethnic,Satya Paul Red & Grey Saree,144
22562,Women,Tan,Winter,2015,Casual,Lino Perros Tan Women Casual Sling Bag,119
43555,Women,Cream,Summer,2012,Casual,Puma Women Cream Socks,75
2672,Women,Red,Winter,2015,Ethnic,Murcia Women Ethnic Hand Bag,119
27010,Women,Blue,Summer,2012,Casual,Jealous 21 Women Washed Light Blue Capris,61
13225,Men,Blue,Fall,2011,Casual,Palm Tree Kids Boys Printed Blue Sweatshirts,16
55430,Women,Peach,Spring,2017,Casual,Revlon Honey Colorburst Lipstick 097,98
8348,Boys,Brown,Fall,2011,Casual,Doodle Boy's Little Monsters Rocking Rust Kidswear,40
31175,Girls,Magenta,Summer,2012,Casual,Gini and Jony Girls Purple Top,49
57703,Women,Cream,Spring,2017,NA,Lotus Herbals Cocomoist Moisturising Lotion,42
33246,Men,Lavender,Spring,2013,Formal,Arrow Men Lavender Unstainable Slim Fit Shirt,67
41666,Men,Purple,Summer,2012,Formal,Mark Taylor Men Brown Striped Shirt,67
32394,Women,Lavender,Summer,2012,Formal,Arrow Woman Lavender Shirt,67
25323,Men,Black,Summer,2017,Casual,Casio Edifice Men Analog Watch EF-130D-1A2VDF(ED417),70
11116,Men,Grey,Fall,2011,Formal,Indigo Nation Men Solid Grey Shirts,67
21783,Men,Black,Fall,2011,Casual,Fossil Men Pierce Black Belt,9
59699,Women,Black,Summer,2012,Casual,Avirate Black Bra,128
36734,Women,White,Summer,2012,Casual,Spykar Women Cult White T-shirt,40
55868,Women,Pink,Spring,2017,Casual,Colorbar Fushia Fix 2 Nail Lacquer 84,90
7764,Men,Black,Fall,2011,Casual,Inkfruit Men's Night Rider Black Yellow Orange T-shirt,40
46443,Men,Blue,Winter,2016,Casual,Timex Men Blue Dial Watch,70
16333,Men,Black,Fall,2011,Formal,Peter England Men Stripes Black Shirt,67
50526,Men,Grey,Winter,2016,Casual,Chromozome Men Pack of 2 Briefs,21
47591,Women,Black,Winter,2012,Casual,Portia Women Black Flats,65
34063,Girls,Pink,Summer,2012,Casual,Gini and Jony Girls Printed Pink Dress,166
55054,Women,Brown,Spring,2017,NA,Lakme Enrich Satins Lipstick 132,98
12793,Women,Maroon,Fall,2011,Casual,Nike Women Blue Grafitti Maroon Tshirts,40
43131,Men,Black,Spring,2017,Casual,David Beckham Men Instinct Perfume,38
2216,Women,Beige,Fall,2010,Sports,ADIDAS Women Beige Socks,75
27474,Women,Pink,Winter,2015,Casual,Jockey Essence Pink Bra 2001,128
13641,Women,Navy Blue,Winter,2012,Casual,Carlton London Women Casual Navy Flats,65
54186,Men,Olive,Summer,2016,Casual,Jockey ELANCE Men Olive Briefs 1006,21
16101,Women,Brown,Winter,2016,Casual,M tv Women My Fab Eyewear Brown Sunglasses,113
22334,Men,Red,Fall,2011,Casual,John Players Men Stripes Red Polo T-Shirt,40
19975,Men,Red,Fall,2011,Casual,United Colors of Benetton Men Red Polo TShirt,40
35383,Boys,Charcoal,Summer,2012,Casual,Enroute Boys Charcoal Shoes,3
7556,Men,Blue,Summer,2011,Sports,Nike Men's Aqua Polo T-shirt,40
46671,Men,Blue,Spring,2017,Casual,Rasasi Men Pack of 3 Perfumes,38
34251,Men,Navy Blue,Summer,2013,Sports,Proline Navy Shorts,47
6484,Men,Black,Summer,2011,Casual,ADIDAS Men's Black Strip T-shirt,40
50714,Boys,White,Summer,2012,Casual,Doodle Boys white Printed T-Shirt,40
31723,Women,Gold,Winter,2016,Ethnic,Fabindia Women Ananya Gold Pendant,129
49639,Women,Green,Summer,2012,Casual,Mineral Women Lime Green Top,49
55266,Women,Brown,Spring,2017,Casual,Lakme Absolute Shine Line Brown Shimmer Eye Liner,51
19149,Men,White,Summer,2011,Casual,United Colors of Benetton Men Solid White Polo Tshirt,40
26794,Men,Grey,Summer,2013,Formal,Arrow Men Grey Shirt,67
27646,Men,Black,Summer,2012,Casual,Che Guevara Men Printed Black T-shirt,40
13473,Women,White,Winter,2012,Casual,Rocia Women White Heels,83
43303,Women,Black,Summer,2012,Casual,United Colors of Benetton Women Black Dress,166
2024,Men,Red,Fall,2010,Casual,ADIDAS Mens Fitted Red T-shirt,40
33074,Men,Green,Summer,2012,Casual,U.S.Polo Assn. Men Green Polo T-shirt,40
40586,Women,White,Summer,2012,Ethnic,Aurelia Women White Kurta,87
57531,Men,Mushroom Brown,Fall,2012,Casual,Provogue Men Mushroom Brown Casual Shoes,3
25111,Women,Beige,Winter,2015,Casual,Lino Perros Women Beige Belt,9
11324,Men,Black,Fall,2011,Smart Casual,United Colors of Benetton Men Black and Brown Checked Trousers,86
41454,Men,White,Fall,2012,Casual,Lee Cooper Men White Shoes,3
14656,Men,White,Fall,2011,Casual,Probase Men Funky Print White Tshirts,40
33848,Men,Brown,Summer,2012,Casual,Puma Men Drift Cat Brown Shoes,3
20463,Women,Black,Winter,2015,Casual,Baggit Women Auxi Excel Black Mobile Pouch,163
5201,Men,Blue,Summer,2011,Casual,Superman Men's Anger Moon Blue T-shirt,40
44126,Men,Steel,Spring,2017,Casual,Boss Men After Shave,38
36506,Women,Black,Summer,2012,Casual,United Colors of Benetton Women Black Bag,119
15784,Men,Brown,Summer,2016,Casual,Facit Men Brown Comfort Briefs,21
52043,Unisex,Navy Blue,Summer,2012,NA,Just Natural Unisex Navy Blue Jacket,35
10030,Women,Black,Fall,2011,Sports,Nike Women As See The Win Black T-Shirts,40
40740,Unisex,Red,Summer,2012,Casual,Converse Unisex Red Flip Flops,81
41692,Women,Gold,Winter,2012,Casual,Catwalk Women Gold Heels,65
32360,Men,Black,Winter,2016,Casual,Q&Q Men Black Dial Watch,70
39788,Men,Purple,Summer,2012,Formal,Peter England Men Maroon Purple Shirt,67
4929,Women,Blue,Summer,2011,Casual,Gini and Jony Girl's Vanida Blue Dungree Kidswear,111
14490,Men,Grey,Fall,2011,Casual,Flying Machine Men Casual Grey Casual Shoes,3
53357,Unisex,Red,Fall,2013,Sports,Puma Unisex Pack of 2 Red Wristband,29
15542,Women,Multi,Winter,2015,Casual,Catwalk Women Casual Multi Flats,65
45232,Men,Navy Blue,Winter,2016,Casual,CASIO YOUTH Men Navy Dial Analogue & Digital Time Watch AD182,70
7790,Men,Olive,Fall,2011,Casual,Proline Men Olive Green Polo T-shirt,40
35145,Women,Red,Summer,2012,Casual,Allen Solly Woman Red Clutch,50
51400,Men,Yellow,Summer,2012,Formal,Myntra Men Yellow Shirt,67
17215,Women,Purple,Winter,2016,Casual,United Colors of Benetton Women Funky Eyewear Purple Sunglasses,113
47565,Women,Black,Winter,2012,Casual,Portia Women Black Flats,83
6642,Men,White,Summer,2011,Sports,Nike Men's Air Max Lte White Blue Shoe,26
34097,Boys,Green,Summer,2012,Casual,Doodle Boys Printed Green T-shirt,40
26552,Men,Black,Summer,2012,Casual,ID Men Black Shoes,3
3330,Men,Red,Summer,2011,Sports,RCB Mens Fangear Polo Jersey,40
42017,Men,White,Summer,2012,Sports,ADIDAS Men White Phaedra Sports Shoes,26
27480,Women,Black,Winter,2015,Casual,Jockey Essence Black Bra 2004,128
54172,Women,Gold,Fall,2012,Casual,Femella Golden Necklace,151
51632,Women,Gold,Winter,2016,Casual,Fossil Women Gold-Toned Dial Chronograph Watch ES2859,70
29728,Women,Peach,Summer,2012,Casual,Kiara Women Peach Handbag,119
19981,Men,White,Summer,2011,Casual,United Colors of Benetton Men Printed White TShirt,40
6470,Men,Brown,Summer,2011,Casual,Numero Uno Men's Beige Brown Casual Shoe,3
23212,Women,Black,Fall,2011,Ethnic,Aneri Women Silver Moon Black Kurti,115
17027,Men,Navy Blue,Spring,2013,Casual,Gas Men Navy Blue Flip Flops,81
3102,Men,Grey,Summer,2011,Casual,Probase Men's Boarding Grey T-shirt,40
42225,Women,Blue,Summer,2012,Casual,Sepia Women Blue Top,49
55292,Women,Pink,Spring,2017,Casual,Lakme Absolute Cherryshine Plump & Shine Pink Lip Gloss,59
54340,Men,White,Summer,2016,Casual,Levis Men Pack of 3 Socks,75
13487,Men,Blue,Fall,2011,Casual,Spykar Men Stripes Blue Shirts,67
30605,Men,Grey,Summer,2012,Casual,Nike Men Classic Jersey Grey Track Pants,12
9438,Unisex,Black,Fall,2011,Casual,Nike Unisex Ultimatum Max Black Backpacks,64
33080,Men,White,Summer,2012,Casual,U.S. Polo Assn. Denim Co. Men Printed Cream T-Shirt,40
38468,Women,Green,Summer,2012,Casual,Baggit Women Green Wallet,170
40572,Women,Blue,Summer,2012,Ethnic,W Women Blue Kurta,87
10202,Women,Green,Winter,2015,Casual,Murcia Women Asjke Green Green Handbags,119
24037,Men,Beige,Fall,2011,Casual,Locomotive Men Printed Beige T-shirt,40
56417,Women,Blue,Summer,2017,Casual,Biara Women Blue  Bra,128
20497,Women,Beige,Winter,2015,Casual,Baggit Women Taker Jhuti Beige Wallet,170
45000,Men,Grey,Winter,2016,Casual,Maxima Men Black Digital Watch,70
4327,Unisex,Blue,Summer,2011,Casual,Tantra Kid's Unisex Cute Mom Turqoise Kidswear,40
21545,Women,Maroon,Winter,2015,Casual,Kiara Women Margaret Maroon Handbag,119
15770,Men,Grey,Summer,2016,Casual,Facit Men Grey Briefs,21
47333,Women,Beige,Summer,2012,Casual,Baggit Women Beige Chata Josh Wallet,170
6014,Men,Black,Summer,2011,Casual,Highlander Men Black & White Checked Slim Fit Shirt,67
23676,Men,Black,Summer,2012,Casual,Red Tape Men Cross Band Black Sandals,157
17443,Unisex,Black,Winter,2016,Casual,CASIO ENTICER Unisex Black Dial Watch BS113,70
50384,Women,Black,Summer,2012,Ethnic,Vishudh Women Black Salwar and Dupatta,127
9860,Men,Green,Fall,2011,Casual,Status Quo Men Green Polo Tshirts,40
51256,Men,Brown,Summer,2012,Formal,Park Avenue Men Brown Belt,9
35713,Men,Red,Summer,2012,Sports,Nike Men Jordan Fly Wade Red Sports Shoes,26
54724,Women,Black,Fall,2012,Ethnic,Shree Women Black and Yellow Printed Patiala Kurta Set,109
43793,Women,Gold,Summer,2012,Ethnic,Royal Diadem White Earrings,143
30261,Men,Brown,Winter,2018,Formal,Red Tape Men Brown Formal Shoes,23
3566,Men,White,Summer,2011,Sports,ADIDAS Men's White Silver Running Shoe,26
42641,Women,Blue,Summer,2012,Ethnic,W Women Blue Kurta,87
12131,Women,Purple,Fall,2011,Ethnic,Aurelia Women Solid Purple Kurtas,87
56073,Women,Brown,Spring,2017,Casual,Colorbar Very Cherry Lip Liner /Crayon 010,134
32536,Men,Black,Spring,2017,Casual,Playboy Men Malibu Fragrance Gift Set,30
37878,Unisex,Purple,Summer,2016,Casual,Happy Socks Unisex Purple Socks,75
24453,Men,Blue,Summer,2012,Sports,Nike Men Free Run Blue Sports Shoes,26
4743,Women,Red,Summer,2011,Casual,Numero Uno Women Dna Red Shoe,3
21121,Men,Navy Blue,Fall,2011,Casual,s.Oliver Men Check Navy Blue Shirt,67
15314,Men,White,Fall,2011,Sports,ADIDAS Men Ranger White Sports Shoes,26
38830,Women,Navy Blue,Summer,2012,Casual,Latin Quarters Women Navy Blue Printed Dress,166
5691,Men,White,Winter,2015,Casual,Skechers Men's Regions Off White Shoe,3
11586,Women,Beige,Summer,2011,Ethnic,W Women Printed Beige Kurtas,87
56241,Men,Navy Blue,Summer,2016,Casual,SDL by Sweet Dreams Men Blue & Grey Pyjama Set,146
57393,Women,Multi,Winter,2015,Casual,Amante Women Pack of 6 Briefs PFCN06,21
10454,Men,Yellow,Fall,2011,Casual,Flying Machine Men Gloden Haze Yellow Tshirts,40
24661,Men,Black,Fall,2011,Casual,ADIDAS Originals Men White Casual Socks,75
21313,Women,Black,Winter,2016,Casual,Celine Dion Women Black Frame Sunglasses,113
45656,Men,Black,Summer,2016,Casual,Park Avenue Men Black Trunks,106
4571,Women,Purple,Winter,2011,Sports,Nike Women Air Max Trainer Excel Purple Sports Shoes,26
44784,Men,White,Summer,2012,Casual,Lotto Men White Torcida Shoes,26
48975,Women,Silver,Fall,2012,Casual,Lucera Women Silver Ring,54
17671,Women,Beige,Winter,2015,Casual,Catwalk Women Fancy Beige Heels,65
47101,Boys,Yellow,Fall,2012,Casual,Marvel Boys Yellow Sandals,157
6226,Men,Pink,Summer,2011,Casual,Lee Men's Medal Pink Granite T-shirt,40
35521,Men,Blue,Winter,2015,Casual,Bata Men Sandy Blue Flip Flops,81
22596,Men,Red,Fall,2011,Sports,Nike Men Red T-shirt,40
28890,Women,Pink,Summer,2012,Casual,Enamor Women Dark Pink Regular-Rise Bikini Brief,21
48149,Women,Black,Winter,2016,Casual,Fossil Women Black Wallet,170
30053,Women,Black,Winter,2016,Casual,Skagen Women Blue Dial Watch,70
2686,Women,Black,Summer,2011,Casual,Inkfruit Women's Chirfhy Black T-shirt,40
18639,Men,Navy Blue,Fall,2011,Sports,Puma Men V.11 Cat Midnight Navy Tshirts,40
54516,Men,White,Fall,2012,Sports,F Sports Men White Velocity Sports Shoes,26
12303,Men,Red,Fall,2011,Formal,Genesis Men Check Red Shirts,67
26136,Men,Black,Summer,2012,Formal,John Miller Men Black Trousers,86
31181,Men,Blue,Summer,2012,Casual,Nike Men Printed Blue T-shirt,40
3754,Men,Blue,Summer,2011,Casual,Status Quo Men's Music Revolution Blue T-shirt,40
29942,Men,Black,Winter,2016,Casual,Police Men Black Dual Dial Watch PL13076JPB-02A,70
44925,Men,Brown,Summer,2012,Casual,Jack & Jones Men Brown Jeans,86
32199,Men,Beige,Summer,2012,Ethnic,Fabindia Men Printed Beige Kurta,87
52840,Women,Red,Summer,2012,Casual,Adrika Red Earrings,143
39571,Women,Black,Winter,2015,Casual,Catwalk Women Black Flats,65
14669,Men,Blue,Fall,2011,Casual,Basics Men Blue Slim Fit Striped Shirt,67
33877,Men,Black,Winter,2016,Casual,Citizen Men Black Chronograph Dial Watch,70
58546,Women,Brown,Winter,2016,Casual,Miami Blues Women Sunglasses,113
25912,Women,Cream,Summer,2012,Casual,Femella Women Cream Leggings,161
7569,Men,Blue,Summer,2011,Sports,Nike Men's As Miler UV SS Blue T-shirt,40
18898,Women,White,Fall,2011,Casual,Arrow Woman Solid White Shirt,67
2827,Men,Black,Winter,2015,Formal,Lee Cooper Men's Formal Simpleton Black Shoe,23
28631,Men,Navy Blue,Summer,2012,Sports,Nike Men Pintuck Navy Blue Track Pants,12
49606,Women,Silver,Winter,2015,Casual,Catwalk Women Metal Grey Heels,65
8521,Unisex,Black,Summer,2011,Casual,Nike Unisex Nike Checks Black Duffle Bags,37
16902,Men,Red,Fall,2011,Casual,Status Quo Men Stripes White Tshirt,40
55259,Women,Brown,Spring,2017,Casual,Lakme Absolute Forever Silk Earth Line Eye Liner,51
19176,Men,Black,Fall,2011,Casual,United Colors of Benetton Men Check Black Shirt,67
27679,Women,Brown,Winter,2015,Casual,Murcia Women Brown Handbag,119
55857,Women,Red,Spring,2017,Casual,Colorbar Pro Kiss Me Darling Nail Lacquer 014,90
22139,Men,Black,Summer,2011,Formal,Provogue Men Black Formal Shoes,23
50519,Men,Charcoal,Summer,2016,Casual,Chromozome Men Charcoal Melange Innerwear Vest,13
28403,Women,Brown,Winter,2016,Casual,Idee Women Brown Sunglasses,113
54985,Women,Blue,Summer,2017,Casual,Femella Women Printed Blue Lounge Pants,68
6689,Unisex,White,Summer,2011,Casual,Asics Unisex 2 Pairs 5 Toes SVS White Black Socks,75
26599,Men,Blue,Summer,2012,Sports,Puma Men Faas 300 Blue Sports Shoes,26
19344,Men,Black,Fall,2011,Formal,Reid&Taylor Men Solid Black Wallet,170
22905,Men,Charcoal,Summer,2011,Formal,Mark Taylor Men Black Striped Trousers,86
49434,Unisex,Blue,Fall,2012,Casual,Vans Unisex Blue Authentic Shoes,3
8713,Unisex,Brown,Winter,2016,Casual,Fastrack Unisex Brown Sunglasses,113
2229,Men,White,Fall,2010,Sports,ADIDAS Men Sunset White Polo T-shirt,40
34860,Men,Black,Summer,2012,Casual,Vans Men Era Black Shoes,3
18296,Women,Pink,Fall,2011,Ethnic,Aneri Women Ekta Pink Kurta,87
5830,Men,White,Summer,2011,Casual,Puma Men Edition White T-shirt,40
33279,Unisex,Blue,Summer,2012,Casual,Gini and Jony Kids Unisex Blue Jeans,18
38691,Women,Purple,Summer,2015,Casual,Spice Art Women Pleated Purple Handbag,119
39743,Girls,White,Summer,2012,Casual,Gini Jony Girls Printed White Top,49
11129,Men,Blue,Fall,2011,Sports,Urban Yoga Men Solid Blue Track Pants,12
11915,Men,Brown,Summer,2014,Casual,Franco Leone Men Casual Brown Sandals,157
28067,Men,Blue,Summer,2016,Casual,Jockey ELANCE Mens Blue Trunks 1015,106
34438,Women,White,Summer,2012,Casual,Myntra Women Cute Dog White T-shirt,40
27813,Men,Brown,Summer,2013,Formal,Bulchee Men Brown & Black Reversible Belt,9
46018,Women,Green,Summer,2012,Ethnic,Fabindia Women Green Kurta,87
16768,Women,Black,Winter,2015,Casual,Spice Art Women Black Handbag,119
31976,Women,Grey,Summer,2012,Sports,Nike Women Lunarswift +3 Grey Sports Shoes,26
50941,Men,Red,Summer,2016,Casual,Parx Men Red Vest,13
30098,Men,Black,Winter,2016,Casual,Flying Machine Men Washed Black Jeans,18
48182,Women,Red,Winter,2016,Casual,Fossil Women Red Handbag,119
46824,Women,Blue,Winter,2015,Casual,Catwalk Women Blue Shoes,65
19720,Men,Black,Fall,2011,Casual,United Colors of Benetton Men Black Striped Shirt,67
49050,Women,Silver,Summer,2013,Casual,Lucera Women Silver Ring,54
8377,Men,Navy Blue,Winter,2016,Casual,Fastrack Men Navy Blue Backpack,64
51893,Women,Red,Summer,2016,Casual,Nyk Women Red Wallet,170
39327,Girls,Green,Summer,2012,Casual,Gini and Jony Girls Green Leggings,161
25778,Men,Blue,Summer,2012,Formal,Arrow Men Blue Suspenders,10
57358,Women,Purple,Winter,2015,Casual,Amante Purple Printed Push-Up Bra BGSS01,128
14803,Women,Black,Summer,2011,Casual,United Colors of Benetton Women Solid Black Handbags,119
5468,Men,White,Summer,2011,Sports,Nike Men's Lunareclipse White Shoe,26
58310,Men,Black,Summer,2016,Sports,Jockey LCESCBRA Men Pack of 3 Socks 2004,75
20804,Men,White,Fall,2010,Sports,Fila Men Streak White Sports Shoes,26
24498,Women,Brown,Fall,2011,Ethnic,Mother Earth Women Brown Printed Kurta,87
56884,Women,Black,Winter,2012,Casual,HM Women Black Heels,65
4788,Men,White,Summer,2011,Sports,ADIDAS Men's Demon White T-shirt,40
52418,Women,Off White,Winter,2015,Casual,Red Rose Women Cream Nightdress,7
41833,Men,Blue,Fall,2012,Casual,Skechers Men Blue Shoes,3
20038,Women,Beige,Fall,2011,Casual,United Colors of Benetton Women Beige Striped Tights,141
57956,Women,Green,Fall,2012,Ethnic,Prafful Green Printed Sari,20
13814,Men,Blue,Fall,2011,Casual,Proline Pack of 3 Printed T-shirts,40
28255,Men,Navy Blue,Spring,2017,Casual,Fogg Men Royal Deo,154
8979,Men,Black,Fall,2011,Sports,Puma Men Driving Power Lo SF Black Sports Shoes,26
13028,Women,Black,Winter,2012,Casual,Inc 5 Women Casual Black Heels,65
9097,Unisex,Green,Fall,2011,Casual,Converse Unisex Ct AsAll Star 08 Hi Green Casual Shoes,3
8145,Women,Pink,Winter,2016,Casual,Fastrack Women Analog Pink Blue Watch,70
7931,Men,Grey,Fall,2011,Sports,Puma Men Jersey Long Grey Track Pant,12
50189,Women,Yellow,Summer,2012,Casual,Paridhan Women Yellow Handbag,119
30850,Women,Multi,Summer,2012,Ethnic,Fabindia Women Printed Multi Coloured Kurta,87
28093,Men,Black,Summer,2016,Casual,Jockey MC Men Black Y Front Briefs 8003,21
6219,Men,White,Summer,2011,Casual,Lee Men's Quill White T-shirt,40
26935,Women,Black,Summer,2012,Casual,Jealous 21 Women Black Dress,166
49898,Unisex,White,Winter,2016,Casual,Q&Q Kids Unisex White Dial Analog Watch,70
9251,Men,Green,Fall,2011,Formal,Mark Taylor Men Green Striped Shirt,67
18606,Men,Brown,Fall,2011,Formal,New Hide Men Leather Brown Belt,9
54529,Men,Black,Fall,2012,Casual,F Sports Men Black Shoes,3
51867,Women,Black,Summer,2016,Casual,Bwitch Black Bra,128
8383,Girls,Blue,Fall,2011,Casual,Doodle Girl's Raw Edges Light Blue Teen Kidswear,40
15925,Unisex,Black,Fall,2011,Casual,ADIDAS Unisex AL Black Backpack,64
38201,Men,Gold,Winter,2016,Casual,Polaroid Men Sunglasses,113
59236,Men,Silver,Winter,2016,Casual,Titan Men Silver Watch,70
15119,Men,Grey,Fall,2012,Formal,Arrow Men Stripes Grey Trousers,86
45669,Men,White,Spring,2017,Casual,Swiss Army Men  Swiss Unlimited EDT Perfumes,38
37249,Men,Brown,Summer,2012,Casual,United Colors of Benetton Men Brown Shoes,3
1800,Unisex,Black,Summer,2011,Sports,Quechua Unisex Black Solid Backpack,64
36995,Women,Red,Summer,2012,Casual,Lino Perros Women Red Handbag,119
59838,Men,Navy Blue,Summer,2010,Casual,United Colors of Benetton Men Navy Blue Shirt,67
32509,Men,Black,Summer,2012,Formal,Franco Leone Men Formal Black Formal Shoes,23
21922,Women,Purple,Fall,2011,Ethnic,Biba Women Purple Printed Churidar Kurta with Dupatta,109
40129,Boys,Navy Blue,Summer,2012,Casual,Gini and Jony BoysCore Navy Blue Shirt,67
38033,Men,Black,Winter,2016,Casual,Q&Q Men Black Watch,70
37847,Men,Black,Summer,2012,Casual,Hidekraft Men Black Card Holder,170
56870,Women,Brown,Winter,2012,Casual,HM Women Brown Shoes,3
59004,Men,Grey,Spring,2017,Casual,Brut Men Identity Deo,154
44589,Men,Black,Summer,2012,Formal,Van Heusen Men Black and Brown Reversible Belt,9
23649,Men,White,Summer,2012,Casual,Disney Men White Printed T-shirt,40
51269,Girls,Pink,Winter,2016,Casual,Hop Scotch Girls Pink Digital Watch,70
12932,Men,Pink,Fall,2011,Casual,Classic Polo Men Insignia Pink Tshirts,40
6817,Men,Blue,Summer,2011,Casual,Timberland Men Blue Thong Flip Flops,81
18434,Women,Purple,Summer,2015,Casual,Vital Gear Women Purple Laptop Bag,46
9063,Men,Pink,Fall,2011,Formal,Mark Taylor Men Pink Striped Shirt,67
48344,Women,Silver,Fall,2012,Casual,Pitaraa Silver Fish Scale Necklace,151
3559,Men,Brown,Winter,2015,Casual,Skechers Men's Casual Brown Lifestyle Shoe,3
38457,Women,Navy Blue,Summer,2012,Casual,Baggit Women Navy Blue Handbag,119
56428,Women,Pink,Spring,2017,Casual,Streetwear FX Cutey Petutti Eye Shadow,103
45803,Women,Silver,Fall,2012,Casual,Senorita Women Silver Flats,65
39585,Women,Black,Winter,2015,Casual,Catwalk Women Black Flats,65
33883,Men,Black,Winter,2016,Casual,Citizen Men Black Dial Eco-Drive Watch,70
24834,Unisex,Black,Winter,2015,Casual,Wildcraft Unisex Black Travel Pouch,96
4318,Men,Orange,Summer,2011,Casual,Tantra Kid's Men Kya Boss Orange Kidswear,40
32951,Men,Brown,Summer,2012,Casual,ADIDAS Neo Men Court Sequence Mid Brown Shoes,3
52088,Women,Grey,Summer,2012,Casual,Myntra Women Grey T-shirt,40
59460,Women,Silver,Summer,2015,Casual,Lucera Silver Ring,54
3901,Girls,Blue,Summer,2011,Casual,Disney Kids Girl's Pooh Denim Blue Skirt,111
17018,Women,Yellow,Winter,2012,Casual,Rocia Women Casual yellow Sandal,83
19182,Men,Maroon,Fall,2011,Casual,United Colors Of Benetton Men Maroon Check Shirt,67
18050,Women,Brown,Winter,2015,Casual,Lino Perros Women Solid Brown Wallet,170
17824,Unisex,Black,Fall,2011,Casual,Nike Unisex Air Deschutz Black Sandal,157
9407,Men,White,Fall,2011,Sports,Nike Men Court White Shoe,26
48720,Women,Silver,Summer,2013,Casual,Lucera Women Silver Earrings,143
46488,Men,Black,Winter,2016,Casual,Timex Men Black Dial Chronograph Watch,70
42814,Women,Grey,Summer,2012,Casual,Little Miss Intimates Women Grey Brief,21
29525,Women,Black,Winter,2016,Casual,Playboy Women Black Dial Watch,70
54971,Women,Grey,Summer,2012,Casual,Femella Women Grey Dress,166
12758,Men,Blue,Fall,2011,Casual,Spykar Men Washed Blue Jeans,18
42028,Women,White,Fall,2012,Sports,ADIDAS Women White Sukoi Sports Shoes,26
9635,Men,White,Fall,2011,Formal,Indigo Nation Men Price catch Blue White Shirts,67
23823,Men,Blue,Summer,2012,Casual,Puma Men Breeze Blue Flip Flops,81
48512,Women,Grey,Summer,2012,Casual,French Connection Women Grey Top,49
18262,Women,Brown,Fall,2011,Ethnic,Aneri Women Himani Brown Kurta,87
38665,Men,Black,Summer,2012,Sports,Nike Men Lunarfly Black Sports Shoes,26
4916,Women,White,Summer,2011,Casual,Gini and Jony Girl's Vollie White Infant Kidswear,49
10833,Men,Red,Fall,2011,Casual,Wrangler Men Rope Embro Polo Red T-Shirt,40
53368,Unisex,Black,Summer,2012,Casual,Puma Unisex Black Backpack,64
59652,Women,Purple,Fall,2012,Ethnic,FNF Mustard & Purple Evening Wear Sari,20
21748,Unisex,Black,Fall,2011,Casual,Vans Unisex  Era  Black Casual Shoes,3
11581,Women,Yellow,Summer,2011,Ethnic,W Women Printed Yellow Kurtas,87
40323,Men,White,Summer,2012,Sports,ADIDAS Men Black Twenty2yds Sports Shoes,26
38239,Men,Brown,Winter,2016,Casual,Polaroid Men Sunglasses,113
24666,Men,Black,Summer,2012,Casual,Converse Men Lace Color Black Casual Shoes,3
10453,Men,Yellow,Fall,2011,Casual,Flying Machine Men Gloden Haze Yellow Tshirts,40
4576,Men,Grey,Summer,2011,Sports,Nike Men's Incinera Grey Shoe,26
45651,Men,Grey Melange,Summer,2016,Casual,Park Avenue Men Grey Melange Trunks,106
15121,Men,Charcoal,Fall,2011,Formal,Arrow Men Autoflex Charcoal Trousers,86
21314,Women,Purple,Winter,2016,Casual,Celine Dion Women Purple Frame Sunglasses,113
53734,Men,Grey,Summer,2012,Casual,Puma Men Grey Vintage Ferrari Shoes,3
44783,Men,White,Summer,2012,Sports,Lotto Men White & Silver Sports Shoes,26
47106,Boys,Yellow,Winter,2013,Casual,Marvel Boys Yellow Flip Flop,81
17676,Women,Black,Winter,2015,Casual,Catwalk Women Weaved Strap Black Flats,65
30868,Women,Off White,Summer,2012,Ethnic,Fabindia Women Off White Kurta,87
48972,Women,Silver,Summer,2012,Casual,Lucera Women Gold Ring,54
22591,Men,Grey,Fall,2011,Casual,Nike Men Stripes Grey Sweatshirt,16
54511,Women,Grey,Summer,2012,Casual,Lino Perros Women Grey Handbag,119
30054,Men,White,Winter,2016,Casual,Skagen Men White Dial Watch,70
2681,Men,Black,Summer,2011,Casual,Inkfruit Men's Serial Black T-shirt,40
9269,Men,Maroon,Fall,2011,Casual,Scullers Men Scul Maroon Shirts,67
28897,Women,Purple,Summer,2014,Casual,Enamor Women Purple Mid-Rise Bikini Brief,21
29945,Men,Black,Winter,2016,Casual,Police Men Black Dial Watch PL13088JSB-02,70
31186,Men,Black,Summer,2015,Casual,Cabarelli Men Accessory Gift Set,156
3753,Men,Black,Summer,2011,Casual,Status Quo Men's Music Revolution Black T-shirt,40
12304,Men,Red,Fall,2011,Formal,Genesis Men Stripes Red Shirts,67
17444,Men,Silver,Winter,2016,Casual,Casio Enticer Men Silver-Toned Dial Chronograph Watch BS062,70
50383,Women,Red,Summer,2012,Ethnic,Vishudh Women Printed Red Salwar and Dupatta,127
9867,Men,Black,Fall,2011,Casual,Status Quo Men Stripes Black Tshirts,40
28299,Men,Metallic,Winter,2016,Casual,Fastrack Men Metallic Sunglasses,113
23671,Men,White,Fall,2011,Casual,Spykar Men White T-shirt,40
6013,Men,White,Summer,2011,Casual,Highlander Men White Purple Black Grey Checked Shirt,67
47334,Women,Olive,Fall,2012,Casual,Baggit Women Olive Handbag,119
35714,Women,Grey,Summer,2012,Sports,Force 10 Women Grey Sports Shoes,26
30266,Men,Black,Summer,2017,Casual,Speedo Men Sheet Sunglasses,113
43794,Women,Green,Summer,2012,Ethnic,Royal Diadem Gold & Green Earrings,143
54723,Women,Magenta,Summer,2012,Ethnic,Shree Women Magenta and Yellow Printed Patiala Kurta Set,109
26303,Men,Blue,Summer,2012,Casual,Proline Men Blue Striped Polo T-shirt,40
12136,Women,Black,Fall,2011,Ethnic,Aurelia Women Solid Black Kurtas,87
42646,Women,Cream,Summer,2012,Ethnic,Alma Women Cream Printed Kurta,87
3561,Men,Black,Winter,2015,Casual,Skechers Men's Zeta Black Lifestyle Casual Shoe,3
8189,Men,Blue,Summer,2011,Casual,Locomotive Men Solid Poplin Laird Blue Shirts,67
32531,Men,Black,Spring,2017,Casual,Tonino Lamborghini Men Pack of 3 Deos,154
56074,Women,Brown,Spring,2017,Casual,Colorbar Nude Pink Lip Liner/Crayon 007,134
24454,Men,White,Summer,2012,Casual,Nike Men Court Majestic White Casual Shoes,3
10661,Women,Blue,Fall,2011,Casual,Doodle Girl Hot  Ice Wash Blue Shorts,47
40111,Unisex,Black,Spring,2013,Casual,ADIDAS Unisex Black Cap,93
15313,Men,White,Fall,2011,Sports,ADIDAS Men Aerostar White Sports Shoes,26
21126,Women,White,Fall,2011,Casual,s.Oliver Women White Shirt,67
4744,Men,Navy Blue,Summer,2011,Sports,ADIDAS Men's Blue Polo T-shirt,40
5696,Men,Brown,Winter,2015,Casual,Skechers Men Genesis Brown Shoe,3
53506,Women,Black,Winter,2015,Casual,Amante Black Full-Coverage Bra BFOM12,128
38837,Women,Pink,Fall,2012,Casual,Latin Quarters Women Pink Printed Dress,166
46682,Men,Silver,Spring,2017,Casual,Rasasi Men Emotion Perfume,38
51635,Women,White,Winter,2016,Casual,Fossil Women White Dial Chronograph Watch CH2824,70
3939,Women,Purple,Summer,2011,Casual,Jealous 21 Women's Lavender Trendy T-shirt,40
17020,Women,Tan,Winter,2012,Casual,Rocia Women Casual Tan Sandal,83
23215,Women,Black,Fall,2011,Ethnic,Aneri Women Nivedita Black Kurta,87
6477,Men,White,Summer,2011,Casual,ADIDAS Men Top White Jacket,145
18854,Men,White,Fall,2011,Casual,Puma Men Athletic White Polo Tshirt,40
55295,Women,Pink,Spring,2017,Casual,Lakme Absolute Berryshine Plump & Shine Lip Gloss,59
42222,Women,Grey,Summer,2012,Casual,Sepia Women Grey Tunic,148
3105,Men,Pink,Summer,2011,Casual,Probase Men's Wtf Pink T-Shirt,40
30602,Boys,Black,Summer,2012,Sports,Nike Boys Basketball Black Shorts,47
48718,Women,Silver,Summer,2013,Casual,Lucera Women Silver Earrings,143
13480,Women,Black,Spring,2013,Casual,Rocia Women Black Flats,83
10205,Women,Brown,Winter,2015,Casual,Murcia Women Rubena Brown Handbags,119
40575,Women,White,Summer,2012,Ethnic,W Women White Kurta,87
33087,Women,Brown,Winter,2015,Casual,Catwalk Women Brown Flats,65
56410,Men,Brown,Summer,2013,Casual,GAS Men Brown Casual Shoes,3
20490,Women,Brown,Winter,2015,Casual,Baggit Women Knotty Taj Brown Handbag,119
59458,Women,Silver,Summer,2015,Casual,Lucera Silver Ring,54
15777,Men,Red,Summer,2016,Casual,Facit Men Stringz Red Briefs,21
32969,Men,Blue,Summer,2012,Casual,Angry Birds Men Printed Blue T-shirt,40
4320,Unisex,Orange,Summer,2011,Casual,Tantra Kid's Unisex Good Morning Orange Kidswear,40
45007,Men,Black,Winter,2016,Casual,Maxima Men Scuba Digital Watch,70
40747,Women,Beige,Winter,2012,Casual,Roxy Women Beige Cap,93
24202,Men,Blue,Summer,2012,Casual,Deni Yo Men Slim Fit Blue Jeans,18
10037,Men,Silver,Fall,2011,Sports,Reebok Men Premier ultra 8 U-form Silver Sports Shoes,26
56622,Women,White,Spring,2017,Casual,Olay Women Natural White Light All in One Fairness Day Cream 40g,42
32367,Men,Black,Winter,2016,Casual,Q&Q Men Black Dial Watch,70
41695,Men,Navy Blue,Summer,2012,Casual,Superman Men Navy Blue Printed Shorts,47
14497,Men,Green,Fall,2011,Casual,Flying Machine Men Casual Green Casual Shoes,3
4112,Men,Green,Summer,2013,Casual,Fila Men Motor Sports Olive Black Sandals,157
45235,Men,Black,Winter,2016,Casual,CASIO YOUTH Men Black Dial Analgue & Digital Watch AD92,70
15545,Women,Black,Winter,2015,Casual,Catwalk Women Casual Black Flats,65
21770,Men,Black,Fall,2011,Casual,Fossil Men Kyle Black Belt,9
51407,Men,Blue,Summer,2012,Formal,Myntra Men Blue Shirt,67
7797,Men,Black,Fall,2011,Casual,Puma Men's First Round Takeahike Black Yellow Shoe,3
35142,Women,Black,Summer,2012,Casual,Allen Solly Woman Black Clutch,119
6645,Women,Grey,Summer,2011,Sports,Nike Women's Serenity Grey Shoe,26
34090,Men,Navy Blue,Fall,2012,Casual,Numero Uno Men Navy Leather Shoes,3
54949,Men,Grey Melange,Summer,2012,Casual,Do u speak green Men Grey Sweatshirt,16
47562,Women,White,Winter,2012,Casual,Portia Women White Sandals,65
17212,Men,Black,Winter,2016,Casual,United Colors of Benetton Men Funky Eyewear Black Sunglasses,113
23027,Men,Blue,Fall,2011,Formal,Arrow Men Blue Striped Shirt,67
42010,Men,Brown,Summer,2015,Casual,Estd. 1977 Men Brown Sandals,157
3337,Men,Black,Summer,2011,Casual,Myntra Hero Within Black T-shirt,40
26555,Men,Black,Fall,2012,Casual,ID Men Black & Purple Shoes,3
19388,Men,Green,Summer,2011,Sports,ADIDAS Men Green South Africa Cricket Jersey,40
12760,Women,Blue,Summer,2011,Casual,Spykar Women Blue Washed Jeans,18
54175,Women,Gold,Fall,2012,Casual,Femella Golden Necklace,151
27487,Women,Blue,Winter,2015,Casual,Jockey Women Blue Bikini Briefs,21
46676,Women,Pink,Spring,2017,Casual,Rasasi Women Pack of 3 Perfumes,38
35384,Boys,Black,Summer,2012,Casual,Enroute Teens Black Shoes,3
7551,Men,White,Summer,2011,Sports,Nike Men's As Walkthrough White T-shirt,40
16106,Women,Brown,Winter,2016,Casual,M tv Women My Fab Eyewear Brown Sunglasses,113
50713,Boys,Yellow,Summer,2012,Casual,Doodle Boys Yellow Printed T-Shirt,40
28609,Men,Grey,Summer,2012,Casual,Nike Men Classic Swoosh Grey Cap,93
34256,Men,Black,Summer,2013,Sports,Proline Men Black Solid Tracksuits,101
6483,Men,Black,Winter,2018,Formal,Red Tape Men's Formal Lace Black Shoe,23
26793,Men,Lavender,Summer,2013,Formal,Arrow Men Lavender Shirt,67
55261,Women,Olive,Spring,2017,Casual,Lakme Absolute Forever Silk Gypsy Green Eye Liner,51
8519,Women,Pink,Summer,2011,Casual,Nike Women Nike Pink-Blue tote Pink Bags,119
31724,Women,Silver,Winter,2016,Ethnic,Fabindia Women Ananya Silver Pendant,129
2023,Men,Grey,Fall,2010,Sports,ADIDAS Mens Chrome Graphic T-shirt,40
43304,Women,White,Summer,2012,Casual,United Colors of Benetton Women White Shirt,67
13474,Women,Gold,Fall,2011,Casual,Rocia Women Gold Toned Flats,83
57536,Men,Black,Summer,2010,Casual,Flying Machine Men Black Belt,9
40581,Women,Black,Summer,2012,Ethnic,Aurelia Women Black Kurta,87
33073,Men,Green,Summer,2012,Casual,U.S.Polo Assn. Men Green Polo T-shirt,40
39549,Women,Green,Summer,2012,Casual,Hidekraft Women Green Handbag,119
52878,Women,Red,Summer,2012,Ethnic,FNF Red Sari,20
41453,Men,White,Fall,2012,Casual,Lee Cooper Men White Shoes,3
11323,Men,Blue,Fall,2011,Casual,United Colors of Benetton Men Washed Blue Jeans,18
25116,Women,Silver,Winter,2015,Casual,Lino Perros Women Beads Silver Clutch,50
20464,Women,Purple,Winter,2015,Casual,Baggit Women Famous Taj Purple Wallet,170
14651,Men,Green,Fall,2011,Casual,Probase Men Punk Green Tshirts,40
15783,Men,Brown,Summer,2016,Casual,Facit Men Brown Briefs,21
52044,Unisex,Black,Summer,2012,NA,Just Natural Unisex Black and Olive Reversible Rain Jacket,35
36501,Women,White,Summer,2012,Ethnic,Folklore Women White Printed Kurta,87
33241,Men,Blue,Summer,2012,Formal,Arrow Men Blue Striped Shirt,67
57704,Women,Cream,Spring,2017,NA,Lotus Herbals Cocomoist Moisturising Lotion,42
5808,Women,Navy Blue,Summer,2011,Casual,Jealous 21 Women Navy Blue Top,49
11111,Men,White,Fall,2011,Formal,Indigo Nation Men Check White Shirts,67
25324,Men,Black,Winter,2016,Casual,Casio Edifice Men Silver Analogue Watches (ED418) EF-130D-1A4VDF,70
32393,Women,Blue,Summer,2012,Formal,Arrow Woman Blue Shirt,67
41661,Men,Blue,Summer,2012,Formal,Mark Taylor Men Blue Striped Shirt,67
44313,Men,Beige,Summer,2012,Casual,Indian Terrain Men Beige Trousers,86
36733,Women,White,Summer,2012,Casual,Skypar Women White Printed T-shirt,40
22101,Men,Grey,Fall,2011,Casual,Flying Machine Men Grey Casual Shoes,3
16334,Men,Peach,Fall,2011,Formal,Peter England Men Stripes Peach Shirt,67
46444,Men,Black,Winter,2016,Casual,Timex Men Black Dial Watch,70
7763,Men,Blue,Fall,2011,Casual,Inkfruit Men's Secret Behing Royal Blue Black T-shirt,40
34064,Girls,Blue,Summer,2012,Casual,Gini and Jony Girls Printed Teal Dress,166
47596,Women,White,Winter,2012,Casual,Portia Women White Sandals,65
50521,Men,Red,Summer,2016,Casual,Chromozome Men Red Innerwear Vest,13
55053,Women,Brown,Spring,2017,NA,Lakme Enrich Satins Lipstick 133,98
12794,Women,Pink,Fall,2011,Casual,Nike Women White Print Pink Tshirts,40
13646,Men,Beige,Fall,2011,Casual,Carlton London Men Casual Beige Casual Shoes,3
34858,Men,Grey,Summer,2012,Casual,Vans Men Classic Slip-On Grey Shoes,3
27473,Women,Beige,Winter,2015,Casual,Jockey Women Beige Essence Bra 2001,128
2211,Men,Navy Blue,Fall,2010,Casual,Puma Men Trek Navy Blue Floater,157
11575,Women,White,Summer,2011,Ethnic,W Women Printed White Kurtas,87
25740,Men,Black,Fall,2011,Casual,Wrangler Men Casual Black Wallet,170
33625,Women,Green,Summer,2012,Casual,Lino Perros Women Green Wallet,170
24692,Men,Black,Fall,2011,Casual,Locomotive Men Black Jeans,18
57360,Women,Black,Winter,2015,Casual,Amante Black Printed Full-Coverage Bra BGSW02,128
36357,Men,Navy Blue,Summer,2012,Formal,Reid & Taylor Men Navy Blue Tie,132
4582,Unisex,Orange,Winter,2018,Casual,Wildcraft Unisex Orange Daypack A4 Backpack,64
20232,Women,Blue,Fall,2011,Casual,Wrangler Women Felt Blue Sweater,155
14007,Men,White,Fall,2011,Casual,Nike Men Printed White Tshirts,40
58328,Men,Blue,Summer,2012,Casual,Lotto Men Blue Flip Flops,81
44777,Men,Grey,Summer,2012,Casual,Lotto Men Grey Dolce Vita Shoes,3
37285,Women,Blue,Summer,2012,Casual,Tantra Women Blue Shopping T-shirt,40
5450,Men,Blue,Summer,2011,Sports,Nike Men's Blue Short,47
34400,Men,Black,Summer,2012,Casual,Myntra Men Planet Earth Black T-shirt,40
50145,Women,Black,Winter,2012,Casual,Rocia Women Black Flats,65
17682,Women,Blue,Winter,2015,Casual,Catwalk Women Closed Blue Casual Shoe,3
22565,Women,Purple,Winter,2015,Casual,Lino Perros Purple Women Casual Sling Bag,119
16750,Women,Beige,Winter,2015,Casual,Spice Art Women Gun Metal Leatherette Metallic Clutch,50
46020,Women,Orange,Summer,2012,Ethnic,Fabindia Women Orange Kurti,115
7307,Women,White,Summer,2011,Casual,UCB Women Sleeveless White Top,49
13222,Men,Blue,Fall,2011,Casual,Palm Tree Kids Boys Washed Blue Shorts,47
27017,Women,Blue,Summer,2012,Casual,Jealous 21 Women Blue Jeans,18
2675,Men,Black,Summer,2011,Casual,Inkfruit Men's Zeppelin Black T-shirt,40
50979,Women,Peach,Summer,2017,Casual,Enamor Peach Lift Bra,128
43552,Unisex,Blue,Summer,2012,Casual,Puma Unisex Blue Complete Running Cap,93
28863,Men,Grey,Summer,2012,Casual,Proline Men Grey Striped Polo T-shirt,40
49068,Women,Orange,Summer,2012,Casual,Lino Perros Women Orange Handbag,119
31172,Girls,Peach,Summer,2012,Casual,Gini and Jony Girls Peach Top,49
55437,Women,Peach,Spring,2017,Casual,Revlon Peach Colorburst Lipstick 075,98
19718,Men,Blue,Fall,2011,Casual,United Colors of Benetton Men Blue Shirt,67
50377,Men,Brown,Summer,2012,Casual,Woodland Men Brown Shoes,3
23685,Unisex,Brown,Fall,2011,Casual,Newhide Brown Unisex Antique Passport Holder,170
34632,Men,Grey,Summer,2012,Sports,Lotto Men Dolce Vita II Grey Sports Shoes,26
46212,Women,Yellow,Winter,2015,Casual,Adrika Women Yellow Bangle,8
7135,Women,White,Fall,2011,Casual,Urban Yoga Women's White T-shirt,40
22757,Women,Blue,Fall,2011,Ethnic,BIBA Women Solid Blue Kurta,87
8941,Men,Blue,Fall,2011,Casual,Indigo Nation Men Reversible Bling Blue Shirts,67
30292,Men,Off White,Summer,2012,Casual,Myntra Men Street Legend Off White T-shirt,40
48388,Men,Blue,Summer,2012,Casual,French Connection Men Blue Jeans,18
43760,Women,Gold,Summer,2012,Ethnic,Royal Diadem Golden Earrings,143
27225,Girls,Pink,Summer,2012,Casual,Doodle Girls Printed Pink Dress,166
7909,Men,Navy Blue,Fall,2011,Casual,Proline Men Navy & Cream Striped Polo T-shirt,40
3595,Men,Red,Summer,2011,Casual,Converse Men's Chuck Taylor Big Check Red Black Canvas Shoe,3
31340,Men,Blue,Summer,2012,Casual,Locomotive Men Washed Blue Jeans,18
56080,Women,Red,Spring,2017,Casual,Colorbar Star Shine Coral Glaze Lip Gloss 016,59
25572,Men,Silver,Summer,2012,Sports,Fila Men Superior Silver Sports Shoes,26
57152,Women,Sea Green,Summer,2012,Casual,Elle Women Sea Green T-shirt,40
33417,Women,Brown,Summer,2012,Casual,Baggit Women Brown Wallet,170
58926,Women,Multi,Summer,2012,Casual,Ivory Tag Multi Coloured Vintage Patched Handbag,119
52420,Women,Cream,Winter,2015,Casual,Red Rose Women Cream & Blue Nightdress,7
44545,Men,Brown,Summer,2012,Casual,Coolers Men Brown Sandals,157
5662,Men,Orange,Summer,2011,Casual,Tantra Men's Absolut Bangalore Mustard T-shirt,40
20000,Men,White,Summer,2011,Casual,United Colors of Benetton Men White Solid T-shirt,40
51438,Women,Off White,Summer,2012,Casual,Myntra Women Printed White Top,49
29522,Women,Silver,Winter,2016,Casual,Playboy Women Silver Dial Watch,70
42813,Women,Navy Blue,Summer,2012,Casual,Little Miss Intimates Women Navy Blue Brief,21
54976,Women,Pink,Summer,2012,Casual,Femella Women Pink Dress,166
3308,Men,White,Spring,2011,Sports,Asics Men's Gel Cushioning Running White Black Yellow Shoe,26
55098,Women,Cream,Spring,2017,Casual,Ponds Gold Radiance Youthful Night Repair Moisturiser,42
35941,Women,Charcoal,Summer,2012,Casual,Flying Machine Women Viscose Charcoal Capris,61
18265,Women,Pink,Fall,2011,Ethnic,Aneri Women Swara Pink Kurta,87
48515,Women,Orange,Summer,2012,Casual,French Connection Women Coral Top,49
23824,Men,Black,Summer,2012,Casual,Puma Men Java Black Flip Flops,81
9632,Men,Black,Fall,2011,Casual,Indigo Nation Men Stripes Shirt Black Shirts,67
38662,Men,Blue,Summer,2012,Sports,Nike Men T90 Shoot IV Hg-B Blue Sports Shoes,26
40778,Men,Black,Summer,2012,Casual,Quiksilver Men Black Flip Flops,81
10008,Men,Navy Blue,Fall,2011,Sports,Nike Men Town Navy Blue T-Shirts,40
4911,Women,Pink,Summer,2011,Casual,Levis Kids Girl's Dionne Pink Kidswear,49
32358,Men,White,Winter,2016,Casual,Q&Q Men White Dial Watch,70
10834,Men,Grey,Fall,2011,Casual,Wrangler Men Grey Polo Tshirts,40
59655,Women,Green,Fall,2012,Ethnic,FNF Purple Printed Evening Wear Sari,20
38450,Women,Purple,Summer,2012,Casual,Baggit Women Purple Handbag,119
53961,Women,Grey,Summer,2012,Casual,Kiara Women Grey Handbag,119
39582,Women,Brown,Winter,2015,Casual,Catwalk Women Brown Flats,65
45804,Women,Black,Summer,2012,Casual,Senorita Women Black Flats,65
37418,Women,Multi,Summer,2012,Casual,Murcia Women Multi Handbag,119
24833,Unisex,Red,Winter,2015,Casual,Wildcraft Unisex Red Backpack,64
33884,Men,Black,Winter,2016,Casual,Citizen Men Black Dial Eco-Drive Watch,70
59467,Women,Silver,Summer,2015,Casual,Lucera Silver Ring,54
15748,Men,Black,Fall,2011,Casual,Highlander Men Classic Chinos Black Trousers,86
45038,Men,Black,Winter,2016,Casual,Maxima Men Black Attivo Watch,70
3906,Women,Black,Summer,2011,Casual,Urban Yoga Women's Fitted Yoga Black Track Pant,12
6448,Men,Brown,Summer,2011,Casual,Lotto Men's Calcetto Brown Shoe,3
19185,Men,Blue,Fall,2011,Casual,United Colors of Benetton Men Check Blue Shirt,67
17823,Men,White,Fall,2011,Casual,Nike Men  Court Majestic White Casual Shoe,3
9400,Men,Black,Fall,2011,Sports,Nike Men Dual Fusion Black TR II Sports Shoes,26
18057,Women,Purple,Winter,2015,Casual,Lino Perros Women Solid Purple Wallet,170
21925,Women,Blue,Fall,2011,Ethnic,BIBA Women Printed Multi Kurta,87
36992,Women,Grey,Summer,2012,Casual,Lino Perros Women Grey Handbag,119
38034,Men,Black,Winter,2016,Casual,Q&Q Men Black Watch,70
21119,Men,Black,Fall,2011,Casual,s.Oliver Men Black Sweater,155
59003,Men,Blue,Spring,2017,Casual,Brut Men Oceans Deo,154
56877,Women,Gold,Winter,2012,Casual,HM Women Golden Heels,65
53539,Women,Maroon,Winter,2015,Casual,Amante Women Pack of 2 Bikini Briefs PFFL01,21
38808,Men,Blue,Summer,2012,Casual,Music Men Blue Printed T-shirt,40
9858,Men,Blue,Fall,2011,Casual,Status Quo Men Blue Polo Tshirts,40
12935,Men,Blue,Fall,2011,Casual,Classic Polo Men Classic Stripes  Turquoise Blue Tshirts,40
48343,Women,Gold,Fall,2012,Casual,Pitaraa Golden Fish Scale Necklace,151
30259,Men,Navy Blue,Winter,2018,Casual,Red Tape Men Navy Blue Shoes,3
9064,Men,Blue,Fall,2011,Formal,Mark Taylor Men Blue Striped Shirt,67
6810,Men,Brown,Fall,2012,Casual,Timberland Men Earthkeeper Burnsh Medium Brown Shoe,3
18433,Unisex,Brown,Fall,2011,Casual,Vital Gear Unisex Daypack Brown Backpack,64
12109,Women,White,Fall,2011,Ethnic,W Women Printed White Kurtis,115
42679,Women,Beige,Summer,2012,Ethnic,Alma Women Beige Printed Kurta,87
47139,Women,Pink,Summer,2015,Casual,Be For Bag Women Combo pack Tote Bags,119
28094,Men,Charcoal,Summer,2016,Casual,Jockey MC Men Charcoal Grey Y Front Briefs 8003,21
17649,Unisex,Green,Summer,2012,Casual,Converse Unisex Casual Green Slipper,81
30857,Women,Red,Summer,2012,Ethnic,Fabindia Women Red Khadi Bijli Kurta,87
31985,Men,Khaki,Summer,2012,Casual,Woodland Men Khaki Shoes,3
26932,Women,Off White,Summer,2012,Casual,Jealous 21 Women Off White Top,49
18601,Men,Black,Fall,2011,Sports,Puma Men Black Roque Sandals,157
48171,Women,Purple,Winter,2016,Casual,Fossil Women Multicoloured Wallet,170
9256,Men,Blue,Fall,2011,Formal,Mark Taylor Men Blue Striped Shirt,67
51860,Men,Navy Blue,Fall,2012,Casual,Locomotive Men Navy Striped Shirt,67
8384,Girls,Orange,Fall,2011,Casual,Doodle Girl's Hippie Chic Orange Kidswear,40
56279,Women,White,Winter,2015,Casual,Biara White Everyday Support Bra MW 1002,128
15922,Unisex,Brown,Fall,2011,Casual,ADIDAS Unisex ADP1810 Brown Backpack,64
38206,Women,Gold,Winter,2016,Casual,Polaroid Women Sunglasses,113
24659,Men,Black,Fall,2011,Casual,ADIDAS Originals Men Black Casual Socks,75
4549,Men,White,Summer,2011,Sports,Nike Men's Air Dictate White Shoe,26
59231,Men,White,Winter,2016,Casual,Titan Men White Dial Watch,70
1807,Men,Red,Fall,2010,Casual,Quechua Men G1 Techfresh Red T-shirt,40
41008,Girls,Navy Blue,Summer,2012,Casual,Gini and Jony Girls Woven Navy Blue Jeans,18
11778,Men,Grey,Fall,2011,Casual,Lee Men Solid Grey Tshirts,40
33428,Women,Purple,Summer,2012,Casual,Baggit Women Motto Taj Purple Sling Bag,119
58919,Men,Purple,Summer,2017,Casual,Hakashi Men Purple Silk Tie,132
41834,Men,Black,Spring,2013,Casual,Skechers Men Black Shoes,3
56883,Women,Silver,Winter,2012,Casual,HM Women Silver Heels,65
37088,Women,Beige,Summer,2012,Casual,Lino Perros Women Beige Handbag,119
28252,Men,Brown,Spring,2017,Casual,Wild stone Men Night Rider Deo,154
50348,Women,Blue,Summer,2012,Ethnic,Aurelia Women Blue Kurta,87
13813,Men,Navy Blue,Fall,2011,Casual,Proline Men Navy Blue Polo T-Shirt,40
22768,Women,Grey,Summer,2011,Ethnic,BIBA Women Printed Grey Kurta,87
2478,Men,Green,Fall,2010,Casual,Puma Men's Island Green T-shirt,40
9090,Men,Black,Winter,2011,Casual,Buckaroo Men Valle Black Casual Shoes,3
19515,Men,Blue,Fall,2011,Casual,United Colors of Benetton Men Solid Blue Sweater,155
7936,Men,White,Fall,2011,Sports,Puma Men's Glitch Music TV White T-shirt,40
8142,Women,Black,Winter,2016,Casual,Fastrack Women Navy Dial Watch,70
27814,Men,Black,Summer,2013,Formal,Bulchee Men Brown & Black Reversible Belt,9
28060,Men,Navy Blue,Summer,2016,Casual,Jockey ELANCE Men Pack Of 2 Briefs 1010,21
31971,Men,Navy Blue,Summer,2012,Sports,Nike Men Dual Fusion TR II Navy Blue Sports Shoes,26
27028,Women,Blue,Summer,2012,Casual,Jealous 21 Women Blue Capris,61
48185,Women,Beige,Winter,2016,Casual,Fossil Women Beige Maddox Handbag,119
50946,Women,Blue,Winter,2011,Casual,Lee Womens Blue Roxy Fit Jeans,18
3798,Men,Navy Blue,Spring,2013,Casual,Converse Men's As Canvas Ox Navy Blue Shoe,3
51894,Women,Mushroom Brown,Summer,2016,Casual,Nyk Women Mushroom Brown Wallet,170
49057,Women,Silver,Summer,2013,Casual,Lucera Women Silver Ring,54
55408,Women,Brown,Spring,2017,Casual,Revlon ColorStay Overtime Faithful Fawn Lip Color 320,59
19727,Women,White,Summer,2011,Casual,United Colors of Benetton Women Solid White Shirt,67
46823,Women,Red,Winter,2015,Casual,Catwalk Women Red Flats,65
39320,Boys,Navy Blue,Summer,2012,Casual,Gini and Jony Boys Navy Blue Shorts,47
14804,Women,Black,Summer,2011,Casual,United Colors of Benetton Women Solid Black Handbags,119
10498,Women,Navy Blue,Fall,2011,Casual,Flying Machine Women RN Blue Tops,49
36368,Men,Blue,Summer,2012,Formal,Reid & Taylor Men Blue Tie,132
14038,Men,Red,Fall,2011,Casual,Flying Machine Men Check Red Shirts,67
58317,Men,White,Summer,2016,Sports,Jockey LCESCBRA Men White Pack of 3 Socks 2004,75
44748,Men,White,Summer,2012,Casual,Globalite Men White Dribble Shoes,3
55850,Women,Orange,Spring,2017,Casual,Colorbar Pro Sunset Nail Lacquer 0380,90
35189,Unisex,Red,Summer,2015,Casual,Wildcraft Unisex Red Solid Backpack,64
54982,Women,Blue,Summer,2017,Casual,Femella Women Printed Blue Lounge Pants,68
28404,Men,Black,Winter,2016,Casual,Idee Men Black Sunglasses,113
43935,Women,White,Winter,2012,Casual,Catwalk Women White Heels,65
8714,Unisex,Black,Winter,2016,Casual,Fastrack Unisex Fastrack Black sunglass with Black frame Black Sunglasses,113
49433,Unisex,Black,Summer,2012,Casual,Vans Unisex Black Casual Shoes,3
19343,Men,Black,Fall,2011,Formal,Reid&Taylor Men Solid Black Wallet,170
18291,Women,Multi,Fall,2011,Ethnic,Aneri Women Shabana Multi Kurta,87
13679,Men,White,Spring,2013,Sports,ADIDAS Men Court Switch Sports Shoes,26
34867,Women,Black,Summer,2012,Casual,Envirosax Women Black Bag,119
43109,Women,Blue,Spring,2017,Casual,Paris Hilton Women Fairy Dust Perfume,38
38696,Women,Mustard,Summer,2015,Casual,Spice Art Women Checks Design Mustard Handbag,119
5837,Men,Red,Summer,2011,Casual,Puma Men's Pop Graphic Red T-shirt,40
39744,Girls,White,Summer,2012,Casual,Gini Jony Girls Printed White Top,49
20669,Men,Red,Fall,2011,Casual,Classic Polo Men Striped Red Tshirt,40
11912,Men,Maroon,Summer,2011,Casual,Franco Leone Men Casual Maroon Sandals,157
57509,Men,Black,Fall,2012,Casual,Provogue Men Black Casual Shoes,3
44922,Men,Red,Summer,2012,Casual,Puma Men Red Cat Logo Shorts,47
39576,Women,Black,Winter,2015,Casual,Catwalk Women Black Flats,65
52847,Women,Red,Summer,2012,Casual,Adrika Red Earrings,143
25129,Women,Gold,Winter,2015,Casual,Lino Perros Women Gems Gold Clutch,50
5239,Men,White,Summer,2011,Sports,Reebok Men's Zigfuel White Shoe,26
58541,Men,Black,Winter,2016,Casual,Miami Blues Men Sunglasses,113
33870,Men,Black,Winter,2016,Casual,Citizen Men Black Dial Chronograph Watch AN3420-51L,70
21589,Women,Black,Summer,2011,Sports,Nabaiji Women Solid Black Swimsuit,91
25915,Women,Grey,Summer,2012,Casual,Femella Women Grey Leggings,161
46649,Women,Green,Spring,2017,Casual,Rasasi Women Confidence Deo,154
16139,Women,White,Fall,2011,Casual,Tokyo Talkies Women Printed White Top,49
28636,Men,Black,Summer,2012,Casual,Nike Men The Overplay VI Black Shoes,26
2820,Men,Black,Summer,2012,Formal,Lee Cooper Men Formal Leather Black Sandal,157
34269,Women,Mauve,Summer,2012,Ethnic,Fabindia Women Mauve Silk Dupatta,6
19171,Men,Grey,Fall,2011,Casual,United Colors of Benetton Men Printed Grey Sweatshirt,16
12599,Unisex,Green,Fall,2011,Casual,Tantra Unisex Printed Green Tshirts,40
8526,Women,Black,Summer,2011,Sports,Nike Women Nike Womens Downshifter 3 MSL Black Sports Shoes,26
16905,Men,Green,Fall,2011,Casual,Status Quo Men Solid Green Sweatshirt,16
49601,Women,Beige,Winter,2015,Casual,Catwalk Women Beige Flats,65
32163,Women,Lavender,Summer,2017,Casual,Playboy Women Playmate Lavender Ankle Socks,75
24006,Men,White,Summer,2012,Casual,Regent Polo Club Men White Striped Shirt,67
40543,Women,Silver,Winter,2016,Casual,Titan Women Silver Dial Watch,70
38459,Women,Silver,Fall,2012,Casual,Baggit Women Silver Clutch,50
15741,Men,Grey,Fall,2011,Sports,Nike Men Lunarglide + Shield Grey Sports Shoes,26
52086,Women,Red,Summer,2012,Casual,Myntra Women Red T-shirt,40
21574,Men,Multi,Winter,2015,Casual,Lino Perros Men Pack of Five Striped Socks,75
4316,Unisex,Black,Summer,2011,Casual,Tantra Kid's Unisex Play To Win Black Kidswear,40
45031,Men,White,Winter,2016,Casual,Maxima Men White Watch,70
37411,Women,Brown,Summer,2012,Casual,Murcia Women Basket Thatch Brown Handbag,119
14693,Men,Black,Fall,2011,Casual,Basics Men Black Trousers,86
17016,Women,White,Winter,2012,Casual,Rocia Women Casual White Sandal,83
23223,Women,Rust,Fall,2011,Ethnic,Aneri Women Jwala Rust Kurta,87
6441,Men,White,Summer,2011,Casual,Lotto Men's Calcetto White Red Shoe,3
18862,Men,Navy Blue,Fall,2011,Casual,Puma Men Graffiti Navy Blue Polo Tshirt,40
34294,Women,White,Summer,2012,Ethnic,Fabindia Women Printed Off White Dupatta,6
7593,Men,White,Summer,2011,Sports,Nike Men Zoom Vapor 8 White Red Shoe,26
51603,Women,Beige,Fall,2012,Casual,Kraus Jeans Women Beige Trousers,86
30634,Men,Black,Summer,2012,Casual,Nike Men Black Shorts,47
9409,Unisex,Brown,Winter,2016,Casual,Fastrack Unisex Brown Sunglasses,113
27683,Women,White,Winter,2015,Casual,Murcia Women White Handbag,119
42214,Women,White,Summer,2012,Casual,Sepia Women White Top,49
6673,Men,White,Summer,2011,Sports,Nike Men's Air Pegasus 27 White Grey Shoe,26
47554,Women,Red,Winter,2012,Casual,Portia Women Red Heels,65
17224,Men,Blue,Winter,2016,Casual,United Colors of Benetton Men Funky Eyewear Blue Sunglasses,113
51431,Men,Blue,Summer,2012,Formal,Myntra Men Blue Shirt,67
46486,Men,Black,Winter,2016,Casual,Timex Men Black Dial Chronograph Watch,70
35174,Unisex,Black,Summer,2015,Casual,Wildcraft Unisex Black Printed Laptop Backpack,64
13684,Men,Black,Fall,2011,Casual,ADIDAS Men Dash Casual Shoes,3
54143,Women,Black,Winter,2012,Casual,Rocia Women Black Sandals,65
42026,Women,White,Summer,2012,Sports,ADIDAS Women White Bolt Sports Shoes,26
3301,Women,White,Spring,2011,Sports,Asics Women Gel Cushioning White Pink Shoe,26
26563,Men,Tan,Summer,2012,Casual,Lee Cooper Men Tan Shoes,3
4918,Women,Pink,Summer,2011,Casual,Gini and Jony Girls Vollie Pink Top,49
56614,Women,Peach,Spring,2017,NA,Streetwear True Color Peachy Sheen Blusher,117
32351,Women,Steel,Winter,2016,Casual,Q&Q Women Steel Dial Watch,70
40771,Men,Blue,Summer,2012,Casual,Quiksilver Men Blue Firsty Roundtails Cap,93
33283,Boys,Black,Summer,2012,Casual,Gini and Jony Boys Black Jeans,18
24234,Women,Brown,Fall,2011,Ethnic,La-Emotio Women Brown Kurta,87
10001,Women,Blue,Summer,2011,Casual,Palm Tree Kids Girls Sp Jema Skt Blue Skirts,111
4124,Unisex,Purple,Summer,2011,Sports,Kochi Tuskers Kids Replica Jersey,40
45203,Men,Black,Winter,2016,Casual,CASIO ENTICER Men Black Dial Anaglogue Watch A658,70
15573,Boys,White,Fall,2011,Casual,Chhota Bheem Kids Boys Main Hoon Bheem TShirt,40
53366,Unisex,Blue,Summer,2012,Casual,Puma Unisex Blue Backpack,64
37623,Boys,Blue,Summer,2012,Casual,Madagascar 3 Boys Blue Printed T-shirt,40
49896,Girls,White,Winter,2016,Casual,Q&Q Kids Girls White Dial Analog Watch,70
16792,Men,Yellow,Fall,2011,Casual,Highlander Men Check Yellow Shirt,67
51055,Women,Teal,Summer,2017,Casual,Enamor Teal Premium Bra PB04,128
6217,Women,Pink,Summer,2011,Casual,UCB Women's Graphic Print Pink Top,49
50187,Women,Orange,Summer,2012,Casual,Paridhan Women Orange Handbag,119
17640,Unisex,Black,Fall,2013,Sports,Puma Unisex Cat Black Headband,112
48944,Men,Steel,Summer,2013,Casual,Revv Men Steel Ring,54
23475,Men,Black,Winter,2015,Casual,Lino Perros Men Black Check Scarf,62
3765,Men,Yellow,Summer,2011,Casual,Status Quo Men's Unplugged Yellow T-shirt,40
26107,Men,Blue,Summer,2012,Formal,John Miller Men Striped Blue Shirt,67
54527,Men,Black,Fall,2012,Casual,F Sports Men Black Charger Shoes,3
43590,Girls,Blue,Summer,2012,Casual,Gini and Jony Girls Polo Striped Blue T-shirt,40
48178,Women,Teal,Winter,2016,Casual,Fossil Women Teal Handbag,119
40315,Unisex,White,Summer,2012,Casual,ADIDAS Unisex White Shoes,26
10465,Men,Purple,Fall,2011,Casual,Flying Machine Men Paisley Purple Tshirts,40
56270,Women,Black,Summer,2017,Casual,Biara Black Every Day Support Bra,128
25782,Men,Black,Summer,2012,Formal,Arrow Men Black & White Suspenders,10
53702,Women,Brown,Summer,2012,Casual,Kiara Women Brown Handbags,119
5492,Men,Blue,Summer,2011,Casual,Mr.Men Men's Cool Indigo T-shirt,40
37247,Men,Black,Summer,2012,Casual,United Colors of Benetton Men Black Shoes,3
4540,Men,White,Summer,2011,Casual,Classic Polo Men's White Polo T-shirt,40
36395,Men,Blue,Summer,2016,Casual,Reid & Taylor Men Blue Socks,75
59238,Men,Black,Winter,2016,Casual,Titan Men Black Watch,70
15117,Men,Grey,Fall,2011,Formal,Arrow Men Solid Grey Trousers,86
21322,Men,Brown,Winter,2016,Casual,Louis Philippe Men Sunglasses LP045-C3,113
24462,Men,Blue,Fall,2011,Casual,ADIDAS Men Blue Adi Cliff Flip Flop,81
37849,Men,Black,Summer,2012,Casual,Hidekraft Men Black Card Holder,170
57190,Women,Pink,Summer,2012,Casual,Elle Women Pink Tunic,148
40127,Girls,Black,Summer,2012,Casual,Gini and Jony Girls Roseatte Black Dress,166
32507,Men,Black,Winter,2015,Casual,Franco Leone Men Black Sandals,157
56042,Women,Purple,Spring,2017,Casual,Colorbar Plum Dressing Lipstick 09,98
11785,Women,Black,Summer,2011,Casual,Lee Women Solid Black Tshirts,40
44587,Men,Blue,Summer,2017,Casual,Lee Men Blue Rack Jeans,18
37075,Women,Blue,Summer,2012,Casual,Lino Perros Women Blue Handbag,119
53530,Women,Black,Winter,2015,Casual,Amante Women Black Bikini Briefs PCLR02,21
15325,Men,Blue,Fall,2011,Sports,Nike Men Printed Blue Tshirts,40
21110,Men,Charcoal,Fall,2011,Casual,s.Oliver Men Solid Charcoal Sweater,155
4772,Women,Green,Summer,2011,Sports,ADIDAS Women's Blue Polo T-shirt,40
22795,Men,White,Fall,2011,Casual,Manchester United Men White Tshirt,40
51267,Men,Brown,Summer,2012,Casual,Parx Men Brown Belt,9
8983,Men,Black,Fall,2011,Casual,Puma Men Evo Ducati Lo Black Casual Shoes,3
23647,Men,Green,Summer,2012,Casual,Disney Men Green Printed T-shirt,40
6025,Women,Blue,Summer,2011,Casual,UCB Women's Epaulettes Sleeve Blue T-shirt,40
47302,Women,Brown,Summer,2012,Casual,Baggit Women Brown Purse,50
26335,Women,White,Winter,2016,Casual,DKNY Women White Dial Watch NY8011,70
12100,Women,Multi,Fall,2011,Ethnic,W Women Multi Colour Printed Kurta,87
42670,Women,Black,Summer,2012,Ethnic,Alma Women Black Kurta,87
49298,Women,Pink,Summer,2016,Casual,Arrow Women Pack Of 5 Socks,75
31382,Men,White,Summer,2012,Casual,Locomotive Men Printed White T-shirt,40
3557,Men,Black,Winter,2015,Casual,Skechers Men Black Lifestyle Casual Shoes,3
30250,Men,Yellow,Summer,2013,Casual,Numero Uno Men Yellow Flip Flops,81
2485,Women,Purple,Fall,2010,Sports,Puma Women Purple Blouson Top,40
6819,Women,Red,Summer,2011,Casual,Timberland Women's Estela Umbrella Red Flip Flop,81
54715,Women,Beige,Fall,2012,Ethnic,Shree Women Beige & Red Salwar Suit with Dupatta,109
49862,Unisex,Red,Winter,2016,Casual,Q&Q Kids Unisex Red Digital Watch,70
22553,Unisex,Red,Spring,2017,Casual,Reebok Unisex Reezoom Deo,154
16766,Women,Green,Winter,2015,Casual,Spice Art Women Leatherette  Green Handbags,119
31978,Men,Grey,Summer,2012,Sports,Nike Men Lunarswift +3 Grey Sports Shoes,26
46016,Women,White,Summer,2012,Ethnic,Fabindia Women White Printed Kurta,87
7331,Men,Brown,Winter,2018,Formal,Red Tape Men's Formal Light Brown Shoe,23
34436,Women,White,Summer,2012,Casual,Myntra Women Dont Think White T-shirt,40
50173,Women,Multi,Winter,2012,Casual,Rocia Women Multi Coloured Ballerina,83
23481,Men,Purple,Summer,2012,Casual,Arrow Men Purple Check Scarf,62
28069,Men,Grey,Winter,2016,Casual,Jockey ELANCE Men Assorted Trunks 1015,106
8379,Girls,Green,Fall,2011,Casual,Doodle Girl's Princess Lime Green Top,40
3791,Men,Blue,Summer,2011,Casual,Basics Men Blue & Yellow White Striped Polo T-shirt,40
31144,Boys,Pink,Summer,2012,Casual,Gini and Jony Boys Printed Pink T-shirt,40
13214,Men,White,Fall,2011,Sports,ASICS Men Gel 1160 Running White Sports Shoes,26
27021,Women,Blue,Summer,2012,Casual,Jealous 21 Women Blue Jeans,18
30096,Men,Black,Winter,2016,Casual,Ed Hardy Men Black Dial Watch,70
28855,Men,Grey,Summer,2013,Casual,Proline Men Grey T-shirt,40
43564,Women,Pink,Summer,2012,Casual,Puma Women Pack of 3 Socks,75
57356,Women,Black,Winter,2015,Casual,Amante Black Full-Coverage Lace Bra BGSM03,128
10491,Women,White,Fall,2011,Casual,Flying Machine Women HS White Tshirts,40
11543,Women,Grey,Summer,2011,Ethnic,W Women Solid Grey Kurtas,87
56284,Women,White,Summer,2017,Casual,Biara White Everyday Support Bra,128
25776,Men,Black,Summer,2012,Formal,Lino Perros Men Black Suspenders,10
39329,Girls,Green,Summer,2012,Casual,Gini and Jony Girls Green Shorts,47
41233,Men,White,Summer,2012,Sports,Puma Men White Aquil Sports Shoes,26
20204,Men,Grey,Fall,2011,Casual,Wrangler Men Flock Print Grey Sweatshirt,16
14031,Women,Black,Fall,2011,Casual,Nike Women Printed Black Tshirts,40
44741,Men,White,Summer,2012,Casual,Globalite Men White Terra Shoes,3
5466,Unisex,White,Summer,2011,Sports,Nike Unisex Elite White Shoe,26
36361,Men,Black,Summer,2012,Formal,Reid & Taylor Men Black Tie,132
45693,Women,Green,Spring,2017,Casual,TOUS Women Leau Eau De Toilette 90 ml,38
24496,Women,Red,Fall,2011,Ethnic,Mother Earth Women Red Printed Kurta,87
57164,Women,Black,Summer,2012,Casual,Elle Women Black T-shirt,40
58910,Men,Blue,Summer,2012,Casual,Hakashi Men Blue Silk Tie,132
33421,Women,Purple,Summer,2012,Casual,Baggit Women Sprinkle Taj Purple Wallet,170
41001,Girls,Blue,Summer,2012,Casual,Gini and Jony  Girls Woven Blue Shorts,47
11771,Men,Maroon,Fall,2011,Casual,Lee Men Printed Maroon Tshirts,40
25544,Women,Navy Blue,Summer,2012,Casual,Wrangler Women Sunrise Navy Blue T-shirt,40
44573,Men,Brown,Summer,2012,Casual,Coolers Men Brown Sandals,157
37081,Women,Brown,Summer,2012,Casual,Lino Perros Women Brown Handbag,119
57958,Women,Green,Summer,2012,Ethnic,Prafful Green Printed Sari,20
5654,Men,White,Summer,2011,Sports,Reebok Men's Winning Stride White Shoe,26
20036,Women,Black,Fall,2011,Casual,United Colors of Benetton Women Solid Black Tights,141
39927,Unisex,Blue,Winter,2012,Casual,Tortoise Unisex Blue Tablet Sleeve,25
52416,Women,Purple,Winter,2015,Casual,Red Rose Women Purple Pyjama Set,146
4786,Men,Black,Summer,2011,Sports,ADIDAS Men's Cr_Aess 3s Hsj Black White Short,47
7103,Unisex,Grey,Winter,2015,Casual,Wildcraft Unisex Grey Backpack,64
22761,Women,Red,Fall,2011,Ethnic,BIBA Women Printed Red Kurta,87
8977,Women,Black,Fall,2011,Casual,Puma Women Saba Ballet DC3 Black Casual Shoes,3
16554,Men,Grey,Fall,2011,Casual,Basics Men Grey Printed T-shirt,40
50341,Women,Rust,Summer,2012,Ethnic,Aurelia Women Rust Kurta,87
34604,Men,Grey,Summer,2016,Casual,Hanes Men Grey Boxer Brief,21
55633,Women,Gold,Winter,2015,Casual,Catwalk Women Golden Heels,65
42684,Women,White,Summer,2012,Ethnic,Alma Women White Printed Kurta,87
9099,Men,Blue,Fall,2011,Sports,ADIDAS Men Cfc H Sho Blue Shorts,47
43756,Women,Gold,Summer,2012,Ethnic,Royal Diadem Set of 2 Golden Bangles,8
13026,Women,Gold,Winter,2012,Casual,Inc 5 Women Casual Gold Heels,65
27213,Men,Blue,Summer,2012,Casual,Doodle Kids Boy Check Blue Shirt,67
32197,Men,Olive,Summer,2012,Ethnic,Fabindia Men Printed Olive Kurta,87
11315,Women,Blue,Fall,2011,Casual,United Colors of Benetton Women Washed Blue Jeans,18
25120,Women,Black,Winter,2015,Casual,Lino Perros Women Beaded Black Clutch,50
57500,Men,Brown,Summer,2012,Casual,Lee Cooper Men Brown Sandals,157
33045,Women,Multi,Summer,2012,Ethnic,Mother Earth Women Printed Multi Coloured Kurta,87
52072,Men,Blue,Summer,2012,Casual,Myntra Men Blue T-shirt,40
21580,Boys,Blue,Summer,2011,Casual,Chhota Bheem Kids-Boys Printed Pale Blue Tshirt,40
36537,Women,Grey,Summer,2012,Casual,United Colors of Benetton Women Grey Wallet,170
44117,Men,Black,Spring,2017,Casual,Hugo Men Just Different 100 ml Perfume,38
5230,Men,Black,Summer,2011,Casual,Classic Polo Men's Cari Black Polo T-shirt,40
20452,Women,Green,Winter,2015,Casual,Baggit Women Dungi Hoor Green Handbag,119
14667,Men,White,Fall,2011,Casual,Basics Men White Slim Fit Checked Shirt,67
33879,Men,Black,Winter,2016,Casual,Citizen Men Black Dial Watch,70
58548,Women,Brown,Spring,2013,Casual,Miami Blues Women Sunglasses,140
50725,Men,Black,Winter,2018,Formal,Red Chief Men Black Formal Shoes,23
34260,Boys,Red,Summer,2012,Casual,Gini and Jony Boys Printed Red T-shirt,40
18896,Women,Cream,Fall,2011,Casual,Arrow Woman Solid Cream Dress,166
19944,Unisex,Blue,Fall,2011,Casual,Nike Unisex Cheyenne Blue Backpack,64
7567,Men,Orange,Summer,2011,Sports,Nike Men's As Sublimated Orange T-shirt,40
22305,Women,White,Winter,2012,Casual,Inc. 5 Women Casual White Heels,65
16130,Women,Pink,Fall,2011,Casual,Tokyo Talkies Women Printed Pink Top,49
2015,Men,Black,Fall,2010,Casual,ADIDAS Mens Classic Collar Black Polo T-shirt,40
43332,Women,Grey,Summer,2012,Casual,United Colors of Benetton Women Grey Tunic,148
54385,Women,Yellow,Summer,2012,Casual,Baggit Women Yellow Sling Bag,119
13442,Women,White,Summer,2011,Casual,United Colors of Benetton Women Solid White Tops,49
27677,Women,Blue,Winter,2015,Casual,Murcia Women Blue Handbag,119
12590,Unisex,White,Fall,2011,Casual,Tantra Unisex Printed White Tshirts,40
55257,Women,Grey,Spring,2017,Casual,Lakme Absolute Forever Silk Grey Matter Eyeliner,51
49608,Women,Red,Winter,2015,Casual,Catwalk Women Red Shoes,3
31712,Women,Silver,Winter,2016,Ethnic,Fabindia Women Anusuya Silver Earrings,143
34052,Boys,Yellow,Summer,2012,Casual,Gini and Jony Boys Yellow 3/4 Length Pants,61
6687,Women,White,Summer,2011,Casual,UCB Women's Basic Round Neck White T-shirt,40
22137,Men,Brown,Fall,2012,Formal,Provogue Men Brown Formal Shoes,23
46472,Men,Brown,Winter,2016,Casual,Timex Men Brown Watch,70
55859,Women,Pink,Spring,2017,Casual,Colorbar Pro Baby Nail Lacquer 011,90
35180,Unisex,Grey,Spring,2013,Casual,Wildcraft Unisex Grey Backpack,64
7755,Men,Purple,Fall,2011,Casual,Indigo Nation Men Indigo Purple Black Silver T-shirt,40
13670,Unisex,Gold,Fall,2011,Casual,Puma Unisex Liga XL Football,135
18298,Women,Multi,Fall,2011,Ethnic,Aneri Women Multi Printed Kurta,87
27445,Women,Coffee Brown,Winter,2015,Casual,Jockey Women Coffee Brown T-shirt,40
2227,Men,Grey,Fall,2010,Sports,Puma Men Gypsy Grey Sandal,157
43100,Men,Black,Spring,2017,Casual,Reebok Men Pack of 3 Deos,154
26597,Men,Black,Summer,2012,Sports,Puma Men Faas 300 Black Sports Shoes,26
55065,Women,Pink,Spring,2017,Casual,Lakme Enrich Satins Lipstick 128,98
25312,Men,Black,Summer,2017,Casual,Casio Outdoor Men Black Analogue-Digital Watches (AD164) SGW-400H-1BVDR,70
40785,Men,White,Summer,2012,Casual,Quiksilver Men White Flip Flops,81
33277,Boys,Blue,Summer,2012,Casual,Gini and Jony Boys Washed Blue Jeans,18
57732,Women,Cream,Spring,2017,NA,Lotus Herbals Vanilla Lip Balm,32
36705,Men,Blue,Spring,2017,Casual,Burberry Men Weekend Perfume,38
15587,Men,Pink,Fall,2011,Casual,Spykar Men Stripes Pink Shirts,67
53392,Women,Cream,Summer,2012,Ethnic,Aurelia Women Cream Printed Kurti,115
5002,Women,Pink,Summer,2011,Casual,Gini and Jony Girl's Jolene Pink Kidswear,47
12903,Men,Green,Fall,2011,Casual,Puma Men Whirlwind Classic Green Casual Shoes,3
51258,Men,Black,Winter,2012,Formal,Park Avenue Men Black & Brown Reversible Belt,9
28290,Men,Blue,Winter,2016,Casual,Fastrack Men Sunglasses,113
8180,Men,Green,Summer,2011,Casual,Locomotive Men Check Ladd Green Shirts,67
3568,Women,Black,Summer,2011,Casual,ADIDAS Women Black Training T-shirt,40
48375,Men,Black,Summer,2012,Casual,French Connection Men Black & Grey Shirt,67
9052,Men,White,Fall,2011,Sports,ADIDAS Men Duramo 3 M White Sports Shoes,26
6826,Men,Grey,Summer,2011,Casual,Timberland Men Nekkol Grey Black Floater,157
18405,Men,Brown,Summer,2012,Casual,Skechers Men USA Brown Shoe,3
37876,Men,Brown,Summer,2012,Casual,Hidekraft Men Brown leather Wallet,170
40118,Men,Black,Summer,2012,Casual,ADIDAS Men Red T-shirt,40
21913,Women,Red,Fall,2011,Ethnic,BIBA Women Printed Red Kurta,87
32538,Men,Blue,Spring,2017,Casual,Playboy Men Ibiza Perfume,38
57993,Women,Beige,Fall,2012,Casual,Latin Quarters Women Beige Dress,166
40924,Boys,Blue,Summer,2012,Casual,Gini and Jony Boys Jeans Blue Jeans,18
59035,Women,Metallic,Winter,2012,Casual,Carlton London Women Black Heels,65
38230,Women,Brown,Winter,2016,Casual,Polaroid Women Sunglasses,113
11588,Women,Green,Summer,2011,Ethnic,W Women Printed Green Kurtis,115
15914,Men,Grey,Fall,2011,Formal,Black Coffee Men Striped Grey Slim Fit Shirt,67
1831,Men,Black,Fall,2010,Sports,Nike Men's Air Impetus Shoe,26
37278,Women,Navy Blue,Summer,2012,Casual,Tantra Women Navy Blue Curly Heart T-shirt,40
45658,Men,White,Summer,2016,Casual,Park Avenue Men White Boxer Briefs,21
15128,Men,Cream,Winter,2014,Formal,Arrow  Men Solid Cream Trousers,86
22598,Women,Purple,Fall,2011,Sports,Nike Women Purple T-shirt,40
29170,Women,Blue,Summer,2012,Casual,United Colors of Benetton Women Blue T-shirt,40
26904,Women,Lavender,Summer,2012,Casual,Jealous 21 Women Lavender Top,49
6228,Women,Pink,Summer,2011,Casual,UCB Women's Basic Round Pink T-shirt,40
30861,Women,Mustard,Summer,2012,Ethnic,Fabindia Women Mustard Kurta,87
49095,Women,Skin,Spring,2017,Casual,Deborah Ultra Fine Compact Powder 02,1
26138,Men,Black,Summer,2012,Formal,John Miller Men Black Trousers,86
18637,Men,Navy Blue,Fall,2011,Sports,Puma Men V.11 Speed Midnight Navy Tshirts,40
54518,Men,White,Fall,2012,Sports,F Sports Men White Velocity Sports Shoes,26
48147,Women,Brown,Winter,2016,Casual,Fossil Women Brown Wallet,170
50984,Women,Pink,Summer,2017,Casual,Enamor Women Cameo Rose Coloured Briefs,21
9260,Men,Blue,Fall,2011,Formal,Mark Taylor Men Blue Striped Shirt,67
2688,Women,Green,Summer,2011,Casual,Inkfruit Women's Confession Green T-shirt,40
4927,Women,Green,Summer,2011,Casual,Gini and Jony Girl's Venice Green Blue Kidswear,49
39786,Men,Blue,Summer,2012,Formal,Peter England Men Blue Formal Shirt,67
38654,Men,White,Fall,2012,Sports,Nike Men Ballista White Sports Shoes,26
59663,Women,Green,Fall,2012,Ethnic,FNF Green Printed Evening Wear Sari,20
10802,Men,Blue,Fall,2011,Casual,Wrangler Men Dodge Broad Accent Check Blue Shirt,67
34099,Boys,White,Summer,2012,Casual,Doodle Boys Printed White T-shirt,40
54940,Women,Burgundy,Summer,2012,Casual,Do u speak green Women Burgundy T-shirt,40
42825,Women,Yellow,Summer,2012,Casual,Little Miss Intimates Women Yellow Brief,21
29514,Women,White,Winter,2016,Casual,Playboy Women White Dial Watch,70
55892,Women,Lavender,Spring,2017,Casual,Colorbar Exclusive Nail Lacquer 03,90
23812,Men,Black,Summer,2012,Casual,Puma Men Jiff Black Flip Flops,81
48523,Women,Magenta,Winter,2011,Casual,French Connection Women Magenta Playsuit,78
9604,Men,White,Fall,2011,Formal,Scullers Men Scul White Black Shirts,67
42019,Men,Black,Summer,2012,Casual,ADIDAS Men Black Pural Desman Shoes,3
12769,Women,Red,Fall,2011,Ethnic,Mother Earth Women Checks Red Shirts,49
17029,Men,Black,Spring,2013,Casual,GAS Men Black Pine Flip Flops,81
3930,Women,Green,Summer,2011,Casual,Jealous 21 Women's Green Owl T-shirt,40
29726,Women,Teal,Summer,2012,Casual,Kiara Women Teal Handbag,119
17815,Men,Black,Fall,2011,Casual,Lee Cooper Men  Black Sandal,157
9436,Unisex,Black,Fall,2011,Casual,Nike Unisex Rafa Bull Log Black Caps,93
13489,Men,Navy Blue,Fall,2011,Casual,FIFA Men Printed Navy Blue T-shirts,40
52885,Women,Purple,Fall,2012,Ethnic,FNF Orange & Purple Sari,20
45832,Women,White,Summer,2012,Ethnic,Vishudh Women White Kurta,87
56419,Women,Pink,Winter,2015,Casual,Biara Women Pink Bra,128
24039,Men,Black,Summer,2012,Casual,Locomotive Men Black Printed T-shirt,40
38466,Women,Red,Summer,2012,Casual,Baggit Women Red Mobile Pouch,163
59451,Men,Blue,Fall,2012,Casual,Arrow Sport Men Blue Slim Fit Shirt,67
4329,Unisex,Orange,Summer,2011,Casual,Tantra Kid's Unisex Feeding Me Orange Kidswear,40
24805,Men,Black,Spring,2007,Sports,Decathlon Men Black F300 Sports Shoes,26
20499,Women,Beige,Winter,2016,Casual,Baggit Women Jhuti Beige Handbag,119
11118,Men,White,Fall,2011,Formal,Indigo Nation Men Solid White Shirts,67
41668,Women,Silver,Winter,2012,Casual,Catwalk Women Silver Heels,65
33248,Men,White,Summer,2012,Formal,Arrow Men White Striped Shirt,67
5801,Men,Blue,Summer,2011,Casual,ADIDAS Men's Bubble Dark Blue T-shirt,40
11924,Men,Black,Summer,2013,Formal,Franco Leone Men Black Formal Shoes,23
59697,Women,Black,Summer,2014,Casual,Avirate Black Fitted Camisoles,39
58745,Men,White,Fall,2014,Casual,Fila Men White Ankle Dig Logo-H Socks,75
28432,Women,White,Winter,2016,Casual,DKNY Women White Dial Chronograph Watch NY8315,70
50528,Men,White,Summer,2016,Casual,Chromozome Men White Pack of 2 Briefs,21
55866,Women,Blue,Spring,2017,Casual,Colorbar Turquoise Nail Lacquer 88,90
34851,Men,Charcoal,Summer,2012,Casual,Vans Men Bedford Charcoal Shoes,3
54188,Men,Blue,Summer,2016,Casual,Jockey MC Men Blue Pack of 2 Briefs 8003,21
2218,Men,Black,Fall,2010,Casual,Puma Men F1 Black Sandal,157
8722,Men,Green,Fall,2011,Casual,Indigo Nation Men Stripes Green Shirts,67
22934,Women,Black,Winter,2016,Casual,Fastrack Women Black Casual Watch,70
35983,Women,Red,Summer,2012,Casual,Flying Machine Women Poopy Red T-shirt,40
28600,Men,Black,Summer,2012,Sports,Fila Men Torando Black Sports Shoes,26
7558,Men,Grey,Summer,2011,Sports,Nike Men's Sublimated Dark Grey T-shirt,40
27648,Men,Black,Summer,2012,Casual,Superman Men Printed Black T-shirt,40
55268,Women,Grey,Spring,2017,Casual,Lakme Absolute Shine Line Smoky Grey Eye Liner,51
19147,Men,White,Summer,2011,Casual,United Colors of Benetton Men Solid White Polo Tshirt,40
16933,Men,Green,Fall,2011,Casual,Inkfruit Men Green Awesome Printed T-Shirt,40
49637,Women,Pink,Summer,2012,Casual,Mineral Women Dark Pink Top,49
52871,Women,Blue,Spring,2017,Casual,F5 Women Pack of 3 Deos,154
39540,Women,White,Winter,2015,Casual,Bwitch Women White Bra,128
44914,Men,Blue,Summer,2012,Casual,Puma Men Blue Track Pants,12
38492,Boys,Yellow,Summer,2012,Casual,Gini and Jony Boys Core Yellow T-shirt,40
40588,Women,Maroon,Summer,2012,Ethnic,Aurelia Women Maroon Kurta,87
25923,Women,Pink,Summer,2012,Casual,Femella Women Pink T-shirt,40
36508,Women,Cream,Summer,2012,Casual,United Colors of Benetton Women Cream Handbag,119
44128,Men,Black,Spring,2017,Casual,Baldessarini Men Perfume,38
14658,Men,Beige,Fall,2011,Casual,Probase Men Check Grey Trousers,86
33846,Men,Black,Summer,2012,Casual,Puma Men Future Cat Black Shoes,3
58577,Men,Black,Summer,2012,Casual,Puma Men Black T-shirt,40
8948,Men,Navy Blue,Fall,2011,Formal,Indigo Nation Men ID Printed Navy Blue Trousers,86
28264,Men,Blue,Spring,2017,Casual,Gatsby Men Spicy Deo,154
19523,Men,Grey,Fall,2011,Casual,United Colors of Benetton Men Grey Sweater,155
43769,Women,Purple,Summer,2012,Casual,Royal Diadem Purple Earrings,143
13019,Women,Pink,Winter,2012,Casual,Inc 5 Women Casual Pink Heels,65
37882,Unisex,Black,Summer,2016,Casual,Happy Socks Unisex Black Socks,75
39124,Women,Beige,Fall,2012,Casual,Aneri Women Beige Leggings,161
56089,Women,Pink,Spring,2017,Casual,Colorbar Jewel Bright Star Shine Lip Gloss 03,59
57967,Women,Green,Fall,2012,Ethnic,Prafful Green Printed Sari,20
20009,Men,Olive,Fall,2011,Casual,United Colors of Benetton Olive T-shirt,40
52429,Women,White,Winter,2015,Casual,Red Rose Women White Nightdress,7
14832,Men,Black,Summer,2011,Casual,United Colors of Benetton Men Solid Black Belts,9
57369,Women,Lavender,Winter,2015,Casual,Amante Women Lavender Briefs PCMV01,21
25749,Men,Charcoal,Winter,2015,Casual,Lino Perros Men Leather Charcoal Belt,9
39316,Boys,White,Summer,2012,Casual,Gini and Jony Boys Printed White T-shirt,40
58321,Men,White,Summer,2016,Sports,Jockey LCESCBRA Men White Pack of 3 Socks 2004,75
5459,Men,Grey,Summer,2011,Sports,Nike Men's Dual Fusion Grey Shoe,26
16759,Women,White,Winter,2015,Casual,Spice Art Women Copper Glass White Handbags,119
31947,Men,Grey,Summer,2012,Sports,Nike Men Air Pegasus Grey Sports Shoes,26
29184,Men,Blue,Summer,2012,Casual,United Colors of Benetton Men Blue Shirt,67
46029,Women,Silver,Winter,2016,Casual,Estelle Silver Plated Pendant With Chain,129
27822,Men,Brown,Summer,2013,Casual,Bulchee Men Brown Leather Belt,9
34409,Men,Black,Summer,2012,Casual,Myntra Men Black Rider Performance T-shirt,40
28056,Men,White,Winter,2016,Casual,Jockey ELANCE Men Pack of 2 White Briefs 1009,21
30895,Women,White,Summer,2012,Ethnic,Fabindia Women Printed White & Red Patiala,56
8346,Men,White,Fall,2011,Sports,ADIDAS Men Slimsoll White Sports Shoes,26
49061,Men,Brown,Summer,2012,Casual,Flying Machine Men Brown Shoes,3
19711,Men,Red,Fall,2011,Casual,United Colors of Benetton Men Check Red Shirt,67
46815,Girls,Yellow,Summer,2012,Casual,Gini and Jony Girls Yellow Top,49
50970,Women,Purple,Summer,2017,Casual,Enamor Women Purple Bra,128
50510,Men,Red,Winter,2016,Casual,Chromozome Men Red Briefs,21
34055,Boys,Blue,Summer,2012,Casual,Palm Tree Boys Washed Blue 3/4 Length Pants,61
6680,Men,Grey,Summer,2011,Sports,Nike Men's Zoom Vomero 5 Grey Blue Shoe,26
35187,Unisex,Blue,Spring,2013,Casual,Wildcraft Unisex Blue & Grey Backpack,64
7752,Men,White,Fall,2011,Casual,Indigo Nation Men Indigo White Black Silver T-shirt,40
46475,Men,Blue,Winter,2016,Casual,Timex Men Blue Dial Watch,70
22130,Men,Black,Fall,2011,Formal,Provogue Men Black Formal Shoes,23
43107,Women,White,Spring,2017,Casual,Paris Hilton Women Tease Woman Eau De Parfum 100Ml,38
2220,Men,Black,Fall,2010,Sports,Puma Men Carbon Black Sandal,157
27442,Women,Blue,Winter,2015,Casual,Jockey Women Blue T-Shirt,40
13677,Men,White,Fall,2011,Sports,ADIDAS Men Running White Sports Shoes,26
55062,Women,Red,Spring,2017,NA,Lakme Enrich Satins Lipstick 422,98
26590,Men,Black,Summer,2012,Casual,Puma Men Aqua Cat II Power Black Flip Flops,81
25315,Men,Silver,Winter,2016,Casual,Casio Youth Series Men Digital Watch W-734D-1AVDF(D091),70
57735,Women,Red,Spring,2017,NA,Lotus Herbals Raspberry Lip Balm,32
5839,Men,Blue,Summer,2011,Sports,Puma Men's Motorsport Better Blue T-shirt,40
33270,Girls,White,Summer,2012,Casual,Gini & Jony Girls White Skirt,111
40782,Men,Multi,Summer,2012,Casual,Quiksilver Men Multi Coloured Flip Flops,81
36702,Men,Blue,Spring,2017,Casual,Yves Saint Laurent Men Kouros Perfume,38
5005,Women,Red,Summer,2011,Casual,Gini and Jony Girl's Glinda Red Kidswear,111
14452,Women,Black,Summer,2012,Casual,Enroute Women Casual Black Flats,65
53395,Women,White,Fall,2012,Ethnic,Alma Women White Printed Kurta,87
20667,Men,White,Fall,2011,Casual,Classic Polo Men Striped White Tshirt,40
25127,Women,Purple,Winter,2015,Casual,Lino Perros Women Gems Purple Clutch,50
11312,Men,Beige,Fall,2011,Casual,Scullers Men Rugged Chinos Beige Trousers,86
39578,Women,Bronze,Winter,2015,Casual,Catwalk Women Bronze Heels,65
32190,Women,Pink,Summer,2012,Sports,ADIDAS Women Duramo Pink Sports Shoes,26
1697,Unisex,Black,Fall,2010,Sports,Puma Deck Black Backpack,64
33042,Women,Beige,Summer,2012,Ethnic,Mother Earth Women Printed Beige Kurta,87
57507,Men,Black,Summer,2012,Casual,Lee Cooper Men Black  Sandals,157
21587,Men,Blue,Fall,2011,Casual,Spykar Men Washed Blue Jeans,18
52075,Men,Blue,Summer,2012,Casual,Myntra Men Blue T-shirt,40
14660,Men,White,Fall,2011,Casual,Basics Men White Slim Fit Checked Shirt,67
20455,Women,Brown,Winter,2015,Casual,Baggit Women Lamboo Viva Brown Wallet,170
18891,Women,Black,Fall,2011,Formal,Arrow Woman Tyra Black & White Striped Shirt,67
34267,Women,Green,Summer,2012,Ethnic,Fabindia Women Green Silk Dupatta,6
28638,Men,White,Summer,2012,Sports,Nike Men Dart 9 Leather White Sports Shoes,26
50722,Girls,Pink,Summer,2012,Casual,Doodle Girls Pink Printed Dress,166
16137,Women,Pink,Fall,2011,Casual,Tokyo Talkies Women Printed Pink Top,49
19943,Unisex,Black,Spring,2013,Casual,Nike Unisex Casual Black Backpack,64
7560,Women,Grey,Summer,2011,Sports,Nike Women's Be Strong Grey Track Pant,12
46647,Women,Pink,Spring,2017,Casual,Rasasi Women Deo,154
27670,Women,Green,Winter,2015,Casual,Murcia Women Green Handbag,119
54382,Women,Olive,Summer,2012,Casual,Baggit Women Olive Handbag,119
13445,Women,White,Summer,2011,Casual,United Colors of Benetton Women Printed White Tops,49
43335,Men,Navy Blue,Summer,2012,Sports,Reebok Men Navy Blue Turbo DMX Shear Sports Shoes,26
2012,Men,White,Fall,2010,Sports,ADIDAS Mens Graphic White T-shirt,40
8528,Men,Black,Summer,2011,Sports,Nike Men Nike air max limitless Black Sports Shoes,26
31715,Women,Silver,Winter,2016,Ethnic,Fabindia Women Anusuya Silver Earrings,143
12597,Unisex,White,Fall,2011,Casual,Tantra Unisex Printed White Tshirts,40
55250,Women,Bronze,Spring,2017,Casual,Lakme Absolute Sun-Kissed Bronzer,117
33426,Women,Orange,Summer,2012,Casual,Baggit Women Marsx Baby Orange Handbag,119
58917,Men,Black,Summer,2012,Casual,Hakashi Men Black Silk Tie,132
57163,Women,Pink,Summer,2012,Casual,Elle Women Dark Pink Essentials T-shirt,40
25543,Women,Pink,Summer,2012,Casual,Wrangler Women Striper Tank Pink Top,49
11776,Men,Grey,Fall,2011,Casual,Lee Men Printed Grey Tshirts,40
41006,Girls,Navy Blue,Summer,2012,Casual,Gini and Jony Girls Woven Navy Blue Shorts,47
20031,Men,Black,Fall,2011,Casual,United Colors of Benetton Men Striped Black Shirt,67
37086,Women,Black,Summer,2012,Casual,Lino Perros Women Black Mobile Pouch,163
4781,Women,Brown,Summer,2011,Sports,ADIDAS Women's Balance Brown T-shirt,40
52411,Women,Maroon,Winter,2015,Casual,Red Rose Maroon Nightdress,7
39920,Unisex,Brown,Fall,2012,Casual,Tortoise Unisex Brown Ipad Bag,169
8970,Men,Red,Fall,2011,Sports,Puma Men 65cc Ducati Red Sports Shoes,26
51294,Boys,Black,Fall,2012,Casual,Hop Scotch Boys Black Sunglasses,113
16553,Men,White,Fall,2011,Casual,Basics Men White Printed Polo T-shirt,40
22766,Women,Red,Fall,2011,Ethnic,BIBA Women Solid Red Kurta,87
7104,Unisex,Grey,Winter,2015,Casual,Wildcraft Unisex Grey Backpack,64
34603,Men,Navy Blue,Summer,2016,Casual,Hanes Men Navy Blue Boxer Brief,21
17481,Men,Black,Fall,2011,Formal,Enroute Men Formal Black Formal Shoe,23
50346,Women,Pink,Summer,2012,Ethnic,Aurelia Women Pink Kurta,87
31371,Men,Navy Blue,Summer,2012,Casual,Locomotive Men Printed Navy Blue T-shirt,40
42683,Women,White,Summer,2012,Ethnic,Alma Women White Printed Kurta,87
55634,Women,Gold,Summer,2016,Casual,Catwalk Women Gold Heels,65
7938,Men,Black,Fall,2011,Sports,Puma Men's Glitch Music TV Black White T-shirt,40
27214,Men,Brown,Summer,2012,Casual,Doodle Kids Boy  Brown Shorts,47
43751,Women,Gold,Summer,2012,Casual,Royal Diadem Set of 2 Golden Bangles,8
46011,Women,Maroon,Summer,2012,Ethnic,Fabindia Maroon Sari,20
16761,Women,Olive,Winter,2015,Casual,Spice Art Women Leatherette  Olive Handbags,119
22554,Unisex,Silver,Spring,2017,Casual,Reebok Unisex Reekick Deo,154
49865,Unisex,Black,Winter,2016,Casual,Q&Q Kids Unisex Black Digital Watch,70
23486,Men,Grey,Summer,2012,Casual,Arrow Men Grey Check Scarf,62
50174,Women,Purple,Winter,2012,Casual,Rocia Women Multi- Coloured Shoes,83
3796,Men,White,Summer,2011,Casual,Basics Men White & Red Striped Polo T-shirt,40
31143,Boys,Green,Summer,2012,Casual,Gini and Jony Boys Printed Green T-shirt,40
49059,Men,Charcoal,Summer,2012,Casual,Flying Machine Men Charcoal Shoes,3
43563,Women,White,Summer,2012,Casual,Puma Women Pack of 3 Socks,75
28852,Men,Brown,Summer,2013,Casual,Proline Brown Polo T-shirt,40
2644,Women,Red,Winter,2015,Casual,Murcia Women Embroidered Canvas Bag,119
50948,Women,Black,Winter,2011,Casual,Lee Women Black Jeans,18
30091,Women,Black,Winter,2016,Casual,Ed Hardy Women Black Watch,70
27026,Women,Blue,Summer,2012,Casual,Jealous 21 Women Blue Cropped Denim Shorts,47
13213,Women,White,Spring,2012,Sports,ASICS Women Gel Cumulus Running White Sports Shoes,26
57351,Women,Black,Winter,2015,Casual,Amante Black T-Shirt Bra BGSB02,128
10496,Women,White,Fall,2011,Casual,Flying Machine Women RN White Tshirts,40
41234,Boys,Black,Summer,2012,Casual,Gini and Jony Boys Black Shorts,47
25771,Men,Brown,Summer,2012,Formal,Lino Perros Men Light Brown Suspenders,10
11544,Women,Green,Summer,2011,Ethnic,W Women Printed Green Kurtas,87
56283,Women,Skin,Summer,2017,Casual,Biara Beige Everyday Support Bra,128
5461,Men,Black,Summer,2011,Sports,Nike Men's Downshifter Lea Black Shoe,26
44746,Men,Olive,Summer,2012,Casual,Globalite Men Olive Sparta Shoes,3
14036,Men,Pink,Fall,2011,Casual,Flying Machine Men Check Pink Shirts,67
58319,Men,White,Summer,2016,Sports,Jockey LCESCBRA Men White Pack of 3 Socks 2004,75
20203,Men,Black,Fall,2011,Casual,Wrangler Men Flock Print Black Sweatshirt,16
52623,Women,Black,Summer,2012,Casual,Mod'acc Women Black & Grey Handbag,119
36366,Men,Navy Blue,Summer,2012,Formal,Reid & Taylor Men Navy Blue Tie,132
40120,Women,Green,Summer,2012,Casual,ADIDAS Women Green T-shirt,40
10650,Men,Blue,Fall,2011,Casual,Doodle Boy Grand Prix Navy Blue Shirt,67
57197,Women,Blue,Summer,2012,Casual,Elle Women BlueTunic,148
56045,Women,Maroon,Spring,2017,Casual,Colorbar Plum Show Lipstick 06,98
53537,Women,Multi,Winter,2015,Casual,Amante Women Pack of 3 Assorted Briefs PFCP12,21
38806,Men,Red,Summer,2012,Casual,Marvel Men Red Printed T-shirt,40
44580,Men,Black,Summer,2017,Casual,Lee Men Black Jet Jeans,18
4775,Women,Black,Summer,2011,Sports,ADIDAS Women 3S Black Track Pants,12
56879,Women,Black,Winter,2012,Casual,HM Women Black Heels,65
21117,Men,White,Fall,2011,Casual,s.Oliver Men Solid White Shirt,67
15322,Men,Black,Fall,2011,Casual,Nike Men Solid Black Jacket,145
51260,Men,Black,Spring,2013,Formal,Park Avenue Men Black & Brown Reversible Belt,9
8984,Men,Green,Fall,2011,Casual,Puma Men TX-3 Green Casual Shoes,3
22792,Men,White,Fall,2011,Casual,Manchester United Men White Tshirt,40
35725,Men,Beige,Summer,2012,Sports,Force 10 Men Beige Sports Shoes,26
47305,Women,Brown,Summer,2012,Casual,Baggit Women Brown Handbag,119
6022,Men,Black,Summer,2011,Casual,UCB Men's Johny Collar With Two Tone Black T-shirt,40
9856,Men,Red,Fall,2011,Casual,Status Quo Men Red Polo Tshirts,40
31385,Men,Grey,Summer,2012,Casual,Locomotive Men Printed Grey T-shirt,40
3550,Men,Brown,Winter,2015,Casual,Skechers Men's Brown Lifestyle Shoe,3
42677,Women,Green,Summer,2012,Ethnic,Alma Women Green Kurta,87
12107,Women,Cream,Fall,2011,Ethnic,W Women Cream Kurtis,115
26332,Women,White,Winter,2016,Casual,DKNY Women White Dial Watch NY4716,70
54712,Women,Black,Fall,2012,Ethnic,Shree Women Black & White Printed Salwar Suit with Dupatta,109
30257,Men,Grey,Winter,2018,Casual,Red Tape Men Grey Shoes,3
2482,Women,Black,Fall,2011,Casual,Puma Women Black Spagetti Top,49
51052,Women,Black,Summer,2017,Casual,Enamor Women Black Bikini Briefs,21
49891,Unisex,Blue,Winter,2016,Casual,Q&Q Kids Unisex Blue Analog Watch,70
23472,Men,Purple,Winter,2015,Casual,Lino Perros Men Purple Scarf,62
48943,Men,Steel,Summer,2012,Casual,Revv Men Steel Pendant,129
50180,Women,Red,Summer,2012,Casual,Peperone Women Red Handbag,119
17647,Men,Red,Spring,2013,Casual,Converse Men Red Flip Flops,81
30859,Women,Pink,Summer,2012,Ethnic,Fabindia Women Pink Kurta,87
47137,Women,Cream,Summer,2015,Casual,Be For Bag Women Cream And Black Tote Bag,119
3762,Men,Purple,Summer,2011,Casual,Status Quo Men's Surfers Purple T-shirt,40
30065,Men,Charcoal,Winter,2016,Casual,Ed Hardy Men Grey Dial Watch,70
9258,Men,Green,Fall,2011,Formal,Mark Taylor Men Green Striped Shirt,67
54520,Men,White,Fall,2012,Casual,F Sports Men White Vito Shoes,3
10462,Men,White,Fall,2011,Casual,Flying Machine Men White Polo Tshirts,40
24657,Men,Brown,Summer,2016,Casual,Levis Men Pack of 3 Casual Socks,75
38208,Women,Grey,Winter,2016,Casual,Polaroid Women Sunglasses,113
40312,Unisex,White,Spring,2013,Casual,Warner Bros Kids White sandals,157
25785,Men,Blue,Summer,2012,Formal,Arrow Men Blue Suspenders,10
56277,Women,Maroon,Summer,2017,Casual,Biara Maroon Everyday Support Bra MW 1002,128
5495,Men,Green,Summer,2011,Casual,Mr.Men Men's Perfect Green Polo T-shirt,40
37240,Men,Brown,Summer,2012,Casual,United Colors of Benetton Men Brown Shoes,3
1809,Women,Blue,Fall,2010,Sports,Decathlon Profilter Women Blue T-shirt,40
21325,Men,Black,Winter,2016,Casual,Louis Philippe Men Aviator Sunglasses LP201-C2,113
15110,Men,Black,Fall,2011,Formal,Arrow Men TR Finish Black Trousers,86
45660,Men,Black,Summer,2016,Casual,Park Avenue Men Black Square Neck Vest,13
4547,Men,White,Summer,2011,Sports,Nike Men's Egoli White Black Shoe,26
36392,Men,Grey,Summer,2016,Casual,Reid & Taylor Men Grey Socks,75
17223,Women,Black,Winter,2016,Casual,United Colors of Benetton Women Funky Eyewear Black Sunglasses,113
47553,Women,Black,Winter,2012,Casual,Portia Women Black Heels,65
6674,Women,Black,Summer,2011,Sports,Nike Women Lunar Swift Black Shoe,26
54978,Women,Blue,Summer,2017,Casual,Femella Women Printed Blue Lounge Pants,68
35173,Unisex,Red,Summer,2015,Casual,Wildcraft Unisex Black & Red Duffel Bag,37
46481,Women,Lavender,Winter,2016,Casual,Timex Women Lavender Dial Watch,70
51436,Women,White,Summer,2012,Casual,Myntra Women White & Pink Top,49
13683,Men,Blue,Fall,2011,Sports,ADIDAS Men Adi Quest Blue Sports Shoes,26
54144,Women,Brown,Winter,2012,Casual,Rocia Women Brown Sandals,65
12751,Men,Blue,Fall,2011,Casual,Spykar Men Ep Jeans Blue Jeans,18
3306,Men,White,Spring,2011,Sports,Asics Men's Gel Phoenix 3 Running White Black Shoe,26
42021,Women,Black,Summer,2012,Casual,ADIDAS Women Black Vigor Shoes,3
32356,Men,Beige,Winter,2016,Casual,Q&Q Men Beige Dial Watch,70
56613,Women,Rust,Spring,2017,NA,Streetwear True Color Plush Plum Blusher,117
10006,Men,Black,Fall,2011,Sports,Nike Men AS T90 Black Tshirts,40
24233,Women,Brown,Fall,2012,Ethnic,La-Emotio Women Caramel Brown Kurta,87
9603,Men,Brown,Fall,2011,Casual,Scullers Men Scul Brown Black Shirts,67
33284,Men,White,Summer,2012,Casual,Arrow Sport Men Multi Coloured Striped Polo T-shirt,40
40776,Men,Black,Summer,2012,Casual,Quiksilver Men Black Flip Flops,81
21741,Unisex,White,Fall,2011,Casual,Vans Unisex Authentic Lo Pro White Casual Shoes,3
15574,Boys,Purple,Fall,2011,Casual,Chhota Bheem Kids Boys Best Friends Group TShirt,40
45204,Women,Purple,Winter,2016,Casual,CASIO ENTICER Women Purple Dial Watch A659 LTP-1294D-6ADF,70
4123,Unisex,White,Summer,2011,Casual,Puma Unisex Lo Punk White Green Red Shoe,3
37624,Boys,Navy Blue,Summer,2012,Casual,Madagascar3 Boys Navy Blue T-Shirt,40
53361,Women,Pink,Summer,2012,Casual,Puma Women Pink & Grey Backpack,64
56421,Women,Black,Summer,2017,Casual,Biara Women Black  Bra,128
32164,Women,Navy Blue,Summer,2017,Casual,Playboy Women Playmate Navy Blue Ankle Socks,75
40544,Women,Black,Winter,2016,Casual,Titan Raga Women Black Dial Watch,70
45036,Men,Black,Winter,2016,Casual,Maxima Attivo Men Black Dial Watch,70
4311,Unisex,Green,Summer,2011,Casual,Tantra Kid's Unisex Muscle Man Green Kidswear,40
21573,Men,Multi,Winter,2015,Casual,Lino Perros Men Pack of Five Pair Socks,75
59469,Women,Gold,Summer,2013,Casual,Lucera Gold Plated Ring,54
15746,Men,White,Spring,2013,Sports,Nike Men Ballista II White Sports Shoes,26
32958,Men,Charcoal,Summer,2012,Casual,Angry Birds Men Printed Charcoal Grey T-shirt,40
52081,Men,Grey,Summer,2012,Casual,Myntra Men Grey & Red T-shirt,40
14694,Men,Green,Fall,2011,Casual,Basics Men Green Trousers,86
37416,Women,White,Summer,2012,Casual,Murcia Women White Handbag,119
47761,Women,Black,Summer,2012,Casual,Murcia Women Black Handbag,119
6446,Men,Grey,Summer,2011,Casual,Lotto Men's Calcetto Grey Shoe,3
34293,Women,Orange,Summer,2012,Ethnic,Fabindia Women Orange Chanderi Dupatta,6
18865,Men,Red,Fall,2011,Casual,Puma Men Red Sports Heritage Sweatshirt,16
23224,Women,Cream,Fall,2011,Ethnic,Aneri Women Desire Cream Kurta,87
17011,Women,Silver,Winter,2012,Casual,Rocia Women Brown Heels,83
51604,Women,Navy Blue,Fall,2012,Casual,Kraus Jeans Women Navy Blue Jeans,18
3908,Women,Blue,Summer,2011,Casual,Urban Yoga Women's Fitted Yoga Blue Track Pant,12
7594,Women,Cream,Summer,2011,Sports,Nike Women's Air Max Peach Cream Shoe,26
35341,Women,Brown,Summer,2012,Casual,Senorita Women Brown Heels,65
18059,Women,Beige,Winter,2015,Casual,Lino Perros Women Solid Beige Wallet,170
30633,Men,Grey,Summer,2012,Casual,Nike Men Dark Grey T-shirt,40
3134,Women,Silver,Winter,2015,Casual,Catwalk Women Flat Studded Crystal Silver Flats,65
42213,Women,Orange,Summer,2012,Casual,Sepia Women Orange Top,49
39311,Men,Multi,Summer,2012,Casual,Converse Men Multi Coloured Flip Flop,81
44779,Men,White,Summer,2012,Casual,Lotto Men White Skateboard Shoes,3
14009,Men,Black,Fall,2011,Casual,Nike Men Printed Black Tshirts,40
58326,Women,White,Summer,2012,Casual,Lotto Women White Flip Flops,81
36359,Men,Blue,Summer,2012,Formal,Reid & Taylor Men Blue Tie,132
7309,Women,Pink,Summer,2011,Casual,UCB Women Quarter Sleeve Pink Top,49
30892,Women,White,Summer,2012,Ethnic,Fabindia Women Printed White & Orange Patiala,56
28051,Men,Grey Melange,Summer,2016,Casual,Jockey ELANCE Men Grey Melange Pack of 2 Briefs 1009,21
48988,Women,Silver,Summer,2012,Casual,Lucera Women Silver Ring,54
55439,Women,Pink,Spring,2017,Casual,Revlon Lilac Colorburst Lipstick 001,98
19716,Men,Blue,Fall,2011,Casual,United Colors of Benetton Men Solid Blue Shirt,67
49066,Women,Navy Blue,Summer,2012,Casual,Lino Perros Women Navy Blue Handbag,119
8341,Boys,Green,Fall,2011,Casual,Doodle Boy's Volleyball Champion Green White Kidswear,40
50977,Women,Beige,Summer,2017,Casual,Enamor Sand Coloured Lift Bra DB75,128
27019,Women,Blue,Summer,2012,Casual,Jealous 21 Women Washed Light Blue Jeans,18
22759,Women,White,Fall,2011,Ethnic,BIBA Women Printed White Kurta,87
50379,Women,White,Summer,2012,Ethnic,Vishudh Women Black & White Salwar and Dupatta,127
28263,Men,Blue,Spring,2017,Casual,Gatsby Men Aqua Deo,154
19524,Men,Blue,Fall,2011,Casual,United Colors of Benetton Men Solid Blue Sweater,155
7907,Men,Grey,Fall,2011,Casual,Proline Men Grey Polo T-shirt,40
48386,Men,Black,Summer,2012,Casual,French Connection Men Black Jeans,18
33419,Women,Teal,Summer,2012,Casual,Baggit Women Sprinkle Dum Teal Sling Bag,119
58928,Women,Olive,Summer,2010,Casual,Ivory Tag Olive Dip Sling Bag,119
37885,Unisex,Red,Summer,2016,Casual,Happy Socks Unisex Pack of 2 Socks,75
36957,Men,White,Summer,2012,Sports,Force 10 Men White Sports Shoes,26
39123,Women,White,Fall,2012,Casual,Aneri Women White Leggings,161
57960,Women,Beige,Summer,2012,Ethnic,Prafful Beige Printed Sari,20
45499,Women,Navy Blue,Summer,2012,Casual,Fila Women Navy Blue Savari 3/4th Pants,61
34258,Men,Navy Blue,Summer,2013,Sports,Proline Men Navy Tracksuit,101
28607,Men,White,Summer,2012,Sports,Nike Men Dart VII White Sports Shoes,26
16108,Men,Brown,Winter,2016,Casual,M tv Men My Fab Eyewear Brown Sunglasses,113
18092,Men,Navy Blue,Summer,2016,Casual,Crusoe Men Tanga Navy Blue Brief,21
49630,Women,Blue,Summer,2012,Casual,Mineral Blue Dress,166
8517,Unisex,Navy Blue,Summer,2011,Sports,Nike Unisex Ultimatum Max Navy Blue Backpacks,64
19140,Men,Black,Fall,2011,Casual,Lotto Men Sting Black Sandals,157
25118,Women,Black,Winter,2015,Casual,Lino Perros Women Beaded Black Clutch,50
39547,Men,Red,Summer,2012,Casual,Numero Uno Men Red Flip Flops,81
52876,Women,Multi,Fall,2012,Ethnic,FNF Multi Coloured Printed Sari,20
44913,Men,White,Summer,2012,Casual,Puma Men White Track Pants,12
25924,Women,Orange,Summer,2012,Casual,Femella Women Orange T-shirt,40
58570,Men,Green,Summer,2012,Casual,Puma Men Green T-shirt,40
33841,Men,White,Summer,2012,Casual,Puma Men Drift Cat White Shoes,3
5208,Men,White,Summer,2011,Casual,Superman Men's Crew White T-shirt,40
39775,Men,White,Summer,2012,Casual,Peter England Men White Casual Shirt,67
5806,Women,Red,Summer,2011,Casual,ADIDAS Women's Graphic Red T-shirt,40
59690,Women,Grey,Summer,2014,Casual,Avirate Grey Bra,128
11923,Men,Brown,Summer,2011,Formal,Franco Leone Men Formal Brown Formal Shoes,23
58742,Men,Mushroom Brown,Summer,2012,Casual,Puma Men Mushroom Brown T-shirt,40
28435,Women,White,Winter,2016,Casual,DKNY Women White Dial Chronograph Watch NY8102,70
43904,Men,Blue,Summer,2012,Casual,Arrow Sport Men Blue Check Shirt,67
47598,Women,Black,Winter,2012,Casual,Portia Women Black Wedges,65
55861,Women,Green,Spring,2017,Casual,Colorbar Moss Agate Nail Lacquer 93,90
13648,Men,Silver,Fall,2011,Sports,ADIDAS Silver Astar ride 3M Sports Shoe,26
34856,Men,Black,Summer,2012,Casual,Vans Men Classic Slip-On Black Shoes,3
35984,Women,Blue,Summer,2012,Casual,Flying Machine Women Printed Cobalt Blue Top,49
19372,Men,Brown,Winter,2018,Formal,Redtape Men Brown Formal Shoes,23
22933,Women,White,Winter,2016,Casual,Fastrack Women White Casual Watch,70
8725,Men,Black,Fall,2011,Casual,Indigo Nation Men Checks Shirt Black Shirts,67
6479,Men,Black,Summer,2011,Casual,ADIDAS Men's Fresh Blue T-shirt,40
29721,Men,Purple,Summer,2012,Formal,John Miller Men Check Purple Shirt,67
3937,Women,Pink,Summer,2011,Casual,Jealous 21 Women's Pink Miss T-shirt,40
19988,Women,Grey,Fall,2011,Casual,United Colors of Benetton Women Solid Grey Top,49
17812,Men,Multi,Fall,2011,Casual,Chhota Bheem Kids Boy Krishna Balram Multi Tshirt,40
9431,Men,Grey,Summer,2011,Sports,Decathlon Men Quechua Grey Sports Shoes,26
48716,Women,Gold,Summer,2013,Casual,Lucera Gold Plated Earrings,143
45835,Women,Blue,Summer,2012,Ethnic,Vishudh Women Blue Kurta,87
52882,Women,White,Summer,2012,Ethnic,FNF Printed Peach Sari,20
38461,Women,Brown,Summer,2012,Casual,Baggit Women Brown Wallet,170
45009,Men,Steel,Winter,2016,Casual,Maxima Men Steel Dial Digital Multifunction Watch,70
59456,Women,Silver,Summer,2013,Casual,Lucera Silver Ring,54
15779,Men,Blue,Summer,2016,Casual,Facit Men Blue String Bikini Briefs,21
32967,Men,Grey,Summer,2012,Casual,Angry Birds Men Printed Grey T-shirt,40
37429,Women,Lavender,Summer,2012,Casual,Murcia Women Lavender Handbag,119
39781,Men,White,Summer,2012,Formal,Peter England Men Striped White Formal Shirt,67
32369,Men,Black,Winter,2016,Casual,Q&Q Men Black Dial Watch,70
4920,Women,Pink,Summer,2011,Casual,Gini and Jony Girl's Veeya Pink Infant Kidswear,49
10039,Men,White,Fall,2011,Sports,Reebok Men Raceon White Sports Shoes,26
40749,Women,Blue,Winter,2012,Casual,Roxy Women Blue Flip Flops,81
38653,Men,Black,Summer,2012,Casual,Nike Men Avid Black Casual Shoes,3
59664,Women,Purple,Fall,2012,Ethnic,FNF Purple & Blue Printed Sari,20
10805,Men,Black,Fall,2011,Casual,Wrangler Men Rider Solid Black Shirts,67
14499,Men,Green,Fall,2011,Casual,Flying Machine Men Casual Green Casual Shoes,3
23029,Men,Blue,Fall,2011,Formal,Arrow Men Blue Striped Shirt,67
54947,Men,Off White,Summer,2012,Casual,Do u speak green Men Cream T-shirt,40
7799,Men,White,Fall,2011,Casual,Puma Men's Manilla Hi White Shoe,3
55895,Women,Pink,Spring,2017,Casual,Colorbar Rasmopolitan Nail Lacquer 03,90
29513,Women,White,Winter,2016,Casual,Playboy Women White Dial Watch,70
42822,Women,Black,Summer,2012,Casual,Little Miss Intimates Women Black Brief,21
51409,Men,Turquoise Blue,Summer,2012,Casual,Myntra Men Turquoise Blue Striped Shirt,67
48524,Women,White,Summer,2012,Casual,French Connection Women White Dress,166
23815,Men,Black,Fall,2011,Casual,Puma Men Evo Black Casual Shoes,3
18254,Women,Green,Fall,2011,Ethnic,Aneri Women Protima Green Kurta,87
27489,Women,White,Fall,2015,Casual,Jockey Women White Bikini Briefs,21
19386,Men,Red,Fall,2011,Casual,Reid & Taylor Men Check Red Muffler,147
35970,Men,Black,Summer,2012,Casual,Flying Machine Men Tee Black T-shirt,40
3339,Men,White,Summer,2011,Casual,Myntra Hero Within White T-shirt,40
24668,Unisex,Navy Blue,Summer,2010,Casual,Converse Unisex Neon Print Navy Blue Casual Shoes,3
38237,Unisex,Brown,Winter,2016,Casual,Polaroid Unisex Sunglasses,113
15913,Men,White,Fall,2011,Formal,Black Coffee Men Stripes White Shirt,67
56248,Men,Black,Summer,2016,Casual,SDL by Sweet Dreams Men Black Lounge Set,146
1836,Men,Silver,Fall,2010,Sports,Nike Air Visi Sleek Shoes,26
4578,Men,Red,Summer,2011,Sports,Nike Men's Mercurial Gli Red Pink Shoe,26
26903,Women,Pink,Summer,2012,Casual,Jealous 21 Women Pink Top,49
29177,Boys,Blue,Summer,2012,Casual,United Colors of Benetton Boys Blue Shorts,47
17678,Women,Blue,Winter,2015,Casual,Catwalk Women Buckel Blue Flats,65
30866,Women,Red,Summer,2012,Ethnic,Fabindia Women Red Kurta,87
47108,Boys,Black,Fall,2012,Casual,Marvel Boys Black Sandals,157
49092,Women,Coffee Brown,Spring,2017,Casual,Deborah 24 Ore Lip Liner 219,134
31188,Men,Black,Summer,2012,Casual,Cabarelli Men Black Wallet,170
50983,Women,Pink,Summer,2017,Casual,Enamor Women Pink Nightdress,7
9267,Men,Blue,Fall,2011,Casual,Scullers Men Scul Blue Shirts,67
28899,Women,Blue,Summer,2012,Casual,Enamor Women Blue Mid-Rise Bikini Brief,21
48140,Women,Brown,Winter,2016,Casual,Fossil Women Brown Wallet,170
18630,Men,Red,Fall,2011,Casual,Puma Men GP Buddh Logo Polo Red Tshirts,40
29345,Men,Navy Blue,Summer,2012,Casual,Probase Men Printed Navy Blue T-shirt,40
12904,Men,Red,Fall,2011,Sports,Puma Men Future Cat M1 Engine Red Sports Shoes,26
9869,Men,Grey,Fall,2011,Casual,Status Quo Men Grey Polo Tshirts,40
28297,Men,Black,Winter,2016,Casual,Fastrack Men Black Sunglasses,113
42648,Women,Black,Summer,2012,Ethnic,Alma Women Black Printed Kurta,87
8187,Men,Blue,Summer,2011,Casual,Locomotive Men Solid Poplin Laibrook Blue Shirts,67
12138,Women,Green,Fall,2011,Ethnic,Aurelia Women Solid Green Kurtas,87
6821,Men,Brown,Summer,2011,Casual,Timberland Men City Brown Floater,157
18402,Men,Black,Fall,2011,Casual,Skechers Men USA Black Shoe,3
9055,Men,White,Fall,2011,Sports,ADIDAS Men Adi Fiero M White Sports Shoes,26
48372,Men,Brown,Summer,2012,Casual,French Connection Men Brown Check Shirt,67
38005,Men,Pink,Winter,2016,Casual,Q&Q Men Pink Dial Watch,70
37871,Men,Black,Summer,2012,Casual,Hidekraft Men Black Wallet,170
25588,Women,Green,Fall,2011,Ethnic,Vishudh Women Green & Purple Printed Churidar Kurta with Dupatta,109
21914,Women,Off White,Fall,2011,Ethnic,Biba Women Off-White & Brown Printed Churidar Kurta with Dupatta,109
40923,Boys,Blue,Summer,2012,Casual,Gini and Jony Boys Jeans Blue Jeans,18
53508,Women,White,Winter,2015,Casual,Amante White Full-Coverage Bra BFOM12,128
38839,Women,Olive,Summer,2012,Casual,Latin Quarters Women Black Printed Dress,166
5698,Men,Brown,Winter,2015,Casual,Skechers Men's Liquid Roggers Brown Shoe,3
57994,Women,Brown,Fall,2012,Casual,Latin Quarters Women Brown Printed Dress,166
56846,Men,Blue,Fall,2012,Casual,John Players Men Blue Jeans,18
59032,Women,Bronze,Winter,2012,Casual,Carlton London Women Gold Toned Heels,65
21128,Women,Blue,Fall,2011,Casual,s.Oliver Women Printed Blue Top,49
1944,Men,Blue,Fall,2010,Casual,Puma Mens Reggae All Night Blues T-shirt,40
53648,Women,Beige,Summer,2012,Casual,Kiara Women Beige Handbag,119
59372,Women,Grey,Summer,2012,Ethnic,Vishudh Women Grey Printed Kurta,87
21268,Unisex,Black,Fall,2011,Casual,Footloose Unisex Black Mojo Backpack,64
38345,Boys,Off White,Summer,2012,Casual,Superman Boys Off White & Navy Blue T-shirt,40
39297,Men,Black,Winter,2018,Casual,Red Chief Men Black Sandals,157
15861,Unisex,Blue,Fall,2011,Casual,Warner Bros Kids Unisex SD Nightmare Flop Blue Slippers,81
51923,Women,Pink,Summer,2016,Casual,Nyk Women Pink Abelia Handbag,119
19690,Men,Grey,Fall,2011,Casual,United Colors of Benetton Men Solid Grey Shirt,67
12278,Men,Maroon,Fall,2011,Formal,Genesis Men Solid Maroon Shirts,67
18742,Women,Brown,Fall,2011,Casual,Arrow Woman Boho Brown Top,49
48032,Men,Black,Winter,2016,Casual,Nautica Men Black Dial Chronograph Watch,70
26871,Women,White,Summer,2012,Casual,Jealous 21 Women Printed White Top,49
34588,Women,Cream,Summer,2012,Casual,Tonga Women Cream Dress,166
30914,Women,Purple,Summer,2012,Ethnic,Fabindia Women Purple Kurti,115
7881,Men,Black,Summer,2011,Formal,Provogue Men's Formal Black Shoe,23
9127,Women,White,Fall,2011,Sports,Puma Women Cell Varex SL White Sports Shoes,26
48200,Men,Black,Winter,2016,Casual,United Colors of Benetton Men Black Sunglasses,113
18570,Men,Red,Fall,2011,Casual,Puma Men Boot Red T-shirt,40
13198,Men,Blue,Fall,2011,Sports,ASICS Men Gel DS Sky Speed 2 Running Blue Sports Shoes,26
6953,Women,Blue,Summer,2011,Casual,s.Oliver Women's Striped Light Blue Top,49
12876,Men,Black,Fall,2012,Formal,Provogue Men Formal Black Formal Shoes,23
35668,Men,Brown,Summer,2012,Casual,U.S. Polo Assn. Men Brown Flip Flops,81
29237,Women,Black,Summer,2012,Casual,Puma Women Black Mabel Flats,83
17538,Men,Red,Fall,2011,Formal,Mark Taylor Men Red & White Striped Shirt,67
47248,Men,Orange,Summer,2013,Casual,Playboy Men Orange Casual Shoes,3
20188,Men,Grey,Fall,2011,Casual,Wrangler Men Adore Grey Shirt,67
39899,Men,Brown,Summer,2012,Casual,ADIDAS Men Brown Sandals,114
41983,Boys,White,Summer,2012,Casual,Gini and Jony Boys Around The World White T-shirt,40
56934,Women,Silver,Winter,2012,Casual,HM Women Silver Flats,65
4638,Women,White,Summer,2011,Sports,ADIDAS Women Phantom Low Pink Grey White Shoe,26
24528,Men,White,Fall,2011,Casual,Mother Earth Men White Shirt,67
37903,Men,Black,Spring,2017,Casual,24 Men Black Classic Natural Spray EDT Perfume,38
38177,Men,Black,Winter,2016,Casual,Miami Blues Men Sunglasses,113
56108,Women,Maroon,Spring,2017,Casual,Colorbar Mettalics Bare Necessity Lip Gloss 001,59
9543,Men,Red,Fall,2011,Sports,Nike Men Red Polo Tshirts,40
17960,Men,Black,Fall,2011,Casual,Puma Men Hopper Black Sandal,157
48664,Women,Silver,Summer,2013,Casual,Lucera Women Silver Earrings,143
3079,Men,Pink,Summer,2011,Casual,Probase Men's Player Pink T-shirt,40
8491,Women,White,Fall,2011,Casual,Forever New Women Porcelain White Top,49
28781,Women,Brown,Summer,2017,Casual,Enamor Women Pack of 2 Briefs,21
29653,Men,Blue,Summer,2012,Formal,Indigo Nation Men Striped Blue Shirt,67
3845,Men,Brown,Summer,2011,Casual,Wrangler Men's Wild Horse Brown T-shirt,40
59524,Women,Silver,Summer,2015,Casual,Lucera Silver Earrings,143
32815,Women,Brown,Winter,2012,Casual,iPanema Women Temas Brown Flip Flops,81
45947,Women,Blue,Summer,2012,Casual,Tokyo Talkies Women Blue Top,49
44895,Men,Green,Summer,2012,Casual,Puma Men Green Polo Neck T-shirt,40
10379,Women,Red,Fall,2011,Casual,United Colors of Benetton Women Solid Red T-shirt,40
40409,Women,Black,Summer,2012,Casual,Tonga Women Black & Cream-Coloured Striped Top,49
53822,Women,Black,Fall,2012,Casual,Ayaanay_Women_New_2013_Tunics_Size_Chart.jpg,148
45349,Women,Pink,Summer,2016,Casual,Cobblerz Women Pink Sandals,65
15439,Women,Black,Fall,2011,Casual,Hidekraft Women Leather Black Handbags,119
59716,Women,Black,Summer,2012,Casual,Avirate Black Babydoll Nightdress,7
37769,Men,White,Summer,2012,Casual,John Players Men Stripes White Shirt,67
11099,Women,Black,Fall,2011,Ethnic,Scullers Women Solid Black Leggings,161
4852,Unisex,Purple,Summer,2012,Casual,Newfeel Unisex Purple White Shoes,3
5980,Men,Grey,Summer,2011,Casual,Locomotive Men Charcoal Stripe Shirt,67
54009,Women,Black,Summer,2012,Casual,Kiara Women Black Handbag,119
18326,Men,Black,Fall,2011,Casual,Wills Lifestyle Men Check Black Shirt,67
2399,Men,Black,Winter,2018,Casual,Red Tape Black Men's Semi Casual Shoe,3
9771,Men,Blue,Fall,2011,Casual,ADIDAS Men Adna Blue Jackets,145
48456,Men,White,Summer,2012,Casual,French Connection Men White Printed T-shirt,40
23967,Men,Blue,Fall,2011,Casual,Peter England Men Blue Casual T-shirt,40
49584,Women,Black,Winter,2015,Casual,Catwalk Women Black Heels,65
35802,Women,Mustard,Summer,2012,Casual,Enroute Women Mustard Flats,65
6739,Unisex,Brown,Summer,2011,Casual,Nike Unisex Solarsoft Thong Brown Flip Flop,81
43882,Women,White,Summer,2010,Casual,Puma Women El Rey Slipon Stripes Wns White Flats,83
29461,Women,White,Winter,2016,Casual,Giordano Women White Dial Watch,144
42950,Men,Brown,Summer,2012,Casual,French Connection Men Brown Belt,9
17994,Women,Navy Blue,Fall,2009,Sports,Puma Women Essential Skinny Navy Blue Track Pant,12
13508,Men,Grey,Fall,2011,Casual,Chimp Men Who's your papaji Grey Tshirts,40
19032,Women,Beige,Winter,2015,Casual,Catwalk Women Beige Spectator Shoes,83
49742,Men,Copper,Summer,2012,Formal,Park Avenue Men Copper Tie,132
16846,Men,Brown,Winter,2016,Casual,Idee Men Funky Eyewear Brown Sunglasses,113
31658,Men,White,Summer,2012,Casual,Indigo Nation Men Printed White Shirt,67
8465,Girls,Purple,Fall,2011,Casual,Doodle Girls's Princess Purple Teen Top,40
2963,Men,White,Fall,2010,Sports,Puma Men's Basket Biz White & Blue Shoe,26
28775,Women,Red,Summer,2012,Ethnic,Aurelia Women Printed Red Kurti,115
52138,Women,Red,Summer,2012,Casual,Femella Women Pale Red Polo T-Shirt,40
25856,Women,Black,Summer,2012,Ethnic,Diva Women Black Floral Print Kurti,87
24984,Men,Navy Blue,Summer,2012,Casual,United Colors of Benetton Men Navy Blue Printed T-shirt,40
20518,Women,Purple,Winter,2015,Casual,Baggit Women Galaxy Taj Purple Handbag,119
33933,Women,Black,Winter,2016,Casual,Citizen Women Black Dial Watch,70
52904,Women,Red,Fall,2012,Ethnic,FNF Printed Red Sari,20
56598,Women,Green,Spring,2017,Casual,Streetwear Stay On Emerald Eye Pencil 01,11
44861,Men,Green,Summer,2012,Casual,Puma Men Green T-shirt,40
11851,Men,Grey,Summer,2012,Casual,Playboy Men Grey Flip Flops,81
5148,Women,Yellow,Summer,2011,Casual,Wrangler Women's Sequin Butter Cup T-shirt,40
25258,Women,Off White,Summer,2012,Casual,Lino Perros Women Leatherette Off White Handbag,119
39607,Women,Gold,Winter,2015,Casual,Catwalk Women Gold Heels,65
5974,Men,Green,Summer,2011,Casual,Locomotive Men Green Black White Checked Shirt,67
57678,Women,White,Spring,2017,NA,Lotus Herbals Whiteglow Skin Micro-Emulsion,42
34924,Women,Green,Summer,2012,Ethnic,Fabindia Green Dupatta,6
9785,Women,Navy Blue,Summer,2011,Sports,Urban Yoga Women Summer Bottoms Navy Blue Track Pants,12
49570,Men,Black,Summer,2012,Formal,Reid & Taylor Men Black & Brown Reversible Belt,9
22841,Men,Brown,Summer,2012,Casual,Woodland Men Brown Shoes,3
42198,Women,Beige,Summer,2012,Casual,Sepia Women Beige Tunic,148
19200,Men,Blue,Fall,2011,Casual,United Colors of Benetton Men Check Blue Shirt,67
34118,Girls,Black,Summer,2012,Casual,Doodle Girls Washed Black Shorts,47
28547,Men,Black,Summer,2012,Casual,Nike Men Icon Black T-shirt,40
43876,Men,White,Summer,2010,Casual,Puma Men White 3.0 Mid Shoes,3
29495,Women,Blue,Winter,2016,Casual,Giordano Women Chronograph Blue Dial Watch,70
16248,Women,Black,Fall,2011,Casual,Crocs Patricia Women Black Sandal,81
46538,Women,White,Summer,2017,Casual,Timex Women Pearly White Dial Watch,70
55913,Women,Bronze,Spring,2017,Casual,Colorbar Top Coat Nail Lacquer 69,90
58254,Women,Teal,Summer,2012,Casual,Baggit Women Teal Purse,50
33759,Women,Yellow,Summer,2012,Casual,Vero Moda Women Viva Yellow Top,49
11409,Men,Red,Fall,2011,Casual,United Colors of Benetton Men Light Winter Red Tshirts,40
15895,Girls,Pink,Fall,2011,Casual,Warner Bros Kids Girls TW Flower Flops Pink Slippers,81
39263,Men,Black,Winter,2018,Formal,Red Chief Men Black Formal Shoes,23
41379,Women,Red,Summer,2012,Casual,Wrangler Women Red Rosy Top,49
49114,Women,Beige,Spring,2017,Casual,Deborah Beige Couture 18 Atomic Red Lipstick,98
19664,Men,Black,Fall,2011,Casual,United Colors of Benetton Men Black T-shirt,40
54499,Women,Brown,Summer,2012,Casual,Lino Perros Women Brown Handbag,119
49928,Women,Beige,Fall,2012,Ethnic,Fabindia Beige Hand Printed Sari,20
31832,Men,White,Winter,2016,Casual,Titan Men Chronograph White Dial Watch,70
26885,Women,Purple,Summer,2012,Casual,Jealous 21 Women Printed Mauve Top,49
27957,Men,Black,Summer,2018,Casual,Jockey Sport Performance  Men Black Trunks SP04,106
50039,Women,Nude,Winter,2015,Casual,Hanes Women Nude Concealing Petals Wirefree Moulded Bra,128
28123,Men,Grey,Summer,2016,Casual,Jockey MC Men Pack Of 2Briefs 8003,21
7875,Men,Black,Fall,2011,Sports,Proline Men Black Comfort Fit Sports Shorts,47
19456,Men,Grey,Summer,2012,Casual,Quiksilver Men Printed Grey T-shirt,40
49326,Women,Black,Winter,2016,Casual,DKNY Women Black Dial Watch NY4620,70
18584,Women,Blue,Fall,2011,Casual,Puma Women Blue Pair of 2 Socks,75
27359,Men,Black,Fall,2011,Casual,Tantra Men After The Fight Black T-shirt,40
7049,Men,Blue,Summer,2011,Casual,s.Oliver Men White & Blue Check Shirt,67
12882,Men,White,Fall,2011,Sports,Fila Men Sports White Shoes,26
13950,Women,White,Summer,2011,Casual,United Colors of Benetton Women Printed White Tops,49
57812,Women,Brown,Summer,2012,Casual,United Colors of Benetton Women Brown Jumpsuit,78
14349,Women,Gold,Winter,2015,Casual,Catwalk Women Casual Gold Flats,65
41977,Boys,White,Summer,2012,Casual,Gini and Jony Boys Beach White Shorts,47
36019,Men,Brown,Summer,2015,Casual,OTLS Men Brown Leather Belt,9
40099,Men,Grey,Summer,2012,Casual,ADIDAS Men Grey T-shirt,40
20940,Women,Black,Fall,2011,Casual,ADIDAS Women Spring Black Flip Flops,81
38183,Women,Brown,Winter,2016,Casual,Miami Blues Women Sunglasses,113
59988,Women,Black,Fall,2012,Party,Avirate Black & Silvery Grey Dress,166
21892,Women,Purple,Fall,2011,Ethnic,BIBA Women Printed Purple Kurta,87
36825,Women,Purple,Summer,2012,Ethnic,Vishudh Women Purple Kurta,87
54036,Women,Charcoal,Summer,2012,Casual,Kiara Women Charcoal Handbag,119
18319,Men,Maroon,Summer,2011,Casual,Wills Lifestyle Men Check Maroon Shirt,67
48469,Women,Black,Summer,2012,Casual,French Connection Black Dress,166
43081,Women,Navy Blue,Summer,2012,Casual,Nike Women Navy Blue Track Pant,12
30573,Men,Blue,Winter,2016,Casual,Opium Men Aviator Blue Sunglasses,113
3274,Men,Brown,Summer,2011,Casual,Guerrilla Men's Luchador Coffee T-shirt,40
12623,Men,Green,Fall,2011,Casual,Probase Men Printed Green Tshirts,40
47421,Women,Black,Summer,2012,Casual,Baggit Women Black Handbag,119
6706,Women,Pink,Summer,2011,Casual,UCB Women's Epaulettes On Sleeve Pink T-shirt,40
23164,Men,Black,Fall,2011,Casual,Mark Taylor Men Black Printed T-shirt,40
50496,Men,White,Summer,2016,Casual,Chromozome Men White Innerwear Vest,13
51544,Women,Brown,Winter,2016,Casual,Fastrack Women Brown Watch,70
16283,Men,White,Fall,2011,Casual,Peter England Men Printed White TShirt,40
35001,Women,Beige,Summer,2012,Ethnic,Fabindia Women Printed Beige & Black Stole,84
45376,Women,Brown,Summer,2016,Casual,Cobblerz Women Brown Sandals,65
4051,Men,Yellow,Summer,2011,Casual,Myntra Men's Eagle Emblem Yellow T-shirt,40
15406,Men,White,Fall,2011,Sports,FILA Men FILA Boston White Sports Shoes,26
59729,Women,Skin,Summer,2014,Casual,Avirate Beige Wired Corset Shapewear,15
5183,Men,Navy Blue,Summer,2011,Casual,Mickey Men's Donald Jumps Bring It On Navy T-shirt,40
25293,Women,Brown,Summer,2012,Casual,Lino Perros Women Small Brown Handbag,119
32224,Women,Blue,Summer,2012,Ethnic,Fabindia Women Striped Blue Kurta,87
40604,Women,Green,Summer,2012,Ethnic,Span Women Green Kurta,87
10174,Men,Black,Fall,2011,Casual,United Colors Of Benetton Men Latnam Black Casual Shoes,3
24341,Men,White,Fall,2011,Sports,ADIDAS Men White T-shirt,40
21401,Men,Red,Fall,2011,Casual,Locomotive Men Printed Red T-shirt,40
15634,Men,Navy Blue,Fall,2011,Casual,Nike Men AS AD Club Pique Polo Navy Blue Tshirts,40
45144,Women,Black,Winter,2016,Casual,CASIO ENTICER Women Black Dial Analogue Watch A443,70
4263,Women,Red,Summer,2011,Casual,Jealous 21 Women's I am Cute When I am Angry Red T-shirt,40
37564,Girls,Pink,Summer,2012,Casual,Madagascar3 Pink Girls Innerwear Vest,13
44096,Men,Grey,Spring,2017,Casual,BOSS Men Grey Deo,154
53021,Women,Beige,Fall,2012,Ethnic,FNF Beige Sari,20
11294,Men,Blue,Spring,2013,Casual,Wrangler Men Blue Floyd Jeans,18
56553,Women,Red,Spring,2017,NA,Streetwear Mineral Coral Glow Lip Gloss,59
57481,Men,White,Summer,2012,Casual,ID Men White & Blue Casual Shoes,3
10346,Women,Purple,Fall,2011,Casual,United Colors of Benetton Women Printed Purple Tshirts,40
24173,Women,Green,Fall,2011,Ethnic,Aurelia Women Printed Green Kurti,115
40436,Women,Black,Summer,2012,Casual,Tonga Women Black & White Printed Top,49
2194,Men,Black,Fall,2010,Sports,Adidas Men Stripe Polo Shirt,40
30741,Men,Brown,Summer,2012,Ethnic,Fabindia Men Brown Silk Sleeveless Jacket,63
12411,Men,Black,Fall,2011,Casual,Reid & Taylor Men Solid Black Wallets,170
26624,Women,Purple,Summer,2012,Sports,Puma Women Bodytrain Purple Sports Shoes,26
3046,Men,Maroon,Summer,2011,Casual,Tantra Men's Dirty Man Burgendy T-shirt,40
31693,Men,Brown,Summer,2012,Formal,Ganuchi Men Brown Shoes,23
49789,Men,Red,Summer,2012,Casual,Flying Machine Men Red Cap,93
17163,Men,Green,Fall,2011,Casual,U.S. Polo Assn. Men Green Check Shirt,67
47613,Women,Brown,Winter,2012,Casual,Portia Women Brown Heels,65
18917,Men,Blue,Fall,2011,Casual,Levis Men Work Western Blue Shirt,67
6534,Women,Blue,Summer,2011,Sports,Nike Women's Border Blue T-shirt,40
35233,Men,Black,Summer,2013,Casual,Fortune Men Black Formal Shoes,23
51776,Women,White,Summer,2016,Casual,Bwitch Women White Brief,21
22284,Women,Gold,Winter,2012,Casual,Inc. 5 Women Casual Golden Heels,65
53445,Women,Red,Summer,2012,Casual,ADIDAS Women Red Neo Tread Flip Flops,81
38974,Men,Black,Summer,2012,Formal,Arrow New York Men Black Check Slim Fit Shirt,67
15250,Men,Red,Fall,2011,Casual,ADIDAS Originals Men SL 72 Red Casual Shoes,3
4607,Unisex,Blue,Winter,2015,Casual,Wildcraft Wiki 3 Unisex Blue Backpack,64
10722,Men,White,Summer,2011,Casual,Nike Men Casual short sleeve tshirt White Tshirts,40
24517,Women,Brown,Fall,2011,Ethnic,Mother Earth Women Brown Printed Kurta,87
38148,Unisex,Black,Summer,2015,Casual,Vital Gear Unisex Techno Black Backpack,64
58891,Men,Lavender,Summer,2012,Casual,Hakashi Men Lavender Tie,132
41180,Women,Orange,Summer,2012,Casual,Allen Solly Woman Check Brown Shirt,40
32472,Unisex,White,Summer,2012,Sports,ADIDAS Unisex White Socks,75
59943,Men,Black,Fall,2012,Casual,Vans Men Black & Red Casual Shoes,3
56137,Women,Green,Spring,2017,Casual,Colorbar Green Stroke Eye Shadow,76
12075,Women,Cream,Fall,2011,Ethnic,W Women Printed Cream Kurtas,87
26240,Men,Grey,Summer,2012,Sports,Proline Grey Shorts,47
3422,Men,Black,Summer,2011,Casual,Myntra Mens Badge Final T-Shirt,40
42705,Women,Brown,Winter,2012,Casual,Rocia Women Brown Sandals,83
9118,Women,Silver,Fall,2011,Sports,Puma Women Axis Silver Sports Shoes,26
30325,Men,Black,Summer,2012,Casual,Myntra Men Excuse Me Moron Black T-shirt,40
27392,Men,White,Summer,2016,Casual,2go Active Gear USA Men Pack Of 3 T-shirt,40
54660,Women,Black,Winter,2016,Casual,Fastrack Women White Dial  Watch,70
12849,Girls,White,Fall,2011,Casual,Ant Kids Girls Butterfly Print White Dresses,166
35657,Men,Brown,Summer,2013,Casual,U.S. Polo Assn. Men Brown Shoes,23
7082,Unisex,Red,Winter,2015,Casual,Wildcraft Unisex Wiki 2 Red Backpack,64
9924,Women,Black,Fall,2011,Casual,Puma Women Black Avenue Shopper Handbag,119
17507,Men,Black,Fall,2011,Casual,Classic Polo Men Stripes Black Polo T-Shirt,40
47277,Men,Grey,Summer,2016,Casual,FCUK Underwear Grey Striped Boxers,122
34785,Men,Grey,Summer,2012,Casual,Fila Men Benton Grey Sandals,114
6150,Unisex,Silver,Summer,2011,Sports,Puma Unisex Tornado Silver Navy Shoes,26
3610,Unisex,Green,Summer,2011,Casual,Converse Unisex Chuck Taylor Check HI Green Canvas Shoe,3
42537,Women,Black,Summer,2012,Ethnic,Mother Earth Women Black Kurta,87
12247,Men,Navy Blue,Fall,2011,Formal,Genesis Men Stripes Navy Blue Shirts,67
55580,Women,Skin,Spring,2017,Casual,Revlon Touch & Glow Gold Matte Moisturising Powder 69,1
26072,Men,Blue,Summer,2012,Formal,John Miller Men Striped Blue Shirt,67
13395,Men,Purple,Summer,2011,Casual,United Colors of Benetton Men Check Purple Shirts,67
30117,Men,White,Summer,2012,Casual,Flying Machine Men Printed White T-shirt,40
35465,Men,Blue,Fall,2012,Casual,Franco Leone Men Blue Shoes,3
47045,Women,Green,Summer,2012,Ethnic,Shree Women Green & Purple Jodhpuri Salwar,71
6362,Men,Blue,Summer,2011,Casual,Numero Uno Men's Dark Blue Shoe,3
23500,Men,White,Summer,2011,Sports,FILA Men Hostile White Sports Shoes,26
17735,Unisex,Black,Summer,2012,Casual,Puma Unisex Miami III Black & Beige Flip Flops,81
53677,Women,Blue,Summer,2012,Casual,Kiara Women Blue Handbag,119
20385,Women,Purple,Winter,2015,Casual,Baggit Women Flare Baby Purple Handbag,119
37332,Women,White,Winter,2016,Casual,DKNY Women White Dial Watch NY8482,70
45712,Men,Blue,Spring,2017,Casual,4711 Vapo Men Perfume,38
4435,Men,White,Summer,2011,Casual,Mickey Men's Mickey Hand Sketch Illustrat White T-shirt,40
21257,Unisex,Blue,Fall,2011,Casual,Footloose Unisex Jump Duffle Blue Travel Bag,37
15062,Men,Brown,Fall,2011,Casual,Franco Leone Men Brown Sandal,157
40260,Men,Blue,Summer,2012,Casual,Scullers Men Check Blue Shirt,67
10510,Women,Grey,Fall,2011,Casual,Flying Machine Women RN HS Grey Tshirts,40
24725,Unisex,Purple,Summer,2012,Casual,United Colors of Benetton Unisex Purple Backpack,64
56305,Women,Blue,Winter,2015,Casual,Biara Blush Teenage Girl Blue Briefs,21
32640,Men,White,Summer,2012,Sports,Nike Men Striped White & Black T-shirt,40
5721,Men,Blue,Summer,2011,Casual,Basics Men Blue & White Striped Polo T-shirt,40
44406,Men,Brown,Fall,2012,Sports,Force 10 Men Brown Shoes,26
38980,Men,Blue,Summer,2012,Formal,Arrow Men Blue Check Shirt,67
58059,Women,Silver,Fall,2012,Casual,Rreverie Silver Earrings,143
14376,Women,Black,Winter,2015,Casual,Catwalk Women Black Ballerinas,83
20143,Men,White,Summer,2011,Casual,Wrangler Men Bull Classic Striped White Shirt,67
21091,Men,Brown,Summer,2011,Casual,Clarks Men Manly Alpine Brown Casual Shoe,3
52563,Women,Red,Summer,2012,Casual,Mod'acc Women Red Coin Purse,50
39852,Girls,Blue,Summer,2012,Casual,Gini and Jony Girls Printed Blue Top,49
36026,Men,Black,Fall,2012,Formal,OTLS Men Black & Brown Reversible Belt,9
57011,Women,Green,Winter,2012,Casual,HM Women Green Flats,83
33554,Men,Navy Blue,Summer,2012,Casual,Wrangler Men Exeter Check Navy Blue Shirt,67
58865,Men,Blue,Summer,2012,Casual,Hakashi Men Blue Cufflinks,60
25431,Men,White,Summer,2016,Casual,Lee Men Tripack Socks,75
11604,Women,Blue,Summer,2011,Ethnic,W Women Solid Blue Kurtas,87
19469,Men,Black,Fall,2011,Casual,Quiksilver Men Black Shirt,67
12081,Women,Purple,Fall,2011,Ethnic,W Women Printed Purple Kurtas,87
43623,Women,Green,Summer,2012,Casual,Vero Moda Women Green Top,49
2504,Men,White,Fall,2010,Casual,Numero Uno Men's Casual White Canvas Shoe,3
6998,Men,Grey,Spring,2011,Casual,Classic Polo Men's Wat Duh Pho Grey T-shirt,40
13153,Men,Red,Fall,2011,Casual,Puma Men Ribbon Red Tshirts,40
54694,Women,Purple,Fall,2012,Casual,Shree Women Purple Printed Kurta,87
7076,Unisex,Black,Winter,2015,Casual,Wildcraft Unisex Black Backpack,64
46351,Men,White,Summer,2012,Casual,Locomotive Men White Shirt,67
16421,Men,Brown,Fall,2011,Casual,Levi's Men Stripes Brown Tshirts,40
8802,Men,Blue,Fall,2011,Casual,Scullers Men Scul Purple Blue White Shirt,67
22614,Men,Navy Blue,Fall,2011,Sports,Nike Men Navy Blue T-shirt,40
50234,Women,White,Summer,2017,Casual,Stoln Women White Sunglasses,144
47283,Men,Purple,Summer,2012,Casual,Myntra Men Pack of 3 T-shirt,40
34771,Women,Black,Summer,2015,Casual,Be For Bag Women Zoli Black Bag,119
55574,Women,Skin,Spring,2017,Casual,Revlon Photo Ready Medium/ Deep Compact 03,1
26086,Men,Purple,Summer,2012,Formal,John Miller Men Check Purple Shirt,67
27154,Men,Grey,Summer,2012,Formal,Mark Taylor Men Striped Grey Shirt,67
18789,Men,Brown,Fall,2011,Casual,Peter England Men Elements Brown Wallet,170
13361,Women,Tan,Fall,2011,Casual,Timberland Women Femmes Tan Casual Shoes,3
43411,Women,Black,Summer,2012,Casual,Puma Women Black Crazy Slide Flats,83
28920,Men,Black,Summer,2012,Casual,Cabarelli Men Black Laptop Bag,169
16613,Men,Grey,Fall,2011,Formal,Genesis Men Stripes Grey Trouser,86
49917,Women,Green,Fall,2012,Ethnic,Fabindia Green Printed Ajrakh Dhonekhali Saree,20
7244,Men,Black,Fall,2011,Formal,Rockport Men's Allander Black Shoe,23
35491,Men,Brown,Summer,2012,Formal,Bata Men Mocassino Brown Formal Shoes,23
46163,Women,Brown,Winter,2015,Ethnic,Adrika Brown Necklace,151
27968,Men,White,Summer,2016,Casual,Jockey SP-OW Men White Muscle Innerwear Vest SP11,13
6396,Men,Beige,Summer,2011,Casual,Lotto Men Revenge 02 Beige Grey Floater,157
34543,Men,Brown,Winter,2018,Formal,Red Tape Men Brown Formal Shoes,23
50006,Women,Black,Winter,2015,Sports,Hanes Women Black Cotton Stretch Light Padded Bra,128
53683,Women,Orange,Summer,2012,Casual,Kiara Women Orange Handbag,119
14144,Men,Steel,Fall,2011,Formal,Belmonte Men Formal Steel Cufflinks,60
20371,Women,Black,Fall,2011,Sports,Urban Yoga Women Solid Black Capris,61
5513,Men,Orange,Summer,2011,Casual,Probase Men's Crack Print Reign Of Rock & Roll Orange T-shirt,40
44634,Men,Black,Summer,2012,Casual,Nike Men Black Printed T-shirt,40
15096,Women,Orange,Fall,2011,Ethnic,Mother Earth Women Stripes Orange Kurtas,87
52751,Women,Pink,Spring,2017,Casual,Reebok Women Reebounce Deo,154
33766,Men,Blue,Summer,2012,Casual,ADIDAS Neo Men Court Evo Blue Shoes,3
40294,Unisex,Yellow,Fall,2012,Casual,Warner Bros Kids Unisex Yellow Flip Flops,81
25603,Men,Black,Winter,2016,Casual,Fastrack Men Black Casual Watch,70
11436,Women,Peach,Fall,2011,Casual,United Colors of Benetton Women Light Winter Peach T-shirt,40
41346,Men,Navy Blue,Summer,2016,Casual,Wrangler Men Navy Blue Texas Jeans,18
13705,Men,Black,Fall,2011,Casual,Puma Men Mn's Body Train Black Tshirts,40
43075,Women,Grey,Summer,2012,Sports,Nike Womens Grey Capris,61
30587,Men,Green,Summer,2012,Sports,Nike Men Club Pique Polo Green T-shirt,40
31455,Men,Black,Summer,2012,Sports,Nike Men Challenger Black Jersey,40
3280,Men,Purple,Summer,2011,Casual,Guerrilla Men's Ace Of Spades Purple T-shirt,40
8668,Unisex,Green,Winter,2016,Casual,Fastrack Unisex Oval Sunglasses FTML006GLBK1,113
55110,Women,Skin,Spring,2017,Casual,Lakme Perfect Radiance Intense Whitening 05 Compact,1
28578,Men,Black,Winter,2016,Casual,ADIDAS Originals Men Black Dial Chronograph Watch ADH2637,70
43849,Women,Green,Summer,2012,Ethnic,Royal Diadem White & Green Earrings,143
50462,Men,Blue,Summer,2016,Casual,Chromozome Men Blue & Green Briefs,21
22042,Women,Blue,Fall,2011,Ethnic,Vishudh Women Printed Blue Kurta,87
46507,Men,Black,Winter,2016,Casual,Timex Empera Men Black Dial Watch NL13,70
45382,Women,Black,Winter,2012,Casual,Rocia Women Black Sandals,83
36670,Women,Green,Summer,2012,Casual,Paridhan Women Green Handbag,119
52335,Women,Bronze,Winter,2016,Casual,ToniQ Women Bronze Clutch,50
14520,Men,Blue,Fall,2011,Formal,Mark Taylor Men Blue White & Dark Grey Striped Shirt,67
20715,Men,Black,Winter,2018,Smart Casual,Red Tape Men Black Leather Casual Shoes,3
5177,Men,Black,Summer,2011,Casual,Jimi Hendrix Men's Photo Black T-shirt,40
44250,Women,Red,Summer,2012,Casual,Hidekraft Women Red Handbag,119
25267,Women,Red,Summer,2012,Casual,Lino Perros Women Leatherette Red Handbag,119
4899,Women,Green,Summer,2011,Casual,Levis Kids Girl's Desiree Green Kidswear,40
56795,Men,Blue,Summer,2010,Casual,Horsefly Men Blue Jeans,18
11052,Men,White,Fall,2011,Casual,Scullers Men Check White Shirts,67
41722,Women,Teal,Winter,2012,Casual,Catwalk Women Teal Heels,65
39638,Men,White,Summer,2012,Sports,Lotto Men White Sports Shoes,26
33302,Boys,Red,Summer,2012,Casual,Palm Tree Boys Pack of 2 T-shirts,40
10180,Men,Yellow,Fall,2011,Casual,United Colors of Benetton Men Speeder Yellow Flip Flops,81
57647,Women,Brown,Spring,2017,NA,Lotus Herbals Colour Dew Dark Champagne Nail Polish 88,90
52107,Women,White,Summer,2012,Ethnic,Myntra Women Orange Printed Kurta,87
25869,Unisex,Red,Winter,2015,Casual,American Tourister Unisex Red & Black Backpack,64
4297,Men,Black,Summer,2011,Casual,Tantra Men's Jim Morrison Black T-shirt,40
36442,Men,Black,Summer,2012,Casual,Spinn Men Dozer Black Shoes,3
5345,Men,Black,Fall,2011,Sports,Btwin Sport 5 Shoes,26
37590,Girls,Pink,Summer,2012,Casual,Madagascar Girls Pink Innerwear Vest,13
14712,Men,Off White,Winter,2011,Formal,Genesis Off-White Formal Shirt,67
20527,Women,Purple,Winter,2015,Casual,Baggit Women Modishx Baby Purple Sling Bag,119
25055,Men,Brown,Winter,2015,Formal,Lino Perros Men Formal Brown Accessory Gift Set,156
11260,Women,Green,Summer,2011,Casual,Palm Tree Kids Girl Sp Jace Sko Green Skirts,111
57475,Men,Black,Summer,2012,Casual,ID Men Black Sandals,157
24187,Men,Black,Summer,2012,Casual,Converse Men All Star Black Shoes,3
33130,Women,Brown,Winter,2015,Casual,Catwalk Women Brown Stilettos,65
2160,Men,Red,Spring,2011,Casual,Basics Men Red T-shirt,40
9588,Men,Navy Blue,Fall,2011,Formal,Scullers Men Scul Navy Blue Shirts,67
27702,Women,Black,Winter,2015,Casual,Murcia Women Black Handbag,119
13537,Men,Brown,Fall,2011,Casual,Carlton London Men Casual Brown Casual Shoes,3
55322,Women,White,Spring,2017,Casual,Revlon Touch & Glow Advanced Fairness Daily Moisturising Cream SPF15,42
16879,Unisex,Black,Winter,2016,Casual,Police Unisex Casual Black Sunglasses,113
42395,Women,Black,Summer,2012,Casual,Flying Machine Women Black T-shirt,40
50650,Men,Navy Blue,Winter,2016,Casual,Chromozome Men Navy Blue Lounge Pants S-4801,68
17197,Men,Green,Winter,2016,Casual,U.S. Polo Assn. Men Stripes Green Sweater,155
34315,Men,Orange,Summer,2012,Casual,Myntra Men Orange Street Survival T-shirt,40
7412,Women,Pink,Summer,2011,Ethnic,W Women V Neck Short Sleeve Pink Kurta,87
19831,Men,Black,Fall,2011,Casual,U.S. Polo Assn. Men Check Black Shirt,67
46735,Men,Black,Winter,2016,Casual,Timex Men Black Dial Watch,70
16045,Men,White,Fall,2011,Casual,Highlander Men Check White Shirt,67
49321,Men,Black,Winter,2016,Casual,ADIDAS Originals Men Black Dial Watch ADH2643,70
18583,Women,Pink,Fall,2011,Casual,Puma Women Sneakers Pink  Striped Socks,75
16419,Men,Green,Fall,2011,Casual,Levi's Men Stripes Green Tshirts,40
12885,Men,White,Fall,2011,Sports,Nike Men Air Max Turbulence White Sports Shoes,26
13957,Women,Purple,Summer,2011,Casual,United Colors of Benetton Women Solid Purple Tops,49
34749,Men,White,Summer,2012,Casual,Puma Men White Benecio Shoes,3
28316,Men,Black,Winter,2018,Casual,Red Tape Men Black Shoes,3
53489,Women,White,Winter,2015,Sports,Amante White Sports Bra BCST22,128
58061,Women,Sea Green,Fall,2012,Casual,Rreverie Sea Green Earrings,143
5719,Men,Green,Summer,2011,Casual,Basics Men Green Academy Football League T-shirt,40
57815,Women,Brown,Fall,2012,Casual,United Colors of Benetton Women Dark Brown Top,49
41970,Boys,Red,Summer,2012,Casual,Gini and Jony Boys Surfs Up Red T-shirt,40
38184,Women,Metallic,Winter,2016,Casual,Miami Blues Women Sunglasses,113
20947,Women,Blue,Fall,2011,Casual,ADIDAS Women Vines Blue Flip Flops,81
57029,Women,Pink,Summer,2012,Casual,Forever New Women Pink Top,49
21895,Women,Olive,Fall,2011,Ethnic,BIBA Women Printed Olive Green Kurta,87
39056,Men,Steel,Summer,2012,Formal,Belmonte Men Silver Button Cover,60
58253,Women,Olive,Summer,2010,Casual,Baggit Women Olive Purse,50
20349,Women,Black,Fall,2011,Casual,Scullers For Her Women Solid Black Tunic,148
59381,Women,Brown,Summer,2012,Ethnic,Vishudh Women Brown Printed Kurta,87
14940,Men,Black,Fall,2011,Casual,Status Quo Men Solid Black Shorts,47
39264,Men,Black,Winter,2018,Formal,Red Chief Men Black Formal Shoes,23
15892,Girls,Blue,Spring,2013,Casual,Warner Bros Tweety Girls Blue and White Casual Shoes,3
19663,Women,White,Summer,2011,Casual,United Colors of Benetton Women White Top,49
46967,Women,Black,Summer,2012,Casual,Bulchee Women Black Handbag,119
8234,Women,Pink,Winter,2016,Casual,Fastrack Women Cross Body Hobo Hand Bag,119
49113,Women,Skin,Spring,2017,Casual,Deborah New Skin Compact Foundation 04,153
28918,Men,Black,Summer,2012,Casual,Cabarelli Men Black Laptop Bag,169
12429,Men,Brown,Fall,2011,Casual,Timberland Men Casual Brown Casual Shoes,3
13359,Men,Beige,Fall,2011,Casual,Timberland Men Juniors Beige Casual Shoes,3
26882,Women,White,Summer,2012,Casual,Jealous 21 Women Printed White T-shirt,40
31835,Men,Silver,Winter,2016,Casual,Titan Men White Dial Watch,70
28124,Men,White,Summer,2016,Casual,Jockey MC Men White Pack of 2 Brief 8033,21
27950,Men,White,Summer,2016,Casual,Jockey CSM Men Comfort Stretch White Trunks CS04,106
47089,Boys,Red,Winter,2013,Casual,Marvel Boys Red Flip Flop,81
11856,Men,Red,Fall,2011,Casual,Playboy Men Casual Red Slippers,81
44268,Men,Black,Summer,2012,Formal,Hidekraft Men Black Wallet,170
58637,Men,Blue,Fall,2012,Casual,Fila Men Blue Soft Ankle Socks,75
14518,Men,Grey,Fall,2011,Formal,Mark Taylor Men Grey White & Light Brown Striped Shirt,67
39600,Women,Black,Summer,2016,Casual,Catwalk Women Black Wedges,65
5973,Men,Black,Summer,2011,Casual,Highlander Men Black Checked Shirt,67
9782,Men,White,Fall,2011,Casual,ADIDAS Men M Basic White Shorts,47
27508,Women,Black,Fall,2015,Casual,Jockey Black T-shirt Bra SS 15,128
34923,Women,Green,Summer,2012,Ethnic,Fabindia Green Dupatta,6
55128,Women,Pink,Spring,2017,Casual,Lakme Truewear Color Crush Nail Polish 12,90
8650,Men,Black,Winter,2016,Casual,Fastrack Men Sport Black Sunglasses,113
22846,Men,Khaki,Summer,2012,Casual,Woodland Men Khaki Casual Shoes,3
49577,Women,Pink,Winter,2015,Casual,Catwalk Women Pink Shoes,83
43871,Men,White,Summer,2012,Casual,Puma Men White Driving Power Lo Shoes,3
28540,Men,Red,Summer,2012,Sports,Nike Men Hurricane Vapor Red Jacket,145
7618,Men,Black,Summer,2011,Casual,Wrangler Men Black Leather Wallet,170
55914,Women,Brown,Spring,2017,Casual,Colorbar Earthen Rose Nail Lacquer 68,90
51588,Women,Blue,Summer,2012,Casual,Wrangler Women Blue Jeggings,41
29492,Women,White,Winter,2016,Casual,Giordano Women Chronograph White Dial Watch,70
17993,Women,Grey,Fall,2009,Sports,Puma Women Essential Skinny Grey Track Pant,12
2158,Men,Red,Spring,2011,Casual,Basics Men Red Polo T-shirt,40
16841,Women,Brown,Winter,2016,Casual,Idee Women Funky Eyewear Brown Sunglasses,113
8462,Women,White,Fall,2011,Casual,Jealous 21 Women Jealous Cailyn White Top White Tops,49
49745,Men,Red,Summer,2012,Formal,Park Avenue Men Red Tie,132
19035,Women,Red,Winter,2015,Casual,Catwalk Women Red Flats,65
28772,Women,Red,Summer,2012,Ethnic,Aurelia Women Printed Red Kurti,115
50668,Men,Navy Blue,Fall,2018,Sports,Chromozome Men Navy Blue Fashion Lounge Pants S-5145,68
2964,Men,White,Fall,2010,Casual,Puma Men's Match Classic White & Green Shoe,3
22248,Men,Green,Fall,2012,Casual,ID Men Green Casual Sandals,157
19809,Men,Grey,Fall,2011,Casual,U.S. Polo Assn. Men Striped Grey Sweaters,155
45188,Women,White,Winter,2016,Casual,CASIO ENTICER Women White Dial Analogue Watch A637,70
25851,Women,Maroon,Summer,2012,Ethnic,Diva Women Printed Maroon Kurta,87
33934,Men,White,Summer,2012,Casual,ADIDAS Men White T-Shirt,40
11258,Women,Black,Fall,2011,Sports,Puma Women Black Essential Racerback Tank Top,49
41528,Men,Tan,Summer,2012,Casual,Basics Men Tan Leather Belt,9
52903,Women,Purple,Fall,2012,Ethnic,FNF Purple Printed Sari,20
33108,Women,Yellow,Winter,2015,Casual,Catwalk Women Yellow Flats,65
44866,Men,Blue,Summer,2012,Casual,Puma Men Blue Tech Graphic T-shirt,40
59711,Women,Black,Summer,2012,Casual,Avirate Black Brief,21
4069,Men,Brown,Summer,2011,Casual,Crocs Men's Tideline Canvas Chocolate Shoe,3
4855,Unisex,Pink,Summer,2012,Casual,Newfeel Unisex Pink Grey Shoes,3
5987,Men,Black,Summer,2011,Casual,Highlander Men Black Striped Slim Fit Shirt,67
24379,Women,Green,Fall,2011,Ethnic,Folklore Women Green Printed Kurta,87
48451,Men,Black,Summer,2012,Casual,French Connection Men Black T-shirt,40
9776,Men,Grey,Fall,2011,Casual,ADIDAS Men Grey Track Pants,12
18321,Men,Purple,Fall,2011,Casual,Wills Lifestyle Men Check Purple Shirt,67
49583,Women,Orange,Winter,2015,Casual,Catwalk Women Orange Flats,65
43885,Women,Black,Summer,2012,Casual,Puma Women Black Karmin Lace Shoes,3
17369,Men,Purple,Fall,2011,Formal,Arrow Men Formal Purple Tie+Cufflink+Pocket square - Combo Pack,156
47419,Women,Black,Fall,2012,Casual,Baggit Women Black Handbag,119
35039,Women,Pink,Summer,2012,Ethnic,Fabindia Women Printed Pink Kurta,87
42957,Men,Black,Summer,2012,Casual,French Connection Men Black Belt,9
29466,Men,Silver,Winter,2016,Casual,Giordano Men Silver Dial Watch,70
17967,Men,Black,Fall,2011,Casual,Puma Men Girija Black Slipper,157
30779,Men,Rust,Summer,2012,Ethnic,Fabindia Men Rust Khadi Kurta,87
8496,Women,Cream,Fall,2011,Casual,Forever New Women Cappuccino Cream Skirts,111
28786,Men,Grey,Summer,2012,Casual,Denizen Men Striped Grey Shirt,67
3842,Women,Pink,Summer,2011,Casual,Crocs Women Lady Bubblegum Pink Sandal,83
16089,Men,Black,Winter,2016,Casual,M tv Men My Fab Eyewear Black Sunglasses,113
21439,Women,Purple,Summer,2012,Casual,Roxy Women Be Happy Purple Cap,93
32812,Women,Black,Winter,2012,Casual,iPanema Women Ritmos Black Flats,65
59523,Women,Silver,Summer,2015,Casual,Lucera Silver Earrings,143
53019,Women,Green,Fall,2012,Ethnic,FNF Green Sari,20
5389,Unisex,Yellow,,2011,Sports,Kalenji Kapteren 200 Yellow Fw,26
24977,Men,Pink,Summer,2012,Casual,United Colors of Benetton Men Pink Printed T-shirt,40
45940,Men,Black,Winter,2016,Casual,Maxima Men Black Dial Watch,70
25099,Women,Red,Winter,2015,Casual,Lino Perros Women Red Belt,9
1729,Unisex,White,Spring,2011,Casual,Newfeel Unisex White Shoes,3
53825,Women,Teal,Fall,2012,Ethnic,Ayaany Women Teal & Purple Embroidered Churidar Kurta with Dupatta,109
44892,Men,Black,Summer,2012,Casual,Puma Men Black Polo T-shirt,40
26278,Men,Green,Summer,2012,Casual,Proline Men Green Polo T-shirt,40
54658,Women,Black,Winter,2016,Casual,Fastrack Women White Dial Watch,70
18577,Women,Purple,Fall,2011,Casual,Puma Women Riddim Purple Tshirt,40
6954,Women,Pink,Summer,2011,Casual,s.Oliver Women Striped Pink Top,49
48207,Men,Brown,Winter,2016,Casual,United Colors of Benetton Men Brown Sunglasses,113
9120,Men,Black,Fall,2011,Sports,Puma Men Cell Turin Perf Black Sports Shoes,26
29230,Women,Grey,Summer,2012,Casual,Puma Women Grey Rio Fashion Sandals,114
12871,Men,Black,Spring,2012,Formal,Lee Cooper Men Formal Black Shoes,23
6168,Men,Red,Summer,2011,Casual,Lee Men's Guns Cardinal T-shirt,40
56933,Women,Purple,Winter,2012,Casual,HM Women Purple Flats,65
41984,Boys,White,Summer,2012,Casual,Gini and Jony Boys Around The World White T-shirt,40
15268,Women,Purple,Fall,2011,Casual,ADIDAS Originals Women Rekapi Purple Casual Shoes,3
59147,Women,Beige,Fall,2012,Casual,Tiptopp Women Beige Sandals,65
38170,Women,Purple,Winter,2016,Casual,Miami Blues Women Sunglasses,113
37904,Unisex,Gold,Spring,2017,Casual,24 Unisex Gold Perfume,38
1943,Unisex,Grey,Summer,2011,Casual,Domyos Grey Duffle Duffle Bag,37
59375,Women,White,Summer,2012,Ethnic,Vishudh Women White Printed Kurta,87
38342,Girls,White,Summer,2012,Casual,Mr. Men Little Miss Girls White Top,49
40258,Men,White,Summer,2012,Casual,Scullers Men White & Navy Blue Shirt,67
15866,Unisex,Brown,Spring,2013,Casual,Warner Bros Kids Unisex SD Silly Shoe Brown Casual Shoes,3
39290,Men,Brown,Winter,2018,Casual,Red Chief Men Brown Shoes,3
19697,Men,White,Fall,2011,Casual,United Colors of Benetton Men Solid White Shirt,67
51924,Women,Off White,Summer,2016,Casual,Nyk Women Off White Sling Bag,119
48035,Men,Black,Winter,2016,Casual,Nautica Men Black Dial Chronograph Watch,70
27198,Women,Blue,Summer,2012,Casual,Doodle Kids Girl Printed Blue Dress,166
18745,Women,Purple,Fall,2011,Casual,Arrow Woman Cola Purple Top,49
7288,Men,Grey,Fall,2011,Casual,Mickey Men's Big Happy Face Grey Heather T-shirt,40
26876,Women,White,Summer,2012,Casual,Jealous 21 Women White Top,49
51118,Women,Green,Summer,2012,Ethnic,Satya Paul Green Saree,144
29002,Men,Black,Summer,2012,Casual,Cabarelli Men Black Backpack,64
48809,Men,Steel,Fall,2012,Casual,Revv Men Steel Pendant,129
23538,Men,Green,Spring,2017,Casual,Dunhill Fresh Men Perfume,38
30913,Women,Blue,Summer,2012,Ethnic,Fabindia Women Blue Kurti,115
4290,Men,Maroon,Summer,2011,Casual,Tantra Men's India Rocks Burgandy T-shirt,40
36445,Men,Black,Spring,2013,Sports,Spinn Men Orbit Black Sports Shoes,26
52100,Women,Red,Summer,2012,Ethnic,Myntra Women Red Printed Kurta,87
14715,Men,White,Fall,2011,Formal,Indigo Nation Men Formal Shirt White Shirts,67
5342,Men,Green,Summer,2011,Casual,Fila Men's Fitness Hiker Olive Black Yellow Shoe,3
37597,Boys,White,Summer,2012,Casual,Madagascar3 Boys White Printed T-Shirt,40
11267,Men,Black,Fall,2011,Formal,Indigo Nation Men Black self structure Black Trousers,86
41517,Men,Grey,Winter,2016,Casual,Basics Men Sunglasses,113
33137,Women,Black,Winter,2015,Casual,Catwalk Women Black Heels,65
24180,Unisex,Black,Summer,2012,Casual,Converse Unisex Chuck Taylor All Stars New York Black Casual Shoes,3
44859,Men,Black,Summer,2012,Casual,Puma Men Black Ferrari Polo T-shirt,40
13530,Men,Navy Blue,Fall,2011,Casual,Scullers Green Stripe Muffler,147
2167,Men,Blue,Summer,2011,Casual,Probase Men Blue & White Shirt,67
43240,Men,Grey,Summer,2012,Sports,Reebok Men Grey Swift Sports Shoes,26
42392,Women,Black,Summer,2012,Casual,Flying Machine Women Black T-shirt,40
31660,Men,Black,Summer,2012,Casual,Indigo Nation Men Printed Black Shirt,67
55325,Women,Brown,Spring,2017,Casual,Revlon Colorsilk Luminista Golden Brown Hair Colour 120,110
50657,Men,Black,Winter,2016,Sports,Chromozome Men Black Lounge Shorts,19
17190,Men,Navy Blue,Winter,2016,Casual,U.S. Polo Assn. Men Checks Navy Blue Shirt,67
22277,Women,Gold,Winter,2012,Casual,Inc.5 Women Gold Casual Heels,65
16042,Men,Red,Fall,2011,Casual,Highlander Men Check Red Shirt,67
51785,Women,Purple,Summer,2016,Casual,Bwitch Purple Bra,128
3889,Men,Red,Summer,2011,Casual,Wrangler Men's Racing Big Print Red T-shirt,40
46732,Boys,Khaki,Summer,2012,Casual,Gini and Jony Boys Khaki Bermuda Shorts,47
7415,Women,Black,Summer,2011,Ethnic,W Women Sqaure Neck Yarn Dyed Short Sleeve Black Kurta,87
19836,Men,Blue,Fall,2011,Casual,U.S. Polo Assn. Men Blue & WIne Check Shirt,67
2355,Unisex,White,Fall,2010,Sports,ADIDAS Red Bull Trophy Soccer Unisex Football,135
43072,Unisex,Black,Summer,2012,Casual,Nike Unisex Black Cap,93
13702,Men,White,Fall,2011,Sports,FILA Men Dirk White Sports Shoes,26
27537,Men,Green,Summer,2012,Casual,Scullers Men Check Green & Blue Shirt,67
19238,Unisex,Black,Summer,2012,Casual,Puma Unisex Big Cat Duffle Bag,37
55117,Women,Skin,Spring,2017,Casual,Lakme Absolute Mattreal Skin Natural Mousse 03,153
49548,Women,Blue,Summer,2012,Casual,Rocia Women Blue Clutch,50
31452,Men,Grey,Summer,2012,Sports,Nike Men Compression Grey T-shirt,40
3287,Men,Blue,Summer,2011,Casual,Guerrilla Men's Madagascar Blue T-shirt,40
50465,Men,Navy Blue,Summer,2016,Casual,Chromozome Men Navy Blue & Grey Briefs,21
23197,Men,Blue,Fall,2011,Casual,Highlander Men Blue Check Shirt,67
34120,Men,Brown,Summer,2016,Casual,Clarks Men Brown Wild Vibe Leather Closed Sandals,157
46500,Men,Steel,Winter,2016,Casual,Timex Men Silver Dial Watch,70
22045,Women,Green,Fall,2011,Ethnic,Vishudh Women Printed Green Kurta,87
52332,Women,Black,Winter,2016,Casual,ToniQ Women Black Wallet,170
11869,Men,Black,Summer,2013,Formal,Franco Leone Men Formal Black Formal Shoes,23
36677,Women,Yellow,Summer,2012,Casual,Paridhan Women Yellow Handbag,119
45385,Women,Bronze,Winter,2012,Casual,Rocia Women Bronze Sandals,83
44257,Women,Pink,Summer,2012,Casual,Hidekraft Women Pink Wallet,170
5170,Men,Black,Summer,2011,Casual,Ed Hardy Men's Sports Black T-shirt,40
58608,Women,Silver,Winter,2016,Casual,ToniQ Women Silver Earrings,143
14527,Men,Brown,Fall,2011,Formal,Mark Taylor Men Light Brown & White Striped Shirt,67
41725,Women,Red,Winter,2012,Casual,Catwalk Women Red Heels,65
11055,Men,Blue,Fall,2011,Casual,Scullers Men Check Blue Shirt,67
25260,Women,Off White,Summer,2012,Casual,Lino Perros Women Classic Off White Handbag,119
10187,Men,Black,Fall,2011,Casual,Indigo Nation Men Hot Stepper Black Blue Shirts,67
57640,Women,Bronze,Spring,2017,NA,Lotus Herbals Colour Dew Bronze Rain Nail Polish 914,90
33305,Boys,Yellow,Summer,2012,Casual,Gini and Jony Boys Pack of 2 T-shirts,40
46958,Boys,Green,Fall,2012,Casual,Jungle Book Boys Green Flip Flops,81
55573,Women,Skin,Spring,2017,Casual,Revlon Photo Ready Light Medium Concealer 003,159
31036,Men,Blue,Summer,2012,Casual,Arrow Sport Men Striped Blue Polo T-shirt,40
28927,Men,Purple,Summer,2012,Casual,Mr. Men Printed Purple T-shirt,40
13366,Women,Brown,Fall,2011,Casual,Timberland Women Femmes Brown Casual Shoes,3
27153,Men,Green,Summer,2012,Formal,Mark Taylor Men Striped Green Shirt,67
46164,Women,Brown,Winter,2015,Casual,Adrika Brown & Beige Necklace,151
7243,Men,Brown,Fall,2011,Formal,Rockport Men's Alfrew Brown Shoe,23
35496,Men,Grey,Winter,2015,Casual,Bata Men Grey Sandals,157
16614,Men,Brown,Fall,2011,Formal,Genesis Men Stripes Brown Trouser,86
50001,Women,Grey Melange,Winter,2015,Sports,Hanes Women Grey Melange Cotton Stretch Racer Back Sports Bra,128
6391,Women,Grey,Summer,2011,Casual,Lotto Women Sofia Pink Black Floater,83
44633,Women,Magenta,Summer,2012,Sports,Nike Women Magenta T-shirt,40
5514,Men,Grey,Summer,2011,Casual,Probase Men's Crack Print Reign Of Rock & Roll Grey T-shirt,40
20376,Women,Blue,Fall,2011,Casual,Urban Yoga Women Solid Blue Jacket,145
53684,Women,Purple,Summer,2012,Casual,Kiara Women Purple Handbag,119
1988,Women,Red,Fall,2010,Sports,ADIDAS Womens Red Tank T-shirt,40
15091,Women,Blue,Fall,2011,Casual,Mother Earth Women Printed Blue Tunics,148
52756,Women,Red,Fall,2012,Casual,Fiorelli Women Red Leather Handbag,119
36213,Girls,Green,Summer,2012,Casual,Gini And Jony Girls Striped Green Top,49
40293,Unisex,Red,Fall,2012,Casual,Warner Bros Kids Unisex Red Flip Flops,81
33761,Women,Green,Summer,2012,Casual,Vero Moda Women Viva Green T-shirt,40
38389,Unisex,Blue,Summer,2012,Sports,ADIDAS Mumbai Indians Kids Unisex Blue Match Jersey,40
11431,Women,Purple,Fall,2011,Casual,United Colors of Benetton Women Purple T-shirt,40
25604,Men,Black,Winter,2016,Casual,Fastrack Men Black Casual Watch,70
20144,Men,White,Fall,2011,Casual,Wrangler Men Bull Classic Striped White Shirt,67
14371,Women,Red,Winter,2015,Casual,Catwalk Women Casual Red Flats,65
38987,Boys,Green,Summer,2012,Casual,Gini and Jony Boys Wild West T-shirt,40
44401,Men,Black,Fall,2012,Sports,Force 10 Men Black Shoes,26
5726,Men,Black,Summer,2011,Sports,Reebok Men's Zigfuel Black Yellow Shoe,26
36021,Men,Black,Fall,2012,Formal,OTLS Men Black Leather Belt,9
39855,Boys,Black,Summer,2012,Casual,Gini and Jony Boys Printed Black T-Shirt,40
52564,Women,Grey,Summer,2012,Casual,Mod'acc Women Grey Clutch,50
20978,Women,White,Winter,2016,Casual,Fastrack Women Leatherette White Belt,9
58862,Men,Copper,Summer,2017,Casual,Hakashi Men Copper Cufflinks,60
33553,Men,Green,Summer,2012,Casual,Wrangler Men Exeter Check Green Shirt,67
57016,Men,Blue,Summer,2016,Casual,Jockey ELANCE Men Blue Briefs 1004,21
11603,Women,Grey,Summer,2011,Ethnic,W Women Solid Grey Kurtas,87
25436,Men,Brown,Summer,2016,Casual,Lee Men Tripack Socks,75
31204,Men,Brown,Summer,2012,Casual,Cabarelli Men Brown Accessory Gift Set,156
12086,Women,Green,Fall,2011,Ethnic,W Women Printed Green Kurtas,87
13154,Men,Black,Fall,2011,Casual,Puma Men Scribble Black Tshirts,40
54693,Women,Multi,Summer,2012,Ethnic,Shree Women Multicoloured Printed Kurta,87
27361,Men,Blue,Fall,2011,Casual,Tantra Men Cryptic Blue T-shirt,40
2503,Men,Brown,Fall,2012,Casual,Numero Uno Men's Casual Brown Canvas Shoe,3
43624,Women,White,Summer,2012,Casual,Vero Moda Women White Top,49
22613,Men,Grey,Fall,2011,Sports,Nike Men Grey T-shirt,40
16426,Men,Green,Fall,2011,Casual,Levi's Men Printed Green Tshirts,40
8805,Men,Black,Fall,2011,Casual,Scullers Men Scul White Black Shirt,67
7071,Unisex,Green,Winter,2015,Casual,Wildcraft Unisex Green Printed Backpack,64
13968,Men,Navy Blue,Fall,2011,Casual,Puma Men 917 SL Graphic Navy Blue Casual Shoes,3
34776,Women,Orange,Summer,2015,Casual,Be For Bag Women Pack of 3 Bag,119
47284,Women,White,Summer,2012,Casual,Myntra Women Pack of 3 T-shirts,40
50233,Women,Black,Winter,2016,Casual,Stoln Women Black Sunglasses,113
28329,Men,Brown,Winter,2018,Casual,Red Tape Men Casual Brown Sandals,157
26075,Men,Blue,Summer,2012,Formal,John Miller Men Striped Blue Shirt,67
55587,Women,Burgundy,Spring,2017,Casual,Revlon ColorStay Overtime Boundless Brandy Lip Gloss 250,59
42530,Women,Orange,Summer,2012,Ethnic,Mother Earth Women Orange Kurta,87
3617,Men,Red,Summer,2011,Sports,Puma Men's Deccan Chargers Red T-shirt,40
13392,Men,Blue,Summer,2011,Casual,United Colors of Benetton Men Check Blue Shirts,67
49773,Women,Blue,Summer,2012,Ethnic,Alma Women  Light Blue Printed Kurta,87
46190,Women,Brown,Winter,2015,Casual,Adrika Women Brown Teracotta Jewellery Set,142
26849,Men,Black,Spring,2017,Casual,Calvin Klein Men Be Perfume,38
35462,Men,Brown,Summer,2013,Casual,Franco Leone Men Brown Shoes,3
17732,Men,Brown,Fall,2011,Sports,Puma Men Fox Mid Brown Sports Shoe,26
48836,Women,Silver,Summer,2015,Casual,Lucera Women Silver Pendant,129
47042,Women,Maroon,Summer,2012,Ethnic,Shree Women Maroon Jodhpuri Salwar,71
37335,Women,White,Winter,2016,Casual,DKNY Women White Dial Watch NY8510,70
20382,Women,Rust,Fall,2011,Ethnic,Visudh Women Printed Rust Kurta,87
53670,Women,Orange,Summer,2012,Casual,Kiara Women Orange Handbag,119
58298,Men,Black,Summer,2016,Sports,Jockey LCESCBRA Men Pack of 3 Socks 2004,75
15065,Men,Brown,Summer,2012,Formal,Franco Leone Men Brown Formal Shoe,23
21250,Unisex,Navy Blue,Summer,2011,Casual,Skybags Unisex Navy Duffle Bag,37
4432,Men,White,Summer,2011,Casual,Wrangler Men's Bullrider Striper Polo White T-shirt,40
45715,Men,Black,Spring,2017,Casual,Reebok Men Reeavenge Deo,154
24722,Men,White,Fall,2011,Sports,Skechers Men Masterson White Sports Shoes,26
10517,Men,White,Fall,2011,Sports,New Balance MC900 Men Others Tennis White Sports Shoes,26
40267,Men,White,Summer,2012,Casual,Scullers Men Striped White T-shirt,40
15859,Unisex,Green,Fall,2012,Casual,Warner Bros Kids Unisex LT Taz Flops Green Slippers,81
32647,Boys,Blue,Summer,2012,Sports,Nike Kids Boys Contemporary Athlete Blue T-shirt,40
56302,Women,Turquoise Blue,Winter,2015,Casual,Biara Women Turquoise Blue Bra,128
38973,Men,Grey,Summer,2012,Formal,Arrow New York Men Grey Check Slim Fit Shirt,67
14385,Women,Silver,Winter,2015,Casual,Catwalk Women Casual Silver Heels,65
53442,Women,Blue,Summer,2012,Casual,ADIDAS Women Blue Flip Flops,81
4600,Unisex,Grey,Winter,2015,Casual,Wildcraft Unisex Grey & Orange Printed Duffle Bag,37
15257,Women,Black,Fall,2011,Casual,ADIDAS Originals Women Decade Low Sleek Black Casual Shoes,3
59178,Men,Brown,Summer,2012,Casual,Gliders Men Light Brown Shoes,3
40055,Men,Blue,Summer,2012,Sports,ADIDAS Men Blue Basketball Jersey,40
58896,Men,Maroon,Summer,2012,Casual,Hakashi Men Black & Maroon Tie,132
24510,Women,Green,Fall,2011,Ethnic,Mother Earth Women Green Printed Kurta,87
10725,Women,Green,Winter,2015,Casual,Murcia Women Green Green Handbags,119
59944,Men,Cream,Spring,2013,Casual,Vans Men Black & Cream Casual Shoes,3
32475,Men,Black,Summer,2012,Casual,Proline Men Black & Yellow Colourblocked Polo T-shirt,40
3425,Men,Navy Blue,Summer,2011,Casual,Myntra Men's Anyone Who Says Navy Blue T-shirt,40
12072,Women,White,Fall,2011,Ethnic,W Women Printed White Kurtas,87
54667,Men,White,Winter,2016,Casual,Fastrack Men White Dial Watch NB3039SM01,70
18548,Women,Beige,Winter,2015,Casual,Catwalk Women  Beige Casual Shoes,3
30322,Men,Teal,Summer,2012,Casual,Myntra Men Hawai 2 Teal T-shirt,40
48238,Boys,White,Summer,2012,Casual,Avengers Boys White Printed T-shirt,40
35650,Men,Black,Summer,2012,Formal,U.S. Polo Assn. Men Black Formal Shoes,23
7085,Women,Pink,Winter,2015,Casual,Wildcraft Women Pink Printed Wallet,97
34782,Women,White,Summer,2015,Casual,Be For Bag Women Pack of 3 Bags,119
6157,Men,Grey,Summer,2011,Casual,Lee Men's Hand Grey T-shirt,40
47270,Men,Blue,Summer,2016,Casual,FCUK Underwear Blue Printed Boxers,122
9923,Unisex,Black,Fall,2011,Casual,Puma Unisex Dazzle Shopper Black Bags,119
17500,Men,Navy Blue,Fall,2011,Casual,Classic Polo Men Stripes Blue Polo T-Shirt,40
23735,Women,Black,Winter,2016,Casual,Ray-Ban Women Jackie Sunglasses,113
4264,Women,Red,Summer,2011,Casual,Jealous 21 Women's Always Late But Burgundy Red T-shirt,40
45143,Men,Silver,Winter,2016,Casual,CASIO Enticer Men Silver-Toned Chronograph Watch A440,70
15633,Men,Black,Fall,2011,Sports,Nike Men AS Manu Authantic Black Tshirts,40
21406,Men,Navy Blue,Fall,2011,Casual,Locomotive Men Printed Navy Blue T-shirt,40
53026,Women,Multi,Fall,2012,Ethnic,FNF Multi Coloured Printed Sari,20
24948,Women,Black,Summer,2012,Casual,United Colors of Benetton Women Black T-shirt,40
44091,Men,Orange,Spring,2017,Casual,Boss Men Orange 100 ml Perfume,38
37563,Girls,White,Summer,2012,Casual,Madagascar3 Infant Boys White Snapsuit Romper,121
11293,Men,NA,Fall,2016,Casual,Wrangler Men Blue Texas Jeans,18
56554,Women,Pink,Spring,2017,NA,Streetwear Mineral Sugar Babe Lip Gloss,59
32011,Men,Black,Summer,2016,Casual,Playboy Men Black & Red Socks,75
40431,Women,Navy Blue,Summer,2012,Casual,Tonga Women Navy Blue Dress,166
24174,Women,Turquoise Blue,Fall,2011,Ethnic,Aurelia Women Turquoise Blue Kurti,115
10341,Men,Pink,Fall,2011,Casual,United Colors of Benetton Men Printed Pink Tshirts,40
2193,Men,Navy Blue,Fall,2010,Sports,ADIDAS Men Navy Short,47
30746,Men,Maroon,Summer,2012,Ethnic,Fabindia Men Printed Maroon Kurta,87
42366,Women,Pink,Summer,2012,Casual,Flying Machine Women Multicoloured Printed Shirt,67
31694,Women,Green,Summer,2012,Ethnic,Folklore Women Printed Green Kurta,87
26623,Women,Black,Summer,2012,Sports,Puma Women BodyTrain Mesh Grid Black Sports Shoes,26
12416,Men,Black,Fall,2011,Casual,Reid & Taylor Men Casual Black Wallets,170
18910,Men,Green,Spring,2012,Casual,ADIDAS Men Adi Linear Green Flip Flops,81
6533,Unisex,Black,Summer,2011,Casual,Nike Unisex Allegian Laptop Bag,169
47614,Women,Red,Winter,2012,Casual,Portia Women Red Heels,65
17164,Men,Blue,Fall,2011,Casual,U.S. Polo Assn. Men Checks Blue Shirt,67
51771,Men,Black,Fall,2012,Casual,Hidedge Men Black Wallet,170
35234,Men,Brown,Fall,2012,Formal,Fortune Men Brown Formal Shoes,23
30574,Men,Red,Winter,2016,Casual,Opium Men Aviator Black Sunglass,113
54031,Women,Red,Summer,2012,Casual,Kiara Women Red Handbag,119
26411,Men,Red,Summer,2012,Casual,Turtle Men Check Red Shirt,67
12624,Men,Green,Fall,2011,Casual,Probase Men Printed Green Tshirts,40
3273,Men,Green,Summer,2011,Casual,Guerrilla Men's God's Sent Green T-shirt,40
17356,Men,Black,Spring,2012,Casual,Puma Men Arizona Black Flip Flops,81
50491,Men,Blue,Winter,2016,Casual,Chromozome Men Blue Trunks,106
23163,Men,Navy Blue,Fall,2011,Casual,Mark Taylor Men Navy Blue Printed T-shirt,40
6701,Men,Navy Blue,Summer,2011,Casual,UCB Men's The Graphic Alien Print Navy Blue T-shirt,40
47426,Women,Maroon,Summer,2012,Casual,Baggit Women Maroon Wallet,170
35006,Women,Beige,Summer,2012,Ethnic,Fabindia Women Printed Beige & Black Stole,84
51543,Women,Black,Winter,2016,Casual,Fastrack Women Black Dial Watch,70
16284,Men,Red,Fall,2011,Casual,Peter England Men Printed Red TShirt,40
15401,Men,White,Fall,2011,Casual,Fila Men Tubes White Casual Shoes,3
4056,Men,White,Summer,2011,Casual,Myntra Men's Yoga White T-shirt,40
45371,Women,Taupe,Summer,2016,Casual,Cobblerz Women Taupe Brown Sandals,65
37751,Men,Red,Summer,2012,Casual,John Players Men Check Red Shirt,67
5184,Men,Black,Summer,2011,Casual,Mickey Men's Goofy Is Happy Black T-shirt,40
32223,Women,Pink,Summer,2012,Ethnic,Fabindia Women Pink & Orange Striped Kurta,87
25294,Women,Navy Blue,Summer,2012,Casual,Lino Perros Women Sporty Navy Blue Handbag,119
24346,Men,Black,Fall,2011,Sports,ADIDAS Men Black Tracksuit,101
10173,Men,Brown,Fall,2011,Casual,United Colors of Benetton Men Tango Brown Sandals,157
40603,Women,Maroon,Summer,2012,Ethnic,Span Women Maroon Kurta,87
19231,Men,Navy Blue,Summer,2011,Formal,United Colors of Benetton Men Striped Navy Blue Tie,132
8666,Unisex,Green,Winter,2016,Casual,Fastrack Unisex Green Sunglasses,113
49541,Women,Black,Summer,2012,Casual,Rocia Women Black Handbag,119
22870,Men,Olive,Summer,2012,Casual,Woodland Men Olive Casual Shoes,3
48493,Women,Black,Winter,2011,Casual,French Connection Women Black Skirt,111
30589,Men,Blue,Summer,2012,Casual,Nike Men Club Pique Polo Blue T-shirt,40
34915,Women,Cream,Summer,2012,Ethnic,Fabindia Women Cream Dupatta,6
55922,Women,Red,Spring,2017,Casual,Colorbar Vibrant Nail Lacquer 53,90
46509,Men,Black,Winter,2016,Casual,Timex Men Black Dial Chronograph Watch,70
42995,Women,Black,Summer,2012,Sports,Nike Women Black Air Total Sports Shoes,26
28576,Men,Green,Winter,2016,Casual,ADIDAS Originals Men Green Dial Chronograph Watch ADH2619,70
34129,Men,Black,Summer,2012,Formal,Turtle Men Reversible Leather Black Belt,9
5179,Men,Black,Summer,2011,Casual,Batman Men's Logo Dripping Black T-shirt,40
11860,Men,Blue,Fall,2012,Casual,Playboy Men Casual Blue Slippers,81
5945,Men,Blue,Summer,2011,Casual,Locomotive Men Blue Checked Shirt,67
57649,Women,Blue,Spring,2017,NA,Lotus Herbals Colour Dew Deep Sea Nail Polish 86,90
39636,Men,White,Summer,2012,Sports,Lotto Men White Sports Shoes,26
25269,Women,Maroon,Summer,2012,Casual,Lino Perros Women Leatherette Maroon Handbag,119
4897,Women,Yellow,Summer,2011,Casual,Levis Kids Girl's Diane Yellow Kidswear,49
33902,Men,Black,Summer,2017,Casual,Citizen Men Black Dial Watch BH1370-51E,70
20529,Women,Purple,Winter,2015,Casual,Baggit Women Camlin Crush Purple Mobile Pouch,163
25867,Unisex,Black,Winter,2015,Casual,American Tourister Black Reversible Backpack,64
4299,Men,Green,Summer,2011,Casual,Tantra Men's Friends Olive Green T-shirt,40
52109,Women,Blue,Summer,2012,Ethnic,Myntra Women Blue Kurta,87
24189,Unisex,Black,Summer,2012,Casual,Converse Unisex Chuck Taylor Black Casual Shoes,3
44850,Men,Black,Summer,2012,Casual,Puma Men Black Ferrari Logo T-shirt,40
45982,Women,Blue,Fall,2012,Casual,Tokyo Talkies Women Blue Top,49
52935,Women,White,Summer,2012,Ethnic,FNF Printed Purple Sari,20
16877,Unisex,Green,Winter,2016,Casual,Idee Unisex Funky Eyewear Green Sunglasses,113
8454,Women,White,Fall,2011,Casual,Jealous 21 Women Jealous Ranae White Top White Tops,49
19003,Women,Red,Summer,2011,Casual,ADIDAS Originals Women Trefoil Hoodie Red Sweatshirt,16
13539,Women,Gold,Spring,2013,Casual,Carlton London Women Casual Gold Flats,65
43249,Women,Blue,Summer,2012,Casual,Denizen Women Blue Skinny Thunder Jeans,18
9586,Unisex,Pink,Fall,2011,Casual,Puma Unisex Dazzle Shopper Pink Bags,119
3880,Men,Grey,Summer,2011,Casual,Wrangler Men's Burnt Out Grey T-shirt,40
29696,Men,Purple,Summer,2012,Formal,John Miller Men Striped Purple Shirt,67
28744,Women,Blue,Summer,2012,Ethnic,Aurelia Women Blue Printed Kurta,87
17199,Men,Grey,Winter,2016,Casual,U.S. Polo Assn. Men Solid Grey Sweater,155
36028,Men,Brown,Summer,2015,Casual,OTLS Men Brown & Black Reversible Leather Belt,9
59185,Men,Grey,Summer,2012,Casual,Gliders Men Olive Green Sandals,157
58057,Women,Black,Fall,2012,Casual,Rreverie Pink Earrings,143
14378,Women,White,Winter,2015,Casual,Catwalk Women Casual White Flats,65
57823,Women,White,Fall,2012,Casual,United Colors of Benetton Women White T-shirt,40
44408,Men,Grey,Summer,2012,Sports,Force 10 Men Grey Sports Shoes,26
36814,Women,Maroon,Summer,2012,Ethnic,Vishudh Women Maroon Kurta,87
20971,Men,Olive,Winter,2016,Casual,Fastrack Men Leatherette Olive Belt,9
27368,Men,Red,Fall,2011,Casual,Tantra Men Hippy Red T-shirt,40
6996,Men,Brown,Spring,2011,Casual,Classic Polo Men's State Athletic Brown T-shirt,40
8030,Men,Grey,Fall,2011,Sports,Fila Men's Basic Cotton Lower Grey Track Pant,12
7844,Women,Black,Fall,2011,Sports,Puma Women Cabana Racer SL JR Black Blue Green Shoe,26
13961,Women,Pink,Fall,2011,Casual,Jealous 21 Women Solid Pink Sweaters,155
28320,Men,Brown,Winter,2018,Casual,Red Tape Men Casual Brown Sandals,157
7078,Unisex,Grey,Winter,2015,Casual,Wildcraft Wiki Unisex Grey & Black Backpack,64
50834,Men,Black,Summer,2013,Casual,New Hide Men Black Belt,9
2738,Boys,White,Summer,2011,Casual,Disney Kids Boy's Double Fun Kidswear,40
18787,Men,Beige,Fall,2009,Casual,Peter England Men Elements Beige Wallet,170
19655,Women,Grey,Summer,2011,Casual,United Colors of Benetton Women Printed Grey TShirt,40
46951,Women,Yellow,Spring,2017,Casual,York Women Madonna Perfume,38
26088,Men,Purple,Summer,2012,Formal,John Miller Men Striped Purple Shirt,67
8202,Men,Grey,Summer,2011,Casual,Locomotive Men Landon Grey T-Shirts,40
49125,Women,Pink,Spring,2017,Casual,Deborah Shine Tech Ruibes Nail Polish 34,90
28112,Men,Black,Summer,2016,Casual,Jockey COMFORT PLUS Men Zone Black Trunks 8015,106
50008,Women,Black,Winter,2015,Sports,Hanes Women Black Cotton Stretch Moulded Contour Bra,128
27966,Men,White,Summer,2016,Casual,Jockey Men White Muscle Innerwear Vest,13
6398,Men,Black,Summer,2011,Casual,Lotto Men Rebel Black Floater,157
49919,Women,Maroon,Fall,2012,Ethnic,Fabindia Maroon Printed Ajrakh Dhonekhali Saree,20
15098,Women,Brown,Fall,2011,Ethnic,Mother Earth Women Shilpi Fabric Collt Brown Kurtas,87
58265,Women,Brown,Summer,2012,Casual,Baggit Women Brown Handbag,119
1981,Women,Green,Fall,2010,Casual,Puma Women's Island Green Shorts,47
41348,Men,Navy Blue,Summer,2016,Casual,Wrangler Men Navy Blue Skanders Jeans,18
39252,Men,Beige,Winter,2018,Casual,Red Chief Men Beige Shoes,3
11438,Women,Black,Fall,2011,Casual,United Colors of Benetton Women  Winter Black Top,49
38380,Men,Black,Summer,2012,Casual,Peter England Men Black Belt,9
14976,Men,Black,Fall,2011,Formal,New Hide Men Solid Black Belts,9
33768,Men,Tan,Summer,2012,Casual,ADIDAS Neo Men Utility Deck Tan Shoes,3
56905,Women,Black,Winter,2012,Casual,HM Women Black Flats,65
4609,Unisex,Blue,Winter,2015,Casual,Wildcraft Wiki Unisex Blue Backpack,64
52599,Women,Blue,Summer,2012,Casual,Mod-acc Women Blue Clutch,50
56139,Women,Pink,Spring,2017,Casual,Colorbar Really Rose Eye Shadow 004,76
38146,Unisex,Grey,Summer,2012,Casual,Wildcraft Unisex Grey Beanie,93
37932,Women,Pink,Summer,2012,Casual,Mineral Women Floral Pink Tunic,148
24519,Women,Black,Fall,2011,Ethnic,Mother Earth Women Black Printed Kurta,87
18541,Women,Red,Winter,2015,Casual,Catwalk Women  Red Casual Shoe,83
6962,Men,Navy Blue,Summer,2011,Casual,s.Oliver Men White Red Checks Shirt,67
48231,Women,Brown,Winter,2016,Casual,United Colors of Benetton Women Brown Sunglass,113
9116,Women,White,Fall,2011,Sports,Puma Women Ikonis 2 White Sports Shoes,3
19493,Men,Blue,Summer,2016,Casual,Levis Men Jazz Stripes Blue Brief,21
47279,Men,Brown,Summer,2013,Formal,Franco Leone Men Brown Formal Shoes,23
13995,Women,Blue,Fall,2011,Sports,Nike Women Solid Blue Jackets,145
17509,Men,Blue,Fall,2011,Casual,Classic Polo Men Stripes Blue Polo T-Shirt,40
29206,Men,Black,Fall,2012,Sports,Fila Men Black And Grey Socks,75
12847,Boys,Black,Fall,2011,Casual,Ant Kids Boys National Champion Black Tshirts,40
35659,Men,Brown,Winter,2014,Casual,U.S. Polo Assn. Men Brown Shoes,3
30119,Men,Grey,Summer,2012,Casual,Flying Machine Men Grey Polo T-shirt,40
18773,Men,Navy Blue,Summer,2011,Formal,Peter England Men Elite Navy Blue Tie,132
12249,Men,Pink,Fall,2011,Formal,Genesis Men Striped Pink & Navy Shirt,67
51912,Women,Pink,Summer,2016,Casual,Nyk Women Pink Sling Bag,119
42539,Women,Purple,Summer,2012,Ethnic,Mother Earth Women Purple Kurta,87
29808,Men,Blue,Summer,2012,Casual,Basics Men Blue Checked Slim Fit Shirt,67
30925,Women,Black,Summer,2012,Ethnic,Fabindia Women Printed Black Ghera Skirt,111
27992,Men,Blue,Summer,2016,Casual,Jockey ZONE Men Zone Blue Brief US17,21
29034,Unisex,Navy Blue,Summer,2012,Casual,ADIDAS Unisex Line Age Navy Blue Cap,93
21259,Unisex,Black,Summer,2015,Casual,Skybags Unisex Black Bern Backpack,64
58291,Men,Black,Summer,2016,Sports,Jockey LCESCBRA Men Pack of 3 Socks 2004,75
53679,Women,Pink,Summer,2012,Casual,Kiara Women Pink Handbag,119
15850,Unisex,Blue,Fall,2011,Casual,Warner Bros Kids Unisex TJ Playlogs Blue Sandals,157
14982,Men,Blue,Fall,2011,Casual,New Hide Men Stripes Blue Belts,9
38374,Men,Black,Summer,2012,Casual,Peter England Men Black Belt,9
26418,Men,Purple,Summer,2012,Casual,Turtle Men Check Purple Shirt,67
8692,Women,Brown,Winter,2016,Casual,Fastrack Women Graident Sunglasses P161BR1F,113
22884,Men,Brown,Summer,2016,Casual,Woodland Men Brown Casual Sandals,157
48467,Women,Red,Summer,2012,Casual,French Connection Women Red Dress,166
23956,Men,Grey,Fall,2011,Casual,Provogue Men Grey Shirt,67
18317,Men,Maroon,Summer,2011,Casual,Wills Lifestyle Men Check Maroon Shirt,67
29450,Men,White,Winter,2016,Casual,Giordano Men White Dial Watch,70
42961,Men,Brown,Summer,2012,Formal,French Connection Men Brown Belt,9
28582,Men,Blue,Winter,2016,Casual,ADIDAS Originals Men Blue Dial Watch ADH2656,70
50498,Men,Maroon,Winter,2016,Casual,Chromozome Men Maroon Innerwear Vest,13
54804,Women,Blue,Summer,2010,Casual,Ivory Tag Checkered Out Blue Handbag,119
6708,Men,Yellow,Summer,2011,Casual,UCB Men Ben Logo At Chest Yellow Shirt,67
37758,Men,White,Summer,2012,Casual,John Players Men Solid White Shirt,67
15408,Men,Black,Fall,2011,Sports,FILA Men Coloda Black Sports Shoes,26
59727,Women,Red,Summer,2012,Casual,Avirate Red & Black Bra,128
45378,Women,Black,Summer,2012,Casual,Rocia Women Black Sandals,83
11894,Men,Tan,Summer,2013,Casual,Franco Leone Men Casual Tan Sandals,157
4863,Men,Red,Summer,2011,Sports,ADIDAS Men Ac Milan Red Black Jersey,40
24941,Girls,Pink,Summer,2012,Casual,United Colors of Benetton Kids Girls Pink Top,49
44098,Men,Grey,Spring,2017,Casual,Boss Men Perfume and Shower Gel Set,38
25893,Women,Brown,Summer,2012,Casual,Femella Women Spaghetti Brown Top,49
59515,Women,Silver,Summer,2013,Casual,Lucera Silver Pendant With Chain,129
32824,Women,Blue,Winter,2012,Casual,iPanema Women Blue Premium Flats,65
38522,Men,White,Summer,2012,Casual,Puma Men White Surge Casual Shoes,3
53813,Women,Blue,Fall,2012,Casual,Ayaany Women Blue Tunic,148
10348,Women,Yellow,Fall,2011,Casual,United Colors of Benetton Women Printed Yellow T-shirt,40
45976,Women,Grey Melange,Summer,2012,Casual,Tokyo Talkies Women Grey Melange Printed Top,49
3048,Men,White,Summer,2011,Casual,Tantra Men's Rupee White T-shirt,40
16883,Men,Black,Winter,2016,Casual,Police Men Casual Black Sunglasses,113
49787,Men,White,Summer,2012,Casual,Flying Machine Men White Cap,93
48655,Women,Silver,Summer,2012,Casual,Lucera Women Silver Earrings,143
9572,Unisex,Black,Fall,2011,Casual,Puma Unisex Big Cat Shoe Bag Black Bags,96
17951,Unisex,Red,Fall,2011,Casual,Nike Unisex Knit Beanie Red Skull Cap,93
3874,Men,Blue,Summer,2011,Casual,Wrangler Men's Trademark Washed Blue T-shirt,40
51778,Women,White,Summer,2016,Casual,Bwitch White Printed Camisole,39
18919,Men,Blue,Fall,2011,Casual,Levis Men Work Western Blue Shirt,67
59388,Women,Black,Summer,2012,Casual,Gliders Women Black Sandals,83
21292,Women,Metallic,Winter,2016,Casual,Celine Dion Women Metalic Frame Sunglasses,113
36225,Men,Green,Summer,2012,Casual,Nike Men Chukka Go Suede Green Shoes,3
20340,Men,Grey,Summer,2011,Casual,Probase Men Printed Grey Tshirt,40
32685,Women,Gold,Fall,2012,Party,Rocia Women Gold Coloured Clutch,50
41377,Women,Yellow,Summer,2012,Casual,Wrangler Women Yellow Maria Top,49
11407,Women,Purple,Fall,2011,Casual,United Colors of Benetton Women  Winter Purple Shirt,67
25632,Women,Pink,Winter,2016,Casual,Fastrack Women Pink Dial Watch,70
57212,Women,Blue,Fall,2012,Casual,Kraus Jeans Women Blue Jeggings,41
14949,Men,Black,Fall,2011,Casual,Status Quo Men Solid Black Tshirts,40
33757,Women,Sea Green,Summer,2012,Casual,Vero Moda Women Sea Green Top,49
2707,Girls,Pink,Summer,2011,Casual,Disney Kids Girl's Dress Pink Pooh Kidswear,166
43420,Men,Blue,Summer,2012,Casual,Spykar Men Blue Jeans,18
54497,Women,Black,Summer,2012,Casual,Lino Perros Women Black Handbag,119
13350,Women,Blue,Fall,2011,Casual,Spykar Blue Washed Jeans,18
27165,Men,Blue,Summer,2012,Formal,Mark Taylor Men Striped Blue Shirt,67
12282,Men,Green,Fall,2011,Formal,Genesis Men Green & Purple Striped Shirt,67
55545,Women,Blue,Spring,2017,Casual,Revlon Colorstay One-Stroke Defining Blooming Blue Eye Pencil,51
50037,Women,White,Winter,2015,Casual,Hanes Women White Concealing Petals Wirefree Moulded Bra,128
34572,Women,Black,Summer,2012,Casual,Tonga Women Printed Black Dress,166
27959,Men,White,Summer,2016,Casual,Jockey Sport Performance  Men White Trunks SP04,106
47080,Women,Mustard,Fall,2012,Ethnic,Shree Women Mustard & Green Patiala,56
46152,Women,Green,Winter,2015,Casual,Adrika Women Green & Brown Necklace,151
7275,Men,Grey,Fall,2011,Casual,Batman Men's Batman & Joker Dark Grey T-shirt,40
49926,Women,Maroon,Fall,2012,Ethnic,Fabindia Maroon Maheshwari Zari Saree,20
16622,Men,Khaki,Fall,2011,Casual,Probase Men Solid Khaki Trouser,86
13162,Unisex,White,Fall,2011,Casual,Puma Unisex Unisex Cat Logo White Caps,93
27357,Men,Blue,Fall,2011,Casual,Tantra Men Feel No Pain Blue T-shirt,40
49328,Women,White,Winter,2016,Casual,DKNY Women White Dial Watch NY8283,70
26285,Men,Navy Blue,Summer,2012,Casual,Proline Men Navy T-shirt with Printed Detail,40
6195,Men,Cream,Summer,2011,Casual,Lee Men's Linen Cream T-shirt,40
50205,Women,Brown,Winter,2016,Casual,Stoln Women Brown Sunglasses,113
22625,Men,Black,Fall,2011,Sports,Nike Men Solid Black Sweater,155
8833,Men,Black,Fall,2011,Casual,Spykar Men Rts Vneck Black Black Sweaters,155
46360,Men,White,Summer,2012,Casual,Locomotive Men Black & Grey Check Shirt,67
7047,Men,Grey,Summer,2011,Casual,Numero Uno Men's Grey Blue Shoe,3
35692,Men,White,Summer,2012,Casual,U.S. Polo Assn. Men White Shoes,3
36017,Men,Black,Summer,2015,Casual,OTLS Men Black Leather Belt,9
15295,Unisex,Black,Fall,2011,Casual,ADIDAS Originals Unisex SY Airline Black Bags,119
39863,Boys,Black,Summer,2012,Casual,Gini and Jony Boys Polo Black T-Shirt,40
41979,Boys,Grey,Summer,2012,Casual,Gini and Jony Boys Around The World Grey T-shirt,40
20172,Men,Navy Blue,Fall,2011,Casual,Wrangler Men Aoston Navy Blue Shirt,67
14347,Men,Black,Fall,2011,Sports,Nike Men Dual Fusion ST 2 Black Sports Shoes,26
53480,Women,Mushroom Brown,Summer,2017,Casual,Amante Mushroom Brown Full-Coverage Bra BCSB02,128
44437,Men,Brown,Summer,2013,Casual,Gliders Men Brown Shoes,3
5710,Men,White,Summer,2011,Sports,Reebok Men's Apex White Athletic Shoe,26
11635,Men,White,Winter,2016,Casual,Puma Men Ocean Race White Watches,70
25400,Men,Red,Summer,2012,Casual,Nike Men Red Football Club Muffler,147
59986,Women,Black,Fall,2012,Smart Casual,Avirate Women Black Dress,166
40097,Men,Grey,Summer,2012,Casual,ADIDAS Men Grey T-shirt,40
33565,Women,Yellow,Summer,2012,Casual,Wrangler Women Sunset Beach Yellow T-shirt,40
58854,Men,Steel,Summer,2012,Casual,Hakashi Men Steel Cufflinks,60
16848,Women,Brown,Winter,2016,Casual,Idee Women Funky Eyewear Brown Sunglasses,113
31656,Men,White,Summer,2012,Casual,Indigo Nation Men White Shirt,67
13506,Men,White,Fall,2011,Casual,Chimp Men Color me Happy White Tshirts,40
27733,Women,Grey,Winter,2015,Casual,Murcia Women Grey Handbag,119
30784,Men,White,Summer,2012,Ethnic,Fabindia Men Striped White Kurta,87
2151,Men,White,Spring,2011,Casual,Basics Men Red & Blue Polo T-shirt,40
22241,Men,Black,Summer,2011,Casual,ID Men Black Casual Shoe,3
7423,Women,Pink,Summer,2011,Ethnic,W Women U Neck Sleeveless Red Kurta,87
19800,Men,Green,Fall,2011,Casual,U.S. Polo Assn. Men Solid Green Tshirt,40
34324,Men,Red,Summer,2012,Casual,Myntra Men Extreme Disturbance Red T-shirt,40
50661,Men,Grey Melange,Summer,2016,Sports,Chromozome Men Grey Melange Lounge Pants,68
20516,Women,Black,Winter,2015,Casual,Baggit Women Map Gang Black Handbag,119
14723,Women,Maroon,Fall,2011,Casual,Scullers For Her Women Casual Shirt Maroon Shirts,67
44053,Women,Grey,Spring,2017,Casual,Boss Women Perfume,38
5374,Men,Red,Summer,2011,Sports,Quechua Jawar 5.0 Man Black Red,26
36473,Women,Pink,Summer,2012,Ethnic,Aurelia Women Dobby Pink Kurta,87
25858,Unisex,Grey,Winter,2015,Casual,American Tourister Unisex Grey Laptop Bag,169
52136,Women,Black,Summer,2012,Casual,Femella Women Black Polo T-Shirt,40
33101,Women,Black,Winter,2015,Casual,Catwalk Women Black Heels,65
57444,Women,Yellow,Summer,2012,Casual,Angry Birds Women Yellow T-shirt,40
10383,Men,White,Winter,2016,Casual,Puma Men Star Dust 145 White Watches,70
25064,Men,Brown,Winter,2015,Formal,Lino Perros Men Formal Brown Accessory Gift Set,156
41521,Men,Navy Blue,Summer,2016,Casual,Basics Men Set of 3 Socks,75
5146,Women,White,Summer,2011,Casual,Wrangler Women's Photo Print White T-shirt,40
37793,Men,Blue,Summer,2012,Formal,John Players Men Blue Striped Shirt,67
14511,Men,Blue,Fall,2011,Formal,Mark Taylor Men Blue Striped Shirt,67
52304,Women,Blue,Winter,2016,Casual,ToniQ Women Blue Pendant with Chain,129
4094,Men,Navy Blue,Summer,2011,Casual,Classic Polo Men's NAvy Melange T-shirt,40
24384,Women,Black,Fall,2011,Ethnic,Folklore Women Black Printed Kurta,87
57676,Women,White,Spring,2017,NA,Lotus Herbals Whiteglow Skin Creme,42
39609,Women,Brown,Winter,2015,Casual,Catwalk Women Brown Heels,65
41713,Women,Orange,Spring,2013,Casual,Catwalk Women Orange Wedges,65
11063,Men,Purple,Fall,2011,Formal,John Miller Men Solid Purple Shirts,67
25256,Women,Orange,Winter,2015,Casual,Lino Perros Women Orange Backpacks,64
55121,Women,Peach,Spring,2017,Casual,Lakme Truewear Color Crush 19 Nail Polish,90
42196,Women,Blue,Summer,2012,Casual,Sepia Women Blue Top,49
31464,Women,Black,Summer,2012,Sports,Nike Women Training Green Capris,61
8659,Unisex,Black,Winter,2016,Casual,Fastrack Unisex Black Sunglasses,113
2363,Unisex,Black,Summer,2011,Sports,ADIDAS Black Backpack,64
43044,Men,Charcoal,Summer,2012,Casual,Nike Men Charcoal Grey Shorts,47
13734,Men,Blue,Fall,2011,Casual,Belmonte Men Check Blue Shirts,67
27501,Women,Red,Winter,2015,Casual,Jockey Women Red Camisole,39
46536,Men,Black,Winter,2016,Smart Casual,Timex Men Black Dial Watch,70
7611,Men,Tan,Summer,2011,Casual,Wrangler Men Tan Leather Wallet,170
22073,Women,Green,Fall,2011,Ethnic,Vishudh Women Printed Green Kurta,87
51581,Men,Grey,Winter,2016,Casual,Fastrack Men Grey Watch,70
16246,Unisex,Black,Fall,2011,Casual,Crocs Kids cayman Kids-Unisex Black Sandal,157
17394,Men,Brown,Summer,2016,Casual,Reid & Taylor Men Solid Brown Socks,75
50453,Men,Blue,Summer,2016,Casual,Chromozome Men Ink Blue Briefs,21
28549,Women,Blue,Spring,2012,Casual,Nike Women Blue Printed T-shirt,40
43878,Men,Brown,Summer,2012,Casual,Puma Men Brown Terrae Mid Africa Shoes,3
34116,Girls,Blue,Summer,2012,Casual,Doodle Girls Washed Blue Capris,61
42350,Women,Black,Summer,2012,Casual,Flying Machine Women Black Leggings,161
3077,Men,Blue,Summer,2011,Casual,Probase Men's Collage Turquoise T-shirt,40
26615,Women,White,Summer,2012,Sports,Puma Women Bodytrain White Sports Shoes,26
12420,Men,Black,Fall,2011,Casual,Timberland Men Casual Black Casual Shoes,3
60000,Women,Blue,Fall,2012,Ethnic,Alma Women Blue Kurta,87
30770,Men,Grey,Summer,2012,Ethnic,Fabindia Men Grey Printed Silk Kurta,87
16080,Women,Black,Winter,2016,Casual,Mayhem Women Oval Sunglasses 9002-204,113
35202,Women,Pink,Summer,2015,Casual,Wildcraft Women Pink & Grey Backpack,64
18926,Men,Grey,Fall,2011,Casual,Levi's Men Rubber Print Grey Tshirt,40
6505,Men,Black,Winter,2018,Formal,Red Tape Men's Black Shoe,23
47622,Women,Brown,Fall,2014,Casual,Portia Women Brown Flats,65
17152,Men,Black,Fall,2011,Casual,U.S. Polo Assn. Men Solid Black Jacket,145
53010,Women,Yellow,Fall,2012,Ethnic,FNF Yellow Printed Sari,20
37555,Girls,Pink,Summer,2012,Casual,Madagascar 3 Infants Girl Pink Mittens,105
5380,Women,Purple,,2011,Sports,Quechua Forclaz 100 Lady Purple,26
36487,Men,Brown,Summer,2012,Casual,Spinn Men Newport Brown Shoes,3
4252,Men,Green,Summer,2011,Casual,Probase Men's Crack Print Ghost Buster Green T-shirt,40
45175,Men,White,Winter,2016,Casual,CASIO ENTICER Men White Dial Analogue Watch A583,70
15605,Men,Navy Blue,Fall,2011,Sports,Nike Men Football Soccer Navy Blue T-shirt,40
40407,Women,Black,Summer,2012,Casual,Tonga Women Black Top,49
10377,Men,White,Fall,2011,Casual,United Colors of Benetton Men Printed White Tshirts,40
56562,Women,Brown,Spring,2017,NA,Streetwear Lip Gloss 48,59
45949,Women,White,Summer,2012,Casual,Tokyo Talkies Women White Top,49
25090,Men,Brown,Winter,2015,Casual,Lino Perros Men Leather Brown Wallet,170
32027,Men,White,Summer,2016,Casual,Playboy Men White  Striped Socks,75
37767,Men,Red,Summer,2012,Casual,John Players Men Orange And Blue Check Shirt,67
15437,Women,Brown,Fall,2011,Casual,Hidekraft Women Leather Brown Handbags,119
59718,Women,White,Summer,2014,Casual,Avirate White Bra,128
21602,Women,Grey,Winter,2012,Casual,Roxy Women Grey Striped Sweater,155
4060,Men,White,Summer,2011,Casual,Myntra Men's I Am Drunk White T-shirt,40
45347,Women,Beige,Summer,2016,Casual,Cobblerz Women Beige Sandals,65
24370,Women,Green,Fall,2011,Ethnic,Folklore Women Green Printed Kurta,87
10145,Men,Brown,Fall,2011,Formal,Rockport Men Drsp Wingtip Brown Formal Shoes,23
32215,Women,Brown,Summer,2012,Ethnic,Fabindia Women Printed Brown Kurta,87
11097,Women,Black,Fall,2011,Casual,Scullers Women Solid Black Tops,49
26427,Women,Maroon,Summer,2015,Casual,Spice Art Women Leatherette Maroon Handbag,119
12612,Men,Orange,Fall,2011,Casual,Ed Hardy Men Printed Orange Tshirts,40
3245,Men,Black,Fall,2010,Casual,Puma Men's Benecio Leather Black White Shoe,3
2397,Men,Brown,Winter,2018,Casual,Red Tape Men's Brown Casual Shoe,3
30542,Unisex,White,Summer,2012,Sports,Nike Unisex Pack of 3 Socks,75
48458,Men,Blue,Fall,2012,Casual,French Connection Men Blue & White Check Shorts,47
23969,Men,White,Fall,2011,Casual,Peter England Men White Printed T-shirt,40
54007,Women,Grey,Summer,2012,Casual,Kiara Women Grey Handbag,119
35030,Women,Grey,Summer,2012,Casual,Fabindia Women Grey Stole,84
17360,Men,Red,Fall,2011,Formal,Arrow Men Formal Red Tie+Cufflink+Pocket square - Combo Pack,156
23155,Men,White,Fall,2011,Casual,Mark Taylor Men White Printed T-shirt,40
47410,Women,Blue,Summer,2012,Casual,Baggit Women Grey Bag,119
15053,Men,Brown,Summer,2013,Formal,Franco Leone Men Brown Formal Shoe,23
52794,Men,Black,Summer,2012,Casual,JAG Men Black Leather Wallet,170
4404,Men,Black,Spring,2013,Casual,Nirvana Men's Guitar Image Discharge Black T-shirt,40
45723,Women,Yellow,Summer,2012,Ethnic,Folklore Women Yellow Kurta,87
37303,Women,Purple,Winter,2016,Casual,Casio Enticer Women Silver Analogue Watches (A535) LTP-2069D-6AVDF,70
39299,Men,Brown,Winter,2018,Casual,Red Chief Men Brown Sandals,157
41383,Women,Navy Blue,Summer,2012,Casual,Wrangler Women Blossom Navy Blue Top,49
24714,Men,Brown,Fall,2011,Casual,Puma Men Volley HP Brown Casual Shoes,3
27191,Women,Pink,Fall,2011,Ethnic,Mother Earth Women Pink Printed Kurta,87
26043,Men,Grey,Summer,2012,Formal,John Miller Men Grey Shirt,67
29837,Men,Yellow,Summer,2012,Casual,Basics Men Yellow Checked Shirt,67
3621,Men,Black,Summer,2011,Casual,Puma Men's Neon Cat Black Flip Flop,81
17704,Unisex,Maroon,Fall,2011,Casual,Vans unisex Old Skool Red Casual Shoes,3
23531,Women,White,Spring,2017,Casual,DKNY Women Be Delicious Perfume,38
34586,Women,Black,Summer,2012,Casual,Tonga Women Printed Black Dress,166
6353,Girls,Pink,Summer,2015,Casual,Crocs Girls Pink Clogs,157
47074,Women,Blue,Fall,2012,Ethnic,Shree Women Blue & Mustard Patiala,56
35454,Boys,Blue,Summer,2012,Casual,Doodle Boys Printed Blue T-shirt,40
7281,Men,Grey,Fall,2011,Casual,Batman Men's The Dark Knight Light Grey T-shirt,40
13196,Men,Black,Fall,2011,Casual,Puma Men Basket Clean Black Casual Shoes,3
54651,Women,Red,Winter,2016,Casual,Fastrack Women Silver Dial Watch,70
9129,Men,Black,Fall,2011,Sports,Puma Men Bolt Faas 400 Black Sports Shoes,26
30314,Men,Red,Summer,2012,Casual,Myntra Men Heavy Weight Red T-shirt,40
26271,Men,Off White,Summer,2013,Casual,Proline Men Off-white Polo T-shirt,40
55783,Men,Brown,Fall,2013,Casual,Converse Men Brown Casual Shoes,3
12044,Men,Blue,Fall,2011,Casual,Spykar Men Washed Blue Jeans,18
6161,Men,Blue,Summer,2011,Casual,Lee Men's Medal Blue Lapis T-shirt,40
47246,Men,Green,Summer,2013,Casual,Playboy Men Green Casual Shoes,3
9915,Women,White,Fall,2011,Casual,Puma Women Core Lite Shopper White Bags,119
17536,Men,Blue,Fall,2011,Formal,Mark Taylor Men Blue & White Striped Shirt,67
23703,Men,Black,Winter,2016,Casual,Ray-Ban Men Shiny Hawana Black Sunglasses,113
29239,Men,Black,Summer,2012,Casual,ADIDAS Men Pural Black Sandals,157
51323,Unisex,Grey,Winter,2015,Casual,Wildcraft Unisex Grey & Black Checked Spawn Laptop Bag,169
46394,Men,Blue,Summer,2012,Casual,ADIDAS Men Blue & Black Check Shirt,67
12878,Men,Black,Fall,2012,Formal,Provogue Men Formal Black Formal Shoes,23
35666,Men,Blue,Summer,2013,Casual,U.S. Polo Assn. Men Blue Flip Flops,81
4636,Men,White,Summer,2011,Sports,ADIDAS Men's Adi Stylite Low White Blue Shoe,26
39897,Women,Black,Summer,2012,Casual,ADIDAS Women Black Yorgio Sandals,114
15261,Women,White,Fall,2011,Casual,ADIDAS Originals Women Superstar 2 White Casual Shoes,3
20186,Men,Blue,Fall,2011,Casual,Wrangler Men Tony Check Blue Shirt,67
53474,Women,White,Summer,2017,Casual,Amante White Medium-Coverage Plunge Bra BCSB01,128
38945,Girls,White,Summer,2012,Casual,Gini and Jony Girls Printed White Top,49
37131,Men,Lavender,Summer,2012,Formal,Wills Lifestyle Men Striped Lavender Shirt,67
56106,Women,Brown,Spring,2017,Casual,Colorbar Mettalics Cocoa Bean Lip Gloss 003,59
59972,Women,Black,Fall,2012,Party,Avirate Black Dress,166
21868,Girls,Pink,Fall,2011,Casual,Chhota Bheem Kids Girls Are You Game Pink Top,49
40063,Unisex,Blue,Summer,2012,Casual,ADIDAS Unisex Blue Cap,93
38179,Women,Brown,Winter,2016,Casual,Miami Blues Women Sunglasses,113
24526,Men,Maroon,Fall,2011,Casual,Mother Earth Men Maroon Shirt,67
10713,Women,Blue,Winter,2011,Sports,Nike Women Blue Dri-Fit Capris,61
24946,Girls,White,Summer,2012,Casual,United Colors of Benetton Kids Girls White Printed Top,49
59512,Women,Silver,Summer,2015,Casual,Lucera Silver Pendant With Chain,129
21408,Men,Black,Fall,2011,Casual,Locomotive Men Printed Black T-shirt,40
25894,Women,Olive,Summer,2012,Casual,Femella Women Olive Green Spaghetti Top,49
57488,Men,Black,Fall,2012,Formal,Lee Cooper Men Black  Shoes,3
53814,Women,Blue,Fall,2012,Ethnic,Ayaany Women Blue & Grey Patiala Kurta Set,109
38525,Men,Black,Summer,2012,Casual,Puma Men Black Taisoku Casual Shoes,3
12418,Men,Black,Fall,2011,Casual,Reid & Taylor Men Casual Black Wallet,170
49780,Women,Yellow,Summer,2012,Casual,Little Miss Intimates Yellow Pyjama Set,146
16884,Men,Brown,Winter,2016,Casual,Police Men Casual Brown Sunglasses,113
9575,Unisex,Pink,Fall,2011,Casual,Puma Unisex Echo Pink Backpacks,64
17956,Women,Purple,Fall,2011,Sports,Nike Women Stay Cool Purple Cap,93
30748,Men,White,Summer,2012,Ethnic,Fabindia Men Striped White Kurta,87
48652,Women,Silver,Summer,2013,Casual,Lucera Women Silver Earrings,143
29665,Men,Purple,Summer,2012,Casual,Indigo Nation Men Striped Purple Shirt,67
3873,Men,Blue,Summer,2011,Casual,Wrangler Men's Quality Gurtd Blue T-shirt,40
22883,Men,Khaki,Winter,2015,Casual,Woodland Men Khaki Casual Sandals,157
8695,Women,Brown,Winter,2016,Casual,Fastrack Women Gradient Sunglasses P168BR3F,113
18310,Men,Black,Fall,2011,Casual,Wills Lifestyle Men Striped Black T-Shirt,40
43088,Women,Blue,Spring,2017,Casual,Swiss Army Women Mountain Water Perfume Set,30
48460,Men,Green,Summer,2012,Casual,French Connection Men Green & White Check Cargo Shorts,47
42966,Men,Black,Summer,2012,Casual,French Connection Men Black Wallet,170
29457,Men,Black,Winter,2016,Smart Casual,Giordano Men Black Dial Watch,70
35008,Women,Blue,Summer,2012,Ethnic,Fabindia Women Printed Blue Stole,84
47428,Women,Brown,Summer,2012,Casual,Baggit Women Brown Auxi Lally Wallet,170
28585,Men,Black,Winter,2016,Casual,ADIDAS Men Black Dial Watch,70
11893,Men,Black,Summer,2013,Casual,Franco Leone Men Casual Black Sandals,157
4058,Men,White,Summer,2011,Casual,Myntra Men's Drink N Drive White T-shirt,40
59720,Women,Orange,Summer,2014,Casual,Avirate Light Orange Bra,128
38717,Women,White,Summer,2012,Casual,Global Desi Women White Tunic,148
4864,Men,White,Summer,2011,Sports,ADIDAS Men Real Madrid White Jersey,40
18774,Men,Purple,Fall,2011,Formal,Peter England Men Elite Purple Tie,132
9323,Men,White,Summer,2011,Sports,FILA Men Ventaggio White Sports Shoes,26
48004,Women,Purple,Winter,2016,Casual,Helix Women Purple Dial Watch,70
3619,Men,Blue,Summer,2011,Casual,Puma Men's Neon Cat Navy Blue Flip Flop,81
51915,Women,Blue,Summer,2016,Casual,Nyk Women Ink Blue Biker Sling Bag,119
27995,Men,White,Winter,2016,Casual,Jockey ZONE Men Zone White Modern Briefs US-17,21
30922,Women,Rust,Summer,2012,Ethnic,Fabindia Women Printed Rust Skirt,111
29033,Unisex,Black,Summer,2012,Casual,ADIDAS Unisex Corp Black Cap,93
26847,Women,White,Spring,2017,Casual,Calvin Klein Women IN2U Perfume,38
1972,Men,White,Fall,2010,Sports,Kalenji Mens White T-shirt,40
58296,Men,Navy Blue,Summer,2016,Sports,Jockey LCESCBRA Men Pack of 3 Socks 2004,75
15857,Unisex,Blue,Spring,2013,Casual,Warner Bros Kids Unisex LT Blug Clog Blue Sandals,157
32649,Men,Black,Summer,2012,Sports,Nike Men Black Shorts,47
40269,Men,Black,Summer,2012,Casual,Scullers Men White T-shirt,40
38373,Men,Tan,Summer,2012,Casual,Peter England Men Tan Belt,9
14985,Men,Blue,Fall,2011,Casual,ADIDAS Men Printed Blue Sweatshirts,16
15259,Women,White,Fall,2011,Casual,ADIDAS Originals Women Top Ten low Sleek White Casual Shoes,3
59176,Men,Olive,Fall,2012,Casual,Gliders Men Olive Shoes,3
56902,Women,Black,Winter,2012,Casual,HM Women Black Heels,65
37935,Women,Teal,Summer,2012,Casual,Mineral Women Teal Top,49
38141,Unisex,Orange,Summer,2015,Casual,Wildcraft Unisex Orange & Grey Backpack,64
58898,Men,Grey,Summer,2012,Casual,Hakashi Men Black & Grey Silk Tie,132
9111,Men,Blue,Fall,2011,Sports,Puma Men Exsis 2 Blue Sports Shoes,26
48236,Men,Black,Winter,2016,Casual,United Colors of Benetton Men Black Sunglasses,113
54669,Women,Silver,Winter,2016,Casual,Fastrack Women Silver-Toned Dial Watch NE6027SL01,70
18546,Women,Tan,Winter,2015,Casual,Catwalk Women Tan Heels,65
6965,Men,Grey,Summer,2011,Casual,s.Oliver Men's Generous Grey T-shirt,40
19494,Men,White,Summer,2011,Sports,Puma Men Sports Pack of 3 Socks,75
13992,Women,Grey,Fall,2011,Sports,Puma Women Body Train Grey Sports Shoes,26
6159,Men,Black,Summer,2011,Casual,Lee Men's Slash Black T-shirt,40
12840,Boys,Brown,Fall,2011,Casual,Ant Kids Brown Striped T-Shirt,40
29201,Men,White,Fall,2014,Sports,Fila Men White Socks,75
13368,Women,Grey,Fall,2011,Casual,Timberland Women Juniors Grey Casual Shoes,3
18780,Men,Black,Summer,2011,Formal,Peter England Men Elite Black Tie,132
50833,Men,Black,Summer,2013,Formal,New Hide Men Black & Brown Reversible Belt,9
28929,Men,Navy Blue,Summer,2012,Casual,Mr. Men Printed Navy Blue T-shirt,40
49122,Women,Magenta,Spring,2017,Casual,Deborah Purple Light Creator Shine Volume 5 Lipstick,98
31038,Men,Blue,Summer,2012,Casual,Arrow Sport Men blue Printed T-shirt,40
8205,Men,Navy Blue,Summer,2011,Casual,Locomotive Men Stripe Langley Navy Blue T-Shirts,40
46956,Women,Blue,Spring,2017,Casual,York Women Miss Cool EDT Perfume,38
19652,Women,White,Fall,2011,Casual,United Colors of Benetton Women White Printed Top,49
27961,Men,Green,Summer,2016,Casual,Jockey SPORT PERFORMANCE Men Green Trunks SP08,106
28115,Men,Blue,Summer,2016,Casual,Jockey COMFORT PLUS Men Comfort Plus Blue Trunks 8015,106
52758,Women,Brown,Fall,2012,Casual,Fiorelli Women Chocolate Brown Leather Handbag,119
20378,Women,Black,Fall,2011,Sports,Urban Yoga Women Printed Black Sweatshirt,16
58262,Women,Bronze,Summer,2012,Casual,Baggit Women Bronze Clutch,50
1986,Women,Blue,Fall,2010,Sports,ADIDAS Womens Blue V Neck T-shirt,40
39255,Men,Black,Winter,2018,Formal,Red Chief Men Black Formal Shoes,23
14971,Men,Black,Fall,2011,Formal,New Hide Men Solid Black Belts,9
5728,Men,White,Summer,2011,Sports,Reebok Men's Acciomax White Shoe,26
57824,Women,Green,Fall,2012,Casual,United Colors of Benetton Green Trouser,86
38989,Boys,Yellow,Summer,2012,Casual,Gini and Jony Boys Rodeo Yellow T-shirt,40
58050,Women,Silver,Fall,2012,Casual,Rreverie Silver & Red Earrings,143
39067,Men,Green,Summer,2012,Casual,Arrow Sport Men Green T-shirt,40
36813,Men,Black,Spring,2017,Casual,Versace Men Pour Homme Perfume,38
25438,Men,Black,Summer,2012,Casual,Lee Men Fashion Black Wallet,170
57018,Men,Grey,Summer,2016,Casual,Jockey ELANCE Men Grey Briefs 1010,21
20976,Women,Black,Winter,2016,Casual,Fastrack Women Leatherette Black Belt,9
6991,Men,White,Summer,2011,Casual,s.Oliver Men's Polo Grey Collar White T-shirt,40
7843,Women,White,Fall,2011,Sports,Puma Women's Axis XT White Blue Shoe,26
12088,Women,Brown,Fall,2011,Ethnic,W Women Printed Brown Kurtas,87
49310,Men,Navy Blue,Summer,2016,Casual,Arrow Men Pack of 5 Socks,75
13966,Men,White,Fall,2011,Casual,Ed Hardy Men Solid White Tshirts,40
34778,Women,White,Summer,2015,Casual,Be For Bag Women Pack of 3 Bag,119
16428,Men,Charcoal,Fall,2011,Casual,Levi's Men Printed Charcoal Tshirts,40
37599,Boys,Yellow,Summer,2012,Casual,Madagascar3 Boys Yellow Printed T-Shirt,40
33905,Men,White,Winter,2016,Casual,Citizen Men White Dial Watch,70
25860,Unisex,Grey,Winter,2015,Casual,American Tourister Unisex Speedair Grey Laptop Bag,169
44857,Men,Black,Summer,2012,Casual,Puma Men Black T-shirt,40
33139,Boys,Grey,Summer,2012,Casual,Gini and Jony Boys Printed Grey T-shirt,40
39403,Men,Black,Summer,2014,Casual,U.S. Polo Assn. Men Black Tailored Fit Casual Shirt,67
41519,Men,Green,Winter,2016,Casual,Basics Men Aviator Sunglasses,113
11269,Men,Black,Fall,2011,Sports,Nike Men Laced Crew Black T-Shirts,40
45985,Women,White,Summer,2012,Ethnic,Fabindia White Hand Printed Sari,20
19004,Women,Red,Summer,2011,Casual,ADIDAS Originals Women Firebird Red Jacket,145
49774,Women,Blue,Summer,2012,Ethnic,Alma Women Blue Printed Kurta,87
16870,Women,Green,Winter,2016,Casual,Idee Women Funky Eyewear Green Sunglasses,113
8453,Women,Black,Fall,2011,Casual,Jealous 21 Women Jealous Randa Black Top Black Tops,49
9581,Unisex,Grey,Fall,2011,Casual,Puma Unisex Flow Grey Backpacks,64
2169,Men,Red,Summer,2011,Casual,Probase Men Red & Blue Shirt,67
19838,Men,Red,Fall,2011,Casual,U.S. Polo Assn. Men Check Red Shirt,67
3887,Men,Red,Summer,2011,Casual,Wrangler Men's Pride To Ride Washed Red T-shirt,40
50659,Men,Navy Blue,Winter,2016,Casual,Chromozome Men Navy Blue Lounge Shorts,19
28743,Women,Green,Summer,2012,Ethnic,W Women Printed Green Top,115
22877,Men,Olive,Summer,2012,Casual,Woodland Men Olive Casual Shoes,3
49546,Women,Maroon,Summer,2012,Casual,Rocia Women Maroon Handbag,119
8661,Unisex,Brown,Winter,2016,Casual,Fastrack Unisex Hip Hop Brown Sunglasses,113
3289,Men,White,Summer,2011,Casual,Guerrilla Men's I Like What I See White T-shirt,40
19236,Men,Off White,Fall,2011,Casual,Puma Men Solid Off White Scarvf,62
55119,Women,Burgundy,Spring,2017,Casual,Lakme Dual Sharpener,34
34912,Women,Green,Summer,2012,Ethnic,Fabindia Women Mustard Dupatta,6
27539,Men,Blue,Summer,2012,Casual,Scullers Men Check Green & Blue Shirt,67
48494,Women,Black,Winter,2011,Casual,French Connection Women Black Jeans,18
42992,Men,White,Spring,2013,Sports,Nike Men White Ballista Sports Shoes,26
7629,Men,White,Fall,2011,Sports,Puma Men's Summer Graphic White T-shirt,40
55925,Women,Mauve,Spring,2017,Casual,Colorbar Flirty Mauve Nail Lacquer 49,90
23199,Men,Green,Fall,2011,Casual,Highlander Men Green Check Shirt,67
28571,Women,Blue,Summer,2012,Casual,Nike Women You Wish Blue T-shirt,40
58606,Women,Gold,Winter,2016,Casual,ToniQ Women Gold Earrings,143
14529,Men,Red,Fall,2011,Casual,Mark Taylor Men Printed Red Tshirts,40
44259,Women,Yellow,Summer,2012,Casual,Hidekraft Women Yellow Wallet,170
11867,Men,Yellow,Fall,2011,Casual,Playboy Men Casual Yellow Slippers,81
5942,Women,Black,Summer,2011,Casual,ADIDAS Women Redy Black Shoe,3
10189,Men,Blue,Fall,2011,Casual,Indigo Nation Men Hot Stepper Blue Shirts,67
4890,Women,Pink,Summer,2011,Casual,Levis Kids Girl's Diaz Pink Polo Tshirt,40
39631,Men,White,Summer,2012,Sports,Nike Men T-Lite White Sports Shoes,26
48209,Men,Black,Winter,2016,Casual,United Colors of Benetton Men Black Sunglasses,113
30313,Men,Off White,Summer,2012,Casual,Myntra Men Karma Off White T-shirt,40
13191,Men,Green,Fall,2011,Casual,Puma Men Eco ortholite Green Casual Shoes,3
54656,Women,Black,Winter,2016,Casual,Fastrack Women White Dial Watch,70
18579,Men,Navy Blue,Summer,2011,Sports,Puma Men Sport Quarters Navy Blue Socks,75
55784,Men,Black,Spring,2014,Casual,Converse Men Black Casual Shoes,3
12043,Men,White,Fall,2011,Formal,Mark Taylor Men White & Blue Striped Shirt,67
7888,Men,Grey,Fall,2011,Casual,Proline Men Pack of 3 T-shirts,40
26276,Men,Charcoal,Summer,2012,Casual,Proline Men Charcoal Grey Polo T-shirt,40
3414,Men,Blue,Summer,2011,Casual,Myntra Mens Game over T-shirt,40
42733,Women,Brown,Summer,2012,Casual,Rocia Women Brown Sandals,83
23704,Men,Black,Winter,2016,Casual,Ray-Ban Men New Wayfarer Sunglasses,113
9912,Unisex,Black,Fall,2011,Casual,Puma Unisex Dizzy Barrel Black Duffle Bag,37
17531,Unisex,Navy Blue,Fall,2011,Sports,ADIDAS Unisex Sports Navy Blue Caps,93
47241,Men,Blue,Summer,2013,Casual,Playboy Men Blue  Casual Shoes,3
6166,Men,Grey,Summer,2011,Casual,Lee Men's City Stormy Grey T-shirt,40
35661,Men,White,Summer,2012,Casual,U.S. Polo Assn. Men White Sandals,157
46393,Men,Olive,Summer,2012,Casual,ADIDAS Men Olive Shirt,67
51324,Unisex,Black,Summer,2010,Casual,Wildcraft Unisex Black & Grey Houndstooth Print One-Shoulder Bag,64
15266,Women,Gold,Fall,2011,Casual,ADIDAS Originals Women Top Ten HI Sleek Gold Casual Shoes,3
59149,Men,Brown,Fall,2012,Formal,Fortune Men Brown Formal Shoes,23
39890,Men,White,Fall,2013,Sports,ADIDAS Men White Desma Sports Shoes,26
4631,Women,Pink,Summer,2011,Casual,ADIDAS Women Libria  Pink Flats,83
38942,Boys,White,Summer,2012,Casual,Gini and Jony Boys Check White Shirt,67
53473,Women,Black,Summer,2017,Casual,Amante Black Full-Coverage T-Shirt Bra BCSB01,128
20181,Men,Grey,Fall,2011,Casual,Wrangler Men Colorado Grey Shirt,67
59975,Women,Black,Fall,2012,Casual,Avirate Black & Purple Dress,166
32444,Men,Navy Blue,Winter,2015,Sports,ADIDAS Men Navy Blue Shorts,47
56101,Women,Pink,Spring,2017,Casual,Colorbar Musky Rose Star Lip Gloss 03,59
10714,Women,Black,Summer,2011,Sports,Nike Women Trainng track pants Black Track Pants,12
24521,Women,Green,Fall,2011,Ethnic,Mother Earth Women Green Printed Kurta,87
40064,Men,Black,Summer,2012,Casual,ADIDAS Men Black Graphic T-shirt,40
45724,Women,Maroon,Summer,2012,Ethnic,Folklore Women Maroon Kurta,87
4403,Men,Black,Summer,2011,Casual,Rolling Stone Men's Union Jack Black T-shirt,40
21261,Unisex,Black,Summer,2011,Casual,Skybags Unisex Black Backpack,64
15054,Men,Black,Summer,2013,Formal,Franco Leone Men Black Formal Shoe,23
52793,Men,Brown,Summer,2012,Casual,JAG Men Chocolate Brown Leather Wallet,170
37304,Men,Brown,Summer,2017,Casual,Casio Youth Series Men Analog-Digital Watch AW-80V-5BVDFAD125,70
56333,Women,Black,Winter,2016,Casual,Fastrack Women Black Dial Watch,70
41384,Women,Pink,Summer,2012,Casual,Wrangler Women Pink Shirt,67
15868,Unisex,Brown,Fall,2011,Casual,Warner Bros Kids Unisex TJ Playlogs Brown Sandals,157
40256,Men,Blue,Summer,2012,Casual,Scullers Men Check Blue Shirt,67
27196,Girls,Yellow,Summer,2012,Casual,Doodle Girls Yellow Dress,166
30121,Men,Grey,Summer,2012,Casual,Flying Machine Men Grey Polo T-shirt,40
3626,Unisex,Red,Summer,2011,Casual,Puma Unisex Tropi Cat Red White Flip Flop,81
12271,Men,Blue,Fall,2011,Formal,Genesis Men Stripes Blue Shirts,67
19699,Men,White,Fall,2011,Casual,United Colors of Benetton Men White Shirt,67
26044,Men,Pink,Summer,2012,Formal,John Miller Men Pink Shirt,67
47073,Women,Red,Fall,2012,Ethnic,Shree Women Red & Black Patiala,56
34581,Women,Maroon,Summer,2012,Casual,Tonga Women Maroon Dress,166
48807,Men,Steel,Summer,2012,Casual,Revv Men Steel Pendant,129
23536,Men,Red,Spring,2017,Casual,Dunhill Desire Men Perfume,38
35453,Boys,White,Summer,2012,Casual,Doodle Boys Printed White T-shirt,40
7286,Men,White,Fall,2011,Casual,Mickey Men's Big White T-shirt,40
26878,Women,Yellow,Summer,2012,Casual,Jealous 21 Women Printed Yellow Top,49
37760,Men,Blue,Summer,2012,Casual,John Players Men Check Blue Shirt,67
44292,Men,Green,Summer,2012,Casual,Indian Terrain Men Green Check Shirt,67
45340,Women,Silver,Summer,2016,Party,Cobblerz Women Silver-Toned Sandals,65
4067,Men,Brown,Summer,2011,Casual,Crocs Men Yukon Khaki Brown Sandal,157
40632,Women,Magenta,Summer,2012,Ethnic,Span Women Magenta Kurta,87
10142,Men,Brown,Fall,2011,Casual,Rockport Men Captoe Brown Casual Shoes,3
57685,Women,Yellow,Spring,2017,NA,Lotus Herbals Almond Nourish Body Lotion with SPF 20,133
24377,Women,Green,Fall,2011,Ethnic,Folklore Women Green  Kurta,87
11090,Men,Blue,Fall,2011,Casual,Scullers Men Check Blue Shirts,67
32212,Women,White,Summer,2012,Ethnic,Fabindia Women White Kurta,87
3242,Men,White,Fall,2011,Sports,Puma Men's Street White Shoe,26
42165,Men,Black,Summer,2012,Casual,Status Quo Men Black T-shirt,40
12615,Men,Red,Fall,2011,Casual,Ed Hardy Men Printed Maroon Tshirts,40
54000,Women,Cream,Summer,2012,Casual,Kiara Women Cream Handbag,119
9778,Men,White,Fall,2011,Casual,ADIDAS Men  White Polo Tshirts,40
2390,Men,Black,Winter,2018,Casual,Red Tape Men's Semi Black Casual Shoe,3
30545,Unisex,White,Summer,2012,Sports,Nike Unisex Pack of 3 Socks,75
22080,Women,Black,Fall,2011,Ethnic,Vishudh Women Printed Black Kurta,87
42959,Men,Black,Summer,2012,Casual,French Connection Men Black Belt,9
29468,Men,Black,Winter,2016,Smart Casual,Giordano Men Black Dial Watch,70
35037,Women,Purple,Summer,2012,Ethnic,Fabindia Women Purple Churidar,69
47417,Women,Red,Summer,2012,Casual,Baggit Women Red Bag,119
23152,Men,White,Winter,2011,Formal,Genesis White Formal Shirt,67
17367,Men,Maroon,Fall,2011,Formal,Arrow Men Formal Maroon Tie+Cufflink+Pocket square - Combo Pack,156
12427,Men,Brown,Fall,2011,Casual,Timberland Men Casual Brown Casual Shoes,3
26612,Men,Black,Summer,2012,Sports,Puma Men Cell Turin Perf 2 Black Sports Shoes,26
8498,Women,Grey,Fall,2011,Casual,Forever New Women Coral Check Grey Skirts,111
3070,Women,Green,Summer,2011,Casual,Tantra Women's Shlokas Green T-shirt,40
43285,Women,Black,Summer,2016,Casual,Murcia Women Black Backpack,100
17969,Men,Black,Fall,2011,Casual,Puma Men Surf Black Slipper,81
30777,Men,Green,Summer,2012,Ethnic,Fabindia Men Striped Green Kurta,87
35205,Unisex,Blue,Spring,2013,Casual,Wildcraft Unisex Blue & Black Backpack,64
16087,Men,Black,Winter,2016,Casual,M tv Men My Fab Eyewear Black Sunglasses,113
50692,Men,Grey,Summer,2016,Casual,Chromozome Men Grey Trunk Trunks,106
17155,Men,Blue,Fall,2011,Casual,U.S. Polo Assn. Men Stripes Blue Shirt,67
47625,Women,White,Winter,2012,Casual,Portia Women White Flats,65
18921,Men,Red,Fall,2011,Casual,Levis Men Classics  Red Shirt,67
6502,Men,Black,Winter,2018,Formal,Red Tape Men Black Formal Shoes,23
5387,Unisex,Black,Summer,2011,Sports,Kalenji Kapteren 50 Black Pink,26
53017,Women,Olive,Fall,2012,Ethnic,FNF Olive Green Sari,20
21437,Women,Blue,Winter,2012,Casual,Roxy Women Blue Backpack,64
15602,Men,Black,Summer,2012,Casual,Nike Men Casual Black Sweatshirts,16
45172,Men,Black,Winter,2016,Casual,CASIO Enticer Men Black Dial Watch A574 MTD-1071D-1A2VDF,70
36480,Men,Brown,Spring,2013,Casual,Spinn Men Benzeen Brown Shoes,3
10370,Women,White,Fall,2011,Casual,United Colors of Benetton Women White T-shirt,40
1727,Unisex,Black,Winter,2015,Casual,Newfeel Unisex Black Lightweight Shoes,3
40400,Women,Red,Summer,2012,Casual,Tonga Women Red & White Top,49
25097,Men,Black,Winter,2015,Casual,Lino Perros Men Leather Black Wallet,170
56565,Women,Pink,Spring,2017,NA,Streetwear Awesome Lip Gloss 40,59
58639,Men,Black,Summer,2013,Casual,Fila Men Black Ankle Socks,75
14516,Men,White,Fall,2011,Formal,Mark Taylor Men White & Green Striped Shirt,67
5141,Women,Orange,Summer,2011,Casual,Wrangler Women Orange T-shirt,40
37794,Men,Brown,Summer,2012,Formal,John Players Men Stripes Brown Shirt,67
44266,Men,Brown,Summer,2012,Formal,Hidekraft Men Brown Wallet,170
4093,Men,Navy Blue,Summer,2011,Casual,Classic Polo Men's Navy With Orange White Stripes T-shirt,40
11858,Men,Black,Summer,2011,Casual,Playboy Men Casual Black Slippers,81
36646,Unisex,Blue,Summer,2012,Sports,Puma Deccan Chargers Blue Homs Cap,93
52303,Women,Red,Winter,2016,Casual,ToniQ Women Red Pendant with Chain,129
57671,Women,Silver,Spring,2017,Casual,Lotus Herbals Make-Up Colour Dew Ice Cube Nail Enamel 903,90
24383,Women,Turquoise Blue,Fall,2011,Ethnic,Folklore Women Turquoise Blue Printed Kurta,87
25251,Women,Orange,Summer,2012,Casual,Lino Perros Women Leatherette Orange Handbag,119
11064,Men,Purple,Fall,2011,Formal,John Miller Men Solid Purple Shirts,67
41714,Women,Black,Winter,2012,Casual,Catwalk Women Black Wedges,65
31463,Men,Black,Summer,2012,Sports,Nike Men Black Football Jersey,40
22848,Men,Khaki,Summer,2016,Casual,Woodland Men Khaki Casual Shoes,3
49579,Women,White,Winter,2015,Casual,Catwalk Women White Heels,65
55126,Women,Pink,Spring,2017,Casual,Lakme Truewear Color Crush Nail Polish 14,90
27506,Women,Red,Winter,2015,Casual,Jockey Women Red T-shirt Bra SS 14,128
13733,Men,Blue,Fall,2011,Formal,Belmonte Men Check Blue Shirts,67
43043,Men,Navy Blue,Summer,2012,Casual,Indigo Nation Navy Blue Shirt,67
2364,Unisex,Blue,Fall,2010,Sports,ADIDAS Blue Cap,93
51586,Women,Blue,Summer,2012,Casual,Wrangler Women Blue Giselle Jeans,18
22074,Women,Black,Fall,2011,Ethnic,Vishudh Women Printed Black Kurta,87
7616,Men,Green,Summer,2011,Casual,Wrangler Men Olive Canvas Bag,33
46531,Women,Silver,Winter,2016,Casual,Timen Women Silver Toned Dial Watch T2N150,70
34111,Girls,Navy Blue,Summer,2012,Casual,Doodle Girls Striped Navy Blue Top,49
17393,Men,Black,Summer,2016,Casual,Reid & Taylor Men Stripes Black Socks,75
50454,Men,Navy Blue,Summer,2016,Casual,Chromozome Men Navy Blue Briefs,21
55314,Men,Blue,Summer,2016,Casual,Smartoe Men Pack of 3 Socks,75
3084,Men,Red,Summer,2011,Casual,Probase Men's Cartoon Red T-shirt,40
43271,Women,Black,Spring,2013,Casual,Murcia Women Black Handbag,119
30783,Men,Cream,Summer,2012,Ethnic,Fabindia Men Striped Cream Kurta,87
2156,Men,Navy Blue,Spring,2011,Casual,Basics Men Navy Polo T-shirt,40
27734,Women,Brown,Winter,2015,Casual,Murcia Women Brown Handbag,119
13501,Men,White,Fall,2011,Casual,Chimp Men Daku Mentatry White Tshirts,40
7424,Women,Green,Summer,2011,Ethnic,W Women U Neck Short Sleeve Lavender Green Kurta,87
19807,Men,White,Winter,2016,Casual,U.S. Polo Assn. Men Solid White Tshirt,40
46703,Women,Pink,Spring,2017,Casual,Rasasi Women Vanity Perfume,38
16073,Unisex,Black,Fall,2011,Casual,Belkin Unisex Move Toploader Black Laptop Bag,169
22246,Men,Green,Summer,2011,Casual,ID Men Green Casual Shoe,3
50666,Men,Black,Summer,2018,Sports,Chromozome Men Black Fashion Lounge Pants S-5145,68
34323,Men,Red,Summer,2012,Casual,Myntra Men Chase Red T-shirt,40
5373,Women,Pink,Summer,2011,Sports,Quechua Women Forclaz 50 Jr 10 Pink Shoes,26
44054,Men,Black,Spring,2017,Casual,dunhill Men Deo,154
14724,Unisex,Black,Fall,2011,Casual,Scullers Unisex Casual Muffler Black Mufflers,147
20511,Women,Black,Winter,2015,Casual,Baggit Women Roxy Net Black Handbag,119
52131,Girls,Blue,Summer,2012,Casual,Doodle Girls Blue Printed Dress,166
45186,Women,White,Winter,2016,Casual,CASIO ENTICER Women White Dial Analogue Watch A634,70
36474,Women,Red,Summer,2012,Ethnic,Aurelia Women Dobby Red Kurta,87
57443,Women,Blue,Summer,2015,Casual,Angry Birds Women Blue T-shirt,40
10384,Women,Purple,Winter,2016,Casual,Puma Women Fluctuation Stones 159 Blue Watch,70
44868,Men,Black,Summer,2012,Casual,Puma Men Black Graphic T-shirt,40
33106,Women,Blue,Winter,2015,Casual,Catwalk Women Blue Flats,65
25063,Men,Navy Blue,Winter,2015,Formal,Lino Perros Men Formal Navy Blue/Red Accessory Gift Set,156
11256,Men,Black,Summer,2013,Casual,Puma Men Black Printed Shield T-shirt,40
56591,Women,Bronze,Spring,2017,NA,Streetwear Hi Lite Eye Shadow,103
43615,Women,White,Summer,2012,Casual,Vero Moda Women White Tunic,148
27350,Women,Purple,Fall,2011,Casual,Tantra Women Hippy Purple T-shirt,40
13165,Men,Silver,Fall,2011,Sports,Skechers Men Reliance Silver Sports Shoes,26
26282,Men,Cream,Summer,2012,Casual,Proline Men Cream-Coloured Printed T-shirt,40
31235,Men,Blue,Summer,2012,Casual,Puma Men Fine Striped Polo Blue T-shirt,40
28318,Men,Brown,Winter,2018,Casual,Red Tape Men Brown Shoes,3
50202,Women,Green,Winter,2016,Casual,Stoln Women Green Sunglasses,113
6192,Men,White,Summer,2011,Casual,UCB Men's Lion Logo White T-shirt,40
13959,Women,Grey,Fall,2011,Casual,Jealous 21 Women Stripes Grey Tops,49
34747,Women,White,Summer,2012,Casual,Puma Women Soleil Cat White Shoes,3
7040,Men,Navy Blue,Summer,2011,Casual,Numero Uno Men's Navy Blue Shoe,3
35695,Men,Black,Summer,2012,Casual,Nike Men Sweet Classic Leather Black Shoes,3
46367,Men,Blue,Summer,2012,Casual,Locomotive Men Blue and Grey Check Shirt,67
16417,Men,Yellow,Fall,2011,Casual,Levis Men Stripes Yellow Tshirt,40
8834,Men,Brown,Summer,2011,Formal,Scullers Men Scul Brown Trousers,86
22622,Men,Red,Fall,2011,Sports,Nike Men Red Polo T-shirt,40
39864,Boys,Red,Summer,2012,Casual,Gini and Jony Boys Polo Red T-Shirt,40
52555,Women,Blue,Summer,2012,Casual,Pepe Jeans Women Blue Jeans,18
15292,Unisex,Olive,Fall,2011,Casual,ADIDAS Originals Unisex ST SW Bag Olive Backpacks,64
5717,Men,Grey,Summer,2011,Casual,Basics Men Grey & White Striped T-shirt,40
14340,Women,Pink,Summer,2012,Casual,Nike Women Pink Snapper Flip Flops,81
53487,Women,White,Winter,2015,Casual,Amante White Sports Bra BCST11,128
20175,Men,Khaki,Fall,2011,Casual,Wrangler Men Vintage Khaki Shirt,67
59981,Women,Black,Fall,2012,Party,Avirate  Black & Purple Women Dress,166
39058,Men,Steel,Fall,2012,Formal,Belmonte Men Steel Button Covers,60
11632,Men,Black,Fall,2011,Casual,United Colors of Benetton Men Black Striped Shirt,67
57027,Men,White,Summer,2016,Casual,Jockey MC Men White Brief 8033,21
58853,Men,Black,Summer,2012,Casual,Hakashi Men Black Cufflinks,60
33562,Women,Pink,Summer,2012,Casual,Wrangler Women Big Rodeo Pink T-shirt,40
20949,Women,Yellow,Fall,2011,Casual,ADIDAS Women Vines Yellow Flip Flops,81
36222,Men,Grey,Summer,2012,Sports,Nike Men T90 Shoot IV HG-B Grey Sports Shoes,26
21295,Women,Metallic,Winter,2016,Casual,Celine Dion Women Metalic Frame Sunglasses,113
52767,Women,White,Fall,2012,Casual,Fiorelli Women White Leather Handbag,119
20347,Women,Black,Fall,2011,Casual,Scullers For Her Women Solid Black Sweater,155
5525,Men,Red,Summer,2011,Sports,Reebok Men's Soqua Red Shoe,26
25635,Women,White,Winter,2016,Casual,Fastrack Women White Casual Watch,70
33750,Women,Red,Summer,2012,Casual,Vero Moda Women Red Tunic,148
57215,Women,Beige,Fall,2012,Casual,Kraus Jeans Women Beige Shorts,47
54490,Women,Beige,Summer,2010,Casual,Lino Perros Women Beige Handbag,119
13357,Men,Black,Fall,2011,Casual,Timberland Men Jeunes Black Casual Shoes,3
2700,Girls,White,Summer,2011,Casual,Disney Kids Girl's White Kidswear,49
12285,Men,Black,Fall,2011,Formal,Genesis Men Solid Black Trousers,86
55542,Women,Black,Spring,2017,Casual,Revlon Black Color Stay Pen Eyeliner,51
47087,Boys,Yellow,Fall,2012,Casual,Marvel Boys Yellow Flip Flops,81
34575,Women,Cream,Summer,2012,Casual,Tonga Women Cream-Coloured Top,49
50030,Men,Black,Summer,2016,Casual,Hanes Men Black Relaxed Sports Pants,68
16625,Men,Red,Summer,2016,Casual,Facit Men Smart Red Tshirt,40
49921,Women,Grey,Fall,2012,Ethnic,Fabindia Grey Tie & Dye Ghicha Striped Saree,20
7272,Men,Blue,Fall,2011,Casual,Batman Men's Pose Royal Blue Rays T-shirt,40
46155,Women,Cream,Fall,2012,Casual,Adrika Women Cream & Brown Necklace,151
23562,Women,Cream,Spring,2017,Casual,Police Pure Women Perfume,38
48853,Women,Silver,Summer,2012,Casual,Lucera Women Silver Pendant with Chain,129
17757,Men,Brown,Winter,2012,Casual,Buckaroo Men New Gemma Brown Casual Shoe,3
30949,Women,Purple,Summer,2012,Ethnic,Fabindia Women Purple Cambric Top,49
47027,Women,Purple,Fall,2012,Ethnic,Shree Women Blue Printed Kurta,87
6300,Women,Green,Summer,2011,Casual,UCB Women's Epaulettes Sleeve Green T-shirt,40
35407,Men,Black,Summer,2013,Formal,Enroute Men Black Formal Shoes,23
51142,Men,White,Summer,2016,Casual,Parx Men White Socks,75
49981,Men,Khaki,Summer,2016,Casual,Hanes Men Khaki Innerwear Vest,13
43487,Men,Blue,Summer,2012,Casual,French Connection Men Navy Blue Check Shirt,67
9348,Men,Navy Blue,Fall,2011,Casual,Puma Men Bermudas Navy Blue Shorts,47
12225,Men,Pink,Summer,2013,Casual,Basics Men Pack of 3 T-shirts,40
26010,Men,Black,Spring,2017,Casual,Tous In Heaven Men Perfume,38
3672,Men,Black,Summer,2011,Sports,Fila Men's Speed Up Black Silver Shoe,26
42555,Women,Purple,Summer,2012,Ethnic,Mother Earth Women Purple Kurta,87
29864,Men,Brown,Winter,2016,Casual,Mayhem Men Sunglasses 1025-204,113
32622,Men,Black,Fall,2012,Sports,Nike Men Miler Singlet Black T-shirt,40
56367,Men,Green,Spring,2017,Casual,Police Men Moving Out 50 ml Perfume,38
10572,Men,Red,Fall,2011,Casual,Puma Men Knitted Red Sweaters,155
38318,Women,Beige,Summer,2012,Casual,Puma Women Core Beach Beige Bag,119
21235,Men,Red,Fall,2011,Casual,Highlander Men Red Check Shirt,67
15000,Men,White,Fall,2011,Sports,ADIDAS Men Solid White Tshirts,40
45770,Men,Grey,Spring,2017,Casual,Lomani Men Allure Sport Deo,154
4457,Men,Black,Summer,2011,Sports,Nike Men's Graphic Black Blue T-shirt,40
36282,Women,White,Summer,2017,Casual,SDL by Sweet Dreams Women White Night suits,146
5585,Men,White,Summer,2011,Sports,ADIDAS Men's Barricade 6.0 White Grey Shoe,26
53615,Men,Black,Winter,2016,Casual,Q&Q Men Black Digital Watch M010-002,70
1919,Men,Brown,Fall,2010,Casual,Puma Men's Choco Brown Casual Shoes,3
11692,Men,Navy Blue,Fall,2011,Casual,Lee Men Navy Blue & Red Check Shirt,67
56155,Women,Gold,Spring,2017,Casual,Colorbar I-Glide Passionately Gold Eye Pencil 08,51
32410,Women,Blue,Summer,2012,Sports,ADIDAS Women Blue Leggings,161
59921,Women,Multi,Summer,2012,Ethnic,Diva Women Multi Coloured Kurta,87
40030,Men,Black,Summer,2012,Casual,ADIDAS Men Black T-shirt,40
57087,Women,Yellow,Summer,2012,Casual,Elle Women Yellow Skirt,111
10740,Unisex,Green,Winter,2012,Casual,Disney Unisex Kids Pluto Green Flip Flops,81
4665,Unisex,Black,Winter,2016,Sports,ADIDAS Unisex Peachtree Digital Black Watch,70
56969,Women,Black,Winter,2012,Casual,HM Women Brown Flats,65
15232,Men,Brown,Fall,2011,Casual,ADIDAS Originals Men Vespa PK LO Brown Casual Shoes,3
53427,Women,White,Fall,2012,Ethnic,Alma Women White Printed Kurta,87
47215,Men,Black,Summer,2012,Casual,Franco Leone Men Black Sandals,157
6132,Men,White,Summer,2011,Casual,ADIDAS Men's Stripe Polo White T-shirt,40
23750,Unisex,Purple,Winter,2016,Casual,Ray-Ban Unisex High Street Purple Sunglasses,113
17565,Men,Blue,Fall,2011,Formal,Mark Taylor Men Blue & White Striped Shirt,67
9946,Men,Black,Fall,2011,Sports,ADIDAS Men Frnt Str Black Sweaters,155
51370,Men,Black,Summer,2012,Casual,Spykar Men Black T-shirt,40
22682,Unisex,Grey,Winter,2015,Casual,Wildcraft Unisex Grey Gear for Life Backpack,64
35635,Men,Black,Summer,2012,Casual,Gliders Men Black Flip Flops,81
54602,Men,Navy Blue,Summer,2016,Casual,Jockey ELANCE Men Navy Blue Briefs 1004,21
30347,Men,Off White,Summer,2012,Casual,Myntra Men Made In India Off White T-shirt,40
31295,Women,White,Summer,2012,Casual,Puma Women Jane White T-shirt,40
3440,Men,Blue,Summer,2011,Sports,Delhi Daredevils Mens Fan Tee,40
12017,Men,Purple,Fall,2011,Formal,Mark Taylor Men Purple White Striped Shirts,67
40454,Men,Black,Winter,2018,Formal,Red Tape Men Black Formal Shoes,23
10324,Women,Black,Fall,2011,Casual,Puma Women Heather USP Black Tshirts,49
24111,Men,Black,Summer,2012,Casual,Playboy Men Black Flip Flops,81
56531,Women,Mauve,Spring,2017,Casual,Streetwear Satin Smooth Mauve Mania Lipcolor 19,98
41586,Men,White,Summer,2012,Casual,Basics Men White Striped Shirt,67
32074,Men,White,Summer,2016,Casual,Playboy Men White Boxers,122
14784,Men,Pink,Fall,2011,Formal,Arrow Men Stripes Pink Shirts,67
53043,Women,Purple,Fall,2012,Ethnic,FNF Printed Purple Sari,20
37506,Women,White,Winter,2016,Casual,Esprit Women White Watch,70
45126,Women,White,Winter,2016,Casual,Casio Enticer Women White Dial Watch LTP-1165A-7C2DF(A265),70
4201,Boys,Green,Summer,2011,Casual,Disney Kids Boy's Green Crew Sea Life Sialing Kidswear,40
59579,Men,Bronze,Summer,2012,Casual,Revv Men Bronze Coloured Cufflinks,60
52191,Women,Silver,Fall,2012,Casual,Lencia Sterling Silver Earrings,143
32848,Women,Pink,Winter,2012,Casual,Grendha Women Romance Pink Flats,83
51714,Unisex,Purple,Winter,2016,Casual,Allen Solly Unisex Sunglasses AS236-C4,113
3818,Boys,Green,Summer,2011,Casual,Disney Kids Boy's Green Pooh Tiger Kidswear,40
7484,Women,Pink,Summer,2011,Sports,Nike Women's As Cruise Pink T-shirt,40
47671,Women,White,Summer,2012,Casual,Femella Women White & Black Scarf,62
6556,Men,Blue,Summer,2011,Sports,Nike Men's Club Pique Blue Polo T-shirt,40
18975,Men,Red,Summer,2011,Casual,ADIDAS Originals Men Red Tshirt,40
23334,Women,Maroon,Fall,2011,Ethnic,W Women Maroon Printed Tunic,148
17101,Women,Blue,Winter,2015,Casual,Lino Perros Women Flower Blue Wallet,170
12473,Men,Black,Summer,2013,Formal,Clarks Men Leather Black Formal Shoes,23
26646,Men,Black,Summer,2012,Casual,Puma Men Driving Power Black Shoes,3
48639,Women,Silver,Summer,2012,Casual,Lucera Women Gold Earrings,143
30723,Boys,Blue,Summer,2012,Ethnic,Fabindia Boys Printed Blue Kurta,87
46591,Women,Black,Summer,2012,Casual,Catwalk Women Black Heels,65
51526,Men,Black,Winter,2016,Casual,Fastrack Men Black Watch NB9332pp02,70
23106,Men,Maroon,Winter,2011,Formal,Turtle Men Formal Maroon Accessory Gift Set,156
17333,Men,Black,Winter,2016,Casual,Pepe Jeans Men Casual Sunglasses,113
6764,Men,Blue,Summer,2011,Casual,Timberland Men Blue & White Striped Polo T-shirt,40
54868,Women,Gold,Fall,2012,Casual,Ivory Tag Women Blazing Stone Multicolour Necklace,151
12641,Men,White,Fall,2011,Casual,Probase Men Printed White Tshirts,40
55186,Women,Lavender,Spring,2017,Casual,Lakme Absolute Fast & Fabulous Purple Potion Lavender Nail Polish 11,90
26474,Men,Green,Summer,2012,Casual,Puma Men Graphic Print Green T-shirt,40
3216,Men,Brown,Fall,2010,Casual,Carlton London Men Brown Sandal,157
42131,Men,Black,Summer,2012,Sports,Nike Men Black Air Max Sports Shoes,26
54054,Women,Green,Summer,2012,Casual,Myntra Women Green Leggings,161
13793,Men,Blue,Fall,2011,Casual,Proline Mens Solid Blue Polo Tshirt,40
24323,Unisex,Black,Summer,2011,Casual,ADIDAS Unisex Black Casual Backpack,64
33394,Women,Brown,Summer,2012,Casual,Baggit Women Jhoola Parinacrush Brown Handbag,119
1541,Men,White,Fall,2010,Sports,Puma Men's Ballistic Spike White Green Shoe,26
40666,Women,Navy Blue,Summer,2012,Casual,Lee Women Rosa Navy Blue Top,49
32246,Women,Pink,Summer,2012,Ethnic,Fabindia Women Pink Patiala,56
56703,Men,Beige,Summer,2012,Ethnic,Fabindia Men Beige Kurta,87
37734,Men,Blue,Summer,2012,Casual,John Players Men Retro Beat Blue Shirt,67
20783,Women,Beige,Summer,2011,Casual,Carlton London  Women Casual Beige Sandals,83
21651,Women,White,Fall,2012,Casual,Enamor Women Classique White Bra,128
15464,Men,Black,Fall,2011,Casual,Puma Men Frost HD Black Jackets,145
4033,Men,Black,Summer,2011,Casual,Myntra Men's I am Not Paid enough To Be Nice Black T-shirt,40
1787,Men,White,Fall,2010,Sports,Lotto Men Court Logo White-Silver Shoe,26
33152,Girls,Green,Summer,2012,Casual,Gini and Jony Girls Printed Green Top,49
25037,Women,Purple,Fall,2011,Casual,Nike Women Long Purple Leggings,161
11202,Men,Black,Winter,2016,Casual,Carrera Men Black Watch,70
39468,Women,Pink,Summer,2012,Ethnic,Diva Women Pink Kurti,115
52959,Women,Green,Fall,2012,Ethnic,FNF Green Sari,20
14770,Men,Black,Fall,2011,Formal,Arrow Men Solid Black Shirts,67
5327,Men,Navy Blue,Summer,2011,Casual,Fila Men's Mountainaire Navy Shoe,3
44000,Men,Blue,Spring,2017,Casual,Police Men Freedom Perfume,38
36420,Men,Grey,Summer,2012,Casual,Spinn Men Aura Grey Sandals,157
21497,Women,Black,Winter,2015,Casual,Kiara Women Black Handbag,119
52165,Women,White,Fall,2012,Casual,Lencia Sterling Silver Pendant,129
16027,Men,Blue,Fall,2011,Casual,Highlander Men Check Blue Shirt,67
22212,Men,Orange,Summer,2011,Casual,Timberland Men Striped Blue and Orange T-Shirt,40
19853,Men,Blue,Fall,2011,Casual,U.S. Polo Assn. Men Striped Blue Shirt,67
7470,Men,Charcoal,Summer,2011,Casual,Proline Men Charcoal Grey Polo T-shirt,40
18981,Men,Blue,Fall,2011,Casual,ADIDAS Originals Men Vespa Graphic Blue Tshirt,40
34377,Men,Orange,Summer,2012,Casual,Myntra Men Orange Extreme-Diet T-shirt,40
28728,Women,White,Summer,2012,Ethnic,W Women Printed White Kurta,87
50632,Men,Grey,Winter,2016,Casual,Chromozome Men Grey & Black Trunks,106
8438,Women,Yellow,Fall,2011,Casual,Jealous 21 Women Jealous Mabon Yellow Top Yellow Tops,49
31605,Women,Black,Summer,2012,Sports,Nike Women Running Black Skirt with Capris,111
12487,Men,Brown,Fall,2012,Formal,Clarks Men Leather Brown Formal Shoes,23
27760,Men,Brown,Winter,2015,Casual,Bulchee Men Brown Wallet,170
13555,Women,Red,Fall,2011,Casual,Carlton London Women Casual Red Casual Shoes,3
43225,Women,Beige,Fall,2012,Casual,United Colors of Benetton Women Beige Capri,61
2102,Men,White,Winter,2010,Casual,Lee Men Checks Parker Blue Shirt,67
35097,Women,Pink,Winter,2011,Casual,Allen Solly Women Pink  Scarf,62
7642,Men,Grey,Fall,2011,Sports,Puma Men's Record Grey T-shirt,40
46565,Men,White,Winter,2016,Casual,Timex Expedition Men White Dial Watch T49824,70
16215,Men,Red,Fall,2011,Casual,Puma Men Polo Red TShirt,40
22020,Women,Green,Fall,2011,Ethnic,Vishudh Women Printed Green Kurta,87
50400,Women,Steel,Winter,2016,Casual,Miss Sixty Silver Dial Watch,70
6790,Men,Blue,Summer,2011,Casual,Timberland Men's Rugby Stripe Pique Light Blue T-shirt,40
55172,Women,Magenta,Spring,2017,Casual,Lakme Absolute Fast & Fabulous Crimson Crush Magenta Nail Polish 25,90
26480,Men,Red,Summer,2012,Casual,Puma Men Ferrari Red Polo T-shirt,40
2330,Men,Black,Fall,2010,Casual,Reebok Men Run Black T-shirt,40
27552,Men,Black,Summer,2012,Casual,Scullers Men Black Shirt,67
13767,Men,Green,Fall,2011,Casual,Belmonte Men Check Green Shirts,67
34979,Women,Beige,Summer,2012,Ethnic,Fabindia Women Silk Mulberry Printed Beige Stole,84
57625,Unisex,Orange,Spring,2017,Casual,Lotus Herbals Kids Sun Block Cream,14
5929,Men,White,Summer,2011,Casual,ADIDAS Men's Lucent Multi White Shoe,3
38788,Men,Olive,Summer,2016,Casual,Woodland Men Olive Sandals,157
33360,Men,Black,Summer,2012,Formal,Homme Men Black Semi Formal Shoes,23
40692,Men,Navy Blue,Summer,2012,Casual,Numero Uno Men Navy Blue Shoes,3
41740,Women,Black,Spring,2013,Casual,Catwalk Women Black Wedges,65
25205,Women,Beige,Winter,2015,Casual,Lino Perros Women Beige & Brown Handbag,119
11030,Women,Blue,Fall,2011,Casual,Jealous 21 Women Check Blue Shirt,67
5115,Women,Grey,Summer,2011,Casual,Wrangler Women Blouson Tank Dark Grey Top,49
44232,Men,White,Summer,2012,Sports,Nike Men Air Max Turbulence+ 18 White Sports Shoes,26
14542,Women,Pink,Fall,2011,Ethnic,Vishudh Women Embroidary Pink Kurtas,87
20777,Women,Gold,Fall,2011,Casual,Carlton London Women Classy Gold Sandals,83
15490,Women,Black,Spring,2013,Formal,Carlton London Women Black Heels,65
52357,Women,Yellow,Winter,2015,Casual,Red Rose Women Yellow Nightdress,7
23596,Men,Black,Spring,2017,Casual,Nike Fragrances Men Green Storm Perfume 150 ml,38
34521,Men,Black,Summer,2012,Casual,Red Tape Men Black Sandals,157
7226,Men,Brown,Fall,2011,Formal,Rockport Men's Trinchero Drak Brown Shoe,23
46101,Men,Yellow,Summer,2012,Casual,ADIDAS Men Yellow Lucent Scribble Slide Flip Flops,81
49975,Men,Grey,Summer,2016,Casual,Hanes Men Grey Vest,13
43473,Men,Khaki,Summer,2012,Casual,Woodland Men Khaki Shoes,3
28942,Women,Yellow,Summer,2012,Ethnic,BIBA Women Yellow Kurta,87
13303,Men,Beige,Fall,2011,Casual,Gini and Jony Kids Boys Solid Beige Shorts,47
55516,Women,Brown,Spring,2017,Casual,Revlon Top Speed 60 Natural Brown Ammonia-Free Hair Colour,110
19639,Women,Olive,Fall,2011,Casual,United Colors of Benetton Women Solid Olive Sweatshirt,16
3686,Women,Black,Summer,2011,Casual,Inkfruit Women's Born Free Black T-shirt,40
29890,Women,Pink,Winter,2016,Casual,Mayhem Women Sunglasses 1015-162,113
49149,Women,Brown,Spring,2017,Casual,Deborah Extra Lip Liner 02,134
41324,Women,Cream,Fall,2012,Ethnic,Aurelia Women Cream Dupatta,6
25661,Women,Black,Winter,2016,Casual,Fastrack Women Black Dial Watch NA2394SL02,70
56393,Men,Green,Spring,2017,Casual,Estee Lauder Men 100 ml Perfume,38
11454,Men,Green,Fall,2011,Casual,United Colors of Benetton Men Summer Green Tshirts,40
57241,Women,Blue,Summer,2012,Casual,Murcia Women Blue Handbag,119
33704,Men,Black,Winter,2012,Casual,Cobblerz Men Black Semiformal Shoes,23
45784,Women,Black,Fall,2012,Casual,Senorita Women Black Sandals,65
36276,Women,White,Summer,2017,Casual,SDL by Sweet Dreams Women White & Blue Night suits,146
5571,Men,White,Summer,2011,Sports,ADIDAS Men's Makis White Shoe,26
44656,Women,Blue,Winter,2012,Casual,Lee Women Blue Shirt,67
14126,Women,Blue,Fall,2011,Casual,Flying Machine Women Washed Blue Jeans,18
58209,Women,Multi,Fall,2012,Ethnic,Shree Women Multi Coloured Patiala,56
20313,Men,White,Summer,2011,Casual,Locomotive Men Check White Shirt,67
25453,Men,White,Summer,2012,Casual,Nike Men Air Endurance White Casual Shoes,3
33536,Women,Brown,Summer,2016,Casual,Cobblerz Women Brown & Beige Pumps,65
58807,Men,Navy Blue,Fall,2012,Smart Casual,Highlander Men Navy Blue Striped Shirt,67
57073,Women,Blue,Summer,2012,Casual,Elle Women Blue Jeans,18
36044,Unisex,Mustard,Summer,2012,Casual,OTLS Unisex Mustard Brown Duffle Bag,37
4691,Unisex,Red,Winter,2016,Sports,ADIDAS Unisex New York Original Digital Red Watch,70
52501,Women,Red,Winter,2015,Casual,Red Rose Red Nightdress,99
39830,Girls,Purple,Summer,2012,Casual,Gini and Jony Girls Core Purple Shorts,47
14314,Men,White,Fall,2011,Sports,ADIDAS Men Solid White Jerseys,40
20121,Women,Blue,Fall,2011,Casual,Wrangler Women Lace Blue Top,49
5743,Men,Cream,Summer,2011,Casual,Basics Men Orange & White Striped Hooded T-shirt,40
44464,Women,Black,Summer,2013,Casual,Senorita Women Black Wedges,65
8860,Men,Brown,Fall,2011,Casual,Mark Taylor Men Brown Striped Shirt,67
16443,Men,Black,Fall,2011,Casual,Levis Men Printed Black Sweatshirts,16
51384,Men,Blue,Summer,2012,Casual,Myntra Blue Printed Boxers,122
22676,Unisex,Blue,Winter,2015,Casual,Wildcraft Unisex Blue & Black Solid Backpack,64
46333,Men,Grey,Summer,2012,Sports,Reebok Men Black Run Cruise Lp Sports Shoes,26
27304,Men,Black,Spring,2017,Casual,ADIDAS Men Pure Game Deo,154
13131,Men,Brown,Fall,2012,Formal,Provogue Men Brown Formal Shoes,23
43641,Women,Black,Summer,2012,Casual,Vero Moda Women Black Top,49
31261,Men,Green,Summer,2012,Casual,Puma Men Munchen Green T-shirt,40
7828,Women,Black,Fall,2011,Casual,Puma Women Saba Ballet Black Shoe,3
10129,Men,Brown,Fall,2011,Formal,Rockport Men Jefford Brown Formal Shoes,23
40659,Women,Multi,Summer,2012,Ethnic,Span Women Multi Coloured Kurta,87
38743,Unisex,Purple,Summer,2012,Casual,Nike Unisex Purple Hayward Backpack,64
32279,Women,Purple,Summer,2012,Ethnic,Fabindia Women Printed Purple Kurta,87
4830,Men,Navy Blue,Summer,2011,Sports,ADIDAS Men's Navy White Track Pant,12
14589,Women,Brown,Summer,2011,Casual,United Colors of Benetton Women Solid Brown Belts,9
59774,Women,Gold,Winter,2016,Casual,Estelle Women Gold Earring & Pendant Set,142
7689,Men,Black,Fall,2011,Sports,Puma Men's Black Polo Neck T-shirt,40
55985,Women,Purple,Spring,2017,Casual,Colorbar Velvet Matte Grape Wine Lipstick 47P,98
51519,Men,Black,Winter,2016,Casual,Fastrack Men Black Watch,70
23139,Men,Olive,Fall,2011,Casual,Quechua Men Fleece Olive Sweatshirt,16
54857,Women,Gold,Fall,2012,Casual,Ivory Tag Women Delicate Pink Pearl Necklace,151
19296,Women,White,Summer,2016,Casual,Guess Women White Dial Watch W80056L1,70
3229,Men,Black,Fall,2010,Sports,Puma Men's Mid Black Silver Shoe,26
9713,Men,Maroon,Fall,2011,Casual,Classic Polo Men Ikon Maroon Polo Tshirts,40
48434,Men,Charcoal,Summer,2012,Casual,French Connection Men Charcoal Printed T-shirt,40
23905,Men,White,Summer,2012,Casual,Fila Men Carbon White Casual Shoes,3
3827,Unisex,Navy Blue,Summer,2011,Casual,Crocs Kid's Baya Navy Kidswear,157
6569,Men,White,Summer,2011,Sports,Nike Men's Challenger Logo White T-shirt,40
26679,Men,Navy Blue,Summer,2012,Casual,Puma Men Maze Navy Blue Flip Flops,81
18176,Boys,Green,Fall,2011,Casual,Doodle Kids-Boys Flap 02 Green Sweatshirt,16
17902,Men,Navy Blue,Fall,2011,Sports,Nike Men Trainng Navy Blue Track Pant,12
9521,Men,Blue,Fall,2011,Formal,John Miller Men Blue Striped Shirt,67
48606,Women,Silver,Fall,2012,Casual,Lucera Women Silver Earrings,143
38571,Women,Grey,Summer,2012,Sports,Nike Women Regular Grey Capris,61
33199,Women,Red,Summer,2012,Casual,Sepia Women Printed Red Dress,166
53840,Women,Purple,Summer,2012,Ethnic,Vishudh Women Purple Kurta,87
45925,Men,White,Winter,2016,Casual,Maxima Men White Dial Watch,70
52992,Women,Green,Fall,2012,Ethnic,FNF Green Printed Sari,20
58494,Women,Purple,Fall,2012,Casual,Tonga Women Purple Dress,166
24912,Boys,Yellow,Summer,2012,Casual,United Colors of Benetton Kids Boys Yellow Printed T-shirt,40
37539,Boys,White,Summer,2012,Casual,Madagascar 3 Infants Boys White Booties,168
45119,Men,Purple,Winter,2016,Casual,Casio Enticer Men Silver Analogue Watch MTP-1243D-2AVDF(A217),70
59546,Women,Gold,Summer,2013,Casual,Lucera Gold Plated Earrings,143
15669,Unisex,Black,Fall,2011,Casual,Belkin Unisex Vue Sleeve Black Bags,169
28387,Men,Black,Winter,2016,Casual,Idee Men Black Sunglasses,113
29255,Men,Black,Summer,2012,Sports,ADIDAS Men FL Runner Black Sports Shoes,26
16488,Men,Blue,Fall,2011,Casual,Locomotive Men Printed Navy Blue TShirt,40
12814,Unisex,Navy Blue,Fall,2011,Casual,Puma Unisex 917 Lo Navy Blue Casual Shoes,3
6931,Men,Red,Summer,2011,Casual,s.Oliver Men's Eastern State University Red T-shirt,40
18512,Men,Red,Fall,2011,Casual,C Vox Men Red Jacket,145
9145,Women,Blue,Summer,2013,Casual,Lee Women Rinsed Blue Roxy Fit Jeans,18
12028,Men,Grey,Fall,2011,Formal,Mark Taylor Men Grey Striped Shirt,67
25498,Women,Blue,Summer,2012,Casual,Nike Women Aquahype Blue Flip Flops,81
21804,Men,Brown,Fall,2011,Casual,Fossil Men Spencer Brown Belt,9
37961,Women,White,Fall,2012,Casual,Clarks Women Un Spire White Sandals,65
56956,Women,Metallic,Winter,2012,Casual,HM Women Metallic Flats,65
59122,Men,Grey,Summer,2012,Casual,Just Natural Men Grey Jacket,145
21038,Women,Black,Fall,2012,Casual,Clarks Women Balti Zing Black Heels,65
53418,Women,Green,Fall,2012,Ethnic,Alma Women Green Printed Kurta,87
5788,Women,White,Summer,2011,Casual,Jealous 21 Women's Checkered Pink White Short,47
57884,Women,White,Spring,2017,Casual,Biotique Bio Pistachio Face Pack,136
15803,Men,Brown,Summer,2016,Casual,Facit Men Trophy BKN Brown Briefs,21
24778,Women,Pink,Winter,2015,Casual,Lino Perros Women Ladies Belts Pink Pink Belts,9
38327,Girls,Blue,Summer,2012,Casual,Hannah Montana Girls Blue Top,49
4468,Men,White,Summer,2011,Sports,Puma Men's Vibrant White Black Red Shoe,3
1926,Men,Blue,Fall,2010,Casual,Puma Mens Ocean Racing Blues T-shirt,40
17768,Men,Brown,Winter,2012,Casual,Buckaroo Men New Amanda Brown Casual Shoe,3
30976,Men,Red,Spring,2017,Casual,Cartier Men Declaration Perfume,38
47018,Women,Mustard,Summer,2012,Ethnic,Shree Women Mustard & Black Kurta,87
26813,Men,Grey,Summer,2012,Formal,Arrow Men Grey Striped Shirt,67
35438,Boys,Multi,Summer,2012,Casual,Doodle Boys Check Multi Coloured Shirt,67
29067,Women,Beige,Winter,2016,Casual,Fastrack Women Beige Handbag,119
50893,Women,Blue,Fall,2012,Ethnic,Prafful Yellow & Blue Sari,20
9377,Unisex,Brown,Fall,2011,Casual,Puma Unisex FTPA Brown Socks,75
28989,Women,Blue,Summer,2012,Ethnic,Biba Outlet Women Blue & Green Printed Churidar Kurta with Dupatta,109
18720,Women,Cream,Fall,2011,Casual,Arrow Women Zebra Cream Top,49
51941,Women,Purple,Summer,2016,Casual,Nyk Women Purple Curly Sling Bag,119
31098,Boys,Red,Summer,2012,Casual,Gini and Jony Boys Check Red Shirt,67
13932,Men,Red,Summer,2011,Casual,United Colors of Benetton Men Check Red Shirts,67
28373,Men,Metallic,Winter,2016,Casual,Idee Men Metallic Sunglasses,113
22649,Unisex,Green,Winter,2015,Casual,Wildcraft Unisex Green & Grey Backpack,64
2559,Men,Black,Fall,2010,Casual,Decathlon Men's Comp Black T-shirt,40
8063,Men,Black,Winter,2018,Formal,Red Tape Men's Formal Leather Black Shoe,23
19434,Men,Blue,Summer,2012,Casual,Quiksilver Men Blue Sting Ray Beanie Hat,93
7817,Men,Purple,Fall,2011,Casual,Proline Men Purple Striped Polo T-shirt,40
11659,Women,White,Fall,2011,Casual,Lee Women Printed White Tshirts,40
39033,Men,Steel,Summer,2012,Formal,Belmonte Men Steel Bright Assorted Cufflinks,60
33509,Women,Pink,Summer,2012,Casual,Doodle Kids Girl Check Pink Shorts,47
58838,Men,Black,Summer,2012,Casual,Hakashi Men Black Cufflinks,60
37995,Men,Black,Summer,2012,Formal,New Hide Men Black Reversible Belt,9
45589,Men,Brown,Summer,2012,Formal,Arrow Men Brown Formal Shoes,23
58004,Women,Pink,Fall,2012,Casual,Latin Quarters Women Pink & Black Top,49
57870,Women,White,Spring,2017,Casual,Biotique Morning Nectar Flawless Lightening Lotion,42
39201,Women,Beige,Winter,2015,Casual,Catwalk Women Beige Flats,65
14925,Men,Charcoal,Fall,2011,Casual,Mr. Men Men Keen Charcoal Tshirts,40
36249,Men,White,Summer,2016,Casual,SDL by Sweet Dreams Men White & Grey Pyjama Set,146
44669,Women,White,Summer,2012,Casual,Wills Lifestyle Women White Shirt,67
14119,Women,Grey,Fall,2011,Casual,Flying Machine Women Printed Grey Tshirts,40
58236,Women,White,Summer,2012,Casual,Baggit Women White Wallet,170
28141,Men,Black,Summer,2018,Casual,Jockey 24 x 7 Men Black Sport Shorts 9426,19
27935,Women,Lavender,Summer,2012,Casual,Jealous 21 Women Lavender Magic Colour Jeans,18
7219,Men,Black,Fall,2011,Formal,Rockport Men's Mubleno Black Shoe,23
31850,Men,Black,Winter,2016,Casual,Titan Edge Men Black Dial Watch,70
9383,Women,White,Fall,2011,Casual,Nike Women Wmns Sweet Cl White Casual Shoes,3
27109,Women,Orange,Summer,2012,Ethnic,Aneri Women Chanchal Orange Kurta,87
55529,Women,Skin,Spring,2017,Casual,Revlon Touch & Glow Moisturising Makeup Rose Mist,153
19606,Women,Green,Summer,2011,Casual,United Colors of Benetton Women Solid Green Top,49
8251,Women,White,Winter,2016,Casual,Fastrack Women White Handbag,119
5916,Women,Black,Summer,2011,Casual,ADIDAS Women Daily Black Shoe,3
39665,Men,White,Summer,2012,Casual,Lotto Men White Shoes,3
58652,Women,Black,Summer,2012,Ethnic,ALayna Women Black Kurta,87
59780,Women,Gold,Winter,2015,Casual,Estelle Women Gold Bracelet,152
52368,Women,Peach,Winter,2015,Casual,Red Rose Women Peach Nightdress,7
11833,Men,Green,Summer,2013,Casual,Playboy Men Casual Green Casual Shoes,3
55971,Women,Red,Spring,2017,Casual,Colorbar Velvet Matte Pretty Please 1 Lipstick 79V,98
28525,Men,Black,Summer,2012,Casual,Nike Men Man U Core Black T-shirt,40
43814,Women,White,Summer,2012,Ethnic,Royal Diadem White Earrings,143
47488,Unisex,Charcoal,Fall,2012,Casual,Footfun Kids Unisex Grey Shoes,3
35894,Boys,Green,Summer,2012,Casual,Jungle Book Boys Bagheera Green T-shirt,40
19262,Women,Gold,Winter,2016,Casual,Guess Women Mini Rock Candy Gold Watch,70
22823,Men,Khaki,Summer,2016,Casual,Woodland Men Khaki Casual Shoes,3
8635,Unisex,Pink,Winter,2016,Casual,Fastrack Unisex New Pink Sunglasses,113
31408,Men,Black,Summer,2016,Casual,Spykar Men Black Innerwear Vest,13
13758,Men,Green,Fall,2011,Formal,Belmonte Men Check Green Shirts,67
34946,Women,Beige,Summer,2012,Ethnic,Fabindia Women Printed Beige Dupatta,6
16018,Men,Khaki,Fall,2011,Casual,Turtle Solid Men  Khaki Trouser,86
46768,Women,Peach,Spring,2017,Casual,Paco Rabanne Women Pour 50 ml Perfume,38
34348,Men,Purple,Summer,2012,Casual,Myntra Men Purple T-shirt,40
2901,Women,Black,Winter,2015,Formal,Catwalk Women Corporate Leather Black Heels,65
28717,Women,Purple,Summer,2012,Ethnic,W Women Printed Purple Kurta,87
49720,Men,Grey,Summer,2012,Casual,Park Avenue Men Grey Tie,132
8407,Men,Blue,Fall,2011,Sports,ADIDAS Men Gfx Rev 2-L Jer Blue T-Shirts,40
16824,Women,Purple,Fall,2011,Casual,Little Miss Women Printed Purple T-shirt,40
19050,Women,Brown,Winter,2015,Casual,Catwalk Women Closed Brown Sandals,83
38585,Women,Black,Summer,2012,Casual,Nike Women Black T-shirt,40
44803,Women,Grey,Summer,2012,Casual,Spykar Women Grey T-shirt,49
57428,Women,Green,Summer,2015,Casual,Angry Birds Women Green T-shirt,40
39457,Women,White,Summer,2012,Ethnic,Diva Women Printed White Kurta,87
52966,Women,Blue,Fall,2012,Ethnic,FNF Indigo Blue Sari,20
58460,Boys,White,Summer,2012,Casual,Madagascar 3 Boys White T-shirt,40
33951,Men,Black,Summer,2012,Casual,ADIDAS Men Cinder Black T-shirt,40
53088,Women,Silver,Winter,2016,Casual,Fabindia Silver Necklace,151
25834,Women,White,Summer,2012,Ethnic,Diva Women Printed White Kurta,87
25454,Men,Black,Summer,2012,Casual,Nike Men Benassi Solarsoft Slide Black Flip Flops,81
57074,Women,Black,Summer,2012,Casual,Elle Women Black Jeans,18
58800,Men,Navy Blue,Fall,2012,Casual,Highlander Men Blue Check Shirt,67
33531,Women,Black,Summer,2016,Casual,Cobblerz Women Black Loafers,3
39837,Boys,Red,Summer,2012,Casual,Palm Tree Boys Striped Red T-Shirt,40
52506,Women,Blue,Winter,2015,Casual,Red Rose Women Blue Floral Printed Bathrobe,74
36043,Unisex,Olive,Summer,2012,Casual,OTLS Unisex Olive Green Duffle Bag,37
4696,Unisex,Black,Winter,2016,Sports,ADIDAS Unisex Duramo Digital Black Watch,70
44463,Women,Pink,Summer,2012,Casual,Senorita Women Cherry Red Sandals,83
37191,Men,Purple,Summer,2012,Casual,United Colors of Benetton Men Printed Purple T-shirt,40
5744,Men,White,Summer,2011,Sports,Reebok Men's Blaze White Shoe,26
20126,Women,Blue,Fall,2011,Casual,Wrangler Women Shadow Blue Top,49
14313,Men,Blue,Fall,2011,Sports,ADIDAS Men Solid Blue Jerseys,40
17596,Unisex,Black,Winter,2016,Casual,Cat Unisex Classic Black Sunglasses,113
46334,Women,White,Summer,2012,Sports,Reebok Women White Zignano Race Sports Shoes,26
7013,Men,Blue,Summer,2011,Casual,s.Oliver Men's Surefunk Records Blue T-shirt,40
22671,Unisex,Black,Winter,2015,Casual,Wildcraft Unisex Black & Grey Backpack,64
29299,Women,Blue,Summer,2012,Casual,Wrangler Women Water Flower Blue T-shirt,40
8867,Men,Grey,Fall,2011,Casual,Mark Taylor Men Grey Striped Shirt,67
16444,Men,Olive,Fall,2011,Casual,Levis Men Printed Olive Sweatshirts,16
51383,Men,Blue,Summer,2012,Casual,Myntra Men Blue Boxer,122
9189,Men,Blue,Fall,2011,Casual,Spykar Men Style Essentials Spykar Jeans Rns Blue Jeans,18
43646,Women,Blue,Summer,2012,Casual,ONLY Women Blue Dress,166
13136,Men,White,Fall,2012,Casual,iD Men White Casual Shoes,3
31266,Men,White,Summer,2012,Casual,Puma Men Pounce Graphic White T-shirt,40
34526,Men,Brown,Summer,2013,Casual,Red Tape Men Brown Sandals,157
23591,Women,Lavender,Spring,2017,Casual,Nike Fragrances Women Original Deo and Perfume,30
28179,Men,Gold,Winter,2016,Casual,Ray-Ban Men Aviator Gold Sunglasses,113
49972,Men,Olive,Summer,2016,Casual,Hanes Men Olive Innerwear Vest,13
31868,Women,Gold,Winter,2016,Casual,Titan Women Raga Mother Of Pearl Dial Watch,70
46106,Men,Navy Blue,Summer,2012,Casual,ADIDAS Men White Check Mens Flip Flops,81
7221,Men,Black,Fall,2011,Formal,Rockport Men Schemerhorn Black Shoe,23
13304,Women,Red,Fall,2011,Casual,Gini and Jony Kids Girls Solid Red Skirts,111
2753,Men,Purple,Summer,2011,Casual,Classic Polo Men's Bold Stripe Grey T-shirt,40
30186,Unisex,Red,Summer,2012,Casual,Nike Unisex Red Arsenal Allegiance Gym Sack,64
43474,Men,Mustard,Summer,2012,Casual,Woodland Men Mustard Shoes,3
29897,Women,Brown,Winter,2016,Casual,Mayhem Women Sunglasses 1011-102,113
8269,Men,Grey,Fall,2011,Casual,Mr.Men Men's Teal Grey T-shirt,40
3681,Men,Brown,Summer,2011,Casual,Inkfruit Men's Double Trouble Brown T-shirt,40
55511,Women,Red,Spring,2017,Casual,Revlon Cherries In The Glow Super Lustrous Lip Gloss 20,59
56394,Women,Pink,Spring,2017,Casual,Estee Lauder Women Beautiful Love 75 ml Perfume,38
25666,Men,Blue,Summer,2017,Casual,Fastrack Men Blue Dial Watch NA3001SM02,70
39239,Women,Blue,Summer,2017,Casual,Femella Women Blue Nightdress,7
33703,Men,Brown,Winter,2012,Smart Casual,Cobblerz Men Brown Casual Shoes,23
10581,Men,Steel,Winter,2016,Casual,Esprit Men Athletic Black Steel Watches,70
57246,Women,Red,Summer,2012,Casual,Murcia Women Red Handbag,119
36271,Women,White,Summer,2017,Casual,SDL by Sweet Dreams Women White Night suits,146
45783,Women,Maroon,Summer,2012,Casual,Senorita Women Maroon Sandals,65
20314,Men,Grey,Fall,2011,Casual,Locomotive Men Check Grey Shirt,67
14121,Men,Blue,Winter,2016,Casual,Flying Machine Washed Blue Jeans,18
5576,Men,Grey,Summer,2011,Sports,Nike Men's Free Run Grey Red White Shoe,26
22027,Women,White,Fall,2011,Ethnic,Vishudh Women Floral Print Orange Kurta,87
16212,Women,Black,Fall,2011,Casual,Puma Women Move Graphic Black TShirt,40
46562,Men,Charcoal,Winter,2016,Casual,Timex Men Charcoal Grey Dial Watch T49796,70
35090,Women,Olive,Summer,2012,Casual,Allen Solly Woman Check Olive Scarf,62
55949,Women,Maroon,Spring,2017,Casual,Colorbar Nail Lacquer 08,90
7645,Men,Black,Fall,2011,Sports,Puma Men's Ducati Logo Black T-shirt,40
6797,Unisex,Pink,Summer,2011,Casual,Nike Unisex Fundamen Pink Backpack,64
31430,Men,Grey,Summer,2012,Casual,HIghlander Men Grey Trousers,86
26487,Men,Black,Summer,2012,Casual,Puma Men Tech Graphic Black T-shirt,40
55175,Women,Pink,Spring,2017,Casual,Lakme Absolute Fast & Fabulous Wicked Pink Nail Polish 22,90
13760,Men,Purple,Fall,2011,Casual,Belmonte Men Check Purple Shirts,67
18388,Men,White,Summer,2016,Casual,Undercolors of Benetton Men White Tanga Brief,21
27555,Men,Black,Summer,2012,Casual,Scullers Men Black Shirt,67
2337,Men,Grey,Fall,2010,Casual,Reebok Men Sublime Grey T-shirt,40
43010,Men,Red,Summer,2016,Casual,Probase Red Printed Boxers,122
40695,Men,Brown,Summer,2013,Casual,Numero Uno Men Brown Flip Flop,81
33367,Women,Black,Summer,2012,Casual,Baggit Women Hero Brush Black Clutch,50
57622,Men,White,Spring,2017,NA,Lotus Herbals Safe Sun Sunscreen for Men,14
11037,Women,Pink,Fall,2011,Casual,Jealous 21 Women Solid Pink Tops,49
25202,Women,Beige,Winter,2015,Casual,Lino Perros Women Leatherette Beige Handbag,119
41747,Boys,Green,Summer,2012,Casual,Doodle Boys Green T-shirt,40
20770,Women,Silver,Winter,2012,Casual,Carlton London Women Classy Gold Heels,65
53282,Men,Blue,Summer,2012,Casual,Locomotive Men Blue T-shirt,40
14545,Women,Blue,Fall,2011,Ethnic,Vishudh Women Circle Print Blue Kurtas,87
44235,Men,Blue,Summer,2012,Sports,Nike Men Air Max+ 2012 Blue Sports Shoes,26
5112,Women,Grey,Summer,2011,Casual,Wrangler Women Check Multi Color Shirt,40
36615,Women,Blue,Winter,2015,Casual,Catwalk Women Blue Wedges,65
15497,Women,Black,Winter,2012,Formal,Carlton London Women Casual Black Heels,65
52350,Women,Blue,Winter,2015,Casual,Red Rose Women Blue Nightdress,7
57410,Women,Black,Winter,2015,Casual,Amante Women Black Bikini Briefs PGSM03,21
33155,Men,Grey,Summer,2012,Casual,Classic Polo Men Printed Grey T-shirt,40
11205,Men,Black,Winter,2016,Casual,Carrera Men Black Watch,70
25030,Men,Navy Blue,Fall,2011,Sports,Nike Men Speed Fly Navy Blue Shorts,47
44007,Men,Gold,Spring,2017,Casual,Police Men Gold Wings Deo,154
5320,Men,Grey,Summer,2011,Casual,Fila Men's Montello Grey Black Red Shoe,3
20542,Women,Pink,Winter,2015,Casual,Baggit Women Yacho Jhuti Pink Belt,9
14777,Men,Brown,Fall,2011,Formal,Arrow Men Stripes Brown Shirts,67
33969,Women,Black,Spring,2012,Party,Femella Women Black Dress,166
58458,Boys,Red,Summer,2012,Casual,Madagascar 3 Boys Red T-shirt,40
52162,Women,Black,Summer,2012,Casual,Femella Women Black Striped Tank Dress,166
36427,Men,White,Spring,2013,Sports,Spinn Men Bounce White Sports Shoes,26
46750,Men,Grey,Spring,2017,Casual,Nautilus Men Black Marlin Perfume,38
19854,Men,Blue,Fall,2011,Casual,U.S. Polo Assn. Men Striped Blue Shirt,67
22215,Women,Blue,Fall,2011,Casual,Little Miss Women Funny Blue T-shirt,40
16020,Men,Grey,Fall,2011,Casual,Turtle Solid Men Grey Trouser,86
2939,Women,Blue,Fall,2010,Casual,DUSG Women's Play Lady Organic Blue T-shirt,40
50635,Men,Charcoal,Winter,2016,Casual,Chromozome Men Charcoal Melange Innerwear Vest,13
34370,Men,Black,Summer,2012,Casual,Myntra Men Black Jazzy Moves T-shirt,40
18986,Men,Black,Summer,2011,Casual,ADIDAS Originals Men St Tee Grp Black Tshirt,40
47682,Men,Black,Spring,2013,Casual,Carlton London Men Black Leather Casual Shoes,3
55347,Women,Blue,Spring,2017,Casual,Revlon Women Instinct Perfume,38
12480,Men,Black,Fall,2012,Formal,Clarks Men Black Leather Formal Shoes,23
19068,Women,Navy Blue,Fall,2011,Ethnic,W Women Solid Navy Blue Kurta,87
49718,Men,Red,Summer,2012,Formal,Park Avenue Red Checked Tie,2
31602,Men,Purple,Summer,2012,Casual,Mark Taylor Men Printed Purple T-shirt,40
2105,Men,Black,Fall,2010,Sports,ADIDAS Men's Climalite Track Pants,12
43222,Unisex,Black,Fall,2012,Casual,Converse Unisex Black Shoes,3
13552,Women,Yellow,Winter,2012,Casual,Carlton London Women Yellow Flat Shoes,83
27767,Men,Black,Winter,2015,Casual,Bulchee Men Ufficio Black Wallet,170
51521,Men,Silver,Summer,2017,Casual,Fastrack Men Silver-Toned Dial Watch N1229SM04,70
46596,Women,Brown,Winter,2012,Casual,Catwalk Women Olive Sandals,65
35064,Men,Black,Summer,2012,Casual,Allen Solly Men Leather Black Belt,9
6763,Men,Green,Summer,2011,Casual,Timberland Men's Eclectic Apple Green T-shirt,40
17334,Unisex,Brown,Winter,2016,Casual,Pepe Jeans Unisex Casual Sunglasses,113
42136,Men,White,Summer,2012,Sports,Nike Men White Air Max Full Court Sports Shoes,26
3211,Women,Yellow,Summer,2011,Casual,Tantra Women's Ornament Yellow T-shirt,40
26473,Men,Grey,Summer,2012,Casual,Puma Men Graphic Print Grey T-shirt,40
12646,Men,Blue,Fall,2011,Casual,Probase Men Stripes Blue Tshirts,40
55181,Women,Pink,Spring,2017,Casual,Lakme Absolute Fast & Fabulous Pearl Pink Nail Polish 16,90
54053,Women,White,Summer,2012,Casual,Myntra Women White Leggings,161
40661,Women,Multi,Summer,2012,Ethnic,Span Women Multi Coloured Kurta,87
33393,Women,Brown,Summer,2012,Casual,Baggit Women Faltu Taj Brown Handbag,119
1546,Men,White,Fall,2010,Casual,Puma Men's Furore White Shoe,3
24324,Unisex,Blue,Fall,2011,Casual,ADIDAS Unisex Blue Backpack,64
10111,Men,Silver,Fall,2011,Sports,Reebok Men Premier road supreme 2 Silver Sports Shoes,26
4808,Men,Black,Summer,2011,Sports,ADIDAS Men's Prophecy Black Yellow Short,47
56704,Men,Rust,Summer,2012,Ethnic,Fabindia Men Rust Kurta,87
20784,Women,Black,Summer,2011,Casual,Carlton London Women Classy Black Sandals,83
37733,Men,Grey,Summer,2012,Casual,John Players Men Check Grey Shirt,67
4034,Men,Black,Summer,2011,Casual,Myntra Men's Better Days Are Coming Black T-shirt,40
45313,Men,Black,Summer,2012,Formal,Van Heusen Men Black & Brown Reversible Belt,9
15463,Men,Blue,Fall,2011,Sports,Puma Men Graphic Logo Blue Tracksuits,101
24116,Men,Red,Fall,2012,Casual,Playboy Men Red Casual Flip Flops,81
10323,Women,Black,Winter,2015,Casual,Murcia Women Lambretta Green Black Handbags,119
40453,Men,Black,Winter,2018,Casual,Red Tape Men Black Shoes,3
53878,Men,Navy Blue,Summer,2012,Casual,U.S. Polo Assn. Men Navy Blue Flip Flops,81
38549,Men,White,Summer,2012,Casual,Puma Men White RS Hi Leather Shoes,3
32073,Men,Red,Summer,2016,Casual,Playboy Men Red Boxers,122
56536,Women,Brown,Spring,2017,Casual,Streetwear Satin Smooth Cocoa Flakes Lipstick 23,98
14783,Men,Purple,Fall,2011,Formal,Arrow Men Check Purple Shirts,67
53044,Women,Multi,Fall,2012,Ethnic,FNF Multi Coloured Printed Sari,20
15651,Unisex,Black,Fall,2011,Casual,Belkin Unisex Apple Move Toploader 15,119
21464,Women,Grey,Winter,2012,Casual,Roxy Women Grey Sweater,155
4206,Boys,Red,Summer,2011,Casual,Disney Kids Boy's Red Mickeys Scrap Book Kidswear,40
45121,Men,Black,Winter,2016,Casual,Casio Enticer Men Silver Analogue Multi-Dial Watch MTP-1246D-1AVDF(A220),70
7483,Women,Black,Summer,2011,Sports,Nike Women's Spher Black T-shirt,40
29609,Men,Red,Summer,2012,Formal,Indigo Nation Men Striped Red Shirt,67
51713,Unisex,Black,Winter,2016,Casual,Van Heusen Unisex Sunglasses VH213-C1,113
17106,Women,Orange,Winter,2015,Casual,Lino Perros Women Small  Orange Wallet,170
23333,Women,Maroon,Fall,2011,Ethnic,W Women Wine Printed Kurti,115
6551,Men,Blue,Summer,2011,Sports,Nike Men's Miler Singlet Blue T-shirt,40
47676,Women,Black,Summer,2012,Casual,Femella Women Black Animal Print Dress,166
26641,Men,White,Summer,2012,Casual,Puma Men Drift White Casual Shoes,3
12474,Men,Black,Fall,2011,Casual,Clarks Men Leather Black Sandals,157
3023,Men,Blue,Summer,2011,Casual,Lee Men's Shot Midnight Blue T-shirt,40
30724,Boys,White,Summer,2012,Ethnic,Fabindia Boys Printed White Kurta,87
9519,Men,Maroon,Fall,2011,Formal,John Miller Men white pink black check Maroon Shirts,67
27793,Men,Black,Winter,2015,Casual,Bulchee Men Black Wallet,170
59926,Women,White,Summer,2012,Ethnic,Diva Women White Kurta,87
32417,Men,White,Summer,2012,Sports,ADIDAS Men White Jersey,40
11695,Men,Purple,Fall,2011,Casual,Lee Men Purple Check Shirt,67
56152,Women,Purple,Spring,2017,Casual,Colorbar I-Glide Amethyst Spark Eye Pencil 011,11
24572,Men,Black,Summer,2012,Casual,Lee Men Beats Black T-shirt,40
57080,Women,Blue,Summer,2012,Casual,Elle Women Blue Shirt,67
10747,Unisex,Pink,Winter,2012,Casual,Disney Unisex Kids Daisy Pink Sandals,157
37959,Men,Black,Fall,2012,Casual,Clarks Men Vent Jump Black Sandals,157
40037,Men,White,Summer,2012,Casual,ADIDAS Men White T-shirt,40
15235,Men,Black,Fall,2011,Casual,ADIDAS Originals Men Chase Black Casual Shoes,3
21000,Men,White,Winter,2016,Casual,Fastrack Men Leatherette White Belt,9
4662,Men,Black,Summer,2012,Sports,ADIDAS Men  Elroy Low Black Shoes,26
44497,Women,Brown,Summer,2012,Casual,Gliders Women Brown Shoes,3
37165,Women,Peach,Summer,2012,Casual,United Colors of Benetton Women Peach Top,49
53420,Women,Blue,Fall,2012,Ethnic,Alma Women Blue Printed Kurta,87
17562,Men,Blue,Fall,2011,Formal,Mark Taylor Men Blue & White Striped Shirt,67
9941,Men,Green,Fall,2011,Casual,Probase Men 96 Coast Road Green Tshirts,40
23757,Men,Black,Winter,2016,Casual,Oakley Men Translucent Grey Frame Driving Goggles,113
6135,Women,Black,Summer,2011,Casual,ADIDAS Women Beat Black T-shirt,40
47212,Men,Brown,Summer,2012,Formal,Franco Leone Men Brown Formal Shoes,23
35632,Men,Black,Fall,2015,Casual,Gliders by Liberty Men Red & Black Econew Flip-Flops,81
22685,Unisex,Black,Winter,2015,Casual,Wildcraft Unisex Gear for Life Black Waist Pouch,120
51377,Men,Khaki,Summer,2012,Casual,Myntra Men Khaki Shorts,47
30340,Men,Off White,Summer,2012,Casual,Myntra Men Ego Off White T-shirt,40
6909,Women,Grey,Summer,2011,Casual,Tantra Women's Page 03 Grey T-shirt,40
54605,Men,White,Summer,2016,Casual,Jockey ELANCE Men White Brief 1004,21
26225,Men,Black,Summer,2012,Casual,Wrangler Men Black Belt,9
12010,Men,Red,Fall,2011,Formal,Mark Taylor Men Red Striped Shirt,67
31292,Women,Black,Summer,2012,Casual,Puma Women Script Black Top,49
3447,Unisex,Black,Summer,2011,Sports,ADIDAS Kids Black Pune Warriors Match Jersey,40
6307,Women,Green,Summer,2011,Casual,UCB Women Basic Racerback Green Top,49
47020,Women,Black,Summer,2012,Ethnic,Shree Women Black Embroidered  Kurta,87
17750,Men,Navy Blue,Fall,2011,Casual,Highlander Men Stripes Navy Blue Shirt,67
48854,Women,Silver,Summer,2012,Casual,Lucera Women Silver Pendant,129
23565,Men,Gold,Spring,2017,Casual,Baldessarini Ambre Men EDT Perfume,38
49986,Women,White,Winter,2015,Casual,Hanes Women Assorted Socks,75
51145,Men,Black,Summer,2016,Casual,Parx Men Black Socks,75
18718,Women,Purple,Fall,2011,Casual,Arrow Woman Victoria Purple Top,49
30172,Men,Black,Winter,2016,Casual,Esprit Men  Black Dial Chronograph Watch,70
43480,Men,Khaki,Summer,2012,Casual,Woodland Men Khaki Shoes,3
48068,Men,Grey Melange,Fall,2012,Casual,French Connection Grey T-shirt,40
29863,Men,Black,Summer,2017,Casual,Mayhem Men Rectangular Sunglasses 1025-205d,113
42552,Women,Beige,Summer,2012,Ethnic,Mother Earth Women Beige & Black Kurta,87
3675,Men,White,Summer,2011,Casual,Fila Men's Chaser HI White Shoe,3
12222,Men,Olive,Summer,2013,Formal,Basics Men Olive Trousers,86
56360,Women,White,Spring,2017,Casual,Tommy Hilfiger Women 50 ml Perfume,38
25692,Women,Orange,Summer,2012,Ethnic,Mumbai Slang Women Printed Orange Kurti,115
32625,Men,Red,Summer,2012,Sports,Nike Men Miler Red T-shirt,40
24740,Women,Brown,Winter,2015,Casual,Murcia Women Brown Casual Handbag,119
10575,Women,Pink,Fall,2011,Casual,Puma Women Ess Pink Polo Tshirts,40
4450,Unisex,Red,Summer,2011,Casual,Nike Unisex Arsenal  Red White Cap,93
36285,Women,Pink,Summer,2017,Casual,SDL by Sweet Dreams Pink Pyjama Set,146
45777,Women,Red,Summer,2012,Casual,Remanika Women Red Dress,166
15007,Men,Black,Fall,2011,Sports,ADIDAS Originals Men Solid Black Jackets,145
53612,Men,Black,Winter,2016,Casual,Q&Q Men Black Digital Watch M051-001,70
5582,Men,White,Summer,2011,Sports,Nike Men's Main Draw White Red Shoe,26
28710,Women,Multi,Summer,2012,Ethnic,W Women Printed Multi Coloured Kurta,87
55378,Women,Silver,Spring,2017,Casual,Revlon Lilac Mist Nail Polish 322,90
19057,Women,Green,Fall,2011,Ethnic,Aurelia Women Solid Green Kurta,87
8400,Men,Blue,Fall,2011,Sports,ADIDAS Men Blue Cr_Aess 3s Polo T-Shirt,40
16823,Women,Blue,Fall,2011,Casual,Little Miss Women Printed Blue T-shirt,40
49727,Men,Navy Blue,Summer,2012,Formal,Park Avenue Men Navy Blue Tie,132
27758,Men,Black,Winter,2015,Casual,Bulchee Men Black Wallet,170
18185,Men,Blue,Fall,2011,Casual,Deni Yo Men Washed Blue Slim Fit Jeans,18
44804,Women,Black,Summer,2012,Casual,Spykar Women Black Top,49
38582,Men,Black,Summer,2012,Casual,Nike Men Black Breakline Med Shorts,47
40498,Women,White,Summer,2017,Casual,Femella Women White Camisole,39
52961,Women,Multi,Fall,2012,Ethnic,FNF Multi Coloured Sari,20
39450,Women,Orange,Summer,2012,Ethnic,Diva Women Orange Kurta,87
44038,Women,Pink,Spring,2017,Casual,Boss Women Femme Perfume,38
14748,Men,White,Fall,2011,Formal,Arrow Men Solid White Shirts,67
33956,Men,Black,Summer,2012,Casual,ADIDAS Men Vesta Black Polo T-Shirt,40
58467,Men,Brown,Summer,2012,Casual,Fossil Men Brown Belt,9
25833,Women,Pink,Summer,2012,Ethnic,Diva Women Printed Pink Kurta,87
36418,Women,Pink,Spring,2013,Sports,Spinn Women Alliance Pink Sports Shoes,26
33358,Men,Brown,Summer,2012,Formal,Homme Men Brown Semi Formal Shoes,23
5911,Women,White,Summer,2011,Casual,ADIDAS Women's Daily Vulc White Shoe,3
11008,Women,Cream,Fall,2011,Casual,Inkfruit Women Behind Cream Tshirts,40
41778,Women,Blue,Summer,2012,Casual,Remanika Women Blue Top,49
39662,Men,White,Summer,2012,Sports,Lotto Men White Sports Shoes,26
58655,Women,Pink,Summer,2012,Ethnic,ALayna Women Pink Kurta,87
11834,Men,Grey,Summer,2013,Casual,Playboy Men Casual Grey Casual Shoes,3
22018,Women,Red,Fall,2011,Ethnic,Vishudh Women Printed Rust Red Kurta,87
55976,Women,Pink,Summer,2019,Casual,Colorbar Velvet Matte Secretly Pink Lipstick 62P,98
43813,Women,Purple,Summer,2012,Casual,Royal Diadem Purple Earrings,143
28522,Women,Pink,Summer,2012,Sports,Nike Women Jersey Cuffed Pink Capris,61
50438,Men,Grey,Summer,2016,Casual,Chromozome Men Grey Pack of 2 Briefs,21
22824,Men,Brown,Summer,2016,Casual,Woodland Men Brown Casual Shoes,3
49515,Men,Black,Winter,2016,Casual,Police Men Black Dial Watch PL12897JS-02M,70
19265,Women,Silver,Winter,2016,Casual,Guess Women Chronograph Silver-Toned Dial Watch W11610L1,70
35893,Boys,White,Summer,2012,Casual,Jungle Book Boys Safari White T-shirt,40
34941,Women,Off White,Summer,2012,Ethnic,Fabindia Off White Chanderi Dupatta,6
25659,Women,Silver,Winter,2016,Casual,Fastrack Women Silver Dial Watch,70
39206,Women,Beige,Winter,2015,Casual,Catwalk Women Beige Heels,65
14922,Men,Blue,Fall,2011,Casual,Mr. Men Men Sleep Placid Blue Tshirts,40
58231,Women,Black,Summer,2012,Casual,Lotto Women Black Flip Flops,81
27932,Women,Blue,Summer,2012,Casual,Jealous 21 Women Blue Shirt,67
34519,Men,Grey,Summer,2012,Casual,ADIDAS Men Chicane Grey Sandals,157
28146,Men,Grey Melange,Fall,2018,Casual,Jockey Men Grey Melange Self-Striped Innerwear Vest 9922,13
16649,Men,Black,Summer,2016,Casual,Facit Men Polo Tee Black Tshirt,40
31857,Women,Gold,Winter,2016,Casual,Titan Women Mother Of Pearl Dial Watch,70
29094,Women,Brown,Winter,2016,Casual,Mtv Women Sunglasses,113
46139,Women,Copper,Fall,2012,Casual,Adrika Women Copper Necklace,151
9384,Men,White,Fall,2011,Sports,Nike Men Nike Backboard Grey Sports Shoes,26
50860,Women,White,Fall,2012,Ethnic,Prafful White & Pink Printed Sari,20
8256,Men,White,Summer,2011,Sports,Puma Men's Silly Point White Shoe,26
19601,Women,Peach,Fall,2011,Casual,United Colors of Benetton Women Printed Peach Top,49
46905,Men,Navy Blue,Summer,2012,Casual,Peter England Men Navy Blue Jeans,18
28374,Men,Copper,Winter,2016,Casual,Idee Men Copper Sunglasses,113
13935,Women,Pink,Summer,2011,Casual,United Colors of Benetton Women Pink Polo Tshirts,40
8858,Men,White,Fall,2011,Casual,Mark Taylor Men White Striped Shirt,67
43679,Women,Orange,Summer,2012,Casual,French Connection Women Orange Playsuit,78
13109,Men,Black,Fall,2011,Sports,ADIDAS Men Pant Climalite Black Track Pants,12
19433,Men,Black,Summer,2012,Casual,Quiksilver Men Black Beanie Cap,93
7810,Men,White,Fall,2011,Casual,Puma Men's Contest Hi White Navy Shoe,3
8064,Men,Black,Winter,2016,Casual,Fastrack Men Black Wallet,170
31259,Men,Grey,Summer,2012,Casual,Puma Men Munchen Grey T-shirt,40
39034,Men,Blue,Summer,2012,Formal,Belmonte Men Blue Bright Assorted Cufflinks,60
56199,Women,Gold,Winter,2016,Casual,Estelle Women Gold Earring & Pendant Set,142
37992,Men,Black,Fall,2012,Casual,New Hide Men Reversibele Belt,9
20925,Women,Black,Winter,2016,Casual,Fastrack Women Leatherette Black Sling Bag,119
41912,Women,Pink,Winter,2012,Casual,iPanema Women Pink Flip Flops,81
39808,Men,Khaki,Spring,2013,Formal,Peter England Men Khaki Trousers,86
52539,Women,Blue,Summer,2012,Casual,Pepe Jeans Women Blue Jeans,18
57877,Women,Green,Spring,2017,Casual,Biotique Bio Lip Sunflower Balm,32
58003,Women,Blue,Fall,2012,Casual,Latin Quarters Women Blue Dress,166
20119,Women,Blue,Fall,2011,Casual,Wrangler Women Lace Blue Top,49
11498,Women,White,Winter,2015,Casual,Catwalk Women Lifestyle White Heels,65
15804,Men,Grey,Summer,2016,Casual,Facit Men Fusion Brie Grey Briefs,21
38320,Unisex,Blue,Summer,2012,Casual,Puma Unisex Echo Blue Backpack,64
45748,Women,Lavender,Summer,2012,Casual,Folklore Women Purple Kurta,87
15038,Women,Grey,Fall,2011,Casual,ADIDAS Women Stripes Grey Sweaters,155
6338,Women,Black,Winter,2015,Casual,Catwalk Summer Black Stilettos,65
22488,Men,White,Summer,2011,Sports,ADIDAS Men Galaxy Elite White Sports Shoes,26
26814,Men,Blue,Summer,2012,Formal,Arrow Men Blue Striped Shirt,67
18727,Women,Navy Blue,Fall,2011,Casual,Arrow Woman Venetia Navy Blue Sweater,155
54408,Women,Pink,Fall,2012,Casual,Baggit Women Pink Sling Bag,119
50894,Women,White,Summer,2012,Ethnic,Prafful Women White Crepe Printed Sari,20
9370,Women,Black,Fall,2011,Casual,Puma Women Stripe Black Socks,75
26028,Men,Purple,Spring,2017,Casual,Slazenger Men Advance Perfume,38
23768,Women,Black,Winter,2016,Casual,Oakley Women Black Unfaithful Sunglasses,113
28380,Men,Black,Winter,2016,Casual,I Dee Men Black Sunglasses,113
12813,Men,White,Fall,2011,Casual,Nike Men Sports White Casual Shoes,3
51348,Men,Grey,Summer,2016,Casual,Raymond Men Grey & Black Socks,75
29252,Men,Navy Blue,Summer,2012,Sports,ADIDAS Men Bounce Trainer Navy Blue Sports Shoes,26
9142,Women,Black,Summer,2013,Casual,Lee Women Black Eva Fit Jeans,18
6936,Men,Blue,Summer,2011,Casual,Tantra Men's Destination Sky Blue T-shirt,40
8090,Men,Grey,Fall,2011,Casual,ADIDAS Men Terra Sports Syn Grey Sandals,157
3478,Men,White,Fall,2010,Sports,ADIDAS Men's White Universal Red Stripe T-shirt,40
59919,Women,Multi,Summer,2012,Ethnic,Diva Women Multi Colour Kurta,87
32428,Men,Red,Summer,2012,Sports,ADIDAS Men Red Jersey,40
10778,Men,Navy Blue,Summer,2011,Sports,Nike Men Training Navy Blue Shorts,47
37966,Women,Gold,Fall,2012,Casual,Clarks Women Gold-Toned Handcrafted Leather Heels,65
40008,Men,Blue,Winter,2016,Casual,Park Avenue Men Blue Frame Sunglasses,113
36088,Unisex,Navy Blue,Summer,2012,Casual,OTLS Unisex Navy Cap,93
56951,Women,Black,Winter,2012,Casual,HM Women Black Heels,65
57883,Women,White,Spring,2017,Casual,Biotique Bio Winter Green Spot Correcting Anti-Acne Cream,42
35269,Women,Green,Summer,2012,Casual,Lee Women Flower Mint Green Printed T-shirt,40
3820,Girls,White,Summer,2011,Casual,Disney Kids Girl's Minnie Summer Time White Top,49
29636,Men,Maroon,Summer,2012,Casual,Indigo Nation Men Check Maroon Shirt,67
17139,Women,Brown,Winter,2015,Casual,Lino Perros Women Golden Strap Brown Handbag,119
47649,Men,Brown,Winter,2012,Casual,Carlton London Men Brown Shoes,3
48601,Women,Silver,Summer,2013,Casual,Lucera Women Silver Earrings,143
17905,Men,Black,Fall,2011,Casual,Nike Men Casual Black Sweatshirt,16
9526,Unisex,Black,Fall,2011,Casual,ADIDAS Unisex F50 Black Backpacks,64
13599,Men,Red,Summer,2016,Casual,Hanes Men Half Sleeve Crew Pack of 3 Red Innerwear T-shirts,13
18171,Girls,Green,Fall,2011,Casual,Doodle Kids Girls Ballon Green Top,49
24129,Men,Black,Fall,2011,Casual,ADIDAS Men Printed Black Sweatshirt,16
38576,Men,Black,Spring,2013,Casual,Nike Men Black Breakline Track Pants,12
45922,Women,White,Winter,2016,Casual,Maxima Women White Dial Watch,70
56509,Women,Pink,Spring,2017,Casual,Streetwear Lusicious Lips Hint of Pink Lipcolor 14,98
58493,Women,Grey,Fall,2012,Casual,Tonga Women Grey Dress,166
20589,Women,Beige,Winter,2015,Casual,Baggit Women Taj Beige Wallet,170
32870,Unisex,Red,Summer,2015,Casual,Wildcraft Unisex Red & Grey Backpack,64
59541,Women,Silver,Summer,2013,Casual,Lucera Silver Earrings,143
4239,Men,Grey,Summer,2011,Casual,Probase Men's Musical Figures Grey T-shirt,40
38744,Unisex,Green,Summer,2012,Casual,Nike Unisex Green All Access Fullfare Backpack,64
1579,Men,Grey,Fall,2010,Sports,Domyos Men Grey Second Skin Jacket,145
4837,Men,White,Summer,2011,Casual,Sher Singh Men's White Polo T-shirt,40
21669,Men,Brown,Winter,2016,Casual,Fossil Men Brown Dial Chronograph Watch CH2599,70
59773,Women,Gold,Winter,2015,Casual,Estelle Women Gold Jewellery Set,142
42935,Men,Khaki,Summer,2012,Casual,French Connection Men Khaki Handbag,119
55982,Women,Brown,Spring,2017,Casual,Colorbar Velvet Matte Very Coffee Lipstick 51 BR,98
54850,Women,Gold,Summer,2013,Casual,Ivory Tag Women Swirling Jazz Golden Coloured Necklace,151
34189,Boys,White,Summer,2012,Casual,Gini and Jony Boys Printed White T-shirt,40
42109,Men,Black,Summer,2012,Casual,ADIDAS Men Black T-shirt,40
12679,Men,Black,Fall,2011,Casual,Probase Men Solid Black Trousers,86
19291,Women,Black,Winter,2016,Casual,Guess Women Quilty Black Watch,70
48433,Men,Grey Melange,Summer,2012,Casual,French Connection Men Grey Printed T-shirt,40
30529,Women,Skin,Spring,2013,Casual,Lovable Cotton Essensuals Skin Coloured Bra,128
9714,Men,Black,Fall,2011,Casual,Classic Polo Men Vulcan Black Polo Tshirts,40
11001,Men,Black,Winter,2016,Sports,Puma Men Top Fluctuation Red Black Watches,70
25234,Women,Blue,Winter,2015,Casual,Lino Perros Women Leatherette Blue & Black Handbag,119
32283,Men,White,Winter,2016,Casual,Q&Q Men White Dial Watch A150J204Y,70
41771,Women,Green,Summer,2012,Casual,Remanika Women Striped Green Top,49
1584,Unisex,White,Summer,2011,Casual,Domyos Unisex Feather-light Jacket,145
33351,Men,Black,Summer,2012,Formal,Homme Men Black Formal Shoes,23
57614,Women,Orange,Spring,2017,Casual,Lotus Herbals Extreme Sun Block Sunscreen,14
52366,Women,Lavender,Winter,2015,Casual,Red Rose Women Lavender Nightdress,7
21694,Women,Brown,Winter,2016,Casual,Fossil Women Brown Dial Watch ES2949,70
14573,Men,Grey,Fall,2011,Casual,Vans Men Chukka Low Grey Casual Shoes,3
44203,Women,Pink,Winter,2012,Casual,iPanema Women Pink Flip Flops,81
5124,Women,Green,Summer,2011,Casual,Wrangler Women Short Placket Green Top,40
34174,Boys,Black,Summer,2012,Casual,Gini and Jony Boys Printed Black T-shirt,40
50431,Unisex,Khaki,Summer,2012,Casual,Lino Perros Unisex Khaki Bag,119
22011,Women,Blue,Winter,2015,Casual,Murcia Women Casual Blue Handbag,119
16224,Men,Navy Blue,Fall,2011,Sports,Puma Men Poly Knitted Navy Blue Tracksuit,101
46554,Men,Black,Winter,2016,Casual,Timex Men Black Dial Watch T49618,70
7673,Women,Green,Summer,2016,Casual,Wrangler Women's Agate Green Secret Socks,75
13756,Men,Purple,Fall,2011,Formal,Belmonte Men Check Purple Shirts,67
34948,Women,Red,Summer,2012,Ethnic,Fabindia Red Hand Printed Chanderi Dupatta,6
27563,Men,Blue,Summer,2012,Casual,Scullers Men Checked Blue Shirt,67
2301,Men,White,Fall,2010,Sports,Nike Mens Manchester United White T-shirt,40
55143,Women,Pink,Spring,2017,Casual,Lakme Truewear Color Crush 22 Nail Polish,90
50603,Men,Navy Blue,Summer,2016,Casual,Chromozome Men Navy Blue Trunks,106
28719,Women,White,Summer,2012,Ethnic,W Women Printed White Kurta,87
6593,Women,White,Summer,2011,Casual,Spykar Women's Sleeveles White Top,49
46766,Women,Red,Spring,2017,Casual,Valentino Perfumes Women 75 ml Classic Perfume,38
19862,Men,Grey,Fall,2011,Sports,ADIDAS Men Diego Grey Running Sports Shoe,26
7441,Men,Grey,Summer,2011,Casual,Proline Men Grey Striped T-shirt,40
22223,Women,Yellow,Fall,2011,Casual,Little Miss Women Flower Yellow Tshirt,40
16016,Men,White,Fall,2011,Casual,Turtle Check Men White Scarf,62
2133,Men,Black,Spring,2011,Casual,Basics Men Black Slim Fit Shirt,67
43214,Women,Black,Winter,2016,Casual,Fastrack Women Black Dial Watch,70
13564,Men,Grey,Summer,2016,Casual,Hanes Men Square Vest Neck Grey Innerwear Vests,13
27751,Men,Brown,Winter,2015,Casual,Bulchee Men Light Brown Wallet,170
26683,Men,White,Summer,2012,Sports,Puma Men Silly Point White Sports Shoes,26
8409,Men,Blue,Fall,2011,Sports,ADIDAS Men Torment S/L Blue T-Shirts,40
31634,Men,Black,Summer,2012,Formal,Indigo Nation Men Striped Black Shirt,67
39459,Women,White,Summer,2012,Ethnic,Diva Women White Kurta,87
52968,Women,Coffee Brown,Fall,2012,Ethnic,FNF Printed Purple Sari,20
11233,Women,Black,Fall,2011,Casual,Flying Machine Women Low Rise Black Jeans,18
25006,Men,Black,Summer,2012,Casual,United Colors of Benetton Men Black Shirt,67
57426,Women,Yellow,Summer,2015,Casual,Angry Birds Women Yellow T-shirt,40
33163,Women,Yellow,Summer,2012,Casual,Sepia Women Yellow Top,49
52154,Women,Cream,Summer,2012,Casual,Femella Women Cream Top,49
15693,Men,Blue,Fall,2011,Formal,Black coffee Men Micheal Blue Slim Fit Shirt,67
36411,Men,Navy Blue,Summer,2016,Casual,Reid & Taylor Men Navy Blue Socks,75
44031,Men,Grey,Spring,2017,Casual,Baldessarini Men Ambre Perfume,38
5316,Men,Brown,Winter,2018,Formal,Red Tape Men's Brown Formal Shoe,23
14741,Men,Lavender,Fall,2011,Formal,Arrow Men Solid Lavender Shirts,67
53086,Women,Pink,Winter,2016,Casual,Fabindia Pink Necklace,151
46302,Men,White,Spring,2017,Casual,Jacques M Men Fragrances,38
7025,Men,Blue,Summer,2011,Casual,s.Oliver Men's All you Need Blue T-shirt,40
22647,Unisex,Red,Winter,2015,Casual,Wildcraft Unisex Red Duffle Bag,37
8851,Men,Brown,Fall,2011,Casual,Mark Taylor Men Brown Striped Shirt,67
16472,Men,Blue,Fall,2011,Casual,Locomotive Men Check Blue Shirt,67
9983,Men,Blue,Fall,2011,Sports,Nike Men As Ss Challen Blue T-Shirts,40
23795,Women,Black,Fall,2012,Casual,Clarks Women Black Cocoa Creme Shoes,83
7819,Men,Teal,Fall,2011,Casual,Proline Men Teal Blue Striped Polo T-shirt,40
3485,Men,Black,Fall,2010,Sports,ADIDAS Men's Polo Crome Black T-shirt,40
31250,Men,Red,Summer,2012,Casual,Puma Men Car Graphic Red T-shirt,40
2557,Women,Black,Summer,2011,Casual,Domyos Women's Actizen Black T-shirt,40
43670,Women,Multi,Summer,2012,Casual,ONLY Women Multi Coloured Top,49
13100,Men,White,Fall,2011,Sports,ADIDAS Men Cr_Ess 3s Sltee White T-Shirts,40
27335,Women,Green,Spring,2017,Casual,ADIDAS Women Floral Dream Perfume,38
57042,Women,Black,Summer,2012,Casual,Elle Black Dress,166
10785,Unisex,Grey,Fall,2011,Sports,Nike Unisex Runng Grey Caps,93
33507,Women,White,Summer,2012,Casual,Doodle Kids Girl  White Capris,61
58836,Men,Blue,Summer,2012,Casual,Hakashi Men Blue Cufflinks,60
11657,Women,Grey,Fall,2011,Casual,Lee Women Printed Grey Tshirts,40
56190,Women,Skin,Spring,2017,Casual,Colorbar Time Plus Honey Compact Powder 006,1
25462,Men,White,Summer,2012,Sports,Nike Men Dart 9 MSL White Sports Shoes,26
5772,Women,Purple,Summer,2011,Casual,Jealous 21 Women's Purple Graphic Top,49
20110,Women,Brown,Fall,2011,Ethnic,Diva Women Printed Brown Kurta,87
14325,Women,Pink,Fall,2011,Casual,ADIDAS Women Printed Pink T-shirt,40
39801,Men,Blue,Spring,2013,Formal,Peter England Men Blue Shirt,67
36075,Unisex,Blue,Winter,2012,Casual,OTLS Unisex Blue Gym Bag,37
45587,Men,Brown,Summer,2013,Formal,Arrow Men Brown Formal Shoes,23
33735,Women,Navy Blue,Winter,2012,Casual,Pieces Women Navy Blue Purse,50
24782,Women,Beige,Winter,2015,Casual,Lino Perros Women Ladies Belts Beige Beige Belts,9
11465,Men,Blue,Fall,2011,Casual,United Colors of Benetton Men Summer Blue Shirts,67
25650,Men,White,Summer,2017,Casual,Fastrack Men White Dial Watch N9336SL01,70
41315,Women,Navy Blue,Summer,2012,Ethnic,Aurelia Women Navy Blue Leggings,161
20322,Men,Maroon,Summer,2011,Casual,Mother Earth Men Solid Maroon Shirt,67
14117,Women,Blue,Fall,2011,Casual,Flying Machine Women Washed Blue Jeans,18
58238,Women,Pink,Summer,2012,Casual,Baggit Women Pink Wallet,170
44667,Women,Black,Summer,2012,Casual,Wills Lifestyle Women Black Trousers,86
5540,Men,Black,Summer,2011,Sports,Nike Men's Lunar Fly Black Blue Shoe,26
36247,Men,Charcoal,Summer,2012,Casual,Mr. Men Charcoal Mr. Funny T-shirt,40
4492,Men,White,Summer,2011,Sports,Lotto Men T-Effect III White Blue Shoe,26
22475,Men,Green,Fall,2012,Casual,Timberland Men Green Polo T-shirt,40
49944,Men,Black,Summer,2016,Casual,Hanes Men Black Shorts,19
51187,Women,Pink,Fall,2012,Casual,Enamor Pink Bra,128
16640,Men,Green,Summer,2016,Casual,Facit Men Smart Green Tshirt,40
46130,Women,Pink,Winter,2015,Ethnic,Adrika Pink Necklace,151
7217,Men,Black,Fall,2011,Formal,Rockport Men Carnforth Soft Black Shoe,23
34510,Women,Black,Summer,2012,Casual,ADIDAS Women Feather Black & Blue Sandals,114
17792,Men,Grey,Summer,2016,Casual,Reid & Taylor Men Solid Grey Socks,75
48896,Women,Silver,Summer,2013,Casual,Lucera Women Silver Pendant with Chain,129
42590,Girls,White,Summer,2012,Casual,United Colors of Benetton Girls White Printed T-Shirt,40
31062,Women,Beige,Summer,2012,Ethnic,Fabindia Women Printed Beige Dupatta,6
55527,Women,Skin,Spring,2017,Casual,Revlon Skinlights Face Pink Light Illuminator Lotion,117
19608,Women,Olive,Summer,2011,Casual,United Colors of Benetton Women Solid Olive Top,49
13332,Men,Blue,Fall,2011,Casual,Gini and Jony Kids Boys Check Blue Shirts,67
27107,Women,Black,Summer,2012,Ethnic,Aneri Women Khajana Black Kurta,87
50869,Women,Red,Fall,2012,Ethnic,Prafful Red & Black Printed Sari,20
28973,Women,Yellow,Summer,2012,Ethnic,Biba Women Yellow & White Printed Churidar Kurta with Dupatta,109
51341,Men,Navy Blue,Summer,2016,Formal,Raymond Men Navy Socks,75
50293,Men,Black,Summer,2012,Formal,Parx Men Black Tie,132
17554,Men,Blue,Fall,2011,Formal,Mark Taylor Men Blue & White Striped Shirt,67
9977,Unisex,Black,Fall,2011,Sports,ADIDAS Unisex Bulls Black Red Cap,93
28389,Men,Black,Winter,2016,Casual,Idee Men Black Sunglasses,113
23761,Men,Brown,Winter,2016,Casual,Oakley Men Brown Sunglasses,113
6103,Men,Blue,Summer,2011,Casual,UCB Men's Benetton Football Blue T-shirt,40
47224,Men,Brown,Summer,2012,Casual,Franco Leone Men Brown Slippers,157
26213,Men,Silver,Spring,2017,Casual,Perry Ellis Men 360A Red Perfume,38
12026,Men,White,Fall,2011,Formal,Mark Taylor Men White Striped Shirt,67
3471,Men,Black,Fall,2010,Sports,ADIDAS Men Adipure Black Cap,93
8099,Women,Black,Winter,2016,Casual,Fastrack Women Black Dial Watch NES014SL01,70
54633,Men,Olive,Winter,2016,Casual,Fastrack Men White Dial Watch,70
24544,Women,Red,Fall,2011,Ethnic,Mother Earth Women Red Printed Top,49
10771,Girls,Red,Winter,2012,Casual,Disney Kids Red Casual Shoes,3
40001,Men,Black,Winter,2016,Casual,Park Avenue Men Black Frame Sunglasses,113
32421,Men,Yellow,Summer,2012,Casual,ADIDAS Men Printed Yellow T-shirt,40
59910,Women,White,Summer,2012,Ethnic,Diva Women White Kurta,87
56164,Women,Green,Spring,2017,Casual,Colorbar I-Define Moss Green Eye Pencil 004,51
25496,Men,Blue,Summer,2012,Casual,Nike Men Blue Aquahype Flip Flops,81
37153,Men,Beige,Summer,2016,Casual,Campbell Men Pack of 3 T-shirt,40
53416,Women,Navy Blue,Fall,2012,Ethnic,Alma Women Navy Blue Printed Kurta,87
4654,Women,Navy Blue,Summer,2011,Casual,ADIDAS Women Receptor Navy Sandal,114
56958,Women,Blue,Winter,2012,Casual,HM Women Blue Flats,65
38329,Girls,Off White,Summer,2012,Casual,Hannah Montana Girls Off White Tops,49
24776,Men,Bronze,Spring,2012,Casual,Nike Men Obs T-Lite 9 Sl Bronze Sports Shoes,26
57284,Men,Purple,Summer,2012,Casual,French Connection Men Purple & Brown Shirt,67
56356,Men,Black,Spring,2017,Casual,Police Men Be Younique Deo and Perfume Set,38
11491,Men,Black,Winter,2016,Casual,Puma Men Top Indication Silver Black Watch,70
32613,Men,Black,Spring,2013,Formal,Levitate Men Black Leather Belt,9
53624,Men,White,Winter,2016,Casual,Q&Q Men White Watch,70
1928,Men,Green,Fall,2010,Casual,Puma Mens One Love T-shirt,40
44693,Women,White,Summer,2012,Casual,Wills Lifestyle Women White & Blue Top,49
4466,Men,Black,Summer,2011,Sports,Puma Men's Vibrant Black White Shoe,26
15031,Women,Pink,Fall,2011,Casual,ADIDAS Women Stripes Pink Sweaters,155
29069,Women,Olive,Winter,2016,Casual,Fastrack Women Olive Handbag,119
22481,Men,Green,Summer,2011,Casual,Timberland Men Green Linear Logo T-Shirt,40
51173,Men,Navy Blue,Summer,2016,Formal,Raymond Men Navy Socks,75
35436,Girls,Blue,Summer,2012,Casual,Doodle Girls Washed Blue Shorts,47
6331,Men,Yellow,Summer,2011,Casual,UCB Men Ben Logo Yellow Shirt,67
47016,Women,Beige,Summer,2012,Ethnic,Shree Women Beige Printed Kurta,87
17766,Men,Olive,Winter,2012,Casual,Buckaroo Jefe Men Olive Casual Shoes,3
23553,Women,Purple,Spring,2017,Casual,Police Women Wings Deo,154
48862,Women,Silver,Fall,2012,Casual,Lucera Women Silver Pendant,129
42564,Women,Pink,Summer,2012,Casual,Mother Earth Women Pink Top,49
31096,Boys,Green,Summer,2012,Casual,Palm Tree Boys Check Green Shirt,67
3643,Men,Navy Blue,Summer,2011,Casual,Fila Men's Maverick Low Navy Green Canvas Shoe,3
12214,Men,Black,Fall,2011,Formal,Basics Men Black Trousers,86
54401,Women,Pink,Summer,2012,Casual,Baggit Women Pink Wallet,170
30144,Women,Black,Summer,2012,Casual,Flying Machine Women Printed Black T-shirt,40
9379,Unisex,Black,Fall,2011,Casual,Nike Unisex Manu Core Black Cap,93
28987,Women,White,Summer,2012,Ethnic,Biba Outlet Women White Printed Churidar Kurta with Dupatta,109
32277,Men,Black,Summer,2012,Sports,ADIDAS Men Sprint Speed Black Sports Shoes,26
41785,Women,Purple,Summer,2012,Casual,Remanika Women Purple Top,49
40657,Women,Green,Summer,2012,Ethnic,Span Women Green Kurta,87
1570,Women,Black,Fall,2010,Sports,Artengo Women Tennis Singlet,40
24312,Men,Navy Blue,Fall,2011,Casual,ADIDAS Men Navy Blue Shorts,47
10127,Men,Brown,Fall,2011,Casual,Rockport Men Espresso Brown Casual Shoes,3
4002,Men,Yellow,Summer,2011,Casual,Spalding Men's Yellow And Black With Graphic Flip Flop,81
45325,Women,Blue,Summer,2016,Casual,Cobblerz Blue Womens Wedges,65
52392,Women,Peach,Winter,2015,Casual,Red Rose Women Peach Nightdress,7
21660,Women,Lavender,Summer,2014,Casual,Enamor Women Smooth Lavender Bra,128
14587,Women,Beige,Summer,2011,Casual,United Colors of Benetton Women Solid Beige Belts,9
6755,Men,White,Summer,2012,Sports,Nike Men's Air Zoom Pace White Shoe,26
54859,Women,Red,Fall,2012,Casual,Ivory Tag Women Coral Petal Red Necklace,151
34180,Boys,Blue,Summer,2012,Casual,Gini and Jony Boys Blue T-shirt,40
17302,Men,Black,Fall,2011,Sports,Puma Men Sports Black Socks,75
23137,Men,Beige,Fall,2011,Casual,Quechua Men Warm Fleece Beige Sweatshirt,16
51517,Women,Black,Winter,2016,Casual,Fastrack Women Black Dial Watch N2298sm03,70
7687,Men,White,Fall,2011,Sports,Puma Men's Long Logo Bermuda White Short,47
35052,Women,Beige,Summer,2012,Ethnic,Fabindia Women Printed Beige Kurtis,115
54065,Men,Blue,Summer,2010,Casual,ADIDAS Men Blue Shoes,3
3227,Men,Grey,Fall,2010,Sports,Puma Men's Vesta Runner Grey Shoe,26
26445,Women,Black,Winter,2015,Casual,Spice Art Women Antique Design Black Clutch,50
19298,Women,Black,Spring,2013,Casual,Guess Women Puffy G Black Watch,70
12670,Men,White,Fall,2011,Casual,Probase Men Check White Shorts,47
17130,Women,Black,Winter,2015,Casual,Lino Perros Women Classic Black  Handbag,119
23305,Women,Green,Fall,2011,Ethnic,W Women Green Printed Kurta,87
6567,Men,White,Summer,2011,Sports,Nike Men's T90 Training White T-shirt,40
18944,Men,Black,Summer,2016,Casual,Levis Men Scottish Stripes Flat Knit Pack of 3 Socks,75
47640,Women,Brown,Winter,2012,Casual,Carlton London Women Brown Shoes,3
46792,Women,Off White,Spring,2017,Casual,Carolina Herrera Women 100 ml Perfume,38
19896,Men,Brown,Summer,2011,Casual,Lee Men Leather Brown Belt,9
35260,Women,Blue,Summer,2012,Casual,Lee Women Jennifer Blue Top,49
51725,Men,Black,Winter,2016,Casual,Allen Solly Men Black Sunglass,113
3829,Unisex,Blue,Summer,2011,Casual,Crocs Kid's Gabe Duke Mid Tier Emboss Blue Kidswear,157
48608,Women,Silver,Summer,2013,Casual,Lucera Women Silver Earrings,143
18178,Girls,Black,Fall,2011,Casual,Doodle Kids Girls Black Layer Top,49
13590,Men,Green,Summer,2016,Casual,Hanes Men Half Sleeve Pack of 3 Innerwear T-shirts,13
26677,Men,Black,Winter,2014,Casual,Puma Men Drifter Road Black Flip Flops,81
55385,Women,Red,Spring,2017,Casual,Revlon Tuscan Sun Nail Polish 314,90
12442,Men,Brown,Fall,2011,Casual,Timberland Men Casual Brown Wallets,170
3015,Men,Pink,Summer,2011,Casual,Lee Men's Panama Pink T-shirt,40
32045,Men,White,Summer,2016,Casual,Playboy Men White Socks,75
56500,Women,Bronze,Spring,2017,NA,Streetwear Quick Dry Ethreal Nail Polish 06,90
24120,Men,Red,Fall,2012,Casual,Playboy Men Red Casual Flip Flops,81
10315,Women,Gold,Winter,2016,Casual,Esprit Women Rough Chic Gold Watch,70
33197,Women,Cream,Summer,2012,Casual,Sepia Women Cream Tunic,148
15667,Unisex,Black,Fall,2011,Casual,Belkin Unisex Grip Sleeve Black Bags,169
4230,Men,Orange,Summer,2011,Casual,Probase Men's Screw U Orange Tshirt,40
45117,Men,White,Winter,2016,Casual,Casio Youth Series Men White Analogue Watch MQ-27-7BDF(A210),70
37537,Boys,Yellow,Summer,2012,Casual,Madagascar 3 Infant Boys Yellow Booties,168
20580,Women,Pink,Winter,2015,Casual,Baggit Women Angel Rosy Pink Mobile Pouch,163
53072,Women,Black,Summer,2012,Casual,Rocia Women Black Clutch,50
31861,Men,Black,Winter,2016,Casual,Titan Men Chronograph Black Dial Watch,70
7228,Men,Black,Fall,2011,Formal,Rockport Men's Myrics Tumbled Black Shoe,23
27904,Women,Grey,Summer,2012,Formal,Scullers For Her Grey Trousers,86
28170,Men,Gold,Summer,2017,Casual,Ray-Ban Men Aviator Sunglasses,113
23598,Men,Black,Spring,2017,Casual,Nike Fragrances Men Blue Wave Deo,154
3688,Men,Navy Blue,Summer,2011,Sports,Lotto Men's Bristol II Navy White Shoe,26
8260,Women,White,Winter,2016,Casual,Fastrack White Printed Tote Bag,119
49147,Women,Purple,Spring,2017,NA,Deborah 7 Days Long Violet Nail Polish 831,90
55518,Women,Brown,Spring,2017,Casual,Revlon Top Speed 65 Dark Brown Ammonia-Free Hair Colour,110
19637,Women,Grey,Summer,2011,Casual,United Colors of Benetton Women Solid Grey Top,49
46933,Men,Blue,Spring,2017,Casual,York Men Silver Aqua Perfume,38
27138,Women,Cream,Summer,2017,Casual,Miss-T Cream Bra,128
48095,Women,White,Summer,2012,Casual,French Connection Women White Top,49
50856,Women,Brown,Summer,2012,Ethnic,Prafful Brown Crepe Sari,20
14914,Men,Green,Fall,2011,Casual,Mr. Men Men Be Happy Green Tshirts,40
10588,Men,Black,Winter,2016,Casual,Carrera Men Round Dial PU Strap Black Watches,70
39230,Women,Green,Summer,2012,Casual,Femella Women Green Top,49
14128,Women,Blue,Fall,2011,Casual,Flying Machine Women Washed Blue Jeans,18
58207,Men,Brown,Summer,2015,Formal,New Hide Men Brown Belt,9
44658,Unisex,Red,Summer,2012,Casual,Vans Unisex Red Old Skool Shoes,3
36278,Women,Lavender,Summer,2017,Casual,SDL by Sweet Dreams Women Lavender Night suits,146
33538,Women,Black,Summer,2012,Casual,Wrangler Women Black Giselle Jeans,18
58809,Men,White,Fall,2012,Casual,Highlander Men White Striped Shirt,67
20913,Men,Blue,Fall,2011,Casual,Deni Yo Men Washed Blue Jeans,18
39002,Boys,Black,Summer,2012,Casual,Gini and Jony Boys Core Black T-shirt,40
11668,Women,Black,Fall,2011,Casual,Lee Women Printed Black Tshirts,40
37198,Women,Red,Summer,2012,Casual,United Colors of Benetton Women Check Red Dress,166
58035,Women,Silver,Winter,2012,Casual,Rreverie Women Silver Earrings,143
29290,Men,Blue,Summer,2012,Casual,Wrangler Men Miriam Checks Blue Shirt,67
22678,Unisex,Black,Winter,2015,Casual,Wildcraft Unisex Black & Grey Gear for Life Laptop Messenger Bag,33
28342,Men,Black,Winter,2016,Casual,Idee Men Black Sunglasses,113
13903,Men,White,Fall,2011,Casual,Nike Men Backboard White Casual Shoes,3
19405,Men,Blue,Summer,2011,Sports,ADIDAS Men Blue Jersey,40
7826,Women,White,Summer,2011,Sports,Puma Women Future Cat Remix White Blue Shoe,26
49375,Men,Black,Summer,2012,Casual,Vans Men Black Era Pro Shoes,3
9180,Men,Peach,Fall,2011,Casual,Tantra Men People Talk Peach T-shirt,40
39466,Women,Pink,Summer,2012,Ethnic,Diva Women Pink Kurta,87
52957,Women,Pink,Fall,2012,Ethnic,FNF Pink Printed Sari,20
25039,Men,Black,Summer,2011,Sports,Nike Men T90 Black Shorts,47
57419,Women,Blue,Winter,2015,Casual,Amante Blue Robe,116
44832,Men,Black,Summer,2012,Casual,Puma Men Black Logo T-shirt,40
1789,Men,Orange,Fall,2010,Sports,Lotto Men OSLO Grey-Orange Shoe,26
21499,Women,Black,Winter,2015,Casual,Kiara Women Square Design Black Handbag,119
59583,Men,Steel,Summer,2012,Casual,Revv Men Steel Cufflinks,60
5329,Men,Blue,Fall,2011,Sports,FILA Men Speed Up Blue Sports Shoes,26
58451,Men,Black,Winter,2016,Casual,Fossil Men Black Dial Watch FS4628,70
33960,Women,Pink,Summer,2012,Casual,Femella Women Pink Leggings,161
28726,Women,Beige,Summer,2012,Ethnic,W Women Printed Beige Kurta,87
34379,Men,Orange,Summer,2012,Casual,Myntra Men Orange Life Is My Right T-shirt,40
46759,Women,Orange,Spring,2017,Casual,Giorgio Beverly Hills Women So You Perfume,38
16029,Men,Blue,Fall,2011,Casual,Highlander Men Check Blue Shirt,67
19061,Women,Red,Fall,2011,Ethnic,Aurelia Women Printed Red Kurti,115
12489,Men,Brown,Summer,2013,Casual,Clarks Men Leather Brown Sandals,157
8436,Women,Pink,Fall,2011,Casual,Jealous 21 Women Jealous Gaius Pink Top Pink Tops,49
16815,Men,Yellow,Fall,2011,Casual,Locomotive Men Check Yellow Shirt,67
49711,Men,Maroon,Summer,2012,Casual,Park Avenue Men Maroon Tie,132
28514,Men,Black,Summer,2012,Sports,Nike Men Black Shorts,47
43825,Women,Purple,Summer,2012,Casual,Royal Diadem Purple Earrings,143
35099,Women,Blue,Spring,2013,Casual,Allen Solly Women Blue Stole,84
55940,Women,Pink,Spring,2017,Casual,Colorbar Autumn Rose Nail Lacquer 20,90
13769,Men,White,Fall,2011,Formal,Belmonte Men Check White Shirts,67
34977,Women,Gold,Summer,2012,Ethnic,Fabindia Women Printed Silk Gold Stole,84
31439,Men,Olive,Summer,2012,Casual,HIghlander Men Olive Trousers,86
49523,Women,Black,Summer,2012,Casual,Rocia Women Black Clutch,50
22812,Men,Brown,Fall,2011,Casual,Locomotive Men Brown Printed T-shirt,40
19253,Women,Steel,Winter,2016,Casual,Guess Women Sparkle Box Set Watch With Interchangeable Straps,70
39654,Men,White,Summer,2012,Sports,Lotto Men White Sports Shoes,26
38786,Men,Brown,Winter,2015,Casual,Woodland Men Brown Sandals,157
5927,Women,White,Summer,2011,Casual,ADIDAS Women's Vintage Set White Shoe,3
11802,Women,White,Fall,2011,Ethnic,Vishudh Women Cambric White Kurtas,87
52359,Women,Blue,Winter,2015,Casual,Red Rose Women Blue Nightdress,7
58663,Women,Red,Summer,2012,Ethnic,ALayna Women Red Kurta,87
20779,Women,Gold,Fall,2011,Casual,Carlton London Women Classy Gold Sandals,83
41588,Men,Blue,Summer,2012,Casual,Basics Men Blue Shirt,67
39492,Unisex,Beige,Spring,2013,Casual,Wildcraft Unisex Beige Cap,93
45914,Men,Black,Winter,2016,Casual,Maxima Men Black Dial Watch,70
38540,Men,Red,Summer,2012,Casual,Puma Men Red California Shoes,3
53871,Men,White,Winter,2016,Casual,Q&Q Men White Digital Watch,70
59577,Men,Steel,Summer,2012,Casual,Revv Men Steel and Brown Cufflinks,60
15658,Unisex,Blue,Winter,2016,Casual,Belkin Unisex Simple Messenger Blue Handbags,144
32846,Women,Brown,Winter,2012,Casual,Grendha Women Jola Cigana Brown Flats,65
45128,Men,Silver,Winter,2016,Casual,Casio Enticer Men Steel-Toned Analogue Watch MTP-1214A-7AVDF(A344),70
24923,Women,Pink,Summer,2012,Casual,United Colors of Benetton Women Pink Top,49
33994,Women,White,Summer,2012,Casual,Femella Women Off-White Shirt,67
6558,Men,Red,Summer,2011,Sports,Nike Men's Club Pique Red T-shirt,40
3816,Boys,Blue,Summer,2011,Casual,Disney Kids Boy's Blue Just Cruising Kidswear,40
48637,Women,Silver,Summer,2013,Casual,Lucera Women Silver Earrings,143
17933,Men,Red,Fall,2011,Casual,Puma Men Ferrari Logo Tee II Red Tshirt,40
19095,Women,Orange,Fall,2011,Ethnic,Mother Earth Women Printed Orange Kurta,87
26648,Men,Black,Summer,2012,Casual,Puma Men Racer Black Shoes,3
54866,Women,Blue,Fall,2012,Casual,Ivory Tag Women Swirling Stone Multicolour Necklace,151
51528,Men,Grey,Winter,2016,Casual,Fastrack Men Grey Dial Watch NB3001SL02,70
29432,Men,Black,Winter,2016,Casual,Giordano Men Black Dial Watch,70
42903,Women,Pink,Summer,2012,Casual,French Connection Women Pink Suede Belt,9
34983,Women,Black,Summer,2012,Ethnic,Fabindia H& Printed Black Cotton Sari,20
18375,Men,White,Summer,2016,Casual,Undercolors of Benetton Men White Boxer Trunks,106
48405,Men,Grey,Summer,2012,Casual,French Connection Men Grey Printed T-shirt,40
23934,Men,Black,Summer,2011,Casual,Lotto Men Black Skate Slip-On Casual Shoes,3
9722,Men,Black,Summer,2011,Casual,Lee Men kansas cit Black Tshirts,40
3218,Men,Black,Fall,2010,Casual,Puma Men's Yacht Battleship Black Red Shoe,3
4801,Men,White,Summer,2011,Sports,ADIDAS Men's Ess 3s Crew White T-Shirt,40
38772,Men,Olive,Summer,2012,Casual,Woodland Men Olive Shoes,3
40668,Women,Grey,Summer,2012,Casual,Lee Women Grey Glorious Shirt,67
59745,Women,Cream,Summer,2014,Casual,Avirate Cream Babydoll Nightdress,7
31895,Women,Magenta,Summer,2012,Ethnic,Fabindia Women Magenta Noil Silk & Wool Stole,84
29056,Women,Grey,Summer,2012,Sports,ADIDAS Women Grey Track Pants,12
35409,Men,Black,Summer,2013,Formal,Enroute Men Black Formal Shoes,23
26822,Men,Olive,Summer,2012,Casual,Highlander Men Olive Trousers,86
47029,Women,Maroon,Fall,2012,Ethnic,Shree Women Maroon Printed Kurta,87
28184,Men,Black,Winter,2016,Casual,Ray-Ban Men Aviator Black Sunglasses,113
17759,Men,Charcoal,Winter,2011,Casual,Buckaroo Men Rey charcoal Casual Shoe,3
30947,Women,Green,Summer,2012,Ethnic,Fabindia Women Green Cambric  Top,49
18711,Women,Brown,Fall,2011,Casual,Arrow Woman Printed Brown Skirt,111
43489,Men,Black,Summer,2012,Casual,French Connection Men Black Jeans,18
9346,Men,Navy Blue,Fall,2011,Casual,Puma Men Checks Navy Blue Shorts,47
38316,Women,Green,Summer,2012,Casual,Puma Women Core Jam Shopper Green Bag,119
24749,Men,White,Fall,2011,Sports,Nike Men 2.04 SL Sports Shoes,26
15832,Women,Pink,Fall,2011,Ethnic,Visudh Pink Printed Ethnic Kurta,87
1917,Men,White,Fall,2010,Casual,Puma Men White Sneakers,3
4459,Men,Black,Summer,2011,Casual,Nike Men's Black Blue T-shirt,40
57089,Women,Navy Blue,Summer,2012,Casual,Elle Women Blue Skirt,111
37950,Men,Black,Summer,2016,Casual,Playboy Men Black & White Socks,75
53429,Women,Red,Fall,2012,Ethnic,Alma Women Red Printed Kurta,87
56967,Women,Brown,Winter,2012,Casual,HM Women Brown Sandals,83
12825,Unisex,Black,Fall,2011,Casual,Puma Unisex Coral Black Slippers,81
29264,Men,Black,Summer,2012,Sports,ADIDAS Men Adizero Black Sports Shoes,26
9948,Men,White,Fall,2011,Sports,ADIDAS Men White Jersey Polo Tshirt,40
12019,Men,White,Fall,2011,Formal,Mark Taylor Men White Green Striped Shirts,67
49381,Men,Navy Blue,Summer,2012,Casual,Vans Men Navy Blue Versa Casual Shoes,3
48253,Boys,White,Summer,2012,Casual,The Amazing Spiderman Boys White T-shirt,40
30349,Men,Off White,Summer,2012,Casual,Myntra Men Diet Off White T-shirt,40
9174,Men,Blue,Fall,2011,Casual,Locomotive Men Balin Blue Jeans,18
6900,Men,Black,Summer,2011,Casual,Puma Men's Lifestyle Canvas Blue Shoe,3
18523,Men,Black,Fall,2011,Casual,C Vox Men Control Freak Black Jacket,145
47647,Men,Black,Winter,2012,Formal,Carlton London Men Black Formal Shoes,23
6560,Unisex,Black,Winter,2012,Casual,Nike Unisex All Access SO Black Backpack,64
18943,Men,Black,Summer,2016,Casual,Levis Men Half Cushion Low Cut Pack of 3 Socks,75
23302,Women,Brown,Fall,2011,Ethnic,W Women Brown Leggings,161
17137,Women,Black,Winter,2015,Casual,Lino Perros Women Polka Black Handbag,119
51722,Men,Blue,Winter,2016,Casual,Allen Solly Men Blue Sunglasses AS232-C4,113
35267,Women,Black,Summer,2012,Casual,Lee Women Pepper Black Top,49
19891,Men,Black,Summer,2011,Casual,Lee Men Canvas Black Belt,9
46795,Men,Black,Summer,2013,Formal,Arrow Men Black Formal Shoes,23
30715,Boys,Blue,Summer,2012,Ethnic,Fabindia Boys Blue & Green Angarakha Dhoti Set,109
9528,Men,Blue,Summer,2011,Casual,FIFA Men essential Blue T-shirts,40
3012,Men,Green,Summer,2011,Casual,Lee Men Xavier Green White Check Shirt,67
55382,Women,Silver,Spring,2017,Casual,Revlon Silver Shower Nail Polish 317,90
12445,Men,Black,Fall,2011,Casual,Timberland Men Casual Black Wallets,170
26670,Men,White,Summer,2012,Casual,Puma Men Street Step Mid White Shoes,3
56507,Women,Pink,Spring,2017,NA,Streetwear Shine Divine Pink Lip Gloss,59
32042,Men,Grey,Summer,2016,Casual,Playboy Men Grey & Black Socks,75
33190,Women,Grey,Summer,2012,Casual,Sepia Women Printed Grey Tunic,148
53849,Women,Black,Summer,2012,Ethnic,Vishudh Women Black Printed Kurta,87
38578,Men,Grey,Summer,2012,Casual,Nike Men Grey RF Tee T-shirt,40
10312,Women,Silver,Winter,2016,Casual,Esprit Women Spark Black White Silver Watches,70
24127,Women,Yellow,Fall,2011,Casual,ADIDAS Women Printed Yellow T-shirt,40
45110,Men,White,Winter,2016,Casual,Casio Enticer Men Silver Analogue Watch MTP-1165A-7CDF(A134),70
4237,Men,Red,Summer,2011,Casual,Probase Men's Big Sound Red Tshirt,40
21455,Women,Grey,Winter,2012,Casual,Roxy Women Grey T-shirt,40
15660,Unisex,Black,Fall,2011,Casual,Belkin Unisex Dash Laptop 16,119
53075,Women,Red,Summer,2012,Casual,Rocia Women Red Purse,50
20587,Women,Brown,Winter,2015,Casual,Baggit Women Kungfu Hoor Brown Wallet,170
41782,Women,Black,Summer,2012,Casual,Remanika Women Black Tunic,148
32270,Women,Grey,Summer,2012,Ethnic,Vishudh Women Printed Grey Kurta,87
39698,Men,White,Summer,2012,Casual,Spykar Men Ranger White Shirt,67
4839,Men,Navy Blue,Summer,2011,Casual,Sher Singh Men Nehru Navy T-shirt,40
1577,Unisex,Green,Fall,2010,Sports,Inesis  Slim Shady Cap,93
40650,Women,Maroon,Summer,2012,Ethnic,Span Women Maroon & Black Kurta,87
21667,Men,Brown,Winter,2016,Casual,Fossil Men Black Dial Chronograph Watch CH2586,70
52395,Women,Grey,Winter,2015,Casual,Red Rose Women Grey Nightdress,7
45322,Women,Beige,Summer,2016,Casual,Cobblerz Women Beige & Blue Wedges,65
4005,Men,Yellow,Summer,2011,Casual,Spalding Men's Yellow And Green With Graphic Flip Flop,81
14580,Men,Grey,Summer,2011,Casual,United Colors of Benetton Men Solid DK.Grey Shirts,67
23130,Boys,Green,Fall,2011,Casual,Chhota Bheem Kids Boys Lost Alien Green T-shirt,40
17305,Men,Grey,Fall,2011,Sports,Puma Men Sports Grey Socks,75
47475,Women,Black,Summer,2012,Casual,Tiptopp Women Black Flats,83
6752,Men,White,Summer,2012,Sports,Nike Men's Air Zoom Yorker White Shoe,26
34187,Boys,Pink,Summer,2012,Casual,Gini and Jony Boys Printed Pink T-shirt,40
7680,Women,Blue,Summer,2016,Casual,Wrangler Women's Blue Ankle Length Socks,75
35055,Men,Black,Summer,2012,Formal,Windsor Men Black Formal Shoes,23
51510,Men,White,Winter,2016,Casual,Fastrack Men White Dial Watch,70
30527,Women,Blue,Spring,2013,Casual,Lovable Cotton Essensuals Blue Bra,128
27590,Men,Blue,Summer,2012,Casual,Scullers Men White & Blue T-shirt,40
54062,Men,Purple,Spring,2017,Casual,Fogg Men Royal Deo,154
12677,Men,Grey,Fall,2011,Casual,Probase Men Check Grey Trousers,86
26442,Women,Brown,Winter,2015,Casual,Spice Art Women Leatherette Brown Clutch,50
3220,Men,Black,Fall,2010,Sports,Puma Men Black Running Shoes,26
42107,Men,Navy Blue,Summer,2012,Casual,ADIDAS Men Navy Blue T-Shirt,40
57283,Men,Burgundy,Summer,2012,Casual,French Connection Men Burgundy Shirt,67
40234,Men,Black,Summer,2012,Formal,Provogue Men Black Tie,132
32614,Men,Brown,Spring,2013,Formal,Levitate Men Brown Leather Belt,9
56351,Men,Black,Spring,2017,Casual,Nike Fragrances Men Out of Control Perfume 150 ml,38
11496,Women,Grey,Winter,2015,Casual,Catwalk Women Gun Metal Grey Flats,65
44694,Women,White,Summer,2012,Casual,Wills Lifestyle Women Multi Coloured Dress,166
53623,Men,Black,Winter,2016,Casual,Q&Q Men Black Watch,144
15036,Women,Blue,Fall,2011,Casual,ADIDAS Women Stripes Blue Sweaters,155
4461,Men,Black,Summer,2011,Sports,Nike Men Manu Show Time Black Jacket,145
51174,Men,Brown,Summer,2016,Casual,Raymond Men Brown Socks,75
22486,Unisex,White,Summer,2011,Sports,ADIDAS Kids-Unisex Tip Off 2 K White Sports Shoes,26
48865,Women,Silver,Summer,2012,Casual,Lucera Women Silver Pendant with Chain,129
23554,Men,Silver,Spring,2017,Casual,Police Men Wings Silver Perfume,38
17761,Men,Brown,Winter,2011,Formal,Buckaroo Men Ortiz Brown Semi Formal Shoe,23
47011,Women,Rust,Fall,2012,Ethnic,Shree Women Rust Printed Kurta,87
12213,Men,Grey,Fall,2011,Casual,Basics Men Grey New Improved Fit Trousers,86
26026,Women,Pink,Spring,2017,Casual,Slazenger Women Vitalize Perfume,38
51948,Unisex,Black,Summer,2012,Casual,Yelloe Unisex Black Laptop Bag,169
31091,Boys,White,Summer,2012,Casual,Gini and Jony Boys White Shirt,67
3644,Men,Navy Blue,Summer,2011,Casual,Fila Men's Maverick HI Navy Green Canvas Shoe,3
29852,Men,Brown,Summer,2012,Formal,Basics Men Dark Brown Trousers,86
42563,Women,Brown,Summer,2012,Ethnic,Mother Earth Women Brown Kurti,115
28980,Women,Yellow,Summer,2012,Ethnic,Biba Women Yellow & Green Printed Churidar Kurta with Dupatta,109
30143,Women,Blue,Summer,2012,Casual,Flying Machine Women Printed Blue T-shirt,40
18729,Women,Magenta,Fall,2011,Casual,Arrow Woman Keisha Magenta Sweater,155
54406,Women,Olive,Summer,2012,Casual,Baggit Women Olive Handbag,119
51346,Men,Charcoal,Summer,2016,Casual,Raymond Men Charcoal Socks,75
47223,Men,Black,Summer,2012,Casual,Franco Leone Men Black Slippers,157
6104,Women,Navy Blue,Summer,2011,Casual,UCB Women's Basic Round Neck Navy Blue T-shirt,40
23766,Men,Black,Winter,2016,Casual,Oakley Men Black Fast Jacket Sunglasses,113
50294,Men,Black,Summer,2012,Formal,Parx Men Black Tie,132
17553,Men,Grey,Fall,2011,Formal,Mark Taylor Men Grey & White Striped Shirt,67
9970,Men,Black,Fall,2011,Sports,Nike Men As Squad Ft C Black Sweatshirts,16
3476,Men,Blue,Fall,2010,Sports,ADIDAS Men's Fresh Blue Sleeveless T-shirt,40
26214,Men,Grey,Spring,2017,Casual,Perry Ellis Men 360 Degree Perfume,38
6938,Men,Red,Summer,2011,Casual,s.Oliver Men's Denim Dstrct Red T-shirt,40
54634,Men,Black,Winter,2016,Casual,Fastrack Men Grey Dial Watch,70
43683,Girls,Blue,Summer,2012,Casual,Doodle Girls Printed Blue Top,49
40006,Men,Steel,Winter,2016,Casual,Park Avenue Men Steel Frame Sunglasses,113
10776,Men,Red,Summer,2011,Sports,Nike Men Athletic Red Tshirts,40
37968,Women,Turquoise Blue,Fall,2012,Casual,Clarks Women Santa Rock Turquoise Blue Flats,65
24543,Women,Beige,Fall,2011,Ethnic,Mother Earth Women Beige Printed Top,49
25491,Men,Grey,Summer,2012,Casual,Nike Men Air Embark Grey Sandals,157
59917,Women,Pink,Summer,2012,Ethnic,Diva Women Pink Kurta,87
32426,Men,White,Summer,2012,Sports,ADIDAS Men White Shorts,47
53411,Women,Green,Fall,2012,Ethnic,Alma Women Green Kurta,87
5781,Men,Grey,Summer,2011,Casual,Reebok Men's Coral Hex Grey Flip Flop,81
37154,Men,Beige,Summer,2016,Casual,Campbell Men Pack of 3 T-shirts,40
45574,Men,Black,Summer,2013,Formal,Arrow Men Black Formal Shoes,23
4653,Men,Black,Summer,2011,Casual,ADIDAS Men Cherokee Black Grey Sandal,157
36086,Unisex,Beige,Summer,2012,Casual,OTLS Unisex Beige Polo Cap,93
57277,Men,Red,Summer,2012,Casual,French Connection Men Red Check Shirt,67
24785,Women,White,Winter,2015,Casual,Lino Perros Women Ladies Belts White White Belts,9
33732,Women,Black,Summer,2012,Casual,Pieces Women Black Belt,9
41312,Girls,Pink,Summer,2012,Casual,Gini and Jony Girls Fixed Weast Pink Capris,61
39208,Women,Beige,Winter,2015,Casual,Catwalk Women Beige Heels,65
25657,Women,Purple,Winter,2016,Casual,Fastrack Women Purple Watch,70
11462,Men,White,Fall,2011,Casual,United Colors of Benetton Men White Polo T-shirt,40
5547,Men,Green,Summer,2011,Casual,Nike Men's Football/Soccer Green T-shirt,40
44660,Men,Black,Summer,2012,Casual,Vans Men Black Shoes,3
14110,Men,Navy Blue,Fall,2011,Casual,Flying Machine Men Printed Navy Blue Sweatshirts,16
20325,Women,Red,Summer,2011,Ethnic,Mother Earth Women Printed Red Kurta,87
36240,Women,Tan,Summer,2012,Ethnic,W Women Tan Kurti,49
4495,Men,Black,Summer,2011,Sports,Lotto Men's Fuerzapura Black Yellow Shoe,26
7210,Women,White,Fall,2011,Casual,Jealous 21 Women White T-shirt,40
46137,Women,Black,Winter,2015,Casual,Adrika Women Black Necklace,151
51180,Men,Brown,Summer,2016,Casual,Raymond Men Brown Socks,75
16647,Men,Red,Summer,2016,Casual,Facit Men Polo Tee Red Tshirt,40
31859,Men,Black,Winter,2016,Casual,Titan Edge Men Black Dial Watch,70
49943,Men,Grey,Summer,2016,Casual,Hanes Men Grey Innerwear Vest,13
22472,Men,Olive,Summer,2011,Casual,Timberland Men Olive Claremont Shirt,67
48891,Women,Silver,Summer,2012,Casual,Lucera Women Silver Pendant,129
28148,Men,Black,Summer,2016,Casual,Jockey SPORT Men Black Innerwear Vest 9924,13
17795,Men,Navy Blue,Fall,2011,Casual,Puma Men Jive Navy Blue Slippers,81
34517,Women,Green,Summer,2012,Casual,ADIDAS Women Pearl Star Green Flip Flop,81
55520,Women,Skin,Spring,2017,Casual,Revlon Photo Ready Makeup 010 Caramel,153
8258,Men,Orange,Summer,2011,Sports,Puma Men's Calibre Convertible Orange Shoe,26
31065,Women,Lavender,Summer,2012,Ethnic,Fabindia Women Kota Silk Lavender Dupatta,6
28974,Women,Blue,Summer,2012,Ethnic,Biba Women Blue & Green Printed Churidar Kurta with Dupatta,109
2762,Men,Black,Summer,2011,Casual,Classic Polo Men's Plane Black T-shirt,40
27100,Women,Blue,Summer,2012,Ethnic,Aneri Women Tamanna Blue Kurta,87
13335,Women,Pink,Fall,2011,Casual,Gini and Jony Kids Girls Printed Pink Tops,49
8856,Men,Purple,Fall,2011,Casual,Mark Taylor Men Purple Striped Shirt,67
16475,Men,Green,Fall,2011,Casual,Locomotive Men Check Navy Blue Shirt,67
22640,Men,Navy Blue,Summer,2011,Casual,Nike Men Printed Navy Blue T-shirt,40
46305,Men,Charcoal,Summer,2012,Casual,ADIDAS Men Charcoal Urban Belt,9
23792,Women,Red,Winter,2016,Casual,Oakley Women Immerse Red Sunglasses,113
9984,Men,Green,Fall,2011,Sports,Nike Men As Value Runn Green T-Shirts,40
3482,Men,Blue,Summer,2011,Sports,ADIDAS Men's Light Blue Track Pant,12
31257,Men,Green,Summer,2012,Casual,Puma Men Semi Graphic Green T-shirt,40
13107,Men,Black,Fall,2011,Sports,ADIDAS Men Cr_Ess 3s Black T-Shirts,40
43677,Women,Navy Blue,Summer,2012,Casual,French Connection Navy Blue Dress,166
2550,Men,Black,Fall,2010,Casual,Numero Uno Men's Casual Black Graphic Flip Flop,81
58831,Women,White,Winter,2016,Casual,FCUK Women White Dial Watch FC1012WWN,70
57045,Women,Black,Summer,2012,Casual,Elle Women Black Dress,166
25465,Men,White,Summer,2012,Sports,Nike Men Downshifter 4 MSL White Sports Shoes,26
11650,Men,Black,Winter,2016,Casual,Puma Men Star Dust Black Dial Watch,70
14322,Men,Black,Fall,2011,Sports,ADIDAS Men Solid Black Jackets,145
20117,Women,Pink,Fall,2011,Ethnic,Diva Women Printed Pink Kurta,87
57879,Women,Beige,Spring,2017,Casual,Biotique Women Bio Papaya Revitalizing Scrub,138
5775,Women,White,Summer,2011,Casual,Jealous 21 Women White Paris Top,49
45580,Men,Black,Summer,2013,Casual,Arrow Men Black Sandals,157
36072,Unisex,Olive,Winter,2012,Casual,OTLS Unisex Olive Green Duffle Bag,37
39806,Men,Black,Spring,2013,Formal,Peter England Men Black Trousers,86
34341,Men,Purple,Summer,2012,Casual,Myntra Men Feared Strom Drive Purple T-shirt,40
6594,Women,White,Summer,2011,Casual,Spykar Women Day Beach White Top,49
50604,Men,Red,Summer,2016,Casual,Chromozome Men Red Trunks,106
16011,Men,Black,Fall,2011,Casual,Turtle Check Men Black Scarf,62
22224,Women,Green,Fall,2011,Casual,Little Miss Women Flower Green T-shirt,40
19865,Women,Red,Fall,2011,Casual,ADIDAS Women Striped Red Flip Flops,81
7446,Men,Yellow,Summer,2011,Casual,Proline Men Yellow Polo T-shirt,40
46761,Women,Orange,Spring,2017,Casual,Giorgio Beverly Hills Women So You Perfume,38
27756,Men,Brown,Winter,2015,Casual,Bulchee Men Brown Wallet,170
13563,Women,Black,Fall,2011,Casual,Nike Black Flyclave Casual Shoe,3
43213,Women,Steel,Winter,2016,Casual,Fastrack Women Steel Dial Watch,70
2134,Men,Purple,Spring,2011,Casual,Basics Men Purple Slim Fit Checked Shirt,67
49729,Men,Navy Blue,Summer,2012,Casual,Park Avenue Men Navy Blue Tie,132
55376,Women,White,Spring,2017,Casual,Revlon Ooh La La Lilac Nail Polish 324,90
19059,Women,Black,Fall,2011,Ethnic,Aurelia Women Solid Black Kurta,87
26684,Men,Black,Summer,2012,Casual,Puma Men Graphic Black & White Shoes,3
11234,Women,Black,Fall,2011,Casual,Flying Machine Women Lowrise Black Jeans,18
40496,Women,Olive,Fall,2012,Casual,Femella Women Olive Spaghetti Top,49
57421,Women,Blue,Summer,2015,Casual,Angry Birds Women Blue T-shirt,40
36416,Men,Black,Summer,2012,Casual,Spinn Men Abzorb X Black Shoes,3
52153,Women,Sea Green,Summer,2012,Casual,Femella Women Green Top,49
14746,Men,White,Fall,2011,Formal,Arrow Men Stripes White Shirts,67
33958,Women,Blue,Summer,2012,Casual,Femella Women Blue Leggings,161
53081,Women,Brown,Summer,2012,Casual,Rocia Women Brown Clutch,50
20573,Women,Black,Winter,2015,Casual,Baggit Women Chotu Mayur Black Belt,9
44036,Men,Silver,Spring,2017,Casual,Dunhill Men London 50 ml Perfume,38
41776,Women,Green,Summer,2012,Casual,Remanika Women Green Top,49
25233,Women,Navy Blue,Winter,2015,Casual,Lino Perros Women Navy Blue Handbag,119
11006,Men,Black,Winter,2016,Casual,Puma Men Race Luminous Black Chronograph Watch,70
57613,Women,White,Spring,2017,NA,Lotus Herbals Safe Sun Absolute Sunscreen,14
1583,Women,Black,Fall,2010,Sports,Nabaiji Women Black Swimsuit,91
33356,Men,Black,Summer,2012,Formal,Homme Men Black Semi Formal Shoes,23
21693,Women,Pink,Winter,2016,Casual,Fossil Women Pink Dial Watch ES2946,70
52361,Women,Off White,Winter,2015,Casual,Red Rose Women Off White Nightdress,7
5123,Women,Green,Summer,2011,Casual,Wrangler Women's Photo Print Olive T-shirt,40
44204,Women,Blue,Winter,2012,Casual,iPanema Women Blue Flip Flops,81
50436,Men,Black,Summer,2016,Casual,Chromozome Men Black Briefs,21
34173,Boys,Yellow,Summer,2012,Casual,Gini and Jony Boys Printed Yellow T-shirt,40
55978,Women,Orange,Summer,2019,Casual,Colorbar Velvet Matte Obsessed Orange Lipstick 60 OR,98
7674,Men,Black,Fall,2011,Sports,Puma Men's Round Neck Black T-shirt,40
46553,Men,Orange,Winter,2016,Casual,Timex Men Orange Dial Watch,70
16223,Men,Navy Blue,Fall,2011,Casual,Puma Men Rugby Navy Blue TShirt,40
22016,Women,Black,Fall,2011,Ethnic,BIBA Women Sequin Black Kurta,87
2306,Women,Black,Fall,2010,Sports,Nike Women Cuffed Black Capris,61
13751,Men,Blue,Fall,2011,Formal,Belmonte Men Stripes Blue Shirts,67
12683,Women,White,Fall,2011,Sports,Fila Women Elixir Low White Shoes,26
55144,Women,Pink,Summer,2019,Casual,Lakme Truewear Color Crush Nail Polish 21,90
40039,Men,White,Summer,2012,Casual,ADIDAS Men White T-shirt,40
10749,Unisex,Red,Winter,2012,Casual,Disney Unisex Kids Mickey Star Red Flip Flops,81
37957,Men,Brown,Fall,2012,Casual,Clarks Men Brown Leather Loafers,3
36885,Men,Brown,Summer,2012,Casual,Fossil Men Brown Justin Belt,9
59928,Women,White,Summer,2012,Ethnic,Diva Women White Kurta,87
32419,Men,Grey,Summer,2012,Sports,ADIDAS Men Grey Shorts,47
56960,Women,Yellow,Winter,2012,Casual,HM Women Yellow Flats,65
29263,Men,Black,Summer,2012,Sports,ADIDAS Men aStar Ride 4M Black Sports Shoes,26
51379,Men,Grey,Summer,2012,Casual,Myntra Men Grey Shorts,47
12822,Men,Black,Fall,2011,Casual,Puma Men Snipper Black Sandals,157
23759,Men,Brown,Winter,2016,Casual,Oakley Men Brown Sunglasses,113
3449,Unisex,Black,Summer,2011,Sports,ADIDAS Kids Unisex Pune Warriors Black Cap,93
6907,Women,Cream,Summer,2011,Casual,Tantra Women's Re-incarnation Cream T-shirt,40
18524,Women,Black,Fall,2011,Casual,C Vox Women Solid 1351 Black Jacket,145
9173,Men,Blue,Fall,2011,Casual,Locomotive Men Bao Blue Jeans,18
48254,Boys,Orange,Summer,2012,Casual,The Amazing Spiderman Boys Orange T-shirt,40
26825,Men,Beige,Summer,2012,Casual,Highlander Men Beige Trousers,86
29051,Men,Black,Summer,2012,Casual,ADIDAS Men Urban Movement Black T-shirt,40
49988,Men,White,Summer,2016,Sports,Hanes Men Pack Of 3 White Cushion Max Crew Socks,75
31892,Women,Pink,Summer,2012,Ethnic,Fabindia Women Pink Ekko Silk Stole,84
30940,Women,Off White,Summer,2012,Ethnic,Fabindia Women Printed Off White Kurti,115
28183,Men,Gold,Winter,2016,Casual,Ray-Ban Men Aviator Gold Sunglasses,113
8293,Men,Purple,Fall,2011,Casual,Mr.Men Men's Purple Melange T-shirt,40
9341,Men,White,Fall,2011,Casual,Puma Men Electro Cat White T-shirt,40
48066,Men,Black,Summer,2012,Casual,French Connection Men Black Jeans,18
18716,Women,Black,Fall,2011,Casual,Arrow Woman Shanna Black Top,49
47812,Women,Red,Summer,2012,Casual,Murcia Women Red Handbag,119
38311,Men,Steel,Winter,2016,Casual,I Dee Men Steel Frame Sunglasses,113
15835,Women,Blue,Fall,2011,Ethnic,Visudh Blue Printed Ethnic Kurta,87
1910,Men,Black,Fall,2010,Sports,Nike Men's Classic Patterned T-shirt,40
59326,Women,Black,Summer,2012,Casual,Gliders Women Black Shoes,3
15009,Men,Blue,Fall,2011,Sports,ADIDAS Men Blue Jacket,145
45779,Women,Black,Summer,2012,Casual,Remanika Women Black Top,49
54861,Women,Gold,Fall,2012,Casual,Ivory Tag Women Glinting Pearls Cream Necklace,151
46598,Women,Beige,Summer,2012,Casual,Catwalk Women Beige Heels,65
42904,Women,Tan,Summer,2012,Casual,French Connection Women Tan Belt,9
48402,Men,Cream,Summer,2012,Casual,French Connection Men Cream Printed T-shirt,40
18372,Men,Black,Summer,2016,Casual,Undercolors of Benetton Men Pack of 2 Black Boxer Trunks,106
34984,Women,Cream,Summer,2012,Ethnic,Fabindia H& Printed Cream Cotton Sari,20
42138,Men,Black,Summer,2012,Sports,Nike Men Black Air Dictate Sports Shoes,26
4806,Men,Blue,Summer,2011,Sports,ADIDAS Men's Edge Polo Steel Blue Polo T-shirt,40
38775,Men,Black,Winter,2016,Casual,Woodland Men Black Shoes,3
1548,Men,White,Fall,2010,Sports,Puma Men's Cell Exsis Sneaker,26
59742,Women,Black,Summer,2014,Casual,Avirate Women Black Brief,21
21658,Women,White,Winter,2012,Casual,Enamor White Lift Bra,128
53278,Men,Black,Summer,2012,Casual,Locomotive Men Black Shirt,67
58690,Women,Green,Summer,2012,Ethnic,ALayna Women Green Kurta,87
45913,Men,White,Winter,2016,Casual,Maxima Men White Dial Watch,70
39495,Unisex,Beige,Summer,2012,Casual,Wildcraft Unisex Beige Hat,93
53876,Men,Green,Summer,2012,Casual,U.S. Polo Assn. Men Green Flip Flops,81
38547,Men,Grey,Summer,2012,Casual,Puma Men Grey Madison Classic Shoes,3
24118,Men,Turquoise Blue,Fall,2011,Casual,Playboy Men Turquoise Blue Casual Flip Flops,81
4208,Boys,Red,Summer,2011,Casual,Disney Kids Boy's Red Geo Team Kidswear,40
52198,Women,Silver,Fall,2012,Casual,Lencia Women Silver Pendant,129
32841,Women,Gold,Winter,2012,Casual,Grendha Women Jola Cigana Gold Flats,65
59570,Men,Steel,Summer,2012,Casual,Revv Men Black and White Cufflinks,60
33993,Women,Black,Summer,2012,Casual,Femella Women Black Shirt,67
24924,Women,Blue,Summer,2012,Casual,United Colors of Benetton Women Blue Top,49
47678,Women,Black,Summer,2012,Casual,Femella Women Black Leopard Print Top,49
17108,Women,Tan,Winter,2015,Casual,Lino Perros Women Small Tan Wallet,170
29607,Men,Purple,Summer,2012,Formal,Indigo Nation Men Striped Purple Shirt,67
3811,Boys,Red,Summer,2011,Casual,Disney Kids Boy's Pooh And Tiger Red Kidswear,40
35258,Women,Pink,Summer,2012,Casual,Lee Women Jane Pink Striped Shirt,67
17934,Men,Black,Fall,2011,Sports,Puma Men Solid Black Shorts,47
9517,Men,White,Fall,2011,Formal,John Miller Men white brown stripe White Shirts,67
19092,Women,Pink,Fall,2011,Ethnic,W Women Gathered Design Pink Kurta,87
43822,Women,White,Summer,2012,Ethnic,Royal Diadem White Earrings,143
28513,Men,Grey,Summer,2012,Sports,Nike Men Premier Knit Grey Shorts,47
6799,Unisex,Yellow,Summer,2011,Casual,Converse Unisex Yellow Canvas Shoe,3
55947,Women,Gold,Spring,2017,Casual,Colorbar Gold Dust Nail Lacquer 10,90
22029,Women,Green,Fall,2011,Ethnic,Vishudh Women Printed Green Kurta,87
34970,Women,Off White,Summer,2012,Casual,Fabindia Women Off White Printed Stole,84
18386,Men,Blue,Summer,2016,Casual,Undercolors of Benetton Men Blue Tanga Brief,21
26489,Men,Black,Summer,2012,Casual,Puma Men Graphic Black T-shirt,40
19254,Women,Silver,Winter,2016,Casual,Guess Women Mini Rock Candy Silver Watch,70
22815,Men,Brown,Summer,2012,Casual,Woodland Men Brown Casual Shoes,3
49524,Women,Purple,Summer,2012,Casual,Rocia Women Purple Clutch,50
8603,Unisex,Black,Summer,2011,Casual,Crocs Crocband Kids Black Sandals,157
39653,Men,White,Summer,2012,Sports,Lotto Men White Sports Shoes,26
11039,Women,Red,Fall,2011,Casual,Jealous 21 Women Check Red Shirt,67
5920,Women,White,Summer,2011,Casual,ADIDAS Women Daily White Purple Shoe,3
33369,Women,Purple,Winter,2016,Casual,Baggit Women Gumboot Camlincrush Purple Handbag,119
38781,Men,Olive,Summer,2016,Casual,Woodland Men Olive Shoes,3
15499,Women,Red,Spring,2013,Formal,Carlton London Women Casual Red Stilettos,65
11805,Women,Green,Fall,2011,Ethnic,Vishudh Women Cotton Silk Green Kurtas,87
58664,Women,Black,Fall,2012,Ethnic,Alayna Women Black & Grey Kurta,87
52950,Women,Purple,Fall,2012,Ethnic,FNF Purple Sari,20
39461,Women,Beige,Summer,2012,Ethnic,Diva Women Printed Beige Kurta,115
53882,Men,White,Summer,2012,Casual,U.S. Polo Assn. Men White Flip Flops,81
44835,Men,Grey,Summer,2012,Sports,Puma Men Grey Training T-shirt,40
36429,Men,White,Summer,2012,Casual,Spinn Men Brash White Shoes,3
59584,Men,Steel,Summer,2012,Casual,Revv Men Black Cufflinks,60
14779,Men,Green,Fall,2011,Formal,Arrow Men Stripes Green Shirts,67
33967,Women,Black,Summer,2012,Casual,Femella Women Black Top,67
58456,Men,Black,Winter,2016,Casual,Fossil Men Black Dial Analogue Watch AM4381,70
44009,Men,Grey,Spring,2017,Casual,Police Men Titanium Wings Perfume,38
18988,Men,White,Summer,2011,Casual,ADIDAS Originals Men ST Logo White Tshirt,40
2937,Women,Peach,Fall,2010,Casual,DUSG Women's Mother & Child Bamboo Sand T-shirt,40
28721,Women,Beige,Summer,2012,Ethnic,W Women Printed Beige Kurta,87
7479,Men,Black,Summer,2011,Casual,Proline Men Black V-Neck T-shirt,40
27769,Men,Black,Winter,2015,Casual,Bulchee Men Black & Brown Wallet,170
49716,Men,Blue,Summer,2012,Casual,Park Avenue Men Blue Tie,132
16812,Men,Blue,Fall,2011,Casual,Locomotive Men Check Blue Shirt,67
55349,Women,Blue,Spring,2017,Casual,Revlon Charlie Perfume,38
19066,Women,Pink,Fall,2011,Ethnic,W Women Thread Work Pink Kurta,87
39005,Girls,Navy Blue,Summer,2012,Casual,Gini and Jony Girls Nautical Blues Navy Blue Top,49
20128,Women,Blue,Fall,2011,Casual,Wrangler Women Checkerd Blue Shirt,67
58032,Women,Gold,Fall,2012,Casual,Rreverie Gold Plated Earrings,143
57846,Unisex,Beige,Summer,2012,Casual,Lino Perros Unisex Beige Sling Bag,119
56994,Women,Orange,Winter,2012,Casual,HM Women Orange Sandals,83
4698,Unisex,Black,Winter,2016,Sports,ADIDAS Unisex Duramo Black Watch,70
39839,Boys,Black,Summer,2012,Casual,Gini and Jony Boys Printed Black T-Shirt,40
52508,Women,Red,Winter,2015,Casual,Red Rose Red Nightdress,99
29297,Women,Black,Summer,2012,Casual,Wrangler Women Birdy Tee Black T-shirt,40
8869,Men,Blue,Fall,2011,Casual,Mark Taylor Men Solid Blue Shirts,67
13904,Men,Grey,Fall,2011,Casual,Nike Men Straprunner Grey Sandals,157
28345,Men,Black,Winter,2016,Casual,Idee Men Black Sunglasses,113
49372,Men,Brown,Summer,2012,Casual,Vans Men Brown Casual Shoes,3
19402,Men,Black,Fall,2011,Casual,ADIDAS Men Printed Black Tshirt,40
13138,Men,Blue,Fall,2012,Casual,iD Men Blue Casual Shoes,3
9187,Men,Blue,Fall,2011,Casual,Spykar Men Style Essentials Spykar Basic Attire Series 0428 Blue Jeans,18
43648,Women,Cream,Summer,2012,Casual,ONLY Women Cream A-Line Dress,95
46108,Men,Green,Summer,2012,Casual,ADIDAS Men Green Psychedellic Flip Flops,81
31866,Women,Silver,Winter,2016,Casual,Titan Women Raga Silver Dial Watch,70
28177,Men,Green,Winter,2016,Casual,Ray-Ban Men Aviator Sunglasses,113
34528,Men,Black,Summer,2012,Casual,Red Tape Men Black Sandals,157
27903,Women,Beige,Summer,2012,Formal,Scullers For Her Beige Trousers,86
46934,Men,Blue,Spring,2017,Casual,York Men Aqua Minerale Perfume,38
19630,Men,Black,Summer,2011,Casual,United Colors of Benetton Men Black T-shirt,40
49140,Women,Pink,Spring,2017,Casual,Deborah Golden Pink Euphoric Shine 04 Lip Gloss,59
8267,Unisex,Black,Fall,2011,Casual,Fastrack Unisex Black White Printed Sling Bag,64
51983,Women,Purple,Summer,2017,Casual,Inaya Women Grape Babydoll Nightdress,7
30188,Unisex,Grey,Summer,2012,Casual,Nike Unisex Grey Backpack,64
50851,Women,Maroon,Fall,2012,Ethnic,Prafful Maroon Crepe Printed Saree,20
48092,Women,Rust,Summer,2012,Casual,French Connection Women Rust Top,49
14913,Men,Purple,Fall,2011,Casual,Mr. Men Men Mr. Nonsense Purple Tshirts,40
25668,Men,Silver,Winter,2016,Casual,Fastrack Men Silver Casual Watch,70
5578,Men,Grey,Summer,2011,Sports,Nike Men's Sweet Classic Leather Grey White Shoe,26
58200,Men,Black,Summer,2012,Sports,Puma Men Black Sports Shoes,26
36812,Women,Blue,Spring,2017,Casual,Davidoff Women Cool Water Perfume,38
25439,Men,Brown,Summer,2012,Casual,Lee Men Fashion Brown Wallet,170
57019,Men,Red,Summer,2016,Casual,Jockey ELANCE Men Red Briefs 1010,21
21099,Men,Black,Fall,2012,Formal,Clarks Men Black Formal Shoes,23
41940,Women,Black,Winter,2012,Casual,iPanema Women Black Flip Flops,81
38988,Boys,Red,Summer,2012,Casual,Gini and Jony Boys Wild West Red T-shirt,40
58051,Women,Silver,Fall,2012,Casual,Rreverie Silver & Green Earrings,143
5729,Men,White,Summer,2011,Casual,Reebok Men's Blaze White Shoe,3
13967,Men,Red,Fall,2011,Casual,Ed Hardy Men Printed Red Tshirts,40
34779,Women,White,Summer,2015,Casual,Be For Bag Women Pack of 3 Bag,119
28326,Men,Brown,Winter,2018,Casual,Red Tape Men Brown Sandals,157
16429,Men,White,Fall,2011,Casual,Levi's Men Printed White Tshirts,40
46359,Men,Blue,Summer,2012,Casual,Locomotive Men Blue Check Shirt,67
6990,Men,Blue,Summer,2011,Casual,s.Oliver Men's Mint Polo Grey Stripes Blue T-shirt,40
12089,Women,Brown,Fall,2011,Ethnic,W Women Brown Printed Kurta,87
7842,Women,Black,Fall,2011,Sports,Puma Women Osu NM Black Purple Shoe,26
28114,Men,Grey,Summer,2016,Casual,Jockey COMFORT PLUS Men Comfort Plus Grey Trunks 8015,106
27960,Men,Black,Summer,2018,Casual,Jockey SPORT PERFORMANCE Men Black Trunks SP08,106
50832,Men,Black,Summer,2012,Formal,New Hide Men Black & Brown Reversible Belt,9
28928,Men,Charcoal,Summer,2012,Casual,Mr. Men Printed Charcoal T-shirt,40
18781,Men,Blue,Summer,2011,Formal,Peter England Men Elite Blue Tie,132
13369,Men,Brown,Fall,2011,Casual,Timberland Men Toddler Brown Casual Shoes,3
46957,Women,Peach,Spring,2017,Casual,York Women Miss Angel Perfume,38
19653,Women,Green,Fall,2011,Casual,United Colors of Benetton Women Printed Green Top,49
49123,Women,Pink,Spring,2017,Casual,Deborah Pink Light Creator Shine Volume 6 Lipstick,98
8204,Men,Grey,Summer,2011,Casual,Locomotive Men Solid Langford Grey T-Shirts,40
31039,Men,White,Summer,2012,Casual,Arrow Sport Men White Shirt,67
39254,Men,Brown,Winter,2018,Casual,Red Chief Men Brown Casual Shoes,3
38386,Men,Black,Summer,2012,Casual,Peter England Men Black Belt,9
14970,Men,Black,Fall,2011,Formal,Newhide Authentic Wallet,170
52759,Women,Brown,Fall,2012,Casual,Fiorelli Women Chocolate Brown Leather Handbag,119
20379,Women,Grey,Fall,2011,Sports,Urban Yoga Women Printed Grey Sweatshirt,16
58263,Women,Black,Summer,2012,Casual,Baggit Women Black Clutch,50
55924,Women,Pink,Spring,2017,Casual,Colorbar Windsor Rose Nail Lacquer 51,90
42993,Men,Black,Summer,2012,Sports,Nike Men Black T-Lite Sports Shoes,26
28570,Women,Black,Summer,2012,Casual,Nike Women You Wish Black T-shirt,40
43841,Women,Gold,Fall,2012,Ethnic,Royal Diadem Red Earrings,143
23198,Men,Red,Fall,2011,Casual,Highlander Men Red Striped Shirt,67
55118,Women,Skin,Spring,2017,Casual,Lakme Absolute Mattreal Ivory Fair Skin Natural Mousse 01,153
49547,Women,Black,Summer,2012,Casual,Rocia Women Black Clutch,50
22876,Men,Khaki,Summer,2012,Casual,Woodland Men Camel Casual Shoes,3
3288,Men,Navy Blue,Summer,2011,Casual,Guerrilla Men's I Like What I See Navy Blue T-shirt,40
8660,Unisex,Green,Winter,2016,Casual,Fastrack Titan Unisex Sunglasses FTML008GLGP1,113
48495,Women,Olive,Winter,2011,Casual,French Connection Women Olive Trousers,86
34913,Women,Black,Summer,2012,Ethnic,Fabindia Printed Beige and Black Dupatta,6
27538,Men,Red,Summer,2012,Casual,Scullers Men Check Red & Blue Shirt,67
10188,Men,Blue,Fall,2011,Casual,Indigo Nation Men   Blue & White Stripe Shirt,67
5943,Men,Green,Summer,2011,Casual,Locomotive Men Green Checked Shirt,67
39630,Men,White,Summer,2012,Sports,Nike Men Tiempo Natural IV Vtr White Sports Shoes,26
4891,Women,Pink,Summer,2011,Casual,Levis Kids Girl's Diaz Pink Polo Tshirt,40
44258,Women,Red,Summer,2012,Casual,Hidekraft Women Red Wallet,170
14528,Men,White,Fall,2011,Formal,Mark Taylor Men Off White & Blue Striped Shirt,67
58607,Women,Silver,Winter,2016,Casual,ToniQ Women Silver Earrings,143
11866,Men,Red,Fall,2011,Casual,Playboy Men Casual Red Slippers,81
33138,Boys,White,Summer,2012,Casual,Palm Tree Boys Check White Shirt,67
44856,Men,Red,Summer,2012,Casual,Puma Men Red Foundation Polo T-shirt,40
11268,Men,Cream,Fall,2011,Formal,Indigo Nation Men Cream Trouser Cream Trousers,86
45984,Women,White,Summer,2012,Ethnic,Fabindia White Hand Printed Sari,20
41518,Men,Black,Winter,2016,Casual,Basics Men Aviator Sunglasses,113
33904,Men,White,Winter,2016,Casual,Citizen Men White Dial Watch,70
37598,Boys,Blue,Summer,2012,Casual,Madagascar3 Boys Blue Printed T-Shirt,40
25861,Unisex,Black,Winter,2015,Casual,American Tourister Unisex Black Laptop Bag,169
29690,Men,Charcoal,Summer,2012,Casual,Indigo Nation Men Check Charcoal Shorts,47
3886,Men,Blue,Summer,2011,Casual,Wrangler Men's 1947 Light Weight Blue T-shirt,40
19839,Men,Brown,Fall,2011,Casual,U.S. Polo Assn. Men Check Brown Shirt,67
2954,Women,Yellow,Fall,2010,Casual,DUSG Women Uttarkashi Organic Endive Capri,61
50658,Men,Charcoal,Winter,2016,Casual,Chromozome Men Charcoal Lounge Shorts,19
28742,Women,Brown,Summer,2012,Casual,W Women Printed Dark Brown Top,49
49775,Women,Maroon,Summer,2012,Ethnic,Alma Women Maroon Printed Kurta,87
8452,Women,Blue,Fall,2011,Casual,Jealous 21 Women Jealous Rain Blue Top Blue Tops,49
16871,Women,Black,Winter,2016,Casual,Idee Women Funky Eyewear Black Sunglasses,113
19005,Women,Grey,Summer,2011,Casual,ADIDAS Originals Women F Sleek Trf Grey Sweatshirt,16
2168,Men,Blue,Summer,2011,Casual,Probase Men Check Brown Shirt,67
9580,Unisex,Black,Fall,2011,Casual,Puma Unisex Flow Black Backpacks,64
38372,Men,Brown,Summer,2012,Casual,Peter England Men Brown Belt,9
35009,Women,Beige,Summer,2012,Ethnic,Fabindia Women Printed Beige & Black Stole,84
29456,Men,White,Winter,2016,Casual,Giordano Men White Dial Watch,70
42967,Men,Black,Summer,2012,Casual,French Connection Men Black Wallet,170
17359,Men,Purple,Fall,2011,Formal,Arrow Men Formal Purple Tie+Cufflink+Pocket square - Combo Pack,156
28584,Men,White,Winter,2016,Casual,ADIDAS Originals Men White Dial Watch ADH2660,70
47429,Women,Purple,Summer,2012,Casual,Baggit Women Purple Bag,119
22882,Men,Olive,Winter,2015,Casual,Woodland Men Olive Casual Sandals,157
8694,Women,Grey,Winter,2016,Casual,Fastrack Women Gradient Sunglasses P168BK1F,113
43089,Men,Black,Spring,2017,Casual,Swiss Army Men Classic Perfume & Deodorant Set,30
18311,Men,Green,Summer,2011,Casual,Wills Lifestyle Men Striped Green Sweater,155
4865,Men,White,Summer,2011,Sports,ADIDAS Men White Liverpool Jersey,40
56769,Men,Navy Blue,Summer,2012,Casual,Horsefly Men Navy Blue & Red Striped Shirt,67
59721,Women,Black,Summer,2017,Casual,Avirate Women Black Bra,128
4059,Men,Blue,Summer,2011,Casual,Myntra Men's I Am Tired Of Working Sky Blue T-shirt,40
11892,Men,Black,Summer,2013,Formal,Franco Leone Men Formal Black Formal Shoes,23
38524,Men,White,Fall,2012,Casual,Puma Men White Surge Shoes,3
53815,Women,White,Fall,2012,Ethnic,Ayaany Women White Printed Kurta,87
57489,Men,Brown,Fall,2012,Formal,Lee Cooper Men Brown Shoes,3
45970,Women,Grey Melange,Summer,2012,Casual,Tokyo Talkies Women Grey Melange Printed Top,49
53029,Women,Multi,Fall,2012,Ethnic,FNF Multi Coloured Sari,20
24947,Girls,Red,Summer,2012,Casual,United Colors of Benetton Kids Girls Red Printed Top,49
25895,Women,White,Summer,2012,Casual,Femella Women White Camisole 005G,39
59513,Women,Silver,Summer,2013,Casual,Lucera Silver Pendant With Chain,129
21409,Men,Grey,Fall,2011,Casual,Locomotive Men Printed Grey T-shirt,40
29664,Men,White,Summer,2012,Casual,Indigo Nation Men White Shirt,67
3872,Men,Blue,Summer,2011,Casual,Wrangler Men's Poster Print Slub Blue T-shirt,40
49781,Women,Black,Summer,2012,Casual,Little Miss Intimates Black Pyjama Set,146
16885,Men,Blue,Winter,2016,Casual,Police Men Casual Blue Sunglasses,113
12419,Men,Black,Fall,2011,Casual,Reid & Taylor Men Casual Black Wallets,170
17957,Men,Navy Blue,Summer,2012,Sports,Nike Men Cricket Navy Blue Cap,93
30749,Men,White,Summer,2012,Ethnic,Fabindia Men White Kurta,87
9574,Unisex,Grey,Fall,2011,Casual,Puma Unisex Echo Grey Backpacks,64
48653,Women,Silver,Summer,2013,Casual,Lucera Women Silver Earrings,143
39092,Men,Red,Summer,2012,Formal,Reid & Taylor Men Red Striped Shirt,67
20983,Unisex,Black,Winter,2016,Casual,Fastrack Unisex Leatherette Black Belt,9
38140,Unisex,Black,Spring,2013,Casual,Wildcraft Unisex Black & Grey Backpack,64
58899,Men,Grey,Summer,2012,Casual,Hakashi Men Grey Silk Tie,132
37934,Women,Purple,Summer,2012,Casual,Mineral Women Purple Top,49
56903,Women,Blue,Winter,2012,Casual,HM Women Blue Heels,65
15258,Women,Beige,Fall,2011,Casual,ADIDAS Originals Women Concord Round Beige Casual Shoes,3
6158,Men,Blue,Summer,2011,Casual,Lee Men's Quill Indigo Mood T-shirt,40
13993,Men,White,Fall,2011,Casual,Puma Men Future Cat M1 White Casual Shoes,3
29200,Men,Navy Blue,Summer,2012,Sports,Fila Men Navy Blue Socks,75
12841,Men,Grey,Fall,2011,Casual,Ant Kids Multi Colour Grey Tshirts,40
18547,Women,Blue,Winter,2015,Casual,Catwalk Women  Blue Casual Shoes,83
54668,Men,Black,Winter,2016,Casual,Fastrack Men Black Dial Watch,70
9110,Women,Black,Fall,2011,Sports,Puma Women Faas 300 Black Sports Shoes,26
48237,Men,White,Winter,2016,Casual,United Colors of Benetton Men Sunglasses,113
26248,Men,Blue,Summer,2012,Casual,Proline Men Blue Polo Tshirt,40
19495,Men,White,Summer,2010,Sports,Puma Men Sport Quarters Pack of 3 White Socks,75
30923,Women,Mustard,Summer,2012,Ethnic,Fabindia Women Printed Mustard Skirt,111
23508,Unisex,Black,Winter,2016,Casual,ADIDAS Unisex Black Dial Watch,70
27994,Men,Grey,Summer,2016,Casual,Jockey ZONE Men Zone Grey Brief US17,21
29032,Unisex,Blue,Summer,2012,Casual,ADIDAS Unisex Corp Blue Cap,93
48005,Men,Black,Winter,2016,Casual,Helix Men Black Dial Watch,70
18775,Men,Purple,Summer,2011,Formal,Peter England Men Elite Purple Tie,132
51914,Women,Mustard,Summer,2016,Casual,Nyk Women Mustard Biker Sling Bag,119
3618,Women,Pink,Summer,2011,Casual,Puma Women's Coral Pink White Flip Flop,81
15856,Unisex,Red,Fall,2012,Casual,Warner Bros Kids Unisex TJ Hit & Chase Flops Red Slippers,157
32648,Men,Black,Winter,2015,Sports,Nike Black Legacy Woven     Training  Shorts,47
14984,Men,Black,Fall,2011,Sports,ADIDAS Men Real Madrid Black Sweatshirts,16
58297,Men,Charcoal,Summer,2016,Sports,Jockey LCESCBRA Men Pack of 3 Socks 2004,75
1973,Men,Brown,Fall,2010,Casual,Quechua Mens Brown T-shirt,40
16072,Men,Black,Fall,2011,Casual,Highlander Men Solid Black Trouser,86
22247,Men,Grey,Fall,2012,Casual,ID Men Grey Casual Sandals,157
19806,Men,Black,Winter,2016,Casual,U.S. Polo Assn. Men Solid Black Tshirt,40
7425,Women,Black,Spring,2011,Ethnic,W Women's Deep U Neck Sleeveless White Black Top,49
46702,Women,Yellow,Spring,2017,Casual,Rasasi Women Soul Secret Perfume,38
34322,Men,Red,Summer,2012,Casual,Myntra Men Red Meltdown T-shirt,40
50667,Men,Grey Melange,Summer,2018,Sports,Chromozome Men Grey Melange Fashion Lounge Pants S-5145,68
3085,Men,Yellow,Summer,2011,Casual,Probase Men's Standing Out Yellow T-shirt,40
55315,Men,White,Summer,2016,Casual,Smartoe Men Pack of 3 Socks,75
13500,Men,Grey,Fall,2011,Casual,Chimp Men VVVIP Grey T-shirts,40
48698,Women,Silver,Summer,2013,Casual,Lucera Women Silver Earrings,143
43270,Women,Red,Summer,2012,Ethnic,Aneri Women Red Kurta,87
2157,Men,Yellow,Spring,2011,Casual,Basics Men Yellow Polo T-shirt,40
30782,Men,White,Summer,2012,Ethnic,Fabindia Men White Mangalgiri Kurta,87
33107,Women,Pink,Winter,2015,Casual,Catwalk Women Pink Flats,65
57442,Women,Pink,Summer,2012,Casual,Angry Birds Women Pink T-shirt,40
10385,Women,White,Winter,2016,Casual,Puma Women Vitality Stones 168 White Watches,70
44869,Men,Black,Summer,2012,Casual,Puma Men Black T-shirt,40
25062,Men,Brown,Winter,2015,Formal,Lino Perros Men Formal Brown Accessory Gift Set,156
11257,Men,Black,Fall,2011,Casual,Puma Men cover Black Tshirts,40
56590,Women,Blue,Spring,2017,NA,Streetwear Dazzling Steel Eye Shadow,103
41527,Men,Brown,Summer,2012,Casual,Basics Men Brown Messenger Bag,33
20510,Women,Red,Winter,2015,Casual,Baggit Women Era Taj Red Wallet,170
5372,Boys,Brown,Summer,2011,Sports,Quechua Forclaz 50 Jr 10 Brown,26
44055,Men,Black,Spring,2017,Casual,Dunhill Men Black Perfume,38
45187,Women,Black,Winter,2016,Casual,CASIO ENTICER Women Black Dial Analogue Watch A635,70
36475,Women,Purple,Summer,2012,Ethnic,Aurelia Women Dobby Purple Kurta,87
52130,Girls,Blue,Summer,2012,Casual,Doodle Girls Blue Printed Dress,166
57670,Women,Brown,Spring,2017,NA,Lotus Herbals Colour Dew Toffee Nail Polish 910,90
24382,Women,Maroon,Fall,2011,Ethnic,Folklore Women Maroon Printed Kurta,87
33335,Men,Black,Summer,2012,Formal,Homme Men Black Semi Formal Shoes,23
41715,Women,Brown,Winter,2012,Casual,Catwalk Women Brown Wedges,65
25250,Women,Brown,Summer,2012,Casual,Lino Perros Women Brown Handbag,119
37795,Men,White,Summer,2012,Formal,John Players Men Check White & Green Shirt,67
5140,Women,Grey,Summer,2011,Casual,Wrangler Women's Pinstrupe Grey Melange T-shirt,40
14517,Men,Blue,Fall,2011,Formal,Mark Taylor Men Blue & Light Brown Striped Shirt,67
58638,Men,Grey,Summer,2013,Casual,Fila Men Grey Ankle Socks,75
11859,Men,Green,Fall,2011,Casual,Playboy Men Casual Green Slippers,81
4092,Men,Purple,Summer,2011,Casual,Classic Polo Men's Purple With Orange White T-shirt,40
7617,Men,Green,Summer,2011,Casual,Wrangler Men Green Canvas Cap,93
46530,Women,White,Winter,2016,Casual,Timex Women Silver-Toned Dial Watch T2N148,70
51587,Women,Navy Blue,Summer,2012,Casual,Wrangler Women Navy Blue Molly Jeans,18
22075,Women,Off White,Fall,2011,Ethnic,Vishudh Women Self Printed Off White Kurta,87
17392,Men,Red,Summer,2016,Casual,Reid & Taylor Men Red & Grey Striped Socks,75
50455,Men,Navy Blue,Summer,2016,Casual,Chromozome Men Navy Blue & Grey Pack of 2 Briefs,21
34110,Girls,Red,Summer,2012,Casual,Doodle Girls Printed Red Top,49
55127,Women,Purple,Spring,2017,Casual,Lakme Truewear Color Crush Nail Polish 13,90
19208,Men,Grey,Summer,2011,Casual,United Colors of Benetton Men Check Grey Cap,93
31462,Men,Blue,Summer,2012,Sports,Nike Men Advantage Geometric Blue Jersey,40
49578,Women,Black,Winter,2015,Casual,Catwalk Women Black Catwalk Flats,65
22849,Men,Khaki,Summer,2012,Casual,Woodland Men Khaki Casual Shoes,3
43042,Girls,Pink,Summer,2012,Casual,Gini and Jony Girls Pink Top,49
2365,Women,Pink,Spring,2011,Sports,ADIDAS Pink Women Bag,119
27507,Women,White,Winter,2015,Casual,Jockey White T-shirt Bra SS14,128
13732,Men,Red,Fall,2011,Casual,Belmonte Men Check Red Shirts,67
25634,Women,Black,Summer,2017,Casual,Fastrack Women Black Dial Watch N6035SL02,70
11401,Men,Blue,Fall,2011,Casual,United Colors Of Benetton Men Light Winter Blue Shirts,67
57214,Women,Blue,Fall,2012,Casual,Kraus Jeans Women Blue Shorts,47
33751,Women,White,Summer,2012,Casual,Vero Moda Women White & Pink Top,49
21294,Women,Maroon,Winter,2016,Casual,Celine Dion Women Maroon Frame Sunglasses,113
52766,Women,Black,Fall,2012,Casual,Fiorelli Women Black Leather Handbag,119
36223,Men,White,Summer,2012,Sports,Nike Men Air Quick Handle White & Black Sports Shoes,26
20346,Women,Pink,Fall,2011,Casual,Scullers For Her Women Solid Pink Sweater,155
50031,Men,Grey,Summer,2016,Casual,Hanes Men Grey Relaxed Sports Pants,68
34574,Women,Black,Summer,2012,Casual,Tonga Women Printed Black Top,49
7273,Men,Yellow,Fall,2011,Casual,Batman Men's Logo Distressed Light Yellow T-shirt,40
46154,Women,Green,Winter,2015,Casual,Adrika Women Orange & Green Necklace,151
16624,Men,Grey,Fall,2011,Casual,Probase Men Check Grey Trouser,86
49920,Women,Green,Fall,2012,Ethnic,Fabindia Green Tie & Dye Ghicha Striped Saree,20
28917,Men,Black,Summer,2012,Casual,Cabarelli Men Black Laptop Bag,169
2701,Girls,Yellow,Summer,2011,Casual,Disney Kids Girl's Yellow Daisy Kidswear,49
54491,Women,Green,Summer,2012,Casual,Lino Perros Women Green Handbag,119
13356,Women,Silver,Fall,2011,Casual,Timberland Women Femmes Silver Casual Shoes,3
12284,Men,Maroon,Winter,2011,Casual,Genesis Maroon Casual Shirt,67
55543,Women,Blue,Spring,2017,Casual,Revlon Totally Turquoise 03 Eyeliner,51
13958,Women,Grey,Summer,2011,Casual,United Colors of Benetton Women Solid Grey Tops,49
34746,Men,White,Summer,2012,Casual,Puma Men Match Classics White Shoes,3
50203,Women,Purple,Winter,2016,Casual,Stoln Women Purple Sunglasses,113
8835,Men,Green,Summer,2011,Formal,Scullers Men Scul Green Trousers,86
16416,Men,Grey,Fall,2011,Casual,Levi's Men Stripes Grey Tshirts,40
22623,Men,Grey,Fall,2011,Sports,Nike Men Solid Grey T-shirt,40
35694,Men,Blue,Summer,2012,Casual,Nike Men Dunk Low Blue Shoes,3
7041,Men,Black,Summer,2011,Casual,Numero Uno Black Men's Shoe,3
13164,Men,Black,Fall,2011,Sports,Skechers Men Diamondback Black Sports Shoes,26
43614,Women,Pink,Summer,2012,Casual,Vero Moda Women Pink Tunic,148
31234,Men,Blue,Summer,2012,Casual,Puma Men Blue Striped Polo T-shirt,40
26283,Men,Purple,Summer,2012,Casual,Proline Men Purple T-shirt with Printed Detail,40
25406,Men,White,Summer,2012,Sports,Nike Men White T-shirt,40
59980,Women,Black,Fall,2012,Casual,Avirate Black & Cream Dress,166
39059,Men,Blue,Summer,2012,Formal,Belmonte Men Blue Button Cover,60
33563,Women,Yellow,Summer,2012,Casual,Wrangler Women Butterfly Yellow T-shirt,40
58852,Men,Black,Summer,2017,Casual,Hakashi Men Black Cufflinks,60
40091,Men,White,Summer,2012,Casual,ADIDAS Men White T-shirt,40
20948,Men,Black,Fall,2011,Casual,ADIDAS Men Adi Neo Tread Black Flip Flops,81
57026,Men,Olive,Summer,2016,Casual,Jockey MC Men Olive Rio Briefs 8033,21
52554,Women,Blue,Summer,2012,Casual,Pepe Jeans Women Blue Jeans,18
15293,Unisex,Blue,Fall,2011,Casual,ADIDAS Originals Unisex ST Airline Blue Bags,119
39865,Boys,Red,Summer,2012,Casual,Gini and Jony Boys Polo Red T-Shirt,40
14341,Women,Green,Summer,2012,Casual,Nike Women Snapper Green Flip Flops,81
53486,Women,Black,Winter,2015,Sports,Amante Black Sports Bra BCST11,128
20174,Men,Green,Fall,2011,Casual,Wrangler Men Dark Green Check Shirt,67
5716,Men,Red,Summer,2011,Casual,Basics Men Red T-shirt,40
41385,Women,Green,Summer,2012,Casual,Wrangler Women Green Candy Shirt,67
15869,Girls,Pink,Fall,2011,Casual,Warner Bros Kids Girls TJ Playlogs Pink Sandals,157
56332,Women,Silver,Winter,2016,Casual,Fastrack Women Silver Dial Watch,70
24712,Men,Black,Fall,2011,Casual,Puma Men Mid Bas Black Casual Shoes,3
21260,Unisex,Brown,Fall,2011,Casual,Skybags Unisex Brown Backpack,64
15055,Men,Brown,Summer,2013,Formal,Franco Leone Men Brown Formal Shoe,23
52792,Men,Black,Summer,2012,Casual,JAG Men Black Leather Wallet,170
45725,Women,Blue,Summer,2012,Ethnic,Folklore Women Blue Kurta,87
4402,Men,Black,Summer,2011,Casual,Billy Idol Men's Faceless Black T-shirt,40
37305,Men,Black,Summer,2017,Casual,Casio Youth Series Men Analog-Digital Watch AQ-S800W-1BVDFAD168,70
53640,Men,Black,Summer,2012,Casual,ADIDAS Men Black Shoes,3
23537,Men,Brown,Spring,2017,Casual,Dunhill Men EDT Perfume,38
48806,Men,Steel,Summer,2012,Casual,Revv Men Steel Pendant,129
17702,Unisex,Yellow,Fall,2011,Casual,Vans unisex Authentic Yellow Casual Shoes,3
47072,Women,Navy Blue,Fall,2012,Ethnic,Shree Women Navy Blue Printed Patiala,56
34580,Women,Black,Summer,2012,Casual,Tonga Women Black Top,49
7287,Men,Red,Summer,2011,Casual,DC Comics Men's Flash Flock Logo Dark Red T-shirt,40
35452,Boys,White,Summer,2012,Casual,Doodle Boys Printed White T-shirt,40
26879,Women,Blue,Summer,2012,Casual,Jealous 21 Women Printed Blue Top,49
27197,Women,Pink,Summer,2012,Casual,Doodle Kids Girl Pink Dress,166
26045,Men,Purple,Summer,2012,Formal,John Miller Men Purple Shirt,67
3627,Men,Black,Summer,2011,Casual,Puma Men Argon Black Sandal,157
29831,Men,Purple,Summer,2012,Casual,Basics Men Purple Shirt,67
47240,Men,Purple,Summer,2012,Casual,Playboy Men Purple Casual Shoes,3
6167,Men,Black,Summer,2011,Casual,ADIDAS Men's Tread Black Flip Flop,81
23705,Men,Black,Winter,2016,Casual,Ray-Ban Men Black & Blue Sunglasses,113
17530,Unisex,White,Fall,2011,Sports,ADIDAS Unisex Sports White Caps,93
9913,Unisex,Black,Fall,2011,Casual,Puma Unisex Dizzy Shopper Black Bags,119
51325,Unisex,Black,Summer,2015,Casual,Wildcraft Unisex Black & Grey Checked Bishop Sling Bag,119
35660,Men,Black,Summer,2012,Casual,U.S. Polo Assn. Men Black Shoes,3
46392,Men,Black,Summer,2012,Casual,ADIDAS Men Black Printed T-shirt,40
18578,Women,Black,Fall,2011,Casual,Puma Women Black Sweatshirt,16
13190,Men,White,Summer,2012,Sports,Fila Men Dls Game White Sports Shoes,26
54657,Women,Black,Winter,2016,Casual,Fastrack Women Black Dial Watch,70
48208,Men,Brown,Winter,2016,Casual,United Colors of Benetton Men Brown Sunglasses,113
30312,Men,Red,Summer,2012,Casual,Myntra Men Viva Las Vegas Red T-shirt,40
3415,Men,White,Summer,2011,Casual,Myntra Men's Octopus White T-shirt,40
42732,Women,Silver,Winter,2012,Casual,Rocia Women Silver Sandals,83
7889,Men,Grey,Fall,2011,Casual,Proline Men Grey Track Pants,12
55785,Men,Navy Blue,Spring,2014,Casual,Converse Men Navy Casual Shoes,3
12042,Men,Blue,Fall,2011,Formal,Mark Taylor Men Blue Striped Shirts,67
26277,Men,Blue,Summer,2012,Casual,Proline Men Blue Polo T-shirt,40
56100,Women,Purple,Spring,2017,Casual,Colorbar Star Winter Plum Lip Gloss 04,59
32445,Men,Black,Winter,2014,Sports,Adidas Men Black Shorts,47
59974,Women,Black,Fall,2012,Casual,Avirate Black & White Dress,166
40065,Men,Orange,Summer,2010,Sports,ADIDAS Men Orange T-shirt,40
10715,Women,Black,Fall,2011,Casual,Nike Women Training sports bra Black Tops,49
24520,Women,Orange,Fall,2011,Ethnic,Mother Earth Women Orange  Kurta,87
4630,Men,Black,Summer,2011,Casual,ADIDAS Men's Chewang Slides Black Blue Flip Flops,81
39891,Men,Grey,Summer,2012,Casual,ADIDAS Men Grey Neptune Shoes,3
15267,Women,Yellow,Fall,2011,Casual,ADIDAS Originals Women SL 72 Yellow Casual Shoes,3
38943,Boys,White,Summer,2012,Casual,Gini and Jony Boys Check White Shirt,67
20180,Men,Blue,Fall,2011,Casual,Wrangler Men Rodeo Blue Shirt,67
16086,Women,Copper,Winter,2016,Casual,Mayhem Women Rectangular Sunglasses 9007-203,113
51741,Men,Grey,Summer,2012,Sports,Force 10 Men Grey Sports Shoes,26
35204,Unisex,Black,Summer,2015,Casual,Wildcraft Unisex Black Backpack,64
47624,Women,Maroon,Fall,2014,Casual,Portia Women Maroon Flats,65
6503,Men,Black,Winter,2018,Formal,Red Tape Men Black Shoes,23
18920,Men,Purple,Fall,2011,Casual,Levis Men Work Western Purple Shirt,67
28789,Men,White,Summer,2012,Casual,Denizen Men White Shirt,67
50693,Men,Navy Blue,Summer,2016,Casual,Chromozome Men Navy Blue Trunks,106
17154,Men,Navy Blue,Winter,2016,Casual,U.S. Polo Assn. Men Solid Navy Blue Jacket,145
3071,Women,Blue,Summer,2011,Casual,Tantra Women's Shlokas Blue T-shirt,40
8499,Women,Pink,Fall,2011,Casual,Forever New Women Blossom  Pink Printed Skirt,111
12426,Men,Brown,Fall,2011,Casual,Timberland Men Casual Brown Casual Shoes,3
26613,Men,Grey,Summer,2012,Sports,Puma Men Complete Itana 2 Grey Sports Shoes,26
17968,Men,Black,Fall,2011,Casual,Puma Men Splash Black Slipper,81
30776,Men,Maroon,Summer,2012,Ethnic,Fabindia Men Maroon Ajrak Printed Kurti,115
10371,Men,Black,Fall,2011,Casual,United Colors of Benetton Men Printed Black Sweatshirt,16
24144,Men,Blue,Spring,2012,Casual,ADIDAS Men Blue Printed T-shirt,40
56564,Women,Pink,Spring,2017,NA,Streetwear Bashful Lip Gloss 41,59
53016,Women,Blue,Fall,2012,Ethnic,FNF Blue Sari,20
5386,Unisex,Black,Summer,2011,Sports,Kalenji Kapteren 50 Black Blue,26
45173,Men,Black,Winter,2016,Casual,CASIO ENTICER Men Black Dial Analogue Watch A576,70
4254,Men,Black,Summer,2011,Casual,Inkfruit Men's Rastra Black T-shirt,40
36481,Men,Black,Summer,2012,Casual,Spinn Men Black Elevate Shoes,3
21436,Women,Pink,Winter,2012,Casual,Roxy Women Pink Backpack,64
15603,Men,Black,Fall,2011,Sports,Nike Men Football Soccer Black Jackets,145
5988,Men,Pink,Summer,2011,Casual,Locomotive Men Pink Checked Shirt,67
10143,Men,Brown,Fall,2011,Formal,Rockport Men Moc Front Brown Formal Shoes,23
24376,Women,Brown,Fall,2011,Ethnic,Folklore Women Brown  Kurta,87
40633,Women,Purple,Summer,2012,Ethnic,Span Women Purple Kurta,87
11091,Men,Red,Fall,2011,Casual,Scullers Men Red Check Shirt,67
37761,Men,Green,Summer,2012,Casual,John Players Men Check Green Shirt,67
44293,Men,Blue,Summer,2012,Casual,Indian Terrain Men Blue Check Shirt,67
45341,Women,Beige,Summer,2016,Casual,Cobblerz Women Beige & Green Sandals,65
4066,Men,Black,Summer,2011,Casual,Crocs Men's Tideline Canvas Black Shoe,3
35036,Women,Magenta,Summer,2012,Ethnic,Fabindia Women Magenta Churidar,69
51573,Women,Silver,Winter,2016,Casual,Fastrack Women Sliver Dial Watch,70
22081,Women,Sea Green,Fall,2011,Ethnic,Vishudh Women Sea Green Floral Printed Kurta,87
42958,Men,Brown,Summer,2012,Casual,French Connection Men Brown Belt,9
23153,Men,Black,Fall,2011,Casual,Mark Taylor Men Black Printed T-shirt,40
17366,Men,Blue,Fall,2011,Formal,Arrow Men Formal Blue Tie+Cufflink+Pocket square - Combo Pack,156
47416,Women,Teal,Fall,2012,Casual,Baggit Women Teal Sling Bag,119
6731,Men,Black,Summer,2011,Sports,Puma Men's Bolt Faas 300 Black Blue Shoe,26
12614,Men,White,Fall,2011,Casual,Ed Hardy Men Printed White Tshirts,40
3243,Men,Black,Fall,2010,Sports,Puma Men's Future Cat Black Shoe,26
42164,Men,Green,Summer,2012,Casual,Status Quo Men Green T-shirt,40
30544,Unisex,Black,Summer,2012,Sports,Nike Unisex Pack of 3 Socks,75
2391,Men,Black,Winter,2018,Formal,Red Tape Men Formal Black Shoe,23
9779,Men,Navy Blue,Fall,2011,Casual,ADIDAS Men Cress 3spespt Navy Blue Track Pants,12
30924,Women,Beige,Summer,2012,Ethnic,Fabindia Women Printed Beige Ghera Skirt,111
29035,Men,Grey,Summer,2012,Casual,ADIDAS Men Game Grey T-shirt,40
46198,Women,Maroon,Winter,2015,Casual,Adrika Marron Teracotta Jewellery Set,142
18772,Men,Maroon,Summer,2011,Formal,Peter England Men Elite Maroon Tie,132
30118,Men,Navy Blue,Summer,2012,Casual,Flying Machine Men Printed Navy Blue T-shirt,40
51913,Women,White,Summer,2016,Casual,Nyk Women White Sling Bag,119
42538,Women,Maroon,Summer,2012,Ethnic,Mother Earth Women Maroon Kurta,87
15851,Unisex,Red,Fall,2011,Casual,Warner Bros Kids Unisex TJ Playlogs Red Sandals,157
38375,Men,Brown,Summer,2012,Casual,Peter England Men Brown Belt,9
14983,Men,Maroon,Fall,2011,Formal,Arrow Men Stripes Maroon Slim Fit Shirt,67
21258,Unisex,Grey,Fall,2011,Casual,Skybags Unisex Grey Printed Backpack,64
59342,Men,Brown,Summer,2012,Casual,Gliders Men Brown Shoes,3
53678,Women,Pink,Summer,2012,Casual,Kiara Women Pink Handbag,119
56138,Women,Pink,Spring,2017,Casual,Colorbar Expensive Pink Eye Shadow 005,76
37933,Women,Pink,Summer,2012,Casual,Mineral Women Pink Top,49
24518,Women,Purple,Fall,2011,Ethnic,Mother Earth Women Purple Printed Kurta,87
38147,Unisex,Black,Summer,2015,Casual,Vital Gear Unisex Techno Black Backpack,64
20984,Men,Black,Winter,2016,Casual,Fastrack Men Leatherette Black Belt,9
4608,Unisex,Red,Winter,2015,Casual,Wildcraft Wiki 4 Unisex Red Backpack,64
56904,Women,Blue,Winter,2012,Casual,HM Women Blue Flats,65
17508,Men,Grey,Fall,2011,Casual,Classic Polo Men Stripes Grey Polo T-Shirt,40
47278,Men,Black,Summer,2012,Formal,Franco Leone Men Black Formal Shoes,23
13994,Men,Black,Fall,2011,Sports,Nike Men Solid Black Jackets,145
12846,Boys,Grey,Fall,2011,Casual,Ant Kids Boys Rock Grey Tshirts,40
35658,Men,Black,Summer,2012,Casual,U.S. Polo Assn. Men Black Shoes,3
29207,Men,White,Summer,2013,Sports,Fila Men White Socks,75
48230,Men,Black,Winter,2016,Casual,United Colors of Benetton Men Black Sunglasses,113
9117,Unisex,Black,Fall,2011,Sports,Puma Unisex Axis Black Sports Shoes,26
6963,Men,Purple,Summer,2011,Casual,s.Oliver Men's All You Need Purple T-shirt,40
18540,Women,Black,Winter,2015,Casual,Catwalk Women Black Heels,65
19492,Men,Grey,Summer,2016,Casual,Levis Men Jazz Stripes Grey Trunks,106
53812,Women,Black,Fall,2012,Ethnic,Ayaany Women Black Patiala Kurta Set,109
38523,Men,Black,Summer,2012,Casual,Puma Men Black Surge Shoes,3
45977,Women,Yellow,Summer,2012,Casual,Tokyo Talkies Women Yellow Printed Top,49
24940,Boys,Black,Summer,2012,Casual,United Colors of Benetton Kids Boys Black Printed T-shirt,40
44099,Men,Black,Spring,2017,Casual,Baldessarini Men Private Affairs 50 ml Perfume,38
59514,Women,Silver,Summer,2015,Casual,Lucera Silver Pendant With Chain,129
25892,Women,Black,Summer,2012,Casual,Femella Women Black Spaghetti Top,49
51779,Women,Green,Summer,2016,Casual,Bwitch Women Green Brief,21
3875,Men,Grey,Summer,2011,Casual,Wrangler Men's Trademark Washed Grey T-shirt,40
18918,Men,Grey,Fall,2011,Casual,Levis Men Denim Grey Shirt,67
16882,Women,Black,Winter,2016,Casual,Police Women Casual Black Sunglasses,113
3049,Men,Black,Summer,2011,Casual,Tantra Men's Rupee Black T-shirt,40
49786,Women,Black,Summer,2012,Casual,Little Miss Intimates Black & White Pyjama Set,146
17950,Unisex,Black,Fall,2011,Sports,Nike Unisex Swoosh Black Bandana,93
9573,Women,Purple,Fall,2011,Casual,Puma Women Fitness Large Hobo Purple Backpacks,64
42960,Men,Black,Summer,2012,Formal,French Connection Men Black Belt,9
29451,Men,White,Winter,2016,Casual,Giordano Men White Dial Watch,70
6709,Unisex,White,Fall,2012,Casual,Puma Unisex Wirko White Red Shoes,3
54805,Women,Red,Summer,2012,Casual,Ivory Tag Plaided Medley Red Handbag,119
28583,Men,Black,Winter,2016,Casual,ADIDAS Originals Men Black Watch ADH2659,70
50499,Men,Grey Melange,Summer,2016,Casual,Chromozome Men Grey Melange Innerwear Vest,13
8693,Women,Brown,Winter,2016,Casual,Fastrack Women FT Girl Brown Sunglasses,113
22885,Men,Khaki,Winter,2015,Casual,Woodland Men Khaki Casual Sandals,157
26419,Men,Green,Summer,2012,Casual,Turtle Men Check Green Shirt,67
18316,Men,Green,Summer,2011,Casual,Wills Lifestyle Men Check Green Shirt,67
23957,Men,Blue,Fall,2011,Casual,Provogue Men Blue Shirt,67
48466,Women,Black,Winter,2011,Party,French Connection Women Black Dress,166
4862,Men,Blue,Summer,2011,Sports,ADIDAS Men Chelsea Home Blue Jersey,40
37759,Men,Grey,Summer,2012,Casual,John Players Men Stripes Grey Shirt,67
45379,Women,White,Spring,2013,Casual,Rocia Women White & Brown Sandals,83
11895,Men,Black,Fall,2011,Formal,Franco Leone Men Formal Black Formal Shoes,23
59726,Women,Purple,Summer,2014,Casual,Avirate Purple & Black Bra,128
15409,Men,Black,Summer,2012,Casual,Fila Men Cage Black Slippers,157
24188,Unisex,Red,Summer,2012,Casual,Converse Unisex Chuck Taylor All Stars Red Casual Shoes,3
44851,Men,Red,Summer,2012,Casual,Puma Men Red Ferrari T-shirt,40
52934,Women,Green,Summer,2012,Ethnic,FNF Green Sari,20
39405,Men,Lavender,Summer,2014,Smart Casual,U.S. Polo Assn. Men Lavender & White Striped Linen Tailored Fit Smart Casual Shirt,67
45983,Women,Blue,Summer,2012,Casual,Tokyo Talkies Women Blue Printed Top,49
33903,Men,White,Summer,2017,Casual,Citizen Men White Dial Watch,70
20528,Women,Blue,Winter,2015,Casual,Baggit Women Kool Excel Blue Handbag,119
52108,Women,White,Summer,2012,Ethnic,Myntra Women White Floral Printed Kurta,87
25866,Unisex,Blue,Winter,2015,Casual,American Tourister Unisex Blue Backpack,64
4298,Men,Green,Summer,2011,Casual,Tantra Men's Budwiser Aqua Green T-shirt,40
3881,Men,Navy Blue,Summer,2011,Casual,Wrangler Men's Wrangler Flag Navy T-shirt,40
28745,Women,Orange,Summer,2012,Ethnic,Aurelia Women Printed Orange Kurta,87
2953,Women,Yellow,Fall,2010,Casual,DUSG Women Rishikesh Organic Wheat Capri,61
17198,Men,Black,Winter,2016,Casual,U.S. Polo Assn. Men Solid Black Sweater,155
8455,Women,Pink,Fall,2011,Casual,Jealous 21 Women Jealous Ran Pink Top Pink Tops,49
16876,Men,Brown,Winter,2016,Casual,Idee Men Funky Eyewear Brown Sunglasses,113
31668,Men,Grey,Summer,2012,Casual,Spykar Men Grey Jeans,18
49772,Women,White,Summer,2012,Ethnic,Alma Women White Kurta,87
9587,Unisex,Yellow,Fall,2011,Casual,Puma Unisex Yellow Sling Bag,119
13538,Men,Black,Winter,2012,Casual,Carlton London Men Casual Black Casual Shoes,3
16278,Men,Grey,Fall,2011,Casual,Pink Floyd Men Pink Floyd Grey Sweatshirts,16
42994,Women,Purple,Summer,2012,Sports,Nike Women Purple Air Max Sports Shoes,26
55923,Women,Magenta,Spring,2017,Casual,Colorbar Blooming Magenta Nail Lacquer 52,90
46508,Men,Gold,Winter,2016,Formal,Timex Men White Dial Chronograph Watch,70
34128,Men,Black,Summer,2012,Formal,Turtle Men Reversible Leather Black Belt,9
43846,Women,Gold,Summer,2012,Ethnic,Royal Diadem Purple Earrings,143
28577,Men,White,Winter,2016,Casual,ADIDAS Originals Men White Dial Chronograph Watch ADH2624,70
8667,Men,Brown,Winter,2016,Casual,Fastrack Men Gradient Bikers Sunglasses P148BR2,113
22871,Men,Khaki,Summer,2012,Casual,Woodland Men Khaki Casual Shoes,3
49540,Women,Beige,Summer,2012,Casual,Rocia Women Beige Handbag,119
19230,Men,Blue,Summer,2011,Formal,United Colors of Benetton Men Check Blue Tie,132
34914,Women,Olive,Summer,2012,Ethnic,Fabindia Printed Olive Dupatta,6
48492,Women,Beige,Winter,2011,Casual,French Connection Women Beige Top,49
30588,Men,Blue,Summer,2012,Casual,Nike Men Club Pique Polo Blue T-shirt,40
5944,Women,White,Summer,2011,Casual,ADIDAS Women Derby White Shoe,3
25268,Women,Red,Summer,2012,Casual,Lino Perros Women Red & Grey Checks Handbag,119
4896,Women,Yellow,Summer,2011,Casual,Levis Kids Girl's Diane Yellow Teens Kidswear,49
39637,Men,White,Summer,2012,Sports,Lotto Men White Sports Shoes,26
58600,Women,Pink,Winter,2016,Casual,ToniQ Women Pink Hair Accessories,89
5178,Men,Navy Blue,Summer,2011,Casual,Rolling Stone Men's The Rolling Stones Navy T-shirt,40
11861,Men,Brown,Fall,2012,Casual,Playboy Men Casual Brown Slippers,81
27967,Men,Green,Summer,2016,Casual,Jockey SP-OW Men Green Innerwear Vest SP11,13
6399,Men,Black,Summer,2011,Casual,Lotto Men Rebel Black Grey Floater,157
28113,Men,Charcoal,Summer,2016,Casual,Jockey COMFORT PLUS Men Comfort Plus Charcoal Trunks 8015,106
50009,Women,Grey,Winter,2015,Sports,Hanes Women Grey Cotton Stretch Moulded Contour Bra,128
49918,Women,Brown,Fall,2012,Ethnic,Fabindia Brown Printed Ajrakh Dhonekhali Saree,20
18786,Men,Black,Summer,2009,Casual,Peter England Men Elements Black Wallet,170
50835,Men,Brown,Summer,2012,Formal,New Hide Men Brown Belt,9
49124,Women,Pink,Spring,2017,Casual,Deborah Pink Light Creator Shine Volume 9 Lipstick,98
19654,Women,Black,Summer,2011,Casual,United Colors of Benetton Women Printed Black Tshirt,40
46950,Women,Red,Spring,2017,Casual,York Women Hypnose Perfume,38
11439,Women,Navy Blue,Fall,2011,Casual,United Colors of Benetton Women Solid Navy Blue Top,49
41349,Men,Blue,Spring,2013,Casual,Wrangler Men Blue Skanders Jeans,18
39253,Men,Rust,Winter,2018,Casual,Red Chief Men Rust Casual  Shoes,3
14977,Men,Black,Fall,2011,Formal,New Hide Men Solid Black Belts,9
33769,Men,Brown,Summer,2012,Casual,ADIDAS Neo Men Utility Deck Brown Shoes,3
38381,Men,Brown,Summer,2012,Casual,Peter England Men Brown Belt,9
15099,Women,Green,Fall,2011,Ethnic,Mother Earth Women Printed Green Kurtas,87
58264,Women,Beige,Summer,2012,Casual,Baggit Women Beige Handbag,119
36815,Women,Green,Summer,2012,Ethnic,Vishudh Women Olive Vishudh Kurta,87
14379,Women,Beige,Winter,2015,Casual,Catwalk Women Casual Beige Heels,65
28321,Men,Black,Winter,2018,Casual,Red Tape Men Casual Black Sandals,157
13960,Women,Grey,Fall,2011,Casual,Jealous 21 Women Stripes Grey Tops,49
7079,Unisex,Blue,Winter,2015,Casual,Wildcraft Unisex Blue Duffle Bag,37
27369,Men,Blue,Fall,2011,Casual,Tantra Men Hippy Blue T-shirt,40
6997,Men,White,Summer,2011,Casual,s.Oliver Men's De-Nim White T-shirt,40
19466,Men,Red,Fall,2011,Casual,Quiksilver Men Red Check Shirt,67
7845,Men,Black,Fall,2011,Sports,Puma Men's Allegra Mid Black Silver Shoe,26
40634,Women,Red,Summer,2012,Ethnic,Span Women Red Kurta,87
24371,Women,Maroon,Fall,2011,Ethnic,Folklore Women Maroon Printed Kurta,87
10144,Men,Brown,Fall,2011,Casual,Rockport Men Drsp Wingtip Brown Casual Shoes,3
57683,Women,Yellow,Spring,2017,Casual,Lotus Herbals Aloe Soft Body Lotion,133
11096,Women,Purple,Fall,2011,Casual,Scullers Women Stripes Purple Sweaters,155
32214,Women,Black,Summer,2012,Ethnic,Fabindia Women Printed Black Kurta,87
37766,Men,Orange,Summer,2012,Casual,John Players Men Check Orange Shirt,67
4061,Men,Yellow,Summer,2011,Casual,Myntra Men's Radio Head Yellow T-shirt,40
45346,Women,White,Summer,2016,Casual,Cobblerz Women White Sandals,65
59719,Women,Blue,Summer,2014,Casual,Avirate Blue Bra,128
15436,Women,Maroon,Fall,2011,Casual,Hidekraft Women Leather Maroon Handbags,119
51574,Men,Black,Winter,2016,Casual,Fastrack Men Black Watch,70
35031,Women,Blue,Summer,2012,Casual,Fabindia Women Blue Stole,84
6736,Men,Black,Winter,2011,Casual,Puma Men Photon Black Floater,157
47411,Women,Purple,Summer,2012,Casual,Baggit Women Purple Bag,119
17361,Men,Purple,Fall,2011,Formal,Arrow Men Formal Purple Tie+Cufflink+Pocket square - Combo Pack,156
23154,Men,Off White,Fall,2011,Casual,Mark Taylor Men Off White Printed T-shirt,40
26426,Women,Bronze,Summer,2012,Casual,Spice Art Women Leatherette Bronze Handbag,119
12613,Men,Black,Fall,2011,Casual,Ed Hardy Men Printed Black Tshirts,40
30543,Unisex,Black,Summer,2012,Sports,Nike Unisex Pack of 3 Socks,75
2396,Men,Black,Winter,2018,Casual,Red Tape Black Men Casual Shoe,3
23968,Men,Purple,Fall,2011,Casual,Peter England Men Purple Casual T-shirt,40
48459,Men,Blue,Summer,2012,Casual,French Connection Men Blue Striped Shorts,47
35203,Unisex,Red,Summer,2015,Casual,Wildcraft Unisex Red & Black Backpack,64
16081,Women,Black,Winter,2016,Casual,Mayhem Women Gradient Sunglasses MAYS-9003-202,113
50694,Men,Blue,Summer,2016,Casual,Chromozome Men Blue Trunks,106
17153,Men,Khaki,Fall,2011,Casual,U.S. Polo Assn. Men Solid Lt.khaki Jacket,145
6504,Men,Blue,Summer,2011,Casual,ADIDAS Men Wind Sky Blue Jacket,145
18927,Men,Purple,Fall,2011,Casual,Levi's Men Flock Print Purple Tshirt,40
47623,Women,Black,Fall,2014,Casual,Portia Women Black Flats,65
26614,Men,Black,Summer,2012,Sports,Puma Men Complete Itana 2 Black Sports Shoes,26
12421,Women,Beige,Fall,2011,Casual,Timberland Women Casual Beige Casual Shoes,3
30771,Men,Rust,Summer,2012,Ethnic,Fabindia Men Rust Tussar Silk Kurta,87
24143,Men,Grey,Spring,2012,Casual,ADIDAS Men Printed Grey T-shirt,40
6194,Men,White,Summer,2011,Casual,UCB Men's Logo Chest white T-shirt,40
10376,Men,Blue,Fall,2011,Casual,United Colors of Benetton Men Printed Blue Tshirts,40
40406,Women,Black,Summer,2012,Casual,Tonga Women Black & Grey Top,49
32026,Men,Grey,Summer,2016,Casual,Playboy Men Multi Coloured Socks,75
56563,Women,Pink,Spring,2017,NA,Streetwear Jelly Lip Gloss 17,59
5381,Women,Purple,Fall,2011,Sports,Quechua Arpenaz 200 L,26
53011,Women,Multi,Fall,2012,Ethnic,FNF Multi Coloured Sari,20
15604,Men,Black,Fall,2011,Sports,Nike Men Bsktbll Black T-Shirts,40
21431,Women,White,Winter,2012,Casual,Roxy Women White Shorts,47
4253,Men,Brown,Summer,2011,Casual,Probase Men's Crack Print Ghost Buster Brown T-shirt,40
36486,Men,Black,Summer,2012,Casual,Spinn Men Newport Black Shoes,3
45174,Men,Black,Winter,2016,Casual,CASIO ENTICER Men Black Dial Analogue Watch A582,70
17537,Men,Yellow,Fall,2011,Formal,Mark Taylor Men Yellow & Blue Striped Shirt,67
9914,Women,Black,Fall,2011,Casual,Puma Women Core Lite Shopper Black Bags,119
23702,Men,Orange,Winter,2016,Casual,Rayban Men Orange New Wayfarer Sunglasses,113
6160,Men,Black,Summer,2011,Casual,Lee Men's Striper Black White T-shirt,40
47247,Men,Blue,Summer,2013,Casual,Playboy Men Blue Canvas Shoes,3
46395,Men,Blue,Summer,2012,Casual,ADIDAS Men Blue & White Check Shirt,67
12879,Men,Black,Spring,2012,Formal,Provogue Men Formal Black Formal Shoes,23
35667,Men,Brown,Summer,2013,Casual,U.S. Polo Assn. Men Brown Flip Flops,81
29238,Men,White,Fall,2013,Sports,ADIDAS Men 22YDS Trainer White Sports Shoes,26
51322,Unisex,Grey,Summer,2015,Casual,Wildcraft Unisex Grey & Black Laptop Backpack,64
30315,Men,Red,Summer,2012,Casual,Myntra Men Red T-shirt,40
9128,Men,Silver,Fall,2011,Sports,Puma Men Bolt Faas 400 Silver Sports Shoes,26
13197,Men,White,Fall,2011,Sports,Puma Men Axis White Sports Shoes,26
54650,Women,Red,Winter,2016,Casual,Fastrack Women White Dial Watch,70
12045,Men,Black,Fall,2011,Casual,Spykar Men Solid Black Shirts,67
3412,Men,Yellow,Summer,2011,Casual,Myntra Mens Hard work never killed anyone T-shirt,40
59973,Women,Navy Blue,Fall,2012,Casual,Avirate Women Navy Blue Dress,166
56107,Women,Red,Spring,2017,Casual,Colorbar Star Metal Assertive Lip Gloss 002,59
24527,Men,Olive,Fall,2011,Casual,Mother Earth Men Olive Shirt,67
10712,Women,Blue,Fall,2011,Casual,Nike Women Casual short sleeve tshirt Blue Tshirts,40
40062,Unisex,Orange,Summer,2012,Casual,ADIDAS Unisex Orange Cap,93
33590,Men,Navy Blue,Summer,2012,Casual,Wrangler Men Urban Folk Polo Navy Blue T-shirt,40
38178,Women,Black,Winter,2016,Casual,Miami Blues Women Sunglasses,113
15260,Women,Black,Fall,2011,Casual,ADIDAS Originals Women Rekapi Black Casual Shoes,3
39896,Women,Blue,Summer,2012,Sports,ADIDAS Women Blue Adi Light Sports Shoes,26
21055,Men,Black,Summer,2011,Casual,Clarks Men Black Vine Call Sandals,157
4637,Women,White,Summer,2011,Sports,ADIDAS Women Phantom Low White Red Grey Shoe,26
20187,Men,Blue,Fall,2011,Casual,Wrangler Men Solid Chambray Blue Shirt,67
38944,Girls,White,Summer,2012,Casual,Gini and Jony Girls Printed White Top,49
53475,Women,Pink,Summer,2017,Casual,Amante Pink Full-Coverage Bra BCSB01,128
56335,Men,Black,Winter,2016,Casual,Fastrack Men Black Watch,70
39298,Men,Brown,Winter,2018,Casual,Red Chief Men Brown Sandals,157
41382,Women,Pink,Summer,2012,Casual,Wrangler Women Blossom Pink Top,49
24715,Men,Navy Blue,Summer,2012,Casual,Puma Men Alizona Navy Blue Flip Flops,81
4405,Men,Black,Summer,2011,Casual,Nirvana Men's Shoulder Fade Black T-shirt,40
15052,Men,Black,Summer,2013,Formal,Franco Leone Men Black Formal Shoe,23
52795,Men,Brown,Summer,2012,Casual,JAG Men Chocolate Brown Leather Wallet,170
37302,Women,Off White,Winter,2016,Casual,Casio Enticer Women Off-White Multi-Dial Watch LTP-2083L-4AVDF(A532),70
6352,Unisex,Navy Blue,Summer,2011,Casual,Crocs Kids Navy Clogs,157
34587,Women,Pink,Summer,2012,Casual,Tonga Women Pink Printed Top,49
47075,Women,Red,Fall,2012,Ethnic,Shree Women Red & Black Patiala,56
17705,Unisex,Black,Fall,2011,Casual,Vans unisex Era Black Casual Shoes,3
48801,Women,Silver,Summer,2015,Casual,Lucera Women Silver Pendant,129
23530,Men,Red,Spring,2017,Casual,DKNY Men Red Delicious Perfume,38
35455,Boys,Blue,Summer,2012,Casual,Doodle Boys Printed Blue T-shirt,40
30127,Men,Green,Summer,2012,Casual,Flying Machine Men Green Polo T-shirt,40
3620,Women,Green,Summer,2011,Casual,Puma Women's Coral Green White Flip Flop,81
26042,Men,White,Summer,2012,Formal,John Miller Men White Shirt,67
12277,Men,Black,Fall,2011,Formal,Genesis Men Stripes Black Shirts,67
50204,Women,Black,Winter,2016,Casual,Stoln Women Black Sunglasses,113
46361,Men,Navy Blue,Summer,2012,Casual,Locomotive Men Navy Blue Check Shirt,67
35693,Men,Navy Blue,Summer,2012,Casual,U.S. Polo Assn. Men Navy Blue Shoes,3
7046,Men,Beige,Summer,2011,Casual,Numero Uno Men's Beige Shoe,3
22624,Men,White,Fall,2011,Sports,Nike Men Solid White T-shirt,40
8832,Men,Grey,Fall,2011,Casual,Spykar Men Rts Grey White Pullover Grey Sweaters,155
16411,Men,Navy Blue,Fall,2011,Casual,Levis Men Check Navy Blue Shirts,67
43613,Men,Blue,Summer,2012,Casual,Angry Birds Men Blue T-shirt,40
13163,Women,Silver,Fall,2011,Sports,Skechers Women Silver Coloured Shoes,26
27356,Men,White,Fall,2011,Casual,Tantra Men 50 Bubbles White T-shirt,40
26284,Men,Yellow,Summer,2012,Casual,Proline Men Yellow T-shirt with Printed Detail,40
19459,Men,Grey,Summer,2012,Casual,Quiksilver Men Basic Grey T-shirt,40
49329,Women,White,Winter,2016,Casual,DKNY Women White Dial Watch NY8284,70
31233,Men,White,Summer,2012,Casual,Puma Men Navy Blue and White Striped Polo neck T-shirt,40
59987,Women,Black,Fall,2012,Casual,Avirate Black Dress,166
41144,Women,Pink,Summer,2012,Casual,Allen Solly Woman Pink Top,49
11634,Men,Black,Winter,2016,Casual,Puma Men Rod Silver Black Watches,70
25401,Men,Red,Summer,2012,Casual,Nike Men Red & Blue FCB Muffler,147
57021,Men,Black,Summer,2016,Casual,Jockey MC Men Black Rio Briefs 8033,21
40096,Men,Blue,Summer,2012,Casual,ADIDAS Men Blue T-shirt,40
58855,Men,Red,Summer,2012,Casual,Hakashi Men Red Cufflinks,60
33564,Women,White,Summer,2012,Casual,Wrangler Women Butterfly White T-shirt,40
39862,Boys,Black,Summer,2012,Casual,Gini and Jony Boys Polo Black T-Shirt,40
52553,Women,Blue,Summer,2012,Casual,Pepe Jeans Women Blue Jeans,18
15294,Unisex,Black,Fall,2011,Casual,ADIDAS Originals Unisex ST Bpack GR Black Backpacks,64
36016,Men,Black,Summer,2012,Formal,OTLS Men Black Leather Belt,9
44436,Men,Grey,Summer,2013,Casual,Gliders Men Grey Shoes,3
20173,Men,Purple,Winter,2011,Casual,Wrangler Men Dark Purple Shirt,67
14346,Men,Black,Fall,2011,Sports,Nike Men Dunk High Black Sports Shoes,26
11406,Men,Blue,Fall,2011,Casual,United Colors Of Benetton Men Light Winter Blue T-Shirts,40
25633,Women,Blue,Winter,2016,Casual,Fastrack Women Silver Dial Watch,70
41376,Women,Blue,Summer,2012,Casual,Wrangler Women Kelly Blue Top,49
14948,Men,Maroon,Fall,2011,Casual,Status Quo Men Stripes Maroon Tshirts,40
33756,Women,Black,Summer,2012,Casual,Vero Moda Women Black Top,49
57213,Women,Blue,Fall,2012,Casual,Kraus Jeans Women Blue Jeggings,41
36224,Men,Black,Summer,2012,Casual,Nike Men Chukka Go Suede Black Shoes,3
21293,Women,Black,Winter,2016,Casual,Celine Dion Women Black Frame Sunglasses,113
20341,Men,Grey,Fall,2011,Casual,Proline Men Solid Grey Sweatshirt,16
44604,Men,Brown,Summer,2012,Formal,Van Heusen Men Brown Wallet,170
34573,Women,White,Summer,2012,Casual,Tonga Women White Top,49
27958,Men,Green,Winter,2016,Casual,Jockey Sport Performance  Men Green Trunks SP04,106
50036,Women,Skin,Winter,2015,Casual,Hanes Women Skin Coloured Ultimate Wirefree Bra 83Z9PG449-004-PL,128
49927,Women,Beige,Fall,2012,Ethnic,Fabindia Beige Hand Printed Sari,20
16623,Men,Brown,Fall,2011,Casual,Probase Men Solid Brown Trouser,86
46153,Women,Brown,Winter,2015,Ethnic,Adrika Brown Necklace,151
54496,Women,Black,Summer,2012,Casual,Lino Perros Women Black Handbag,119
13351,Women,Black,Fall,2011,Casual,Spykar Women Washed Black Jeans,18
27164,Men,Blue,Summer,2012,Formal,Mark Taylor Men Striped Blue Shirt,67
2706,Girls,Pink,Summer,2011,Casual,Disney Kids Girl's Pink Pooh Kidswear,49
28910,Women,White,Summer,2012,Ethnic,BIBA Women White Kurta,87
43421,Men,Navy Blue,Summer,2012,Casual,Spykar Men Navy Blue Jeans,18
55544,Women,Green,Spring,2017,Casual,Revlon Colorstay One-Stroke Defining Glazed Green Eye Pencil,51
24385,Women,Off White,Fall,2011,Ethnic,Folklore Women Off White Printed Kurta,87
57677,Women,White,Spring,2017,Casual,Lotus Herbals Whiteglow Skin Whitening & Brightening Creme,42
11062,Men,Maroon,Fall,2011,Casual,John Miller Men Solid Light Maroon Shirts,67
25257,Women,Tan,Summer,2012,Casual,Lino Perros Women Leatherette Tan Handbag,119
39608,Women,White,Winter,2015,Casual,Catwalk Women White Heels,65
41712,Women,Teal,Winter,2012,Casual,Catwalk Women Teal Wedges,65
14510,Men,Green,Fall,2011,Formal,Mark Taylor Men Aqua Green & White Striped Shirt,67
37792,Men,Blue,Summer,2012,Formal,John Players Men Gingham Blue Shirt,67
5147,Women,Red,Summer,2011,Casual,Wrangler Women Ditsy Polka Red Shirt,67
4095,Men,Black,Summer,2011,Casual,Classic Polo Men's Black With White Stripes T-shirt,40
52305,Women,Blue,Winter,2016,Casual,ToniQ Women Blue Beaded Necklace,151
22072,Women,Green,Fall,2011,Ethnic,Vishudh Women Printed Green Kurta,87
46537,Women,White,Winter,2016,Casual,Timex Women White Dial Watch,70
7610,Men,Brown,Summer,2011,Casual,Wrangler Men Chocolate Canvas Bag,33
34117,Girls,Blue,Summer,2012,Casual,Doodle Girls Washed Blue Shorts,47
17395,Men,Brown,Summer,2016,Casual,Reid & Taylor Men Stripes Brown Socks,75
50452,Men,Blue,Summer,2016,Casual,Chromozome Men Blue & Green Pack of 2 Briefs,21
43879,Men,Beige,Summer,2012,Casual,Puma Men Beige Terrae Mid Africa Shoes,3
28548,Men,White,Summer,2012,Casual,Nike Men White T-shirt,40
42197,Women,Navy Blue,Summer,2012,Casual,Sepia Women Navy Blue Tunic,148
8658,Unisex,Brown,Winter,2016,Casual,Fastrack Unisex Rectangular Sunglasses FTML005GLBR2,113
31465,Men,Blue,Summer,2012,Casual,Nike Men Training Blue T-shirt,40
55120,Women,Pink,Spring,2017,Casual,Lakme Truewear Color Crush Nail Polish 20,90
13735,Men,Green,Fall,2011,Formal,Belmonte Men Stripes Green Shirts,67
27500,Women,Blue,Winter,2015,Casual,Jockey Women Blue Camisole,39
2362,Unisex,Black,Summer,2011,Sports,ADIDAS Black Cap,93
43045,Men,Pink,Summer,2012,Casual,Nike Men Pink Shorts,47
46705,Women,White,Spring,2017,Casual,Rasasi Women Bubbly Gal Perfume,38
19801,Men,Blue,Fall,2011,Casual,U.S. Polo Assn. Men Solid Blue Tshirt,40
7422,Women,White,Summer,2011,Ethnic,W Women Mandarin Neck Full Sleeve White Top,49
22240,Men,Black,Fall,2011,Casual,ID Men Black Casual Shoes,3
16075,Unisex,Black,Fall,2011,Casual,Belkin Unisex Stealth Slip Case Black Laptop Bag,169
50660,Men,Black,Summer,2016,Sports,Chromozome Men Black Lounge Pants,68
34325,Men,Red,Summer,2012,Casual,Myntra Men Street Moving Fusion Red T-shirt,40
3082,Men,Navy Blue,Summer,2011,Casual,Probase Men's Cartoon Navy T-shirt,40
16849,Unisex,Green,Winter,2016,Casual,Idee Unisex Funky Eyewear Green Sunglasses,113
31657,Men,Black,Summer,2012,Casual,Indigo Nation Men Printed Black Shirt,67
2150,Men,White,Spring,2011,Casual,Basics Men Yellow Striped Polo T-shirt,40
30785,Men,Blue,Summer,2012,Ethnic,Fabindia Men Printed Blue Kurta,87
43277,Women,Lavender,Winter,2012,Casual,Murcia Women Lavender Handbag,119
13507,Men,Green,Fall,2011,Casual,Chimp Men Smart Ass Green Tshirts,40
27732,Women,Brown,Winter,2015,Casual,Murcia Women Brown Handbag,119
57445,Women,Pink,Summer,2012,Casual,Angry Birds Women Pink T-shirt,40
10382,Women,Grey,Fall,2011,Casual,United Colors of Benetton Women Grey Top,49
33100,Women,Blue,Winter,2015,Casual,Catwalk Women Blue Flats,65
41520,Men,Blue,Winter,2016,Casual,Basics Men Aviator Sunglasses,113
11250,Men,Blue,Fall,2011,Formal,John Miller Men White Striped Blue Shirt,67
56597,Women,Black,Spring,2017,Casual,Streetwear Stay On Onyx Eye Pencil 03,11
25065,Men,Brown,Winter,2015,Formal,Lino Perros Men Formal Brown Accessory Gift Set,156
44052,Men,Silver,Spring,2017,Casual,Boss Men Collector's Edition Perfume,38
5375,Women,Blue,Summer,2011,Sports,Quechua Jawar 5.0 Lady Blue,26
20517,Women,Brown,Winter,2015,Casual,Baggit Women Turnoff Taj Brown Handbag,119
14722,Women,Black,Fall,2011,Casual,Scullers For Her Women Casual Shirt Black Shirts,67
52137,Women,Black,Summer,2012,Casual,Femella Women Black Polo T-Shirt,40
36472,Women,Green,Summer,2012,Ethnic,Aurelia Women Dobby Green Kurta,87
25859,Unisex,Black,Winter,2015,Casual,American Tourister Unisex Speedair Black Small Laptop Bag,169
16088,Men,Black,Winter,2016,Casual,M tv Men My Fab Eyewear Black Sunglasses,113
3843,Women,Gold,Summer,2011,Casual,Crocs Women Lady Gold Sandal,83
29655,Men,Grey,Summer,2012,Formal,Indigo Nation Men Grey Striped Shirt,67
48662,Women,Silver,Summer,2012,Casual,Lucera Women Silver Earrings,143
17966,Women,White,Fall,2011,Casual,Puma Women Sasha White Casual Shoe,3
30778,Men,Green,Summer,2012,Ethnic,Fabindia Men Khadi Green Kurta,87
9545,Men,Grey,Summer,2011,Sports,Nike Men Grey T-shirt,40
12428,Men,Brown,Fall,2011,Casual,Timberland Men Casual Brown Casual Shoes,3
8497,Women,Cream,Fall,2011,Casual,Forever New Women Cameo Skirt Cream Skirts,111
25098,Men,Brown,Winter,2015,Casual,Lino Perros Men Leather Dark Brown Wallet,170
44893,Men,Grey,Summer,2012,Casual,Puma Men Grey Honeycomb Polo T-shirt,40
53824,Women,Black,Fall,2012,Casual,Ayaanay_Women_New_2013_Tunics_Size_Chart.jpg,148
1728,Unisex,Green,Fall,2010,Sports,Newfeel Unisex Green Sports Shoes,26
21438,Women,Blue,Winter,2012,Casual,Roxy Women Mellow Beanie Blue Cap,93
59522,Women,Silver,Summer,2013,Casual,Lucera Silver Earrings,143
32813,Women,Purple,Winter,2012,Casual,iPanema Women Ritmos Purple Flats,65
5388,Men,Blue,Summer,2011,Sports,Kalenji Kapteren Tr Grey Blue 2010,26
24976,Women,Peach,Summer,2012,Casual,United Colors of Benetton Women Peach Top,49
5986,Men,Black,Summer,2011,Casual,Locomotive Men Black Pink Checked Shirt,67
24378,Women,Red,Fall,2011,Ethnic,Folklore Women Red  Kurta,87
4068,Men,Brown,Summer,2011,Casual,Crocs Men's Tideline Canvas Khaki Shoe,3
59710,Women,Orange,Summer,2014,Casual,Avirate Orange Brief,21
47418,Women,Beige,Summer,2012,Casual,Baggit Women Beige Handbag,119
43884,Men,Grey,Summer,2012,Casual,Puma Men Grey Street Jump Shoes,3
17368,Men,Maroon,Fall,2011,Formal,Arrow Men Formal Maroon Tie+Cufflink+Pocket square - Combo Pack,156
29467,Men,Silver,Winter,2016,Casual,Giordano Men Silver Dial Watch,70
42956,Men,Navy Blue,Summer,2012,Casual,French Connection Men Navy Blue & White Belt,9
35038,Women,Pink,Summer,2012,Ethnic,Fabindia Women Printed Pink Kurta,87
18320,Men,Green,Summer,2011,Casual,Wills Lifestyle Men Check Green Shirt,67
48450,Men,Grey,Summer,2012,Casual,French Connection Men Grey T-shirt,40
23961,Men,White,Fall,2011,Casual,Provogue Men Printed White Shirt,67
9777,Men,Black,Fall,2011,Casual,ADIDAS Men Cress 3spespt Black Track Pants,12
49582,Women,Gold,Winter,2015,Casual,Catwalk Women Gold Flats,65
38343,Girls,White,Summer,2012,Casual,Mr. Men Little Miss Girls White Tops,49
39291,Men,Khaki,Winter,2018,Casual,Red Chief Men Khaki Shoes,3
15867,Unisex,Silver,Fall,2011,Casual,Warner Bros Kids Unisex SD Silly Shoe Silver Casual Shoes,3
1942,Men,White,Fall,2010,Casual,Puma Mens Reggae All Night White T-shirt,40
59374,Women,Green,Summer,2012,Ethnic,Vishudh Women Green Printed Kurta,87
51119,Women,Purple,Summer,2012,Ethnic,Satya Paul Purple Saree,144
29003,Men,Black,Summer,2012,Casual,Cabarelli Men Black Backpack,64
7289,Men,Blue,Fall,2011,Casual,Mickey Men's Goofy's Running Royal Blue T-shirt,40
26877,Women,Pink,Summer,2012,Casual,Jealous 21 Women Printed Pink Top,49
23539,Men,White,Fall,2011,Casual,Classic Polo Men White Sweatshirt,16
48808,Men,Steel,Summer,2012,Casual,Revv Men Steel Pendant,129
30912,Women,Blue,Summer,2012,Ethnic,Fabindia Women Blue Solid Kurti,115
3629,Unisex,White,Summer,2011,Casual,Puma Unisex Tropi Cat Graphic White Yellow Flip Flop,81
19696,Men,Grey,Fall,2011,Casual,United Colors of Benetton Men Solid Grey Shirt,67
46992,Women,Multi,Summer,2012,Ethnic,Shree Women Multi Coloured Kurta,87
27199,Women,Grey,Summer,2012,Casual,Doodle Kids Girl Printed Grey Skirt,111
18744,Women,Blue,Fall,2011,Casual,Arrow Woman Cameron Blue Shirt,67
12870,Men,Black,Spring,2012,Casual,Lee Cooper MenCasual Black Shoes,3
29231,Women,Black,Summer,2012,Casual,Puma Women Black Grace Flats,83
6169,Women,Blue,Summer,2011,Casual,ADIDAS Women's Printed Upper Blue Flip Flop,81
7887,Men,Blue,Fall,2011,Casual,Proline Men Blue Track Pants,12
26279,Men,Grey,Summer,2012,Casual,Proline Men Grey Polo T-shirt,40
48206,Men,Black,Winter,2016,Casual,United Colors of Benetton Men Black Sunglasses,113
9121,Men,Brown,Summer,2013,Casual,Puma Men Yacht L Brown Casual Shoes,26
18576,Men,Red,Fall,2011,Casual,Puma Men Riddim Red Tshirt,40
54659,Women,Black,Winter,2016,Casual,Fastrack Women Red Dial Watch,70
37905,Unisex,Gold,Spring,2017,Casual,24 Unisex Gold Perfume,38
38171,Women,Brown,Winter,2016,Casual,Miami Blues Women Brown Sunglasses,113
37139,Men,Pink,Summer,2012,Formal,Wills Lifestyle Men Pink Check Shirt,67
41985,Boys,Yellow,Summer,2012,Casual,Gini and Jony Boys Under The SunYellow T-shirt,40
59146,Women,Black,Fall,2012,Casual,Tiptopp Women Black Sandals,65
15269,Women,Pink,Fall,2011,Casual,ADIDAS Originals Women Concord Round Pink Casual Shoes,3
56932,Women,Metallic,Winter,2012,Casual,HM Women Metallic Flats,65
14941,Men,White,Fall,2011,Casual,Status Quo Men Solid White Shorts,47
15893,Girls,Grey,Winter,2012,Casual,Warner Bros Kids Girls TW Net Face Canvas Grey Casual Shoes,3
39265,Men,Brown,Winter,2018,Formal,Red Chief Men Brown Formal Shoes,23
58252,Women,Olive,Summer,2012,Casual,Baggit Women Olive Wallet,170
20348,Women,Purple,Fall,2011,Casual,Scullers For Her Women Solid Purple Tunic,148
59380,Women,Blue,Summer,2012,Ethnic,Vishudh Women Blue Printed Kurta,87
52768,Women,Black,Fall,2012,Casual,Fiorelli Women Black Leather Handbag,119
31834,Men,Silver,Winter,2016,Casual,Titan Men White Dial Watch,70
26883,Women,Green,Summer,2012,Casual,Jealous 21 Women Printed Green T-shirt,40
27951,Men,Black,Summer,2016,Casual,Jockey SP-IW Men Black Briefs SP01,21
47088,Boys,Blue,Winter,2013,Casual,Kids Ville Boys Blue Flip Flops,81
28125,Men,Black,Summer,2016,Casual,Jockey MODERN CLASSIC Men Black Brief 8035,21
8235,Women,Black,Winter,2016,Casual,Fastrack Women Black Handbag,119
49112,Women,Skin,Spring,2017,Casual,Deborah New Skin Compact Foundation 03,153
19662,Men,Blue,Fall,2011,Casual,United Colors of Benetton Men Printed Blue Sweatshirt,16
46966,Women,Brown,Summer,2012,Casual,Bulchee Women Brown Handbag,119
13358,Women,Brown,Fall,2011,Casual,Timberland Women Femmes Brown Casual Shoes,3
12884,Men,Grey,Fall,2011,Casual,Spykar Men Helmet Grey T-Shirts,40
16418,Men,White,Fall,2011,Casual,Levi's Men Stripes White Tshirts,40
28317,Men,Black,Winter,2018,Formal,Red Tape Men Black Formal Shoes,23
13956,Women,White,Summer,2011,Casual,United Colors of Benetton Women Solid White Tops,49
34748,Women,Black,Summer,2012,Casual,Puma Women Soleil Cat Black Shoes,3
19450,Men,Black,Summer,2012,Casual,Quiksilver Men Black T-shirt,40
7873,Men,Multi,Fall,2011,Casual,Proline Men Multicoloured Striped Polo T-shirt,40
18582,Women,Black,Summer,2011,Casual,Puma Women Pack of 2 Socks,75
57028,Women,Red,Summer,2012,Casual,Forever New Women Red Top,49
38185,Women,Gold,Winter,2016,Casual,Miami Blues Women Sunglasses,113
20946,Men,Blue,Fall,2011,Casual,ADIDAS Men Checks Blue Flip Flops,81
21894,Women,Purple,Fall,2011,Ethnic,BIBA Women sequin Purple Kurta,87
39057,Men,Steel,Summer,2012,Formal,Belmonte Men Steel Button Cover,60
5718,Men,Navy Blue,Summer,2011,Casual,Basics Men Blue T-shirt,40
58060,Women,Sea Green,Fall,2012,Casual,Rreverie Sea Green Earrings,143
53488,Women,Black,Summer,2018,Sports,Amante Black Sports Bra BCST22,128
41971,Girls,Blue,Summer,2012,Casual,Gini and Jony Girls Summer Up Blue Top,49
28773,Women,Green,Summer,2012,Ethnic,Aurelia Women Printed Green Kurti,115
2965,Men,White,Fall,2010,Casual,Puma Men's Excurse White Spectrum Blue Shoe,3
50669,Men,Multi,Summer,2018,Casual,Chromozome Men Assorted Checked Pyjamas S-5264,68
22249,Men,Blue,Fall,2012,Casual,ID Men Blue Casual Sandals,157
2159,Men,Green,Spring,2011,Casual,Basics Men Green Polo T-shirt,40
17992,Women,Black,Summer,2010,Sports,Puma Women Essential Skinny Black Track Pant,68
19034,Women,Blue,Winter,2015,Casual,Catwalk Women Comfort Blue Flats,65
8463,Women,Pink,Fall,2011,Casual,Jealous 21 Women Jealous Paiva Pink Tops,49
16840,Women,Maroon,Winter,2016,Casual,Idee Women Funky Eyewear Maroon Sunglasses,113
49744,Men,Blue,Summer,2012,Casual,Park Avenue Men Blue Tie,132
41529,Men,Brown,Summer,2012,Casual,Basics Men Brown Belt,9
52902,Women,Blue,Fall,2012,Ethnic,FNF Blue Printed Sari,20
11259,Men,Black,Fall,2011,Casual,ADIDAS Men Nba Celtics Black Caps,93
44867,Men,Green,Summer,2012,Casual,Puma Men Green Graphic Story T-shirt,40
33109,Women,Pink,Winter,2015,Casual,Catwalk Women Pink Wedges,65
45189,Women,Black,Winter,2016,Casual,CASIO ENTICER Women Black Dial Analogue Watch A638,70
25850,Women,Red,Summer,2012,Ethnic,Diva Women Printed Red Kurti,115
33935,Men,Turquoise Blue,Summer,2012,Casual,ADIDAS Men Polo Turquoise Blue T-Shirt,40
39601,Women,Black,Winter,2015,Casual,Catwalk Women Black Heels,65
5972,Men,Red,Summer,2011,Casual,Highlander Men Red Black Checked Shirts,67
11857,Men,White,Fall,2011,Casual,Playboy Men Casual White Slippers,81
36649,Women,Turquoise Blue,Summer,2012,Casual,Paridhan Women Turquoise Blue Lace Coin Pouch Wallet,170
14519,Men,White,Fall,2011,Formal,Mark Taylor Men White & Teal Blue Striped Shirt,67
58636,Men,Blue,Fall,2012,Casual,Fila Men Dark Blue Ankle Socks,75
44269,Men,Black,Summer,2012,Formal,Hidekraft Men Black Wallet,170
28541,Men,Grey,Summer,2012,Sports,Nike Men Running Grey T-shirt,40
43870,Women,White,Summer,2012,Casual,Royal Diadem White Earrings,143
51589,Women,Blue,Summer,2012,Casual,Wrangler Women Blue Jeggings,41
29493,Women,White,Winter,2016,Casual,Giordano Women Chronograph White Dial Watch,70
55915,Women,Silver,Spring,2017,Casual,Colorbar Steel Etto Nail Lacquer 64,90
7619,Men,Blue,Summer,2011,Casual,Wrangler Men Light Blue Canvas Cap,93
27509,Women,Red,Fall,2015,Casual,Jockey Red T-shirt Bra SS15,128
34922,Women,Grey,Summer,2012,Ethnic,Fabindia Grey Dupatta,6
9783,Men,White,Fall,2011,Casual,ADIDAS Men Bnce Hop White Tshirts,40
8651,Unisex,Black,Winter,2016,Casual,Fastrack Unisex Summer Sunglasses,113
49576,Women,Beige,Winter,2015,Casual,Catwalk Women Red  Flats,65
22847,Men,Brown,Summer,2016,Casual,Woodland Men Camel Casual Shoes,3
55129,Women,Pink,Spring,2017,Casual,Lakme Truewear Color Crush 11 Nail Polish,90
19206,Men,Black,Summer,2011,Casual,United Colors of Benetton Men Black Cap,93
24511,Women,Pink,Fall,2011,Ethnic,Mother Earth Women Pink Printed Kurta,87
10724,Women,Black,Winter,2015,Casual,Murcia Women Black Black Handbags,119
58897,Men,Black,Summer,2017,Casual,Hakashi Men Black Silk Tie,132
59945,Men,Blue,Summer,2015,Casual,Vans Men Blue Casual Shoes,3
14384,Women,Blue,Winter,2015,Casual,Catwalk Women Casual Blue Flats,65
15256,Women,Black,Fall,2011,Casual,ADIDAS Originals Women Midiru Lite Black Casual Shoes,3
21063,Men,Brown,Summer,2011,Casual,Clarks Men Gofor Action Brown Casual Shoe,3
4601,Unisex,Blue,Winter,2015,Travel,Wildcraft Unisex Blue & Grey Rucksack,108
7084,Unisex,Olive,Winter,2015,Casual,Wildcraft Unisex Olive Green Backpack,64
35651,Men,Brown,Summer,2012,Formal,U.S. Polo Assn. Men Brown Formal Shoes,23
17501,Men,Grey,Fall,2011,Casual,Classic Polo Men Stripes Grey Polo T-Shirt,40
9922,Women,White,Fall,2011,Casual,Puma Women Ferrari LS Shopper White Handbags,119
23734,Women,Brown,Winter,2016,Casual,Ray-Ban Women High Street Brown Sunglasses,113
6156,Men,Black,Summer,2011,Casual,Lee Men's Sheild Black T-shirt,40
47271,Men,Green,Summer,2016,Casual,FCUK Underwear Green Printed Boxers,122
26246,Men,Green,Summer,2012,Casual,Proline Men Green Polo Tshirt,40
12073,Women,Black,Fall,2011,Ethnic,W Women Printed Black Kurtas,87
42703,Women,Black,Winter,2012,Casual,Rocia Women Black & White Sandals,83
3424,Men,Black,Summer,2011,Casual,Myntra Men's All or Nothing at All T-shirt,40
30323,Men,Black,Summer,2012,Casual,Myntra Men Ava Black T-shirt,40
48239,Boys,Navy Blue,Summer,2012,Casual,Avengers Boys Navy Blue Printed T-shirt,40
18549,Women,Purple,Winter,2015,Casual,Catwalk Women  Purple Casual Shoes,83
54666,Men,Steel,Winter,2016,Casual,Fastrack Men Blue Dial  Watch,70
51126,Women,Pink,Summer,2012,Ethnic,Satya Paul Pink Saree,144
26848,Unisex,Cream,Spring,2017,Casual,Calvin Klein Unisex One Perfume,38
35463,Men,Grey,Fall,2012,Casual,Franco Leone Men Grey Shoes,3
47043,Women,Orange,Summer,2012,Ethnic,Shree Women Orange & Pink Jodhpuri Salwar,71
17733,Men,Navy Blue,Summer,2012,Casual,Puma Men MM III Navy Blue Slipper,157
48837,Women,Silver,Summer,2015,Casual,Lucera Women Silver Pendant,129
42531,Women,White,Summer,2012,Ethnic,Mother Earth Women White Kurti,115
29800,Men,Black,Summer,2012,Casual,Basics Men Black & Navy Checked Shirt,67
3616,Men,Black,Summer,2011,Casual,Puma Men Deccan Chargers Woven Black Shirt,67
12241,Men,White,Fall,2011,Formal,Genesis Men Stripes White Shirts,67
55586,Women,Pink,Spring,2017,Casual,Revlon Photo Ready Pink Sculpting Blush Palette 01,117
13393,Men,Green,Summer,2011,Casual,United Colors of Benetton Men Check Green Shirts,67
30111,Men,Green,Summer,2012,Casual,Flying Machine Men Check Green & Brown Shirt,67
40266,Men,Navy Blue,Summer,2012,Casual,Scullers Men Navy Blue Striped T-shirt,40
56303,Women,Rose,Winter,2015,Casual,Biara Women Rose Briefs,21
15858,Unisex,Green,Fall,2011,Casual,Warner Bros Kids Unisex LT Blug Clog Green Sandals,157
32646,Boys,Green,Summer,2012,Sports,Nike Kids Boys Contemporary Athlete Green T-shirt,40
20383,Men,White,Fall,2011,Casual,Spykar Men Solid White Sweater,155
58299,Men,Black,Summer,2016,Sports,Jockey LCESCBRA Men Pack of 3 Socks 2004,75
53671,Women,Orange,Summer,2012,Casual,Kiara Women Orange Handbag,119
37334,Women,White,Winter,2016,Casual,DKNY Women White Dial Watch NY8500,70
4433,Men,White,Summer,2011,Casual,Wrangler Men's Hiker Striper Polo White Navy T-shirt,40
15064,Men,Brown,Summer,2012,Formal,Franco Leone Men Brown Formal Shoes,23
21251,Unisex,Red,Fall,2011,Casual,Skybags Unisex Red Duffle Bag,37
6700,Men,White,Summer,2011,Sports,Nike Men's Nsw Clsc White Blue Socks,75
47427,Women,Purple,Summer,2012,Casual,Baggit Women Purple Auxi Lally Wallet,170
50490,Men,Grey Melange,Winter,2016,Casual,Chromozome Men Grey Trunks,106
23162,Men,Navy Blue,Fall,2011,Casual,Mark Taylor Men Navy Blue Printed T-shirt,40
42969,Women,Brown,Summer,2018,Casual,Amante Brown & Green Swimsuit WCSD03,91
51542,Men,White,Winter,2016,Casual,Fastrack Men White Dial Watch,70
16285,Men,Blue,Fall,2011,Casual,Peter England Men Printed Blue TShirt,40
35007,Women,Rust,Summer,2012,Ethnic,Fabindia Women Printed Rust Stole,84
30575,Men,Blue,Winter,2016,Casual,Opium Men Aviator Blue Sunglass,113
9748,Men,Navy Blue,Fall,2011,Casual,Indian Terrain Men Navy Blue Shirts,67
3272,Men,White,Summer,2011,Casual,Guerrilla Men's God's Sent White T-shirt,40
12625,Men,Orange,Fall,2011,Casual,Probase Men Printed Orange Tshirts,40
25295,Women,Purple,Summer,2012,Casual,Lino Perros Women Sporty Purple Handbag,119
32222,Women,Green,Summer,2012,Ethnic,Fabindia Women Striped Green Kurta,87
40602,Women,Green,Summer,2012,Ethnic,Span Women Green Kurta,87
1525,Unisex,Navy Blue,Fall,2010,Casual,Puma Deck Navy Blue Backpack,64
24347,Women,Green,Fall,2011,Casual,ADIDAS Women Green T-shirt,40
10172,Men,Grey,Fall,2011,Casual,United Colors of Benetton Men Iceland Grey Casual Shoes,3
4057,Men,White,Summer,2011,Casual,Myntra Men's Nobody Says No To Me White T-shirt,40
45370,Women,Brown,Summer,2016,Casual,Cobblerz Women Brown Sandals,65
15400,Men,White,Fall,2011,Sports,FILA Men FILA Runner White Sports Shoes,26
53215,Men,Pink,Summer,2012,Formal,Mark Taylor Men Pink Shirt,67
5185,Men,Black,Summer,2011,Casual,Dark Knight Men's Crew Black T-shirt,40
37750,Men,Blue,Summer,2012,Casual,John Players Men Blue Check Shirt,67
32010,Men,Orange,Summer,2016,Casual,Playboy Men Orange & Black Socks,75
11292,Men,Blue,Summer,2016,Casual,Wrangler Men Blue Millard Jeans,18
56555,Women,Pink,Spring,2017,Casual,Streetwear Stawberry Lip Gloss 47,59
24175,Women,Olive,Fall,2011,Ethnic,Aurelia Women Olive Kurti,115
57487,Men,Brown,Summer,2012,Formal,Lee Cooper Men Brown Shoes,3
10340,Women,Green,Fall,2011,Casual,United Colors of Benetton Women Green Polo T-shirt,40
40430,Women,Grey,Summer,2012,Casual,Tonga Women Grey Dress,166
15632,Women,Black,Summer,2012,Sports,Nike Women AS Regular DF Cotton Black Track Pants,12
21407,Men,White,Fall,2011,Casual,Locomotive Men Printed White T-shirt,40
4265,Women,Pink,Summer,2011,Casual,Jealous 21 Women Plain Pink Top,40
45142,Men,Black,Winter,2016,Casual,Casio Enticer Men Black Dial Analogue Watch MTP-1291D-1A3VDF(A415),70
24949,Women,Peach,Summer,2012,Casual,United Colors of Benetton Women Peach T-shirt,40
44090,Men,Blue,Spring,2017,Casual,Boss Men Collector's Edition Perfume,38
37562,Girls,Green,Summer,2012,Casual,Madagascar3 Infant Boys Light Green Snapsuit Romper,121
53027,Women,Multi,Fall,2012,Ethnic,FNF Multi Coloured Printed Sari,20
17165,Men,Maroon,Fall,2011,Formal,U.S. Polo Assn. Men Maroon & White Check Shirt,67
23350,Men,Multi,Summer,2016,Casual,Crusoe Men Elixir Boxer Assorted Short,122
6532,Women,Pink,Summer,2011,Sports,Nike Women's Border Pink Skirt,111
18911,Men,White,Fall,2011,Sports,ADIDAS Men Vanquish 5 M White Sports Shoes,26
47615,Women,Black,Fall,2014,Casual,Portia Women Black Flats,65
51770,Men,Brown,Summer,2012,Formal,Hidedge Men Brown Belt,9
17959,Women,White,Fall,2011,Casual,Puma Women Trinity White Casual Shoe,3
30747,Men,Cream,Summer,2012,Ethnic,Fabindia Men Striped Cream Cambric Kurta,87
2192,Men,White,Fall,2010,Sports,ADIDAS Men White Short,47
54202,Men,White,Summer,2012,Casual,Highlander Men Grey Shirt,67
26622,Men,Black,Summer,2012,Sports,Puma Men Faas 800 Jam Black Sports Shoes,26
12417,Men,Brown,Fall,2011,Casual,Reid & Taylor Men Casual Brown Wallets,170
31695,Women,Purple,Summer,2012,Ethnic,Folklore Women Printed Purple Kurta,87
34121,Unisex,Black,Summer,2012,Casual,Turtle Unisex Black Laptop Bag,169
50464,Men,Navy Blue,Summer,2016,Casual,Chromozome Men Navy Blue & Grey Pack of 2 Briefs,21
23196,Men,Green,Fall,2011,Casual,Highlander Men Green Check Shirt,67
22044,Women,Green,Fall,2011,Ethnic,Vishudh Women Printed Green Kurta,87
16271,Women,White,Fall,2011,Casual,Tokyo Talkies Women Printed White Top,49
46501,Men,Black,Winter,2016,Casual,Timex Men Black Dial Watch,70
7626,Men,Brown,Summer,2011,Casual,Wrangler Men Brown Leather Belt,9
13703,Men,Black,Fall,2011,Casual,Fila Men Black Gautier Shoes,3
2354,Unisex,Black,Winter,2010,Sports,ADIDAS Black Bounce Unisex Basketball,167
30581,Unisex,Black,Winter,2016,Casual,Ray Ban Unisex Black Sunglass,113
43073,Men,Blue,Summer,2012,Casual,Nike Men Blue Odi Game Day Cap,93
49549,Women,Green,Summer,2012,Casual,Rocia Women Green Clutch,50
22878,Men,Khaki,Summer,2012,Casual,Woodland Men Khaki Casual Shoes,3
3286,Men,Black,Summer,2011,Casual,Guerrilla Men's Madagascar Black T-shirt,40
31453,Women,Black,Summer,2012,Sports,Nike Women Tennis Black T-shirt,40
55116,Women,Skin,Spring,2017,Casual,Lakme Absolute Mattreal Beige Honey Skin Natural Mousse 05,153
19239,Men,Black,Fall,2011,Casual,Puma Men Standpunkt Classic Black Casual Shoes,3
11054,Men,Blue,Fall,2011,Casual,Scullers Men Check Blue Shirts,67
25261,Women,Beige,Summer,2012,Casual,Lino Perros Women Canvas Beige Handbag,119
41724,Women,Olive,Summer,2012,Casual,Catwalk Women Olive Heels,65
33304,Boys,Yellow,Summer,2012,Casual,Gini and Jony Boys Pack of 2 T-shirts,40
10186,Men,Black,Fall,2011,Casual,Indigo Nation Men Black & Blue Stripe Shirt,67
11868,Men,Black,Fall,2011,Casual,Franco Leone Men Casual Black Sandals,157
36676,Women,Red,Summer,2012,Casual,Paridhan Women Red Handbag,119
45384,Women,White,Winter,2012,Casual,Rocia Women White & Silver Sandals,83
52333,Women,Black,Winter,2016,Casual,ToniQ Women Black Clutch,50
20713,Men,Black,Winter,2018,Casual,Redtape Men Margate Black Casual Shoe,3
14526,Men,Blue,Fall,2011,Formal,Mark Taylor Men Aqua Blue & White Grey Striped Shirt,67
58609,Women,Gold,Winter,2016,Casual,ToniQ Women Gold Earrings,143
5171,Women,Red,Summer,2011,Casual,Wrangler Women's Short Placket Red Tops,49
11266,Men,Beige,Fall,2011,Casual,Indigo Nation Men Pv Plan(Mix & Max) Greyish Brown Trousers,86
25053,Men,Brown,Winter,2015,Formal,Lino Perros Men Formal Brown Accessory Gift Set,156
24181,Unisex,Black,Summer,2012,Casual,Converse Unisex Black Casual Shoes,3
44858,Men,Red,Summer,2012,Casual,Puma Men Red T-shirt,40
33136,Women,Brown,Winter,2015,Casual,Catwalk Women Brown Heels,65
52101,Women,White,Summer,2012,Ethnic,Myntra Women White Printed Kurta,87
36444,Men,White,Spring,2013,Casual,Spinn Men Gen X White Shoes,3
37596,Boys,Navy Blue,Summer,2012,Casual,Madagascar3 Boys Navy Blue Printed T-Shirt,40
5343,Women,Blue,Winter,2015,Casual,Skechers Women Blue Teal Shoe,3
20521,Women,Brown,Winter,2015,Casual,Baggit Women Brown Map Taj Handbag,119
14714,Men,Navy Blue,Fall,2011,Formal,Genesis Men Solid Navy Blue Trousers,86
50656,Men,Navy Blue,Winter,2016,Sports,Chromozome Men Navy Blue Lounge Shorts,19
17191,Men,Blue,Winter,2016,Casual,U.S. Polo Assn. Men Checks  Blue Shirt,67
34313,Women,Magenta,Summer,2012,Ethnic,Fabindia Women Magenta Silk & Wool Ekko Stole,84
46733,Girls,Navy Blue,Summer,2012,Casual,Gini and Jony Girls Navy Blue Capris,61
19837,Men,Green,Fall,2011,Casual,U.S. Polo Assn. Men Check Green Shirt,67
7414,Women,Black,Summer,2011,Ethnic,W Women V Neck Sleeve Black Kurta,87
22276,Women,Black,Winter,2012,Casual,Inc.5 Women Black Casual Heels,65
3888,Men,Grey,Summer,2011,Casual,Wrangler Men's Racing Big Print Grey T-shirt,40
16043,Men,Blue,Fall,2011,Casual,Highlander Men Check Blue Shirt,67
51784,Women,Beige,Summer,2016,Casual,Bwitch Women Caramel Bra,128
2166,Men,Blue,Summer,2011,Casual,Probase Men Check Orange Shirt,67
43241,Men,Grey,Summer,2012,Sports,Reebok Men Grey Swift Chase Sports Shoes,26
13531,Men,Black,Fall,2011,Casual,Scullers Red Stripe Muffler,147
27704,Women,Purple,Winter,2015,Casual,Murcia Women Purple Handbag,119
55324,Women,Brown,Spring,2017,Casual,Revlon Color 'N Care Medium Brown 5N Hair Colour,110
42393,Women,White,Summer,2012,Casual,Flying Machine Women White T-shirt,40
31661,Men,Blue,Summer,2012,Casual,Indigo Nation Men Printed Blue Shirt,67
57017,Men,Black,Summer,2016,Casual,Jockey ELANCE Men Black Briefs 1009,21
33552,Men,Brown,Summer,2012,Casual,Wrangler Men Brown Striped Shirt,67
58863,Men,Gold,Summer,2012,Casual,Hakashi Men Gold Cufflinks,60
32480,Men,Brown,Summer,2012,Casual,Proline Men Multicoloured Striped Polo T-shirt,40
41172,Women,Orange,Summer,2012,Casual,Allen Solly Woman Orange Shirt,67
11602,Women,Grey,Summer,2011,Ethnic,W Women Solid Grey Kurtas,87
25437,Men,Black,Summer,2012,Casual,Lee Men Fashion Black Wallet,170
44400,Men,White,Summer,2012,Sports,Force 10 Men White & Blue Duplay Sports Shoes,26
5727,Men,White,Summer,2011,Casual,Reebok Men's Blaze White Black Shoe,3
20145,Men,Green,Fall,2011,Casual,Wrangler Men Urban Green Shirt,67
38986,Boys,Blue,Summer,2012,Casual,Gini and Jony Boys Comics Blue T-shirt,40
14370,Women,Black,Winter,2015,Casual,Catwalk Women Casual Black Flats,65
52565,Women,Black,Summer,2012,Casual,Mod'acc Women Black Clutch,50
39854,Boys,White,Summer,2012,Casual,Gini and Jony Boys Printed White T-Shirt,40
36020,Men,Brown,Summer,2015,Casual,OTLS Men Brown Leather Belt,9
7070,Men,Cream,Summer,2011,Casual,Timberland Men's Cycling Pod Chino Khaki Pant,12
22612,Men,Black,Fall,2011,Sports,Nike Men Black Jersey,40
8804,Men,Red,Fall,2011,Casual,Scullers Men Scul White Gingham Red Shirt,67
16427,Men,Purple,Fall,2011,Casual,Levi's Men Printed Purple Tshirts,40
50232,Women,Black,Winter,2016,Casual,Stoln Women Black Sunglasses,113
28328,Men,Brown,Winter,2018,Casual,Red Tape Men Casual Brown Sandals,157
13969,Men,Black,Fall,2011,Casual,Puma Men 917 SL Graphic Black Casual Shoes,3
34777,Women,Black,Summer,2015,Casual,Be For Bag Women Pack of 3 Bag,119
47285,Women,Peach,Summer,2012,Casual,Myntra Women Pack of 3 T-shirts,40
12087,Women,White,Fall,2011,Ethnic,W Women Printed White Kurtas,87
2502,Men,Black,Fall,2010,Casual,Numero Uno Men's Casual Canvas Black Shoe,3
43625,Women,Black,Summer,2012,Casual,Vero Moda Women Black Printed Shift Dress,166
13155,Men,Blue,Fall,2011,Casual,Puma Men Vintage No.1 Logo Blue Tshirts,40
54692,Women,Multi,Fall,2012,Ethnic,Shree Women Multicoloured Printed Kurta,87
27360,Men,Maroon,Fall,2011,Casual,Tantra Men After The Fight Maroon T-shirt,40
49911,Girls,Yellow,Winter,2016,Casual,Q&Q Kids Girls White Dial Analog Watch,70
16615,Men,Charcoal,Fall,2011,Formal,Genesis Men Solid Charcoal Trouser,86
46165,Women,Multi,Summer,2012,Casual,Adrika Women Multi Coloured Necklace,151
35497,Men,Grey,Winter,2015,Casual,Bata Men Velocity Grey Sandals,157
7242,Men,Black,Fall,2011,Formal,Rockport Men's Alfrew Black Shoe,23
34545,Men,Navy Blue,Summer,2012,Casual,Puma Men Patch Webbing Navy Blue Belt,9
6390,Women,Beige,Summer,2011,Casual,Lotto Women Sofia Purple Black Floater,83
50000,Women,Black,Winter,2015,Sports,Hanes Women Black Cotton Stretch Racer Back Sports Bra,128
31037,Men,Navy Blue,Summer,2012,Casual,Arrow Sport Men Printed Navy Blue T-shirt,40
46959,Boys,Red,Fall,2012,Casual,Jungle Book Boys Red Flip Flops,81
55572,Women,Skin,Spring,2017,Casual,Revlon Photo Ready Medium Deep Concealer 005,159
13367,Women,Brown,Fall,2011,Casual,Timberland Women Femmes Brown Casual Shoes,3
27152,Men,Blue,Summer,2012,Formal,Mark Taylor Men Striped Blue Shirt,67
2730,Girls,Red,Summer,2011,Casual,Disney Kids Girl's Red Round Neck Kidswear,49
28926,Men,Teal,Summer,2012,Casual,Mr. Men Printed Teal T-shirt,40
40292,Unisex,Blue,Fall,2012,Casual,Warner Bros Kids Unisex Blue Flip Flops,81
33760,Women,White,Summer,2012,Casual,Vero Moda Women Viva White Top,49
57225,Women,Red,Summer,2012,Casual,Murcia Women Red Handbag,119
11430,Women,Brown,Fall,2011,Casual,United Colors of Benetton Women Brown T-shirt,40
25605,Men,Black,Winter,2016,Casual,Fastrack Men Black Dial Watch N1161SM02,70
20377,Women,Pink,Fall,2011,Casual,Urban Yoga Women Solid Pink Jacket,145
1989,Women,Black,Fall,2010,Sports,ADIDAS Womens Black Tank Fitted T-shirt,40
53685,Women,Black,Summer,2012,Casual,Kiara Women Black Handbag,119
14142,Men,Steel,Fall,2011,Formal,Belmonte Men Bright Assorted Steel Cufflinks,60
44632,Men,Grey,Summer,2012,Sports,Nike Men Grey AS Sideline Track Pants,12
5515,Men,Blue,Summer,2011,Casual,Probase Men's Crack Print Crew Challenger Blue T-shirt,40
36212,Girls,Black,Summer,2012,Casual,Gini Jony Girls Black Top,49
15090,Men,White,Fall,2011,Casual,Mother Earth Men Check White Shirts,67
39606,Women,Silver,Winter,2015,Casual,Catwalk Women Silver Heels,65
25259,Women,Beige,Summer,2012,Casual,Lino Perros Women Leatherite Beige Handbag,119
57679,Women,Yellow,Spring,2017,Casual,Lotus Herbals Cocoa Caress SPF 20 Hand & Body Lotion 250 ml,118
5975,Men,Black,Summer,2011,Casual,Locomotive Men Black Maroon Purple Stripe Shirt,67
11850,Men,Green,Winter,2012,Casual,Playboy Men Green Flip Flops,81
5149,Women,White,Summer,2011,Casual,Wrangler Women's Sequin White T-shirt,40
43877,Men,White,Summer,2012,Casual,Puma Men White Drift Shoes,3
28546,Men,Navy Blue,Summer,2012,Casual,Nike Men Basic Navy Blue T-shirt,40
34119,Men,Brown,Summer,2016,Casual,Clarks Men Brown Leather Sandals,157
46539,Men,Black,Winter,2016,Smart Casual,Timex Men Black Dial Watch,70
55912,Women,Silver,Spring,2017,Casual,Colorbar Crystal Calm Nail Lacquer 70,90
29494,Women,Black,Winter,2016,Casual,Giordano Women Chronograph Black Dial Watch,70
9784,Men,Brown,Winter,2018,Formal,Red Tape Men formal Brown Formal Shoes,23
19201,Men,Black,Fall,2011,Casual,United Colors of Benetton Men Check Black Shirt,67
22840,Men,Brown,Summer,2012,Casual,Woodland Men Brown Casual Shoes,3
42199,Women,Blue,Summer,2012,Casual,Sepia Women Blue Checked Top,49
49571,Men,Brown,Summer,2012,Casual,Reid & Taylor Men Brown Belt,9
28774,Women,Red,Summer,2012,Ethnic,Aurelia Women Printed Red Kurti,115
13509,Men,Blue,Fall,2011,Casual,Chimp Men Are you Soor Blue Tshirts,40
17995,Women,Grey,Summer,2010,Sports,Puma Women Essential Skinny Grey Track Pant,12
49743,Men,White,Summer,2012,Formal,Park Avenue Men White Tie,132
16847,Men,Brown,Winter,2016,Casual,Idee Men Funky Eyewear Brown Sunglasses,113
19033,Women,Tan,Winter,2015,Casual,Catwalk Women Mary Jane Tan Casual Shoes,83
56599,Women,Blue,Spring,2017,Casual,Streetwear Stay On Aquamarine Eye Pencil 01,11
52905,Women,Yellow,Fall,2012,Ethnic,FNF Yellow and Red Printed Bandhani Sari,20
44860,Men,Red,Winter,2012,Casual,Puma Men Red T-shirt,40
25857,Men,Black,Summer,2012,Casual,Skechers Men Black Casual Shoes,3
52139,Women,Orange,Summer,2012,Casual,Femella Women Orange Polo T-Shirt,40
20519,Women,White,Winter,2015,Casual,Baggit Women Princy Taj White Belt,9
33932,Women,Steel,Winter,2016,Casual,Citizen Women White Dial Watch,70
24985,Girls,Pink,Summer,2012,Casual,United Colors of Benetton Kids Girls Pink Printed Top,49
12883,Unisex,Green,Fall,2011,Casual,Converse Unisex Brush Print Green Casual Shoes,3
7048,Men,Black,Summer,2011,Casual,Numero Uno Men's Black White Shoe,3
13951,Men,Purple,Summer,2011,Casual,United Colors of Benetton Men Printed Purple Tshirts,40
28310,Men,Steel,Winter,2016,Casual,Fastrack Men Silver Sunglasses,113
49327,Women,White,Winter,2016,Casual,DKNY Women White Dial Watch NY4634,70
19457,Men,Black,Summer,2012,Casual,Quiksilver Men Black T-shirt,40
7874,Men,Tan,Summer,2010,Formal,Provogue Men's Formal Tan Shoe,23
18585,Men,Navy Blue,Summer,2010,Casual,Puma Men Ftpa Quarters Navy Blue Socks,75
27358,Men,White,Fall,2011,Casual,Tantra Men Feel No Pain White T-shirt,40
40098,Men,Navy Blue,Summer,2012,Casual,ADIDAS Men Navy Blue T-shirt,40
20941,Men,Orange,Fall,2011,Casual,ADIDAS Men Adi Cells Orange Flip Flops,81
38182,Women,Black,Winter,2016,Casual,Miami Blues Women Sunglasses,113
59989,Women,Black,Fall,2012,Party,Avirate Women Black Dress,166
21893,Women,Red,Fall,2011,Ethnic,BIBA Women Printed Red Kurta,87
14348,Women,White,Winter,2015,Casual,Catwalk Women Casual White Flats,65
36018,Men,Black,Summer,2015,Casual,OTLS Men Black Leather Belt,9
41976,Girls,White,Summer,2012,Casual,Gini and Jony Girls White Pedal Pusher,61
14946,Men,Red,Fall,2011,Casual,Status Quo Men Stripes Red Tshirts,40
33758,Women,Pink,Summer,2012,Casual,Vero Moda Women Polly Pink Top,49
39262,Men,Black,Winter,2018,Formal,Red Chief Men Black Formal Shoes,23
15894,Girls,Blue,Winter,2012,Casual,Warner Bros Kids Girls TW Flower Flops Blue Slippers,157
41378,Women,Black,Summer,2012,Casual,Wrangler Women Maria Black Top,49
11408,Men,Black,Fall,2011,Casual,United Colors of Benetton Men Light Winter Black Sweatshirts,16
58255,Women,Maroon,Summer,2012,Casual,Baggit Women Maroon Purse,50
59387,Women,Brown,Summer,2012,Casual,Senorita Women Brown Sandals,83
49929,Women,Pink,Fall,2012,Ethnic,Fabindia Pink Sari Maheshwari Zari Saree,20
31833,Men,White,Winter,2016,Casual,Titan Men Chronograph White Dial Watch,70
50038,Women,Black,Winter,2015,Casual,Hanes Women Black Concealing Petals Wirefree Moulded Bra,128
28122,Men,Olive,Summer,2016,Casual,Jockey MC Men Pack Of 2 Briefs 8003,21
27956,Men,White,Fall,2018,Casual,Jockey Sport Performance  Men White Sport Performance Stretch Briefs SP 02,21
19665,Men,Green,Fall,2011,Casual,United Colors of Benetton Men Printed Green TShirt,40
49115,Women,Pink,Spring,2017,Casual,Deborah Atomic Red 19 Lipstick,98
8232,Women,Black,Winter,2016,Casual,Fastrack Women Black Sling Bag,119
2708,Girls,White,Summer,2011,Casual,Disney Kids Girl's White Dress Pooh Kidswear,166
54498,Women,Brown,Summer,2012,Casual,Lino Perros Women Brown Handbag,119
29236,Women,Navy Blue,Summer,2012,Casual,Puma Women Roque Navy Blue Sandals,114
12877,Men,Black,Fall,2011,Formal,Provogue Men Formal Black Formal Shoes,23
35669,Men,Black,Summer,2012,Casual,U.S. Polo Assn. Men Black Flip Flops,81
47249,Men,Black,Summer,2016,Casual,FCUK Underwear Men Black Brief,21
17539,Men,Orange,Fall,2011,Formal,Mark Taylor Men Orange & White Striped Shirt,67
7880,Men,Brown,Summer,2011,Formal,Provogue Men's Formal Brown Shoe,23
6952,Men,Brown,Summer,2011,Casual,s.Oliver Men's Valentine Brown T-shirt,40
13199,Men,White,Fall,2011,Sports,ASICS Men Gel Resolution Running White Sports Shoes,26
18571,Men,Grey,Fall,2011,Casual,Puma Men Solid Grey Sweater,155
9126,Men,Black,Fall,2011,Sports,Puma Men Cell Varex SL Black Sports Shoes,26
48201,Men,Grey,Winter,2016,Casual,United Colors of Benetton Men Grey Sunglasses,113
38176,Women,Black,Winter,2016,Casual,Miami Blues Women Black Sunglasses,113
24529,Men,Beige,Fall,2011,Casual,Mother Earth Men Beige Shirt,67
37902,Men,Black,Spring,2017,Casual,24 Men Classic Natural Spray EDT Perfume,38
56109,Women,Red,Spring,2017,Casual,ColorBar Temptress Lip Pot 018,59
20189,Men,Olive,Fall,2011,Casual,Wrangler Men Wanderers Printed Olive Shirt,67
58093,Women,Silver,Fall,2012,Casual,Rreverie Silver Earrings,143
4639,Women,White,Summer,2011,Sports,ADIDAS Women Adi Weld Low White Green Shoe,26
56935,Women,Blue,Winter,2012,Casual,HM Women Blue Flats,65
39898,Men,Black,Fall,2012,Casual,ADIDAS Men Black Sandals,114
41982,Boys,White,Summer,2012,Casual,Gini and Jony Boys Aviator White T-shirt,40
38344,Boys,Red,Summer,2012,Casual,Superman Boys Red Printed T-shirt,40
15860,Unisex,Navy Blue,Spring,2013,Casual,Warner Bros Kids Unisex SD Fire Canvas Navy Blue Casual Shoes,3
39296,Men,Tan,Winter,2018,Casual,Red Chief Men Tan Sandals,157
53649,Women,Grey,Summer,2012,Casual,Kiara Women Grey Handbag,119
1945,Men,Green,Fall,2010,Sports,Puma Mens Reggae All Night Green T-shirt,40
59373,Women,Beige,Summer,2012,Ethnic,Vishudh Women Beige Printed Kurta,87
21269,Unisex,Black,Fall,2011,Casual,Footloose Unisex Kapto Rucksack Black Backpack,64
26870,Women,Black,Summer,2012,Casual,Jealous 21 Women Printed Black T-shirt,40
29004,Men,Black,Summer,2012,Casual,Cabarelli Men Black Backpack,64
30915,Women,Orange,Summer,2012,Ethnic,Fabindia Women Orange Kurti,115
34589,Women,Magenta,Summer,2012,Casual,Tonga Women Printed Magenta Top,49
46995,Women,Pink,Fall,2012,Ethnic,Shree Women Pink & Blue Kurta,87
12279,Men,Pink,Fall,2011,Formal,Genesis Men Stripes Pink Shirts,67
29838,Men,Blue,Summer,2012,Casual,Basics Men Blue Checked Slim Fit Shirt,67
42509,Women,Beige,Summer,2012,Ethnic,Mother Earth Women Beige Kurta,87
51922,Women,Lavender,Summer,2016,Casual,Nyk Women Lavender Abelia Handbag,119
48033,Men,Black,Winter,2016,Casual,Nautica Men Black Dial Chronograph Watch,70
18743,Women,Orange,Fall,2011,Casual,Arrow Woman Cameron Orange Top,49
4853,Unisex,Black,Summer,2011,Casual,Newfeel Unisex Black & Grey Shoes,3
11098,Women,Purple,Fall,2011,Ethnic,Scullers Women Solid Purple Leggings,161
5981,Men,Black,Summer,2011,Casual,Locomotive Men Black White Stripe Shirt,67
59717,Women,Black,Summer,2014,Casual,Avirate Black Bra,128
45348,Women,Black,Summer,2016,Casual,Cobblerz Women Black Sandals,65
37768,Men,Green,Summer,2012,Casual,John Players Men Gingham Green Shirt,67
43883,Women,Black,Summer,2010,Casual,Puma Women Black Flats,83
6738,Men,Black,Summer,2011,Sports,Nike Men's Elite Run Cus Black Orange Socks,75
54834,Women,Brown,Summer,2012,Casual,Ivory Tag Dazzling Rossete Brown Sling Bag,119
42951,Men,Red,Summer,2012,Casual,French Connection Men Red Belt,9
9770,Men,Black,Fall,2011,Casual,ADIDAS Men Ess 3s Suit Black Tracksuits,101
2398,Men,Black,Winter,2018,Casual,Red Tape Men's Semi Black Casual Shoe,3
23966,Men,Purple,Fall,2011,Casual,Peter England Men Purple Printed T-shirt,40
48457,Men,Multi,Summer,2012,Casual,French Connection Men Multi Coloured Cargo Shorts,47
18327,Men,Black,Fall,2011,Casual,Wills Lifestyle Men Check Black Shirt,67
54008,Women,Brown,Summer,2012,Casual,Kiara Women Brown Handbag,119
35803,Women,Tan,Summer,2012,Casual,Enroute Women Tan Flats,65
49585,Women,Beige,Winter,2015,Casual,Catwalk Women Beige Heels,65
18929,Men,Red,Fall,2011,Casual,Levi's Men Graphic Print Red Tshirt,40
2996,Men,Red,Fall,2010,Casual,DUSG Men's Freedom Organic Cotton Red T-shirt,40
28780,Women,White,Summer,2015,Casual,Enamor Women Pack of 2 Printed Briefs,21
29652,Men,Purple,Summer,2012,Formal,Indigo Nation Men Striped Purple Shirt,67
3844,Men,Yellow,Summer,2011,Casual,Wrangler Men's Wild Horse Golden Yellow T-shirt,40
17961,Men,Grey,Fall,2011,Casual,Puma Men Scuba Grey Slipper,157
9542,Men,Red,Summer,2011,Sports,Nike Men Manu Auth Graphic Red T-Shirts,40
48665,Women,Silver,Fall,2012,Casual,Lucera Women Silver Earrings,143
8490,Women,White,Fall,2011,Casual,Forever New Women White Lace  Top,49
3078,Men,Green,Summer,2011,Casual,Probase Men's Player Green T-shirt,40
45946,Women,White,Summer,2012,Casual,Tokyo Talkies Women White & Pink T-shirt,40
32028,Men,Black,Summer,2016,Sports,Playboy Men Pack of 3 Socks,75
40408,Women,Brown,Summer,2012,Casual,Tonga Women Brown & Beige Top,49
53823,Women,White,Fall,2012,Casual,Ayaanay Women White Printed Tunic,148
44894,Men,Red,Summer,2012,Casual,Puma Men Red T-shirts,40
10378,Men,Black,Fall,2011,Casual,United Colors of Benetton Men Printed Black Tshirts,40
32814,Women,Cream,Winter,2012,Casual,iPanema Women Temas Cream Flip Flops,81
59525,Women,Silver,Fall,2012,Casual,Lucera Silver Earrings,143
35490,Men,Black,Summer,2012,Formal,Bata Men Remo Black Formal Shoes,23
46162,Women,Brown,Winter,2015,Casual,Adrika Women Brown Necklace,151
16612,Men,Navy Blue,Fall,2011,Formal,Genesis Men Stripes Navy Blue Trouser,86
49916,Women,Blue,Fall,2012,Ethnic,Fabindia Blue Printed Ajrakh Dhonekhali Saree,20
50007,Women,Skin,Winter,2015,Sports,Hanes Women Beige Cotton Stretch Light Padded Bra,128
27969,Men,Black,Summer,2016,Casual,Jockey SP-OW Men Black Active Innerwear Vest SP12,13
34542,Men,Beige,Winter,2018,Casual,Red Tape Men Beige Shoes,3
6397,Men,Black,Summer,2011,Casual,Lotto Men Revenge 02 Black Blue Floater,157
55575,Women,Skin,Spring,2017,Casual,Revlon Photoready Light/Medium Compact 020,1
26087,Men,Purple,Summer,2012,Formal,John Miller Men Check Purple Shirt,67
28921,Men,Black,Summer,2012,Casual,Cabarelli Men Black Laptop Bag,169
43410,Men,Purple,Summer,2012,Formal,Scullers Men Purple Shirt,67
2737,Girls,Red,Summer,2011,Casual,Disney Kids Girl's Red Kidswear,49
27155,Men,White,Summer,2012,Formal,Mark Taylor Men Striped White Shirt,67
13360,Women,Brown,Fall,2012,Casual,Timberland Women Femmes Brown Boot,3
18788,Women,Blue,Fall,2011,Casual,Arrow Woman Celesta Blue Shirt,67
14979,Men,Brown,Fall,2011,Casual,New Hide Men Solid Brown Belts,9
33767,Unisex,Brown,Summer,2012,Casual,ADIDAS Neo Unisex Court Evo Brown Shoes,3
40295,Unisex,Purple,Fall,2012,Casual,Warner Bros Kids Unisex Purple Flip Flops,81
41347,Men,NA,Fall,2016,Casual,Wrangler Men Black Texas Jeans,18
25602,Women,Green,Fall,2011,Ethnic,Vishudh Women Green & Purple Churidar Kurta with Dupatta,109
11437,Women,Purple,Fall,2011,Casual,United Colors of Benetton Women Light Winter Purple Tops,49
44635,Men,Grey,Summer,2012,Casual,Nike Men Grey Printed T-shirt,40
53682,Women,Beige,Summer,2012,Casual,Kiara Women Beige Handbag,119
14145,Men,Copper,Fall,2011,Formal,Belmonte Men Bright Assorted Copper Cufflinks,60
20370,Men,White,Summer,2011,Casual,United Colors of Benetton Men Self Stripes White Shirt,67
15097,Women,Pink,Fall,2011,Ethnic,Mother Earth Women Printed Pink Kurtas,87
36215,Girls,Purple,Summer,2012,Casual,Gini and Jony Girls Core Purple Shorts,47
58864,Men,Gold,Summer,2012,Casual,Hakashi Men Gold Cufflinks,60
33555,Women,Blue,Summer,2012,Casual,Wrangler Women Summer of Love Blue T-shirt,40
57010,Women,Black,Winter,2012,Casual,HM Women Black Sandals,83
25430,Men,Beige,Summer,2012,Casual,Lee Men Canvas Beige Belt,9
11605,Women,Blue,Summer,2011,Ethnic,W Women Solid Denim Blue Kurtis,115
32487,Men,Grey Melange,Summer,2012,Sports,Proline Grey Melange Shorts,47
14377,Women,Copper,Winter,2015,Casual,Catwalk Women Casual Copper Flats,65
38981,Men,Blue,Summer,2012,Formal,Arrow Men Blue Striped Shirt,67
58058,Women,Gold,Winter,2012,Casual,Rreverie Women Silver Earrings,143
20142,Men,Navy Blue,Fall,2011,Casual,Wrangler Men Authentic Rope Navy Blue Shirt,67
5720,Men,Red,Summer,2011,Casual,Basics Men Red Varsity T-shirt,40
44407,Men,White,Summer,2012,Sports,Force 10 Men White Sports Shoes,26
39853,Boys,White,Summer,2012,Casual,Gini and Jony Boys Printed White T-Shirt,40
8803,Men,Purple,Fall,2011,Casual,Scullers Men's Scul Purple Shirt,67
16420,Men,White,Fall,2011,Casual,Levi's Men Stripes White Tshirts,40
22615,Men,Grey,Summer,2011,Sports,Nike Men Grey T-shirt,40
7077,Unisex,Grey,Winter,2015,Casual,Wildcraft Unisex Grey & Red Backpack,64
47282,Men,Pink,Summer,2012,Casual,Myntra Men Pack of 3 T-shirts,40
34770,Women,Brown,Summer,2015,Casual,Be For Bag Women Zoli Brown Bag,119
50235,Women,Black,Winter,2016,Casual,Stoln Women Black Sunglasses,113
31202,Men,Brown,Summer,2012,Casual,Cabarelli Men Brown Accessory Gift Set,156
12080,Women,Yellow,Fall,2011,Ethnic,W Women Printed Yellow Kurtas,87
13152,Men,White,Fall,2011,Casual,Puma Men Scribble White Tshirts,40
54695,Women,Pink,Fall,2012,Ethnic,Shree Women Pink Printed Kurta,87
6999,Women,Magenta,Summer,2011,Casual,s.Oliver Women Meganta Printed T-Shirt,40
43622,Women,Grey,Summer,2012,Casual,Vero Moda Women Grey Top,49
2505,Men,Black,Fall,2010,Casual,Numero Uno Men's Casual Black Shoe,3
25054,Men,Purple,Winter,2015,Formal,Lino Perros Men Formal Purple Accessory Gift Set,156
11261,Women,Red,Summer,2011,Casual,Palm Tree Kids Girls Red Saloppette Set,166
41511,Men,Blue,Summer,2012,Casual,Basics Men Blue Beret Cap,93
33131,Women,Black,Winter,2015,Casual,Catwalk Women Black Heels,65
24186,Men,Black,Summer,2014,Casual,Converse Men Black & Maroon Oxford Casual Shoes,3
25868,Unisex,Purple,Winter,2015,Casual,American Tourister Unisex Purple Backpack,64
36443,Men,White,Spring,2013,Casual,Spinn Men Dozer White Shoes,3
4296,Men,Brown,Summer,2011,Casual,Tantra Men's Hum Hindustani Choco Brown T-shirt,40
52106,Women,Grey,Summer,2012,Ethnic,Myntra Women Grey Printed Kurta,87
14713,Men,Brown,Fall,2011,Formal,Genesis Men Solid Brown Trousers,86
20526,Women,Blue,Winter,2015,Casual,Baggit Women Flora Astro Blue Belt,9
5344,Men,Black,Summer,2011,Casual,Lee Cooper Men's Black Shoe,3
44063,Men,Black,Spring,2017,Casual,Hugo Men XY Perfume Set,30
34314,Men,Orange,Summer,2012,Casual,Myntra Men Orange Urban T-shirt,40
50651,Men,Black,Winter,2016,Casual,Chromozome Men Black Lounge Shorts,19
17196,Men,Navy Blue,Winter,2016,Casual,U.S. Polo Assn. Men Stripes Navy Blue Sweater,155
16044,Men,Red,Fall,2011,Casual,Highlander Men Check Red Shirt,67
29699,Men,Purple,Summer,2012,Formal,John Miller Men Check Purple Shirt,67
19830,Men,Navy Blue,Fall,2011,Casual,U.S. Polo Assn. Men Check Navy Blue Shirt,67
7413,Women,Pink,Summer,2011,Ethnic,W Women Short Sleeve Pink Kurta,87
46734,Men,Cream,Summer,2017,Casual,Timex Men Cream Dial Watch,70
27703,Women,Grey,Winter,2015,Casual,Murcia Women Grey Handbag,119
13536,Men,Black,Spring,2013,Casual,ADIDAS Men Black Receptor Sports Sandal,114
43246,Men,Blue,Summer,2012,Casual,Denizen Men Blue Jeans,18
9589,Men,White,Fall,2011,Formal,Indigo Nation Men cotton White Shirts,67
2161,Men,Blue,Spring,2011,Casual,Basics Men Turquoise T-shirt,40
16878,Unisex,Black,Winter,2016,Casual,Police Unisex Casual Black Sunglasses,113
42394,Women,Purple,Summer,2012,Casual,Flying Machine Women Purple T-shirt,40
55323,Women,Black,Spring,2017,Casual,Revlon Colour 'N Care Natural Black 1N Colour,110
43848,Women,Gold,Summer,2012,Ethnic,Royal Diadem Golden Earrings,143
23191,Men,Grey,Summer,2011,Casual,Highlander Men Grey Check Shirt,67
28579,Men,Black,Winter,2016,Casual,ADIDAS Originals Men Black Dial Watch ADH2644,70
50463,Men,Navy Blue,Summer,2016,Casual,Chromozome Men Navy Blue Brief,21
34126,Men,Black,Summer,2012,Formal,Turtle Men Black Reversible Leather Belt,9
7621,Women,Purple,Summer,2016,Casual,Wrangler Women's Secret Purple Socks,75
16276,Men,Navy Blue,Fall,2011,Casual,Batman Men Batman Navy Blue Sweatshirts,16
22043,Women,Brown,Fall,2011,Ethnic,Vishudh Women Printed Brown Kurta,87
43074,Women,Black,Summer,2012,Sports,Nike Womens Black Capris,61
2353,Men,Grey,Summer,2010,Sports,Reebok Men Frisky Attraction Grey Shoe,26
30586,Men,White,Summer,2012,Casual,Nike Men Club Pique Polo White T-shirt,40
13704,Women,Beige,Fall,2011,Casual,Clarks Women Prize Club Beige Wedges,83
55111,Women,Skin,Spring,2017,Casual,Lakme Perfect Radiance Intense Whitening 03 Compact,1
8669,Unisex,Green,Winter,2016,Casual,Fastrack Unisex Green Sunglasses,113
3281,Men,White,Summer,2011,Casual,Guerrilla Men's Ace Of Spades White T-shirt,40
31454,Women,Black,Summer,2012,Sports,Nike Women Tennis Black Skirt,111
41723,Women,Navy Blue,Winter,2012,Casual,Catwalk Women Navy Blue Heels,65
39639,Men,Black,Summer,2012,Casual,Lotto Men Black Shoes,3
25266,Women,Beige,Winter,2012,Casual,Lino Perros Women Beige and Black Handbag,119
11053,Men,Blue,Fall,2011,Casual,Scullers Men Check Blue Shirts,67
4898,Women,Green,Summer,2011,Casual,Levis Kids Girl's Desiree Green Teens Kidswear,49
10181,Women,Black,Winter,2016,Casual,Puma Women Pliancy Black Watches,70
57646,Women,Pink,Spring,2017,NA,Lotus Herbals Colour Dew Playfull Pink Nail Polish 89,90
33303,Boys,Red,Summer,2012,Casual,Gini and Jony Boys Pack of 2 T-shirts,40
52334,Women,Black,Winter,2016,Casual,ToniQ Women Black Clutch,50
45383,Women,Brown,Winter,2012,Casual,Rocia Women Brown & Gold Sandals,83
5176,Men,Black,Summer,2011,Casual,Marvel Men's Spiderman Zoom In Action Black T-shirt,40
44251,Women,Brown,Summer,2010,Casual,Hidekraft Women Brown Handbag,119
14521,Men,Red,Fall,2011,Formal,Mark Taylor Men White Red & Blue Stripe Shirt,67
20714,Men,Coffee Brown,Winter,2018,Smart Casual,Red Tape Men Coffee Brown Leather Loafers,3
45979,Women,Peach,Summer,2012,Casual,Tokyo Talkies Women Peach Printed Top,49
11295,Men,Blue,Fall,2011,Casual,Wrangler Men Blue Texas Jeans,18
40437,Women,Brown,Summer,2012,Ethnic,La-Emotio Women Brown Kurta,87
57480,Men,White,Summer,2012,Casual,ID Men White & Navy Blue Casual Shoes,3
10347,Men,Purple,Fall,2011,Casual,United Colors of Benetton Men Printed Purple Tshirts,40
24172,Women,Red,Fall,2011,Ethnic,Aurelia Women Reddish Pink Printed Kurti,115
45145,Men,White,Winter,2016,Casual,Casio ENTICER Men Dial Watch A450 MTP-1296D-7AVDF,70
4262,Men,White,Summer,2011,Casual,Inkfruit Men's Joker White UV T-shirt,40
21400,Men,Black,Fall,2011,Casual,Locomotive Men Printed Black T-shirt,40
15635,Men,Red,Fall,2011,Sports,Nike Men AS Arsenal Core Red Tshirts,40
53020,Women,Rust,Fall,2012,Ethnic,FNF Rust Sari,20
37565,Girls,Green,Summer,2012,Casual,Madagascar Girls Green Innerwear Vest,13
44097,Women,White,Spring,2017,Casual,Boss Women Perfume,38
47612,Women,Black,Winter,2012,Casual,Portia Women Black Wedges,65
6535,Unisex,Black,Summer,2011,Casual,Nike Unisex Allegian Black Laptop Bag,169
18916,Men,Grey,Fall,2011,Casual,Levis Men Denim Grey Shirt,67
17162,Men,Blue,Fall,2011,Casual,U.S. Polo Assn. Men Checks  Blue Shirt,67
51777,Women,Blue,Summer,2016,Casual,Bwitch Blue Bra,128
30740,Men,Brown,Summer,2012,Ethnic,Fabindia Men Brown Silk Sleeveless Jacket,63
2195,Women,Black,Fall,2010,Sports,ADIDAS Women Black Capris,61
31692,Men,Brown,Summer,2012,Casual,Ganuchi Men Brown Shoes,3
3047,Men,Blue,Summer,2011,Casual,Tantra Men's Dirty Man Blue T-shirt,40
49788,Men,Navy Blue,Summer,2012,Casual,Flying Machine Men Navy Blue Cap,93
12410,Men,Beige,Summer,2016,Formal,Reid & Taylor Men Stripes Beige Socks,75
26625,Men,Black,Winter,2012,Casual,Puma Men Black Jiff II Ind Sports Sandals,114
23165,Men,Black,Fall,2011,Casual,Mark Taylor Men Black Printed T-shirt,40
50497,Men,Black,Summer,2016,Casual,Chromozome Men Black Fashion Vest,13
47420,Women,Silver,Fall,2012,Casual,Baggit Women Silver Clutch,50
6707,Men,Navy Blue,Summer,2011,Casual,UCB Men's Striper Basic Navy Pink T-shirt,40
35000,Women,Black,Summer,2012,Ethnic,Fabindia Women Printed Black Stole,84
51545,Women,Silver,Winter,2016,Casual,Fastrack Women Sliver Dial Watch,70
16282,Men,White,Fall,2011,Casual,Superman Men White Sweatshirt,16
43080,Women,Green,Summer,2012,Sports,Nike Womens Moss Green Top,49
23959,Men,Blue,Fall,2011,Casual,Provogue Men Blue Shirt,67
48468,Women,Mauve,Summer,2012,Casual,French Connection Mauve Dress,166
30572,Men,Black,Winter,2016,Casual,Opium Men Aviator Black Sunglasses,113
18318,Men,Purple,Summer,2011,Casual,Wills Lifestyle Men Check Purple Shirt,67
12622,Men,Blue,Fall,2011,Casual,Probase Men Printed Blue Tshirts,40
3275,Men,White,Summer,2011,Casual,Guerrilla Men's Luchador White T-shirt,40
42152,Men,Green,Summer,2012,Casual,Mr. Men Green T-shirt,40
32225,Women,Red,Summer,2012,Ethnic,Fabindia Women Red Striped Kurta,87
25292,Women,Olive,Summer,2012,Casual,Lino Perros Women Small Olive Handbag,119
10175,Men,Black,Fall,2011,Casual,United Colors of Benetton Men Wango Black Casual Shoes,3
24340,Men,Black,Fall,2011,Sports,ADIDAS Men Black T-shirt,40
40605,Women,Teal,Summer,2012,Ethnic,Span Women Teal Kurta,87
59728,Women,Pink,Summer,2014,Casual,Avirate Pink Bra,128
15407,Men,Brown,Fall,2012,Casual,Fila Men Lobato Brown Casual Shoes,3
45377,Women,Red,Summer,2016,Casual,Cobblerz Women Red Sandals,65
4050,Men,Black,Summer,2011,Casual,Myntra Men's Good Things Come Late Black T-shirt,40
5182,Men,Black,Summer,2011,Casual,Billy Idol Men In The Shadow Black T-shirt,40
37757,Men,White,Summer,2013,Casual,John Players Men White & Blue Striped Shirt,67
35464,Men,Red,Summer,2013,Casual,Franco Leone Men Red Shoes,3
17734,Men,Black,Summer,2012,Casual,Puma Men Miami III Black Slipper,81
47044,Women,Multi,Fall,2012,Ethnic,Shree Women Multi Coloured Jodhpuri Salwar,71
6363,Men,Red,Summer,2011,Casual,Numero Uno Men's Red Shoe,3
12246,Men,Black,Winter,2011,Formal,Genesis Black Striped Formal Shirt,67
55581,Women,Peach,Spring,2017,Casual,Revlon Pink Peony Powder Blush 17,117
26073,Men,Grey,Summer,2012,Formal,John Miller Men Striped Grey Shirt,67
42536,Women,Multi,Summer,2012,Ethnic,Mother Earth Women Multi Coloured Kurta,87
13394,Men,White,Summer,2011,Casual,United Colors of Benetton Men Check White Shirts,67
10511,Women,Black,Fall,2011,Casual,Flying Machine Women RN Black Tshirts,49
24724,Men,Blue,Summer,2011,Casual,Tantra Men Blue T-shirt,40
40261,Men,Purple,Summer,2012,Casual,Scullers Men Check Purple & Green Shirt,67
32641,Women,Orange,Summer,2012,Sports,Nike Women Orange Striped Polo T-shirt,40
56304,Women,Orange,Winter,2015,Casual,Biara Women Orange Briefs,21
37333,Women,White,Winter,2016,Casual,DKNY Women White Dial Watch NY8484,70
53676,Women,Black,Summer,2012,Casual,Kiara Women Black Handbag,119
20384,Men,Blue,Fall,2011,Sports,Urban Yoga Men Printed Blue Tshirt,40
21256,Unisex,Blue,Fall,2011,Casual,Footloose Unisex Jump Blue Backpack,64
15063,Men,Brown,Summer,2013,Formal,Franco Leone Men Brown Formal Shoe,23
38149,Women,Green,Summer,2015,Casual,Wildcraft Women Printed Green T-shirt,40
58890,Men,Red,Summer,2012,Casual,Hakashi Men Red Tie,132
10723,Men,White,Summer,2012,Sports,Nike Men Trainng Men's tshirt White Tshirts,40
24516,Women,Black,Fall,2011,Ethnic,Mother Earth Women Black Printed Kurta,87
56136,Women,Blue,Spring,2017,Casual,Colorbar Aquamarine Eye Shadow 007,76
21858,Boys,Navy Blue,Fall,2011,Casual,Chhota Bheem Kids Boys I Like to Paint Navy Blue T-shirt,40
59942,Men,Black,Fall,2012,Casual,Vans Men Black Casual Shoes,3
32473,Unisex,Black,Summer,2012,Casual,ADIDAS Unisex Black Socks,75
14383,Women,Copper,Winter,2015,Casual,Catwalk Women Casual Copper Flats,65
53444,Men,Black,Summer,2016,Casual,ADIDAS Men Black Duramo Slide Flip Flops,81
4606,Unisex,Grey,Winter,2015,Casual,Wildcraft Wiki 2 Unisex Grey Backpack,64
15251,Men,Black,Fall,2011,Casual,ADIDAS Originals Men Vespa Pk Mid Black Casual Shoes,3
29209,Men,Black,Fall,2012,Sports,Fila Men Black Crew Socks,75
7083,Unisex,Black,Winter,2015,Casual,Wildcraft Alfa Unisex Black Backpack,64
12848,Women,Blue,Fall,2011,Casual,Ant Kids Check Blue Skirts,111
35656,Men,Navy Blue,Spring,2013,Casual,U.S. Polo Assn. Men Navy Blue Shoes,3
47276,Men,Black,Summer,2016,Casual,FCUK Underwear Black & White Boxers,122
6151,Men,White,Summer,2011,Casual,ADIDAS Men's Mactelo White Shoe,3
17506,Men,Grey Melange,Fall,2011,Casual,Classic Polo Men Stripes Blue Polo T-Shirt,40
9925,Women,Purple,Fall,2011,Casual,Puma Women Avenue Shopper Purple Bag,119
3423,Women,Black,Summer,2011,Casual,Myntra Women's I Only Give Negative Feedback Black T-shirt,40
12074,Women,White,Fall,2011,Ethnic,W Women Printed White Kurtas,87
54661,Women,Red,Winter,2016,Casual,Fastrack Women White Dial Watch,70
30324,Men,Off White,Summer,2012,Casual,Myntra Men Killer Move Off White T-shirt,40
9119,Women,Black,Fall,2011,Sports,Puma Women Axis Black Sports Shoes,26
3483,Women,Black,Fall,2012,Casual,ADIDAS Women Black Capri,61
43676,Women,Green,Summer,2012,Casual,French Connection Women Mint Green Dress,166
2551,Men,Green,Summer,2011,Casual,Numero Uno Men's Casual Green Graphic Flip Flop,81
13106,Men,Blue,Fall,2011,Casual,ADIDAS Men Sf Striped Hood Blue Sweatshirts,16
7023,Men,Orange,Summer,2011,Casual,Classic Polo Men's Combo Pack of 2 Rust Beige T-shirt,40
46304,Men,White,Spring,2017,Casual,Jacques M Men Fragrances,38
22641,Men,Black,Fall,2011,Sports,Nike Men Solid Black T-shirt,40
23793,Unisex,Black,Spring,2012,Casual,Converse Unisex Tongue Triple Color Black Casual Shoes,3
9985,Women,Blue,Fall,2011,Sports,Nike Women As Jdi Pixels Blue T-Shirts,40
5774,Women,White,Summer,2011,Casual,Jealous 21 Women's White Sleeveless Graphic Top,49
57878,Women,Beige,Spring,2017,Casual,Biotique Bio Peach Clarifying & Refining Peel-Off Mask,73
14323,Women,White,Fall,2011,Casual,ADIDAS Women Stripes White Sweaters,155
20116,Women,Red,Fall,2011,Ethnic,Diva Women Printed Red Kurti,115
52536,Women,Grey,Summer,2012,Casual,Pepe Jeans Women Grey Jeans,18
39807,Men,Navy Blue,Spring,2013,Formal,Peter England Men Navy Blue Formal Trousers,86
45581,Men,Grey,Summer,2012,Casual,Arrow Men Grey Sandals,157
36073,Unisex,Khaki,Winter,2012,Casual,OTLS Unisex Khaki Gym Bag,37
57044,Women,Black,Summer,2012,Party,Elle Women Black Dress,166
10783,Men,White,Fall,2011,Sports,New Balance M364 Men Others Xtraining White Sports Shoes,26
33501,Women,Pink,Summer,2012,Casual,Doodle Kids Girl  Pink Capris,61
58830,Women,Blue,Winter,2016,Casual,FCUK Women Blue Dial Watch FC1019BWN,70
25464,Women,Black,Summer,2012,Sports,Nike Women Downshifter Black Sports Shoes,26
11651,Men,Black,Winter,2016,Casual,Puma Men Race Luminous Chrono Black Dial Watch,70
56196,Women,Rose,Spring,2017,Casual,ColorBar Cosmic Rose Blusher 002,117
14111,Men,Navy Blue,Fall,2011,Casual,Flying Machine Men Printed Navy Blue Sweatshirts,16
20324,Women,White,Summer,2011,Ethnic,Mother Earth Women Printed White Kurta,87
5546,Men,Orange,Summer,2011,Casual,Nike Men's Football Soccer Orange T-shirt,40
44661,Unisex,Black,Summer,2012,Sports,Nike Unisex Black Training Shoe Backpack,64
4494,Men,Red,Summer,2011,Sports,Lotto Men's Fuerzapura Red Black Shoe,26
33733,Women,Mauve,Summer,2012,Casual,Pieces Women Mauve Braided Belt,9
57276,Men,Red,Summer,2012,Casual,French Connection Men Red Check Shirt,67
24784,Women,White,Winter,2015,Casual,Lino Perros Women Ladies Belts White/Pink White Belts,9
25656,Men,Black,Winter,2016,Casual,Fastrack Men Black Dial Watch NA1474SM02,70
11463,Men,White,Fall,2011,Casual,United Colors of Benetton Men  Winter White T-shirt,40
41313,Women,White,Summer,2012,Ethnic,Aurelia Women White Leggings,161
39209,Men,Black,Summer,2013,Formal,Franco Leone Men Black Formal Shoes,23
31064,Women,Off White,Summer,2012,Ethnic,Fabindia Women Printed Off White Dupatta,6
8259,Women,Black,Winter,2016,Casual,Fastrack Blue Printed Tote Bag,119
55521,Women,Skin,Spring,2017,Casual,Revlon PhotoReady Medium Beige Makeup 006,153
27101,Women,Yellow,Summer,2012,Ethnic,Aneri Women Madhuri Yellow Kurta,87
13334,Men,Blue,Fall,2011,Casual,Gini and Jony Kids Boys Check Blue Shirts,67
28975,Women,Blue,Summer,2012,Ethnic,Biba Women Blue Churidar Kurta with Dupatta,109
51181,Men,Brown,Summer,2016,Casual,Raymond Men Brown Socks,75
16646,Men,Blue,Summer,2016,Casual,Facit Men Polo Tee Blue Tshirt,40
31858,Men,Black,Summer,2017,Casual,Titan Edge Men Black Dial Watch NH679SL02A,70
49942,Men,Olive,Summer,2016,Casual,Hanes Men Olive T-shirt,40
7211,Women,Black,Fall,2011,Casual,Scullers For Her Women Layered Tunics Black Top,148
34516,Women,Purple,Summer,2012,Casual,ADIDAS Women Caroni Purple Flip Flops,81
28149,Men,Grey Melange,Summer,2016,Casual,Jockey SPORT Men Grey Melange Innerwear Vest 9924,13
17794,Men,Brown,Summer,2016,Casual,Reid & Taylor Men Stripes Brown Socks,75
21692,Women,Silver,Winter,2016,Casual,Fossil Women Silver-Toned Dial Watch ES2421,70
52360,Women,Off White,Winter,2015,Casual,Red Rose Women Off White Nightdress,7
14575,Men,White,Fall,2011,Casual,Vans Men Authentic White Casual Shoes,3
5122,Women,Peach,Summer,2011,Casual,Wrangler Women's Striped Peach T-shirt,40
44205,Women,Green,Winter,2012,Casual,iPanema Women Green Flip Flops,81
25232,Women,Blue,Winter,2015,Casual,Lino Perros Women Blue & Black Handbag,119
11007,Men,Black,Winter,2016,Casual,Puma Men Turbo Black Chronograph Watch,70
41777,Women,Pink,Summer,2012,Casual,Remanika Women Pink Top,49
1582,Unisex,Black,Summer,2011,Sports,Nabaiji Unisex Black Silicone Swimming Cap,91
13750,Men,Blue,Fall,2011,Casual,Belmonte Men Check Blue Shirts,67
43020,Men,White,Summer,2016,Casual,Calvin Klein Men White Briefs,21
2307,Women,Purple,Fall,2010,Sports,Nike Women Purple Polo T-shirt,40
55145,Women,Metallic,Spring,2017,Casual,Lakme True Wear Metallics Nail Polish 241,90
34172,Boys,Yellow,Summer,2012,Casual,Gini and Jony Boys Printed Yellow T-shirt,40
50437,Men,Black,Summer,2016,Casual,Chromozome Men Black Briefs,21
16222,Men,Black,Fall,2011,Sports,Puma Men Heroes Black Track Pant,12
22017,Women,Pink,Fall,2011,Ethnic,Vishudh Women Printed Pink Kurta,87
7675,Women,Grey,Summer,2016,Casual,Wrangler Women's Fair Orchid Secret Socks,75
55979,Women,Peach,Summer,2019,Casual,Colorbar Velvet Matte Peach Crush Lipstick 59P,98
46552,Men,Cream,Winter,2016,Casual,Timex Men Off White Dial Watch,70
43212,Women,White,Winter,2016,Casual,Fastrack Women White Dial Watch,70
2135,Men,Red,Spring,2011,Casual,Basics Men Red & Blue Slim Fit Shirt,67
27757,Men,Brown,Winter,2015,Casual,Bulchee Men Brown Wallet,170
13562,Women,Purple,Spring,2013,Casual,Carlton London Women Casual Purple Flats,65
19058,Women,Rust,Fall,2011,Ethnic,Aurelia Women Solid Rust Kurta,87
55377,Women,Pink,Spring,2017,Casual,Revlon Lavender Nail Enamel 323,90
26685,Men,Black,Summer,2012,Casual,Puma Men Helium Black Sandals,157
49728,Men,Red,Summer,2012,Casual,Park Avenue Men Red Tie,132
50605,Men,White,Winter,2016,Casual,Chromozome Men White Pack of 2 Innerwear Vests,13
6595,Women,Black,Summer,2011,Casual,Spykar Women's Black Top,49
34340,Men,Purple,Summer,2012,Casual,Myntra Men Street Moving Fusion Purple T-shirt,40
7447,Men,Orange,Summer,2011,Casual,Proline Men Orange Polo T-shirt,40
19864,Men,Navy Blue,Fall,2011,Sports,ADIDAS Men Carlton Navy Blue  Running Sports Shoe,26
46760,Women,Orange,Spring,2017,Casual,Giorgio Beverly Hills Women So You  Perfume,38
16010,Men,Green,Fall,2011,Casual,Turtle Stripes Men Green TShirt,40
22225,Women,Black,Fall,2011,Casual,Little Miss Women Giggles Black T-shirt,40
36417,Women,Black,Spring,2013,Sports,Spinn Women Alliance Black Sports Shoes,26
44037,Men,Silver,Spring,2017,Casual,Dunhill Men London Perfume,38
58468,Men,Black,Summer,2012,Casual,Fossil Men Black Belt,9
14747,Men,Blue,Fall,2011,Formal,Arrow Men Blue Striped Shirt,67
33959,Women,Grey,Summer,2012,Casual,Femella Women Grey Leggings,161
53080,Women,Purple,Summer,2012,Casual,Rocia Women Purple Clutch,50
25000,Women,Black,Summer,2012,Casual,United Colors of Benetton Women Black Capris,61
11235,Women,Blue,Fall,2011,Casual,Flying Machine Women Midrise Blue Jeans,18
57420,Women,Black,Summer,2012,Casual,Angry Birds Women Black T-shirt,40
33165,Women,Blue,Summer,2012,Casual,Sepia Women Blue Top,49
45323,Women,Brown,Summer,2016,Casual,Cobblerz Women Teal Blue & Brown Wedges,65
4004,Men,Red,Summer,2011,Casual,Spalding Men's Red White With Ego Graphic Flip Flop,81
21666,Men,Black,Winter,2016,Casual,Fossil Men Black Dial Chronograph Watch CH2573,70
52394,Women,Grey,Winter,2015,Casual,Red Rose Women Grey Nightdress,7
14581,Men,Brown,Fall,2011,Casual,United Colors of Benetton Men Solid Brown Sweatshirts,16
56734,Men,Pink,Summer,2012,Casual,Horsefly Men Pink T-shirt,40
4838,Men,White,Summer,2011,Casual,Sher Singh Men's Cricket White Polo T-shirt,40
41783,Women,Purple,Summer,2012,Casual,Remanika Women Purple Tunic,148
32271,Women,Green,Summer,2012,Ethnic,Vishudh Women Printed Green Kurta,87
40651,Women,Olive,Summer,2012,Ethnic,Span Women Olive Green Kurta,87
24314,Men,White,Fall,2011,Casual,ADIDAS Men White T-shirt,40
54063,Men,Red,Spring,2017,Casual,Fogg Men Napoleon Deo,154
30526,Women,Pink,Summer,2014,Casual,Lovable Cotton Essensuals Pink Bra,128
3221,Men,White,Fall,2010,Sports,Puma Men's Kuris White Grey Shoe,26
42106,Men,White,Summer,2012,Casual,ADIDAS Men White T-shirt,40
12676,Men,Brown,Fall,2011,Casual,Probase Men Solid Brown Trousers,86
47474,Women,Black,Summer,2012,Casual,Tiptopp Women Black Flats,81
34186,Boys,Green,Summer,2012,Casual,Gini and Jony Boys Printed Green T-shirt,40
6753,Men,Blue,Summer,2011,Casual,Nike Men's Splash Thong Blue Flip Flop,81
23131,Boys,White,Fall,2011,Casual,Chhota Bheem Kids Boys Holi Hai White T-shirt,40
17304,Men,Grey,Fall,2011,Sports,Puma Men Sports Grey Socks,75
51511,Men,Brown,Winter,2016,Casual,Fastrack Men Brown Dial Watch NA3039sp02,70
7681,Women,Grey,Summer,2016,Casual,Wrangler Women's Dark Grey Secret Socks,75
9529,Men,Grey,Summer,2012,Casual,Puma Men's Ess Woven Grey Shorts,47
30714,Boys,White,Summer,2012,Ethnic,Fabindia Boys White Churidar,69
13596,Men,Black,Summer,2016,Casual,Hanes Men Black Crew Pack Of 3 Innerwear T-Shirts,13
55383,Women,Metallic,Spring,2017,Casual,Revlon Dazzling Dust Nail Polish 316,90
12444,Men,Brown,Fall,2011,Casual,Timberland Men Casual Brown Wallets,170
26671,Men,Black,Summer,2012,Casual,Puma Men Street Step Mid Black Shoes,3
3013,Men,Grey,Summer,2011,Casual,Lee Men Arnold Black Grey Check Shirt,67
23303,Women,Maroon,Fall,2011,Ethnic,W Women Solid Maroon Leggings,161
17136,Women,Black,Winter,2015,Casual,Lino Perros Women Flower Black Handbag,119
47646,Men,Brown,Winter,2012,Formal,Carlton London Men Brown Formal Shoes,23
18942,Men,Blue,Fall,2011,Casual,Levi's Men Polo Blue Tshirt,40
6561,Unisex,Purple,Summer,2011,Casual,Nike Unisex Graphic Play Purple Handbag,119
19890,Men,Khaki,Fall,2011,Casual,Lee Men Canvas Khaki Belt,9
35266,Women,Navy Blue,Summer,2012,Casual,Lee Women Kylie Navy Blue Top,49
51723,Men,Brown,Winter,2016,Casual,Allen Solly Men Brown Sunglasses AS232-C3,113
29639,Men,White,Summer,2012,Casual,Indigo Nation Men White Shirt,67
21454,Women,Black,Winter,2012,Casual,Roxy Women Black T-shirt,40
45111,Men,Blue,Winter,2016,Casual,Casio Enticer Men Silver Analogue Watches (A165) MTP-1191A-7ADF,70
4236,Men,Purple,Summer,2011,Casual,Probase Men's Crack Print Challenger Purple Tshirt,40
37531,Boys,Yellow,Summer,2012,Casual,Madagascar3 Infant Boys Lemon Yellow T-Shirt,40
20586,Women,Purple,Winter,2015,Casual,Baggit Women Highway Taj Purple Wallet,170
32043,Men,Grey,Summer,2016,Casual,Playboy Men Grey & Black Socks,75
56506,Women,Skin,Spring,2017,NA,Streetwear Shine Divine Nude Silk Lip Gloss,59
10313,Women,Steel,Winter,2016,Casual,Esprit Women Cool Chic White Steel Watches,70
24126,Women,Blue,Fall,2011,Casual,ADIDAS Women Printed Blue T-shirt,40
38579,Men,Blue,Summer,2012,Casual,Nike Men Blue RF Blue T-shirt,40
33191,Women,Pink,Summer,2012,Casual,Sepia Women Printed Pink Tunic,148
3477,Men,Black,Fall,2010,Sports,ADIDAS Men's Tank Black Sleeveless T-shirt,40
42750,Women,Brown,Winter,2012,Casual,Rocia Women Brown Heels,65
43682,Boys,Green,Summer,2012,Casual,Doodle Boys Printed Green T-shirt,40
54635,Men,Grey,Winter,2016,Casual,Fastrack Men Grey Dial Watch,70
6939,Men,White,Summer,2011,Casual,Tantra Men's Chlorophyll White T-shirt,40
51347,Men,Navy Blue,Summer,2016,Formal,Raymond Men Navy Socks,75
9971,Men,Blue,Fall,2011,Sports,Nike Men As Squad Ft C Blue Sweatshirts,16
50295,Men,Black,Summer,2012,Formal,Parx Men Black Tie,132
17552,Men,Blue,Fall,2011,Formal,Mark Taylor Men Blue & Cream Striped Shirt,67
47222,Men,Brown,Summer,2012,Casual,Franco Leone Men Brown Sandals,157
6105,Women,White,Summer,2011,Casual,UCB Women's Basic V Neck White T-shirt,40
37155,Men,White,Summer,2016,Casual,Campbell Men Pack of 3 T-shirt,40
5780,Women,Purple,Summer,2011,Casual,Jealous 21 Women. Graphic Purple Top,49
53410,Women,Blue,Fall,2012,Ethnic,Alma Women Blue & Green Printed Kurta,87
21030,Women,Red,Fall,2012,Casual,Clarks Women Balti Zing Red Heels,65
45575,Men,Tan,Summer,2012,Formal,Arrow Men Tan Formal Shoes,23
36087,Unisex,Pink,Summer,2012,Casual,OTLS Unisex Pink Cap,93
4652,Men,Brown,Summer,2011,Casual,ADIDAS Men Cherokee Brown Red Sandal,157
10777,Women,Purple,Summer,2011,Sports,Nike Women Hooded Purple Jacket,145
37969,Women,Taupe,Fall,2012,Casual,Clarks Women Taupe Heels,65
24542,Women,Black,Fall,2011,Ethnic,Mother Earth Women Black Printed Top,49
40007,Men,Brown,Winter,2016,Casual,Park Avenue Men Brown Frame Sunglasses,113
32427,Men,Black,Summer,2010,Casual,ADIDAS Men Black 3/4 Length Pants,47
59916,Women,Brown,Summer,2012,Ethnic,Diva Women Brown Kurta,87
25490,Women,White,Summer,2012,Casual,Nike Women Sweet Classic Leather White Shoes,3
56162,Women,Black,Spring,2017,Casual,Colorbar I-Define Midnight Black Eye Liner 007,51
53622,Men,Black,Winter,2016,Casual,Q&Q Men Black Watch,70
44695,Women,Red,Fall,2012,Casual,Wills Lifestyle Women Pink & Blue Striped Lina Tunic,148
4460,Men,Blue,Summer,2011,Sports,Nike Men's Hand Gang Sign Blue T-shirt,40
21202,Men,Multi,Summer,2012,Casual,Quiksilver Men Multi Milokai Print Flip Flops,81
15037,Women,Black,Fall,2011,Casual,ADIDAS Women Check Black Sweaters,155
57282,Men,Multi,Summer,2012,Casual,French Connection Men Multi Coloured Shirt,67
24770,Men,Grey,Fall,2011,Casual,Spalding Men Game Grey Orange Flip Flops,81
11497,Women,Pink,Winter,2015,Casual,Catwalk Women Lifestyle Pink Flats,65
32615,Men,Black,Spring,2013,Casual,Levitate Men Reversible Black & Brown Leather Belt,9
3645,Men,Black,Summer,2011,Casual,Fila Men's Maverick HI Black Red Canvas Shoe,3
51949,Men,Brown,Summer,2012,Casual,Yelloe Men Laptop Bag/Document Holder,169
31090,Boys,Black,Summer,2012,Casual,Gini and Jony Boys Black Shirt,67
42562,Women,Olive,Summer,2012,Casual,Mother Earth Women Olive Top,49
12212,Men,Brown,Summer,2013,Formal,Basics Men Brown Trousers,86
26027,Women,Green,Spring,2017,Casual,Slazenger Women Invigorate Perfume,38
54407,Women,Purple,Summer,2012,Casual,Baggit Women Purple Sling Bag,119
18728,Women,Grey,Fall,2011,Casual,Arrow Woman Keisha Grey Sweater,155
28981,Women,Cream,Summer,2012,Ethnic,Biba Outlet Women Cream-Coloured Printed  Churidar Kurta with Dupatta,109
30142,Women,Green,Summer,2012,Casual,Flying Machine Women Printed Green T-shirt,40
51175,Men,Navy Blue,Summer,2016,Casual,Raymond Men Navy Blue Socks,75
22487,Men,Black,Fall,2011,Casual,ADIDAS Men Onix Casual Sandals,157
35430,Men,Blue,Summer,2012,Sports,ADIDAS Men Advent Blue Sports Shoes,26
47010,Women,Green,Summer,2012,Ethnic,Shree Women Green Kurta,87
23555,Men,Black,Spring,2017,Casual,Police Dark Men Perfume,38
17760,Men,Black,Winter,2011,Formal,Buckaroo Men New Pampa Black Formal Shoe,23
59585,Men,Steel,Summer,2012,Casual,Revv Men Black and Steel Cufflinks,60
36428,Men,White,Summer,2012,Casual,Spinn Men Brash White Shoes,26
44008,Men,Metallic,Spring,2017,Casual,Police Titanium Wings Men Eau De Toilette,38
14778,Men,Blue,Fall,2011,Formal,Arrow Men Stripes Blue Shirts,67
33966,Women,Black,Summer,2012,Casual,Femella Women Black Top,49
39460,Women,White,Summer,2012,Ethnic,Diva Women White Printed Kurta,87
52951,Women,Pink,Fall,2012,Ethnic,FNF Pink Sari,20
44834,Men,Black,Summer,2012,Sports,Puma Men Black Training T-shirt,40
53883,Men,Red,Summer,2012,Casual,U.S. Polo Assn. Men Red Flip Flops,81
27768,Men,Brown,Winter,2015,Casual,Bulchee Men Brown Wallet,170
19067,Women,Green,Fall,2011,Ethnic,W Women Block Print Green Kurta,87
49717,Men,Black,Summer,2012,Formal,Park Avenue Black & Red Checked Tie,2
16813,Men,Navy Blue,Fall,2011,Casual,Locomotive Men Check Navy Blue Shirt,67
2936,Women,Maroon,Fall,2010,Casual,DUSG Women's Red Polo T-shirt,40
28720,Women,White,Summer,2012,Ethnic,W Women White Printed Kurta,87
18989,Men,Blue,Summer,2011,Casual,ADIDAS Originals Men AC Grp Blue Tshirt,40
18387,Men,Red,Summer,2016,Casual,Undercolors of Benetton Men Red Tanga Brief,21
34971,Women,Off White,Summer,2012,Casual,Fabindia Women Off White Printed Stole,84
2338,Men,White,Fall,2012,Casual,Reebok Men Star White Polo T-shirt,40
49525,Women,Red,Summer,2010,Casual,Rocia Women Red Clutch,50
22814,Men,Navy Blue,Summer,2012,Casual,Manchester United Men Navy Blue Shorts,47
26488,Men,Green,Summer,2012,Casual,Puma Men Tech Graphic Green T-shirt,40
19255,Women,Gold,Winter,2016,Casual,Guess Women Glow Gold Watch,70
6798,Men,Black,Summer,2011,Casual,Nike Men's Elit Black Orange Socks,75
54894,Men,Green,Summer,2016,Casual,Do U Speak Green Men Green Lounge Pants,68
28512,Men,Black,Summer,2012,Sports,Nike Men Premier Knit Black Shorts,47
55946,Women,Brown,Spring,2017,Casual,Colorbar Brandy Nail Lacquer 11,90
11804,Women,Red,Fall,2011,Ethnic,Vishudh Women Pigment Print Red Kurtas,87
11038,Women,Brown,Fall,2011,Casual,Jealous 21 Women Check Brown Tops,49
39652,Men,White,Summer,2012,Sports,Lotto Men White Sports Shoe,26
41748,Boys,Green,Summer,2012,Casual,Doodle Boys Stripes Green T-shirt,40
38780,Men,Brown,Summer,2016,Casual,Woodland Men Brown Casual Shoes,3
33368,Women,Brown,Summer,2012,Casual,Baggit Women Wrap Taj Brown Wallet,170
5921,Women,White,Summer,2011,Casual,ADIDAS Women's Piona White Shoe,3
49141,Women,Brown,Spring,2017,Casual,Deborah Euphoric Shine Lip Gloss 10,59
51982,Women,Pink,Summer,2012,Casual,Inaya Women Bright Pink Nightdress,7
8266,Unisex,Black,Fall,2011,Casual,Fastrack Unisex Black Red Printed Sling Bag,64
46935,Men,Blue,Spring,2017,Casual,York Men EXZOTYK Pour Homme Eau De Toilette,38
19631,Men,Grey,Summer,2011,Casual,United Colors of Benetton Men Solid Grey T-shirt,40
30189,Unisex,Navy Blue,Summer,2012,Casual,Nike Unisex Algnc Navy Blue Backpack,64
50850,Women,Black,Fall,2012,Ethnic,Prafful Black & Beige Sari,20
48093,Women,Blue,Summer,2012,Casual,French Connection Women Blue Shirt,67
