"_id","LocationType","Time","Season","OffendingAnimalLeashStatus","IncidentType","VictimType","FinancialYear","Count","Date","YearExtracted","MonthExtracted"
1,"Beach","5 pm to 8 pm","Autumn","No Leash","Attack","Animal","2021/22",1,2022-04-01,2022,4
2,"Beach","5 pm to 8 pm","Autumn","No Leash","Attack","Human","2019/20",1,2020-04-01,2020,4
3,"Beach","5 pm to 8 pm","Autumn","No Leash","Harassment","Animal","2019/20",1,2020-04-01,2020,4
4,"Beach","5 pm to 8 pm","Autumn","No Leash","Harassment","Animal","2023/24",1,2024-04-01,2024,4
5,"Beach","5 pm to 8 pm","Autumn","No Leash","Harassment","Human","2020/21",1,2021-04-01,2021,4
6,"Beach","5 pm to 8 pm","Autumn","No Leash","Harassment","Unknown","2019/20",2,2020-04-01,2020,4
7,"Beach","5 pm to 8 pm","Autumn","On a Leash","Attack","Animal","2018/19",1,2019-04-01,2019,4
8,"Beach","5 pm to 8 pm","Autumn","On a Leash","Attack","Unknown","2020/21",1,2021-04-01,2021,4
9,"Beach","5 pm to 8 pm","Autumn","Unknown","Attack","Human","2018/19",1,2019-04-01,2019,4
10,"Beach","5 pm to 8 pm","Autumn","Unknown","Attack","Human","2021/22",1,2022-04-01,2022,4
11,"Beach","5 pm to 8 pm","Spring","No Leash","Attack","Animal","2020/21",1,2020-10-01,2020,10
12,"Beach","5 pm to 8 pm","Spring","No Leash","Attack","Human","2020/21",1,2020-10-01,2020,10
13,"Beach","5 pm to 8 pm","Spring","No Leash","Attack","Human","2022/23",1,2022-10-01,2022,10
14,"Beach","5 pm to 8 pm","Spring","No Leash","Harassment","Human","2023/24",1,2023-10-01,2023,10
15,"Beach","5 pm to 8 pm","Spring","On a Leash","Attack","Animal","2019/20",1,2019-10-01,2019,10
16,"Beach","5 pm to 8 pm","Spring","On a Leash","Attack","Human","2022/23",1,2022-10-01,2022,10
17,"Beach","5 pm to 8 pm","Spring","On a Leash","Harassment","Unknown","2021/22",2,2021-10-01,2021,10
18,"Beach","5 pm to 8 pm","Spring","Unknown","Attack","Animal","2019/20",1,2019-10-01,2019,10
19,"Beach","5 pm to 8 pm","Spring","Unknown","Attack","Animal","2023/24",1,2023-10-01,2023,10
20,"Beach","5 pm to 8 pm","Spring","Unknown","Harassment","Unknown","2021/22",1,2021-10-01,2021,10
21,"Beach","5 pm to 8 pm","Summer","No Leash","Attack","Animal","2021/22",1,2022-01-01,2022,1
22,"Beach","5 pm to 8 pm","Summer","No Leash","Attack","Human","2023/24",1,2024-01-01,2024,1
23,"Beach","5 pm to 8 pm","Summer","On a Leash","Attack","Animal","2022/23",1,2023-01-01,2023,1
24,"Beach","5 pm to 8 pm","Summer","On a Leash","Attack","Human","2021/22",1,2022-01-01,2022,1
25,"Beach","5 pm to 8 pm","Summer","On a Leash","Harassment","Human","2021/22",1,2022-01-01,2022,1
26,"Beach","5 pm to 8 pm","Summer","Unknown","Attack","Animal","2021/22",1,2022-01-01,2022,1
27,"Beach","5 pm to 8 pm","Summer","Unknown","Harassment","Human","2020/21",1,2021-01-01,2021,1
28,"Beach","5 pm to 8 pm","Summer","Unknown","Harassment","Human","2023/24",1,2024-01-01,2024,1
29,"Beach","5 pm to 8 pm","Summer","Unknown","Harassment","Unknown","2022/23",1,2023-01-01,2023,1
30,"Beach","5 pm to 8 pm","Winter","Unknown","Attack","Unknown","2022/23",1,2022-07-01,2022,7
31,"Beach","6 am to 9 am","Autumn","No Leash","Attack","Animal","2019/20",1,2020-04-01,2020,4
33,"Beach","6 am to 9 am","Autumn","No Leash","Attack","Unknown","2020/21",1,2021-04-01,2021,4
34,"Beach","6 am to 9 am","Autumn","No Leash","Attack","Unknown","2022/23",1,2023-04-01,2023,4
35,"Beach","6 am to 9 am","Autumn","No Leash","Harassment","Animal","2023/24",1,2024-04-01,2024,4
36,"Beach","6 am to 9 am","Autumn","Unknown","Attack","Animal","2020/21",1,2021-04-01,2021,4
37,"Beach","6 am to 9 am","Autumn","Unknown","Attack","Animal","2022/23",1,2023-04-01,2023,4
38,"Beach","6 am to 9 am","Autumn","Unknown","Attack","Human","2020/21",1,2021-04-01,2021,4
39,"Beach","6 am to 9 am","Autumn","Unknown","Attack","Human","2021/22",1,2022-04-01,2022,4
40,"Beach","6 am to 9 am","Autumn","Unknown","Harassment","Human","2023/24",1,2024-04-01,2024,4
41,"Beach","6 am to 9 am","Spring","No Leash","Attack","Animal","2018/19",1,2018-10-01,2018,10
42,"Beach","6 am to 9 am","Spring","No Leash","Attack","Animal","2022/23",1,2022-10-01,2022,10
43,"Beach","6 am to 9 am","Spring","No Leash","Attack","Unknown","2021/22",1,2021-10-01,2021,10
44,"Beach","6 am to 9 am","Spring","On a Leash","Harassment","Animal","2022/23",1,2022-10-01,2022,10
45,"Beach","6 am to 9 am","Spring","Unknown","Attack","Animal","2018/19",1,2018-10-01,2018,10
46,"Beach","6 am to 9 am","Spring","Unknown","Attack","Animal","2019/20",1,2019-10-01,2019,10
47,"Beach","6 am to 9 am","Spring","Unknown","Attack","Animal","2023/24",1,2023-10-01,2023,10
48,"Beach","6 am to 9 am","Spring","Unknown","Attack","Both","2022/23",1,2022-10-01,2022,10
49,"Beach","6 am to 9 am","Spring","Unknown","Attack","Human","2022/23",1,2022-10-01,2022,10
50,"Beach","6 am to 9 am","Spring","Unknown","Attack","Unknown","2022/23",1,2022-10-01,2022,10
51,"Beach","6 am to 9 am","Spring","Unknown","Harassment","Animal","2021/22",1,2021-10-01,2021,10
52,"Beach","6 am to 9 am","Summer","No Leash","Attack","Animal","2018/19",1,2019-01-01,2019,1
53,"Beach","6 am to 9 am","Summer","No Leash","Attack","Animal","2019/20",2,2020-01-01,2020,1
54,"Beach","6 am to 9 am","Summer","No Leash","Attack","Animal","2020/21",2,2021-01-01,2021,1
55,"Beach","6 am to 9 am","Summer","No Leash","Attack","Animal","2021/22",1,2022-01-01,2022,1
56,"Beach","6 am to 9 am","Summer","No Leash","Attack","Human","2019/20",1,2020-01-01,2020,1
57,"Beach","6 am to 9 am","Summer","No Leash","Attack","Unknown","2023/24",1,2024-01-01,2024,1
58,"Beach","6 am to 9 am","Summer","No Leash","Harassment","Animal","2019/20",1,2020-01-01,2020,1
59,"Beach","6 am to 9 am","Summer","No Leash","Harassment","Animal","2020/21",1,2021-01-01,2021,1
60,"Beach","6 am to 9 am","Summer","On a Leash","Attack","Animal","2019/20",2,2020-01-01,2020,1
61,"Beach","6 am to 9 am","Summer","Unknown","Attack","Animal","2020/21",1,2021-01-01,2021,1
62,"Beach","6 am to 9 am","Summer","Unknown","Attack","Animal","2022/23",1,2023-01-01,2023,1
63,"Beach","6 am to 9 am","Summer","Unknown","Attack","Human","2018/19",1,2019-01-01,2019,1
64,"Beach","6 am to 9 am","Summer","Unknown","Attack","Human","2023/24",1,2024-01-01,2024,1
65,"Beach","6 am to 9 am","Summer","Unknown","Harassment","Unknown","2023/24",1,2024-01-01,2024,1
66,"Beach","6 am to 9 am","Winter","No Leash","Attack","Animal","2022/23",1,2022-07-01,2022,7
67,"Beach","6 am to 9 am","Winter","No Leash","Harassment","Animal","2023/24",1,2023-07-01,2023,7
68,"Beach","6 am to 9 am","Winter","No Leash","Harassment","Human","2020/21",1,2020-07-01,2020,7
69,"Beach","6 am to 9 am","Winter","On a Leash","Attack","Human","2020/21",1,2020-07-01,2020,7
70,"Beach","6 am to 9 am","Winter","Unknown","Attack","Unknown","2021/22",1,2021-07-01,2021,7
71,"Beach","6 am to 9 am","Winter","Unknown","Harassment","Animal","2019/20",1,2019-07-01,2019,7
72,"Beach","6 am to 9 am","Winter","Unknown","Harassment","Human","2018/19",1,2018-07-01,2018,7
73,"Beach","6 am to 9 am","Winter","Unknown","Harassment","Unknown","2019/20",1,2019-07-01,2019,7
74,"Beach","8 pm to 10 pm","Autumn","Unknown","Attack","Animal","2021/22",1,2022-04-01,2022,4
75,"Beach","8 pm to 10 pm","Autumn","Unknown","Attack","Unknown","2019/20",1,2020-04-01,2020,4
76,"Beach","8 pm to 10 pm","Spring","Unknown","Attack","Animal","2021/22",1,2021-10-01,2021,10
77,"Beach","8 pm to 10 pm","Summer","No Leash","Attack","Animal","2022/23",1,2023-01-01,2023,1
78,"Beach","8 pm to 10 pm","Summer","Unknown","Attack","Animal","2018/19",1,2019-01-01,2019,1
79,"Beach","9 am to Noon","Autumn","No Leash","Attack","Animal","2018/19",2,2019-04-01,2019,4
80,"Beach","9 am to Noon","Autumn","No Leash","Attack","Human","2019/20",1,2020-04-01,2020,4
81,"Beach","9 am to Noon","Autumn","No Leash","Harassment","Human","2020/21",1,2021-04-01,2021,4
82,"Beach","9 am to Noon","Autumn","No Leash","Harassment","Human","2023/24",1,2024-04-01,2024,4
83,"Beach","9 am to Noon","Autumn","No Leash","Harassment","Unknown","2021/22",1,2022-04-01,2022,4
84,"Beach","9 am to Noon","Autumn","On a Leash","Attack","Unknown","2021/22",1,2022-04-01,2022,4
85,"Beach","9 am to Noon","Autumn","Unknown","Attack","Animal","2023/24",1,2024-04-01,2024,4
86,"Beach","9 am to Noon","Autumn","Unknown","Attack","Human","2020/21",1,2021-04-01,2021,4
87,"Beach","9 am to Noon","Autumn","Unknown","Attack","Unknown","2019/20",1,2020-04-01,2020,4
88,"Beach","9 am to Noon","Autumn","Unknown","Harassment","Animal","2020/21",1,2021-04-01,2021,4
89,"Beach","9 am to Noon","Autumn","Unknown","Harassment","Human","2022/23",1,2023-04-01,2023,4
90,"Beach","9 am to Noon","Spring","No Leash","Attack","Animal","2020/21",1,2020-10-01,2020,10
91,"Beach","9 am to Noon","Spring","No Leash","Attack","Animal","2021/22",1,2021-10-01,2021,10
92,"Beach","9 am to Noon","Spring","No Leash","Attack","Animal","2023/24",1,2023-10-01,2023,10
93,"Beach","9 am to Noon","Spring","No Leash","Attack","Unknown","2020/21",1,2020-10-01,2020,10
94,"Beach","9 am to Noon","Spring","No Leash","Attack","Unknown","2022/23",1,2022-10-01,2022,10
95,"Beach","9 am to Noon","Spring","On a Leash","Attack","Animal","2020/21",2,2020-10-01,2020,10
96,"Beach","9 am to Noon","Spring","On a Leash","Attack","Animal","2022/23",1,2022-10-01,2022,10
97,"Beach","9 am to Noon","Spring","Unknown","Attack","Animal","2018/19",1,2018-10-01,2018,10
98,"Beach","9 am to Noon","Summer","No Leash","Attack","Animal","2018/19",1,2019-01-01,2019,1
99,"Beach","9 am to Noon","Summer","No Leash","Attack","Animal","2020/21",1,2021-01-01,2021,1
100,"Beach","9 am to Noon","Summer","No Leash","Attack","Animal","2021/22",2,2022-01-01,2022,1
101,"Beach","9 am to Noon","Summer","No Leash","Attack","Human","2018/19",1,2019-01-01,2019,1
102,"Beach","9 am to Noon","Summer","No Leash","Attack","Human","2019/20",2,2020-01-01,2020,1
103,"Beach","9 am to Noon","Summer","No Leash","Attack","Unknown","2021/22",1,2022-01-01,2022,1
104,"Beach","9 am to Noon","Summer","No Leash","Attack","Unknown","2022/23",1,2023-01-01,2023,1
105,"Beach","9 am to Noon","Summer","No Leash","Harassment","Animal","2020/21",1,2021-01-01,2021,1
106,"Beach","9 am to Noon","Summer","No Leash","Harassment","Human","2020/21",1,2021-01-01,2021,1
107,"Beach","9 am to Noon","Summer","On a Leash","Attack","Animal","2019/20",1,2020-01-01,2020,1
108,"Beach","9 am to Noon","Summer","On a Leash","Attack","Human","2018/19",1,2019-01-01,2019,1
109,"Beach","9 am to Noon","Summer","Unknown","Attack","Animal","2018/19",1,2019-01-01,2019,1
110,"Beach","9 am to Noon","Summer","Unknown","Attack","Unknown","2020/21",1,2021-01-01,2021,1
111,"Beach","9 am to Noon","Summer","Unknown","Attack","Unknown","2021/22",1,2022-01-01,2022,1
112,"Beach","9 am to Noon","Summer","Unknown","Harassment","Unknown","2021/22",1,2022-01-01,2022,1
113,"Beach","9 am to Noon","Winter","No Leash","Attack","Unknown","2023/24",1,2023-07-01,2023,7
114,"Beach","9 am to Noon","Winter","No Leash","Harassment","Animal","2018/19",1,2018-07-01,2018,7
115,"Beach","9 am to Noon","Winter","No Leash","Harassment","Animal","2019/20",1,2019-07-01,2019,7
116,"Beach","9 am to Noon","Winter","No Leash","Harassment","Animal","2021/22",1,2021-07-01,2021,7
117,"Beach","9 am to Noon","Winter","No Leash","Harassment","Both","2018/19",1,2018-07-01,2018,7
118,"Beach","9 am to Noon","Winter","No Leash","Harassment","Human","2018/19",1,2018-07-01,2018,7
119,"Beach","9 am to Noon","Winter","No Leash","Harassment","Human","2019/20",1,2019-07-01,2019,7
120,"Beach","9 am to Noon","Winter","Unknown","Attack","Animal","2020/21",1,2020-07-01,2020,7
121,"Beach","9 am to Noon","Winter","Unknown","Harassment","Animal","2022/23",1,2022-07-01,2022,7
122,"Beach","9 am to Noon","Winter","Unknown","Harassment","Human","2020/21",1,2020-07-01,2020,7
123,"Beach","9 am to Noon","Winter","Unknown","Harassment","Unknown","2023/24",1,2023-07-01,2023,7
124,"Beach","Noon to 5 pm","Autumn","No Leash","Attack","Animal","2020/21",1,2021-04-01,2021,4
125,"Beach","Noon to 5 pm","Autumn","No Leash","Attack","Human","2020/21",1,2021-04-01,2021,4
126,"Beach","Noon to 5 pm","Autumn","No Leash","Attack","Human","2021/22",1,2022-04-01,2022,4
127,"Beach","Noon to 5 pm","Autumn","No Leash","Harassment","Human","2023/24",1,2024-04-01,2024,4
128,"Beach","Noon to 5 pm","Autumn","On a Leash","Attack","Animal","2018/19",1,2019-04-01,2019,4
129,"Beach","Noon to 5 pm","Autumn","Unknown","Attack","Animal","2019/20",1,2020-04-01,2020,4
130,"Beach","Noon to 5 pm","Autumn","Unknown","Attack","Animal","2020/21",1,2021-04-01,2021,4
131,"Beach","Noon to 5 pm","Autumn","Unknown","Attack","Human","2018/19",1,2019-04-01,2019,4
132,"Beach","Noon to 5 pm","Autumn","Unknown","Attack","Human","2019/20",1,2020-04-01,2020,4
133,"Beach","Noon to 5 pm","Autumn","Unknown","Attack","Unknown","2021/22",1,2022-04-01,2022,4
134,"Beach","Noon to 5 pm","Autumn","Unknown","Harassment","Human","2020/21",2,2021-04-01,2021,4
135,"Beach","Noon to 5 pm","Autumn","Unknown","Harassment","Unknown","2021/22",1,2022-04-01,2022,4
136,"Beach","Noon to 5 pm","Spring","No Leash","Attack","Human","2020/21",1,2020-10-01,2020,10
137,"Beach","Noon to 5 pm","Spring","No Leash","Attack","Unknown","2023/24",1,2023-10-01,2023,10
138,"Beach","Noon to 5 pm","Spring","No Leash","Harassment","Animal","2020/21",1,2020-10-01,2020,10
139,"Beach","Noon to 5 pm","Spring","No Leash","Harassment","Animal","2022/23",1,2022-10-01,2022,10
140,"Beach","Noon to 5 pm","Spring","No Leash","Harassment","Unknown","2021/22",1,2021-10-01,2021,10
141,"Beach","Noon to 5 pm","Spring","On a Leash","Attack","Animal","2022/23",1,2022-10-01,2022,10
142,"Beach","Noon to 5 pm","Spring","On a Leash","Attack","Human","2021/22",1,2021-10-01,2021,10
143,"Beach","Noon to 5 pm","Spring","Unknown","Attack","Animal","2018/19",1,2018-10-01,2018,10
144,"Beach","Noon to 5 pm","Spring","Unknown","Attack","Animal","2019/20",1,2019-10-01,2019,10
145,"Beach","Noon to 5 pm","Spring","Unknown","Attack","Unknown","2021/22",1,2021-10-01,2021,10
146,"Beach","Noon to 5 pm","Spring","Unknown","Harassment","Human","2021/22",1,2021-10-01,2021,10
147,"Beach","Noon to 5 pm","Summer","No Leash","Attack","Human","2018/19",1,2019-01-01,2019,1
148,"Beach","Noon to 5 pm","Summer","No Leash","Attack","Unknown","2020/21",1,2021-01-01,2021,1
149,"Beach","Noon to 5 pm","Summer","No Leash","Attack","Unknown","2023/24",1,2024-01-01,2024,1
150,"Beach","Noon to 5 pm","Summer","On a Leash","Attack","Animal","2018/19",1,2019-01-01,2019,1
151,"Beach","Noon to 5 pm","Summer","On a Leash","Attack","Animal","2019/20",2,2020-01-01,2020,1
152,"Beach","Noon to 5 pm","Summer","On a Leash","Attack","Animal","2022/23",1,2023-01-01,2023,1
153,"Beach","Noon to 5 pm","Summer","On a Leash","Attack","Both","2019/20",1,2020-01-01,2020,1
154,"Beach","Noon to 5 pm","Summer","On a Leash","Harassment","Unknown","2023/24",1,2024-01-01,2024,1
155,"Beach","Noon to 5 pm","Summer","Unknown","Attack","Animal","2019/20",2,2020-01-01,2020,1
156,"Beach","Noon to 5 pm","Summer","Unknown","Attack","Animal","2020/21",1,2021-01-01,2021,1
157,"Beach","Noon to 5 pm","Summer","Unknown","Attack","Human","2020/21",1,2021-01-01,2021,1
158,"Beach","Noon to 5 pm","Summer","Unknown","Attack","Human","2021/22",1,2022-01-01,2022,1
159,"Beach","Noon to 5 pm","Summer","Unknown","Attack","Human","2022/23",1,2023-01-01,2023,1
160,"Beach","Noon to 5 pm","Summer","Unknown","Attack","Human","2023/24",1,2024-01-01,2024,1
161,"Beach","Noon to 5 pm","Summer","Unknown","Harassment","Animal","2018/19",1,2019-01-01,2019,1
162,"Beach","Noon to 5 pm","Summer","Unknown","Harassment","Animal","2019/20",1,2020-01-01,2020,1
163,"Beach","Noon to 5 pm","Summer","Unknown","Harassment","Both","2018/19",1,2019-01-01,2019,1
164,"Beach","Noon to 5 pm","Summer","Unknown","Harassment","Unknown","2021/22",1,2022-01-01,2022,1
165,"Beach","Noon to 5 pm","Winter","No Leash","Harassment","Human","2020/21",1,2020-07-01,2020,7
166,"Beach","Noon to 5 pm","Winter","On a Leash","Attack","Human","2018/19",1,2018-07-01,2018,7
167,"Beach","Noon to 5 pm","Winter","Unknown","Attack","Animal","2018/19",1,2018-07-01,2018,7
168,"Beach","Noon to 5 pm","Winter","Unknown","Attack","Animal","2023/24",1,2023-07-01,2023,7
169,"Beach","Noon to 5 pm","Winter","Unknown","Attack","Unknown","2019/20",1,2019-07-01,2019,7
170,"Beach","Noon to 5 pm","Winter","Unknown","Attack","Unknown","2020/21",2,2020-07-01,2020,7
171,"Beach","Noon to 5 pm","Winter","Unknown","Attack","Unknown","2021/22",2,2021-07-01,2021,7
172,"Beach","Noon to 5 pm","Winter","Unknown","Attack","Unknown","2022/23",1,2022-07-01,2022,7
173,"Beach","Noon to 5 pm","Winter","Unknown","Attack","Unknown","2023/24",1,2023-07-01,2023,7
174,"Beach","Noon to 5 pm","Winter","Unknown","Harassment","Animal","2019/20",1,2019-07-01,2019,7
175,"Beach","Unknown","Autumn","On a Leash","Attack","Unknown","2020/21",1,2021-04-01,2021,4
176,"Beach","Unknown","Autumn","On a Leash","Attack","Unknown","2023/24",1,2024-04-01,2024,4
177,"Beach","Unknown","Autumn","Unknown","Attack","Human","2019/20",1,2020-04-01,2020,4
178,"Beach","Unknown","Spring","No Leash","Attack","Animal","2018/19",1,2018-10-01,2018,10
179,"Beach","Unknown","Spring","No Leash","Attack","Animal","2020/21",1,2020-10-01,2020,10
180,"Beach","Unknown","Spring","No Leash","Attack","Unknown","2020/21",1,2020-10-01,2020,10
181,"Beach","Unknown","Spring","Unknown","Harassment","Human","2018/19",1,2018-10-01,2018,10
182,"Beach","Unknown","Spring","Unknown","Harassment","Unknown","2020/21",1,2020-10-01,2020,10
183,"Beach","Unknown","Summer","No Leash","Attack","Animal","2018/19",1,2019-01-01,2019,1
185,"Beach","Unknown","Summer","Unknown","Attack","Unknown","2020/21",1,2021-01-01,2021,1
186,"Beach","Unknown","Summer","Unknown","Attack","Unknown","2021/22",1,2022-01-01,2022,1
187,"Beach","Unknown","Summer","Unknown","Harassment","Human","2018/19",2,2019-01-01,2019,1
188,"Beach","Unknown","Winter","No Leash","Attack","Animal","2018/19",1,2018-07-01,2018,7
189,"Beach","Unknown","Winter","Unknown","Harassment","Human","2021/22",1,2021-07-01,2021,7
190,"Beach","Unknown","Winter","Unknown","Harassment","Unknown","2018/19",1,2018-07-01,2018,7
192,"Commercial property","5 pm to 8 pm","Spring","No Leash","Attack","Human","2022/23",1,2022-10-01,2022,10
193,"Commercial property","5 pm to 8 pm","Summer","No Leash","Harassment","Animal","2019/20",1,2020-01-01,2020,1
194,"Commercial property","5 pm to 8 pm","Summer","Unknown","Attack","Human","2020/21",1,2021-01-01,2021,1
195,"Commercial property","5 pm to 8 pm","Winter","No Leash","Attack","Human","2021/22",1,2021-07-01,2021,7
196,"Commercial property","5 pm to 8 pm","Winter","On a Leash","Attack","Human","2018/19",1,2018-07-01,2018,7
197,"Commercial property","5 pm to 8 pm","Winter","Unknown","Attack","Animal","2021/22",2,2021-07-01,2021,7
198,"Commercial property","5 pm to 8 pm","Winter","Unknown","Attack","Human","2022/23",1,2022-07-01,2022,7
199,"Commercial property","6 am to 9 am","Autumn","Unknown","Attack","Human","2019/20",1,2020-04-01,2020,4
201,"Commercial property","6 am to 9 am","Spring","Unknown","Attack","Animal","2022/23",1,2022-10-01,2022,10
202,"Commercial property","8 pm to 10 pm","Spring","Unknown","Attack","Human","2021/22",1,2021-10-01,2021,10
204,"Commercial property","9 am to Noon","Autumn","On a Leash","Attack","Human","2021/22",1,2022-04-01,2022,4
205,"Commercial property","9 am to Noon","Spring","No Leash","Attack","Animal","2020/21",1,2020-10-01,2020,10
206,"Commercial property","9 am to Noon","Spring","No Leash","Harassment","Human","2020/21",1,2020-10-01,2020,10
207,"Commercial property","9 am to Noon","Spring","On a Leash","Attack","Animal","2020/21",1,2020-10-01,2020,10
208,"Commercial property","9 am to Noon","Spring","On a Leash","Attack","Human","2023/24",1,2023-10-01,2023,10
209,"Commercial property","9 am to Noon","Spring","Unknown","Attack","Unknown","2021/22",1,2021-10-01,2021,10
210,"Commercial property","9 am to Noon","Summer","No Leash","Attack","Human","2020/21",1,2021-01-01,2021,1
211,"Commercial property","9 am to Noon","Summer","On a Leash","Attack","Animal","2019/20",1,2020-01-01,2020,1
212,"Commercial property","9 am to Noon","Summer","On a Leash","Attack","Human","2021/22",1,2022-01-01,2022,1
213,"Commercial property","9 am to Noon","Summer","On a Leash","Attack","Unknown","2020/21",2,2021-01-01,2021,1
214,"Commercial property","9 am to Noon","Summer","Unknown","Attack","Animal","2020/21",1,2021-01-01,2021,1
215,"Commercial property","9 am to Noon","Summer","Unknown","Attack","Human","2018/19",1,2019-01-01,2019,1
216,"Commercial property","9 am to Noon","Summer","Unknown","Attack","Human","2020/21",1,2021-01-01,2021,1
217,"Commercial property","9 am to Noon","Summer","Unknown","Attack","Human","2023/24",1,2024-01-01,2024,1
218,"Commercial property","9 am to Noon","Winter","No Leash","Attack","Animal","2021/22",1,2021-07-01,2021,7
219,"Commercial property","9 am to Noon","Winter","No Leash","Attack","Human","2020/21",1,2020-07-01,2020,7
220,"Commercial property","9 am to Noon","Winter","No Leash","Harassment","Unknown","2020/21",1,2020-07-01,2020,7
221,"Commercial property","9 am to Noon","Winter","On a Leash","Attack","Human","2019/20",1,2019-07-01,2019,7
222,"Commercial property","9 am to Noon","Winter","On a Leash","Attack","Human","2020/21",1,2020-07-01,2020,7
223,"Commercial property","9 am to Noon","Winter","Unknown","Attack","Human","2019/20",1,2019-07-01,2019,7
224,"Commercial property","Noon to 5 pm","Autumn","No Leash","Attack","Human","2022/23",1,2023-04-01,2023,4
225,"Commercial property","Noon to 5 pm","Autumn","On a Leash","Attack","Human","2020/21",3,2021-04-01,2021,4
226,"Commercial property","Noon to 5 pm","Autumn","On a Leash","Attack","Unknown","2022/23",1,2023-04-01,2023,4
227,"Commercial property","Noon to 5 pm","Autumn","Unknown","Attack","Human","2019/20",2,2020-04-01,2020,4
228,"Commercial property","Noon to 5 pm","Autumn","Unknown","Attack","Human","2023/24",1,2024-04-01,2024,4
229,"Commercial property","Noon to 5 pm","Autumn","Unknown","Attack","Unknown","2021/22",1,2022-04-01,2022,4
230,"Commercial property","Noon to 5 pm","Autumn","Unknown","Attack","Unknown","2022/23",1,2023-04-01,2023,4
231,"Commercial property","Noon to 5 pm","Spring","No Leash","Attack","Animal","2019/20",2,2019-10-01,2019,10
232,"Commercial property","Noon to 5 pm","Spring","No Leash","Attack","Human","2018/19",1,2018-10-01,2018,10
233,"Commercial property","Noon to 5 pm","Spring","Unknown","Attack","Human","2021/22",1,2021-10-01,2021,10
235,"Commercial property","Noon to 5 pm","Spring","Unknown","Harassment","Animal","2023/24",1,2023-10-01,2023,10
236,"Commercial property","Noon to 5 pm","Summer","No Leash","Attack","Animal","2023/24",1,2024-01-01,2024,1
237,"Commercial property","Noon to 5 pm","Summer","No Leash","Attack","Human","2018/19",1,2019-01-01,2019,1
238,"Commercial property","Noon to 5 pm","Summer","No Leash","Attack","Human","2019/20",1,2020-01-01,2020,1
239,"Commercial property","Noon to 5 pm","Summer","No Leash","Attack","Human","2020/21",3,2021-01-01,2021,1
240,"Commercial property","Noon to 5 pm","Summer","On a Leash","Harassment","Animal","2019/20",1,2020-01-01,2020,1
241,"Commercial property","Noon to 5 pm","Summer","Unknown","Attack","Human","2021/22",1,2022-01-01,2022,1
242,"Commercial property","Noon to 5 pm","Summer","Unknown","Attack","Unknown","2021/22",1,2022-01-01,2022,1
243,"Commercial property","Noon to 5 pm","Summer","Unknown","Harassment","Human","2019/20",1,2020-01-01,2020,1
244,"Commercial property","Noon to 5 pm","Winter","No Leash","Attack","Human","2018/19",1,2018-07-01,2018,7
245,"Commercial property","Noon to 5 pm","Winter","No Leash","Attack","Human","2021/22",1,2021-07-01,2021,7
246,"Commercial property","Noon to 5 pm","Winter","No Leash","Attack","Unknown","2021/22",2,2021-07-01,2021,7
247,"Commercial property","Noon to 5 pm","Winter","On a Leash","Attack","Animal","2019/20",1,2019-07-01,2019,7
248,"Commercial property","Noon to 5 pm","Winter","On a Leash","Attack","Unknown","2023/24",1,2023-07-01,2023,7
249,"Commercial property","Noon to 5 pm","Winter","Unknown","Attack","Animal","2020/21",1,2020-07-01,2020,7
250,"Commercial property","Noon to 5 pm","Winter","Unknown","Attack","Animal","2022/23",1,2022-07-01,2022,7
251,"Commercial property","Noon to 5 pm","Winter","Unknown","Attack","Human","2018/19",1,2018-07-01,2018,7
252,"Commercial property","Noon to 5 pm","Winter","Unknown","Attack","Human","2021/22",1,2021-07-01,2021,7
253,"Commercial property","Noon to 5 pm","Winter","Unknown","Attack","Human","2022/23",1,2022-07-01,2022,7
254,"Commercial property","Noon to 5 pm","Winter","Unknown","Attack","Unknown","2021/22",1,2021-07-01,2021,7
255,"Commercial property","Unknown","Autumn","No Leash","Attack","Animal","2020/21",1,2021-04-01,2021,4
256,"Commercial property","Unknown","Autumn","On a Leash","Attack","Human","2021/22",1,2022-04-01,2022,4
257,"Commercial property","Unknown","Autumn","Unknown","Attack","Animal","2020/21",1,2021-04-01,2021,4
258,"Commercial property","Unknown","Autumn","Unknown","Harassment","Unknown","2022/23",1,2023-04-01,2023,4
259,"Commercial property","Unknown","Spring","No Leash","Attack","Human","2021/22",1,2021-10-01,2021,10
260,"Commercial property","Unknown","Spring","Unknown","Attack","Animal","2020/21",1,2020-10-01,2020,10
261,"Commercial property","Unknown","Summer","No Leash","Attack","Animal","2020/21",1,2021-01-01,2021,1
262,"Commercial property","Unknown","Summer","No Leash","Attack","Unknown","2019/20",1,2020-01-01,2020,1
263,"Commercial property","Unknown","Summer","Unknown","Attack","Animal","2020/21",1,2021-01-01,2021,1
264,"Commercial property","Unknown","Summer","Unknown","Attack","Unknown","2020/21",1,2021-01-01,2021,1
265,"Commercial property","Unknown","Winter","No Leash","Attack","Unknown","2021/22",1,2021-07-01,2021,7
266,"Commercial property","Unknown","Winter","Unknown","Attack","Animal","2020/21",1,2020-07-01,2020,7
267,"Commercial property","Unknown","Winter","Unknown","Attack","Unknown","2018/19",1,2018-07-01,2018,7
268,"Commercial property","Unknown","Winter","Unknown","Harassment","Unknown","2020/21",1,2020-07-01,2020,7
269,"Dog Park","5 pm to 8 pm","Autumn","No Leash","Attack","Animal","2020/21",1,2021-04-01,2021,4
270,"Dog Park","5 pm to 8 pm","Autumn","No Leash","Attack","Animal","2022/23",1,2023-04-01,2023,4
271,"Dog Park","5 pm to 8 pm","Autumn","No Leash","Attack","Human","2020/21",1,2021-04-01,2021,4
272,"Dog Park","5 pm to 8 pm","Autumn","No Leash","Attack","Unknown","2021/22",1,2022-04-01,2022,4
273,"Dog Park","5 pm to 8 pm","Autumn","No Leash","Harassment","Animal","2023/24",1,2024-04-01,2024,4
274,"Dog Park","5 pm to 8 pm","Autumn","On a Leash","Attack","Animal","2022/23",1,2023-04-01,2023,4
275,"Dog Park","5 pm to 8 pm","Autumn","Unknown","Attack","Animal","2019/20",1,2020-04-01,2020,4
276,"Dog Park","5 pm to 8 pm","Autumn","Unknown","Attack","Animal","2020/21",1,2021-04-01,2021,4
277,"Dog Park","5 pm to 8 pm","Autumn","Unknown","Attack","Animal","2022/23",1,2023-04-01,2023,4
278,"Dog Park","5 pm to 8 pm","Autumn","Unknown","Attack","Human","2021/22",1,2022-04-01,2022,4
279,"Dog Park","5 pm to 8 pm","Autumn","Unknown","Harassment","Animal","2021/22",1,2022-04-01,2022,4
280,"Dog Park","5 pm to 8 pm","Spring","No Leash","Attack","Animal","2020/21",2,2020-10-01,2020,10
281,"Dog Park","5 pm to 8 pm","Spring","No Leash","Attack","Animal","2021/22",1,2021-10-01,2021,10
282,"Dog Park","5 pm to 8 pm","Spring","No Leash","Attack","Human","2018/19",1,2018-10-01,2018,10
283,"Dog Park","5 pm to 8 pm","Spring","No Leash","Attack","Human","2019/20",1,2019-10-01,2019,10
284,"Dog Park","5 pm to 8 pm","Spring","No Leash","Harassment","Human","2018/19",1,2018-10-01,2018,10
285,"Dog Park","5 pm to 8 pm","Spring","On a Leash","Attack","Animal","2023/24",1,2023-10-01,2023,10
286,"Dog Park","5 pm to 8 pm","Spring","Unknown","Attack","Animal","2020/21",1,2020-10-01,2020,10
287,"Dog Park","5 pm to 8 pm","Spring","Unknown","Attack","Animal","2023/24",1,2023-10-01,2023,10
288,"Dog Park","5 pm to 8 pm","Spring","Unknown","Attack","Unknown","2023/24",1,2023-10-01,2023,10
289,"Dog Park","5 pm to 8 pm","Spring","Unknown","Harassment","Animal","2020/21",1,2020-10-01,2020,10
290,"Dog Park","5 pm to 8 pm","Spring","Unknown","Harassment","Animal","2022/23",1,2022-10-01,2022,10
291,"Dog Park","5 pm to 8 pm","Spring","Unknown","Harassment","Unknown","2020/21",1,2020-10-01,2020,10
292,"Dog Park","5 pm to 8 pm","Spring","Unknown","Harassment","Unknown","2022/23",1,2022-10-01,2022,10
293,"Dog Park","5 pm to 8 pm","Summer","No Leash","Attack","Animal","2022/23",2,2023-01-01,2023,1
294,"Dog Park","5 pm to 8 pm","Summer","No Leash","Attack","Human","2021/22",2,2022-01-01,2022,1
295,"Dog Park","5 pm to 8 pm","Summer","No Leash","Harassment","Animal","2020/21",1,2021-01-01,2021,1
296,"Dog Park","5 pm to 8 pm","Summer","No Leash","Harassment","Animal","2022/23",1,2023-01-01,2023,1
297,"Dog Park","5 pm to 8 pm","Summer","Unknown","Attack","Animal","2020/21",1,2021-01-01,2021,1
298,"Dog Park","5 pm to 8 pm","Summer","Unknown","Attack","Both","2019/20",1,2020-01-01,2020,1
299,"Dog Park","5 pm to 8 pm","Summer","Unknown","Attack","Unknown","2020/21",1,2021-01-01,2021,1
300,"Dog Park","5 pm to 8 pm","Summer","Unknown","Attack","Unknown","2021/22",1,2022-01-01,2022,1
301,"Dog Park","5 pm to 8 pm","Summer","Unknown","Attack","Unknown","2023/24",1,2024-01-01,2024,1
302,"Dog Park","5 pm to 8 pm","Summer","Unknown","Harassment","Animal","2018/19",1,2019-01-01,2019,1
303,"Dog Park","5 pm to 8 pm","Summer","Unknown","Harassment","Animal","2019/20",1,2020-01-01,2020,1
304,"Dog Park","5 pm to 8 pm","Summer","Unknown","Harassment","Animal","2020/21",1,2021-01-01,2021,1
305,"Dog Park","5 pm to 8 pm","Winter","No Leash","Attack","Animal","2019/20",1,2019-07-01,2019,7
306,"Dog Park","5 pm to 8 pm","Winter","No Leash","Harassment","Animal","2018/19",1,2018-07-01,2018,7
307,"Dog Park","5 pm to 8 pm","Winter","Unknown","Attack","Animal","2023/24",1,2023-07-01,2023,7
308,"Dog Park","5 pm to 8 pm","Winter","Unknown","Attack","Human","2022/23",1,2022-07-01,2022,7
310,"Dog Park","5 pm to 8 pm","Winter","Unknown","Harassment","Animal","2021/22",1,2021-07-01,2021,7
311,"Dog Park","5 pm to 8 pm","Winter","Unknown","Harassment","Animal","2023/24",1,2023-07-01,2023,7
312,"Dog Park","6 am to 9 am","Autumn","No Leash","Attack","Animal","2021/22",1,2022-04-01,2022,4
313,"Dog Park","6 am to 9 am","Autumn","No Leash","Harassment","Animal","2022/23",1,2023-04-01,2023,4
314,"Dog Park","6 am to 9 am","Autumn","Unknown","Attack","Animal","2022/23",1,2023-04-01,2023,4
315,"Dog Park","6 am to 9 am","Autumn","Unknown","Attack","Unknown","2019/20",1,2020-04-01,2020,4
316,"Dog Park","6 am to 9 am","Spring","No Leash","Attack","Animal","2021/22",2,2021-10-01,2021,10
318,"Dog Park","6 am to 9 am","Spring","No Leash","Attack","Human","2020/21",1,2020-10-01,2020,10
319,"Dog Park","6 am to 9 am","Spring","No Leash","Harassment","Animal","2023/24",1,2023-10-01,2023,10
320,"Dog Park","6 am to 9 am","Spring","Unknown","Attack","Animal","2021/22",2,2021-10-01,2021,10
321,"Dog Park","6 am to 9 am","Spring","Unknown","Attack","Human","2019/20",1,2019-10-01,2019,10
322,"Dog Park","6 am to 9 am","Summer","No Leash","Attack","Animal","2019/20",1,2020-01-01,2020,1
323,"Dog Park","6 am to 9 am","Summer","No Leash","Attack","Animal","2021/22",1,2022-01-01,2022,1
324,"Dog Park","6 am to 9 am","Summer","No Leash","Attack","Animal","2022/23",1,2023-01-01,2023,1
325,"Dog Park","6 am to 9 am","Summer","No Leash","Harassment","Animal","2022/23",1,2023-01-01,2023,1
326,"Dog Park","6 am to 9 am","Summer","No Leash","Harassment","Human","2019/20",1,2020-01-01,2020,1
327,"Dog Park","6 am to 9 am","Winter","No Leash","Attack","Animal","2022/23",1,2022-07-01,2022,7
328,"Dog Park","6 am to 9 am","Winter","No Leash","Harassment","Animal","2021/22",1,2021-07-01,2021,7
329,"Dog Park","6 am to 9 am","Winter","On a Leash","Attack","Unknown","2023/24",1,2023-07-01,2023,7
330,"Dog Park","8 pm to 10 pm","Summer","No Leash","Attack","Animal","2022/23",1,2023-01-01,2023,1
331,"Dog Park","8 pm to 10 pm","Summer","No Leash","Attack","Animal","2023/24",1,2024-01-01,2024,1
332,"Dog Park","8 pm to 10 pm","Summer","No Leash","Harassment","Animal","2021/22",1,2022-01-01,2022,1
333,"Dog Park","9 am to Noon","Autumn","No Leash","Attack","Animal","2020/21",2,2021-04-01,2021,4
334,"Dog Park","9 am to Noon","Autumn","No Leash","Attack","Human","2022/23",1,2023-04-01,2023,4
335,"Dog Park","9 am to Noon","Autumn","No Leash","Attack","Human","2023/24",1,2024-04-01,2024,4
336,"Dog Park","9 am to Noon","Autumn","No Leash","Harassment","Animal","2023/24",1,2024-04-01,2024,4
337,"Dog Park","9 am to Noon","Autumn","No Leash","Harassment","Both","2023/24",1,2024-04-01,2024,4
338,"Dog Park","9 am to Noon","Autumn","No Leash","Harassment","Unknown","2020/21",1,2021-04-01,2021,4
339,"Dog Park","9 am to Noon","Autumn","Unknown","Attack","Animal","2019/20",1,2020-04-01,2020,4
340,"Dog Park","9 am to Noon","Autumn","Unknown","Attack","Animal","2022/23",1,2023-04-01,2023,4
341,"Dog Park","9 am to Noon","Autumn","Unknown","Attack","Animal","2023/24",1,2024-04-01,2024,4
342,"Dog Park","9 am to Noon","Autumn","Unknown","Attack","Unknown","2019/20",1,2020-04-01,2020,4
343,"Dog Park","9 am to Noon","Autumn","Unknown","Attack","Unknown","2022/23",1,2023-04-01,2023,4
344,"Dog Park","9 am to Noon","Autumn","Unknown","Harassment","Animal","2021/22",1,2022-04-01,2022,4
345,"Dog Park","9 am to Noon","Autumn","Unknown","Harassment","Human","2021/22",1,2022-04-01,2022,4
346,"Dog Park","9 am to Noon","Autumn","Unknown","Harassment","Human","2023/24",1,2024-04-01,2024,4
347,"Dog Park","9 am to Noon","Spring","No Leash","Attack","Animal","2021/22",1,2021-10-01,2021,10
348,"Dog Park","9 am to Noon","Spring","No Leash","Attack","Human","2019/20",1,2019-10-01,2019,10
349,"Dog Park","9 am to Noon","Spring","No Leash","Attack","Human","2020/21",1,2020-10-01,2020,10
350,"Dog Park","9 am to Noon","Spring","Unknown","Attack","Animal","2018/19",1,2018-10-01,2018,10
351,"Dog Park","9 am to Noon","Spring","Unknown","Attack","Animal","2019/20",1,2019-10-01,2019,10
352,"Dog Park","9 am to Noon","Spring","Unknown","Attack","Human","2019/20",1,2019-10-01,2019,10
353,"Dog Park","9 am to Noon","Spring","Unknown","Attack","Unknown","2019/20",1,2019-10-01,2019,10
354,"Dog Park","9 am to Noon","Spring","Unknown","Attack","Unknown","2022/23",1,2022-10-01,2022,10
355,"Dog Park","9 am to Noon","Spring","Unknown","Attack","Unknown","2023/24",1,2023-10-01,2023,10
357,"Dog Park","9 am to Noon","Spring","Unknown","Harassment","Human","2020/21",1,2020-10-01,2020,10
358,"Dog Park","9 am to Noon","Spring","Unknown","Harassment","Unknown","2020/21",1,2020-10-01,2020,10
359,"Dog Park","9 am to Noon","Summer","No Leash","Attack","Animal","2021/22",1,2022-01-01,2022,1
360,"Dog Park","9 am to Noon","Summer","No Leash","Attack","Animal","2022/23",1,2023-01-01,2023,1
361,"Dog Park","9 am to Noon","Summer","No Leash","Attack","Human","2019/20",1,2020-01-01,2020,1
362,"Dog Park","9 am to Noon","Summer","No Leash","Harassment","Animal","2021/22",1,2022-01-01,2022,1
363,"Dog Park","9 am to Noon","Summer","On a Leash","Attack","Animal","2019/20",1,2020-01-01,2020,1
364,"Dog Park","9 am to Noon","Summer","Unknown","Attack","Animal","2022/23",1,2023-01-01,2023,1
365,"Dog Park","9 am to Noon","Summer","Unknown","Harassment","Human","2019/20",1,2020-01-01,2020,1
366,"Dog Park","9 am to Noon","Winter","No Leash","Attack","Animal","2018/19",1,2018-07-01,2018,7
367,"Dog Park","9 am to Noon","Winter","No Leash","Attack","Unknown","2022/23",1,2022-07-01,2022,7
368,"Dog Park","9 am to Noon","Winter","No Leash","Harassment","Animal","2020/21",1,2020-07-01,2020,7
370,"Dog Park","9 am to Noon","Winter","No Leash","Harassment","Both","2020/21",1,2020-07-01,2020,7
371,"Dog Park","9 am to Noon","Winter","No Leash","Harassment","Human","2022/23",1,2022-07-01,2022,7
372,"Dog Park","9 am to Noon","Winter","On a Leash","Harassment","Human","2022/23",1,2022-07-01,2022,7
373,"Dog Park","9 am to Noon","Winter","Unknown","Attack","Animal","2023/24",2,2023-07-01,2023,7
374,"Dog Park","9 am to Noon","Winter","Unknown","Attack","Human","2022/23",1,2022-07-01,2022,7
375,"Dog Park","9 am to Noon","Winter","Unknown","Attack","Unknown","2019/20",1,2019-07-01,2019,7
376,"Dog Park","9 am to Noon","Winter","Unknown","Harassment","Human","2021/22",1,2021-07-01,2021,7
377,"Dog Park","9 am to Noon","Winter","Unknown","Harassment","Unknown","2018/19",1,2018-07-01,2018,7
378,"Dog Park","9 am to Noon","Winter","Unknown","Harassment","Unknown","2019/20",1,2019-07-01,2019,7
380,"Dog Park","Noon to 5 pm","Autumn","No Leash","Attack","Animal","2018/19",2,2019-04-01,2019,4
381,"Dog Park","Noon to 5 pm","Autumn","No Leash","Attack","Animal","2020/21",4,2021-04-01,2021,4
382,"Dog Park","Noon to 5 pm","Autumn","No Leash","Attack","Animal","2021/22",2,2022-04-01,2022,4
383,"Dog Park","Noon to 5 pm","Autumn","No Leash","Attack","Animal","2022/23",1,2023-04-01,2023,4
384,"Dog Park","Noon to 5 pm","Autumn","No Leash","Attack","Animal","2023/24",1,2024-04-01,2024,4
385,"Dog Park","Noon to 5 pm","Autumn","No Leash","Attack","Both","2021/22",1,2022-04-01,2022,4
386,"Dog Park","Noon to 5 pm","Autumn","No Leash","Attack","Human","2019/20",1,2020-04-01,2020,4
387,"Dog Park","Noon to 5 pm","Autumn","No Leash","Attack","Human","2020/21",1,2021-04-01,2021,4
388,"Dog Park","Noon to 5 pm","Autumn","No Leash","Attack","Unknown","2020/21",1,2021-04-01,2021,4
389,"Dog Park","Noon to 5 pm","Autumn","No Leash","Attack","Unknown","2022/23",1,2023-04-01,2023,4
390,"Dog Park","Noon to 5 pm","Autumn","On a Leash","Attack","Unknown","2022/23",1,2023-04-01,2023,4
391,"Dog Park","Noon to 5 pm","Autumn","Unknown","Attack","Animal","2019/20",1,2020-04-01,2020,4
392,"Dog Park","Noon to 5 pm","Autumn","Unknown","Attack","Animal","2020/21",1,2021-04-01,2021,4
393,"Dog Park","Noon to 5 pm","Autumn","Unknown","Attack","Animal","2022/23",2,2023-04-01,2023,4
394,"Dog Park","Noon to 5 pm","Autumn","Unknown","Attack","Human","2019/20",1,2020-04-01,2020,4
395,"Dog Park","Noon to 5 pm","Autumn","Unknown","Attack","Unknown","2023/24",1,2024-04-01,2024,4
396,"Dog Park","Noon to 5 pm","Autumn","Unknown","Harassment","Animal","2021/22",1,2022-04-01,2022,4
397,"Dog Park","Noon to 5 pm","Autumn","Unknown","Harassment","Animal","2022/23",1,2023-04-01,2023,4
399,"Dog Park","Noon to 5 pm","Autumn","Unknown","Harassment","Human","2018/19",1,2019-04-01,2019,4
400,"Dog Park","Noon to 5 pm","Autumn","Unknown","Harassment","Unknown","2021/22",1,2022-04-01,2022,4
401,"Dog Park","Noon to 5 pm","Autumn","Unknown","Harassment","Unknown","2022/23",1,2023-04-01,2023,4
402,"Dog Park","Noon to 5 pm","Spring","No Leash","Attack","Animal","2019/20",1,2019-10-01,2019,10
403,"Dog Park","Noon to 5 pm","Spring","No Leash","Attack","Animal","2020/21",1,2020-10-01,2020,10
404,"Dog Park","Noon to 5 pm","Spring","No Leash","Attack","Animal","2021/22",1,2021-10-01,2021,10
405,"Dog Park","Noon to 5 pm","Spring","No Leash","Attack","Animal","2022/23",1,2022-10-01,2022,10
406,"Dog Park","Noon to 5 pm","Spring","No Leash","Attack","Animal","2023/24",2,2023-10-01,2023,10
407,"Dog Park","Noon to 5 pm","Spring","No Leash","Attack","Human","2020/21",1,2020-10-01,2020,10
408,"Dog Park","Noon to 5 pm","Spring","No Leash","Attack","Unknown","2023/24",1,2023-10-01,2023,10
409,"Dog Park","Noon to 5 pm","Spring","No Leash","Harassment","Animal","2018/19",1,2018-10-01,2018,10
410,"Dog Park","Noon to 5 pm","Spring","No Leash","Harassment","Animal","2021/22",1,2021-10-01,2021,10
411,"Dog Park","Noon to 5 pm","Spring","No Leash","Harassment","Human","2020/21",1,2020-10-01,2020,10
412,"Dog Park","Noon to 5 pm","Spring","No Leash","Harassment","Unknown","2018/19",1,2018-10-01,2018,10
413,"Dog Park","Noon to 5 pm","Spring","On a Leash","Attack","Animal","2019/20",1,2019-10-01,2019,10
414,"Dog Park","Noon to 5 pm","Spring","Unknown","Attack","Animal","2018/19",1,2018-10-01,2018,10
415,"Dog Park","Noon to 5 pm","Spring","Unknown","Attack","Animal","2019/20",1,2019-10-01,2019,10
416,"Dog Park","Noon to 5 pm","Spring","Unknown","Attack","Animal","2020/21",1,2020-10-01,2020,10
417,"Dog Park","Noon to 5 pm","Spring","Unknown","Attack","Animal","2021/22",2,2021-10-01,2021,10
418,"Dog Park","Noon to 5 pm","Spring","Unknown","Attack","Animal","2022/23",2,2022-10-01,2022,10
419,"Dog Park","Noon to 5 pm","Spring","Unknown","Attack","Animal","2023/24",2,2023-10-01,2023,10
420,"Dog Park","Noon to 5 pm","Spring","Unknown","Attack","Unknown","2021/22",1,2021-10-01,2021,10
421,"Dog Park","Noon to 5 pm","Spring","Unknown","Harassment","Animal","2019/20",1,2019-10-01,2019,10
422,"Dog Park","Noon to 5 pm","Spring","Unknown","Harassment","Unknown","2018/19",1,2018-10-01,2018,10
423,"Dog Park","Noon to 5 pm","Spring","Unknown","Harassment","Unknown","2019/20",1,2019-10-01,2019,10
424,"Dog Park","Noon to 5 pm","Summer","No Leash","Attack","Animal","2019/20",1,2020-01-01,2020,1
425,"Dog Park","Noon to 5 pm","Summer","No Leash","Attack","Animal","2020/21",1,2021-01-01,2021,1
426,"Dog Park","Noon to 5 pm","Summer","No Leash","Attack","Animal","2023/24",1,2024-01-01,2024,1
427,"Dog Park","Noon to 5 pm","Summer","On a Leash","Attack","Animal","2023/24",1,2024-01-01,2024,1
428,"Dog Park","Noon to 5 pm","Summer","Unknown","Attack","Animal","2019/20",1,2020-01-01,2020,1
429,"Dog Park","Noon to 5 pm","Summer","Unknown","Attack","Animal","2020/21",1,2021-01-01,2021,1
430,"Dog Park","Noon to 5 pm","Summer","Unknown","Attack","Human","2019/20",1,2020-01-01,2020,1
431,"Dog Park","Noon to 5 pm","Summer","Unknown","Attack","Human","2020/21",1,2021-01-01,2021,1
432,"Dog Park","Noon to 5 pm","Summer","Unknown","Attack","Unknown","2019/20",1,2020-01-01,2020,1
433,"Dog Park","Noon to 5 pm","Summer","Unknown","Harassment","Animal","2020/21",1,2021-01-01,2021,1
434,"Dog Park","Noon to 5 pm","Winter","No Leash","Attack","Animal","2021/22",3,2021-07-01,2021,7
435,"Dog Park","Noon to 5 pm","Winter","No Leash","Attack","Animal","2022/23",2,2022-07-01,2022,7
436,"Dog Park","Noon to 5 pm","Winter","No Leash","Attack","Both","2020/21",1,2020-07-01,2020,7
437,"Dog Park","Noon to 5 pm","Winter","No Leash","Attack","Human","2021/22",1,2021-07-01,2021,7
438,"Dog Park","Noon to 5 pm","Winter","No Leash","Attack","Unknown","2023/24",1,2023-07-01,2023,7
439,"Dog Park","Noon to 5 pm","Winter","No Leash","Harassment","Animal","2019/20",1,2019-07-01,2019,7
440,"Dog Park","Noon to 5 pm","Winter","No Leash","Harassment","Human","2021/22",1,2021-07-01,2021,7
441,"Dog Park","Noon to 5 pm","Winter","No Leash","Harassment","Unknown","2020/21",1,2020-07-01,2020,7
442,"Dog Park","Noon to 5 pm","Winter","On a Leash","Attack","Animal","2023/24",1,2023-07-01,2023,7
443,"Dog Park","Noon to 5 pm","Winter","Unknown","Attack","Animal","2020/21",2,2020-07-01,2020,7
444,"Dog Park","Noon to 5 pm","Winter","Unknown","Attack","Animal","2021/22",1,2021-07-01,2021,7
445,"Dog Park","Noon to 5 pm","Winter","Unknown","Attack","Animal","2022/23",3,2022-07-01,2022,7
446,"Dog Park","Noon to 5 pm","Winter","Unknown","Attack","Animal","2023/24",1,2023-07-01,2023,7
447,"Dog Park","Noon to 5 pm","Winter","Unknown","Attack","Human","2018/19",1,2018-07-01,2018,7
448,"Dog Park","Noon to 5 pm","Winter","Unknown","Attack","Unknown","2019/20",1,2019-07-01,2019,7
449,"Dog Park","Noon to 5 pm","Winter","Unknown","Attack","Unknown","2020/21",1,2020-07-01,2020,7
450,"Dog Park","Noon to 5 pm","Winter","Unknown","Attack","Unknown","2021/22",1,2021-07-01,2021,7
451,"Dog Park","Noon to 5 pm","Winter","Unknown","Attack","Unknown","2022/23",2,2022-07-01,2022,7
452,"Dog Park","Noon to 5 pm","Winter","Unknown","Attack","Unknown","2023/24",1,2023-07-01,2023,7
453,"Dog Park","Noon to 5 pm","Winter","Unknown","Harassment","Animal","2019/20",1,2019-07-01,2019,7
454,"Dog Park","Noon to 5 pm","Winter","Unknown","Harassment","Animal","2021/22",1,2021-07-01,2021,7
455,"Dog Park","Noon to 5 pm","Winter","Unknown","Harassment","Animal","2022/23",2,2022-07-01,2022,7
456,"Dog Park","Noon to 5 pm","Winter","Unknown","Harassment","Unknown","2019/20",1,2019-07-01,2019,7
457,"Dog Park","Noon to 5 pm","Winter","Unknown","Harassment","Unknown","2020/21",1,2020-07-01,2020,7
458,"Dog Park","Unknown","Autumn","No Leash","Attack","Animal","2020/21",1,2021-04-01,2021,4
459,"Dog Park","Unknown","Autumn","No Leash","Attack","Unknown","2021/22",1,2022-04-01,2022,4
460,"Dog Park","Unknown","Autumn","No Leash","Harassment","Unknown","2022/23",1,2023-04-01,2023,4
461,"Dog Park","Unknown","Autumn","Unknown","Attack","Animal","2018/19",1,2019-04-01,2019,4
462,"Dog Park","Unknown","Autumn","Unknown","Attack","Animal","2021/22",1,2022-04-01,2022,4
463,"Dog Park","Unknown","Spring","Unknown","Attack","Unknown","2022/23",1,2022-10-01,2022,10
464,"Dog Park","Unknown","Summer","No Leash","Attack","Animal","2018/19",1,2019-01-01,2019,1
465,"Dog Park","Unknown","Summer","No Leash","Attack","Animal","2022/23",1,2023-01-01,2023,1
466,"Dog Park","Unknown","Summer","No Leash","Attack","Unknown","2023/24",1,2024-01-01,2024,1
467,"Dog Park","Unknown","Summer","No Leash","Harassment","Animal","2018/19",1,2019-01-01,2019,1
468,"Dog Park","Unknown","Summer","On a Leash","Harassment","Unknown","2020/21",1,2021-01-01,2021,1
469,"Dog Park","Unknown","Winter","No Leash","Attack","Animal","2018/19",3,2018-07-01,2018,7
470,"Dog Park","Unknown","Winter","No Leash","Attack","Animal","2019/20",1,2019-07-01,2019,7
471,"Dog Park","Unknown","Winter","No Leash","Attack","Unknown","2019/20",1,2019-07-01,2019,7
472,"Dog Park","Unknown","Winter","No Leash","Harassment","Unknown","2020/21",1,2020-07-01,2020,7
473,"Dog Park","Unknown","Winter","Unknown","Attack","Animal","2022/23",2,2022-07-01,2022,7
474,"Dog Park","Unknown","Winter","Unknown","Attack","Unknown","2018/19",1,2018-07-01,2018,7
475,"Dog Park","Unknown","Winter","Unknown","Attack","Unknown","2022/23",1,2022-07-01,2022,7
476,"Dog Park","Unknown","Winter","Unknown","Harassment","Animal","2020/21",1,2020-07-01,2020,7
477,"Dog Park","Unknown","Winter","Unknown","Harassment","Animal","2021/22",1,2021-07-01,2021,7
478,"Dog Park","Unknown","Winter","Unknown","Harassment","Unknown","2021/22",1,2021-07-01,2021,7
479,"Footpath","5 pm to 8 pm","Autumn","No Leash","Attack","Animal","2018/19",2,2019-04-01,2019,4
480,"Footpath","5 pm to 8 pm","Autumn","No Leash","Attack","Animal","2019/20",2,2020-04-01,2020,4
481,"Footpath","5 pm to 8 pm","Autumn","No Leash","Attack","Animal","2020/21",3,2021-04-01,2021,4
482,"Footpath","5 pm to 8 pm","Autumn","No Leash","Attack","Animal","2021/22",2,2022-04-01,2022,4
483,"Footpath","5 pm to 8 pm","Autumn","No Leash","Attack","Animal","2022/23",7,2023-04-01,2023,4
484,"Footpath","5 pm to 8 pm","Autumn","No Leash","Attack","Animal","2023/24",4,2024-04-01,2024,4
485,"Footpath","5 pm to 8 pm","Autumn","No Leash","Attack","Both","2018/19",2,2019-04-01,2019,4
486,"Footpath","5 pm to 8 pm","Autumn","No Leash","Attack","Both","2023/24",1,2024-04-01,2024,4
487,"Footpath","5 pm to 8 pm","Autumn","No Leash","Attack","Human","2018/19",2,2019-04-01,2019,4
488,"Footpath","5 pm to 8 pm","Autumn","No Leash","Attack","Human","2019/20",4,2020-04-01,2020,4
489,"Footpath","5 pm to 8 pm","Autumn","No Leash","Attack","Human","2020/21",1,2021-04-01,2021,4
490,"Footpath","5 pm to 8 pm","Autumn","No Leash","Attack","Human","2021/22",3,2022-04-01,2022,4
491,"Footpath","5 pm to 8 pm","Autumn","No Leash","Attack","Human","2022/23",3,2023-04-01,2023,4
493,"Footpath","5 pm to 8 pm","Autumn","No Leash","Attack","Unknown","2018/19",2,2019-04-01,2019,4
494,"Footpath","5 pm to 8 pm","Autumn","No Leash","Attack","Unknown","2019/20",2,2020-04-01,2020,4
495,"Footpath","5 pm to 8 pm","Autumn","No Leash","Attack","Unknown","2020/21",1,2021-04-01,2021,4
496,"Footpath","5 pm to 8 pm","Autumn","No Leash","Attack","Unknown","2021/22",1,2022-04-01,2022,4
497,"Footpath","5 pm to 8 pm","Autumn","No Leash","Attack","Unknown","2022/23",1,2023-04-01,2023,4
498,"Footpath","5 pm to 8 pm","Autumn","No Leash","Harassment","Animal","2019/20",3,2020-04-01,2020,4
499,"Footpath","5 pm to 8 pm","Autumn","No Leash","Harassment","Animal","2020/21",2,2021-04-01,2021,4
500,"Footpath","5 pm to 8 pm","Autumn","No Leash","Harassment","Animal","2022/23",3,2023-04-01,2023,4
501,"Footpath","5 pm to 8 pm","Autumn","No Leash","Harassment","Animal","2023/24",2,2024-04-01,2024,4
502,"Footpath","5 pm to 8 pm","Autumn","No Leash","Harassment","Both","2018/19",1,2019-04-01,2019,4
503,"Footpath","5 pm to 8 pm","Autumn","No Leash","Harassment","Both","2021/22",1,2022-04-01,2022,4
504,"Footpath","5 pm to 8 pm","Autumn","No Leash","Harassment","Human","2019/20",1,2020-04-01,2020,4
505,"Footpath","5 pm to 8 pm","Autumn","No Leash","Harassment","Human","2020/21",4,2021-04-01,2021,4
506,"Footpath","5 pm to 8 pm","Autumn","No Leash","Harassment","Human","2021/22",1,2022-04-01,2022,4
507,"Footpath","5 pm to 8 pm","Autumn","No Leash","Harassment","Human","2022/23",2,2023-04-01,2023,4
508,"Footpath","5 pm to 8 pm","Autumn","No Leash","Harassment","Human","2023/24",1,2024-04-01,2024,4
509,"Footpath","5 pm to 8 pm","Autumn","No Leash","Harassment","Unknown","2018/19",1,2019-04-01,2019,4
510,"Footpath","5 pm to 8 pm","Autumn","No Leash","Harassment","Unknown","2019/20",1,2020-04-01,2020,4
511,"Footpath","5 pm to 8 pm","Autumn","No Leash","Harassment","Unknown","2020/21",1,2021-04-01,2021,4
512,"Footpath","5 pm to 8 pm","Autumn","No Leash","Harassment","Unknown","2021/22",1,2022-04-01,2022,4
513,"Footpath","5 pm to 8 pm","Autumn","No Leash","Harassment","Unknown","2023/24",1,2024-04-01,2024,4
515,"Footpath","5 pm to 8 pm","Autumn","On a Leash","Attack","Animal","2018/19",1,2019-04-01,2019,4
516,"Footpath","5 pm to 8 pm","Autumn","On a Leash","Attack","Animal","2020/21",1,2021-04-01,2021,4
517,"Footpath","5 pm to 8 pm","Autumn","On a Leash","Attack","Animal","2021/22",2,2022-04-01,2022,4
518,"Footpath","5 pm to 8 pm","Autumn","On a Leash","Attack","Animal","2022/23",2,2023-04-01,2023,4
519,"Footpath","5 pm to 8 pm","Autumn","On a Leash","Attack","Both","2020/21",1,2021-04-01,2021,4
520,"Footpath","5 pm to 8 pm","Autumn","On a Leash","Attack","Human","2018/19",1,2019-04-01,2019,4
521,"Footpath","5 pm to 8 pm","Autumn","On a Leash","Attack","Human","2019/20",2,2020-04-01,2020,4
522,"Footpath","5 pm to 8 pm","Autumn","On a Leash","Attack","Human","2020/21",1,2021-04-01,2021,4
523,"Footpath","5 pm to 8 pm","Autumn","On a Leash","Attack","Human","2022/23",1,2023-04-01,2023,4
524,"Footpath","5 pm to 8 pm","Autumn","On a Leash","Attack","Unknown","2020/21",1,2021-04-01,2021,4
525,"Footpath","5 pm to 8 pm","Autumn","On a Leash","Attack","Unknown","2021/22",1,2022-04-01,2022,4
526,"Footpath","5 pm to 8 pm","Autumn","Unknown","Attack","Animal","2018/19",2,2019-04-01,2019,4
527,"Footpath","5 pm to 8 pm","Autumn","Unknown","Attack","Animal","2019/20",3,2020-04-01,2020,4
528,"Footpath","5 pm to 8 pm","Autumn","Unknown","Attack","Animal","2020/21",2,2021-04-01,2021,4
529,"Footpath","5 pm to 8 pm","Autumn","Unknown","Attack","Animal","2021/22",2,2022-04-01,2022,4
530,"Footpath","5 pm to 8 pm","Autumn","Unknown","Attack","Animal","2022/23",1,2023-04-01,2023,4
531,"Footpath","5 pm to 8 pm","Autumn","Unknown","Attack","Animal","2023/24",3,2024-04-01,2024,4
532,"Footpath","5 pm to 8 pm","Autumn","Unknown","Attack","Both","2020/21",1,2021-04-01,2021,4
533,"Footpath","5 pm to 8 pm","Autumn","Unknown","Attack","Human","2018/19",1,2019-04-01,2019,4
534,"Footpath","5 pm to 8 pm","Autumn","Unknown","Attack","Human","2019/20",1,2020-04-01,2020,4
535,"Footpath","5 pm to 8 pm","Autumn","Unknown","Attack","Human","2021/22",2,2022-04-01,2022,4
536,"Footpath","5 pm to 8 pm","Autumn","Unknown","Attack","Human","2022/23",1,2023-04-01,2023,4
538,"Footpath","5 pm to 8 pm","Autumn","Unknown","Attack","Unknown","2018/19",1,2019-04-01,2019,4
539,"Footpath","5 pm to 8 pm","Autumn","Unknown","Attack","Unknown","2019/20",2,2020-04-01,2020,4
540,"Footpath","5 pm to 8 pm","Autumn","Unknown","Attack","Unknown","2021/22",1,2022-04-01,2022,4
541,"Footpath","5 pm to 8 pm","Autumn","Unknown","Attack","Unknown","2023/24",2,2024-04-01,2024,4
542,"Footpath","5 pm to 8 pm","Autumn","Unknown","Harassment","Human","2019/20",1,2020-04-01,2020,4
543,"Footpath","5 pm to 8 pm","Autumn","Unknown","Harassment","Human","2021/22",1,2022-04-01,2022,4
544,"Footpath","5 pm to 8 pm","Autumn","Unknown","Harassment","Unknown","2018/19",2,2019-04-01,2019,4
545,"Footpath","5 pm to 8 pm","Autumn","Unknown","Harassment","Unknown","2019/20",1,2020-04-01,2020,4
546,"Footpath","5 pm to 8 pm","Autumn","Unknown","Harassment","Unknown","2020/21",1,2021-04-01,2021,4
547,"Footpath","5 pm to 8 pm","Autumn","Unknown","Harassment","Unknown","2021/22",2,2022-04-01,2022,4
548,"Footpath","5 pm to 8 pm","Autumn","Unknown","Harassment","Unknown","2022/23",2,2023-04-01,2023,4
549,"Footpath","5 pm to 8 pm","Autumn","Unknown","Harassment","Unknown","2023/24",1,2024-04-01,2024,4
551,"Footpath","5 pm to 8 pm","Spring","No Leash","Attack","Animal","2018/19",1,2018-10-01,2018,10
552,"Footpath","5 pm to 8 pm","Spring","No Leash","Attack","Animal","2019/20",5,2019-10-01,2019,10
553,"Footpath","5 pm to 8 pm","Spring","No Leash","Attack","Animal","2020/21",10,2020-10-01,2020,10
554,"Footpath","5 pm to 8 pm","Spring","No Leash","Attack","Animal","2021/22",10,2021-10-01,2021,10
555,"Footpath","5 pm to 8 pm","Spring","No Leash","Attack","Animal","2022/23",6,2022-10-01,2022,10
556,"Footpath","5 pm to 8 pm","Spring","No Leash","Attack","Animal","2023/24",7,2023-10-01,2023,10
557,"Footpath","5 pm to 8 pm","Spring","No Leash","Attack","Both","2020/21",2,2020-10-01,2020,10
558,"Footpath","5 pm to 8 pm","Spring","No Leash","Attack","Both","2021/22",1,2021-10-01,2021,10
559,"Footpath","5 pm to 8 pm","Spring","No Leash","Attack","Both","2022/23",1,2022-10-01,2022,10
560,"Footpath","5 pm to 8 pm","Spring","No Leash","Attack","Both","2023/24",1,2023-10-01,2023,10
561,"Footpath","5 pm to 8 pm","Spring","No Leash","Attack","Human","2018/19",1,2018-10-01,2018,10
562,"Footpath","5 pm to 8 pm","Spring","No Leash","Attack","Human","2019/20",2,2019-10-01,2019,10
563,"Footpath","5 pm to 8 pm","Spring","No Leash","Attack","Human","2020/21",3,2020-10-01,2020,10
564,"Footpath","5 pm to 8 pm","Spring","No Leash","Attack","Human","2021/22",4,2021-10-01,2021,10
565,"Footpath","5 pm to 8 pm","Spring","No Leash","Attack","Human","2022/23",5,2022-10-01,2022,10
566,"Footpath","5 pm to 8 pm","Spring","No Leash","Attack","Human","2023/24",5,2023-10-01,2023,10
568,"Footpath","5 pm to 8 pm","Spring","No Leash","Attack","Unknown","2019/20",4,2019-10-01,2019,10
569,"Footpath","5 pm to 8 pm","Spring","No Leash","Attack","Unknown","2020/21",2,2020-10-01,2020,10
570,"Footpath","5 pm to 8 pm","Spring","No Leash","Attack","Unknown","2021/22",1,2021-10-01,2021,10
571,"Footpath","5 pm to 8 pm","Spring","No Leash","Attack","Unknown","2022/23",5,2022-10-01,2022,10
572,"Footpath","5 pm to 8 pm","Spring","No Leash","Attack","Unknown","2023/24",3,2023-10-01,2023,10
573,"Footpath","5 pm to 8 pm","Spring","No Leash","Harassment","Animal","2018/19",3,2018-10-01,2018,10
574,"Footpath","5 pm to 8 pm","Spring","No Leash","Harassment","Animal","2019/20",3,2019-10-01,2019,10
575,"Footpath","5 pm to 8 pm","Spring","No Leash","Harassment","Animal","2020/21",2,2020-10-01,2020,10
576,"Footpath","5 pm to 8 pm","Spring","No Leash","Harassment","Animal","2021/22",4,2021-10-01,2021,10
577,"Footpath","5 pm to 8 pm","Spring","No Leash","Harassment","Animal","2022/23",1,2022-10-01,2022,10
578,"Footpath","5 pm to 8 pm","Spring","No Leash","Harassment","Animal","2023/24",2,2023-10-01,2023,10
579,"Footpath","5 pm to 8 pm","Spring","No Leash","Harassment","Both","2021/22",1,2021-10-01,2021,10
580,"Footpath","5 pm to 8 pm","Spring","No Leash","Harassment","Human","2018/19",1,2018-10-01,2018,10
581,"Footpath","5 pm to 8 pm","Spring","No Leash","Harassment","Human","2019/20",1,2019-10-01,2019,10
582,"Footpath","5 pm to 8 pm","Spring","No Leash","Harassment","Human","2020/21",1,2020-10-01,2020,10
583,"Footpath","5 pm to 8 pm","Spring","No Leash","Harassment","Human","2021/22",2,2021-10-01,2021,10
584,"Footpath","5 pm to 8 pm","Spring","No Leash","Harassment","Human","2023/24",1,2023-10-01,2023,10
585,"Footpath","5 pm to 8 pm","Spring","No Leash","Harassment","Unknown","2019/20",2,2019-10-01,2019,10
586,"Footpath","5 pm to 8 pm","Spring","No Leash","Harassment","Unknown","2021/22",1,2021-10-01,2021,10
587,"Footpath","5 pm to 8 pm","Spring","No Leash","Harassment","Unknown","2023/24",1,2023-10-01,2023,10
588,"Footpath","5 pm to 8 pm","Spring","On a Leash","Attack","Animal","2019/20",1,2019-10-01,2019,10
589,"Footpath","5 pm to 8 pm","Spring","On a Leash","Attack","Animal","2020/21",1,2020-10-01,2020,10
590,"Footpath","5 pm to 8 pm","Spring","On a Leash","Attack","Animal","2022/23",1,2022-10-01,2022,10
591,"Footpath","5 pm to 8 pm","Spring","On a Leash","Attack","Animal","2023/24",4,2023-10-01,2023,10
592,"Footpath","5 pm to 8 pm","Spring","On a Leash","Attack","Both","2018/19",1,2018-10-01,2018,10
593,"Footpath","5 pm to 8 pm","Spring","On a Leash","Attack","Human","2018/19",2,2018-10-01,2018,10
594,"Footpath","5 pm to 8 pm","Spring","On a Leash","Attack","Human","2020/21",2,2020-10-01,2020,10
595,"Footpath","5 pm to 8 pm","Spring","On a Leash","Attack","Human","2021/22",2,2021-10-01,2021,10
596,"Footpath","5 pm to 8 pm","Spring","On a Leash","Attack","Human","2022/23",2,2022-10-01,2022,10
597,"Footpath","5 pm to 8 pm","Spring","On a Leash","Attack","Human","2023/24",2,2023-10-01,2023,10
599,"Footpath","5 pm to 8 pm","Spring","On a Leash","Attack","Unknown","2023/24",1,2023-10-01,2023,10
600,"Footpath","5 pm to 8 pm","Spring","On a Leash","Harassment","Human","2021/22",1,2021-10-01,2021,10
601,"Footpath","5 pm to 8 pm","Spring","Unknown","Attack","Animal","2018/19",4,2018-10-01,2018,10
602,"Footpath","5 pm to 8 pm","Spring","Unknown","Attack","Animal","2020/21",2,2020-10-01,2020,10
603,"Footpath","5 pm to 8 pm","Spring","Unknown","Attack","Animal","2021/22",1,2021-10-01,2021,10
604,"Footpath","5 pm to 8 pm","Spring","Unknown","Attack","Both","2022/23",1,2022-10-01,2022,10
605,"Footpath","5 pm to 8 pm","Spring","Unknown","Attack","Human","2019/20",1,2019-10-01,2019,10
606,"Footpath","5 pm to 8 pm","Spring","Unknown","Attack","Human","2020/21",2,2020-10-01,2020,10
607,"Footpath","5 pm to 8 pm","Spring","Unknown","Attack","Human","2021/22",2,2021-10-01,2021,10
608,"Footpath","5 pm to 8 pm","Spring","Unknown","Attack","Human","2022/23",2,2022-10-01,2022,10
609,"Footpath","5 pm to 8 pm","Spring","Unknown","Attack","Human","2023/24",1,2023-10-01,2023,10
610,"Footpath","5 pm to 8 pm","Spring","Unknown","Attack","Unknown","2020/21",2,2020-10-01,2020,10
611,"Footpath","5 pm to 8 pm","Spring","Unknown","Attack","Unknown","2021/22",1,2021-10-01,2021,10
612,"Footpath","5 pm to 8 pm","Spring","Unknown","Attack","Unknown","2022/23",3,2022-10-01,2022,10
613,"Footpath","5 pm to 8 pm","Spring","Unknown","Attack","Unknown","2023/24",1,2023-10-01,2023,10
614,"Footpath","5 pm to 8 pm","Spring","Unknown","Harassment","Animal","2019/20",1,2019-10-01,2019,10
615,"Footpath","5 pm to 8 pm","Spring","Unknown","Harassment","Animal","2020/21",1,2020-10-01,2020,10
616,"Footpath","5 pm to 8 pm","Spring","Unknown","Harassment","Human","2018/19",1,2018-10-01,2018,10
617,"Footpath","5 pm to 8 pm","Spring","Unknown","Harassment","Human","2019/20",1,2019-10-01,2019,10
618,"Footpath","5 pm to 8 pm","Spring","Unknown","Harassment","Human","2020/21",2,2020-10-01,2020,10
619,"Footpath","5 pm to 8 pm","Spring","Unknown","Harassment","Human","2023/24",1,2023-10-01,2023,10
620,"Footpath","5 pm to 8 pm","Spring","Unknown","Harassment","Unknown","2018/19",1,2018-10-01,2018,10
621,"Footpath","5 pm to 8 pm","Spring","Unknown","Harassment","Unknown","2019/20",3,2019-10-01,2019,10
622,"Footpath","5 pm to 8 pm","Spring","Unknown","Harassment","Unknown","2021/22",1,2021-10-01,2021,10
623,"Footpath","5 pm to 8 pm","Spring","Unknown","Harassment","Unknown","2022/23",2,2022-10-01,2022,10
624,"Footpath","5 pm to 8 pm","Spring","Unknown","Harassment","Unknown","2023/24",1,2023-10-01,2023,10
625,"Footpath","5 pm to 8 pm","Summer","No Leash","Attack","Animal","2018/19",5,2019-01-01,2019,1
626,"Footpath","5 pm to 8 pm","Summer","No Leash","Attack","Animal","2019/20",4,2020-01-01,2020,1
627,"Footpath","5 pm to 8 pm","Summer","No Leash","Attack","Animal","2020/21",12,2021-01-01,2021,1
628,"Footpath","5 pm to 8 pm","Summer","No Leash","Attack","Animal","2021/22",3,2022-01-01,2022,1
629,"Footpath","5 pm to 8 pm","Summer","No Leash","Attack","Animal","2022/23",6,2023-01-01,2023,1
630,"Footpath","5 pm to 8 pm","Summer","No Leash","Attack","Animal","2023/24",6,2024-01-01,2024,1
631,"Footpath","5 pm to 8 pm","Summer","No Leash","Attack","Both","2021/22",1,2022-01-01,2022,1
632,"Footpath","5 pm to 8 pm","Summer","No Leash","Attack","Human","2019/20",2,2020-01-01,2020,1
633,"Footpath","5 pm to 8 pm","Summer","No Leash","Attack","Human","2020/21",1,2021-01-01,2021,1
634,"Footpath","5 pm to 8 pm","Summer","No Leash","Attack","Human","2021/22",2,2022-01-01,2022,1
635,"Footpath","5 pm to 8 pm","Summer","No Leash","Attack","Human","2022/23",1,2023-01-01,2023,1
636,"Footpath","5 pm to 8 pm","Summer","No Leash","Attack","Human","2023/24",2,2024-01-01,2024,1
638,"Footpath","5 pm to 8 pm","Summer","No Leash","Attack","Unknown","2019/20",1,2020-01-01,2020,1
639,"Footpath","5 pm to 8 pm","Summer","No Leash","Attack","Unknown","2020/21",1,2021-01-01,2021,1
640,"Footpath","5 pm to 8 pm","Summer","No Leash","Attack","Unknown","2021/22",4,2022-01-01,2022,1
641,"Footpath","5 pm to 8 pm","Summer","No Leash","Attack","Unknown","2022/23",2,2023-01-01,2023,1
642,"Footpath","5 pm to 8 pm","Summer","No Leash","Attack","Unknown","2023/24",4,2024-01-01,2024,1
643,"Footpath","5 pm to 8 pm","Summer","No Leash","Harassment","Animal","2019/20",3,2020-01-01,2020,1
644,"Footpath","5 pm to 8 pm","Summer","No Leash","Harassment","Animal","2020/21",1,2021-01-01,2021,1
645,"Footpath","5 pm to 8 pm","Summer","No Leash","Harassment","Animal","2021/22",2,2022-01-01,2022,1
646,"Footpath","5 pm to 8 pm","Summer","No Leash","Harassment","Animal","2022/23",1,2023-01-01,2023,1
647,"Footpath","5 pm to 8 pm","Summer","No Leash","Harassment","Animal","2023/24",3,2024-01-01,2024,1
648,"Footpath","5 pm to 8 pm","Summer","No Leash","Harassment","Human","2018/19",1,2019-01-01,2019,1
649,"Footpath","5 pm to 8 pm","Summer","No Leash","Harassment","Human","2020/21",2,2021-01-01,2021,1
650,"Footpath","5 pm to 8 pm","Summer","No Leash","Harassment","Human","2022/23",1,2023-01-01,2023,1
651,"Footpath","5 pm to 8 pm","Summer","No Leash","Harassment","Human","2023/24",1,2024-01-01,2024,1
653,"Footpath","5 pm to 8 pm","Summer","No Leash","Harassment","Unknown","2018/19",1,2019-01-01,2019,1
654,"Footpath","5 pm to 8 pm","Summer","No Leash","Harassment","Unknown","2020/21",1,2021-01-01,2021,1
655,"Footpath","5 pm to 8 pm","Summer","No Leash","Harassment","Unknown","2021/22",2,2022-01-01,2022,1
656,"Footpath","5 pm to 8 pm","Summer","No Leash","Harassment","Unknown","2022/23",4,2023-01-01,2023,1
657,"Footpath","5 pm to 8 pm","Summer","No Leash","Harassment","Unknown","2023/24",1,2024-01-01,2024,1
658,"Footpath","5 pm to 8 pm","Summer","On a Leash","Attack","Animal","2018/19",4,2019-01-01,2019,1
659,"Footpath","5 pm to 8 pm","Summer","On a Leash","Attack","Animal","2020/21",1,2021-01-01,2021,1
660,"Footpath","5 pm to 8 pm","Summer","On a Leash","Attack","Animal","2023/24",1,2024-01-01,2024,1
661,"Footpath","5 pm to 8 pm","Summer","On a Leash","Attack","Human","2018/19",1,2019-01-01,2019,1
662,"Footpath","5 pm to 8 pm","Summer","On a Leash","Attack","Human","2021/22",1,2022-01-01,2022,1
663,"Footpath","5 pm to 8 pm","Summer","On a Leash","Attack","Human","2022/23",1,2023-01-01,2023,1
664,"Footpath","5 pm to 8 pm","Summer","On a Leash","Attack","Human","2023/24",1,2024-01-01,2024,1
665,"Footpath","5 pm to 8 pm","Summer","On a Leash","Attack","Unknown","2021/22",1,2022-01-01,2022,1
666,"Footpath","5 pm to 8 pm","Summer","On a Leash","Harassment","Animal","2018/19",1,2019-01-01,2019,1
667,"Footpath","5 pm to 8 pm","Summer","On a Leash","Harassment","Animal","2023/24",1,2024-01-01,2024,1
669,"Footpath","5 pm to 8 pm","Summer","Unknown","Attack","Animal","2018/19",2,2019-01-01,2019,1
670,"Footpath","5 pm to 8 pm","Summer","Unknown","Attack","Animal","2019/20",2,2020-01-01,2020,1
671,"Footpath","5 pm to 8 pm","Summer","Unknown","Attack","Animal","2020/21",2,2021-01-01,2021,1
672,"Footpath","5 pm to 8 pm","Summer","Unknown","Attack","Animal","2021/22",1,2022-01-01,2022,1
673,"Footpath","5 pm to 8 pm","Summer","Unknown","Attack","Animal","2022/23",1,2023-01-01,2023,1
674,"Footpath","5 pm to 8 pm","Summer","Unknown","Attack","Animal","2023/24",3,2024-01-01,2024,1
675,"Footpath","5 pm to 8 pm","Summer","Unknown","Attack","Both","2018/19",1,2019-01-01,2019,1
676,"Footpath","5 pm to 8 pm","Summer","Unknown","Attack","Human","2021/22",4,2022-01-01,2022,1
677,"Footpath","5 pm to 8 pm","Summer","Unknown","Attack","Human","2022/23",2,2023-01-01,2023,1
678,"Footpath","5 pm to 8 pm","Summer","Unknown","Attack","Human","2023/24",2,2024-01-01,2024,1
679,"Footpath","5 pm to 8 pm","Summer","Unknown","Attack","Unknown","2019/20",1,2020-01-01,2020,1
680,"Footpath","5 pm to 8 pm","Summer","Unknown","Attack","Unknown","2020/21",1,2021-01-01,2021,1
681,"Footpath","5 pm to 8 pm","Summer","Unknown","Attack","Unknown","2021/22",1,2022-01-01,2022,1
682,"Footpath","5 pm to 8 pm","Summer","Unknown","Attack","Unknown","2022/23",1,2023-01-01,2023,1
683,"Footpath","5 pm to 8 pm","Summer","Unknown","Harassment","Animal","2019/20",1,2020-01-01,2020,1
684,"Footpath","5 pm to 8 pm","Summer","Unknown","Harassment","Animal","2020/21",1,2021-01-01,2021,1
685,"Footpath","5 pm to 8 pm","Summer","Unknown","Harassment","Animal","2023/24",1,2024-01-01,2024,1
686,"Footpath","5 pm to 8 pm","Summer","Unknown","Harassment","Human","2019/20",1,2020-01-01,2020,1
687,"Footpath","5 pm to 8 pm","Summer","Unknown","Harassment","Human","2021/22",3,2022-01-01,2022,1
688,"Footpath","5 pm to 8 pm","Summer","Unknown","Harassment","Human","2022/23",1,2023-01-01,2023,1
689,"Footpath","5 pm to 8 pm","Summer","Unknown","Harassment","Human","2023/24",1,2024-01-01,2024,1
690,"Footpath","5 pm to 8 pm","Summer","Unknown","Harassment","Unknown","2020/21",2,2021-01-01,2021,1
691,"Footpath","5 pm to 8 pm","Summer","Unknown","Harassment","Unknown","2021/22",1,2022-01-01,2022,1
692,"Footpath","5 pm to 8 pm","Summer","Unknown","Harassment","Unknown","2022/23",2,2023-01-01,2023,1
693,"Footpath","5 pm to 8 pm","Winter","No Leash","Attack","Animal","2018/19",3,2018-07-01,2018,7
694,"Footpath","5 pm to 8 pm","Winter","No Leash","Attack","Animal","2019/20",2,2019-07-01,2019,7
695,"Footpath","5 pm to 8 pm","Winter","No Leash","Attack","Animal","2020/21",5,2020-07-01,2020,7
696,"Footpath","5 pm to 8 pm","Winter","No Leash","Attack","Animal","2021/22",7,2021-07-01,2021,7
697,"Footpath","5 pm to 8 pm","Winter","No Leash","Attack","Animal","2022/23",3,2022-07-01,2022,7
698,"Footpath","5 pm to 8 pm","Winter","No Leash","Attack","Animal","2023/24",4,2023-07-01,2023,7
700,"Footpath","5 pm to 8 pm","Winter","No Leash","Attack","Both","2019/20",1,2019-07-01,2019,7
701,"Footpath","5 pm to 8 pm","Winter","No Leash","Attack","Both","2020/21",1,2020-07-01,2020,7
702,"Footpath","5 pm to 8 pm","Winter","No Leash","Attack","Both","2021/22",1,2021-07-01,2021,7
703,"Footpath","5 pm to 8 pm","Winter","No Leash","Attack","Human","2018/19",3,2018-07-01,2018,7
704,"Footpath","5 pm to 8 pm","Winter","No Leash","Attack","Human","2020/21",4,2020-07-01,2020,7
705,"Footpath","5 pm to 8 pm","Winter","No Leash","Attack","Human","2021/22",1,2021-07-01,2021,7
706,"Footpath","5 pm to 8 pm","Winter","No Leash","Attack","Human","2022/23",3,2022-07-01,2022,7
707,"Footpath","5 pm to 8 pm","Winter","No Leash","Attack","Human","2023/24",1,2023-07-01,2023,7
708,"Footpath","5 pm to 8 pm","Winter","No Leash","Attack","Unknown","2019/20",3,2019-07-01,2019,7
709,"Footpath","5 pm to 8 pm","Winter","No Leash","Attack","Unknown","2020/21",1,2020-07-01,2020,7
710,"Footpath","5 pm to 8 pm","Winter","No Leash","Attack","Unknown","2021/22",3,2021-07-01,2021,7
711,"Footpath","5 pm to 8 pm","Winter","No Leash","Attack","Unknown","2022/23",2,2022-07-01,2022,7
712,"Footpath","5 pm to 8 pm","Winter","No Leash","Attack","Unknown","2023/24",3,2023-07-01,2023,7
714,"Footpath","5 pm to 8 pm","Winter","No Leash","Harassment","Animal","2018/19",1,2018-07-01,2018,7
715,"Footpath","5 pm to 8 pm","Winter","No Leash","Harassment","Animal","2019/20",1,2019-07-01,2019,7
716,"Footpath","5 pm to 8 pm","Winter","No Leash","Harassment","Animal","2020/21",2,2020-07-01,2020,7
717,"Footpath","5 pm to 8 pm","Winter","No Leash","Harassment","Animal","2021/22",1,2021-07-01,2021,7
718,"Footpath","5 pm to 8 pm","Winter","No Leash","Harassment","Animal","2022/23",1,2022-07-01,2022,7
720,"Footpath","5 pm to 8 pm","Winter","No Leash","Harassment","Human","2018/19",2,2018-07-01,2018,7
721,"Footpath","5 pm to 8 pm","Winter","No Leash","Harassment","Human","2019/20",3,2019-07-01,2019,7
722,"Footpath","5 pm to 8 pm","Winter","No Leash","Harassment","Human","2020/21",3,2020-07-01,2020,7
723,"Footpath","5 pm to 8 pm","Winter","No Leash","Harassment","Human","2021/22",2,2021-07-01,2021,7
724,"Footpath","5 pm to 8 pm","Winter","No Leash","Harassment","Unknown","2020/21",1,2020-07-01,2020,7
725,"Footpath","5 pm to 8 pm","Winter","No Leash","Harassment","Unknown","2022/23",3,2022-07-01,2022,7
726,"Footpath","5 pm to 8 pm","Winter","No Leash","Harassment","Unknown","2023/24",1,2023-07-01,2023,7
727,"Footpath","5 pm to 8 pm","Winter","On a Leash","Attack","Animal","2018/19",1,2018-07-01,2018,7
728,"Footpath","5 pm to 8 pm","Winter","On a Leash","Attack","Animal","2020/21",1,2020-07-01,2020,7
729,"Footpath","5 pm to 8 pm","Winter","On a Leash","Attack","Animal","2023/24",1,2023-07-01,2023,7
730,"Footpath","5 pm to 8 pm","Winter","On a Leash","Attack","Both","2018/19",1,2018-07-01,2018,7
731,"Footpath","5 pm to 8 pm","Winter","On a Leash","Attack","Human","2018/19",1,2018-07-01,2018,7
732,"Footpath","5 pm to 8 pm","Winter","On a Leash","Attack","Human","2019/20",2,2019-07-01,2019,7
733,"Footpath","5 pm to 8 pm","Winter","On a Leash","Attack","Human","2021/22",2,2021-07-01,2021,7
734,"Footpath","5 pm to 8 pm","Winter","On a Leash","Attack","Unknown","2021/22",1,2021-07-01,2021,7
735,"Footpath","5 pm to 8 pm","Winter","On a Leash","Attack","Unknown","2022/23",1,2022-07-01,2022,7
736,"Footpath","5 pm to 8 pm","Winter","On a Leash","Harassment","Animal","2018/19",1,2018-07-01,2018,7
737,"Footpath","5 pm to 8 pm","Winter","On a Leash","Harassment","Human","2021/22",1,2021-07-01,2021,7
738,"Footpath","5 pm to 8 pm","Winter","Unknown","Attack","Animal","2019/20",2,2019-07-01,2019,7
739,"Footpath","5 pm to 8 pm","Winter","Unknown","Attack","Animal","2020/21",1,2020-07-01,2020,7
740,"Footpath","5 pm to 8 pm","Winter","Unknown","Attack","Animal","2021/22",1,2021-07-01,2021,7
741,"Footpath","5 pm to 8 pm","Winter","Unknown","Attack","Animal","2022/23",1,2022-07-01,2022,7
742,"Footpath","5 pm to 8 pm","Winter","Unknown","Attack","Both","2023/24",1,2023-07-01,2023,7
744,"Footpath","5 pm to 8 pm","Winter","Unknown","Attack","Human","2018/19",2,2018-07-01,2018,7
745,"Footpath","5 pm to 8 pm","Winter","Unknown","Attack","Human","2020/21",3,2020-07-01,2020,7
746,"Footpath","5 pm to 8 pm","Winter","Unknown","Attack","Human","2021/22",1,2021-07-01,2021,7
747,"Footpath","5 pm to 8 pm","Winter","Unknown","Attack","Human","2023/24",1,2023-07-01,2023,7
748,"Footpath","5 pm to 8 pm","Winter","Unknown","Attack","Unknown","2018/19",1,2018-07-01,2018,7
749,"Footpath","5 pm to 8 pm","Winter","Unknown","Attack","Unknown","2019/20",2,2019-07-01,2019,7
750,"Footpath","5 pm to 8 pm","Winter","Unknown","Attack","Unknown","2021/22",2,2021-07-01,2021,7
751,"Footpath","5 pm to 8 pm","Winter","Unknown","Attack","Unknown","2022/23",2,2022-07-01,2022,7
752,"Footpath","5 pm to 8 pm","Winter","Unknown","Attack","Unknown","2023/24",2,2023-07-01,2023,7
753,"Footpath","5 pm to 8 pm","Winter","Unknown","Harassment","Animal","2018/19",1,2018-07-01,2018,7
754,"Footpath","5 pm to 8 pm","Winter","Unknown","Harassment","Animal","2021/22",1,2021-07-01,2021,7
755,"Footpath","5 pm to 8 pm","Winter","Unknown","Harassment","Animal","2023/24",1,2023-07-01,2023,7
756,"Footpath","5 pm to 8 pm","Winter","Unknown","Harassment","Both","2020/21",1,2020-07-01,2020,7
757,"Footpath","5 pm to 8 pm","Winter","Unknown","Harassment","Human","2018/19",2,2018-07-01,2018,7
758,"Footpath","5 pm to 8 pm","Winter","Unknown","Harassment","Human","2020/21",1,2020-07-01,2020,7
759,"Footpath","5 pm to 8 pm","Winter","Unknown","Harassment","Human","2023/24",2,2023-07-01,2023,7
760,"Footpath","5 pm to 8 pm","Winter","Unknown","Harassment","Unknown","2019/20",1,2019-07-01,2019,7
761,"Footpath","5 pm to 8 pm","Winter","Unknown","Harassment","Unknown","2021/22",2,2021-07-01,2021,7
762,"Footpath","5 pm to 8 pm","Winter","Unknown","Harassment","Unknown","2023/24",1,2023-07-01,2023,7
763,"Footpath","6 am to 9 am","Autumn","No Leash","Attack","Animal","2018/19",2,2019-04-01,2019,4
764,"Footpath","6 am to 9 am","Autumn","No Leash","Attack","Animal","2019/20",2,2020-04-01,2020,4
765,"Footpath","6 am to 9 am","Autumn","No Leash","Attack","Animal","2020/21",2,2021-04-01,2021,4
766,"Footpath","6 am to 9 am","Autumn","No Leash","Attack","Animal","2021/22",2,2022-04-01,2022,4
767,"Footpath","6 am to 9 am","Autumn","No Leash","Attack","Animal","2022/23",2,2023-04-01,2023,4
768,"Footpath","6 am to 9 am","Autumn","No Leash","Attack","Animal","2023/24",1,2024-04-01,2024,4
770,"Footpath","6 am to 9 am","Autumn","No Leash","Attack","Human","2019/20",1,2020-04-01,2020,4
771,"Footpath","6 am to 9 am","Autumn","No Leash","Attack","Human","2020/21",1,2021-04-01,2021,4
772,"Footpath","6 am to 9 am","Autumn","No Leash","Attack","Human","2021/22",1,2022-04-01,2022,4
773,"Footpath","6 am to 9 am","Autumn","No Leash","Attack","Human","2022/23",2,2023-04-01,2023,4
775,"Footpath","6 am to 9 am","Autumn","No Leash","Attack","Unknown","2019/20",1,2020-04-01,2020,4
776,"Footpath","6 am to 9 am","Autumn","No Leash","Attack","Unknown","2021/22",3,2022-04-01,2022,4
777,"Footpath","6 am to 9 am","Autumn","No Leash","Attack","Unknown","2022/23",2,2023-04-01,2023,4
778,"Footpath","6 am to 9 am","Autumn","No Leash","Harassment","Animal","2018/19",1,2019-04-01,2019,4
779,"Footpath","6 am to 9 am","Autumn","No Leash","Harassment","Animal","2020/21",2,2021-04-01,2021,4
780,"Footpath","6 am to 9 am","Autumn","No Leash","Harassment","Animal","2021/22",2,2022-04-01,2022,4
781,"Footpath","6 am to 9 am","Autumn","No Leash","Harassment","Human","2018/19",7,2019-04-01,2019,4
782,"Footpath","6 am to 9 am","Autumn","No Leash","Harassment","Human","2019/20",2,2020-04-01,2020,4
783,"Footpath","6 am to 9 am","Autumn","No Leash","Harassment","Human","2020/21",1,2021-04-01,2021,4
784,"Footpath","6 am to 9 am","Autumn","No Leash","Harassment","Human","2021/22",1,2022-04-01,2022,4
785,"Footpath","6 am to 9 am","Autumn","No Leash","Harassment","Human","2022/23",2,2023-04-01,2023,4
786,"Footpath","6 am to 9 am","Autumn","No Leash","Harassment","Human","2023/24",1,2024-04-01,2024,4
788,"Footpath","6 am to 9 am","Autumn","No Leash","Harassment","Unknown","2018/19",1,2019-04-01,2019,4
789,"Footpath","6 am to 9 am","Autumn","No Leash","Harassment","Unknown","2019/20",1,2020-04-01,2020,4
790,"Footpath","6 am to 9 am","Autumn","No Leash","Harassment","Unknown","2020/21",1,2021-04-01,2021,4
791,"Footpath","6 am to 9 am","Autumn","No Leash","Harassment","Unknown","2021/22",1,2022-04-01,2022,4
792,"Footpath","6 am to 9 am","Autumn","No Leash","Harassment","Unknown","2022/23",1,2023-04-01,2023,4
793,"Footpath","6 am to 9 am","Autumn","No Leash","Harassment","Unknown","2023/24",1,2024-04-01,2024,4
795,"Footpath","6 am to 9 am","Autumn","On a Leash","Attack","Animal","2018/19",1,2019-04-01,2019,4
796,"Footpath","6 am to 9 am","Autumn","On a Leash","Attack","Animal","2021/22",2,2022-04-01,2022,4
797,"Footpath","6 am to 9 am","Autumn","On a Leash","Attack","Animal","2023/24",1,2024-04-01,2024,4
798,"Footpath","6 am to 9 am","Autumn","On a Leash","Attack","Human","2020/21",1,2021-04-01,2021,4
799,"Footpath","6 am to 9 am","Autumn","On a Leash","Attack","Human","2021/22",2,2022-04-01,2022,4
800,"Footpath","6 am to 9 am","Autumn","On a Leash","Attack","Unknown","2019/20",1,2020-04-01,2020,4
801,"Footpath","6 am to 9 am","Autumn","On a Leash","Attack","Unknown","2022/23",1,2023-04-01,2023,4
802,"Footpath","6 am to 9 am","Autumn","On a Leash","Harassment","Animal","2020/21",1,2021-04-01,2021,4
803,"Footpath","6 am to 9 am","Autumn","On a Leash","Harassment","Human","2021/22",1,2022-04-01,2022,4
804,"Footpath","6 am to 9 am","Autumn","Unknown","Attack","Animal","2019/20",1,2020-04-01,2020,4
805,"Footpath","6 am to 9 am","Autumn","Unknown","Attack","Animal","2020/21",2,2021-04-01,2021,4
806,"Footpath","6 am to 9 am","Autumn","Unknown","Attack","Animal","2021/22",2,2022-04-01,2022,4
807,"Footpath","6 am to 9 am","Autumn","Unknown","Attack","Animal","2023/24",1,2024-04-01,2024,4
809,"Footpath","6 am to 9 am","Autumn","Unknown","Attack","Human","2019/20",2,2020-04-01,2020,4
810,"Footpath","6 am to 9 am","Autumn","Unknown","Attack","Human","2020/21",3,2021-04-01,2021,4
811,"Footpath","6 am to 9 am","Autumn","Unknown","Attack","Unknown","2021/22",1,2022-04-01,2022,4
812,"Footpath","6 am to 9 am","Autumn","Unknown","Attack","Unknown","2022/23",2,2023-04-01,2023,4
813,"Footpath","6 am to 9 am","Autumn","Unknown","Harassment","Animal","2018/19",1,2019-04-01,2019,4
814,"Footpath","6 am to 9 am","Autumn","Unknown","Harassment","Animal","2019/20",1,2020-04-01,2020,4
815,"Footpath","6 am to 9 am","Autumn","Unknown","Harassment","Animal","2020/21",1,2021-04-01,2021,4
816,"Footpath","6 am to 9 am","Autumn","Unknown","Harassment","Animal","2022/23",1,2023-04-01,2023,4
817,"Footpath","6 am to 9 am","Autumn","Unknown","Harassment","Human","2018/19",1,2019-04-01,2019,4
818,"Footpath","6 am to 9 am","Autumn","Unknown","Harassment","Human","2019/20",1,2020-04-01,2020,4
819,"Footpath","6 am to 9 am","Autumn","Unknown","Harassment","Human","2020/21",1,2021-04-01,2021,4
820,"Footpath","6 am to 9 am","Autumn","Unknown","Harassment","Human","2021/22",1,2022-04-01,2022,4
821,"Footpath","6 am to 9 am","Autumn","Unknown","Harassment","Human","2023/24",1,2024-04-01,2024,4
822,"Footpath","6 am to 9 am","Autumn","Unknown","Harassment","Unknown","2018/19",1,2019-04-01,2019,4
823,"Footpath","6 am to 9 am","Autumn","Unknown","Harassment","Unknown","2019/20",1,2020-04-01,2020,4
824,"Footpath","6 am to 9 am","Autumn","Unknown","Harassment","Unknown","2020/21",1,2021-04-01,2021,4
825,"Footpath","6 am to 9 am","Autumn","Unknown","Harassment","Unknown","2022/23",1,2023-04-01,2023,4
826,"Footpath","6 am to 9 am","Autumn","Unknown","Harassment","Unknown","2023/24",1,2024-04-01,2024,4
827,"Footpath","6 am to 9 am","Spring","No Leash","Attack","Animal","2018/19",4,2018-10-01,2018,10
828,"Footpath","6 am to 9 am","Spring","No Leash","Attack","Animal","2019/20",3,2019-10-01,2019,10
829,"Footpath","6 am to 9 am","Spring","No Leash","Attack","Animal","2020/21",1,2020-10-01,2020,10
830,"Footpath","6 am to 9 am","Spring","No Leash","Attack","Animal","2023/24",2,2023-10-01,2023,10
831,"Footpath","6 am to 9 am","Spring","No Leash","Attack","Both","2018/19",1,2018-10-01,2018,10
832,"Footpath","6 am to 9 am","Spring","No Leash","Attack","Both","2020/21",1,2020-10-01,2020,10
833,"Footpath","6 am to 9 am","Spring","No Leash","Attack","Both","2022/23",2,2022-10-01,2022,10
834,"Footpath","6 am to 9 am","Spring","No Leash","Attack","Human","2019/20",4,2019-10-01,2019,10
835,"Footpath","6 am to 9 am","Spring","No Leash","Attack","Human","2022/23",1,2022-10-01,2022,10
836,"Footpath","6 am to 9 am","Spring","No Leash","Attack","Human","2023/24",4,2023-10-01,2023,10
837,"Footpath","6 am to 9 am","Spring","No Leash","Attack","Unknown","2019/20",1,2019-10-01,2019,10
838,"Footpath","6 am to 9 am","Spring","No Leash","Attack","Unknown","2022/23",1,2022-10-01,2022,10
839,"Footpath","6 am to 9 am","Spring","No Leash","Attack","Unknown","2023/24",2,2023-10-01,2023,10
840,"Footpath","6 am to 9 am","Spring","No Leash","Harassment","Animal","2019/20",1,2019-10-01,2019,10
841,"Footpath","6 am to 9 am","Spring","No Leash","Harassment","Animal","2023/24",1,2023-10-01,2023,10
842,"Footpath","6 am to 9 am","Spring","No Leash","Harassment","Both","2020/21",1,2020-10-01,2020,10
843,"Footpath","6 am to 9 am","Spring","No Leash","Harassment","Human","2019/20",1,2019-10-01,2019,10
844,"Footpath","6 am to 9 am","Spring","No Leash","Harassment","Human","2020/21",2,2020-10-01,2020,10
845,"Footpath","6 am to 9 am","Spring","No Leash","Harassment","Human","2023/24",2,2023-10-01,2023,10
846,"Footpath","6 am to 9 am","Spring","No Leash","Harassment","Unknown","2021/22",1,2021-10-01,2021,10
847,"Footpath","6 am to 9 am","Spring","No Leash","Harassment","Unknown","2023/24",1,2023-10-01,2023,10
848,"Footpath","6 am to 9 am","Spring","On a Leash","Attack","Animal","2019/20",1,2019-10-01,2019,10
849,"Footpath","6 am to 9 am","Spring","On a Leash","Attack","Animal","2022/23",1,2022-10-01,2022,10
850,"Footpath","6 am to 9 am","Spring","On a Leash","Attack","Human","2018/19",1,2018-10-01,2018,10
851,"Footpath","6 am to 9 am","Spring","On a Leash","Attack","Human","2020/21",1,2020-10-01,2020,10
852,"Footpath","6 am to 9 am","Spring","On a Leash","Attack","Human","2023/24",1,2023-10-01,2023,10
853,"Footpath","6 am to 9 am","Spring","On a Leash","Attack","Unknown","2020/21",1,2020-10-01,2020,10
854,"Footpath","6 am to 9 am","Spring","On a Leash","Attack","Unknown","2022/23",1,2022-10-01,2022,10
855,"Footpath","6 am to 9 am","Spring","Unknown","Attack","Animal","2020/21",1,2020-10-01,2020,10
856,"Footpath","6 am to 9 am","Spring","Unknown","Attack","Animal","2022/23",1,2022-10-01,2022,10
857,"Footpath","6 am to 9 am","Spring","Unknown","Attack","Animal","2023/24",1,2023-10-01,2023,10
858,"Footpath","6 am to 9 am","Spring","Unknown","Attack","Human","2021/22",1,2021-10-01,2021,10
859,"Footpath","6 am to 9 am","Spring","Unknown","Attack","Human","2023/24",1,2023-10-01,2023,10
860,"Footpath","6 am to 9 am","Spring","Unknown","Attack","Unknown","2019/20",1,2019-10-01,2019,10
861,"Footpath","6 am to 9 am","Spring","Unknown","Attack","Unknown","2020/21",1,2020-10-01,2020,10
862,"Footpath","6 am to 9 am","Spring","Unknown","Attack","Unknown","2022/23",3,2022-10-01,2022,10
863,"Footpath","6 am to 9 am","Spring","Unknown","Attack","Unknown","2023/24",1,2023-10-01,2023,10
864,"Footpath","6 am to 9 am","Spring","Unknown","Harassment","Animal","2018/19",1,2018-10-01,2018,10
865,"Footpath","6 am to 9 am","Spring","Unknown","Harassment","Animal","2019/20",1,2019-10-01,2019,10
866,"Footpath","6 am to 9 am","Spring","Unknown","Harassment","Animal","2020/21",1,2020-10-01,2020,10
867,"Footpath","6 am to 9 am","Spring","Unknown","Harassment","Animal","2023/24",1,2023-10-01,2023,10
868,"Footpath","6 am to 9 am","Spring","Unknown","Harassment","Human","2019/20",2,2019-10-01,2019,10
869,"Footpath","6 am to 9 am","Spring","Unknown","Harassment","Unknown","2021/22",1,2021-10-01,2021,10
870,"Footpath","6 am to 9 am","Spring","Unknown","Harassment","Unknown","2022/23",2,2022-10-01,2022,10
872,"Footpath","6 am to 9 am","Summer","No Leash","Attack","Animal","2018/19",3,2019-01-01,2019,1
873,"Footpath","6 am to 9 am","Summer","No Leash","Attack","Animal","2019/20",2,2020-01-01,2020,1
874,"Footpath","6 am to 9 am","Summer","No Leash","Attack","Animal","2020/21",1,2021-01-01,2021,1
875,"Footpath","6 am to 9 am","Summer","No Leash","Attack","Animal","2021/22",5,2022-01-01,2022,1
876,"Footpath","6 am to 9 am","Summer","No Leash","Attack","Animal","2022/23",1,2023-01-01,2023,1
877,"Footpath","6 am to 9 am","Summer","No Leash","Attack","Human","2019/20",2,2020-01-01,2020,1
878,"Footpath","6 am to 9 am","Summer","No Leash","Attack","Human","2020/21",2,2021-01-01,2021,1
879,"Footpath","6 am to 9 am","Summer","No Leash","Attack","Unknown","2018/19",1,2019-01-01,2019,1
880,"Footpath","6 am to 9 am","Summer","No Leash","Attack","Unknown","2019/20",3,2020-01-01,2020,1
881,"Footpath","6 am to 9 am","Summer","No Leash","Attack","Unknown","2020/21",1,2021-01-01,2021,1
882,"Footpath","6 am to 9 am","Summer","No Leash","Attack","Unknown","2021/22",1,2022-01-01,2022,1
883,"Footpath","6 am to 9 am","Summer","No Leash","Attack","Unknown","2022/23",1,2023-01-01,2023,1
884,"Footpath","6 am to 9 am","Summer","No Leash","Attack","Unknown","2023/24",4,2024-01-01,2024,1
885,"Footpath","6 am to 9 am","Summer","No Leash","Harassment","Animal","2020/21",2,2021-01-01,2021,1
886,"Footpath","6 am to 9 am","Summer","No Leash","Harassment","Animal","2021/22",3,2022-01-01,2022,1
887,"Footpath","6 am to 9 am","Summer","No Leash","Harassment","Both","2018/19",1,2019-01-01,2019,1
888,"Footpath","6 am to 9 am","Summer","No Leash","Harassment","Both","2022/23",2,2023-01-01,2023,1
889,"Footpath","6 am to 9 am","Summer","No Leash","Harassment","Human","2018/19",1,2019-01-01,2019,1
890,"Footpath","6 am to 9 am","Summer","No Leash","Harassment","Human","2019/20",2,2020-01-01,2020,1
891,"Footpath","6 am to 9 am","Summer","No Leash","Harassment","Human","2020/21",2,2021-01-01,2021,1
892,"Footpath","6 am to 9 am","Summer","No Leash","Harassment","Human","2021/22",2,2022-01-01,2022,1
893,"Footpath","6 am to 9 am","Summer","No Leash","Harassment","Human","2022/23",1,2023-01-01,2023,1
894,"Footpath","6 am to 9 am","Summer","No Leash","Harassment","Human","2023/24",1,2024-01-01,2024,1
896,"Footpath","6 am to 9 am","Summer","No Leash","Harassment","Unknown","2018/19",1,2019-01-01,2019,1
897,"Footpath","6 am to 9 am","Summer","No Leash","Harassment","Unknown","2020/21",1,2021-01-01,2021,1
898,"Footpath","6 am to 9 am","Summer","No Leash","Harassment","Unknown","2021/22",1,2022-01-01,2022,1
899,"Footpath","6 am to 9 am","Summer","No Leash","Harassment","Unknown","2022/23",1,2023-01-01,2023,1
900,"Footpath","6 am to 9 am","Summer","No Leash","Harassment","Unknown","2023/24",2,2024-01-01,2024,1
901,"Footpath","6 am to 9 am","Summer","On a Leash","Attack","Animal","2019/20",1,2020-01-01,2020,1
902,"Footpath","6 am to 9 am","Summer","On a Leash","Attack","Animal","2020/21",1,2021-01-01,2021,1
903,"Footpath","6 am to 9 am","Summer","On a Leash","Attack","Animal","2023/24",1,2024-01-01,2024,1
905,"Footpath","6 am to 9 am","Summer","On a Leash","Attack","Human","2018/19",1,2019-01-01,2019,1
906,"Footpath","6 am to 9 am","Summer","On a Leash","Attack","Human","2019/20",1,2020-01-01,2020,1
907,"Footpath","6 am to 9 am","Summer","On a Leash","Attack","Unknown","2019/20",1,2020-01-01,2020,1
908,"Footpath","6 am to 9 am","Summer","On a Leash","Attack","Unknown","2020/21",1,2021-01-01,2021,1
909,"Footpath","6 am to 9 am","Summer","On a Leash","Attack","Unknown","2023/24",1,2024-01-01,2024,1
910,"Footpath","6 am to 9 am","Summer","On a Leash","Harassment","Animal","2020/21",1,2021-01-01,2021,1
911,"Footpath","6 am to 9 am","Summer","On a Leash","Harassment","Animal","2021/22",1,2022-01-01,2022,1
912,"Footpath","6 am to 9 am","Summer","On a Leash","Harassment","Animal","2023/24",1,2024-01-01,2024,1
913,"Footpath","6 am to 9 am","Summer","On a Leash","Harassment","Unknown","2020/21",1,2021-01-01,2021,1
914,"Footpath","6 am to 9 am","Summer","Unknown","Attack","Animal","2018/19",2,2019-01-01,2019,1
915,"Footpath","6 am to 9 am","Summer","Unknown","Attack","Animal","2019/20",2,2020-01-01,2020,1
916,"Footpath","6 am to 9 am","Summer","Unknown","Attack","Animal","2021/22",1,2022-01-01,2022,1
917,"Footpath","6 am to 9 am","Summer","Unknown","Attack","Animal","2022/23",1,2023-01-01,2023,1
918,"Footpath","6 am to 9 am","Summer","Unknown","Attack","Animal","2023/24",3,2024-01-01,2024,1
919,"Footpath","6 am to 9 am","Summer","Unknown","Attack","Human","2020/21",2,2021-01-01,2021,1
920,"Footpath","6 am to 9 am","Summer","Unknown","Attack","Human","2021/22",2,2022-01-01,2022,1
921,"Footpath","6 am to 9 am","Summer","Unknown","Attack","Human","2023/24",1,2024-01-01,2024,1
922,"Footpath","6 am to 9 am","Summer","Unknown","Attack","Unknown","2023/24",3,2024-01-01,2024,1
923,"Footpath","6 am to 9 am","Summer","Unknown","Harassment","Human","2018/19",1,2019-01-01,2019,1
924,"Footpath","6 am to 9 am","Summer","Unknown","Harassment","Human","2019/20",2,2020-01-01,2020,1
925,"Footpath","6 am to 9 am","Summer","Unknown","Harassment","Human","2021/22",2,2022-01-01,2022,1
926,"Footpath","6 am to 9 am","Summer","Unknown","Harassment","Human","2022/23",3,2023-01-01,2023,1
927,"Footpath","6 am to 9 am","Summer","Unknown","Harassment","Unknown","2020/21",1,2021-01-01,2021,1
928,"Footpath","6 am to 9 am","Summer","Unknown","Harassment","Unknown","2021/22",1,2022-01-01,2022,1
929,"Footpath","6 am to 9 am","Summer","Unknown","Harassment","Unknown","2023/24",1,2024-01-01,2024,1
930,"Footpath","6 am to 9 am","Winter","No Leash","Attack","Animal","2018/19",1,2018-07-01,2018,7
931,"Footpath","6 am to 9 am","Winter","No Leash","Attack","Animal","2019/20",2,2019-07-01,2019,7
932,"Footpath","6 am to 9 am","Winter","No Leash","Attack","Animal","2020/21",3,2020-07-01,2020,7
933,"Footpath","6 am to 9 am","Winter","No Leash","Attack","Animal","2021/22",4,2021-07-01,2021,7
934,"Footpath","6 am to 9 am","Winter","No Leash","Attack","Animal","2022/23",3,2022-07-01,2022,7
935,"Footpath","6 am to 9 am","Winter","No Leash","Attack","Animal","2023/24",2,2023-07-01,2023,7
936,"Footpath","6 am to 9 am","Winter","No Leash","Attack","Both","2018/19",1,2018-07-01,2018,7
937,"Footpath","6 am to 9 am","Winter","No Leash","Attack","Human","2018/19",1,2018-07-01,2018,7
938,"Footpath","6 am to 9 am","Winter","No Leash","Attack","Human","2019/20",1,2019-07-01,2019,7
939,"Footpath","6 am to 9 am","Winter","No Leash","Attack","Human","2020/21",1,2020-07-01,2020,7
940,"Footpath","6 am to 9 am","Winter","No Leash","Attack","Human","2021/22",1,2021-07-01,2021,7
941,"Footpath","6 am to 9 am","Winter","No Leash","Attack","Human","2022/23",2,2022-07-01,2022,7
942,"Footpath","6 am to 9 am","Winter","No Leash","Attack","Human","2023/24",1,2023-07-01,2023,7
943,"Footpath","6 am to 9 am","Winter","No Leash","Attack","Unknown","2019/20",2,2019-07-01,2019,7
944,"Footpath","6 am to 9 am","Winter","No Leash","Attack","Unknown","2021/22",1,2021-07-01,2021,7
945,"Footpath","6 am to 9 am","Winter","No Leash","Attack","Unknown","2022/23",1,2022-07-01,2022,7
946,"Footpath","6 am to 9 am","Winter","No Leash","Attack","Unknown","2023/24",1,2023-07-01,2023,7
947,"Footpath","6 am to 9 am","Winter","No Leash","Harassment","Animal","2019/20",1,2019-07-01,2019,7
948,"Footpath","6 am to 9 am","Winter","No Leash","Harassment","Animal","2021/22",3,2021-07-01,2021,7
950,"Footpath","6 am to 9 am","Winter","No Leash","Harassment","Both","2020/21",1,2020-07-01,2020,7
951,"Footpath","6 am to 9 am","Winter","No Leash","Harassment","Human","2018/19",1,2018-07-01,2018,7
952,"Footpath","6 am to 9 am","Winter","No Leash","Harassment","Human","2020/21",3,2020-07-01,2020,7
953,"Footpath","6 am to 9 am","Winter","No Leash","Harassment","Human","2021/22",1,2021-07-01,2021,7
954,"Footpath","6 am to 9 am","Winter","No Leash","Harassment","Human","2022/23",1,2022-07-01,2022,7
955,"Footpath","6 am to 9 am","Winter","No Leash","Harassment","Unknown","2018/19",1,2018-07-01,2018,7
956,"Footpath","6 am to 9 am","Winter","No Leash","Harassment","Unknown","2019/20",1,2019-07-01,2019,7
957,"Footpath","6 am to 9 am","Winter","No Leash","Harassment","Unknown","2020/21",1,2020-07-01,2020,7
958,"Footpath","6 am to 9 am","Winter","No Leash","Harassment","Unknown","2023/24",2,2023-07-01,2023,7
959,"Footpath","6 am to 9 am","Winter","On a Leash","Attack","Animal","2018/19",1,2018-07-01,2018,7
960,"Footpath","6 am to 9 am","Winter","On a Leash","Attack","Animal","2019/20",1,2019-07-01,2019,7
961,"Footpath","6 am to 9 am","Winter","On a Leash","Attack","Animal","2022/23",1,2022-07-01,2022,7
962,"Footpath","6 am to 9 am","Winter","On a Leash","Attack","Animal","2023/24",2,2023-07-01,2023,7
963,"Footpath","6 am to 9 am","Winter","On a Leash","Attack","Human","2020/21",1,2020-07-01,2020,7
964,"Footpath","6 am to 9 am","Winter","On a Leash","Attack","Human","2022/23",1,2022-07-01,2022,7
965,"Footpath","6 am to 9 am","Winter","On a Leash","Harassment","Animal","2022/23",1,2022-07-01,2022,7
966,"Footpath","6 am to 9 am","Winter","On a Leash","Harassment","Both","2020/21",1,2020-07-01,2020,7
967,"Footpath","6 am to 9 am","Winter","On a Leash","Harassment","Human","2018/19",1,2018-07-01,2018,7
968,"Footpath","6 am to 9 am","Winter","Unknown","Attack","Animal","2019/20",2,2019-07-01,2019,7
969,"Footpath","6 am to 9 am","Winter","Unknown","Attack","Animal","2020/21",1,2020-07-01,2020,7
970,"Footpath","6 am to 9 am","Winter","Unknown","Attack","Animal","2021/22",3,2021-07-01,2021,7
971,"Footpath","6 am to 9 am","Winter","Unknown","Attack","Animal","2023/24",1,2023-07-01,2023,7
972,"Footpath","6 am to 9 am","Winter","Unknown","Attack","Human","2019/20",2,2019-07-01,2019,7
973,"Footpath","6 am to 9 am","Winter","Unknown","Attack","Human","2021/22",1,2021-07-01,2021,7
974,"Footpath","6 am to 9 am","Winter","Unknown","Attack","Unknown","2019/20",1,2019-07-01,2019,7
975,"Footpath","6 am to 9 am","Winter","Unknown","Attack","Unknown","2020/21",1,2020-07-01,2020,7
976,"Footpath","6 am to 9 am","Winter","Unknown","Attack","Unknown","2021/22",1,2021-07-01,2021,7
977,"Footpath","6 am to 9 am","Winter","Unknown","Attack","Unknown","2022/23",1,2022-07-01,2022,7
979,"Footpath","6 am to 9 am","Winter","Unknown","Harassment","Human","2018/19",1,2018-07-01,2018,7
980,"Footpath","6 am to 9 am","Winter","Unknown","Harassment","Human","2022/23",2,2022-07-01,2022,7
981,"Footpath","6 am to 9 am","Winter","Unknown","Harassment","Human","2023/24",1,2023-07-01,2023,7
982,"Footpath","6 am to 9 am","Winter","Unknown","Harassment","Unknown","2020/21",1,2020-07-01,2020,7
983,"Footpath","6 am to 9 am","Winter","Unknown","Harassment","Unknown","2022/23",1,2022-07-01,2022,7
984,"Footpath","8 pm to 10 pm","Autumn","No Leash","Attack","Animal","2020/21",2,2021-04-01,2021,4
985,"Footpath","8 pm to 10 pm","Autumn","No Leash","Attack","Animal","2022/23",1,2023-04-01,2023,4
986,"Footpath","8 pm to 10 pm","Autumn","No Leash","Attack","Human","2022/23",2,2023-04-01,2023,4
988,"Footpath","8 pm to 10 pm","Autumn","No Leash","Attack","Unknown","2021/22",1,2022-04-01,2022,4
990,"Footpath","8 pm to 10 pm","Autumn","No Leash","Harassment","Animal","2018/19",1,2019-04-01,2019,4
991,"Footpath","8 pm to 10 pm","Autumn","No Leash","Harassment","Animal","2019/20",1,2020-04-01,2020,4
992,"Footpath","8 pm to 10 pm","Autumn","No Leash","Harassment","Animal","2022/23",1,2023-04-01,2023,4
993,"Footpath","8 pm to 10 pm","Autumn","No Leash","Harassment","Animal","2023/24",1,2024-04-01,2024,4
995,"Footpath","8 pm to 10 pm","Autumn","No Leash","Harassment","Unknown","2022/23",1,2023-04-01,2023,4
996,"Footpath","8 pm to 10 pm","Autumn","On a Leash","Harassment","Human","2020/21",1,2021-04-01,2021,4
997,"Footpath","8 pm to 10 pm","Autumn","Unknown","Attack","Animal","2018/19",1,2019-04-01,2019,4
998,"Footpath","8 pm to 10 pm","Autumn","Unknown","Attack","Human","2021/22",1,2022-04-01,2022,4
999,"Footpath","8 pm to 10 pm","Autumn","Unknown","Attack","Human","2022/23",1,2023-04-01,2023,4
1000,"Footpath","8 pm to 10 pm","Autumn","Unknown","Attack","Unknown","2019/20",1,2020-04-01,2020,4
1001,"Footpath","8 pm to 10 pm","Autumn","Unknown","Attack","Unknown","2021/22",1,2022-04-01,2022,4
1002,"Footpath","8 pm to 10 pm","Autumn","Unknown","Attack","Unknown","2022/23",1,2023-04-01,2023,4
1003,"Footpath","8 pm to 10 pm","Autumn","Unknown","Harassment","Animal","2020/21",1,2021-04-01,2021,4
1004,"Footpath","8 pm to 10 pm","Autumn","Unknown","Harassment","Unknown","2021/22",2,2022-04-01,2022,4
1005,"Footpath","8 pm to 10 pm","Autumn","Unknown","Harassment","Unknown","2022/23",1,2023-04-01,2023,4
1006,"Footpath","8 pm to 10 pm","Spring","No Leash","Attack","Animal","2019/20",1,2019-10-01,2019,10
1007,"Footpath","8 pm to 10 pm","Spring","No Leash","Attack","Animal","2020/21",2,2020-10-01,2020,10
1008,"Footpath","8 pm to 10 pm","Spring","No Leash","Attack","Animal","2021/22",1,2021-10-01,2021,10
1009,"Footpath","8 pm to 10 pm","Spring","No Leash","Attack","Animal","2022/23",1,2022-10-01,2022,10
1010,"Footpath","8 pm to 10 pm","Spring","No Leash","Attack","Human","2019/20",1,2019-10-01,2019,10
1011,"Footpath","8 pm to 10 pm","Spring","No Leash","Attack","Human","2020/21",1,2020-10-01,2020,10
1012,"Footpath","8 pm to 10 pm","Spring","No Leash","Attack","Unknown","2018/19",1,2018-10-01,2018,10
1013,"Footpath","8 pm to 10 pm","Spring","No Leash","Attack","Unknown","2021/22",1,2021-10-01,2021,10
1014,"Footpath","8 pm to 10 pm","Spring","No Leash","Harassment","Animal","2020/21",1,2020-10-01,2020,10
1015,"Footpath","8 pm to 10 pm","Spring","No Leash","Harassment","Animal","2021/22",2,2021-10-01,2021,10
1016,"Footpath","8 pm to 10 pm","Spring","No Leash","Harassment","Animal","2023/24",1,2023-10-01,2023,10
1017,"Footpath","8 pm to 10 pm","Spring","No Leash","Harassment","Human","2019/20",1,2019-10-01,2019,10
1018,"Footpath","8 pm to 10 pm","Spring","No Leash","Harassment","Unknown","2021/22",3,2021-10-01,2021,10
1019,"Footpath","8 pm to 10 pm","Spring","No Leash","Harassment","Unknown","2023/24",1,2023-10-01,2023,10
1020,"Footpath","8 pm to 10 pm","Spring","Unknown","Attack","Animal","2019/20",1,2019-10-01,2019,10
1021,"Footpath","8 pm to 10 pm","Spring","Unknown","Attack","Animal","2022/23",1,2022-10-01,2022,10
1022,"Footpath","8 pm to 10 pm","Spring","Unknown","Attack","Animal","2023/24",1,2023-10-01,2023,10
1023,"Footpath","8 pm to 10 pm","Spring","Unknown","Attack","Both","2020/21",1,2020-10-01,2020,10
1024,"Footpath","8 pm to 10 pm","Spring","Unknown","Attack","Both","2022/23",1,2022-10-01,2022,10
1025,"Footpath","8 pm to 10 pm","Spring","Unknown","Attack","Human","2020/21",1,2020-10-01,2020,10
1026,"Footpath","8 pm to 10 pm","Spring","Unknown","Attack","Human","2021/22",1,2021-10-01,2021,10
1027,"Footpath","8 pm to 10 pm","Spring","Unknown","Attack","Human","2022/23",1,2022-10-01,2022,10
1028,"Footpath","8 pm to 10 pm","Spring","Unknown","Attack","Unknown","2018/19",1,2018-10-01,2018,10
1029,"Footpath","8 pm to 10 pm","Spring","Unknown","Attack","Unknown","2019/20",1,2019-10-01,2019,10
1030,"Footpath","8 pm to 10 pm","Spring","Unknown","Attack","Unknown","2023/24",2,2023-10-01,2023,10
1031,"Footpath","8 pm to 10 pm","Spring","Unknown","Harassment","Human","2022/23",1,2022-10-01,2022,10
1032,"Footpath","8 pm to 10 pm","Spring","Unknown","Harassment","Unknown","2019/20",1,2019-10-01,2019,10
1033,"Footpath","8 pm to 10 pm","Spring","Unknown","Harassment","Unknown","2020/21",1,2020-10-01,2020,10
1034,"Footpath","8 pm to 10 pm","Spring","Unknown","Harassment","Unknown","2022/23",1,2022-10-01,2022,10
1035,"Footpath","8 pm to 10 pm","Spring","Unknown","Harassment","Unknown","2023/24",1,2023-10-01,2023,10
1036,"Footpath","8 pm to 10 pm","Summer","No Leash","Attack","Animal","2018/19",1,2019-01-01,2019,1
1037,"Footpath","8 pm to 10 pm","Summer","No Leash","Attack","Animal","2020/21",4,2021-01-01,2021,1
1038,"Footpath","8 pm to 10 pm","Summer","No Leash","Attack","Animal","2021/22",2,2022-01-01,2022,1
1039,"Footpath","8 pm to 10 pm","Summer","No Leash","Attack","Animal","2022/23",3,2023-01-01,2023,1
1040,"Footpath","8 pm to 10 pm","Summer","No Leash","Attack","Animal","2023/24",1,2024-01-01,2024,1
1041,"Footpath","8 pm to 10 pm","Summer","No Leash","Attack","Both","2019/20",1,2020-01-01,2020,1
1042,"Footpath","8 pm to 10 pm","Summer","No Leash","Attack","Human","2020/21",2,2021-01-01,2021,1
1043,"Footpath","8 pm to 10 pm","Summer","No Leash","Attack","Human","2023/24",2,2024-01-01,2024,1
1044,"Footpath","8 pm to 10 pm","Summer","No Leash","Attack","Unknown","2023/24",1,2024-01-01,2024,1
1045,"Footpath","8 pm to 10 pm","Summer","No Leash","Harassment","Animal","2021/22",1,2022-01-01,2022,1
1046,"Footpath","8 pm to 10 pm","Summer","No Leash","Harassment","Animal","2023/24",1,2024-01-01,2024,1
1047,"Footpath","8 pm to 10 pm","Summer","No Leash","Harassment","Both","2018/19",1,2019-01-01,2019,1
1048,"Footpath","8 pm to 10 pm","Summer","No Leash","Harassment","Human","2019/20",1,2020-01-01,2020,1
1049,"Footpath","8 pm to 10 pm","Summer","No Leash","Harassment","Human","2020/21",1,2021-01-01,2021,1
1050,"Footpath","8 pm to 10 pm","Summer","No Leash","Harassment","Human","2022/23",1,2023-01-01,2023,1
1051,"Footpath","8 pm to 10 pm","Summer","No Leash","Harassment","Human","2023/24",2,2024-01-01,2024,1
1052,"Footpath","8 pm to 10 pm","Summer","No Leash","Harassment","Unknown","2020/21",1,2021-01-01,2021,1
1053,"Footpath","8 pm to 10 pm","Summer","No Leash","Harassment","Unknown","2021/22",1,2022-01-01,2022,1
1054,"Footpath","8 pm to 10 pm","Summer","No Leash","Harassment","Unknown","2023/24",1,2024-01-01,2024,1
1055,"Footpath","8 pm to 10 pm","Summer","On a Leash","Attack","Animal","2020/21",1,2021-01-01,2021,1
1056,"Footpath","8 pm to 10 pm","Summer","On a Leash","Attack","Animal","2023/24",2,2024-01-01,2024,1
1057,"Footpath","8 pm to 10 pm","Summer","On a Leash","Attack","Human","2020/21",2,2021-01-01,2021,1
1058,"Footpath","8 pm to 10 pm","Summer","On a Leash","Attack","Human","2023/24",1,2024-01-01,2024,1
1059,"Footpath","8 pm to 10 pm","Summer","On a Leash","Attack","Unknown","2018/19",1,2019-01-01,2019,1
1060,"Footpath","8 pm to 10 pm","Summer","On a Leash","Attack","Unknown","2022/23",1,2023-01-01,2023,1
1061,"Footpath","8 pm to 10 pm","Summer","On a Leash","Harassment","Human","2018/19",1,2019-01-01,2019,1
1062,"Footpath","8 pm to 10 pm","Summer","On a Leash","Harassment","Human","2019/20",1,2020-01-01,2020,1
1063,"Footpath","8 pm to 10 pm","Summer","Unknown","Attack","Animal","2019/20",2,2020-01-01,2020,1
1064,"Footpath","8 pm to 10 pm","Summer","Unknown","Attack","Animal","2020/21",1,2021-01-01,2021,1
1065,"Footpath","8 pm to 10 pm","Summer","Unknown","Attack","Animal","2021/22",1,2022-01-01,2022,1
1066,"Footpath","8 pm to 10 pm","Summer","Unknown","Attack","Animal","2023/24",1,2024-01-01,2024,1
1067,"Footpath","8 pm to 10 pm","Summer","Unknown","Attack","Both","2021/22",1,2022-01-01,2022,1
1068,"Footpath","8 pm to 10 pm","Summer","Unknown","Attack","Human","2022/23",2,2023-01-01,2023,1
1069,"Footpath","8 pm to 10 pm","Summer","Unknown","Attack","Unknown","2019/20",1,2020-01-01,2020,1
1070,"Footpath","8 pm to 10 pm","Summer","Unknown","Attack","Unknown","2022/23",1,2023-01-01,2023,1
1071,"Footpath","8 pm to 10 pm","Winter","No Leash","Attack","Animal","2022/23",1,2022-07-01,2022,7
1072,"Footpath","8 pm to 10 pm","Winter","No Leash","Attack","Unknown","2019/20",1,2019-07-01,2019,7
1073,"Footpath","8 pm to 10 pm","Winter","No Leash","Harassment","Human","2018/19",3,2018-07-01,2018,7
1074,"Footpath","8 pm to 10 pm","Winter","Unknown","Attack","Animal","2021/22",1,2021-07-01,2021,7
1075,"Footpath","8 pm to 10 pm","Winter","Unknown","Attack","Unknown","2023/24",1,2023-07-01,2023,7
1077,"Footpath","9 am to Noon","Autumn","No Leash","Attack","Animal","2018/19",4,2019-04-01,2019,4
1078,"Footpath","9 am to Noon","Autumn","No Leash","Attack","Animal","2019/20",8,2020-04-01,2020,4
1079,"Footpath","9 am to Noon","Autumn","No Leash","Attack","Animal","2020/21",6,2021-04-01,2021,4
1080,"Footpath","9 am to Noon","Autumn","No Leash","Attack","Animal","2021/22",5,2022-04-01,2022,4
1081,"Footpath","9 am to Noon","Autumn","No Leash","Attack","Animal","2022/23",10,2023-04-01,2023,4
1082,"Footpath","9 am to Noon","Autumn","No Leash","Attack","Animal","2023/24",4,2024-04-01,2024,4
1083,"Footpath","9 am to Noon","Autumn","No Leash","Attack","Both","2019/20",2,2020-04-01,2020,4
1084,"Footpath","9 am to Noon","Autumn","No Leash","Attack","Both","2020/21",1,2021-04-01,2021,4
1085,"Footpath","9 am to Noon","Autumn","No Leash","Attack","Both","2021/22",1,2022-04-01,2022,4
1086,"Footpath","9 am to Noon","Autumn","No Leash","Attack","Both","2023/24",1,2024-04-01,2024,4
1087,"Footpath","9 am to Noon","Autumn","No Leash","Attack","Human","2018/19",5,2019-04-01,2019,4
1088,"Footpath","9 am to Noon","Autumn","No Leash","Attack","Human","2019/20",3,2020-04-01,2020,4
1089,"Footpath","9 am to Noon","Autumn","No Leash","Attack","Human","2020/21",1,2021-04-01,2021,4
1090,"Footpath","9 am to Noon","Autumn","No Leash","Attack","Human","2021/22",2,2022-04-01,2022,4
1091,"Footpath","9 am to Noon","Autumn","No Leash","Attack","Human","2022/23",3,2023-04-01,2023,4
1092,"Footpath","9 am to Noon","Autumn","No Leash","Attack","Unknown","2019/20",3,2020-04-01,2020,4
1093,"Footpath","9 am to Noon","Autumn","No Leash","Attack","Unknown","2020/21",3,2021-04-01,2021,4
1094,"Footpath","9 am to Noon","Autumn","No Leash","Attack","Unknown","2021/22",1,2022-04-01,2022,4
1095,"Footpath","9 am to Noon","Autumn","No Leash","Attack","Unknown","2022/23",1,2023-04-01,2023,4
1096,"Footpath","9 am to Noon","Autumn","No Leash","Attack","Unknown","2023/24",1,2024-04-01,2024,4
1097,"Footpath","9 am to Noon","Autumn","No Leash","Harassment","Animal","2018/19",3,2019-04-01,2019,4
1098,"Footpath","9 am to Noon","Autumn","No Leash","Harassment","Animal","2019/20",2,2020-04-01,2020,4
1099,"Footpath","9 am to Noon","Autumn","No Leash","Harassment","Animal","2021/22",1,2022-04-01,2022,4
1100,"Footpath","9 am to Noon","Autumn","No Leash","Harassment","Animal","2022/23",1,2023-04-01,2023,4
1102,"Footpath","9 am to Noon","Autumn","No Leash","Harassment","Both","2019/20",1,2020-04-01,2020,4
1103,"Footpath","9 am to Noon","Autumn","No Leash","Harassment","Human","2018/19",1,2019-04-01,2019,4
1104,"Footpath","9 am to Noon","Autumn","No Leash","Harassment","Human","2019/20",5,2020-04-01,2020,4
1105,"Footpath","9 am to Noon","Autumn","No Leash","Harassment","Human","2020/21",4,2021-04-01,2021,4
1106,"Footpath","9 am to Noon","Autumn","No Leash","Harassment","Human","2021/22",1,2022-04-01,2022,4
1107,"Footpath","9 am to Noon","Autumn","No Leash","Harassment","Human","2022/23",4,2023-04-01,2023,4
1108,"Footpath","9 am to Noon","Autumn","No Leash","Harassment","Human","2023/24",1,2024-04-01,2024,4
1109,"Footpath","9 am to Noon","Autumn","No Leash","Harassment","Unknown","2018/19",1,2019-04-01,2019,4
1110,"Footpath","9 am to Noon","Autumn","No Leash","Harassment","Unknown","2019/20",2,2020-04-01,2020,4
1111,"Footpath","9 am to Noon","Autumn","No Leash","Harassment","Unknown","2020/21",2,2021-04-01,2021,4
1112,"Footpath","9 am to Noon","Autumn","No Leash","Harassment","Unknown","2021/22",3,2022-04-01,2022,4
1113,"Footpath","9 am to Noon","Autumn","No Leash","Harassment","Unknown","2023/24",1,2024-04-01,2024,4
1114,"Footpath","9 am to Noon","Autumn","On a Leash","Attack","Animal","2019/20",3,2020-04-01,2020,4
1115,"Footpath","9 am to Noon","Autumn","On a Leash","Attack","Animal","2020/21",2,2021-04-01,2021,4
1116,"Footpath","9 am to Noon","Autumn","On a Leash","Attack","Animal","2021/22",1,2022-04-01,2022,4
1117,"Footpath","9 am to Noon","Autumn","On a Leash","Attack","Animal","2022/23",1,2023-04-01,2023,4
1118,"Footpath","9 am to Noon","Autumn","On a Leash","Attack","Animal","2023/24",1,2024-04-01,2024,4
1120,"Footpath","9 am to Noon","Autumn","On a Leash","Attack","Human","2018/19",1,2019-04-01,2019,4
1121,"Footpath","9 am to Noon","Autumn","On a Leash","Attack","Human","2019/20",2,2020-04-01,2020,4
1122,"Footpath","9 am to Noon","Autumn","On a Leash","Attack","Human","2020/21",1,2021-04-01,2021,4
1123,"Footpath","9 am to Noon","Autumn","On a Leash","Attack","Human","2021/22",1,2022-04-01,2022,4
1124,"Footpath","9 am to Noon","Autumn","On a Leash","Attack","Human","2023/24",3,2024-04-01,2024,4
1125,"Footpath","9 am to Noon","Autumn","On a Leash","Attack","Unknown","2021/22",2,2022-04-01,2022,4
1126,"Footpath","9 am to Noon","Autumn","On a Leash","Attack","Unknown","2022/23",1,2023-04-01,2023,4
1127,"Footpath","9 am to Noon","Autumn","On a Leash","Harassment","Animal","2019/20",1,2020-04-01,2020,4
1128,"Footpath","9 am to Noon","Autumn","On a Leash","Harassment","Human","2018/19",2,2019-04-01,2019,4
1129,"Footpath","9 am to Noon","Autumn","On a Leash","Harassment","Human","2021/22",1,2022-04-01,2022,4
1130,"Footpath","9 am to Noon","Autumn","Unknown","Attack","Animal","2018/19",1,2019-04-01,2019,4
1131,"Footpath","9 am to Noon","Autumn","Unknown","Attack","Animal","2019/20",2,2020-04-01,2020,4
1132,"Footpath","9 am to Noon","Autumn","Unknown","Attack","Animal","2021/22",1,2022-04-01,2022,4
1133,"Footpath","9 am to Noon","Autumn","Unknown","Attack","Animal","2022/23",2,2023-04-01,2023,4
1134,"Footpath","9 am to Noon","Autumn","Unknown","Attack","Animal","2023/24",5,2024-04-01,2024,4
1135,"Footpath","9 am to Noon","Autumn","Unknown","Attack","Both","2019/20",1,2020-04-01,2020,4
1136,"Footpath","9 am to Noon","Autumn","Unknown","Attack","Human","2018/19",1,2019-04-01,2019,4
1137,"Footpath","9 am to Noon","Autumn","Unknown","Attack","Human","2019/20",1,2020-04-01,2020,4
1138,"Footpath","9 am to Noon","Autumn","Unknown","Attack","Human","2021/22",1,2022-04-01,2022,4
1139,"Footpath","9 am to Noon","Autumn","Unknown","Attack","Human","2022/23",2,2023-04-01,2023,4
1140,"Footpath","9 am to Noon","Autumn","Unknown","Attack","Human","2023/24",1,2024-04-01,2024,4
1141,"Footpath","9 am to Noon","Autumn","Unknown","Attack","Unknown","2019/20",1,2020-04-01,2020,4
1142,"Footpath","9 am to Noon","Autumn","Unknown","Attack","Unknown","2020/21",1,2021-04-01,2021,4
1143,"Footpath","9 am to Noon","Autumn","Unknown","Attack","Unknown","2021/22",3,2022-04-01,2022,4
1144,"Footpath","9 am to Noon","Autumn","Unknown","Attack","Unknown","2022/23",2,2023-04-01,2023,4
1145,"Footpath","9 am to Noon","Autumn","Unknown","Attack","Unknown","2023/24",1,2024-04-01,2024,4
1146,"Footpath","9 am to Noon","Autumn","Unknown","Harassment","Animal","2019/20",1,2020-04-01,2020,4
1147,"Footpath","9 am to Noon","Autumn","Unknown","Harassment","Animal","2020/21",1,2021-04-01,2021,4
1149,"Footpath","9 am to Noon","Autumn","Unknown","Harassment","Human","2018/19",1,2019-04-01,2019,4
1150,"Footpath","9 am to Noon","Autumn","Unknown","Harassment","Human","2019/20",3,2020-04-01,2020,4
1151,"Footpath","9 am to Noon","Autumn","Unknown","Harassment","Human","2020/21",1,2021-04-01,2021,4
1152,"Footpath","9 am to Noon","Autumn","Unknown","Harassment","Human","2022/23",1,2023-04-01,2023,4
1153,"Footpath","9 am to Noon","Autumn","Unknown","Harassment","Human","2023/24",1,2024-04-01,2024,4
1154,"Footpath","9 am to Noon","Autumn","Unknown","Harassment","Unknown","2018/19",1,2019-04-01,2019,4
1155,"Footpath","9 am to Noon","Autumn","Unknown","Harassment","Unknown","2019/20",1,2020-04-01,2020,4
1156,"Footpath","9 am to Noon","Autumn","Unknown","Harassment","Unknown","2020/21",2,2021-04-01,2021,4
1157,"Footpath","9 am to Noon","Autumn","Unknown","Harassment","Unknown","2021/22",2,2022-04-01,2022,4
1158,"Footpath","9 am to Noon","Autumn","Unknown","Harassment","Unknown","2022/23",5,2023-04-01,2023,4
1159,"Footpath","9 am to Noon","Spring","No Leash","Attack","Animal","2018/19",3,2018-10-01,2018,10
1160,"Footpath","9 am to Noon","Spring","No Leash","Attack","Animal","2019/20",2,2019-10-01,2019,10
1161,"Footpath","9 am to Noon","Spring","No Leash","Attack","Animal","2020/21",4,2020-10-01,2020,10
1162,"Footpath","9 am to Noon","Spring","No Leash","Attack","Animal","2021/22",8,2021-10-01,2021,10
1163,"Footpath","9 am to Noon","Spring","No Leash","Attack","Animal","2022/23",2,2022-10-01,2022,10
1164,"Footpath","9 am to Noon","Spring","No Leash","Attack","Animal","2023/24",5,2023-10-01,2023,10
1165,"Footpath","9 am to Noon","Spring","No Leash","Attack","Both","2021/22",1,2021-10-01,2021,10
1166,"Footpath","9 am to Noon","Spring","No Leash","Attack","Both","2022/23",1,2022-10-01,2022,10
1167,"Footpath","9 am to Noon","Spring","No Leash","Attack","Both","2023/24",1,2023-10-01,2023,10
1168,"Footpath","9 am to Noon","Spring","No Leash","Attack","Human","2018/19",4,2018-10-01,2018,10
1169,"Footpath","9 am to Noon","Spring","No Leash","Attack","Human","2019/20",5,2019-10-01,2019,10
1170,"Footpath","9 am to Noon","Spring","No Leash","Attack","Human","2020/21",3,2020-10-01,2020,10
1171,"Footpath","9 am to Noon","Spring","No Leash","Attack","Human","2021/22",2,2021-10-01,2021,10
1172,"Footpath","9 am to Noon","Spring","No Leash","Attack","Human","2022/23",1,2022-10-01,2022,10
1173,"Footpath","9 am to Noon","Spring","No Leash","Attack","Human","2023/24",3,2023-10-01,2023,10
1174,"Footpath","9 am to Noon","Spring","No Leash","Attack","Unknown","2020/21",3,2020-10-01,2020,10
1175,"Footpath","9 am to Noon","Spring","No Leash","Attack","Unknown","2021/22",2,2021-10-01,2021,10
1176,"Footpath","9 am to Noon","Spring","No Leash","Attack","Unknown","2022/23",1,2022-10-01,2022,10
1177,"Footpath","9 am to Noon","Spring","No Leash","Attack","Unknown","2023/24",2,2023-10-01,2023,10
1178,"Footpath","9 am to Noon","Spring","No Leash","Harassment","Animal","2018/19",3,2018-10-01,2018,10
1179,"Footpath","9 am to Noon","Spring","No Leash","Harassment","Animal","2019/20",3,2019-10-01,2019,10
1180,"Footpath","9 am to Noon","Spring","No Leash","Harassment","Animal","2020/21",3,2020-10-01,2020,10
1181,"Footpath","9 am to Noon","Spring","No Leash","Harassment","Animal","2021/22",3,2021-10-01,2021,10
1182,"Footpath","9 am to Noon","Spring","No Leash","Harassment","Animal","2023/24",2,2023-10-01,2023,10
1183,"Footpath","9 am to Noon","Spring","No Leash","Harassment","Both","2020/21",1,2020-10-01,2020,10
1184,"Footpath","9 am to Noon","Spring","No Leash","Harassment","Human","2019/20",4,2019-10-01,2019,10
1185,"Footpath","9 am to Noon","Spring","No Leash","Harassment","Human","2020/21",4,2020-10-01,2020,10
1186,"Footpath","9 am to Noon","Spring","No Leash","Harassment","Human","2021/22",7,2021-10-01,2021,10
1187,"Footpath","9 am to Noon","Spring","No Leash","Harassment","Human","2022/23",1,2022-10-01,2022,10
1188,"Footpath","9 am to Noon","Spring","No Leash","Harassment","Human","2023/24",4,2023-10-01,2023,10
1189,"Footpath","9 am to Noon","Spring","No Leash","Harassment","Unknown","2019/20",2,2019-10-01,2019,10
1190,"Footpath","9 am to Noon","Spring","No Leash","Harassment","Unknown","2020/21",3,2020-10-01,2020,10
1191,"Footpath","9 am to Noon","Spring","No Leash","Harassment","Unknown","2021/22",3,2021-10-01,2021,10
1192,"Footpath","9 am to Noon","Spring","No Leash","Harassment","Unknown","2022/23",2,2022-10-01,2022,10
1193,"Footpath","9 am to Noon","Spring","No Leash","Harassment","Unknown","2023/24",1,2023-10-01,2023,10
1194,"Footpath","9 am to Noon","Spring","On a Leash","Attack","Animal","2018/19",2,2018-10-01,2018,10
1195,"Footpath","9 am to Noon","Spring","On a Leash","Attack","Animal","2020/21",1,2020-10-01,2020,10
1196,"Footpath","9 am to Noon","Spring","On a Leash","Attack","Animal","2021/22",1,2021-10-01,2021,10
1197,"Footpath","9 am to Noon","Spring","On a Leash","Attack","Animal","2022/23",1,2022-10-01,2022,10
1198,"Footpath","9 am to Noon","Spring","On a Leash","Attack","Human","2018/19",1,2018-10-01,2018,10
1199,"Footpath","9 am to Noon","Spring","On a Leash","Attack","Human","2019/20",1,2019-10-01,2019,10
1200,"Footpath","9 am to Noon","Spring","On a Leash","Attack","Human","2020/21",1,2020-10-01,2020,10
1201,"Footpath","9 am to Noon","Spring","On a Leash","Attack","Human","2021/22",1,2021-10-01,2021,10
1202,"Footpath","9 am to Noon","Spring","On a Leash","Attack","Unknown","2020/21",1,2020-10-01,2020,10
1203,"Footpath","9 am to Noon","Spring","On a Leash","Attack","Unknown","2023/24",2,2023-10-01,2023,10
1204,"Footpath","9 am to Noon","Spring","On a Leash","Harassment","Animal","2021/22",1,2021-10-01,2021,10
1205,"Footpath","9 am to Noon","Spring","On a Leash","Harassment","Human","2022/23",1,2022-10-01,2022,10
1206,"Footpath","9 am to Noon","Spring","On a Leash","Harassment","Human","2023/24",1,2023-10-01,2023,10
1207,"Footpath","9 am to Noon","Spring","Unknown","Attack","Animal","2018/19",1,2018-10-01,2018,10
1208,"Footpath","9 am to Noon","Spring","Unknown","Attack","Animal","2019/20",1,2019-10-01,2019,10
1209,"Footpath","9 am to Noon","Spring","Unknown","Attack","Animal","2020/21",3,2020-10-01,2020,10
1210,"Footpath","9 am to Noon","Spring","Unknown","Attack","Animal","2021/22",1,2021-10-01,2021,10
1211,"Footpath","9 am to Noon","Spring","Unknown","Attack","Animal","2022/23",2,2022-10-01,2022,10
1212,"Footpath","9 am to Noon","Spring","Unknown","Attack","Animal","2023/24",1,2023-10-01,2023,10
1214,"Footpath","9 am to Noon","Spring","Unknown","Attack","Human","2018/19",2,2018-10-01,2018,10
1215,"Footpath","9 am to Noon","Spring","Unknown","Attack","Human","2020/21",1,2020-10-01,2020,10
1216,"Footpath","9 am to Noon","Spring","Unknown","Attack","Human","2021/22",3,2021-10-01,2021,10
1217,"Footpath","9 am to Noon","Spring","Unknown","Attack","Human","2022/23",4,2022-10-01,2022,10
1218,"Footpath","9 am to Noon","Spring","Unknown","Attack","Human","2023/24",1,2023-10-01,2023,10
1219,"Footpath","9 am to Noon","Spring","Unknown","Attack","Unknown","2020/21",1,2020-10-01,2020,10
1220,"Footpath","9 am to Noon","Spring","Unknown","Attack","Unknown","2021/22",1,2021-10-01,2021,10
1221,"Footpath","9 am to Noon","Spring","Unknown","Attack","Unknown","2023/24",1,2023-10-01,2023,10
1222,"Footpath","9 am to Noon","Spring","Unknown","Harassment","Animal","2019/20",1,2019-10-01,2019,10
1223,"Footpath","9 am to Noon","Spring","Unknown","Harassment","Animal","2022/23",1,2022-10-01,2022,10
1224,"Footpath","9 am to Noon","Spring","Unknown","Harassment","Animal","2023/24",1,2023-10-01,2023,10
1225,"Footpath","9 am to Noon","Spring","Unknown","Harassment","Human","2018/19",2,2018-10-01,2018,10
1226,"Footpath","9 am to Noon","Spring","Unknown","Harassment","Human","2019/20",2,2019-10-01,2019,10
1227,"Footpath","9 am to Noon","Spring","Unknown","Harassment","Human","2020/21",2,2020-10-01,2020,10
1228,"Footpath","9 am to Noon","Spring","Unknown","Harassment","Human","2021/22",3,2021-10-01,2021,10
1229,"Footpath","9 am to Noon","Spring","Unknown","Harassment","Human","2022/23",2,2022-10-01,2022,10
1230,"Footpath","9 am to Noon","Spring","Unknown","Harassment","Human","2023/24",2,2023-10-01,2023,10
1231,"Footpath","9 am to Noon","Spring","Unknown","Harassment","Unknown","2018/19",3,2018-10-01,2018,10
1232,"Footpath","9 am to Noon","Spring","Unknown","Harassment","Unknown","2019/20",2,2019-10-01,2019,10
1233,"Footpath","9 am to Noon","Spring","Unknown","Harassment","Unknown","2021/22",1,2021-10-01,2021,10
1234,"Footpath","9 am to Noon","Spring","Unknown","Harassment","Unknown","2023/24",2,2023-10-01,2023,10
1235,"Footpath","9 am to Noon","Summer","No Leash","Attack","Animal","2018/19",2,2019-01-01,2019,1
1236,"Footpath","9 am to Noon","Summer","No Leash","Attack","Animal","2019/20",2,2020-01-01,2020,1
1237,"Footpath","9 am to Noon","Summer","No Leash","Attack","Animal","2020/21",10,2021-01-01,2021,1
1238,"Footpath","9 am to Noon","Summer","No Leash","Attack","Animal","2021/22",2,2022-01-01,2022,1
1239,"Footpath","9 am to Noon","Summer","No Leash","Attack","Animal","2022/23",5,2023-01-01,2023,1
1240,"Footpath","9 am to Noon","Summer","No Leash","Attack","Animal","2023/24",4,2024-01-01,2024,1
1241,"Footpath","9 am to Noon","Summer","No Leash","Attack","Both","2021/22",1,2022-01-01,2022,1
1242,"Footpath","9 am to Noon","Summer","No Leash","Attack","Human","2018/19",1,2019-01-01,2019,1
1243,"Footpath","9 am to Noon","Summer","No Leash","Attack","Human","2019/20",3,2020-01-01,2020,1
1244,"Footpath","9 am to Noon","Summer","No Leash","Attack","Human","2020/21",2,2021-01-01,2021,1
1245,"Footpath","9 am to Noon","Summer","No Leash","Attack","Human","2021/22",2,2022-01-01,2022,1
1246,"Footpath","9 am to Noon","Summer","No Leash","Attack","Human","2022/23",2,2023-01-01,2023,1
1247,"Footpath","9 am to Noon","Summer","No Leash","Attack","Human","2023/24",4,2024-01-01,2024,1
1249,"Footpath","9 am to Noon","Summer","No Leash","Attack","Unknown","2018/19",3,2019-01-01,2019,1
1250,"Footpath","9 am to Noon","Summer","No Leash","Attack","Unknown","2019/20",2,2020-01-01,2020,1
1251,"Footpath","9 am to Noon","Summer","No Leash","Attack","Unknown","2020/21",1,2021-01-01,2021,1
1252,"Footpath","9 am to Noon","Summer","No Leash","Attack","Unknown","2021/22",3,2022-01-01,2022,1
1253,"Footpath","9 am to Noon","Summer","No Leash","Attack","Unknown","2022/23",5,2023-01-01,2023,1
1254,"Footpath","9 am to Noon","Summer","No Leash","Attack","Unknown","2023/24",1,2024-01-01,2024,1
1255,"Footpath","9 am to Noon","Summer","No Leash","Harassment","Animal","2020/21",2,2021-01-01,2021,1
1256,"Footpath","9 am to Noon","Summer","No Leash","Harassment","Animal","2021/22",1,2022-01-01,2022,1
1257,"Footpath","9 am to Noon","Summer","No Leash","Harassment","Animal","2022/23",4,2023-01-01,2023,1
1258,"Footpath","9 am to Noon","Summer","No Leash","Harassment","Both","2022/23",1,2023-01-01,2023,1
1259,"Footpath","9 am to Noon","Summer","No Leash","Harassment","Both","2023/24",1,2024-01-01,2024,1
1260,"Footpath","9 am to Noon","Summer","No Leash","Harassment","Human","2019/20",2,2020-01-01,2020,1
1261,"Footpath","9 am to Noon","Summer","No Leash","Harassment","Human","2020/21",1,2021-01-01,2021,1
1262,"Footpath","9 am to Noon","Summer","No Leash","Harassment","Human","2021/22",2,2022-01-01,2022,1
1263,"Footpath","9 am to Noon","Summer","No Leash","Harassment","Human","2022/23",2,2023-01-01,2023,1
1265,"Footpath","9 am to Noon","Summer","No Leash","Harassment","Unknown","2018/19",1,2019-01-01,2019,1
1266,"Footpath","9 am to Noon","Summer","No Leash","Harassment","Unknown","2019/20",2,2020-01-01,2020,1
1267,"Footpath","9 am to Noon","Summer","No Leash","Harassment","Unknown","2020/21",1,2021-01-01,2021,1
1268,"Footpath","9 am to Noon","Summer","On a Leash","Attack","Animal","2018/19",1,2019-01-01,2019,1
1269,"Footpath","9 am to Noon","Summer","On a Leash","Attack","Animal","2020/21",2,2021-01-01,2021,1
1270,"Footpath","9 am to Noon","Summer","On a Leash","Attack","Animal","2022/23",1,2023-01-01,2023,1
1271,"Footpath","9 am to Noon","Summer","On a Leash","Attack","Animal","2023/24",1,2024-01-01,2024,1
1273,"Footpath","9 am to Noon","Summer","On a Leash","Attack","Human","2020/21",1,2021-01-01,2021,1
1274,"Footpath","9 am to Noon","Summer","On a Leash","Attack","Human","2022/23",1,2023-01-01,2023,1
1275,"Footpath","9 am to Noon","Summer","On a Leash","Attack","Human","2023/24",3,2024-01-01,2024,1
1276,"Footpath","9 am to Noon","Summer","On a Leash","Attack","Unknown","2019/20",1,2020-01-01,2020,1
1277,"Footpath","9 am to Noon","Summer","On a Leash","Attack","Unknown","2022/23",1,2023-01-01,2023,1
1278,"Footpath","9 am to Noon","Summer","On a Leash","Harassment","Human","2018/19",1,2019-01-01,2019,1
1279,"Footpath","9 am to Noon","Summer","On a Leash","Harassment","Unknown","2023/24",1,2024-01-01,2024,1
1280,"Footpath","9 am to Noon","Summer","Unknown","Attack","Animal","2018/19",1,2019-01-01,2019,1
1281,"Footpath","9 am to Noon","Summer","Unknown","Attack","Animal","2019/20",2,2020-01-01,2020,1
1282,"Footpath","9 am to Noon","Summer","Unknown","Attack","Animal","2020/21",1,2021-01-01,2021,1
1283,"Footpath","9 am to Noon","Summer","Unknown","Attack","Animal","2021/22",2,2022-01-01,2022,1
1284,"Footpath","9 am to Noon","Summer","Unknown","Attack","Animal","2022/23",2,2023-01-01,2023,1
1285,"Footpath","9 am to Noon","Summer","Unknown","Attack","Animal","2023/24",4,2024-01-01,2024,1
1286,"Footpath","9 am to Noon","Summer","Unknown","Attack","Both","2023/24",1,2024-01-01,2024,1
1287,"Footpath","9 am to Noon","Summer","Unknown","Attack","Human","2018/19",1,2019-01-01,2019,1
1288,"Footpath","9 am to Noon","Summer","Unknown","Attack","Human","2020/21",2,2021-01-01,2021,1
1289,"Footpath","9 am to Noon","Summer","Unknown","Attack","Human","2021/22",1,2022-01-01,2022,1
1290,"Footpath","9 am to Noon","Summer","Unknown","Attack","Human","2022/23",1,2023-01-01,2023,1
1291,"Footpath","9 am to Noon","Summer","Unknown","Attack","Human","2023/24",3,2024-01-01,2024,1
1292,"Footpath","9 am to Noon","Summer","Unknown","Attack","Unknown","2020/21",1,2021-01-01,2021,1
1293,"Footpath","9 am to Noon","Summer","Unknown","Attack","Unknown","2021/22",1,2022-01-01,2022,1
1294,"Footpath","9 am to Noon","Summer","Unknown","Attack","Unknown","2022/23",3,2023-01-01,2023,1
1295,"Footpath","9 am to Noon","Summer","Unknown","Attack","Unknown","2023/24",3,2024-01-01,2024,1
1296,"Footpath","9 am to Noon","Summer","Unknown","Harassment","Animal","2018/19",2,2019-01-01,2019,1
1297,"Footpath","9 am to Noon","Summer","Unknown","Harassment","Animal","2019/20",2,2020-01-01,2020,1
1298,"Footpath","9 am to Noon","Summer","Unknown","Harassment","Animal","2021/22",1,2022-01-01,2022,1
1299,"Footpath","9 am to Noon","Summer","Unknown","Harassment","Both","2020/21",1,2021-01-01,2021,1
1300,"Footpath","9 am to Noon","Summer","Unknown","Harassment","Human","2019/20",1,2020-01-01,2020,1
1301,"Footpath","9 am to Noon","Summer","Unknown","Harassment","Human","2020/21",1,2021-01-01,2021,1
1302,"Footpath","9 am to Noon","Summer","Unknown","Harassment","Human","2021/22",2,2022-01-01,2022,1
1303,"Footpath","9 am to Noon","Summer","Unknown","Harassment","Human","2022/23",2,2023-01-01,2023,1
1304,"Footpath","9 am to Noon","Summer","Unknown","Harassment","Human","2023/24",3,2024-01-01,2024,1
1305,"Footpath","9 am to Noon","Summer","Unknown","Harassment","Unknown","2019/20",3,2020-01-01,2020,1
1306,"Footpath","9 am to Noon","Summer","Unknown","Harassment","Unknown","2020/21",2,2021-01-01,2021,1
1307,"Footpath","9 am to Noon","Summer","Unknown","Harassment","Unknown","2021/22",2,2022-01-01,2022,1
1308,"Footpath","9 am to Noon","Summer","Unknown","Harassment","Unknown","2022/23",1,2023-01-01,2023,1
1309,"Footpath","9 am to Noon","Winter","No Leash","Attack","Animal","2018/19",6,2018-07-01,2018,7
1310,"Footpath","9 am to Noon","Winter","No Leash","Attack","Animal","2019/20",8,2019-07-01,2019,7
1311,"Footpath","9 am to Noon","Winter","No Leash","Attack","Animal","2020/21",4,2020-07-01,2020,7
1312,"Footpath","9 am to Noon","Winter","No Leash","Attack","Animal","2021/22",11,2021-07-01,2021,7
1313,"Footpath","9 am to Noon","Winter","No Leash","Attack","Animal","2022/23",9,2022-07-01,2022,7
1314,"Footpath","9 am to Noon","Winter","No Leash","Attack","Animal","2023/24",3,2023-07-01,2023,7
1316,"Footpath","9 am to Noon","Winter","No Leash","Attack","Both","2019/20",1,2019-07-01,2019,7
1317,"Footpath","9 am to Noon","Winter","No Leash","Attack","Both","2022/23",1,2022-07-01,2022,7
1318,"Footpath","9 am to Noon","Winter","No Leash","Attack","Both","2023/24",2,2023-07-01,2023,7
1319,"Footpath","9 am to Noon","Winter","No Leash","Attack","Human","2019/20",1,2019-07-01,2019,7
1320,"Footpath","9 am to Noon","Winter","No Leash","Attack","Human","2020/21",2,2020-07-01,2020,7
1321,"Footpath","9 am to Noon","Winter","No Leash","Attack","Human","2021/22",5,2021-07-01,2021,7
1322,"Footpath","9 am to Noon","Winter","No Leash","Attack","Human","2022/23",3,2022-07-01,2022,7
1323,"Footpath","9 am to Noon","Winter","No Leash","Attack","Human","2023/24",3,2023-07-01,2023,7
1324,"Footpath","9 am to Noon","Winter","No Leash","Attack","Unknown","2019/20",2,2019-07-01,2019,7
1325,"Footpath","9 am to Noon","Winter","No Leash","Attack","Unknown","2020/21",2,2020-07-01,2020,7
1326,"Footpath","9 am to Noon","Winter","No Leash","Attack","Unknown","2021/22",2,2021-07-01,2021,7
1327,"Footpath","9 am to Noon","Winter","No Leash","Attack","Unknown","2022/23",1,2022-07-01,2022,7
1328,"Footpath","9 am to Noon","Winter","No Leash","Attack","Unknown","2023/24",3,2023-07-01,2023,7
1329,"Footpath","9 am to Noon","Winter","No Leash","Harassment","Animal","2018/19",3,2018-07-01,2018,7
1330,"Footpath","9 am to Noon","Winter","No Leash","Harassment","Animal","2019/20",2,2019-07-01,2019,7
1331,"Footpath","9 am to Noon","Winter","No Leash","Harassment","Animal","2020/21",4,2020-07-01,2020,7
1332,"Footpath","9 am to Noon","Winter","No Leash","Harassment","Animal","2021/22",4,2021-07-01,2021,7
1333,"Footpath","9 am to Noon","Winter","No Leash","Harassment","Animal","2022/23",2,2022-07-01,2022,7
1334,"Footpath","9 am to Noon","Winter","No Leash","Harassment","Animal","2023/24",1,2023-07-01,2023,7
1336,"Footpath","9 am to Noon","Winter","No Leash","Harassment","Both","2020/21",1,2020-07-01,2020,7
1337,"Footpath","9 am to Noon","Winter","No Leash","Harassment","Both","2022/23",1,2022-07-01,2022,7
1338,"Footpath","9 am to Noon","Winter","No Leash","Harassment","Human","2018/19",3,2018-07-01,2018,7
1339,"Footpath","9 am to Noon","Winter","No Leash","Harassment","Human","2019/20",5,2019-07-01,2019,7
1340,"Footpath","9 am to Noon","Winter","No Leash","Harassment","Human","2020/21",6,2020-07-01,2020,7
1341,"Footpath","9 am to Noon","Winter","No Leash","Harassment","Human","2021/22",2,2021-07-01,2021,7
1342,"Footpath","9 am to Noon","Winter","No Leash","Harassment","Human","2022/23",3,2022-07-01,2022,7
1343,"Footpath","9 am to Noon","Winter","No Leash","Harassment","Human","2023/24",1,2023-07-01,2023,7
1345,"Footpath","9 am to Noon","Winter","No Leash","Harassment","Unknown","2018/19",1,2018-07-01,2018,7
1346,"Footpath","9 am to Noon","Winter","No Leash","Harassment","Unknown","2019/20",2,2019-07-01,2019,7
1347,"Footpath","9 am to Noon","Winter","No Leash","Harassment","Unknown","2020/21",2,2020-07-01,2020,7
1348,"Footpath","9 am to Noon","Winter","No Leash","Harassment","Unknown","2021/22",1,2021-07-01,2021,7
1349,"Footpath","9 am to Noon","Winter","No Leash","Harassment","Unknown","2022/23",1,2022-07-01,2022,7
1350,"Footpath","9 am to Noon","Winter","No Leash","Harassment","Unknown","2023/24",2,2023-07-01,2023,7
1351,"Footpath","9 am to Noon","Winter","On a Leash","Attack","Animal","2019/20",1,2019-07-01,2019,7
1352,"Footpath","9 am to Noon","Winter","On a Leash","Attack","Animal","2020/21",1,2020-07-01,2020,7
1353,"Footpath","9 am to Noon","Winter","On a Leash","Attack","Animal","2021/22",2,2021-07-01,2021,7
1354,"Footpath","9 am to Noon","Winter","On a Leash","Attack","Animal","2023/24",1,2023-07-01,2023,7
1355,"Footpath","9 am to Noon","Winter","On a Leash","Attack","Both","2020/21",1,2020-07-01,2020,7
1356,"Footpath","9 am to Noon","Winter","On a Leash","Attack","Human","2018/19",1,2018-07-01,2018,7
1357,"Footpath","9 am to Noon","Winter","On a Leash","Attack","Human","2021/22",3,2021-07-01,2021,7
1358,"Footpath","9 am to Noon","Winter","On a Leash","Attack","Human","2023/24",3,2023-07-01,2023,7
1359,"Footpath","9 am to Noon","Winter","On a Leash","Attack","Unknown","2022/23",1,2022-07-01,2022,7
1360,"Footpath","9 am to Noon","Winter","On a Leash","Harassment","Unknown","2020/21",1,2020-07-01,2020,7
1361,"Footpath","9 am to Noon","Winter","On a Leash","Harassment","Unknown","2023/24",1,2023-07-01,2023,7
1362,"Footpath","9 am to Noon","Winter","Unknown","Attack","Animal","2018/19",1,2018-07-01,2018,7
1363,"Footpath","9 am to Noon","Winter","Unknown","Attack","Animal","2020/21",1,2020-07-01,2020,7
1364,"Footpath","9 am to Noon","Winter","Unknown","Attack","Animal","2022/23",1,2022-07-01,2022,7
1365,"Footpath","9 am to Noon","Winter","Unknown","Attack","Animal","2023/24",2,2023-07-01,2023,7
1366,"Footpath","9 am to Noon","Winter","Unknown","Attack","Both","2020/21",1,2020-07-01,2020,7
1367,"Footpath","9 am to Noon","Winter","Unknown","Attack","Human","2018/19",1,2018-07-01,2018,7
1368,"Footpath","9 am to Noon","Winter","Unknown","Attack","Human","2019/20",1,2019-07-01,2019,7
1369,"Footpath","9 am to Noon","Winter","Unknown","Attack","Human","2021/22",1,2021-07-01,2021,7
1370,"Footpath","9 am to Noon","Winter","Unknown","Attack","Human","2022/23",2,2022-07-01,2022,7
1371,"Footpath","9 am to Noon","Winter","Unknown","Attack","Unknown","2020/21",2,2020-07-01,2020,7
1372,"Footpath","9 am to Noon","Winter","Unknown","Attack","Unknown","2021/22",3,2021-07-01,2021,7
1374,"Footpath","9 am to Noon","Winter","Unknown","Harassment","Animal","2018/19",1,2018-07-01,2018,7
1375,"Footpath","9 am to Noon","Winter","Unknown","Harassment","Animal","2019/20",2,2019-07-01,2019,7
1376,"Footpath","9 am to Noon","Winter","Unknown","Harassment","Animal","2023/24",1,2023-07-01,2023,7
1377,"Footpath","9 am to Noon","Winter","Unknown","Harassment","Both","2020/21",1,2020-07-01,2020,7
1378,"Footpath","9 am to Noon","Winter","Unknown","Harassment","Human","2018/19",1,2018-07-01,2018,7
1379,"Footpath","9 am to Noon","Winter","Unknown","Harassment","Human","2019/20",1,2019-07-01,2019,7
1380,"Footpath","9 am to Noon","Winter","Unknown","Harassment","Human","2023/24",1,2023-07-01,2023,7
1382,"Footpath","9 am to Noon","Winter","Unknown","Harassment","Unknown","2019/20",2,2019-07-01,2019,7
1383,"Footpath","9 am to Noon","Winter","Unknown","Harassment","Unknown","2021/22",4,2021-07-01,2021,7
1384,"Footpath","9 am to Noon","Winter","Unknown","Harassment","Unknown","2022/23",1,2022-07-01,2022,7
1385,"Footpath","9 am to Noon","Winter","Unknown","Harassment","Unknown","2023/24",2,2023-07-01,2023,7
1386,"Footpath","Noon to 5 pm","Autumn","No Leash","Attack","Animal","2018/19",5,2019-04-01,2019,4
1387,"Footpath","Noon to 5 pm","Autumn","No Leash","Attack","Animal","2019/20",12,2020-04-01,2020,4
1388,"Footpath","Noon to 5 pm","Autumn","No Leash","Attack","Animal","2020/21",4,2021-04-01,2021,4
1389,"Footpath","Noon to 5 pm","Autumn","No Leash","Attack","Animal","2021/22",4,2022-04-01,2022,4
1390,"Footpath","Noon to 5 pm","Autumn","No Leash","Attack","Animal","2022/23",6,2023-04-01,2023,4
1391,"Footpath","Noon to 5 pm","Autumn","No Leash","Attack","Animal","2023/24",2,2024-04-01,2024,4
1393,"Footpath","Noon to 5 pm","Autumn","No Leash","Attack","Both","2018/19",2,2019-04-01,2019,4
1394,"Footpath","Noon to 5 pm","Autumn","No Leash","Attack","Both","2019/20",2,2020-04-01,2020,4
1395,"Footpath","Noon to 5 pm","Autumn","No Leash","Attack","Both","2022/23",1,2023-04-01,2023,4
1396,"Footpath","Noon to 5 pm","Autumn","No Leash","Attack","Human","2018/19",3,2019-04-01,2019,4
1397,"Footpath","Noon to 5 pm","Autumn","No Leash","Attack","Human","2019/20",4,2020-04-01,2020,4
1398,"Footpath","Noon to 5 pm","Autumn","No Leash","Attack","Human","2020/21",7,2021-04-01,2021,4
1399,"Footpath","Noon to 5 pm","Autumn","No Leash","Attack","Human","2021/22",3,2022-04-01,2022,4
1400,"Footpath","Noon to 5 pm","Autumn","No Leash","Attack","Human","2022/23",6,2023-04-01,2023,4
1401,"Footpath","Noon to 5 pm","Autumn","No Leash","Attack","Human","2023/24",2,2024-04-01,2024,4
1403,"Footpath","Noon to 5 pm","Autumn","No Leash","Attack","Unknown","2018/19",2,2019-04-01,2019,4
1404,"Footpath","Noon to 5 pm","Autumn","No Leash","Attack","Unknown","2019/20",1,2020-04-01,2020,4
1405,"Footpath","Noon to 5 pm","Autumn","No Leash","Attack","Unknown","2020/21",3,2021-04-01,2021,4
1406,"Footpath","Noon to 5 pm","Autumn","No Leash","Attack","Unknown","2021/22",1,2022-04-01,2022,4
1407,"Footpath","Noon to 5 pm","Autumn","No Leash","Attack","Unknown","2023/24",2,2024-04-01,2024,4
1408,"Footpath","Noon to 5 pm","Autumn","No Leash","Harassment","Animal","2019/20",5,2020-04-01,2020,4
1409,"Footpath","Noon to 5 pm","Autumn","No Leash","Harassment","Animal","2020/21",3,2021-04-01,2021,4
1410,"Footpath","Noon to 5 pm","Autumn","No Leash","Harassment","Animal","2021/22",5,2022-04-01,2022,4
1411,"Footpath","Noon to 5 pm","Autumn","No Leash","Harassment","Animal","2022/23",2,2023-04-01,2023,4
1412,"Footpath","Noon to 5 pm","Autumn","No Leash","Harassment","Animal","2023/24",1,2024-04-01,2024,4
1413,"Footpath","Noon to 5 pm","Autumn","No Leash","Harassment","Both","2018/19",2,2019-04-01,2019,4
1414,"Footpath","Noon to 5 pm","Autumn","No Leash","Harassment","Human","2018/19",4,2019-04-01,2019,4
1415,"Footpath","Noon to 5 pm","Autumn","No Leash","Harassment","Human","2019/20",3,2020-04-01,2020,4
1416,"Footpath","Noon to 5 pm","Autumn","No Leash","Harassment","Human","2020/21",3,2021-04-01,2021,4
1417,"Footpath","Noon to 5 pm","Autumn","No Leash","Harassment","Human","2021/22",4,2022-04-01,2022,4
1418,"Footpath","Noon to 5 pm","Autumn","No Leash","Harassment","Human","2022/23",2,2023-04-01,2023,4
1419,"Footpath","Noon to 5 pm","Autumn","No Leash","Harassment","Human","2023/24",1,2024-04-01,2024,4
1420,"Footpath","Noon to 5 pm","Autumn","No Leash","Harassment","Unknown","2019/20",4,2020-04-01,2020,4
1421,"Footpath","Noon to 5 pm","Autumn","No Leash","Harassment","Unknown","2021/22",5,2022-04-01,2022,4
1422,"Footpath","Noon to 5 pm","Autumn","No Leash","Harassment","Unknown","2022/23",1,2023-04-01,2023,4
1423,"Footpath","Noon to 5 pm","Autumn","No Leash","Harassment","Unknown","2023/24",2,2024-04-01,2024,4
1424,"Footpath","Noon to 5 pm","Autumn","On a Leash","Attack","Animal","2018/19",1,2019-04-01,2019,4
1425,"Footpath","Noon to 5 pm","Autumn","On a Leash","Attack","Animal","2019/20",3,2020-04-01,2020,4
1426,"Footpath","Noon to 5 pm","Autumn","On a Leash","Attack","Animal","2022/23",1,2023-04-01,2023,4
1427,"Footpath","Noon to 5 pm","Autumn","On a Leash","Attack","Human","2019/20",1,2020-04-01,2020,4
1428,"Footpath","Noon to 5 pm","Autumn","On a Leash","Attack","Human","2022/23",2,2023-04-01,2023,4
1429,"Footpath","Noon to 5 pm","Autumn","On a Leash","Attack","Unknown","2023/24",1,2024-04-01,2024,4
1430,"Footpath","Noon to 5 pm","Autumn","On a Leash","Harassment","Animal","2020/21",1,2021-04-01,2021,4
1431,"Footpath","Noon to 5 pm","Autumn","On a Leash","Harassment","Animal","2021/22",1,2022-04-01,2022,4
1432,"Footpath","Noon to 5 pm","Autumn","On a Leash","Harassment","Human","2018/19",2,2019-04-01,2019,4
1434,"Footpath","Noon to 5 pm","Autumn","Unknown","Attack","Animal","2018/19",2,2019-04-01,2019,4
1435,"Footpath","Noon to 5 pm","Autumn","Unknown","Attack","Animal","2019/20",1,2020-04-01,2020,4
1436,"Footpath","Noon to 5 pm","Autumn","Unknown","Attack","Animal","2020/21",2,2021-04-01,2021,4
1437,"Footpath","Noon to 5 pm","Autumn","Unknown","Attack","Animal","2021/22",4,2022-04-01,2022,4
1439,"Footpath","Noon to 5 pm","Autumn","Unknown","Attack","Both","2018/19",2,2019-04-01,2019,4
1440,"Footpath","Noon to 5 pm","Autumn","Unknown","Attack","Human","2018/19",1,2019-04-01,2019,4
1441,"Footpath","Noon to 5 pm","Autumn","Unknown","Attack","Human","2019/20",1,2020-04-01,2020,4
1442,"Footpath","Noon to 5 pm","Autumn","Unknown","Attack","Human","2020/21",1,2021-04-01,2021,4
1443,"Footpath","Noon to 5 pm","Autumn","Unknown","Attack","Human","2021/22",1,2022-04-01,2022,4
1444,"Footpath","Noon to 5 pm","Autumn","Unknown","Attack","Human","2023/24",1,2024-04-01,2024,4
1445,"Footpath","Noon to 5 pm","Autumn","Unknown","Attack","Unknown","2018/19",1,2019-04-01,2019,4
1446,"Footpath","Noon to 5 pm","Autumn","Unknown","Attack","Unknown","2019/20",3,2020-04-01,2020,4
1447,"Footpath","Noon to 5 pm","Autumn","Unknown","Attack","Unknown","2020/21",5,2021-04-01,2021,4
1448,"Footpath","Noon to 5 pm","Autumn","Unknown","Attack","Unknown","2021/22",1,2022-04-01,2022,4
1449,"Footpath","Noon to 5 pm","Autumn","Unknown","Attack","Unknown","2022/23",3,2023-04-01,2023,4
1450,"Footpath","Noon to 5 pm","Autumn","Unknown","Attack","Unknown","2023/24",2,2024-04-01,2024,4
1451,"Footpath","Noon to 5 pm","Autumn","Unknown","Harassment","Animal","2019/20",1,2020-04-01,2020,4
1452,"Footpath","Noon to 5 pm","Autumn","Unknown","Harassment","Animal","2020/21",1,2021-04-01,2021,4
1453,"Footpath","Noon to 5 pm","Autumn","Unknown","Harassment","Animal","2021/22",2,2022-04-01,2022,4
1454,"Footpath","Noon to 5 pm","Autumn","Unknown","Harassment","Animal","2022/23",1,2023-04-01,2023,4
1455,"Footpath","Noon to 5 pm","Autumn","Unknown","Harassment","Human","2018/19",2,2019-04-01,2019,4
1456,"Footpath","Noon to 5 pm","Autumn","Unknown","Harassment","Human","2019/20",2,2020-04-01,2020,4
1457,"Footpath","Noon to 5 pm","Autumn","Unknown","Harassment","Human","2020/21",1,2021-04-01,2021,4
1458,"Footpath","Noon to 5 pm","Autumn","Unknown","Harassment","Human","2021/22",1,2022-04-01,2022,4
1459,"Footpath","Noon to 5 pm","Autumn","Unknown","Harassment","Unknown","2018/19",1,2019-04-01,2019,4
1460,"Footpath","Noon to 5 pm","Autumn","Unknown","Harassment","Unknown","2019/20",1,2020-04-01,2020,4
1461,"Footpath","Noon to 5 pm","Autumn","Unknown","Harassment","Unknown","2020/21",1,2021-04-01,2021,4
1462,"Footpath","Noon to 5 pm","Autumn","Unknown","Harassment","Unknown","2021/22",2,2022-04-01,2022,4
1463,"Footpath","Noon to 5 pm","Autumn","Unknown","Harassment","Unknown","2022/23",2,2023-04-01,2023,4
1464,"Footpath","Noon to 5 pm","Autumn","Unknown","Harassment","Unknown","2023/24",1,2024-04-01,2024,4
1465,"Footpath","Noon to 5 pm","Spring","No Leash","Attack","Animal","2018/19",6,2018-10-01,2018,10
1466,"Footpath","Noon to 5 pm","Spring","No Leash","Attack","Animal","2019/20",5,2019-10-01,2019,10
1467,"Footpath","Noon to 5 pm","Spring","No Leash","Attack","Animal","2020/21",12,2020-10-01,2020,10
1468,"Footpath","Noon to 5 pm","Spring","No Leash","Attack","Animal","2021/22",6,2021-10-01,2021,10
1469,"Footpath","Noon to 5 pm","Spring","No Leash","Attack","Animal","2022/23",5,2022-10-01,2022,10
1470,"Footpath","Noon to 5 pm","Spring","No Leash","Attack","Animal","2023/24",2,2023-10-01,2023,10
1472,"Footpath","Noon to 5 pm","Spring","No Leash","Attack","Both","2018/19",1,2018-10-01,2018,10
1473,"Footpath","Noon to 5 pm","Spring","No Leash","Attack","Both","2020/21",1,2020-10-01,2020,10
1474,"Footpath","Noon to 5 pm","Spring","No Leash","Attack","Both","2023/24",1,2023-10-01,2023,10
1475,"Footpath","Noon to 5 pm","Spring","No Leash","Attack","Human","2018/19",1,2018-10-01,2018,10
1476,"Footpath","Noon to 5 pm","Spring","No Leash","Attack","Human","2019/20",1,2019-10-01,2019,10
1477,"Footpath","Noon to 5 pm","Spring","No Leash","Attack","Human","2020/21",2,2020-10-01,2020,10
1478,"Footpath","Noon to 5 pm","Spring","No Leash","Attack","Human","2021/22",4,2021-10-01,2021,10
1479,"Footpath","Noon to 5 pm","Spring","No Leash","Attack","Human","2022/23",6,2022-10-01,2022,10
1480,"Footpath","Noon to 5 pm","Spring","No Leash","Attack","Human","2023/24",4,2023-10-01,2023,10
1481,"Footpath","Noon to 5 pm","Spring","No Leash","Attack","Unknown","2020/21",3,2020-10-01,2020,10
1482,"Footpath","Noon to 5 pm","Spring","No Leash","Attack","Unknown","2021/22",4,2021-10-01,2021,10
1483,"Footpath","Noon to 5 pm","Spring","No Leash","Attack","Unknown","2022/23",5,2022-10-01,2022,10
1484,"Footpath","Noon to 5 pm","Spring","No Leash","Attack","Unknown","2023/24",1,2023-10-01,2023,10
1485,"Footpath","Noon to 5 pm","Spring","No Leash","Harassment","Animal","2018/19",3,2018-10-01,2018,10
1486,"Footpath","Noon to 5 pm","Spring","No Leash","Harassment","Animal","2019/20",5,2019-10-01,2019,10
1487,"Footpath","Noon to 5 pm","Spring","No Leash","Harassment","Animal","2020/21",2,2020-10-01,2020,10
1488,"Footpath","Noon to 5 pm","Spring","No Leash","Harassment","Animal","2021/22",2,2021-10-01,2021,10
1489,"Footpath","Noon to 5 pm","Spring","No Leash","Harassment","Animal","2022/23",4,2022-10-01,2022,10
1490,"Footpath","Noon to 5 pm","Spring","No Leash","Harassment","Animal","2023/24",3,2023-10-01,2023,10
1491,"Footpath","Noon to 5 pm","Spring","No Leash","Harassment","Both","2021/22",1,2021-10-01,2021,10
1492,"Footpath","Noon to 5 pm","Spring","No Leash","Harassment","Human","2018/19",2,2018-10-01,2018,10
1493,"Footpath","Noon to 5 pm","Spring","No Leash","Harassment","Human","2019/20",7,2019-10-01,2019,10
1494,"Footpath","Noon to 5 pm","Spring","No Leash","Harassment","Human","2020/21",8,2020-10-01,2020,10
1495,"Footpath","Noon to 5 pm","Spring","No Leash","Harassment","Human","2021/22",5,2021-10-01,2021,10
1496,"Footpath","Noon to 5 pm","Spring","No Leash","Harassment","Human","2022/23",2,2022-10-01,2022,10
1497,"Footpath","Noon to 5 pm","Spring","No Leash","Harassment","Human","2023/24",1,2023-10-01,2023,10
1498,"Footpath","Noon to 5 pm","Spring","No Leash","Harassment","Unknown","2018/19",1,2018-10-01,2018,10
1499,"Footpath","Noon to 5 pm","Spring","No Leash","Harassment","Unknown","2019/20",3,2019-10-01,2019,10
1500,"Footpath","Noon to 5 pm","Spring","No Leash","Harassment","Unknown","2020/21",1,2020-10-01,2020,10
1501,"Footpath","Noon to 5 pm","Spring","No Leash","Harassment","Unknown","2021/22",3,2021-10-01,2021,10
1502,"Footpath","Noon to 5 pm","Spring","No Leash","Harassment","Unknown","2022/23",2,2022-10-01,2022,10
1503,"Footpath","Noon to 5 pm","Spring","No Leash","Harassment","Unknown","2023/24",4,2023-10-01,2023,10
1504,"Footpath","Noon to 5 pm","Spring","On a Leash","Attack","Animal","2018/19",2,2018-10-01,2018,10
1505,"Footpath","Noon to 5 pm","Spring","On a Leash","Attack","Animal","2019/20",1,2019-10-01,2019,10
1506,"Footpath","Noon to 5 pm","Spring","On a Leash","Attack","Animal","2021/22",3,2021-10-01,2021,10
1507,"Footpath","Noon to 5 pm","Spring","On a Leash","Attack","Animal","2022/23",1,2022-10-01,2022,10
1508,"Footpath","Noon to 5 pm","Spring","On a Leash","Attack","Human","2018/19",1,2018-10-01,2018,10
1509,"Footpath","Noon to 5 pm","Spring","On a Leash","Attack","Human","2021/22",4,2021-10-01,2021,10
1510,"Footpath","Noon to 5 pm","Spring","On a Leash","Attack","Human","2022/23",2,2022-10-01,2022,10
1511,"Footpath","Noon to 5 pm","Spring","On a Leash","Attack","Human","2023/24",1,2023-10-01,2023,10
1512,"Footpath","Noon to 5 pm","Spring","On a Leash","Attack","Unknown","2019/20",2,2019-10-01,2019,10
1513,"Footpath","Noon to 5 pm","Spring","On a Leash","Attack","Unknown","2021/22",2,2021-10-01,2021,10
1514,"Footpath","Noon to 5 pm","Spring","On a Leash","Harassment","Animal","2023/24",1,2023-10-01,2023,10
1515,"Footpath","Noon to 5 pm","Spring","On a Leash","Harassment","Human","2021/22",1,2021-10-01,2021,10
1516,"Footpath","Noon to 5 pm","Spring","On a Leash","Harassment","Unknown","2021/22",1,2021-10-01,2021,10
1517,"Footpath","Noon to 5 pm","Spring","On a Leash","Harassment","Unknown","2022/23",1,2022-10-01,2022,10
1518,"Footpath","Noon to 5 pm","Spring","Unknown","Attack","Animal","2018/19",3,2018-10-01,2018,10
1519,"Footpath","Noon to 5 pm","Spring","Unknown","Attack","Animal","2019/20",2,2019-10-01,2019,10
1520,"Footpath","Noon to 5 pm","Spring","Unknown","Attack","Animal","2020/21",2,2020-10-01,2020,10
1521,"Footpath","Noon to 5 pm","Spring","Unknown","Attack","Animal","2021/22",3,2021-10-01,2021,10
1522,"Footpath","Noon to 5 pm","Spring","Unknown","Attack","Animal","2022/23",2,2022-10-01,2022,10
1523,"Footpath","Noon to 5 pm","Spring","Unknown","Attack","Animal","2023/24",1,2023-10-01,2023,10
1524,"Footpath","Noon to 5 pm","Spring","Unknown","Attack","Both","2022/23",1,2022-10-01,2022,10
1525,"Footpath","Noon to 5 pm","Spring","Unknown","Attack","Human","2018/19",3,2018-10-01,2018,10
1526,"Footpath","Noon to 5 pm","Spring","Unknown","Attack","Human","2019/20",1,2019-10-01,2019,10
1527,"Footpath","Noon to 5 pm","Spring","Unknown","Attack","Human","2020/21",1,2020-10-01,2020,10
1528,"Footpath","Noon to 5 pm","Spring","Unknown","Attack","Human","2021/22",3,2021-10-01,2021,10
1529,"Footpath","Noon to 5 pm","Spring","Unknown","Attack","Human","2022/23",1,2022-10-01,2022,10
1530,"Footpath","Noon to 5 pm","Spring","Unknown","Attack","Human","2023/24",2,2023-10-01,2023,10
1532,"Footpath","Noon to 5 pm","Spring","Unknown","Attack","Unknown","2018/19",2,2018-10-01,2018,10
1533,"Footpath","Noon to 5 pm","Spring","Unknown","Attack","Unknown","2020/21",3,2020-10-01,2020,10
1534,"Footpath","Noon to 5 pm","Spring","Unknown","Attack","Unknown","2021/22",2,2021-10-01,2021,10
1535,"Footpath","Noon to 5 pm","Spring","Unknown","Attack","Unknown","2022/23",3,2022-10-01,2022,10
1536,"Footpath","Noon to 5 pm","Spring","Unknown","Attack","Unknown","2023/24",3,2023-10-01,2023,10
1537,"Footpath","Noon to 5 pm","Spring","Unknown","Harassment","Animal","2018/19",1,2018-10-01,2018,10
1538,"Footpath","Noon to 5 pm","Spring","Unknown","Harassment","Animal","2019/20",2,2019-10-01,2019,10
1539,"Footpath","Noon to 5 pm","Spring","Unknown","Harassment","Animal","2020/21",1,2020-10-01,2020,10
1540,"Footpath","Noon to 5 pm","Spring","Unknown","Harassment","Both","2019/20",1,2019-10-01,2019,10
1541,"Footpath","Noon to 5 pm","Spring","Unknown","Harassment","Both","2021/22",1,2021-10-01,2021,10
1543,"Footpath","Noon to 5 pm","Spring","Unknown","Harassment","Human","2018/19",1,2018-10-01,2018,10
1544,"Footpath","Noon to 5 pm","Spring","Unknown","Harassment","Human","2020/21",1,2020-10-01,2020,10
1545,"Footpath","Noon to 5 pm","Spring","Unknown","Harassment","Human","2021/22",1,2021-10-01,2021,10
1546,"Footpath","Noon to 5 pm","Spring","Unknown","Harassment","Human","2022/23",1,2022-10-01,2022,10
1547,"Footpath","Noon to 5 pm","Spring","Unknown","Harassment","Human","2023/24",1,2023-10-01,2023,10
1548,"Footpath","Noon to 5 pm","Spring","Unknown","Harassment","Unknown","2018/19",2,2018-10-01,2018,10
1549,"Footpath","Noon to 5 pm","Spring","Unknown","Harassment","Unknown","2019/20",1,2019-10-01,2019,10
1550,"Footpath","Noon to 5 pm","Spring","Unknown","Harassment","Unknown","2020/21",2,2020-10-01,2020,10
1551,"Footpath","Noon to 5 pm","Spring","Unknown","Harassment","Unknown","2021/22",2,2021-10-01,2021,10
1552,"Footpath","Noon to 5 pm","Spring","Unknown","Harassment","Unknown","2022/23",4,2022-10-01,2022,10
1553,"Footpath","Noon to 5 pm","Spring","Unknown","Harassment","Unknown","2023/24",2,2023-10-01,2023,10
1554,"Footpath","Noon to 5 pm","Summer","No Leash","Attack","Animal","2018/19",1,2019-01-01,2019,1
1555,"Footpath","Noon to 5 pm","Summer","No Leash","Attack","Animal","2019/20",4,2020-01-01,2020,1
1556,"Footpath","Noon to 5 pm","Summer","No Leash","Attack","Animal","2020/21",5,2021-01-01,2021,1
1557,"Footpath","Noon to 5 pm","Summer","No Leash","Attack","Animal","2021/22",2,2022-01-01,2022,1
1558,"Footpath","Noon to 5 pm","Summer","No Leash","Attack","Animal","2022/23",2,2023-01-01,2023,1
1559,"Footpath","Noon to 5 pm","Summer","No Leash","Attack","Animal","2023/24",3,2024-01-01,2024,1
1560,"Footpath","Noon to 5 pm","Summer","No Leash","Attack","Both","2020/21",1,2021-01-01,2021,1
1561,"Footpath","Noon to 5 pm","Summer","No Leash","Attack","Both","2023/24",2,2024-01-01,2024,1
1562,"Footpath","Noon to 5 pm","Summer","No Leash","Attack","Human","2018/19",2,2019-01-01,2019,1
1563,"Footpath","Noon to 5 pm","Summer","No Leash","Attack","Human","2019/20",5,2020-01-01,2020,1
1564,"Footpath","Noon to 5 pm","Summer","No Leash","Attack","Human","2020/21",2,2021-01-01,2021,1
1565,"Footpath","Noon to 5 pm","Summer","No Leash","Attack","Human","2021/22",2,2022-01-01,2022,1
1566,"Footpath","Noon to 5 pm","Summer","No Leash","Attack","Human","2022/23",3,2023-01-01,2023,1
1567,"Footpath","Noon to 5 pm","Summer","No Leash","Attack","Human","2023/24",1,2024-01-01,2024,1
1569,"Footpath","Noon to 5 pm","Summer","No Leash","Attack","Unknown","2019/20",1,2020-01-01,2020,1
1570,"Footpath","Noon to 5 pm","Summer","No Leash","Attack","Unknown","2020/21",3,2021-01-01,2021,1
1571,"Footpath","Noon to 5 pm","Summer","No Leash","Attack","Unknown","2021/22",1,2022-01-01,2022,1
1572,"Footpath","Noon to 5 pm","Summer","No Leash","Attack","Unknown","2022/23",1,2023-01-01,2023,1
1573,"Footpath","Noon to 5 pm","Summer","No Leash","Attack","Unknown","2023/24",2,2024-01-01,2024,1
1574,"Footpath","Noon to 5 pm","Summer","No Leash","Harassment","Animal","2019/20",1,2020-01-01,2020,1
1575,"Footpath","Noon to 5 pm","Summer","No Leash","Harassment","Animal","2020/21",3,2021-01-01,2021,1
1576,"Footpath","Noon to 5 pm","Summer","No Leash","Harassment","Human","2019/20",5,2020-01-01,2020,1
1577,"Footpath","Noon to 5 pm","Summer","No Leash","Harassment","Human","2020/21",8,2021-01-01,2021,1
1578,"Footpath","Noon to 5 pm","Summer","No Leash","Harassment","Human","2022/23",3,2023-01-01,2023,1
1579,"Footpath","Noon to 5 pm","Summer","No Leash","Harassment","Human","2023/24",2,2024-01-01,2024,1
1580,"Footpath","Noon to 5 pm","Summer","No Leash","Harassment","Unknown","2019/20",3,2020-01-01,2020,1
1581,"Footpath","Noon to 5 pm","Summer","No Leash","Harassment","Unknown","2021/22",3,2022-01-01,2022,1
1582,"Footpath","Noon to 5 pm","Summer","No Leash","Harassment","Unknown","2022/23",2,2023-01-01,2023,1
1583,"Footpath","Noon to 5 pm","Summer","No Leash","Harassment","Unknown","2023/24",1,2024-01-01,2024,1
1584,"Footpath","Noon to 5 pm","Summer","On a Leash","Attack","Animal","2019/20",2,2020-01-01,2020,1
1585,"Footpath","Noon to 5 pm","Summer","On a Leash","Attack","Animal","2020/21",1,2021-01-01,2021,1
1586,"Footpath","Noon to 5 pm","Summer","On a Leash","Attack","Animal","2022/23",1,2023-01-01,2023,1
1587,"Footpath","Noon to 5 pm","Summer","On a Leash","Attack","Human","2018/19",1,2019-01-01,2019,1
1588,"Footpath","Noon to 5 pm","Summer","On a Leash","Attack","Human","2020/21",1,2021-01-01,2021,1
1589,"Footpath","Noon to 5 pm","Summer","On a Leash","Attack","Human","2022/23",1,2023-01-01,2023,1
1590,"Footpath","Noon to 5 pm","Summer","On a Leash","Attack","Unknown","2021/22",1,2022-01-01,2022,1
1591,"Footpath","Noon to 5 pm","Summer","On a Leash","Harassment","Human","2020/21",1,2021-01-01,2021,1
1592,"Footpath","Noon to 5 pm","Summer","On a Leash","Harassment","Human","2022/23",1,2023-01-01,2023,1
1593,"Footpath","Noon to 5 pm","Summer","On a Leash","Harassment","Unknown","2019/20",1,2020-01-01,2020,1
1594,"Footpath","Noon to 5 pm","Summer","Unknown","Attack","Animal","2018/19",1,2019-01-01,2019,1
1595,"Footpath","Noon to 5 pm","Summer","Unknown","Attack","Animal","2019/20",1,2020-01-01,2020,1
1596,"Footpath","Noon to 5 pm","Summer","Unknown","Attack","Animal","2020/21",1,2021-01-01,2021,1
1597,"Footpath","Noon to 5 pm","Summer","Unknown","Attack","Animal","2021/22",2,2022-01-01,2022,1
1598,"Footpath","Noon to 5 pm","Summer","Unknown","Attack","Animal","2023/24",2,2024-01-01,2024,1
1600,"Footpath","Noon to 5 pm","Summer","Unknown","Attack","Human","2020/21",3,2021-01-01,2021,1
1601,"Footpath","Noon to 5 pm","Summer","Unknown","Attack","Human","2021/22",1,2022-01-01,2022,1
1602,"Footpath","Noon to 5 pm","Summer","Unknown","Attack","Human","2022/23",3,2023-01-01,2023,1
1603,"Footpath","Noon to 5 pm","Summer","Unknown","Attack","Human","2023/24",2,2024-01-01,2024,1
1604,"Footpath","Noon to 5 pm","Summer","Unknown","Attack","Unknown","2018/19",1,2019-01-01,2019,1
1605,"Footpath","Noon to 5 pm","Summer","Unknown","Attack","Unknown","2019/20",1,2020-01-01,2020,1
1606,"Footpath","Noon to 5 pm","Summer","Unknown","Attack","Unknown","2020/21",1,2021-01-01,2021,1
1607,"Footpath","Noon to 5 pm","Summer","Unknown","Attack","Unknown","2022/23",1,2023-01-01,2023,1
1608,"Footpath","Noon to 5 pm","Summer","Unknown","Harassment","Animal","2018/19",1,2019-01-01,2019,1
1609,"Footpath","Noon to 5 pm","Summer","Unknown","Harassment","Animal","2019/20",1,2020-01-01,2020,1
1610,"Footpath","Noon to 5 pm","Summer","Unknown","Harassment","Animal","2020/21",2,2021-01-01,2021,1
1611,"Footpath","Noon to 5 pm","Summer","Unknown","Harassment","Animal","2021/22",1,2022-01-01,2022,1
1612,"Footpath","Noon to 5 pm","Summer","Unknown","Harassment","Animal","2022/23",1,2023-01-01,2023,1
1613,"Footpath","Noon to 5 pm","Summer","Unknown","Harassment","Human","2020/21",2,2021-01-01,2021,1
1614,"Footpath","Noon to 5 pm","Summer","Unknown","Harassment","Unknown","2019/20",2,2020-01-01,2020,1
1615,"Footpath","Noon to 5 pm","Summer","Unknown","Harassment","Unknown","2020/21",2,2021-01-01,2021,1
1616,"Footpath","Noon to 5 pm","Summer","Unknown","Harassment","Unknown","2021/22",3,2022-01-01,2022,1
1617,"Footpath","Noon to 5 pm","Summer","Unknown","Harassment","Unknown","2022/23",1,2023-01-01,2023,1
1619,"Footpath","Noon to 5 pm","Winter","No Leash","Attack","Animal","2018/19",9,2018-07-01,2018,7
1620,"Footpath","Noon to 5 pm","Winter","No Leash","Attack","Animal","2019/20",14,2019-07-01,2019,7
1621,"Footpath","Noon to 5 pm","Winter","No Leash","Attack","Animal","2020/21",11,2020-07-01,2020,7
1622,"Footpath","Noon to 5 pm","Winter","No Leash","Attack","Animal","2021/22",13,2021-07-01,2021,7
1623,"Footpath","Noon to 5 pm","Winter","No Leash","Attack","Animal","2022/23",10,2022-07-01,2022,7
1624,"Footpath","Noon to 5 pm","Winter","No Leash","Attack","Animal","2023/24",6,2023-07-01,2023,7
1626,"Footpath","Noon to 5 pm","Winter","No Leash","Attack","Both","2018/19",2,2018-07-01,2018,7
1627,"Footpath","Noon to 5 pm","Winter","No Leash","Attack","Both","2019/20",1,2019-07-01,2019,7
1628,"Footpath","Noon to 5 pm","Winter","No Leash","Attack","Both","2021/22",3,2021-07-01,2021,7
1629,"Footpath","Noon to 5 pm","Winter","No Leash","Attack","Both","2022/23",3,2022-07-01,2022,7
1630,"Footpath","Noon to 5 pm","Winter","No Leash","Attack","Both","2023/24",1,2023-07-01,2023,7
1631,"Footpath","Noon to 5 pm","Winter","No Leash","Attack","Human","2018/19",3,2018-07-01,2018,7
1632,"Footpath","Noon to 5 pm","Winter","No Leash","Attack","Human","2019/20",2,2019-07-01,2019,7
1633,"Footpath","Noon to 5 pm","Winter","No Leash","Attack","Human","2020/21",5,2020-07-01,2020,7
1634,"Footpath","Noon to 5 pm","Winter","No Leash","Attack","Human","2021/22",5,2021-07-01,2021,7
1635,"Footpath","Noon to 5 pm","Winter","No Leash","Attack","Human","2022/23",5,2022-07-01,2022,7
1636,"Footpath","Noon to 5 pm","Winter","No Leash","Attack","Human","2023/24",5,2023-07-01,2023,7
1638,"Footpath","Noon to 5 pm","Winter","No Leash","Attack","Unknown","2018/19",1,2018-07-01,2018,7
1639,"Footpath","Noon to 5 pm","Winter","No Leash","Attack","Unknown","2019/20",1,2019-07-01,2019,7
1640,"Footpath","Noon to 5 pm","Winter","No Leash","Attack","Unknown","2020/21",4,2020-07-01,2020,7
1641,"Footpath","Noon to 5 pm","Winter","No Leash","Attack","Unknown","2021/22",5,2021-07-01,2021,7
1642,"Footpath","Noon to 5 pm","Winter","No Leash","Attack","Unknown","2022/23",4,2022-07-01,2022,7
1643,"Footpath","Noon to 5 pm","Winter","No Leash","Attack","Unknown","2023/24",4,2023-07-01,2023,7
1645,"Footpath","Noon to 5 pm","Winter","No Leash","Harassment","Animal","2018/19",2,2018-07-01,2018,7
1646,"Footpath","Noon to 5 pm","Winter","No Leash","Harassment","Animal","2019/20",6,2019-07-01,2019,7
1647,"Footpath","Noon to 5 pm","Winter","No Leash","Harassment","Animal","2020/21",3,2020-07-01,2020,7
1648,"Footpath","Noon to 5 pm","Winter","No Leash","Harassment","Animal","2021/22",5,2021-07-01,2021,7
1649,"Footpath","Noon to 5 pm","Winter","No Leash","Harassment","Animal","2022/23",1,2022-07-01,2022,7
1650,"Footpath","Noon to 5 pm","Winter","No Leash","Harassment","Animal","2023/24",3,2023-07-01,2023,7
1651,"Footpath","Noon to 5 pm","Winter","No Leash","Harassment","Human","2018/19",1,2018-07-01,2018,7
1652,"Footpath","Noon to 5 pm","Winter","No Leash","Harassment","Human","2019/20",6,2019-07-01,2019,7
1653,"Footpath","Noon to 5 pm","Winter","No Leash","Harassment","Human","2020/21",6,2020-07-01,2020,7
1654,"Footpath","Noon to 5 pm","Winter","No Leash","Harassment","Human","2021/22",2,2021-07-01,2021,7
1655,"Footpath","Noon to 5 pm","Winter","No Leash","Harassment","Human","2022/23",6,2022-07-01,2022,7
1656,"Footpath","Noon to 5 pm","Winter","No Leash","Harassment","Human","2023/24",4,2023-07-01,2023,7
1658,"Footpath","Noon to 5 pm","Winter","No Leash","Harassment","Unknown","2018/19",2,2018-07-01,2018,7
1659,"Footpath","Noon to 5 pm","Winter","No Leash","Harassment","Unknown","2019/20",3,2019-07-01,2019,7
1660,"Footpath","Noon to 5 pm","Winter","No Leash","Harassment","Unknown","2020/21",3,2020-07-01,2020,7
1661,"Footpath","Noon to 5 pm","Winter","No Leash","Harassment","Unknown","2022/23",3,2022-07-01,2022,7
1662,"Footpath","Noon to 5 pm","Winter","No Leash","Harassment","Unknown","2023/24",2,2023-07-01,2023,7
1663,"Footpath","Noon to 5 pm","Winter","On a Leash","Attack","Animal","2018/19",1,2018-07-01,2018,7
1664,"Footpath","Noon to 5 pm","Winter","On a Leash","Attack","Animal","2019/20",1,2019-07-01,2019,7
1665,"Footpath","Noon to 5 pm","Winter","On a Leash","Attack","Animal","2020/21",1,2020-07-01,2020,7
1666,"Footpath","Noon to 5 pm","Winter","On a Leash","Attack","Animal","2021/22",2,2021-07-01,2021,7
1667,"Footpath","Noon to 5 pm","Winter","On a Leash","Attack","Animal","2022/23",1,2022-07-01,2022,7
1668,"Footpath","Noon to 5 pm","Winter","On a Leash","Attack","Human","2019/20",3,2019-07-01,2019,7
1669,"Footpath","Noon to 5 pm","Winter","On a Leash","Attack","Human","2020/21",3,2020-07-01,2020,7
1670,"Footpath","Noon to 5 pm","Winter","On a Leash","Attack","Human","2021/22",3,2021-07-01,2021,7
1671,"Footpath","Noon to 5 pm","Winter","On a Leash","Attack","Human","2022/23",1,2022-07-01,2022,7
1672,"Footpath","Noon to 5 pm","Winter","On a Leash","Attack","Human","2023/24",4,2023-07-01,2023,7
1673,"Footpath","Noon to 5 pm","Winter","On a Leash","Attack","Unknown","2019/20",1,2019-07-01,2019,7
1674,"Footpath","Noon to 5 pm","Winter","On a Leash","Attack","Unknown","2020/21",1,2020-07-01,2020,7
1675,"Footpath","Noon to 5 pm","Winter","On a Leash","Attack","Unknown","2021/22",1,2021-07-01,2021,7
1676,"Footpath","Noon to 5 pm","Winter","On a Leash","Attack","Unknown","2023/24",2,2023-07-01,2023,7
1677,"Footpath","Noon to 5 pm","Winter","On a Leash","Harassment","Animal","2019/20",1,2019-07-01,2019,7
1678,"Footpath","Noon to 5 pm","Winter","On a Leash","Harassment","Animal","2021/22",1,2021-07-01,2021,7
1679,"Footpath","Noon to 5 pm","Winter","On a Leash","Harassment","Animal","2023/24",1,2023-07-01,2023,7
1680,"Footpath","Noon to 5 pm","Winter","On a Leash","Harassment","Human","2022/23",1,2022-07-01,2022,7
1681,"Footpath","Noon to 5 pm","Winter","On a Leash","Harassment","Unknown","2019/20",1,2019-07-01,2019,7
1682,"Footpath","Noon to 5 pm","Winter","Unknown","Attack","Animal","2018/19",2,2018-07-01,2018,7
1683,"Footpath","Noon to 5 pm","Winter","Unknown","Attack","Animal","2019/20",3,2019-07-01,2019,7
1684,"Footpath","Noon to 5 pm","Winter","Unknown","Attack","Animal","2020/21",2,2020-07-01,2020,7
1685,"Footpath","Noon to 5 pm","Winter","Unknown","Attack","Animal","2021/22",1,2021-07-01,2021,7
1686,"Footpath","Noon to 5 pm","Winter","Unknown","Attack","Animal","2022/23",3,2022-07-01,2022,7
1687,"Footpath","Noon to 5 pm","Winter","Unknown","Attack","Animal","2023/24",3,2023-07-01,2023,7
1689,"Footpath","Noon to 5 pm","Winter","Unknown","Attack","Both","2018/19",1,2018-07-01,2018,7
1690,"Footpath","Noon to 5 pm","Winter","Unknown","Attack","Both","2023/24",2,2023-07-01,2023,7
1691,"Footpath","Noon to 5 pm","Winter","Unknown","Attack","Human","2018/19",2,2018-07-01,2018,7
1692,"Footpath","Noon to 5 pm","Winter","Unknown","Attack","Human","2019/20",1,2019-07-01,2019,7
1693,"Footpath","Noon to 5 pm","Winter","Unknown","Attack","Human","2020/21",1,2020-07-01,2020,7
1694,"Footpath","Noon to 5 pm","Winter","Unknown","Attack","Human","2021/22",3,2021-07-01,2021,7
1695,"Footpath","Noon to 5 pm","Winter","Unknown","Attack","Human","2022/23",1,2022-07-01,2022,7
1696,"Footpath","Noon to 5 pm","Winter","Unknown","Attack","Human","2023/24",1,2023-07-01,2023,7
1697,"Footpath","Noon to 5 pm","Winter","Unknown","Attack","Unknown","2018/19",1,2018-07-01,2018,7
1698,"Footpath","Noon to 5 pm","Winter","Unknown","Attack","Unknown","2019/20",4,2019-07-01,2019,7
1699,"Footpath","Noon to 5 pm","Winter","Unknown","Attack","Unknown","2020/21",2,2020-07-01,2020,7
1700,"Footpath","Noon to 5 pm","Winter","Unknown","Attack","Unknown","2021/22",1,2021-07-01,2021,7
1701,"Footpath","Noon to 5 pm","Winter","Unknown","Attack","Unknown","2022/23",1,2022-07-01,2022,7
1702,"Footpath","Noon to 5 pm","Winter","Unknown","Attack","Unknown","2023/24",1,2023-07-01,2023,7
1703,"Footpath","Noon to 5 pm","Winter","Unknown","Harassment","Animal","2019/20",1,2019-07-01,2019,7
1704,"Footpath","Noon to 5 pm","Winter","Unknown","Harassment","Animal","2023/24",1,2023-07-01,2023,7
1705,"Footpath","Noon to 5 pm","Winter","Unknown","Harassment","Both","2019/20",1,2019-07-01,2019,7
1706,"Footpath","Noon to 5 pm","Winter","Unknown","Harassment","Human","2018/19",3,2018-07-01,2018,7
1707,"Footpath","Noon to 5 pm","Winter","Unknown","Harassment","Human","2019/20",2,2019-07-01,2019,7
1708,"Footpath","Noon to 5 pm","Winter","Unknown","Harassment","Human","2020/21",3,2020-07-01,2020,7
1709,"Footpath","Noon to 5 pm","Winter","Unknown","Harassment","Human","2021/22",1,2021-07-01,2021,7
1710,"Footpath","Noon to 5 pm","Winter","Unknown","Harassment","Human","2022/23",2,2022-07-01,2022,7
1711,"Footpath","Noon to 5 pm","Winter","Unknown","Harassment","Human","2023/24",1,2023-07-01,2023,7
1713,"Footpath","Noon to 5 pm","Winter","Unknown","Harassment","Unknown","2018/19",1,2018-07-01,2018,7
1714,"Footpath","Noon to 5 pm","Winter","Unknown","Harassment","Unknown","2019/20",2,2019-07-01,2019,7
1715,"Footpath","Noon to 5 pm","Winter","Unknown","Harassment","Unknown","2020/21",3,2020-07-01,2020,7
1716,"Footpath","Noon to 5 pm","Winter","Unknown","Harassment","Unknown","2021/22",3,2021-07-01,2021,7
1717,"Footpath","Noon to 5 pm","Winter","Unknown","Harassment","Unknown","2022/23",2,2022-07-01,2022,7
1718,"Footpath","Noon to 5 pm","Winter","Unknown","Harassment","Unknown","2023/24",3,2023-07-01,2023,7
1719,"Footpath","Unknown","Autumn","No Leash","Attack","Animal","2018/19",3,2019-04-01,2019,4
1720,"Footpath","Unknown","Autumn","No Leash","Attack","Animal","2019/20",2,2020-04-01,2020,4
1721,"Footpath","Unknown","Autumn","No Leash","Attack","Animal","2020/21",4,2021-04-01,2021,4
1722,"Footpath","Unknown","Autumn","No Leash","Attack","Animal","2021/22",1,2022-04-01,2022,4
1723,"Footpath","Unknown","Autumn","No Leash","Attack","Animal","2022/23",1,2023-04-01,2023,4
1724,"Footpath","Unknown","Autumn","No Leash","Attack","Animal","2023/24",2,2024-04-01,2024,4
1725,"Footpath","Unknown","Autumn","No Leash","Attack","Both","2019/20",1,2020-04-01,2020,4
1726,"Footpath","Unknown","Autumn","No Leash","Attack","Human","2018/19",3,2019-04-01,2019,4
1727,"Footpath","Unknown","Autumn","No Leash","Attack","Human","2019/20",2,2020-04-01,2020,4
1728,"Footpath","Unknown","Autumn","No Leash","Attack","Human","2020/21",2,2021-04-01,2021,4
1729,"Footpath","Unknown","Autumn","No Leash","Attack","Human","2022/23",1,2023-04-01,2023,4
1731,"Footpath","Unknown","Autumn","No Leash","Attack","Unknown","2019/20",1,2020-04-01,2020,4
1732,"Footpath","Unknown","Autumn","No Leash","Attack","Unknown","2020/21",1,2021-04-01,2021,4
1733,"Footpath","Unknown","Autumn","No Leash","Attack","Unknown","2021/22",2,2022-04-01,2022,4
1734,"Footpath","Unknown","Autumn","No Leash","Harassment","Animal","2018/19",2,2019-04-01,2019,4
1735,"Footpath","Unknown","Autumn","No Leash","Harassment","Animal","2019/20",1,2020-04-01,2020,4
1736,"Footpath","Unknown","Autumn","No Leash","Harassment","Animal","2022/23",1,2023-04-01,2023,4
1737,"Footpath","Unknown","Autumn","No Leash","Harassment","Both","2018/19",1,2019-04-01,2019,4
1738,"Footpath","Unknown","Autumn","No Leash","Harassment","Human","2019/20",1,2020-04-01,2020,4
1739,"Footpath","Unknown","Autumn","No Leash","Harassment","Human","2021/22",2,2022-04-01,2022,4
1740,"Footpath","Unknown","Autumn","No Leash","Harassment","Human","2022/23",1,2023-04-01,2023,4
1742,"Footpath","Unknown","Autumn","No Leash","Harassment","Unknown","2020/21",1,2021-04-01,2021,4
1743,"Footpath","Unknown","Autumn","On a Leash","Attack","Human","2022/23",1,2023-04-01,2023,4
1744,"Footpath","Unknown","Autumn","Unknown","Attack","Animal","2018/19",2,2019-04-01,2019,4
1745,"Footpath","Unknown","Autumn","Unknown","Attack","Animal","2022/23",1,2023-04-01,2023,4
1746,"Footpath","Unknown","Autumn","Unknown","Attack","Animal","2023/24",1,2024-04-01,2024,4
1747,"Footpath","Unknown","Autumn","Unknown","Attack","Human","2018/19",1,2019-04-01,2019,4
1748,"Footpath","Unknown","Autumn","Unknown","Attack","Human","2023/24",1,2024-04-01,2024,4
1749,"Footpath","Unknown","Autumn","Unknown","Attack","Unknown","2019/20",1,2020-04-01,2020,4
1750,"Footpath","Unknown","Autumn","Unknown","Attack","Unknown","2021/22",1,2022-04-01,2022,4
1751,"Footpath","Unknown","Autumn","Unknown","Attack","Unknown","2022/23",4,2023-04-01,2023,4
1752,"Footpath","Unknown","Autumn","Unknown","Harassment","Animal","2019/20",1,2020-04-01,2020,4
1753,"Footpath","Unknown","Autumn","Unknown","Harassment","Human","2019/20",2,2020-04-01,2020,4
1754,"Footpath","Unknown","Autumn","Unknown","Harassment","Human","2022/23",1,2023-04-01,2023,4
1755,"Footpath","Unknown","Autumn","Unknown","Harassment","Unknown","2019/20",2,2020-04-01,2020,4
1756,"Footpath","Unknown","Autumn","Unknown","Harassment","Unknown","2021/22",3,2022-04-01,2022,4
1757,"Footpath","Unknown","Autumn","Unknown","Harassment","Unknown","2022/23",4,2023-04-01,2023,4
1758,"Footpath","Unknown","Autumn","Unknown","Harassment","Unknown","2023/24",1,2024-04-01,2024,4
1759,"Footpath","Unknown","Spring","No Leash","Attack","Animal","2018/19",3,2018-10-01,2018,10
1760,"Footpath","Unknown","Spring","No Leash","Attack","Animal","2019/20",1,2019-10-01,2019,10
1761,"Footpath","Unknown","Spring","No Leash","Attack","Animal","2020/21",1,2020-10-01,2020,10
1762,"Footpath","Unknown","Spring","No Leash","Attack","Animal","2023/24",5,2023-10-01,2023,10
1763,"Footpath","Unknown","Spring","No Leash","Attack","Human","2018/19",1,2018-10-01,2018,10
1764,"Footpath","Unknown","Spring","No Leash","Attack","Human","2021/22",1,2021-10-01,2021,10
1765,"Footpath","Unknown","Spring","No Leash","Attack","Human","2022/23",1,2022-10-01,2022,10
1766,"Footpath","Unknown","Spring","No Leash","Attack","Human","2023/24",2,2023-10-01,2023,10
1767,"Footpath","Unknown","Spring","No Leash","Attack","Unknown","2019/20",1,2019-10-01,2019,10
1768,"Footpath","Unknown","Spring","No Leash","Attack","Unknown","2020/21",1,2020-10-01,2020,10
1769,"Footpath","Unknown","Spring","No Leash","Attack","Unknown","2021/22",1,2021-10-01,2021,10
1770,"Footpath","Unknown","Spring","No Leash","Harassment","Animal","2020/21",2,2020-10-01,2020,10
1771,"Footpath","Unknown","Spring","No Leash","Harassment","Animal","2022/23",1,2022-10-01,2022,10
1772,"Footpath","Unknown","Spring","No Leash","Harassment","Human","2018/19",3,2018-10-01,2018,10
1773,"Footpath","Unknown","Spring","No Leash","Harassment","Human","2019/20",2,2019-10-01,2019,10
1774,"Footpath","Unknown","Spring","No Leash","Harassment","Human","2020/21",3,2020-10-01,2020,10
1775,"Footpath","Unknown","Spring","No Leash","Harassment","Human","2022/23",3,2022-10-01,2022,10
1776,"Footpath","Unknown","Spring","No Leash","Harassment","Human","2023/24",1,2023-10-01,2023,10
1777,"Footpath","Unknown","Spring","No Leash","Harassment","Unknown","2018/19",1,2018-10-01,2018,10
1778,"Footpath","Unknown","Spring","No Leash","Harassment","Unknown","2020/21",1,2020-10-01,2020,10
1779,"Footpath","Unknown","Spring","No Leash","Harassment","Unknown","2021/22",1,2021-10-01,2021,10
1780,"Footpath","Unknown","Spring","No Leash","Harassment","Unknown","2023/24",1,2023-10-01,2023,10
1781,"Footpath","Unknown","Spring","On a Leash","Attack","Human","2019/20",1,2019-10-01,2019,10
1782,"Footpath","Unknown","Spring","On a Leash","Attack","Human","2021/22",1,2021-10-01,2021,10
1783,"Footpath","Unknown","Spring","On a Leash","Attack","Unknown","2020/21",2,2020-10-01,2020,10
1784,"Footpath","Unknown","Spring","On a Leash","Attack","Unknown","2023/24",1,2023-10-01,2023,10
1785,"Footpath","Unknown","Spring","On a Leash","Harassment","Animal","2023/24",1,2023-10-01,2023,10
1786,"Footpath","Unknown","Spring","On a Leash","Harassment","Human","2018/19",1,2018-10-01,2018,10
1787,"Footpath","Unknown","Spring","On a Leash","Harassment","Human","2021/22",1,2021-10-01,2021,10
1788,"Footpath","Unknown","Spring","Unknown","Attack","Animal","2018/19",1,2018-10-01,2018,10
1789,"Footpath","Unknown","Spring","Unknown","Attack","Animal","2019/20",1,2019-10-01,2019,10
1790,"Footpath","Unknown","Spring","Unknown","Attack","Animal","2020/21",1,2020-10-01,2020,10
1791,"Footpath","Unknown","Spring","Unknown","Attack","Animal","2021/22",2,2021-10-01,2021,10
1792,"Footpath","Unknown","Spring","Unknown","Attack","Animal","2022/23",1,2022-10-01,2022,10
1793,"Footpath","Unknown","Spring","Unknown","Attack","Animal","2023/24",1,2023-10-01,2023,10
1794,"Footpath","Unknown","Spring","Unknown","Attack","Human","2018/19",2,2018-10-01,2018,10
1795,"Footpath","Unknown","Spring","Unknown","Attack","Human","2019/20",1,2019-10-01,2019,10
1796,"Footpath","Unknown","Spring","Unknown","Attack","Human","2023/24",1,2023-10-01,2023,10
1797,"Footpath","Unknown","Spring","Unknown","Attack","Unknown","2018/19",1,2018-10-01,2018,10
1798,"Footpath","Unknown","Spring","Unknown","Attack","Unknown","2019/20",1,2019-10-01,2019,10
1799,"Footpath","Unknown","Spring","Unknown","Attack","Unknown","2020/21",1,2020-10-01,2020,10
1800,"Footpath","Unknown","Spring","Unknown","Attack","Unknown","2022/23",1,2022-10-01,2022,10
1801,"Footpath","Unknown","Spring","Unknown","Harassment","Animal","2022/23",1,2022-10-01,2022,10
1802,"Footpath","Unknown","Spring","Unknown","Harassment","Human","2018/19",2,2018-10-01,2018,10
1803,"Footpath","Unknown","Spring","Unknown","Harassment","Human","2019/20",1,2019-10-01,2019,10
1804,"Footpath","Unknown","Spring","Unknown","Harassment","Human","2020/21",1,2020-10-01,2020,10
1805,"Footpath","Unknown","Spring","Unknown","Harassment","Human","2021/22",1,2021-10-01,2021,10
1806,"Footpath","Unknown","Spring","Unknown","Harassment","Human","2022/23",1,2022-10-01,2022,10
1807,"Footpath","Unknown","Spring","Unknown","Harassment","Unknown","2018/19",1,2018-10-01,2018,10
1808,"Footpath","Unknown","Spring","Unknown","Harassment","Unknown","2021/22",1,2021-10-01,2021,10
1809,"Footpath","Unknown","Spring","Unknown","Harassment","Unknown","2023/24",1,2023-10-01,2023,10
1810,"Footpath","Unknown","Summer","No Leash","Attack","Animal","2018/19",1,2019-01-01,2019,1
1811,"Footpath","Unknown","Summer","No Leash","Attack","Animal","2020/21",3,2021-01-01,2021,1
1812,"Footpath","Unknown","Summer","No Leash","Attack","Animal","2021/22",1,2022-01-01,2022,1
1813,"Footpath","Unknown","Summer","No Leash","Attack","Animal","2022/23",2,2023-01-01,2023,1
1814,"Footpath","Unknown","Summer","No Leash","Attack","Human","2018/19",1,2019-01-01,2019,1
1815,"Footpath","Unknown","Summer","No Leash","Attack","Human","2020/21",1,2021-01-01,2021,1
1816,"Footpath","Unknown","Summer","No Leash","Attack","Human","2021/22",1,2022-01-01,2022,1
1817,"Footpath","Unknown","Summer","No Leash","Attack","Human","2023/24",1,2024-01-01,2024,1
1819,"Footpath","Unknown","Summer","No Leash","Attack","Unknown","2019/20",1,2020-01-01,2020,1
1820,"Footpath","Unknown","Summer","No Leash","Attack","Unknown","2021/22",1,2022-01-01,2022,1
1822,"Footpath","Unknown","Summer","No Leash","Harassment","Animal","2018/19",1,2019-01-01,2019,1
1823,"Footpath","Unknown","Summer","No Leash","Harassment","Human","2018/19",3,2019-01-01,2019,1
1824,"Footpath","Unknown","Summer","No Leash","Harassment","Human","2019/20",2,2020-01-01,2020,1
1825,"Footpath","Unknown","Summer","No Leash","Harassment","Human","2020/21",2,2021-01-01,2021,1
1826,"Footpath","Unknown","Summer","No Leash","Harassment","Human","2022/23",1,2023-01-01,2023,1
1827,"Footpath","Unknown","Summer","No Leash","Harassment","Human","2023/24",1,2024-01-01,2024,1
1828,"Footpath","Unknown","Summer","No Leash","Harassment","Unknown","2018/19",1,2019-01-01,2019,1
1829,"Footpath","Unknown","Summer","No Leash","Harassment","Unknown","2019/20",1,2020-01-01,2020,1
1830,"Footpath","Unknown","Summer","On a Leash","Attack","Animal","2019/20",1,2020-01-01,2020,1
1831,"Footpath","Unknown","Summer","On a Leash","Attack","Animal","2022/23",1,2023-01-01,2023,1
1832,"Footpath","Unknown","Summer","On a Leash","Attack","Human","2020/21",1,2021-01-01,2021,1
1833,"Footpath","Unknown","Summer","On a Leash","Harassment","Human","2018/19",1,2019-01-01,2019,1
1834,"Footpath","Unknown","Summer","On a Leash","Harassment","Human","2023/24",1,2024-01-01,2024,1
1835,"Footpath","Unknown","Summer","Unknown","Attack","Animal","2018/19",1,2019-01-01,2019,1
1836,"Footpath","Unknown","Summer","Unknown","Attack","Animal","2019/20",2,2020-01-01,2020,1
1837,"Footpath","Unknown","Summer","Unknown","Attack","Animal","2020/21",1,2021-01-01,2021,1
1838,"Footpath","Unknown","Summer","Unknown","Attack","Animal","2023/24",2,2024-01-01,2024,1
1839,"Footpath","Unknown","Summer","Unknown","Attack","Human","2018/19",1,2019-01-01,2019,1
1840,"Footpath","Unknown","Summer","Unknown","Attack","Human","2020/21",2,2021-01-01,2021,1
1841,"Footpath","Unknown","Summer","Unknown","Attack","Unknown","2019/20",1,2020-01-01,2020,1
1842,"Footpath","Unknown","Summer","Unknown","Attack","Unknown","2021/22",1,2022-01-01,2022,1
1843,"Footpath","Unknown","Summer","Unknown","Attack","Unknown","2022/23",1,2023-01-01,2023,1
1844,"Footpath","Unknown","Summer","Unknown","Attack","Unknown","2023/24",3,2024-01-01,2024,1
1845,"Footpath","Unknown","Summer","Unknown","Harassment","Human","2018/19",1,2019-01-01,2019,1
1846,"Footpath","Unknown","Summer","Unknown","Harassment","Human","2019/20",1,2020-01-01,2020,1
1847,"Footpath","Unknown","Summer","Unknown","Harassment","Human","2022/23",1,2023-01-01,2023,1
1848,"Footpath","Unknown","Summer","Unknown","Harassment","Unknown","2019/20",1,2020-01-01,2020,1
1849,"Footpath","Unknown","Summer","Unknown","Harassment","Unknown","2021/22",2,2022-01-01,2022,1
1850,"Footpath","Unknown","Summer","Unknown","Harassment","Unknown","2022/23",3,2023-01-01,2023,1
1851,"Footpath","Unknown","Winter","No Leash","Attack","Animal","2018/19",2,2018-07-01,2018,7
1852,"Footpath","Unknown","Winter","No Leash","Attack","Animal","2019/20",1,2019-07-01,2019,7
1853,"Footpath","Unknown","Winter","No Leash","Attack","Animal","2020/21",1,2020-07-01,2020,7
1854,"Footpath","Unknown","Winter","No Leash","Attack","Animal","2021/22",3,2021-07-01,2021,7
1855,"Footpath","Unknown","Winter","No Leash","Attack","Animal","2022/23",2,2022-07-01,2022,7
1857,"Footpath","Unknown","Winter","No Leash","Attack","Human","2021/22",1,2021-07-01,2021,7
1859,"Footpath","Unknown","Winter","No Leash","Attack","Unknown","2020/21",2,2020-07-01,2020,7
1860,"Footpath","Unknown","Winter","No Leash","Attack","Unknown","2022/23",1,2022-07-01,2022,7
1861,"Footpath","Unknown","Winter","No Leash","Harassment","Animal","2019/20",1,2019-07-01,2019,7
1862,"Footpath","Unknown","Winter","No Leash","Harassment","Animal","2021/22",1,2021-07-01,2021,7
1863,"Footpath","Unknown","Winter","No Leash","Harassment","Animal","2022/23",2,2022-07-01,2022,7
1864,"Footpath","Unknown","Winter","No Leash","Harassment","Human","2018/19",1,2018-07-01,2018,7
1865,"Footpath","Unknown","Winter","No Leash","Harassment","Human","2020/21",2,2020-07-01,2020,7
1866,"Footpath","Unknown","Winter","No Leash","Harassment","Human","2023/24",1,2023-07-01,2023,7
1868,"Footpath","Unknown","Winter","No Leash","Harassment","Unknown","2018/19",1,2018-07-01,2018,7
1869,"Footpath","Unknown","Winter","No Leash","Harassment","Unknown","2019/20",1,2019-07-01,2019,7
1870,"Footpath","Unknown","Winter","No Leash","Harassment","Unknown","2020/21",2,2020-07-01,2020,7
1871,"Footpath","Unknown","Winter","No Leash","Harassment","Unknown","2022/23",1,2022-07-01,2022,7
1872,"Footpath","Unknown","Winter","On a Leash","Attack","Animal","2020/21",1,2020-07-01,2020,7
1873,"Footpath","Unknown","Winter","On a Leash","Attack","Animal","2021/22",1,2021-07-01,2021,7
1874,"Footpath","Unknown","Winter","On a Leash","Attack","Animal","2022/23",1,2022-07-01,2022,7
1875,"Footpath","Unknown","Winter","On a Leash","Attack","Human","2020/21",1,2020-07-01,2020,7
1876,"Footpath","Unknown","Winter","Unknown","Attack","Animal","2018/19",1,2018-07-01,2018,7
1877,"Footpath","Unknown","Winter","Unknown","Attack","Animal","2019/20",1,2019-07-01,2019,7
1878,"Footpath","Unknown","Winter","Unknown","Attack","Animal","2021/22",2,2021-07-01,2021,7
1879,"Footpath","Unknown","Winter","Unknown","Attack","Animal","2022/23",1,2022-07-01,2022,7
1880,"Footpath","Unknown","Winter","Unknown","Attack","Animal","2023/24",1,2023-07-01,2023,7
1881,"Footpath","Unknown","Winter","Unknown","Attack","Human","2020/21",1,2020-07-01,2020,7
1882,"Footpath","Unknown","Winter","Unknown","Attack","Human","2022/23",1,2022-07-01,2022,7
1883,"Footpath","Unknown","Winter","Unknown","Attack","Human","2023/24",1,2023-07-01,2023,7
1884,"Footpath","Unknown","Winter","Unknown","Attack","Unknown","2019/20",1,2019-07-01,2019,7
1885,"Footpath","Unknown","Winter","Unknown","Attack","Unknown","2023/24",1,2023-07-01,2023,7
1886,"Footpath","Unknown","Winter","Unknown","Harassment","Animal","2018/19",1,2018-07-01,2018,7
1887,"Footpath","Unknown","Winter","Unknown","Harassment","Human","2018/19",4,2018-07-01,2018,7
1888,"Footpath","Unknown","Winter","Unknown","Harassment","Human","2020/21",2,2020-07-01,2020,7
1889,"Footpath","Unknown","Winter","Unknown","Harassment","Human","2021/22",1,2021-07-01,2021,7
1890,"Footpath","Unknown","Winter","Unknown","Harassment","Unknown","2020/21",2,2020-07-01,2020,7
1891,"Footpath","Unknown","Winter","Unknown","Harassment","Unknown","2023/24",2,2023-07-01,2023,7
1892,"Home","5 pm to 8 pm","Autumn","No Leash","Attack","Animal","2018/19",2,2019-04-01,2019,4
1893,"Home","5 pm to 8 pm","Autumn","No Leash","Attack","Animal","2020/21",1,2021-04-01,2021,4
1894,"Home","5 pm to 8 pm","Autumn","No Leash","Attack","Animal","2022/23",1,2023-04-01,2023,4
1895,"Home","5 pm to 8 pm","Autumn","No Leash","Attack","Both","2018/19",1,2019-04-01,2019,4
1896,"Home","5 pm to 8 pm","Autumn","No Leash","Attack","Both","2019/20",1,2020-04-01,2020,4
1897,"Home","5 pm to 8 pm","Autumn","No Leash","Attack","Human","2021/22",1,2022-04-01,2022,4
1898,"Home","5 pm to 8 pm","Autumn","No Leash","Attack","Human","2023/24",1,2024-04-01,2024,4
1900,"Home","5 pm to 8 pm","Autumn","No Leash","Attack","Unknown","2022/23",2,2023-04-01,2023,4
1901,"Home","5 pm to 8 pm","Autumn","No Leash","Attack","Unknown","2023/24",1,2024-04-01,2024,4
1902,"Home","5 pm to 8 pm","Autumn","No Leash","Harassment","Human","2018/19",1,2019-04-01,2019,4
1903,"Home","5 pm to 8 pm","Autumn","No Leash","Harassment","Human","2022/23",1,2023-04-01,2023,4
1904,"Home","5 pm to 8 pm","Autumn","On a Leash","Attack","Human","2022/23",1,2023-04-01,2023,4
1905,"Home","5 pm to 8 pm","Autumn","On a Leash","Attack","Human","2023/24",2,2024-04-01,2024,4
1906,"Home","5 pm to 8 pm","Autumn","On a Leash","Harassment","Human","2022/23",1,2023-04-01,2023,4
1907,"Home","5 pm to 8 pm","Autumn","Unknown","Attack","Animal","2019/20",1,2020-04-01,2020,4
1908,"Home","5 pm to 8 pm","Autumn","Unknown","Attack","Animal","2022/23",3,2023-04-01,2023,4
1909,"Home","5 pm to 8 pm","Autumn","Unknown","Attack","Unknown","2021/22",2,2022-04-01,2022,4
1910,"Home","5 pm to 8 pm","Autumn","Unknown","Attack","Unknown","2022/23",1,2023-04-01,2023,4
1911,"Home","5 pm to 8 pm","Autumn","Unknown","Attack","Unknown","2023/24",1,2024-04-01,2024,4
1912,"Home","5 pm to 8 pm","Autumn","Unknown","Harassment","Human","2018/19",1,2019-04-01,2019,4
1913,"Home","5 pm to 8 pm","Autumn","Unknown","Harassment","Unknown","2018/19",1,2019-04-01,2019,4
1914,"Home","5 pm to 8 pm","Autumn","Unknown","Harassment","Unknown","2022/23",2,2023-04-01,2023,4
1915,"Home","5 pm to 8 pm","Spring","No Leash","Attack","Animal","2019/20",1,2019-10-01,2019,10
1916,"Home","5 pm to 8 pm","Spring","No Leash","Attack","Animal","2020/21",2,2020-10-01,2020,10
1917,"Home","5 pm to 8 pm","Spring","No Leash","Attack","Animal","2021/22",2,2021-10-01,2021,10
1918,"Home","5 pm to 8 pm","Spring","No Leash","Attack","Animal","2022/23",2,2022-10-01,2022,10
1919,"Home","5 pm to 8 pm","Spring","No Leash","Attack","Human","2018/19",1,2018-10-01,2018,10
1920,"Home","5 pm to 8 pm","Spring","No Leash","Attack","Human","2020/21",1,2020-10-01,2020,10
1921,"Home","5 pm to 8 pm","Spring","No Leash","Attack","Human","2021/22",1,2021-10-01,2021,10
1922,"Home","5 pm to 8 pm","Spring","No Leash","Attack","Human","2023/24",1,2023-10-01,2023,10
1923,"Home","5 pm to 8 pm","Spring","No Leash","Attack","Unknown","2019/20",1,2019-10-01,2019,10
1924,"Home","5 pm to 8 pm","Spring","No Leash","Attack","Unknown","2020/21",1,2020-10-01,2020,10
1925,"Home","5 pm to 8 pm","Spring","No Leash","Harassment","Human","2019/20",1,2019-10-01,2019,10
1926,"Home","5 pm to 8 pm","Spring","No Leash","Harassment","Unknown","2022/23",1,2022-10-01,2022,10
1927,"Home","5 pm to 8 pm","Spring","On a Leash","Attack","Animal","2019/20",1,2019-10-01,2019,10
1928,"Home","5 pm to 8 pm","Spring","Unknown","Attack","Animal","2018/19",1,2018-10-01,2018,10
1929,"Home","5 pm to 8 pm","Spring","Unknown","Attack","Animal","2020/21",1,2020-10-01,2020,10
1930,"Home","5 pm to 8 pm","Spring","Unknown","Attack","Animal","2023/24",1,2023-10-01,2023,10
1931,"Home","5 pm to 8 pm","Spring","Unknown","Attack","Human","2018/19",1,2018-10-01,2018,10
1932,"Home","5 pm to 8 pm","Spring","Unknown","Attack","Unknown","2022/23",2,2022-10-01,2022,10
1933,"Home","5 pm to 8 pm","Summer","No Leash","Attack","Animal","2018/19",1,2019-01-01,2019,1
1934,"Home","5 pm to 8 pm","Summer","No Leash","Attack","Animal","2020/21",1,2021-01-01,2021,1
1935,"Home","5 pm to 8 pm","Summer","No Leash","Attack","Animal","2022/23",1,2023-01-01,2023,1
1936,"Home","5 pm to 8 pm","Summer","No Leash","Attack","Animal","2023/24",1,2024-01-01,2024,1
1937,"Home","5 pm to 8 pm","Summer","No Leash","Attack","Human","2018/19",1,2019-01-01,2019,1
1938,"Home","5 pm to 8 pm","Summer","No Leash","Attack","Human","2019/20",1,2020-01-01,2020,1
1939,"Home","5 pm to 8 pm","Summer","No Leash","Attack","Human","2020/21",3,2021-01-01,2021,1
1940,"Home","5 pm to 8 pm","Summer","No Leash","Attack","Human","2023/24",1,2024-01-01,2024,1
1941,"Home","5 pm to 8 pm","Summer","No Leash","Attack","Unknown","2019/20",1,2020-01-01,2020,1
1942,"Home","5 pm to 8 pm","Summer","No Leash","Attack","Unknown","2020/21",2,2021-01-01,2021,1
1943,"Home","5 pm to 8 pm","Summer","No Leash","Harassment","Animal","2022/23",1,2023-01-01,2023,1
1944,"Home","5 pm to 8 pm","Summer","No Leash","Harassment","Animal","2023/24",1,2024-01-01,2024,1
1945,"Home","5 pm to 8 pm","Summer","No Leash","Harassment","Human","2018/19",1,2019-01-01,2019,1
1946,"Home","5 pm to 8 pm","Summer","No Leash","Harassment","Human","2020/21",1,2021-01-01,2021,1
1947,"Home","5 pm to 8 pm","Summer","On a Leash","Attack","Animal","2019/20",1,2020-01-01,2020,1
1948,"Home","5 pm to 8 pm","Summer","On a Leash","Attack","Animal","2020/21",1,2021-01-01,2021,1
1949,"Home","5 pm to 8 pm","Summer","On a Leash","Attack","Animal","2023/24",1,2024-01-01,2024,1
1950,"Home","5 pm to 8 pm","Summer","On a Leash","Attack","Human","2022/23",1,2023-01-01,2023,1
1951,"Home","5 pm to 8 pm","Summer","On a Leash","Harassment","Animal","2023/24",1,2024-01-01,2024,1
1952,"Home","5 pm to 8 pm","Summer","Unknown","Attack","Animal","2022/23",1,2023-01-01,2023,1
1953,"Home","5 pm to 8 pm","Summer","Unknown","Attack","Human","2019/20",1,2020-01-01,2020,1
1954,"Home","5 pm to 8 pm","Summer","Unknown","Harassment","Unknown","2020/21",1,2021-01-01,2021,1
1955,"Home","5 pm to 8 pm","Winter","No Leash","Attack","Human","2018/19",2,2018-07-01,2018,7
1956,"Home","5 pm to 8 pm","Winter","No Leash","Attack","Human","2019/20",1,2019-07-01,2019,7
1957,"Home","5 pm to 8 pm","Winter","No Leash","Attack","Human","2020/21",2,2020-07-01,2020,7
1958,"Home","5 pm to 8 pm","Winter","No Leash","Attack","Human","2022/23",1,2022-07-01,2022,7
1959,"Home","5 pm to 8 pm","Winter","No Leash","Attack","Unknown","2020/21",2,2020-07-01,2020,7
1960,"Home","5 pm to 8 pm","Winter","No Leash","Harassment","Human","2019/20",1,2019-07-01,2019,7
1961,"Home","5 pm to 8 pm","Winter","No Leash","Harassment","Unknown","2018/19",1,2018-07-01,2018,7
1962,"Home","5 pm to 8 pm","Winter","Unknown","Attack","Animal","2018/19",1,2018-07-01,2018,7
1963,"Home","5 pm to 8 pm","Winter","Unknown","Attack","Human","2019/20",1,2019-07-01,2019,7
1965,"Home","5 pm to 8 pm","Winter","Unknown","Attack","Unknown","2018/19",1,2018-07-01,2018,7
1966,"Home","5 pm to 8 pm","Winter","Unknown","Attack","Unknown","2022/23",1,2022-07-01,2022,7
1967,"Home","5 pm to 8 pm","Winter","Unknown","Harassment","Animal","2022/23",1,2022-07-01,2022,7
1968,"Home","5 pm to 8 pm","Winter","Unknown","Harassment","Unknown","2022/23",1,2022-07-01,2022,7
1969,"Home","6 am to 9 am","Autumn","No Leash","Attack","Animal","2018/19",1,2019-04-01,2019,4
1970,"Home","6 am to 9 am","Autumn","No Leash","Attack","Animal","2019/20",1,2020-04-01,2020,4
1971,"Home","6 am to 9 am","Autumn","No Leash","Attack","Animal","2021/22",2,2022-04-01,2022,4
1972,"Home","6 am to 9 am","Autumn","No Leash","Attack","Animal","2022/23",2,2023-04-01,2023,4
1973,"Home","6 am to 9 am","Autumn","No Leash","Attack","Human","2022/23",1,2023-04-01,2023,4
1974,"Home","6 am to 9 am","Autumn","No Leash","Attack","Unknown","2019/20",1,2020-04-01,2020,4
1975,"Home","6 am to 9 am","Autumn","No Leash","Attack","Unknown","2020/21",1,2021-04-01,2021,4
1976,"Home","6 am to 9 am","Autumn","No Leash","Attack","Unknown","2021/22",1,2022-04-01,2022,4
1977,"Home","6 am to 9 am","Autumn","No Leash","Attack","Unknown","2022/23",1,2023-04-01,2023,4
1978,"Home","6 am to 9 am","Autumn","No Leash","Harassment","Unknown","2019/20",1,2020-04-01,2020,4
1979,"Home","6 am to 9 am","Autumn","Unknown","Attack","Animal","2018/19",1,2019-04-01,2019,4
1980,"Home","6 am to 9 am","Autumn","Unknown","Attack","Animal","2019/20",2,2020-04-01,2020,4
1981,"Home","6 am to 9 am","Autumn","Unknown","Attack","Animal","2020/21",1,2021-04-01,2021,4
1982,"Home","6 am to 9 am","Autumn","Unknown","Attack","Unknown","2019/20",1,2020-04-01,2020,4
1983,"Home","6 am to 9 am","Autumn","Unknown","Harassment","Unknown","2023/24",1,2024-04-01,2024,4
1984,"Home","6 am to 9 am","Spring","No Leash","Attack","Animal","2018/19",1,2018-10-01,2018,10
1985,"Home","6 am to 9 am","Spring","No Leash","Attack","Animal","2020/21",2,2020-10-01,2020,10
1986,"Home","6 am to 9 am","Spring","No Leash","Attack","Unknown","2019/20",1,2019-10-01,2019,10
1987,"Home","6 am to 9 am","Spring","No Leash","Attack","Unknown","2021/22",2,2021-10-01,2021,10
1988,"Home","6 am to 9 am","Spring","No Leash","Attack","Unknown","2022/23",1,2022-10-01,2022,10
1989,"Home","6 am to 9 am","Spring","No Leash","Harassment","Animal","2022/23",1,2022-10-01,2022,10
1990,"Home","6 am to 9 am","Spring","No Leash","Harassment","Animal","2023/24",1,2023-10-01,2023,10
1991,"Home","6 am to 9 am","Spring","On a Leash","Attack","Animal","2019/20",1,2019-10-01,2019,10
1992,"Home","6 am to 9 am","Spring","On a Leash","Attack","Animal","2020/21",1,2020-10-01,2020,10
1993,"Home","6 am to 9 am","Spring","Unknown","Attack","Animal","2018/19",1,2018-10-01,2018,10
1994,"Home","6 am to 9 am","Spring","Unknown","Attack","Human","2018/19",2,2018-10-01,2018,10
1995,"Home","6 am to 9 am","Spring","Unknown","Attack","Unknown","2023/24",1,2023-10-01,2023,10
1996,"Home","6 am to 9 am","Spring","Unknown","Harassment","Animal","2021/22",1,2021-10-01,2021,10
1997,"Home","6 am to 9 am","Summer","No Leash","Attack","Animal","2018/19",1,2019-01-01,2019,1
1998,"Home","6 am to 9 am","Summer","No Leash","Attack","Animal","2019/20",1,2020-01-01,2020,1
1999,"Home","6 am to 9 am","Summer","No Leash","Attack","Animal","2020/21",2,2021-01-01,2021,1
2000,"Home","6 am to 9 am","Summer","No Leash","Attack","Unknown","2019/20",1,2020-01-01,2020,1
2001,"Home","6 am to 9 am","Summer","No Leash","Attack","Unknown","2021/22",1,2022-01-01,2022,1
2002,"Home","6 am to 9 am","Summer","No Leash","Harassment","Human","2023/24",1,2024-01-01,2024,1
2003,"Home","6 am to 9 am","Summer","On a Leash","Attack","Animal","2023/24",1,2024-01-01,2024,1
2004,"Home","6 am to 9 am","Summer","Unknown","Attack","Unknown","2019/20",1,2020-01-01,2020,1
2005,"Home","6 am to 9 am","Summer","Unknown","Harassment","Human","2020/21",1,2021-01-01,2021,1
2006,"Home","6 am to 9 am","Winter","No Leash","Attack","Animal","2018/19",1,2018-07-01,2018,7
2007,"Home","6 am to 9 am","Winter","No Leash","Attack","Animal","2019/20",1,2019-07-01,2019,7
2008,"Home","6 am to 9 am","Winter","No Leash","Attack","Animal","2021/22",1,2021-07-01,2021,7
2009,"Home","6 am to 9 am","Winter","No Leash","Attack","Animal","2022/23",1,2022-07-01,2022,7
2010,"Home","6 am to 9 am","Winter","No Leash","Attack","Human","2019/20",1,2019-07-01,2019,7
2011,"Home","6 am to 9 am","Winter","No Leash","Attack","Unknown","2018/19",1,2018-07-01,2018,7
2012,"Home","6 am to 9 am","Winter","No Leash","Harassment","Animal","2019/20",1,2019-07-01,2019,7
2013,"Home","6 am to 9 am","Winter","No Leash","Harassment","Animal","2021/22",1,2021-07-01,2021,7
2014,"Home","6 am to 9 am","Winter","On a Leash","Attack","Animal","2020/21",1,2020-07-01,2020,7
2015,"Home","6 am to 9 am","Winter","Unknown","Attack","Animal","2019/20",1,2019-07-01,2019,7
2017,"Home","6 am to 9 am","Winter","Unknown","Attack","Unknown","2022/23",1,2022-07-01,2022,7
2019,"Home","8 pm to 10 pm","Autumn","No Leash","Attack","Unknown","2023/24",1,2024-04-01,2024,4
2020,"Home","8 pm to 10 pm","Autumn","Unknown","Attack","Human","2021/22",1,2022-04-01,2022,4
2021,"Home","8 pm to 10 pm","Autumn","Unknown","Attack","Unknown","2021/22",1,2022-04-01,2022,4
2022,"Home","8 pm to 10 pm","Spring","No Leash","Attack","Animal","2019/20",1,2019-10-01,2019,10
2023,"Home","8 pm to 10 pm","Spring","No Leash","Attack","Animal","2023/24",2,2023-10-01,2023,10
2024,"Home","8 pm to 10 pm","Spring","No Leash","Attack","Human","2019/20",1,2019-10-01,2019,10
2025,"Home","8 pm to 10 pm","Spring","No Leash","Attack","Human","2022/23",2,2022-10-01,2022,10
2026,"Home","8 pm to 10 pm","Spring","No Leash","Attack","Human","2023/24",3,2023-10-01,2023,10
2027,"Home","8 pm to 10 pm","Spring","No Leash","Attack","Unknown","2019/20",1,2019-10-01,2019,10
2028,"Home","8 pm to 10 pm","Spring","No Leash","Harassment","Human","2023/24",1,2023-10-01,2023,10
2029,"Home","8 pm to 10 pm","Spring","On a Leash","Attack","Human","2019/20",1,2019-10-01,2019,10
2030,"Home","8 pm to 10 pm","Spring","Unknown","Attack","Unknown","2020/21",1,2020-10-01,2020,10
2031,"Home","8 pm to 10 pm","Spring","Unknown","Attack","Unknown","2022/23",1,2022-10-01,2022,10
2032,"Home","8 pm to 10 pm","Summer","No Leash","Attack","Animal","2019/20",3,2020-01-01,2020,1
2033,"Home","8 pm to 10 pm","Summer","No Leash","Attack","Animal","2020/21",1,2021-01-01,2021,1
2034,"Home","8 pm to 10 pm","Summer","No Leash","Attack","Animal","2023/24",1,2024-01-01,2024,1
2035,"Home","8 pm to 10 pm","Summer","No Leash","Attack","Human","2022/23",1,2023-01-01,2023,1
2036,"Home","8 pm to 10 pm","Summer","Unknown","Attack","Animal","2023/24",1,2024-01-01,2024,1
2037,"Home","8 pm to 10 pm","Summer","Unknown","Attack","Unknown","2023/24",2,2024-01-01,2024,1
2038,"Home","8 pm to 10 pm","Summer","Unknown","Harassment","Unknown","2022/23",1,2023-01-01,2023,1
2039,"Home","8 pm to 10 pm","Winter","No Leash","Attack","Human","2022/23",1,2022-07-01,2022,7
2040,"Home","8 pm to 10 pm","Winter","No Leash","Harassment","Animal","2021/22",2,2021-07-01,2021,7
2041,"Home","8 pm to 10 pm","Winter","Unknown","Attack","Animal","2020/21",1,2020-07-01,2020,7
2042,"Home","8 pm to 10 pm","Winter","Unknown","Attack","Unknown","2021/22",2,2021-07-01,2021,7
2043,"Home","9 am to Noon","Autumn","No Leash","Attack","Animal","2018/19",1,2019-04-01,2019,4
2044,"Home","9 am to Noon","Autumn","No Leash","Attack","Animal","2019/20",1,2020-04-01,2020,4
2045,"Home","9 am to Noon","Autumn","No Leash","Attack","Animal","2020/21",1,2021-04-01,2021,4
2046,"Home","9 am to Noon","Autumn","No Leash","Attack","Animal","2021/22",1,2022-04-01,2022,4
2047,"Home","9 am to Noon","Autumn","No Leash","Attack","Animal","2022/23",1,2023-04-01,2023,4
2048,"Home","9 am to Noon","Autumn","No Leash","Attack","Human","2019/20",2,2020-04-01,2020,4
2049,"Home","9 am to Noon","Autumn","No Leash","Attack","Human","2020/21",1,2021-04-01,2021,4
2050,"Home","9 am to Noon","Autumn","No Leash","Attack","Human","2021/22",2,2022-04-01,2022,4
2051,"Home","9 am to Noon","Autumn","No Leash","Harassment","Animal","2018/19",1,2019-04-01,2019,4
2052,"Home","9 am to Noon","Autumn","No Leash","Harassment","Animal","2019/20",1,2020-04-01,2020,4
2053,"Home","9 am to Noon","Autumn","No Leash","Harassment","Animal","2022/23",2,2023-04-01,2023,4
2054,"Home","9 am to Noon","Autumn","No Leash","Harassment","Animal","2023/24",1,2024-04-01,2024,4
2055,"Home","9 am to Noon","Autumn","No Leash","Harassment","Human","2018/19",1,2019-04-01,2019,4
2056,"Home","9 am to Noon","Autumn","No Leash","Harassment","Human","2020/21",1,2021-04-01,2021,4
2057,"Home","9 am to Noon","Autumn","No Leash","Harassment","Human","2022/23",1,2023-04-01,2023,4
2058,"Home","9 am to Noon","Autumn","On a Leash","Attack","Human","2022/23",1,2023-04-01,2023,4
2059,"Home","9 am to Noon","Autumn","Unknown","Attack","Animal","2019/20",1,2020-04-01,2020,4
2060,"Home","9 am to Noon","Autumn","Unknown","Attack","Animal","2020/21",1,2021-04-01,2021,4
2061,"Home","9 am to Noon","Autumn","Unknown","Attack","Human","2021/22",1,2022-04-01,2022,4
2062,"Home","9 am to Noon","Autumn","Unknown","Attack","Unknown","2018/19",2,2019-04-01,2019,4
2063,"Home","9 am to Noon","Autumn","Unknown","Attack","Unknown","2021/22",3,2022-04-01,2022,4
2064,"Home","9 am to Noon","Autumn","Unknown","Attack","Unknown","2022/23",1,2023-04-01,2023,4
2065,"Home","9 am to Noon","Autumn","Unknown","Attack","Unknown","2023/24",1,2024-04-01,2024,4
2066,"Home","9 am to Noon","Spring","No Leash","Attack","Animal","2018/19",1,2018-10-01,2018,10
2067,"Home","9 am to Noon","Spring","No Leash","Attack","Animal","2019/20",3,2019-10-01,2019,10
2068,"Home","9 am to Noon","Spring","No Leash","Attack","Animal","2020/21",2,2020-10-01,2020,10
2069,"Home","9 am to Noon","Spring","No Leash","Attack","Animal","2022/23",1,2022-10-01,2022,10
2070,"Home","9 am to Noon","Spring","No Leash","Attack","Human","2018/19",1,2018-10-01,2018,10
2071,"Home","9 am to Noon","Spring","No Leash","Attack","Human","2019/20",2,2019-10-01,2019,10
2072,"Home","9 am to Noon","Spring","No Leash","Attack","Human","2020/21",2,2020-10-01,2020,10
2073,"Home","9 am to Noon","Spring","No Leash","Attack","Human","2021/22",2,2021-10-01,2021,10
2074,"Home","9 am to Noon","Spring","No Leash","Attack","Human","2022/23",3,2022-10-01,2022,10
2075,"Home","9 am to Noon","Spring","No Leash","Attack","Human","2023/24",1,2023-10-01,2023,10
2076,"Home","9 am to Noon","Spring","No Leash","Attack","Unknown","2022/23",1,2022-10-01,2022,10
2077,"Home","9 am to Noon","Spring","No Leash","Harassment","Animal","2019/20",1,2019-10-01,2019,10
2078,"Home","9 am to Noon","Spring","No Leash","Harassment","Human","2020/21",2,2020-10-01,2020,10
2079,"Home","9 am to Noon","Spring","No Leash","Harassment","Human","2021/22",1,2021-10-01,2021,10
2080,"Home","9 am to Noon","Spring","No Leash","Harassment","Human","2023/24",1,2023-10-01,2023,10
2081,"Home","9 am to Noon","Spring","On a Leash","Attack","Animal","2021/22",1,2021-10-01,2021,10
2082,"Home","9 am to Noon","Spring","On a Leash","Attack","Human","2020/21",1,2020-10-01,2020,10
2083,"Home","9 am to Noon","Spring","On a Leash","Attack","Unknown","2020/21",1,2020-10-01,2020,10
2084,"Home","9 am to Noon","Spring","Unknown","Attack","Unknown","2018/19",2,2018-10-01,2018,10
2085,"Home","9 am to Noon","Spring","Unknown","Attack","Unknown","2023/24",1,2023-10-01,2023,10
2086,"Home","9 am to Noon","Spring","Unknown","Harassment","Unknown","2022/23",1,2022-10-01,2022,10
2087,"Home","9 am to Noon","Spring","Unknown","Harassment","Unknown","2023/24",1,2023-10-01,2023,10
2088,"Home","9 am to Noon","Summer","No Leash","Attack","Animal","2018/19",2,2019-01-01,2019,1
2089,"Home","9 am to Noon","Summer","No Leash","Attack","Animal","2019/20",4,2020-01-01,2020,1
2090,"Home","9 am to Noon","Summer","No Leash","Attack","Animal","2020/21",1,2021-01-01,2021,1
2091,"Home","9 am to Noon","Summer","No Leash","Attack","Animal","2021/22",3,2022-01-01,2022,1
2092,"Home","9 am to Noon","Summer","No Leash","Attack","Human","2018/19",3,2019-01-01,2019,1
2093,"Home","9 am to Noon","Summer","No Leash","Attack","Human","2020/21",4,2021-01-01,2021,1
2094,"Home","9 am to Noon","Summer","No Leash","Attack","Human","2021/22",2,2022-01-01,2022,1
2095,"Home","9 am to Noon","Summer","No Leash","Attack","Human","2023/24",3,2024-01-01,2024,1
2096,"Home","9 am to Noon","Summer","No Leash","Attack","Unknown","2021/22",3,2022-01-01,2022,1
2097,"Home","9 am to Noon","Summer","No Leash","Attack","Unknown","2023/24",3,2024-01-01,2024,1
2098,"Home","9 am to Noon","Summer","No Leash","Harassment","Animal","2020/21",1,2021-01-01,2021,1
2099,"Home","9 am to Noon","Summer","No Leash","Harassment","Human","2018/19",1,2019-01-01,2019,1
2100,"Home","9 am to Noon","Summer","No Leash","Harassment","Human","2022/23",1,2023-01-01,2023,1
2101,"Home","9 am to Noon","Summer","No Leash","Harassment","Unknown","2020/21",1,2021-01-01,2021,1
2102,"Home","9 am to Noon","Summer","No Leash","Harassment","Unknown","2023/24",2,2024-01-01,2024,1
2103,"Home","9 am to Noon","Summer","On a Leash","Harassment","Animal","2020/21",1,2021-01-01,2021,1
2104,"Home","9 am to Noon","Summer","Unknown","Attack","Animal","2018/19",1,2019-01-01,2019,1
2105,"Home","9 am to Noon","Summer","Unknown","Attack","Animal","2020/21",1,2021-01-01,2021,1
2106,"Home","9 am to Noon","Summer","Unknown","Attack","Animal","2022/23",2,2023-01-01,2023,1
2107,"Home","9 am to Noon","Summer","Unknown","Attack","Animal","2023/24",1,2024-01-01,2024,1
2108,"Home","9 am to Noon","Summer","Unknown","Attack","Human","2021/22",1,2022-01-01,2022,1
2109,"Home","9 am to Noon","Summer","Unknown","Attack","Unknown","2018/19",1,2019-01-01,2019,1
2110,"Home","9 am to Noon","Summer","Unknown","Attack","Unknown","2020/21",1,2021-01-01,2021,1
2111,"Home","9 am to Noon","Summer","Unknown","Attack","Unknown","2021/22",3,2022-01-01,2022,1
2112,"Home","9 am to Noon","Summer","Unknown","Attack","Unknown","2022/23",1,2023-01-01,2023,1
2113,"Home","9 am to Noon","Summer","Unknown","Attack","Unknown","2023/24",3,2024-01-01,2024,1
2114,"Home","9 am to Noon","Summer","Unknown","Harassment","Unknown","2023/24",1,2024-01-01,2024,1
2115,"Home","9 am to Noon","Winter","No Leash","Attack","Animal","2018/19",1,2018-07-01,2018,7
2116,"Home","9 am to Noon","Winter","No Leash","Attack","Animal","2020/21",1,2020-07-01,2020,7
2117,"Home","9 am to Noon","Winter","No Leash","Attack","Animal","2021/22",3,2021-07-01,2021,7
2118,"Home","9 am to Noon","Winter","No Leash","Attack","Animal","2023/24",1,2023-07-01,2023,7
2120,"Home","9 am to Noon","Winter","No Leash","Attack","Both","2020/21",1,2020-07-01,2020,7
2121,"Home","9 am to Noon","Winter","No Leash","Attack","Both","2021/22",1,2021-07-01,2021,7
2122,"Home","9 am to Noon","Winter","No Leash","Attack","Human","2019/20",1,2019-07-01,2019,7
2123,"Home","9 am to Noon","Winter","No Leash","Attack","Human","2022/23",1,2022-07-01,2022,7
2124,"Home","9 am to Noon","Winter","No Leash","Attack","Human","2023/24",1,2023-07-01,2023,7
2125,"Home","9 am to Noon","Winter","No Leash","Attack","Unknown","2020/21",1,2020-07-01,2020,7
2126,"Home","9 am to Noon","Winter","No Leash","Harassment","Animal","2019/20",1,2019-07-01,2019,7
2127,"Home","9 am to Noon","Winter","No Leash","Harassment","Animal","2022/23",1,2022-07-01,2022,7
2128,"Home","9 am to Noon","Winter","No Leash","Harassment","Human","2018/19",1,2018-07-01,2018,7
2129,"Home","9 am to Noon","Winter","No Leash","Harassment","Human","2020/21",2,2020-07-01,2020,7
2130,"Home","9 am to Noon","Winter","No Leash","Harassment","Human","2022/23",2,2022-07-01,2022,7
2131,"Home","9 am to Noon","Winter","No Leash","Harassment","Unknown","2021/22",1,2021-07-01,2021,7
2132,"Home","9 am to Noon","Winter","On a Leash","Attack","Animal","2018/19",1,2018-07-01,2018,7
2133,"Home","9 am to Noon","Winter","On a Leash","Attack","Unknown","2022/23",1,2022-07-01,2022,7
2134,"Home","9 am to Noon","Winter","Unknown","Attack","Animal","2018/19",1,2018-07-01,2018,7
2135,"Home","9 am to Noon","Winter","Unknown","Attack","Animal","2021/22",1,2021-07-01,2021,7
2138,"Home","9 am to Noon","Winter","Unknown","Attack","Unknown","2018/19",3,2018-07-01,2018,7
2139,"Home","9 am to Noon","Winter","Unknown","Attack","Unknown","2022/23",1,2022-07-01,2022,7
2140,"Home","9 am to Noon","Winter","Unknown","Attack","Unknown","2023/24",2,2023-07-01,2023,7
2141,"Home","9 am to Noon","Winter","Unknown","Harassment","Animal","2019/20",1,2019-07-01,2019,7
2143,"Home","9 am to Noon","Winter","Unknown","Harassment","Unknown","2022/23",1,2022-07-01,2022,7
2144,"Home","Noon to 5 pm","Autumn","No Leash","Attack","Animal","2018/19",1,2019-04-01,2019,4
2145,"Home","Noon to 5 pm","Autumn","No Leash","Attack","Animal","2019/20",3,2020-04-01,2020,4
2146,"Home","Noon to 5 pm","Autumn","No Leash","Attack","Animal","2020/21",1,2021-04-01,2021,4
2147,"Home","Noon to 5 pm","Autumn","No Leash","Attack","Animal","2021/22",2,2022-04-01,2022,4
2148,"Home","Noon to 5 pm","Autumn","No Leash","Attack","Animal","2022/23",2,2023-04-01,2023,4
2149,"Home","Noon to 5 pm","Autumn","No Leash","Attack","Animal","2023/24",1,2024-04-01,2024,4
2151,"Home","Noon to 5 pm","Autumn","No Leash","Attack","Human","2018/19",2,2019-04-01,2019,4
2152,"Home","Noon to 5 pm","Autumn","No Leash","Attack","Human","2019/20",2,2020-04-01,2020,4
2153,"Home","Noon to 5 pm","Autumn","No Leash","Attack","Human","2020/21",1,2021-04-01,2021,4
2154,"Home","Noon to 5 pm","Autumn","No Leash","Attack","Human","2021/22",2,2022-04-01,2022,4
2155,"Home","Noon to 5 pm","Autumn","No Leash","Attack","Human","2022/23",2,2023-04-01,2023,4
2156,"Home","Noon to 5 pm","Autumn","No Leash","Attack","Human","2023/24",1,2024-04-01,2024,4
2157,"Home","Noon to 5 pm","Autumn","No Leash","Attack","Unknown","2018/19",1,2019-04-01,2019,4
2158,"Home","Noon to 5 pm","Autumn","No Leash","Attack","Unknown","2021/22",4,2022-04-01,2022,4
2159,"Home","Noon to 5 pm","Autumn","No Leash","Attack","Unknown","2022/23",1,2023-04-01,2023,4
2160,"Home","Noon to 5 pm","Autumn","No Leash","Harassment","Animal","2021/22",1,2022-04-01,2022,4
2161,"Home","Noon to 5 pm","Autumn","No Leash","Harassment","Human","2019/20",2,2020-04-01,2020,4
2162,"Home","Noon to 5 pm","Autumn","No Leash","Harassment","Human","2021/22",2,2022-04-01,2022,4
2163,"Home","Noon to 5 pm","Autumn","No Leash","Harassment","Human","2023/24",2,2024-04-01,2024,4
2164,"Home","Noon to 5 pm","Autumn","No Leash","Harassment","Unknown","2019/20",4,2020-04-01,2020,4
2165,"Home","Noon to 5 pm","Autumn","On a Leash","Attack","Animal","2020/21",1,2021-04-01,2021,4
2166,"Home","Noon to 5 pm","Autumn","On a Leash","Attack","Animal","2023/24",1,2024-04-01,2024,4
2168,"Home","Noon to 5 pm","Autumn","Unknown","Attack","Animal","2020/21",1,2021-04-01,2021,4
2169,"Home","Noon to 5 pm","Autumn","Unknown","Attack","Animal","2021/22",1,2022-04-01,2022,4
2170,"Home","Noon to 5 pm","Autumn","Unknown","Attack","Human","2019/20",1,2020-04-01,2020,4
2171,"Home","Noon to 5 pm","Autumn","Unknown","Attack","Human","2023/24",1,2024-04-01,2024,4
2172,"Home","Noon to 5 pm","Autumn","Unknown","Attack","Unknown","2018/19",1,2019-04-01,2019,4
2173,"Home","Noon to 5 pm","Autumn","Unknown","Attack","Unknown","2021/22",4,2022-04-01,2022,4
2174,"Home","Noon to 5 pm","Autumn","Unknown","Harassment","Human","2020/21",1,2021-04-01,2021,4
2175,"Home","Noon to 5 pm","Autumn","Unknown","Harassment","Human","2023/24",1,2024-04-01,2024,4
2176,"Home","Noon to 5 pm","Autumn","Unknown","Harassment","Unknown","2018/19",1,2019-04-01,2019,4
2177,"Home","Noon to 5 pm","Autumn","Unknown","Harassment","Unknown","2019/20",1,2020-04-01,2020,4
2178,"Home","Noon to 5 pm","Spring","No Leash","Attack","Animal","2018/19",2,2018-10-01,2018,10
2179,"Home","Noon to 5 pm","Spring","No Leash","Attack","Animal","2019/20",1,2019-10-01,2019,10
2180,"Home","Noon to 5 pm","Spring","No Leash","Attack","Animal","2020/21",6,2020-10-01,2020,10
2181,"Home","Noon to 5 pm","Spring","No Leash","Attack","Animal","2022/23",3,2022-10-01,2022,10
2182,"Home","Noon to 5 pm","Spring","No Leash","Attack","Animal","2023/24",1,2023-10-01,2023,10
2183,"Home","Noon to 5 pm","Spring","No Leash","Attack","Human","2018/19",1,2018-10-01,2018,10
2184,"Home","Noon to 5 pm","Spring","No Leash","Attack","Human","2019/20",1,2019-10-01,2019,10
2185,"Home","Noon to 5 pm","Spring","No Leash","Attack","Human","2021/22",2,2021-10-01,2021,10
2186,"Home","Noon to 5 pm","Spring","No Leash","Attack","Human","2022/23",1,2022-10-01,2022,10
2187,"Home","Noon to 5 pm","Spring","No Leash","Attack","Human","2023/24",6,2023-10-01,2023,10
2188,"Home","Noon to 5 pm","Spring","No Leash","Attack","Unknown","2019/20",3,2019-10-01,2019,10
2189,"Home","Noon to 5 pm","Spring","No Leash","Attack","Unknown","2020/21",1,2020-10-01,2020,10
2190,"Home","Noon to 5 pm","Spring","No Leash","Attack","Unknown","2021/22",1,2021-10-01,2021,10
2191,"Home","Noon to 5 pm","Spring","No Leash","Attack","Unknown","2022/23",2,2022-10-01,2022,10
2192,"Home","Noon to 5 pm","Spring","No Leash","Attack","Unknown","2023/24",1,2023-10-01,2023,10
2193,"Home","Noon to 5 pm","Spring","No Leash","Harassment","Animal","2021/22",1,2021-10-01,2021,10
2194,"Home","Noon to 5 pm","Spring","No Leash","Harassment","Animal","2023/24",1,2023-10-01,2023,10
2195,"Home","Noon to 5 pm","Spring","No Leash","Harassment","Human","2022/23",1,2022-10-01,2022,10
2196,"Home","Noon to 5 pm","Spring","No Leash","Harassment","Unknown","2022/23",1,2022-10-01,2022,10
2197,"Home","Noon to 5 pm","Spring","On a Leash","Attack","Animal","2021/22",1,2021-10-01,2021,10
2198,"Home","Noon to 5 pm","Spring","On a Leash","Attack","Animal","2022/23",1,2022-10-01,2022,10
2199,"Home","Noon to 5 pm","Spring","On a Leash","Attack","Human","2021/22",1,2021-10-01,2021,10
2200,"Home","Noon to 5 pm","Spring","Unknown","Attack","Animal","2018/19",1,2018-10-01,2018,10
2201,"Home","Noon to 5 pm","Spring","Unknown","Attack","Animal","2019/20",1,2019-10-01,2019,10
2202,"Home","Noon to 5 pm","Spring","Unknown","Attack","Animal","2020/21",1,2020-10-01,2020,10
2203,"Home","Noon to 5 pm","Spring","Unknown","Attack","Animal","2021/22",2,2021-10-01,2021,10
2204,"Home","Noon to 5 pm","Spring","Unknown","Attack","Human","2019/20",1,2019-10-01,2019,10
2205,"Home","Noon to 5 pm","Spring","Unknown","Attack","Human","2020/21",1,2020-10-01,2020,10
2206,"Home","Noon to 5 pm","Spring","Unknown","Attack","Human","2022/23",1,2022-10-01,2022,10
2207,"Home","Noon to 5 pm","Spring","Unknown","Attack","Human","2023/24",1,2023-10-01,2023,10
2208,"Home","Noon to 5 pm","Spring","Unknown","Attack","Unknown","2019/20",2,2019-10-01,2019,10
2209,"Home","Noon to 5 pm","Spring","Unknown","Attack","Unknown","2022/23",2,2022-10-01,2022,10
2210,"Home","Noon to 5 pm","Spring","Unknown","Attack","Unknown","2023/24",1,2023-10-01,2023,10
2211,"Home","Noon to 5 pm","Spring","Unknown","Harassment","Human","2021/22",2,2021-10-01,2021,10
2212,"Home","Noon to 5 pm","Spring","Unknown","Harassment","Unknown","2020/21",1,2020-10-01,2020,10
2213,"Home","Noon to 5 pm","Spring","Unknown","Harassment","Unknown","2022/23",1,2022-10-01,2022,10
2214,"Home","Noon to 5 pm","Summer","No Leash","Attack","Animal","2018/19",3,2019-01-01,2019,1
2215,"Home","Noon to 5 pm","Summer","No Leash","Attack","Animal","2020/21",1,2021-01-01,2021,1
2216,"Home","Noon to 5 pm","Summer","No Leash","Attack","Animal","2023/24",2,2024-01-01,2024,1
2217,"Home","Noon to 5 pm","Summer","No Leash","Attack","Human","2019/20",2,2020-01-01,2020,1
2218,"Home","Noon to 5 pm","Summer","No Leash","Attack","Human","2020/21",5,2021-01-01,2021,1
2219,"Home","Noon to 5 pm","Summer","No Leash","Attack","Human","2021/22",1,2022-01-01,2022,1
2220,"Home","Noon to 5 pm","Summer","No Leash","Attack","Human","2022/23",1,2023-01-01,2023,1
2221,"Home","Noon to 5 pm","Summer","No Leash","Attack","Human","2023/24",3,2024-01-01,2024,1
2222,"Home","Noon to 5 pm","Summer","No Leash","Attack","Unknown","2018/19",2,2019-01-01,2019,1
2223,"Home","Noon to 5 pm","Summer","No Leash","Attack","Unknown","2022/23",1,2023-01-01,2023,1
2224,"Home","Noon to 5 pm","Summer","No Leash","Harassment","Animal","2019/20",1,2020-01-01,2020,1
2225,"Home","Noon to 5 pm","Summer","No Leash","Harassment","Human","2019/20",1,2020-01-01,2020,1
2226,"Home","Noon to 5 pm","Summer","No Leash","Harassment","Unknown","2019/20",1,2020-01-01,2020,1
2227,"Home","Noon to 5 pm","Summer","No Leash","Harassment","Unknown","2020/21",1,2021-01-01,2021,1
2228,"Home","Noon to 5 pm","Summer","No Leash","Harassment","Unknown","2022/23",1,2023-01-01,2023,1
2229,"Home","Noon to 5 pm","Summer","No Leash","Harassment","Unknown","2023/24",2,2024-01-01,2024,1
2230,"Home","Noon to 5 pm","Summer","On a Leash","Attack","Both","2019/20",1,2020-01-01,2020,1
2231,"Home","Noon to 5 pm","Summer","On a Leash","Attack","Human","2018/19",2,2019-01-01,2019,1
2232,"Home","Noon to 5 pm","Summer","On a Leash","Attack","Unknown","2020/21",1,2021-01-01,2021,1
2233,"Home","Noon to 5 pm","Summer","On a Leash","Harassment","Human","2021/22",1,2022-01-01,2022,1
2234,"Home","Noon to 5 pm","Summer","Unknown","Attack","Animal","2020/21",2,2021-01-01,2021,1
2235,"Home","Noon to 5 pm","Summer","Unknown","Attack","Animal","2021/22",1,2022-01-01,2022,1
2236,"Home","Noon to 5 pm","Summer","Unknown","Attack","Animal","2023/24",1,2024-01-01,2024,1
2237,"Home","Noon to 5 pm","Summer","Unknown","Attack","Human","2018/19",1,2019-01-01,2019,1
2238,"Home","Noon to 5 pm","Summer","Unknown","Attack","Human","2022/23",2,2023-01-01,2023,1
2239,"Home","Noon to 5 pm","Summer","Unknown","Attack","Human","2023/24",1,2024-01-01,2024,1
2240,"Home","Noon to 5 pm","Summer","Unknown","Attack","Unknown","2019/20",1,2020-01-01,2020,1
2241,"Home","Noon to 5 pm","Summer","Unknown","Attack","Unknown","2021/22",2,2022-01-01,2022,1
2242,"Home","Noon to 5 pm","Summer","Unknown","Attack","Unknown","2022/23",1,2023-01-01,2023,1
2243,"Home","Noon to 5 pm","Summer","Unknown","Attack","Unknown","2023/24",2,2024-01-01,2024,1
2244,"Home","Noon to 5 pm","Summer","Unknown","Harassment","Animal","2020/21",1,2021-01-01,2021,1
2245,"Home","Noon to 5 pm","Summer","Unknown","Harassment","Human","2018/19",1,2019-01-01,2019,1
2246,"Home","Noon to 5 pm","Summer","Unknown","Harassment","Human","2019/20",1,2020-01-01,2020,1
2247,"Home","Noon to 5 pm","Summer","Unknown","Harassment","Human","2023/24",2,2024-01-01,2024,1
2248,"Home","Noon to 5 pm","Summer","Unknown","Harassment","Unknown","2023/24",1,2024-01-01,2024,1
2249,"Home","Noon to 5 pm","Winter","No Leash","Attack","Animal","2018/19",3,2018-07-01,2018,7
2250,"Home","Noon to 5 pm","Winter","No Leash","Attack","Animal","2019/20",1,2019-07-01,2019,7
2251,"Home","Noon to 5 pm","Winter","No Leash","Attack","Animal","2020/21",2,2020-07-01,2020,7
2252,"Home","Noon to 5 pm","Winter","No Leash","Attack","Animal","2021/22",3,2021-07-01,2021,7
2253,"Home","Noon to 5 pm","Winter","No Leash","Attack","Animal","2022/23",3,2022-07-01,2022,7
2254,"Home","Noon to 5 pm","Winter","No Leash","Attack","Animal","2023/24",1,2023-07-01,2023,7
2256,"Home","Noon to 5 pm","Winter","No Leash","Attack","Both","2018/19",1,2018-07-01,2018,7
2257,"Home","Noon to 5 pm","Winter","No Leash","Attack","Human","2018/19",2,2018-07-01,2018,7
2258,"Home","Noon to 5 pm","Winter","No Leash","Attack","Human","2019/20",3,2019-07-01,2019,7
2259,"Home","Noon to 5 pm","Winter","No Leash","Attack","Human","2020/21",3,2020-07-01,2020,7
2260,"Home","Noon to 5 pm","Winter","No Leash","Attack","Human","2021/22",4,2021-07-01,2021,7
2261,"Home","Noon to 5 pm","Winter","No Leash","Attack","Human","2022/23",2,2022-07-01,2022,7
2262,"Home","Noon to 5 pm","Winter","No Leash","Attack","Human","2023/24",1,2023-07-01,2023,7
2263,"Home","Noon to 5 pm","Winter","No Leash","Attack","Unknown","2018/19",1,2018-07-01,2018,7
2264,"Home","Noon to 5 pm","Winter","No Leash","Attack","Unknown","2019/20",4,2019-07-01,2019,7
2265,"Home","Noon to 5 pm","Winter","No Leash","Attack","Unknown","2020/21",1,2020-07-01,2020,7
2266,"Home","Noon to 5 pm","Winter","No Leash","Attack","Unknown","2021/22",1,2021-07-01,2021,7
2267,"Home","Noon to 5 pm","Winter","No Leash","Attack","Unknown","2022/23",6,2022-07-01,2022,7
2268,"Home","Noon to 5 pm","Winter","No Leash","Attack","Unknown","2023/24",2,2023-07-01,2023,7
2269,"Home","Noon to 5 pm","Winter","No Leash","Harassment","Animal","2019/20",1,2019-07-01,2019,7
2270,"Home","Noon to 5 pm","Winter","No Leash","Harassment","Animal","2020/21",1,2020-07-01,2020,7
2271,"Home","Noon to 5 pm","Winter","No Leash","Harassment","Animal","2021/22",2,2021-07-01,2021,7
2272,"Home","Noon to 5 pm","Winter","No Leash","Harassment","Animal","2022/23",1,2022-07-01,2022,7
2273,"Home","Noon to 5 pm","Winter","No Leash","Harassment","Human","2019/20",1,2019-07-01,2019,7
2274,"Home","Noon to 5 pm","Winter","No Leash","Harassment","Human","2021/22",1,2021-07-01,2021,7
2275,"Home","Noon to 5 pm","Winter","No Leash","Harassment","Human","2022/23",1,2022-07-01,2022,7
2276,"Home","Noon to 5 pm","Winter","No Leash","Harassment","Unknown","2018/19",1,2018-07-01,2018,7
2277,"Home","Noon to 5 pm","Winter","No Leash","Harassment","Unknown","2019/20",1,2019-07-01,2019,7
2278,"Home","Noon to 5 pm","Winter","No Leash","Harassment","Unknown","2020/21",2,2020-07-01,2020,7
2279,"Home","Noon to 5 pm","Winter","No Leash","Harassment","Unknown","2023/24",1,2023-07-01,2023,7
2280,"Home","Noon to 5 pm","Winter","On a Leash","Attack","Animal","2019/20",1,2019-07-01,2019,7
2281,"Home","Noon to 5 pm","Winter","On a Leash","Attack","Animal","2022/23",1,2022-07-01,2022,7
2282,"Home","Noon to 5 pm","Winter","On a Leash","Attack","Animal","2023/24",1,2023-07-01,2023,7
2283,"Home","Noon to 5 pm","Winter","On a Leash","Attack","Human","2021/22",1,2021-07-01,2021,7
2284,"Home","Noon to 5 pm","Winter","On a Leash","Harassment","Unknown","2020/21",1,2020-07-01,2020,7
2285,"Home","Noon to 5 pm","Winter","Unknown","Attack","Animal","2018/19",2,2018-07-01,2018,7
2286,"Home","Noon to 5 pm","Winter","Unknown","Attack","Animal","2021/22",2,2021-07-01,2021,7
2287,"Home","Noon to 5 pm","Winter","Unknown","Attack","Animal","2022/23",1,2022-07-01,2022,7
2288,"Home","Noon to 5 pm","Winter","Unknown","Attack","Animal","2023/24",1,2023-07-01,2023,7
2289,"Home","Noon to 5 pm","Winter","Unknown","Attack","Human","2018/19",2,2018-07-01,2018,7
2290,"Home","Noon to 5 pm","Winter","Unknown","Attack","Human","2020/21",1,2020-07-01,2020,7
2291,"Home","Noon to 5 pm","Winter","Unknown","Attack","Unknown","2021/22",1,2021-07-01,2021,7
2292,"Home","Noon to 5 pm","Winter","Unknown","Attack","Unknown","2022/23",2,2022-07-01,2022,7
2293,"Home","Noon to 5 pm","Winter","Unknown","Attack","Unknown","2023/24",2,2023-07-01,2023,7
2294,"Home","Noon to 5 pm","Winter","Unknown","Harassment","Animal","2018/19",1,2018-07-01,2018,7
2295,"Home","Noon to 5 pm","Winter","Unknown","Harassment","Animal","2021/22",2,2021-07-01,2021,7
2296,"Home","Noon to 5 pm","Winter","Unknown","Harassment","Human","2018/19",1,2018-07-01,2018,7
2297,"Home","Noon to 5 pm","Winter","Unknown","Harassment","Human","2020/21",1,2020-07-01,2020,7
2298,"Home","Noon to 5 pm","Winter","Unknown","Harassment","Human","2022/23",1,2022-07-01,2022,7
2299,"Home","Noon to 5 pm","Winter","Unknown","Harassment","Unknown","2020/21",1,2020-07-01,2020,7
2300,"Home","Noon to 5 pm","Winter","Unknown","Harassment","Unknown","2022/23",1,2022-07-01,2022,7
2301,"Home","Noon to 5 pm","Winter","Unknown","Harassment","Unknown","2023/24",1,2023-07-01,2023,7
2303,"Home","Unknown","Autumn","No Leash","Attack","Animal","2018/19",1,2019-04-01,2019,4
2304,"Home","Unknown","Autumn","No Leash","Attack","Animal","2022/23",2,2023-04-01,2023,4
2306,"Home","Unknown","Autumn","No Leash","Attack","Human","2018/19",1,2019-04-01,2019,4
2307,"Home","Unknown","Autumn","No Leash","Attack","Human","2019/20",2,2020-04-01,2020,4
2308,"Home","Unknown","Autumn","No Leash","Attack","Human","2021/22",3,2022-04-01,2022,4
2309,"Home","Unknown","Autumn","No Leash","Attack","Unknown","2019/20",1,2020-04-01,2020,4
2310,"Home","Unknown","Autumn","No Leash","Attack","Unknown","2021/22",2,2022-04-01,2022,4
2311,"Home","Unknown","Autumn","No Leash","Harassment","Human","2019/20",1,2020-04-01,2020,4
2312,"Home","Unknown","Autumn","No Leash","Harassment","Human","2020/21",1,2021-04-01,2021,4
2313,"Home","Unknown","Autumn","On a Leash","Attack","Unknown","2019/20",1,2020-04-01,2020,4
2314,"Home","Unknown","Autumn","Unknown","Attack","Animal","2021/22",2,2022-04-01,2022,4
2315,"Home","Unknown","Autumn","Unknown","Attack","Human","2018/19",1,2019-04-01,2019,4
2316,"Home","Unknown","Autumn","Unknown","Attack","Unknown","2021/22",2,2022-04-01,2022,4
2317,"Home","Unknown","Spring","No Leash","Attack","Animal","2018/19",1,2018-10-01,2018,10
2318,"Home","Unknown","Spring","No Leash","Attack","Animal","2019/20",1,2019-10-01,2019,10
2319,"Home","Unknown","Spring","No Leash","Attack","Animal","2020/21",2,2020-10-01,2020,10
2320,"Home","Unknown","Spring","No Leash","Attack","Animal","2021/22",1,2021-10-01,2021,10
2321,"Home","Unknown","Spring","No Leash","Attack","Animal","2022/23",1,2022-10-01,2022,10
2322,"Home","Unknown","Spring","No Leash","Attack","Human","2021/22",1,2021-10-01,2021,10
2323,"Home","Unknown","Spring","No Leash","Attack","Human","2022/23",1,2022-10-01,2022,10
2324,"Home","Unknown","Spring","No Leash","Attack","Unknown","2018/19",1,2018-10-01,2018,10
2325,"Home","Unknown","Spring","No Leash","Attack","Unknown","2019/20",1,2019-10-01,2019,10
2326,"Home","Unknown","Spring","No Leash","Attack","Unknown","2021/22",1,2021-10-01,2021,10
2327,"Home","Unknown","Spring","No Leash","Attack","Unknown","2022/23",2,2022-10-01,2022,10
2328,"Home","Unknown","Spring","No Leash","Attack","Unknown","2023/24",2,2023-10-01,2023,10
2329,"Home","Unknown","Spring","No Leash","Harassment","Human","2018/19",1,2018-10-01,2018,10
2330,"Home","Unknown","Spring","No Leash","Harassment","Human","2022/23",1,2022-10-01,2022,10
2331,"Home","Unknown","Spring","No Leash","Harassment","Unknown","2019/20",1,2019-10-01,2019,10
2332,"Home","Unknown","Spring","On a Leash","Attack","Animal","2022/23",1,2022-10-01,2022,10
2333,"Home","Unknown","Spring","Unknown","Attack","Animal","2019/20",1,2019-10-01,2019,10
2334,"Home","Unknown","Spring","Unknown","Attack","Animal","2021/22",1,2021-10-01,2021,10
2335,"Home","Unknown","Spring","Unknown","Attack","Human","2019/20",1,2019-10-01,2019,10
2336,"Home","Unknown","Spring","Unknown","Attack","Unknown","2020/21",1,2020-10-01,2020,10
2337,"Home","Unknown","Spring","Unknown","Attack","Unknown","2021/22",1,2021-10-01,2021,10
2338,"Home","Unknown","Spring","Unknown","Attack","Unknown","2022/23",1,2022-10-01,2022,10
2339,"Home","Unknown","Spring","Unknown","Harassment","Human","2018/19",1,2018-10-01,2018,10
2340,"Home","Unknown","Spring","Unknown","Harassment","Unknown","2018/19",1,2018-10-01,2018,10
2341,"Home","Unknown","Summer","No Leash","Attack","Animal","2018/19",1,2019-01-01,2019,1
2342,"Home","Unknown","Summer","No Leash","Attack","Animal","2019/20",1,2020-01-01,2020,1
2343,"Home","Unknown","Summer","No Leash","Attack","Animal","2020/21",2,2021-01-01,2021,1
2344,"Home","Unknown","Summer","No Leash","Attack","Human","2018/19",1,2019-01-01,2019,1
2345,"Home","Unknown","Summer","No Leash","Attack","Human","2019/20",2,2020-01-01,2020,1
2346,"Home","Unknown","Summer","No Leash","Attack","Unknown","2019/20",1,2020-01-01,2020,1
2347,"Home","Unknown","Summer","No Leash","Attack","Unknown","2020/21",1,2021-01-01,2021,1
2348,"Home","Unknown","Summer","No Leash","Attack","Unknown","2022/23",3,2023-01-01,2023,1
2349,"Home","Unknown","Summer","No Leash","Attack","Unknown","2023/24",1,2024-01-01,2024,1
2350,"Home","Unknown","Summer","No Leash","Harassment","Animal","2018/19",1,2019-01-01,2019,1
2351,"Home","Unknown","Summer","No Leash","Harassment","Unknown","2018/19",1,2019-01-01,2019,1
2352,"Home","Unknown","Summer","Unknown","Attack","Animal","2019/20",1,2020-01-01,2020,1
2353,"Home","Unknown","Summer","Unknown","Attack","Animal","2022/23",1,2023-01-01,2023,1
2354,"Home","Unknown","Summer","Unknown","Attack","Human","2019/20",1,2020-01-01,2020,1
2355,"Home","Unknown","Summer","Unknown","Attack","Human","2021/22",1,2022-01-01,2022,1
2356,"Home","Unknown","Summer","Unknown","Attack","Human","2022/23",1,2023-01-01,2023,1
2357,"Home","Unknown","Summer","Unknown","Attack","Unknown","2019/20",1,2020-01-01,2020,1
2358,"Home","Unknown","Summer","Unknown","Attack","Unknown","2022/23",3,2023-01-01,2023,1
2359,"Home","Unknown","Summer","Unknown","Harassment","Human","2019/20",1,2020-01-01,2020,1
2360,"Home","Unknown","Summer","Unknown","Harassment","Unknown","2022/23",1,2023-01-01,2023,1
2361,"Home","Unknown","Winter","No Leash","Attack","Animal","2018/19",2,2018-07-01,2018,7
2362,"Home","Unknown","Winter","No Leash","Attack","Animal","2021/22",1,2021-07-01,2021,7
2363,"Home","Unknown","Winter","No Leash","Attack","Animal","2022/23",1,2022-07-01,2022,7
2364,"Home","Unknown","Winter","No Leash","Attack","Animal","2023/24",1,2023-07-01,2023,7
2366,"Home","Unknown","Winter","No Leash","Attack","Human","2019/20",1,2019-07-01,2019,7
2367,"Home","Unknown","Winter","No Leash","Attack","Human","2023/24",2,2023-07-01,2023,7
2368,"Home","Unknown","Winter","No Leash","Attack","Unknown","2019/20",1,2019-07-01,2019,7
2369,"Home","Unknown","Winter","No Leash","Attack","Unknown","2020/21",1,2020-07-01,2020,7
2370,"Home","Unknown","Winter","No Leash","Attack","Unknown","2021/22",1,2021-07-01,2021,7
2371,"Home","Unknown","Winter","No Leash","Attack","Unknown","2022/23",1,2022-07-01,2022,7
2372,"Home","Unknown","Winter","No Leash","Attack","Unknown","2023/24",1,2023-07-01,2023,7
2373,"Home","Unknown","Winter","No Leash","Harassment","Human","2020/21",1,2020-07-01,2020,7
2374,"Home","Unknown","Winter","Unknown","Attack","Animal","2018/19",1,2018-07-01,2018,7
2375,"Home","Unknown","Winter","Unknown","Attack","Both","2020/21",1,2020-07-01,2020,7
2376,"Home","Unknown","Winter","Unknown","Attack","Human","2019/20",1,2019-07-01,2019,7
2377,"Home","Unknown","Winter","Unknown","Attack","Unknown","2019/20",1,2019-07-01,2019,7
2378,"Home","Unknown","Winter","Unknown","Attack","Unknown","2020/21",1,2020-07-01,2020,7
2379,"Home","Unknown","Winter","Unknown","Attack","Unknown","2022/23",1,2022-07-01,2022,7
2380,"Home","Unknown","Winter","Unknown","Attack","Unknown","2023/24",1,2023-07-01,2023,7
2381,"Home","Unknown","Winter","Unknown","Harassment","Animal","2018/19",1,2018-07-01,2018,7
2383,"Home","Unknown","Winter","Unknown","Harassment","Human","2018/19",1,2018-07-01,2018,7
2384,"Home","Unknown","Winter","Unknown","Harassment","Unknown","2023/24",1,2023-07-01,2023,7
2385,"Other","5 pm to 8 pm","Autumn","No Leash","Attack","Animal","2018/19",1,2019-04-01,2019,4
2386,"Other","5 pm to 8 pm","Autumn","No Leash","Attack","Animal","2021/22",2,2022-04-01,2022,4
2387,"Other","5 pm to 8 pm","Autumn","No Leash","Attack","Human","2023/24",1,2024-04-01,2024,4
2388,"Other","5 pm to 8 pm","Autumn","No Leash","Attack","Unknown","2021/22",1,2022-04-01,2022,4
2389,"Other","5 pm to 8 pm","Autumn","No Leash","Harassment","Human","2019/20",1,2020-04-01,2020,4
2390,"Other","5 pm to 8 pm","Autumn","No Leash","Harassment","Human","2023/24",1,2024-04-01,2024,4
2391,"Other","5 pm to 8 pm","Autumn","No Leash","Harassment","Unknown","2022/23",1,2023-04-01,2023,4
2392,"Other","5 pm to 8 pm","Autumn","On a Leash","Attack","Human","2018/19",1,2019-04-01,2019,4
2393,"Other","5 pm to 8 pm","Autumn","On a Leash","Attack","Unknown","2021/22",1,2022-04-01,2022,4
2394,"Other","5 pm to 8 pm","Autumn","On a Leash","Harassment","Animal","2020/21",1,2021-04-01,2021,4
2395,"Other","5 pm to 8 pm","Autumn","On a Leash","Harassment","Human","2020/21",1,2021-04-01,2021,4
2396,"Other","5 pm to 8 pm","Autumn","Unknown","Attack","Animal","2019/20",1,2020-04-01,2020,4
2397,"Other","5 pm to 8 pm","Autumn","Unknown","Attack","Both","2021/22",1,2022-04-01,2022,4
2398,"Other","5 pm to 8 pm","Autumn","Unknown","Attack","Unknown","2018/19",1,2019-04-01,2019,4
2399,"Other","5 pm to 8 pm","Autumn","Unknown","Attack","Unknown","2022/23",1,2023-04-01,2023,4
2400,"Other","5 pm to 8 pm","Autumn","Unknown","Attack","Unknown","2023/24",1,2024-04-01,2024,4
2401,"Other","5 pm to 8 pm","Autumn","Unknown","Harassment","Human","2019/20",1,2020-04-01,2020,4
2402,"Other","5 pm to 8 pm","Spring","No Leash","Attack","Animal","2019/20",1,2019-10-01,2019,10
2403,"Other","5 pm to 8 pm","Spring","No Leash","Attack","Animal","2020/21",1,2020-10-01,2020,10
2404,"Other","5 pm to 8 pm","Spring","No Leash","Attack","Human","2018/19",1,2018-10-01,2018,10
2405,"Other","5 pm to 8 pm","Spring","No Leash","Attack","Human","2021/22",1,2021-10-01,2021,10
2406,"Other","5 pm to 8 pm","Spring","No Leash","Attack","Unknown","2018/19",1,2018-10-01,2018,10
2407,"Other","5 pm to 8 pm","Spring","No Leash","Harassment","Animal","2018/19",2,2018-10-01,2018,10
2408,"Other","5 pm to 8 pm","Spring","No Leash","Harassment","Animal","2020/21",1,2020-10-01,2020,10
2409,"Other","5 pm to 8 pm","Spring","No Leash","Harassment","Animal","2023/24",1,2023-10-01,2023,10
2410,"Other","5 pm to 8 pm","Spring","No Leash","Harassment","Unknown","2022/23",1,2022-10-01,2022,10
2411,"Other","5 pm to 8 pm","Spring","On a Leash","Attack","Animal","2020/21",1,2020-10-01,2020,10
2412,"Other","5 pm to 8 pm","Spring","Unknown","Attack","Human","2020/21",1,2020-10-01,2020,10
2413,"Other","5 pm to 8 pm","Summer","No Leash","Attack","Animal","2018/19",2,2019-01-01,2019,1
2414,"Other","5 pm to 8 pm","Summer","No Leash","Attack","Animal","2019/20",1,2020-01-01,2020,1
2415,"Other","5 pm to 8 pm","Summer","No Leash","Attack","Animal","2020/21",1,2021-01-01,2021,1
2416,"Other","5 pm to 8 pm","Summer","No Leash","Attack","Animal","2023/24",1,2024-01-01,2024,1
2417,"Other","5 pm to 8 pm","Summer","No Leash","Attack","Both","2021/22",1,2022-01-01,2022,1
2418,"Other","5 pm to 8 pm","Summer","No Leash","Attack","Human","2019/20",1,2020-01-01,2020,1
2419,"Other","5 pm to 8 pm","Summer","No Leash","Attack","Unknown","2020/21",1,2021-01-01,2021,1
2420,"Other","5 pm to 8 pm","Summer","No Leash","Harassment","Unknown","2023/24",1,2024-01-01,2024,1
2421,"Other","5 pm to 8 pm","Summer","On a Leash","Attack","Animal","2023/24",1,2024-01-01,2024,1
2422,"Other","5 pm to 8 pm","Summer","On a Leash","Attack","Unknown","2019/20",1,2020-01-01,2020,1
2423,"Other","5 pm to 8 pm","Summer","On a Leash","Attack","Unknown","2022/23",1,2023-01-01,2023,1
2424,"Other","5 pm to 8 pm","Summer","Unknown","Attack","Animal","2020/21",2,2021-01-01,2021,1
2425,"Other","5 pm to 8 pm","Summer","Unknown","Attack","Human","2021/22",1,2022-01-01,2022,1
2426,"Other","5 pm to 8 pm","Summer","Unknown","Attack","Human","2023/24",1,2024-01-01,2024,1
2427,"Other","5 pm to 8 pm","Summer","Unknown","Attack","Unknown","2020/21",1,2021-01-01,2021,1
2428,"Other","5 pm to 8 pm","Summer","Unknown","Attack","Unknown","2023/24",1,2024-01-01,2024,1
2429,"Other","5 pm to 8 pm","Summer","Unknown","Harassment","Animal","2021/22",1,2022-01-01,2022,1
2430,"Other","5 pm to 8 pm","Winter","No Leash","Attack","Animal","2018/19",2,2018-07-01,2018,7
2431,"Other","5 pm to 8 pm","Winter","No Leash","Attack","Animal","2022/23",1,2022-07-01,2022,7
2432,"Other","5 pm to 8 pm","Winter","No Leash","Attack","Human","2018/19",1,2018-07-01,2018,7
2433,"Other","5 pm to 8 pm","Winter","No Leash","Attack","Human","2021/22",1,2021-07-01,2021,7
2434,"Other","5 pm to 8 pm","Winter","No Leash","Attack","Unknown","2020/21",1,2020-07-01,2020,7
2435,"Other","5 pm to 8 pm","Winter","On a Leash","Attack","Animal","2022/23",1,2022-07-01,2022,7
2436,"Other","5 pm to 8 pm","Winter","Unknown","Attack","Animal","2021/22",1,2021-07-01,2021,7
2437,"Other","5 pm to 8 pm","Winter","Unknown","Attack","Animal","2023/24",1,2023-07-01,2023,7
2438,"Other","5 pm to 8 pm","Winter","Unknown","Attack","Unknown","2018/19",1,2018-07-01,2018,7
2439,"Other","5 pm to 8 pm","Winter","Unknown","Harassment","Human","2022/23",1,2022-07-01,2022,7
2440,"Other","5 pm to 8 pm","Winter","Unknown","Harassment","Human","2023/24",1,2023-07-01,2023,7
2441,"Other","6 am to 9 am","Autumn","No Leash","Attack","Animal","2019/20",1,2020-04-01,2020,4
2442,"Other","6 am to 9 am","Autumn","No Leash","Attack","Animal","2022/23",2,2023-04-01,2023,4
2443,"Other","6 am to 9 am","Autumn","No Leash","Attack","Animal","2023/24",1,2024-04-01,2024,4
2445,"Other","6 am to 9 am","Autumn","No Leash","Harassment","Unknown","2022/23",1,2023-04-01,2023,4
2446,"Other","6 am to 9 am","Autumn","No Leash","Harassment","Unknown","2023/24",1,2024-04-01,2024,4
2447,"Other","6 am to 9 am","Autumn","Unknown","Attack","Animal","2018/19",1,2019-04-01,2019,4
2448,"Other","6 am to 9 am","Autumn","Unknown","Attack","Animal","2022/23",2,2023-04-01,2023,4
2449,"Other","6 am to 9 am","Autumn","Unknown","Attack","Human","2021/22",1,2022-04-01,2022,4
2450,"Other","6 am to 9 am","Spring","No Leash","Harassment","Animal","2020/21",1,2020-10-01,2020,10
2451,"Other","6 am to 9 am","Spring","Unknown","Attack","Animal","2020/21",1,2020-10-01,2020,10
2452,"Other","6 am to 9 am","Spring","Unknown","Harassment","Unknown","2022/23",1,2022-10-01,2022,10
2453,"Other","6 am to 9 am","Summer","No Leash","Attack","Animal","2023/24",1,2024-01-01,2024,1
2454,"Other","6 am to 9 am","Summer","No Leash","Attack","Unknown","2019/20",1,2020-01-01,2020,1
2455,"Other","6 am to 9 am","Summer","No Leash","Attack","Unknown","2023/24",1,2024-01-01,2024,1
2456,"Other","6 am to 9 am","Summer","No Leash","Harassment","Animal","2023/24",1,2024-01-01,2024,1
2457,"Other","6 am to 9 am","Summer","No Leash","Harassment","Unknown","2022/23",1,2023-01-01,2023,1
2458,"Other","6 am to 9 am","Summer","On a Leash","Attack","Unknown","2019/20",1,2020-01-01,2020,1
2459,"Other","6 am to 9 am","Summer","On a Leash","Harassment","Human","2022/23",1,2023-01-01,2023,1
2460,"Other","6 am to 9 am","Summer","Unknown","Attack","Animal","2022/23",1,2023-01-01,2023,1
2461,"Other","6 am to 9 am","Summer","Unknown","Attack","Human","2019/20",1,2020-01-01,2020,1
2462,"Other","6 am to 9 am","Summer","Unknown","Harassment","Animal","2021/22",1,2022-01-01,2022,1
2463,"Other","6 am to 9 am","Summer","Unknown","Harassment","Animal","2023/24",1,2024-01-01,2024,1
2464,"Other","6 am to 9 am","Winter","No Leash","Attack","Animal","2019/20",2,2019-07-01,2019,7
2465,"Other","6 am to 9 am","Winter","No Leash","Attack","Human","2020/21",1,2020-07-01,2020,7
2466,"Other","6 am to 9 am","Winter","No Leash","Harassment","Human","2021/22",1,2021-07-01,2021,7
2467,"Other","6 am to 9 am","Winter","No Leash","Harassment","Human","2023/24",1,2023-07-01,2023,7
2468,"Other","6 am to 9 am","Winter","No Leash","Harassment","Unknown","2019/20",1,2019-07-01,2019,7
2469,"Other","6 am to 9 am","Winter","No Leash","Harassment","Unknown","2022/23",1,2022-07-01,2022,7
2470,"Other","6 am to 9 am","Winter","On a Leash","Attack","Animal","2022/23",1,2022-07-01,2022,7
2471,"Other","6 am to 9 am","Winter","On a Leash","Attack","Human","2022/23",1,2022-07-01,2022,7
2472,"Other","6 am to 9 am","Winter","On a Leash","Harassment","Animal","2018/19",1,2018-07-01,2018,7
2473,"Other","6 am to 9 am","Winter","Unknown","Attack","Animal","2020/21",1,2020-07-01,2020,7
2474,"Other","6 am to 9 am","Winter","Unknown","Attack","Human","2020/21",1,2020-07-01,2020,7
2475,"Other","6 am to 9 am","Winter","Unknown","Harassment","Animal","2021/22",1,2021-07-01,2021,7
2476,"Other","6 am to 9 am","Winter","Unknown","Harassment","Human","2023/24",1,2023-07-01,2023,7
2477,"Other","6 am to 9 am","Winter","Unknown","Harassment","Unknown","2021/22",1,2021-07-01,2021,7
2478,"Other","8 pm to 10 pm","Autumn","Unknown","Attack","Human","2018/19",1,2019-04-01,2019,4
2479,"Other","8 pm to 10 pm","Autumn","Unknown","Attack","Unknown","2023/24",1,2024-04-01,2024,4
2480,"Other","8 pm to 10 pm","Summer","No Leash","Attack","Animal","2023/24",1,2024-01-01,2024,1
2481,"Other","8 pm to 10 pm","Summer","No Leash","Attack","Unknown","2018/19",1,2019-01-01,2019,1
2482,"Other","8 pm to 10 pm","Summer","No Leash","Attack","Unknown","2019/20",1,2020-01-01,2020,1
2483,"Other","8 pm to 10 pm","Summer","On a Leash","Attack","Animal","2020/21",1,2021-01-01,2021,1
2484,"Other","8 pm to 10 pm","Winter","No Leash","Harassment","Human","2021/22",1,2021-07-01,2021,7
2485,"Other","8 pm to 10 pm","Winter","On a Leash","Harassment","Human","2022/23",1,2022-07-01,2022,7
2486,"Other","8 pm to 10 pm","Winter","Unknown","Harassment","Human","2019/20",1,2019-07-01,2019,7
2487,"Other","9 am to Noon","Autumn","No Leash","Attack","Animal","2018/19",1,2019-04-01,2019,4
2488,"Other","9 am to Noon","Autumn","No Leash","Attack","Animal","2019/20",2,2020-04-01,2020,4
2489,"Other","9 am to Noon","Autumn","No Leash","Attack","Human","2018/19",1,2019-04-01,2019,4
2490,"Other","9 am to Noon","Autumn","No Leash","Attack","Human","2021/22",1,2022-04-01,2022,4
2491,"Other","9 am to Noon","Autumn","No Leash","Attack","Unknown","2020/21",1,2021-04-01,2021,4
2492,"Other","9 am to Noon","Autumn","No Leash","Attack","Unknown","2021/22",1,2022-04-01,2022,4
2493,"Other","9 am to Noon","Autumn","No Leash","Harassment","Animal","2020/21",1,2021-04-01,2021,4
2494,"Other","9 am to Noon","Autumn","No Leash","Harassment","Animal","2023/24",1,2024-04-01,2024,4
2495,"Other","9 am to Noon","Autumn","No Leash","Harassment","Human","2018/19",1,2019-04-01,2019,4
2496,"Other","9 am to Noon","Autumn","No Leash","Harassment","Human","2021/22",1,2022-04-01,2022,4
2497,"Other","9 am to Noon","Autumn","On a Leash","Attack","Animal","2023/24",1,2024-04-01,2024,4
2498,"Other","9 am to Noon","Autumn","On a Leash","Attack","Human","2018/19",1,2019-04-01,2019,4
2499,"Other","9 am to Noon","Autumn","On a Leash","Attack","Human","2022/23",1,2023-04-01,2023,4
2500,"Other","9 am to Noon","Autumn","Unknown","Attack","Unknown","2021/22",1,2022-04-01,2022,4
2501,"Other","9 am to Noon","Autumn","Unknown","Attack","Unknown","2022/23",1,2023-04-01,2023,4
2502,"Other","9 am to Noon","Autumn","Unknown","Harassment","Human","2023/24",1,2024-04-01,2024,4
2503,"Other","9 am to Noon","Autumn","Unknown","Harassment","Unknown","2023/24",1,2024-04-01,2024,4
2504,"Other","9 am to Noon","Spring","No Leash","Attack","Animal","2020/21",2,2020-10-01,2020,10
2505,"Other","9 am to Noon","Spring","No Leash","Attack","Animal","2023/24",4,2023-10-01,2023,10
2506,"Other","9 am to Noon","Spring","No Leash","Attack","Human","2023/24",1,2023-10-01,2023,10
2507,"Other","9 am to Noon","Spring","No Leash","Harassment","Unknown","2018/19",1,2018-10-01,2018,10
2508,"Other","9 am to Noon","Spring","No Leash","Harassment","Unknown","2020/21",1,2020-10-01,2020,10
2509,"Other","9 am to Noon","Spring","No Leash","Harassment","Unknown","2023/24",1,2023-10-01,2023,10
2510,"Other","9 am to Noon","Spring","On a Leash","Harassment","Animal","2020/21",1,2020-10-01,2020,10
2511,"Other","9 am to Noon","Spring","Unknown","Attack","Animal","2021/22",1,2021-10-01,2021,10
2512,"Other","9 am to Noon","Spring","Unknown","Attack","Human","2019/20",1,2019-10-01,2019,10
2513,"Other","9 am to Noon","Spring","Unknown","Attack","Unknown","2023/24",1,2023-10-01,2023,10
2514,"Other","9 am to Noon","Spring","Unknown","Harassment","Unknown","2022/23",1,2022-10-01,2022,10
2515,"Other","9 am to Noon","Summer","No Leash","Attack","Animal","2021/22",1,2022-01-01,2022,1
2516,"Other","9 am to Noon","Summer","No Leash","Attack","Human","2019/20",1,2020-01-01,2020,1
2517,"Other","9 am to Noon","Summer","No Leash","Attack","Human","2022/23",1,2023-01-01,2023,1
2518,"Other","9 am to Noon","Summer","No Leash","Attack","Human","2023/24",1,2024-01-01,2024,1
2519,"Other","9 am to Noon","Summer","No Leash","Attack","Unknown","2018/19",1,2019-01-01,2019,1
2520,"Other","9 am to Noon","Summer","No Leash","Attack","Unknown","2023/24",1,2024-01-01,2024,1
2521,"Other","9 am to Noon","Summer","No Leash","Harassment","Animal","2020/21",1,2021-01-01,2021,1
2522,"Other","9 am to Noon","Summer","No Leash","Harassment","Animal","2023/24",1,2024-01-01,2024,1
2523,"Other","9 am to Noon","Summer","No Leash","Harassment","Both","2021/22",1,2022-01-01,2022,1
2524,"Other","9 am to Noon","Summer","No Leash","Harassment","Human","2022/23",1,2023-01-01,2023,1
2525,"Other","9 am to Noon","Summer","No Leash","Harassment","Unknown","2022/23",1,2023-01-01,2023,1
2526,"Other","9 am to Noon","Summer","No Leash","Harassment","Unknown","2023/24",1,2024-01-01,2024,1
2527,"Other","9 am to Noon","Summer","On a Leash","Harassment","Unknown","2019/20",1,2020-01-01,2020,1
2528,"Other","9 am to Noon","Summer","Unknown","Attack","Animal","2023/24",1,2024-01-01,2024,1
2529,"Other","9 am to Noon","Summer","Unknown","Attack","Unknown","2019/20",1,2020-01-01,2020,1
2530,"Other","9 am to Noon","Summer","Unknown","Attack","Unknown","2020/21",1,2021-01-01,2021,1
2531,"Other","9 am to Noon","Summer","Unknown","Attack","Unknown","2022/23",1,2023-01-01,2023,1
2532,"Other","9 am to Noon","Summer","Unknown","Harassment","Human","2019/20",1,2020-01-01,2020,1
2533,"Other","9 am to Noon","Winter","No Leash","Attack","Animal","2018/19",1,2018-07-01,2018,7
2534,"Other","9 am to Noon","Winter","No Leash","Attack","Animal","2019/20",3,2019-07-01,2019,7
2535,"Other","9 am to Noon","Winter","No Leash","Attack","Animal","2020/21",2,2020-07-01,2020,7
2536,"Other","9 am to Noon","Winter","No Leash","Attack","Animal","2022/23",1,2022-07-01,2022,7
2537,"Other","9 am to Noon","Winter","No Leash","Attack","Animal","2023/24",1,2023-07-01,2023,7
2538,"Other","9 am to Noon","Winter","No Leash","Attack","Human","2020/21",1,2020-07-01,2020,7
2539,"Other","9 am to Noon","Winter","No Leash","Attack","Unknown","2020/21",2,2020-07-01,2020,7
2540,"Other","9 am to Noon","Winter","No Leash","Attack","Unknown","2021/22",2,2021-07-01,2021,7
2541,"Other","9 am to Noon","Winter","No Leash","Attack","Unknown","2023/24",1,2023-07-01,2023,7
2542,"Other","9 am to Noon","Winter","No Leash","Harassment","Animal","2019/20",2,2019-07-01,2019,7
2543,"Other","9 am to Noon","Winter","No Leash","Harassment","Animal","2021/22",1,2021-07-01,2021,7
2544,"Other","9 am to Noon","Winter","No Leash","Harassment","Animal","2023/24",2,2023-07-01,2023,7
2545,"Other","9 am to Noon","Winter","No Leash","Harassment","Human","2021/22",1,2021-07-01,2021,7
2546,"Other","9 am to Noon","Winter","On a Leash","Attack","Animal","2022/23",1,2022-07-01,2022,7
2547,"Other","9 am to Noon","Winter","On a Leash","Attack","Human","2019/20",1,2019-07-01,2019,7
2548,"Other","9 am to Noon","Winter","On a Leash","Harassment","Animal","2020/21",1,2020-07-01,2020,7
2550,"Other","9 am to Noon","Winter","Unknown","Attack","Animal","2022/23",1,2022-07-01,2022,7
2551,"Other","9 am to Noon","Winter","Unknown","Attack","Unknown","2022/23",1,2022-07-01,2022,7
2552,"Other","9 am to Noon","Winter","Unknown","Harassment","Unknown","2018/19",1,2018-07-01,2018,7
2553,"Other","9 am to Noon","Winter","Unknown","Harassment","Unknown","2019/20",1,2019-07-01,2019,7
2554,"Other","Noon to 5 pm","Autumn","No Leash","Attack","Animal","2018/19",1,2019-04-01,2019,4
2555,"Other","Noon to 5 pm","Autumn","No Leash","Attack","Animal","2020/21",1,2021-04-01,2021,4
2556,"Other","Noon to 5 pm","Autumn","No Leash","Attack","Animal","2021/22",1,2022-04-01,2022,4
2557,"Other","Noon to 5 pm","Autumn","No Leash","Attack","Animal","2022/23",2,2023-04-01,2023,4
2558,"Other","Noon to 5 pm","Autumn","No Leash","Attack","Human","2019/20",1,2020-04-01,2020,4
2559,"Other","Noon to 5 pm","Autumn","No Leash","Attack","Human","2021/22",1,2022-04-01,2022,4
2560,"Other","Noon to 5 pm","Autumn","No Leash","Attack","Unknown","2021/22",1,2022-04-01,2022,4
2561,"Other","Noon to 5 pm","Autumn","No Leash","Attack","Unknown","2022/23",1,2023-04-01,2023,4
2562,"Other","Noon to 5 pm","Autumn","No Leash","Harassment","Human","2019/20",1,2020-04-01,2020,4
2563,"Other","Noon to 5 pm","Autumn","No Leash","Harassment","Human","2022/23",1,2023-04-01,2023,4
2564,"Other","Noon to 5 pm","Autumn","No Leash","Harassment","Human","2023/24",1,2024-04-01,2024,4
2566,"Other","Noon to 5 pm","Autumn","On a Leash","Attack","Human","2020/21",1,2021-04-01,2021,4
2567,"Other","Noon to 5 pm","Autumn","On a Leash","Attack","Human","2023/24",2,2024-04-01,2024,4
2568,"Other","Noon to 5 pm","Autumn","On a Leash","Attack","Unknown","2021/22",1,2022-04-01,2022,4
2569,"Other","Noon to 5 pm","Autumn","On a Leash","Harassment","Unknown","2022/23",1,2023-04-01,2023,4
2570,"Other","Noon to 5 pm","Autumn","Unknown","Attack","Animal","2021/22",2,2022-04-01,2022,4
2571,"Other","Noon to 5 pm","Autumn","Unknown","Attack","Animal","2023/24",1,2024-04-01,2024,4
2572,"Other","Noon to 5 pm","Autumn","Unknown","Attack","Human","2018/19",1,2019-04-01,2019,4
2573,"Other","Noon to 5 pm","Autumn","Unknown","Attack","Human","2021/22",1,2022-04-01,2022,4
2574,"Other","Noon to 5 pm","Autumn","Unknown","Attack","Unknown","2018/19",1,2019-04-01,2019,4
2575,"Other","Noon to 5 pm","Autumn","Unknown","Attack","Unknown","2022/23",1,2023-04-01,2023,4
2576,"Other","Noon to 5 pm","Autumn","Unknown","Harassment","Human","2019/20",1,2020-04-01,2020,4
2577,"Other","Noon to 5 pm","Autumn","Unknown","Harassment","Human","2023/24",1,2024-04-01,2024,4
2578,"Other","Noon to 5 pm","Autumn","Unknown","Harassment","Unknown","2020/21",1,2021-04-01,2021,4
2579,"Other","Noon to 5 pm","Autumn","Unknown","Harassment","Unknown","2021/22",1,2022-04-01,2022,4
2580,"Other","Noon to 5 pm","Spring","No Leash","Attack","Animal","2018/19",1,2018-10-01,2018,10
2581,"Other","Noon to 5 pm","Spring","No Leash","Attack","Animal","2019/20",1,2019-10-01,2019,10
2582,"Other","Noon to 5 pm","Spring","No Leash","Attack","Animal","2021/22",1,2021-10-01,2021,10
2583,"Other","Noon to 5 pm","Spring","No Leash","Attack","Animal","2023/24",3,2023-10-01,2023,10
2584,"Other","Noon to 5 pm","Spring","No Leash","Attack","Unknown","2021/22",1,2021-10-01,2021,10
2585,"Other","Noon to 5 pm","Spring","No Leash","Attack","Unknown","2022/23",1,2022-10-01,2022,10
2586,"Other","Noon to 5 pm","Spring","No Leash","Attack","Unknown","2023/24",1,2023-10-01,2023,10
2587,"Other","Noon to 5 pm","Spring","No Leash","Harassment","Animal","2018/19",1,2018-10-01,2018,10
2588,"Other","Noon to 5 pm","Spring","No Leash","Harassment","Animal","2019/20",1,2019-10-01,2019,10
2589,"Other","Noon to 5 pm","Spring","No Leash","Harassment","Both","2021/22",1,2021-10-01,2021,10
2590,"Other","Noon to 5 pm","Spring","No Leash","Harassment","Human","2019/20",1,2019-10-01,2019,10
2591,"Other","Noon to 5 pm","Spring","No Leash","Harassment","Human","2023/24",1,2023-10-01,2023,10
2592,"Other","Noon to 5 pm","Spring","No Leash","Harassment","Unknown","2020/21",1,2020-10-01,2020,10
2593,"Other","Noon to 5 pm","Spring","On a Leash","Attack","Animal","2023/24",1,2023-10-01,2023,10
2594,"Other","Noon to 5 pm","Spring","On a Leash","Attack","Human","2018/19",1,2018-10-01,2018,10
2595,"Other","Noon to 5 pm","Spring","On a Leash","Attack","Unknown","2023/24",1,2023-10-01,2023,10
2596,"Other","Noon to 5 pm","Spring","On a Leash","Harassment","Animal","2023/24",1,2023-10-01,2023,10
2597,"Other","Noon to 5 pm","Spring","Unknown","Attack","Animal","2018/19",1,2018-10-01,2018,10
2598,"Other","Noon to 5 pm","Spring","Unknown","Attack","Animal","2020/21",1,2020-10-01,2020,10
2599,"Other","Noon to 5 pm","Spring","Unknown","Attack","Animal","2022/23",1,2022-10-01,2022,10
2600,"Other","Noon to 5 pm","Spring","Unknown","Attack","Human","2020/21",1,2020-10-01,2020,10
2601,"Other","Noon to 5 pm","Spring","Unknown","Attack","Unknown","2020/21",1,2020-10-01,2020,10
2602,"Other","Noon to 5 pm","Spring","Unknown","Harassment","Animal","2019/20",1,2019-10-01,2019,10
2603,"Other","Noon to 5 pm","Spring","Unknown","Harassment","Human","2022/23",1,2022-10-01,2022,10
2604,"Other","Noon to 5 pm","Spring","Unknown","Harassment","Human","2023/24",1,2023-10-01,2023,10
2605,"Other","Noon to 5 pm","Spring","Unknown","Harassment","Unknown","2021/22",1,2021-10-01,2021,10
2606,"Other","Noon to 5 pm","Spring","Unknown","Harassment","Unknown","2022/23",1,2022-10-01,2022,10
2607,"Other","Noon to 5 pm","Summer","No Leash","Attack","Animal","2019/20",2,2020-01-01,2020,1
2608,"Other","Noon to 5 pm","Summer","No Leash","Attack","Animal","2021/22",1,2022-01-01,2022,1
2609,"Other","Noon to 5 pm","Summer","No Leash","Attack","Human","2022/23",1,2023-01-01,2023,1
2610,"Other","Noon to 5 pm","Summer","No Leash","Attack","Unknown","2019/20",1,2020-01-01,2020,1
2611,"Other","Noon to 5 pm","Summer","No Leash","Harassment","Human","2018/19",1,2019-01-01,2019,1
2612,"Other","Noon to 5 pm","Summer","No Leash","Harassment","Human","2020/21",2,2021-01-01,2021,1
2613,"Other","Noon to 5 pm","Summer","No Leash","Harassment","Unknown","2023/24",1,2024-01-01,2024,1
2614,"Other","Noon to 5 pm","Summer","On a Leash","Attack","Animal","2023/24",1,2024-01-01,2024,1
2615,"Other","Noon to 5 pm","Summer","On a Leash","Attack","Both","2021/22",1,2022-01-01,2022,1
2616,"Other","Noon to 5 pm","Summer","On a Leash","Attack","Human","2022/23",1,2023-01-01,2023,1
2617,"Other","Noon to 5 pm","Summer","On a Leash","Attack","Unknown","2023/24",1,2024-01-01,2024,1
2618,"Other","Noon to 5 pm","Summer","Unknown","Attack","Human","2018/19",1,2019-01-01,2019,1
2619,"Other","Noon to 5 pm","Summer","Unknown","Attack","Unknown","2020/21",1,2021-01-01,2021,1
2620,"Other","Noon to 5 pm","Summer","Unknown","Harassment","Human","2022/23",1,2023-01-01,2023,1
2621,"Other","Noon to 5 pm","Winter","No Leash","Attack","Animal","2018/19",1,2018-07-01,2018,7
2622,"Other","Noon to 5 pm","Winter","No Leash","Attack","Animal","2019/20",2,2019-07-01,2019,7
2623,"Other","Noon to 5 pm","Winter","No Leash","Attack","Animal","2020/21",3,2020-07-01,2020,7
2624,"Other","Noon to 5 pm","Winter","No Leash","Attack","Animal","2022/23",2,2022-07-01,2022,7
2625,"Other","Noon to 5 pm","Winter","No Leash","Attack","Animal","2023/24",2,2023-07-01,2023,7
2626,"Other","Noon to 5 pm","Winter","No Leash","Attack","Human","2023/24",1,2023-07-01,2023,7
2627,"Other","Noon to 5 pm","Winter","No Leash","Attack","Unknown","2023/24",1,2023-07-01,2023,7
2628,"Other","Noon to 5 pm","Winter","No Leash","Harassment","Animal","2022/23",1,2022-07-01,2022,7
2629,"Other","Noon to 5 pm","Winter","No Leash","Harassment","Animal","2023/24",1,2023-07-01,2023,7
2630,"Other","Noon to 5 pm","Winter","No Leash","Harassment","Human","2018/19",3,2018-07-01,2018,7
2631,"Other","Noon to 5 pm","Winter","No Leash","Harassment","Human","2022/23",1,2022-07-01,2022,7
2632,"Other","Noon to 5 pm","Winter","No Leash","Harassment","Human","2023/24",1,2023-07-01,2023,7
2633,"Other","Noon to 5 pm","Winter","No Leash","Harassment","Unknown","2018/19",1,2018-07-01,2018,7
2634,"Other","Noon to 5 pm","Winter","No Leash","Harassment","Unknown","2019/20",1,2019-07-01,2019,7
2635,"Other","Noon to 5 pm","Winter","No Leash","Harassment","Unknown","2022/23",1,2022-07-01,2022,7
2636,"Other","Noon to 5 pm","Winter","On a Leash","Attack","Animal","2020/21",1,2020-07-01,2020,7
2637,"Other","Noon to 5 pm","Winter","On a Leash","Attack","Human","2020/21",1,2020-07-01,2020,7
2638,"Other","Noon to 5 pm","Winter","On a Leash","Attack","Human","2022/23",1,2022-07-01,2022,7
2639,"Other","Noon to 5 pm","Winter","Unknown","Attack","Animal","2019/20",1,2019-07-01,2019,7
2640,"Other","Noon to 5 pm","Winter","Unknown","Attack","Animal","2021/22",2,2021-07-01,2021,7
2641,"Other","Noon to 5 pm","Winter","Unknown","Attack","Animal","2023/24",1,2023-07-01,2023,7
2642,"Other","Noon to 5 pm","Winter","Unknown","Attack","Unknown","2020/21",1,2020-07-01,2020,7
2643,"Other","Noon to 5 pm","Winter","Unknown","Attack","Unknown","2022/23",1,2022-07-01,2022,7
2644,"Other","Noon to 5 pm","Winter","Unknown","Harassment","Unknown","2021/22",1,2021-07-01,2021,7
2645,"Other","Noon to 5 pm","Winter","Unknown","Harassment","Unknown","2023/24",1,2023-07-01,2023,7
2646,"Other","Unknown","Autumn","No Leash","Attack","Animal","2019/20",1,2020-04-01,2020,4
2647,"Other","Unknown","Autumn","No Leash","Attack","Animal","2021/22",1,2022-04-01,2022,4
2648,"Other","Unknown","Autumn","No Leash","Attack","Animal","2022/23",1,2023-04-01,2023,4
2651,"Other","Unknown","Autumn","No Leash","Harassment","Unknown","2019/20",1,2020-04-01,2020,4
2653,"Other","Unknown","Autumn","Unknown","Attack","Animal","2022/23",1,2023-04-01,2023,4
2654,"Other","Unknown","Autumn","Unknown","Attack","Human","2019/20",2,2020-04-01,2020,4
2655,"Other","Unknown","Autumn","Unknown","Attack","Unknown","2022/23",2,2023-04-01,2023,4
2656,"Other","Unknown","Autumn","Unknown","Harassment","Human","2018/19",1,2019-04-01,2019,4
2657,"Other","Unknown","Autumn","Unknown","Harassment","Unknown","2019/20",1,2020-04-01,2020,4
2658,"Other","Unknown","Spring","No Leash","Attack","Animal","2020/21",1,2020-10-01,2020,10
2660,"Other","Unknown","Spring","No Leash","Attack","Human","2019/20",1,2019-10-01,2019,10
2661,"Other","Unknown","Spring","No Leash","Attack","Unknown","2022/23",1,2022-10-01,2022,10
2662,"Other","Unknown","Spring","No Leash","Harassment","Unknown","2020/21",2,2020-10-01,2020,10
2663,"Other","Unknown","Spring","No Leash","Harassment","Unknown","2022/23",2,2022-10-01,2022,10
2664,"Other","Unknown","Spring","Unknown","Attack","Animal","2021/22",1,2021-10-01,2021,10
2665,"Other","Unknown","Spring","Unknown","Attack","Unknown","2023/24",1,2023-10-01,2023,10
2666,"Other","Unknown","Spring","Unknown","Harassment","Unknown","2020/21",2,2020-10-01,2020,10
2667,"Other","Unknown","Summer","No Leash","Attack","Animal","2018/19",1,2019-01-01,2019,1
2668,"Other","Unknown","Summer","No Leash","Attack","Animal","2021/22",1,2022-01-01,2022,1
2669,"Other","Unknown","Summer","No Leash","Attack","Human","2023/24",1,2024-01-01,2024,1
2671,"Other","Unknown","Summer","No Leash","Attack","Unknown","2018/19",1,2019-01-01,2019,1
2672,"Other","Unknown","Summer","No Leash","Harassment","Human","2023/24",1,2024-01-01,2024,1
2673,"Other","Unknown","Summer","No Leash","Harassment","Unknown","2022/23",1,2023-01-01,2023,1
2674,"Other","Unknown","Summer","Unknown","Attack","Animal","2018/19",1,2019-01-01,2019,1
2675,"Other","Unknown","Summer","Unknown","Attack","Animal","2020/21",2,2021-01-01,2021,1
2676,"Other","Unknown","Summer","Unknown","Attack","Unknown","2020/21",1,2021-01-01,2021,1
2677,"Other","Unknown","Summer","Unknown","Harassment","Unknown","2018/19",1,2019-01-01,2019,1
2678,"Other","Unknown","Summer","Unknown","Harassment","Unknown","2021/22",1,2022-01-01,2022,1
2679,"Other","Unknown","Winter","No Leash","Attack","Animal","2019/20",1,2019-07-01,2019,7
2681,"Other","Unknown","Winter","No Leash","Attack","Human","2018/19",1,2018-07-01,2018,7
2682,"Other","Unknown","Winter","No Leash","Attack","Unknown","2020/21",1,2020-07-01,2020,7
2683,"Other","Unknown","Winter","No Leash","Attack","Unknown","2023/24",1,2023-07-01,2023,7
2684,"Other","Unknown","Winter","Unknown","Attack","Animal","2018/19",1,2018-07-01,2018,7
2685,"Other","Unknown","Winter","Unknown","Attack","Animal","2021/22",1,2021-07-01,2021,7
2686,"Other","Unknown","Winter","Unknown","Attack","Animal","2022/23",1,2022-07-01,2022,7
2687,"Other","Unknown","Winter","Unknown","Attack","Unknown","2020/21",2,2020-07-01,2020,7
2688,"Other","Unknown","Winter","Unknown","Attack","Unknown","2021/22",1,2021-07-01,2021,7
2689,"Other","Unknown","Winter","Unknown","Attack","Unknown","2022/23",1,2022-07-01,2022,7
2690,"Other","Unknown","Winter","Unknown","Harassment","Animal","2018/19",1,2018-07-01,2018,7
2691,"Other","Unknown","Winter","Unknown","Harassment","Unknown","2020/21",1,2020-07-01,2020,7
2692,"Park","5 pm to 8 pm","Autumn","No Leash","Attack","Animal","2018/19",1,2019-04-01,2019,4
2693,"Park","5 pm to 8 pm","Autumn","No Leash","Attack","Animal","2019/20",2,2020-04-01,2020,4
2694,"Park","5 pm to 8 pm","Autumn","No Leash","Attack","Animal","2020/21",2,2021-04-01,2021,4
2695,"Park","5 pm to 8 pm","Autumn","No Leash","Attack","Animal","2021/22",2,2022-04-01,2022,4
2696,"Park","5 pm to 8 pm","Autumn","No Leash","Attack","Animal","2022/23",2,2023-04-01,2023,4
2697,"Park","5 pm to 8 pm","Autumn","No Leash","Attack","Animal","2023/24",1,2024-04-01,2024,4
2698,"Park","5 pm to 8 pm","Autumn","No Leash","Attack","Unknown","2018/19",1,2019-04-01,2019,4
2699,"Park","5 pm to 8 pm","Autumn","No Leash","Attack","Unknown","2022/23",1,2023-04-01,2023,4
2700,"Park","5 pm to 8 pm","Autumn","No Leash","Attack","Unknown","2023/24",1,2024-04-01,2024,4
2701,"Park","5 pm to 8 pm","Autumn","No Leash","Harassment","Animal","2019/20",1,2020-04-01,2020,4
2702,"Park","5 pm to 8 pm","Autumn","No Leash","Harassment","Animal","2021/22",1,2022-04-01,2022,4
2703,"Park","5 pm to 8 pm","Autumn","No Leash","Harassment","Human","2021/22",1,2022-04-01,2022,4
2704,"Park","5 pm to 8 pm","Autumn","No Leash","Harassment","Unknown","2019/20",1,2020-04-01,2020,4
2705,"Park","5 pm to 8 pm","Autumn","No Leash","Harassment","Unknown","2021/22",1,2022-04-01,2022,4
2706,"Park","5 pm to 8 pm","Autumn","No Leash","Harassment","Unknown","2023/24",1,2024-04-01,2024,4
2707,"Park","5 pm to 8 pm","Autumn","On a Leash","Attack","Animal","2021/22",1,2022-04-01,2022,4
2708,"Park","5 pm to 8 pm","Autumn","On a Leash","Attack","Human","2020/21",1,2021-04-01,2021,4
2709,"Park","5 pm to 8 pm","Autumn","On a Leash","Attack","Human","2022/23",1,2023-04-01,2023,4
2710,"Park","5 pm to 8 pm","Autumn","On a Leash","Harassment","Human","2022/23",1,2023-04-01,2023,4
2711,"Park","5 pm to 8 pm","Autumn","Unknown","Attack","Animal","2018/19",1,2019-04-01,2019,4
2712,"Park","5 pm to 8 pm","Autumn","Unknown","Attack","Animal","2020/21",2,2021-04-01,2021,4
2713,"Park","5 pm to 8 pm","Autumn","Unknown","Attack","Animal","2021/22",3,2022-04-01,2022,4
2714,"Park","5 pm to 8 pm","Autumn","Unknown","Attack","Animal","2022/23",1,2023-04-01,2023,4
2715,"Park","5 pm to 8 pm","Autumn","Unknown","Attack","Both","2019/20",1,2020-04-01,2020,4
2716,"Park","5 pm to 8 pm","Autumn","Unknown","Attack","Human","2021/22",1,2022-04-01,2022,4
2717,"Park","5 pm to 8 pm","Autumn","Unknown","Attack","Unknown","2018/19",1,2019-04-01,2019,4
2718,"Park","5 pm to 8 pm","Autumn","Unknown","Attack","Unknown","2021/22",1,2022-04-01,2022,4
2719,"Park","5 pm to 8 pm","Autumn","Unknown","Attack","Unknown","2022/23",1,2023-04-01,2023,4
2720,"Park","5 pm to 8 pm","Autumn","Unknown","Attack","Unknown","2023/24",1,2024-04-01,2024,4
2721,"Park","5 pm to 8 pm","Autumn","Unknown","Harassment","Animal","2020/21",1,2021-04-01,2021,4
2722,"Park","5 pm to 8 pm","Autumn","Unknown","Harassment","Animal","2023/24",1,2024-04-01,2024,4
2723,"Park","5 pm to 8 pm","Autumn","Unknown","Harassment","Human","2019/20",1,2020-04-01,2020,4
2724,"Park","5 pm to 8 pm","Autumn","Unknown","Harassment","Human","2021/22",1,2022-04-01,2022,4
2725,"Park","5 pm to 8 pm","Autumn","Unknown","Harassment","Human","2022/23",2,2023-04-01,2023,4
2726,"Park","5 pm to 8 pm","Autumn","Unknown","Harassment","Unknown","2020/21",1,2021-04-01,2021,4
2727,"Park","5 pm to 8 pm","Autumn","Unknown","Harassment","Unknown","2022/23",1,2023-04-01,2023,4
2728,"Park","5 pm to 8 pm","Autumn","Unknown","Harassment","Unknown","2023/24",1,2024-04-01,2024,4
2729,"Park","5 pm to 8 pm","Spring","No Leash","Attack","Animal","2018/19",2,2018-10-01,2018,10
2730,"Park","5 pm to 8 pm","Spring","No Leash","Attack","Animal","2019/20",3,2019-10-01,2019,10
2731,"Park","5 pm to 8 pm","Spring","No Leash","Attack","Animal","2020/21",1,2020-10-01,2020,10
2732,"Park","5 pm to 8 pm","Spring","No Leash","Attack","Animal","2021/22",4,2021-10-01,2021,10
2733,"Park","5 pm to 8 pm","Spring","No Leash","Attack","Human","2018/19",1,2018-10-01,2018,10
2734,"Park","5 pm to 8 pm","Spring","No Leash","Attack","Human","2020/21",1,2020-10-01,2020,10
2735,"Park","5 pm to 8 pm","Spring","No Leash","Attack","Human","2023/24",1,2023-10-01,2023,10
2736,"Park","5 pm to 8 pm","Spring","No Leash","Attack","Unknown","2019/20",1,2019-10-01,2019,10
2737,"Park","5 pm to 8 pm","Spring","No Leash","Attack","Unknown","2021/22",1,2021-10-01,2021,10
2738,"Park","5 pm to 8 pm","Spring","No Leash","Harassment","Animal","2019/20",2,2019-10-01,2019,10
2739,"Park","5 pm to 8 pm","Spring","No Leash","Harassment","Animal","2021/22",1,2021-10-01,2021,10
2740,"Park","5 pm to 8 pm","Spring","No Leash","Harassment","Animal","2023/24",1,2023-10-01,2023,10
2741,"Park","5 pm to 8 pm","Spring","No Leash","Harassment","Human","2018/19",1,2018-10-01,2018,10
2742,"Park","5 pm to 8 pm","Spring","No Leash","Harassment","Human","2019/20",1,2019-10-01,2019,10
2743,"Park","5 pm to 8 pm","Spring","No Leash","Harassment","Human","2020/21",1,2020-10-01,2020,10
2744,"Park","5 pm to 8 pm","Spring","No Leash","Harassment","Human","2021/22",3,2021-10-01,2021,10
2745,"Park","5 pm to 8 pm","Spring","No Leash","Harassment","Unknown","2018/19",1,2018-10-01,2018,10
2746,"Park","5 pm to 8 pm","Spring","No Leash","Harassment","Unknown","2021/22",1,2021-10-01,2021,10
2747,"Park","5 pm to 8 pm","Spring","On a Leash","Attack","Animal","2020/21",2,2020-10-01,2020,10
2748,"Park","5 pm to 8 pm","Spring","On a Leash","Attack","Unknown","2021/22",1,2021-10-01,2021,10
2749,"Park","5 pm to 8 pm","Spring","On a Leash","Attack","Unknown","2022/23",1,2022-10-01,2022,10
2750,"Park","5 pm to 8 pm","Spring","On a Leash","Harassment","Human","2019/20",1,2019-10-01,2019,10
2751,"Park","5 pm to 8 pm","Spring","On a Leash","Harassment","Unknown","2022/23",1,2022-10-01,2022,10
2752,"Park","5 pm to 8 pm","Spring","Unknown","Attack","Animal","2018/19",1,2018-10-01,2018,10
2753,"Park","5 pm to 8 pm","Spring","Unknown","Attack","Animal","2020/21",2,2020-10-01,2020,10
2754,"Park","5 pm to 8 pm","Spring","Unknown","Attack","Animal","2021/22",1,2021-10-01,2021,10
2755,"Park","5 pm to 8 pm","Spring","Unknown","Attack","Animal","2023/24",1,2023-10-01,2023,10
2756,"Park","5 pm to 8 pm","Spring","Unknown","Attack","Both","2018/19",1,2018-10-01,2018,10
2757,"Park","5 pm to 8 pm","Spring","Unknown","Attack","Human","2020/21",1,2020-10-01,2020,10
2758,"Park","5 pm to 8 pm","Spring","Unknown","Attack","Human","2023/24",1,2023-10-01,2023,10
2759,"Park","5 pm to 8 pm","Spring","Unknown","Attack","Unknown","2019/20",1,2019-10-01,2019,10
2760,"Park","5 pm to 8 pm","Spring","Unknown","Attack","Unknown","2021/22",1,2021-10-01,2021,10
2761,"Park","5 pm to 8 pm","Spring","Unknown","Attack","Unknown","2022/23",1,2022-10-01,2022,10
2762,"Park","5 pm to 8 pm","Spring","Unknown","Attack","Unknown","2023/24",2,2023-10-01,2023,10
2763,"Park","5 pm to 8 pm","Spring","Unknown","Harassment","Human","2019/20",2,2019-10-01,2019,10
2764,"Park","5 pm to 8 pm","Spring","Unknown","Harassment","Human","2020/21",1,2020-10-01,2020,10
2765,"Park","5 pm to 8 pm","Spring","Unknown","Harassment","Human","2021/22",1,2021-10-01,2021,10
2766,"Park","5 pm to 8 pm","Spring","Unknown","Harassment","Unknown","2020/21",1,2020-10-01,2020,10
2767,"Park","5 pm to 8 pm","Spring","Unknown","Harassment","Unknown","2023/24",2,2023-10-01,2023,10
2768,"Park","5 pm to 8 pm","Summer","No Leash","Attack","Animal","2018/19",4,2019-01-01,2019,1
2769,"Park","5 pm to 8 pm","Summer","No Leash","Attack","Animal","2019/20",3,2020-01-01,2020,1
2770,"Park","5 pm to 8 pm","Summer","No Leash","Attack","Animal","2022/23",4,2023-01-01,2023,1
2771,"Park","5 pm to 8 pm","Summer","No Leash","Attack","Both","2020/21",1,2021-01-01,2021,1
2772,"Park","5 pm to 8 pm","Summer","No Leash","Attack","Human","2020/21",2,2021-01-01,2021,1
2773,"Park","5 pm to 8 pm","Summer","No Leash","Attack","Human","2021/22",2,2022-01-01,2022,1
2775,"Park","5 pm to 8 pm","Summer","No Leash","Attack","Unknown","2018/19",1,2019-01-01,2019,1
2776,"Park","5 pm to 8 pm","Summer","No Leash","Attack","Unknown","2020/21",3,2021-01-01,2021,1
2777,"Park","5 pm to 8 pm","Summer","No Leash","Attack","Unknown","2021/22",1,2022-01-01,2022,1
2778,"Park","5 pm to 8 pm","Summer","No Leash","Harassment","Animal","2018/19",2,2019-01-01,2019,1
2779,"Park","5 pm to 8 pm","Summer","No Leash","Harassment","Human","2019/20",1,2020-01-01,2020,1
2780,"Park","5 pm to 8 pm","Summer","No Leash","Harassment","Human","2020/21",1,2021-01-01,2021,1
2781,"Park","5 pm to 8 pm","Summer","No Leash","Harassment","Unknown","2020/21",1,2021-01-01,2021,1
2782,"Park","5 pm to 8 pm","Summer","No Leash","Harassment","Unknown","2021/22",1,2022-01-01,2022,1
2783,"Park","5 pm to 8 pm","Summer","On a Leash","Attack","Animal","2020/21",1,2021-01-01,2021,1
2784,"Park","5 pm to 8 pm","Summer","On a Leash","Attack","Both","2022/23",1,2023-01-01,2023,1
2785,"Park","5 pm to 8 pm","Summer","On a Leash","Attack","Human","2018/19",1,2019-01-01,2019,1
2786,"Park","5 pm to 8 pm","Summer","On a Leash","Attack","Human","2019/20",1,2020-01-01,2020,1
2787,"Park","5 pm to 8 pm","Summer","On a Leash","Attack","Human","2022/23",1,2023-01-01,2023,1
2788,"Park","5 pm to 8 pm","Summer","On a Leash","Attack","Human","2023/24",1,2024-01-01,2024,1
2789,"Park","5 pm to 8 pm","Summer","On a Leash","Harassment","Human","2023/24",1,2024-01-01,2024,1
2790,"Park","5 pm to 8 pm","Summer","Unknown","Attack","Animal","2018/19",1,2019-01-01,2019,1
2791,"Park","5 pm to 8 pm","Summer","Unknown","Attack","Animal","2019/20",1,2020-01-01,2020,1
2792,"Park","5 pm to 8 pm","Summer","Unknown","Attack","Animal","2020/21",1,2021-01-01,2021,1
2793,"Park","5 pm to 8 pm","Summer","Unknown","Attack","Animal","2022/23",1,2023-01-01,2023,1
2794,"Park","5 pm to 8 pm","Summer","Unknown","Attack","Animal","2023/24",2,2024-01-01,2024,1
2795,"Park","5 pm to 8 pm","Summer","Unknown","Attack","Human","2019/20",1,2020-01-01,2020,1
2796,"Park","5 pm to 8 pm","Summer","Unknown","Attack","Human","2020/21",1,2021-01-01,2021,1
2797,"Park","5 pm to 8 pm","Summer","Unknown","Attack","Human","2021/22",1,2022-01-01,2022,1
2798,"Park","5 pm to 8 pm","Summer","Unknown","Attack","Unknown","2020/21",2,2021-01-01,2021,1
2799,"Park","5 pm to 8 pm","Summer","Unknown","Attack","Unknown","2022/23",2,2023-01-01,2023,1
2800,"Park","5 pm to 8 pm","Summer","Unknown","Harassment","Animal","2021/22",1,2022-01-01,2022,1
2801,"Park","5 pm to 8 pm","Summer","Unknown","Harassment","Human","2019/20",1,2020-01-01,2020,1
2802,"Park","5 pm to 8 pm","Summer","Unknown","Harassment","Human","2020/21",2,2021-01-01,2021,1
2803,"Park","5 pm to 8 pm","Summer","Unknown","Harassment","Human","2023/24",2,2024-01-01,2024,1
2804,"Park","5 pm to 8 pm","Summer","Unknown","Harassment","Unknown","2019/20",1,2020-01-01,2020,1
2805,"Park","5 pm to 8 pm","Winter","No Leash","Attack","Animal","2019/20",1,2019-07-01,2019,7
2806,"Park","5 pm to 8 pm","Winter","No Leash","Attack","Animal","2020/21",3,2020-07-01,2020,7
2807,"Park","5 pm to 8 pm","Winter","No Leash","Attack","Animal","2021/22",1,2021-07-01,2021,7
2808,"Park","5 pm to 8 pm","Winter","No Leash","Attack","Animal","2022/23",1,2022-07-01,2022,7
2809,"Park","5 pm to 8 pm","Winter","No Leash","Attack","Animal","2023/24",1,2023-07-01,2023,7
2811,"Park","5 pm to 8 pm","Winter","No Leash","Attack","Human","2018/19",1,2018-07-01,2018,7
2812,"Park","5 pm to 8 pm","Winter","No Leash","Attack","Human","2022/23",2,2022-07-01,2022,7
2813,"Park","5 pm to 8 pm","Winter","No Leash","Attack","Unknown","2018/19",1,2018-07-01,2018,7
2814,"Park","5 pm to 8 pm","Winter","No Leash","Attack","Unknown","2021/22",1,2021-07-01,2021,7
2815,"Park","5 pm to 8 pm","Winter","No Leash","Harassment","Animal","2019/20",1,2019-07-01,2019,7
2816,"Park","5 pm to 8 pm","Winter","No Leash","Harassment","Both","2020/21",1,2020-07-01,2020,7
2817,"Park","5 pm to 8 pm","Winter","No Leash","Harassment","Human","2020/21",1,2020-07-01,2020,7
2818,"Park","5 pm to 8 pm","Winter","No Leash","Harassment","Unknown","2022/23",1,2022-07-01,2022,7
2819,"Park","5 pm to 8 pm","Winter","On a Leash","Attack","Animal","2019/20",1,2019-07-01,2019,7
2820,"Park","5 pm to 8 pm","Winter","Unknown","Attack","Animal","2018/19",2,2018-07-01,2018,7
2821,"Park","5 pm to 8 pm","Winter","Unknown","Attack","Animal","2021/22",1,2021-07-01,2021,7
2822,"Park","5 pm to 8 pm","Winter","Unknown","Attack","Animal","2022/23",1,2022-07-01,2022,7
2824,"Park","5 pm to 8 pm","Winter","Unknown","Attack","Human","2022/23",1,2022-07-01,2022,7
2825,"Park","5 pm to 8 pm","Winter","Unknown","Attack","Human","2023/24",1,2023-07-01,2023,7
2826,"Park","5 pm to 8 pm","Winter","Unknown","Attack","Unknown","2018/19",1,2018-07-01,2018,7
2827,"Park","5 pm to 8 pm","Winter","Unknown","Attack","Unknown","2023/24",1,2023-07-01,2023,7
2829,"Park","5 pm to 8 pm","Winter","Unknown","Harassment","Animal","2019/20",1,2019-07-01,2019,7
2830,"Park","5 pm to 8 pm","Winter","Unknown","Harassment","Animal","2020/21",1,2020-07-01,2020,7
2831,"Park","5 pm to 8 pm","Winter","Unknown","Harassment","Human","2019/20",1,2019-07-01,2019,7
2832,"Park","5 pm to 8 pm","Winter","Unknown","Harassment","Human","2023/24",1,2023-07-01,2023,7
2833,"Park","5 pm to 8 pm","Winter","Unknown","Harassment","Unknown","2021/22",1,2021-07-01,2021,7
2834,"Park","6 am to 9 am","Autumn","No Leash","Attack","Animal","2018/19",1,2019-04-01,2019,4
2835,"Park","6 am to 9 am","Autumn","No Leash","Attack","Animal","2020/21",1,2021-04-01,2021,4
2836,"Park","6 am to 9 am","Autumn","No Leash","Attack","Animal","2021/22",1,2022-04-01,2022,4
2838,"Park","6 am to 9 am","Autumn","No Leash","Attack","Human","2018/19",1,2019-04-01,2019,4
2839,"Park","6 am to 9 am","Autumn","No Leash","Attack","Human","2019/20",1,2020-04-01,2020,4
2840,"Park","6 am to 9 am","Autumn","No Leash","Attack","Human","2023/24",1,2024-04-01,2024,4
2841,"Park","6 am to 9 am","Autumn","No Leash","Attack","Unknown","2020/21",1,2021-04-01,2021,4
2842,"Park","6 am to 9 am","Autumn","No Leash","Harassment","Human","2018/19",2,2019-04-01,2019,4
2843,"Park","6 am to 9 am","Autumn","No Leash","Harassment","Human","2021/22",1,2022-04-01,2022,4
2844,"Park","6 am to 9 am","Autumn","No Leash","Harassment","Human","2023/24",1,2024-04-01,2024,4
2845,"Park","6 am to 9 am","Autumn","No Leash","Harassment","Unknown","2018/19",1,2019-04-01,2019,4
2846,"Park","6 am to 9 am","Autumn","On a Leash","Attack","Human","2023/24",1,2024-04-01,2024,4
2847,"Park","6 am to 9 am","Autumn","Unknown","Attack","Animal","2021/22",2,2022-04-01,2022,4
2848,"Park","6 am to 9 am","Autumn","Unknown","Attack","Animal","2022/23",1,2023-04-01,2023,4
2850,"Park","6 am to 9 am","Autumn","Unknown","Attack","Unknown","2023/24",1,2024-04-01,2024,4
2851,"Park","6 am to 9 am","Autumn","Unknown","Harassment","Both","2018/19",1,2019-04-01,2019,4
2852,"Park","6 am to 9 am","Autumn","Unknown","Harassment","Human","2018/19",1,2019-04-01,2019,4
2853,"Park","6 am to 9 am","Autumn","Unknown","Harassment","Human","2019/20",1,2020-04-01,2020,4
2854,"Park","6 am to 9 am","Autumn","Unknown","Harassment","Unknown","2023/24",1,2024-04-01,2024,4
2855,"Park","6 am to 9 am","Spring","No Leash","Attack","Animal","2018/19",1,2018-10-01,2018,10
2856,"Park","6 am to 9 am","Spring","No Leash","Attack","Animal","2020/21",1,2020-10-01,2020,10
2857,"Park","6 am to 9 am","Spring","No Leash","Attack","Animal","2023/24",1,2023-10-01,2023,10
2858,"Park","6 am to 9 am","Spring","No Leash","Attack","Both","2019/20",1,2019-10-01,2019,10
2859,"Park","6 am to 9 am","Spring","No Leash","Attack","Both","2022/23",1,2022-10-01,2022,10
2860,"Park","6 am to 9 am","Spring","No Leash","Harassment","Human","2019/20",1,2019-10-01,2019,10
2861,"Park","6 am to 9 am","Spring","No Leash","Harassment","Human","2020/21",3,2020-10-01,2020,10
2862,"Park","6 am to 9 am","Spring","No Leash","Harassment","Human","2021/22",1,2021-10-01,2021,10
2863,"Park","6 am to 9 am","Spring","On a Leash","Attack","Animal","2023/24",1,2023-10-01,2023,10
2864,"Park","6 am to 9 am","Spring","On a Leash","Attack","Human","2020/21",3,2020-10-01,2020,10
2865,"Park","6 am to 9 am","Spring","On a Leash","Harassment","Animal","2023/24",1,2023-10-01,2023,10
2866,"Park","6 am to 9 am","Spring","Unknown","Attack","Human","2023/24",1,2023-10-01,2023,10
2867,"Park","6 am to 9 am","Spring","Unknown","Attack","Unknown","2019/20",1,2019-10-01,2019,10
2868,"Park","6 am to 9 am","Spring","Unknown","Harassment","Animal","2020/21",1,2020-10-01,2020,10
2869,"Park","6 am to 9 am","Spring","Unknown","Harassment","Human","2019/20",1,2019-10-01,2019,10
2870,"Park","6 am to 9 am","Summer","No Leash","Attack","Animal","2018/19",1,2019-01-01,2019,1
2871,"Park","6 am to 9 am","Summer","No Leash","Attack","Animal","2019/20",3,2020-01-01,2020,1
2872,"Park","6 am to 9 am","Summer","No Leash","Attack","Animal","2021/22",1,2022-01-01,2022,1
2873,"Park","6 am to 9 am","Summer","No Leash","Attack","Animal","2022/23",1,2023-01-01,2023,1
2874,"Park","6 am to 9 am","Summer","No Leash","Attack","Animal","2023/24",1,2024-01-01,2024,1
2875,"Park","6 am to 9 am","Summer","No Leash","Attack","Unknown","2018/19",1,2019-01-01,2019,1
2876,"Park","6 am to 9 am","Summer","No Leash","Attack","Unknown","2022/23",1,2023-01-01,2023,1
2877,"Park","6 am to 9 am","Summer","No Leash","Attack","Unknown","2023/24",1,2024-01-01,2024,1
2878,"Park","6 am to 9 am","Summer","No Leash","Harassment","Animal","2023/24",1,2024-01-01,2024,1
2879,"Park","6 am to 9 am","Summer","No Leash","Harassment","Both","2019/20",1,2020-01-01,2020,1
2880,"Park","6 am to 9 am","Summer","No Leash","Harassment","Human","2021/22",1,2022-01-01,2022,1
2881,"Park","6 am to 9 am","Summer","No Leash","Harassment","Unknown","2019/20",1,2020-01-01,2020,1
2882,"Park","6 am to 9 am","Summer","On a Leash","Attack","Human","2018/19",1,2019-01-01,2019,1
2883,"Park","6 am to 9 am","Summer","On a Leash","Attack","Human","2019/20",1,2020-01-01,2020,1
2884,"Park","6 am to 9 am","Summer","On a Leash","Harassment","Animal","2021/22",1,2022-01-01,2022,1
2885,"Park","6 am to 9 am","Summer","Unknown","Attack","Animal","2018/19",1,2019-01-01,2019,1
2886,"Park","6 am to 9 am","Summer","Unknown","Attack","Animal","2022/23",2,2023-01-01,2023,1
2887,"Park","6 am to 9 am","Summer","Unknown","Attack","Human","2021/22",1,2022-01-01,2022,1
2888,"Park","6 am to 9 am","Summer","Unknown","Attack","Human","2023/24",1,2024-01-01,2024,1
2889,"Park","6 am to 9 am","Summer","Unknown","Attack","Unknown","2019/20",1,2020-01-01,2020,1
2890,"Park","6 am to 9 am","Summer","Unknown","Harassment","Animal","2023/24",1,2024-01-01,2024,1
2891,"Park","6 am to 9 am","Summer","Unknown","Harassment","Human","2020/21",1,2021-01-01,2021,1
2892,"Park","6 am to 9 am","Summer","Unknown","Harassment","Human","2021/22",1,2022-01-01,2022,1
2893,"Park","6 am to 9 am","Summer","Unknown","Harassment","Human","2023/24",1,2024-01-01,2024,1
2894,"Park","6 am to 9 am","Summer","Unknown","Harassment","Unknown","2021/22",1,2022-01-01,2022,1
2895,"Park","6 am to 9 am","Summer","Unknown","Harassment","Unknown","2022/23",1,2023-01-01,2023,1
2896,"Park","6 am to 9 am","Winter","No Leash","Attack","Animal","2019/20",1,2019-07-01,2019,7
2897,"Park","6 am to 9 am","Winter","No Leash","Attack","Animal","2020/21",1,2020-07-01,2020,7
2898,"Park","6 am to 9 am","Winter","No Leash","Attack","Animal","2023/24",1,2023-07-01,2023,7
2900,"Park","6 am to 9 am","Winter","No Leash","Harassment","Human","2022/23",2,2022-07-01,2022,7
2901,"Park","6 am to 9 am","Winter","No Leash","Harassment","Human","2023/24",2,2023-07-01,2023,7
2902,"Park","6 am to 9 am","Winter","On a Leash","Attack","Animal","2020/21",1,2020-07-01,2020,7
2903,"Park","6 am to 9 am","Winter","On a Leash","Attack","Animal","2022/23",1,2022-07-01,2022,7
2904,"Park","6 am to 9 am","Winter","Unknown","Attack","Animal","2018/19",2,2018-07-01,2018,7
2905,"Park","6 am to 9 am","Winter","Unknown","Attack","Animal","2019/20",2,2019-07-01,2019,7
2906,"Park","6 am to 9 am","Winter","Unknown","Attack","Animal","2021/22",1,2021-07-01,2021,7
2907,"Park","6 am to 9 am","Winter","Unknown","Attack","Animal","2023/24",1,2023-07-01,2023,7
2908,"Park","6 am to 9 am","Winter","Unknown","Attack","Human","2018/19",1,2018-07-01,2018,7
2909,"Park","6 am to 9 am","Winter","Unknown","Attack","Unknown","2022/23",1,2022-07-01,2022,7
2910,"Park","6 am to 9 am","Winter","Unknown","Harassment","Animal","2019/20",1,2019-07-01,2019,7
2911,"Park","6 am to 9 am","Winter","Unknown","Harassment","Human","2018/19",1,2018-07-01,2018,7
2912,"Park","6 am to 9 am","Winter","Unknown","Harassment","Human","2020/21",1,2020-07-01,2020,7
2913,"Park","6 am to 9 am","Winter","Unknown","Harassment","Unknown","2023/24",1,2023-07-01,2023,7
2914,"Park","8 pm to 10 pm","Autumn","No Leash","Attack","Unknown","2019/20",1,2020-04-01,2020,4
2915,"Park","8 pm to 10 pm","Autumn","No Leash","Attack","Unknown","2021/22",1,2022-04-01,2022,4
2916,"Park","8 pm to 10 pm","Spring","No Leash","Attack","Animal","2021/22",1,2021-10-01,2021,10
2917,"Park","8 pm to 10 pm","Spring","No Leash","Attack","Human","2022/23",1,2022-10-01,2022,10
2918,"Park","8 pm to 10 pm","Spring","On a Leash","Attack","Animal","2023/24",1,2023-10-01,2023,10
2919,"Park","8 pm to 10 pm","Spring","Unknown","Attack","Unknown","2020/21",1,2020-10-01,2020,10
2920,"Park","8 pm to 10 pm","Summer","No Leash","Harassment","Both","2019/20",1,2020-01-01,2020,1
2921,"Park","8 pm to 10 pm","Summer","On a Leash","Attack","Unknown","2019/20",1,2020-01-01,2020,1
2922,"Park","8 pm to 10 pm","Summer","On a Leash","Harassment","Animal","2020/21",1,2021-01-01,2021,1
2923,"Park","8 pm to 10 pm","Summer","Unknown","Attack","Animal","2019/20",1,2020-01-01,2020,1
2924,"Park","8 pm to 10 pm","Summer","Unknown","Attack","Animal","2020/21",1,2021-01-01,2021,1
2925,"Park","8 pm to 10 pm","Summer","Unknown","Attack","Both","2020/21",1,2021-01-01,2021,1
2926,"Park","8 pm to 10 pm","Summer","Unknown","Attack","Human","2018/19",1,2019-01-01,2019,1
2927,"Park","8 pm to 10 pm","Summer","Unknown","Attack","Unknown","2021/22",1,2022-01-01,2022,1
2928,"Park","8 pm to 10 pm","Summer","Unknown","Harassment","Human","2019/20",1,2020-01-01,2020,1
2929,"Park","8 pm to 10 pm","Winter","Unknown","Harassment","Unknown","2020/21",1,2020-07-01,2020,7
2930,"Park","9 am to Noon","Autumn","No Leash","Attack","Animal","2018/19",1,2019-04-01,2019,4
2931,"Park","9 am to Noon","Autumn","No Leash","Attack","Animal","2021/22",2,2022-04-01,2022,4
2932,"Park","9 am to Noon","Autumn","No Leash","Attack","Animal","2023/24",1,2024-04-01,2024,4
2934,"Park","9 am to Noon","Autumn","No Leash","Attack","Human","2018/19",1,2019-04-01,2019,4
2935,"Park","9 am to Noon","Autumn","No Leash","Attack","Human","2022/23",1,2023-04-01,2023,4
2936,"Park","9 am to Noon","Autumn","No Leash","Attack","Human","2023/24",1,2024-04-01,2024,4
2937,"Park","9 am to Noon","Autumn","No Leash","Attack","Unknown","2019/20",1,2020-04-01,2020,4
2938,"Park","9 am to Noon","Autumn","No Leash","Attack","Unknown","2020/21",1,2021-04-01,2021,4
2939,"Park","9 am to Noon","Autumn","No Leash","Attack","Unknown","2022/23",1,2023-04-01,2023,4
2941,"Park","9 am to Noon","Autumn","No Leash","Harassment","Animal","2019/20",1,2020-04-01,2020,4
2942,"Park","9 am to Noon","Autumn","No Leash","Harassment","Animal","2020/21",2,2021-04-01,2021,4
2943,"Park","9 am to Noon","Autumn","No Leash","Harassment","Animal","2021/22",1,2022-04-01,2022,4
2945,"Park","9 am to Noon","Autumn","No Leash","Harassment","Human","2019/20",1,2020-04-01,2020,4
2946,"Park","9 am to Noon","Autumn","No Leash","Harassment","Unknown","2021/22",1,2022-04-01,2022,4
2947,"Park","9 am to Noon","Autumn","On a Leash","Attack","Animal","2018/19",1,2019-04-01,2019,4
2948,"Park","9 am to Noon","Autumn","On a Leash","Attack","Animal","2020/21",1,2021-04-01,2021,4
2951,"Park","9 am to Noon","Autumn","On a Leash","Attack","Unknown","2020/21",1,2021-04-01,2021,4
2952,"Park","9 am to Noon","Autumn","On a Leash","Harassment","Unknown","2022/23",1,2023-04-01,2023,4
2953,"Park","9 am to Noon","Autumn","Unknown","Attack","Animal","2019/20",1,2020-04-01,2020,4
2954,"Park","9 am to Noon","Autumn","Unknown","Attack","Animal","2020/21",1,2021-04-01,2021,4
2955,"Park","9 am to Noon","Autumn","Unknown","Attack","Animal","2021/22",1,2022-04-01,2022,4
2956,"Park","9 am to Noon","Autumn","Unknown","Attack","Both","2018/19",1,2019-04-01,2019,4
2957,"Park","9 am to Noon","Autumn","Unknown","Attack","Human","2020/21",2,2021-04-01,2021,4
2958,"Park","9 am to Noon","Autumn","Unknown","Attack","Human","2022/23",1,2023-04-01,2023,4
2959,"Park","9 am to Noon","Autumn","Unknown","Attack","Human","2023/24",1,2024-04-01,2024,4
2960,"Park","9 am to Noon","Autumn","Unknown","Harassment","Animal","2018/19",1,2019-04-01,2019,4
2961,"Park","9 am to Noon","Autumn","Unknown","Harassment","Animal","2020/21",1,2021-04-01,2021,4
2962,"Park","9 am to Noon","Autumn","Unknown","Harassment","Animal","2023/24",2,2024-04-01,2024,4
2963,"Park","9 am to Noon","Autumn","Unknown","Harassment","Human","2019/20",1,2020-04-01,2020,4
2964,"Park","9 am to Noon","Autumn","Unknown","Harassment","Human","2020/21",1,2021-04-01,2021,4
2965,"Park","9 am to Noon","Autumn","Unknown","Harassment","Unknown","2022/23",1,2023-04-01,2023,4
2966,"Park","9 am to Noon","Autumn","Unknown","Harassment","Unknown","2023/24",1,2024-04-01,2024,4
2967,"Park","9 am to Noon","Spring","No Leash","Attack","Animal","2018/19",2,2018-10-01,2018,10
2968,"Park","9 am to Noon","Spring","No Leash","Attack","Animal","2019/20",2,2019-10-01,2019,10
2969,"Park","9 am to Noon","Spring","No Leash","Attack","Animal","2023/24",1,2023-10-01,2023,10
2970,"Park","9 am to Noon","Spring","No Leash","Attack","Both","2019/20",1,2019-10-01,2019,10
2971,"Park","9 am to Noon","Spring","No Leash","Attack","Both","2023/24",1,2023-10-01,2023,10
2972,"Park","9 am to Noon","Spring","No Leash","Attack","Human","2019/20",2,2019-10-01,2019,10
2973,"Park","9 am to Noon","Spring","No Leash","Attack","Human","2021/22",1,2021-10-01,2021,10
2974,"Park","9 am to Noon","Spring","No Leash","Attack","Human","2023/24",1,2023-10-01,2023,10
2975,"Park","9 am to Noon","Spring","No Leash","Attack","Unknown","2020/21",3,2020-10-01,2020,10
2976,"Park","9 am to Noon","Spring","No Leash","Attack","Unknown","2021/22",1,2021-10-01,2021,10
2977,"Park","9 am to Noon","Spring","No Leash","Harassment","Animal","2021/22",1,2021-10-01,2021,10
2978,"Park","9 am to Noon","Spring","No Leash","Harassment","Animal","2022/23",1,2022-10-01,2022,10
2979,"Park","9 am to Noon","Spring","No Leash","Harassment","Human","2018/19",1,2018-10-01,2018,10
2980,"Park","9 am to Noon","Spring","No Leash","Harassment","Human","2020/21",1,2020-10-01,2020,10
2981,"Park","9 am to Noon","Spring","No Leash","Harassment","Human","2023/24",1,2023-10-01,2023,10
2982,"Park","9 am to Noon","Spring","No Leash","Harassment","Unknown","2019/20",1,2019-10-01,2019,10
2983,"Park","9 am to Noon","Spring","No Leash","Harassment","Unknown","2021/22",1,2021-10-01,2021,10
2984,"Park","9 am to Noon","Spring","No Leash","Harassment","Unknown","2022/23",1,2022-10-01,2022,10
2985,"Park","9 am to Noon","Spring","On a Leash","Attack","Animal","2021/22",2,2021-10-01,2021,10
2986,"Park","9 am to Noon","Spring","On a Leash","Attack","Both","2019/20",1,2019-10-01,2019,10
2987,"Park","9 am to Noon","Spring","On a Leash","Harassment","Animal","2021/22",1,2021-10-01,2021,10
2988,"Park","9 am to Noon","Spring","Unknown","Attack","Animal","2019/20",1,2019-10-01,2019,10
2989,"Park","9 am to Noon","Spring","Unknown","Attack","Animal","2020/21",1,2020-10-01,2020,10
2990,"Park","9 am to Noon","Spring","Unknown","Attack","Animal","2022/23",1,2022-10-01,2022,10
2991,"Park","9 am to Noon","Spring","Unknown","Attack","Human","2018/19",1,2018-10-01,2018,10
2992,"Park","9 am to Noon","Spring","Unknown","Attack","Human","2019/20",1,2019-10-01,2019,10
2993,"Park","9 am to Noon","Spring","Unknown","Attack","Human","2020/21",1,2020-10-01,2020,10
2994,"Park","9 am to Noon","Spring","Unknown","Attack","Human","2021/22",1,2021-10-01,2021,10
2995,"Park","9 am to Noon","Spring","Unknown","Attack","Human","2022/23",2,2022-10-01,2022,10
2996,"Park","9 am to Noon","Spring","Unknown","Attack","Unknown","2020/21",2,2020-10-01,2020,10
2997,"Park","9 am to Noon","Spring","Unknown","Attack","Unknown","2022/23",1,2022-10-01,2022,10
2998,"Park","9 am to Noon","Spring","Unknown","Harassment","Animal","2019/20",1,2019-10-01,2019,10
2999,"Park","9 am to Noon","Spring","Unknown","Harassment","Animal","2022/23",2,2022-10-01,2022,10
3000,"Park","9 am to Noon","Spring","Unknown","Harassment","Animal","2023/24",1,2023-10-01,2023,10
3001,"Park","9 am to Noon","Spring","Unknown","Harassment","Human","2019/20",2,2019-10-01,2019,10
3002,"Park","9 am to Noon","Spring","Unknown","Harassment","Human","2021/22",1,2021-10-01,2021,10
3003,"Park","9 am to Noon","Spring","Unknown","Harassment","Unknown","2021/22",1,2021-10-01,2021,10
3004,"Park","9 am to Noon","Spring","Unknown","Harassment","Unknown","2023/24",3,2023-10-01,2023,10
3005,"Park","9 am to Noon","Summer","No Leash","Attack","Animal","2018/19",1,2019-01-01,2019,1
3006,"Park","9 am to Noon","Summer","No Leash","Attack","Animal","2020/21",1,2021-01-01,2021,1
3007,"Park","9 am to Noon","Summer","No Leash","Attack","Animal","2021/22",1,2022-01-01,2022,1
3008,"Park","9 am to Noon","Summer","No Leash","Attack","Animal","2023/24",1,2024-01-01,2024,1
3009,"Park","9 am to Noon","Summer","No Leash","Attack","Human","2020/21",1,2021-01-01,2021,1
3010,"Park","9 am to Noon","Summer","No Leash","Attack","Human","2022/23",1,2023-01-01,2023,1
3011,"Park","9 am to Noon","Summer","No Leash","Attack","Human","2023/24",1,2024-01-01,2024,1
3012,"Park","9 am to Noon","Summer","No Leash","Attack","Unknown","2018/19",1,2019-01-01,2019,1
3013,"Park","9 am to Noon","Summer","No Leash","Attack","Unknown","2020/21",1,2021-01-01,2021,1
3014,"Park","9 am to Noon","Summer","No Leash","Attack","Unknown","2022/23",1,2023-01-01,2023,1
3015,"Park","9 am to Noon","Summer","No Leash","Attack","Unknown","2023/24",1,2024-01-01,2024,1
3016,"Park","9 am to Noon","Summer","No Leash","Harassment","Animal","2020/21",1,2021-01-01,2021,1
3017,"Park","9 am to Noon","Summer","No Leash","Harassment","Animal","2022/23",1,2023-01-01,2023,1
3018,"Park","9 am to Noon","Summer","No Leash","Harassment","Animal","2023/24",1,2024-01-01,2024,1
3019,"Park","9 am to Noon","Summer","No Leash","Harassment","Human","2019/20",1,2020-01-01,2020,1
3020,"Park","9 am to Noon","Summer","No Leash","Harassment","Human","2020/21",1,2021-01-01,2021,1
3021,"Park","9 am to Noon","Summer","No Leash","Harassment","Unknown","2020/21",2,2021-01-01,2021,1
3022,"Park","9 am to Noon","Summer","On a Leash","Attack","Animal","2020/21",1,2021-01-01,2021,1
3023,"Park","9 am to Noon","Summer","On a Leash","Attack","Animal","2022/23",1,2023-01-01,2023,1
3024,"Park","9 am to Noon","Summer","On a Leash","Attack","Human","2019/20",2,2020-01-01,2020,1
3025,"Park","9 am to Noon","Summer","On a Leash","Attack","Human","2022/23",1,2023-01-01,2023,1
3026,"Park","9 am to Noon","Summer","On a Leash","Attack","Unknown","2021/22",1,2022-01-01,2022,1
3027,"Park","9 am to Noon","Summer","Unknown","Attack","Animal","2022/23",1,2023-01-01,2023,1
3028,"Park","9 am to Noon","Summer","Unknown","Attack","Human","2019/20",1,2020-01-01,2020,1
3029,"Park","9 am to Noon","Summer","Unknown","Attack","Human","2020/21",1,2021-01-01,2021,1
3030,"Park","9 am to Noon","Summer","Unknown","Attack","Human","2021/22",2,2022-01-01,2022,1
3031,"Park","9 am to Noon","Summer","Unknown","Attack","Unknown","2021/22",1,2022-01-01,2022,1
3032,"Park","9 am to Noon","Summer","Unknown","Attack","Unknown","2022/23",1,2023-01-01,2023,1
3033,"Park","9 am to Noon","Summer","Unknown","Harassment","Animal","2018/19",1,2019-01-01,2019,1
3034,"Park","9 am to Noon","Summer","Unknown","Harassment","Human","2020/21",1,2021-01-01,2021,1
3035,"Park","9 am to Noon","Summer","Unknown","Harassment","Human","2021/22",1,2022-01-01,2022,1
3036,"Park","9 am to Noon","Summer","Unknown","Harassment","Human","2022/23",1,2023-01-01,2023,1
3037,"Park","9 am to Noon","Summer","Unknown","Harassment","Unknown","2022/23",2,2023-01-01,2023,1
3038,"Park","9 am to Noon","Winter","No Leash","Attack","Animal","2018/19",2,2018-07-01,2018,7
3039,"Park","9 am to Noon","Winter","No Leash","Attack","Animal","2019/20",2,2019-07-01,2019,7
3040,"Park","9 am to Noon","Winter","No Leash","Attack","Animal","2021/22",2,2021-07-01,2021,7
3041,"Park","9 am to Noon","Winter","No Leash","Attack","Animal","2023/24",1,2023-07-01,2023,7
3042,"Park","9 am to Noon","Winter","No Leash","Attack","Human","2019/20",1,2019-07-01,2019,7
3043,"Park","9 am to Noon","Winter","No Leash","Attack","Human","2022/23",1,2022-07-01,2022,7
3044,"Park","9 am to Noon","Winter","No Leash","Attack","Unknown","2020/21",1,2020-07-01,2020,7
3045,"Park","9 am to Noon","Winter","No Leash","Attack","Unknown","2022/23",1,2022-07-01,2022,7
3046,"Park","9 am to Noon","Winter","No Leash","Harassment","Animal","2018/19",1,2018-07-01,2018,7
3047,"Park","9 am to Noon","Winter","No Leash","Harassment","Animal","2019/20",2,2019-07-01,2019,7
3048,"Park","9 am to Noon","Winter","No Leash","Harassment","Animal","2020/21",1,2020-07-01,2020,7
3049,"Park","9 am to Noon","Winter","No Leash","Harassment","Human","2018/19",2,2018-07-01,2018,7
3050,"Park","9 am to Noon","Winter","No Leash","Harassment","Human","2019/20",1,2019-07-01,2019,7
3051,"Park","9 am to Noon","Winter","No Leash","Harassment","Human","2020/21",1,2020-07-01,2020,7
3052,"Park","9 am to Noon","Winter","No Leash","Harassment","Human","2021/22",1,2021-07-01,2021,7
3053,"Park","9 am to Noon","Winter","No Leash","Harassment","Human","2022/23",1,2022-07-01,2022,7
3054,"Park","9 am to Noon","Winter","No Leash","Harassment","Unknown","2019/20",1,2019-07-01,2019,7
3055,"Park","9 am to Noon","Winter","No Leash","Harassment","Unknown","2020/21",1,2020-07-01,2020,7
3056,"Park","9 am to Noon","Winter","No Leash","Harassment","Unknown","2021/22",1,2021-07-01,2021,7
3057,"Park","9 am to Noon","Winter","No Leash","Harassment","Unknown","2023/24",1,2023-07-01,2023,7
3058,"Park","9 am to Noon","Winter","On a Leash","Attack","Animal","2018/19",2,2018-07-01,2018,7
3059,"Park","9 am to Noon","Winter","On a Leash","Attack","Animal","2019/20",1,2019-07-01,2019,7
3060,"Park","9 am to Noon","Winter","On a Leash","Attack","Animal","2023/24",1,2023-07-01,2023,7
3061,"Park","9 am to Noon","Winter","On a Leash","Attack","Human","2022/23",1,2022-07-01,2022,7
3062,"Park","9 am to Noon","Winter","On a Leash","Harassment","Animal","2020/21",1,2020-07-01,2020,7
3063,"Park","9 am to Noon","Winter","Unknown","Attack","Animal","2018/19",2,2018-07-01,2018,7
3064,"Park","9 am to Noon","Winter","Unknown","Attack","Animal","2019/20",1,2019-07-01,2019,7
3065,"Park","9 am to Noon","Winter","Unknown","Attack","Animal","2021/22",2,2021-07-01,2021,7
3066,"Park","9 am to Noon","Winter","Unknown","Attack","Animal","2022/23",2,2022-07-01,2022,7
3067,"Park","9 am to Noon","Winter","Unknown","Attack","Animal","2023/24",1,2023-07-01,2023,7
3068,"Park","9 am to Noon","Winter","Unknown","Attack","Both","2019/20",2,2019-07-01,2019,7
3069,"Park","9 am to Noon","Winter","Unknown","Attack","Human","2020/21",1,2020-07-01,2020,7
3070,"Park","9 am to Noon","Winter","Unknown","Attack","Human","2021/22",1,2021-07-01,2021,7
3071,"Park","9 am to Noon","Winter","Unknown","Attack","Unknown","2018/19",1,2018-07-01,2018,7
3072,"Park","9 am to Noon","Winter","Unknown","Attack","Unknown","2019/20",1,2019-07-01,2019,7
3073,"Park","9 am to Noon","Winter","Unknown","Attack","Unknown","2020/21",1,2020-07-01,2020,7
3074,"Park","9 am to Noon","Winter","Unknown","Harassment","Animal","2020/21",1,2020-07-01,2020,7
3075,"Park","9 am to Noon","Winter","Unknown","Harassment","Human","2018/19",2,2018-07-01,2018,7
3076,"Park","9 am to Noon","Winter","Unknown","Harassment","Human","2019/20",2,2019-07-01,2019,7
3077,"Park","9 am to Noon","Winter","Unknown","Harassment","Unknown","2019/20",1,2019-07-01,2019,7
3078,"Park","9 am to Noon","Winter","Unknown","Harassment","Unknown","2020/21",3,2020-07-01,2020,7
3079,"Park","9 am to Noon","Winter","Unknown","Harassment","Unknown","2021/22",1,2021-07-01,2021,7
3080,"Park","Noon to 5 pm","Autumn","No Leash","Attack","Animal","2018/19",3,2019-04-01,2019,4
3081,"Park","Noon to 5 pm","Autumn","No Leash","Attack","Animal","2019/20",3,2020-04-01,2020,4
3082,"Park","Noon to 5 pm","Autumn","No Leash","Attack","Animal","2020/21",2,2021-04-01,2021,4
3083,"Park","Noon to 5 pm","Autumn","No Leash","Attack","Animal","2021/22",1,2022-04-01,2022,4
3084,"Park","Noon to 5 pm","Autumn","No Leash","Attack","Animal","2022/23",1,2023-04-01,2023,4
3085,"Park","Noon to 5 pm","Autumn","No Leash","Attack","Animal","2023/24",1,2024-04-01,2024,4
3086,"Park","Noon to 5 pm","Autumn","No Leash","Attack","Both","2018/19",1,2019-04-01,2019,4
3087,"Park","Noon to 5 pm","Autumn","No Leash","Attack","Both","2019/20",1,2020-04-01,2020,4
3088,"Park","Noon to 5 pm","Autumn","No Leash","Attack","Both","2020/21",1,2021-04-01,2021,4
3089,"Park","Noon to 5 pm","Autumn","No Leash","Attack","Human","2019/20",1,2020-04-01,2020,4
3090,"Park","Noon to 5 pm","Autumn","No Leash","Attack","Human","2023/24",1,2024-04-01,2024,4
3091,"Park","Noon to 5 pm","Autumn","No Leash","Attack","Unknown","2019/20",1,2020-04-01,2020,4
3092,"Park","Noon to 5 pm","Autumn","No Leash","Attack","Unknown","2020/21",2,2021-04-01,2021,4
3093,"Park","Noon to 5 pm","Autumn","No Leash","Attack","Unknown","2022/23",3,2023-04-01,2023,4
3094,"Park","Noon to 5 pm","Autumn","No Leash","Harassment","Animal","2019/20",1,2020-04-01,2020,4
3095,"Park","Noon to 5 pm","Autumn","No Leash","Harassment","Animal","2020/21",2,2021-04-01,2021,4
3096,"Park","Noon to 5 pm","Autumn","No Leash","Harassment","Both","2021/22",1,2022-04-01,2022,4
3097,"Park","Noon to 5 pm","Autumn","No Leash","Harassment","Human","2021/22",1,2022-04-01,2022,4
3098,"Park","Noon to 5 pm","Autumn","No Leash","Harassment","Human","2022/23",5,2023-04-01,2023,4
3100,"Park","Noon to 5 pm","Autumn","On a Leash","Attack","Animal","2021/22",1,2022-04-01,2022,4
3101,"Park","Noon to 5 pm","Autumn","On a Leash","Attack","Animal","2022/23",1,2023-04-01,2023,4
3102,"Park","Noon to 5 pm","Autumn","On a Leash","Attack","Human","2019/20",2,2020-04-01,2020,4
3103,"Park","Noon to 5 pm","Autumn","On a Leash","Attack","Human","2021/22",1,2022-04-01,2022,4
3104,"Park","Noon to 5 pm","Autumn","On a Leash","Attack","Human","2022/23",1,2023-04-01,2023,4
3105,"Park","Noon to 5 pm","Autumn","On a Leash","Attack","Human","2023/24",1,2024-04-01,2024,4
3106,"Park","Noon to 5 pm","Autumn","Unknown","Attack","Animal","2018/19",3,2019-04-01,2019,4
3107,"Park","Noon to 5 pm","Autumn","Unknown","Attack","Animal","2019/20",2,2020-04-01,2020,4
3108,"Park","Noon to 5 pm","Autumn","Unknown","Attack","Animal","2020/21",1,2021-04-01,2021,4
3109,"Park","Noon to 5 pm","Autumn","Unknown","Attack","Animal","2021/22",1,2022-04-01,2022,4
3110,"Park","Noon to 5 pm","Autumn","Unknown","Attack","Animal","2023/24",1,2024-04-01,2024,4
3112,"Park","Noon to 5 pm","Autumn","Unknown","Attack","Human","2018/19",1,2019-04-01,2019,4
3113,"Park","Noon to 5 pm","Autumn","Unknown","Attack","Human","2020/21",2,2021-04-01,2021,4
3114,"Park","Noon to 5 pm","Autumn","Unknown","Attack","Human","2022/23",1,2023-04-01,2023,4
3115,"Park","Noon to 5 pm","Autumn","Unknown","Attack","Unknown","2018/19",1,2019-04-01,2019,4
3116,"Park","Noon to 5 pm","Autumn","Unknown","Attack","Unknown","2019/20",1,2020-04-01,2020,4
3117,"Park","Noon to 5 pm","Autumn","Unknown","Harassment","Animal","2019/20",1,2020-04-01,2020,4
3118,"Park","Noon to 5 pm","Autumn","Unknown","Harassment","Animal","2020/21",1,2021-04-01,2021,4
3119,"Park","Noon to 5 pm","Autumn","Unknown","Harassment","Human","2019/20",1,2020-04-01,2020,4
3120,"Park","Noon to 5 pm","Autumn","Unknown","Harassment","Human","2020/21",3,2021-04-01,2021,4
3121,"Park","Noon to 5 pm","Autumn","Unknown","Harassment","Human","2021/22",1,2022-04-01,2022,4
3122,"Park","Noon to 5 pm","Autumn","Unknown","Harassment","Human","2022/23",3,2023-04-01,2023,4
3123,"Park","Noon to 5 pm","Autumn","Unknown","Harassment","Unknown","2019/20",1,2020-04-01,2020,4
3124,"Park","Noon to 5 pm","Spring","No Leash","Attack","Animal","2020/21",1,2020-10-01,2020,10
3125,"Park","Noon to 5 pm","Spring","No Leash","Attack","Animal","2021/22",2,2021-10-01,2021,10
3126,"Park","Noon to 5 pm","Spring","No Leash","Attack","Animal","2023/24",1,2023-10-01,2023,10
3128,"Park","Noon to 5 pm","Spring","No Leash","Attack","Human","2018/19",1,2018-10-01,2018,10
3129,"Park","Noon to 5 pm","Spring","No Leash","Attack","Human","2021/22",2,2021-10-01,2021,10
3130,"Park","Noon to 5 pm","Spring","No Leash","Attack","Human","2023/24",1,2023-10-01,2023,10
3131,"Park","Noon to 5 pm","Spring","No Leash","Attack","Unknown","2020/21",1,2020-10-01,2020,10
3132,"Park","Noon to 5 pm","Spring","No Leash","Attack","Unknown","2021/22",1,2021-10-01,2021,10
3133,"Park","Noon to 5 pm","Spring","No Leash","Attack","Unknown","2023/24",1,2023-10-01,2023,10
3134,"Park","Noon to 5 pm","Spring","No Leash","Harassment","Animal","2020/21",1,2020-10-01,2020,10
3135,"Park","Noon to 5 pm","Spring","No Leash","Harassment","Animal","2021/22",1,2021-10-01,2021,10
3136,"Park","Noon to 5 pm","Spring","No Leash","Harassment","Animal","2022/23",1,2022-10-01,2022,10
3137,"Park","Noon to 5 pm","Spring","No Leash","Harassment","Human","2018/19",1,2018-10-01,2018,10
3138,"Park","Noon to 5 pm","Spring","No Leash","Harassment","Human","2022/23",1,2022-10-01,2022,10
3139,"Park","Noon to 5 pm","Spring","No Leash","Harassment","Unknown","2022/23",1,2022-10-01,2022,10
3140,"Park","Noon to 5 pm","Spring","No Leash","Harassment","Unknown","2023/24",1,2023-10-01,2023,10
3141,"Park","Noon to 5 pm","Spring","On a Leash","Attack","Human","2018/19",1,2018-10-01,2018,10
3142,"Park","Noon to 5 pm","Spring","On a Leash","Attack","Human","2019/20",1,2019-10-01,2019,10
3143,"Park","Noon to 5 pm","Spring","On a Leash","Attack","Unknown","2019/20",1,2019-10-01,2019,10
3144,"Park","Noon to 5 pm","Spring","On a Leash","Harassment","Animal","2021/22",1,2021-10-01,2021,10
3145,"Park","Noon to 5 pm","Spring","On a Leash","Harassment","Human","2022/23",1,2022-10-01,2022,10
3146,"Park","Noon to 5 pm","Spring","On a Leash","Harassment","Human","2023/24",2,2023-10-01,2023,10
3147,"Park","Noon to 5 pm","Spring","Unknown","Attack","Animal","2018/19",2,2018-10-01,2018,10
3148,"Park","Noon to 5 pm","Spring","Unknown","Attack","Animal","2019/20",2,2019-10-01,2019,10
3149,"Park","Noon to 5 pm","Spring","Unknown","Attack","Animal","2020/21",2,2020-10-01,2020,10
3150,"Park","Noon to 5 pm","Spring","Unknown","Attack","Animal","2021/22",1,2021-10-01,2021,10
3151,"Park","Noon to 5 pm","Spring","Unknown","Attack","Animal","2022/23",2,2022-10-01,2022,10
3152,"Park","Noon to 5 pm","Spring","Unknown","Attack","Animal","2023/24",1,2023-10-01,2023,10
3153,"Park","Noon to 5 pm","Spring","Unknown","Attack","Human","2020/21",1,2020-10-01,2020,10
3154,"Park","Noon to 5 pm","Spring","Unknown","Attack","Unknown","2019/20",1,2019-10-01,2019,10
3155,"Park","Noon to 5 pm","Spring","Unknown","Attack","Unknown","2020/21",1,2020-10-01,2020,10
3156,"Park","Noon to 5 pm","Spring","Unknown","Attack","Unknown","2022/23",1,2022-10-01,2022,10
3157,"Park","Noon to 5 pm","Spring","Unknown","Attack","Unknown","2023/24",1,2023-10-01,2023,10
3158,"Park","Noon to 5 pm","Spring","Unknown","Harassment","Animal","2020/21",1,2020-10-01,2020,10
3159,"Park","Noon to 5 pm","Spring","Unknown","Harassment","Animal","2021/22",1,2021-10-01,2021,10
3160,"Park","Noon to 5 pm","Spring","Unknown","Harassment","Animal","2023/24",1,2023-10-01,2023,10
3161,"Park","Noon to 5 pm","Spring","Unknown","Harassment","Human","2020/21",2,2020-10-01,2020,10
3162,"Park","Noon to 5 pm","Spring","Unknown","Harassment","Unknown","2018/19",1,2018-10-01,2018,10
3163,"Park","Noon to 5 pm","Spring","Unknown","Harassment","Unknown","2019/20",1,2019-10-01,2019,10
3164,"Park","Noon to 5 pm","Spring","Unknown","Harassment","Unknown","2021/22",1,2021-10-01,2021,10
3165,"Park","Noon to 5 pm","Spring","Unknown","Harassment","Unknown","2023/24",1,2023-10-01,2023,10
3166,"Park","Noon to 5 pm","Summer","No Leash","Attack","Animal","2018/19",2,2019-01-01,2019,1
3167,"Park","Noon to 5 pm","Summer","No Leash","Attack","Animal","2019/20",1,2020-01-01,2020,1
3168,"Park","Noon to 5 pm","Summer","No Leash","Attack","Animal","2020/21",2,2021-01-01,2021,1
3169,"Park","Noon to 5 pm","Summer","No Leash","Attack","Animal","2021/22",1,2022-01-01,2022,1
3170,"Park","Noon to 5 pm","Summer","No Leash","Attack","Animal","2023/24",1,2024-01-01,2024,1
3172,"Park","Noon to 5 pm","Summer","On a Leash","Attack","Human","2021/22",1,2022-01-01,2022,1
3173,"Park","Noon to 5 pm","Summer","On a Leash","Attack","Human","2023/24",1,2024-01-01,2024,1
3174,"Park","Noon to 5 pm","Summer","On a Leash","Attack","Unknown","2023/24",1,2024-01-01,2024,1
3175,"Park","Noon to 5 pm","Summer","On a Leash","Harassment","Animal","2020/21",1,2021-01-01,2021,1
3176,"Park","Noon to 5 pm","Summer","Unknown","Attack","Animal","2020/21",1,2021-01-01,2021,1
3177,"Park","Noon to 5 pm","Summer","Unknown","Attack","Animal","2022/23",2,2023-01-01,2023,1
3178,"Park","Noon to 5 pm","Summer","Unknown","Attack","Animal","2023/24",2,2024-01-01,2024,1
3179,"Park","Noon to 5 pm","Summer","Unknown","Attack","Unknown","2020/21",1,2021-01-01,2021,1
3180,"Park","Noon to 5 pm","Summer","Unknown","Attack","Unknown","2021/22",1,2022-01-01,2022,1
3181,"Park","Noon to 5 pm","Summer","Unknown","Harassment","Animal","2021/22",1,2022-01-01,2022,1
3182,"Park","Noon to 5 pm","Summer","Unknown","Harassment","Human","2020/21",1,2021-01-01,2021,1
3183,"Park","Noon to 5 pm","Summer","Unknown","Harassment","Human","2023/24",1,2024-01-01,2024,1
3184,"Park","Noon to 5 pm","Summer","Unknown","Harassment","Unknown","2018/19",1,2019-01-01,2019,1
3185,"Park","Noon to 5 pm","Summer","Unknown","Harassment","Unknown","2020/21",1,2021-01-01,2021,1
3186,"Park","Noon to 5 pm","Summer","Unknown","Harassment","Unknown","2021/22",1,2022-01-01,2022,1
3187,"Park","Noon to 5 pm","Winter","No Leash","Attack","Animal","2018/19",8,2018-07-01,2018,7
3188,"Park","Noon to 5 pm","Winter","No Leash","Attack","Animal","2019/20",3,2019-07-01,2019,7
3189,"Park","Noon to 5 pm","Winter","No Leash","Attack","Animal","2020/21",2,2020-07-01,2020,7
3190,"Park","Noon to 5 pm","Winter","No Leash","Attack","Animal","2021/22",2,2021-07-01,2021,7
3191,"Park","Noon to 5 pm","Winter","No Leash","Attack","Animal","2022/23",1,2022-07-01,2022,7
3192,"Park","Noon to 5 pm","Winter","No Leash","Attack","Animal","2023/24",3,2023-07-01,2023,7
3194,"Park","Noon to 5 pm","Winter","No Leash","Attack","Both","2018/19",1,2018-07-01,2018,7
3195,"Park","Noon to 5 pm","Winter","No Leash","Attack","Both","2019/20",1,2019-07-01,2019,7
3196,"Park","Noon to 5 pm","Winter","No Leash","Attack","Human","2018/19",1,2018-07-01,2018,7
3197,"Park","Noon to 5 pm","Winter","No Leash","Attack","Human","2019/20",2,2019-07-01,2019,7
3198,"Park","Noon to 5 pm","Winter","No Leash","Attack","Human","2020/21",2,2020-07-01,2020,7
3199,"Park","Noon to 5 pm","Winter","No Leash","Attack","Human","2021/22",2,2021-07-01,2021,7
3200,"Park","Noon to 5 pm","Winter","No Leash","Attack","Human","2022/23",1,2022-07-01,2022,7
3201,"Park","Noon to 5 pm","Winter","No Leash","Attack","Human","2023/24",1,2023-07-01,2023,7
3202,"Park","Noon to 5 pm","Winter","No Leash","Attack","Unknown","2018/19",1,2018-07-01,2018,7
3203,"Park","Noon to 5 pm","Winter","No Leash","Attack","Unknown","2019/20",1,2019-07-01,2019,7
3204,"Park","Noon to 5 pm","Winter","No Leash","Attack","Unknown","2023/24",2,2023-07-01,2023,7
3205,"Park","Noon to 5 pm","Winter","No Leash","Harassment","Animal","2018/19",2,2018-07-01,2018,7
3206,"Park","Noon to 5 pm","Winter","No Leash","Harassment","Animal","2020/21",4,2020-07-01,2020,7
3207,"Park","Noon to 5 pm","Winter","No Leash","Harassment","Animal","2021/22",1,2021-07-01,2021,7
3208,"Park","Noon to 5 pm","Winter","No Leash","Harassment","Animal","2022/23",3,2022-07-01,2022,7
3209,"Park","Noon to 5 pm","Winter","No Leash","Harassment","Animal","2023/24",1,2023-07-01,2023,7
3210,"Park","Noon to 5 pm","Winter","No Leash","Harassment","Human","2018/19",1,2018-07-01,2018,7
3211,"Park","Noon to 5 pm","Winter","No Leash","Harassment","Human","2020/21",3,2020-07-01,2020,7
3212,"Park","Noon to 5 pm","Winter","No Leash","Harassment","Unknown","2018/19",1,2018-07-01,2018,7
3213,"Park","Noon to 5 pm","Winter","No Leash","Harassment","Unknown","2020/21",2,2020-07-01,2020,7
3214,"Park","Noon to 5 pm","Winter","No Leash","Harassment","Unknown","2023/24",1,2023-07-01,2023,7
3215,"Park","Noon to 5 pm","Winter","On a Leash","Attack","Animal","2021/22",1,2021-07-01,2021,7
3216,"Park","Noon to 5 pm","Winter","On a Leash","Attack","Animal","2023/24",1,2023-07-01,2023,7
3217,"Park","Noon to 5 pm","Winter","On a Leash","Attack","Both","2018/19",1,2018-07-01,2018,7
3218,"Park","Noon to 5 pm","Winter","On a Leash","Attack","Human","2019/20",1,2019-07-01,2019,7
3219,"Park","Noon to 5 pm","Winter","On a Leash","Attack","Human","2021/22",1,2021-07-01,2021,7
3220,"Park","Noon to 5 pm","Winter","On a Leash","Attack","Human","2022/23",1,2022-07-01,2022,7
3221,"Park","Noon to 5 pm","Winter","On a Leash","Harassment","Unknown","2022/23",1,2022-07-01,2022,7
3222,"Park","Noon to 5 pm","Winter","Unknown","Attack","Animal","2018/19",2,2018-07-01,2018,7
3223,"Park","Noon to 5 pm","Winter","Unknown","Attack","Animal","2019/20",2,2019-07-01,2019,7
3224,"Park","Noon to 5 pm","Winter","Unknown","Attack","Animal","2020/21",1,2020-07-01,2020,7
3225,"Park","Noon to 5 pm","Winter","Unknown","Attack","Animal","2021/22",3,2021-07-01,2021,7
3226,"Park","Noon to 5 pm","Winter","Unknown","Attack","Animal","2023/24",1,2023-07-01,2023,7
3228,"Park","Noon to 5 pm","Winter","Unknown","Attack","Human","2018/19",3,2018-07-01,2018,7
3229,"Park","Noon to 5 pm","Winter","Unknown","Attack","Human","2019/20",2,2019-07-01,2019,7
3230,"Park","Noon to 5 pm","Winter","Unknown","Attack","Human","2022/23",1,2022-07-01,2022,7
3231,"Park","Noon to 5 pm","Winter","Unknown","Attack","Human","2023/24",1,2023-07-01,2023,7
3232,"Park","Noon to 5 pm","Winter","Unknown","Attack","Unknown","2018/19",2,2018-07-01,2018,7
3233,"Park","Noon to 5 pm","Winter","Unknown","Attack","Unknown","2019/20",1,2019-07-01,2019,7
3234,"Park","Noon to 5 pm","Winter","Unknown","Attack","Unknown","2021/22",1,2021-07-01,2021,7
3235,"Park","Noon to 5 pm","Winter","Unknown","Attack","Unknown","2022/23",2,2022-07-01,2022,7
3236,"Park","Noon to 5 pm","Winter","Unknown","Attack","Unknown","2023/24",3,2023-07-01,2023,7
3237,"Park","Noon to 5 pm","Winter","Unknown","Harassment","Animal","2019/20",1,2019-07-01,2019,7
3238,"Park","Noon to 5 pm","Winter","Unknown","Harassment","Animal","2020/21",1,2020-07-01,2020,7
3239,"Park","Noon to 5 pm","Winter","Unknown","Harassment","Animal","2021/22",1,2021-07-01,2021,7
3240,"Park","Noon to 5 pm","Winter","Unknown","Harassment","Animal","2022/23",1,2022-07-01,2022,7
3241,"Park","Noon to 5 pm","Winter","Unknown","Harassment","Human","2019/20",1,2019-07-01,2019,7
3242,"Park","Noon to 5 pm","Winter","Unknown","Harassment","Human","2020/21",1,2020-07-01,2020,7
3243,"Park","Noon to 5 pm","Winter","Unknown","Harassment","Human","2021/22",3,2021-07-01,2021,7
3244,"Park","Noon to 5 pm","Winter","Unknown","Harassment","Unknown","2018/19",1,2018-07-01,2018,7
3245,"Park","Noon to 5 pm","Winter","Unknown","Harassment","Unknown","2019/20",1,2019-07-01,2019,7
3246,"Park","Noon to 5 pm","Winter","Unknown","Harassment","Unknown","2022/23",1,2022-07-01,2022,7
3247,"Park","Unknown","Autumn","No Leash","Attack","Animal","2019/20",1,2020-04-01,2020,4
3248,"Park","Unknown","Autumn","No Leash","Attack","Animal","2020/21",1,2021-04-01,2021,4
3249,"Park","Unknown","Autumn","No Leash","Attack","Unknown","2021/22",1,2022-04-01,2022,4
3250,"Park","Unknown","Autumn","No Leash","Harassment","Animal","2020/21",2,2021-04-01,2021,4
3251,"Park","Unknown","Autumn","On a Leash","Attack","Human","2020/21",1,2021-04-01,2021,4
3252,"Park","Unknown","Autumn","On a Leash","Harassment","Animal","2018/19",1,2019-04-01,2019,4
3253,"Park","Unknown","Autumn","Unknown","Attack","Animal","2019/20",2,2020-04-01,2020,4
3254,"Park","Unknown","Autumn","Unknown","Attack","Animal","2020/21",1,2021-04-01,2021,4
3255,"Park","Unknown","Autumn","Unknown","Attack","Animal","2021/22",1,2022-04-01,2022,4
3256,"Park","Unknown","Autumn","Unknown","Attack","Animal","2022/23",1,2023-04-01,2023,4
3257,"Park","Unknown","Autumn","Unknown","Harassment","Human","2019/20",1,2020-04-01,2020,4
3258,"Park","Unknown","Autumn","Unknown","Harassment","Human","2020/21",2,2021-04-01,2021,4
3259,"Park","Unknown","Autumn","Unknown","Harassment","Human","2022/23",1,2023-04-01,2023,4
3260,"Park","Unknown","Autumn","Unknown","Harassment","Human","2023/24",1,2024-04-01,2024,4
3261,"Park","Unknown","Autumn","Unknown","Harassment","Unknown","2018/19",1,2019-04-01,2019,4
3262,"Park","Unknown","Autumn","Unknown","Harassment","Unknown","2021/22",1,2022-04-01,2022,4
3264,"Park","Unknown","Spring","No Leash","Attack","Animal","2018/19",3,2018-10-01,2018,10
3265,"Park","Unknown","Spring","No Leash","Attack","Animal","2019/20",2,2019-10-01,2019,10
3266,"Park","Unknown","Spring","No Leash","Attack","Animal","2020/21",2,2020-10-01,2020,10
3267,"Park","Unknown","Spring","No Leash","Attack","Animal","2022/23",1,2022-10-01,2022,10
3269,"Park","Unknown","Spring","No Leash","Attack","Human","2023/24",1,2023-10-01,2023,10
3270,"Park","Unknown","Spring","No Leash","Attack","Unknown","2021/22",1,2021-10-01,2021,10
3271,"Park","Unknown","Spring","No Leash","Harassment","Human","2018/19",1,2018-10-01,2018,10
3272,"Park","Unknown","Spring","Unknown","Attack","Animal","2018/19",1,2018-10-01,2018,10
3273,"Park","Unknown","Spring","Unknown","Attack","Animal","2020/21",1,2020-10-01,2020,10
3274,"Park","Unknown","Spring","Unknown","Attack","Animal","2022/23",1,2022-10-01,2022,10
3275,"Park","Unknown","Spring","Unknown","Attack","Human","2023/24",1,2023-10-01,2023,10
3276,"Park","Unknown","Spring","Unknown","Harassment","Animal","2019/20",1,2019-10-01,2019,10
3277,"Park","Unknown","Spring","Unknown","Harassment","Human","2018/19",1,2018-10-01,2018,10
3278,"Park","Unknown","Spring","Unknown","Harassment","Human","2021/22",1,2021-10-01,2021,10
3279,"Park","Unknown","Spring","Unknown","Harassment","Human","2023/24",1,2023-10-01,2023,10
3280,"Park","Unknown","Spring","Unknown","Harassment","Unknown","2020/21",1,2020-10-01,2020,10
3281,"Park","Unknown","Spring","Unknown","Harassment","Unknown","2021/22",1,2021-10-01,2021,10
3282,"Park","Unknown","Summer","No Leash","Attack","Animal","2018/19",3,2019-01-01,2019,1
3283,"Park","Unknown","Summer","No Leash","Attack","Animal","2019/20",1,2020-01-01,2020,1
3284,"Park","Unknown","Summer","No Leash","Attack","Animal","2021/22",1,2022-01-01,2022,1
3285,"Park","Unknown","Summer","No Leash","Attack","Animal","2023/24",1,2024-01-01,2024,1
3286,"Park","Unknown","Summer","No Leash","Attack","Human","2018/19",1,2019-01-01,2019,1
3287,"Park","Unknown","Summer","No Leash","Attack","Human","2021/22",1,2022-01-01,2022,1
3288,"Park","Unknown","Summer","No Leash","Attack","Unknown","2019/20",1,2020-01-01,2020,1
3289,"Park","Unknown","Summer","No Leash","Harassment","Animal","2019/20",1,2020-01-01,2020,1
3290,"Park","Unknown","Summer","Unknown","Attack","Animal","2018/19",1,2019-01-01,2019,1
3291,"Park","Unknown","Summer","Unknown","Attack","Animal","2019/20",1,2020-01-01,2020,1
3292,"Park","Unknown","Summer","Unknown","Attack","Animal","2020/21",1,2021-01-01,2021,1
3293,"Park","Unknown","Summer","Unknown","Attack","Animal","2022/23",1,2023-01-01,2023,1
3294,"Park","Unknown","Summer","Unknown","Attack","Both","2023/24",1,2024-01-01,2024,1
3295,"Park","Unknown","Summer","Unknown","Attack","Human","2019/20",1,2020-01-01,2020,1
3296,"Park","Unknown","Summer","Unknown","Attack","Human","2021/22",1,2022-01-01,2022,1
3297,"Park","Unknown","Summer","Unknown","Attack","Unknown","2023/24",1,2024-01-01,2024,1
3298,"Park","Unknown","Summer","Unknown","Harassment","Both","2022/23",1,2023-01-01,2023,1
3299,"Park","Unknown","Summer","Unknown","Harassment","Human","2019/20",1,2020-01-01,2020,1
3300,"Park","Unknown","Summer","Unknown","Harassment","Human","2021/22",1,2022-01-01,2022,1
3301,"Park","Unknown","Summer","Unknown","Harassment","Unknown","2018/19",1,2019-01-01,2019,1
3302,"Park","Unknown","Summer","Unknown","Harassment","Unknown","2021/22",1,2022-01-01,2022,1
3303,"Park","Unknown","Winter","No Leash","Attack","Animal","2018/19",1,2018-07-01,2018,7
3304,"Park","Unknown","Winter","No Leash","Attack","Animal","2023/24",1,2023-07-01,2023,7
3306,"Park","Unknown","Winter","No Leash","Attack","Both","2019/20",1,2019-07-01,2019,7
3307,"Park","Unknown","Winter","No Leash","Attack","Human","2022/23",1,2022-07-01,2022,7
3308,"Park","Unknown","Winter","No Leash","Attack","Unknown","2020/21",1,2020-07-01,2020,7
3309,"Park","Unknown","Winter","No Leash","Harassment","Animal","2021/22",1,2021-07-01,2021,7
3311,"Park","Unknown","Winter","Unknown","Attack","Animal","2018/19",2,2018-07-01,2018,7
3312,"Park","Unknown","Winter","Unknown","Attack","Animal","2019/20",1,2019-07-01,2019,7
3313,"Park","Unknown","Winter","Unknown","Attack","Unknown","2022/23",1,2022-07-01,2022,7
3314,"Park","Unknown","Winter","Unknown","Harassment","Animal","2018/19",1,2018-07-01,2018,7
3315,"Park","Unknown","Winter","Unknown","Harassment","Human","2018/19",1,2018-07-01,2018,7
3316,"Park","Unknown","Winter","Unknown","Harassment","Unknown","2020/21",1,2020-07-01,2020,7
3317,"Place of business","5 pm to 8 pm","Autumn","On a Leash","Attack","Human","2021/22",1,2022-04-01,2022,4
3318,"Place of business","5 pm to 8 pm","Spring","No Leash","Attack","Animal","2021/22",1,2021-10-01,2021,10
3319,"Place of business","5 pm to 8 pm","Spring","On a Leash","Attack","Unknown","2022/23",1,2022-10-01,2022,10
3320,"Place of business","5 pm to 8 pm","Spring","Unknown","Attack","Human","2022/23",1,2022-10-01,2022,10
3321,"Place of business","5 pm to 8 pm","Spring","Unknown","Harassment","Human","2019/20",1,2019-10-01,2019,10
3322,"Place of business","5 pm to 8 pm","Summer","Unknown","Attack","Unknown","2022/23",1,2023-01-01,2023,1
3323,"Place of business","6 am to 9 am","Autumn","No Leash","Attack","Unknown","2019/20",1,2020-04-01,2020,4
3325,"Place of business","6 am to 9 am","Spring","No Leash","Attack","Human","2019/20",1,2019-10-01,2019,10
3326,"Place of business","6 am to 9 am","Spring","Unknown","Attack","Animal","2020/21",1,2020-10-01,2020,10
3327,"Place of business","6 am to 9 am","Summer","No Leash","Attack","Unknown","2019/20",1,2020-01-01,2020,1
3328,"Place of business","6 am to 9 am","Summer","No Leash","Harassment","Human","2023/24",1,2024-01-01,2024,1
3329,"Place of business","6 am to 9 am","Winter","No Leash","Attack","Animal","2023/24",1,2023-07-01,2023,7
3330,"Place of business","6 am to 9 am","Winter","On a Leash","Attack","Unknown","2021/22",1,2021-07-01,2021,7
3331,"Place of business","6 am to 9 am","Winter","Unknown","Attack","Human","2020/21",1,2020-07-01,2020,7
3332,"Place of business","8 pm to 10 pm","Winter","Unknown","Harassment","Human","2023/24",1,2023-07-01,2023,7
3333,"Place of business","9 am to Noon","Autumn","No Leash","Attack","Unknown","2022/23",1,2023-04-01,2023,4
3334,"Place of business","9 am to Noon","Autumn","Unknown","Attack","Animal","2020/21",1,2021-04-01,2021,4
3335,"Place of business","9 am to Noon","Autumn","Unknown","Attack","Unknown","2022/23",1,2023-04-01,2023,4
3336,"Place of business","9 am to Noon","Autumn","Unknown","Attack","Unknown","2023/24",2,2024-04-01,2024,4
3337,"Place of business","9 am to Noon","Spring","No Leash","Attack","Animal","2021/22",1,2021-10-01,2021,10
3338,"Place of business","9 am to Noon","Spring","No Leash","Attack","Human","2021/22",1,2021-10-01,2021,10
3339,"Place of business","9 am to Noon","Spring","On a Leash","Attack","Human","2022/23",1,2022-10-01,2022,10
3340,"Place of business","9 am to Noon","Spring","On a Leash","Harassment","Unknown","2022/23",1,2022-10-01,2022,10
3341,"Place of business","9 am to Noon","Summer","No Leash","Harassment","Unknown","2022/23",1,2023-01-01,2023,1
3342,"Place of business","9 am to Noon","Summer","On a Leash","Attack","Unknown","2023/24",1,2024-01-01,2024,1
3343,"Place of business","9 am to Noon","Summer","Unknown","Harassment","Animal","2021/22",1,2022-01-01,2022,1
3344,"Place of business","9 am to Noon","Winter","No Leash","Attack","Human","2020/21",1,2020-07-01,2020,7
3345,"Place of business","9 am to Noon","Winter","No Leash","Attack","Human","2023/24",1,2023-07-01,2023,7
3346,"Place of business","9 am to Noon","Winter","No Leash","Attack","Unknown","2019/20",1,2019-07-01,2019,7
3347,"Place of business","9 am to Noon","Winter","No Leash","Attack","Unknown","2020/21",1,2020-07-01,2020,7
3348,"Place of business","9 am to Noon","Winter","On a Leash","Attack","Animal","2019/20",1,2019-07-01,2019,7
3349,"Place of business","9 am to Noon","Winter","On a Leash","Attack","Human","2023/24",1,2023-07-01,2023,7
3350,"Place of business","9 am to Noon","Winter","On a Leash","Harassment","Animal","2023/24",1,2023-07-01,2023,7
3351,"Place of business","9 am to Noon","Winter","Unknown","Attack","Human","2019/20",1,2019-07-01,2019,7
3352,"Place of business","9 am to Noon","Winter","Unknown","Attack","Unknown","2020/21",1,2020-07-01,2020,7
3353,"Place of business","Noon to 5 pm","Autumn","No Leash","Attack","Animal","2019/20",1,2020-04-01,2020,4
3354,"Place of business","Noon to 5 pm","Autumn","No Leash","Harassment","Unknown","2021/22",1,2022-04-01,2022,4
3355,"Place of business","Noon to 5 pm","Autumn","On a Leash","Attack","Human","2019/20",1,2020-04-01,2020,4
3356,"Place of business","Noon to 5 pm","Autumn","On a Leash","Attack","Human","2020/21",1,2021-04-01,2021,4
3357,"Place of business","Noon to 5 pm","Autumn","Unknown","Attack","Human","2021/22",1,2022-04-01,2022,4
3358,"Place of business","Noon to 5 pm","Autumn","Unknown","Attack","Unknown","2022/23",1,2023-04-01,2023,4
3359,"Place of business","Noon to 5 pm","Spring","No Leash","Attack","Unknown","2022/23",1,2022-10-01,2022,10
3360,"Place of business","Noon to 5 pm","Spring","Unknown","Attack","Human","2021/22",1,2021-10-01,2021,10
3361,"Place of business","Noon to 5 pm","Summer","No Leash","Attack","Both","2021/22",1,2022-01-01,2022,1
3362,"Place of business","Noon to 5 pm","Summer","No Leash","Attack","Human","2023/24",1,2024-01-01,2024,1
3363,"Place of business","Noon to 5 pm","Summer","On a Leash","Attack","Human","2020/21",1,2021-01-01,2021,1
3364,"Place of business","Noon to 5 pm","Summer","Unknown","Attack","Human","2018/19",1,2019-01-01,2019,1
3365,"Place of business","Noon to 5 pm","Summer","Unknown","Attack","Human","2020/21",1,2021-01-01,2021,1
3367,"Place of business","Noon to 5 pm","Summer","Unknown","Harassment","Unknown","2022/23",1,2023-01-01,2023,1
3368,"Place of business","Noon to 5 pm","Winter","No Leash","Attack","Animal","2020/21",1,2020-07-01,2020,7
3369,"Place of business","Noon to 5 pm","Winter","No Leash","Attack","Unknown","2019/20",1,2019-07-01,2019,7
3370,"Place of business","Noon to 5 pm","Winter","No Leash","Harassment","Human","2021/22",1,2021-07-01,2021,7
3371,"Place of business","Noon to 5 pm","Winter","On a Leash","Attack","Human","2018/19",1,2018-07-01,2018,7
3372,"Place of business","Noon to 5 pm","Winter","On a Leash","Attack","Human","2020/21",1,2020-07-01,2020,7
3373,"Place of business","Noon to 5 pm","Winter","Unknown","Attack","Animal","2021/22",1,2021-07-01,2021,7
3374,"Place of business","Noon to 5 pm","Winter","Unknown","Attack","Human","2018/19",1,2018-07-01,2018,7
3375,"Place of business","Unknown","Autumn","Unknown","Attack","Human","2018/19",1,2019-04-01,2019,4
3376,"Place of business","Unknown","Autumn","Unknown","Attack","Human","2019/20",1,2020-04-01,2020,4
3377,"Place of business","Unknown","Spring","Unknown","Harassment","Unknown","2018/19",1,2018-10-01,2018,10
3378,"Place of business","Unknown","Spring","Unknown","Harassment","Unknown","2022/23",1,2022-10-01,2022,10
3379,"Place of business","Unknown","Summer","Unknown","Harassment","Unknown","2022/23",1,2023-01-01,2023,1
3380,"Place of business","Unknown","Winter","No Leash","Attack","Animal","2018/19",1,2018-07-01,2018,7
3382,"Place of business","Unknown","Winter","No Leash","Attack","Human","2021/22",1,2021-07-01,2021,7
3383,"Place of business","Unknown","Winter","Unknown","Attack","Unknown","2018/19",1,2018-07-01,2018,7
3384,"Residential property","5 pm to 8 pm","Autumn","No Leash","Attack","Animal","2018/19",3,2019-04-01,2019,4
3385,"Residential property","5 pm to 8 pm","Autumn","No Leash","Attack","Animal","2022/23",2,2023-04-01,2023,4
3386,"Residential property","5 pm to 8 pm","Autumn","No Leash","Attack","Animal","2023/24",1,2024-04-01,2024,4
3387,"Residential property","5 pm to 8 pm","Autumn","No Leash","Attack","Human","2019/20",1,2020-04-01,2020,4
3388,"Residential property","5 pm to 8 pm","Autumn","No Leash","Attack","Human","2020/21",1,2021-04-01,2021,4
3389,"Residential property","5 pm to 8 pm","Autumn","No Leash","Attack","Human","2021/22",1,2022-04-01,2022,4
3390,"Residential property","5 pm to 8 pm","Autumn","No Leash","Attack","Human","2023/24",1,2024-04-01,2024,4
3392,"Residential property","5 pm to 8 pm","Autumn","No Leash","Attack","Unknown","2020/21",2,2021-04-01,2021,4
3393,"Residential property","5 pm to 8 pm","Autumn","No Leash","Attack","Unknown","2021/22",1,2022-04-01,2022,4
3394,"Residential property","5 pm to 8 pm","Autumn","No Leash","Harassment","Animal","2021/22",1,2022-04-01,2022,4
3395,"Residential property","5 pm to 8 pm","Autumn","No Leash","Harassment","Animal","2022/23",1,2023-04-01,2023,4
3396,"Residential property","5 pm to 8 pm","Autumn","No Leash","Harassment","Animal","2023/24",1,2024-04-01,2024,4
3398,"Residential property","5 pm to 8 pm","Autumn","No Leash","Harassment","Human","2018/19",1,2019-04-01,2019,4
3399,"Residential property","5 pm to 8 pm","Autumn","No Leash","Harassment","Human","2022/23",1,2023-04-01,2023,4
3400,"Residential property","5 pm to 8 pm","Autumn","On a Leash","Attack","Animal","2022/23",1,2023-04-01,2023,4
3401,"Residential property","5 pm to 8 pm","Autumn","On a Leash","Attack","Unknown","2018/19",2,2019-04-01,2019,4
3402,"Residential property","5 pm to 8 pm","Autumn","Unknown","Attack","Unknown","2021/22",1,2022-04-01,2022,4
3403,"Residential property","5 pm to 8 pm","Autumn","Unknown","Harassment","Unknown","2021/22",1,2022-04-01,2022,4
3404,"Residential property","5 pm to 8 pm","Spring","No Leash","Attack","Animal","2018/19",1,2018-10-01,2018,10
3405,"Residential property","5 pm to 8 pm","Spring","No Leash","Attack","Animal","2019/20",3,2019-10-01,2019,10
3406,"Residential property","5 pm to 8 pm","Spring","No Leash","Attack","Animal","2020/21",2,2020-10-01,2020,10
3407,"Residential property","5 pm to 8 pm","Spring","No Leash","Attack","Animal","2021/22",4,2021-10-01,2021,10
3408,"Residential property","5 pm to 8 pm","Spring","No Leash","Attack","Animal","2022/23",1,2022-10-01,2022,10
3409,"Residential property","5 pm to 8 pm","Spring","No Leash","Attack","Both","2022/23",1,2022-10-01,2022,10
3410,"Residential property","5 pm to 8 pm","Spring","No Leash","Attack","Human","2018/19",1,2018-10-01,2018,10
3411,"Residential property","5 pm to 8 pm","Spring","No Leash","Attack","Human","2019/20",3,2019-10-01,2019,10
3412,"Residential property","5 pm to 8 pm","Spring","No Leash","Attack","Human","2021/22",2,2021-10-01,2021,10
3413,"Residential property","5 pm to 8 pm","Spring","No Leash","Attack","Human","2023/24",1,2023-10-01,2023,10
3414,"Residential property","5 pm to 8 pm","Spring","No Leash","Attack","Unknown","2018/19",1,2018-10-01,2018,10
3415,"Residential property","5 pm to 8 pm","Spring","No Leash","Attack","Unknown","2020/21",1,2020-10-01,2020,10
3416,"Residential property","5 pm to 8 pm","Spring","No Leash","Attack","Unknown","2021/22",1,2021-10-01,2021,10
3417,"Residential property","5 pm to 8 pm","Spring","No Leash","Attack","Unknown","2022/23",1,2022-10-01,2022,10
3418,"Residential property","5 pm to 8 pm","Spring","No Leash","Harassment","Animal","2020/21",1,2020-10-01,2020,10
3419,"Residential property","5 pm to 8 pm","Spring","No Leash","Harassment","Animal","2021/22",1,2021-10-01,2021,10
3420,"Residential property","5 pm to 8 pm","Spring","No Leash","Harassment","Human","2020/21",1,2020-10-01,2020,10
3421,"Residential property","5 pm to 8 pm","Spring","No Leash","Harassment","Human","2021/22",1,2021-10-01,2021,10
3422,"Residential property","5 pm to 8 pm","Spring","No Leash","Harassment","Human","2023/24",1,2023-10-01,2023,10
3423,"Residential property","5 pm to 8 pm","Spring","No Leash","Harassment","Unknown","2020/21",2,2020-10-01,2020,10
3424,"Residential property","5 pm to 8 pm","Spring","On a Leash","Attack","Animal","2018/19",1,2018-10-01,2018,10
3425,"Residential property","5 pm to 8 pm","Spring","On a Leash","Attack","Animal","2020/21",1,2020-10-01,2020,10
3426,"Residential property","5 pm to 8 pm","Spring","On a Leash","Attack","Animal","2021/22",1,2021-10-01,2021,10
3427,"Residential property","5 pm to 8 pm","Spring","On a Leash","Harassment","Human","2023/24",1,2023-10-01,2023,10
3428,"Residential property","5 pm to 8 pm","Spring","Unknown","Attack","Animal","2023/24",1,2023-10-01,2023,10
3429,"Residential property","5 pm to 8 pm","Spring","Unknown","Attack","Both","2023/24",1,2023-10-01,2023,10
3430,"Residential property","5 pm to 8 pm","Spring","Unknown","Attack","Human","2021/22",1,2021-10-01,2021,10
3431,"Residential property","5 pm to 8 pm","Spring","Unknown","Attack","Unknown","2019/20",1,2019-10-01,2019,10
3432,"Residential property","5 pm to 8 pm","Spring","Unknown","Attack","Unknown","2020/21",1,2020-10-01,2020,10
3433,"Residential property","5 pm to 8 pm","Spring","Unknown","Attack","Unknown","2023/24",1,2023-10-01,2023,10
3434,"Residential property","5 pm to 8 pm","Spring","Unknown","Harassment","Unknown","2023/24",1,2023-10-01,2023,10
3435,"Residential property","5 pm to 8 pm","Summer","No Leash","Attack","Animal","2018/19",2,2019-01-01,2019,1
3436,"Residential property","5 pm to 8 pm","Summer","No Leash","Attack","Animal","2020/21",4,2021-01-01,2021,1
3437,"Residential property","5 pm to 8 pm","Summer","No Leash","Attack","Animal","2021/22",2,2022-01-01,2022,1
3438,"Residential property","5 pm to 8 pm","Summer","No Leash","Attack","Animal","2022/23",1,2023-01-01,2023,1
3439,"Residential property","5 pm to 8 pm","Summer","No Leash","Attack","Animal","2023/24",1,2024-01-01,2024,1
3440,"Residential property","5 pm to 8 pm","Summer","No Leash","Attack","Human","2018/19",1,2019-01-01,2019,1
3441,"Residential property","5 pm to 8 pm","Summer","No Leash","Attack","Human","2019/20",2,2020-01-01,2020,1
3442,"Residential property","5 pm to 8 pm","Summer","No Leash","Attack","Human","2020/21",4,2021-01-01,2021,1
3443,"Residential property","5 pm to 8 pm","Summer","No Leash","Attack","Human","2021/22",1,2022-01-01,2022,1
3444,"Residential property","5 pm to 8 pm","Summer","No Leash","Attack","Human","2022/23",2,2023-01-01,2023,1
3445,"Residential property","5 pm to 8 pm","Summer","No Leash","Attack","Human","2023/24",1,2024-01-01,2024,1
3446,"Residential property","5 pm to 8 pm","Summer","No Leash","Attack","Unknown","2020/21",2,2021-01-01,2021,1
3447,"Residential property","5 pm to 8 pm","Summer","No Leash","Attack","Unknown","2022/23",1,2023-01-01,2023,1
3448,"Residential property","5 pm to 8 pm","Summer","No Leash","Harassment","Animal","2019/20",1,2020-01-01,2020,1
3449,"Residential property","5 pm to 8 pm","Summer","No Leash","Harassment","Animal","2020/21",1,2021-01-01,2021,1
3450,"Residential property","5 pm to 8 pm","Summer","No Leash","Harassment","Unknown","2022/23",1,2023-01-01,2023,1
3451,"Residential property","5 pm to 8 pm","Summer","No Leash","Harassment","Unknown","2023/24",2,2024-01-01,2024,1
3452,"Residential property","5 pm to 8 pm","Summer","On a Leash","Attack","Human","2023/24",1,2024-01-01,2024,1
3453,"Residential property","5 pm to 8 pm","Summer","On a Leash","Harassment","Human","2023/24",1,2024-01-01,2024,1
3454,"Residential property","5 pm to 8 pm","Summer","Unknown","Attack","Animal","2018/19",1,2019-01-01,2019,1
3455,"Residential property","5 pm to 8 pm","Summer","Unknown","Attack","Animal","2019/20",2,2020-01-01,2020,1
3456,"Residential property","5 pm to 8 pm","Summer","Unknown","Attack","Animal","2020/21",3,2021-01-01,2021,1
3457,"Residential property","5 pm to 8 pm","Summer","Unknown","Attack","Animal","2023/24",1,2024-01-01,2024,1
3458,"Residential property","5 pm to 8 pm","Summer","Unknown","Attack","Both","2021/22",1,2022-01-01,2022,1
3459,"Residential property","5 pm to 8 pm","Summer","Unknown","Attack","Human","2018/19",1,2019-01-01,2019,1
3460,"Residential property","5 pm to 8 pm","Summer","Unknown","Attack","Human","2019/20",2,2020-01-01,2020,1
3461,"Residential property","5 pm to 8 pm","Summer","Unknown","Attack","Human","2022/23",1,2023-01-01,2023,1
3462,"Residential property","5 pm to 8 pm","Summer","Unknown","Attack","Unknown","2020/21",1,2021-01-01,2021,1
3463,"Residential property","5 pm to 8 pm","Summer","Unknown","Attack","Unknown","2023/24",1,2024-01-01,2024,1
3464,"Residential property","5 pm to 8 pm","Summer","Unknown","Harassment","Human","2020/21",1,2021-01-01,2021,1
3465,"Residential property","5 pm to 8 pm","Summer","Unknown","Harassment","Human","2021/22",1,2022-01-01,2022,1
3466,"Residential property","5 pm to 8 pm","Summer","Unknown","Harassment","Unknown","2023/24",1,2024-01-01,2024,1
3467,"Residential property","5 pm to 8 pm","Winter","No Leash","Attack","Animal","2018/19",2,2018-07-01,2018,7
3468,"Residential property","5 pm to 8 pm","Winter","No Leash","Attack","Animal","2021/22",1,2021-07-01,2021,7
3469,"Residential property","5 pm to 8 pm","Winter","No Leash","Attack","Animal","2022/23",1,2022-07-01,2022,7
3470,"Residential property","5 pm to 8 pm","Winter","No Leash","Attack","Unknown","2019/20",3,2019-07-01,2019,7
3471,"Residential property","5 pm to 8 pm","Winter","No Leash","Attack","Unknown","2020/21",2,2020-07-01,2020,7
3472,"Residential property","5 pm to 8 pm","Winter","No Leash","Harassment","Human","2018/19",1,2018-07-01,2018,7
3474,"Residential property","5 pm to 8 pm","Winter","On a Leash","Attack","Human","2018/19",1,2018-07-01,2018,7
3475,"Residential property","5 pm to 8 pm","Winter","On a Leash","Attack","Human","2019/20",1,2019-07-01,2019,7
3476,"Residential property","5 pm to 8 pm","Winter","Unknown","Attack","Animal","2018/19",2,2018-07-01,2018,7
3477,"Residential property","5 pm to 8 pm","Winter","Unknown","Attack","Animal","2022/23",1,2022-07-01,2022,7
3478,"Residential property","5 pm to 8 pm","Winter","Unknown","Attack","Animal","2023/24",1,2023-07-01,2023,7
3479,"Residential property","5 pm to 8 pm","Winter","Unknown","Attack","Both","2021/22",1,2021-07-01,2021,7
3480,"Residential property","5 pm to 8 pm","Winter","Unknown","Attack","Unknown","2018/19",1,2018-07-01,2018,7
3481,"Residential property","5 pm to 8 pm","Winter","Unknown","Attack","Unknown","2023/24",2,2023-07-01,2023,7
3482,"Residential property","5 pm to 8 pm","Winter","Unknown","Harassment","Animal","2019/20",1,2019-07-01,2019,7
3483,"Residential property","5 pm to 8 pm","Winter","Unknown","Harassment","Human","2018/19",1,2018-07-01,2018,7
3484,"Residential property","5 pm to 8 pm","Winter","Unknown","Harassment","Unknown","2022/23",1,2022-07-01,2022,7
3485,"Residential property","6 am to 9 am","Autumn","No Leash","Attack","Animal","2018/19",1,2019-04-01,2019,4
3486,"Residential property","6 am to 9 am","Autumn","No Leash","Attack","Animal","2021/22",1,2022-04-01,2022,4
3487,"Residential property","6 am to 9 am","Autumn","No Leash","Attack","Animal","2022/23",2,2023-04-01,2023,4
3488,"Residential property","6 am to 9 am","Autumn","No Leash","Attack","Animal","2023/24",3,2024-04-01,2024,4
3489,"Residential property","6 am to 9 am","Autumn","No Leash","Harassment","Animal","2018/19",1,2019-04-01,2019,4
3490,"Residential property","6 am to 9 am","Autumn","No Leash","Harassment","Animal","2022/23",1,2023-04-01,2023,4
3492,"Residential property","6 am to 9 am","Autumn","No Leash","Harassment","Human","2018/19",1,2019-04-01,2019,4
3493,"Residential property","6 am to 9 am","Autumn","On a Leash","Attack","Animal","2021/22",1,2022-04-01,2022,4
3494,"Residential property","6 am to 9 am","Autumn","Unknown","Attack","Animal","2020/21",1,2021-04-01,2021,4
3495,"Residential property","6 am to 9 am","Autumn","Unknown","Attack","Unknown","2022/23",1,2023-04-01,2023,4
3496,"Residential property","6 am to 9 am","Autumn","Unknown","Harassment","Unknown","2023/24",1,2024-04-01,2024,4
3497,"Residential property","6 am to 9 am","Spring","No Leash","Attack","Animal","2023/24",1,2023-10-01,2023,10
3498,"Residential property","6 am to 9 am","Spring","No Leash","Attack","Both","2018/19",1,2018-10-01,2018,10
3499,"Residential property","6 am to 9 am","Spring","No Leash","Attack","Human","2020/21",2,2020-10-01,2020,10
3500,"Residential property","6 am to 9 am","Spring","No Leash","Attack","Human","2022/23",1,2022-10-01,2022,10
3501,"Residential property","6 am to 9 am","Spring","No Leash","Attack","Human","2023/24",1,2023-10-01,2023,10
3502,"Residential property","6 am to 9 am","Spring","No Leash","Attack","Unknown","2022/23",2,2022-10-01,2022,10
3503,"Residential property","6 am to 9 am","Spring","No Leash","Attack","Unknown","2023/24",2,2023-10-01,2023,10
3504,"Residential property","6 am to 9 am","Spring","No Leash","Harassment","Animal","2020/21",1,2020-10-01,2020,10
3505,"Residential property","6 am to 9 am","Spring","No Leash","Harassment","Human","2020/21",2,2020-10-01,2020,10
3506,"Residential property","6 am to 9 am","Spring","No Leash","Harassment","Unknown","2019/20",1,2019-10-01,2019,10
3507,"Residential property","6 am to 9 am","Spring","No Leash","Harassment","Unknown","2020/21",1,2020-10-01,2020,10
3508,"Residential property","6 am to 9 am","Spring","No Leash","Harassment","Unknown","2022/23",1,2022-10-01,2022,10
3509,"Residential property","6 am to 9 am","Spring","Unknown","Attack","Animal","2018/19",1,2018-10-01,2018,10
3510,"Residential property","6 am to 9 am","Spring","Unknown","Attack","Animal","2022/23",1,2022-10-01,2022,10
3511,"Residential property","6 am to 9 am","Spring","Unknown","Attack","Human","2018/19",1,2018-10-01,2018,10
3512,"Residential property","6 am to 9 am","Spring","Unknown","Attack","Human","2019/20",1,2019-10-01,2019,10
3513,"Residential property","6 am to 9 am","Spring","Unknown","Attack","Human","2020/21",1,2020-10-01,2020,10
3514,"Residential property","6 am to 9 am","Spring","Unknown","Attack","Human","2021/22",1,2021-10-01,2021,10
3515,"Residential property","6 am to 9 am","Spring","Unknown","Attack","Unknown","2018/19",1,2018-10-01,2018,10
3516,"Residential property","6 am to 9 am","Spring","Unknown","Attack","Unknown","2020/21",1,2020-10-01,2020,10
3517,"Residential property","6 am to 9 am","Spring","Unknown","Attack","Unknown","2023/24",1,2023-10-01,2023,10
3518,"Residential property","6 am to 9 am","Summer","No Leash","Attack","Animal","2018/19",1,2019-01-01,2019,1
3519,"Residential property","6 am to 9 am","Summer","No Leash","Attack","Animal","2019/20",2,2020-01-01,2020,1
3520,"Residential property","6 am to 9 am","Summer","No Leash","Attack","Animal","2020/21",2,2021-01-01,2021,1
3521,"Residential property","6 am to 9 am","Summer","No Leash","Attack","Animal","2021/22",4,2022-01-01,2022,1
3522,"Residential property","6 am to 9 am","Summer","No Leash","Attack","Animal","2022/23",1,2023-01-01,2023,1
3523,"Residential property","6 am to 9 am","Summer","No Leash","Attack","Animal","2023/24",1,2024-01-01,2024,1
3524,"Residential property","6 am to 9 am","Summer","No Leash","Attack","Human","2019/20",1,2020-01-01,2020,1
3525,"Residential property","6 am to 9 am","Summer","No Leash","Attack","Human","2020/21",2,2021-01-01,2021,1
3526,"Residential property","6 am to 9 am","Summer","No Leash","Attack","Unknown","2019/20",1,2020-01-01,2020,1
3527,"Residential property","6 am to 9 am","Summer","No Leash","Attack","Unknown","2022/23",1,2023-01-01,2023,1
3528,"Residential property","6 am to 9 am","Summer","No Leash","Attack","Unknown","2023/24",1,2024-01-01,2024,1
3529,"Residential property","6 am to 9 am","Summer","No Leash","Harassment","Animal","2022/23",1,2023-01-01,2023,1
3530,"Residential property","6 am to 9 am","Summer","On a Leash","Attack","Animal","2021/22",1,2022-01-01,2022,1
3531,"Residential property","6 am to 9 am","Summer","On a Leash","Harassment","Unknown","2022/23",1,2023-01-01,2023,1
3532,"Residential property","6 am to 9 am","Summer","Unknown","Attack","Animal","2021/22",1,2022-01-01,2022,1
3533,"Residential property","6 am to 9 am","Summer","Unknown","Attack","Human","2020/21",1,2021-01-01,2021,1
3534,"Residential property","6 am to 9 am","Summer","Unknown","Attack","Unknown","2023/24",1,2024-01-01,2024,1
3535,"Residential property","6 am to 9 am","Summer","Unknown","Harassment","Animal","2018/19",1,2019-01-01,2019,1
3536,"Residential property","6 am to 9 am","Summer","Unknown","Harassment","Unknown","2023/24",1,2024-01-01,2024,1
3537,"Residential property","6 am to 9 am","Winter","No Leash","Attack","Animal","2018/19",1,2018-07-01,2018,7
3538,"Residential property","6 am to 9 am","Winter","No Leash","Attack","Animal","2019/20",1,2019-07-01,2019,7
3539,"Residential property","6 am to 9 am","Winter","No Leash","Attack","Animal","2021/22",1,2021-07-01,2021,7
3541,"Residential property","6 am to 9 am","Winter","No Leash","Attack","Human","2018/19",1,2018-07-01,2018,7
3542,"Residential property","6 am to 9 am","Winter","No Leash","Attack","Unknown","2019/20",2,2019-07-01,2019,7
3543,"Residential property","6 am to 9 am","Winter","No Leash","Attack","Unknown","2021/22",2,2021-07-01,2021,7
3544,"Residential property","6 am to 9 am","Winter","No Leash","Harassment","Animal","2019/20",1,2019-07-01,2019,7
3545,"Residential property","6 am to 9 am","Winter","No Leash","Harassment","Animal","2020/21",1,2020-07-01,2020,7
3546,"Residential property","6 am to 9 am","Winter","No Leash","Harassment","Human","2018/19",1,2018-07-01,2018,7
3547,"Residential property","6 am to 9 am","Winter","No Leash","Harassment","Human","2023/24",1,2023-07-01,2023,7
3548,"Residential property","6 am to 9 am","Winter","Unknown","Harassment","Animal","2021/22",1,2021-07-01,2021,7
3549,"Residential property","8 pm to 10 pm","Autumn","No Leash","Attack","Both","2020/21",1,2021-04-01,2021,4
3550,"Residential property","8 pm to 10 pm","Autumn","No Leash","Attack","Human","2023/24",2,2024-04-01,2024,4
3551,"Residential property","8 pm to 10 pm","Autumn","No Leash","Attack","Unknown","2022/23",1,2023-04-01,2023,4
3552,"Residential property","8 pm to 10 pm","Autumn","No Leash","Harassment","Unknown","2022/23",1,2023-04-01,2023,4
3553,"Residential property","8 pm to 10 pm","Autumn","Unknown","Attack","Human","2021/22",1,2022-04-01,2022,4
3554,"Residential property","8 pm to 10 pm","Spring","No Leash","Attack","Animal","2020/21",1,2020-10-01,2020,10
3555,"Residential property","8 pm to 10 pm","Spring","No Leash","Attack","Animal","2022/23",1,2022-10-01,2022,10
3556,"Residential property","8 pm to 10 pm","Spring","No Leash","Attack","Human","2021/22",1,2021-10-01,2021,10
3557,"Residential property","8 pm to 10 pm","Spring","No Leash","Attack","Human","2022/23",1,2022-10-01,2022,10
3558,"Residential property","8 pm to 10 pm","Spring","No Leash","Attack","Unknown","2022/23",1,2022-10-01,2022,10
3559,"Residential property","8 pm to 10 pm","Spring","No Leash","Harassment","Unknown","2018/19",1,2018-10-01,2018,10
3560,"Residential property","8 pm to 10 pm","Spring","No Leash","Harassment","Unknown","2022/23",1,2022-10-01,2022,10
3561,"Residential property","8 pm to 10 pm","Spring","Unknown","Attack","Unknown","2022/23",1,2022-10-01,2022,10
3562,"Residential property","8 pm to 10 pm","Summer","No Leash","Attack","Animal","2020/21",1,2021-01-01,2021,1
3563,"Residential property","8 pm to 10 pm","Summer","No Leash","Attack","Animal","2022/23",2,2023-01-01,2023,1
3564,"Residential property","8 pm to 10 pm","Summer","No Leash","Attack","Unknown","2022/23",1,2023-01-01,2023,1
3565,"Residential property","8 pm to 10 pm","Summer","No Leash","Harassment","Animal","2018/19",1,2019-01-01,2019,1
3566,"Residential property","8 pm to 10 pm","Summer","No Leash","Harassment","Animal","2021/22",1,2022-01-01,2022,1
3567,"Residential property","8 pm to 10 pm","Summer","No Leash","Harassment","Unknown","2021/22",1,2022-01-01,2022,1
3568,"Residential property","8 pm to 10 pm","Summer","Unknown","Attack","Unknown","2020/21",1,2021-01-01,2021,1
3569,"Residential property","8 pm to 10 pm","Summer","Unknown","Harassment","Animal","2019/20",1,2020-01-01,2020,1
3570,"Residential property","8 pm to 10 pm","Summer","Unknown","Harassment","Animal","2020/21",1,2021-01-01,2021,1
3571,"Residential property","8 pm to 10 pm","Summer","Unknown","Harassment","Human","2022/23",1,2023-01-01,2023,1
3572,"Residential property","8 pm to 10 pm","Summer","Unknown","Harassment","Unknown","2022/23",1,2023-01-01,2023,1
3573,"Residential property","8 pm to 10 pm","Winter","No Leash","Attack","Animal","2021/22",1,2021-07-01,2021,7
3574,"Residential property","8 pm to 10 pm","Winter","No Leash","Attack","Human","2020/21",1,2020-07-01,2020,7
3575,"Residential property","8 pm to 10 pm","Winter","No Leash","Attack","Unknown","2019/20",1,2019-07-01,2019,7
3576,"Residential property","8 pm to 10 pm","Winter","No Leash","Harassment","Human","2022/23",1,2022-07-01,2022,7
3577,"Residential property","8 pm to 10 pm","Winter","No Leash","Harassment","Human","2023/24",1,2023-07-01,2023,7
3578,"Residential property","8 pm to 10 pm","Winter","Unknown","Attack","Human","2020/21",1,2020-07-01,2020,7
3579,"Residential property","8 pm to 10 pm","Winter","Unknown","Attack","Unknown","2023/24",1,2023-07-01,2023,7
3580,"Residential property","9 am to Noon","Autumn","No Leash","Attack","Animal","2018/19",2,2019-04-01,2019,4
3581,"Residential property","9 am to Noon","Autumn","No Leash","Attack","Animal","2019/20",1,2020-04-01,2020,4
3582,"Residential property","9 am to Noon","Autumn","No Leash","Attack","Animal","2020/21",3,2021-04-01,2021,4
3583,"Residential property","9 am to Noon","Autumn","No Leash","Attack","Animal","2021/22",3,2022-04-01,2022,4
3584,"Residential property","9 am to Noon","Autumn","No Leash","Attack","Animal","2022/23",1,2023-04-01,2023,4
3586,"Residential property","9 am to Noon","Autumn","No Leash","Attack","Human","2019/20",1,2020-04-01,2020,4
3587,"Residential property","9 am to Noon","Autumn","No Leash","Attack","Human","2020/21",2,2021-04-01,2021,4
3588,"Residential property","9 am to Noon","Autumn","No Leash","Attack","Human","2021/22",1,2022-04-01,2022,4
3589,"Residential property","9 am to Noon","Autumn","No Leash","Attack","Human","2022/23",1,2023-04-01,2023,4
3590,"Residential property","9 am to Noon","Autumn","No Leash","Attack","Human","2023/24",2,2024-04-01,2024,4
3591,"Residential property","9 am to Noon","Autumn","No Leash","Attack","Unknown","2023/24",1,2024-04-01,2024,4
3592,"Residential property","9 am to Noon","Autumn","No Leash","Harassment","Animal","2023/24",1,2024-04-01,2024,4
3594,"Residential property","9 am to Noon","Autumn","No Leash","Harassment","Human","2020/21",1,2021-04-01,2021,4
3595,"Residential property","9 am to Noon","Autumn","No Leash","Harassment","Unknown","2018/19",1,2019-04-01,2019,4
3596,"Residential property","9 am to Noon","Autumn","No Leash","Harassment","Unknown","2020/21",3,2021-04-01,2021,4
3597,"Residential property","9 am to Noon","Autumn","On a Leash","Attack","Human","2020/21",1,2021-04-01,2021,4
3598,"Residential property","9 am to Noon","Autumn","Unknown","Attack","Animal","2020/21",1,2021-04-01,2021,4
3599,"Residential property","9 am to Noon","Autumn","Unknown","Attack","Animal","2022/23",1,2023-04-01,2023,4
3600,"Residential property","9 am to Noon","Autumn","Unknown","Attack","Human","2021/22",1,2022-04-01,2022,4
3601,"Residential property","9 am to Noon","Autumn","Unknown","Attack","Unknown","2023/24",1,2024-04-01,2024,4
3602,"Residential property","9 am to Noon","Autumn","Unknown","Harassment","Animal","2020/21",1,2021-04-01,2021,4
3603,"Residential property","9 am to Noon","Autumn","Unknown","Harassment","Animal","2022/23",1,2023-04-01,2023,4
3604,"Residential property","9 am to Noon","Autumn","Unknown","Harassment","Human","2023/24",1,2024-04-01,2024,4
3605,"Residential property","9 am to Noon","Autumn","Unknown","Harassment","Unknown","2021/22",1,2022-04-01,2022,4
3606,"Residential property","9 am to Noon","Spring","No Leash","Attack","Animal","2018/19",2,2018-10-01,2018,10
3607,"Residential property","9 am to Noon","Spring","No Leash","Attack","Animal","2019/20",1,2019-10-01,2019,10
3608,"Residential property","9 am to Noon","Spring","No Leash","Attack","Animal","2020/21",4,2020-10-01,2020,10
3609,"Residential property","9 am to Noon","Spring","No Leash","Attack","Animal","2021/22",2,2021-10-01,2021,10
3610,"Residential property","9 am to Noon","Spring","No Leash","Attack","Animal","2022/23",2,2022-10-01,2022,10
3611,"Residential property","9 am to Noon","Spring","No Leash","Attack","Animal","2023/24",1,2023-10-01,2023,10
3612,"Residential property","9 am to Noon","Spring","No Leash","Attack","Both","2018/19",1,2018-10-01,2018,10
3613,"Residential property","9 am to Noon","Spring","No Leash","Attack","Both","2023/24",1,2023-10-01,2023,10
3614,"Residential property","9 am to Noon","Spring","No Leash","Attack","Human","2018/19",1,2018-10-01,2018,10
3615,"Residential property","9 am to Noon","Spring","No Leash","Attack","Human","2019/20",4,2019-10-01,2019,10
3616,"Residential property","9 am to Noon","Spring","No Leash","Attack","Human","2020/21",2,2020-10-01,2020,10
3617,"Residential property","9 am to Noon","Spring","No Leash","Attack","Human","2021/22",1,2021-10-01,2021,10
3618,"Residential property","9 am to Noon","Spring","No Leash","Attack","Human","2022/23",2,2022-10-01,2022,10
3619,"Residential property","9 am to Noon","Spring","No Leash","Attack","Human","2023/24",2,2023-10-01,2023,10
3620,"Residential property","9 am to Noon","Spring","No Leash","Attack","Unknown","2020/21",2,2020-10-01,2020,10
3621,"Residential property","9 am to Noon","Spring","No Leash","Attack","Unknown","2022/23",3,2022-10-01,2022,10
3622,"Residential property","9 am to Noon","Spring","No Leash","Harassment","Animal","2021/22",1,2021-10-01,2021,10
3623,"Residential property","9 am to Noon","Spring","No Leash","Harassment","Human","2020/21",1,2020-10-01,2020,10
3624,"Residential property","9 am to Noon","Spring","No Leash","Harassment","Human","2021/22",1,2021-10-01,2021,10
3625,"Residential property","9 am to Noon","Spring","No Leash","Harassment","Unknown","2018/19",1,2018-10-01,2018,10
3626,"Residential property","9 am to Noon","Spring","No Leash","Harassment","Unknown","2020/21",2,2020-10-01,2020,10
3627,"Residential property","9 am to Noon","Spring","On a Leash","Attack","Unknown","2020/21",1,2020-10-01,2020,10
3628,"Residential property","9 am to Noon","Spring","On a Leash","Harassment","Animal","2020/21",1,2020-10-01,2020,10
3629,"Residential property","9 am to Noon","Spring","Unknown","Attack","Animal","2020/21",2,2020-10-01,2020,10
3630,"Residential property","9 am to Noon","Spring","Unknown","Attack","Animal","2023/24",1,2023-10-01,2023,10
3631,"Residential property","9 am to Noon","Spring","Unknown","Attack","Human","2018/19",1,2018-10-01,2018,10
3632,"Residential property","9 am to Noon","Spring","Unknown","Attack","Human","2023/24",1,2023-10-01,2023,10
3633,"Residential property","9 am to Noon","Spring","Unknown","Attack","Unknown","2018/19",1,2018-10-01,2018,10
3634,"Residential property","9 am to Noon","Spring","Unknown","Attack","Unknown","2023/24",1,2023-10-01,2023,10
3635,"Residential property","9 am to Noon","Spring","Unknown","Harassment","Animal","2019/20",1,2019-10-01,2019,10
3636,"Residential property","9 am to Noon","Spring","Unknown","Harassment","Animal","2022/23",1,2022-10-01,2022,10
3637,"Residential property","9 am to Noon","Spring","Unknown","Harassment","Animal","2023/24",1,2023-10-01,2023,10
3638,"Residential property","9 am to Noon","Spring","Unknown","Harassment","Human","2018/19",1,2018-10-01,2018,10
3639,"Residential property","9 am to Noon","Spring","Unknown","Harassment","Human","2019/20",1,2019-10-01,2019,10
3640,"Residential property","9 am to Noon","Spring","Unknown","Harassment","Unknown","2022/23",2,2022-10-01,2022,10
3641,"Residential property","9 am to Noon","Summer","No Leash","Attack","Animal","2018/19",4,2019-01-01,2019,1
3642,"Residential property","9 am to Noon","Summer","No Leash","Attack","Animal","2019/20",1,2020-01-01,2020,1
3643,"Residential property","9 am to Noon","Summer","No Leash","Attack","Animal","2020/21",1,2021-01-01,2021,1
3644,"Residential property","9 am to Noon","Summer","No Leash","Attack","Animal","2021/22",4,2022-01-01,2022,1
3645,"Residential property","9 am to Noon","Summer","No Leash","Attack","Animal","2023/24",1,2024-01-01,2024,1
3646,"Residential property","9 am to Noon","Summer","No Leash","Attack","Human","2019/20",3,2020-01-01,2020,1
3647,"Residential property","9 am to Noon","Summer","No Leash","Attack","Human","2020/21",1,2021-01-01,2021,1
3648,"Residential property","9 am to Noon","Summer","No Leash","Attack","Human","2021/22",1,2022-01-01,2022,1
3649,"Residential property","9 am to Noon","Summer","No Leash","Attack","Human","2022/23",2,2023-01-01,2023,1
3650,"Residential property","9 am to Noon","Summer","No Leash","Attack","Unknown","2020/21",2,2021-01-01,2021,1
3651,"Residential property","9 am to Noon","Summer","No Leash","Attack","Unknown","2021/22",1,2022-01-01,2022,1
3652,"Residential property","9 am to Noon","Summer","No Leash","Attack","Unknown","2022/23",2,2023-01-01,2023,1
3653,"Residential property","9 am to Noon","Summer","No Leash","Attack","Unknown","2023/24",1,2024-01-01,2024,1
3655,"Residential property","9 am to Noon","Summer","No Leash","Harassment","Animal","2020/21",1,2021-01-01,2021,1
3656,"Residential property","9 am to Noon","Summer","No Leash","Harassment","Human","2020/21",2,2021-01-01,2021,1
3657,"Residential property","9 am to Noon","Summer","No Leash","Harassment","Human","2021/22",1,2022-01-01,2022,1
3658,"Residential property","9 am to Noon","Summer","No Leash","Harassment","Human","2023/24",1,2024-01-01,2024,1
3659,"Residential property","9 am to Noon","Summer","No Leash","Harassment","Unknown","2021/22",1,2022-01-01,2022,1
3660,"Residential property","9 am to Noon","Summer","On a Leash","Attack","Animal","2022/23",2,2023-01-01,2023,1
3661,"Residential property","9 am to Noon","Summer","On a Leash","Attack","Human","2019/20",1,2020-01-01,2020,1
3662,"Residential property","9 am to Noon","Summer","On a Leash","Attack","Human","2023/24",1,2024-01-01,2024,1
3663,"Residential property","9 am to Noon","Summer","On a Leash","Attack","Unknown","2018/19",1,2019-01-01,2019,1
3664,"Residential property","9 am to Noon","Summer","On a Leash","Attack","Unknown","2019/20",1,2020-01-01,2020,1
3665,"Residential property","9 am to Noon","Summer","On a Leash","Attack","Unknown","2021/22",1,2022-01-01,2022,1
3666,"Residential property","9 am to Noon","Summer","Unknown","Attack","Animal","2021/22",1,2022-01-01,2022,1
3667,"Residential property","9 am to Noon","Summer","Unknown","Attack","Animal","2023/24",3,2024-01-01,2024,1
3668,"Residential property","9 am to Noon","Summer","Unknown","Attack","Human","2021/22",1,2022-01-01,2022,1
3669,"Residential property","9 am to Noon","Summer","Unknown","Attack","Unknown","2018/19",1,2019-01-01,2019,1
3670,"Residential property","9 am to Noon","Summer","Unknown","Attack","Unknown","2022/23",1,2023-01-01,2023,1
3671,"Residential property","9 am to Noon","Summer","Unknown","Harassment","Animal","2023/24",1,2024-01-01,2024,1
3672,"Residential property","9 am to Noon","Summer","Unknown","Harassment","Human","2019/20",1,2020-01-01,2020,1
3673,"Residential property","9 am to Noon","Summer","Unknown","Harassment","Human","2020/21",1,2021-01-01,2021,1
3674,"Residential property","9 am to Noon","Summer","Unknown","Harassment","Unknown","2018/19",1,2019-01-01,2019,1
3675,"Residential property","9 am to Noon","Winter","No Leash","Attack","Animal","2018/19",3,2018-07-01,2018,7
3676,"Residential property","9 am to Noon","Winter","No Leash","Attack","Animal","2020/21",1,2020-07-01,2020,7
3677,"Residential property","9 am to Noon","Winter","No Leash","Attack","Animal","2021/22",3,2021-07-01,2021,7
3678,"Residential property","9 am to Noon","Winter","No Leash","Attack","Animal","2022/23",2,2022-07-01,2022,7
3679,"Residential property","9 am to Noon","Winter","No Leash","Attack","Animal","2023/24",2,2023-07-01,2023,7
3681,"Residential property","9 am to Noon","Winter","No Leash","Attack","Human","2019/20",6,2019-07-01,2019,7
3682,"Residential property","9 am to Noon","Winter","No Leash","Attack","Human","2020/21",1,2020-07-01,2020,7
3683,"Residential property","9 am to Noon","Winter","No Leash","Attack","Human","2023/24",1,2023-07-01,2023,7
3685,"Residential property","9 am to Noon","Winter","No Leash","Attack","Unknown","2020/21",1,2020-07-01,2020,7
3686,"Residential property","9 am to Noon","Winter","No Leash","Attack","Unknown","2021/22",1,2021-07-01,2021,7
3687,"Residential property","9 am to Noon","Winter","No Leash","Attack","Unknown","2022/23",2,2022-07-01,2022,7
3688,"Residential property","9 am to Noon","Winter","No Leash","Attack","Unknown","2023/24",3,2023-07-01,2023,7
3689,"Residential property","9 am to Noon","Winter","No Leash","Harassment","Animal","2021/22",1,2021-07-01,2021,7
3690,"Residential property","9 am to Noon","Winter","No Leash","Harassment","Human","2018/19",1,2018-07-01,2018,7
3691,"Residential property","9 am to Noon","Winter","No Leash","Harassment","Human","2019/20",1,2019-07-01,2019,7
3692,"Residential property","9 am to Noon","Winter","No Leash","Harassment","Human","2020/21",2,2020-07-01,2020,7
3693,"Residential property","9 am to Noon","Winter","No Leash","Harassment","Human","2021/22",1,2021-07-01,2021,7
3694,"Residential property","9 am to Noon","Winter","No Leash","Harassment","Human","2023/24",2,2023-07-01,2023,7
3696,"Residential property","9 am to Noon","Winter","No Leash","Harassment","Unknown","2021/22",3,2021-07-01,2021,7
3697,"Residential property","9 am to Noon","Winter","No Leash","Harassment","Unknown","2022/23",2,2022-07-01,2022,7
3698,"Residential property","9 am to Noon","Winter","On a Leash","Attack","Animal","2021/22",1,2021-07-01,2021,7
3699,"Residential property","9 am to Noon","Winter","On a Leash","Attack","Animal","2022/23",1,2022-07-01,2022,7
3700,"Residential property","9 am to Noon","Winter","On a Leash","Attack","Unknown","2022/23",1,2022-07-01,2022,7
3701,"Residential property","9 am to Noon","Winter","Unknown","Attack","Animal","2018/19",1,2018-07-01,2018,7
3702,"Residential property","9 am to Noon","Winter","Unknown","Attack","Animal","2021/22",1,2021-07-01,2021,7
3703,"Residential property","9 am to Noon","Winter","Unknown","Attack","Both","2020/21",1,2020-07-01,2020,7
3704,"Residential property","9 am to Noon","Winter","Unknown","Attack","Human","2018/19",1,2018-07-01,2018,7
3705,"Residential property","9 am to Noon","Winter","Unknown","Attack","Human","2020/21",1,2020-07-01,2020,7
3706,"Residential property","9 am to Noon","Winter","Unknown","Attack","Human","2021/22",1,2021-07-01,2021,7
3707,"Residential property","9 am to Noon","Winter","Unknown","Attack","Human","2022/23",1,2022-07-01,2022,7
3708,"Residential property","9 am to Noon","Winter","Unknown","Attack","Unknown","2018/19",2,2018-07-01,2018,7
3709,"Residential property","9 am to Noon","Winter","Unknown","Attack","Unknown","2019/20",1,2019-07-01,2019,7
3710,"Residential property","9 am to Noon","Winter","Unknown","Attack","Unknown","2020/21",1,2020-07-01,2020,7
3711,"Residential property","9 am to Noon","Winter","Unknown","Attack","Unknown","2022/23",1,2022-07-01,2022,7
3712,"Residential property","9 am to Noon","Winter","Unknown","Harassment","Animal","2019/20",1,2019-07-01,2019,7
3713,"Residential property","9 am to Noon","Winter","Unknown","Harassment","Animal","2022/23",1,2022-07-01,2022,7
3714,"Residential property","9 am to Noon","Winter","Unknown","Harassment","Animal","2023/24",1,2023-07-01,2023,7
3715,"Residential property","9 am to Noon","Winter","Unknown","Harassment","Human","2020/21",1,2020-07-01,2020,7
3716,"Residential property","9 am to Noon","Winter","Unknown","Harassment","Unknown","2021/22",1,2021-07-01,2021,7
3717,"Residential property","Noon to 5 pm","Autumn","No Leash","Attack","Animal","2018/19",1,2019-04-01,2019,4
3718,"Residential property","Noon to 5 pm","Autumn","No Leash","Attack","Animal","2019/20",4,2020-04-01,2020,4
3719,"Residential property","Noon to 5 pm","Autumn","No Leash","Attack","Animal","2020/21",4,2021-04-01,2021,4
3720,"Residential property","Noon to 5 pm","Autumn","No Leash","Attack","Animal","2021/22",2,2022-04-01,2022,4
3721,"Residential property","Noon to 5 pm","Autumn","No Leash","Attack","Animal","2022/23",2,2023-04-01,2023,4
3723,"Residential property","Noon to 5 pm","Autumn","No Leash","Attack","Human","2019/20",1,2020-04-01,2020,4
3724,"Residential property","Noon to 5 pm","Autumn","No Leash","Attack","Human","2020/21",1,2021-04-01,2021,4
3725,"Residential property","Noon to 5 pm","Autumn","No Leash","Attack","Human","2021/22",1,2022-04-01,2022,4
3726,"Residential property","Noon to 5 pm","Autumn","No Leash","Attack","Human","2022/23",3,2023-04-01,2023,4
3727,"Residential property","Noon to 5 pm","Autumn","No Leash","Attack","Human","2023/24",2,2024-04-01,2024,4
3728,"Residential property","Noon to 5 pm","Autumn","No Leash","Attack","Unknown","2019/20",1,2020-04-01,2020,4
3729,"Residential property","Noon to 5 pm","Autumn","No Leash","Attack","Unknown","2020/21",1,2021-04-01,2021,4
3730,"Residential property","Noon to 5 pm","Autumn","No Leash","Attack","Unknown","2021/22",1,2022-04-01,2022,4
3731,"Residential property","Noon to 5 pm","Autumn","No Leash","Attack","Unknown","2022/23",1,2023-04-01,2023,4
3732,"Residential property","Noon to 5 pm","Autumn","No Leash","Harassment","Animal","2020/21",2,2021-04-01,2021,4
3733,"Residential property","Noon to 5 pm","Autumn","No Leash","Harassment","Human","2018/19",1,2019-04-01,2019,4
3734,"Residential property","Noon to 5 pm","Autumn","No Leash","Harassment","Human","2019/20",1,2020-04-01,2020,4
3735,"Residential property","Noon to 5 pm","Autumn","No Leash","Harassment","Human","2020/21",4,2021-04-01,2021,4
3736,"Residential property","Noon to 5 pm","Autumn","No Leash","Harassment","Human","2022/23",1,2023-04-01,2023,4
3737,"Residential property","Noon to 5 pm","Autumn","No Leash","Harassment","Human","2023/24",1,2024-04-01,2024,4
3738,"Residential property","Noon to 5 pm","Autumn","No Leash","Harassment","Unknown","2019/20",1,2020-04-01,2020,4
3739,"Residential property","Noon to 5 pm","Autumn","On a Leash","Attack","Human","2018/19",1,2019-04-01,2019,4
3740,"Residential property","Noon to 5 pm","Autumn","On a Leash","Attack","Human","2023/24",1,2024-04-01,2024,4
3741,"Residential property","Noon to 5 pm","Autumn","Unknown","Attack","Animal","2020/21",1,2021-04-01,2021,4
3742,"Residential property","Noon to 5 pm","Autumn","Unknown","Attack","Animal","2021/22",2,2022-04-01,2022,4
3743,"Residential property","Noon to 5 pm","Autumn","Unknown","Attack","Animal","2022/23",1,2023-04-01,2023,4
3744,"Residential property","Noon to 5 pm","Autumn","Unknown","Attack","Animal","2023/24",2,2024-04-01,2024,4
3746,"Residential property","Noon to 5 pm","Autumn","Unknown","Attack","Human","2019/20",1,2020-04-01,2020,4
3747,"Residential property","Noon to 5 pm","Autumn","Unknown","Attack","Human","2022/23",2,2023-04-01,2023,4
3748,"Residential property","Noon to 5 pm","Autumn","Unknown","Attack","Human","2023/24",1,2024-04-01,2024,4
3749,"Residential property","Noon to 5 pm","Autumn","Unknown","Attack","Unknown","2019/20",1,2020-04-01,2020,4
3750,"Residential property","Noon to 5 pm","Autumn","Unknown","Attack","Unknown","2021/22",1,2022-04-01,2022,4
3751,"Residential property","Noon to 5 pm","Autumn","Unknown","Harassment","Human","2021/22",1,2022-04-01,2022,4
3752,"Residential property","Noon to 5 pm","Autumn","Unknown","Harassment","Unknown","2023/24",1,2024-04-01,2024,4
3753,"Residential property","Noon to 5 pm","Spring","No Leash","Attack","Animal","2018/19",2,2018-10-01,2018,10
3754,"Residential property","Noon to 5 pm","Spring","No Leash","Attack","Animal","2019/20",2,2019-10-01,2019,10
3755,"Residential property","Noon to 5 pm","Spring","No Leash","Attack","Animal","2020/21",3,2020-10-01,2020,10
3756,"Residential property","Noon to 5 pm","Spring","No Leash","Attack","Animal","2021/22",6,2021-10-01,2021,10
3757,"Residential property","Noon to 5 pm","Spring","No Leash","Attack","Animal","2022/23",3,2022-10-01,2022,10
3758,"Residential property","Noon to 5 pm","Spring","No Leash","Attack","Animal","2023/24",3,2023-10-01,2023,10
3759,"Residential property","Noon to 5 pm","Spring","No Leash","Attack","Both","2020/21",1,2020-10-01,2020,10
3760,"Residential property","Noon to 5 pm","Spring","No Leash","Attack","Both","2021/22",1,2021-10-01,2021,10
3761,"Residential property","Noon to 5 pm","Spring","No Leash","Attack","Human","2018/19",1,2018-10-01,2018,10
3762,"Residential property","Noon to 5 pm","Spring","No Leash","Attack","Human","2019/20",5,2019-10-01,2019,10
3763,"Residential property","Noon to 5 pm","Spring","No Leash","Attack","Human","2020/21",1,2020-10-01,2020,10
3764,"Residential property","Noon to 5 pm","Spring","No Leash","Attack","Human","2021/22",3,2021-10-01,2021,10
3765,"Residential property","Noon to 5 pm","Spring","No Leash","Attack","Human","2022/23",2,2022-10-01,2022,10
3766,"Residential property","Noon to 5 pm","Spring","No Leash","Attack","Human","2023/24",1,2023-10-01,2023,10
3767,"Residential property","Noon to 5 pm","Spring","No Leash","Attack","Unknown","2020/21",1,2020-10-01,2020,10
3768,"Residential property","Noon to 5 pm","Spring","No Leash","Attack","Unknown","2021/22",2,2021-10-01,2021,10
3769,"Residential property","Noon to 5 pm","Spring","No Leash","Attack","Unknown","2022/23",1,2022-10-01,2022,10
3770,"Residential property","Noon to 5 pm","Spring","No Leash","Attack","Unknown","2023/24",2,2023-10-01,2023,10
3772,"Residential property","Noon to 5 pm","Spring","No Leash","Harassment","Animal","2019/20",1,2019-10-01,2019,10
3773,"Residential property","Noon to 5 pm","Spring","No Leash","Harassment","Animal","2020/21",2,2020-10-01,2020,10
3774,"Residential property","Noon to 5 pm","Spring","No Leash","Harassment","Animal","2022/23",1,2022-10-01,2022,10
3775,"Residential property","Noon to 5 pm","Spring","No Leash","Harassment","Human","2019/20",1,2019-10-01,2019,10
3776,"Residential property","Noon to 5 pm","Spring","No Leash","Harassment","Human","2020/21",2,2020-10-01,2020,10
3777,"Residential property","Noon to 5 pm","Spring","No Leash","Harassment","Human","2021/22",2,2021-10-01,2021,10
3778,"Residential property","Noon to 5 pm","Spring","No Leash","Harassment","Unknown","2020/21",2,2020-10-01,2020,10
3779,"Residential property","Noon to 5 pm","Spring","No Leash","Harassment","Unknown","2022/23",1,2022-10-01,2022,10
3780,"Residential property","Noon to 5 pm","Spring","On a Leash","Attack","Animal","2022/23",1,2022-10-01,2022,10
3781,"Residential property","Noon to 5 pm","Spring","On a Leash","Attack","Human","2020/21",1,2020-10-01,2020,10
3782,"Residential property","Noon to 5 pm","Spring","Unknown","Attack","Animal","2020/21",1,2020-10-01,2020,10
3783,"Residential property","Noon to 5 pm","Spring","Unknown","Attack","Animal","2022/23",1,2022-10-01,2022,10
3784,"Residential property","Noon to 5 pm","Spring","Unknown","Attack","Animal","2023/24",2,2023-10-01,2023,10
3785,"Residential property","Noon to 5 pm","Spring","Unknown","Attack","Both","2021/22",1,2021-10-01,2021,10
3786,"Residential property","Noon to 5 pm","Spring","Unknown","Attack","Human","2018/19",1,2018-10-01,2018,10
3787,"Residential property","Noon to 5 pm","Spring","Unknown","Attack","Human","2019/20",1,2019-10-01,2019,10
3788,"Residential property","Noon to 5 pm","Spring","Unknown","Attack","Human","2020/21",1,2020-10-01,2020,10
3789,"Residential property","Noon to 5 pm","Spring","Unknown","Attack","Unknown","2018/19",1,2018-10-01,2018,10
3790,"Residential property","Noon to 5 pm","Spring","Unknown","Attack","Unknown","2021/22",1,2021-10-01,2021,10
3791,"Residential property","Noon to 5 pm","Spring","Unknown","Attack","Unknown","2022/23",1,2022-10-01,2022,10
3792,"Residential property","Noon to 5 pm","Spring","Unknown","Attack","Unknown","2023/24",3,2023-10-01,2023,10
3793,"Residential property","Noon to 5 pm","Spring","Unknown","Harassment","Animal","2022/23",1,2022-10-01,2022,10
3795,"Residential property","Noon to 5 pm","Spring","Unknown","Harassment","Human","2019/20",1,2019-10-01,2019,10
3796,"Residential property","Noon to 5 pm","Spring","Unknown","Harassment","Unknown","2019/20",1,2019-10-01,2019,10
3797,"Residential property","Noon to 5 pm","Spring","Unknown","Harassment","Unknown","2022/23",1,2022-10-01,2022,10
3798,"Residential property","Noon to 5 pm","Summer","No Leash","Attack","Animal","2019/20",4,2020-01-01,2020,1
3799,"Residential property","Noon to 5 pm","Summer","No Leash","Attack","Animal","2020/21",4,2021-01-01,2021,1
3800,"Residential property","Noon to 5 pm","Summer","No Leash","Attack","Animal","2021/22",1,2022-01-01,2022,1
3801,"Residential property","Noon to 5 pm","Summer","No Leash","Attack","Animal","2022/23",1,2023-01-01,2023,1
3802,"Residential property","Noon to 5 pm","Summer","No Leash","Attack","Animal","2023/24",1,2024-01-01,2024,1
3804,"Residential property","Noon to 5 pm","Summer","No Leash","Attack","Both","2019/20",2,2020-01-01,2020,1
3805,"Residential property","Noon to 5 pm","Summer","No Leash","Attack","Human","2019/20",2,2020-01-01,2020,1
3806,"Residential property","Noon to 5 pm","Summer","No Leash","Attack","Human","2020/21",2,2021-01-01,2021,1
3807,"Residential property","Noon to 5 pm","Summer","No Leash","Attack","Human","2021/22",2,2022-01-01,2022,1
3808,"Residential property","Noon to 5 pm","Summer","No Leash","Attack","Human","2022/23",2,2023-01-01,2023,1
3809,"Residential property","Noon to 5 pm","Summer","No Leash","Attack","Unknown","2020/21",2,2021-01-01,2021,1
3810,"Residential property","Noon to 5 pm","Summer","No Leash","Attack","Unknown","2021/22",2,2022-01-01,2022,1
3811,"Residential property","Noon to 5 pm","Summer","No Leash","Attack","Unknown","2022/23",4,2023-01-01,2023,1
3812,"Residential property","Noon to 5 pm","Summer","No Leash","Attack","Unknown","2023/24",2,2024-01-01,2024,1
3813,"Residential property","Noon to 5 pm","Summer","No Leash","Harassment","Animal","2018/19",1,2019-01-01,2019,1
3814,"Residential property","Noon to 5 pm","Summer","No Leash","Harassment","Animal","2021/22",1,2022-01-01,2022,1
3815,"Residential property","Noon to 5 pm","Summer","No Leash","Harassment","Animal","2023/24",1,2024-01-01,2024,1
3816,"Residential property","Noon to 5 pm","Summer","No Leash","Harassment","Human","2023/24",1,2024-01-01,2024,1
3817,"Residential property","Noon to 5 pm","Summer","On a Leash","Attack","Unknown","2021/22",1,2022-01-01,2022,1
3818,"Residential property","Noon to 5 pm","Summer","Unknown","Attack","Animal","2018/19",2,2019-01-01,2019,1
3819,"Residential property","Noon to 5 pm","Summer","Unknown","Attack","Animal","2021/22",1,2022-01-01,2022,1
3820,"Residential property","Noon to 5 pm","Summer","Unknown","Attack","Animal","2023/24",1,2024-01-01,2024,1
3821,"Residential property","Noon to 5 pm","Summer","Unknown","Attack","Human","2018/19",1,2019-01-01,2019,1
3822,"Residential property","Noon to 5 pm","Summer","Unknown","Attack","Human","2019/20",2,2020-01-01,2020,1
3823,"Residential property","Noon to 5 pm","Summer","Unknown","Attack","Human","2021/22",1,2022-01-01,2022,1
3824,"Residential property","Noon to 5 pm","Summer","Unknown","Attack","Unknown","2019/20",1,2020-01-01,2020,1
3825,"Residential property","Noon to 5 pm","Summer","Unknown","Attack","Unknown","2021/22",1,2022-01-01,2022,1
3826,"Residential property","Noon to 5 pm","Summer","Unknown","Attack","Unknown","2022/23",2,2023-01-01,2023,1
3827,"Residential property","Noon to 5 pm","Summer","Unknown","Harassment","Animal","2018/19",1,2019-01-01,2019,1
3828,"Residential property","Noon to 5 pm","Summer","Unknown","Harassment","Animal","2023/24",1,2024-01-01,2024,1
3829,"Residential property","Noon to 5 pm","Summer","Unknown","Harassment","Human","2018/19",1,2019-01-01,2019,1
3830,"Residential property","Noon to 5 pm","Summer","Unknown","Harassment","Unknown","2018/19",1,2019-01-01,2019,1
3831,"Residential property","Noon to 5 pm","Summer","Unknown","Harassment","Unknown","2023/24",1,2024-01-01,2024,1
3832,"Residential property","Noon to 5 pm","Winter","No Leash","Attack","Animal","2018/19",6,2018-07-01,2018,7
3833,"Residential property","Noon to 5 pm","Winter","No Leash","Attack","Animal","2019/20",6,2019-07-01,2019,7
3834,"Residential property","Noon to 5 pm","Winter","No Leash","Attack","Animal","2020/21",7,2020-07-01,2020,7
3835,"Residential property","Noon to 5 pm","Winter","No Leash","Attack","Animal","2021/22",5,2021-07-01,2021,7
3836,"Residential property","Noon to 5 pm","Winter","No Leash","Attack","Animal","2022/23",5,2022-07-01,2022,7
3837,"Residential property","Noon to 5 pm","Winter","No Leash","Attack","Animal","2023/24",1,2023-07-01,2023,7
3838,"Residential property","Noon to 5 pm","Winter","No Leash","Attack","Human","2018/19",4,2018-07-01,2018,7
3839,"Residential property","Noon to 5 pm","Winter","No Leash","Attack","Human","2019/20",1,2019-07-01,2019,7
3840,"Residential property","Noon to 5 pm","Winter","No Leash","Attack","Human","2020/21",3,2020-07-01,2020,7
3841,"Residential property","Noon to 5 pm","Winter","No Leash","Attack","Human","2021/22",2,2021-07-01,2021,7
3842,"Residential property","Noon to 5 pm","Winter","No Leash","Attack","Human","2023/24",4,2023-07-01,2023,7
3843,"Residential property","Noon to 5 pm","Winter","No Leash","Attack","Unknown","2018/19",1,2018-07-01,2018,7
3844,"Residential property","Noon to 5 pm","Winter","No Leash","Attack","Unknown","2021/22",1,2021-07-01,2021,7
3845,"Residential property","Noon to 5 pm","Winter","No Leash","Attack","Unknown","2022/23",2,2022-07-01,2022,7
3846,"Residential property","Noon to 5 pm","Winter","No Leash","Attack","Unknown","2023/24",1,2023-07-01,2023,7
3848,"Residential property","Noon to 5 pm","Winter","No Leash","Harassment","Animal","2018/19",1,2018-07-01,2018,7
3849,"Residential property","Noon to 5 pm","Winter","No Leash","Harassment","Animal","2019/20",1,2019-07-01,2019,7
3850,"Residential property","Noon to 5 pm","Winter","No Leash","Harassment","Animal","2021/22",1,2021-07-01,2021,7
3851,"Residential property","Noon to 5 pm","Winter","No Leash","Harassment","Animal","2022/23",1,2022-07-01,2022,7
3852,"Residential property","Noon to 5 pm","Winter","No Leash","Harassment","Human","2018/19",1,2018-07-01,2018,7
3853,"Residential property","Noon to 5 pm","Winter","No Leash","Harassment","Human","2019/20",2,2019-07-01,2019,7
3854,"Residential property","Noon to 5 pm","Winter","No Leash","Harassment","Human","2022/23",4,2022-07-01,2022,7
3855,"Residential property","Noon to 5 pm","Winter","No Leash","Harassment","Human","2023/24",1,2023-07-01,2023,7
3856,"Residential property","Noon to 5 pm","Winter","No Leash","Harassment","Unknown","2018/19",1,2018-07-01,2018,7
3857,"Residential property","Noon to 5 pm","Winter","No Leash","Harassment","Unknown","2019/20",1,2019-07-01,2019,7
3858,"Residential property","Noon to 5 pm","Winter","No Leash","Harassment","Unknown","2021/22",2,2021-07-01,2021,7
3859,"Residential property","Noon to 5 pm","Winter","No Leash","Harassment","Unknown","2022/23",1,2022-07-01,2022,7
3860,"Residential property","Noon to 5 pm","Winter","On a Leash","Attack","Animal","2020/21",1,2020-07-01,2020,7
3861,"Residential property","Noon to 5 pm","Winter","On a Leash","Attack","Animal","2021/22",1,2021-07-01,2021,7
3862,"Residential property","Noon to 5 pm","Winter","On a Leash","Attack","Unknown","2021/22",1,2021-07-01,2021,7
3863,"Residential property","Noon to 5 pm","Winter","On a Leash","Harassment","Animal","2023/24",1,2023-07-01,2023,7
3864,"Residential property","Noon to 5 pm","Winter","Unknown","Attack","Animal","2018/19",2,2018-07-01,2018,7
3865,"Residential property","Noon to 5 pm","Winter","Unknown","Attack","Animal","2019/20",2,2019-07-01,2019,7
3866,"Residential property","Noon to 5 pm","Winter","Unknown","Attack","Animal","2020/21",2,2020-07-01,2020,7
3867,"Residential property","Noon to 5 pm","Winter","Unknown","Attack","Animal","2021/22",3,2021-07-01,2021,7
3868,"Residential property","Noon to 5 pm","Winter","Unknown","Attack","Animal","2023/24",1,2023-07-01,2023,7
3869,"Residential property","Noon to 5 pm","Winter","Unknown","Attack","Human","2018/19",1,2018-07-01,2018,7
3870,"Residential property","Noon to 5 pm","Winter","Unknown","Attack","Human","2019/20",1,2019-07-01,2019,7
3871,"Residential property","Noon to 5 pm","Winter","Unknown","Attack","Human","2022/23",1,2022-07-01,2022,7
3872,"Residential property","Noon to 5 pm","Winter","Unknown","Attack","Unknown","2018/19",1,2018-07-01,2018,7
3873,"Residential property","Noon to 5 pm","Winter","Unknown","Attack","Unknown","2020/21",3,2020-07-01,2020,7
3874,"Residential property","Noon to 5 pm","Winter","Unknown","Attack","Unknown","2022/23",1,2022-07-01,2022,7
3875,"Residential property","Noon to 5 pm","Winter","Unknown","Attack","Unknown","2023/24",2,2023-07-01,2023,7
3876,"Residential property","Noon to 5 pm","Winter","Unknown","Harassment","Animal","2020/21",1,2020-07-01,2020,7
3877,"Residential property","Noon to 5 pm","Winter","Unknown","Harassment","Animal","2022/23",2,2022-07-01,2022,7
3878,"Residential property","Noon to 5 pm","Winter","Unknown","Harassment","Human","2019/20",1,2019-07-01,2019,7
3879,"Residential property","Noon to 5 pm","Winter","Unknown","Harassment","Human","2022/23",1,2022-07-01,2022,7
3880,"Residential property","Noon to 5 pm","Winter","Unknown","Harassment","Human","2023/24",1,2023-07-01,2023,7
3881,"Residential property","Noon to 5 pm","Winter","Unknown","Harassment","Unknown","2022/23",1,2022-07-01,2022,7
3882,"Residential property","Unknown","Autumn","No Leash","Attack","Animal","2018/19",3,2019-04-01,2019,4
3883,"Residential property","Unknown","Autumn","No Leash","Attack","Animal","2020/21",1,2021-04-01,2021,4
3884,"Residential property","Unknown","Autumn","No Leash","Attack","Animal","2021/22",2,2022-04-01,2022,4
3886,"Residential property","Unknown","Autumn","No Leash","Attack","Human","2018/19",1,2019-04-01,2019,4
3887,"Residential property","Unknown","Autumn","No Leash","Attack","Human","2019/20",1,2020-04-01,2020,4
3888,"Residential property","Unknown","Autumn","No Leash","Attack","Human","2021/22",2,2022-04-01,2022,4
3889,"Residential property","Unknown","Autumn","No Leash","Attack","Human","2022/23",2,2023-04-01,2023,4
3891,"Residential property","Unknown","Autumn","No Leash","Harassment","Animal","2019/20",2,2020-04-01,2020,4
3892,"Residential property","Unknown","Autumn","No Leash","Harassment","Animal","2020/21",1,2021-04-01,2021,4
3893,"Residential property","Unknown","Autumn","No Leash","Harassment","Unknown","2019/20",1,2020-04-01,2020,4
3894,"Residential property","Unknown","Autumn","On a Leash","Attack","Human","2018/19",1,2019-04-01,2019,4
3895,"Residential property","Unknown","Autumn","On a Leash","Attack","Unknown","2018/19",1,2019-04-01,2019,4
3897,"Residential property","Unknown","Autumn","On a Leash","Harassment","Human","2018/19",1,2019-04-01,2019,4
3898,"Residential property","Unknown","Autumn","Unknown","Attack","Animal","2018/19",1,2019-04-01,2019,4
3899,"Residential property","Unknown","Autumn","Unknown","Attack","Animal","2019/20",1,2020-04-01,2020,4
3900,"Residential property","Unknown","Autumn","Unknown","Attack","Animal","2021/22",2,2022-04-01,2022,4
3901,"Residential property","Unknown","Autumn","Unknown","Attack","Animal","2022/23",1,2023-04-01,2023,4
3902,"Residential property","Unknown","Autumn","Unknown","Attack","Human","2021/22",1,2022-04-01,2022,4
3903,"Residential property","Unknown","Autumn","Unknown","Attack","Unknown","2019/20",1,2020-04-01,2020,4
3904,"Residential property","Unknown","Autumn","Unknown","Attack","Unknown","2022/23",1,2023-04-01,2023,4
3906,"Residential property","Unknown","Autumn","Unknown","Harassment","Unknown","2022/23",3,2023-04-01,2023,4
3907,"Residential property","Unknown","Spring","No Leash","Attack","Animal","2019/20",2,2019-10-01,2019,10
3908,"Residential property","Unknown","Spring","No Leash","Attack","Animal","2020/21",1,2020-10-01,2020,10
3909,"Residential property","Unknown","Spring","No Leash","Attack","Animal","2021/22",2,2021-10-01,2021,10
3910,"Residential property","Unknown","Spring","No Leash","Attack","Animal","2023/24",1,2023-10-01,2023,10
3912,"Residential property","Unknown","Spring","No Leash","Attack","Human","2018/19",1,2018-10-01,2018,10
3913,"Residential property","Unknown","Spring","No Leash","Attack","Human","2020/21",2,2020-10-01,2020,10
3914,"Residential property","Unknown","Spring","No Leash","Attack","Human","2021/22",1,2021-10-01,2021,10
3915,"Residential property","Unknown","Spring","No Leash","Attack","Human","2022/23",1,2022-10-01,2022,10
3916,"Residential property","Unknown","Spring","No Leash","Attack","Unknown","2020/21",1,2020-10-01,2020,10
3917,"Residential property","Unknown","Spring","No Leash","Attack","Unknown","2021/22",1,2021-10-01,2021,10
3918,"Residential property","Unknown","Spring","No Leash","Attack","Unknown","2022/23",2,2022-10-01,2022,10
3919,"Residential property","Unknown","Spring","No Leash","Attack","Unknown","2023/24",1,2023-10-01,2023,10
3921,"Residential property","Unknown","Spring","No Leash","Harassment","Human","2018/19",2,2018-10-01,2018,10
3922,"Residential property","Unknown","Spring","No Leash","Harassment","Human","2019/20",2,2019-10-01,2019,10
3923,"Residential property","Unknown","Spring","No Leash","Harassment","Human","2020/21",1,2020-10-01,2020,10
3925,"Residential property","Unknown","Spring","No Leash","Harassment","Unknown","2022/23",1,2022-10-01,2022,10
3926,"Residential property","Unknown","Spring","On a Leash","Attack","Human","2022/23",1,2022-10-01,2022,10
3927,"Residential property","Unknown","Spring","Unknown","Attack","Animal","2018/19",1,2018-10-01,2018,10
3928,"Residential property","Unknown","Spring","Unknown","Attack","Animal","2020/21",1,2020-10-01,2020,10
3929,"Residential property","Unknown","Spring","Unknown","Attack","Animal","2021/22",2,2021-10-01,2021,10
3930,"Residential property","Unknown","Spring","Unknown","Attack","Animal","2023/24",1,2023-10-01,2023,10
3931,"Residential property","Unknown","Spring","Unknown","Attack","Human","2020/21",1,2020-10-01,2020,10
3932,"Residential property","Unknown","Spring","Unknown","Attack","Unknown","2020/21",2,2020-10-01,2020,10
3933,"Residential property","Unknown","Spring","Unknown","Attack","Unknown","2023/24",1,2023-10-01,2023,10
3934,"Residential property","Unknown","Spring","Unknown","Harassment","Animal","2019/20",1,2019-10-01,2019,10
3935,"Residential property","Unknown","Spring","Unknown","Harassment","Human","2018/19",1,2018-10-01,2018,10
3936,"Residential property","Unknown","Spring","Unknown","Harassment","Human","2019/20",1,2019-10-01,2019,10
3937,"Residential property","Unknown","Summer","No Leash","Attack","Animal","2018/19",2,2019-01-01,2019,1
3938,"Residential property","Unknown","Summer","No Leash","Attack","Animal","2022/23",1,2023-01-01,2023,1
3939,"Residential property","Unknown","Summer","No Leash","Attack","Human","2022/23",1,2023-01-01,2023,1
3940,"Residential property","Unknown","Summer","No Leash","Attack","Unknown","2020/21",1,2021-01-01,2021,1
3941,"Residential property","Unknown","Summer","No Leash","Attack","Unknown","2022/23",2,2023-01-01,2023,1
3942,"Residential property","Unknown","Summer","No Leash","Harassment","Animal","2018/19",1,2019-01-01,2019,1
3943,"Residential property","Unknown","Summer","No Leash","Harassment","Animal","2022/23",1,2023-01-01,2023,1
3945,"Residential property","Unknown","Summer","On a Leash","Attack","Animal","2020/21",1,2021-01-01,2021,1
3946,"Residential property","Unknown","Summer","On a Leash","Harassment","Animal","2020/21",1,2021-01-01,2021,1
3947,"Residential property","Unknown","Summer","Unknown","Attack","Animal","2018/19",1,2019-01-01,2019,1
3948,"Residential property","Unknown","Summer","Unknown","Attack","Human","2019/20",1,2020-01-01,2020,1
3949,"Residential property","Unknown","Summer","Unknown","Attack","Unknown","2018/19",1,2019-01-01,2019,1
3950,"Residential property","Unknown","Summer","Unknown","Attack","Unknown","2020/21",1,2021-01-01,2021,1
3951,"Residential property","Unknown","Summer","Unknown","Attack","Unknown","2022/23",2,2023-01-01,2023,1
3952,"Residential property","Unknown","Summer","Unknown","Harassment","Animal","2021/22",1,2022-01-01,2022,1
3953,"Residential property","Unknown","Summer","Unknown","Harassment","Unknown","2022/23",1,2023-01-01,2023,1
3954,"Residential property","Unknown","Winter","No Leash","Attack","Animal","2018/19",2,2018-07-01,2018,7
3955,"Residential property","Unknown","Winter","No Leash","Attack","Animal","2019/20",2,2019-07-01,2019,7
3956,"Residential property","Unknown","Winter","No Leash","Attack","Animal","2020/21",2,2020-07-01,2020,7
3957,"Residential property","Unknown","Winter","No Leash","Attack","Animal","2022/23",1,2022-07-01,2022,7
3958,"Residential property","Unknown","Winter","No Leash","Attack","Animal","2023/24",1,2023-07-01,2023,7
3960,"Residential property","Unknown","Winter","No Leash","Attack","Human","2019/20",1,2019-07-01,2019,7
3961,"Residential property","Unknown","Winter","No Leash","Attack","Human","2023/24",2,2023-07-01,2023,7
3962,"Residential property","Unknown","Winter","No Leash","Attack","Unknown","2019/20",2,2019-07-01,2019,7
3963,"Residential property","Unknown","Winter","No Leash","Attack","Unknown","2022/23",1,2022-07-01,2022,7
3964,"Residential property","Unknown","Winter","No Leash","Harassment","Human","2022/23",1,2022-07-01,2022,7
3965,"Residential property","Unknown","Winter","No Leash","Harassment","Human","2023/24",1,2023-07-01,2023,7
3967,"Residential property","Unknown","Winter","No Leash","Harassment","Unknown","2023/24",1,2023-07-01,2023,7
3968,"Residential property","Unknown","Winter","On a Leash","Attack","Human","2022/23",1,2022-07-01,2022,7
3970,"Residential property","Unknown","Winter","Unknown","Attack","Human","2020/21",1,2020-07-01,2020,7
3971,"Residential property","Unknown","Winter","Unknown","Attack","Human","2022/23",1,2022-07-01,2022,7
3972,"Residential property","Unknown","Winter","Unknown","Attack","Unknown","2021/22",2,2021-07-01,2021,7
3973,"Residential property","Unknown","Winter","Unknown","Attack","Unknown","2022/23",1,2022-07-01,2022,7
3974,"Residential property","Unknown","Winter","Unknown","Attack","Unknown","2023/24",1,2023-07-01,2023,7
3975,"Residential property","Unknown","Winter","Unknown","Harassment","Human","2022/23",1,2022-07-01,2022,7
3976,"Residential property","Unknown","Winter","Unknown","Harassment","Unknown","2019/20",1,2019-07-01,2019,7
3977,"Residential property","Unknown","Winter","Unknown","Harassment","Unknown","2023/24",2,2023-07-01,2023,7
3978,"School","5 pm to 8 pm","Autumn","No Leash","Attack","Animal","2020/21",1,2021-04-01,2021,4
3979,"School","5 pm to 8 pm","Autumn","No Leash","Attack","Human","2020/21",1,2021-04-01,2021,4
3980,"School","5 pm to 8 pm","Autumn","Unknown","Attack","Human","2022/23",1,2023-04-01,2023,4
3981,"School","5 pm to 8 pm","Spring","No Leash","Attack","Animal","2022/23",1,2022-10-01,2022,10
3982,"School","5 pm to 8 pm","Spring","Unknown","Attack","Animal","2023/24",1,2023-10-01,2023,10
3983,"School","5 pm to 8 pm","Spring","Unknown","Attack","Human","2019/20",1,2019-10-01,2019,10
3984,"School","5 pm to 8 pm","Summer","No Leash","Harassment","Unknown","2020/21",1,2021-01-01,2021,1
3985,"School","5 pm to 8 pm","Summer","On a Leash","Attack","Animal","2019/20",1,2020-01-01,2020,1
3986,"School","5 pm to 8 pm","Summer","Unknown","Attack","Human","2022/23",1,2023-01-01,2023,1
3987,"School","5 pm to 8 pm","Summer","Unknown","Attack","Unknown","2020/21",1,2021-01-01,2021,1
3988,"School","5 pm to 8 pm","Summer","Unknown","Harassment","Human","2023/24",1,2024-01-01,2024,1
3989,"School","5 pm to 8 pm","Summer","Unknown","Harassment","Unknown","2020/21",1,2021-01-01,2021,1
3990,"School","6 am to 9 am","Autumn","Unknown","Attack","Unknown","2019/20",1,2020-04-01,2020,4
3991,"School","8 pm to 10 pm","Spring","Unknown","Attack","Animal","2023/24",1,2023-10-01,2023,10
3992,"School","9 am to Noon","Autumn","No Leash","Attack","Human","2022/23",1,2023-04-01,2023,4
3993,"School","9 am to Noon","Autumn","Unknown","Attack","Unknown","2019/20",1,2020-04-01,2020,4
3994,"School","9 am to Noon","Spring","No Leash","Attack","Human","2018/19",1,2018-10-01,2018,10
3995,"School","9 am to Noon","Spring","No Leash","Attack","Unknown","2019/20",2,2019-10-01,2019,10
3996,"School","9 am to Noon","Spring","Unknown","Attack","Animal","2019/20",1,2019-10-01,2019,10
3997,"School","9 am to Noon","Summer","No Leash","Harassment","Unknown","2019/20",1,2020-01-01,2020,1
3998,"School","9 am to Noon","Summer","No Leash","Harassment","Unknown","2020/21",1,2021-01-01,2021,1
3999,"School","Noon to 5 pm","Autumn","No Leash","Attack","Human","2019/20",1,2020-04-01,2020,4
4000,"School","Noon to 5 pm","Autumn","No Leash","Attack","Human","2022/23",1,2023-04-01,2023,4
4001,"School","Noon to 5 pm","Autumn","Unknown","Attack","Animal","2018/19",1,2019-04-01,2019,4
4002,"School","Noon to 5 pm","Spring","No Leash","Harassment","Animal","2019/20",1,2019-10-01,2019,10
4003,"School","Noon to 5 pm","Spring","Unknown","Attack","Unknown","2022/23",1,2022-10-01,2022,10
4004,"School","Noon to 5 pm","Winter","No Leash","Attack","Human","2021/22",1,2021-07-01,2021,7
4005,"School","Noon to 5 pm","Winter","Unknown","Harassment","Unknown","2021/22",1,2021-07-01,2021,7
4006,"School","Unknown","Winter","Unknown","Attack","Unknown","2021/22",1,2021-07-01,2021,7
4007,"Street","5 pm to 8 pm","Autumn","No Leash","Attack","Animal","2019/20",1,2020-04-01,2020,4
4008,"Street","5 pm to 8 pm","Autumn","No Leash","Attack","Animal","2021/22",1,2022-04-01,2022,4
4009,"Street","5 pm to 8 pm","Autumn","No Leash","Attack","Animal","2022/23",1,2023-04-01,2023,4
4010,"Street","5 pm to 8 pm","Autumn","No Leash","Attack","Animal","2023/24",1,2024-04-01,2024,4
4012,"Street","5 pm to 8 pm","Autumn","No Leash","Attack","Both","2021/22",1,2022-04-01,2022,4
4013,"Street","5 pm to 8 pm","Autumn","No Leash","Attack","Human","2021/22",3,2022-04-01,2022,4
4014,"Street","5 pm to 8 pm","Autumn","No Leash","Attack","Human","2022/23",1,2023-04-01,2023,4
4015,"Street","5 pm to 8 pm","Autumn","No Leash","Attack","Human","2023/24",1,2024-04-01,2024,4
4016,"Street","5 pm to 8 pm","Autumn","No Leash","Attack","Unknown","2018/19",1,2019-04-01,2019,4
4017,"Street","5 pm to 8 pm","Autumn","No Leash","Harassment","Animal","2018/19",2,2019-04-01,2019,4
4018,"Street","5 pm to 8 pm","Autumn","No Leash","Harassment","Human","2020/21",1,2021-04-01,2021,4
4019,"Street","5 pm to 8 pm","Autumn","No Leash","Harassment","Human","2021/22",1,2022-04-01,2022,4
4020,"Street","5 pm to 8 pm","Autumn","No Leash","Harassment","Human","2022/23",3,2023-04-01,2023,4
4022,"Street","5 pm to 8 pm","Autumn","No Leash","Harassment","Unknown","2021/22",1,2022-04-01,2022,4
4023,"Street","5 pm to 8 pm","Autumn","On a Leash","Attack","Animal","2022/23",1,2023-04-01,2023,4
4025,"Street","5 pm to 8 pm","Autumn","On a Leash","Attack","Human","2018/19",1,2019-04-01,2019,4
4026,"Street","5 pm to 8 pm","Autumn","On a Leash","Attack","Human","2020/21",1,2021-04-01,2021,4
4027,"Street","5 pm to 8 pm","Autumn","On a Leash","Attack","Human","2021/22",1,2022-04-01,2022,4
4028,"Street","5 pm to 8 pm","Autumn","On a Leash","Harassment","Unknown","2022/23",1,2023-04-01,2023,4
4029,"Street","5 pm to 8 pm","Autumn","Unknown","Attack","Animal","2018/19",1,2019-04-01,2019,4
4030,"Street","5 pm to 8 pm","Autumn","Unknown","Attack","Animal","2022/23",1,2023-04-01,2023,4
4031,"Street","5 pm to 8 pm","Autumn","Unknown","Attack","Both","2023/24",1,2024-04-01,2024,4
4032,"Street","5 pm to 8 pm","Autumn","Unknown","Attack","Unknown","2022/23",1,2023-04-01,2023,4
4033,"Street","5 pm to 8 pm","Autumn","Unknown","Harassment","Human","2022/23",1,2023-04-01,2023,4
4034,"Street","5 pm to 8 pm","Autumn","Unknown","Harassment","Human","2023/24",1,2024-04-01,2024,4
4035,"Street","5 pm to 8 pm","Autumn","Unknown","Harassment","Unknown","2020/21",1,2021-04-01,2021,4
4036,"Street","5 pm to 8 pm","Autumn","Unknown","Harassment","Unknown","2022/23",1,2023-04-01,2023,4
4038,"Street","5 pm to 8 pm","Spring","No Leash","Attack","Animal","2019/20",3,2019-10-01,2019,10
4039,"Street","5 pm to 8 pm","Spring","No Leash","Attack","Animal","2020/21",2,2020-10-01,2020,10
4040,"Street","5 pm to 8 pm","Spring","No Leash","Attack","Animal","2021/22",3,2021-10-01,2021,10
4041,"Street","5 pm to 8 pm","Spring","No Leash","Attack","Animal","2023/24",2,2023-10-01,2023,10
4042,"Street","5 pm to 8 pm","Spring","No Leash","Attack","Both","2021/22",1,2021-10-01,2021,10
4043,"Street","5 pm to 8 pm","Spring","No Leash","Attack","Human","2023/24",1,2023-10-01,2023,10
4044,"Street","5 pm to 8 pm","Spring","No Leash","Attack","Unknown","2021/22",1,2021-10-01,2021,10
4045,"Street","5 pm to 8 pm","Spring","No Leash","Attack","Unknown","2022/23",1,2022-10-01,2022,10
4046,"Street","5 pm to 8 pm","Spring","No Leash","Harassment","Animal","2022/23",2,2022-10-01,2022,10
4047,"Street","5 pm to 8 pm","Spring","No Leash","Harassment","Animal","2023/24",1,2023-10-01,2023,10
4048,"Street","5 pm to 8 pm","Spring","No Leash","Harassment","Human","2018/19",2,2018-10-01,2018,10
4049,"Street","5 pm to 8 pm","Spring","No Leash","Harassment","Human","2021/22",2,2021-10-01,2021,10
4050,"Street","5 pm to 8 pm","Spring","No Leash","Harassment","Unknown","2022/23",1,2022-10-01,2022,10
4051,"Street","5 pm to 8 pm","Spring","On a Leash","Attack","Animal","2018/19",2,2018-10-01,2018,10
4052,"Street","5 pm to 8 pm","Spring","On a Leash","Attack","Human","2020/21",1,2020-10-01,2020,10
4053,"Street","5 pm to 8 pm","Spring","On a Leash","Attack","Unknown","2020/21",1,2020-10-01,2020,10
4054,"Street","5 pm to 8 pm","Spring","Unknown","Attack","Animal","2020/21",1,2020-10-01,2020,10
4055,"Street","5 pm to 8 pm","Spring","Unknown","Attack","Human","2022/23",1,2022-10-01,2022,10
4056,"Street","5 pm to 8 pm","Spring","Unknown","Attack","Human","2023/24",1,2023-10-01,2023,10
4057,"Street","5 pm to 8 pm","Spring","Unknown","Attack","Unknown","2019/20",1,2019-10-01,2019,10
4058,"Street","5 pm to 8 pm","Spring","Unknown","Attack","Unknown","2023/24",1,2023-10-01,2023,10
4059,"Street","5 pm to 8 pm","Spring","Unknown","Harassment","Animal","2019/20",1,2019-10-01,2019,10
4060,"Street","5 pm to 8 pm","Spring","Unknown","Harassment","Human","2022/23",1,2022-10-01,2022,10
4061,"Street","5 pm to 8 pm","Spring","Unknown","Harassment","Human","2023/24",1,2023-10-01,2023,10
4062,"Street","5 pm to 8 pm","Spring","Unknown","Harassment","Unknown","2018/19",1,2018-10-01,2018,10
4063,"Street","5 pm to 8 pm","Spring","Unknown","Harassment","Unknown","2023/24",1,2023-10-01,2023,10
4064,"Street","5 pm to 8 pm","Summer","No Leash","Attack","Animal","2018/19",5,2019-01-01,2019,1
4065,"Street","5 pm to 8 pm","Summer","No Leash","Attack","Animal","2020/21",1,2021-01-01,2021,1
4066,"Street","5 pm to 8 pm","Summer","No Leash","Attack","Animal","2021/22",1,2022-01-01,2022,1
4067,"Street","5 pm to 8 pm","Summer","No Leash","Attack","Animal","2022/23",2,2023-01-01,2023,1
4068,"Street","5 pm to 8 pm","Summer","No Leash","Attack","Animal","2023/24",2,2024-01-01,2024,1
4070,"Street","5 pm to 8 pm","Summer","No Leash","Attack","Human","2018/19",1,2019-01-01,2019,1
4071,"Street","5 pm to 8 pm","Summer","No Leash","Attack","Human","2020/21",4,2021-01-01,2021,1
4072,"Street","5 pm to 8 pm","Summer","No Leash","Attack","Human","2021/22",2,2022-01-01,2022,1
4073,"Street","5 pm to 8 pm","Summer","No Leash","Attack","Human","2022/23",2,2023-01-01,2023,1
4074,"Street","5 pm to 8 pm","Summer","No Leash","Attack","Human","2023/24",1,2024-01-01,2024,1
4075,"Street","5 pm to 8 pm","Summer","No Leash","Attack","Unknown","2018/19",1,2019-01-01,2019,1
4076,"Street","5 pm to 8 pm","Summer","No Leash","Attack","Unknown","2021/22",1,2022-01-01,2022,1
4077,"Street","5 pm to 8 pm","Summer","No Leash","Harassment","Animal","2019/20",1,2020-01-01,2020,1
4079,"Street","5 pm to 8 pm","Summer","No Leash","Harassment","Human","2019/20",1,2020-01-01,2020,1
4080,"Street","5 pm to 8 pm","Summer","No Leash","Harassment","Unknown","2019/20",1,2020-01-01,2020,1
4081,"Street","5 pm to 8 pm","Summer","No Leash","Harassment","Unknown","2021/22",2,2022-01-01,2022,1
4082,"Street","5 pm to 8 pm","Summer","On a Leash","Attack","Animal","2021/22",2,2022-01-01,2022,1
4083,"Street","5 pm to 8 pm","Summer","On a Leash","Attack","Human","2022/23",1,2023-01-01,2023,1
4084,"Street","5 pm to 8 pm","Summer","Unknown","Attack","Animal","2018/19",1,2019-01-01,2019,1
4085,"Street","5 pm to 8 pm","Summer","Unknown","Attack","Animal","2020/21",1,2021-01-01,2021,1
4086,"Street","5 pm to 8 pm","Summer","Unknown","Attack","Animal","2023/24",1,2024-01-01,2024,1
4087,"Street","5 pm to 8 pm","Summer","Unknown","Attack","Human","2023/24",2,2024-01-01,2024,1
4088,"Street","5 pm to 8 pm","Summer","Unknown","Attack","Unknown","2020/21",1,2021-01-01,2021,1
4089,"Street","5 pm to 8 pm","Summer","Unknown","Harassment","Animal","2021/22",1,2022-01-01,2022,1
4090,"Street","5 pm to 8 pm","Summer","Unknown","Harassment","Animal","2022/23",1,2023-01-01,2023,1
4091,"Street","5 pm to 8 pm","Summer","Unknown","Harassment","Animal","2023/24",1,2024-01-01,2024,1
4092,"Street","5 pm to 8 pm","Winter","No Leash","Attack","Animal","2018/19",2,2018-07-01,2018,7
4093,"Street","5 pm to 8 pm","Winter","No Leash","Attack","Animal","2019/20",2,2019-07-01,2019,7
4094,"Street","5 pm to 8 pm","Winter","No Leash","Attack","Animal","2022/23",2,2022-07-01,2022,7
4095,"Street","5 pm to 8 pm","Winter","No Leash","Attack","Animal","2023/24",3,2023-07-01,2023,7
4096,"Street","5 pm to 8 pm","Winter","No Leash","Attack","Both","2023/24",1,2023-07-01,2023,7
4097,"Street","5 pm to 8 pm","Winter","No Leash","Attack","Human","2019/20",2,2019-07-01,2019,7
4098,"Street","5 pm to 8 pm","Winter","No Leash","Attack","Human","2020/21",1,2020-07-01,2020,7
4099,"Street","5 pm to 8 pm","Winter","No Leash","Attack","Unknown","2020/21",1,2020-07-01,2020,7
4100,"Street","5 pm to 8 pm","Winter","No Leash","Harassment","Animal","2022/23",1,2022-07-01,2022,7
4101,"Street","5 pm to 8 pm","Winter","No Leash","Harassment","Animal","2023/24",1,2023-07-01,2023,7
4102,"Street","5 pm to 8 pm","Winter","No Leash","Harassment","Human","2019/20",2,2019-07-01,2019,7
4103,"Street","5 pm to 8 pm","Winter","No Leash","Harassment","Human","2020/21",1,2020-07-01,2020,7
4104,"Street","5 pm to 8 pm","Winter","No Leash","Harassment","Unknown","2019/20",1,2019-07-01,2019,7
4105,"Street","5 pm to 8 pm","Winter","On a Leash","Attack","Animal","2019/20",1,2019-07-01,2019,7
4106,"Street","5 pm to 8 pm","Winter","On a Leash","Attack","Human","2020/21",1,2020-07-01,2020,7
4107,"Street","5 pm to 8 pm","Winter","Unknown","Attack","Animal","2022/23",1,2022-07-01,2022,7
4108,"Street","5 pm to 8 pm","Winter","Unknown","Attack","Both","2023/24",1,2023-07-01,2023,7
4109,"Street","5 pm to 8 pm","Winter","Unknown","Attack","Human","2023/24",1,2023-07-01,2023,7
4110,"Street","5 pm to 8 pm","Winter","Unknown","Attack","Unknown","2018/19",1,2018-07-01,2018,7
4111,"Street","5 pm to 8 pm","Winter","Unknown","Attack","Unknown","2019/20",1,2019-07-01,2019,7
4112,"Street","5 pm to 8 pm","Winter","Unknown","Attack","Unknown","2022/23",1,2022-07-01,2022,7
4113,"Street","5 pm to 8 pm","Winter","Unknown","Harassment","Human","2019/20",1,2019-07-01,2019,7
4114,"Street","5 pm to 8 pm","Winter","Unknown","Harassment","Unknown","2018/19",1,2018-07-01,2018,7
4115,"Street","5 pm to 8 pm","Winter","Unknown","Harassment","Unknown","2019/20",2,2019-07-01,2019,7
4116,"Street","6 am to 9 am","Autumn","No Leash","Attack","Animal","2020/21",1,2021-04-01,2021,4
4117,"Street","6 am to 9 am","Autumn","No Leash","Attack","Animal","2022/23",2,2023-04-01,2023,4
4118,"Street","6 am to 9 am","Autumn","No Leash","Attack","Animal","2023/24",2,2024-04-01,2024,4
4119,"Street","6 am to 9 am","Autumn","No Leash","Attack","Human","2020/21",1,2021-04-01,2021,4
4120,"Street","6 am to 9 am","Autumn","No Leash","Attack","Human","2023/24",1,2024-04-01,2024,4
4121,"Street","6 am to 9 am","Autumn","No Leash","Attack","Unknown","2018/19",1,2019-04-01,2019,4
4122,"Street","6 am to 9 am","Autumn","No Leash","Attack","Unknown","2020/21",1,2021-04-01,2021,4
4123,"Street","6 am to 9 am","Autumn","No Leash","Attack","Unknown","2021/22",2,2022-04-01,2022,4
4124,"Street","6 am to 9 am","Autumn","No Leash","Harassment","Human","2018/19",2,2019-04-01,2019,4
4125,"Street","6 am to 9 am","Autumn","No Leash","Harassment","Human","2020/21",2,2021-04-01,2021,4
4126,"Street","6 am to 9 am","Autumn","No Leash","Harassment","Human","2021/22",2,2022-04-01,2022,4
4127,"Street","6 am to 9 am","Autumn","No Leash","Harassment","Human","2022/23",1,2023-04-01,2023,4
4128,"Street","6 am to 9 am","Autumn","No Leash","Harassment","Unknown","2022/23",1,2023-04-01,2023,4
4129,"Street","6 am to 9 am","Autumn","On a Leash","Attack","Animal","2019/20",1,2020-04-01,2020,4
4130,"Street","6 am to 9 am","Autumn","On a Leash","Attack","Animal","2020/21",1,2021-04-01,2021,4
4131,"Street","6 am to 9 am","Autumn","On a Leash","Attack","Animal","2022/23",2,2023-04-01,2023,4
4132,"Street","6 am to 9 am","Autumn","On a Leash","Harassment","Animal","2023/24",1,2024-04-01,2024,4
4133,"Street","6 am to 9 am","Autumn","Unknown","Attack","Animal","2020/21",1,2021-04-01,2021,4
4134,"Street","6 am to 9 am","Autumn","Unknown","Attack","Unknown","2021/22",1,2022-04-01,2022,4
4135,"Street","6 am to 9 am","Spring","No Leash","Attack","Animal","2019/20",2,2019-10-01,2019,10
4136,"Street","6 am to 9 am","Spring","No Leash","Attack","Animal","2021/22",3,2021-10-01,2021,10
4137,"Street","6 am to 9 am","Spring","No Leash","Attack","Animal","2022/23",1,2022-10-01,2022,10
4138,"Street","6 am to 9 am","Spring","No Leash","Attack","Human","2019/20",1,2019-10-01,2019,10
4139,"Street","6 am to 9 am","Spring","No Leash","Attack","Unknown","2019/20",2,2019-10-01,2019,10
4140,"Street","6 am to 9 am","Spring","No Leash","Harassment","Animal","2018/19",1,2018-10-01,2018,10
4141,"Street","6 am to 9 am","Spring","No Leash","Harassment","Animal","2021/22",1,2021-10-01,2021,10
4142,"Street","6 am to 9 am","Spring","No Leash","Harassment","Animal","2022/23",1,2022-10-01,2022,10
4143,"Street","6 am to 9 am","Spring","No Leash","Harassment","Animal","2023/24",1,2023-10-01,2023,10
4144,"Street","6 am to 9 am","Spring","No Leash","Harassment","Human","2021/22",1,2021-10-01,2021,10
4145,"Street","6 am to 9 am","Spring","No Leash","Harassment","Human","2022/23",1,2022-10-01,2022,10
4146,"Street","6 am to 9 am","Spring","No Leash","Harassment","Unknown","2019/20",1,2019-10-01,2019,10
4147,"Street","6 am to 9 am","Spring","No Leash","Harassment","Unknown","2020/21",1,2020-10-01,2020,10
4148,"Street","6 am to 9 am","Spring","No Leash","Harassment","Unknown","2021/22",1,2021-10-01,2021,10
4149,"Street","6 am to 9 am","Spring","Unknown","Attack","Unknown","2022/23",1,2022-10-01,2022,10
4150,"Street","6 am to 9 am","Spring","Unknown","Harassment","Human","2018/19",1,2018-10-01,2018,10
4151,"Street","6 am to 9 am","Spring","Unknown","Harassment","Human","2019/20",1,2019-10-01,2019,10
4152,"Street","6 am to 9 am","Spring","Unknown","Harassment","Unknown","2022/23",1,2022-10-01,2022,10
4153,"Street","6 am to 9 am","Summer","No Leash","Attack","Animal","2018/19",4,2019-01-01,2019,1
4154,"Street","6 am to 9 am","Summer","No Leash","Attack","Animal","2020/21",1,2021-01-01,2021,1
4155,"Street","6 am to 9 am","Summer","No Leash","Attack","Animal","2021/22",3,2022-01-01,2022,1
4156,"Street","6 am to 9 am","Summer","No Leash","Attack","Animal","2022/23",1,2023-01-01,2023,1
4157,"Street","6 am to 9 am","Summer","No Leash","Attack","Animal","2023/24",1,2024-01-01,2024,1
4158,"Street","6 am to 9 am","Summer","No Leash","Attack","Both","2022/23",1,2023-01-01,2023,1
4159,"Street","6 am to 9 am","Summer","No Leash","Attack","Human","2018/19",1,2019-01-01,2019,1
4160,"Street","6 am to 9 am","Summer","No Leash","Attack","Human","2022/23",3,2023-01-01,2023,1
4161,"Street","6 am to 9 am","Summer","No Leash","Attack","Human","2023/24",1,2024-01-01,2024,1
4162,"Street","6 am to 9 am","Summer","No Leash","Attack","Unknown","2019/20",2,2020-01-01,2020,1
4163,"Street","6 am to 9 am","Summer","No Leash","Attack","Unknown","2020/21",1,2021-01-01,2021,1
4164,"Street","6 am to 9 am","Summer","No Leash","Attack","Unknown","2021/22",1,2022-01-01,2022,1
4165,"Street","6 am to 9 am","Summer","No Leash","Attack","Unknown","2023/24",2,2024-01-01,2024,1
4166,"Street","6 am to 9 am","Summer","No Leash","Harassment","Animal","2018/19",1,2019-01-01,2019,1
4167,"Street","6 am to 9 am","Summer","No Leash","Harassment","Animal","2022/23",1,2023-01-01,2023,1
4168,"Street","6 am to 9 am","Summer","No Leash","Harassment","Human","2023/24",1,2024-01-01,2024,1
4169,"Street","6 am to 9 am","Summer","No Leash","Harassment","Unknown","2023/24",1,2024-01-01,2024,1
4170,"Street","6 am to 9 am","Summer","Unknown","Attack","Animal","2018/19",1,2019-01-01,2019,1
4171,"Street","6 am to 9 am","Summer","Unknown","Attack","Animal","2023/24",1,2024-01-01,2024,1
4173,"Street","6 am to 9 am","Summer","Unknown","Attack","Human","2018/19",1,2019-01-01,2019,1
4174,"Street","6 am to 9 am","Summer","Unknown","Attack","Unknown","2023/24",1,2024-01-01,2024,1
4175,"Street","6 am to 9 am","Summer","Unknown","Harassment","Human","2020/21",1,2021-01-01,2021,1
4176,"Street","6 am to 9 am","Summer","Unknown","Harassment","Unknown","2023/24",3,2024-01-01,2024,1
4177,"Street","6 am to 9 am","Winter","No Leash","Attack","Animal","2019/20",1,2019-07-01,2019,7
4178,"Street","6 am to 9 am","Winter","No Leash","Attack","Animal","2020/21",1,2020-07-01,2020,7
4179,"Street","6 am to 9 am","Winter","No Leash","Attack","Animal","2021/22",2,2021-07-01,2021,7
4180,"Street","6 am to 9 am","Winter","No Leash","Attack","Animal","2023/24",1,2023-07-01,2023,7
4181,"Street","6 am to 9 am","Winter","No Leash","Attack","Human","2020/21",1,2020-07-01,2020,7
4182,"Street","6 am to 9 am","Winter","No Leash","Attack","Human","2023/24",1,2023-07-01,2023,7
4183,"Street","6 am to 9 am","Winter","No Leash","Harassment","Animal","2019/20",1,2019-07-01,2019,7
4184,"Street","6 am to 9 am","Winter","No Leash","Harassment","Animal","2020/21",1,2020-07-01,2020,7
4185,"Street","6 am to 9 am","Winter","No Leash","Harassment","Animal","2022/23",1,2022-07-01,2022,7
4186,"Street","6 am to 9 am","Winter","No Leash","Harassment","Human","2018/19",1,2018-07-01,2018,7
4187,"Street","6 am to 9 am","Winter","No Leash","Harassment","Human","2023/24",1,2023-07-01,2023,7
4188,"Street","6 am to 9 am","Winter","No Leash","Harassment","Unknown","2021/22",2,2021-07-01,2021,7
4189,"Street","6 am to 9 am","Winter","On a Leash","Attack","Human","2023/24",1,2023-07-01,2023,7
4190,"Street","6 am to 9 am","Winter","On a Leash","Harassment","Animal","2022/23",1,2022-07-01,2022,7
4191,"Street","6 am to 9 am","Winter","Unknown","Attack","Animal","2018/19",2,2018-07-01,2018,7
4192,"Street","6 am to 9 am","Winter","Unknown","Attack","Animal","2019/20",1,2019-07-01,2019,7
4193,"Street","6 am to 9 am","Winter","Unknown","Attack","Animal","2022/23",1,2022-07-01,2022,7
4194,"Street","6 am to 9 am","Winter","Unknown","Harassment","Unknown","2023/24",1,2023-07-01,2023,7
4195,"Street","8 pm to 10 pm","Autumn","No Leash","Attack","Animal","2018/19",1,2019-04-01,2019,4
4196,"Street","8 pm to 10 pm","Autumn","No Leash","Attack","Animal","2023/24",1,2024-04-01,2024,4
4197,"Street","8 pm to 10 pm","Autumn","No Leash","Harassment","Human","2019/20",1,2020-04-01,2020,4
4198,"Street","8 pm to 10 pm","Autumn","No Leash","Harassment","Human","2021/22",2,2022-04-01,2022,4
4199,"Street","8 pm to 10 pm","Autumn","Unknown","Attack","Animal","2020/21",1,2021-04-01,2021,4
4200,"Street","8 pm to 10 pm","Autumn","Unknown","Attack","Both","2021/22",1,2022-04-01,2022,4
4201,"Street","8 pm to 10 pm","Spring","No Leash","Attack","Animal","2018/19",1,2018-10-01,2018,10
4202,"Street","8 pm to 10 pm","Spring","No Leash","Attack","Animal","2020/21",1,2020-10-01,2020,10
4203,"Street","8 pm to 10 pm","Spring","No Leash","Attack","Animal","2021/22",1,2021-10-01,2021,10
4204,"Street","8 pm to 10 pm","Spring","No Leash","Attack","Human","2020/21",1,2020-10-01,2020,10
4205,"Street","8 pm to 10 pm","Spring","No Leash","Attack","Human","2023/24",1,2023-10-01,2023,10
4206,"Street","8 pm to 10 pm","Spring","No Leash","Attack","Unknown","2022/23",1,2022-10-01,2022,10
4207,"Street","8 pm to 10 pm","Spring","No Leash","Harassment","Animal","2023/24",1,2023-10-01,2023,10
4208,"Street","8 pm to 10 pm","Spring","No Leash","Harassment","Human","2020/21",1,2020-10-01,2020,10
4209,"Street","8 pm to 10 pm","Spring","No Leash","Harassment","Human","2021/22",1,2021-10-01,2021,10
4210,"Street","8 pm to 10 pm","Spring","Unknown","Harassment","Human","2019/20",1,2019-10-01,2019,10
4211,"Street","8 pm to 10 pm","Spring","Unknown","Harassment","Unknown","2021/22",1,2021-10-01,2021,10
4212,"Street","8 pm to 10 pm","Summer","No Leash","Attack","Animal","2020/21",3,2021-01-01,2021,1
4213,"Street","8 pm to 10 pm","Summer","No Leash","Attack","Animal","2021/22",1,2022-01-01,2022,1
4214,"Street","8 pm to 10 pm","Summer","No Leash","Attack","Animal","2022/23",2,2023-01-01,2023,1
4215,"Street","8 pm to 10 pm","Summer","No Leash","Attack","Human","2023/24",1,2024-01-01,2024,1
4216,"Street","8 pm to 10 pm","Summer","No Leash","Attack","Unknown","2019/20",1,2020-01-01,2020,1
4217,"Street","8 pm to 10 pm","Summer","No Leash","Attack","Unknown","2020/21",1,2021-01-01,2021,1
4218,"Street","8 pm to 10 pm","Summer","No Leash","Attack","Unknown","2021/22",1,2022-01-01,2022,1
4219,"Street","8 pm to 10 pm","Summer","No Leash","Harassment","Unknown","2020/21",1,2021-01-01,2021,1
4220,"Street","8 pm to 10 pm","Summer","On a Leash","Attack","Animal","2021/22",1,2022-01-01,2022,1
4222,"Street","8 pm to 10 pm","Summer","Unknown","Attack","Animal","2021/22",1,2022-01-01,2022,1
4223,"Street","8 pm to 10 pm","Summer","Unknown","Attack","Human","2020/21",1,2021-01-01,2021,1
4224,"Street","8 pm to 10 pm","Summer","Unknown","Harassment","Animal","2018/19",1,2019-01-01,2019,1
4225,"Street","8 pm to 10 pm","Summer","Unknown","Harassment","Unknown","2019/20",1,2020-01-01,2020,1
4226,"Street","8 pm to 10 pm","Summer","Unknown","Harassment","Unknown","2023/24",1,2024-01-01,2024,1
4227,"Street","8 pm to 10 pm","Winter","No Leash","Attack","Unknown","2021/22",1,2021-07-01,2021,7
4228,"Street","8 pm to 10 pm","Winter","No Leash","Harassment","Human","2019/20",2,2019-07-01,2019,7
4229,"Street","8 pm to 10 pm","Winter","No Leash","Harassment","Unknown","2022/23",1,2022-07-01,2022,7
4230,"Street","8 pm to 10 pm","Winter","Unknown","Attack","Unknown","2023/24",1,2023-07-01,2023,7
4231,"Street","9 am to Noon","Autumn","No Leash","Attack","Animal","2018/19",2,2019-04-01,2019,4
4232,"Street","9 am to Noon","Autumn","No Leash","Attack","Animal","2019/20",2,2020-04-01,2020,4
4233,"Street","9 am to Noon","Autumn","No Leash","Attack","Animal","2021/22",6,2022-04-01,2022,4
4234,"Street","9 am to Noon","Autumn","No Leash","Attack","Animal","2023/24",1,2024-04-01,2024,4
4235,"Street","9 am to Noon","Autumn","No Leash","Attack","Both","2019/20",1,2020-04-01,2020,4
4236,"Street","9 am to Noon","Autumn","No Leash","Attack","Both","2023/24",2,2024-04-01,2024,4
4237,"Street","9 am to Noon","Autumn","No Leash","Attack","Human","2020/21",2,2021-04-01,2021,4
4238,"Street","9 am to Noon","Autumn","No Leash","Attack","Human","2021/22",2,2022-04-01,2022,4
4239,"Street","9 am to Noon","Autumn","No Leash","Attack","Human","2022/23",1,2023-04-01,2023,4
4240,"Street","9 am to Noon","Autumn","No Leash","Attack","Unknown","2018/19",1,2019-04-01,2019,4
4241,"Street","9 am to Noon","Autumn","No Leash","Attack","Unknown","2019/20",3,2020-04-01,2020,4
4242,"Street","9 am to Noon","Autumn","No Leash","Attack","Unknown","2020/21",1,2021-04-01,2021,4
4243,"Street","9 am to Noon","Autumn","No Leash","Attack","Unknown","2021/22",2,2022-04-01,2022,4
4244,"Street","9 am to Noon","Autumn","No Leash","Attack","Unknown","2023/24",1,2024-04-01,2024,4
4246,"Street","9 am to Noon","Autumn","No Leash","Harassment","Animal","2018/19",1,2019-04-01,2019,4
4247,"Street","9 am to Noon","Autumn","No Leash","Harassment","Human","2018/19",4,2019-04-01,2019,4
4248,"Street","9 am to Noon","Autumn","No Leash","Harassment","Human","2019/20",2,2020-04-01,2020,4
4249,"Street","9 am to Noon","Autumn","No Leash","Harassment","Human","2020/21",1,2021-04-01,2021,4
4250,"Street","9 am to Noon","Autumn","No Leash","Harassment","Human","2021/22",2,2022-04-01,2022,4
4251,"Street","9 am to Noon","Autumn","No Leash","Harassment","Unknown","2019/20",1,2020-04-01,2020,4
4252,"Street","9 am to Noon","Autumn","No Leash","Harassment","Unknown","2021/22",3,2022-04-01,2022,4
4253,"Street","9 am to Noon","Autumn","On a Leash","Attack","Human","2023/24",1,2024-04-01,2024,4
4254,"Street","9 am to Noon","Autumn","On a Leash","Attack","Unknown","2020/21",1,2021-04-01,2021,4
4255,"Street","9 am to Noon","Autumn","On a Leash","Attack","Unknown","2022/23",1,2023-04-01,2023,4
4256,"Street","9 am to Noon","Autumn","On a Leash","Harassment","Animal","2019/20",1,2020-04-01,2020,4
4257,"Street","9 am to Noon","Autumn","Unknown","Attack","Animal","2023/24",1,2024-04-01,2024,4
4258,"Street","9 am to Noon","Autumn","Unknown","Attack","Human","2019/20",1,2020-04-01,2020,4
4259,"Street","9 am to Noon","Autumn","Unknown","Attack","Human","2020/21",1,2021-04-01,2021,4
4260,"Street","9 am to Noon","Autumn","Unknown","Attack","Unknown","2021/22",2,2022-04-01,2022,4
4261,"Street","9 am to Noon","Autumn","Unknown","Attack","Unknown","2023/24",1,2024-04-01,2024,4
4262,"Street","9 am to Noon","Autumn","Unknown","Harassment","Unknown","2022/23",1,2023-04-01,2023,4
4263,"Street","9 am to Noon","Spring","No Leash","Attack","Animal","2018/19",3,2018-10-01,2018,10
4264,"Street","9 am to Noon","Spring","No Leash","Attack","Animal","2020/21",1,2020-10-01,2020,10
4265,"Street","9 am to Noon","Spring","No Leash","Attack","Animal","2021/22",3,2021-10-01,2021,10
4266,"Street","9 am to Noon","Spring","No Leash","Attack","Animal","2022/23",2,2022-10-01,2022,10
4267,"Street","9 am to Noon","Spring","No Leash","Attack","Animal","2023/24",3,2023-10-01,2023,10
4268,"Street","9 am to Noon","Spring","No Leash","Attack","Both","2020/21",1,2020-10-01,2020,10
4269,"Street","9 am to Noon","Spring","No Leash","Attack","Human","2019/20",4,2019-10-01,2019,10
4270,"Street","9 am to Noon","Spring","No Leash","Attack","Human","2020/21",2,2020-10-01,2020,10
4271,"Street","9 am to Noon","Spring","No Leash","Attack","Human","2021/22",2,2021-10-01,2021,10
4272,"Street","9 am to Noon","Spring","No Leash","Attack","Unknown","2022/23",2,2022-10-01,2022,10
4273,"Street","9 am to Noon","Spring","No Leash","Harassment","Animal","2018/19",2,2018-10-01,2018,10
4274,"Street","9 am to Noon","Spring","No Leash","Harassment","Animal","2019/20",1,2019-10-01,2019,10
4275,"Street","9 am to Noon","Spring","No Leash","Harassment","Animal","2022/23",2,2022-10-01,2022,10
4276,"Street","9 am to Noon","Spring","No Leash","Harassment","Animal","2023/24",1,2023-10-01,2023,10
4277,"Street","9 am to Noon","Spring","No Leash","Harassment","Human","2018/19",1,2018-10-01,2018,10
4278,"Street","9 am to Noon","Spring","No Leash","Harassment","Human","2019/20",2,2019-10-01,2019,10
4279,"Street","9 am to Noon","Spring","No Leash","Harassment","Human","2020/21",2,2020-10-01,2020,10
4280,"Street","9 am to Noon","Spring","No Leash","Harassment","Human","2021/22",2,2021-10-01,2021,10
4281,"Street","9 am to Noon","Spring","No Leash","Harassment","Human","2022/23",2,2022-10-01,2022,10
4282,"Street","9 am to Noon","Spring","No Leash","Harassment","Human","2023/24",1,2023-10-01,2023,10
4284,"Street","9 am to Noon","Spring","On a Leash","Attack","Animal","2021/22",1,2021-10-01,2021,10
4285,"Street","9 am to Noon","Spring","On a Leash","Attack","Human","2020/21",1,2020-10-01,2020,10
4286,"Street","9 am to Noon","Spring","On a Leash","Attack","Human","2023/24",1,2023-10-01,2023,10
4287,"Street","9 am to Noon","Spring","On a Leash","Harassment","Human","2021/22",1,2021-10-01,2021,10
4288,"Street","9 am to Noon","Spring","Unknown","Attack","Animal","2020/21",2,2020-10-01,2020,10
4289,"Street","9 am to Noon","Spring","Unknown","Attack","Animal","2022/23",1,2022-10-01,2022,10
4290,"Street","9 am to Noon","Spring","Unknown","Attack","Human","2022/23",1,2022-10-01,2022,10
4291,"Street","9 am to Noon","Spring","Unknown","Attack","Unknown","2018/19",1,2018-10-01,2018,10
4292,"Street","9 am to Noon","Spring","Unknown","Attack","Unknown","2020/21",1,2020-10-01,2020,10
4293,"Street","9 am to Noon","Spring","Unknown","Attack","Unknown","2022/23",1,2022-10-01,2022,10
4294,"Street","9 am to Noon","Spring","Unknown","Attack","Unknown","2023/24",2,2023-10-01,2023,10
4296,"Street","9 am to Noon","Spring","Unknown","Harassment","Human","2018/19",1,2018-10-01,2018,10
4297,"Street","9 am to Noon","Spring","Unknown","Harassment","Human","2020/21",1,2020-10-01,2020,10
4298,"Street","9 am to Noon","Spring","Unknown","Harassment","Human","2022/23",2,2022-10-01,2022,10
4299,"Street","9 am to Noon","Spring","Unknown","Harassment","Unknown","2019/20",1,2019-10-01,2019,10
4300,"Street","9 am to Noon","Summer","No Leash","Attack","Animal","2018/19",1,2019-01-01,2019,1
4301,"Street","9 am to Noon","Summer","No Leash","Attack","Animal","2019/20",3,2020-01-01,2020,1
4302,"Street","9 am to Noon","Summer","No Leash","Attack","Animal","2020/21",4,2021-01-01,2021,1
4303,"Street","9 am to Noon","Summer","No Leash","Attack","Animal","2021/22",2,2022-01-01,2022,1
4304,"Street","9 am to Noon","Summer","No Leash","Attack","Animal","2023/24",2,2024-01-01,2024,1
4305,"Street","9 am to Noon","Summer","No Leash","Attack","Both","2018/19",1,2019-01-01,2019,1
4306,"Street","9 am to Noon","Summer","No Leash","Attack","Both","2020/21",1,2021-01-01,2021,1
4307,"Street","9 am to Noon","Summer","No Leash","Attack","Human","2020/21",2,2021-01-01,2021,1
4308,"Street","9 am to Noon","Summer","No Leash","Attack","Human","2021/22",1,2022-01-01,2022,1
4309,"Street","9 am to Noon","Summer","No Leash","Attack","Human","2022/23",3,2023-01-01,2023,1
4310,"Street","9 am to Noon","Summer","No Leash","Attack","Human","2023/24",1,2024-01-01,2024,1
4311,"Street","9 am to Noon","Summer","No Leash","Attack","Unknown","2021/22",2,2022-01-01,2022,1
4312,"Street","9 am to Noon","Summer","No Leash","Harassment","Animal","2018/19",2,2019-01-01,2019,1
4313,"Street","9 am to Noon","Summer","No Leash","Harassment","Animal","2021/22",1,2022-01-01,2022,1
4314,"Street","9 am to Noon","Summer","No Leash","Harassment","Animal","2022/23",1,2023-01-01,2023,1
4315,"Street","9 am to Noon","Summer","No Leash","Harassment","Human","2018/19",1,2019-01-01,2019,1
4316,"Street","9 am to Noon","Summer","No Leash","Harassment","Human","2022/23",1,2023-01-01,2023,1
4317,"Street","9 am to Noon","Summer","No Leash","Harassment","Unknown","2018/19",1,2019-01-01,2019,1
4318,"Street","9 am to Noon","Summer","No Leash","Harassment","Unknown","2019/20",1,2020-01-01,2020,1
4319,"Street","9 am to Noon","Summer","No Leash","Harassment","Unknown","2023/24",1,2024-01-01,2024,1
4320,"Street","9 am to Noon","Summer","Unknown","Attack","Animal","2018/19",3,2019-01-01,2019,1
4321,"Street","9 am to Noon","Summer","Unknown","Attack","Animal","2020/21",1,2021-01-01,2021,1
4322,"Street","9 am to Noon","Summer","Unknown","Attack","Animal","2021/22",1,2022-01-01,2022,1
4323,"Street","9 am to Noon","Summer","Unknown","Attack","Animal","2022/23",1,2023-01-01,2023,1
4324,"Street","9 am to Noon","Summer","Unknown","Attack","Both","2022/23",1,2023-01-01,2023,1
4325,"Street","9 am to Noon","Summer","Unknown","Attack","Human","2018/19",2,2019-01-01,2019,1
4326,"Street","9 am to Noon","Summer","Unknown","Attack","Human","2019/20",1,2020-01-01,2020,1
4327,"Street","9 am to Noon","Summer","Unknown","Attack","Human","2022/23",2,2023-01-01,2023,1
4328,"Street","9 am to Noon","Summer","Unknown","Attack","Human","2023/24",1,2024-01-01,2024,1
4329,"Street","9 am to Noon","Summer","Unknown","Attack","Unknown","2018/19",1,2019-01-01,2019,1
4330,"Street","9 am to Noon","Summer","Unknown","Attack","Unknown","2020/21",1,2021-01-01,2021,1
4331,"Street","9 am to Noon","Summer","Unknown","Attack","Unknown","2023/24",1,2024-01-01,2024,1
4332,"Street","9 am to Noon","Summer","Unknown","Harassment","Animal","2022/23",1,2023-01-01,2023,1
4333,"Street","9 am to Noon","Summer","Unknown","Harassment","Animal","2023/24",1,2024-01-01,2024,1
4334,"Street","9 am to Noon","Summer","Unknown","Harassment","Human","2018/19",2,2019-01-01,2019,1
4335,"Street","9 am to Noon","Summer","Unknown","Harassment","Unknown","2018/19",1,2019-01-01,2019,1
4336,"Street","9 am to Noon","Summer","Unknown","Harassment","Unknown","2020/21",1,2021-01-01,2021,1
4337,"Street","9 am to Noon","Summer","Unknown","Harassment","Unknown","2022/23",1,2023-01-01,2023,1
4338,"Street","9 am to Noon","Winter","No Leash","Attack","Animal","2018/19",1,2018-07-01,2018,7
4339,"Street","9 am to Noon","Winter","No Leash","Attack","Animal","2019/20",1,2019-07-01,2019,7
4340,"Street","9 am to Noon","Winter","No Leash","Attack","Animal","2020/21",4,2020-07-01,2020,7
4341,"Street","9 am to Noon","Winter","No Leash","Attack","Animal","2021/22",1,2021-07-01,2021,7
4342,"Street","9 am to Noon","Winter","No Leash","Attack","Animal","2022/23",4,2022-07-01,2022,7
4343,"Street","9 am to Noon","Winter","No Leash","Attack","Animal","2023/24",2,2023-07-01,2023,7
4344,"Street","9 am to Noon","Winter","No Leash","Attack","Both","2021/22",1,2021-07-01,2021,7
4345,"Street","9 am to Noon","Winter","No Leash","Attack","Both","2023/24",1,2023-07-01,2023,7
4346,"Street","9 am to Noon","Winter","No Leash","Attack","Human","2019/20",2,2019-07-01,2019,7
4347,"Street","9 am to Noon","Winter","No Leash","Attack","Human","2020/21",2,2020-07-01,2020,7
4348,"Street","9 am to Noon","Winter","No Leash","Attack","Human","2021/22",1,2021-07-01,2021,7
4349,"Street","9 am to Noon","Winter","No Leash","Attack","Human","2022/23",1,2022-07-01,2022,7
4350,"Street","9 am to Noon","Winter","No Leash","Attack","Human","2023/24",2,2023-07-01,2023,7
4351,"Street","9 am to Noon","Winter","No Leash","Attack","Unknown","2019/20",1,2019-07-01,2019,7
4352,"Street","9 am to Noon","Winter","No Leash","Attack","Unknown","2020/21",1,2020-07-01,2020,7
4353,"Street","9 am to Noon","Winter","No Leash","Attack","Unknown","2021/22",1,2021-07-01,2021,7
4354,"Street","9 am to Noon","Winter","No Leash","Attack","Unknown","2022/23",1,2022-07-01,2022,7
4355,"Street","9 am to Noon","Winter","No Leash","Attack","Unknown","2023/24",1,2023-07-01,2023,7
4356,"Street","9 am to Noon","Winter","No Leash","Harassment","Animal","2020/21",2,2020-07-01,2020,7
4357,"Street","9 am to Noon","Winter","No Leash","Harassment","Animal","2021/22",1,2021-07-01,2021,7
4358,"Street","9 am to Noon","Winter","No Leash","Harassment","Animal","2022/23",1,2022-07-01,2022,7
4359,"Street","9 am to Noon","Winter","No Leash","Harassment","Human","2020/21",3,2020-07-01,2020,7
4360,"Street","9 am to Noon","Winter","No Leash","Harassment","Human","2021/22",3,2021-07-01,2021,7
4361,"Street","9 am to Noon","Winter","No Leash","Harassment","Unknown","2018/19",1,2018-07-01,2018,7
4362,"Street","9 am to Noon","Winter","No Leash","Harassment","Unknown","2019/20",1,2019-07-01,2019,7
4363,"Street","9 am to Noon","Winter","No Leash","Harassment","Unknown","2021/22",4,2021-07-01,2021,7
4364,"Street","9 am to Noon","Winter","No Leash","Harassment","Unknown","2022/23",1,2022-07-01,2022,7
4365,"Street","9 am to Noon","Winter","On a Leash","Attack","Both","2023/24",1,2023-07-01,2023,7
4366,"Street","9 am to Noon","Winter","On a Leash","Harassment","Animal","2022/23",1,2022-07-01,2022,7
4367,"Street","9 am to Noon","Winter","Unknown","Attack","Animal","2019/20",1,2019-07-01,2019,7
4368,"Street","9 am to Noon","Winter","Unknown","Attack","Animal","2021/22",1,2021-07-01,2021,7
4369,"Street","9 am to Noon","Winter","Unknown","Attack","Human","2018/19",1,2018-07-01,2018,7
4370,"Street","9 am to Noon","Winter","Unknown","Attack","Human","2019/20",1,2019-07-01,2019,7
4371,"Street","9 am to Noon","Winter","Unknown","Attack","Unknown","2019/20",1,2019-07-01,2019,7
4372,"Street","9 am to Noon","Winter","Unknown","Attack","Unknown","2021/22",1,2021-07-01,2021,7
4373,"Street","9 am to Noon","Winter","Unknown","Attack","Unknown","2022/23",1,2022-07-01,2022,7
4374,"Street","9 am to Noon","Winter","Unknown","Attack","Unknown","2023/24",3,2023-07-01,2023,7
4375,"Street","9 am to Noon","Winter","Unknown","Harassment","Human","2022/23",2,2022-07-01,2022,7
4376,"Street","9 am to Noon","Winter","Unknown","Harassment","Unknown","2019/20",1,2019-07-01,2019,7
4377,"Street","Noon to 5 pm","Autumn","No Leash","Attack","Animal","2018/19",2,2019-04-01,2019,4
4378,"Street","Noon to 5 pm","Autumn","No Leash","Attack","Animal","2019/20",1,2020-04-01,2020,4
4379,"Street","Noon to 5 pm","Autumn","No Leash","Attack","Animal","2020/21",3,2021-04-01,2021,4
4380,"Street","Noon to 5 pm","Autumn","No Leash","Attack","Animal","2022/23",3,2023-04-01,2023,4
4381,"Street","Noon to 5 pm","Autumn","No Leash","Attack","Animal","2023/24",2,2024-04-01,2024,4
4382,"Street","Noon to 5 pm","Autumn","No Leash","Attack","Both","2020/21",1,2021-04-01,2021,4
4383,"Street","Noon to 5 pm","Autumn","No Leash","Attack","Both","2021/22",1,2022-04-01,2022,4
4384,"Street","Noon to 5 pm","Autumn","No Leash","Attack","Both","2022/23",1,2023-04-01,2023,4
4385,"Street","Noon to 5 pm","Autumn","No Leash","Attack","Human","2019/20",1,2020-04-01,2020,4
4386,"Street","Noon to 5 pm","Autumn","No Leash","Attack","Human","2020/21",3,2021-04-01,2021,4
4387,"Street","Noon to 5 pm","Autumn","No Leash","Attack","Human","2021/22",1,2022-04-01,2022,4
4388,"Street","Noon to 5 pm","Autumn","No Leash","Attack","Human","2022/23",1,2023-04-01,2023,4
4389,"Street","Noon to 5 pm","Autumn","No Leash","Attack","Unknown","2018/19",1,2019-04-01,2019,4
4390,"Street","Noon to 5 pm","Autumn","No Leash","Attack","Unknown","2019/20",1,2020-04-01,2020,4
4391,"Street","Noon to 5 pm","Autumn","No Leash","Attack","Unknown","2021/22",1,2022-04-01,2022,4
4392,"Street","Noon to 5 pm","Autumn","No Leash","Attack","Unknown","2022/23",1,2023-04-01,2023,4
4393,"Street","Noon to 5 pm","Autumn","No Leash","Harassment","Animal","2019/20",3,2020-04-01,2020,4
4394,"Street","Noon to 5 pm","Autumn","No Leash","Harassment","Human","2018/19",1,2019-04-01,2019,4
4395,"Street","Noon to 5 pm","Autumn","No Leash","Harassment","Human","2019/20",6,2020-04-01,2020,4
4396,"Street","Noon to 5 pm","Autumn","No Leash","Harassment","Human","2020/21",2,2021-04-01,2021,4
4397,"Street","Noon to 5 pm","Autumn","No Leash","Harassment","Human","2021/22",3,2022-04-01,2022,4
4398,"Street","Noon to 5 pm","Autumn","No Leash","Harassment","Human","2023/24",1,2024-04-01,2024,4
4399,"Street","Noon to 5 pm","Autumn","No Leash","Harassment","Unknown","2018/19",1,2019-04-01,2019,4
4400,"Street","Noon to 5 pm","Autumn","No Leash","Harassment","Unknown","2019/20",3,2020-04-01,2020,4
4401,"Street","Noon to 5 pm","Autumn","No Leash","Harassment","Unknown","2020/21",2,2021-04-01,2021,4
4402,"Street","Noon to 5 pm","Autumn","No Leash","Harassment","Unknown","2021/22",1,2022-04-01,2022,4
4403,"Street","Noon to 5 pm","Autumn","No Leash","Harassment","Unknown","2023/24",1,2024-04-01,2024,4
4405,"Street","Noon to 5 pm","Autumn","On a Leash","Attack","Animal","2018/19",1,2019-04-01,2019,4
4406,"Street","Noon to 5 pm","Autumn","On a Leash","Attack","Animal","2022/23",1,2023-04-01,2023,4
4407,"Street","Noon to 5 pm","Autumn","On a Leash","Attack","Human","2018/19",1,2019-04-01,2019,4
4408,"Street","Noon to 5 pm","Autumn","On a Leash","Attack","Unknown","2019/20",1,2020-04-01,2020,4
4409,"Street","Noon to 5 pm","Autumn","On a Leash","Harassment","Animal","2021/22",1,2022-04-01,2022,4
4410,"Street","Noon to 5 pm","Autumn","On a Leash","Harassment","Animal","2023/24",1,2024-04-01,2024,4
4411,"Street","Noon to 5 pm","Autumn","On a Leash","Harassment","Human","2019/20",1,2020-04-01,2020,4
4412,"Street","Noon to 5 pm","Autumn","Unknown","Attack","Animal","2021/22",1,2022-04-01,2022,4
4413,"Street","Noon to 5 pm","Autumn","Unknown","Attack","Animal","2022/23",1,2023-04-01,2023,4
4414,"Street","Noon to 5 pm","Autumn","Unknown","Attack","Animal","2023/24",1,2024-04-01,2024,4
4415,"Street","Noon to 5 pm","Autumn","Unknown","Attack","Human","2019/20",1,2020-04-01,2020,4
4416,"Street","Noon to 5 pm","Autumn","Unknown","Attack","Human","2022/23",1,2023-04-01,2023,4
4417,"Street","Noon to 5 pm","Autumn","Unknown","Attack","Unknown","2018/19",1,2019-04-01,2019,4
4418,"Street","Noon to 5 pm","Autumn","Unknown","Attack","Unknown","2021/22",1,2022-04-01,2022,4
4419,"Street","Noon to 5 pm","Autumn","Unknown","Harassment","Animal","2019/20",1,2020-04-01,2020,4
4420,"Street","Noon to 5 pm","Autumn","Unknown","Harassment","Human","2020/21",1,2021-04-01,2021,4
4421,"Street","Noon to 5 pm","Autumn","Unknown","Harassment","Human","2021/22",1,2022-04-01,2022,4
4422,"Street","Noon to 5 pm","Autumn","Unknown","Harassment","Human","2023/24",1,2024-04-01,2024,4
4423,"Street","Noon to 5 pm","Autumn","Unknown","Harassment","Unknown","2020/21",2,2021-04-01,2021,4
4424,"Street","Noon to 5 pm","Autumn","Unknown","Harassment","Unknown","2021/22",1,2022-04-01,2022,4
4425,"Street","Noon to 5 pm","Autumn","Unknown","Harassment","Unknown","2022/23",1,2023-04-01,2023,4
4426,"Street","Noon to 5 pm","Spring","No Leash","Attack","Animal","2018/19",4,2018-10-01,2018,10
4427,"Street","Noon to 5 pm","Spring","No Leash","Attack","Animal","2019/20",3,2019-10-01,2019,10
4428,"Street","Noon to 5 pm","Spring","No Leash","Attack","Animal","2021/22",1,2021-10-01,2021,10
4429,"Street","Noon to 5 pm","Spring","No Leash","Attack","Animal","2022/23",2,2022-10-01,2022,10
4430,"Street","Noon to 5 pm","Spring","No Leash","Attack","Animal","2023/24",1,2023-10-01,2023,10
4431,"Street","Noon to 5 pm","Spring","No Leash","Attack","Human","2018/19",2,2018-10-01,2018,10
4432,"Street","Noon to 5 pm","Spring","No Leash","Attack","Human","2019/20",1,2019-10-01,2019,10
4433,"Street","Noon to 5 pm","Spring","No Leash","Attack","Human","2020/21",2,2020-10-01,2020,10
4434,"Street","Noon to 5 pm","Spring","No Leash","Attack","Human","2021/22",1,2021-10-01,2021,10
4435,"Street","Noon to 5 pm","Spring","No Leash","Attack","Human","2023/24",1,2023-10-01,2023,10
4436,"Street","Noon to 5 pm","Spring","No Leash","Attack","Unknown","2019/20",1,2019-10-01,2019,10
4437,"Street","Noon to 5 pm","Spring","No Leash","Attack","Unknown","2020/21",1,2020-10-01,2020,10
4438,"Street","Noon to 5 pm","Spring","No Leash","Attack","Unknown","2021/22",3,2021-10-01,2021,10
4439,"Street","Noon to 5 pm","Spring","No Leash","Attack","Unknown","2022/23",1,2022-10-01,2022,10
4440,"Street","Noon to 5 pm","Spring","No Leash","Attack","Unknown","2023/24",2,2023-10-01,2023,10
4441,"Street","Noon to 5 pm","Spring","No Leash","Harassment","Animal","2019/20",2,2019-10-01,2019,10
4442,"Street","Noon to 5 pm","Spring","No Leash","Harassment","Animal","2022/23",1,2022-10-01,2022,10
4443,"Street","Noon to 5 pm","Spring","No Leash","Harassment","Animal","2023/24",1,2023-10-01,2023,10
4444,"Street","Noon to 5 pm","Spring","No Leash","Harassment","Human","2018/19",2,2018-10-01,2018,10
4445,"Street","Noon to 5 pm","Spring","No Leash","Harassment","Human","2019/20",4,2019-10-01,2019,10
4446,"Street","Noon to 5 pm","Spring","No Leash","Harassment","Human","2020/21",2,2020-10-01,2020,10
4447,"Street","Noon to 5 pm","Spring","No Leash","Harassment","Human","2021/22",3,2021-10-01,2021,10
4448,"Street","Noon to 5 pm","Spring","No Leash","Harassment","Human","2022/23",2,2022-10-01,2022,10
4449,"Street","Noon to 5 pm","Spring","No Leash","Harassment","Human","2023/24",2,2023-10-01,2023,10
4450,"Street","Noon to 5 pm","Spring","On a Leash","Attack","Animal","2019/20",1,2019-10-01,2019,10
4451,"Street","Noon to 5 pm","Spring","On a Leash","Attack","Animal","2020/21",1,2020-10-01,2020,10
4452,"Street","Noon to 5 pm","Spring","On a Leash","Attack","Animal","2022/23",1,2022-10-01,2022,10
4453,"Street","Noon to 5 pm","Spring","On a Leash","Attack","Animal","2023/24",1,2023-10-01,2023,10
4454,"Street","Noon to 5 pm","Spring","On a Leash","Attack","Human","2019/20",2,2019-10-01,2019,10
4456,"Street","Noon to 5 pm","Spring","On a Leash","Harassment","Animal","2021/22",1,2021-10-01,2021,10
4457,"Street","Noon to 5 pm","Spring","Unknown","Attack","Animal","2019/20",1,2019-10-01,2019,10
4458,"Street","Noon to 5 pm","Spring","Unknown","Attack","Animal","2022/23",2,2022-10-01,2022,10
4459,"Street","Noon to 5 pm","Spring","Unknown","Attack","Animal","2023/24",1,2023-10-01,2023,10
4461,"Street","Noon to 5 pm","Spring","Unknown","Attack","Unknown","2019/20",1,2019-10-01,2019,10
4462,"Street","Noon to 5 pm","Spring","Unknown","Attack","Unknown","2021/22",1,2021-10-01,2021,10
4463,"Street","Noon to 5 pm","Spring","Unknown","Attack","Unknown","2022/23",1,2022-10-01,2022,10
4464,"Street","Noon to 5 pm","Spring","Unknown","Harassment","Human","2021/22",3,2021-10-01,2021,10
4465,"Street","Noon to 5 pm","Spring","Unknown","Harassment","Human","2022/23",1,2022-10-01,2022,10
4466,"Street","Noon to 5 pm","Spring","Unknown","Harassment","Unknown","2022/23",1,2022-10-01,2022,10
4467,"Street","Noon to 5 pm","Summer","No Leash","Attack","Animal","2020/21",2,2021-01-01,2021,1
4468,"Street","Noon to 5 pm","Summer","No Leash","Attack","Animal","2022/23",1,2023-01-01,2023,1
4469,"Street","Noon to 5 pm","Summer","No Leash","Attack","Human","2019/20",1,2020-01-01,2020,1
4470,"Street","Noon to 5 pm","Summer","No Leash","Attack","Human","2020/21",2,2021-01-01,2021,1
4471,"Street","Noon to 5 pm","Summer","No Leash","Attack","Human","2021/22",2,2022-01-01,2022,1
4472,"Street","Noon to 5 pm","Summer","No Leash","Attack","Human","2022/23",1,2023-01-01,2023,1
4473,"Street","Noon to 5 pm","Summer","No Leash","Attack","Human","2023/24",2,2024-01-01,2024,1
4474,"Street","Noon to 5 pm","Summer","No Leash","Attack","Unknown","2019/20",2,2020-01-01,2020,1
4475,"Street","Noon to 5 pm","Summer","No Leash","Attack","Unknown","2021/22",1,2022-01-01,2022,1
4476,"Street","Noon to 5 pm","Summer","No Leash","Harassment","Animal","2019/20",1,2020-01-01,2020,1
4477,"Street","Noon to 5 pm","Summer","No Leash","Harassment","Animal","2020/21",1,2021-01-01,2021,1
4478,"Street","Noon to 5 pm","Summer","No Leash","Harassment","Animal","2021/22",2,2022-01-01,2022,1
4479,"Street","Noon to 5 pm","Summer","No Leash","Harassment","Human","2018/19",1,2019-01-01,2019,1
4480,"Street","Noon to 5 pm","Summer","No Leash","Harassment","Human","2019/20",2,2020-01-01,2020,1
4481,"Street","Noon to 5 pm","Summer","No Leash","Harassment","Human","2020/21",1,2021-01-01,2021,1
4482,"Street","Noon to 5 pm","Summer","No Leash","Harassment","Human","2021/22",2,2022-01-01,2022,1
4483,"Street","Noon to 5 pm","Summer","No Leash","Harassment","Human","2022/23",1,2023-01-01,2023,1
4484,"Street","Noon to 5 pm","Summer","No Leash","Harassment","Human","2023/24",1,2024-01-01,2024,1
4485,"Street","Noon to 5 pm","Summer","No Leash","Harassment","Unknown","2021/22",1,2022-01-01,2022,1
4486,"Street","Noon to 5 pm","Summer","No Leash","Harassment","Unknown","2022/23",3,2023-01-01,2023,1
4487,"Street","Noon to 5 pm","Summer","On a Leash","Attack","Human","2023/24",1,2024-01-01,2024,1
4488,"Street","Noon to 5 pm","Summer","On a Leash","Attack","Unknown","2021/22",1,2022-01-01,2022,1
4489,"Street","Noon to 5 pm","Summer","Unknown","Attack","Animal","2018/19",1,2019-01-01,2019,1
4490,"Street","Noon to 5 pm","Summer","Unknown","Attack","Animal","2019/20",1,2020-01-01,2020,1
4491,"Street","Noon to 5 pm","Summer","Unknown","Attack","Animal","2020/21",1,2021-01-01,2021,1
4492,"Street","Noon to 5 pm","Summer","Unknown","Attack","Animal","2022/23",2,2023-01-01,2023,1
4493,"Street","Noon to 5 pm","Summer","Unknown","Attack","Unknown","2020/21",1,2021-01-01,2021,1
4494,"Street","Noon to 5 pm","Summer","Unknown","Attack","Unknown","2021/22",1,2022-01-01,2022,1
4495,"Street","Noon to 5 pm","Summer","Unknown","Harassment","Human","2018/19",2,2019-01-01,2019,1
4496,"Street","Noon to 5 pm","Summer","Unknown","Harassment","Human","2019/20",2,2020-01-01,2020,1
4497,"Street","Noon to 5 pm","Summer","Unknown","Harassment","Human","2021/22",1,2022-01-01,2022,1
4498,"Street","Noon to 5 pm","Summer","Unknown","Harassment","Unknown","2018/19",1,2019-01-01,2019,1
4499,"Street","Noon to 5 pm","Winter","No Leash","Attack","Animal","2018/19",2,2018-07-01,2018,7
4500,"Street","Noon to 5 pm","Winter","No Leash","Attack","Animal","2020/21",5,2020-07-01,2020,7
4501,"Street","Noon to 5 pm","Winter","No Leash","Attack","Animal","2021/22",2,2021-07-01,2021,7
4502,"Street","Noon to 5 pm","Winter","No Leash","Attack","Animal","2022/23",5,2022-07-01,2022,7
4503,"Street","Noon to 5 pm","Winter","No Leash","Attack","Animal","2023/24",2,2023-07-01,2023,7
4504,"Street","Noon to 5 pm","Winter","No Leash","Attack","Both","2022/23",1,2022-07-01,2022,7
4505,"Street","Noon to 5 pm","Winter","No Leash","Attack","Human","2019/20",3,2019-07-01,2019,7
4506,"Street","Noon to 5 pm","Winter","No Leash","Attack","Human","2020/21",5,2020-07-01,2020,7
4507,"Street","Noon to 5 pm","Winter","No Leash","Attack","Human","2021/22",5,2021-07-01,2021,7
4508,"Street","Noon to 5 pm","Winter","No Leash","Attack","Human","2022/23",5,2022-07-01,2022,7
4509,"Street","Noon to 5 pm","Winter","No Leash","Attack","Human","2023/24",2,2023-07-01,2023,7
4510,"Street","Noon to 5 pm","Winter","No Leash","Attack","Unknown","2019/20",1,2019-07-01,2019,7
4511,"Street","Noon to 5 pm","Winter","No Leash","Attack","Unknown","2021/22",1,2021-07-01,2021,7
4512,"Street","Noon to 5 pm","Winter","No Leash","Attack","Unknown","2022/23",2,2022-07-01,2022,7
4513,"Street","Noon to 5 pm","Winter","No Leash","Attack","Unknown","2023/24",1,2023-07-01,2023,7
4514,"Street","Noon to 5 pm","Winter","No Leash","Harassment","Animal","2018/19",1,2018-07-01,2018,7
4515,"Street","Noon to 5 pm","Winter","No Leash","Harassment","Animal","2020/21",1,2020-07-01,2020,7
4516,"Street","Noon to 5 pm","Winter","No Leash","Harassment","Animal","2021/22",2,2021-07-01,2021,7
4517,"Street","Noon to 5 pm","Winter","No Leash","Harassment","Animal","2022/23",2,2022-07-01,2022,7
4518,"Street","Noon to 5 pm","Winter","No Leash","Harassment","Animal","2023/24",1,2023-07-01,2023,7
4520,"Street","Noon to 5 pm","Winter","No Leash","Harassment","Human","2018/19",2,2018-07-01,2018,7
4521,"Street","Noon to 5 pm","Winter","No Leash","Harassment","Human","2019/20",5,2019-07-01,2019,7
4522,"Street","Noon to 5 pm","Winter","No Leash","Harassment","Human","2020/21",4,2020-07-01,2020,7
4523,"Street","Noon to 5 pm","Winter","No Leash","Harassment","Human","2021/22",6,2021-07-01,2021,7
4524,"Street","Noon to 5 pm","Winter","No Leash","Harassment","Human","2022/23",1,2022-07-01,2022,7
4525,"Street","Noon to 5 pm","Winter","No Leash","Harassment","Human","2023/24",1,2023-07-01,2023,7
4527,"Street","Noon to 5 pm","Winter","No Leash","Harassment","Unknown","2019/20",1,2019-07-01,2019,7
4528,"Street","Noon to 5 pm","Winter","No Leash","Harassment","Unknown","2021/22",1,2021-07-01,2021,7
4529,"Street","Noon to 5 pm","Winter","No Leash","Harassment","Unknown","2023/24",2,2023-07-01,2023,7
4531,"Street","Noon to 5 pm","Winter","On a Leash","Attack","Animal","2020/21",1,2020-07-01,2020,7
4532,"Street","Noon to 5 pm","Winter","On a Leash","Attack","Animal","2023/24",1,2023-07-01,2023,7
4533,"Street","Noon to 5 pm","Winter","On a Leash","Attack","Human","2018/19",1,2018-07-01,2018,7
4535,"Street","Noon to 5 pm","Winter","On a Leash","Harassment","Animal","2019/20",1,2019-07-01,2019,7
4536,"Street","Noon to 5 pm","Winter","Unknown","Attack","Animal","2020/21",1,2020-07-01,2020,7
4537,"Street","Noon to 5 pm","Winter","Unknown","Attack","Animal","2021/22",2,2021-07-01,2021,7
4538,"Street","Noon to 5 pm","Winter","Unknown","Attack","Animal","2022/23",1,2022-07-01,2022,7
4540,"Street","Noon to 5 pm","Winter","Unknown","Attack","Human","2018/19",1,2018-07-01,2018,7
4541,"Street","Noon to 5 pm","Winter","Unknown","Attack","Human","2020/21",1,2020-07-01,2020,7
4542,"Street","Noon to 5 pm","Winter","Unknown","Attack","Unknown","2020/21",1,2020-07-01,2020,7
4543,"Street","Noon to 5 pm","Winter","Unknown","Attack","Unknown","2021/22",2,2021-07-01,2021,7
4544,"Street","Noon to 5 pm","Winter","Unknown","Attack","Unknown","2022/23",2,2022-07-01,2022,7
4545,"Street","Noon to 5 pm","Winter","Unknown","Harassment","Human","2019/20",1,2019-07-01,2019,7
4546,"Street","Noon to 5 pm","Winter","Unknown","Harassment","Human","2020/21",1,2020-07-01,2020,7
4548,"Street","Noon to 5 pm","Winter","Unknown","Harassment","Unknown","2021/22",1,2021-07-01,2021,7
4549,"Street","Noon to 5 pm","Winter","Unknown","Harassment","Unknown","2023/24",1,2023-07-01,2023,7
4550,"Street","Unknown","Autumn","No Leash","Attack","Animal","2021/22",1,2022-04-01,2022,4
4551,"Street","Unknown","Autumn","No Leash","Attack","Animal","2023/24",1,2024-04-01,2024,4
4553,"Street","Unknown","Autumn","No Leash","Attack","Human","2020/21",1,2021-04-01,2021,4
4554,"Street","Unknown","Autumn","No Leash","Harassment","Animal","2020/21",1,2021-04-01,2021,4
4557,"Street","Unknown","Autumn","Unknown","Attack","Unknown","2023/24",1,2024-04-01,2024,4
4558,"Street","Unknown","Autumn","Unknown","Harassment","Unknown","2022/23",1,2023-04-01,2023,4
4559,"Street","Unknown","Autumn","Unknown","Harassment","Unknown","2023/24",1,2024-04-01,2024,4
4560,"Street","Unknown","Spring","No Leash","Attack","Animal","2019/20",1,2019-10-01,2019,10
4561,"Street","Unknown","Spring","No Leash","Attack","Animal","2021/22",1,2021-10-01,2021,10
4562,"Street","Unknown","Spring","No Leash","Attack","Animal","2023/24",1,2023-10-01,2023,10
4563,"Street","Unknown","Spring","No Leash","Attack","Both","2021/22",1,2021-10-01,2021,10
4564,"Street","Unknown","Spring","No Leash","Attack","Human","2018/19",2,2018-10-01,2018,10
4565,"Street","Unknown","Spring","No Leash","Attack","Human","2020/21",2,2020-10-01,2020,10
4566,"Street","Unknown","Spring","No Leash","Harassment","Animal","2022/23",1,2022-10-01,2022,10
4567,"Street","Unknown","Spring","No Leash","Harassment","Human","2020/21",1,2020-10-01,2020,10
4568,"Street","Unknown","Spring","No Leash","Harassment","Human","2022/23",1,2022-10-01,2022,10
4569,"Street","Unknown","Spring","No Leash","Harassment","Unknown","2020/21",1,2020-10-01,2020,10
4570,"Street","Unknown","Spring","No Leash","Harassment","Unknown","2023/24",1,2023-10-01,2023,10
4571,"Street","Unknown","Spring","On a Leash","Attack","Animal","2020/21",1,2020-10-01,2020,10
4572,"Street","Unknown","Spring","On a Leash","Attack","Human","2021/22",1,2021-10-01,2021,10
4573,"Street","Unknown","Spring","Unknown","Attack","Animal","2018/19",1,2018-10-01,2018,10
4574,"Street","Unknown","Spring","Unknown","Attack","Animal","2019/20",1,2019-10-01,2019,10
4575,"Street","Unknown","Spring","Unknown","Attack","Human","2018/19",1,2018-10-01,2018,10
4576,"Street","Unknown","Spring","Unknown","Attack","Human","2020/21",1,2020-10-01,2020,10
4577,"Street","Unknown","Spring","Unknown","Harassment","Both","2022/23",1,2022-10-01,2022,10
4578,"Street","Unknown","Spring","Unknown","Harassment","Human","2019/20",1,2019-10-01,2019,10
4579,"Street","Unknown","Spring","Unknown","Harassment","Unknown","2022/23",1,2022-10-01,2022,10
4580,"Street","Unknown","Summer","No Leash","Attack","Animal","2021/22",1,2022-01-01,2022,1
4581,"Street","Unknown","Summer","No Leash","Attack","Animal","2022/23",1,2023-01-01,2023,1
4583,"Street","Unknown","Summer","No Leash","Attack","Both","2021/22",1,2022-01-01,2022,1
4584,"Street","Unknown","Summer","No Leash","Attack","Human","2018/19",2,2019-01-01,2019,1
4585,"Street","Unknown","Summer","No Leash","Attack","Human","2019/20",1,2020-01-01,2020,1
4586,"Street","Unknown","Summer","No Leash","Attack","Unknown","2019/20",2,2020-01-01,2020,1
4587,"Street","Unknown","Summer","No Leash","Attack","Unknown","2022/23",2,2023-01-01,2023,1
4588,"Street","Unknown","Summer","No Leash","Harassment","Animal","2020/21",1,2021-01-01,2021,1
4589,"Street","Unknown","Summer","No Leash","Harassment","Human","2020/21",2,2021-01-01,2021,1
4590,"Street","Unknown","Summer","No Leash","Harassment","Human","2022/23",2,2023-01-01,2023,1
4591,"Street","Unknown","Summer","On a Leash","Attack","Animal","2018/19",1,2019-01-01,2019,1
4592,"Street","Unknown","Summer","On a Leash","Attack","Human","2020/21",1,2021-01-01,2021,1
4593,"Street","Unknown","Summer","Unknown","Attack","Animal","2018/19",1,2019-01-01,2019,1
4594,"Street","Unknown","Summer","Unknown","Attack","Human","2018/19",2,2019-01-01,2019,1
4595,"Street","Unknown","Summer","Unknown","Harassment","Human","2018/19",1,2019-01-01,2019,1
4596,"Street","Unknown","Summer","Unknown","Harassment","Human","2019/20",1,2020-01-01,2020,1
4597,"Street","Unknown","Summer","Unknown","Harassment","Human","2021/22",1,2022-01-01,2022,1
4598,"Street","Unknown","Summer","Unknown","Harassment","Human","2022/23",1,2023-01-01,2023,1
4599,"Street","Unknown","Summer","Unknown","Harassment","Unknown","2023/24",1,2024-01-01,2024,1
4600,"Street","Unknown","Winter","No Leash","Attack","Animal","2019/20",1,2019-07-01,2019,7
4601,"Street","Unknown","Winter","No Leash","Attack","Both","2023/24",1,2023-07-01,2023,7
4602,"Street","Unknown","Winter","No Leash","Attack","Human","2021/22",1,2021-07-01,2021,7
4603,"Street","Unknown","Winter","No Leash","Attack","Unknown","2019/20",1,2019-07-01,2019,7
4604,"Street","Unknown","Winter","No Leash","Attack","Unknown","2020/21",1,2020-07-01,2020,7
4605,"Street","Unknown","Winter","No Leash","Harassment","Human","2020/21",1,2020-07-01,2020,7
4606,"Street","Unknown","Winter","No Leash","Harassment","Unknown","2022/23",1,2022-07-01,2022,7
4607,"Street","Unknown","Winter","On a Leash","Attack","Human","2018/19",1,2018-07-01,2018,7
4608,"Street","Unknown","Winter","Unknown","Attack","Animal","2019/20",1,2019-07-01,2019,7
4609,"Street","Unknown","Winter","Unknown","Attack","Unknown","2018/19",1,2018-07-01,2018,7
4610,"Street","Unknown","Winter","Unknown","Attack","Unknown","2021/22",1,2021-07-01,2021,7
4611,"Street","Unknown","Winter","Unknown","Attack","Unknown","2022/23",1,2022-07-01,2022,7
4612,"Street","Unknown","Winter","Unknown","Harassment","Unknown","2020/21",1,2020-07-01,2020,7
