_id,Council,Gender,AgeCategory,NumOfDogs,NumOfCats,Count
1,ADELAIDE CITY COUNCIL,Female,>70,0,1,15
2,ADELAIDE CITY COUNCIL,Female,>70,0,2,1
3,ADELAIDE CITY COUNCIL,Female,>70,1,0,115
4,ADELAIDE CITY COUNCIL,Female,>70,1,1,2
5,ADELAIDE CITY COUNCIL,Female,>70,2,0,13
6,ADELAIDE CITY COUNCIL,Female,16-20,0,1,1
7,ADELAIDE CITY COUNCIL,Female,16-20,0,2,1
8,ADELAIDE CITY COUNCIL,Female,16-20,1,0,2
9,ADELAIDE CITY COUNCIL,Female,21-25,0,1,68
10,ADELAIDE CITY COUNCIL,Female,21-25,0,2,18
11,ADELAIDE CITY COUNCIL,Female,21-25,0,3,1
12,ADELAIDE CITY COUNCIL,Female,21-25,1,0,25
13,ADELAIDE CITY COUNCIL,Female,21-25,1,1,1
14,ADELAIDE CITY COUNCIL,Female,21-25,4,0,1
15,ADELAIDE CITY COUNCIL,Female,26-30,0,1,71
16,ADELAIDE CITY COUNCIL,Female,26-30,0,2,17
17,ADELAIDE CITY COUNCIL,Female,26-30,0,3,2
18,ADELAIDE CITY COUNCIL,Female,26-30,1,0,42
19,ADELAIDE CITY COUNCIL,Female,26-30,1,1,1
20,ADELAIDE CITY COUNCIL,Female,26-30,1,3,1
21,ADELAIDE CITY COUNCIL,Female,26-30,2,0,3
22,ADELAIDE CITY COUNCIL,Female,31-35,>5,0,1
23,ADELAIDE CITY COUNCIL,Female,31-35,0,1,42
24,ADELAIDE CITY COUNCIL,Female,31-35,0,2,7
25,ADELAIDE CITY COUNCIL,Female,31-35,1,0,43
26,ADELAIDE CITY COUNCIL,Female,31-35,1,1,1
27,ADELAIDE CITY COUNCIL,Female,31-35,1,2,1
28,ADELAIDE CITY COUNCIL,Female,31-35,2,0,6
29,ADELAIDE CITY COUNCIL,Female,36-40,0,1,22
30,ADELAIDE CITY COUNCIL,Female,36-40,0,2,2
31,ADELAIDE CITY COUNCIL,Female,36-40,1,0,57
32,ADELAIDE CITY COUNCIL,Female,36-40,1,1,1
33,ADELAIDE CITY COUNCIL,Female,36-40,1,2,1
34,ADELAIDE CITY COUNCIL,Female,36-40,2,0,5
35,ADELAIDE CITY COUNCIL,Female,41-45,0,1,14
36,ADELAIDE CITY COUNCIL,Female,41-45,0,2,5
37,ADELAIDE CITY COUNCIL,Female,41-45,1,0,42
38,ADELAIDE CITY COUNCIL,Female,41-45,1,1,1
39,ADELAIDE CITY COUNCIL,Female,41-45,1,2,1
40,ADELAIDE CITY COUNCIL,Female,41-45,2,0,2
41,ADELAIDE CITY COUNCIL,Female,46-50,0,1,9
42,ADELAIDE CITY COUNCIL,Female,46-50,0,2,8
43,ADELAIDE CITY COUNCIL,Female,46-50,0,3,1
44,ADELAIDE CITY COUNCIL,Female,46-50,1,0,43
45,ADELAIDE CITY COUNCIL,Female,46-50,1,1,3
46,ADELAIDE CITY COUNCIL,Female,46-50,1,2,1
47,ADELAIDE CITY COUNCIL,Female,46-50,1,3,1
48,ADELAIDE CITY COUNCIL,Female,46-50,2,0,8
49,ADELAIDE CITY COUNCIL,Female,46-50,3,0,1
50,ADELAIDE CITY COUNCIL,Female,51-55,0,1,6
51,ADELAIDE CITY COUNCIL,Female,51-55,0,2,4
52,ADELAIDE CITY COUNCIL,Female,51-55,1,0,66
53,ADELAIDE CITY COUNCIL,Female,51-55,1,1,2
54,ADELAIDE CITY COUNCIL,Female,51-55,1,2,1
55,ADELAIDE CITY COUNCIL,Female,51-55,2,0,16
56,ADELAIDE CITY COUNCIL,Female,51-55,2,1,1
57,ADELAIDE CITY COUNCIL,Female,56-60,0,1,10
58,ADELAIDE CITY COUNCIL,Female,56-60,0,2,2
59,ADELAIDE CITY COUNCIL,Female,56-60,0,3,1
60,ADELAIDE CITY COUNCIL,Female,56-60,1,0,60
61,ADELAIDE CITY COUNCIL,Female,56-60,1,1,3
62,ADELAIDE CITY COUNCIL,Female,56-60,2,0,12
63,ADELAIDE CITY COUNCIL,Female,56-60,2,1,1
64,ADELAIDE CITY COUNCIL,Female,56-60,4,0,1
65,ADELAIDE CITY COUNCIL,Female,61-65,0,1,8
66,ADELAIDE CITY COUNCIL,Female,61-65,0,2,3
67,ADELAIDE CITY COUNCIL,Female,61-65,1,0,61
68,ADELAIDE CITY COUNCIL,Female,61-65,1,1,3
69,ADELAIDE CITY COUNCIL,Female,61-65,2,0,11
70,ADELAIDE CITY COUNCIL,Female,61-65,2,1,2
71,ADELAIDE CITY COUNCIL,Female,66-70,0,1,4
72,ADELAIDE CITY COUNCIL,Female,66-70,0,2,1
73,ADELAIDE CITY COUNCIL,Female,66-70,1,0,36
74,ADELAIDE CITY COUNCIL,Female,66-70,1,1,1
75,ADELAIDE CITY COUNCIL,Female,66-70,2,0,8
76,ADELAIDE CITY COUNCIL,Female,66-70,3,0,1
77,ADELAIDE CITY COUNCIL,Female,Unknown,1,0,2
78,ADELAIDE CITY COUNCIL,Male,>70,0,2,2
79,ADELAIDE CITY COUNCIL,Male,>70,1,0,52
80,ADELAIDE CITY COUNCIL,Male,>70,1,1,1
81,ADELAIDE CITY COUNCIL,Male,>70,2,0,9
82,ADELAIDE CITY COUNCIL,Male,>70,3,0,3
83,ADELAIDE CITY COUNCIL,Male,16-20,0,1,3
84,ADELAIDE CITY COUNCIL,Male,16-20,1,0,2
85,ADELAIDE CITY COUNCIL,Male,21-25,0,1,42
86,ADELAIDE CITY COUNCIL,Male,21-25,0,2,6
87,ADELAIDE CITY COUNCIL,Male,21-25,0,3,1
88,ADELAIDE CITY COUNCIL,Male,21-25,1,0,11
89,ADELAIDE CITY COUNCIL,Male,26-30,0,1,29
90,ADELAIDE CITY COUNCIL,Male,26-30,0,2,5
91,ADELAIDE CITY COUNCIL,Male,26-30,1,0,13
92,ADELAIDE CITY COUNCIL,Male,26-30,1,1,2
93,ADELAIDE CITY COUNCIL,Male,31-35,0,1,24
94,ADELAIDE CITY COUNCIL,Male,31-35,0,2,5
95,ADELAIDE CITY COUNCIL,Male,31-35,1,0,23
96,ADELAIDE CITY COUNCIL,Male,31-35,2,0,1
97,ADELAIDE CITY COUNCIL,Male,36-40,0,1,11
98,ADELAIDE CITY COUNCIL,Male,36-40,0,2,1
99,ADELAIDE CITY COUNCIL,Male,36-40,1,0,21
100,ADELAIDE CITY COUNCIL,Male,36-40,1,1,1
101,ADELAIDE CITY COUNCIL,Male,36-40,2,0,1
102,ADELAIDE CITY COUNCIL,Male,41-45,0,1,11
103,ADELAIDE CITY COUNCIL,Male,41-45,0,4,1
104,ADELAIDE CITY COUNCIL,Male,41-45,1,0,30
105,ADELAIDE CITY COUNCIL,Male,41-45,2,0,6
106,ADELAIDE CITY COUNCIL,Male,46-50,0,1,8
107,ADELAIDE CITY COUNCIL,Male,46-50,0,2,1
108,ADELAIDE CITY COUNCIL,Male,46-50,0,3,2
109,ADELAIDE CITY COUNCIL,Male,46-50,1,0,21
110,ADELAIDE CITY COUNCIL,Male,51-55,0,1,6
111,ADELAIDE CITY COUNCIL,Male,51-55,0,3,1
112,ADELAIDE CITY COUNCIL,Male,51-55,1,0,19
113,ADELAIDE CITY COUNCIL,Male,51-55,1,1,1
114,ADELAIDE CITY COUNCIL,Male,51-55,2,0,6
115,ADELAIDE CITY COUNCIL,Male,56-60,0,1,5
116,ADELAIDE CITY COUNCIL,Male,56-60,0,2,2
117,ADELAIDE CITY COUNCIL,Male,56-60,1,0,15
118,ADELAIDE CITY COUNCIL,Male,56-60,1,1,1
119,ADELAIDE CITY COUNCIL,Male,56-60,2,0,3
120,ADELAIDE CITY COUNCIL,Male,56-60,3,0,1
121,ADELAIDE CITY COUNCIL,Male,61-65,0,1,4
122,ADELAIDE CITY COUNCIL,Male,61-65,0,2,2
123,ADELAIDE CITY COUNCIL,Male,61-65,1,0,25
124,ADELAIDE CITY COUNCIL,Male,61-65,2,0,4
125,ADELAIDE CITY COUNCIL,Male,61-65,2,2,1
126,ADELAIDE CITY COUNCIL,Male,66-70,0,1,2
127,ADELAIDE CITY COUNCIL,Male,66-70,0,2,1
128,ADELAIDE CITY COUNCIL,Male,66-70,1,0,21
129,ADELAIDE CITY COUNCIL,Male,66-70,2,0,3
130,ADELAIDE CITY COUNCIL,Male,66-70,4,0,1
131,ADELAIDE CITY COUNCIL,Male,Unknown,0,1,1
132,ADELAIDE CITY COUNCIL,Male,Unknown,1,0,3
133,ADELAIDE CITY COUNCIL,Other,21-25,0,1,3
134,ADELAIDE CITY COUNCIL,Other,21-25,1,0,1
135,ADELAIDE CITY COUNCIL,Other,26-30,0,1,3
136,ADELAIDE CITY COUNCIL,Other,31-35,0,1,2
137,ADELAIDE CITY COUNCIL,Other,36-40,0,2,1
138,ADELAIDE CITY COUNCIL,Other,46-50,1,0,1
139,ADELAIDE CITY COUNCIL,Other,51-55,2,0,1
140,ADELAIDE CITY COUNCIL,Other,61-65,1,0,1
141,ADELAIDE CITY COUNCIL,Other,66-70,1,0,1
142,ADELAIDE CITY COUNCIL,SUPPRESSED,Unknown,1,0,3
143,ADELAIDE CITY COUNCIL,SUPPRESSED,Unknown,2,0,2
144,ADELAIDE CITY COUNCIL,SUPPRESSED,Unknown,3,0,1
145,ADELAIDE CITY COUNCIL,Unknown,31-35,1,0,1
146,ADELAIDE CITY COUNCIL,Unknown,Unknown,0,1,1
147,ADELAIDE CITY COUNCIL,Unknown,Unknown,1,0,6
148,ADELAIDE HILLS COUNCIL,Female,>70,>5,0,3
149,ADELAIDE HILLS COUNCIL,Female,>70,0,>5,1
150,ADELAIDE HILLS COUNCIL,Female,>70,0,1,46
151,ADELAIDE HILLS COUNCIL,Female,>70,0,2,15
152,ADELAIDE HILLS COUNCIL,Female,>70,0,3,1
153,ADELAIDE HILLS COUNCIL,Female,>70,1,0,397
154,ADELAIDE HILLS COUNCIL,Female,>70,1,1,15
155,ADELAIDE HILLS COUNCIL,Female,>70,1,2,4
156,ADELAIDE HILLS COUNCIL,Female,>70,1,3,1
157,ADELAIDE HILLS COUNCIL,Female,>70,2,0,104
158,ADELAIDE HILLS COUNCIL,Female,>70,2,1,6
159,ADELAIDE HILLS COUNCIL,Female,>70,2,2,4
160,ADELAIDE HILLS COUNCIL,Female,>70,3,0,11
161,ADELAIDE HILLS COUNCIL,Female,>70,3,2,1
162,ADELAIDE HILLS COUNCIL,Female,>70,4,0,3
163,ADELAIDE HILLS COUNCIL,Female,16-20,0,1,8
164,ADELAIDE HILLS COUNCIL,Female,16-20,0,2,2
165,ADELAIDE HILLS COUNCIL,Female,16-20,1,0,7
166,ADELAIDE HILLS COUNCIL,Female,16-20,2,0,1
167,ADELAIDE HILLS COUNCIL,Female,21-25,0,1,35
168,ADELAIDE HILLS COUNCIL,Female,21-25,0,2,5
169,ADELAIDE HILLS COUNCIL,Female,21-25,0,3,1
170,ADELAIDE HILLS COUNCIL,Female,21-25,1,0,83
171,ADELAIDE HILLS COUNCIL,Female,21-25,1,1,6
172,ADELAIDE HILLS COUNCIL,Female,21-25,1,2,1
173,ADELAIDE HILLS COUNCIL,Female,21-25,1,3,1
174,ADELAIDE HILLS COUNCIL,Female,21-25,2,0,14
175,ADELAIDE HILLS COUNCIL,Female,21-25,2,1,2
176,ADELAIDE HILLS COUNCIL,Female,26-30,0,1,34
177,ADELAIDE HILLS COUNCIL,Female,26-30,0,2,8
178,ADELAIDE HILLS COUNCIL,Female,26-30,0,3,1
179,ADELAIDE HILLS COUNCIL,Female,26-30,1,>5,1
180,ADELAIDE HILLS COUNCIL,Female,26-30,1,0,186
181,ADELAIDE HILLS COUNCIL,Female,26-30,1,1,5
182,ADELAIDE HILLS COUNCIL,Female,26-30,1,2,1
183,ADELAIDE HILLS COUNCIL,Female,26-30,2,0,32
184,ADELAIDE HILLS COUNCIL,Female,26-30,2,1,2
185,ADELAIDE HILLS COUNCIL,Female,26-30,2,3,1
186,ADELAIDE HILLS COUNCIL,Female,26-30,3,0,1
187,ADELAIDE HILLS COUNCIL,Female,26-30,4,0,1
188,ADELAIDE HILLS COUNCIL,Female,31-35,0,1,34
189,ADELAIDE HILLS COUNCIL,Female,31-35,0,2,16
190,ADELAIDE HILLS COUNCIL,Female,31-35,0,3,4
191,ADELAIDE HILLS COUNCIL,Female,31-35,0,4,1
192,ADELAIDE HILLS COUNCIL,Female,31-35,0,5,1
193,ADELAIDE HILLS COUNCIL,Female,31-35,1,0,240
194,ADELAIDE HILLS COUNCIL,Female,31-35,1,1,17
195,ADELAIDE HILLS COUNCIL,Female,31-35,1,2,4
196,ADELAIDE HILLS COUNCIL,Female,31-35,1,4,1
197,ADELAIDE HILLS COUNCIL,Female,31-35,2,0,71
198,ADELAIDE HILLS COUNCIL,Female,31-35,2,1,3
199,ADELAIDE HILLS COUNCIL,Female,31-35,2,2,2
200,ADELAIDE HILLS COUNCIL,Female,31-35,3,0,2
201,ADELAIDE HILLS COUNCIL,Female,36-40,>5,0,2
202,ADELAIDE HILLS COUNCIL,Female,36-40,0,1,28
203,ADELAIDE HILLS COUNCIL,Female,36-40,0,2,8
204,ADELAIDE HILLS COUNCIL,Female,36-40,0,3,1
205,ADELAIDE HILLS COUNCIL,Female,36-40,0,4,1
206,ADELAIDE HILLS COUNCIL,Female,36-40,1,0,354
207,ADELAIDE HILLS COUNCIL,Female,36-40,1,1,15
208,ADELAIDE HILLS COUNCIL,Female,36-40,1,2,8
209,ADELAIDE HILLS COUNCIL,Female,36-40,2,0,77
210,ADELAIDE HILLS COUNCIL,Female,36-40,2,1,6
211,ADELAIDE HILLS COUNCIL,Female,36-40,2,2,2
212,ADELAIDE HILLS COUNCIL,Female,36-40,3,0,9
213,ADELAIDE HILLS COUNCIL,Female,36-40,4,0,1
214,ADELAIDE HILLS COUNCIL,Female,36-40,5,0,1
215,ADELAIDE HILLS COUNCIL,Female,41-45,>5,0,1
216,ADELAIDE HILLS COUNCIL,Female,41-45,0,1,59
217,ADELAIDE HILLS COUNCIL,Female,41-45,0,2,10
218,ADELAIDE HILLS COUNCIL,Female,41-45,0,3,1
219,ADELAIDE HILLS COUNCIL,Female,41-45,1,0,303
220,ADELAIDE HILLS COUNCIL,Female,41-45,1,1,16
221,ADELAIDE HILLS COUNCIL,Female,41-45,1,2,11
222,ADELAIDE HILLS COUNCIL,Female,41-45,1,3,1
223,ADELAIDE HILLS COUNCIL,Female,41-45,2,0,114
224,ADELAIDE HILLS COUNCIL,Female,41-45,2,1,12
225,ADELAIDE HILLS COUNCIL,Female,41-45,2,2,7
226,ADELAIDE HILLS COUNCIL,Female,41-45,3,0,10
227,ADELAIDE HILLS COUNCIL,Female,41-45,3,1,1
228,ADELAIDE HILLS COUNCIL,Female,41-45,3,2,1
229,ADELAIDE HILLS COUNCIL,Female,41-45,3,3,1
230,ADELAIDE HILLS COUNCIL,Female,41-45,4,0,1
231,ADELAIDE HILLS COUNCIL,Female,41-45,5,0,2
232,ADELAIDE HILLS COUNCIL,Female,46-50,0,1,41
233,ADELAIDE HILLS COUNCIL,Female,46-50,0,2,27
234,ADELAIDE HILLS COUNCIL,Female,46-50,0,3,5
235,ADELAIDE HILLS COUNCIL,Female,46-50,1,0,400
236,ADELAIDE HILLS COUNCIL,Female,46-50,1,1,31
237,ADELAIDE HILLS COUNCIL,Female,46-50,1,2,12
238,ADELAIDE HILLS COUNCIL,Female,46-50,1,3,1
239,ADELAIDE HILLS COUNCIL,Female,46-50,1,4,2
240,ADELAIDE HILLS COUNCIL,Female,46-50,2,0,129
241,ADELAIDE HILLS COUNCIL,Female,46-50,2,1,14
242,ADELAIDE HILLS COUNCIL,Female,46-50,2,2,10
243,ADELAIDE HILLS COUNCIL,Female,46-50,3,>5,1
244,ADELAIDE HILLS COUNCIL,Female,46-50,3,0,14
245,ADELAIDE HILLS COUNCIL,Female,46-50,3,1,4
246,ADELAIDE HILLS COUNCIL,Female,46-50,3,3,1
247,ADELAIDE HILLS COUNCIL,Female,46-50,4,0,2
248,ADELAIDE HILLS COUNCIL,Female,51-55,>5,0,1
249,ADELAIDE HILLS COUNCIL,Female,51-55,0,1,41
250,ADELAIDE HILLS COUNCIL,Female,51-55,0,2,14
251,ADELAIDE HILLS COUNCIL,Female,51-55,0,3,5
252,ADELAIDE HILLS COUNCIL,Female,51-55,1,0,425
253,ADELAIDE HILLS COUNCIL,Female,51-55,1,1,32
254,ADELAIDE HILLS COUNCIL,Female,51-55,1,2,14
255,ADELAIDE HILLS COUNCIL,Female,51-55,2,0,186
256,ADELAIDE HILLS COUNCIL,Female,51-55,2,1,11
257,ADELAIDE HILLS COUNCIL,Female,51-55,2,2,9
258,ADELAIDE HILLS COUNCIL,Female,51-55,2,3,1
259,ADELAIDE HILLS COUNCIL,Female,51-55,3,0,24
260,ADELAIDE HILLS COUNCIL,Female,51-55,3,1,3
261,ADELAIDE HILLS COUNCIL,Female,51-55,3,2,1
262,ADELAIDE HILLS COUNCIL,Female,51-55,4,0,6
263,ADELAIDE HILLS COUNCIL,Female,51-55,4,2,1
264,ADELAIDE HILLS COUNCIL,Female,56-60,>5,0,1
265,ADELAIDE HILLS COUNCIL,Female,56-60,0,1,26
266,ADELAIDE HILLS COUNCIL,Female,56-60,0,2,14
267,ADELAIDE HILLS COUNCIL,Female,56-60,0,4,1
268,ADELAIDE HILLS COUNCIL,Female,56-60,1,0,371
269,ADELAIDE HILLS COUNCIL,Female,56-60,1,1,23
270,ADELAIDE HILLS COUNCIL,Female,56-60,1,2,13
271,ADELAIDE HILLS COUNCIL,Female,56-60,1,5,1
272,ADELAIDE HILLS COUNCIL,Female,56-60,2,0,137
273,ADELAIDE HILLS COUNCIL,Female,56-60,2,1,12
274,ADELAIDE HILLS COUNCIL,Female,56-60,2,2,7
275,ADELAIDE HILLS COUNCIL,Female,56-60,2,3,1
276,ADELAIDE HILLS COUNCIL,Female,56-60,3,0,20
277,ADELAIDE HILLS COUNCIL,Female,56-60,3,1,2
278,ADELAIDE HILLS COUNCIL,Female,56-60,3,2,1
279,ADELAIDE HILLS COUNCIL,Female,56-60,4,0,6
280,ADELAIDE HILLS COUNCIL,Female,56-60,5,0,1
281,ADELAIDE HILLS COUNCIL,Female,61-65,0,1,37
282,ADELAIDE HILLS COUNCIL,Female,61-65,0,2,10
283,ADELAIDE HILLS COUNCIL,Female,61-65,0,3,4
284,ADELAIDE HILLS COUNCIL,Female,61-65,0,4,1
285,ADELAIDE HILLS COUNCIL,Female,61-65,1,0,329
286,ADELAIDE HILLS COUNCIL,Female,61-65,1,1,12
287,ADELAIDE HILLS COUNCIL,Female,61-65,1,2,7
288,ADELAIDE HILLS COUNCIL,Female,61-65,1,3,1
289,ADELAIDE HILLS COUNCIL,Female,61-65,2,0,116
290,ADELAIDE HILLS COUNCIL,Female,61-65,2,1,9
291,ADELAIDE HILLS COUNCIL,Female,61-65,2,2,5
292,ADELAIDE HILLS COUNCIL,Female,61-65,2,4,1
293,ADELAIDE HILLS COUNCIL,Female,61-65,3,0,13
294,ADELAIDE HILLS COUNCIL,Female,61-65,3,1,1
295,ADELAIDE HILLS COUNCIL,Female,61-65,3,2,2
296,ADELAIDE HILLS COUNCIL,Female,61-65,4,0,4
297,ADELAIDE HILLS COUNCIL,Female,66-70,>5,0,1
298,ADELAIDE HILLS COUNCIL,Female,66-70,0,1,25
299,ADELAIDE HILLS COUNCIL,Female,66-70,0,2,13
300,ADELAIDE HILLS COUNCIL,Female,66-70,0,3,1
301,ADELAIDE HILLS COUNCIL,Female,66-70,1,0,234
302,ADELAIDE HILLS COUNCIL,Female,66-70,1,1,11
303,ADELAIDE HILLS COUNCIL,Female,66-70,1,2,7
304,ADELAIDE HILLS COUNCIL,Female,66-70,1,5,1
305,ADELAIDE HILLS COUNCIL,Female,66-70,2,0,75
306,ADELAIDE HILLS COUNCIL,Female,66-70,2,1,8
307,ADELAIDE HILLS COUNCIL,Female,66-70,2,2,1
308,ADELAIDE HILLS COUNCIL,Female,66-70,3,0,7
309,ADELAIDE HILLS COUNCIL,Female,66-70,3,1,1
310,ADELAIDE HILLS COUNCIL,Female,66-70,4,0,2
311,ADELAIDE HILLS COUNCIL,Female,Unknown,0,1,17
312,ADELAIDE HILLS COUNCIL,Female,Unknown,0,2,4
313,ADELAIDE HILLS COUNCIL,Female,Unknown,1,0,10
314,ADELAIDE HILLS COUNCIL,Female,Unknown,1,1,1
315,ADELAIDE HILLS COUNCIL,Female,Unknown,2,0,2
316,ADELAIDE HILLS COUNCIL,Male,>70,>5,0,2
317,ADELAIDE HILLS COUNCIL,Male,>70,0,1,21
318,ADELAIDE HILLS COUNCIL,Male,>70,0,2,2
319,ADELAIDE HILLS COUNCIL,Male,>70,1,0,286
320,ADELAIDE HILLS COUNCIL,Male,>70,1,1,7
321,ADELAIDE HILLS COUNCIL,Male,>70,1,2,1
322,ADELAIDE HILLS COUNCIL,Male,>70,2,0,53
323,ADELAIDE HILLS COUNCIL,Male,>70,2,1,1
324,ADELAIDE HILLS COUNCIL,Male,>70,3,0,5
325,ADELAIDE HILLS COUNCIL,Male,>70,3,1,1
326,ADELAIDE HILLS COUNCIL,Male,>70,4,0,3
327,ADELAIDE HILLS COUNCIL,Male,16-20,0,1,2
328,ADELAIDE HILLS COUNCIL,Male,16-20,1,0,5
329,ADELAIDE HILLS COUNCIL,Male,21-25,0,1,13
330,ADELAIDE HILLS COUNCIL,Male,21-25,1,0,49
331,ADELAIDE HILLS COUNCIL,Male,21-25,1,2,1
332,ADELAIDE HILLS COUNCIL,Male,21-25,2,0,3
333,ADELAIDE HILLS COUNCIL,Male,26-30,0,1,16
334,ADELAIDE HILLS COUNCIL,Male,26-30,0,2,2
335,ADELAIDE HILLS COUNCIL,Male,26-30,1,0,93
336,ADELAIDE HILLS COUNCIL,Male,26-30,1,1,3
337,ADELAIDE HILLS COUNCIL,Male,26-30,2,0,11
338,ADELAIDE HILLS COUNCIL,Male,26-30,2,1,1
339,ADELAIDE HILLS COUNCIL,Male,31-35,0,1,11
340,ADELAIDE HILLS COUNCIL,Male,31-35,0,2,1
341,ADELAIDE HILLS COUNCIL,Male,31-35,1,0,149
342,ADELAIDE HILLS COUNCIL,Male,31-35,1,1,3
343,ADELAIDE HILLS COUNCIL,Male,31-35,1,2,2
344,ADELAIDE HILLS COUNCIL,Male,31-35,2,0,23
345,ADELAIDE HILLS COUNCIL,Male,31-35,3,0,3
346,ADELAIDE HILLS COUNCIL,Male,36-40,0,1,8
347,ADELAIDE HILLS COUNCIL,Male,36-40,0,2,5
348,ADELAIDE HILLS COUNCIL,Male,36-40,0,3,2
349,ADELAIDE HILLS COUNCIL,Male,36-40,1,0,163
350,ADELAIDE HILLS COUNCIL,Male,36-40,1,1,3
351,ADELAIDE HILLS COUNCIL,Male,36-40,1,2,1
352,ADELAIDE HILLS COUNCIL,Male,36-40,2,0,34
353,ADELAIDE HILLS COUNCIL,Male,36-40,2,3,1
354,ADELAIDE HILLS COUNCIL,Male,36-40,3,0,1
355,ADELAIDE HILLS COUNCIL,Male,41-45,>5,0,1
356,ADELAIDE HILLS COUNCIL,Male,41-45,0,1,15
357,ADELAIDE HILLS COUNCIL,Male,41-45,0,2,4
358,ADELAIDE HILLS COUNCIL,Male,41-45,1,0,169
359,ADELAIDE HILLS COUNCIL,Male,41-45,1,1,2
360,ADELAIDE HILLS COUNCIL,Male,41-45,2,0,34
361,ADELAIDE HILLS COUNCIL,Male,41-45,2,1,3
362,ADELAIDE HILLS COUNCIL,Male,41-45,2,2,1
363,ADELAIDE HILLS COUNCIL,Male,41-45,3,0,5
364,ADELAIDE HILLS COUNCIL,Male,46-50,>5,0,2
365,ADELAIDE HILLS COUNCIL,Male,46-50,>5,1,1
366,ADELAIDE HILLS COUNCIL,Male,46-50,0,1,10
367,ADELAIDE HILLS COUNCIL,Male,46-50,0,2,3
368,ADELAIDE HILLS COUNCIL,Male,46-50,0,3,1
369,ADELAIDE HILLS COUNCIL,Male,46-50,1,0,180
370,ADELAIDE HILLS COUNCIL,Male,46-50,1,1,7
371,ADELAIDE HILLS COUNCIL,Male,46-50,1,2,3
372,ADELAIDE HILLS COUNCIL,Male,46-50,2,0,41
373,ADELAIDE HILLS COUNCIL,Male,46-50,2,1,3
374,ADELAIDE HILLS COUNCIL,Male,46-50,3,0,2
375,ADELAIDE HILLS COUNCIL,Male,46-50,3,3,1
376,ADELAIDE HILLS COUNCIL,Male,46-50,4,0,2
377,ADELAIDE HILLS COUNCIL,Male,46-50,4,1,1
378,ADELAIDE HILLS COUNCIL,Male,51-55,>5,0,1
379,ADELAIDE HILLS COUNCIL,Male,51-55,>5,1,1
380,ADELAIDE HILLS COUNCIL,Male,51-55,0,1,13
381,ADELAIDE HILLS COUNCIL,Male,51-55,0,2,4
382,ADELAIDE HILLS COUNCIL,Male,51-55,1,0,184
383,ADELAIDE HILLS COUNCIL,Male,51-55,1,1,11
384,ADELAIDE HILLS COUNCIL,Male,51-55,1,2,1
385,ADELAIDE HILLS COUNCIL,Male,51-55,1,3,1
386,ADELAIDE HILLS COUNCIL,Male,51-55,2,0,52
387,ADELAIDE HILLS COUNCIL,Male,51-55,2,2,2
388,ADELAIDE HILLS COUNCIL,Male,51-55,3,0,7
389,ADELAIDE HILLS COUNCIL,Male,51-55,5,0,1
390,ADELAIDE HILLS COUNCIL,Male,56-60,0,1,8
391,ADELAIDE HILLS COUNCIL,Male,56-60,0,2,3
392,ADELAIDE HILLS COUNCIL,Male,56-60,0,3,1
393,ADELAIDE HILLS COUNCIL,Male,56-60,1,0,178
394,ADELAIDE HILLS COUNCIL,Male,56-60,1,1,6
395,ADELAIDE HILLS COUNCIL,Male,56-60,1,2,2
396,ADELAIDE HILLS COUNCIL,Male,56-60,2,0,48
397,ADELAIDE HILLS COUNCIL,Male,56-60,2,1,3
398,ADELAIDE HILLS COUNCIL,Male,56-60,2,2,1
399,ADELAIDE HILLS COUNCIL,Male,56-60,2,3,1
400,ADELAIDE HILLS COUNCIL,Male,56-60,3,0,8
401,ADELAIDE HILLS COUNCIL,Male,56-60,3,1,2
402,ADELAIDE HILLS COUNCIL,Male,56-60,4,0,2
403,ADELAIDE HILLS COUNCIL,Male,61-65,>5,0,3
404,ADELAIDE HILLS COUNCIL,Male,61-65,0,1,11
405,ADELAIDE HILLS COUNCIL,Male,61-65,0,2,1
406,ADELAIDE HILLS COUNCIL,Male,61-65,1,0,146
407,ADELAIDE HILLS COUNCIL,Male,61-65,1,1,5
408,ADELAIDE HILLS COUNCIL,Male,61-65,1,2,1
409,ADELAIDE HILLS COUNCIL,Male,61-65,2,0,40
410,ADELAIDE HILLS COUNCIL,Male,61-65,3,0,8
411,ADELAIDE HILLS COUNCIL,Male,61-65,4,0,1
412,ADELAIDE HILLS COUNCIL,Male,61-65,5,0,1
413,ADELAIDE HILLS COUNCIL,Male,66-70,0,1,6
414,ADELAIDE HILLS COUNCIL,Male,66-70,0,2,3
415,ADELAIDE HILLS COUNCIL,Male,66-70,1,0,134
416,ADELAIDE HILLS COUNCIL,Male,66-70,1,1,6
417,ADELAIDE HILLS COUNCIL,Male,66-70,2,0,30
418,ADELAIDE HILLS COUNCIL,Male,66-70,2,1,1
419,ADELAIDE HILLS COUNCIL,Male,66-70,3,0,4
420,ADELAIDE HILLS COUNCIL,Male,66-70,4,0,1
421,ADELAIDE HILLS COUNCIL,Male,Unknown,0,1,5
422,ADELAIDE HILLS COUNCIL,Male,Unknown,0,2,1
423,ADELAIDE HILLS COUNCIL,Male,Unknown,1,0,16
424,ADELAIDE HILLS COUNCIL,Male,Unknown,2,0,1
425,ADELAIDE HILLS COUNCIL,Other,>70,1,0,16
426,ADELAIDE HILLS COUNCIL,Other,>70,1,1,1
427,ADELAIDE HILLS COUNCIL,Other,>70,1,2,1
428,ADELAIDE HILLS COUNCIL,Other,>70,2,0,5
429,ADELAIDE HILLS COUNCIL,Other,>70,2,1,1
430,ADELAIDE HILLS COUNCIL,Other,>70,3,0,2
431,ADELAIDE HILLS COUNCIL,Other,21-25,0,1,1
432,ADELAIDE HILLS COUNCIL,Other,21-25,1,0,1
433,ADELAIDE HILLS COUNCIL,Other,21-25,2,0,2
434,ADELAIDE HILLS COUNCIL,Other,26-30,1,0,4
435,ADELAIDE HILLS COUNCIL,Other,26-30,2,0,1
436,ADELAIDE HILLS COUNCIL,Other,31-35,1,0,2
437,ADELAIDE HILLS COUNCIL,Other,31-35,2,0,1
438,ADELAIDE HILLS COUNCIL,Other,36-40,1,0,6
439,ADELAIDE HILLS COUNCIL,Other,36-40,3,0,1
440,ADELAIDE HILLS COUNCIL,Other,41-45,0,1,1
441,ADELAIDE HILLS COUNCIL,Other,41-45,1,0,7
442,ADELAIDE HILLS COUNCIL,Other,46-50,1,0,8
443,ADELAIDE HILLS COUNCIL,Other,46-50,1,1,1
444,ADELAIDE HILLS COUNCIL,Other,46-50,2,0,3
445,ADELAIDE HILLS COUNCIL,Other,46-50,5,0,1
446,ADELAIDE HILLS COUNCIL,Other,51-55,1,0,15
447,ADELAIDE HILLS COUNCIL,Other,51-55,1,1,3
448,ADELAIDE HILLS COUNCIL,Other,51-55,1,2,1
449,ADELAIDE HILLS COUNCIL,Other,51-55,2,0,3
450,ADELAIDE HILLS COUNCIL,Other,51-55,2,2,1
451,ADELAIDE HILLS COUNCIL,Other,51-55,3,0,2
452,ADELAIDE HILLS COUNCIL,Other,51-55,5,0,1
453,ADELAIDE HILLS COUNCIL,Other,56-60,1,0,15
454,ADELAIDE HILLS COUNCIL,Other,56-60,1,1,1
455,ADELAIDE HILLS COUNCIL,Other,56-60,2,0,2
456,ADELAIDE HILLS COUNCIL,Other,61-65,1,0,8
457,ADELAIDE HILLS COUNCIL,Other,61-65,2,0,3
458,ADELAIDE HILLS COUNCIL,Other,61-65,2,3,1
459,ADELAIDE HILLS COUNCIL,Other,61-65,3,0,1
460,ADELAIDE HILLS COUNCIL,Other,61-65,3,1,1
461,ADELAIDE HILLS COUNCIL,Other,66-70,0,2,1
462,ADELAIDE HILLS COUNCIL,Other,66-70,1,0,14
463,ADELAIDE HILLS COUNCIL,Other,66-70,2,0,4
464,ADELAIDE HILLS COUNCIL,Other,Unknown,0,1,1
465,ADELAIDE HILLS COUNCIL,Other,Unknown,1,0,24
466,ADELAIDE HILLS COUNCIL,Other,Unknown,2,0,2
467,ADELAIDE HILLS COUNCIL,SUPPRESSED,Unknown,0,1,1
468,ADELAIDE HILLS COUNCIL,SUPPRESSED,Unknown,0,2,1
469,ADELAIDE HILLS COUNCIL,SUPPRESSED,Unknown,1,0,3
470,ADELAIDE HILLS COUNCIL,SUPPRESSED,Unknown,2,0,3
471,ADELAIDE HILLS COUNCIL,SUPPRESSED,Unknown,2,1,1
472,ADELAIDE HILLS COUNCIL,SUPPRESSED,Unknown,5,0,1
473,ADELAIDE HILLS COUNCIL,Unknown,>70,1,0,1
474,ADELAIDE HILLS COUNCIL,Unknown,21-25,0,1,1
475,ADELAIDE HILLS COUNCIL,Unknown,61-65,0,1,1
476,ADELAIDE HILLS COUNCIL,Unknown,Unknown,0,1,25
477,ADELAIDE HILLS COUNCIL,Unknown,Unknown,0,2,7
478,ADELAIDE HILLS COUNCIL,Unknown,Unknown,0,4,1
479,ADELAIDE HILLS COUNCIL,Unknown,Unknown,1,0,15
480,ADELAIDE PLAINS COUNCIL,Female,>70,>5,0,13
481,ADELAIDE PLAINS COUNCIL,Female,>70,>5,1,1
482,ADELAIDE PLAINS COUNCIL,Female,>70,>5,2,1
483,ADELAIDE PLAINS COUNCIL,Female,>70,0,1,6
484,ADELAIDE PLAINS COUNCIL,Female,>70,0,2,3
485,ADELAIDE PLAINS COUNCIL,Female,>70,0,3,1
486,ADELAIDE PLAINS COUNCIL,Female,>70,1,0,84
487,ADELAIDE PLAINS COUNCIL,Female,>70,1,1,3
488,ADELAIDE PLAINS COUNCIL,Female,>70,1,2,1
489,ADELAIDE PLAINS COUNCIL,Female,>70,1,5,1
490,ADELAIDE PLAINS COUNCIL,Female,>70,2,0,32
491,ADELAIDE PLAINS COUNCIL,Female,>70,2,1,1
492,ADELAIDE PLAINS COUNCIL,Female,>70,2,2,1
493,ADELAIDE PLAINS COUNCIL,Female,>70,3,0,6
494,ADELAIDE PLAINS COUNCIL,Female,>70,3,1,1
495,ADELAIDE PLAINS COUNCIL,Female,>70,4,0,7
496,ADELAIDE PLAINS COUNCIL,Female,>70,4,1,1
497,ADELAIDE PLAINS COUNCIL,Female,>70,5,0,5
498,ADELAIDE PLAINS COUNCIL,Female,16-20,0,1,1
499,ADELAIDE PLAINS COUNCIL,Female,16-20,1,0,6
500,ADELAIDE PLAINS COUNCIL,Female,16-20,1,1,1
501,ADELAIDE PLAINS COUNCIL,Female,16-20,2,0,1
502,ADELAIDE PLAINS COUNCIL,Female,21-25,>5,0,1
503,ADELAIDE PLAINS COUNCIL,Female,21-25,0,1,14
504,ADELAIDE PLAINS COUNCIL,Female,21-25,0,2,1
505,ADELAIDE PLAINS COUNCIL,Female,21-25,1,0,32
506,ADELAIDE PLAINS COUNCIL,Female,21-25,1,1,5
507,ADELAIDE PLAINS COUNCIL,Female,21-25,1,2,3
508,ADELAIDE PLAINS COUNCIL,Female,21-25,2,0,8
509,ADELAIDE PLAINS COUNCIL,Female,21-25,2,2,1
510,ADELAIDE PLAINS COUNCIL,Female,21-25,3,0,1
511,ADELAIDE PLAINS COUNCIL,Female,26-30,>5,0,3
512,ADELAIDE PLAINS COUNCIL,Female,26-30,>5,2,1
513,ADELAIDE PLAINS COUNCIL,Female,26-30,0,1,10
514,ADELAIDE PLAINS COUNCIL,Female,26-30,0,2,4
515,ADELAIDE PLAINS COUNCIL,Female,26-30,1,>5,1
516,ADELAIDE PLAINS COUNCIL,Female,26-30,1,0,74
517,ADELAIDE PLAINS COUNCIL,Female,26-30,1,1,3
518,ADELAIDE PLAINS COUNCIL,Female,26-30,1,2,4
519,ADELAIDE PLAINS COUNCIL,Female,26-30,1,4,1
520,ADELAIDE PLAINS COUNCIL,Female,26-30,2,0,32
521,ADELAIDE PLAINS COUNCIL,Female,26-30,2,1,5
522,ADELAIDE PLAINS COUNCIL,Female,26-30,2,2,2
523,ADELAIDE PLAINS COUNCIL,Female,26-30,3,0,3
524,ADELAIDE PLAINS COUNCIL,Female,26-30,3,1,1
525,ADELAIDE PLAINS COUNCIL,Female,26-30,4,0,2
526,ADELAIDE PLAINS COUNCIL,Female,26-30,4,1,3
527,ADELAIDE PLAINS COUNCIL,Female,26-30,5,0,2
528,ADELAIDE PLAINS COUNCIL,Female,26-30,5,1,1
529,ADELAIDE PLAINS COUNCIL,Female,31-35,0,1,11
530,ADELAIDE PLAINS COUNCIL,Female,31-35,0,2,5
531,ADELAIDE PLAINS COUNCIL,Female,31-35,1,0,91
532,ADELAIDE PLAINS COUNCIL,Female,31-35,1,1,6
533,ADELAIDE PLAINS COUNCIL,Female,31-35,1,2,4
534,ADELAIDE PLAINS COUNCIL,Female,31-35,1,3,1
535,ADELAIDE PLAINS COUNCIL,Female,31-35,2,0,41
536,ADELAIDE PLAINS COUNCIL,Female,31-35,2,1,3
537,ADELAIDE PLAINS COUNCIL,Female,31-35,3,0,9
538,ADELAIDE PLAINS COUNCIL,Female,31-35,3,1,1
539,ADELAIDE PLAINS COUNCIL,Female,31-35,3,2,1
540,ADELAIDE PLAINS COUNCIL,Female,31-35,5,0,1
541,ADELAIDE PLAINS COUNCIL,Female,36-40,>5,0,3
542,ADELAIDE PLAINS COUNCIL,Female,36-40,0,1,8
543,ADELAIDE PLAINS COUNCIL,Female,36-40,0,2,3
544,ADELAIDE PLAINS COUNCIL,Female,36-40,0,4,1
545,ADELAIDE PLAINS COUNCIL,Female,36-40,1,0,80
546,ADELAIDE PLAINS COUNCIL,Female,36-40,1,1,17
547,ADELAIDE PLAINS COUNCIL,Female,36-40,1,2,3
548,ADELAIDE PLAINS COUNCIL,Female,36-40,1,3,1
549,ADELAIDE PLAINS COUNCIL,Female,36-40,2,>5,1
550,ADELAIDE PLAINS COUNCIL,Female,36-40,2,0,41
551,ADELAIDE PLAINS COUNCIL,Female,36-40,2,1,10
552,ADELAIDE PLAINS COUNCIL,Female,36-40,2,2,3
553,ADELAIDE PLAINS COUNCIL,Female,36-40,3,0,19
554,ADELAIDE PLAINS COUNCIL,Female,36-40,3,1,2
555,ADELAIDE PLAINS COUNCIL,Female,36-40,3,3,1
556,ADELAIDE PLAINS COUNCIL,Female,36-40,4,0,2
557,ADELAIDE PLAINS COUNCIL,Female,36-40,5,0,4
558,ADELAIDE PLAINS COUNCIL,Female,41-45,>5,0,4
559,ADELAIDE PLAINS COUNCIL,Female,41-45,>5,1,1
560,ADELAIDE PLAINS COUNCIL,Female,41-45,0,1,10
561,ADELAIDE PLAINS COUNCIL,Female,41-45,0,2,4
562,ADELAIDE PLAINS COUNCIL,Female,41-45,1,>5,1
563,ADELAIDE PLAINS COUNCIL,Female,41-45,1,0,77
564,ADELAIDE PLAINS COUNCIL,Female,41-45,1,1,5
565,ADELAIDE PLAINS COUNCIL,Female,41-45,1,2,1
566,ADELAIDE PLAINS COUNCIL,Female,41-45,1,3,2
567,ADELAIDE PLAINS COUNCIL,Female,41-45,2,0,31
568,ADELAIDE PLAINS COUNCIL,Female,41-45,2,1,5
569,ADELAIDE PLAINS COUNCIL,Female,41-45,2,2,3
570,ADELAIDE PLAINS COUNCIL,Female,41-45,3,0,10
571,ADELAIDE PLAINS COUNCIL,Female,41-45,3,1,2
572,ADELAIDE PLAINS COUNCIL,Female,41-45,3,3,2
573,ADELAIDE PLAINS COUNCIL,Female,41-45,4,0,1
574,ADELAIDE PLAINS COUNCIL,Female,41-45,4,1,1
575,ADELAIDE PLAINS COUNCIL,Female,41-45,5,3,1
576,ADELAIDE PLAINS COUNCIL,Female,46-50,>5,0,7
577,ADELAIDE PLAINS COUNCIL,Female,46-50,>5,1,3
578,ADELAIDE PLAINS COUNCIL,Female,46-50,>5,2,2
579,ADELAIDE PLAINS COUNCIL,Female,46-50,0,>5,1
580,ADELAIDE PLAINS COUNCIL,Female,46-50,0,1,2
581,ADELAIDE PLAINS COUNCIL,Female,46-50,0,2,2
582,ADELAIDE PLAINS COUNCIL,Female,46-50,0,3,1
583,ADELAIDE PLAINS COUNCIL,Female,46-50,1,0,75
584,ADELAIDE PLAINS COUNCIL,Female,46-50,1,1,6
585,ADELAIDE PLAINS COUNCIL,Female,46-50,1,2,1
586,ADELAIDE PLAINS COUNCIL,Female,46-50,1,3,2
587,ADELAIDE PLAINS COUNCIL,Female,46-50,2,0,39
588,ADELAIDE PLAINS COUNCIL,Female,46-50,2,1,3
589,ADELAIDE PLAINS COUNCIL,Female,46-50,2,2,2
590,ADELAIDE PLAINS COUNCIL,Female,46-50,3,0,15
591,ADELAIDE PLAINS COUNCIL,Female,46-50,3,1,2
592,ADELAIDE PLAINS COUNCIL,Female,46-50,4,0,5
593,ADELAIDE PLAINS COUNCIL,Female,46-50,5,0,2
594,ADELAIDE PLAINS COUNCIL,Female,46-50,5,1,2
595,ADELAIDE PLAINS COUNCIL,Female,46-50,5,2,1
596,ADELAIDE PLAINS COUNCIL,Female,51-55,>5,0,16
597,ADELAIDE PLAINS COUNCIL,Female,51-55,>5,1,1
598,ADELAIDE PLAINS COUNCIL,Female,51-55,>5,5,1
599,ADELAIDE PLAINS COUNCIL,Female,51-55,0,1,10
600,ADELAIDE PLAINS COUNCIL,Female,51-55,0,2,9
601,ADELAIDE PLAINS COUNCIL,Female,51-55,0,3,1
602,ADELAIDE PLAINS COUNCIL,Female,51-55,1,0,86
603,ADELAIDE PLAINS COUNCIL,Female,51-55,1,1,9
604,ADELAIDE PLAINS COUNCIL,Female,51-55,1,2,2
605,ADELAIDE PLAINS COUNCIL,Female,51-55,1,3,1
606,ADELAIDE PLAINS COUNCIL,Female,51-55,1,4,1
607,ADELAIDE PLAINS COUNCIL,Female,51-55,2,0,44
608,ADELAIDE PLAINS COUNCIL,Female,51-55,2,1,9
609,ADELAIDE PLAINS COUNCIL,Female,51-55,2,2,2
610,ADELAIDE PLAINS COUNCIL,Female,51-55,3,0,26
611,ADELAIDE PLAINS COUNCIL,Female,51-55,3,1,2
612,ADELAIDE PLAINS COUNCIL,Female,51-55,3,4,1
613,ADELAIDE PLAINS COUNCIL,Female,51-55,4,0,5
614,ADELAIDE PLAINS COUNCIL,Female,51-55,4,1,1
615,ADELAIDE PLAINS COUNCIL,Female,51-55,5,1,1
616,ADELAIDE PLAINS COUNCIL,Female,56-60,>5,0,18
617,ADELAIDE PLAINS COUNCIL,Female,56-60,>5,2,1
618,ADELAIDE PLAINS COUNCIL,Female,56-60,0,>5,1
619,ADELAIDE PLAINS COUNCIL,Female,56-60,0,1,5
620,ADELAIDE PLAINS COUNCIL,Female,56-60,0,2,3
621,ADELAIDE PLAINS COUNCIL,Female,56-60,0,3,2
622,ADELAIDE PLAINS COUNCIL,Female,56-60,1,0,81
623,ADELAIDE PLAINS COUNCIL,Female,56-60,1,1,9
624,ADELAIDE PLAINS COUNCIL,Female,56-60,1,2,1
625,ADELAIDE PLAINS COUNCIL,Female,56-60,2,0,40
626,ADELAIDE PLAINS COUNCIL,Female,56-60,2,1,6
627,ADELAIDE PLAINS COUNCIL,Female,56-60,2,2,3
628,ADELAIDE PLAINS COUNCIL,Female,56-60,2,3,2
629,ADELAIDE PLAINS COUNCIL,Female,56-60,3,0,9
630,ADELAIDE PLAINS COUNCIL,Female,56-60,3,1,3
631,ADELAIDE PLAINS COUNCIL,Female,56-60,3,2,1
632,ADELAIDE PLAINS COUNCIL,Female,56-60,4,0,5
633,ADELAIDE PLAINS COUNCIL,Female,56-60,4,1,2
634,ADELAIDE PLAINS COUNCIL,Female,56-60,4,3,1
635,ADELAIDE PLAINS COUNCIL,Female,56-60,5,0,1
636,ADELAIDE PLAINS COUNCIL,Female,56-60,5,1,2
637,ADELAIDE PLAINS COUNCIL,Female,61-65,>5,0,11
638,ADELAIDE PLAINS COUNCIL,Female,61-65,0,1,6
639,ADELAIDE PLAINS COUNCIL,Female,61-65,0,2,6
640,ADELAIDE PLAINS COUNCIL,Female,61-65,1,0,77
641,ADELAIDE PLAINS COUNCIL,Female,61-65,1,1,4
642,ADELAIDE PLAINS COUNCIL,Female,61-65,2,0,36
643,ADELAIDE PLAINS COUNCIL,Female,61-65,3,>5,1
644,ADELAIDE PLAINS COUNCIL,Female,61-65,3,0,10
645,ADELAIDE PLAINS COUNCIL,Female,61-65,3,1,3
646,ADELAIDE PLAINS COUNCIL,Female,61-65,4,0,2
647,ADELAIDE PLAINS COUNCIL,Female,61-65,4,1,1
648,ADELAIDE PLAINS COUNCIL,Female,61-65,4,5,1
649,ADELAIDE PLAINS COUNCIL,Female,61-65,5,0,4
650,ADELAIDE PLAINS COUNCIL,Female,66-70,>5,0,16
651,ADELAIDE PLAINS COUNCIL,Female,66-70,0,1,6
652,ADELAIDE PLAINS COUNCIL,Female,66-70,0,2,1
653,ADELAIDE PLAINS COUNCIL,Female,66-70,0,3,2
654,ADELAIDE PLAINS COUNCIL,Female,66-70,0,5,1
655,ADELAIDE PLAINS COUNCIL,Female,66-70,1,0,53
656,ADELAIDE PLAINS COUNCIL,Female,66-70,1,1,2
657,ADELAIDE PLAINS COUNCIL,Female,66-70,1,2,1
658,ADELAIDE PLAINS COUNCIL,Female,66-70,2,>5,2
659,ADELAIDE PLAINS COUNCIL,Female,66-70,2,0,20
660,ADELAIDE PLAINS COUNCIL,Female,66-70,2,1,2
661,ADELAIDE PLAINS COUNCIL,Female,66-70,3,0,7
662,ADELAIDE PLAINS COUNCIL,Female,66-70,4,0,4
663,ADELAIDE PLAINS COUNCIL,Female,66-70,4,1,1
664,ADELAIDE PLAINS COUNCIL,Female,66-70,4,2,1
665,ADELAIDE PLAINS COUNCIL,Female,66-70,5,0,5
666,ADELAIDE PLAINS COUNCIL,Female,Unknown,0,1,4
667,ADELAIDE PLAINS COUNCIL,Female,Unknown,0,2,2
668,ADELAIDE PLAINS COUNCIL,Female,Unknown,0,4,1
669,ADELAIDE PLAINS COUNCIL,Female,Unknown,1,0,5
670,ADELAIDE PLAINS COUNCIL,Male,>70,>5,0,11
671,ADELAIDE PLAINS COUNCIL,Male,>70,0,1,3
672,ADELAIDE PLAINS COUNCIL,Male,>70,1,0,70
673,ADELAIDE PLAINS COUNCIL,Male,>70,2,0,22
674,ADELAIDE PLAINS COUNCIL,Male,>70,2,1,3
675,ADELAIDE PLAINS COUNCIL,Male,>70,3,0,5
676,ADELAIDE PLAINS COUNCIL,Male,>70,5,0,1
677,ADELAIDE PLAINS COUNCIL,Male,16-20,0,1,2
678,ADELAIDE PLAINS COUNCIL,Male,16-20,1,0,5
679,ADELAIDE PLAINS COUNCIL,Male,21-25,>5,1,1
680,ADELAIDE PLAINS COUNCIL,Male,21-25,0,1,3
681,ADELAIDE PLAINS COUNCIL,Male,21-25,0,2,2
682,ADELAIDE PLAINS COUNCIL,Male,21-25,1,0,29
683,ADELAIDE PLAINS COUNCIL,Male,21-25,1,1,3
684,ADELAIDE PLAINS COUNCIL,Male,21-25,2,0,4
685,ADELAIDE PLAINS COUNCIL,Male,21-25,3,0,1
686,ADELAIDE PLAINS COUNCIL,Male,26-30,0,1,7
687,ADELAIDE PLAINS COUNCIL,Male,26-30,0,2,2
688,ADELAIDE PLAINS COUNCIL,Male,26-30,1,0,60
689,ADELAIDE PLAINS COUNCIL,Male,26-30,1,2,2
690,ADELAIDE PLAINS COUNCIL,Male,26-30,2,0,13
691,ADELAIDE PLAINS COUNCIL,Male,26-30,3,0,2
692,ADELAIDE PLAINS COUNCIL,Male,31-35,>5,0,1
693,ADELAIDE PLAINS COUNCIL,Male,31-35,0,1,1
694,ADELAIDE PLAINS COUNCIL,Male,31-35,0,2,2
695,ADELAIDE PLAINS COUNCIL,Male,31-35,0,3,1
696,ADELAIDE PLAINS COUNCIL,Male,31-35,1,0,61
697,ADELAIDE PLAINS COUNCIL,Male,31-35,1,1,2
698,ADELAIDE PLAINS COUNCIL,Male,31-35,2,0,19
699,ADELAIDE PLAINS COUNCIL,Male,31-35,2,1,1
700,ADELAIDE PLAINS COUNCIL,Male,31-35,3,0,2
701,ADELAIDE PLAINS COUNCIL,Male,31-35,5,0,2
702,ADELAIDE PLAINS COUNCIL,Male,36-40,>5,0,3
703,ADELAIDE PLAINS COUNCIL,Male,36-40,>5,1,1
704,ADELAIDE PLAINS COUNCIL,Male,36-40,0,1,7
705,ADELAIDE PLAINS COUNCIL,Male,36-40,0,2,1
706,ADELAIDE PLAINS COUNCIL,Male,36-40,1,0,48
707,ADELAIDE PLAINS COUNCIL,Male,36-40,1,1,2
708,ADELAIDE PLAINS COUNCIL,Male,36-40,2,0,11
709,ADELAIDE PLAINS COUNCIL,Male,36-40,2,1,3
710,ADELAIDE PLAINS COUNCIL,Male,36-40,3,0,1
711,ADELAIDE PLAINS COUNCIL,Male,36-40,4,0,1
712,ADELAIDE PLAINS COUNCIL,Male,41-45,>5,0,1
713,ADELAIDE PLAINS COUNCIL,Male,41-45,>5,4,1
714,ADELAIDE PLAINS COUNCIL,Male,41-45,0,>5,1
715,ADELAIDE PLAINS COUNCIL,Male,41-45,0,1,3
716,ADELAIDE PLAINS COUNCIL,Male,41-45,0,2,1
717,ADELAIDE PLAINS COUNCIL,Male,41-45,1,0,48
718,ADELAIDE PLAINS COUNCIL,Male,41-45,1,1,5
719,ADELAIDE PLAINS COUNCIL,Male,41-45,2,>5,1
720,ADELAIDE PLAINS COUNCIL,Male,41-45,2,0,25
721,ADELAIDE PLAINS COUNCIL,Male,41-45,2,2,1
722,ADELAIDE PLAINS COUNCIL,Male,41-45,3,0,3
723,ADELAIDE PLAINS COUNCIL,Male,41-45,4,0,3
724,ADELAIDE PLAINS COUNCIL,Male,46-50,>5,0,2
725,ADELAIDE PLAINS COUNCIL,Male,46-50,0,1,4
726,ADELAIDE PLAINS COUNCIL,Male,46-50,0,2,2
727,ADELAIDE PLAINS COUNCIL,Male,46-50,0,4,1
728,ADELAIDE PLAINS COUNCIL,Male,46-50,1,0,38
729,ADELAIDE PLAINS COUNCIL,Male,46-50,1,1,2
730,ADELAIDE PLAINS COUNCIL,Male,46-50,2,0,21
731,ADELAIDE PLAINS COUNCIL,Male,46-50,2,1,1
732,ADELAIDE PLAINS COUNCIL,Male,46-50,3,0,8
733,ADELAIDE PLAINS COUNCIL,Male,46-50,3,1,2
734,ADELAIDE PLAINS COUNCIL,Male,46-50,4,0,1
735,ADELAIDE PLAINS COUNCIL,Male,46-50,5,0,1
736,ADELAIDE PLAINS COUNCIL,Male,51-55,>5,0,3
737,ADELAIDE PLAINS COUNCIL,Male,51-55,>5,1,1
738,ADELAIDE PLAINS COUNCIL,Male,51-55,0,1,2
739,ADELAIDE PLAINS COUNCIL,Male,51-55,0,3,1
740,ADELAIDE PLAINS COUNCIL,Male,51-55,0,5,1
741,ADELAIDE PLAINS COUNCIL,Male,51-55,1,0,55
742,ADELAIDE PLAINS COUNCIL,Male,51-55,1,1,2
743,ADELAIDE PLAINS COUNCIL,Male,51-55,2,0,17
744,ADELAIDE PLAINS COUNCIL,Male,51-55,2,1,1
745,ADELAIDE PLAINS COUNCIL,Male,51-55,3,0,6
746,ADELAIDE PLAINS COUNCIL,Male,51-55,4,0,3
747,ADELAIDE PLAINS COUNCIL,Male,51-55,5,0,3
748,ADELAIDE PLAINS COUNCIL,Male,56-60,>5,0,4
749,ADELAIDE PLAINS COUNCIL,Male,56-60,0,1,4
750,ADELAIDE PLAINS COUNCIL,Male,56-60,0,2,1
751,ADELAIDE PLAINS COUNCIL,Male,56-60,1,0,65
752,ADELAIDE PLAINS COUNCIL,Male,56-60,1,1,2
753,ADELAIDE PLAINS COUNCIL,Male,56-60,1,3,1
754,ADELAIDE PLAINS COUNCIL,Male,56-60,2,0,19
755,ADELAIDE PLAINS COUNCIL,Male,56-60,2,1,1
756,ADELAIDE PLAINS COUNCIL,Male,56-60,3,0,7
757,ADELAIDE PLAINS COUNCIL,Male,56-60,3,1,1
758,ADELAIDE PLAINS COUNCIL,Male,56-60,4,0,3
759,ADELAIDE PLAINS COUNCIL,Male,56-60,5,0,2
760,ADELAIDE PLAINS COUNCIL,Male,61-65,>5,0,6
761,ADELAIDE PLAINS COUNCIL,Male,61-65,0,1,2
762,ADELAIDE PLAINS COUNCIL,Male,61-65,1,0,30
763,ADELAIDE PLAINS COUNCIL,Male,61-65,1,1,1
764,ADELAIDE PLAINS COUNCIL,Male,61-65,2,0,20
765,ADELAIDE PLAINS COUNCIL,Male,61-65,2,1,1
766,ADELAIDE PLAINS COUNCIL,Male,61-65,3,0,5
767,ADELAIDE PLAINS COUNCIL,Male,61-65,5,0,3
768,ADELAIDE PLAINS COUNCIL,Male,66-70,>5,0,7
769,ADELAIDE PLAINS COUNCIL,Male,66-70,0,1,1
770,ADELAIDE PLAINS COUNCIL,Male,66-70,0,2,2
771,ADELAIDE PLAINS COUNCIL,Male,66-70,1,0,31
772,ADELAIDE PLAINS COUNCIL,Male,66-70,1,2,1
773,ADELAIDE PLAINS COUNCIL,Male,66-70,2,0,11
774,ADELAIDE PLAINS COUNCIL,Male,66-70,3,0,4
775,ADELAIDE PLAINS COUNCIL,Male,66-70,4,0,1
776,ADELAIDE PLAINS COUNCIL,Male,66-70,5,1,1
777,ADELAIDE PLAINS COUNCIL,Male,Unknown,0,1,1
778,ADELAIDE PLAINS COUNCIL,Male,Unknown,1,0,4
779,ADELAIDE PLAINS COUNCIL,Other,>70,1,0,5
780,ADELAIDE PLAINS COUNCIL,Other,>70,1,1,1
781,ADELAIDE PLAINS COUNCIL,Other,>70,2,0,1
782,ADELAIDE PLAINS COUNCIL,Other,16-20,3,0,1
783,ADELAIDE PLAINS COUNCIL,Other,21-25,1,0,1
784,ADELAIDE PLAINS COUNCIL,Other,26-30,1,0,1
785,ADELAIDE PLAINS COUNCIL,Other,31-35,1,0,1
786,ADELAIDE PLAINS COUNCIL,Other,31-35,1,1,1
787,ADELAIDE PLAINS COUNCIL,Other,31-35,2,0,1
788,ADELAIDE PLAINS COUNCIL,Other,36-40,1,0,1
789,ADELAIDE PLAINS COUNCIL,Other,36-40,1,1,1
790,ADELAIDE PLAINS COUNCIL,Other,36-40,3,0,1
791,ADELAIDE PLAINS COUNCIL,Other,41-45,1,0,1
792,ADELAIDE PLAINS COUNCIL,Other,41-45,1,1,1
793,ADELAIDE PLAINS COUNCIL,Other,41-45,2,2,1
794,ADELAIDE PLAINS COUNCIL,Other,41-45,3,0,1
795,ADELAIDE PLAINS COUNCIL,Other,46-50,1,1,1
796,ADELAIDE PLAINS COUNCIL,Other,46-50,2,1,1
797,ADELAIDE PLAINS COUNCIL,Other,46-50,2,2,1
798,ADELAIDE PLAINS COUNCIL,Other,51-55,1,0,2
799,ADELAIDE PLAINS COUNCIL,Other,56-60,1,0,4
800,ADELAIDE PLAINS COUNCIL,Other,56-60,3,0,2
801,ADELAIDE PLAINS COUNCIL,Other,56-60,3,2,1
802,ADELAIDE PLAINS COUNCIL,Other,61-65,1,0,6
803,ADELAIDE PLAINS COUNCIL,Other,61-65,2,0,1
804,ADELAIDE PLAINS COUNCIL,Other,61-65,2,5,1
805,ADELAIDE PLAINS COUNCIL,Other,61-65,3,0,1
806,ADELAIDE PLAINS COUNCIL,Other,66-70,1,0,3
807,ADELAIDE PLAINS COUNCIL,Other,Unknown,1,0,2
808,ADELAIDE PLAINS COUNCIL,Other,Unknown,2,0,2
809,ADELAIDE PLAINS COUNCIL,SUPPRESSED,Unknown,>5,0,4
810,ADELAIDE PLAINS COUNCIL,SUPPRESSED,Unknown,0,>5,1
811,ADELAIDE PLAINS COUNCIL,SUPPRESSED,Unknown,2,0,1
812,ADELAIDE PLAINS COUNCIL,SUPPRESSED,Unknown,3,0,2
813,ADELAIDE PLAINS COUNCIL,Unknown,21-25,0,1,2
814,ADELAIDE PLAINS COUNCIL,Unknown,21-25,0,2,1
815,ADELAIDE PLAINS COUNCIL,Unknown,26-30,1,0,1
816,ADELAIDE PLAINS COUNCIL,Unknown,31-35,0,2,1
817,ADELAIDE PLAINS COUNCIL,Unknown,36-40,1,0,1
818,ADELAIDE PLAINS COUNCIL,Unknown,46-50,1,5,1
819,ADELAIDE PLAINS COUNCIL,Unknown,51-55,1,0,1
820,ADELAIDE PLAINS COUNCIL,Unknown,Unknown,0,1,44
821,ADELAIDE PLAINS COUNCIL,Unknown,Unknown,0,2,6
822,ADELAIDE PLAINS COUNCIL,Unknown,Unknown,0,4,1
823,ADELAIDE PLAINS COUNCIL,Unknown,Unknown,1,0,6
824,ADELAIDE PLAINS COUNCIL,Unknown,Unknown,2,0,1
825,ADELAIDE PLAINS COUNCIL,Unknown,Unknown,4,0,1
826,ALEXANDRINA COUNCIL,Female,>70,>5,0,3
827,ALEXANDRINA COUNCIL,Female,>70,0,1,56
828,ALEXANDRINA COUNCIL,Female,>70,0,2,7
829,ALEXANDRINA COUNCIL,Female,>70,0,3,5
830,ALEXANDRINA COUNCIL,Female,>70,0,4,1
831,ALEXANDRINA COUNCIL,Female,>70,1,0,520
832,ALEXANDRINA COUNCIL,Female,>70,1,1,19
833,ALEXANDRINA COUNCIL,Female,>70,1,2,7
834,ALEXANDRINA COUNCIL,Female,>70,1,3,2
835,ALEXANDRINA COUNCIL,Female,>70,1,4,1
836,ALEXANDRINA COUNCIL,Female,>70,2,0,121
837,ALEXANDRINA COUNCIL,Female,>70,2,1,3
838,ALEXANDRINA COUNCIL,Female,>70,2,2,3
839,ALEXANDRINA COUNCIL,Female,>70,3,0,11
840,ALEXANDRINA COUNCIL,Female,>70,3,1,1
841,ALEXANDRINA COUNCIL,Female,>70,4,0,3
842,ALEXANDRINA COUNCIL,Female,>70,5,0,1
843,ALEXANDRINA COUNCIL,Female,16-20,0,1,6
844,ALEXANDRINA COUNCIL,Female,16-20,0,2,3
845,ALEXANDRINA COUNCIL,Female,16-20,1,0,7
846,ALEXANDRINA COUNCIL,Female,21-25,0,1,32
847,ALEXANDRINA COUNCIL,Female,21-25,0,2,7
848,ALEXANDRINA COUNCIL,Female,21-25,0,3,2
849,ALEXANDRINA COUNCIL,Female,21-25,1,0,69
850,ALEXANDRINA COUNCIL,Female,21-25,1,1,5
851,ALEXANDRINA COUNCIL,Female,21-25,1,2,2
852,ALEXANDRINA COUNCIL,Female,21-25,2,0,13
853,ALEXANDRINA COUNCIL,Female,21-25,2,1,1
854,ALEXANDRINA COUNCIL,Female,21-25,2,2,1
855,ALEXANDRINA COUNCIL,Female,21-25,3,0,2
856,ALEXANDRINA COUNCIL,Female,21-25,3,1,1
857,ALEXANDRINA COUNCIL,Female,26-30,>5,0,1
858,ALEXANDRINA COUNCIL,Female,26-30,0,1,24
859,ALEXANDRINA COUNCIL,Female,26-30,0,2,6
860,ALEXANDRINA COUNCIL,Female,26-30,0,3,2
861,ALEXANDRINA COUNCIL,Female,26-30,0,4,1
862,ALEXANDRINA COUNCIL,Female,26-30,1,0,139
863,ALEXANDRINA COUNCIL,Female,26-30,1,1,8
864,ALEXANDRINA COUNCIL,Female,26-30,1,2,5
865,ALEXANDRINA COUNCIL,Female,26-30,1,3,1
866,ALEXANDRINA COUNCIL,Female,26-30,2,0,25
867,ALEXANDRINA COUNCIL,Female,26-30,2,1,4
868,ALEXANDRINA COUNCIL,Female,26-30,2,2,4
869,ALEXANDRINA COUNCIL,Female,26-30,3,0,2
870,ALEXANDRINA COUNCIL,Female,26-30,3,1,1
871,ALEXANDRINA COUNCIL,Female,26-30,3,2,1
872,ALEXANDRINA COUNCIL,Female,31-35,>5,0,1
873,ALEXANDRINA COUNCIL,Female,31-35,0,1,23
874,ALEXANDRINA COUNCIL,Female,31-35,0,2,8
875,ALEXANDRINA COUNCIL,Female,31-35,0,3,1
876,ALEXANDRINA COUNCIL,Female,31-35,1,0,160
877,ALEXANDRINA COUNCIL,Female,31-35,1,1,8
878,ALEXANDRINA COUNCIL,Female,31-35,1,2,7
879,ALEXANDRINA COUNCIL,Female,31-35,2,0,60
880,ALEXANDRINA COUNCIL,Female,31-35,2,1,5
881,ALEXANDRINA COUNCIL,Female,31-35,2,2,5
882,ALEXANDRINA COUNCIL,Female,31-35,3,0,5
883,ALEXANDRINA COUNCIL,Female,31-35,4,0,1
884,ALEXANDRINA COUNCIL,Female,36-40,0,1,20
885,ALEXANDRINA COUNCIL,Female,36-40,0,2,5
886,ALEXANDRINA COUNCIL,Female,36-40,1,0,187
887,ALEXANDRINA COUNCIL,Female,36-40,1,1,20
888,ALEXANDRINA COUNCIL,Female,36-40,1,2,4
889,ALEXANDRINA COUNCIL,Female,36-40,1,3,2
890,ALEXANDRINA COUNCIL,Female,36-40,2,0,51
891,ALEXANDRINA COUNCIL,Female,36-40,2,1,9
892,ALEXANDRINA COUNCIL,Female,36-40,2,2,5
893,ALEXANDRINA COUNCIL,Female,36-40,3,0,8
894,ALEXANDRINA COUNCIL,Female,36-40,3,2,1
895,ALEXANDRINA COUNCIL,Female,41-45,>5,0,4
896,ALEXANDRINA COUNCIL,Female,41-45,0,1,12
897,ALEXANDRINA COUNCIL,Female,41-45,0,2,11
898,ALEXANDRINA COUNCIL,Female,41-45,0,3,2
899,ALEXANDRINA COUNCIL,Female,41-45,0,4,3
900,ALEXANDRINA COUNCIL,Female,41-45,1,0,187
901,ALEXANDRINA COUNCIL,Female,41-45,1,1,18
902,ALEXANDRINA COUNCIL,Female,41-45,1,2,6
903,ALEXANDRINA COUNCIL,Female,41-45,1,3,1
904,ALEXANDRINA COUNCIL,Female,41-45,1,4,1
905,ALEXANDRINA COUNCIL,Female,41-45,2,0,86
906,ALEXANDRINA COUNCIL,Female,41-45,2,1,13
907,ALEXANDRINA COUNCIL,Female,41-45,2,2,5
908,ALEXANDRINA COUNCIL,Female,41-45,2,4,1
909,ALEXANDRINA COUNCIL,Female,41-45,3,0,8
910,ALEXANDRINA COUNCIL,Female,41-45,3,1,2
911,ALEXANDRINA COUNCIL,Female,41-45,5,0,1
912,ALEXANDRINA COUNCIL,Female,46-50,>5,1,1
913,ALEXANDRINA COUNCIL,Female,46-50,>5,3,1
914,ALEXANDRINA COUNCIL,Female,46-50,0,1,29
915,ALEXANDRINA COUNCIL,Female,46-50,0,2,7
916,ALEXANDRINA COUNCIL,Female,46-50,0,3,2
917,ALEXANDRINA COUNCIL,Female,46-50,0,4,1
918,ALEXANDRINA COUNCIL,Female,46-50,0,5,1
919,ALEXANDRINA COUNCIL,Female,46-50,1,0,225
920,ALEXANDRINA COUNCIL,Female,46-50,1,1,28
921,ALEXANDRINA COUNCIL,Female,46-50,1,2,7
922,ALEXANDRINA COUNCIL,Female,46-50,1,3,1
923,ALEXANDRINA COUNCIL,Female,46-50,1,4,1
924,ALEXANDRINA COUNCIL,Female,46-50,1,5,1
925,ALEXANDRINA COUNCIL,Female,46-50,2,0,79
926,ALEXANDRINA COUNCIL,Female,46-50,2,1,8
927,ALEXANDRINA COUNCIL,Female,46-50,2,2,8
928,ALEXANDRINA COUNCIL,Female,46-50,2,3,1
929,ALEXANDRINA COUNCIL,Female,46-50,2,4,1
930,ALEXANDRINA COUNCIL,Female,46-50,3,0,18
931,ALEXANDRINA COUNCIL,Female,46-50,3,3,1
932,ALEXANDRINA COUNCIL,Female,46-50,4,0,3
933,ALEXANDRINA COUNCIL,Female,46-50,4,1,2
934,ALEXANDRINA COUNCIL,Female,46-50,5,0,3
935,ALEXANDRINA COUNCIL,Female,51-55,>5,0,5
936,ALEXANDRINA COUNCIL,Female,51-55,0,1,30
937,ALEXANDRINA COUNCIL,Female,51-55,0,2,10
938,ALEXANDRINA COUNCIL,Female,51-55,0,3,2
939,ALEXANDRINA COUNCIL,Female,51-55,0,5,1
940,ALEXANDRINA COUNCIL,Female,51-55,1,0,237
941,ALEXANDRINA COUNCIL,Female,51-55,1,1,19
942,ALEXANDRINA COUNCIL,Female,51-55,1,2,6
943,ALEXANDRINA COUNCIL,Female,51-55,1,3,2
944,ALEXANDRINA COUNCIL,Female,51-55,2,0,105
945,ALEXANDRINA COUNCIL,Female,51-55,2,1,4
946,ALEXANDRINA COUNCIL,Female,51-55,2,2,3
947,ALEXANDRINA COUNCIL,Female,51-55,3,>5,2
948,ALEXANDRINA COUNCIL,Female,51-55,3,0,15
949,ALEXANDRINA COUNCIL,Female,51-55,3,1,2
950,ALEXANDRINA COUNCIL,Female,51-55,3,2,3
951,ALEXANDRINA COUNCIL,Female,51-55,3,3,1
952,ALEXANDRINA COUNCIL,Female,51-55,4,0,4
953,ALEXANDRINA COUNCIL,Female,51-55,4,1,1
954,ALEXANDRINA COUNCIL,Female,51-55,4,5,1
955,ALEXANDRINA COUNCIL,Female,51-55,5,0,2
956,ALEXANDRINA COUNCIL,Female,56-60,>5,0,4
957,ALEXANDRINA COUNCIL,Female,56-60,>5,1,1
958,ALEXANDRINA COUNCIL,Female,56-60,0,>5,1
959,ALEXANDRINA COUNCIL,Female,56-60,0,1,24
960,ALEXANDRINA COUNCIL,Female,56-60,0,2,5
961,ALEXANDRINA COUNCIL,Female,56-60,0,3,2
962,ALEXANDRINA COUNCIL,Female,56-60,0,4,1
963,ALEXANDRINA COUNCIL,Female,56-60,1,0,259
964,ALEXANDRINA COUNCIL,Female,56-60,1,1,16
965,ALEXANDRINA COUNCIL,Female,56-60,1,2,6
966,ALEXANDRINA COUNCIL,Female,56-60,1,3,1
967,ALEXANDRINA COUNCIL,Female,56-60,1,4,1
968,ALEXANDRINA COUNCIL,Female,56-60,2,0,93
969,ALEXANDRINA COUNCIL,Female,56-60,2,1,9
970,ALEXANDRINA COUNCIL,Female,56-60,2,2,2
971,ALEXANDRINA COUNCIL,Female,56-60,2,3,1
972,ALEXANDRINA COUNCIL,Female,56-60,3,0,22
973,ALEXANDRINA COUNCIL,Female,56-60,3,2,2
974,ALEXANDRINA COUNCIL,Female,56-60,4,0,4
975,ALEXANDRINA COUNCIL,Female,56-60,5,0,1
976,ALEXANDRINA COUNCIL,Female,61-65,>5,0,5
977,ALEXANDRINA COUNCIL,Female,61-65,0,1,20
978,ALEXANDRINA COUNCIL,Female,61-65,0,2,12
979,ALEXANDRINA COUNCIL,Female,61-65,0,3,2
980,ALEXANDRINA COUNCIL,Female,61-65,0,5,1
981,ALEXANDRINA COUNCIL,Female,61-65,1,0,305
982,ALEXANDRINA COUNCIL,Female,61-65,1,1,13
983,ALEXANDRINA COUNCIL,Female,61-65,1,2,2
984,ALEXANDRINA COUNCIL,Female,61-65,1,3,1
985,ALEXANDRINA COUNCIL,Female,61-65,2,0,82
986,ALEXANDRINA COUNCIL,Female,61-65,2,1,6
987,ALEXANDRINA COUNCIL,Female,61-65,2,2,3
988,ALEXANDRINA COUNCIL,Female,61-65,3,0,13
989,ALEXANDRINA COUNCIL,Female,61-65,4,0,5
990,ALEXANDRINA COUNCIL,Female,61-65,5,0,3
991,ALEXANDRINA COUNCIL,Female,66-70,>5,0,1
992,ALEXANDRINA COUNCIL,Female,66-70,0,1,28
993,ALEXANDRINA COUNCIL,Female,66-70,0,2,8
994,ALEXANDRINA COUNCIL,Female,66-70,1,0,255
995,ALEXANDRINA COUNCIL,Female,66-70,1,1,10
996,ALEXANDRINA COUNCIL,Female,66-70,1,2,3
997,ALEXANDRINA COUNCIL,Female,66-70,1,4,1
998,ALEXANDRINA COUNCIL,Female,66-70,1,5,1
999,ALEXANDRINA COUNCIL,Female,66-70,2,0,67
1000,ALEXANDRINA COUNCIL,Female,66-70,2,1,7
1001,ALEXANDRINA COUNCIL,Female,66-70,3,0,13
1002,ALEXANDRINA COUNCIL,Female,66-70,3,1,1
1003,ALEXANDRINA COUNCIL,Female,66-70,3,2,1
1004,ALEXANDRINA COUNCIL,Female,66-70,4,0,8
1005,ALEXANDRINA COUNCIL,Female,66-70,4,1,1
1006,ALEXANDRINA COUNCIL,Female,66-70,5,0,1
1007,ALEXANDRINA COUNCIL,Female,Unknown,0,1,9
1008,ALEXANDRINA COUNCIL,Female,Unknown,0,2,1
1009,ALEXANDRINA COUNCIL,Female,Unknown,2,0,1
1010,ALEXANDRINA COUNCIL,Male,>70,>5,0,3
1011,ALEXANDRINA COUNCIL,Male,>70,0,1,16
1012,ALEXANDRINA COUNCIL,Male,>70,0,2,5
1013,ALEXANDRINA COUNCIL,Male,>70,0,3,1
1014,ALEXANDRINA COUNCIL,Male,>70,1,0,386
1015,ALEXANDRINA COUNCIL,Male,>70,1,1,4
1016,ALEXANDRINA COUNCIL,Male,>70,1,2,1
1017,ALEXANDRINA COUNCIL,Male,>70,1,3,1
1018,ALEXANDRINA COUNCIL,Male,>70,2,0,53
1019,ALEXANDRINA COUNCIL,Male,>70,3,0,5
1020,ALEXANDRINA COUNCIL,Male,>70,3,1,2
1021,ALEXANDRINA COUNCIL,Male,>70,4,0,1
1022,ALEXANDRINA COUNCIL,Male,>70,5,0,4
1023,ALEXANDRINA COUNCIL,Male,>70,5,1,1
1024,ALEXANDRINA COUNCIL,Male,16-20,1,0,4
1025,ALEXANDRINA COUNCIL,Male,21-25,0,1,12
1026,ALEXANDRINA COUNCIL,Male,21-25,0,2,5
1027,ALEXANDRINA COUNCIL,Male,21-25,1,0,45
1028,ALEXANDRINA COUNCIL,Male,21-25,1,1,1
1029,ALEXANDRINA COUNCIL,Male,21-25,2,0,5
1030,ALEXANDRINA COUNCIL,Male,26-30,>5,0,1
1031,ALEXANDRINA COUNCIL,Male,26-30,0,1,10
1032,ALEXANDRINA COUNCIL,Male,26-30,0,2,1
1033,ALEXANDRINA COUNCIL,Male,26-30,1,0,75
1034,ALEXANDRINA COUNCIL,Male,26-30,1,1,4
1035,ALEXANDRINA COUNCIL,Male,26-30,2,0,13
1036,ALEXANDRINA COUNCIL,Male,26-30,3,0,1
1037,ALEXANDRINA COUNCIL,Male,31-35,0,1,5
1038,ALEXANDRINA COUNCIL,Male,31-35,0,2,2
1039,ALEXANDRINA COUNCIL,Male,31-35,1,0,104
1040,ALEXANDRINA COUNCIL,Male,31-35,1,1,1
1041,ALEXANDRINA COUNCIL,Male,31-35,1,2,1
1042,ALEXANDRINA COUNCIL,Male,31-35,2,0,14
1043,ALEXANDRINA COUNCIL,Male,31-35,2,1,4
1044,ALEXANDRINA COUNCIL,Male,31-35,3,0,2
1045,ALEXANDRINA COUNCIL,Male,36-40,0,1,8
1046,ALEXANDRINA COUNCIL,Male,36-40,0,2,1
1047,ALEXANDRINA COUNCIL,Male,36-40,0,5,1
1048,ALEXANDRINA COUNCIL,Male,36-40,1,0,93
1049,ALEXANDRINA COUNCIL,Male,36-40,1,1,3
1050,ALEXANDRINA COUNCIL,Male,36-40,2,0,29
1051,ALEXANDRINA COUNCIL,Male,36-40,2,1,1
1052,ALEXANDRINA COUNCIL,Male,36-40,3,3,1
1053,ALEXANDRINA COUNCIL,Male,41-45,>5,0,1
1054,ALEXANDRINA COUNCIL,Male,41-45,0,1,3
1055,ALEXANDRINA COUNCIL,Male,41-45,0,2,2
1056,ALEXANDRINA COUNCIL,Male,41-45,1,0,95
1057,ALEXANDRINA COUNCIL,Male,41-45,1,1,3
1058,ALEXANDRINA COUNCIL,Male,41-45,1,2,1
1059,ALEXANDRINA COUNCIL,Male,41-45,2,0,27
1060,ALEXANDRINA COUNCIL,Male,41-45,2,1,1
1061,ALEXANDRINA COUNCIL,Male,41-45,3,0,3
1062,ALEXANDRINA COUNCIL,Male,41-45,4,0,2
1063,ALEXANDRINA COUNCIL,Male,46-50,0,1,12
1064,ALEXANDRINA COUNCIL,Male,46-50,0,2,2
1065,ALEXANDRINA COUNCIL,Male,46-50,0,3,1
1066,ALEXANDRINA COUNCIL,Male,46-50,1,0,106
1067,ALEXANDRINA COUNCIL,Male,46-50,1,1,3
1068,ALEXANDRINA COUNCIL,Male,46-50,1,2,3
1069,ALEXANDRINA COUNCIL,Male,46-50,2,0,20
1070,ALEXANDRINA COUNCIL,Male,46-50,2,2,1
1071,ALEXANDRINA COUNCIL,Male,46-50,3,0,5
1072,ALEXANDRINA COUNCIL,Male,46-50,4,0,2
1073,ALEXANDRINA COUNCIL,Male,46-50,5,0,1
1074,ALEXANDRINA COUNCIL,Male,51-55,>5,0,2
1075,ALEXANDRINA COUNCIL,Male,51-55,0,1,12
1076,ALEXANDRINA COUNCIL,Male,51-55,0,2,3
1077,ALEXANDRINA COUNCIL,Male,51-55,1,0,141
1078,ALEXANDRINA COUNCIL,Male,51-55,1,1,3
1079,ALEXANDRINA COUNCIL,Male,51-55,2,0,37
1080,ALEXANDRINA COUNCIL,Male,51-55,2,1,6
1081,ALEXANDRINA COUNCIL,Male,51-55,2,2,1
1082,ALEXANDRINA COUNCIL,Male,51-55,2,4,1
1083,ALEXANDRINA COUNCIL,Male,51-55,3,0,5
1084,ALEXANDRINA COUNCIL,Male,51-55,4,0,1
1085,ALEXANDRINA COUNCIL,Male,56-60,>5,0,4
1086,ALEXANDRINA COUNCIL,Male,56-60,0,1,7
1087,ALEXANDRINA COUNCIL,Male,56-60,0,2,2
1088,ALEXANDRINA COUNCIL,Male,56-60,0,3,1
1089,ALEXANDRINA COUNCIL,Male,56-60,0,4,1
1090,ALEXANDRINA COUNCIL,Male,56-60,1,0,108
1091,ALEXANDRINA COUNCIL,Male,56-60,1,1,4
1092,ALEXANDRINA COUNCIL,Male,56-60,1,3,1
1093,ALEXANDRINA COUNCIL,Male,56-60,1,4,1
1094,ALEXANDRINA COUNCIL,Male,56-60,2,0,44
1095,ALEXANDRINA COUNCIL,Male,56-60,2,1,2
1096,ALEXANDRINA COUNCIL,Male,56-60,3,0,2
1097,ALEXANDRINA COUNCIL,Male,56-60,3,2,1
1098,ALEXANDRINA COUNCIL,Male,56-60,4,0,2
1099,ALEXANDRINA COUNCIL,Male,61-65,>5,0,2
1100,ALEXANDRINA COUNCIL,Male,61-65,0,1,6
1101,ALEXANDRINA COUNCIL,Male,61-65,0,2,1
1102,ALEXANDRINA COUNCIL,Male,61-65,1,0,150
1103,ALEXANDRINA COUNCIL,Male,61-65,1,1,2
1104,ALEXANDRINA COUNCIL,Male,61-65,2,0,47
1105,ALEXANDRINA COUNCIL,Male,61-65,2,1,1
1106,ALEXANDRINA COUNCIL,Male,61-65,3,0,7
1107,ALEXANDRINA COUNCIL,Male,61-65,4,0,2
1108,ALEXANDRINA COUNCIL,Male,61-65,4,1,1
1109,ALEXANDRINA COUNCIL,Male,61-65,5,0,2
1110,ALEXANDRINA COUNCIL,Male,66-70,0,1,8
1111,ALEXANDRINA COUNCIL,Male,66-70,1,0,149
1112,ALEXANDRINA COUNCIL,Male,66-70,1,1,2
1113,ALEXANDRINA COUNCIL,Male,66-70,2,0,22
1114,ALEXANDRINA COUNCIL,Male,66-70,2,1,1
1115,ALEXANDRINA COUNCIL,Male,66-70,2,2,1
1116,ALEXANDRINA COUNCIL,Male,66-70,3,0,5
1117,ALEXANDRINA COUNCIL,Male,66-70,4,0,1
1118,ALEXANDRINA COUNCIL,Male,Unknown,0,1,4
1119,ALEXANDRINA COUNCIL,Male,Unknown,0,2,1
1120,ALEXANDRINA COUNCIL,Male,Unknown,1,0,1
1121,ALEXANDRINA COUNCIL,Other,>70,>5,0,1
1122,ALEXANDRINA COUNCIL,Other,>70,0,1,1
1123,ALEXANDRINA COUNCIL,Other,>70,1,0,82
1124,ALEXANDRINA COUNCIL,Other,>70,1,1,2
1125,ALEXANDRINA COUNCIL,Other,>70,2,0,11
1126,ALEXANDRINA COUNCIL,Other,>70,3,0,1
1127,ALEXANDRINA COUNCIL,Other,16-20,1,0,1
1128,ALEXANDRINA COUNCIL,Other,21-25,0,1,1
1129,ALEXANDRINA COUNCIL,Other,21-25,1,0,1
1130,ALEXANDRINA COUNCIL,Other,26-30,1,0,3
1131,ALEXANDRINA COUNCIL,Other,26-30,2,0,1
1132,ALEXANDRINA COUNCIL,Other,31-35,1,0,5
1133,ALEXANDRINA COUNCIL,Other,36-40,0,1,2
1134,ALEXANDRINA COUNCIL,Other,36-40,1,0,5
1135,ALEXANDRINA COUNCIL,Other,36-40,1,2,1
1136,ALEXANDRINA COUNCIL,Other,36-40,2,0,2
1137,ALEXANDRINA COUNCIL,Other,36-40,3,0,1
1138,ALEXANDRINA COUNCIL,Other,41-45,1,0,11
1139,ALEXANDRINA COUNCIL,Other,41-45,2,0,5
1140,ALEXANDRINA COUNCIL,Other,41-45,4,1,1
1141,ALEXANDRINA COUNCIL,Other,46-50,1,0,9
1142,ALEXANDRINA COUNCIL,Other,46-50,1,1,1
1143,ALEXANDRINA COUNCIL,Other,46-50,2,0,5
1144,ALEXANDRINA COUNCIL,Other,46-50,2,1,1
1145,ALEXANDRINA COUNCIL,Other,46-50,3,0,1
1146,ALEXANDRINA COUNCIL,Other,51-55,0,1,2
1147,ALEXANDRINA COUNCIL,Other,51-55,1,0,20
1148,ALEXANDRINA COUNCIL,Other,51-55,2,0,5
1149,ALEXANDRINA COUNCIL,Other,51-55,2,2,1
1150,ALEXANDRINA COUNCIL,Other,51-55,3,0,1
1151,ALEXANDRINA COUNCIL,Other,51-55,4,0,1
1152,ALEXANDRINA COUNCIL,Other,51-55,5,0,1
1153,ALEXANDRINA COUNCIL,Other,56-60,0,3,1
1154,ALEXANDRINA COUNCIL,Other,56-60,1,0,17
1155,ALEXANDRINA COUNCIL,Other,56-60,1,2,1
1156,ALEXANDRINA COUNCIL,Other,56-60,2,0,6
1157,ALEXANDRINA COUNCIL,Other,56-60,3,0,2
1158,ALEXANDRINA COUNCIL,Other,56-60,3,1,1
1159,ALEXANDRINA COUNCIL,Other,61-65,1,0,20
1160,ALEXANDRINA COUNCIL,Other,61-65,1,1,1
1161,ALEXANDRINA COUNCIL,Other,61-65,2,0,6
1162,ALEXANDRINA COUNCIL,Other,61-65,2,1,1
1163,ALEXANDRINA COUNCIL,Other,66-70,1,0,17
1164,ALEXANDRINA COUNCIL,Other,66-70,2,0,6
1165,ALEXANDRINA COUNCIL,Other,66-70,3,0,2
1166,ALEXANDRINA COUNCIL,SUPPRESSED,Unknown,1,0,11
1167,ALEXANDRINA COUNCIL,SUPPRESSED,Unknown,1,1,1
1168,ALEXANDRINA COUNCIL,SUPPRESSED,Unknown,2,0,7
1169,ALEXANDRINA COUNCIL,SUPPRESSED,Unknown,5,0,1
1170,ALEXANDRINA COUNCIL,Unknown,>70,0,1,1
1171,ALEXANDRINA COUNCIL,Unknown,16-20,0,1,1
1172,ALEXANDRINA COUNCIL,Unknown,36-40,0,1,1
1173,ALEXANDRINA COUNCIL,Unknown,36-40,0,2,1
1174,ALEXANDRINA COUNCIL,Unknown,36-40,1,2,1
1175,ALEXANDRINA COUNCIL,Unknown,41-45,0,1,1
1176,ALEXANDRINA COUNCIL,Unknown,51-55,0,1,1
1177,ALEXANDRINA COUNCIL,Unknown,51-55,0,2,1
1178,ALEXANDRINA COUNCIL,Unknown,66-70,1,0,1
1179,ALEXANDRINA COUNCIL,Unknown,Unknown,0,1,9
1180,ALEXANDRINA COUNCIL,Unknown,Unknown,1,0,2
1181,BARUNGA WEST COUNCIL,Female,>70,0,1,7
1182,BARUNGA WEST COUNCIL,Female,>70,0,2,3
1183,BARUNGA WEST COUNCIL,Female,>70,1,0,30
1184,BARUNGA WEST COUNCIL,Female,>70,1,1,3
1185,BARUNGA WEST COUNCIL,Female,>70,1,2,1
1186,BARUNGA WEST COUNCIL,Female,>70,2,0,10
1187,BARUNGA WEST COUNCIL,Female,>70,2,1,2
1188,BARUNGA WEST COUNCIL,Female,16-20,0,1,1
1189,BARUNGA WEST COUNCIL,Female,16-20,1,0,1
1190,BARUNGA WEST COUNCIL,Female,21-25,0,1,3
1191,BARUNGA WEST COUNCIL,Female,21-25,0,2,1
1192,BARUNGA WEST COUNCIL,Female,21-25,1,0,9
1193,BARUNGA WEST COUNCIL,Female,21-25,1,1,1
1194,BARUNGA WEST COUNCIL,Female,21-25,1,4,1
1195,BARUNGA WEST COUNCIL,Female,21-25,3,0,1
1196,BARUNGA WEST COUNCIL,Female,26-30,0,1,3
1197,BARUNGA WEST COUNCIL,Female,26-30,0,2,3
1198,BARUNGA WEST COUNCIL,Female,26-30,1,0,6
1199,BARUNGA WEST COUNCIL,Female,26-30,2,0,3
1200,BARUNGA WEST COUNCIL,Female,31-35,0,1,2
1201,BARUNGA WEST COUNCIL,Female,31-35,1,0,7
1202,BARUNGA WEST COUNCIL,Female,31-35,2,0,2
1203,BARUNGA WEST COUNCIL,Female,31-35,2,1,1
1204,BARUNGA WEST COUNCIL,Female,36-40,0,1,2
1205,BARUNGA WEST COUNCIL,Female,36-40,0,2,1
1206,BARUNGA WEST COUNCIL,Female,36-40,1,0,17
1207,BARUNGA WEST COUNCIL,Female,36-40,1,1,3
1208,BARUNGA WEST COUNCIL,Female,36-40,1,2,1
1209,BARUNGA WEST COUNCIL,Female,36-40,2,0,5
1210,BARUNGA WEST COUNCIL,Female,36-40,3,0,1
1211,BARUNGA WEST COUNCIL,Female,41-45,>5,0,1
1212,BARUNGA WEST COUNCIL,Female,41-45,0,1,1
1213,BARUNGA WEST COUNCIL,Female,41-45,1,0,11
1214,BARUNGA WEST COUNCIL,Female,41-45,1,1,1
1215,BARUNGA WEST COUNCIL,Female,41-45,1,2,1
1216,BARUNGA WEST COUNCIL,Female,41-45,2,0,1
1217,BARUNGA WEST COUNCIL,Female,46-50,0,1,2
1218,BARUNGA WEST COUNCIL,Female,46-50,0,2,2
1219,BARUNGA WEST COUNCIL,Female,46-50,0,3,1
1220,BARUNGA WEST COUNCIL,Female,46-50,1,0,15
1221,BARUNGA WEST COUNCIL,Female,46-50,1,2,1
1222,BARUNGA WEST COUNCIL,Female,46-50,2,0,4
1223,BARUNGA WEST COUNCIL,Female,46-50,3,0,1
1224,BARUNGA WEST COUNCIL,Female,51-55,0,1,2
1225,BARUNGA WEST COUNCIL,Female,51-55,0,2,1
1226,BARUNGA WEST COUNCIL,Female,51-55,1,0,20
1227,BARUNGA WEST COUNCIL,Female,51-55,2,0,7
1228,BARUNGA WEST COUNCIL,Female,51-55,2,1,1
1229,BARUNGA WEST COUNCIL,Female,51-55,2,2,1
1230,BARUNGA WEST COUNCIL,Female,51-55,3,0,2
1231,BARUNGA WEST COUNCIL,Female,56-60,0,1,5
1232,BARUNGA WEST COUNCIL,Female,56-60,0,2,1
1233,BARUNGA WEST COUNCIL,Female,56-60,0,4,1
1234,BARUNGA WEST COUNCIL,Female,56-60,1,0,20
1235,BARUNGA WEST COUNCIL,Female,56-60,1,1,4
1236,BARUNGA WEST COUNCIL,Female,56-60,1,2,2
1237,BARUNGA WEST COUNCIL,Female,56-60,2,0,7
1238,BARUNGA WEST COUNCIL,Female,56-60,2,2,2
1239,BARUNGA WEST COUNCIL,Female,56-60,3,0,3
1240,BARUNGA WEST COUNCIL,Female,61-65,0,1,1
1241,BARUNGA WEST COUNCIL,Female,61-65,0,2,1
1242,BARUNGA WEST COUNCIL,Female,61-65,0,4,1
1243,BARUNGA WEST COUNCIL,Female,61-65,1,0,17
1244,BARUNGA WEST COUNCIL,Female,61-65,1,1,1
1245,BARUNGA WEST COUNCIL,Female,61-65,1,2,2
1246,BARUNGA WEST COUNCIL,Female,61-65,2,0,6
1247,BARUNGA WEST COUNCIL,Female,61-65,3,0,1
1248,BARUNGA WEST COUNCIL,Female,66-70,0,1,4
1249,BARUNGA WEST COUNCIL,Female,66-70,0,2,1
1250,BARUNGA WEST COUNCIL,Female,66-70,0,3,1
1251,BARUNGA WEST COUNCIL,Female,66-70,1,0,22
1252,BARUNGA WEST COUNCIL,Female,66-70,1,1,2
1253,BARUNGA WEST COUNCIL,Female,66-70,2,0,5
1254,BARUNGA WEST COUNCIL,Female,66-70,2,2,1
1255,BARUNGA WEST COUNCIL,Female,Unknown,0,2,1
1256,BARUNGA WEST COUNCIL,Female,Unknown,1,1,1
1257,BARUNGA WEST COUNCIL,Male,>70,>5,0,2
1258,BARUNGA WEST COUNCIL,Male,>70,0,1,2
1259,BARUNGA WEST COUNCIL,Male,>70,0,2,1
1260,BARUNGA WEST COUNCIL,Male,>70,1,0,39
1261,BARUNGA WEST COUNCIL,Male,>70,2,0,7
1262,BARUNGA WEST COUNCIL,Male,16-20,0,1,1
1263,BARUNGA WEST COUNCIL,Male,21-25,0,2,1
1264,BARUNGA WEST COUNCIL,Male,21-25,1,0,11
1265,BARUNGA WEST COUNCIL,Male,26-30,1,0,9
1266,BARUNGA WEST COUNCIL,Male,26-30,2,0,2
1267,BARUNGA WEST COUNCIL,Male,31-35,0,1,1
1268,BARUNGA WEST COUNCIL,Male,31-35,0,2,1
1269,BARUNGA WEST COUNCIL,Male,31-35,1,0,10
1270,BARUNGA WEST COUNCIL,Male,31-35,2,0,1
1271,BARUNGA WEST COUNCIL,Male,36-40,0,1,1
1272,BARUNGA WEST COUNCIL,Male,36-40,1,0,6
1273,BARUNGA WEST COUNCIL,Male,36-40,2,0,5
1274,BARUNGA WEST COUNCIL,Male,41-45,0,1,2
1275,BARUNGA WEST COUNCIL,Male,41-45,1,0,8
1276,BARUNGA WEST COUNCIL,Male,41-45,1,1,1
1277,BARUNGA WEST COUNCIL,Male,41-45,2,0,2
1278,BARUNGA WEST COUNCIL,Male,41-45,2,1,1
1279,BARUNGA WEST COUNCIL,Male,41-45,3,0,2
1280,BARUNGA WEST COUNCIL,Male,46-50,0,1,1
1281,BARUNGA WEST COUNCIL,Male,46-50,0,3,1
1282,BARUNGA WEST COUNCIL,Male,46-50,1,0,7
1283,BARUNGA WEST COUNCIL,Male,46-50,1,2,1
1284,BARUNGA WEST COUNCIL,Male,46-50,2,0,2
1285,BARUNGA WEST COUNCIL,Male,46-50,3,0,2
1286,BARUNGA WEST COUNCIL,Male,51-55,1,0,21
1287,BARUNGA WEST COUNCIL,Male,51-55,1,1,2
1288,BARUNGA WEST COUNCIL,Male,51-55,1,2,1
1289,BARUNGA WEST COUNCIL,Male,51-55,2,0,4
1290,BARUNGA WEST COUNCIL,Male,51-55,2,2,1
1291,BARUNGA WEST COUNCIL,Male,56-60,>5,0,1
1292,BARUNGA WEST COUNCIL,Male,56-60,1,0,15
1293,BARUNGA WEST COUNCIL,Male,56-60,1,1,1
1294,BARUNGA WEST COUNCIL,Male,56-60,2,0,4
1295,BARUNGA WEST COUNCIL,Male,61-65,>5,0,1
1296,BARUNGA WEST COUNCIL,Male,61-65,0,1,2
1297,BARUNGA WEST COUNCIL,Male,61-65,1,0,18
1298,BARUNGA WEST COUNCIL,Male,61-65,1,1,1
1299,BARUNGA WEST COUNCIL,Male,61-65,2,0,7
1300,BARUNGA WEST COUNCIL,Male,66-70,0,1,5
1301,BARUNGA WEST COUNCIL,Male,66-70,1,0,16
1302,BARUNGA WEST COUNCIL,Male,66-70,1,1,1
1303,BARUNGA WEST COUNCIL,Male,66-70,2,0,4
1304,BARUNGA WEST COUNCIL,Male,66-70,2,1,1
1305,BARUNGA WEST COUNCIL,Male,66-70,3,0,1
1306,BARUNGA WEST COUNCIL,Male,Unknown,0,1,1
1307,BARUNGA WEST COUNCIL,Other,>70,0,1,1
1308,BARUNGA WEST COUNCIL,Other,>70,1,0,2
1309,BARUNGA WEST COUNCIL,Other,>70,1,1,1
1310,BARUNGA WEST COUNCIL,Other,31-35,1,0,3
1311,BARUNGA WEST COUNCIL,Other,41-45,1,0,1
1312,BARUNGA WEST COUNCIL,Other,51-55,1,0,3
1313,BARUNGA WEST COUNCIL,Other,56-60,1,0,2
1314,BARUNGA WEST COUNCIL,Other,56-60,3,0,1
1315,BARUNGA WEST COUNCIL,Other,61-65,1,0,3
1316,BARUNGA WEST COUNCIL,Other,61-65,2,0,1
1317,BARUNGA WEST COUNCIL,Other,66-70,1,0,3
1318,BARUNGA WEST COUNCIL,Unknown,>70,0,1,1
1319,BARUNGA WEST COUNCIL,Unknown,36-40,1,0,1
1320,BARUNGA WEST COUNCIL,Unknown,Unknown,0,1,3
1321,CAMPBELLTOWN CITY COUNCIL,Female,>70,0,1,99
1322,CAMPBELLTOWN CITY COUNCIL,Female,>70,0,2,21
1323,CAMPBELLTOWN CITY COUNCIL,Female,>70,0,3,3
1324,CAMPBELLTOWN CITY COUNCIL,Female,>70,1,>5,1
1325,CAMPBELLTOWN CITY COUNCIL,Female,>70,1,0,301
1326,CAMPBELLTOWN CITY COUNCIL,Female,>70,1,1,9
1327,CAMPBELLTOWN CITY COUNCIL,Female,>70,1,2,1
1328,CAMPBELLTOWN CITY COUNCIL,Female,>70,2,0,32
1329,CAMPBELLTOWN CITY COUNCIL,Female,>70,2,1,3
1330,CAMPBELLTOWN CITY COUNCIL,Female,>70,2,2,1
1331,CAMPBELLTOWN CITY COUNCIL,Female,>70,3,0,3
1332,CAMPBELLTOWN CITY COUNCIL,Female,16-20,0,1,10
1333,CAMPBELLTOWN CITY COUNCIL,Female,16-20,0,2,1
1334,CAMPBELLTOWN CITY COUNCIL,Female,16-20,0,3,1
1335,CAMPBELLTOWN CITY COUNCIL,Female,16-20,1,0,8
1336,CAMPBELLTOWN CITY COUNCIL,Female,21-25,0,1,61
1337,CAMPBELLTOWN CITY COUNCIL,Female,21-25,0,2,18
1338,CAMPBELLTOWN CITY COUNCIL,Female,21-25,1,0,79
1339,CAMPBELLTOWN CITY COUNCIL,Female,21-25,1,1,3
1340,CAMPBELLTOWN CITY COUNCIL,Female,21-25,1,2,1
1341,CAMPBELLTOWN CITY COUNCIL,Female,21-25,2,0,7
1342,CAMPBELLTOWN CITY COUNCIL,Female,21-25,2,1,1
1343,CAMPBELLTOWN CITY COUNCIL,Female,21-25,4,0,1
1344,CAMPBELLTOWN CITY COUNCIL,Female,26-30,0,1,99
1345,CAMPBELLTOWN CITY COUNCIL,Female,26-30,0,2,19
1346,CAMPBELLTOWN CITY COUNCIL,Female,26-30,0,3,3
1347,CAMPBELLTOWN CITY COUNCIL,Female,26-30,0,4,3
1348,CAMPBELLTOWN CITY COUNCIL,Female,26-30,1,0,197
1349,CAMPBELLTOWN CITY COUNCIL,Female,26-30,1,1,11
1350,CAMPBELLTOWN CITY COUNCIL,Female,26-30,1,2,2
1351,CAMPBELLTOWN CITY COUNCIL,Female,26-30,2,0,26
1352,CAMPBELLTOWN CITY COUNCIL,Female,26-30,2,1,3
1353,CAMPBELLTOWN CITY COUNCIL,Female,26-30,2,2,3
1354,CAMPBELLTOWN CITY COUNCIL,Female,31-35,0,1,68
1355,CAMPBELLTOWN CITY COUNCIL,Female,31-35,0,2,31
1356,CAMPBELLTOWN CITY COUNCIL,Female,31-35,0,3,2
1357,CAMPBELLTOWN CITY COUNCIL,Female,31-35,0,4,3
1358,CAMPBELLTOWN CITY COUNCIL,Female,31-35,0,5,1
1359,CAMPBELLTOWN CITY COUNCIL,Female,31-35,1,0,233
1360,CAMPBELLTOWN CITY COUNCIL,Female,31-35,1,1,16
1361,CAMPBELLTOWN CITY COUNCIL,Female,31-35,1,2,1
1362,CAMPBELLTOWN CITY COUNCIL,Female,31-35,1,3,1
1363,CAMPBELLTOWN CITY COUNCIL,Female,31-35,2,0,49
1364,CAMPBELLTOWN CITY COUNCIL,Female,31-35,2,1,3
1365,CAMPBELLTOWN CITY COUNCIL,Female,31-35,3,0,6
1366,CAMPBELLTOWN CITY COUNCIL,Female,36-40,0,1,62
1367,CAMPBELLTOWN CITY COUNCIL,Female,36-40,0,2,21
1368,CAMPBELLTOWN CITY COUNCIL,Female,36-40,0,3,3
1369,CAMPBELLTOWN CITY COUNCIL,Female,36-40,0,4,1
1370,CAMPBELLTOWN CITY COUNCIL,Female,36-40,1,0,226
1371,CAMPBELLTOWN CITY COUNCIL,Female,36-40,1,1,16
1372,CAMPBELLTOWN CITY COUNCIL,Female,36-40,1,2,3
1373,CAMPBELLTOWN CITY COUNCIL,Female,36-40,1,4,1
1374,CAMPBELLTOWN CITY COUNCIL,Female,36-40,2,0,38
1375,CAMPBELLTOWN CITY COUNCIL,Female,36-40,2,1,5
1376,CAMPBELLTOWN CITY COUNCIL,Female,36-40,3,2,1
1377,CAMPBELLTOWN CITY COUNCIL,Female,41-45,0,>5,1
1378,CAMPBELLTOWN CITY COUNCIL,Female,41-45,0,1,67
1379,CAMPBELLTOWN CITY COUNCIL,Female,41-45,0,2,29
1380,CAMPBELLTOWN CITY COUNCIL,Female,41-45,0,3,5
1381,CAMPBELLTOWN CITY COUNCIL,Female,41-45,0,4,1
1382,CAMPBELLTOWN CITY COUNCIL,Female,41-45,1,0,264
1383,CAMPBELLTOWN CITY COUNCIL,Female,41-45,1,1,20
1384,CAMPBELLTOWN CITY COUNCIL,Female,41-45,1,2,9
1385,CAMPBELLTOWN CITY COUNCIL,Female,41-45,1,4,1
1386,CAMPBELLTOWN CITY COUNCIL,Female,41-45,2,0,40
1387,CAMPBELLTOWN CITY COUNCIL,Female,41-45,2,1,2
1388,CAMPBELLTOWN CITY COUNCIL,Female,41-45,3,0,2
1389,CAMPBELLTOWN CITY COUNCIL,Female,41-45,3,1,1
1390,CAMPBELLTOWN CITY COUNCIL,Female,46-50,0,1,57
1391,CAMPBELLTOWN CITY COUNCIL,Female,46-50,0,2,23
1392,CAMPBELLTOWN CITY COUNCIL,Female,46-50,0,3,3
1393,CAMPBELLTOWN CITY COUNCIL,Female,46-50,0,4,3
1394,CAMPBELLTOWN CITY COUNCIL,Female,46-50,0,5,1
1395,CAMPBELLTOWN CITY COUNCIL,Female,46-50,1,0,283
1396,CAMPBELLTOWN CITY COUNCIL,Female,46-50,1,1,26
1397,CAMPBELLTOWN CITY COUNCIL,Female,46-50,1,2,7
1398,CAMPBELLTOWN CITY COUNCIL,Female,46-50,1,4,1
1399,CAMPBELLTOWN CITY COUNCIL,Female,46-50,2,0,57
1400,CAMPBELLTOWN CITY COUNCIL,Female,46-50,2,1,3
1401,CAMPBELLTOWN CITY COUNCIL,Female,46-50,2,2,1
1402,CAMPBELLTOWN CITY COUNCIL,Female,46-50,2,3,3
1403,CAMPBELLTOWN CITY COUNCIL,Female,46-50,3,0,3
1404,CAMPBELLTOWN CITY COUNCIL,Female,46-50,4,0,1
1405,CAMPBELLTOWN CITY COUNCIL,Female,51-55,>5,0,1
1406,CAMPBELLTOWN CITY COUNCIL,Female,51-55,0,1,67
1407,CAMPBELLTOWN CITY COUNCIL,Female,51-55,0,2,37
1408,CAMPBELLTOWN CITY COUNCIL,Female,51-55,0,3,3
1409,CAMPBELLTOWN CITY COUNCIL,Female,51-55,0,4,1
1410,CAMPBELLTOWN CITY COUNCIL,Female,51-55,0,5,1
1411,CAMPBELLTOWN CITY COUNCIL,Female,51-55,1,0,304
1412,CAMPBELLTOWN CITY COUNCIL,Female,51-55,1,1,29
1413,CAMPBELLTOWN CITY COUNCIL,Female,51-55,1,2,5
1414,CAMPBELLTOWN CITY COUNCIL,Female,51-55,1,3,3
1415,CAMPBELLTOWN CITY COUNCIL,Female,51-55,2,0,81
1416,CAMPBELLTOWN CITY COUNCIL,Female,51-55,2,1,8
1417,CAMPBELLTOWN CITY COUNCIL,Female,51-55,2,2,2
1418,CAMPBELLTOWN CITY COUNCIL,Female,51-55,3,0,4
1419,CAMPBELLTOWN CITY COUNCIL,Female,56-60,0,1,61
1420,CAMPBELLTOWN CITY COUNCIL,Female,56-60,0,2,19
1421,CAMPBELLTOWN CITY COUNCIL,Female,56-60,0,3,5
1422,CAMPBELLTOWN CITY COUNCIL,Female,56-60,0,4,1
1423,CAMPBELLTOWN CITY COUNCIL,Female,56-60,1,0,249
1424,CAMPBELLTOWN CITY COUNCIL,Female,56-60,1,1,17
1425,CAMPBELLTOWN CITY COUNCIL,Female,56-60,1,2,7
1426,CAMPBELLTOWN CITY COUNCIL,Female,56-60,1,3,3
1427,CAMPBELLTOWN CITY COUNCIL,Female,56-60,1,5,1
1428,CAMPBELLTOWN CITY COUNCIL,Female,56-60,2,0,49
1429,CAMPBELLTOWN CITY COUNCIL,Female,56-60,2,1,3
1430,CAMPBELLTOWN CITY COUNCIL,Female,56-60,2,2,3
1431,CAMPBELLTOWN CITY COUNCIL,Female,56-60,3,0,1
1432,CAMPBELLTOWN CITY COUNCIL,Female,61-65,0,1,46
1433,CAMPBELLTOWN CITY COUNCIL,Female,61-65,0,2,18
1434,CAMPBELLTOWN CITY COUNCIL,Female,61-65,0,3,4
1435,CAMPBELLTOWN CITY COUNCIL,Female,61-65,0,4,3
1436,CAMPBELLTOWN CITY COUNCIL,Female,61-65,1,0,177
1437,CAMPBELLTOWN CITY COUNCIL,Female,61-65,1,1,4
1438,CAMPBELLTOWN CITY COUNCIL,Female,61-65,1,2,2
1439,CAMPBELLTOWN CITY COUNCIL,Female,61-65,2,0,35
1440,CAMPBELLTOWN CITY COUNCIL,Female,61-65,2,1,3
1441,CAMPBELLTOWN CITY COUNCIL,Female,61-65,2,2,1
1442,CAMPBELLTOWN CITY COUNCIL,Female,61-65,3,0,1
1443,CAMPBELLTOWN CITY COUNCIL,Female,61-65,3,1,1
1444,CAMPBELLTOWN CITY COUNCIL,Female,61-65,4,0,1
1445,CAMPBELLTOWN CITY COUNCIL,Female,66-70,0,>5,2
1446,CAMPBELLTOWN CITY COUNCIL,Female,66-70,0,1,36
1447,CAMPBELLTOWN CITY COUNCIL,Female,66-70,0,2,10
1448,CAMPBELLTOWN CITY COUNCIL,Female,66-70,0,3,3
1449,CAMPBELLTOWN CITY COUNCIL,Female,66-70,0,5,1
1450,CAMPBELLTOWN CITY COUNCIL,Female,66-70,1,0,128
1451,CAMPBELLTOWN CITY COUNCIL,Female,66-70,1,1,6
1452,CAMPBELLTOWN CITY COUNCIL,Female,66-70,1,2,1
1453,CAMPBELLTOWN CITY COUNCIL,Female,66-70,1,3,1
1454,CAMPBELLTOWN CITY COUNCIL,Female,66-70,2,>5,1
1455,CAMPBELLTOWN CITY COUNCIL,Female,66-70,2,0,25
1456,CAMPBELLTOWN CITY COUNCIL,Female,66-70,3,0,2
1457,CAMPBELLTOWN CITY COUNCIL,Female,Unknown,0,1,29
1458,CAMPBELLTOWN CITY COUNCIL,Female,Unknown,0,2,5
1459,CAMPBELLTOWN CITY COUNCIL,Female,Unknown,0,3,2
1460,CAMPBELLTOWN CITY COUNCIL,Female,Unknown,1,0,3
1461,CAMPBELLTOWN CITY COUNCIL,Male,>70,0,1,29
1462,CAMPBELLTOWN CITY COUNCIL,Male,>70,0,2,4
1463,CAMPBELLTOWN CITY COUNCIL,Male,>70,0,3,1
1464,CAMPBELLTOWN CITY COUNCIL,Male,>70,1,0,146
1465,CAMPBELLTOWN CITY COUNCIL,Male,>70,1,1,2
1466,CAMPBELLTOWN CITY COUNCIL,Male,>70,2,0,26
1467,CAMPBELLTOWN CITY COUNCIL,Male,>70,2,1,1
1468,CAMPBELLTOWN CITY COUNCIL,Male,>70,2,2,1
1469,CAMPBELLTOWN CITY COUNCIL,Male,>70,3,0,1
1470,CAMPBELLTOWN CITY COUNCIL,Male,16-20,0,1,2
1471,CAMPBELLTOWN CITY COUNCIL,Male,16-20,1,0,3
1472,CAMPBELLTOWN CITY COUNCIL,Male,21-25,0,1,21
1473,CAMPBELLTOWN CITY COUNCIL,Male,21-25,0,2,4
1474,CAMPBELLTOWN CITY COUNCIL,Male,21-25,0,3,1
1475,CAMPBELLTOWN CITY COUNCIL,Male,21-25,1,0,35
1476,CAMPBELLTOWN CITY COUNCIL,Male,21-25,1,1,1
1477,CAMPBELLTOWN CITY COUNCIL,Male,21-25,2,0,1
1478,CAMPBELLTOWN CITY COUNCIL,Male,26-30,>5,0,1
1479,CAMPBELLTOWN CITY COUNCIL,Male,26-30,0,1,36
1480,CAMPBELLTOWN CITY COUNCIL,Male,26-30,0,2,7
1481,CAMPBELLTOWN CITY COUNCIL,Male,26-30,0,3,1
1482,CAMPBELLTOWN CITY COUNCIL,Male,26-30,0,4,1
1483,CAMPBELLTOWN CITY COUNCIL,Male,26-30,1,0,103
1484,CAMPBELLTOWN CITY COUNCIL,Male,26-30,1,1,1
1485,CAMPBELLTOWN CITY COUNCIL,Male,26-30,1,2,1
1486,CAMPBELLTOWN CITY COUNCIL,Male,26-30,2,0,9
1487,CAMPBELLTOWN CITY COUNCIL,Male,26-30,2,5,1
1488,CAMPBELLTOWN CITY COUNCIL,Male,31-35,0,1,36
1489,CAMPBELLTOWN CITY COUNCIL,Male,31-35,0,2,12
1490,CAMPBELLTOWN CITY COUNCIL,Male,31-35,0,3,1
1491,CAMPBELLTOWN CITY COUNCIL,Male,31-35,0,5,1
1492,CAMPBELLTOWN CITY COUNCIL,Male,31-35,1,0,144
1493,CAMPBELLTOWN CITY COUNCIL,Male,31-35,1,1,4
1494,CAMPBELLTOWN CITY COUNCIL,Male,31-35,1,2,1
1495,CAMPBELLTOWN CITY COUNCIL,Male,31-35,2,0,19
1496,CAMPBELLTOWN CITY COUNCIL,Male,31-35,2,1,2
1497,CAMPBELLTOWN CITY COUNCIL,Male,31-35,3,0,1
1498,CAMPBELLTOWN CITY COUNCIL,Male,36-40,0,1,33
1499,CAMPBELLTOWN CITY COUNCIL,Male,36-40,0,2,10
1500,CAMPBELLTOWN CITY COUNCIL,Male,36-40,0,3,1
1501,CAMPBELLTOWN CITY COUNCIL,Male,36-40,0,5,2
1502,CAMPBELLTOWN CITY COUNCIL,Male,36-40,1,0,150
1503,CAMPBELLTOWN CITY COUNCIL,Male,36-40,1,1,4
1504,CAMPBELLTOWN CITY COUNCIL,Male,36-40,2,0,20
1505,CAMPBELLTOWN CITY COUNCIL,Male,36-40,2,1,1
1506,CAMPBELLTOWN CITY COUNCIL,Male,36-40,3,0,3
1507,CAMPBELLTOWN CITY COUNCIL,Male,41-45,0,1,35
1508,CAMPBELLTOWN CITY COUNCIL,Male,41-45,0,2,8
1509,CAMPBELLTOWN CITY COUNCIL,Male,41-45,0,3,3
1510,CAMPBELLTOWN CITY COUNCIL,Male,41-45,1,0,135
1511,CAMPBELLTOWN CITY COUNCIL,Male,41-45,1,1,4
1512,CAMPBELLTOWN CITY COUNCIL,Male,41-45,1,2,3
1513,CAMPBELLTOWN CITY COUNCIL,Male,41-45,2,0,16
1514,CAMPBELLTOWN CITY COUNCIL,Male,41-45,2,1,2
1515,CAMPBELLTOWN CITY COUNCIL,Male,46-50,0,1,31
1516,CAMPBELLTOWN CITY COUNCIL,Male,46-50,0,2,8
1517,CAMPBELLTOWN CITY COUNCIL,Male,46-50,1,0,137
1518,CAMPBELLTOWN CITY COUNCIL,Male,46-50,1,1,6
1519,CAMPBELLTOWN CITY COUNCIL,Male,46-50,2,0,23
1520,CAMPBELLTOWN CITY COUNCIL,Male,46-50,2,1,1
1521,CAMPBELLTOWN CITY COUNCIL,Male,51-55,0,1,28
1522,CAMPBELLTOWN CITY COUNCIL,Male,51-55,0,2,6
1523,CAMPBELLTOWN CITY COUNCIL,Male,51-55,0,3,2
1524,CAMPBELLTOWN CITY COUNCIL,Male,51-55,1,0,154
1525,CAMPBELLTOWN CITY COUNCIL,Male,51-55,1,1,3
1526,CAMPBELLTOWN CITY COUNCIL,Male,51-55,1,2,1
1527,CAMPBELLTOWN CITY COUNCIL,Male,51-55,2,0,29
1528,CAMPBELLTOWN CITY COUNCIL,Male,51-55,2,1,2
1529,CAMPBELLTOWN CITY COUNCIL,Male,51-55,4,0,1
1530,CAMPBELLTOWN CITY COUNCIL,Male,56-60,0,1,23
1531,CAMPBELLTOWN CITY COUNCIL,Male,56-60,0,2,7
1532,CAMPBELLTOWN CITY COUNCIL,Male,56-60,0,3,1
1533,CAMPBELLTOWN CITY COUNCIL,Male,56-60,1,0,119
1534,CAMPBELLTOWN CITY COUNCIL,Male,56-60,1,1,1
1535,CAMPBELLTOWN CITY COUNCIL,Male,56-60,1,2,2
1536,CAMPBELLTOWN CITY COUNCIL,Male,56-60,2,0,23
1537,CAMPBELLTOWN CITY COUNCIL,Male,56-60,3,0,2
1538,CAMPBELLTOWN CITY COUNCIL,Male,61-65,0,1,15
1539,CAMPBELLTOWN CITY COUNCIL,Male,61-65,0,2,4
1540,CAMPBELLTOWN CITY COUNCIL,Male,61-65,1,0,91
1541,CAMPBELLTOWN CITY COUNCIL,Male,61-65,1,1,6
1542,CAMPBELLTOWN CITY COUNCIL,Male,61-65,1,2,1
1543,CAMPBELLTOWN CITY COUNCIL,Male,61-65,2,0,20
1544,CAMPBELLTOWN CITY COUNCIL,Male,61-65,3,0,2
1545,CAMPBELLTOWN CITY COUNCIL,Male,66-70,0,>5,1
1546,CAMPBELLTOWN CITY COUNCIL,Male,66-70,0,1,18
1547,CAMPBELLTOWN CITY COUNCIL,Male,66-70,0,2,6
1548,CAMPBELLTOWN CITY COUNCIL,Male,66-70,0,4,1
1549,CAMPBELLTOWN CITY COUNCIL,Male,66-70,1,0,73
1550,CAMPBELLTOWN CITY COUNCIL,Male,66-70,1,1,2
1551,CAMPBELLTOWN CITY COUNCIL,Male,66-70,2,0,7
1552,CAMPBELLTOWN CITY COUNCIL,Male,66-70,2,1,1
1553,CAMPBELLTOWN CITY COUNCIL,Male,Unknown,0,1,29
1554,CAMPBELLTOWN CITY COUNCIL,Male,Unknown,0,2,3
1555,CAMPBELLTOWN CITY COUNCIL,Male,Unknown,1,0,2
1556,CAMPBELLTOWN CITY COUNCIL,Other,>70,1,0,64
1557,CAMPBELLTOWN CITY COUNCIL,Other,>70,1,1,1
1558,CAMPBELLTOWN CITY COUNCIL,Other,>70,1,4,1
1559,CAMPBELLTOWN CITY COUNCIL,Other,>70,2,0,8
1560,CAMPBELLTOWN CITY COUNCIL,Other,16-20,0,1,1
1561,CAMPBELLTOWN CITY COUNCIL,Other,21-25,0,1,1
1562,CAMPBELLTOWN CITY COUNCIL,Other,21-25,1,0,1
1563,CAMPBELLTOWN CITY COUNCIL,Other,21-25,2,0,1
1564,CAMPBELLTOWN CITY COUNCIL,Other,26-30,0,1,3
1565,CAMPBELLTOWN CITY COUNCIL,Other,26-30,1,0,8
1566,CAMPBELLTOWN CITY COUNCIL,Other,31-35,0,2,3
1567,CAMPBELLTOWN CITY COUNCIL,Other,31-35,1,0,10
1568,CAMPBELLTOWN CITY COUNCIL,Other,36-40,1,0,10
1569,CAMPBELLTOWN CITY COUNCIL,Other,36-40,3,0,1
1570,CAMPBELLTOWN CITY COUNCIL,Other,41-45,0,1,1
1571,CAMPBELLTOWN CITY COUNCIL,Other,41-45,1,0,10
1572,CAMPBELLTOWN CITY COUNCIL,Other,41-45,2,0,2
1573,CAMPBELLTOWN CITY COUNCIL,Other,46-50,0,1,1
1574,CAMPBELLTOWN CITY COUNCIL,Other,46-50,0,2,1
1575,CAMPBELLTOWN CITY COUNCIL,Other,46-50,1,0,7
1576,CAMPBELLTOWN CITY COUNCIL,Other,46-50,1,1,1
1577,CAMPBELLTOWN CITY COUNCIL,Other,46-50,2,0,3
1578,CAMPBELLTOWN CITY COUNCIL,Other,51-55,0,1,1
1579,CAMPBELLTOWN CITY COUNCIL,Other,51-55,1,0,16
1580,CAMPBELLTOWN CITY COUNCIL,Other,51-55,1,1,1
1581,CAMPBELLTOWN CITY COUNCIL,Other,56-60,1,0,15
1582,CAMPBELLTOWN CITY COUNCIL,Other,56-60,2,0,3
1583,CAMPBELLTOWN CITY COUNCIL,Other,61-65,0,1,1
1584,CAMPBELLTOWN CITY COUNCIL,Other,61-65,1,0,23
1585,CAMPBELLTOWN CITY COUNCIL,Other,61-65,1,1,1
1586,CAMPBELLTOWN CITY COUNCIL,Other,61-65,2,0,5
1587,CAMPBELLTOWN CITY COUNCIL,Other,66-70,1,0,10
1588,CAMPBELLTOWN CITY COUNCIL,Other,66-70,2,0,1
1589,CAMPBELLTOWN CITY COUNCIL,Other,66-70,3,0,1
1590,CAMPBELLTOWN CITY COUNCIL,SUPPRESSED,Unknown,0,1,1
1591,CAMPBELLTOWN CITY COUNCIL,SUPPRESSED,Unknown,1,0,18
1592,CAMPBELLTOWN CITY COUNCIL,SUPPRESSED,Unknown,1,1,1
1593,CAMPBELLTOWN CITY COUNCIL,SUPPRESSED,Unknown,2,2,1
1594,CAMPBELLTOWN CITY COUNCIL,Unknown,21-25,0,1,1
1595,CAMPBELLTOWN CITY COUNCIL,Unknown,Unknown,0,1,78
1596,CAMPBELLTOWN CITY COUNCIL,Unknown,Unknown,0,2,9
1597,CAMPBELLTOWN CITY COUNCIL,Unknown,Unknown,0,3,1
1598,CAMPBELLTOWN CITY COUNCIL,Unknown,Unknown,0,4,1
1599,CITY OF BURNSIDE,Female,>70,>5,0,1
1600,CITY OF BURNSIDE,Female,>70,0,1,60
1601,CITY OF BURNSIDE,Female,>70,0,2,12
1602,CITY OF BURNSIDE,Female,>70,0,3,2
1603,CITY OF BURNSIDE,Female,>70,0,5,1
1604,CITY OF BURNSIDE,Female,>70,1,0,393
1605,CITY OF BURNSIDE,Female,>70,1,1,4
1606,CITY OF BURNSIDE,Female,>70,1,3,2
1607,CITY OF BURNSIDE,Female,>70,2,0,47
1608,CITY OF BURNSIDE,Female,>70,2,1,1
1609,CITY OF BURNSIDE,Female,>70,2,2,1
1610,CITY OF BURNSIDE,Female,>70,3,0,2
1611,CITY OF BURNSIDE,Female,16-20,0,1,5
1612,CITY OF BURNSIDE,Female,16-20,1,0,6
1613,CITY OF BURNSIDE,Female,16-20,2,0,2
1614,CITY OF BURNSIDE,Female,16-20,3,0,1
1615,CITY OF BURNSIDE,Female,21-25,0,1,41
1616,CITY OF BURNSIDE,Female,21-25,0,2,13
1617,CITY OF BURNSIDE,Female,21-25,0,3,1
1618,CITY OF BURNSIDE,Female,21-25,1,0,49
1619,CITY OF BURNSIDE,Female,21-25,1,1,2
1620,CITY OF BURNSIDE,Female,21-25,1,2,2
1621,CITY OF BURNSIDE,Female,21-25,2,0,4
1622,CITY OF BURNSIDE,Female,21-25,2,1,1
1623,CITY OF BURNSIDE,Female,26-30,0,1,44
1624,CITY OF BURNSIDE,Female,26-30,0,2,11
1625,CITY OF BURNSIDE,Female,26-30,0,3,1
1626,CITY OF BURNSIDE,Female,26-30,1,0,59
1627,CITY OF BURNSIDE,Female,26-30,1,1,4
1628,CITY OF BURNSIDE,Female,26-30,1,2,4
1629,CITY OF BURNSIDE,Female,26-30,2,0,13
1630,CITY OF BURNSIDE,Female,26-30,2,1,1
1631,CITY OF BURNSIDE,Female,31-35,0,>5,1
1632,CITY OF BURNSIDE,Female,31-35,0,1,41
1633,CITY OF BURNSIDE,Female,31-35,0,2,16
1634,CITY OF BURNSIDE,Female,31-35,0,3,1
1635,CITY OF BURNSIDE,Female,31-35,1,0,130
1636,CITY OF BURNSIDE,Female,31-35,1,1,3
1637,CITY OF BURNSIDE,Female,31-35,1,2,2
1638,CITY OF BURNSIDE,Female,31-35,1,3,1
1639,CITY OF BURNSIDE,Female,31-35,2,0,14
1640,CITY OF BURNSIDE,Female,31-35,2,1,1
1641,CITY OF BURNSIDE,Female,31-35,3,1,1
1642,CITY OF BURNSIDE,Female,31-35,4,0,1
1643,CITY OF BURNSIDE,Female,36-40,0,1,29
1644,CITY OF BURNSIDE,Female,36-40,0,2,12
1645,CITY OF BURNSIDE,Female,36-40,0,3,1
1646,CITY OF BURNSIDE,Female,36-40,1,0,128
1647,CITY OF BURNSIDE,Female,36-40,1,1,5
1648,CITY OF BURNSIDE,Female,36-40,1,2,1
1649,CITY OF BURNSIDE,Female,36-40,1,3,1
1650,CITY OF BURNSIDE,Female,36-40,2,0,21
1651,CITY OF BURNSIDE,Female,36-40,2,1,1
1652,CITY OF BURNSIDE,Female,36-40,2,2,2
1653,CITY OF BURNSIDE,Female,41-45,0,1,62
1654,CITY OF BURNSIDE,Female,41-45,0,2,11
1655,CITY OF BURNSIDE,Female,41-45,0,4,3
1656,CITY OF BURNSIDE,Female,41-45,0,5,1
1657,CITY OF BURNSIDE,Female,41-45,1,0,228
1658,CITY OF BURNSIDE,Female,41-45,1,1,12
1659,CITY OF BURNSIDE,Female,41-45,1,2,3
1660,CITY OF BURNSIDE,Female,41-45,1,3,1
1661,CITY OF BURNSIDE,Female,41-45,2,0,45
1662,CITY OF BURNSIDE,Female,41-45,2,1,3
1663,CITY OF BURNSIDE,Female,41-45,2,3,1
1664,CITY OF BURNSIDE,Female,41-45,3,0,4
1665,CITY OF BURNSIDE,Female,46-50,0,>5,1
1666,CITY OF BURNSIDE,Female,46-50,0,1,41
1667,CITY OF BURNSIDE,Female,46-50,0,2,24
1668,CITY OF BURNSIDE,Female,46-50,0,3,5
1669,CITY OF BURNSIDE,Female,46-50,0,5,1
1670,CITY OF BURNSIDE,Female,46-50,1,0,322
1671,CITY OF BURNSIDE,Female,46-50,1,1,29
1672,CITY OF BURNSIDE,Female,46-50,1,2,10
1673,CITY OF BURNSIDE,Female,46-50,1,3,1
1674,CITY OF BURNSIDE,Female,46-50,2,0,73
1675,CITY OF BURNSIDE,Female,46-50,2,1,6
1676,CITY OF BURNSIDE,Female,46-50,2,2,1
1677,CITY OF BURNSIDE,Female,46-50,3,0,6
1678,CITY OF BURNSIDE,Female,46-50,4,1,1
1679,CITY OF BURNSIDE,Female,51-55,>5,0,1
1680,CITY OF BURNSIDE,Female,51-55,0,>5,1
1681,CITY OF BURNSIDE,Female,51-55,0,1,29
1682,CITY OF BURNSIDE,Female,51-55,0,2,17
1683,CITY OF BURNSIDE,Female,51-55,0,3,6
1684,CITY OF BURNSIDE,Female,51-55,0,4,1
1685,CITY OF BURNSIDE,Female,51-55,0,5,1
1686,CITY OF BURNSIDE,Female,51-55,1,0,403
1687,CITY OF BURNSIDE,Female,51-55,1,1,26
1688,CITY OF BURNSIDE,Female,51-55,1,2,6
1689,CITY OF BURNSIDE,Female,51-55,1,3,2
1690,CITY OF BURNSIDE,Female,51-55,1,4,1
1691,CITY OF BURNSIDE,Female,51-55,2,0,108
1692,CITY OF BURNSIDE,Female,51-55,2,1,9
1693,CITY OF BURNSIDE,Female,51-55,2,2,7
1694,CITY OF BURNSIDE,Female,51-55,3,0,3
1695,CITY OF BURNSIDE,Female,51-55,4,0,1
1696,CITY OF BURNSIDE,Female,56-60,0,1,29
1697,CITY OF BURNSIDE,Female,56-60,0,2,9
1698,CITY OF BURNSIDE,Female,56-60,0,3,1
1699,CITY OF BURNSIDE,Female,56-60,0,4,1
1700,CITY OF BURNSIDE,Female,56-60,1,0,296
1701,CITY OF BURNSIDE,Female,56-60,1,1,14
1702,CITY OF BURNSIDE,Female,56-60,1,2,5
1703,CITY OF BURNSIDE,Female,56-60,1,3,1
1704,CITY OF BURNSIDE,Female,56-60,1,5,1
1705,CITY OF BURNSIDE,Female,56-60,2,0,85
1706,CITY OF BURNSIDE,Female,56-60,2,1,1
1707,CITY OF BURNSIDE,Female,56-60,2,2,1
1708,CITY OF BURNSIDE,Female,56-60,3,0,4
1709,CITY OF BURNSIDE,Female,56-60,3,1,2
1710,CITY OF BURNSIDE,Female,56-60,4,0,1
1711,CITY OF BURNSIDE,Female,61-65,0,1,20
1712,CITY OF BURNSIDE,Female,61-65,0,2,6
1713,CITY OF BURNSIDE,Female,61-65,0,3,1
1714,CITY OF BURNSIDE,Female,61-65,1,0,267
1715,CITY OF BURNSIDE,Female,61-65,1,1,13
1716,CITY OF BURNSIDE,Female,61-65,1,2,5
1717,CITY OF BURNSIDE,Female,61-65,2,0,75
1718,CITY OF BURNSIDE,Female,61-65,2,1,1
1719,CITY OF BURNSIDE,Female,61-65,3,0,4
1720,CITY OF BURNSIDE,Female,66-70,>5,0,1
1721,CITY OF BURNSIDE,Female,66-70,0,1,24
1722,CITY OF BURNSIDE,Female,66-70,0,2,11
1723,CITY OF BURNSIDE,Female,66-70,1,0,208
1724,CITY OF BURNSIDE,Female,66-70,1,1,6
1725,CITY OF BURNSIDE,Female,66-70,1,2,2
1726,CITY OF BURNSIDE,Female,66-70,2,0,36
1727,CITY OF BURNSIDE,Female,66-70,2,1,2
1728,CITY OF BURNSIDE,Female,66-70,3,0,1
1729,CITY OF BURNSIDE,Female,66-70,4,0,1
1730,CITY OF BURNSIDE,Female,Unknown,0,1,6
1731,CITY OF BURNSIDE,Female,Unknown,0,3,1
1732,CITY OF BURNSIDE,Female,Unknown,2,0,1
1733,CITY OF BURNSIDE,Male,>70,0,>5,2
1734,CITY OF BURNSIDE,Male,>70,0,1,19
1735,CITY OF BURNSIDE,Male,>70,0,2,1
1736,CITY OF BURNSIDE,Male,>70,1,0,212
1737,CITY OF BURNSIDE,Male,>70,1,1,4
1738,CITY OF BURNSIDE,Male,>70,2,0,22
1739,CITY OF BURNSIDE,Male,>70,3,0,1
1740,CITY OF BURNSIDE,Male,16-20,0,1,5
1741,CITY OF BURNSIDE,Male,16-20,1,0,2
1742,CITY OF BURNSIDE,Male,21-25,0,1,13
1743,CITY OF BURNSIDE,Male,21-25,1,0,30
1744,CITY OF BURNSIDE,Male,21-25,2,0,1
1745,CITY OF BURNSIDE,Male,26-30,0,1,15
1746,CITY OF BURNSIDE,Male,26-30,0,2,3
1747,CITY OF BURNSIDE,Male,26-30,1,0,43
1748,CITY OF BURNSIDE,Male,26-30,1,1,1
1749,CITY OF BURNSIDE,Male,26-30,2,0,4
1750,CITY OF BURNSIDE,Male,26-30,2,1,1
1751,CITY OF BURNSIDE,Male,31-35,0,1,15
1752,CITY OF BURNSIDE,Male,31-35,0,2,7
1753,CITY OF BURNSIDE,Male,31-35,1,0,77
1754,CITY OF BURNSIDE,Male,31-35,2,0,2
1755,CITY OF BURNSIDE,Male,31-35,2,3,1
1756,CITY OF BURNSIDE,Male,31-35,3,0,1
1757,CITY OF BURNSIDE,Male,36-40,0,1,10
1758,CITY OF BURNSIDE,Male,36-40,0,2,5
1759,CITY OF BURNSIDE,Male,36-40,1,0,85
1760,CITY OF BURNSIDE,Male,36-40,1,1,1
1761,CITY OF BURNSIDE,Male,36-40,2,0,8
1762,CITY OF BURNSIDE,Male,41-45,0,1,11
1763,CITY OF BURNSIDE,Male,41-45,0,2,9
1764,CITY OF BURNSIDE,Male,41-45,1,0,106
1765,CITY OF BURNSIDE,Male,41-45,1,1,3
1766,CITY OF BURNSIDE,Male,41-45,2,0,19
1767,CITY OF BURNSIDE,Male,46-50,0,1,19
1768,CITY OF BURNSIDE,Male,46-50,0,2,4
1769,CITY OF BURNSIDE,Male,46-50,0,3,1
1770,CITY OF BURNSIDE,Male,46-50,1,0,128
1771,CITY OF BURNSIDE,Male,46-50,1,1,2
1772,CITY OF BURNSIDE,Male,46-50,1,2,1
1773,CITY OF BURNSIDE,Male,46-50,2,0,17
1774,CITY OF BURNSIDE,Male,46-50,2,1,1
1775,CITY OF BURNSIDE,Male,46-50,3,0,4
1776,CITY OF BURNSIDE,Male,51-55,0,1,12
1777,CITY OF BURNSIDE,Male,51-55,0,2,9
1778,CITY OF BURNSIDE,Male,51-55,0,3,1
1779,CITY OF BURNSIDE,Male,51-55,1,0,151
1780,CITY OF BURNSIDE,Male,51-55,1,1,7
1781,CITY OF BURNSIDE,Male,51-55,1,2,2
1782,CITY OF BURNSIDE,Male,51-55,2,0,32
1783,CITY OF BURNSIDE,Male,51-55,2,1,3
1784,CITY OF BURNSIDE,Male,51-55,3,0,3
1785,CITY OF BURNSIDE,Male,56-60,0,1,7
1786,CITY OF BURNSIDE,Male,56-60,0,2,2
1787,CITY OF BURNSIDE,Male,56-60,1,0,139
1788,CITY OF BURNSIDE,Male,56-60,1,1,2
1789,CITY OF BURNSIDE,Male,56-60,2,0,17
1790,CITY OF BURNSIDE,Male,61-65,0,1,6
1791,CITY OF BURNSIDE,Male,61-65,0,2,6
1792,CITY OF BURNSIDE,Male,61-65,1,0,101
1793,CITY OF BURNSIDE,Male,61-65,1,1,2
1794,CITY OF BURNSIDE,Male,61-65,2,0,18
1795,CITY OF BURNSIDE,Male,61-65,3,0,2
1796,CITY OF BURNSIDE,Male,61-65,4,0,1
1797,CITY OF BURNSIDE,Male,66-70,0,1,9
1798,CITY OF BURNSIDE,Male,66-70,0,2,2
1799,CITY OF BURNSIDE,Male,66-70,1,0,81
1800,CITY OF BURNSIDE,Male,66-70,1,1,3
1801,CITY OF BURNSIDE,Male,66-70,2,0,15
1802,CITY OF BURNSIDE,Male,66-70,3,1,1
1803,CITY OF BURNSIDE,Male,Unknown,0,1,5
1804,CITY OF BURNSIDE,Male,Unknown,0,2,1
1805,CITY OF BURNSIDE,Male,Unknown,1,0,1
1806,CITY OF BURNSIDE,Other,>70,1,0,17
1807,CITY OF BURNSIDE,Other,>70,2,0,4
1808,CITY OF BURNSIDE,Other,21-25,1,0,1
1809,CITY OF BURNSIDE,Other,26-30,0,1,1
1810,CITY OF BURNSIDE,Other,31-35,1,0,5
1811,CITY OF BURNSIDE,Other,36-40,1,0,2
1812,CITY OF BURNSIDE,Other,36-40,2,0,1
1813,CITY OF BURNSIDE,Other,41-45,1,0,1
1814,CITY OF BURNSIDE,Other,46-50,1,0,6
1815,CITY OF BURNSIDE,Other,51-55,1,0,12
1816,CITY OF BURNSIDE,Other,51-55,2,0,1
1817,CITY OF BURNSIDE,Other,56-60,0,1,2
1818,CITY OF BURNSIDE,Other,56-60,1,0,8
1819,CITY OF BURNSIDE,Other,56-60,2,0,3
1820,CITY OF BURNSIDE,Other,61-65,1,0,4
1821,CITY OF BURNSIDE,Other,61-65,2,0,1
1822,CITY OF BURNSIDE,Other,66-70,1,0,5
1823,CITY OF BURNSIDE,Other,66-70,2,0,1
1824,CITY OF BURNSIDE,SUPPRESSED,Unknown,1,0,18
1825,CITY OF BURNSIDE,SUPPRESSED,Unknown,1,2,1
1826,CITY OF BURNSIDE,SUPPRESSED,Unknown,2,0,1
1827,CITY OF BURNSIDE,Unknown,>70,0,1,2
1828,CITY OF BURNSIDE,Unknown,21-25,0,1,1
1829,CITY OF BURNSIDE,Unknown,26-30,0,1,1
1830,CITY OF BURNSIDE,Unknown,26-30,1,0,1
1831,CITY OF BURNSIDE,Unknown,36-40,0,1,2
1832,CITY OF BURNSIDE,Unknown,41-45,0,1,2
1833,CITY OF BURNSIDE,Unknown,Unknown,0,1,153
1834,CITY OF BURNSIDE,Unknown,Unknown,0,2,20
1835,CITY OF BURNSIDE,Unknown,Unknown,0,3,1
1836,CITY OF BURNSIDE,Unknown,Unknown,0,4,1
1837,CITY OF BURNSIDE,Unknown,Unknown,1,0,1
1838,CITY OF CHARLES STURT,Female,>70,>5,0,1
1839,CITY OF CHARLES STURT,Female,>70,0,1,140
1840,CITY OF CHARLES STURT,Female,>70,0,2,39
1841,CITY OF CHARLES STURT,Female,>70,0,3,6
1842,CITY OF CHARLES STURT,Female,>70,0,4,1
1843,CITY OF CHARLES STURT,Female,>70,1,0,840
1844,CITY OF CHARLES STURT,Female,>70,1,1,19
1845,CITY OF CHARLES STURT,Female,>70,1,2,4
1846,CITY OF CHARLES STURT,Female,>70,2,0,111
1847,CITY OF CHARLES STURT,Female,>70,2,1,1
1848,CITY OF CHARLES STURT,Female,>70,2,4,1
1849,CITY OF CHARLES STURT,Female,>70,3,0,9
1850,CITY OF CHARLES STURT,Female,>70,3,1,1
1851,CITY OF CHARLES STURT,Female,16-20,0,1,17
1852,CITY OF CHARLES STURT,Female,16-20,0,2,4
1853,CITY OF CHARLES STURT,Female,16-20,1,0,19
1854,CITY OF CHARLES STURT,Female,16-20,1,2,1
1855,CITY OF CHARLES STURT,Female,16-20,3,0,1
1856,CITY OF CHARLES STURT,Female,21-25,0,>5,1
1857,CITY OF CHARLES STURT,Female,21-25,0,1,247
1858,CITY OF CHARLES STURT,Female,21-25,0,2,43
1859,CITY OF CHARLES STURT,Female,21-25,0,3,2
1860,CITY OF CHARLES STURT,Female,21-25,0,4,2
1861,CITY OF CHARLES STURT,Female,21-25,1,0,223
1862,CITY OF CHARLES STURT,Female,21-25,1,1,13
1863,CITY OF CHARLES STURT,Female,21-25,1,2,6
1864,CITY OF CHARLES STURT,Female,21-25,2,0,22
1865,CITY OF CHARLES STURT,Female,21-25,2,1,2
1866,CITY OF CHARLES STURT,Female,21-25,2,2,1
1867,CITY OF CHARLES STURT,Female,21-25,4,0,1
1868,CITY OF CHARLES STURT,Female,26-30,0,1,190
1869,CITY OF CHARLES STURT,Female,26-30,0,2,68
1870,CITY OF CHARLES STURT,Female,26-30,0,3,5
1871,CITY OF CHARLES STURT,Female,26-30,0,4,3
1872,CITY OF CHARLES STURT,Female,26-30,1,0,507
1873,CITY OF CHARLES STURT,Female,26-30,1,1,25
1874,CITY OF CHARLES STURT,Female,26-30,1,2,5
1875,CITY OF CHARLES STURT,Female,26-30,2,0,69
1876,CITY OF CHARLES STURT,Female,26-30,2,1,4
1877,CITY OF CHARLES STURT,Female,26-30,2,2,1
1878,CITY OF CHARLES STURT,Female,26-30,3,0,2
1879,CITY OF CHARLES STURT,Female,31-35,0,1,154
1880,CITY OF CHARLES STURT,Female,31-35,0,2,51
1881,CITY OF CHARLES STURT,Female,31-35,0,3,6
1882,CITY OF CHARLES STURT,Female,31-35,1,0,671
1883,CITY OF CHARLES STURT,Female,31-35,1,1,39
1884,CITY OF CHARLES STURT,Female,31-35,1,2,14
1885,CITY OF CHARLES STURT,Female,31-35,1,3,1
1886,CITY OF CHARLES STURT,Female,31-35,2,0,137
1887,CITY OF CHARLES STURT,Female,31-35,2,1,9
1888,CITY OF CHARLES STURT,Female,31-35,2,2,3
1889,CITY OF CHARLES STURT,Female,31-35,2,4,1
1890,CITY OF CHARLES STURT,Female,31-35,3,0,5
1891,CITY OF CHARLES STURT,Female,31-35,3,1,1
1892,CITY OF CHARLES STURT,Female,31-35,3,2,1
1893,CITY OF CHARLES STURT,Female,31-35,3,3,1
1894,CITY OF CHARLES STURT,Female,31-35,5,0,1
1895,CITY OF CHARLES STURT,Female,36-40,>5,0,2
1896,CITY OF CHARLES STURT,Female,36-40,0,>5,1
1897,CITY OF CHARLES STURT,Female,36-40,0,1,148
1898,CITY OF CHARLES STURT,Female,36-40,0,2,38
1899,CITY OF CHARLES STURT,Female,36-40,0,3,6
1900,CITY OF CHARLES STURT,Female,36-40,0,5,1
1901,CITY OF CHARLES STURT,Female,36-40,1,0,657
1902,CITY OF CHARLES STURT,Female,36-40,1,1,39
1903,CITY OF CHARLES STURT,Female,36-40,1,2,10
1904,CITY OF CHARLES STURT,Female,36-40,1,3,3
1905,CITY OF CHARLES STURT,Female,36-40,1,4,1
1906,CITY OF CHARLES STURT,Female,36-40,2,0,127
1907,CITY OF CHARLES STURT,Female,36-40,2,1,9
1908,CITY OF CHARLES STURT,Female,36-40,2,2,3
1909,CITY OF CHARLES STURT,Female,36-40,2,3,1
1910,CITY OF CHARLES STURT,Female,36-40,3,0,5
1911,CITY OF CHARLES STURT,Female,36-40,3,1,1
1912,CITY OF CHARLES STURT,Female,41-45,>5,0,1
1913,CITY OF CHARLES STURT,Female,41-45,0,>5,3
1914,CITY OF CHARLES STURT,Female,41-45,0,1,127
1915,CITY OF CHARLES STURT,Female,41-45,0,2,36
1916,CITY OF CHARLES STURT,Female,41-45,0,3,7
1917,CITY OF CHARLES STURT,Female,41-45,1,0,722
1918,CITY OF CHARLES STURT,Female,41-45,1,1,54
1919,CITY OF CHARLES STURT,Female,41-45,1,2,17
1920,CITY OF CHARLES STURT,Female,41-45,1,3,5
1921,CITY OF CHARLES STURT,Female,41-45,2,0,138
1922,CITY OF CHARLES STURT,Female,41-45,2,1,11
1923,CITY OF CHARLES STURT,Female,41-45,2,2,5
1924,CITY OF CHARLES STURT,Female,41-45,2,5,1
1925,CITY OF CHARLES STURT,Female,41-45,3,0,9
1926,CITY OF CHARLES STURT,Female,41-45,4,0,3
1927,CITY OF CHARLES STURT,Female,46-50,>5,0,1
1928,CITY OF CHARLES STURT,Female,46-50,0,1,119
1929,CITY OF CHARLES STURT,Female,46-50,0,2,61
1930,CITY OF CHARLES STURT,Female,46-50,0,3,5
1931,CITY OF CHARLES STURT,Female,46-50,0,4,2
1932,CITY OF CHARLES STURT,Female,46-50,0,5,1
1933,CITY OF CHARLES STURT,Female,46-50,1,0,735
1934,CITY OF CHARLES STURT,Female,46-50,1,1,60
1935,CITY OF CHARLES STURT,Female,46-50,1,2,15
1936,CITY OF CHARLES STURT,Female,46-50,1,3,3
1937,CITY OF CHARLES STURT,Female,46-50,2,0,145
1938,CITY OF CHARLES STURT,Female,46-50,2,1,10
1939,CITY OF CHARLES STURT,Female,46-50,2,2,5
1940,CITY OF CHARLES STURT,Female,46-50,2,3,1
1941,CITY OF CHARLES STURT,Female,46-50,3,0,9
1942,CITY OF CHARLES STURT,Female,46-50,3,1,4
1943,CITY OF CHARLES STURT,Female,46-50,3,2,1
1944,CITY OF CHARLES STURT,Female,46-50,4,0,2
1945,CITY OF CHARLES STURT,Female,46-50,4,1,1
1946,CITY OF CHARLES STURT,Female,51-55,0,1,104
1947,CITY OF CHARLES STURT,Female,51-55,0,2,44
1948,CITY OF CHARLES STURT,Female,51-55,0,3,7
1949,CITY OF CHARLES STURT,Female,51-55,0,4,5
1950,CITY OF CHARLES STURT,Female,51-55,1,0,853
1951,CITY OF CHARLES STURT,Female,51-55,1,1,49
1952,CITY OF CHARLES STURT,Female,51-55,1,2,14
1953,CITY OF CHARLES STURT,Female,51-55,1,3,5
1954,CITY OF CHARLES STURT,Female,51-55,1,4,1
1955,CITY OF CHARLES STURT,Female,51-55,1,5,1
1956,CITY OF CHARLES STURT,Female,51-55,2,0,206
1957,CITY OF CHARLES STURT,Female,51-55,2,1,20
1958,CITY OF CHARLES STURT,Female,51-55,2,2,3
1959,CITY OF CHARLES STURT,Female,51-55,3,0,13
1960,CITY OF CHARLES STURT,Female,51-55,3,1,2
1961,CITY OF CHARLES STURT,Female,51-55,4,0,4
1962,CITY OF CHARLES STURT,Female,51-55,5,0,2
1963,CITY OF CHARLES STURT,Female,56-60,0,>5,1
1964,CITY OF CHARLES STURT,Female,56-60,0,1,107
1965,CITY OF CHARLES STURT,Female,56-60,0,2,27
1966,CITY OF CHARLES STURT,Female,56-60,0,3,6
1967,CITY OF CHARLES STURT,Female,56-60,1,>5,1
1968,CITY OF CHARLES STURT,Female,56-60,1,0,763
1969,CITY OF CHARLES STURT,Female,56-60,1,1,36
1970,CITY OF CHARLES STURT,Female,56-60,1,2,11
1971,CITY OF CHARLES STURT,Female,56-60,1,3,1
1972,CITY OF CHARLES STURT,Female,56-60,1,4,1
1973,CITY OF CHARLES STURT,Female,56-60,2,0,175
1974,CITY OF CHARLES STURT,Female,56-60,2,1,11
1975,CITY OF CHARLES STURT,Female,56-60,2,2,7
1976,CITY OF CHARLES STURT,Female,56-60,2,5,1
1977,CITY OF CHARLES STURT,Female,56-60,3,0,17
1978,CITY OF CHARLES STURT,Female,56-60,3,2,1
1979,CITY OF CHARLES STURT,Female,56-60,4,0,1
1980,CITY OF CHARLES STURT,Female,61-65,0,1,86
1981,CITY OF CHARLES STURT,Female,61-65,0,2,25
1982,CITY OF CHARLES STURT,Female,61-65,0,3,2
1983,CITY OF CHARLES STURT,Female,61-65,1,0,662
1984,CITY OF CHARLES STURT,Female,61-65,1,1,29
1985,CITY OF CHARLES STURT,Female,61-65,1,2,9
1986,CITY OF CHARLES STURT,Female,61-65,1,3,4
1987,CITY OF CHARLES STURT,Female,61-65,2,0,114
1988,CITY OF CHARLES STURT,Female,61-65,2,1,3
1989,CITY OF CHARLES STURT,Female,61-65,2,2,2
1990,CITY OF CHARLES STURT,Female,61-65,2,3,1
1991,CITY OF CHARLES STURT,Female,61-65,3,0,7
1992,CITY OF CHARLES STURT,Female,61-65,4,0,2
1993,CITY OF CHARLES STURT,Female,66-70,0,>5,1
1994,CITY OF CHARLES STURT,Female,66-70,0,1,75
1995,CITY OF CHARLES STURT,Female,66-70,0,2,19
1996,CITY OF CHARLES STURT,Female,66-70,0,3,2
1997,CITY OF CHARLES STURT,Female,66-70,1,0,465
1998,CITY OF CHARLES STURT,Female,66-70,1,1,15
1999,CITY OF CHARLES STURT,Female,66-70,1,2,3
2000,CITY OF CHARLES STURT,Female,66-70,2,0,88
2001,CITY OF CHARLES STURT,Female,66-70,2,1,3
2002,CITY OF CHARLES STURT,Female,66-70,3,0,7
2003,CITY OF CHARLES STURT,Female,66-70,3,1,1
2004,CITY OF CHARLES STURT,Female,66-70,4,0,1
2005,CITY OF CHARLES STURT,Female,Unknown,0,1,52
2006,CITY OF CHARLES STURT,Female,Unknown,0,2,8
2007,CITY OF CHARLES STURT,Female,Unknown,0,3,2
2008,CITY OF CHARLES STURT,Female,Unknown,0,4,3
2009,CITY OF CHARLES STURT,Female,Unknown,0,5,1
2010,CITY OF CHARLES STURT,Female,Unknown,1,0,8
2011,CITY OF CHARLES STURT,Male,>70,0,1,44
2012,CITY OF CHARLES STURT,Male,>70,0,2,10
2013,CITY OF CHARLES STURT,Male,>70,1,0,521
2014,CITY OF CHARLES STURT,Male,>70,1,1,6
2015,CITY OF CHARLES STURT,Male,>70,1,2,2
2016,CITY OF CHARLES STURT,Male,>70,2,0,58
2017,CITY OF CHARLES STURT,Male,>70,3,0,5
2018,CITY OF CHARLES STURT,Male,>70,4,0,2
2019,CITY OF CHARLES STURT,Male,>70,5,0,1
2020,CITY OF CHARLES STURT,Male,16-20,0,1,3
2021,CITY OF CHARLES STURT,Male,16-20,1,0,13
2022,CITY OF CHARLES STURT,Male,21-25,0,1,88
2023,CITY OF CHARLES STURT,Male,21-25,0,2,9
2024,CITY OF CHARLES STURT,Male,21-25,0,3,1
2025,CITY OF CHARLES STURT,Male,21-25,1,0,108
2026,CITY OF CHARLES STURT,Male,21-25,1,1,3
2027,CITY OF CHARLES STURT,Male,21-25,2,0,2
2028,CITY OF CHARLES STURT,Male,21-25,2,1,1
2029,CITY OF CHARLES STURT,Male,26-30,0,1,92
2030,CITY OF CHARLES STURT,Male,26-30,0,2,15
2031,CITY OF CHARLES STURT,Male,26-30,0,3,1
2032,CITY OF CHARLES STURT,Male,26-30,1,0,287
2033,CITY OF CHARLES STURT,Male,26-30,1,1,6
2034,CITY OF CHARLES STURT,Male,26-30,2,0,27
2035,CITY OF CHARLES STURT,Male,26-30,2,1,1
2036,CITY OF CHARLES STURT,Male,26-30,3,0,3
2037,CITY OF CHARLES STURT,Male,31-35,>5,0,1
2038,CITY OF CHARLES STURT,Male,31-35,0,1,77
2039,CITY OF CHARLES STURT,Male,31-35,0,2,20
2040,CITY OF CHARLES STURT,Male,31-35,0,3,2
2041,CITY OF CHARLES STURT,Male,31-35,1,0,452
2042,CITY OF CHARLES STURT,Male,31-35,1,1,7
2043,CITY OF CHARLES STURT,Male,31-35,1,2,6
2044,CITY OF CHARLES STURT,Male,31-35,2,0,61
2045,CITY OF CHARLES STURT,Male,31-35,4,1,1
2046,CITY OF CHARLES STURT,Male,36-40,0,1,51
2047,CITY OF CHARLES STURT,Male,36-40,0,2,7
2048,CITY OF CHARLES STURT,Male,36-40,0,3,3
2049,CITY OF CHARLES STURT,Male,36-40,1,0,454
2050,CITY OF CHARLES STURT,Male,36-40,1,1,11
2051,CITY OF CHARLES STURT,Male,36-40,2,0,59
2052,CITY OF CHARLES STURT,Male,41-45,0,1,32
2053,CITY OF CHARLES STURT,Male,41-45,0,2,12
2054,CITY OF CHARLES STURT,Male,41-45,0,3,1
2055,CITY OF CHARLES STURT,Male,41-45,0,5,1
2056,CITY OF CHARLES STURT,Male,41-45,1,0,382
2057,CITY OF CHARLES STURT,Male,41-45,1,1,15
2058,CITY OF CHARLES STURT,Male,41-45,1,2,4
2059,CITY OF CHARLES STURT,Male,41-45,1,4,1
2060,CITY OF CHARLES STURT,Male,41-45,2,0,42
2061,CITY OF CHARLES STURT,Male,41-45,2,1,3
2062,CITY OF CHARLES STURT,Male,41-45,3,0,6
2063,CITY OF CHARLES STURT,Male,41-45,4,0,1
2064,CITY OF CHARLES STURT,Male,46-50,0,1,39
2065,CITY OF CHARLES STURT,Male,46-50,0,2,10
2066,CITY OF CHARLES STURT,Male,46-50,0,3,1
2067,CITY OF CHARLES STURT,Male,46-50,0,4,1
2068,CITY OF CHARLES STURT,Male,46-50,1,0,371
2069,CITY OF CHARLES STURT,Male,46-50,1,1,10
2070,CITY OF CHARLES STURT,Male,46-50,1,2,2
2071,CITY OF CHARLES STURT,Male,46-50,1,5,1
2072,CITY OF CHARLES STURT,Male,46-50,2,0,57
2073,CITY OF CHARLES STURT,Male,46-50,2,1,2
2074,CITY OF CHARLES STURT,Male,46-50,2,2,1
2075,CITY OF CHARLES STURT,Male,46-50,3,0,5
2076,CITY OF CHARLES STURT,Male,46-50,3,1,1
2077,CITY OF CHARLES STURT,Male,46-50,4,0,1
2078,CITY OF CHARLES STURT,Male,46-50,5,0,1
2079,CITY OF CHARLES STURT,Male,51-55,0,1,52
2080,CITY OF CHARLES STURT,Male,51-55,0,2,15
2081,CITY OF CHARLES STURT,Male,51-55,0,3,1
2082,CITY OF CHARLES STURT,Male,51-55,1,0,429
2083,CITY OF CHARLES STURT,Male,51-55,1,1,10
2084,CITY OF CHARLES STURT,Male,51-55,1,2,6
2085,CITY OF CHARLES STURT,Male,51-55,2,0,82
2086,CITY OF CHARLES STURT,Male,51-55,2,1,2
2087,CITY OF CHARLES STURT,Male,51-55,3,0,3
2088,CITY OF CHARLES STURT,Male,51-55,3,1,1
2089,CITY OF CHARLES STURT,Male,56-60,0,>5,1
2090,CITY OF CHARLES STURT,Male,56-60,0,1,29
2091,CITY OF CHARLES STURT,Male,56-60,0,2,15
2092,CITY OF CHARLES STURT,Male,56-60,0,3,1
2093,CITY OF CHARLES STURT,Male,56-60,1,0,415
2094,CITY OF CHARLES STURT,Male,56-60,1,1,16
2095,CITY OF CHARLES STURT,Male,56-60,1,2,2
2096,CITY OF CHARLES STURT,Male,56-60,2,0,52
2097,CITY OF CHARLES STURT,Male,56-60,2,1,2
2098,CITY OF CHARLES STURT,Male,56-60,3,0,5
2099,CITY OF CHARLES STURT,Male,56-60,3,1,1
2100,CITY OF CHARLES STURT,Male,56-60,4,0,1
2101,CITY OF CHARLES STURT,Male,56-60,4,1,1
2102,CITY OF CHARLES STURT,Male,61-65,0,1,35
2103,CITY OF CHARLES STURT,Male,61-65,0,2,3
2104,CITY OF CHARLES STURT,Male,61-65,1,0,327
2105,CITY OF CHARLES STURT,Male,61-65,1,1,4
2106,CITY OF CHARLES STURT,Male,61-65,1,2,2
2107,CITY OF CHARLES STURT,Male,61-65,2,0,52
2108,CITY OF CHARLES STURT,Male,61-65,2,3,1
2109,CITY OF CHARLES STURT,Male,61-65,3,0,5
2110,CITY OF CHARLES STURT,Male,61-65,4,0,3
2111,CITY OF CHARLES STURT,Male,66-70,0,1,26
2112,CITY OF CHARLES STURT,Male,66-70,0,2,6
2113,CITY OF CHARLES STURT,Male,66-70,0,4,1
2114,CITY OF CHARLES STURT,Male,66-70,1,0,258
2115,CITY OF CHARLES STURT,Male,66-70,1,1,2
2116,CITY OF CHARLES STURT,Male,66-70,2,0,44
2117,CITY OF CHARLES STURT,Male,66-70,2,1,1
2118,CITY OF CHARLES STURT,Male,66-70,3,0,4
2119,CITY OF CHARLES STURT,Male,66-70,5,0,1
2120,CITY OF CHARLES STURT,Male,Unknown,0,1,25
2121,CITY OF CHARLES STURT,Male,Unknown,0,2,6
2122,CITY OF CHARLES STURT,Male,Unknown,0,3,1
2123,CITY OF CHARLES STURT,Male,Unknown,1,0,1
2124,CITY OF CHARLES STURT,Other,>70,0,1,2
2125,CITY OF CHARLES STURT,Other,>70,0,2,1
2126,CITY OF CHARLES STURT,Other,>70,1,0,19
2127,CITY OF CHARLES STURT,Other,>70,1,1,2
2128,CITY OF CHARLES STURT,Other,>70,2,0,3
2129,CITY OF CHARLES STURT,Other,16-20,0,1,1
2130,CITY OF CHARLES STURT,Other,21-25,0,1,2
2131,CITY OF CHARLES STURT,Other,21-25,1,0,8
2132,CITY OF CHARLES STURT,Other,21-25,1,1,1
2133,CITY OF CHARLES STURT,Other,26-30,0,1,4
2134,CITY OF CHARLES STURT,Other,26-30,0,3,1
2135,CITY OF CHARLES STURT,Other,26-30,1,0,3
2136,CITY OF CHARLES STURT,Other,26-30,1,1,3
2137,CITY OF CHARLES STURT,Other,31-35,0,1,1
2138,CITY OF CHARLES STURT,Other,31-35,1,0,10
2139,CITY OF CHARLES STURT,Other,31-35,1,1,1
2140,CITY OF CHARLES STURT,Other,36-40,0,1,2
2141,CITY OF CHARLES STURT,Other,36-40,0,2,1
2142,CITY OF CHARLES STURT,Other,36-40,1,0,4
2143,CITY OF CHARLES STURT,Other,36-40,2,0,1
2144,CITY OF CHARLES STURT,Other,41-45,0,1,2
2145,CITY OF CHARLES STURT,Other,41-45,1,0,11
2146,CITY OF CHARLES STURT,Other,41-45,2,1,1
2147,CITY OF CHARLES STURT,Other,41-45,3,0,1
2148,CITY OF CHARLES STURT,Other,46-50,0,1,2
2149,CITY OF CHARLES STURT,Other,46-50,1,0,7
2150,CITY OF CHARLES STURT,Other,46-50,2,0,2
2151,CITY OF CHARLES STURT,Other,51-55,0,1,1
2152,CITY OF CHARLES STURT,Other,51-55,0,2,1
2153,CITY OF CHARLES STURT,Other,51-55,1,0,11
2154,CITY OF CHARLES STURT,Other,51-55,2,0,1
2155,CITY OF CHARLES STURT,Other,56-60,0,1,1
2156,CITY OF CHARLES STURT,Other,56-60,0,2,1
2157,CITY OF CHARLES STURT,Other,56-60,1,0,6
2158,CITY OF CHARLES STURT,Other,56-60,2,0,2
2159,CITY OF CHARLES STURT,Other,61-65,1,0,13
2160,CITY OF CHARLES STURT,Other,61-65,1,1,2
2161,CITY OF CHARLES STURT,Other,61-65,2,0,1
2162,CITY OF CHARLES STURT,Other,66-70,1,0,7
2163,CITY OF CHARLES STURT,Other,66-70,2,0,2
2164,CITY OF CHARLES STURT,Other,Unknown,0,1,1
2165,CITY OF CHARLES STURT,SUPPRESSED,Unknown,0,1,4
2166,CITY OF CHARLES STURT,SUPPRESSED,Unknown,0,4,1
2167,CITY OF CHARLES STURT,SUPPRESSED,Unknown,1,0,52
2168,CITY OF CHARLES STURT,SUPPRESSED,Unknown,1,1,7
2169,CITY OF CHARLES STURT,SUPPRESSED,Unknown,1,2,2
2170,CITY OF CHARLES STURT,SUPPRESSED,Unknown,1,4,1
2171,CITY OF CHARLES STURT,SUPPRESSED,Unknown,2,0,14
2172,CITY OF CHARLES STURT,SUPPRESSED,Unknown,2,1,2
2173,CITY OF CHARLES STURT,SUPPRESSED,Unknown,2,2,2
2174,CITY OF CHARLES STURT,Unknown,>70,0,1,1
2175,CITY OF CHARLES STURT,Unknown,21-25,0,1,3
2176,CITY OF CHARLES STURT,Unknown,21-25,0,2,1
2177,CITY OF CHARLES STURT,Unknown,26-30,0,1,3
2178,CITY OF CHARLES STURT,Unknown,26-30,0,2,2
2179,CITY OF CHARLES STURT,Unknown,31-35,0,1,3
2180,CITY OF CHARLES STURT,Unknown,31-35,0,2,1
2181,CITY OF CHARLES STURT,Unknown,36-40,0,1,1
2182,CITY OF CHARLES STURT,Unknown,36-40,0,2,1
2183,CITY OF CHARLES STURT,Unknown,41-45,0,1,3
2184,CITY OF CHARLES STURT,Unknown,51-55,0,1,6
2185,CITY OF CHARLES STURT,Unknown,51-55,0,2,1
2186,CITY OF CHARLES STURT,Unknown,56-60,0,1,2
2187,CITY OF CHARLES STURT,Unknown,61-65,0,1,1
2188,CITY OF CHARLES STURT,Unknown,66-70,0,1,1
2189,CITY OF CHARLES STURT,Unknown,66-70,0,2,1
2190,CITY OF CHARLES STURT,Unknown,Unknown,0,1,257
2191,CITY OF CHARLES STURT,Unknown,Unknown,0,2,26
2192,CITY OF CHARLES STURT,Unknown,Unknown,0,3,3
2193,CITY OF CHARLES STURT,Unknown,Unknown,0,5,2
2194,CITY OF HOLDFAST BAY,Female,>70,0,1,57
2195,CITY OF HOLDFAST BAY,Female,>70,0,2,10
2196,CITY OF HOLDFAST BAY,Female,>70,0,3,1
2197,CITY OF HOLDFAST BAY,Female,>70,0,4,1
2198,CITY OF HOLDFAST BAY,Female,>70,1,0,359
2199,CITY OF HOLDFAST BAY,Female,>70,1,1,7
2200,CITY OF HOLDFAST BAY,Female,>70,1,2,1
2201,CITY OF HOLDFAST BAY,Female,>70,2,0,37
2202,CITY OF HOLDFAST BAY,Female,>70,2,1,2
2203,CITY OF HOLDFAST BAY,Female,>70,2,2,1
2204,CITY OF HOLDFAST BAY,Female,>70,3,0,1
2205,CITY OF HOLDFAST BAY,Female,>70,3,2,1
2206,CITY OF HOLDFAST BAY,Female,>70,4,0,1
2207,CITY OF HOLDFAST BAY,Female,16-20,0,1,5
2208,CITY OF HOLDFAST BAY,Female,16-20,0,2,3
2209,CITY OF HOLDFAST BAY,Female,16-20,1,0,9
2210,CITY OF HOLDFAST BAY,Female,16-20,1,1,1
2211,CITY OF HOLDFAST BAY,Female,16-20,2,0,1
2212,CITY OF HOLDFAST BAY,Female,21-25,0,1,41
2213,CITY OF HOLDFAST BAY,Female,21-25,0,2,15
2214,CITY OF HOLDFAST BAY,Female,21-25,1,0,46
2215,CITY OF HOLDFAST BAY,Female,21-25,1,1,3
2216,CITY OF HOLDFAST BAY,Female,21-25,2,0,4
2217,CITY OF HOLDFAST BAY,Female,21-25,2,2,1
2218,CITY OF HOLDFAST BAY,Female,21-25,3,0,1
2219,CITY OF HOLDFAST BAY,Female,26-30,0,1,29
2220,CITY OF HOLDFAST BAY,Female,26-30,0,2,10
2221,CITY OF HOLDFAST BAY,Female,26-30,1,0,109
2222,CITY OF HOLDFAST BAY,Female,26-30,1,1,1
2223,CITY OF HOLDFAST BAY,Female,26-30,1,3,1
2224,CITY OF HOLDFAST BAY,Female,26-30,2,0,13
2225,CITY OF HOLDFAST BAY,Female,31-35,0,1,32
2226,CITY OF HOLDFAST BAY,Female,31-35,0,2,9
2227,CITY OF HOLDFAST BAY,Female,31-35,0,3,2
2228,CITY OF HOLDFAST BAY,Female,31-35,1,0,165
2229,CITY OF HOLDFAST BAY,Female,31-35,1,1,9
2230,CITY OF HOLDFAST BAY,Female,31-35,2,0,32
2231,CITY OF HOLDFAST BAY,Female,31-35,2,1,2
2232,CITY OF HOLDFAST BAY,Female,36-40,0,1,30
2233,CITY OF HOLDFAST BAY,Female,36-40,0,2,9
2234,CITY OF HOLDFAST BAY,Female,36-40,0,3,1
2235,CITY OF HOLDFAST BAY,Female,36-40,1,0,187
2236,CITY OF HOLDFAST BAY,Female,36-40,1,1,9
2237,CITY OF HOLDFAST BAY,Female,36-40,1,2,1
2238,CITY OF HOLDFAST BAY,Female,36-40,2,0,35
2239,CITY OF HOLDFAST BAY,Female,36-40,2,1,1
2240,CITY OF HOLDFAST BAY,Female,36-40,3,0,1
2241,CITY OF HOLDFAST BAY,Female,41-45,0,1,30
2242,CITY OF HOLDFAST BAY,Female,41-45,0,2,8
2243,CITY OF HOLDFAST BAY,Female,41-45,0,4,1
2244,CITY OF HOLDFAST BAY,Female,41-45,0,5,1
2245,CITY OF HOLDFAST BAY,Female,41-45,1,0,254
2246,CITY OF HOLDFAST BAY,Female,41-45,1,1,12
2247,CITY OF HOLDFAST BAY,Female,41-45,1,2,3
2248,CITY OF HOLDFAST BAY,Female,41-45,2,0,40
2249,CITY OF HOLDFAST BAY,Female,41-45,2,1,3
2250,CITY OF HOLDFAST BAY,Female,41-45,3,0,5
2251,CITY OF HOLDFAST BAY,Female,46-50,0,1,31
2252,CITY OF HOLDFAST BAY,Female,46-50,0,2,19
2253,CITY OF HOLDFAST BAY,Female,46-50,0,4,1
2254,CITY OF HOLDFAST BAY,Female,46-50,1,>5,1
2255,CITY OF HOLDFAST BAY,Female,46-50,1,0,282
2256,CITY OF HOLDFAST BAY,Female,46-50,1,1,14
2257,CITY OF HOLDFAST BAY,Female,46-50,1,2,4
2258,CITY OF HOLDFAST BAY,Female,46-50,2,0,64
2259,CITY OF HOLDFAST BAY,Female,46-50,2,1,5
2260,CITY OF HOLDFAST BAY,Female,46-50,2,2,3
2261,CITY OF HOLDFAST BAY,Female,46-50,3,0,4
2262,CITY OF HOLDFAST BAY,Female,46-50,3,1,1
2263,CITY OF HOLDFAST BAY,Female,51-55,>5,0,1
2264,CITY OF HOLDFAST BAY,Female,51-55,0,1,34
2265,CITY OF HOLDFAST BAY,Female,51-55,0,2,22
2266,CITY OF HOLDFAST BAY,Female,51-55,0,3,2
2267,CITY OF HOLDFAST BAY,Female,51-55,1,0,309
2268,CITY OF HOLDFAST BAY,Female,51-55,1,1,18
2269,CITY OF HOLDFAST BAY,Female,51-55,1,2,4
2270,CITY OF HOLDFAST BAY,Female,51-55,2,0,86
2271,CITY OF HOLDFAST BAY,Female,51-55,2,1,6
2272,CITY OF HOLDFAST BAY,Female,51-55,2,2,2
2273,CITY OF HOLDFAST BAY,Female,51-55,2,4,1
2274,CITY OF HOLDFAST BAY,Female,51-55,3,0,7
2275,CITY OF HOLDFAST BAY,Female,51-55,3,1,1
2276,CITY OF HOLDFAST BAY,Female,56-60,0,1,24
2277,CITY OF HOLDFAST BAY,Female,56-60,0,2,7
2278,CITY OF HOLDFAST BAY,Female,56-60,0,3,1
2279,CITY OF HOLDFAST BAY,Female,56-60,0,4,1
2280,CITY OF HOLDFAST BAY,Female,56-60,1,0,282
2281,CITY OF HOLDFAST BAY,Female,56-60,1,1,8
2282,CITY OF HOLDFAST BAY,Female,56-60,1,2,7
2283,CITY OF HOLDFAST BAY,Female,56-60,1,3,1
2284,CITY OF HOLDFAST BAY,Female,56-60,2,0,72
2285,CITY OF HOLDFAST BAY,Female,56-60,2,1,4
2286,CITY OF HOLDFAST BAY,Female,56-60,2,3,1
2287,CITY OF HOLDFAST BAY,Female,56-60,3,0,6
2288,CITY OF HOLDFAST BAY,Female,56-60,4,0,1
2289,CITY OF HOLDFAST BAY,Female,61-65,0,1,26
2290,CITY OF HOLDFAST BAY,Female,61-65,0,2,11
2291,CITY OF HOLDFAST BAY,Female,61-65,0,3,1
2292,CITY OF HOLDFAST BAY,Female,61-65,1,0,265
2293,CITY OF HOLDFAST BAY,Female,61-65,1,1,6
2294,CITY OF HOLDFAST BAY,Female,61-65,2,0,53
2295,CITY OF HOLDFAST BAY,Female,61-65,2,1,2
2296,CITY OF HOLDFAST BAY,Female,61-65,2,2,2
2297,CITY OF HOLDFAST BAY,Female,61-65,3,0,3
2298,CITY OF HOLDFAST BAY,Female,66-70,0,1,27
2299,CITY OF HOLDFAST BAY,Female,66-70,0,2,5
2300,CITY OF HOLDFAST BAY,Female,66-70,1,0,201
2301,CITY OF HOLDFAST BAY,Female,66-70,1,1,5
2302,CITY OF HOLDFAST BAY,Female,66-70,2,0,41
2303,CITY OF HOLDFAST BAY,Female,66-70,2,1,1
2304,CITY OF HOLDFAST BAY,Female,66-70,3,0,3
2305,CITY OF HOLDFAST BAY,Female,Unknown,0,1,15
2306,CITY OF HOLDFAST BAY,Female,Unknown,0,2,2
2307,CITY OF HOLDFAST BAY,Female,Unknown,1,0,10
2308,CITY OF HOLDFAST BAY,Female,Unknown,2,0,1
2309,CITY OF HOLDFAST BAY,Male,>70,0,1,16
2310,CITY OF HOLDFAST BAY,Male,>70,0,2,2
2311,CITY OF HOLDFAST BAY,Male,>70,1,0,224
2312,CITY OF HOLDFAST BAY,Male,>70,1,1,2
2313,CITY OF HOLDFAST BAY,Male,>70,1,2,1
2314,CITY OF HOLDFAST BAY,Male,>70,2,0,28
2315,CITY OF HOLDFAST BAY,Male,>70,2,1,1
2316,CITY OF HOLDFAST BAY,Male,>70,4,0,1
2317,CITY OF HOLDFAST BAY,Male,21-25,0,1,7
2318,CITY OF HOLDFAST BAY,Male,21-25,1,0,18
2319,CITY OF HOLDFAST BAY,Male,21-25,2,0,2
2320,CITY OF HOLDFAST BAY,Male,26-30,0,1,19
2321,CITY OF HOLDFAST BAY,Male,26-30,0,2,3
2322,CITY OF HOLDFAST BAY,Male,26-30,1,0,55
2323,CITY OF HOLDFAST BAY,Male,26-30,1,1,2
2324,CITY OF HOLDFAST BAY,Male,26-30,2,0,1
2325,CITY OF HOLDFAST BAY,Male,26-30,2,1,1
2326,CITY OF HOLDFAST BAY,Male,31-35,0,1,14
2327,CITY OF HOLDFAST BAY,Male,31-35,0,2,3
2328,CITY OF HOLDFAST BAY,Male,31-35,1,0,86
2329,CITY OF HOLDFAST BAY,Male,31-35,2,0,17
2330,CITY OF HOLDFAST BAY,Male,36-40,0,1,16
2331,CITY OF HOLDFAST BAY,Male,36-40,0,2,2
2332,CITY OF HOLDFAST BAY,Male,36-40,1,0,125
2333,CITY OF HOLDFAST BAY,Male,36-40,1,1,1
2334,CITY OF HOLDFAST BAY,Male,36-40,2,0,12
2335,CITY OF HOLDFAST BAY,Male,41-45,0,1,15
2336,CITY OF HOLDFAST BAY,Male,41-45,0,2,3
2337,CITY OF HOLDFAST BAY,Male,41-45,0,3,1
2338,CITY OF HOLDFAST BAY,Male,41-45,1,0,125
2339,CITY OF HOLDFAST BAY,Male,41-45,1,1,3
2340,CITY OF HOLDFAST BAY,Male,41-45,1,2,2
2341,CITY OF HOLDFAST BAY,Male,41-45,2,0,19
2342,CITY OF HOLDFAST BAY,Male,41-45,2,1,1
2343,CITY OF HOLDFAST BAY,Male,41-45,3,0,1
2344,CITY OF HOLDFAST BAY,Male,46-50,0,1,10
2345,CITY OF HOLDFAST BAY,Male,46-50,0,2,5
2346,CITY OF HOLDFAST BAY,Male,46-50,1,0,133
2347,CITY OF HOLDFAST BAY,Male,46-50,1,1,6
2348,CITY OF HOLDFAST BAY,Male,46-50,1,2,1
2349,CITY OF HOLDFAST BAY,Male,46-50,2,0,23
2350,CITY OF HOLDFAST BAY,Male,46-50,2,1,2
2351,CITY OF HOLDFAST BAY,Male,51-55,0,1,13
2352,CITY OF HOLDFAST BAY,Male,51-55,0,2,3
2353,CITY OF HOLDFAST BAY,Male,51-55,1,0,141
2354,CITY OF HOLDFAST BAY,Male,51-55,1,1,3
2355,CITY OF HOLDFAST BAY,Male,51-55,1,2,2
2356,CITY OF HOLDFAST BAY,Male,51-55,2,0,30
2357,CITY OF HOLDFAST BAY,Male,51-55,3,0,1
2358,CITY OF HOLDFAST BAY,Male,56-60,0,1,4
2359,CITY OF HOLDFAST BAY,Male,56-60,0,2,4
2360,CITY OF HOLDFAST BAY,Male,56-60,1,0,118
2361,CITY OF HOLDFAST BAY,Male,56-60,1,1,1
2362,CITY OF HOLDFAST BAY,Male,56-60,1,2,1
2363,CITY OF HOLDFAST BAY,Male,56-60,2,0,21
2364,CITY OF HOLDFAST BAY,Male,56-60,2,1,4
2365,CITY OF HOLDFAST BAY,Male,56-60,3,0,1
2366,CITY OF HOLDFAST BAY,Male,61-65,0,1,13
2367,CITY OF HOLDFAST BAY,Male,61-65,0,2,2
2368,CITY OF HOLDFAST BAY,Male,61-65,1,0,110
2369,CITY OF HOLDFAST BAY,Male,61-65,1,1,6
2370,CITY OF HOLDFAST BAY,Male,61-65,2,0,20
2371,CITY OF HOLDFAST BAY,Male,61-65,2,1,1
2372,CITY OF HOLDFAST BAY,Male,61-65,2,2,1
2373,CITY OF HOLDFAST BAY,Male,61-65,3,0,3
2374,CITY OF HOLDFAST BAY,Male,61-65,4,0,1
2375,CITY OF HOLDFAST BAY,Male,61-65,5,0,1
2376,CITY OF HOLDFAST BAY,Male,66-70,0,1,6
2377,CITY OF HOLDFAST BAY,Male,66-70,0,2,1
2378,CITY OF HOLDFAST BAY,Male,66-70,1,0,110
2379,CITY OF HOLDFAST BAY,Male,66-70,1,1,4
2380,CITY OF HOLDFAST BAY,Male,66-70,1,2,2
2381,CITY OF HOLDFAST BAY,Male,66-70,2,0,11
2382,CITY OF HOLDFAST BAY,Male,66-70,3,0,1
2383,CITY OF HOLDFAST BAY,Male,Unknown,0,1,3
2384,CITY OF HOLDFAST BAY,Male,Unknown,0,2,1
2385,CITY OF HOLDFAST BAY,Male,Unknown,1,0,6
2386,CITY OF HOLDFAST BAY,Other,>70,0,1,1
2387,CITY OF HOLDFAST BAY,Other,>70,1,0,19
2388,CITY OF HOLDFAST BAY,Other,>70,2,0,1
2389,CITY OF HOLDFAST BAY,Other,>70,3,1,1
2390,CITY OF HOLDFAST BAY,Other,16-20,1,0,1
2391,CITY OF HOLDFAST BAY,Other,21-25,0,1,1
2392,CITY OF HOLDFAST BAY,Other,21-25,0,2,1
2393,CITY OF HOLDFAST BAY,Other,26-30,0,1,1
2394,CITY OF HOLDFAST BAY,Other,31-35,0,1,2
2395,CITY OF HOLDFAST BAY,Other,31-35,1,0,5
2396,CITY OF HOLDFAST BAY,Other,36-40,1,0,3
2397,CITY OF HOLDFAST BAY,Other,36-40,2,1,1
2398,CITY OF HOLDFAST BAY,Other,41-45,0,1,1
2399,CITY OF HOLDFAST BAY,Other,41-45,0,2,1
2400,CITY OF HOLDFAST BAY,Other,41-45,1,0,3
2401,CITY OF HOLDFAST BAY,Other,41-45,1,1,1
2402,CITY OF HOLDFAST BAY,Other,41-45,2,0,2
2403,CITY OF HOLDFAST BAY,Other,46-50,1,0,2
2404,CITY OF HOLDFAST BAY,Other,46-50,1,1,1
2405,CITY OF HOLDFAST BAY,Other,46-50,2,0,6
2406,CITY OF HOLDFAST BAY,Other,51-55,1,0,14
2407,CITY OF HOLDFAST BAY,Other,51-55,2,0,1
2408,CITY OF HOLDFAST BAY,Other,56-60,1,0,17
2409,CITY OF HOLDFAST BAY,Other,56-60,2,0,2
2410,CITY OF HOLDFAST BAY,Other,61-65,0,2,1
2411,CITY OF HOLDFAST BAY,Other,61-65,1,0,4
2412,CITY OF HOLDFAST BAY,Other,61-65,1,1,2
2413,CITY OF HOLDFAST BAY,Other,61-65,2,0,1
2414,CITY OF HOLDFAST BAY,Other,66-70,0,2,1
2415,CITY OF HOLDFAST BAY,Other,66-70,1,0,14
2416,CITY OF HOLDFAST BAY,Other,66-70,2,0,1
2417,CITY OF HOLDFAST BAY,Other,Unknown,0,1,1
2418,CITY OF HOLDFAST BAY,Other,Unknown,1,0,7
2419,CITY OF HOLDFAST BAY,SUPPRESSED,Unknown,0,1,1
2420,CITY OF HOLDFAST BAY,SUPPRESSED,Unknown,1,0,13
2421,CITY OF HOLDFAST BAY,SUPPRESSED,Unknown,2,0,3
2422,CITY OF HOLDFAST BAY,SUPPRESSED,Unknown,2,2,1
2423,CITY OF HOLDFAST BAY,Unknown,>70,0,1,2
2424,CITY OF HOLDFAST BAY,Unknown,21-25,0,1,2
2425,CITY OF HOLDFAST BAY,Unknown,21-25,1,0,1
2426,CITY OF HOLDFAST BAY,Unknown,31-35,0,1,5
2427,CITY OF HOLDFAST BAY,Unknown,36-40,0,1,1
2428,CITY OF HOLDFAST BAY,Unknown,46-50,1,0,2
2429,CITY OF HOLDFAST BAY,Unknown,51-55,0,1,1
2430,CITY OF HOLDFAST BAY,Unknown,56-60,1,0,1
2431,CITY OF HOLDFAST BAY,Unknown,61-65,0,1,2
2432,CITY OF HOLDFAST BAY,Unknown,66-70,0,1,1
2433,CITY OF HOLDFAST BAY,Unknown,Unknown,0,1,99
2434,CITY OF HOLDFAST BAY,Unknown,Unknown,0,2,7
2435,CITY OF HOLDFAST BAY,Unknown,Unknown,1,0,17
2436,CITY OF HOLDFAST BAY,Unknown,Unknown,1,1,1
2437,CITY OF MARION,Female,>70,0,>5,2
2438,CITY OF MARION,Female,>70,0,1,105
2439,CITY OF MARION,Female,>70,0,2,15
2440,CITY OF MARION,Female,>70,0,3,2
2441,CITY OF MARION,Female,>70,0,4,1
2442,CITY OF MARION,Female,>70,1,0,682
2443,CITY OF MARION,Female,>70,1,1,18
2444,CITY OF MARION,Female,>70,1,2,4
2445,CITY OF MARION,Female,>70,1,3,1
2446,CITY OF MARION,Female,>70,2,0,88
2447,CITY OF MARION,Female,>70,2,1,2
2448,CITY OF MARION,Female,>70,2,2,1
2449,CITY OF MARION,Female,>70,2,3,1
2450,CITY OF MARION,Female,>70,3,0,8
2451,CITY OF MARION,Female,>70,3,2,2
2452,CITY OF MARION,Female,>70,4,0,1
2453,CITY OF MARION,Female,16-20,0,1,23
2454,CITY OF MARION,Female,16-20,0,2,3
2455,CITY OF MARION,Female,16-20,1,0,22
2456,CITY OF MARION,Female,16-20,1,2,1
2457,CITY OF MARION,Female,16-20,2,0,1
2458,CITY OF MARION,Female,21-25,0,1,126
2459,CITY OF MARION,Female,21-25,0,2,31
2460,CITY OF MARION,Female,21-25,0,3,2
2461,CITY OF MARION,Female,21-25,0,4,1
2462,CITY OF MARION,Female,21-25,1,0,171
2463,CITY OF MARION,Female,21-25,1,1,11
2464,CITY OF MARION,Female,21-25,1,2,2
2465,CITY OF MARION,Female,21-25,1,3,2
2466,CITY OF MARION,Female,21-25,2,0,15
2467,CITY OF MARION,Female,21-25,2,1,1
2468,CITY OF MARION,Female,21-25,3,0,1
2469,CITY OF MARION,Female,26-30,0,1,165
2470,CITY OF MARION,Female,26-30,0,2,49
2471,CITY OF MARION,Female,26-30,0,3,6
2472,CITY OF MARION,Female,26-30,1,0,467
2473,CITY OF MARION,Female,26-30,1,1,24
2474,CITY OF MARION,Female,26-30,1,2,11
2475,CITY OF MARION,Female,26-30,1,3,1
2476,CITY OF MARION,Female,26-30,2,0,87
2477,CITY OF MARION,Female,26-30,2,1,6
2478,CITY OF MARION,Female,26-30,2,2,3
2479,CITY OF MARION,Female,26-30,2,4,1
2480,CITY OF MARION,Female,26-30,3,0,2
2481,CITY OF MARION,Female,31-35,0,>5,1
2482,CITY OF MARION,Female,31-35,0,1,148
2483,CITY OF MARION,Female,31-35,0,2,46
2484,CITY OF MARION,Female,31-35,0,3,6
2485,CITY OF MARION,Female,31-35,0,4,2
2486,CITY OF MARION,Female,31-35,1,0,635
2487,CITY OF MARION,Female,31-35,1,1,37
2488,CITY OF MARION,Female,31-35,1,2,12
2489,CITY OF MARION,Female,31-35,1,3,4
2490,CITY OF MARION,Female,31-35,2,0,121
2491,CITY OF MARION,Female,31-35,2,1,4
2492,CITY OF MARION,Female,31-35,2,2,1
2493,CITY OF MARION,Female,31-35,3,0,4
2494,CITY OF MARION,Female,31-35,3,1,1
2495,CITY OF MARION,Female,31-35,3,2,1
2496,CITY OF MARION,Female,31-35,4,0,1
2497,CITY OF MARION,Female,36-40,0,1,115
2498,CITY OF MARION,Female,36-40,0,2,32
2499,CITY OF MARION,Female,36-40,0,3,3
2500,CITY OF MARION,Female,36-40,0,4,1
2501,CITY OF MARION,Female,36-40,1,0,652
2502,CITY OF MARION,Female,36-40,1,1,30
2503,CITY OF MARION,Female,36-40,1,2,9
2504,CITY OF MARION,Female,36-40,1,3,2
2505,CITY OF MARION,Female,36-40,2,0,145
2506,CITY OF MARION,Female,36-40,2,1,11
2507,CITY OF MARION,Female,36-40,2,2,3
2508,CITY OF MARION,Female,36-40,2,4,1
2509,CITY OF MARION,Female,36-40,3,0,2
2510,CITY OF MARION,Female,36-40,3,1,2
2511,CITY OF MARION,Female,36-40,3,2,1
2512,CITY OF MARION,Female,36-40,4,0,1
2513,CITY OF MARION,Female,41-45,>5,0,2
2514,CITY OF MARION,Female,41-45,0,>5,1
2515,CITY OF MARION,Female,41-45,0,1,132
2516,CITY OF MARION,Female,41-45,0,2,46
2517,CITY OF MARION,Female,41-45,0,3,2
2518,CITY OF MARION,Female,41-45,0,4,2
2519,CITY OF MARION,Female,41-45,1,0,624
2520,CITY OF MARION,Female,41-45,1,1,48
2521,CITY OF MARION,Female,41-45,1,2,14
2522,CITY OF MARION,Female,41-45,1,3,2
2523,CITY OF MARION,Female,41-45,1,4,1
2524,CITY OF MARION,Female,41-45,2,0,118
2525,CITY OF MARION,Female,41-45,2,1,10
2526,CITY OF MARION,Female,41-45,2,2,4
2527,CITY OF MARION,Female,41-45,3,0,7
2528,CITY OF MARION,Female,41-45,3,2,2
2529,CITY OF MARION,Female,46-50,0,1,116
2530,CITY OF MARION,Female,46-50,0,2,35
2531,CITY OF MARION,Female,46-50,0,3,8
2532,CITY OF MARION,Female,46-50,0,5,2
2533,CITY OF MARION,Female,46-50,1,0,645
2534,CITY OF MARION,Female,46-50,1,1,47
2535,CITY OF MARION,Female,46-50,1,2,15
2536,CITY OF MARION,Female,46-50,1,3,4
2537,CITY OF MARION,Female,46-50,2,0,152
2538,CITY OF MARION,Female,46-50,2,1,10
2539,CITY OF MARION,Female,46-50,2,2,3
2540,CITY OF MARION,Female,46-50,2,3,1
2541,CITY OF MARION,Female,46-50,3,0,12
2542,CITY OF MARION,Female,46-50,3,1,2
2543,CITY OF MARION,Female,46-50,3,2,1
2544,CITY OF MARION,Female,46-50,5,0,1
2545,CITY OF MARION,Female,51-55,0,>5,1
2546,CITY OF MARION,Female,51-55,0,1,89
2547,CITY OF MARION,Female,51-55,0,2,30
2548,CITY OF MARION,Female,51-55,0,3,8
2549,CITY OF MARION,Female,51-55,1,0,694
2550,CITY OF MARION,Female,51-55,1,1,42
2551,CITY OF MARION,Female,51-55,1,2,21
2552,CITY OF MARION,Female,51-55,1,3,6
2553,CITY OF MARION,Female,51-55,1,4,2
2554,CITY OF MARION,Female,51-55,2,0,187
2555,CITY OF MARION,Female,51-55,2,1,12
2556,CITY OF MARION,Female,51-55,2,2,5
2557,CITY OF MARION,Female,51-55,2,3,1
2558,CITY OF MARION,Female,51-55,3,0,10
2559,CITY OF MARION,Female,51-55,3,1,1
2560,CITY OF MARION,Female,51-55,4,0,4
2561,CITY OF MARION,Female,51-55,4,2,1
2562,CITY OF MARION,Female,56-60,0,1,84
2563,CITY OF MARION,Female,56-60,0,2,25
2564,CITY OF MARION,Female,56-60,0,3,5
2565,CITY OF MARION,Female,56-60,0,4,2
2566,CITY OF MARION,Female,56-60,0,5,1
2567,CITY OF MARION,Female,56-60,1,0,555
2568,CITY OF MARION,Female,56-60,1,1,44
2569,CITY OF MARION,Female,56-60,1,2,12
2570,CITY OF MARION,Female,56-60,2,0,135
2571,CITY OF MARION,Female,56-60,2,1,18
2572,CITY OF MARION,Female,56-60,2,2,2
2573,CITY OF MARION,Female,56-60,2,4,1
2574,CITY OF MARION,Female,56-60,3,0,8
2575,CITY OF MARION,Female,56-60,3,2,1
2576,CITY OF MARION,Female,56-60,4,0,1
2577,CITY OF MARION,Female,56-60,4,2,1
2578,CITY OF MARION,Female,56-60,5,0,1
2579,CITY OF MARION,Female,61-65,0,1,84
2580,CITY OF MARION,Female,61-65,0,2,29
2581,CITY OF MARION,Female,61-65,0,3,6
2582,CITY OF MARION,Female,61-65,0,4,1
2583,CITY OF MARION,Female,61-65,1,0,523
2584,CITY OF MARION,Female,61-65,1,1,17
2585,CITY OF MARION,Female,61-65,1,2,4
2586,CITY OF MARION,Female,61-65,1,3,1
2587,CITY OF MARION,Female,61-65,2,0,101
2588,CITY OF MARION,Female,61-65,2,1,3
2589,CITY OF MARION,Female,61-65,2,2,1
2590,CITY OF MARION,Female,61-65,3,0,10
2591,CITY OF MARION,Female,61-65,4,0,4
2592,CITY OF MARION,Female,66-70,0,1,51
2593,CITY OF MARION,Female,66-70,0,2,12
2594,CITY OF MARION,Female,66-70,0,3,1
2595,CITY OF MARION,Female,66-70,0,4,1
2596,CITY OF MARION,Female,66-70,1,0,408
2597,CITY OF MARION,Female,66-70,1,1,14
2598,CITY OF MARION,Female,66-70,1,2,6
2599,CITY OF MARION,Female,66-70,1,3,1
2600,CITY OF MARION,Female,66-70,2,0,71
2601,CITY OF MARION,Female,66-70,2,1,2
2602,CITY OF MARION,Female,66-70,2,2,3
2603,CITY OF MARION,Female,66-70,3,0,6
2604,CITY OF MARION,Female,66-70,4,0,1
2605,CITY OF MARION,Female,66-70,5,0,1
2606,CITY OF MARION,Female,Unknown,0,1,17
2607,CITY OF MARION,Female,Unknown,0,2,4
2608,CITY OF MARION,Female,Unknown,0,3,1
2609,CITY OF MARION,Female,Unknown,1,0,11
2610,CITY OF MARION,Female,Unknown,1,2,1
2611,CITY OF MARION,Male,>70,0,1,31
2612,CITY OF MARION,Male,>70,0,2,3
2613,CITY OF MARION,Male,>70,1,0,407
2614,CITY OF MARION,Male,>70,1,1,7
2615,CITY OF MARION,Male,>70,1,2,2
2616,CITY OF MARION,Male,>70,2,0,41
2617,CITY OF MARION,Male,>70,3,0,3
2618,CITY OF MARION,Male,>70,3,2,1
2619,CITY OF MARION,Male,16-20,0,1,2
2620,CITY OF MARION,Male,16-20,1,0,12
2621,CITY OF MARION,Male,16-20,2,0,1
2622,CITY OF MARION,Male,21-25,0,1,40
2623,CITY OF MARION,Male,21-25,0,2,5
2624,CITY OF MARION,Male,21-25,1,0,92
2625,CITY OF MARION,Male,21-25,1,1,2
2626,CITY OF MARION,Male,21-25,2,0,6
2627,CITY OF MARION,Male,21-25,3,3,1
2628,CITY OF MARION,Male,26-30,0,1,71
2629,CITY OF MARION,Male,26-30,0,2,14
2630,CITY OF MARION,Male,26-30,1,0,277
2631,CITY OF MARION,Male,26-30,1,1,2
2632,CITY OF MARION,Male,26-30,2,0,28
2633,CITY OF MARION,Male,26-30,2,1,1
2634,CITY OF MARION,Male,31-35,0,1,61
2635,CITY OF MARION,Male,31-35,0,2,12
2636,CITY OF MARION,Male,31-35,0,3,2
2637,CITY OF MARION,Male,31-35,1,0,400
2638,CITY OF MARION,Male,31-35,1,1,10
2639,CITY OF MARION,Male,31-35,1,2,1
2640,CITY OF MARION,Male,31-35,1,3,2
2641,CITY OF MARION,Male,31-35,2,0,53
2642,CITY OF MARION,Male,31-35,2,1,1
2643,CITY OF MARION,Male,31-35,2,2,1
2644,CITY OF MARION,Male,31-35,3,0,3
2645,CITY OF MARION,Male,31-35,4,0,1
2646,CITY OF MARION,Male,36-40,0,1,60
2647,CITY OF MARION,Male,36-40,0,2,9
2648,CITY OF MARION,Male,36-40,0,3,4
2649,CITY OF MARION,Male,36-40,1,0,385
2650,CITY OF MARION,Male,36-40,1,1,7
2651,CITY OF MARION,Male,36-40,1,2,1
2652,CITY OF MARION,Male,36-40,1,3,1
2653,CITY OF MARION,Male,36-40,2,0,53
2654,CITY OF MARION,Male,36-40,2,1,1
2655,CITY OF MARION,Male,36-40,2,2,1
2656,CITY OF MARION,Male,36-40,3,0,1
2657,CITY OF MARION,Male,41-45,0,1,44
2658,CITY OF MARION,Male,41-45,0,2,9
2659,CITY OF MARION,Male,41-45,0,3,1
2660,CITY OF MARION,Male,41-45,1,0,348
2661,CITY OF MARION,Male,41-45,1,1,10
2662,CITY OF MARION,Male,41-45,1,2,1
2663,CITY OF MARION,Male,41-45,1,3,1
2664,CITY OF MARION,Male,41-45,2,0,51
2665,CITY OF MARION,Male,41-45,2,1,1
2666,CITY OF MARION,Male,41-45,3,0,3
2667,CITY OF MARION,Male,41-45,4,0,1
2668,CITY OF MARION,Male,46-50,0,1,43
2669,CITY OF MARION,Male,46-50,0,2,6
2670,CITY OF MARION,Male,46-50,0,3,1
2671,CITY OF MARION,Male,46-50,1,0,318
2672,CITY OF MARION,Male,46-50,1,1,10
2673,CITY OF MARION,Male,46-50,1,2,3
2674,CITY OF MARION,Male,46-50,1,3,1
2675,CITY OF MARION,Male,46-50,2,0,58
2676,CITY OF MARION,Male,46-50,2,1,1
2677,CITY OF MARION,Male,46-50,2,2,2
2678,CITY OF MARION,Male,46-50,3,0,3
2679,CITY OF MARION,Male,46-50,4,0,1
2680,CITY OF MARION,Male,51-55,0,1,30
2681,CITY OF MARION,Male,51-55,0,2,5
2682,CITY OF MARION,Male,51-55,0,3,1
2683,CITY OF MARION,Male,51-55,1,0,342
2684,CITY OF MARION,Male,51-55,1,1,9
2685,CITY OF MARION,Male,51-55,1,2,3
2686,CITY OF MARION,Male,51-55,2,0,59
2687,CITY OF MARION,Male,51-55,2,1,4
2688,CITY OF MARION,Male,51-55,3,0,3
2689,CITY OF MARION,Male,51-55,4,0,1
2690,CITY OF MARION,Male,56-60,0,1,29
2691,CITY OF MARION,Male,56-60,0,2,7
2692,CITY OF MARION,Male,56-60,1,0,262
2693,CITY OF MARION,Male,56-60,1,1,3
2694,CITY OF MARION,Male,56-60,1,2,3
2695,CITY OF MARION,Male,56-60,2,0,51
2696,CITY OF MARION,Male,56-60,2,1,1
2697,CITY OF MARION,Male,56-60,3,0,3
2698,CITY OF MARION,Male,56-60,3,2,1
2699,CITY OF MARION,Male,61-65,0,1,35
2700,CITY OF MARION,Male,61-65,0,2,11
2701,CITY OF MARION,Male,61-65,0,3,1
2702,CITY OF MARION,Male,61-65,1,0,207
2703,CITY OF MARION,Male,61-65,1,1,10
2704,CITY OF MARION,Male,61-65,1,2,2
2705,CITY OF MARION,Male,61-65,1,3,1
2706,CITY OF MARION,Male,61-65,2,0,39
2707,CITY OF MARION,Male,61-65,2,1,1
2708,CITY OF MARION,Male,61-65,3,0,5
2709,CITY OF MARION,Male,66-70,0,1,18
2710,CITY OF MARION,Male,66-70,0,2,4
2711,CITY OF MARION,Male,66-70,0,3,1
2712,CITY OF MARION,Male,66-70,1,0,236
2713,CITY OF MARION,Male,66-70,1,1,7
2714,CITY OF MARION,Male,66-70,2,0,32
2715,CITY OF MARION,Male,66-70,2,1,1
2716,CITY OF MARION,Male,66-70,3,0,1
2717,CITY OF MARION,Male,Unknown,0,1,13
2718,CITY OF MARION,Male,Unknown,1,0,11
2719,CITY OF MARION,Male,Unknown,1,2,1
2720,CITY OF MARION,Male,Unknown,2,0,2
2721,CITY OF MARION,Male,Unknown,2,1,1
2722,CITY OF MARION,Other,>70,0,1,2
2723,CITY OF MARION,Other,>70,0,2,1
2724,CITY OF MARION,Other,>70,1,0,102
2725,CITY OF MARION,Other,>70,1,1,3
2726,CITY OF MARION,Other,>70,2,0,6
2727,CITY OF MARION,Other,16-20,0,1,1
2728,CITY OF MARION,Other,21-25,0,1,5
2729,CITY OF MARION,Other,21-25,1,0,4
2730,CITY OF MARION,Other,26-30,0,1,1
2731,CITY OF MARION,Other,26-30,0,2,1
2732,CITY OF MARION,Other,26-30,1,0,7
2733,CITY OF MARION,Other,26-30,2,0,1
2734,CITY OF MARION,Other,31-35,1,0,10
2735,CITY OF MARION,Other,31-35,1,1,1
2736,CITY OF MARION,Other,31-35,2,0,1
2737,CITY OF MARION,Other,36-40,1,0,18
2738,CITY OF MARION,Other,36-40,1,1,1
2739,CITY OF MARION,Other,36-40,2,0,1
2740,CITY OF MARION,Other,36-40,4,0,1
2741,CITY OF MARION,Other,41-45,1,0,17
2742,CITY OF MARION,Other,41-45,2,0,1
2743,CITY OF MARION,Other,46-50,0,1,4
2744,CITY OF MARION,Other,46-50,1,0,10
2745,CITY OF MARION,Other,46-50,1,1,1
2746,CITY OF MARION,Other,46-50,1,2,1
2747,CITY OF MARION,Other,46-50,2,0,8
2748,CITY OF MARION,Other,51-55,0,1,1
2749,CITY OF MARION,Other,51-55,1,0,27
2750,CITY OF MARION,Other,51-55,1,1,1
2751,CITY OF MARION,Other,51-55,2,0,5
2752,CITY OF MARION,Other,51-55,4,0,1
2753,CITY OF MARION,Other,56-60,0,1,2
2754,CITY OF MARION,Other,56-60,1,0,30
2755,CITY OF MARION,Other,56-60,2,0,9
2756,CITY OF MARION,Other,61-65,0,1,2
2757,CITY OF MARION,Other,61-65,1,0,22
2758,CITY OF MARION,Other,61-65,2,0,3
2759,CITY OF MARION,Other,66-70,0,1,1
2760,CITY OF MARION,Other,66-70,1,0,32
2761,CITY OF MARION,Other,66-70,1,2,1
2762,CITY OF MARION,Other,66-70,2,0,1
2763,CITY OF MARION,Other,Unknown,0,1,2
2764,CITY OF MARION,Other,Unknown,1,0,4
2765,CITY OF MARION,Other,Unknown,1,1,2
2766,CITY OF MARION,SUPPRESSED,Unknown,0,1,1
2767,CITY OF MARION,SUPPRESSED,Unknown,1,0,15
2768,CITY OF MARION,SUPPRESSED,Unknown,1,1,2
2769,CITY OF MARION,SUPPRESSED,Unknown,2,0,10
2770,CITY OF MARION,SUPPRESSED,Unknown,3,0,1
2771,CITY OF MARION,SUPPRESSED,Unknown,4,0,1
2772,CITY OF MARION,Unknown,>70,0,1,6
2773,CITY OF MARION,Unknown,>70,1,0,1
2774,CITY OF MARION,Unknown,21-25,0,1,3
2775,CITY OF MARION,Unknown,21-25,1,0,1
2776,CITY OF MARION,Unknown,26-30,0,1,5
2777,CITY OF MARION,Unknown,26-30,0,3,1
2778,CITY OF MARION,Unknown,26-30,1,0,1
2779,CITY OF MARION,Unknown,31-35,0,1,5
2780,CITY OF MARION,Unknown,31-35,1,0,1
2781,CITY OF MARION,Unknown,36-40,0,1,4
2782,CITY OF MARION,Unknown,41-45,0,1,1
2783,CITY OF MARION,Unknown,41-45,1,0,1
2784,CITY OF MARION,Unknown,46-50,0,1,2
2785,CITY OF MARION,Unknown,46-50,0,3,1
2786,CITY OF MARION,Unknown,46-50,1,0,1
2787,CITY OF MARION,Unknown,51-55,0,1,4
2788,CITY OF MARION,Unknown,51-55,2,0,1
2789,CITY OF MARION,Unknown,56-60,0,1,4
2790,CITY OF MARION,Unknown,61-65,0,1,2
2791,CITY OF MARION,Unknown,61-65,0,2,1
2792,CITY OF MARION,Unknown,66-70,0,1,3
2793,CITY OF MARION,Unknown,Unknown,0,1,264
2794,CITY OF MARION,Unknown,Unknown,0,2,20
2795,CITY OF MARION,Unknown,Unknown,0,3,1
2796,CITY OF MARION,Unknown,Unknown,1,0,8
2797,CITY OF MARION,Unknown,Unknown,1,2,1
2798,CITY OF MITCHAM,Female,>70,>5,0,1
2799,CITY OF MITCHAM,Female,>70,0,>5,1
2800,CITY OF MITCHAM,Female,>70,0,1,186
2801,CITY OF MITCHAM,Female,>70,0,2,45
2802,CITY OF MITCHAM,Female,>70,0,3,4
2803,CITY OF MITCHAM,Female,>70,1,0,490
2804,CITY OF MITCHAM,Female,>70,1,1,31
2805,CITY OF MITCHAM,Female,>70,1,2,9
2806,CITY OF MITCHAM,Female,>70,2,0,61
2807,CITY OF MITCHAM,Female,>70,2,1,7
2808,CITY OF MITCHAM,Female,>70,2,2,3
2809,CITY OF MITCHAM,Female,>70,3,0,3
2810,CITY OF MITCHAM,Female,>70,3,1,1
2811,CITY OF MITCHAM,Female,16-20,0,1,11
2812,CITY OF MITCHAM,Female,16-20,0,2,1
2813,CITY OF MITCHAM,Female,16-20,1,0,12
2814,CITY OF MITCHAM,Female,21-25,0,1,88
2815,CITY OF MITCHAM,Female,21-25,0,2,17
2816,CITY OF MITCHAM,Female,21-25,0,3,2
2817,CITY OF MITCHAM,Female,21-25,0,5,1
2818,CITY OF MITCHAM,Female,21-25,1,0,91
2819,CITY OF MITCHAM,Female,21-25,1,1,4
2820,CITY OF MITCHAM,Female,21-25,1,2,3
2821,CITY OF MITCHAM,Female,21-25,2,0,4
2822,CITY OF MITCHAM,Female,21-25,2,1,1
2823,CITY OF MITCHAM,Female,21-25,3,0,1
2824,CITY OF MITCHAM,Female,26-30,0,1,80
2825,CITY OF MITCHAM,Female,26-30,0,2,21
2826,CITY OF MITCHAM,Female,26-30,0,3,1
2827,CITY OF MITCHAM,Female,26-30,1,0,201
2828,CITY OF MITCHAM,Female,26-30,1,1,10
2829,CITY OF MITCHAM,Female,26-30,1,2,5
2830,CITY OF MITCHAM,Female,26-30,1,3,1
2831,CITY OF MITCHAM,Female,26-30,2,0,31
2832,CITY OF MITCHAM,Female,26-30,2,1,1
2833,CITY OF MITCHAM,Female,26-30,3,0,1
2834,CITY OF MITCHAM,Female,31-35,0,1,80
2835,CITY OF MITCHAM,Female,31-35,0,2,21
2836,CITY OF MITCHAM,Female,31-35,0,3,4
2837,CITY OF MITCHAM,Female,31-35,1,0,327
2838,CITY OF MITCHAM,Female,31-35,1,1,21
2839,CITY OF MITCHAM,Female,31-35,1,2,6
2840,CITY OF MITCHAM,Female,31-35,2,0,62
2841,CITY OF MITCHAM,Female,31-35,2,1,5
2842,CITY OF MITCHAM,Female,31-35,2,2,1
2843,CITY OF MITCHAM,Female,31-35,2,3,1
2844,CITY OF MITCHAM,Female,31-35,3,0,3
2845,CITY OF MITCHAM,Female,31-35,5,0,1
2846,CITY OF MITCHAM,Female,36-40,0,1,78
2847,CITY OF MITCHAM,Female,36-40,0,2,24
2848,CITY OF MITCHAM,Female,36-40,0,3,4
2849,CITY OF MITCHAM,Female,36-40,1,0,413
2850,CITY OF MITCHAM,Female,36-40,1,1,35
2851,CITY OF MITCHAM,Female,36-40,1,2,8
2852,CITY OF MITCHAM,Female,36-40,1,4,1
2853,CITY OF MITCHAM,Female,36-40,2,0,81
2854,CITY OF MITCHAM,Female,36-40,2,1,7
2855,CITY OF MITCHAM,Female,36-40,2,2,3
2856,CITY OF MITCHAM,Female,36-40,3,0,4
2857,CITY OF MITCHAM,Female,36-40,3,1,1
2858,CITY OF MITCHAM,Female,41-45,0,1,111
2859,CITY OF MITCHAM,Female,41-45,0,2,50
2860,CITY OF MITCHAM,Female,41-45,0,3,5
2861,CITY OF MITCHAM,Female,41-45,0,4,2
2862,CITY OF MITCHAM,Female,41-45,1,0,480
2863,CITY OF MITCHAM,Female,41-45,1,1,60
2864,CITY OF MITCHAM,Female,41-45,1,2,14
2865,CITY OF MITCHAM,Female,41-45,1,3,2
2866,CITY OF MITCHAM,Female,41-45,2,0,110
2867,CITY OF MITCHAM,Female,41-45,2,1,7
2868,CITY OF MITCHAM,Female,41-45,2,2,5
2869,CITY OF MITCHAM,Female,41-45,2,3,3
2870,CITY OF MITCHAM,Female,41-45,2,4,1
2871,CITY OF MITCHAM,Female,41-45,3,0,2
2872,CITY OF MITCHAM,Female,41-45,4,0,2
2873,CITY OF MITCHAM,Female,46-50,0,>5,1
2874,CITY OF MITCHAM,Female,46-50,0,1,118
2875,CITY OF MITCHAM,Female,46-50,0,2,53
2876,CITY OF MITCHAM,Female,46-50,0,3,3
2877,CITY OF MITCHAM,Female,46-50,0,4,1
2878,CITY OF MITCHAM,Female,46-50,1,>5,1
2879,CITY OF MITCHAM,Female,46-50,1,0,525
2880,CITY OF MITCHAM,Female,46-50,1,1,69
2881,CITY OF MITCHAM,Female,46-50,1,2,23
2882,CITY OF MITCHAM,Female,46-50,1,3,3
2883,CITY OF MITCHAM,Female,46-50,1,4,1
2884,CITY OF MITCHAM,Female,46-50,2,0,138
2885,CITY OF MITCHAM,Female,46-50,2,1,17
2886,CITY OF MITCHAM,Female,46-50,2,2,10
2887,CITY OF MITCHAM,Female,46-50,2,3,1
2888,CITY OF MITCHAM,Female,46-50,3,0,8
2889,CITY OF MITCHAM,Female,46-50,3,1,2
2890,CITY OF MITCHAM,Female,46-50,3,2,2
2891,CITY OF MITCHAM,Female,46-50,4,0,1
2892,CITY OF MITCHAM,Female,46-50,5,1,1
2893,CITY OF MITCHAM,Female,51-55,0,>5,1
2894,CITY OF MITCHAM,Female,51-55,0,1,119
2895,CITY OF MITCHAM,Female,51-55,0,2,77
2896,CITY OF MITCHAM,Female,51-55,0,3,2
2897,CITY OF MITCHAM,Female,51-55,1,0,606
2898,CITY OF MITCHAM,Female,51-55,1,1,88
2899,CITY OF MITCHAM,Female,51-55,1,2,18
2900,CITY OF MITCHAM,Female,51-55,1,3,6
2901,CITY OF MITCHAM,Female,51-55,1,4,1
2902,CITY OF MITCHAM,Female,51-55,2,0,186
2903,CITY OF MITCHAM,Female,51-55,2,1,24
2904,CITY OF MITCHAM,Female,51-55,2,2,7
2905,CITY OF MITCHAM,Female,51-55,2,3,3
2906,CITY OF MITCHAM,Female,51-55,3,0,13
2907,CITY OF MITCHAM,Female,51-55,3,1,1
2908,CITY OF MITCHAM,Female,51-55,3,2,1
2909,CITY OF MITCHAM,Female,51-55,3,3,1
2910,CITY OF MITCHAM,Female,56-60,0,1,114
2911,CITY OF MITCHAM,Female,56-60,0,2,39
2912,CITY OF MITCHAM,Female,56-60,0,3,4
2913,CITY OF MITCHAM,Female,56-60,1,0,483
2914,CITY OF MITCHAM,Female,56-60,1,1,49
2915,CITY OF MITCHAM,Female,56-60,1,2,16
2916,CITY OF MITCHAM,Female,56-60,1,3,2
2917,CITY OF MITCHAM,Female,56-60,1,4,1
2918,CITY OF MITCHAM,Female,56-60,1,5,1
2919,CITY OF MITCHAM,Female,56-60,2,0,128
2920,CITY OF MITCHAM,Female,56-60,2,1,22
2921,CITY OF MITCHAM,Female,56-60,2,2,7
2922,CITY OF MITCHAM,Female,56-60,3,0,8
2923,CITY OF MITCHAM,Female,56-60,4,0,2
2924,CITY OF MITCHAM,Female,56-60,4,1,1
2925,CITY OF MITCHAM,Female,56-60,5,0,1
2926,CITY OF MITCHAM,Female,61-65,0,1,85
2927,CITY OF MITCHAM,Female,61-65,0,2,35
2928,CITY OF MITCHAM,Female,61-65,0,3,2
2929,CITY OF MITCHAM,Female,61-65,1,0,346
2930,CITY OF MITCHAM,Female,61-65,1,1,24
2931,CITY OF MITCHAM,Female,61-65,1,2,14
2932,CITY OF MITCHAM,Female,61-65,1,3,1
2933,CITY OF MITCHAM,Female,61-65,1,4,1
2934,CITY OF MITCHAM,Female,61-65,2,0,99
2935,CITY OF MITCHAM,Female,61-65,2,1,11
2936,CITY OF MITCHAM,Female,61-65,2,2,7
2937,CITY OF MITCHAM,Female,61-65,3,0,5
2938,CITY OF MITCHAM,Female,61-65,4,0,1
2939,CITY OF MITCHAM,Female,66-70,>5,0,1
2940,CITY OF MITCHAM,Female,66-70,0,1,71
2941,CITY OF MITCHAM,Female,66-70,0,2,30
2942,CITY OF MITCHAM,Female,66-70,0,5,1
2943,CITY OF MITCHAM,Female,66-70,1,0,280
2944,CITY OF MITCHAM,Female,66-70,1,1,16
2945,CITY OF MITCHAM,Female,66-70,1,2,4
2946,CITY OF MITCHAM,Female,66-70,1,4,1
2947,CITY OF MITCHAM,Female,66-70,1,5,1
2948,CITY OF MITCHAM,Female,66-70,2,0,51
2949,CITY OF MITCHAM,Female,66-70,2,1,7
2950,CITY OF MITCHAM,Female,66-70,2,2,2
2951,CITY OF MITCHAM,Female,66-70,3,>5,1
2952,CITY OF MITCHAM,Female,66-70,3,0,3
2953,CITY OF MITCHAM,Female,66-70,4,0,1
2954,CITY OF MITCHAM,Female,Unknown,0,1,2
2955,CITY OF MITCHAM,Female,Unknown,1,0,6
2956,CITY OF MITCHAM,Male,>70,0,1,73
2957,CITY OF MITCHAM,Male,>70,0,2,20
2958,CITY OF MITCHAM,Male,>70,0,3,4
2959,CITY OF MITCHAM,Male,>70,1,0,300
2960,CITY OF MITCHAM,Male,>70,1,1,15
2961,CITY OF MITCHAM,Male,>70,1,2,3
2962,CITY OF MITCHAM,Male,>70,1,3,2
2963,CITY OF MITCHAM,Male,>70,2,0,49
2964,CITY OF MITCHAM,Male,>70,2,1,1
2965,CITY OF MITCHAM,Male,>70,2,2,1
2966,CITY OF MITCHAM,Male,>70,3,2,1
2967,CITY OF MITCHAM,Male,16-20,0,1,7
2968,CITY OF MITCHAM,Male,16-20,1,0,7
2969,CITY OF MITCHAM,Male,21-25,0,1,26
2970,CITY OF MITCHAM,Male,21-25,1,0,48
2971,CITY OF MITCHAM,Male,21-25,1,1,2
2972,CITY OF MITCHAM,Male,21-25,2,0,7
2973,CITY OF MITCHAM,Male,26-30,0,1,30
2974,CITY OF MITCHAM,Male,26-30,0,2,7
2975,CITY OF MITCHAM,Male,26-30,1,0,116
2976,CITY OF MITCHAM,Male,26-30,1,1,2
2977,CITY OF MITCHAM,Male,26-30,2,0,9
2978,CITY OF MITCHAM,Male,26-30,3,0,1
2979,CITY OF MITCHAM,Male,26-30,3,1,1
2980,CITY OF MITCHAM,Male,31-35,0,1,34
2981,CITY OF MITCHAM,Male,31-35,0,2,7
2982,CITY OF MITCHAM,Male,31-35,0,3,1
2983,CITY OF MITCHAM,Male,31-35,1,0,192
2984,CITY OF MITCHAM,Male,31-35,1,1,9
2985,CITY OF MITCHAM,Male,31-35,1,2,3
2986,CITY OF MITCHAM,Male,31-35,2,0,36
2987,CITY OF MITCHAM,Male,31-35,2,1,3
2988,CITY OF MITCHAM,Male,31-35,2,2,1
2989,CITY OF MITCHAM,Male,31-35,3,0,1
2990,CITY OF MITCHAM,Male,31-35,5,0,1
2991,CITY OF MITCHAM,Male,36-40,0,1,37
2992,CITY OF MITCHAM,Male,36-40,0,2,11
2993,CITY OF MITCHAM,Male,36-40,1,0,240
2994,CITY OF MITCHAM,Male,36-40,1,1,3
2995,CITY OF MITCHAM,Male,36-40,1,2,1
2996,CITY OF MITCHAM,Male,36-40,2,0,39
2997,CITY OF MITCHAM,Male,36-40,2,1,1
2998,CITY OF MITCHAM,Male,36-40,2,2,1
2999,CITY OF MITCHAM,Male,36-40,3,0,2
3000,CITY OF MITCHAM,Male,36-40,3,1,1
3001,CITY OF MITCHAM,Male,41-45,0,1,43
3002,CITY OF MITCHAM,Male,41-45,0,2,19
3003,CITY OF MITCHAM,Male,41-45,0,3,1
3004,CITY OF MITCHAM,Male,41-45,1,0,275
3005,CITY OF MITCHAM,Male,41-45,1,1,19
3006,CITY OF MITCHAM,Male,41-45,2,0,50
3007,CITY OF MITCHAM,Male,41-45,2,1,1
3008,CITY OF MITCHAM,Male,46-50,0,1,52
3009,CITY OF MITCHAM,Male,46-50,0,2,17
3010,CITY OF MITCHAM,Male,46-50,0,3,1
3011,CITY OF MITCHAM,Male,46-50,1,0,278
3012,CITY OF MITCHAM,Male,46-50,1,1,18
3013,CITY OF MITCHAM,Male,46-50,1,2,4
3014,CITY OF MITCHAM,Male,46-50,2,0,48
3015,CITY OF MITCHAM,Male,46-50,2,1,3
3016,CITY OF MITCHAM,Male,46-50,2,2,1
3017,CITY OF MITCHAM,Male,46-50,3,0,4
3018,CITY OF MITCHAM,Male,46-50,3,2,1
3019,CITY OF MITCHAM,Male,46-50,4,0,1
3020,CITY OF MITCHAM,Male,51-55,>5,0,2
3021,CITY OF MITCHAM,Male,51-55,0,1,37
3022,CITY OF MITCHAM,Male,51-55,0,2,22
3023,CITY OF MITCHAM,Male,51-55,0,3,2
3024,CITY OF MITCHAM,Male,51-55,1,0,305
3025,CITY OF MITCHAM,Male,51-55,1,1,15
3026,CITY OF MITCHAM,Male,51-55,1,2,4
3027,CITY OF MITCHAM,Male,51-55,2,0,65
3028,CITY OF MITCHAM,Male,51-55,2,1,6
3029,CITY OF MITCHAM,Male,51-55,2,2,1
3030,CITY OF MITCHAM,Male,51-55,3,0,2
3031,CITY OF MITCHAM,Male,56-60,0,1,29
3032,CITY OF MITCHAM,Male,56-60,0,2,12
3033,CITY OF MITCHAM,Male,56-60,1,0,224
3034,CITY OF MITCHAM,Male,56-60,1,1,16
3035,CITY OF MITCHAM,Male,56-60,1,2,3
3036,CITY OF MITCHAM,Male,56-60,2,0,41
3037,CITY OF MITCHAM,Male,56-60,2,1,5
3038,CITY OF MITCHAM,Male,56-60,2,2,2
3039,CITY OF MITCHAM,Male,56-60,3,0,1
3040,CITY OF MITCHAM,Male,56-60,4,0,1
3041,CITY OF MITCHAM,Male,61-65,0,1,32
3042,CITY OF MITCHAM,Male,61-65,0,2,9
3043,CITY OF MITCHAM,Male,61-65,0,3,1
3044,CITY OF MITCHAM,Male,61-65,1,0,169
3045,CITY OF MITCHAM,Male,61-65,1,1,9
3046,CITY OF MITCHAM,Male,61-65,1,2,2
3047,CITY OF MITCHAM,Male,61-65,2,0,32
3048,CITY OF MITCHAM,Male,61-65,2,1,6
3049,CITY OF MITCHAM,Male,61-65,2,2,3
3050,CITY OF MITCHAM,Male,61-65,3,0,2
3051,CITY OF MITCHAM,Male,66-70,0,1,30
3052,CITY OF MITCHAM,Male,66-70,0,2,6
3053,CITY OF MITCHAM,Male,66-70,0,3,1
3054,CITY OF MITCHAM,Male,66-70,0,5,1
3055,CITY OF MITCHAM,Male,66-70,1,0,144
3056,CITY OF MITCHAM,Male,66-70,1,1,5
3057,CITY OF MITCHAM,Male,66-70,1,2,1
3058,CITY OF MITCHAM,Male,66-70,2,0,25
3059,CITY OF MITCHAM,Male,66-70,2,1,2
3060,CITY OF MITCHAM,Male,66-70,3,0,4
3061,CITY OF MITCHAM,Male,Unknown,0,1,1
3062,CITY OF MITCHAM,Male,Unknown,1,0,8
3063,CITY OF MITCHAM,Male,Unknown,2,0,1
3064,CITY OF MITCHAM,Other,>70,0,1,2
3065,CITY OF MITCHAM,Other,>70,1,0,11
3066,CITY OF MITCHAM,Other,21-25,0,1,1
3067,CITY OF MITCHAM,Other,21-25,1,0,1
3068,CITY OF MITCHAM,Other,26-30,0,1,3
3069,CITY OF MITCHAM,Other,26-30,1,0,1
3070,CITY OF MITCHAM,Other,31-35,1,0,1
3071,CITY OF MITCHAM,Other,31-35,1,1,1
3072,CITY OF MITCHAM,Other,31-35,2,0,1
3073,CITY OF MITCHAM,Other,36-40,0,2,2
3074,CITY OF MITCHAM,Other,36-40,1,0,4
3075,CITY OF MITCHAM,Other,36-40,1,1,1
3076,CITY OF MITCHAM,Other,41-45,0,1,1
3077,CITY OF MITCHAM,Other,41-45,1,0,3
3078,CITY OF MITCHAM,Other,41-45,2,0,1
3079,CITY OF MITCHAM,Other,46-50,0,2,1
3080,CITY OF MITCHAM,Other,46-50,1,0,4
3081,CITY OF MITCHAM,Other,46-50,1,1,1
3082,CITY OF MITCHAM,Other,46-50,2,0,1
3083,CITY OF MITCHAM,Other,51-55,0,1,2
3084,CITY OF MITCHAM,Other,51-55,0,2,1
3085,CITY OF MITCHAM,Other,51-55,1,0,2
3086,CITY OF MITCHAM,Other,56-60,0,2,3
3087,CITY OF MITCHAM,Other,56-60,1,0,5
3088,CITY OF MITCHAM,Other,61-65,0,2,1
3089,CITY OF MITCHAM,Other,61-65,1,0,6
3090,CITY OF MITCHAM,Other,61-65,2,0,1
3091,CITY OF MITCHAM,Other,66-70,1,0,2
3092,CITY OF MITCHAM,Other,66-70,1,1,1
3093,CITY OF MITCHAM,Other,Unknown,1,0,2
3094,CITY OF MITCHAM,SUPPRESSED,Unknown,0,1,3
3095,CITY OF MITCHAM,SUPPRESSED,Unknown,0,2,3
3096,CITY OF MITCHAM,SUPPRESSED,Unknown,1,0,32
3097,CITY OF MITCHAM,SUPPRESSED,Unknown,1,1,4
3098,CITY OF MITCHAM,SUPPRESSED,Unknown,1,2,1
3099,CITY OF MITCHAM,SUPPRESSED,Unknown,2,0,11
3100,CITY OF MITCHAM,SUPPRESSED,Unknown,2,2,2
3101,CITY OF MITCHAM,SUPPRESSED,Unknown,3,0,2
3102,CITY OF MITCHAM,Unknown,66-70,0,3,1
3103,CITY OF MOUNT GAMBIER,Female,>70,>5,0,1
3104,CITY OF MOUNT GAMBIER,Female,>70,0,>5,1
3105,CITY OF MOUNT GAMBIER,Female,>70,0,1,48
3106,CITY OF MOUNT GAMBIER,Female,>70,0,2,7
3107,CITY OF MOUNT GAMBIER,Female,>70,0,3,2
3108,CITY OF MOUNT GAMBIER,Female,>70,1,0,203
3109,CITY OF MOUNT GAMBIER,Female,>70,1,1,9
3110,CITY OF MOUNT GAMBIER,Female,>70,1,2,1
3111,CITY OF MOUNT GAMBIER,Female,>70,1,4,1
3112,CITY OF MOUNT GAMBIER,Female,>70,2,0,41
3113,CITY OF MOUNT GAMBIER,Female,>70,2,1,4
3114,CITY OF MOUNT GAMBIER,Female,>70,2,2,2
3115,CITY OF MOUNT GAMBIER,Female,>70,2,3,1
3116,CITY OF MOUNT GAMBIER,Female,>70,3,0,3
3117,CITY OF MOUNT GAMBIER,Female,>70,3,1,1
3118,CITY OF MOUNT GAMBIER,Female,>70,5,0,1
3119,CITY OF MOUNT GAMBIER,Female,16-20,0,1,5
3120,CITY OF MOUNT GAMBIER,Female,16-20,0,2,3
3121,CITY OF MOUNT GAMBIER,Female,16-20,0,3,1
3122,CITY OF MOUNT GAMBIER,Female,16-20,0,4,1
3123,CITY OF MOUNT GAMBIER,Female,16-20,1,0,21
3124,CITY OF MOUNT GAMBIER,Female,16-20,1,1,1
3125,CITY OF MOUNT GAMBIER,Female,16-20,1,3,1
3126,CITY OF MOUNT GAMBIER,Female,16-20,3,0,1
3127,CITY OF MOUNT GAMBIER,Female,21-25,0,1,55
3128,CITY OF MOUNT GAMBIER,Female,21-25,0,2,11
3129,CITY OF MOUNT GAMBIER,Female,21-25,0,3,5
3130,CITY OF MOUNT GAMBIER,Female,21-25,1,0,97
3131,CITY OF MOUNT GAMBIER,Female,21-25,1,1,16
3132,CITY OF MOUNT GAMBIER,Female,21-25,1,2,5
3133,CITY OF MOUNT GAMBIER,Female,21-25,1,3,2
3134,CITY OF MOUNT GAMBIER,Female,21-25,2,0,16
3135,CITY OF MOUNT GAMBIER,Female,21-25,2,1,4
3136,CITY OF MOUNT GAMBIER,Female,21-25,2,2,2
3137,CITY OF MOUNT GAMBIER,Female,21-25,3,0,3
3138,CITY OF MOUNT GAMBIER,Female,21-25,3,3,1
3139,CITY OF MOUNT GAMBIER,Female,26-30,0,1,39
3140,CITY OF MOUNT GAMBIER,Female,26-30,0,2,18
3141,CITY OF MOUNT GAMBIER,Female,26-30,0,3,1
3142,CITY OF MOUNT GAMBIER,Female,26-30,0,4,2
3143,CITY OF MOUNT GAMBIER,Female,26-30,1,0,193
3144,CITY OF MOUNT GAMBIER,Female,26-30,1,1,19
3145,CITY OF MOUNT GAMBIER,Female,26-30,1,2,13
3146,CITY OF MOUNT GAMBIER,Female,26-30,1,3,2
3147,CITY OF MOUNT GAMBIER,Female,26-30,2,0,41
3148,CITY OF MOUNT GAMBIER,Female,26-30,2,1,6
3149,CITY OF MOUNT GAMBIER,Female,26-30,2,3,1
3150,CITY OF MOUNT GAMBIER,Female,26-30,3,0,1
3151,CITY OF MOUNT GAMBIER,Female,26-30,3,1,1
3152,CITY OF MOUNT GAMBIER,Female,26-30,3,2,1
3153,CITY OF MOUNT GAMBIER,Female,26-30,4,2,1
3154,CITY OF MOUNT GAMBIER,Female,31-35,0,1,32
3155,CITY OF MOUNT GAMBIER,Female,31-35,0,2,15
3156,CITY OF MOUNT GAMBIER,Female,31-35,0,3,3
3157,CITY OF MOUNT GAMBIER,Female,31-35,0,4,1
3158,CITY OF MOUNT GAMBIER,Female,31-35,1,0,194
3159,CITY OF MOUNT GAMBIER,Female,31-35,1,1,34
3160,CITY OF MOUNT GAMBIER,Female,31-35,1,2,12
3161,CITY OF MOUNT GAMBIER,Female,31-35,2,0,50
3162,CITY OF MOUNT GAMBIER,Female,31-35,2,1,6
3163,CITY OF MOUNT GAMBIER,Female,31-35,2,2,2
3164,CITY OF MOUNT GAMBIER,Female,31-35,2,4,1
3165,CITY OF MOUNT GAMBIER,Female,31-35,3,0,2
3166,CITY OF MOUNT GAMBIER,Female,31-35,3,1,2
3167,CITY OF MOUNT GAMBIER,Female,31-35,3,2,1
3168,CITY OF MOUNT GAMBIER,Female,36-40,0,1,36
3169,CITY OF MOUNT GAMBIER,Female,36-40,0,2,16
3170,CITY OF MOUNT GAMBIER,Female,36-40,0,3,1
3171,CITY OF MOUNT GAMBIER,Female,36-40,0,4,2
3172,CITY OF MOUNT GAMBIER,Female,36-40,1,0,168
3173,CITY OF MOUNT GAMBIER,Female,36-40,1,1,20
3174,CITY OF MOUNT GAMBIER,Female,36-40,1,2,10
3175,CITY OF MOUNT GAMBIER,Female,36-40,1,3,1
3176,CITY OF MOUNT GAMBIER,Female,36-40,1,4,1
3177,CITY OF MOUNT GAMBIER,Female,36-40,2,0,50
3178,CITY OF MOUNT GAMBIER,Female,36-40,2,1,15
3179,CITY OF MOUNT GAMBIER,Female,36-40,2,2,6
3180,CITY OF MOUNT GAMBIER,Female,36-40,2,3,3
3181,CITY OF MOUNT GAMBIER,Female,36-40,2,4,1
3182,CITY OF MOUNT GAMBIER,Female,36-40,3,0,4
3183,CITY OF MOUNT GAMBIER,Female,36-40,4,0,1
3184,CITY OF MOUNT GAMBIER,Female,41-45,0,>5,1
3185,CITY OF MOUNT GAMBIER,Female,41-45,0,1,42
3186,CITY OF MOUNT GAMBIER,Female,41-45,0,2,18
3187,CITY OF MOUNT GAMBIER,Female,41-45,0,3,5
3188,CITY OF MOUNT GAMBIER,Female,41-45,0,4,2
3189,CITY OF MOUNT GAMBIER,Female,41-45,1,0,166
3190,CITY OF MOUNT GAMBIER,Female,41-45,1,1,36
3191,CITY OF MOUNT GAMBIER,Female,41-45,1,2,13
3192,CITY OF MOUNT GAMBIER,Female,41-45,1,3,3
3193,CITY OF MOUNT GAMBIER,Female,41-45,2,0,45
3194,CITY OF MOUNT GAMBIER,Female,41-45,2,1,20
3195,CITY OF MOUNT GAMBIER,Female,41-45,2,2,3
3196,CITY OF MOUNT GAMBIER,Female,41-45,2,3,1
3197,CITY OF MOUNT GAMBIER,Female,41-45,2,5,2
3198,CITY OF MOUNT GAMBIER,Female,41-45,3,0,10
3199,CITY OF MOUNT GAMBIER,Female,41-45,3,1,2
3200,CITY OF MOUNT GAMBIER,Female,41-45,3,3,1
3201,CITY OF MOUNT GAMBIER,Female,46-50,>5,0,1
3202,CITY OF MOUNT GAMBIER,Female,46-50,0,1,29
3203,CITY OF MOUNT GAMBIER,Female,46-50,0,2,12
3204,CITY OF MOUNT GAMBIER,Female,46-50,0,3,4
3205,CITY OF MOUNT GAMBIER,Female,46-50,0,4,3
3206,CITY OF MOUNT GAMBIER,Female,46-50,1,0,152
3207,CITY OF MOUNT GAMBIER,Female,46-50,1,1,28
3208,CITY OF MOUNT GAMBIER,Female,46-50,1,2,10
3209,CITY OF MOUNT GAMBIER,Female,46-50,1,3,2
3210,CITY OF MOUNT GAMBIER,Female,46-50,1,5,1
3211,CITY OF MOUNT GAMBIER,Female,46-50,2,0,47
3212,CITY OF MOUNT GAMBIER,Female,46-50,2,1,9
3213,CITY OF MOUNT GAMBIER,Female,46-50,2,2,3
3214,CITY OF MOUNT GAMBIER,Female,46-50,2,3,1
3215,CITY OF MOUNT GAMBIER,Female,46-50,3,0,11
3216,CITY OF MOUNT GAMBIER,Female,46-50,3,1,2
3217,CITY OF MOUNT GAMBIER,Female,46-50,3,4,1
3218,CITY OF MOUNT GAMBIER,Female,46-50,4,0,1
3219,CITY OF MOUNT GAMBIER,Female,46-50,4,1,1
3220,CITY OF MOUNT GAMBIER,Female,51-55,0,>5,2
3221,CITY OF MOUNT GAMBIER,Female,51-55,0,1,23
3222,CITY OF MOUNT GAMBIER,Female,51-55,0,2,11
3223,CITY OF MOUNT GAMBIER,Female,51-55,0,3,2
3224,CITY OF MOUNT GAMBIER,Female,51-55,0,4,5
3225,CITY OF MOUNT GAMBIER,Female,51-55,1,0,183
3226,CITY OF MOUNT GAMBIER,Female,51-55,1,1,30
3227,CITY OF MOUNT GAMBIER,Female,51-55,1,2,9
3228,CITY OF MOUNT GAMBIER,Female,51-55,1,3,5
3229,CITY OF MOUNT GAMBIER,Female,51-55,1,5,1
3230,CITY OF MOUNT GAMBIER,Female,51-55,2,0,54
3231,CITY OF MOUNT GAMBIER,Female,51-55,2,1,13
3232,CITY OF MOUNT GAMBIER,Female,51-55,2,3,1
3233,CITY OF MOUNT GAMBIER,Female,51-55,2,4,1
3234,CITY OF MOUNT GAMBIER,Female,51-55,3,0,4
3235,CITY OF MOUNT GAMBIER,Female,51-55,3,1,2
3236,CITY OF MOUNT GAMBIER,Female,51-55,3,2,6
3237,CITY OF MOUNT GAMBIER,Female,51-55,4,0,2
3238,CITY OF MOUNT GAMBIER,Female,51-55,5,0,1
3239,CITY OF MOUNT GAMBIER,Female,51-55,5,3,1
3240,CITY OF MOUNT GAMBIER,Female,56-60,0,>5,1
3241,CITY OF MOUNT GAMBIER,Female,56-60,0,1,33
3242,CITY OF MOUNT GAMBIER,Female,56-60,0,2,19
3243,CITY OF MOUNT GAMBIER,Female,56-60,0,3,4
3244,CITY OF MOUNT GAMBIER,Female,56-60,0,4,1
3245,CITY OF MOUNT GAMBIER,Female,56-60,1,>5,1
3246,CITY OF MOUNT GAMBIER,Female,56-60,1,0,162
3247,CITY OF MOUNT GAMBIER,Female,56-60,1,1,21
3248,CITY OF MOUNT GAMBIER,Female,56-60,1,2,7
3249,CITY OF MOUNT GAMBIER,Female,56-60,1,3,1
3250,CITY OF MOUNT GAMBIER,Female,56-60,2,0,46
3251,CITY OF MOUNT GAMBIER,Female,56-60,2,1,4
3252,CITY OF MOUNT GAMBIER,Female,56-60,2,2,2
3253,CITY OF MOUNT GAMBIER,Female,56-60,2,3,1
3254,CITY OF MOUNT GAMBIER,Female,56-60,3,0,4
3255,CITY OF MOUNT GAMBIER,Female,56-60,3,1,1
3256,CITY OF MOUNT GAMBIER,Female,56-60,3,2,1
3257,CITY OF MOUNT GAMBIER,Female,56-60,4,0,2
3258,CITY OF MOUNT GAMBIER,Female,56-60,5,0,1
3259,CITY OF MOUNT GAMBIER,Female,61-65,0,1,26
3260,CITY OF MOUNT GAMBIER,Female,61-65,0,2,12
3261,CITY OF MOUNT GAMBIER,Female,61-65,0,3,2
3262,CITY OF MOUNT GAMBIER,Female,61-65,0,4,1
3263,CITY OF MOUNT GAMBIER,Female,61-65,0,5,1
3264,CITY OF MOUNT GAMBIER,Female,61-65,1,0,134
3265,CITY OF MOUNT GAMBIER,Female,61-65,1,1,5
3266,CITY OF MOUNT GAMBIER,Female,61-65,1,2,1
3267,CITY OF MOUNT GAMBIER,Female,61-65,1,3,1
3268,CITY OF MOUNT GAMBIER,Female,61-65,2,0,49
3269,CITY OF MOUNT GAMBIER,Female,61-65,2,1,7
3270,CITY OF MOUNT GAMBIER,Female,61-65,2,2,2
3271,CITY OF MOUNT GAMBIER,Female,61-65,3,0,5
3272,CITY OF MOUNT GAMBIER,Female,66-70,0,1,22
3273,CITY OF MOUNT GAMBIER,Female,66-70,0,2,5
3274,CITY OF MOUNT GAMBIER,Female,66-70,0,4,2
3275,CITY OF MOUNT GAMBIER,Female,66-70,0,5,1
3276,CITY OF MOUNT GAMBIER,Female,66-70,1,0,101
3277,CITY OF MOUNT GAMBIER,Female,66-70,1,1,10
3278,CITY OF MOUNT GAMBIER,Female,66-70,1,2,2
3279,CITY OF MOUNT GAMBIER,Female,66-70,1,5,1
3280,CITY OF MOUNT GAMBIER,Female,66-70,2,0,26
3281,CITY OF MOUNT GAMBIER,Female,66-70,2,4,1
3282,CITY OF MOUNT GAMBIER,Female,66-70,3,0,6
3283,CITY OF MOUNT GAMBIER,Female,66-70,4,0,1
3284,CITY OF MOUNT GAMBIER,Female,Unknown,0,>5,1
3285,CITY OF MOUNT GAMBIER,Female,Unknown,0,1,99
3286,CITY OF MOUNT GAMBIER,Female,Unknown,0,2,18
3287,CITY OF MOUNT GAMBIER,Female,Unknown,0,3,6
3288,CITY OF MOUNT GAMBIER,Female,Unknown,1,0,14
3289,CITY OF MOUNT GAMBIER,Female,Unknown,1,1,3
3290,CITY OF MOUNT GAMBIER,Female,Unknown,1,2,1
3291,CITY OF MOUNT GAMBIER,Female,Unknown,1,3,1
3292,CITY OF MOUNT GAMBIER,Female,Unknown,1,4,1
3293,CITY OF MOUNT GAMBIER,Female,Unknown,2,0,3
3294,CITY OF MOUNT GAMBIER,Female,Unknown,2,1,1
3295,CITY OF MOUNT GAMBIER,Male,>70,>5,0,1
3296,CITY OF MOUNT GAMBIER,Male,>70,0,1,18
3297,CITY OF MOUNT GAMBIER,Male,>70,0,2,1
3298,CITY OF MOUNT GAMBIER,Male,>70,1,0,155
3299,CITY OF MOUNT GAMBIER,Male,>70,1,1,3
3300,CITY OF MOUNT GAMBIER,Male,>70,2,0,19
3301,CITY OF MOUNT GAMBIER,Male,>70,2,1,2
3302,CITY OF MOUNT GAMBIER,Male,>70,2,2,1
3303,CITY OF MOUNT GAMBIER,Male,>70,3,0,4
3304,CITY OF MOUNT GAMBIER,Male,>70,4,0,2
3305,CITY OF MOUNT GAMBIER,Male,>70,5,0,1
3306,CITY OF MOUNT GAMBIER,Male,16-20,0,1,2
3307,CITY OF MOUNT GAMBIER,Male,16-20,0,2,1
3308,CITY OF MOUNT GAMBIER,Male,16-20,1,0,10
3309,CITY OF MOUNT GAMBIER,Male,16-20,2,0,1
3310,CITY OF MOUNT GAMBIER,Male,21-25,0,1,17
3311,CITY OF MOUNT GAMBIER,Male,21-25,0,2,3
3312,CITY OF MOUNT GAMBIER,Male,21-25,1,0,58
3313,CITY OF MOUNT GAMBIER,Male,21-25,1,1,3
3314,CITY OF MOUNT GAMBIER,Male,21-25,1,2,1
3315,CITY OF MOUNT GAMBIER,Male,21-25,2,0,8
3316,CITY OF MOUNT GAMBIER,Male,26-30,0,1,13
3317,CITY OF MOUNT GAMBIER,Male,26-30,0,2,2
3318,CITY OF MOUNT GAMBIER,Male,26-30,0,3,1
3319,CITY OF MOUNT GAMBIER,Male,26-30,1,0,117
3320,CITY OF MOUNT GAMBIER,Male,26-30,1,1,5
3321,CITY OF MOUNT GAMBIER,Male,26-30,2,0,18
3322,CITY OF MOUNT GAMBIER,Male,26-30,2,1,2
3323,CITY OF MOUNT GAMBIER,Male,26-30,2,2,1
3324,CITY OF MOUNT GAMBIER,Male,31-35,0,1,10
3325,CITY OF MOUNT GAMBIER,Male,31-35,0,2,2
3326,CITY OF MOUNT GAMBIER,Male,31-35,1,0,94
3327,CITY OF MOUNT GAMBIER,Male,31-35,1,1,6
3328,CITY OF MOUNT GAMBIER,Male,31-35,1,2,1
3329,CITY OF MOUNT GAMBIER,Male,31-35,1,4,1
3330,CITY OF MOUNT GAMBIER,Male,31-35,2,0,35
3331,CITY OF MOUNT GAMBIER,Male,31-35,2,1,1
3332,CITY OF MOUNT GAMBIER,Male,31-35,3,0,1
3333,CITY OF MOUNT GAMBIER,Male,31-35,4,0,1
3334,CITY OF MOUNT GAMBIER,Male,36-40,0,1,15
3335,CITY OF MOUNT GAMBIER,Male,36-40,0,2,4
3336,CITY OF MOUNT GAMBIER,Male,36-40,0,3,1
3337,CITY OF MOUNT GAMBIER,Male,36-40,1,0,112
3338,CITY OF MOUNT GAMBIER,Male,36-40,1,1,8
3339,CITY OF MOUNT GAMBIER,Male,36-40,1,2,1
3340,CITY OF MOUNT GAMBIER,Male,36-40,2,0,17
3341,CITY OF MOUNT GAMBIER,Male,36-40,2,1,1
3342,CITY OF MOUNT GAMBIER,Male,41-45,0,1,7
3343,CITY OF MOUNT GAMBIER,Male,41-45,0,2,1
3344,CITY OF MOUNT GAMBIER,Male,41-45,1,0,84
3345,CITY OF MOUNT GAMBIER,Male,41-45,1,1,1
3346,CITY OF MOUNT GAMBIER,Male,41-45,1,2,2
3347,CITY OF MOUNT GAMBIER,Male,41-45,2,0,27
3348,CITY OF MOUNT GAMBIER,Male,41-45,2,1,3
3349,CITY OF MOUNT GAMBIER,Male,41-45,2,3,1
3350,CITY OF MOUNT GAMBIER,Male,41-45,3,0,2
3351,CITY OF MOUNT GAMBIER,Male,46-50,0,1,12
3352,CITY OF MOUNT GAMBIER,Male,46-50,1,0,95
3353,CITY OF MOUNT GAMBIER,Male,46-50,1,1,6
3354,CITY OF MOUNT GAMBIER,Male,46-50,2,0,23
3355,CITY OF MOUNT GAMBIER,Male,46-50,2,1,2
3356,CITY OF MOUNT GAMBIER,Male,46-50,2,2,1
3357,CITY OF MOUNT GAMBIER,Male,46-50,3,0,2
3358,CITY OF MOUNT GAMBIER,Male,46-50,4,0,1
3359,CITY OF MOUNT GAMBIER,Male,51-55,0,1,12
3360,CITY OF MOUNT GAMBIER,Male,51-55,0,2,4
3361,CITY OF MOUNT GAMBIER,Male,51-55,0,3,1
3362,CITY OF MOUNT GAMBIER,Male,51-55,1,0,104
3363,CITY OF MOUNT GAMBIER,Male,51-55,1,1,4
3364,CITY OF MOUNT GAMBIER,Male,51-55,1,2,4
3365,CITY OF MOUNT GAMBIER,Male,51-55,2,0,20
3366,CITY OF MOUNT GAMBIER,Male,51-55,2,1,3
3367,CITY OF MOUNT GAMBIER,Male,51-55,2,2,1
3368,CITY OF MOUNT GAMBIER,Male,51-55,3,0,2
3369,CITY OF MOUNT GAMBIER,Male,51-55,3,1,1
3370,CITY OF MOUNT GAMBIER,Male,51-55,3,2,1
3371,CITY OF MOUNT GAMBIER,Male,56-60,0,1,8
3372,CITY OF MOUNT GAMBIER,Male,56-60,0,2,4
3373,CITY OF MOUNT GAMBIER,Male,56-60,1,0,89
3374,CITY OF MOUNT GAMBIER,Male,56-60,1,1,4
3375,CITY OF MOUNT GAMBIER,Male,56-60,1,2,1
3376,CITY OF MOUNT GAMBIER,Male,56-60,2,0,14
3377,CITY OF MOUNT GAMBIER,Male,56-60,2,1,1
3378,CITY OF MOUNT GAMBIER,Male,56-60,2,2,1
3379,CITY OF MOUNT GAMBIER,Male,56-60,3,0,1
3380,CITY OF MOUNT GAMBIER,Male,61-65,0,1,3
3381,CITY OF MOUNT GAMBIER,Male,61-65,0,2,1
3382,CITY OF MOUNT GAMBIER,Male,61-65,0,3,1
3383,CITY OF MOUNT GAMBIER,Male,61-65,1,0,69
3384,CITY OF MOUNT GAMBIER,Male,61-65,1,1,2
3385,CITY OF MOUNT GAMBIER,Male,61-65,1,2,1
3386,CITY OF MOUNT GAMBIER,Male,61-65,2,0,19
3387,CITY OF MOUNT GAMBIER,Male,61-65,2,2,1
3388,CITY OF MOUNT GAMBIER,Male,61-65,3,0,4
3389,CITY OF MOUNT GAMBIER,Male,61-65,4,0,1
3390,CITY OF MOUNT GAMBIER,Male,66-70,0,1,8
3391,CITY OF MOUNT GAMBIER,Male,66-70,0,2,3
3392,CITY OF MOUNT GAMBIER,Male,66-70,0,4,1
3393,CITY OF MOUNT GAMBIER,Male,66-70,1,0,67
3394,CITY OF MOUNT GAMBIER,Male,66-70,1,1,2
3395,CITY OF MOUNT GAMBIER,Male,66-70,1,2,1
3396,CITY OF MOUNT GAMBIER,Male,66-70,2,0,10
3397,CITY OF MOUNT GAMBIER,Male,66-70,2,2,1
3398,CITY OF MOUNT GAMBIER,Male,66-70,3,0,1
3399,CITY OF MOUNT GAMBIER,Male,Unknown,0,1,55
3400,CITY OF MOUNT GAMBIER,Male,Unknown,0,2,5
3401,CITY OF MOUNT GAMBIER,Male,Unknown,0,3,1
3402,CITY OF MOUNT GAMBIER,Male,Unknown,0,4,2
3403,CITY OF MOUNT GAMBIER,Male,Unknown,1,0,8
3404,CITY OF MOUNT GAMBIER,Male,Unknown,1,1,2
3405,CITY OF MOUNT GAMBIER,Male,Unknown,1,3,1
3406,CITY OF MOUNT GAMBIER,Other,>70,1,0,24
3407,CITY OF MOUNT GAMBIER,Other,>70,1,2,1
3408,CITY OF MOUNT GAMBIER,Other,>70,2,0,2
3409,CITY OF MOUNT GAMBIER,Other,16-20,0,1,1
3410,CITY OF MOUNT GAMBIER,Other,16-20,1,0,1
3411,CITY OF MOUNT GAMBIER,Other,21-25,2,1,1
3412,CITY OF MOUNT GAMBIER,Other,26-30,1,0,3
3413,CITY OF MOUNT GAMBIER,Other,26-30,2,1,1
3414,CITY OF MOUNT GAMBIER,Other,31-35,0,1,1
3415,CITY OF MOUNT GAMBIER,Other,31-35,1,0,5
3416,CITY OF MOUNT GAMBIER,Other,31-35,1,1,1
3417,CITY OF MOUNT GAMBIER,Other,36-40,0,1,1
3418,CITY OF MOUNT GAMBIER,Other,36-40,1,0,7
3419,CITY OF MOUNT GAMBIER,Other,36-40,1,1,2
3420,CITY OF MOUNT GAMBIER,Other,36-40,1,3,1
3421,CITY OF MOUNT GAMBIER,Other,36-40,2,0,3
3422,CITY OF MOUNT GAMBIER,Other,41-45,1,0,6
3423,CITY OF MOUNT GAMBIER,Other,41-45,1,1,1
3424,CITY OF MOUNT GAMBIER,Other,41-45,2,0,2
3425,CITY OF MOUNT GAMBIER,Other,46-50,0,1,1
3426,CITY OF MOUNT GAMBIER,Other,46-50,0,4,1
3427,CITY OF MOUNT GAMBIER,Other,46-50,1,0,4
3428,CITY OF MOUNT GAMBIER,Other,46-50,1,1,1
3429,CITY OF MOUNT GAMBIER,Other,46-50,2,0,2
3430,CITY OF MOUNT GAMBIER,Other,46-50,3,0,1
3431,CITY OF MOUNT GAMBIER,Other,51-55,1,0,9
3432,CITY OF MOUNT GAMBIER,Other,51-55,1,1,1
3433,CITY OF MOUNT GAMBIER,Other,51-55,2,0,4
3434,CITY OF MOUNT GAMBIER,Other,56-60,1,0,11
3435,CITY OF MOUNT GAMBIER,Other,56-60,2,0,3
3436,CITY OF MOUNT GAMBIER,Other,56-60,3,>5,1
3437,CITY OF MOUNT GAMBIER,Other,56-60,3,0,1
3438,CITY OF MOUNT GAMBIER,Other,61-65,0,1,1
3439,CITY OF MOUNT GAMBIER,Other,61-65,1,0,10
3440,CITY OF MOUNT GAMBIER,Other,61-65,2,0,2
3441,CITY OF MOUNT GAMBIER,Other,61-65,3,2,1
3442,CITY OF MOUNT GAMBIER,Other,66-70,>5,0,1
3443,CITY OF MOUNT GAMBIER,Other,66-70,1,0,6
3444,CITY OF MOUNT GAMBIER,Other,66-70,2,0,2
3445,CITY OF MOUNT GAMBIER,Other,66-70,4,0,1
3446,CITY OF MOUNT GAMBIER,Other,Unknown,0,1,3
3447,CITY OF MOUNT GAMBIER,Other,Unknown,0,2,2
3448,CITY OF MOUNT GAMBIER,Other,Unknown,2,0,1
3449,CITY OF MOUNT GAMBIER,SUPPRESSED,Unknown,0,1,5
3450,CITY OF MOUNT GAMBIER,SUPPRESSED,Unknown,0,2,1
3451,CITY OF MOUNT GAMBIER,SUPPRESSED,Unknown,0,4,1
3452,CITY OF MOUNT GAMBIER,SUPPRESSED,Unknown,1,0,14
3453,CITY OF MOUNT GAMBIER,SUPPRESSED,Unknown,1,1,4
3454,CITY OF MOUNT GAMBIER,SUPPRESSED,Unknown,1,3,1
3455,CITY OF MOUNT GAMBIER,SUPPRESSED,Unknown,2,0,15
3456,CITY OF MOUNT GAMBIER,SUPPRESSED,Unknown,2,2,2
3457,CITY OF MOUNT GAMBIER,SUPPRESSED,Unknown,2,3,1
3458,CITY OF MOUNT GAMBIER,SUPPRESSED,Unknown,3,0,1
3459,CITY OF MOUNT GAMBIER,SUPPRESSED,Unknown,5,0,1
3460,CITY OF MOUNT GAMBIER,Unknown,26-30,0,1,1
3461,CITY OF MOUNT GAMBIER,Unknown,31-35,0,1,1
3462,CITY OF MOUNT GAMBIER,Unknown,36-40,0,1,1
3463,CITY OF MOUNT GAMBIER,Unknown,51-55,0,1,2
3464,CITY OF MOUNT GAMBIER,Unknown,56-60,0,1,2
3465,CITY OF MOUNT GAMBIER,Unknown,61-65,0,1,1
3466,CITY OF MOUNT GAMBIER,Unknown,Unknown,0,1,28
3467,CITY OF MOUNT GAMBIER,Unknown,Unknown,0,2,5
3468,CITY OF MOUNT GAMBIER,Unknown,Unknown,0,3,1
3469,CITY OF MOUNT GAMBIER,Unknown,Unknown,2,0,1
3470,CITY OF ONKAPARINGA,Female,>70,>5,>5,1
3471,CITY OF ONKAPARINGA,Female,>70,>5,0,2
3472,CITY OF ONKAPARINGA,Female,>70,0,>5,1
3473,CITY OF ONKAPARINGA,Female,>70,0,1,199
3474,CITY OF ONKAPARINGA,Female,>70,0,2,27
3475,CITY OF ONKAPARINGA,Female,>70,0,3,5
3476,CITY OF ONKAPARINGA,Female,>70,0,4,1
3477,CITY OF ONKAPARINGA,Female,>70,1,0,1779
3478,CITY OF ONKAPARINGA,Female,>70,1,1,60
3479,CITY OF ONKAPARINGA,Female,>70,1,2,16
3480,CITY OF ONKAPARINGA,Female,>70,1,3,4
3481,CITY OF ONKAPARINGA,Female,>70,1,4,2
3482,CITY OF ONKAPARINGA,Female,>70,2,0,323
3483,CITY OF ONKAPARINGA,Female,>70,2,1,7
3484,CITY OF ONKAPARINGA,Female,>70,2,2,2
3485,CITY OF ONKAPARINGA,Female,>70,3,0,26
3486,CITY OF ONKAPARINGA,Female,>70,3,1,2
3487,CITY OF ONKAPARINGA,Female,>70,3,3,1
3488,CITY OF ONKAPARINGA,Female,>70,4,0,5
3489,CITY OF ONKAPARINGA,Female,>70,5,0,2
3490,CITY OF ONKAPARINGA,Female,16-20,0,1,38
3491,CITY OF ONKAPARINGA,Female,16-20,0,2,5
3492,CITY OF ONKAPARINGA,Female,16-20,1,0,39
3493,CITY OF ONKAPARINGA,Female,16-20,2,0,2
3494,CITY OF ONKAPARINGA,Female,16-20,3,0,1
3495,CITY OF ONKAPARINGA,Female,21-25,0,1,257
3496,CITY OF ONKAPARINGA,Female,21-25,0,2,71
3497,CITY OF ONKAPARINGA,Female,21-25,0,3,6
3498,CITY OF ONKAPARINGA,Female,21-25,0,4,4
3499,CITY OF ONKAPARINGA,Female,21-25,1,0,429
3500,CITY OF ONKAPARINGA,Female,21-25,1,1,31
3501,CITY OF ONKAPARINGA,Female,21-25,1,2,8
3502,CITY OF ONKAPARINGA,Female,21-25,2,0,78
3503,CITY OF ONKAPARINGA,Female,21-25,2,1,7
3504,CITY OF ONKAPARINGA,Female,21-25,2,2,2
3505,CITY OF ONKAPARINGA,Female,21-25,2,5,1
3506,CITY OF ONKAPARINGA,Female,21-25,3,0,2
3507,CITY OF ONKAPARINGA,Female,21-25,3,1,2
3508,CITY OF ONKAPARINGA,Female,21-25,4,2,1
3509,CITY OF ONKAPARINGA,Female,26-30,0,1,304
3510,CITY OF ONKAPARINGA,Female,26-30,0,2,95
3511,CITY OF ONKAPARINGA,Female,26-30,0,3,13
3512,CITY OF ONKAPARINGA,Female,26-30,0,4,3
3513,CITY OF ONKAPARINGA,Female,26-30,0,5,2
3514,CITY OF ONKAPARINGA,Female,26-30,1,>5,1
3515,CITY OF ONKAPARINGA,Female,26-30,1,0,1032
3516,CITY OF ONKAPARINGA,Female,26-30,1,1,89
3517,CITY OF ONKAPARINGA,Female,26-30,1,2,23
3518,CITY OF ONKAPARINGA,Female,26-30,1,3,5
3519,CITY OF ONKAPARINGA,Female,26-30,1,4,1
3520,CITY OF ONKAPARINGA,Female,26-30,2,0,231
3521,CITY OF ONKAPARINGA,Female,26-30,2,1,24
3522,CITY OF ONKAPARINGA,Female,26-30,2,2,8
3523,CITY OF ONKAPARINGA,Female,26-30,2,3,1
3524,CITY OF ONKAPARINGA,Female,26-30,3,0,15
3525,CITY OF ONKAPARINGA,Female,26-30,3,1,2
3526,CITY OF ONKAPARINGA,Female,26-30,3,4,1
3527,CITY OF ONKAPARINGA,Female,26-30,4,0,1
3528,CITY OF ONKAPARINGA,Female,31-35,0,>5,2
3529,CITY OF ONKAPARINGA,Female,31-35,0,1,228
3530,CITY OF ONKAPARINGA,Female,31-35,0,2,95
3531,CITY OF ONKAPARINGA,Female,31-35,0,3,17
3532,CITY OF ONKAPARINGA,Female,31-35,0,4,3
3533,CITY OF ONKAPARINGA,Female,31-35,0,5,2
3534,CITY OF ONKAPARINGA,Female,31-35,1,0,1349
3535,CITY OF ONKAPARINGA,Female,31-35,1,1,110
3536,CITY OF ONKAPARINGA,Female,31-35,1,2,36
3537,CITY OF ONKAPARINGA,Female,31-35,1,3,7
3538,CITY OF ONKAPARINGA,Female,31-35,1,4,2
3539,CITY OF ONKAPARINGA,Female,31-35,2,0,323
3540,CITY OF ONKAPARINGA,Female,31-35,2,1,27
3541,CITY OF ONKAPARINGA,Female,31-35,2,2,15
3542,CITY OF ONKAPARINGA,Female,31-35,2,3,5
3543,CITY OF ONKAPARINGA,Female,31-35,3,0,28
3544,CITY OF ONKAPARINGA,Female,31-35,3,1,2
3545,CITY OF ONKAPARINGA,Female,31-35,3,2,1
3546,CITY OF ONKAPARINGA,Female,31-35,3,3,1
3547,CITY OF ONKAPARINGA,Female,31-35,4,0,2
3548,CITY OF ONKAPARINGA,Female,36-40,>5,0,3
3549,CITY OF ONKAPARINGA,Female,36-40,0,>5,1
3550,CITY OF ONKAPARINGA,Female,36-40,0,1,243
3551,CITY OF ONKAPARINGA,Female,36-40,0,2,73
3552,CITY OF ONKAPARINGA,Female,36-40,0,3,14
3553,CITY OF ONKAPARINGA,Female,36-40,0,5,1
3554,CITY OF ONKAPARINGA,Female,36-40,1,0,1426
3555,CITY OF ONKAPARINGA,Female,36-40,1,1,109
3556,CITY OF ONKAPARINGA,Female,36-40,1,2,44
3557,CITY OF ONKAPARINGA,Female,36-40,1,3,7
3558,CITY OF ONKAPARINGA,Female,36-40,1,4,2
3559,CITY OF ONKAPARINGA,Female,36-40,2,0,369
3560,CITY OF ONKAPARINGA,Female,36-40,2,1,45
3561,CITY OF ONKAPARINGA,Female,36-40,2,2,15
3562,CITY OF ONKAPARINGA,Female,36-40,2,3,2
3563,CITY OF ONKAPARINGA,Female,36-40,3,0,19
3564,CITY OF ONKAPARINGA,Female,36-40,3,1,1
3565,CITY OF ONKAPARINGA,Female,36-40,3,2,2
3566,CITY OF ONKAPARINGA,Female,36-40,3,3,2
3567,CITY OF ONKAPARINGA,Female,36-40,4,0,5
3568,CITY OF ONKAPARINGA,Female,36-40,4,1,1
3569,CITY OF ONKAPARINGA,Female,36-40,5,2,1
3570,CITY OF ONKAPARINGA,Female,41-45,>5,0,1
3571,CITY OF ONKAPARINGA,Female,41-45,0,>5,3
3572,CITY OF ONKAPARINGA,Female,41-45,0,1,256
3573,CITY OF ONKAPARINGA,Female,41-45,0,2,92
3574,CITY OF ONKAPARINGA,Female,41-45,0,3,18
3575,CITY OF ONKAPARINGA,Female,41-45,0,4,5
3576,CITY OF ONKAPARINGA,Female,41-45,0,5,1
3577,CITY OF ONKAPARINGA,Female,41-45,1,0,1377
3578,CITY OF ONKAPARINGA,Female,41-45,1,1,130
3579,CITY OF ONKAPARINGA,Female,41-45,1,2,50
3580,CITY OF ONKAPARINGA,Female,41-45,1,3,13
3581,CITY OF ONKAPARINGA,Female,41-45,1,4,3
3582,CITY OF ONKAPARINGA,Female,41-45,2,>5,1
3583,CITY OF ONKAPARINGA,Female,41-45,2,0,381
3584,CITY OF ONKAPARINGA,Female,41-45,2,1,43
3585,CITY OF ONKAPARINGA,Female,41-45,2,2,19
3586,CITY OF ONKAPARINGA,Female,41-45,2,4,1
3587,CITY OF ONKAPARINGA,Female,41-45,3,0,24
3588,CITY OF ONKAPARINGA,Female,41-45,3,1,6
3589,CITY OF ONKAPARINGA,Female,41-45,3,2,3
3590,CITY OF ONKAPARINGA,Female,41-45,3,3,1
3591,CITY OF ONKAPARINGA,Female,41-45,4,0,3
3592,CITY OF ONKAPARINGA,Female,41-45,5,0,2
3593,CITY OF ONKAPARINGA,Female,41-45,5,1,1
3594,CITY OF ONKAPARINGA,Female,46-50,>5,0,1
3595,CITY OF ONKAPARINGA,Female,46-50,0,>5,1
3596,CITY OF ONKAPARINGA,Female,46-50,0,1,232
3597,CITY OF ONKAPARINGA,Female,46-50,0,2,96
3598,CITY OF ONKAPARINGA,Female,46-50,0,3,12
3599,CITY OF ONKAPARINGA,Female,46-50,0,4,5
3600,CITY OF ONKAPARINGA,Female,46-50,0,5,1
3601,CITY OF ONKAPARINGA,Female,46-50,1,0,1415
3602,CITY OF ONKAPARINGA,Female,46-50,1,1,161
3603,CITY OF ONKAPARINGA,Female,46-50,1,2,43
3604,CITY OF ONKAPARINGA,Female,46-50,1,3,13
3605,CITY OF ONKAPARINGA,Female,46-50,1,4,7
3606,CITY OF ONKAPARINGA,Female,46-50,1,5,2
3607,CITY OF ONKAPARINGA,Female,46-50,2,>5,1
3608,CITY OF ONKAPARINGA,Female,46-50,2,0,449
3609,CITY OF ONKAPARINGA,Female,46-50,2,1,40
3610,CITY OF ONKAPARINGA,Female,46-50,2,2,25
3611,CITY OF ONKAPARINGA,Female,46-50,2,3,8
3612,CITY OF ONKAPARINGA,Female,46-50,2,4,2
3613,CITY OF ONKAPARINGA,Female,46-50,2,5,1
3614,CITY OF ONKAPARINGA,Female,46-50,3,0,44
3615,CITY OF ONKAPARINGA,Female,46-50,3,1,2
3616,CITY OF ONKAPARINGA,Female,46-50,3,2,1
3617,CITY OF ONKAPARINGA,Female,46-50,3,3,1
3618,CITY OF ONKAPARINGA,Female,46-50,4,0,5
3619,CITY OF ONKAPARINGA,Female,46-50,5,0,1
3620,CITY OF ONKAPARINGA,Female,46-50,5,1,1
3621,CITY OF ONKAPARINGA,Female,46-50,5,3,1
3622,CITY OF ONKAPARINGA,Female,51-55,>5,0,1
3623,CITY OF ONKAPARINGA,Female,51-55,0,>5,1
3624,CITY OF ONKAPARINGA,Female,51-55,0,1,197
3625,CITY OF ONKAPARINGA,Female,51-55,0,2,81
3626,CITY OF ONKAPARINGA,Female,51-55,0,3,11
3627,CITY OF ONKAPARINGA,Female,51-55,0,4,12
3628,CITY OF ONKAPARINGA,Female,51-55,1,0,1529
3629,CITY OF ONKAPARINGA,Female,51-55,1,1,127
3630,CITY OF ONKAPARINGA,Female,51-55,1,2,48
3631,CITY OF ONKAPARINGA,Female,51-55,1,3,9
3632,CITY OF ONKAPARINGA,Female,51-55,1,4,1
3633,CITY OF ONKAPARINGA,Female,51-55,1,5,1
3634,CITY OF ONKAPARINGA,Female,51-55,2,>5,1
3635,CITY OF ONKAPARINGA,Female,51-55,2,0,489
3636,CITY OF ONKAPARINGA,Female,51-55,2,1,45
3637,CITY OF ONKAPARINGA,Female,51-55,2,2,22
3638,CITY OF ONKAPARINGA,Female,51-55,2,3,2
3639,CITY OF ONKAPARINGA,Female,51-55,2,4,2
3640,CITY OF ONKAPARINGA,Female,51-55,2,5,1
3641,CITY OF ONKAPARINGA,Female,51-55,3,0,48
3642,CITY OF ONKAPARINGA,Female,51-55,3,1,10
3643,CITY OF ONKAPARINGA,Female,51-55,3,2,3
3644,CITY OF ONKAPARINGA,Female,51-55,3,3,2
3645,CITY OF ONKAPARINGA,Female,51-55,3,4,1
3646,CITY OF ONKAPARINGA,Female,51-55,4,>5,1
3647,CITY OF ONKAPARINGA,Female,51-55,4,0,11
3648,CITY OF ONKAPARINGA,Female,51-55,4,1,1
3649,CITY OF ONKAPARINGA,Female,51-55,4,2,1
3650,CITY OF ONKAPARINGA,Female,56-60,>5,0,3
3651,CITY OF ONKAPARINGA,Female,56-60,>5,5,1
3652,CITY OF ONKAPARINGA,Female,56-60,0,>5,1
3653,CITY OF ONKAPARINGA,Female,56-60,0,1,158
3654,CITY OF ONKAPARINGA,Female,56-60,0,2,45
3655,CITY OF ONKAPARINGA,Female,56-60,0,3,15
3656,CITY OF ONKAPARINGA,Female,56-60,0,4,3
3657,CITY OF ONKAPARINGA,Female,56-60,0,5,2
3658,CITY OF ONKAPARINGA,Female,56-60,1,>5,2
3659,CITY OF ONKAPARINGA,Female,56-60,1,0,1318
3660,CITY OF ONKAPARINGA,Female,56-60,1,1,81
3661,CITY OF ONKAPARINGA,Female,56-60,1,2,28
3662,CITY OF ONKAPARINGA,Female,56-60,1,3,5
3663,CITY OF ONKAPARINGA,Female,56-60,1,4,3
3664,CITY OF ONKAPARINGA,Female,56-60,1,5,1
3665,CITY OF ONKAPARINGA,Female,56-60,2,>5,1
3666,CITY OF ONKAPARINGA,Female,56-60,2,0,392
3667,CITY OF ONKAPARINGA,Female,56-60,2,1,33
3668,CITY OF ONKAPARINGA,Female,56-60,2,2,10
3669,CITY OF ONKAPARINGA,Female,56-60,2,3,4
3670,CITY OF ONKAPARINGA,Female,56-60,2,4,3
3671,CITY OF ONKAPARINGA,Female,56-60,2,5,1
3672,CITY OF ONKAPARINGA,Female,56-60,3,0,39
3673,CITY OF ONKAPARINGA,Female,56-60,3,1,4
3674,CITY OF ONKAPARINGA,Female,56-60,3,2,3
3675,CITY OF ONKAPARINGA,Female,56-60,3,4,1
3676,CITY OF ONKAPARINGA,Female,56-60,4,0,3
3677,CITY OF ONKAPARINGA,Female,56-60,4,1,2
3678,CITY OF ONKAPARINGA,Female,61-65,>5,0,5
3679,CITY OF ONKAPARINGA,Female,61-65,0,>5,3
3680,CITY OF ONKAPARINGA,Female,61-65,0,1,126
3681,CITY OF ONKAPARINGA,Female,61-65,0,2,46
3682,CITY OF ONKAPARINGA,Female,61-65,0,3,11
3683,CITY OF ONKAPARINGA,Female,61-65,0,4,4
3684,CITY OF ONKAPARINGA,Female,61-65,1,>5,1
3685,CITY OF ONKAPARINGA,Female,61-65,1,0,1176
3686,CITY OF ONKAPARINGA,Female,61-65,1,1,64
3687,CITY OF ONKAPARINGA,Female,61-65,1,2,15
3688,CITY OF ONKAPARINGA,Female,61-65,1,3,2
3689,CITY OF ONKAPARINGA,Female,61-65,2,0,309
3690,CITY OF ONKAPARINGA,Female,61-65,2,1,15
3691,CITY OF ONKAPARINGA,Female,61-65,2,2,6
3692,CITY OF ONKAPARINGA,Female,61-65,2,3,1
3693,CITY OF ONKAPARINGA,Female,61-65,2,4,1
3694,CITY OF ONKAPARINGA,Female,61-65,3,0,32
3695,CITY OF ONKAPARINGA,Female,61-65,3,1,1
3696,CITY OF ONKAPARINGA,Female,61-65,3,2,1
3697,CITY OF ONKAPARINGA,Female,61-65,4,0,9
3698,CITY OF ONKAPARINGA,Female,61-65,4,1,1
3699,CITY OF ONKAPARINGA,Female,61-65,5,0,3
3700,CITY OF ONKAPARINGA,Female,66-70,>5,0,3
3701,CITY OF ONKAPARINGA,Female,66-70,0,>5,2
3702,CITY OF ONKAPARINGA,Female,66-70,0,1,98
3703,CITY OF ONKAPARINGA,Female,66-70,0,2,33
3704,CITY OF ONKAPARINGA,Female,66-70,0,3,8
3705,CITY OF ONKAPARINGA,Female,66-70,0,4,1
3706,CITY OF ONKAPARINGA,Female,66-70,0,5,2
3707,CITY OF ONKAPARINGA,Female,66-70,1,>5,1
3708,CITY OF ONKAPARINGA,Female,66-70,1,0,917
3709,CITY OF ONKAPARINGA,Female,66-70,1,1,31
3710,CITY OF ONKAPARINGA,Female,66-70,1,2,12
3711,CITY OF ONKAPARINGA,Female,66-70,1,3,3
3712,CITY OF ONKAPARINGA,Female,66-70,2,>5,1
3713,CITY OF ONKAPARINGA,Female,66-70,2,0,212
3714,CITY OF ONKAPARINGA,Female,66-70,2,1,10
3715,CITY OF ONKAPARINGA,Female,66-70,2,2,7
3716,CITY OF ONKAPARINGA,Female,66-70,3,0,21
3717,CITY OF ONKAPARINGA,Female,66-70,3,1,1
3718,CITY OF ONKAPARINGA,Female,66-70,3,3,2
3719,CITY OF ONKAPARINGA,Female,66-70,4,0,8
3720,CITY OF ONKAPARINGA,Female,66-70,5,0,2
3721,CITY OF ONKAPARINGA,Female,Unknown,0,1,736
3722,CITY OF ONKAPARINGA,Female,Unknown,0,2,137
3723,CITY OF ONKAPARINGA,Female,Unknown,0,3,13
3724,CITY OF ONKAPARINGA,Female,Unknown,0,4,3
3725,CITY OF ONKAPARINGA,Female,Unknown,1,0,157
3726,CITY OF ONKAPARINGA,Female,Unknown,1,1,5
3727,CITY OF ONKAPARINGA,Female,Unknown,1,2,2
3728,CITY OF ONKAPARINGA,Female,Unknown,1,3,1
3729,CITY OF ONKAPARINGA,Female,Unknown,2,0,12
3730,CITY OF ONKAPARINGA,Female,Unknown,2,1,1
3731,CITY OF ONKAPARINGA,Female,Unknown,5,0,1
3732,CITY OF ONKAPARINGA,Male,>70,>5,0,5
3733,CITY OF ONKAPARINGA,Male,>70,0,>5,1
3734,CITY OF ONKAPARINGA,Male,>70,0,1,71
3735,CITY OF ONKAPARINGA,Male,>70,0,2,12
3736,CITY OF ONKAPARINGA,Male,>70,0,3,3
3737,CITY OF ONKAPARINGA,Male,>70,1,0,1072
3738,CITY OF ONKAPARINGA,Male,>70,1,1,12
3739,CITY OF ONKAPARINGA,Male,>70,1,2,4
3740,CITY OF ONKAPARINGA,Male,>70,1,3,1
3741,CITY OF ONKAPARINGA,Male,>70,2,0,133
3742,CITY OF ONKAPARINGA,Male,>70,2,1,2
3743,CITY OF ONKAPARINGA,Male,>70,2,2,1
3744,CITY OF ONKAPARINGA,Male,>70,2,4,1
3745,CITY OF ONKAPARINGA,Male,>70,3,0,15
3746,CITY OF ONKAPARINGA,Male,>70,3,1,1
3747,CITY OF ONKAPARINGA,Male,>70,4,0,2
3748,CITY OF ONKAPARINGA,Male,16-20,0,1,7
3749,CITY OF ONKAPARINGA,Male,16-20,0,2,2
3750,CITY OF ONKAPARINGA,Male,16-20,1,0,26
3751,CITY OF ONKAPARINGA,Male,21-25,0,1,90
3752,CITY OF ONKAPARINGA,Male,21-25,0,2,12
3753,CITY OF ONKAPARINGA,Male,21-25,0,5,1
3754,CITY OF ONKAPARINGA,Male,21-25,1,0,222
3755,CITY OF ONKAPARINGA,Male,21-25,1,1,9
3756,CITY OF ONKAPARINGA,Male,21-25,1,2,3
3757,CITY OF ONKAPARINGA,Male,21-25,2,0,10
3758,CITY OF ONKAPARINGA,Male,21-25,2,2,1
3759,CITY OF ONKAPARINGA,Male,21-25,3,0,1
3760,CITY OF ONKAPARINGA,Male,26-30,0,1,115
3761,CITY OF ONKAPARINGA,Male,26-30,0,2,31
3762,CITY OF ONKAPARINGA,Male,26-30,0,3,9
3763,CITY OF ONKAPARINGA,Male,26-30,1,0,621
3764,CITY OF ONKAPARINGA,Male,26-30,1,1,16
3765,CITY OF ONKAPARINGA,Male,26-30,1,2,5
3766,CITY OF ONKAPARINGA,Male,26-30,2,0,85
3767,CITY OF ONKAPARINGA,Male,26-30,2,1,2
3768,CITY OF ONKAPARINGA,Male,26-30,2,2,1
3769,CITY OF ONKAPARINGA,Male,26-30,2,3,1
3770,CITY OF ONKAPARINGA,Male,26-30,3,0,3
3771,CITY OF ONKAPARINGA,Male,31-35,>5,0,1
3772,CITY OF ONKAPARINGA,Male,31-35,0,1,124
3773,CITY OF ONKAPARINGA,Male,31-35,0,2,20
3774,CITY OF ONKAPARINGA,Male,31-35,0,3,7
3775,CITY OF ONKAPARINGA,Male,31-35,1,0,798
3776,CITY OF ONKAPARINGA,Male,31-35,1,1,18
3777,CITY OF ONKAPARINGA,Male,31-35,1,2,8
3778,CITY OF ONKAPARINGA,Male,31-35,1,3,1
3779,CITY OF ONKAPARINGA,Male,31-35,2,0,139
3780,CITY OF ONKAPARINGA,Male,31-35,2,1,5
3781,CITY OF ONKAPARINGA,Male,31-35,2,2,1
3782,CITY OF ONKAPARINGA,Male,31-35,3,0,5
3783,CITY OF ONKAPARINGA,Male,31-35,5,0,1
3784,CITY OF ONKAPARINGA,Male,36-40,>5,0,1
3785,CITY OF ONKAPARINGA,Male,36-40,0,>5,1
3786,CITY OF ONKAPARINGA,Male,36-40,0,1,79
3787,CITY OF ONKAPARINGA,Male,36-40,0,2,19
3788,CITY OF ONKAPARINGA,Male,36-40,0,3,1
3789,CITY OF ONKAPARINGA,Male,36-40,0,5,1
3790,CITY OF ONKAPARINGA,Male,36-40,1,0,831
3791,CITY OF ONKAPARINGA,Male,36-40,1,1,26
3792,CITY OF ONKAPARINGA,Male,36-40,1,2,5
3793,CITY OF ONKAPARINGA,Male,36-40,1,3,2
3794,CITY OF ONKAPARINGA,Male,36-40,2,0,138
3795,CITY OF ONKAPARINGA,Male,36-40,2,1,5
3796,CITY OF ONKAPARINGA,Male,36-40,3,0,7
3797,CITY OF ONKAPARINGA,Male,36-40,4,0,2
3798,CITY OF ONKAPARINGA,Male,41-45,>5,0,1
3799,CITY OF ONKAPARINGA,Male,41-45,0,>5,1
3800,CITY OF ONKAPARINGA,Male,41-45,0,1,69
3801,CITY OF ONKAPARINGA,Male,41-45,0,2,32
3802,CITY OF ONKAPARINGA,Male,41-45,0,3,2
3803,CITY OF ONKAPARINGA,Male,41-45,1,0,779
3804,CITY OF ONKAPARINGA,Male,41-45,1,1,22
3805,CITY OF ONKAPARINGA,Male,41-45,1,2,6
3806,CITY OF ONKAPARINGA,Male,41-45,1,3,2
3807,CITY OF ONKAPARINGA,Male,41-45,2,0,108
3808,CITY OF ONKAPARINGA,Male,41-45,2,1,2
3809,CITY OF ONKAPARINGA,Male,41-45,2,2,2
3810,CITY OF ONKAPARINGA,Male,41-45,2,3,1
3811,CITY OF ONKAPARINGA,Male,41-45,2,4,1
3812,CITY OF ONKAPARINGA,Male,41-45,3,0,8
3813,CITY OF ONKAPARINGA,Male,41-45,3,2,1
3814,CITY OF ONKAPARINGA,Male,41-45,4,0,3
3815,CITY OF ONKAPARINGA,Male,46-50,0,1,73
3816,CITY OF ONKAPARINGA,Male,46-50,0,2,13
3817,CITY OF ONKAPARINGA,Male,46-50,0,3,3
3818,CITY OF ONKAPARINGA,Male,46-50,0,4,1
3819,CITY OF ONKAPARINGA,Male,46-50,1,0,754
3820,CITY OF ONKAPARINGA,Male,46-50,1,1,27
3821,CITY OF ONKAPARINGA,Male,46-50,1,2,9
3822,CITY OF ONKAPARINGA,Male,46-50,1,3,2
3823,CITY OF ONKAPARINGA,Male,46-50,2,0,122
3824,CITY OF ONKAPARINGA,Male,46-50,2,1,6
3825,CITY OF ONKAPARINGA,Male,46-50,3,0,14
3826,CITY OF ONKAPARINGA,Male,46-50,3,1,1
3827,CITY OF ONKAPARINGA,Male,46-50,4,0,1
3828,CITY OF ONKAPARINGA,Male,51-55,0,1,73
3829,CITY OF ONKAPARINGA,Male,51-55,0,2,19
3830,CITY OF ONKAPARINGA,Male,51-55,0,3,1
3831,CITY OF ONKAPARINGA,Male,51-55,0,4,2
3832,CITY OF ONKAPARINGA,Male,51-55,0,5,1
3833,CITY OF ONKAPARINGA,Male,51-55,1,0,753
3834,CITY OF ONKAPARINGA,Male,51-55,1,1,27
3835,CITY OF ONKAPARINGA,Male,51-55,1,2,1
3836,CITY OF ONKAPARINGA,Male,51-55,2,0,159
3837,CITY OF ONKAPARINGA,Male,51-55,2,1,8
3838,CITY OF ONKAPARINGA,Male,51-55,2,2,3
3839,CITY OF ONKAPARINGA,Male,51-55,3,0,12
3840,CITY OF ONKAPARINGA,Male,51-55,4,0,2
3841,CITY OF ONKAPARINGA,Male,56-60,>5,0,3
3842,CITY OF ONKAPARINGA,Male,56-60,0,>5,2
3843,CITY OF ONKAPARINGA,Male,56-60,0,1,45
3844,CITY OF ONKAPARINGA,Male,56-60,0,2,19
3845,CITY OF ONKAPARINGA,Male,56-60,0,3,2
3846,CITY OF ONKAPARINGA,Male,56-60,0,4,1
3847,CITY OF ONKAPARINGA,Male,56-60,1,0,675
3848,CITY OF ONKAPARINGA,Male,56-60,1,1,18
3849,CITY OF ONKAPARINGA,Male,56-60,1,2,4
3850,CITY OF ONKAPARINGA,Male,56-60,1,3,1
3851,CITY OF ONKAPARINGA,Male,56-60,2,0,121
3852,CITY OF ONKAPARINGA,Male,56-60,2,1,5
3853,CITY OF ONKAPARINGA,Male,56-60,2,2,3
3854,CITY OF ONKAPARINGA,Male,56-60,3,0,8
3855,CITY OF ONKAPARINGA,Male,56-60,5,0,1
3856,CITY OF ONKAPARINGA,Male,61-65,>5,0,3
3857,CITY OF ONKAPARINGA,Male,61-65,0,1,30
3858,CITY OF ONKAPARINGA,Male,61-65,0,2,13
3859,CITY OF ONKAPARINGA,Male,61-65,0,3,1
3860,CITY OF ONKAPARINGA,Male,61-65,1,0,576
3861,CITY OF ONKAPARINGA,Male,61-65,1,1,17
3862,CITY OF ONKAPARINGA,Male,61-65,1,2,3
3863,CITY OF ONKAPARINGA,Male,61-65,1,3,1
3864,CITY OF ONKAPARINGA,Male,61-65,2,0,104
3865,CITY OF ONKAPARINGA,Male,61-65,3,0,7
3866,CITY OF ONKAPARINGA,Male,61-65,4,0,1
3867,CITY OF ONKAPARINGA,Male,61-65,5,0,2
3868,CITY OF ONKAPARINGA,Male,66-70,0,1,33
3869,CITY OF ONKAPARINGA,Male,66-70,0,2,9
3870,CITY OF ONKAPARINGA,Male,66-70,0,3,3
3871,CITY OF ONKAPARINGA,Male,66-70,0,4,2
3872,CITY OF ONKAPARINGA,Male,66-70,1,0,510
3873,CITY OF ONKAPARINGA,Male,66-70,1,1,12
3874,CITY OF ONKAPARINGA,Male,66-70,1,2,3
3875,CITY OF ONKAPARINGA,Male,66-70,1,3,2
3876,CITY OF ONKAPARINGA,Male,66-70,2,0,91
3877,CITY OF ONKAPARINGA,Male,66-70,2,1,3
3878,CITY OF ONKAPARINGA,Male,66-70,3,0,9
3879,CITY OF ONKAPARINGA,Male,66-70,4,0,2
3880,CITY OF ONKAPARINGA,Male,Unknown,>5,0,1
3881,CITY OF ONKAPARINGA,Male,Unknown,0,>5,1
3882,CITY OF ONKAPARINGA,Male,Unknown,0,1,327
3883,CITY OF ONKAPARINGA,Male,Unknown,0,2,32
3884,CITY OF ONKAPARINGA,Male,Unknown,0,3,8
3885,CITY OF ONKAPARINGA,Male,Unknown,0,4,2
3886,CITY OF ONKAPARINGA,Male,Unknown,0,5,1
3887,CITY OF ONKAPARINGA,Male,Unknown,1,0,118
3888,CITY OF ONKAPARINGA,Male,Unknown,1,1,1
3889,CITY OF ONKAPARINGA,Male,Unknown,1,2,1
3890,CITY OF ONKAPARINGA,Male,Unknown,1,4,1
3891,CITY OF ONKAPARINGA,Male,Unknown,2,0,11
3892,CITY OF ONKAPARINGA,Male,Unknown,3,0,1
3893,CITY OF ONKAPARINGA,Other,>70,1,0,115
3894,CITY OF ONKAPARINGA,Other,>70,1,1,3
3895,CITY OF ONKAPARINGA,Other,>70,2,0,12
3896,CITY OF ONKAPARINGA,Other,>70,2,1,1
3897,CITY OF ONKAPARINGA,Other,>70,4,0,1
3898,CITY OF ONKAPARINGA,Other,21-25,0,1,4
3899,CITY OF ONKAPARINGA,Other,21-25,1,0,3
3900,CITY OF ONKAPARINGA,Other,21-25,1,2,1
3901,CITY OF ONKAPARINGA,Other,21-25,2,0,1
3902,CITY OF ONKAPARINGA,Other,26-30,0,1,5
3903,CITY OF ONKAPARINGA,Other,26-30,0,2,3
3904,CITY OF ONKAPARINGA,Other,26-30,1,0,13
3905,CITY OF ONKAPARINGA,Other,26-30,2,0,1
3906,CITY OF ONKAPARINGA,Other,31-35,0,1,3
3907,CITY OF ONKAPARINGA,Other,31-35,0,2,2
3908,CITY OF ONKAPARINGA,Other,31-35,1,0,27
3909,CITY OF ONKAPARINGA,Other,31-35,1,2,2
3910,CITY OF ONKAPARINGA,Other,31-35,2,0,7
3911,CITY OF ONKAPARINGA,Other,36-40,0,1,3
3912,CITY OF ONKAPARINGA,Other,36-40,0,3,2
3913,CITY OF ONKAPARINGA,Other,36-40,1,>5,2
3914,CITY OF ONKAPARINGA,Other,36-40,1,0,23
3915,CITY OF ONKAPARINGA,Other,36-40,1,1,1
3916,CITY OF ONKAPARINGA,Other,36-40,1,2,1
3917,CITY OF ONKAPARINGA,Other,36-40,2,0,8
3918,CITY OF ONKAPARINGA,Other,36-40,2,1,1
3919,CITY OF ONKAPARINGA,Other,41-45,0,1,1
3920,CITY OF ONKAPARINGA,Other,41-45,1,0,30
3921,CITY OF ONKAPARINGA,Other,41-45,1,1,1
3922,CITY OF ONKAPARINGA,Other,41-45,1,2,1
3923,CITY OF ONKAPARINGA,Other,41-45,2,0,6
3924,CITY OF ONKAPARINGA,Other,46-50,0,1,1
3925,CITY OF ONKAPARINGA,Other,46-50,0,2,2
3926,CITY OF ONKAPARINGA,Other,46-50,1,0,22
3927,CITY OF ONKAPARINGA,Other,46-50,1,1,3
3928,CITY OF ONKAPARINGA,Other,46-50,2,0,8
3929,CITY OF ONKAPARINGA,Other,46-50,3,0,1
3930,CITY OF ONKAPARINGA,Other,51-55,1,0,42
3931,CITY OF ONKAPARINGA,Other,51-55,2,0,6
3932,CITY OF ONKAPARINGA,Other,51-55,2,1,1
3933,CITY OF ONKAPARINGA,Other,51-55,3,0,1
3934,CITY OF ONKAPARINGA,Other,56-60,0,1,1
3935,CITY OF ONKAPARINGA,Other,56-60,0,2,1
3936,CITY OF ONKAPARINGA,Other,56-60,1,0,33
3937,CITY OF ONKAPARINGA,Other,56-60,1,1,1
3938,CITY OF ONKAPARINGA,Other,56-60,2,0,10
3939,CITY OF ONKAPARINGA,Other,56-60,2,1,1
3940,CITY OF ONKAPARINGA,Other,61-65,1,0,27
3941,CITY OF ONKAPARINGA,Other,61-65,1,1,3
3942,CITY OF ONKAPARINGA,Other,61-65,2,0,3
3943,CITY OF ONKAPARINGA,Other,61-65,2,1,1
3944,CITY OF ONKAPARINGA,Other,61-65,3,0,1
3945,CITY OF ONKAPARINGA,Other,61-65,4,0,1
3946,CITY OF ONKAPARINGA,Other,66-70,>5,0,1
3947,CITY OF ONKAPARINGA,Other,66-70,0,1,1
3948,CITY OF ONKAPARINGA,Other,66-70,0,2,1
3949,CITY OF ONKAPARINGA,Other,66-70,1,0,27
3950,CITY OF ONKAPARINGA,Other,66-70,1,1,1
3951,CITY OF ONKAPARINGA,Other,66-70,2,0,6
3952,CITY OF ONKAPARINGA,Other,Unknown,>5,>5,1
3953,CITY OF ONKAPARINGA,Other,Unknown,0,1,2
3954,CITY OF ONKAPARINGA,Other,Unknown,1,0,18
3955,CITY OF ONKAPARINGA,Other,Unknown,1,1,1
3956,CITY OF ONKAPARINGA,Other,Unknown,2,0,1
3957,CITY OF ONKAPARINGA,SUPPRESSED,Unknown,0,1,2
3958,CITY OF ONKAPARINGA,SUPPRESSED,Unknown,0,2,1
3959,CITY OF ONKAPARINGA,SUPPRESSED,Unknown,0,4,1
3960,CITY OF ONKAPARINGA,SUPPRESSED,Unknown,1,0,73
3961,CITY OF ONKAPARINGA,SUPPRESSED,Unknown,1,1,4
3962,CITY OF ONKAPARINGA,SUPPRESSED,Unknown,1,2,2
3963,CITY OF ONKAPARINGA,SUPPRESSED,Unknown,1,5,1
3964,CITY OF ONKAPARINGA,SUPPRESSED,Unknown,2,0,24
3965,CITY OF ONKAPARINGA,SUPPRESSED,Unknown,2,3,1
3966,CITY OF ONKAPARINGA,SUPPRESSED,Unknown,3,0,4
3967,CITY OF ONKAPARINGA,SUPPRESSED,Unknown,5,0,1
3968,CITY OF ONKAPARINGA,Unknown,>70,0,1,1
3969,CITY OF ONKAPARINGA,Unknown,16-20,0,1,1
3970,CITY OF ONKAPARINGA,Unknown,16-20,1,0,1
3971,CITY OF ONKAPARINGA,Unknown,26-30,0,1,4
3972,CITY OF ONKAPARINGA,Unknown,26-30,1,0,7
3973,CITY OF ONKAPARINGA,Unknown,31-35,1,0,1
3974,CITY OF ONKAPARINGA,Unknown,36-40,0,1,2
3975,CITY OF ONKAPARINGA,Unknown,36-40,1,0,5
3976,CITY OF ONKAPARINGA,Unknown,41-45,0,1,1
3977,CITY OF ONKAPARINGA,Unknown,41-45,1,0,3
3978,CITY OF ONKAPARINGA,Unknown,46-50,0,1,1
3979,CITY OF ONKAPARINGA,Unknown,46-50,1,0,3
3980,CITY OF ONKAPARINGA,Unknown,51-55,0,1,4
3981,CITY OF ONKAPARINGA,Unknown,51-55,1,0,1
3982,CITY OF ONKAPARINGA,Unknown,56-60,0,1,1
3983,CITY OF ONKAPARINGA,Unknown,56-60,1,0,1
3984,CITY OF ONKAPARINGA,Unknown,61-65,0,1,1
3985,CITY OF ONKAPARINGA,Unknown,66-70,0,1,1
3986,CITY OF ONKAPARINGA,Unknown,Unknown,0,1,143
3987,CITY OF ONKAPARINGA,Unknown,Unknown,0,2,12
3988,CITY OF ONKAPARINGA,Unknown,Unknown,0,3,2
3989,CITY OF ONKAPARINGA,Unknown,Unknown,0,5,1
3990,CITY OF ONKAPARINGA,Unknown,Unknown,1,0,57
3991,CITY OF ONKAPARINGA,Unknown,Unknown,2,0,2
3992,CITY OF PLAYFORD,Female,>70,>5,0,5
3993,CITY OF PLAYFORD,Female,>70,0,1,84
3994,CITY OF PLAYFORD,Female,>70,0,2,28
3995,CITY OF PLAYFORD,Female,>70,0,3,2
3996,CITY OF PLAYFORD,Female,>70,0,4,4
3997,CITY OF PLAYFORD,Female,>70,1,>5,1
3998,CITY OF PLAYFORD,Female,>70,1,0,721
3999,CITY OF PLAYFORD,Female,>70,1,1,36
4000,CITY OF PLAYFORD,Female,>70,1,2,7
4001,CITY OF PLAYFORD,Female,>70,1,3,2
4002,CITY OF PLAYFORD,Female,>70,2,0,131
4003,CITY OF PLAYFORD,Female,>70,2,1,11
4004,CITY OF PLAYFORD,Female,>70,2,2,3
4005,CITY OF PLAYFORD,Female,>70,2,3,1
4006,CITY OF PLAYFORD,Female,>70,3,0,13
4007,CITY OF PLAYFORD,Female,>70,3,1,2
4008,CITY OF PLAYFORD,Female,>70,3,2,1
4009,CITY OF PLAYFORD,Female,>70,4,0,5
4010,CITY OF PLAYFORD,Female,>70,4,1,1
4011,CITY OF PLAYFORD,Female,>70,5,0,2
4012,CITY OF PLAYFORD,Female,16-20,0,1,51
4013,CITY OF PLAYFORD,Female,16-20,0,2,1
4014,CITY OF PLAYFORD,Female,16-20,0,3,4
4015,CITY OF PLAYFORD,Female,16-20,1,0,52
4016,CITY OF PLAYFORD,Female,16-20,1,1,2
4017,CITY OF PLAYFORD,Female,16-20,2,0,5
4018,CITY OF PLAYFORD,Female,16-20,2,1,2
4019,CITY OF PLAYFORD,Female,21-25,0,1,204
4020,CITY OF PLAYFORD,Female,21-25,0,2,58
4021,CITY OF PLAYFORD,Female,21-25,0,3,12
4022,CITY OF PLAYFORD,Female,21-25,0,4,3
4023,CITY OF PLAYFORD,Female,21-25,0,5,1
4024,CITY OF PLAYFORD,Female,21-25,1,0,361
4025,CITY OF PLAYFORD,Female,21-25,1,1,50
4026,CITY OF PLAYFORD,Female,21-25,1,2,12
4027,CITY OF PLAYFORD,Female,21-25,1,3,3
4028,CITY OF PLAYFORD,Female,21-25,2,0,68
4029,CITY OF PLAYFORD,Female,21-25,2,1,8
4030,CITY OF PLAYFORD,Female,21-25,2,2,4
4031,CITY OF PLAYFORD,Female,21-25,2,3,1
4032,CITY OF PLAYFORD,Female,21-25,3,0,9
4033,CITY OF PLAYFORD,Female,21-25,3,1,2
4034,CITY OF PLAYFORD,Female,21-25,3,2,1
4035,CITY OF PLAYFORD,Female,21-25,3,4,1
4036,CITY OF PLAYFORD,Female,21-25,4,0,1
4037,CITY OF PLAYFORD,Female,26-30,0,>5,1
4038,CITY OF PLAYFORD,Female,26-30,0,1,225
4039,CITY OF PLAYFORD,Female,26-30,0,2,90
4040,CITY OF PLAYFORD,Female,26-30,0,3,23
4041,CITY OF PLAYFORD,Female,26-30,0,4,4
4042,CITY OF PLAYFORD,Female,26-30,0,5,1
4043,CITY OF PLAYFORD,Female,26-30,1,>5,2
4044,CITY OF PLAYFORD,Female,26-30,1,0,738
4045,CITY OF PLAYFORD,Female,26-30,1,1,76
4046,CITY OF PLAYFORD,Female,26-30,1,2,51
4047,CITY OF PLAYFORD,Female,26-30,1,3,1
4048,CITY OF PLAYFORD,Female,26-30,2,>5,1
4049,CITY OF PLAYFORD,Female,26-30,2,0,219
4050,CITY OF PLAYFORD,Female,26-30,2,1,22
4051,CITY OF PLAYFORD,Female,26-30,2,2,9
4052,CITY OF PLAYFORD,Female,26-30,2,3,4
4053,CITY OF PLAYFORD,Female,26-30,2,4,1
4054,CITY OF PLAYFORD,Female,26-30,3,0,10
4055,CITY OF PLAYFORD,Female,26-30,3,1,2
4056,CITY OF PLAYFORD,Female,26-30,3,2,3
4057,CITY OF PLAYFORD,Female,26-30,4,>5,1
4058,CITY OF PLAYFORD,Female,26-30,4,0,4
4059,CITY OF PLAYFORD,Female,26-30,4,3,1
4060,CITY OF PLAYFORD,Female,26-30,5,0,1
4061,CITY OF PLAYFORD,Female,31-35,>5,0,1
4062,CITY OF PLAYFORD,Female,31-35,0,>5,1
4063,CITY OF PLAYFORD,Female,31-35,0,1,173
4064,CITY OF PLAYFORD,Female,31-35,0,2,84
4065,CITY OF PLAYFORD,Female,31-35,0,3,15
4066,CITY OF PLAYFORD,Female,31-35,0,4,3
4067,CITY OF PLAYFORD,Female,31-35,0,5,3
4068,CITY OF PLAYFORD,Female,31-35,1,0,795
4069,CITY OF PLAYFORD,Female,31-35,1,1,77
4070,CITY OF PLAYFORD,Female,31-35,1,2,24
4071,CITY OF PLAYFORD,Female,31-35,1,3,6
4072,CITY OF PLAYFORD,Female,31-35,2,0,246
4073,CITY OF PLAYFORD,Female,31-35,2,1,37
4074,CITY OF PLAYFORD,Female,31-35,2,2,16
4075,CITY OF PLAYFORD,Female,31-35,2,3,5
4076,CITY OF PLAYFORD,Female,31-35,2,5,1
4077,CITY OF PLAYFORD,Female,31-35,3,0,20
4078,CITY OF PLAYFORD,Female,31-35,3,1,4
4079,CITY OF PLAYFORD,Female,31-35,4,0,6
4080,CITY OF PLAYFORD,Female,31-35,5,3,1
4081,CITY OF PLAYFORD,Female,36-40,>5,0,2
4082,CITY OF PLAYFORD,Female,36-40,0,>5,1
4083,CITY OF PLAYFORD,Female,36-40,0,1,167
4084,CITY OF PLAYFORD,Female,36-40,0,2,55
4085,CITY OF PLAYFORD,Female,36-40,0,3,10
4086,CITY OF PLAYFORD,Female,36-40,0,4,3
4087,CITY OF PLAYFORD,Female,36-40,1,>5,1
4088,CITY OF PLAYFORD,Female,36-40,1,0,704
4089,CITY OF PLAYFORD,Female,36-40,1,1,83
4090,CITY OF PLAYFORD,Female,36-40,1,2,35
4091,CITY OF PLAYFORD,Female,36-40,1,3,11
4092,CITY OF PLAYFORD,Female,36-40,1,4,3
4093,CITY OF PLAYFORD,Female,36-40,1,5,2
4094,CITY OF PLAYFORD,Female,36-40,2,0,202
4095,CITY OF PLAYFORD,Female,36-40,2,1,23
4096,CITY OF PLAYFORD,Female,36-40,2,2,12
4097,CITY OF PLAYFORD,Female,36-40,2,3,5
4098,CITY OF PLAYFORD,Female,36-40,2,4,1
4099,CITY OF PLAYFORD,Female,36-40,3,0,27
4100,CITY OF PLAYFORD,Female,36-40,3,2,2
4101,CITY OF PLAYFORD,Female,36-40,3,3,1
4102,CITY OF PLAYFORD,Female,36-40,4,0,2
4103,CITY OF PLAYFORD,Female,36-40,5,0,2
4104,CITY OF PLAYFORD,Female,41-45,>5,0,2
4105,CITY OF PLAYFORD,Female,41-45,>5,1,1
4106,CITY OF PLAYFORD,Female,41-45,0,>5,4
4107,CITY OF PLAYFORD,Female,41-45,0,1,126
4108,CITY OF PLAYFORD,Female,41-45,0,2,46
4109,CITY OF PLAYFORD,Female,41-45,0,3,18
4110,CITY OF PLAYFORD,Female,41-45,0,4,8
4111,CITY OF PLAYFORD,Female,41-45,1,0,587
4112,CITY OF PLAYFORD,Female,41-45,1,1,69
4113,CITY OF PLAYFORD,Female,41-45,1,2,22
4114,CITY OF PLAYFORD,Female,41-45,1,3,8
4115,CITY OF PLAYFORD,Female,41-45,1,4,2
4116,CITY OF PLAYFORD,Female,41-45,2,>5,2
4117,CITY OF PLAYFORD,Female,41-45,2,0,220
4118,CITY OF PLAYFORD,Female,41-45,2,1,32
4119,CITY OF PLAYFORD,Female,41-45,2,2,14
4120,CITY OF PLAYFORD,Female,41-45,2,3,3
4121,CITY OF PLAYFORD,Female,41-45,2,4,1
4122,CITY OF PLAYFORD,Female,41-45,3,0,25
4123,CITY OF PLAYFORD,Female,41-45,3,1,2
4124,CITY OF PLAYFORD,Female,41-45,3,2,2
4125,CITY OF PLAYFORD,Female,41-45,3,3,1
4126,CITY OF PLAYFORD,Female,41-45,4,0,5
4127,CITY OF PLAYFORD,Female,41-45,4,1,2
4128,CITY OF PLAYFORD,Female,41-45,5,0,2
4129,CITY OF PLAYFORD,Female,46-50,>5,>5,1
4130,CITY OF PLAYFORD,Female,46-50,>5,0,3
4131,CITY OF PLAYFORD,Female,46-50,>5,3,1
4132,CITY OF PLAYFORD,Female,46-50,0,>5,5
4133,CITY OF PLAYFORD,Female,46-50,0,1,106
4134,CITY OF PLAYFORD,Female,46-50,0,2,32
4135,CITY OF PLAYFORD,Female,46-50,0,3,10
4136,CITY OF PLAYFORD,Female,46-50,0,4,5
4137,CITY OF PLAYFORD,Female,46-50,0,5,3
4138,CITY OF PLAYFORD,Female,46-50,1,>5,1
4139,CITY OF PLAYFORD,Female,46-50,1,0,562
4140,CITY OF PLAYFORD,Female,46-50,1,1,50
4141,CITY OF PLAYFORD,Female,46-50,1,2,14
4142,CITY OF PLAYFORD,Female,46-50,1,3,7
4143,CITY OF PLAYFORD,Female,46-50,1,4,2
4144,CITY OF PLAYFORD,Female,46-50,1,5,1
4145,CITY OF PLAYFORD,Female,46-50,2,0,186
4146,CITY OF PLAYFORD,Female,46-50,2,1,27
4147,CITY OF PLAYFORD,Female,46-50,2,2,6
4148,CITY OF PLAYFORD,Female,46-50,2,3,2
4149,CITY OF PLAYFORD,Female,46-50,3,0,25
4150,CITY OF PLAYFORD,Female,46-50,3,1,3
4151,CITY OF PLAYFORD,Female,46-50,3,2,1
4152,CITY OF PLAYFORD,Female,46-50,4,0,2
4153,CITY OF PLAYFORD,Female,46-50,4,3,1
4154,CITY OF PLAYFORD,Female,46-50,4,5,1
4155,CITY OF PLAYFORD,Female,46-50,5,0,3
4156,CITY OF PLAYFORD,Female,51-55,>5,0,2
4157,CITY OF PLAYFORD,Female,51-55,0,1,86
4158,CITY OF PLAYFORD,Female,51-55,0,2,42
4159,CITY OF PLAYFORD,Female,51-55,0,3,12
4160,CITY OF PLAYFORD,Female,51-55,0,4,7
4161,CITY OF PLAYFORD,Female,51-55,0,5,1
4162,CITY OF PLAYFORD,Female,51-55,1,0,608
4163,CITY OF PLAYFORD,Female,51-55,1,1,58
4164,CITY OF PLAYFORD,Female,51-55,1,2,27
4165,CITY OF PLAYFORD,Female,51-55,1,3,6
4166,CITY OF PLAYFORD,Female,51-55,1,4,3
4167,CITY OF PLAYFORD,Female,51-55,1,5,1
4168,CITY OF PLAYFORD,Female,51-55,2,0,209
4169,CITY OF PLAYFORD,Female,51-55,2,1,26
4170,CITY OF PLAYFORD,Female,51-55,2,2,12
4171,CITY OF PLAYFORD,Female,51-55,2,3,3
4172,CITY OF PLAYFORD,Female,51-55,2,4,1
4173,CITY OF PLAYFORD,Female,51-55,3,0,34
4174,CITY OF PLAYFORD,Female,51-55,3,1,1
4175,CITY OF PLAYFORD,Female,51-55,3,2,2
4176,CITY OF PLAYFORD,Female,51-55,3,4,1
4177,CITY OF PLAYFORD,Female,51-55,3,5,2
4178,CITY OF PLAYFORD,Female,51-55,4,0,8
4179,CITY OF PLAYFORD,Female,51-55,4,1,1
4180,CITY OF PLAYFORD,Female,51-55,5,0,2
4181,CITY OF PLAYFORD,Female,51-55,5,1,1
4182,CITY OF PLAYFORD,Female,56-60,>5,0,5
4183,CITY OF PLAYFORD,Female,56-60,0,>5,3
4184,CITY OF PLAYFORD,Female,56-60,0,1,75
4185,CITY OF PLAYFORD,Female,56-60,0,2,36
4186,CITY OF PLAYFORD,Female,56-60,0,3,6
4187,CITY OF PLAYFORD,Female,56-60,0,4,2
4188,CITY OF PLAYFORD,Female,56-60,1,>5,1
4189,CITY OF PLAYFORD,Female,56-60,1,0,558
4190,CITY OF PLAYFORD,Female,56-60,1,1,46
4191,CITY OF PLAYFORD,Female,56-60,1,2,19
4192,CITY OF PLAYFORD,Female,56-60,1,3,3
4193,CITY OF PLAYFORD,Female,56-60,1,5,1
4194,CITY OF PLAYFORD,Female,56-60,2,0,224
4195,CITY OF PLAYFORD,Female,56-60,2,1,21
4196,CITY OF PLAYFORD,Female,56-60,2,2,10
4197,CITY OF PLAYFORD,Female,56-60,2,3,2
4198,CITY OF PLAYFORD,Female,56-60,3,0,22
4199,CITY OF PLAYFORD,Female,56-60,3,1,2
4200,CITY OF PLAYFORD,Female,56-60,3,2,3
4201,CITY OF PLAYFORD,Female,56-60,4,0,5
4202,CITY OF PLAYFORD,Female,56-60,4,1,1
4203,CITY OF PLAYFORD,Female,56-60,5,0,5
4204,CITY OF PLAYFORD,Female,56-60,5,3,1
4205,CITY OF PLAYFORD,Female,61-65,0,>5,1
4206,CITY OF PLAYFORD,Female,61-65,0,1,76
4207,CITY OF PLAYFORD,Female,61-65,0,2,29
4208,CITY OF PLAYFORD,Female,61-65,0,3,2
4209,CITY OF PLAYFORD,Female,61-65,0,4,2
4210,CITY OF PLAYFORD,Female,61-65,0,5,1
4211,CITY OF PLAYFORD,Female,61-65,1,0,499
4212,CITY OF PLAYFORD,Female,61-65,1,1,32
4213,CITY OF PLAYFORD,Female,61-65,1,2,7
4214,CITY OF PLAYFORD,Female,61-65,1,4,2
4215,CITY OF PLAYFORD,Female,61-65,2,>5,2
4216,CITY OF PLAYFORD,Female,61-65,2,0,161
4217,CITY OF PLAYFORD,Female,61-65,2,1,9
4218,CITY OF PLAYFORD,Female,61-65,2,2,2
4219,CITY OF PLAYFORD,Female,61-65,3,0,12
4220,CITY OF PLAYFORD,Female,61-65,3,2,2
4221,CITY OF PLAYFORD,Female,61-65,4,0,7
4222,CITY OF PLAYFORD,Female,61-65,5,0,1
4223,CITY OF PLAYFORD,Female,66-70,>5,0,2
4224,CITY OF PLAYFORD,Female,66-70,>5,1,1
4225,CITY OF PLAYFORD,Female,66-70,0,>5,2
4226,CITY OF PLAYFORD,Female,66-70,0,1,54
4227,CITY OF PLAYFORD,Female,66-70,0,2,20
4228,CITY OF PLAYFORD,Female,66-70,0,3,4
4229,CITY OF PLAYFORD,Female,66-70,0,4,1
4230,CITY OF PLAYFORD,Female,66-70,1,0,383
4231,CITY OF PLAYFORD,Female,66-70,1,1,21
4232,CITY OF PLAYFORD,Female,66-70,1,2,6
4233,CITY OF PLAYFORD,Female,66-70,1,3,2
4234,CITY OF PLAYFORD,Female,66-70,1,4,1
4235,CITY OF PLAYFORD,Female,66-70,1,5,1
4236,CITY OF PLAYFORD,Female,66-70,2,>5,1
4237,CITY OF PLAYFORD,Female,66-70,2,0,101
4238,CITY OF PLAYFORD,Female,66-70,2,1,5
4239,CITY OF PLAYFORD,Female,66-70,2,2,6
4240,CITY OF PLAYFORD,Female,66-70,3,0,10
4241,CITY OF PLAYFORD,Female,66-70,3,1,2
4242,CITY OF PLAYFORD,Female,66-70,5,1,1
4243,CITY OF PLAYFORD,Female,Unknown,0,1,290
4244,CITY OF PLAYFORD,Female,Unknown,0,2,53
4245,CITY OF PLAYFORD,Female,Unknown,0,3,10
4246,CITY OF PLAYFORD,Female,Unknown,0,5,2
4247,CITY OF PLAYFORD,Female,Unknown,1,0,69
4248,CITY OF PLAYFORD,Female,Unknown,1,1,6
4249,CITY OF PLAYFORD,Female,Unknown,2,0,9
4250,CITY OF PLAYFORD,Female,Unknown,2,1,1
4251,CITY OF PLAYFORD,Female,Unknown,2,5,1
4252,CITY OF PLAYFORD,Female,Unknown,3,0,2
4253,CITY OF PLAYFORD,Male,>70,0,1,29
4254,CITY OF PLAYFORD,Male,>70,0,2,11
4255,CITY OF PLAYFORD,Male,>70,0,3,2
4256,CITY OF PLAYFORD,Male,>70,1,0,422
4257,CITY OF PLAYFORD,Male,>70,1,1,11
4258,CITY OF PLAYFORD,Male,>70,1,2,3
4259,CITY OF PLAYFORD,Male,>70,2,0,66
4260,CITY OF PLAYFORD,Male,>70,3,0,3
4261,CITY OF PLAYFORD,Male,>70,4,0,3
4262,CITY OF PLAYFORD,Male,>70,5,0,1
4263,CITY OF PLAYFORD,Male,16-20,0,1,6
4264,CITY OF PLAYFORD,Male,16-20,0,2,1
4265,CITY OF PLAYFORD,Male,16-20,1,0,21
4266,CITY OF PLAYFORD,Male,16-20,1,2,1
4267,CITY OF PLAYFORD,Male,16-20,2,0,4
4268,CITY OF PLAYFORD,Male,21-25,>5,0,1
4269,CITY OF PLAYFORD,Male,21-25,0,1,52
4270,CITY OF PLAYFORD,Male,21-25,0,2,7
4271,CITY OF PLAYFORD,Male,21-25,1,0,203
4272,CITY OF PLAYFORD,Male,21-25,1,1,4
4273,CITY OF PLAYFORD,Male,21-25,1,2,1
4274,CITY OF PLAYFORD,Male,21-25,2,0,24
4275,CITY OF PLAYFORD,Male,21-25,3,0,3
4276,CITY OF PLAYFORD,Male,21-25,4,0,1
4277,CITY OF PLAYFORD,Male,26-30,>5,0,1
4278,CITY OF PLAYFORD,Male,26-30,0,1,117
4279,CITY OF PLAYFORD,Male,26-30,0,2,17
4280,CITY OF PLAYFORD,Male,26-30,0,3,3
4281,CITY OF PLAYFORD,Male,26-30,1,0,460
4282,CITY OF PLAYFORD,Male,26-30,1,1,16
4283,CITY OF PLAYFORD,Male,26-30,1,2,4
4284,CITY OF PLAYFORD,Male,26-30,2,0,83
4285,CITY OF PLAYFORD,Male,26-30,2,1,2
4286,CITY OF PLAYFORD,Male,26-30,2,2,1
4287,CITY OF PLAYFORD,Male,26-30,3,0,4
4288,CITY OF PLAYFORD,Male,26-30,5,0,1
4289,CITY OF PLAYFORD,Male,31-35,>5,0,1
4290,CITY OF PLAYFORD,Male,31-35,0,>5,1
4291,CITY OF PLAYFORD,Male,31-35,0,1,67
4292,CITY OF PLAYFORD,Male,31-35,0,2,20
4293,CITY OF PLAYFORD,Male,31-35,0,3,4
4294,CITY OF PLAYFORD,Male,31-35,1,0,513
4295,CITY OF PLAYFORD,Male,31-35,1,1,15
4296,CITY OF PLAYFORD,Male,31-35,1,2,7
4297,CITY OF PLAYFORD,Male,31-35,1,3,1
4298,CITY OF PLAYFORD,Male,31-35,1,4,1
4299,CITY OF PLAYFORD,Male,31-35,2,0,100
4300,CITY OF PLAYFORD,Male,31-35,2,1,7
4301,CITY OF PLAYFORD,Male,31-35,2,2,1
4302,CITY OF PLAYFORD,Male,31-35,3,0,8
4303,CITY OF PLAYFORD,Male,36-40,0,1,71
4304,CITY OF PLAYFORD,Male,36-40,0,2,14
4305,CITY OF PLAYFORD,Male,36-40,0,3,2
4306,CITY OF PLAYFORD,Male,36-40,1,0,427
4307,CITY OF PLAYFORD,Male,36-40,1,1,18
4308,CITY OF PLAYFORD,Male,36-40,1,2,4
4309,CITY OF PLAYFORD,Male,36-40,2,0,124
4310,CITY OF PLAYFORD,Male,36-40,2,1,1
4311,CITY OF PLAYFORD,Male,36-40,2,3,1
4312,CITY OF PLAYFORD,Male,36-40,2,4,1
4313,CITY OF PLAYFORD,Male,36-40,3,0,6
4314,CITY OF PLAYFORD,Male,36-40,4,0,1
4315,CITY OF PLAYFORD,Male,41-45,0,1,57
4316,CITY OF PLAYFORD,Male,41-45,0,2,13
4317,CITY OF PLAYFORD,Male,41-45,0,3,4
4318,CITY OF PLAYFORD,Male,41-45,1,0,343
4319,CITY OF PLAYFORD,Male,41-45,1,1,10
4320,CITY OF PLAYFORD,Male,41-45,1,2,7
4321,CITY OF PLAYFORD,Male,41-45,1,3,1
4322,CITY OF PLAYFORD,Male,41-45,2,0,80
4323,CITY OF PLAYFORD,Male,41-45,2,1,5
4324,CITY OF PLAYFORD,Male,41-45,2,2,1
4325,CITY OF PLAYFORD,Male,41-45,3,0,9
4326,CITY OF PLAYFORD,Male,41-45,4,0,1
4327,CITY OF PLAYFORD,Male,46-50,0,1,43
4328,CITY OF PLAYFORD,Male,46-50,0,2,9
4329,CITY OF PLAYFORD,Male,46-50,0,3,1
4330,CITY OF PLAYFORD,Male,46-50,0,4,1
4331,CITY OF PLAYFORD,Male,46-50,0,5,1
4332,CITY OF PLAYFORD,Male,46-50,1,0,317
4333,CITY OF PLAYFORD,Male,46-50,1,1,15
4334,CITY OF PLAYFORD,Male,46-50,1,2,3
4335,CITY OF PLAYFORD,Male,46-50,2,0,72
4336,CITY OF PLAYFORD,Male,46-50,2,1,5
4337,CITY OF PLAYFORD,Male,46-50,2,3,1
4338,CITY OF PLAYFORD,Male,46-50,3,0,8
4339,CITY OF PLAYFORD,Male,46-50,3,1,1
4340,CITY OF PLAYFORD,Male,46-50,3,5,1
4341,CITY OF PLAYFORD,Male,46-50,4,0,2
4342,CITY OF PLAYFORD,Male,46-50,5,0,1
4343,CITY OF PLAYFORD,Male,51-55,0,>5,1
4344,CITY OF PLAYFORD,Male,51-55,0,1,29
4345,CITY OF PLAYFORD,Male,51-55,0,2,11
4346,CITY OF PLAYFORD,Male,51-55,0,3,3
4347,CITY OF PLAYFORD,Male,51-55,1,0,347
4348,CITY OF PLAYFORD,Male,51-55,1,1,4
4349,CITY OF PLAYFORD,Male,51-55,1,2,5
4350,CITY OF PLAYFORD,Male,51-55,2,0,91
4351,CITY OF PLAYFORD,Male,51-55,2,1,1
4352,CITY OF PLAYFORD,Male,51-55,2,2,2
4353,CITY OF PLAYFORD,Male,51-55,3,0,6
4354,CITY OF PLAYFORD,Male,51-55,4,0,1
4355,CITY OF PLAYFORD,Male,56-60,>5,0,2
4356,CITY OF PLAYFORD,Male,56-60,0,>5,2
4357,CITY OF PLAYFORD,Male,56-60,0,1,19
4358,CITY OF PLAYFORD,Male,56-60,0,2,9
4359,CITY OF PLAYFORD,Male,56-60,1,0,356
4360,CITY OF PLAYFORD,Male,56-60,1,1,9
4361,CITY OF PLAYFORD,Male,56-60,1,2,3
4362,CITY OF PLAYFORD,Male,56-60,2,0,86
4363,CITY OF PLAYFORD,Male,56-60,2,1,1
4364,CITY OF PLAYFORD,Male,56-60,2,2,3
4365,CITY OF PLAYFORD,Male,56-60,3,0,12
4366,CITY OF PLAYFORD,Male,56-60,4,0,2
4367,CITY OF PLAYFORD,Male,61-65,>5,0,1
4368,CITY OF PLAYFORD,Male,61-65,0,>5,1
4369,CITY OF PLAYFORD,Male,61-65,0,1,31
4370,CITY OF PLAYFORD,Male,61-65,0,2,6
4371,CITY OF PLAYFORD,Male,61-65,0,3,3
4372,CITY OF PLAYFORD,Male,61-65,1,0,316
4373,CITY OF PLAYFORD,Male,61-65,1,1,9
4374,CITY OF PLAYFORD,Male,61-65,1,2,2
4375,CITY OF PLAYFORD,Male,61-65,1,3,2
4376,CITY OF PLAYFORD,Male,61-65,1,4,2
4377,CITY OF PLAYFORD,Male,61-65,2,0,65
4378,CITY OF PLAYFORD,Male,61-65,2,1,4
4379,CITY OF PLAYFORD,Male,61-65,3,0,7
4380,CITY OF PLAYFORD,Male,61-65,3,2,1
4381,CITY OF PLAYFORD,Male,66-70,>5,0,1
4382,CITY OF PLAYFORD,Male,66-70,0,1,14
4383,CITY OF PLAYFORD,Male,66-70,0,2,3
4384,CITY OF PLAYFORD,Male,66-70,0,3,1
4385,CITY OF PLAYFORD,Male,66-70,0,4,2
4386,CITY OF PLAYFORD,Male,66-70,0,5,1
4387,CITY OF PLAYFORD,Male,66-70,1,0,204
4388,CITY OF PLAYFORD,Male,66-70,1,1,3
4389,CITY OF PLAYFORD,Male,66-70,1,2,1
4390,CITY OF PLAYFORD,Male,66-70,2,0,42
4391,CITY OF PLAYFORD,Male,66-70,2,1,1
4392,CITY OF PLAYFORD,Male,66-70,2,2,1
4393,CITY OF PLAYFORD,Male,66-70,3,0,4
4394,CITY OF PLAYFORD,Male,Unknown,0,>5,1
4395,CITY OF PLAYFORD,Male,Unknown,0,1,115
4396,CITY OF PLAYFORD,Male,Unknown,0,2,17
4397,CITY OF PLAYFORD,Male,Unknown,0,3,1
4398,CITY OF PLAYFORD,Male,Unknown,0,4,2
4399,CITY OF PLAYFORD,Male,Unknown,1,0,61
4400,CITY OF PLAYFORD,Male,Unknown,1,1,2
4401,CITY OF PLAYFORD,Male,Unknown,2,0,3
4402,CITY OF PLAYFORD,Other,>70,0,1,3
4403,CITY OF PLAYFORD,Other,>70,1,0,61
4404,CITY OF PLAYFORD,Other,>70,1,1,1
4405,CITY OF PLAYFORD,Other,>70,1,2,1
4406,CITY OF PLAYFORD,Other,>70,2,0,8
4407,CITY OF PLAYFORD,Other,21-25,0,1,5
4408,CITY OF PLAYFORD,Other,21-25,1,0,8
4409,CITY OF PLAYFORD,Other,26-30,0,1,4
4410,CITY OF PLAYFORD,Other,26-30,1,0,17
4411,CITY OF PLAYFORD,Other,26-30,1,1,2
4412,CITY OF PLAYFORD,Other,26-30,2,0,3
4413,CITY OF PLAYFORD,Other,26-30,3,0,1
4414,CITY OF PLAYFORD,Other,31-35,0,1,1
4415,CITY OF PLAYFORD,Other,31-35,0,2,1
4416,CITY OF PLAYFORD,Other,31-35,1,>5,1
4417,CITY OF PLAYFORD,Other,31-35,1,0,28
4418,CITY OF PLAYFORD,Other,31-35,1,1,1
4419,CITY OF PLAYFORD,Other,31-35,2,0,5
4420,CITY OF PLAYFORD,Other,31-35,2,1,1
4421,CITY OF PLAYFORD,Other,36-40,0,1,2
4422,CITY OF PLAYFORD,Other,36-40,1,0,36
4423,CITY OF PLAYFORD,Other,36-40,1,1,4
4424,CITY OF PLAYFORD,Other,36-40,1,2,1
4425,CITY OF PLAYFORD,Other,36-40,2,0,7
4426,CITY OF PLAYFORD,Other,36-40,2,1,2
4427,CITY OF PLAYFORD,Other,36-40,3,0,1
4428,CITY OF PLAYFORD,Other,41-45,0,1,2
4429,CITY OF PLAYFORD,Other,41-45,0,2,1
4430,CITY OF PLAYFORD,Other,41-45,1,0,31
4431,CITY OF PLAYFORD,Other,41-45,1,1,2
4432,CITY OF PLAYFORD,Other,41-45,1,2,1
4433,CITY OF PLAYFORD,Other,41-45,2,0,9
4434,CITY OF PLAYFORD,Other,41-45,2,1,1
4435,CITY OF PLAYFORD,Other,41-45,2,5,1
4436,CITY OF PLAYFORD,Other,46-50,1,0,16
4437,CITY OF PLAYFORD,Other,46-50,1,2,2
4438,CITY OF PLAYFORD,Other,46-50,2,0,3
4439,CITY OF PLAYFORD,Other,46-50,2,1,1
4440,CITY OF PLAYFORD,Other,51-55,0,3,1
4441,CITY OF PLAYFORD,Other,51-55,1,0,27
4442,CITY OF PLAYFORD,Other,51-55,2,0,5
4443,CITY OF PLAYFORD,Other,51-55,3,1,1
4444,CITY OF PLAYFORD,Other,56-60,0,1,2
4445,CITY OF PLAYFORD,Other,56-60,1,0,27
4446,CITY OF PLAYFORD,Other,56-60,2,0,10
4447,CITY OF PLAYFORD,Other,56-60,3,0,1
4448,CITY OF PLAYFORD,Other,61-65,0,1,1
4449,CITY OF PLAYFORD,Other,61-65,1,0,19
4450,CITY OF PLAYFORD,Other,61-65,1,1,3
4451,CITY OF PLAYFORD,Other,61-65,1,4,1
4452,CITY OF PLAYFORD,Other,61-65,2,0,1
4453,CITY OF PLAYFORD,Other,61-65,3,0,1
4454,CITY OF PLAYFORD,Other,61-65,3,3,1
4455,CITY OF PLAYFORD,Other,66-70,0,1,2
4456,CITY OF PLAYFORD,Other,66-70,1,0,16
4457,CITY OF PLAYFORD,Other,66-70,1,1,3
4458,CITY OF PLAYFORD,Other,66-70,2,0,3
4459,CITY OF PLAYFORD,Other,66-70,2,1,1
4460,CITY OF PLAYFORD,Other,66-70,3,0,1
4461,CITY OF PLAYFORD,Other,Unknown,0,1,1
4462,CITY OF PLAYFORD,Other,Unknown,1,0,19
4463,CITY OF PLAYFORD,Other,Unknown,2,0,1
4464,CITY OF PLAYFORD,Other,Unknown,2,1,1
4465,CITY OF PLAYFORD,SUPPRESSED,Unknown,0,2,2
4466,CITY OF PLAYFORD,SUPPRESSED,Unknown,1,0,20
4467,CITY OF PLAYFORD,SUPPRESSED,Unknown,1,1,2
4468,CITY OF PLAYFORD,SUPPRESSED,Unknown,1,2,1
4469,CITY OF PLAYFORD,SUPPRESSED,Unknown,2,0,3
4470,CITY OF PLAYFORD,SUPPRESSED,Unknown,3,0,2
4471,CITY OF PLAYFORD,Unknown,21-25,1,0,2
4472,CITY OF PLAYFORD,Unknown,31-35,1,0,2
4473,CITY OF PLAYFORD,Unknown,31-35,1,1,1
4474,CITY OF PLAYFORD,Unknown,36-40,0,1,2
4475,CITY OF PLAYFORD,Unknown,36-40,1,0,1
4476,CITY OF PLAYFORD,Unknown,36-40,2,0,1
4477,CITY OF PLAYFORD,Unknown,41-45,0,1,1
4478,CITY OF PLAYFORD,Unknown,41-45,1,0,2
4479,CITY OF PLAYFORD,Unknown,46-50,1,0,1
4480,CITY OF PLAYFORD,Unknown,56-60,0,1,1
4481,CITY OF PLAYFORD,Unknown,Unknown,0,1,229
4482,CITY OF PLAYFORD,Unknown,Unknown,0,2,20
4483,CITY OF PLAYFORD,Unknown,Unknown,0,3,1
4484,CITY OF PLAYFORD,Unknown,Unknown,1,0,58
4485,CITY OF PLAYFORD,Unknown,Unknown,1,1,1
4486,CITY OF PLAYFORD,Unknown,Unknown,1,2,1
4487,CITY OF PLAYFORD,Unknown,Unknown,2,0,3
4488,CITY OF PORT ADELAIDE ENFIELD,Female,>70,>5,0,1
4489,CITY OF PORT ADELAIDE ENFIELD,Female,>70,0,1,151
4490,CITY OF PORT ADELAIDE ENFIELD,Female,>70,0,2,21
4491,CITY OF PORT ADELAIDE ENFIELD,Female,>70,0,3,3
4492,CITY OF PORT ADELAIDE ENFIELD,Female,>70,0,4,3
4493,CITY OF PORT ADELAIDE ENFIELD,Female,>70,1,0,875
4494,CITY OF PORT ADELAIDE ENFIELD,Female,>70,1,1,31
4495,CITY OF PORT ADELAIDE ENFIELD,Female,>70,1,2,4
4496,CITY OF PORT ADELAIDE ENFIELD,Female,>70,1,4,1
4497,CITY OF PORT ADELAIDE ENFIELD,Female,>70,2,0,113
4498,CITY OF PORT ADELAIDE ENFIELD,Female,>70,2,1,8
4499,CITY OF PORT ADELAIDE ENFIELD,Female,>70,2,2,3
4500,CITY OF PORT ADELAIDE ENFIELD,Female,>70,3,0,9
4501,CITY OF PORT ADELAIDE ENFIELD,Female,>70,4,4,1
4502,CITY OF PORT ADELAIDE ENFIELD,Female,16-20,0,1,25
4503,CITY OF PORT ADELAIDE ENFIELD,Female,16-20,0,2,3
4504,CITY OF PORT ADELAIDE ENFIELD,Female,16-20,0,3,1
4505,CITY OF PORT ADELAIDE ENFIELD,Female,16-20,1,0,25
4506,CITY OF PORT ADELAIDE ENFIELD,Female,16-20,1,1,1
4507,CITY OF PORT ADELAIDE ENFIELD,Female,16-20,1,2,1
4508,CITY OF PORT ADELAIDE ENFIELD,Female,16-20,1,3,1
4509,CITY OF PORT ADELAIDE ENFIELD,Female,16-20,2,2,1
4510,CITY OF PORT ADELAIDE ENFIELD,Female,21-25,0,1,142
4511,CITY OF PORT ADELAIDE ENFIELD,Female,21-25,0,2,40
4512,CITY OF PORT ADELAIDE ENFIELD,Female,21-25,0,3,2
4513,CITY OF PORT ADELAIDE ENFIELD,Female,21-25,1,0,243
4514,CITY OF PORT ADELAIDE ENFIELD,Female,21-25,1,1,15
4515,CITY OF PORT ADELAIDE ENFIELD,Female,21-25,1,2,3
4516,CITY OF PORT ADELAIDE ENFIELD,Female,21-25,1,3,3
4517,CITY OF PORT ADELAIDE ENFIELD,Female,21-25,2,0,31
4518,CITY OF PORT ADELAIDE ENFIELD,Female,21-25,2,1,3
4519,CITY OF PORT ADELAIDE ENFIELD,Female,21-25,2,2,1
4520,CITY OF PORT ADELAIDE ENFIELD,Female,21-25,3,0,2
4521,CITY OF PORT ADELAIDE ENFIELD,Female,21-25,3,2,1
4522,CITY OF PORT ADELAIDE ENFIELD,Female,26-30,0,1,187
4523,CITY OF PORT ADELAIDE ENFIELD,Female,26-30,0,2,62
4524,CITY OF PORT ADELAIDE ENFIELD,Female,26-30,0,3,6
4525,CITY OF PORT ADELAIDE ENFIELD,Female,26-30,0,4,1
4526,CITY OF PORT ADELAIDE ENFIELD,Female,26-30,1,0,583
4527,CITY OF PORT ADELAIDE ENFIELD,Female,26-30,1,1,37
4528,CITY OF PORT ADELAIDE ENFIELD,Female,26-30,1,2,15
4529,CITY OF PORT ADELAIDE ENFIELD,Female,26-30,1,3,4
4530,CITY OF PORT ADELAIDE ENFIELD,Female,26-30,1,4,2
4531,CITY OF PORT ADELAIDE ENFIELD,Female,26-30,1,5,1
4532,CITY OF PORT ADELAIDE ENFIELD,Female,26-30,2,0,132
4533,CITY OF PORT ADELAIDE ENFIELD,Female,26-30,2,1,4
4534,CITY OF PORT ADELAIDE ENFIELD,Female,26-30,2,2,4
4535,CITY OF PORT ADELAIDE ENFIELD,Female,26-30,2,3,1
4536,CITY OF PORT ADELAIDE ENFIELD,Female,26-30,3,0,4
4537,CITY OF PORT ADELAIDE ENFIELD,Female,26-30,3,2,1
4538,CITY OF PORT ADELAIDE ENFIELD,Female,26-30,4,0,1
4539,CITY OF PORT ADELAIDE ENFIELD,Female,31-35,0,>5,2
4540,CITY OF PORT ADELAIDE ENFIELD,Female,31-35,0,1,153
4541,CITY OF PORT ADELAIDE ENFIELD,Female,31-35,0,2,51
4542,CITY OF PORT ADELAIDE ENFIELD,Female,31-35,0,3,6
4543,CITY OF PORT ADELAIDE ENFIELD,Female,31-35,0,4,2
4544,CITY OF PORT ADELAIDE ENFIELD,Female,31-35,0,5,1
4545,CITY OF PORT ADELAIDE ENFIELD,Female,31-35,1,0,761
4546,CITY OF PORT ADELAIDE ENFIELD,Female,31-35,1,1,54
4547,CITY OF PORT ADELAIDE ENFIELD,Female,31-35,1,2,14
4548,CITY OF PORT ADELAIDE ENFIELD,Female,31-35,1,3,5
4549,CITY OF PORT ADELAIDE ENFIELD,Female,31-35,1,4,2
4550,CITY OF PORT ADELAIDE ENFIELD,Female,31-35,2,>5,1
4551,CITY OF PORT ADELAIDE ENFIELD,Female,31-35,2,0,161
4552,CITY OF PORT ADELAIDE ENFIELD,Female,31-35,2,1,9
4553,CITY OF PORT ADELAIDE ENFIELD,Female,31-35,2,2,3
4554,CITY OF PORT ADELAIDE ENFIELD,Female,31-35,3,0,10
4555,CITY OF PORT ADELAIDE ENFIELD,Female,31-35,3,1,2
4556,CITY OF PORT ADELAIDE ENFIELD,Female,31-35,4,0,1
4557,CITY OF PORT ADELAIDE ENFIELD,Female,36-40,0,1,137
4558,CITY OF PORT ADELAIDE ENFIELD,Female,36-40,0,2,46
4559,CITY OF PORT ADELAIDE ENFIELD,Female,36-40,0,3,9
4560,CITY OF PORT ADELAIDE ENFIELD,Female,36-40,0,4,3
4561,CITY OF PORT ADELAIDE ENFIELD,Female,36-40,0,5,1
4562,CITY OF PORT ADELAIDE ENFIELD,Female,36-40,1,0,746
4563,CITY OF PORT ADELAIDE ENFIELD,Female,36-40,1,1,40
4564,CITY OF PORT ADELAIDE ENFIELD,Female,36-40,1,2,17
4565,CITY OF PORT ADELAIDE ENFIELD,Female,36-40,1,3,1
4566,CITY OF PORT ADELAIDE ENFIELD,Female,36-40,2,0,164
4567,CITY OF PORT ADELAIDE ENFIELD,Female,36-40,2,1,10
4568,CITY OF PORT ADELAIDE ENFIELD,Female,36-40,2,2,4
4569,CITY OF PORT ADELAIDE ENFIELD,Female,36-40,3,0,11
4570,CITY OF PORT ADELAIDE ENFIELD,Female,36-40,3,1,1
4571,CITY OF PORT ADELAIDE ENFIELD,Female,36-40,4,0,1
4572,CITY OF PORT ADELAIDE ENFIELD,Female,41-45,0,1,116
4573,CITY OF PORT ADELAIDE ENFIELD,Female,41-45,0,2,44
4574,CITY OF PORT ADELAIDE ENFIELD,Female,41-45,0,3,6
4575,CITY OF PORT ADELAIDE ENFIELD,Female,41-45,0,4,6
4576,CITY OF PORT ADELAIDE ENFIELD,Female,41-45,1,0,709
4577,CITY OF PORT ADELAIDE ENFIELD,Female,41-45,1,1,41
4578,CITY OF PORT ADELAIDE ENFIELD,Female,41-45,1,2,15
4579,CITY OF PORT ADELAIDE ENFIELD,Female,41-45,1,3,8
4580,CITY OF PORT ADELAIDE ENFIELD,Female,41-45,2,0,147
4581,CITY OF PORT ADELAIDE ENFIELD,Female,41-45,2,1,8
4582,CITY OF PORT ADELAIDE ENFIELD,Female,41-45,2,2,2
4583,CITY OF PORT ADELAIDE ENFIELD,Female,41-45,2,4,1
4584,CITY OF PORT ADELAIDE ENFIELD,Female,41-45,3,>5,1
4585,CITY OF PORT ADELAIDE ENFIELD,Female,41-45,3,0,12
4586,CITY OF PORT ADELAIDE ENFIELD,Female,41-45,3,1,1
4587,CITY OF PORT ADELAIDE ENFIELD,Female,41-45,3,2,1
4588,CITY OF PORT ADELAIDE ENFIELD,Female,41-45,4,2,1
4589,CITY OF PORT ADELAIDE ENFIELD,Female,41-45,5,0,1
4590,CITY OF PORT ADELAIDE ENFIELD,Female,46-50,0,>5,1
4591,CITY OF PORT ADELAIDE ENFIELD,Female,46-50,0,1,126
4592,CITY OF PORT ADELAIDE ENFIELD,Female,46-50,0,2,44
4593,CITY OF PORT ADELAIDE ENFIELD,Female,46-50,0,3,7
4594,CITY OF PORT ADELAIDE ENFIELD,Female,46-50,0,4,1
4595,CITY OF PORT ADELAIDE ENFIELD,Female,46-50,0,5,2
4596,CITY OF PORT ADELAIDE ENFIELD,Female,46-50,1,>5,1
4597,CITY OF PORT ADELAIDE ENFIELD,Female,46-50,1,0,677
4598,CITY OF PORT ADELAIDE ENFIELD,Female,46-50,1,1,52
4599,CITY OF PORT ADELAIDE ENFIELD,Female,46-50,1,2,18
4600,CITY OF PORT ADELAIDE ENFIELD,Female,46-50,1,3,2
4601,CITY OF PORT ADELAIDE ENFIELD,Female,46-50,1,5,2
4602,CITY OF PORT ADELAIDE ENFIELD,Female,46-50,2,0,173
4603,CITY OF PORT ADELAIDE ENFIELD,Female,46-50,2,1,13
4604,CITY OF PORT ADELAIDE ENFIELD,Female,46-50,2,2,9
4605,CITY OF PORT ADELAIDE ENFIELD,Female,46-50,2,3,2
4606,CITY OF PORT ADELAIDE ENFIELD,Female,46-50,2,5,1
4607,CITY OF PORT ADELAIDE ENFIELD,Female,46-50,3,0,15
4608,CITY OF PORT ADELAIDE ENFIELD,Female,46-50,3,1,3
4609,CITY OF PORT ADELAIDE ENFIELD,Female,46-50,4,0,1
4610,CITY OF PORT ADELAIDE ENFIELD,Female,51-55,0,>5,3
4611,CITY OF PORT ADELAIDE ENFIELD,Female,51-55,0,1,124
4612,CITY OF PORT ADELAIDE ENFIELD,Female,51-55,0,2,44
4613,CITY OF PORT ADELAIDE ENFIELD,Female,51-55,0,3,11
4614,CITY OF PORT ADELAIDE ENFIELD,Female,51-55,0,4,2
4615,CITY OF PORT ADELAIDE ENFIELD,Female,51-55,1,>5,2
4616,CITY OF PORT ADELAIDE ENFIELD,Female,51-55,1,0,742
4617,CITY OF PORT ADELAIDE ENFIELD,Female,51-55,1,1,53
4618,CITY OF PORT ADELAIDE ENFIELD,Female,51-55,1,2,24
4619,CITY OF PORT ADELAIDE ENFIELD,Female,51-55,1,4,2
4620,CITY OF PORT ADELAIDE ENFIELD,Female,51-55,2,0,236
4621,CITY OF PORT ADELAIDE ENFIELD,Female,51-55,2,1,14
4622,CITY OF PORT ADELAIDE ENFIELD,Female,51-55,2,2,10
4623,CITY OF PORT ADELAIDE ENFIELD,Female,51-55,2,3,2
4624,CITY OF PORT ADELAIDE ENFIELD,Female,51-55,2,4,1
4625,CITY OF PORT ADELAIDE ENFIELD,Female,51-55,2,5,1
4626,CITY OF PORT ADELAIDE ENFIELD,Female,51-55,3,0,20
4627,CITY OF PORT ADELAIDE ENFIELD,Female,51-55,3,1,2
4628,CITY OF PORT ADELAIDE ENFIELD,Female,51-55,4,0,2
4629,CITY OF PORT ADELAIDE ENFIELD,Female,51-55,4,1,1
4630,CITY OF PORT ADELAIDE ENFIELD,Female,56-60,>5,0,1
4631,CITY OF PORT ADELAIDE ENFIELD,Female,56-60,0,>5,1
4632,CITY OF PORT ADELAIDE ENFIELD,Female,56-60,0,1,84
4633,CITY OF PORT ADELAIDE ENFIELD,Female,56-60,0,2,34
4634,CITY OF PORT ADELAIDE ENFIELD,Female,56-60,0,3,6
4635,CITY OF PORT ADELAIDE ENFIELD,Female,56-60,0,4,2
4636,CITY OF PORT ADELAIDE ENFIELD,Female,56-60,0,5,1
4637,CITY OF PORT ADELAIDE ENFIELD,Female,56-60,1,>5,1
4638,CITY OF PORT ADELAIDE ENFIELD,Female,56-60,1,0,681
4639,CITY OF PORT ADELAIDE ENFIELD,Female,56-60,1,1,40
4640,CITY OF PORT ADELAIDE ENFIELD,Female,56-60,1,2,12
4641,CITY OF PORT ADELAIDE ENFIELD,Female,56-60,1,3,2
4642,CITY OF PORT ADELAIDE ENFIELD,Female,56-60,1,4,2
4643,CITY OF PORT ADELAIDE ENFIELD,Female,56-60,2,0,171
4644,CITY OF PORT ADELAIDE ENFIELD,Female,56-60,2,1,10
4645,CITY OF PORT ADELAIDE ENFIELD,Female,56-60,2,2,2
4646,CITY OF PORT ADELAIDE ENFIELD,Female,56-60,2,3,2
4647,CITY OF PORT ADELAIDE ENFIELD,Female,56-60,2,4,1
4648,CITY OF PORT ADELAIDE ENFIELD,Female,56-60,3,0,18
4649,CITY OF PORT ADELAIDE ENFIELD,Female,56-60,3,1,4
4650,CITY OF PORT ADELAIDE ENFIELD,Female,56-60,3,2,1
4651,CITY OF PORT ADELAIDE ENFIELD,Female,56-60,4,0,2
4652,CITY OF PORT ADELAIDE ENFIELD,Female,61-65,>5,0,2
4653,CITY OF PORT ADELAIDE ENFIELD,Female,61-65,>5,1,1
4654,CITY OF PORT ADELAIDE ENFIELD,Female,61-65,0,>5,1
4655,CITY OF PORT ADELAIDE ENFIELD,Female,61-65,0,1,102
4656,CITY OF PORT ADELAIDE ENFIELD,Female,61-65,0,2,30
4657,CITY OF PORT ADELAIDE ENFIELD,Female,61-65,0,3,3
4658,CITY OF PORT ADELAIDE ENFIELD,Female,61-65,0,4,1
4659,CITY OF PORT ADELAIDE ENFIELD,Female,61-65,1,>5,1
4660,CITY OF PORT ADELAIDE ENFIELD,Female,61-65,1,0,636
4661,CITY OF PORT ADELAIDE ENFIELD,Female,61-65,1,1,33
4662,CITY OF PORT ADELAIDE ENFIELD,Female,61-65,1,2,7
4663,CITY OF PORT ADELAIDE ENFIELD,Female,61-65,1,3,5
4664,CITY OF PORT ADELAIDE ENFIELD,Female,61-65,1,4,1
4665,CITY OF PORT ADELAIDE ENFIELD,Female,61-65,2,0,153
4666,CITY OF PORT ADELAIDE ENFIELD,Female,61-65,2,1,7
4667,CITY OF PORT ADELAIDE ENFIELD,Female,61-65,2,2,3
4668,CITY OF PORT ADELAIDE ENFIELD,Female,61-65,3,0,10
4669,CITY OF PORT ADELAIDE ENFIELD,Female,61-65,4,0,1
4670,CITY OF PORT ADELAIDE ENFIELD,Female,66-70,0,>5,1
4671,CITY OF PORT ADELAIDE ENFIELD,Female,66-70,0,1,58
4672,CITY OF PORT ADELAIDE ENFIELD,Female,66-70,0,2,23
4673,CITY OF PORT ADELAIDE ENFIELD,Female,66-70,0,3,6
4674,CITY OF PORT ADELAIDE ENFIELD,Female,66-70,0,5,2
4675,CITY OF PORT ADELAIDE ENFIELD,Female,66-70,1,>5,1
4676,CITY OF PORT ADELAIDE ENFIELD,Female,66-70,1,0,457
4677,CITY OF PORT ADELAIDE ENFIELD,Female,66-70,1,1,18
4678,CITY OF PORT ADELAIDE ENFIELD,Female,66-70,1,2,4
4679,CITY OF PORT ADELAIDE ENFIELD,Female,66-70,1,3,1
4680,CITY OF PORT ADELAIDE ENFIELD,Female,66-70,1,4,1
4681,CITY OF PORT ADELAIDE ENFIELD,Female,66-70,2,0,98
4682,CITY OF PORT ADELAIDE ENFIELD,Female,66-70,2,1,9
4683,CITY OF PORT ADELAIDE ENFIELD,Female,66-70,2,2,1
4684,CITY OF PORT ADELAIDE ENFIELD,Female,66-70,3,0,7
4685,CITY OF PORT ADELAIDE ENFIELD,Female,66-70,3,1,1
4686,CITY OF PORT ADELAIDE ENFIELD,Female,66-70,3,5,1
4687,CITY OF PORT ADELAIDE ENFIELD,Female,66-70,4,4,1
4688,CITY OF PORT ADELAIDE ENFIELD,Female,Unknown,0,>5,2
4689,CITY OF PORT ADELAIDE ENFIELD,Female,Unknown,0,1,112
4690,CITY OF PORT ADELAIDE ENFIELD,Female,Unknown,0,2,26
4691,CITY OF PORT ADELAIDE ENFIELD,Female,Unknown,0,3,11
4692,CITY OF PORT ADELAIDE ENFIELD,Female,Unknown,0,4,1
4693,CITY OF PORT ADELAIDE ENFIELD,Female,Unknown,1,0,24
4694,CITY OF PORT ADELAIDE ENFIELD,Female,Unknown,1,1,1
4695,CITY OF PORT ADELAIDE ENFIELD,Female,Unknown,2,0,4
4696,CITY OF PORT ADELAIDE ENFIELD,Male,>70,>5,0,1
4697,CITY OF PORT ADELAIDE ENFIELD,Male,>70,0,1,37
4698,CITY OF PORT ADELAIDE ENFIELD,Male,>70,0,2,8
4699,CITY OF PORT ADELAIDE ENFIELD,Male,>70,0,3,1
4700,CITY OF PORT ADELAIDE ENFIELD,Male,>70,1,0,536
4701,CITY OF PORT ADELAIDE ENFIELD,Male,>70,1,1,6
4702,CITY OF PORT ADELAIDE ENFIELD,Male,>70,1,2,1
4703,CITY OF PORT ADELAIDE ENFIELD,Male,>70,2,>5,1
4704,CITY OF PORT ADELAIDE ENFIELD,Male,>70,2,0,55
4705,CITY OF PORT ADELAIDE ENFIELD,Male,>70,2,1,2
4706,CITY OF PORT ADELAIDE ENFIELD,Male,>70,2,3,1
4707,CITY OF PORT ADELAIDE ENFIELD,Male,>70,3,0,3
4708,CITY OF PORT ADELAIDE ENFIELD,Male,16-20,0,1,5
4709,CITY OF PORT ADELAIDE ENFIELD,Male,16-20,1,0,11
4710,CITY OF PORT ADELAIDE ENFIELD,Male,16-20,2,0,1
4711,CITY OF PORT ADELAIDE ENFIELD,Male,21-25,0,1,52
4712,CITY OF PORT ADELAIDE ENFIELD,Male,21-25,0,2,9
4713,CITY OF PORT ADELAIDE ENFIELD,Male,21-25,1,0,133
4714,CITY OF PORT ADELAIDE ENFIELD,Male,21-25,1,1,3
4715,CITY OF PORT ADELAIDE ENFIELD,Male,21-25,1,2,1
4716,CITY OF PORT ADELAIDE ENFIELD,Male,21-25,2,0,9
4717,CITY OF PORT ADELAIDE ENFIELD,Male,21-25,4,0,1
4718,CITY OF PORT ADELAIDE ENFIELD,Male,26-30,0,1,86
4719,CITY OF PORT ADELAIDE ENFIELD,Male,26-30,0,2,32
4720,CITY OF PORT ADELAIDE ENFIELD,Male,26-30,0,3,2
4721,CITY OF PORT ADELAIDE ENFIELD,Male,26-30,0,4,1
4722,CITY OF PORT ADELAIDE ENFIELD,Male,26-30,1,0,318
4723,CITY OF PORT ADELAIDE ENFIELD,Male,26-30,1,1,5
4724,CITY OF PORT ADELAIDE ENFIELD,Male,26-30,1,2,1
4725,CITY OF PORT ADELAIDE ENFIELD,Male,26-30,1,3,1
4726,CITY OF PORT ADELAIDE ENFIELD,Male,26-30,2,0,51
4727,CITY OF PORT ADELAIDE ENFIELD,Male,26-30,2,1,3
4728,CITY OF PORT ADELAIDE ENFIELD,Male,26-30,3,0,4
4729,CITY OF PORT ADELAIDE ENFIELD,Male,31-35,0,1,81
4730,CITY OF PORT ADELAIDE ENFIELD,Male,31-35,0,2,19
4731,CITY OF PORT ADELAIDE ENFIELD,Male,31-35,0,3,3
4732,CITY OF PORT ADELAIDE ENFIELD,Male,31-35,0,5,1
4733,CITY OF PORT ADELAIDE ENFIELD,Male,31-35,1,0,506
4734,CITY OF PORT ADELAIDE ENFIELD,Male,31-35,1,1,7
4735,CITY OF PORT ADELAIDE ENFIELD,Male,31-35,1,2,1
4736,CITY OF PORT ADELAIDE ENFIELD,Male,31-35,1,3,1
4737,CITY OF PORT ADELAIDE ENFIELD,Male,31-35,2,0,68
4738,CITY OF PORT ADELAIDE ENFIELD,Male,31-35,2,1,3
4739,CITY OF PORT ADELAIDE ENFIELD,Male,31-35,3,0,1
4740,CITY OF PORT ADELAIDE ENFIELD,Male,36-40,0,1,76
4741,CITY OF PORT ADELAIDE ENFIELD,Male,36-40,0,2,11
4742,CITY OF PORT ADELAIDE ENFIELD,Male,36-40,0,4,1
4743,CITY OF PORT ADELAIDE ENFIELD,Male,36-40,1,0,492
4744,CITY OF PORT ADELAIDE ENFIELD,Male,36-40,1,1,13
4745,CITY OF PORT ADELAIDE ENFIELD,Male,36-40,1,2,4
4746,CITY OF PORT ADELAIDE ENFIELD,Male,36-40,1,3,1
4747,CITY OF PORT ADELAIDE ENFIELD,Male,36-40,2,0,76
4748,CITY OF PORT ADELAIDE ENFIELD,Male,36-40,2,1,1
4749,CITY OF PORT ADELAIDE ENFIELD,Male,36-40,2,2,1
4750,CITY OF PORT ADELAIDE ENFIELD,Male,36-40,3,0,5
4751,CITY OF PORT ADELAIDE ENFIELD,Male,41-45,>5,0,1
4752,CITY OF PORT ADELAIDE ENFIELD,Male,41-45,0,>5,1
4753,CITY OF PORT ADELAIDE ENFIELD,Male,41-45,0,1,55
4754,CITY OF PORT ADELAIDE ENFIELD,Male,41-45,0,2,13
4755,CITY OF PORT ADELAIDE ENFIELD,Male,41-45,0,3,1
4756,CITY OF PORT ADELAIDE ENFIELD,Male,41-45,1,0,403
4757,CITY OF PORT ADELAIDE ENFIELD,Male,41-45,1,1,7
4758,CITY OF PORT ADELAIDE ENFIELD,Male,41-45,1,2,1
4759,CITY OF PORT ADELAIDE ENFIELD,Male,41-45,2,0,70
4760,CITY OF PORT ADELAIDE ENFIELD,Male,41-45,2,1,3
4761,CITY OF PORT ADELAIDE ENFIELD,Male,41-45,2,3,1
4762,CITY OF PORT ADELAIDE ENFIELD,Male,41-45,3,0,6
4763,CITY OF PORT ADELAIDE ENFIELD,Male,41-45,3,5,1
4764,CITY OF PORT ADELAIDE ENFIELD,Male,46-50,>5,0,1
4765,CITY OF PORT ADELAIDE ENFIELD,Male,46-50,0,1,45
4766,CITY OF PORT ADELAIDE ENFIELD,Male,46-50,0,2,10
4767,CITY OF PORT ADELAIDE ENFIELD,Male,46-50,0,4,1
4768,CITY OF PORT ADELAIDE ENFIELD,Male,46-50,1,0,378
4769,CITY OF PORT ADELAIDE ENFIELD,Male,46-50,1,1,9
4770,CITY OF PORT ADELAIDE ENFIELD,Male,46-50,1,2,2
4771,CITY OF PORT ADELAIDE ENFIELD,Male,46-50,2,0,56
4772,CITY OF PORT ADELAIDE ENFIELD,Male,46-50,2,1,6
4773,CITY OF PORT ADELAIDE ENFIELD,Male,46-50,3,0,1
4774,CITY OF PORT ADELAIDE ENFIELD,Male,46-50,4,0,1
4775,CITY OF PORT ADELAIDE ENFIELD,Male,51-55,0,1,41
4776,CITY OF PORT ADELAIDE ENFIELD,Male,51-55,0,2,7
4777,CITY OF PORT ADELAIDE ENFIELD,Male,51-55,0,3,2
4778,CITY OF PORT ADELAIDE ENFIELD,Male,51-55,0,5,1
4779,CITY OF PORT ADELAIDE ENFIELD,Male,51-55,1,0,403
4780,CITY OF PORT ADELAIDE ENFIELD,Male,51-55,1,1,16
4781,CITY OF PORT ADELAIDE ENFIELD,Male,51-55,1,2,2
4782,CITY OF PORT ADELAIDE ENFIELD,Male,51-55,2,0,89
4783,CITY OF PORT ADELAIDE ENFIELD,Male,51-55,2,1,3
4784,CITY OF PORT ADELAIDE ENFIELD,Male,51-55,2,2,1
4785,CITY OF PORT ADELAIDE ENFIELD,Male,51-55,3,0,4
4786,CITY OF PORT ADELAIDE ENFIELD,Male,51-55,3,3,1
4787,CITY OF PORT ADELAIDE ENFIELD,Male,51-55,4,0,1
4788,CITY OF PORT ADELAIDE ENFIELD,Male,56-60,0,1,36
4789,CITY OF PORT ADELAIDE ENFIELD,Male,56-60,0,2,10
4790,CITY OF PORT ADELAIDE ENFIELD,Male,56-60,0,3,1
4791,CITY OF PORT ADELAIDE ENFIELD,Male,56-60,1,0,363
4792,CITY OF PORT ADELAIDE ENFIELD,Male,56-60,1,1,13
4793,CITY OF PORT ADELAIDE ENFIELD,Male,56-60,1,2,2
4794,CITY OF PORT ADELAIDE ENFIELD,Male,56-60,1,3,2
4795,CITY OF PORT ADELAIDE ENFIELD,Male,56-60,2,0,73
4796,CITY OF PORT ADELAIDE ENFIELD,Male,56-60,2,1,4
4797,CITY OF PORT ADELAIDE ENFIELD,Male,56-60,2,2,3
4798,CITY OF PORT ADELAIDE ENFIELD,Male,56-60,3,0,5
4799,CITY OF PORT ADELAIDE ENFIELD,Male,56-60,3,1,1
4800,CITY OF PORT ADELAIDE ENFIELD,Male,56-60,4,0,1
4801,CITY OF PORT ADELAIDE ENFIELD,Male,61-65,0,1,27
4802,CITY OF PORT ADELAIDE ENFIELD,Male,61-65,0,2,11
4803,CITY OF PORT ADELAIDE ENFIELD,Male,61-65,0,4,1
4804,CITY OF PORT ADELAIDE ENFIELD,Male,61-65,1,0,342
4805,CITY OF PORT ADELAIDE ENFIELD,Male,61-65,1,1,8
4806,CITY OF PORT ADELAIDE ENFIELD,Male,61-65,2,0,52
4807,CITY OF PORT ADELAIDE ENFIELD,Male,61-65,2,1,2
4808,CITY OF PORT ADELAIDE ENFIELD,Male,61-65,3,0,4
4809,CITY OF PORT ADELAIDE ENFIELD,Male,61-65,4,2,1
4810,CITY OF PORT ADELAIDE ENFIELD,Male,61-65,5,0,1
4811,CITY OF PORT ADELAIDE ENFIELD,Male,66-70,0,1,22
4812,CITY OF PORT ADELAIDE ENFIELD,Male,66-70,0,2,10
4813,CITY OF PORT ADELAIDE ENFIELD,Male,66-70,1,0,286
4814,CITY OF PORT ADELAIDE ENFIELD,Male,66-70,1,1,4
4815,CITY OF PORT ADELAIDE ENFIELD,Male,66-70,1,2,4
4816,CITY OF PORT ADELAIDE ENFIELD,Male,66-70,2,0,55
4817,CITY OF PORT ADELAIDE ENFIELD,Male,66-70,3,0,3
4818,CITY OF PORT ADELAIDE ENFIELD,Male,66-70,4,0,1
4819,CITY OF PORT ADELAIDE ENFIELD,Male,66-70,4,1,1
4820,CITY OF PORT ADELAIDE ENFIELD,Male,66-70,5,0,1
4821,CITY OF PORT ADELAIDE ENFIELD,Male,Unknown,0,1,64
4822,CITY OF PORT ADELAIDE ENFIELD,Male,Unknown,0,2,6
4823,CITY OF PORT ADELAIDE ENFIELD,Male,Unknown,0,3,1
4824,CITY OF PORT ADELAIDE ENFIELD,Male,Unknown,0,5,2
4825,CITY OF PORT ADELAIDE ENFIELD,Male,Unknown,1,0,25
4826,CITY OF PORT ADELAIDE ENFIELD,Other,>70,1,0,22
4827,CITY OF PORT ADELAIDE ENFIELD,Other,>70,2,0,2
4828,CITY OF PORT ADELAIDE ENFIELD,Other,>70,3,0,1
4829,CITY OF PORT ADELAIDE ENFIELD,Other,16-20,2,>5,1
4830,CITY OF PORT ADELAIDE ENFIELD,Other,21-25,>5,0,1
4831,CITY OF PORT ADELAIDE ENFIELD,Other,21-25,0,1,3
4832,CITY OF PORT ADELAIDE ENFIELD,Other,21-25,0,5,1
4833,CITY OF PORT ADELAIDE ENFIELD,Other,21-25,1,0,1
4834,CITY OF PORT ADELAIDE ENFIELD,Other,26-30,0,1,4
4835,CITY OF PORT ADELAIDE ENFIELD,Other,26-30,0,2,1
4836,CITY OF PORT ADELAIDE ENFIELD,Other,26-30,1,0,6
4837,CITY OF PORT ADELAIDE ENFIELD,Other,26-30,1,1,1
4838,CITY OF PORT ADELAIDE ENFIELD,Other,26-30,2,0,1
4839,CITY OF PORT ADELAIDE ENFIELD,Other,31-35,0,1,1
4840,CITY OF PORT ADELAIDE ENFIELD,Other,31-35,0,2,1
4841,CITY OF PORT ADELAIDE ENFIELD,Other,31-35,1,0,4
4842,CITY OF PORT ADELAIDE ENFIELD,Other,31-35,2,0,1
4843,CITY OF PORT ADELAIDE ENFIELD,Other,36-40,0,1,1
4844,CITY OF PORT ADELAIDE ENFIELD,Other,36-40,1,0,7
4845,CITY OF PORT ADELAIDE ENFIELD,Other,36-40,1,1,1
4846,CITY OF PORT ADELAIDE ENFIELD,Other,36-40,2,0,2
4847,CITY OF PORT ADELAIDE ENFIELD,Other,36-40,2,2,1
4848,CITY OF PORT ADELAIDE ENFIELD,Other,41-45,0,3,1
4849,CITY OF PORT ADELAIDE ENFIELD,Other,41-45,1,0,6
4850,CITY OF PORT ADELAIDE ENFIELD,Other,41-45,2,0,3
4851,CITY OF PORT ADELAIDE ENFIELD,Other,41-45,4,0,1
4852,CITY OF PORT ADELAIDE ENFIELD,Other,46-50,0,1,2
4853,CITY OF PORT ADELAIDE ENFIELD,Other,46-50,1,0,10
4854,CITY OF PORT ADELAIDE ENFIELD,Other,46-50,1,1,1
4855,CITY OF PORT ADELAIDE ENFIELD,Other,46-50,2,0,1
4856,CITY OF PORT ADELAIDE ENFIELD,Other,51-55,0,1,1
4857,CITY OF PORT ADELAIDE ENFIELD,Other,51-55,1,0,16
4858,CITY OF PORT ADELAIDE ENFIELD,Other,51-55,1,1,1
4859,CITY OF PORT ADELAIDE ENFIELD,Other,51-55,2,0,2
4860,CITY OF PORT ADELAIDE ENFIELD,Other,56-60,>5,>5,1
4861,CITY OF PORT ADELAIDE ENFIELD,Other,56-60,0,1,1
4862,CITY OF PORT ADELAIDE ENFIELD,Other,56-60,1,0,8
4863,CITY OF PORT ADELAIDE ENFIELD,Other,56-60,1,1,1
4864,CITY OF PORT ADELAIDE ENFIELD,Other,56-60,2,0,3
4865,CITY OF PORT ADELAIDE ENFIELD,Other,56-60,5,>5,1
4866,CITY OF PORT ADELAIDE ENFIELD,Other,61-65,0,2,1
4867,CITY OF PORT ADELAIDE ENFIELD,Other,61-65,1,0,13
4868,CITY OF PORT ADELAIDE ENFIELD,Other,61-65,2,0,2
4869,CITY OF PORT ADELAIDE ENFIELD,Other,66-70,0,1,1
4870,CITY OF PORT ADELAIDE ENFIELD,Other,66-70,1,0,11
4871,CITY OF PORT ADELAIDE ENFIELD,Other,66-70,1,2,1
4872,CITY OF PORT ADELAIDE ENFIELD,Other,66-70,2,0,1
4873,CITY OF PORT ADELAIDE ENFIELD,Other,Unknown,0,1,1
4874,CITY OF PORT ADELAIDE ENFIELD,Other,Unknown,1,0,4
4875,CITY OF PORT ADELAIDE ENFIELD,Other,Unknown,2,0,1
4876,CITY OF PORT ADELAIDE ENFIELD,SUPPRESSED,Unknown,1,0,5
4877,CITY OF PORT ADELAIDE ENFIELD,SUPPRESSED,Unknown,1,1,1
4878,CITY OF PORT ADELAIDE ENFIELD,SUPPRESSED,Unknown,2,0,1
4879,CITY OF PORT ADELAIDE ENFIELD,Unknown,21-25,1,0,1
4880,CITY OF PORT ADELAIDE ENFIELD,Unknown,26-30,0,1,3
4881,CITY OF PORT ADELAIDE ENFIELD,Unknown,31-35,0,1,4
4882,CITY OF PORT ADELAIDE ENFIELD,Unknown,31-35,0,2,1
4883,CITY OF PORT ADELAIDE ENFIELD,Unknown,31-35,1,0,1
4884,CITY OF PORT ADELAIDE ENFIELD,Unknown,31-35,2,0,1
4885,CITY OF PORT ADELAIDE ENFIELD,Unknown,36-40,0,1,1
4886,CITY OF PORT ADELAIDE ENFIELD,Unknown,36-40,1,0,3
4887,CITY OF PORT ADELAIDE ENFIELD,Unknown,46-50,1,0,2
4888,CITY OF PORT ADELAIDE ENFIELD,Unknown,46-50,1,1,1
4889,CITY OF PORT ADELAIDE ENFIELD,Unknown,51-55,0,1,1
4890,CITY OF PORT ADELAIDE ENFIELD,Unknown,56-60,0,1,1
4891,CITY OF PORT ADELAIDE ENFIELD,Unknown,61-65,0,1,1
4892,CITY OF PORT ADELAIDE ENFIELD,Unknown,61-65,1,0,2
4893,CITY OF PORT ADELAIDE ENFIELD,Unknown,66-70,0,1,1
4894,CITY OF PORT ADELAIDE ENFIELD,Unknown,Unknown,0,1,509
4895,CITY OF PORT ADELAIDE ENFIELD,Unknown,Unknown,0,2,66
4896,CITY OF PORT ADELAIDE ENFIELD,Unknown,Unknown,0,3,15
4897,CITY OF PORT ADELAIDE ENFIELD,Unknown,Unknown,0,4,3
4898,CITY OF PORT ADELAIDE ENFIELD,Unknown,Unknown,0,5,1
4899,CITY OF PORT ADELAIDE ENFIELD,Unknown,Unknown,1,0,28
4900,CITY OF PORT ADELAIDE ENFIELD,Unknown,Unknown,1,1,2
4901,CITY OF PORT ADELAIDE ENFIELD,Unknown,Unknown,2,0,2
4902,CITY OF PORT LINCOLN,Female,>70,0,1,23
4903,CITY OF PORT LINCOLN,Female,>70,0,2,5
4904,CITY OF PORT LINCOLN,Female,>70,0,3,1
4905,CITY OF PORT LINCOLN,Female,>70,0,5,1
4906,CITY OF PORT LINCOLN,Female,>70,1,0,135
4907,CITY OF PORT LINCOLN,Female,>70,1,1,13
4908,CITY OF PORT LINCOLN,Female,>70,1,2,2
4909,CITY OF PORT LINCOLN,Female,>70,1,3,2
4910,CITY OF PORT LINCOLN,Female,>70,2,0,13
4911,CITY OF PORT LINCOLN,Female,>70,2,1,2
4912,CITY OF PORT LINCOLN,Female,>70,2,2,1
4913,CITY OF PORT LINCOLN,Female,>70,2,3,1
4914,CITY OF PORT LINCOLN,Female,>70,3,0,4
4915,CITY OF PORT LINCOLN,Female,16-20,0,1,8
4916,CITY OF PORT LINCOLN,Female,16-20,0,2,1
4917,CITY OF PORT LINCOLN,Female,16-20,1,0,10
4918,CITY OF PORT LINCOLN,Female,16-20,1,1,1
4919,CITY OF PORT LINCOLN,Female,16-20,2,0,1
4920,CITY OF PORT LINCOLN,Female,21-25,0,1,28
4921,CITY OF PORT LINCOLN,Female,21-25,0,2,7
4922,CITY OF PORT LINCOLN,Female,21-25,0,3,1
4923,CITY OF PORT LINCOLN,Female,21-25,1,0,46
4924,CITY OF PORT LINCOLN,Female,21-25,1,1,5
4925,CITY OF PORT LINCOLN,Female,21-25,1,2,3
4926,CITY OF PORT LINCOLN,Female,21-25,1,3,1
4927,CITY OF PORT LINCOLN,Female,21-25,2,0,10
4928,CITY OF PORT LINCOLN,Female,21-25,2,1,3
4929,CITY OF PORT LINCOLN,Female,21-25,2,2,1
4930,CITY OF PORT LINCOLN,Female,21-25,3,2,1
4931,CITY OF PORT LINCOLN,Female,26-30,0,1,27
4932,CITY OF PORT LINCOLN,Female,26-30,0,2,4
4933,CITY OF PORT LINCOLN,Female,26-30,1,0,85
4934,CITY OF PORT LINCOLN,Female,26-30,1,1,4
4935,CITY OF PORT LINCOLN,Female,26-30,1,2,3
4936,CITY OF PORT LINCOLN,Female,26-30,1,3,1
4937,CITY OF PORT LINCOLN,Female,26-30,2,0,29
4938,CITY OF PORT LINCOLN,Female,26-30,2,1,1
4939,CITY OF PORT LINCOLN,Female,26-30,3,0,1
4940,CITY OF PORT LINCOLN,Female,26-30,3,2,1
4941,CITY OF PORT LINCOLN,Female,31-35,0,1,18
4942,CITY OF PORT LINCOLN,Female,31-35,0,2,5
4943,CITY OF PORT LINCOLN,Female,31-35,0,3,2
4944,CITY OF PORT LINCOLN,Female,31-35,1,0,118
4945,CITY OF PORT LINCOLN,Female,31-35,1,1,11
4946,CITY OF PORT LINCOLN,Female,31-35,2,0,23
4947,CITY OF PORT LINCOLN,Female,31-35,2,1,7
4948,CITY OF PORT LINCOLN,Female,31-35,3,0,2
4949,CITY OF PORT LINCOLN,Female,36-40,0,>5,1
4950,CITY OF PORT LINCOLN,Female,36-40,0,1,23
4951,CITY OF PORT LINCOLN,Female,36-40,0,2,5
4952,CITY OF PORT LINCOLN,Female,36-40,1,0,132
4953,CITY OF PORT LINCOLN,Female,36-40,1,1,14
4954,CITY OF PORT LINCOLN,Female,36-40,1,2,3
4955,CITY OF PORT LINCOLN,Female,36-40,2,0,24
4956,CITY OF PORT LINCOLN,Female,36-40,2,1,7
4957,CITY OF PORT LINCOLN,Female,36-40,2,2,1
4958,CITY OF PORT LINCOLN,Female,36-40,3,0,1
4959,CITY OF PORT LINCOLN,Female,36-40,3,1,1
4960,CITY OF PORT LINCOLN,Female,41-45,0,1,13
4961,CITY OF PORT LINCOLN,Female,41-45,0,2,7
4962,CITY OF PORT LINCOLN,Female,41-45,0,3,2
4963,CITY OF PORT LINCOLN,Female,41-45,1,>5,1
4964,CITY OF PORT LINCOLN,Female,41-45,1,0,118
4965,CITY OF PORT LINCOLN,Female,41-45,1,1,8
4966,CITY OF PORT LINCOLN,Female,41-45,1,2,3
4967,CITY OF PORT LINCOLN,Female,41-45,2,0,17
4968,CITY OF PORT LINCOLN,Female,41-45,2,1,6
4969,CITY OF PORT LINCOLN,Female,41-45,2,2,1
4970,CITY OF PORT LINCOLN,Female,41-45,3,0,2
4971,CITY OF PORT LINCOLN,Female,41-45,3,3,1
4972,CITY OF PORT LINCOLN,Female,46-50,0,1,18
4973,CITY OF PORT LINCOLN,Female,46-50,0,2,8
4974,CITY OF PORT LINCOLN,Female,46-50,0,3,2
4975,CITY OF PORT LINCOLN,Female,46-50,1,0,105
4976,CITY OF PORT LINCOLN,Female,46-50,1,1,13
4977,CITY OF PORT LINCOLN,Female,46-50,1,2,4
4978,CITY OF PORT LINCOLN,Female,46-50,1,3,1
4979,CITY OF PORT LINCOLN,Female,46-50,1,4,1
4980,CITY OF PORT LINCOLN,Female,46-50,2,0,26
4981,CITY OF PORT LINCOLN,Female,46-50,2,1,3
4982,CITY OF PORT LINCOLN,Female,46-50,3,0,1
4983,CITY OF PORT LINCOLN,Female,46-50,3,1,1
4984,CITY OF PORT LINCOLN,Female,46-50,3,2,1
4985,CITY OF PORT LINCOLN,Female,46-50,4,0,1
4986,CITY OF PORT LINCOLN,Female,51-55,0,>5,1
4987,CITY OF PORT LINCOLN,Female,51-55,0,1,17
4988,CITY OF PORT LINCOLN,Female,51-55,0,2,8
4989,CITY OF PORT LINCOLN,Female,51-55,0,3,2
4990,CITY OF PORT LINCOLN,Female,51-55,0,4,1
4991,CITY OF PORT LINCOLN,Female,51-55,1,0,105
4992,CITY OF PORT LINCOLN,Female,51-55,1,1,15
4993,CITY OF PORT LINCOLN,Female,51-55,1,2,4
4994,CITY OF PORT LINCOLN,Female,51-55,2,0,34
4995,CITY OF PORT LINCOLN,Female,51-55,2,1,2
4996,CITY OF PORT LINCOLN,Female,51-55,2,2,2
4997,CITY OF PORT LINCOLN,Female,51-55,3,0,2
4998,CITY OF PORT LINCOLN,Female,51-55,3,1,1
4999,CITY OF PORT LINCOLN,Female,51-55,4,0,2
5000,CITY OF PORT LINCOLN,Female,56-60,0,>5,1
5001,CITY OF PORT LINCOLN,Female,56-60,0,1,10
5002,CITY OF PORT LINCOLN,Female,56-60,0,2,4
5003,CITY OF PORT LINCOLN,Female,56-60,0,3,2
5004,CITY OF PORT LINCOLN,Female,56-60,1,0,98
5005,CITY OF PORT LINCOLN,Female,56-60,1,1,7
5006,CITY OF PORT LINCOLN,Female,56-60,1,2,2
5007,CITY OF PORT LINCOLN,Female,56-60,1,4,1
5008,CITY OF PORT LINCOLN,Female,56-60,2,0,34
5009,CITY OF PORT LINCOLN,Female,56-60,2,1,6
5010,CITY OF PORT LINCOLN,Female,56-60,2,2,2
5011,CITY OF PORT LINCOLN,Female,56-60,3,0,2
5012,CITY OF PORT LINCOLN,Female,61-65,0,1,21
5013,CITY OF PORT LINCOLN,Female,61-65,0,2,5
5014,CITY OF PORT LINCOLN,Female,61-65,0,3,2
5015,CITY OF PORT LINCOLN,Female,61-65,1,0,109
5016,CITY OF PORT LINCOLN,Female,61-65,1,1,7
5017,CITY OF PORT LINCOLN,Female,61-65,1,3,1
5018,CITY OF PORT LINCOLN,Female,61-65,2,0,19
5019,CITY OF PORT LINCOLN,Female,61-65,2,1,2
5020,CITY OF PORT LINCOLN,Female,61-65,3,0,2
5021,CITY OF PORT LINCOLN,Female,61-65,4,1,1
5022,CITY OF PORT LINCOLN,Female,61-65,5,0,1
5023,CITY OF PORT LINCOLN,Female,66-70,0,1,14
5024,CITY OF PORT LINCOLN,Female,66-70,0,2,4
5025,CITY OF PORT LINCOLN,Female,66-70,1,>5,1
5026,CITY OF PORT LINCOLN,Female,66-70,1,0,54
5027,CITY OF PORT LINCOLN,Female,66-70,1,1,3
5028,CITY OF PORT LINCOLN,Female,66-70,1,2,2
5029,CITY OF PORT LINCOLN,Female,66-70,1,3,1
5030,CITY OF PORT LINCOLN,Female,66-70,2,0,16
5031,CITY OF PORT LINCOLN,Female,66-70,2,1,1
5032,CITY OF PORT LINCOLN,Female,66-70,2,2,1
5033,CITY OF PORT LINCOLN,Female,Unknown,0,1,3
5034,CITY OF PORT LINCOLN,Female,Unknown,1,0,2
5035,CITY OF PORT LINCOLN,Male,>70,0,1,12
5036,CITY OF PORT LINCOLN,Male,>70,0,2,2
5037,CITY OF PORT LINCOLN,Male,>70,1,0,81
5038,CITY OF PORT LINCOLN,Male,>70,1,1,1
5039,CITY OF PORT LINCOLN,Male,>70,2,0,11
5040,CITY OF PORT LINCOLN,Male,>70,4,0,1
5041,CITY OF PORT LINCOLN,Male,16-20,0,1,3
5042,CITY OF PORT LINCOLN,Male,16-20,1,0,5
5043,CITY OF PORT LINCOLN,Male,21-25,0,1,2
5044,CITY OF PORT LINCOLN,Male,21-25,1,0,36
5045,CITY OF PORT LINCOLN,Male,21-25,2,0,3
5046,CITY OF PORT LINCOLN,Male,26-30,0,1,5
5047,CITY OF PORT LINCOLN,Male,26-30,0,2,4
5048,CITY OF PORT LINCOLN,Male,26-30,1,0,65
5049,CITY OF PORT LINCOLN,Male,26-30,1,1,1
5050,CITY OF PORT LINCOLN,Male,26-30,1,2,1
5051,CITY OF PORT LINCOLN,Male,26-30,2,0,7
5052,CITY OF PORT LINCOLN,Male,31-35,0,1,10
5053,CITY OF PORT LINCOLN,Male,31-35,1,0,83
5054,CITY OF PORT LINCOLN,Male,31-35,1,1,3
5055,CITY OF PORT LINCOLN,Male,31-35,2,0,7
5056,CITY OF PORT LINCOLN,Male,31-35,3,0,1
5057,CITY OF PORT LINCOLN,Male,36-40,0,1,2
5058,CITY OF PORT LINCOLN,Male,36-40,0,2,3
5059,CITY OF PORT LINCOLN,Male,36-40,0,3,1
5060,CITY OF PORT LINCOLN,Male,36-40,1,0,65
5061,CITY OF PORT LINCOLN,Male,36-40,1,1,1
5062,CITY OF PORT LINCOLN,Male,36-40,1,4,1
5063,CITY OF PORT LINCOLN,Male,36-40,2,0,15
5064,CITY OF PORT LINCOLN,Male,36-40,2,1,2
5065,CITY OF PORT LINCOLN,Male,36-40,3,0,1
5066,CITY OF PORT LINCOLN,Male,41-45,0,1,7
5067,CITY OF PORT LINCOLN,Male,41-45,0,2,1
5068,CITY OF PORT LINCOLN,Male,41-45,1,0,36
5069,CITY OF PORT LINCOLN,Male,41-45,1,1,3
5070,CITY OF PORT LINCOLN,Male,41-45,2,0,9
5071,CITY OF PORT LINCOLN,Male,46-50,0,1,3
5072,CITY OF PORT LINCOLN,Male,46-50,0,2,1
5073,CITY OF PORT LINCOLN,Male,46-50,0,3,1
5074,CITY OF PORT LINCOLN,Male,46-50,1,0,52
5075,CITY OF PORT LINCOLN,Male,46-50,1,1,3
5076,CITY OF PORT LINCOLN,Male,46-50,1,2,1
5077,CITY OF PORT LINCOLN,Male,46-50,2,0,5
5078,CITY OF PORT LINCOLN,Male,46-50,2,2,1
5079,CITY OF PORT LINCOLN,Male,51-55,0,1,8
5080,CITY OF PORT LINCOLN,Male,51-55,0,2,1
5081,CITY OF PORT LINCOLN,Male,51-55,1,0,68
5082,CITY OF PORT LINCOLN,Male,51-55,1,1,3
5083,CITY OF PORT LINCOLN,Male,51-55,1,2,1
5084,CITY OF PORT LINCOLN,Male,51-55,2,0,13
5085,CITY OF PORT LINCOLN,Male,51-55,2,1,1
5086,CITY OF PORT LINCOLN,Male,51-55,2,2,1
5087,CITY OF PORT LINCOLN,Male,56-60,0,1,5
5088,CITY OF PORT LINCOLN,Male,56-60,0,2,1
5089,CITY OF PORT LINCOLN,Male,56-60,0,4,1
5090,CITY OF PORT LINCOLN,Male,56-60,1,0,53
5091,CITY OF PORT LINCOLN,Male,56-60,1,1,3
5092,CITY OF PORT LINCOLN,Male,56-60,1,2,1
5093,CITY OF PORT LINCOLN,Male,56-60,2,0,9
5094,CITY OF PORT LINCOLN,Male,56-60,2,1,1
5095,CITY OF PORT LINCOLN,Male,56-60,2,2,1
5096,CITY OF PORT LINCOLN,Male,56-60,3,0,2
5097,CITY OF PORT LINCOLN,Male,61-65,0,1,4
5098,CITY OF PORT LINCOLN,Male,61-65,1,0,44
5099,CITY OF PORT LINCOLN,Male,61-65,1,1,4
5100,CITY OF PORT LINCOLN,Male,61-65,2,0,7
5101,CITY OF PORT LINCOLN,Male,61-65,2,1,1
5102,CITY OF PORT LINCOLN,Male,61-65,3,0,1
5103,CITY OF PORT LINCOLN,Male,66-70,0,1,5
5104,CITY OF PORT LINCOLN,Male,66-70,0,2,2
5105,CITY OF PORT LINCOLN,Male,66-70,1,0,53
5106,CITY OF PORT LINCOLN,Male,66-70,1,1,1
5107,CITY OF PORT LINCOLN,Male,66-70,2,0,11
5108,CITY OF PORT LINCOLN,Male,Unknown,1,0,1
5109,CITY OF PORT LINCOLN,Other,>70,0,1,1
5110,CITY OF PORT LINCOLN,Other,>70,1,0,4
5111,CITY OF PORT LINCOLN,Other,21-25,0,1,1
5112,CITY OF PORT LINCOLN,Other,26-30,1,3,1
5113,CITY OF PORT LINCOLN,Other,41-45,1,0,1
5114,CITY OF PORT LINCOLN,Other,41-45,1,2,1
5115,CITY OF PORT LINCOLN,Other,51-55,1,0,1
5116,CITY OF PORT LINCOLN,Other,56-60,1,0,1
5117,CITY OF PORT LINCOLN,Other,61-65,0,1,1
5118,CITY OF PORT LINCOLN,Other,61-65,1,0,2
5119,CITY OF PORT LINCOLN,Other,66-70,2,0,1
5120,CITY OF PORT LINCOLN,SUPPRESSED,Unknown,2,0,1
5121,CITY OF PORT LINCOLN,SUPPRESSED,Unknown,2,1,1
5122,CITY OF PORT LINCOLN,Unknown,>70,0,1,1
5123,CITY OF PORT LINCOLN,Unknown,>70,0,4,1
5124,CITY OF PORT LINCOLN,Unknown,26-30,0,1,1
5125,CITY OF PORT LINCOLN,Unknown,26-30,0,2,1
5126,CITY OF PORT LINCOLN,Unknown,26-30,1,0,1
5127,CITY OF PORT LINCOLN,Unknown,31-35,0,2,1
5128,CITY OF PORT LINCOLN,Unknown,36-40,0,2,1
5129,CITY OF PORT LINCOLN,Unknown,41-45,0,1,1
5130,CITY OF PORT LINCOLN,Unknown,46-50,0,1,2
5131,CITY OF PORT LINCOLN,Unknown,51-55,0,1,3
5132,CITY OF PORT LINCOLN,Unknown,51-55,1,0,1
5133,CITY OF PORT LINCOLN,Unknown,66-70,0,1,1
5134,CITY OF PORT LINCOLN,Unknown,Unknown,0,1,9
5135,CITY OF PORT LINCOLN,Unknown,Unknown,0,2,2
5136,CITY OF PORT LINCOLN,Unknown,Unknown,0,3,1
5137,CITY OF PROSPECT,Female,>70,0,1,21
5138,CITY OF PROSPECT,Female,>70,0,2,8
5139,CITY OF PROSPECT,Female,>70,0,3,3
5140,CITY OF PROSPECT,Female,>70,1,0,91
5141,CITY OF PROSPECT,Female,>70,1,1,4
5142,CITY OF PROSPECT,Female,>70,1,2,1
5143,CITY OF PROSPECT,Female,>70,2,0,12
5144,CITY OF PROSPECT,Female,>70,3,0,2
5145,CITY OF PROSPECT,Female,16-20,0,1,1
5146,CITY OF PROSPECT,Female,16-20,1,0,1
5147,CITY OF PROSPECT,Female,21-25,0,1,31
5148,CITY OF PROSPECT,Female,21-25,0,2,7
5149,CITY OF PROSPECT,Female,21-25,0,3,2
5150,CITY OF PROSPECT,Female,21-25,1,0,34
5151,CITY OF PROSPECT,Female,21-25,1,1,1
5152,CITY OF PROSPECT,Female,21-25,1,2,1
5153,CITY OF PROSPECT,Female,21-25,2,0,3
5154,CITY OF PROSPECT,Female,21-25,3,0,1
5155,CITY OF PROSPECT,Female,26-30,0,1,46
5156,CITY OF PROSPECT,Female,26-30,0,2,15
5157,CITY OF PROSPECT,Female,26-30,0,3,2
5158,CITY OF PROSPECT,Female,26-30,1,0,65
5159,CITY OF PROSPECT,Female,26-30,1,1,4
5160,CITY OF PROSPECT,Female,26-30,1,2,1
5161,CITY OF PROSPECT,Female,26-30,2,0,8
5162,CITY OF PROSPECT,Female,26-30,3,0,1
5163,CITY OF PROSPECT,Female,31-35,0,1,22
5164,CITY OF PROSPECT,Female,31-35,0,2,12
5165,CITY OF PROSPECT,Female,31-35,0,3,1
5166,CITY OF PROSPECT,Female,31-35,1,0,79
5167,CITY OF PROSPECT,Female,31-35,1,1,4
5168,CITY OF PROSPECT,Female,31-35,2,0,23
5169,CITY OF PROSPECT,Female,36-40,0,1,23
5170,CITY OF PROSPECT,Female,36-40,0,2,7
5171,CITY OF PROSPECT,Female,36-40,0,4,2
5172,CITY OF PROSPECT,Female,36-40,1,0,103
5173,CITY OF PROSPECT,Female,36-40,1,1,7
5174,CITY OF PROSPECT,Female,36-40,1,2,2
5175,CITY OF PROSPECT,Female,36-40,1,4,1
5176,CITY OF PROSPECT,Female,36-40,2,0,15
5177,CITY OF PROSPECT,Female,36-40,2,1,1
5178,CITY OF PROSPECT,Female,36-40,3,0,1
5179,CITY OF PROSPECT,Female,41-45,0,1,15
5180,CITY OF PROSPECT,Female,41-45,0,2,4
5181,CITY OF PROSPECT,Female,41-45,0,4,1
5182,CITY OF PROSPECT,Female,41-45,1,0,127
5183,CITY OF PROSPECT,Female,41-45,1,1,8
5184,CITY OF PROSPECT,Female,41-45,1,2,1
5185,CITY OF PROSPECT,Female,41-45,1,4,1
5186,CITY OF PROSPECT,Female,41-45,2,0,25
5187,CITY OF PROSPECT,Female,41-45,2,1,2
5188,CITY OF PROSPECT,Female,41-45,2,3,1
5189,CITY OF PROSPECT,Female,41-45,3,0,1
5190,CITY OF PROSPECT,Female,41-45,3,1,1
5191,CITY OF PROSPECT,Female,46-50,0,1,17
5192,CITY OF PROSPECT,Female,46-50,0,2,9
5193,CITY OF PROSPECT,Female,46-50,1,0,154
5194,CITY OF PROSPECT,Female,46-50,1,1,6
5195,CITY OF PROSPECT,Female,46-50,1,2,4
5196,CITY OF PROSPECT,Female,46-50,2,>5,1
5197,CITY OF PROSPECT,Female,46-50,2,0,32
5198,CITY OF PROSPECT,Female,46-50,2,1,4
5199,CITY OF PROSPECT,Female,46-50,3,0,4
5200,CITY OF PROSPECT,Female,51-55,0,1,13
5201,CITY OF PROSPECT,Female,51-55,0,2,14
5202,CITY OF PROSPECT,Female,51-55,0,3,4
5203,CITY OF PROSPECT,Female,51-55,1,0,154
5204,CITY OF PROSPECT,Female,51-55,1,1,10
5205,CITY OF PROSPECT,Female,51-55,1,2,3
5206,CITY OF PROSPECT,Female,51-55,1,3,1
5207,CITY OF PROSPECT,Female,51-55,2,0,44
5208,CITY OF PROSPECT,Female,51-55,2,1,2
5209,CITY OF PROSPECT,Female,56-60,0,1,15
5210,CITY OF PROSPECT,Female,56-60,0,2,3
5211,CITY OF PROSPECT,Female,56-60,0,3,2
5212,CITY OF PROSPECT,Female,56-60,1,0,127
5213,CITY OF PROSPECT,Female,56-60,1,1,4
5214,CITY OF PROSPECT,Female,56-60,2,0,17
5215,CITY OF PROSPECT,Female,56-60,2,1,1
5216,CITY OF PROSPECT,Female,56-60,3,0,1
5217,CITY OF PROSPECT,Female,61-65,0,1,15
5218,CITY OF PROSPECT,Female,61-65,0,2,7
5219,CITY OF PROSPECT,Female,61-65,1,0,104
5220,CITY OF PROSPECT,Female,61-65,1,1,4
5221,CITY OF PROSPECT,Female,61-65,1,2,1
5222,CITY OF PROSPECT,Female,61-65,2,0,23
5223,CITY OF PROSPECT,Female,61-65,2,1,2
5224,CITY OF PROSPECT,Female,66-70,0,1,12
5225,CITY OF PROSPECT,Female,66-70,0,2,2
5226,CITY OF PROSPECT,Female,66-70,0,3,2
5227,CITY OF PROSPECT,Female,66-70,1,0,69
5228,CITY OF PROSPECT,Female,66-70,1,1,4
5229,CITY OF PROSPECT,Female,66-70,1,2,1
5230,CITY OF PROSPECT,Female,66-70,2,0,15
5231,CITY OF PROSPECT,Female,66-70,2,1,1
5232,CITY OF PROSPECT,Female,66-70,3,0,2
5233,CITY OF PROSPECT,Female,66-70,3,4,1
5234,CITY OF PROSPECT,Female,Unknown,0,1,84
5235,CITY OF PROSPECT,Female,Unknown,0,2,8
5236,CITY OF PROSPECT,Male,>70,0,1,11
5237,CITY OF PROSPECT,Male,>70,0,2,1
5238,CITY OF PROSPECT,Male,>70,1,0,54
5239,CITY OF PROSPECT,Male,>70,1,1,2
5240,CITY OF PROSPECT,Male,>70,1,2,1
5241,CITY OF PROSPECT,Male,>70,2,0,6
5242,CITY OF PROSPECT,Male,16-20,0,1,2
5243,CITY OF PROSPECT,Male,16-20,1,0,1
5244,CITY OF PROSPECT,Male,21-25,0,1,13
5245,CITY OF PROSPECT,Male,21-25,0,2,1
5246,CITY OF PROSPECT,Male,21-25,1,0,15
5247,CITY OF PROSPECT,Male,26-30,0,1,22
5248,CITY OF PROSPECT,Male,26-30,0,2,2
5249,CITY OF PROSPECT,Male,26-30,1,0,46
5250,CITY OF PROSPECT,Male,26-30,1,1,1
5251,CITY OF PROSPECT,Male,26-30,2,0,3
5252,CITY OF PROSPECT,Male,31-35,0,1,18
5253,CITY OF PROSPECT,Male,31-35,0,2,4
5254,CITY OF PROSPECT,Male,31-35,1,0,54
5255,CITY OF PROSPECT,Male,31-35,1,1,2
5256,CITY OF PROSPECT,Male,31-35,2,0,10
5257,CITY OF PROSPECT,Male,31-35,3,0,1
5258,CITY OF PROSPECT,Male,36-40,0,1,5
5259,CITY OF PROSPECT,Male,36-40,0,2,4
5260,CITY OF PROSPECT,Male,36-40,1,0,62
5261,CITY OF PROSPECT,Male,36-40,2,0,14
5262,CITY OF PROSPECT,Male,36-40,2,1,2
5263,CITY OF PROSPECT,Male,36-40,3,0,1
5264,CITY OF PROSPECT,Male,41-45,0,1,13
5265,CITY OF PROSPECT,Male,41-45,0,2,4
5266,CITY OF PROSPECT,Male,41-45,0,3,1
5267,CITY OF PROSPECT,Male,41-45,1,0,69
5268,CITY OF PROSPECT,Male,41-45,1,1,1
5269,CITY OF PROSPECT,Male,41-45,2,0,8
5270,CITY OF PROSPECT,Male,46-50,0,1,11
5271,CITY OF PROSPECT,Male,46-50,0,2,4
5272,CITY OF PROSPECT,Male,46-50,1,0,44
5273,CITY OF PROSPECT,Male,46-50,1,1,1
5274,CITY OF PROSPECT,Male,46-50,2,0,11
5275,CITY OF PROSPECT,Male,46-50,2,1,2
5276,CITY OF PROSPECT,Male,51-55,>5,0,1
5277,CITY OF PROSPECT,Male,51-55,0,1,9
5278,CITY OF PROSPECT,Male,51-55,0,2,1
5279,CITY OF PROSPECT,Male,51-55,1,0,69
5280,CITY OF PROSPECT,Male,51-55,1,1,3
5281,CITY OF PROSPECT,Male,51-55,2,0,14
5282,CITY OF PROSPECT,Male,56-60,0,>5,1
5283,CITY OF PROSPECT,Male,56-60,0,1,6
5284,CITY OF PROSPECT,Male,56-60,0,2,3
5285,CITY OF PROSPECT,Male,56-60,1,0,55
5286,CITY OF PROSPECT,Male,56-60,1,1,4
5287,CITY OF PROSPECT,Male,56-60,2,0,19
5288,CITY OF PROSPECT,Male,56-60,2,1,2
5289,CITY OF PROSPECT,Male,61-65,0,1,8
5290,CITY OF PROSPECT,Male,61-65,0,2,1
5291,CITY OF PROSPECT,Male,61-65,1,0,58
5292,CITY OF PROSPECT,Male,61-65,1,1,2
5293,CITY OF PROSPECT,Male,61-65,1,3,1
5294,CITY OF PROSPECT,Male,61-65,2,0,8
5295,CITY OF PROSPECT,Male,61-65,3,0,2
5296,CITY OF PROSPECT,Male,66-70,0,1,2
5297,CITY OF PROSPECT,Male,66-70,0,2,1
5298,CITY OF PROSPECT,Male,66-70,1,0,42
5299,CITY OF PROSPECT,Male,66-70,1,1,1
5300,CITY OF PROSPECT,Male,66-70,2,0,7
5301,CITY OF PROSPECT,Male,66-70,2,1,1
5302,CITY OF PROSPECT,Male,Unknown,0,1,53
5303,CITY OF PROSPECT,Male,Unknown,0,2,12
5304,CITY OF PROSPECT,Other,>70,0,4,1
5305,CITY OF PROSPECT,Other,>70,1,0,15
5306,CITY OF PROSPECT,Other,>70,2,0,4
5307,CITY OF PROSPECT,Other,21-25,0,1,1
5308,CITY OF PROSPECT,Other,21-25,1,0,3
5309,CITY OF PROSPECT,Other,26-30,0,1,1
5310,CITY OF PROSPECT,Other,26-30,1,0,4
5311,CITY OF PROSPECT,Other,31-35,0,1,1
5312,CITY OF PROSPECT,Other,31-35,2,0,2
5313,CITY OF PROSPECT,Other,36-40,1,0,5
5314,CITY OF PROSPECT,Other,36-40,2,0,1
5315,CITY OF PROSPECT,Other,41-45,1,0,9
5316,CITY OF PROSPECT,Other,41-45,1,1,1
5317,CITY OF PROSPECT,Other,41-45,2,0,1
5318,CITY OF PROSPECT,Other,46-50,1,0,13
5319,CITY OF PROSPECT,Other,46-50,1,1,1
5320,CITY OF PROSPECT,Other,46-50,2,0,2
5321,CITY OF PROSPECT,Other,51-55,1,0,21
5322,CITY OF PROSPECT,Other,51-55,1,1,1
5323,CITY OF PROSPECT,Other,51-55,2,0,1
5324,CITY OF PROSPECT,Other,56-60,1,0,15
5325,CITY OF PROSPECT,Other,56-60,2,0,2
5326,CITY OF PROSPECT,Other,61-65,0,1,1
5327,CITY OF PROSPECT,Other,61-65,1,0,10
5328,CITY OF PROSPECT,Other,61-65,2,0,3
5329,CITY OF PROSPECT,Other,66-70,1,0,11
5330,CITY OF PROSPECT,SUPPRESSED,Unknown,1,0,1
5331,CITY OF PROSPECT,SUPPRESSED,Unknown,2,0,2
5332,CITY OF PROSPECT,Unknown,21-25,0,1,1
5333,CITY OF PROSPECT,Unknown,Unknown,0,1,50
5334,CITY OF PROSPECT,Unknown,Unknown,0,2,10
5335,CITY OF PROSPECT,Unknown,Unknown,0,3,1
5336,CITY OF SALISBURY,Female,>70,>5,0,1
5337,CITY OF SALISBURY,Female,>70,0,>5,1
5338,CITY OF SALISBURY,Female,>70,0,1,114
5339,CITY OF SALISBURY,Female,>70,0,2,26
5340,CITY OF SALISBURY,Female,>70,0,3,4
5341,CITY OF SALISBURY,Female,>70,0,4,1
5342,CITY OF SALISBURY,Female,>70,1,>5,2
5343,CITY OF SALISBURY,Female,>70,1,0,1104
5344,CITY OF SALISBURY,Female,>70,1,1,38
5345,CITY OF SALISBURY,Female,>70,1,2,9
5346,CITY OF SALISBURY,Female,>70,1,3,1
5347,CITY OF SALISBURY,Female,>70,2,0,160
5348,CITY OF SALISBURY,Female,>70,2,1,9
5349,CITY OF SALISBURY,Female,>70,2,2,2
5350,CITY OF SALISBURY,Female,>70,2,3,3
5351,CITY OF SALISBURY,Female,>70,2,4,1
5352,CITY OF SALISBURY,Female,>70,3,0,8
5353,CITY OF SALISBURY,Female,>70,3,1,2
5354,CITY OF SALISBURY,Female,>70,5,0,1
5355,CITY OF SALISBURY,Female,16-20,0,1,35
5356,CITY OF SALISBURY,Female,16-20,0,2,6
5357,CITY OF SALISBURY,Female,16-20,0,3,1
5358,CITY OF SALISBURY,Female,16-20,1,0,56
5359,CITY OF SALISBURY,Female,16-20,2,0,4
5360,CITY OF SALISBURY,Female,16-20,3,0,1
5361,CITY OF SALISBURY,Female,21-25,0,>5,2
5362,CITY OF SALISBURY,Female,21-25,0,1,211
5363,CITY OF SALISBURY,Female,21-25,0,2,49
5364,CITY OF SALISBURY,Female,21-25,0,3,12
5365,CITY OF SALISBURY,Female,21-25,0,4,2
5366,CITY OF SALISBURY,Female,21-25,1,0,298
5367,CITY OF SALISBURY,Female,21-25,1,1,19
5368,CITY OF SALISBURY,Female,21-25,1,2,10
5369,CITY OF SALISBURY,Female,21-25,1,3,2
5370,CITY OF SALISBURY,Female,21-25,1,5,1
5371,CITY OF SALISBURY,Female,21-25,2,0,43
5372,CITY OF SALISBURY,Female,21-25,2,1,6
5373,CITY OF SALISBURY,Female,21-25,2,2,2
5374,CITY OF SALISBURY,Female,21-25,2,3,1
5375,CITY OF SALISBURY,Female,21-25,5,0,1
5376,CITY OF SALISBURY,Female,26-30,0,>5,1
5377,CITY OF SALISBURY,Female,26-30,0,1,184
5378,CITY OF SALISBURY,Female,26-30,0,2,68
5379,CITY OF SALISBURY,Female,26-30,0,3,13
5380,CITY OF SALISBURY,Female,26-30,0,4,1
5381,CITY OF SALISBURY,Female,26-30,1,0,606
5382,CITY OF SALISBURY,Female,26-30,1,1,48
5383,CITY OF SALISBURY,Female,26-30,1,2,19
5384,CITY OF SALISBURY,Female,26-30,1,3,4
5385,CITY OF SALISBURY,Female,26-30,2,0,152
5386,CITY OF SALISBURY,Female,26-30,2,1,16
5387,CITY OF SALISBURY,Female,26-30,2,2,4
5388,CITY OF SALISBURY,Female,26-30,2,3,2
5389,CITY OF SALISBURY,Female,26-30,2,5,2
5390,CITY OF SALISBURY,Female,26-30,3,>5,1
5391,CITY OF SALISBURY,Female,26-30,3,0,6
5392,CITY OF SALISBURY,Female,26-30,3,1,2
5393,CITY OF SALISBURY,Female,26-30,4,0,2
5394,CITY OF SALISBURY,Female,26-30,4,2,1
5395,CITY OF SALISBURY,Female,26-30,5,0,1
5396,CITY OF SALISBURY,Female,31-35,>5,0,2
5397,CITY OF SALISBURY,Female,31-35,0,1,157
5398,CITY OF SALISBURY,Female,31-35,0,2,43
5399,CITY OF SALISBURY,Female,31-35,0,3,11
5400,CITY OF SALISBURY,Female,31-35,0,4,1
5401,CITY OF SALISBURY,Female,31-35,0,5,3
5402,CITY OF SALISBURY,Female,31-35,1,0,715
5403,CITY OF SALISBURY,Female,31-35,1,1,65
5404,CITY OF SALISBURY,Female,31-35,1,2,18
5405,CITY OF SALISBURY,Female,31-35,1,3,3
5406,CITY OF SALISBURY,Female,31-35,1,4,3
5407,CITY OF SALISBURY,Female,31-35,2,0,200
5408,CITY OF SALISBURY,Female,31-35,2,1,22
5409,CITY OF SALISBURY,Female,31-35,2,2,10
5410,CITY OF SALISBURY,Female,31-35,2,3,2
5411,CITY OF SALISBURY,Female,31-35,2,4,1
5412,CITY OF SALISBURY,Female,31-35,3,0,12
5413,CITY OF SALISBURY,Female,31-35,3,1,1
5414,CITY OF SALISBURY,Female,31-35,3,2,1
5415,CITY OF SALISBURY,Female,31-35,3,4,1
5416,CITY OF SALISBURY,Female,31-35,4,0,2
5417,CITY OF SALISBURY,Female,31-35,5,0,1
5418,CITY OF SALISBURY,Female,36-40,0,1,140
5419,CITY OF SALISBURY,Female,36-40,0,2,40
5420,CITY OF SALISBURY,Female,36-40,0,3,7
5421,CITY OF SALISBURY,Female,36-40,0,4,2
5422,CITY OF SALISBURY,Female,36-40,0,5,2
5423,CITY OF SALISBURY,Female,36-40,1,0,797
5424,CITY OF SALISBURY,Female,36-40,1,1,55
5425,CITY OF SALISBURY,Female,36-40,1,2,24
5426,CITY OF SALISBURY,Female,36-40,1,3,5
5427,CITY OF SALISBURY,Female,36-40,1,4,3
5428,CITY OF SALISBURY,Female,36-40,2,>5,1
5429,CITY OF SALISBURY,Female,36-40,2,0,207
5430,CITY OF SALISBURY,Female,36-40,2,1,14
5431,CITY OF SALISBURY,Female,36-40,2,2,12
5432,CITY OF SALISBURY,Female,36-40,2,3,2
5433,CITY OF SALISBURY,Female,36-40,2,4,2
5434,CITY OF SALISBURY,Female,36-40,2,5,1
5435,CITY OF SALISBURY,Female,36-40,3,0,13
5436,CITY OF SALISBURY,Female,36-40,3,1,3
5437,CITY OF SALISBURY,Female,36-40,3,2,2
5438,CITY OF SALISBURY,Female,36-40,4,0,2
5439,CITY OF SALISBURY,Female,41-45,>5,0,1
5440,CITY OF SALISBURY,Female,41-45,0,>5,2
5441,CITY OF SALISBURY,Female,41-45,0,1,129
5442,CITY OF SALISBURY,Female,41-45,0,2,51
5443,CITY OF SALISBURY,Female,41-45,0,3,6
5444,CITY OF SALISBURY,Female,41-45,0,4,5
5445,CITY OF SALISBURY,Female,41-45,0,5,5
5446,CITY OF SALISBURY,Female,41-45,1,>5,3
5447,CITY OF SALISBURY,Female,41-45,1,0,767
5448,CITY OF SALISBURY,Female,41-45,1,1,75
5449,CITY OF SALISBURY,Female,41-45,1,2,23
5450,CITY OF SALISBURY,Female,41-45,1,3,6
5451,CITY OF SALISBURY,Female,41-45,1,4,3
5452,CITY OF SALISBURY,Female,41-45,2,>5,1
5453,CITY OF SALISBURY,Female,41-45,2,0,221
5454,CITY OF SALISBURY,Female,41-45,2,1,24
5455,CITY OF SALISBURY,Female,41-45,2,2,10
5456,CITY OF SALISBURY,Female,41-45,2,3,4
5457,CITY OF SALISBURY,Female,41-45,2,4,1
5458,CITY OF SALISBURY,Female,41-45,3,>5,2
5459,CITY OF SALISBURY,Female,41-45,3,0,13
5460,CITY OF SALISBURY,Female,41-45,3,1,1
5461,CITY OF SALISBURY,Female,41-45,4,0,3
5462,CITY OF SALISBURY,Female,41-45,4,4,1
5463,CITY OF SALISBURY,Female,41-45,5,0,2
5464,CITY OF SALISBURY,Female,46-50,>5,0,2
5465,CITY OF SALISBURY,Female,46-50,0,1,121
5466,CITY OF SALISBURY,Female,46-50,0,2,40
5467,CITY OF SALISBURY,Female,46-50,0,3,10
5468,CITY OF SALISBURY,Female,46-50,0,4,4
5469,CITY OF SALISBURY,Female,46-50,1,>5,1
5470,CITY OF SALISBURY,Female,46-50,1,0,755
5471,CITY OF SALISBURY,Female,46-50,1,1,55
5472,CITY OF SALISBURY,Female,46-50,1,2,23
5473,CITY OF SALISBURY,Female,46-50,1,3,6
5474,CITY OF SALISBURY,Female,46-50,1,4,2
5475,CITY OF SALISBURY,Female,46-50,2,>5,1
5476,CITY OF SALISBURY,Female,46-50,2,0,246
5477,CITY OF SALISBURY,Female,46-50,2,1,28
5478,CITY OF SALISBURY,Female,46-50,2,2,9
5479,CITY OF SALISBURY,Female,46-50,2,3,4
5480,CITY OF SALISBURY,Female,46-50,2,4,2
5481,CITY OF SALISBURY,Female,46-50,2,5,2
5482,CITY OF SALISBURY,Female,46-50,3,0,15
5483,CITY OF SALISBURY,Female,46-50,3,1,2
5484,CITY OF SALISBURY,Female,46-50,3,2,1
5485,CITY OF SALISBURY,Female,46-50,3,3,1
5486,CITY OF SALISBURY,Female,46-50,4,0,2
5487,CITY OF SALISBURY,Female,46-50,4,1,1
5488,CITY OF SALISBURY,Female,46-50,5,0,1
5489,CITY OF SALISBURY,Female,51-55,>5,0,1
5490,CITY OF SALISBURY,Female,51-55,0,1,121
5491,CITY OF SALISBURY,Female,51-55,0,2,43
5492,CITY OF SALISBURY,Female,51-55,0,3,14
5493,CITY OF SALISBURY,Female,51-55,0,4,5
5494,CITY OF SALISBURY,Female,51-55,0,5,1
5495,CITY OF SALISBURY,Female,51-55,1,>5,3
5496,CITY OF SALISBURY,Female,51-55,1,0,848
5497,CITY OF SALISBURY,Female,51-55,1,1,84
5498,CITY OF SALISBURY,Female,51-55,1,2,15
5499,CITY OF SALISBURY,Female,51-55,1,3,6
5500,CITY OF SALISBURY,Female,51-55,1,4,4
5501,CITY OF SALISBURY,Female,51-55,1,5,2
5502,CITY OF SALISBURY,Female,51-55,2,>5,1
5503,CITY OF SALISBURY,Female,51-55,2,0,258
5504,CITY OF SALISBURY,Female,51-55,2,1,21
5505,CITY OF SALISBURY,Female,51-55,2,2,8
5506,CITY OF SALISBURY,Female,51-55,2,3,4
5507,CITY OF SALISBURY,Female,51-55,2,5,1
5508,CITY OF SALISBURY,Female,51-55,3,>5,1
5509,CITY OF SALISBURY,Female,51-55,3,0,18
5510,CITY OF SALISBURY,Female,51-55,3,1,3
5511,CITY OF SALISBURY,Female,51-55,3,2,3
5512,CITY OF SALISBURY,Female,51-55,3,3,1
5513,CITY OF SALISBURY,Female,51-55,4,0,2
5514,CITY OF SALISBURY,Female,51-55,4,2,1
5515,CITY OF SALISBURY,Female,51-55,5,0,1
5516,CITY OF SALISBURY,Female,56-60,0,>5,3
5517,CITY OF SALISBURY,Female,56-60,0,1,91
5518,CITY OF SALISBURY,Female,56-60,0,2,27
5519,CITY OF SALISBURY,Female,56-60,0,3,8
5520,CITY OF SALISBURY,Female,56-60,0,4,5
5521,CITY OF SALISBURY,Female,56-60,0,5,5
5522,CITY OF SALISBURY,Female,56-60,1,0,761
5523,CITY OF SALISBURY,Female,56-60,1,1,55
5524,CITY OF SALISBURY,Female,56-60,1,2,16
5525,CITY OF SALISBURY,Female,56-60,1,3,4
5526,CITY OF SALISBURY,Female,56-60,1,4,1
5527,CITY OF SALISBURY,Female,56-60,2,0,204
5528,CITY OF SALISBURY,Female,56-60,2,1,27
5529,CITY OF SALISBURY,Female,56-60,2,2,6
5530,CITY OF SALISBURY,Female,56-60,2,3,3
5531,CITY OF SALISBURY,Female,56-60,2,4,2
5532,CITY OF SALISBURY,Female,56-60,3,0,19
5533,CITY OF SALISBURY,Female,56-60,3,1,1
5534,CITY OF SALISBURY,Female,56-60,4,0,3
5535,CITY OF SALISBURY,Female,56-60,5,0,2
5536,CITY OF SALISBURY,Female,61-65,0,>5,2
5537,CITY OF SALISBURY,Female,61-65,0,1,86
5538,CITY OF SALISBURY,Female,61-65,0,2,33
5539,CITY OF SALISBURY,Female,61-65,0,3,6
5540,CITY OF SALISBURY,Female,61-65,0,4,2
5541,CITY OF SALISBURY,Female,61-65,1,>5,1
5542,CITY OF SALISBURY,Female,61-65,1,0,688
5543,CITY OF SALISBURY,Female,61-65,1,1,27
5544,CITY OF SALISBURY,Female,61-65,1,2,13
5545,CITY OF SALISBURY,Female,61-65,1,3,3
5546,CITY OF SALISBURY,Female,61-65,1,4,2
5547,CITY OF SALISBURY,Female,61-65,2,0,176
5548,CITY OF SALISBURY,Female,61-65,2,1,7
5549,CITY OF SALISBURY,Female,61-65,2,2,3
5550,CITY OF SALISBURY,Female,61-65,2,3,1
5551,CITY OF SALISBURY,Female,61-65,3,0,10
5552,CITY OF SALISBURY,Female,61-65,3,1,2
5553,CITY OF SALISBURY,Female,61-65,4,0,1
5554,CITY OF SALISBURY,Female,66-70,>5,0,1
5555,CITY OF SALISBURY,Female,66-70,0,1,55
5556,CITY OF SALISBURY,Female,66-70,0,2,15
5557,CITY OF SALISBURY,Female,66-70,0,3,6
5558,CITY OF SALISBURY,Female,66-70,0,4,3
5559,CITY OF SALISBURY,Female,66-70,1,0,507
5560,CITY OF SALISBURY,Female,66-70,1,1,28
5561,CITY OF SALISBURY,Female,66-70,1,2,10
5562,CITY OF SALISBURY,Female,66-70,1,4,2
5563,CITY OF SALISBURY,Female,66-70,2,0,105
5564,CITY OF SALISBURY,Female,66-70,2,1,3
5565,CITY OF SALISBURY,Female,66-70,2,3,2
5566,CITY OF SALISBURY,Female,66-70,2,4,1
5567,CITY OF SALISBURY,Female,66-70,3,0,8
5568,CITY OF SALISBURY,Female,66-70,3,1,1
5569,CITY OF SALISBURY,Female,66-70,3,2,1
5570,CITY OF SALISBURY,Female,66-70,4,0,1
5571,CITY OF SALISBURY,Female,66-70,4,3,1
5572,CITY OF SALISBURY,Female,66-70,5,0,1
5573,CITY OF SALISBURY,Female,Unknown,0,>5,2
5574,CITY OF SALISBURY,Female,Unknown,0,1,293
5575,CITY OF SALISBURY,Female,Unknown,0,2,64
5576,CITY OF SALISBURY,Female,Unknown,0,3,7
5577,CITY OF SALISBURY,Female,Unknown,0,4,3
5578,CITY OF SALISBURY,Female,Unknown,0,5,2
5579,CITY OF SALISBURY,Female,Unknown,1,0,11
5580,CITY OF SALISBURY,Male,>70,0,1,43
5581,CITY OF SALISBURY,Male,>70,0,2,12
5582,CITY OF SALISBURY,Male,>70,0,3,1
5583,CITY OF SALISBURY,Male,>70,1,0,664
5584,CITY OF SALISBURY,Male,>70,1,1,8
5585,CITY OF SALISBURY,Male,>70,2,>5,1
5586,CITY OF SALISBURY,Male,>70,2,0,82
5587,CITY OF SALISBURY,Male,>70,2,2,1
5588,CITY OF SALISBURY,Male,>70,2,3,1
5589,CITY OF SALISBURY,Male,>70,3,0,6
5590,CITY OF SALISBURY,Male,>70,3,1,1
5591,CITY OF SALISBURY,Male,>70,4,0,2
5592,CITY OF SALISBURY,Male,>70,5,0,1
5593,CITY OF SALISBURY,Male,16-20,0,1,13
5594,CITY OF SALISBURY,Male,16-20,0,2,1
5595,CITY OF SALISBURY,Male,16-20,1,0,22
5596,CITY OF SALISBURY,Male,16-20,2,0,1
5597,CITY OF SALISBURY,Male,21-25,0,1,62
5598,CITY OF SALISBURY,Male,21-25,0,2,17
5599,CITY OF SALISBURY,Male,21-25,0,3,1
5600,CITY OF SALISBURY,Male,21-25,1,0,193
5601,CITY OF SALISBURY,Male,21-25,1,1,3
5602,CITY OF SALISBURY,Male,21-25,1,2,2
5603,CITY OF SALISBURY,Male,21-25,2,0,7
5604,CITY OF SALISBURY,Male,21-25,2,1,1
5605,CITY OF SALISBURY,Male,21-25,3,0,1
5606,CITY OF SALISBURY,Male,26-30,0,1,88
5607,CITY OF SALISBURY,Male,26-30,0,2,21
5608,CITY OF SALISBURY,Male,26-30,0,3,2
5609,CITY OF SALISBURY,Male,26-30,1,0,374
5610,CITY OF SALISBURY,Male,26-30,1,1,10
5611,CITY OF SALISBURY,Male,26-30,1,2,5
5612,CITY OF SALISBURY,Male,26-30,2,0,58
5613,CITY OF SALISBURY,Male,26-30,2,1,4
5614,CITY OF SALISBURY,Male,26-30,2,2,2
5615,CITY OF SALISBURY,Male,26-30,3,0,2
5616,CITY OF SALISBURY,Male,26-30,5,0,1
5617,CITY OF SALISBURY,Male,31-35,0,1,77
5618,CITY OF SALISBURY,Male,31-35,0,2,18
5619,CITY OF SALISBURY,Male,31-35,0,3,3
5620,CITY OF SALISBURY,Male,31-35,1,0,502
5621,CITY OF SALISBURY,Male,31-35,1,1,11
5622,CITY OF SALISBURY,Male,31-35,1,2,3
5623,CITY OF SALISBURY,Male,31-35,1,4,1
5624,CITY OF SALISBURY,Male,31-35,2,0,85
5625,CITY OF SALISBURY,Male,31-35,2,1,4
5626,CITY OF SALISBURY,Male,31-35,2,2,1
5627,CITY OF SALISBURY,Male,31-35,3,0,6
5628,CITY OF SALISBURY,Male,31-35,4,0,1
5629,CITY OF SALISBURY,Male,36-40,0,1,56
5630,CITY OF SALISBURY,Male,36-40,0,2,13
5631,CITY OF SALISBURY,Male,36-40,1,0,473
5632,CITY OF SALISBURY,Male,36-40,1,1,17
5633,CITY OF SALISBURY,Male,36-40,1,2,8
5634,CITY OF SALISBURY,Male,36-40,1,3,1
5635,CITY OF SALISBURY,Male,36-40,2,0,104
5636,CITY OF SALISBURY,Male,36-40,2,1,2
5637,CITY OF SALISBURY,Male,36-40,3,0,7
5638,CITY OF SALISBURY,Male,36-40,3,1,1
5639,CITY OF SALISBURY,Male,41-45,0,>5,1
5640,CITY OF SALISBURY,Male,41-45,0,1,44
5641,CITY OF SALISBURY,Male,41-45,0,2,11
5642,CITY OF SALISBURY,Male,41-45,0,3,2
5643,CITY OF SALISBURY,Male,41-45,0,5,1
5644,CITY OF SALISBURY,Male,41-45,1,0,442
5645,CITY OF SALISBURY,Male,41-45,1,1,10
5646,CITY OF SALISBURY,Male,41-45,1,2,1
5647,CITY OF SALISBURY,Male,41-45,2,0,91
5648,CITY OF SALISBURY,Male,41-45,2,1,3
5649,CITY OF SALISBURY,Male,41-45,2,2,1
5650,CITY OF SALISBURY,Male,41-45,3,0,4
5651,CITY OF SALISBURY,Male,41-45,5,0,1
5652,CITY OF SALISBURY,Male,46-50,>5,0,2
5653,CITY OF SALISBURY,Male,46-50,0,1,44
5654,CITY OF SALISBURY,Male,46-50,0,2,7
5655,CITY OF SALISBURY,Male,46-50,0,3,1
5656,CITY OF SALISBURY,Male,46-50,1,0,447
5657,CITY OF SALISBURY,Male,46-50,1,1,13
5658,CITY OF SALISBURY,Male,46-50,1,2,2
5659,CITY OF SALISBURY,Male,46-50,1,3,1
5660,CITY OF SALISBURY,Male,46-50,2,0,96
5661,CITY OF SALISBURY,Male,46-50,2,1,7
5662,CITY OF SALISBURY,Male,46-50,3,0,5
5663,CITY OF SALISBURY,Male,46-50,4,0,2
5664,CITY OF SALISBURY,Male,46-50,5,0,3
5665,CITY OF SALISBURY,Male,51-55,0,>5,1
5666,CITY OF SALISBURY,Male,51-55,0,1,57
5667,CITY OF SALISBURY,Male,51-55,0,2,6
5668,CITY OF SALISBURY,Male,51-55,0,4,2
5669,CITY OF SALISBURY,Male,51-55,1,0,481
5670,CITY OF SALISBURY,Male,51-55,1,1,13
5671,CITY OF SALISBURY,Male,51-55,1,2,5
5672,CITY OF SALISBURY,Male,51-55,1,3,1
5673,CITY OF SALISBURY,Male,51-55,1,4,1
5674,CITY OF SALISBURY,Male,51-55,2,0,113
5675,CITY OF SALISBURY,Male,51-55,2,1,3
5676,CITY OF SALISBURY,Male,51-55,2,2,1
5677,CITY OF SALISBURY,Male,51-55,3,0,8
5678,CITY OF SALISBURY,Male,51-55,3,2,1
5679,CITY OF SALISBURY,Male,56-60,0,1,40
5680,CITY OF SALISBURY,Male,56-60,0,2,11
5681,CITY OF SALISBURY,Male,56-60,0,3,2
5682,CITY OF SALISBURY,Male,56-60,1,>5,1
5683,CITY OF SALISBURY,Male,56-60,1,0,455
5684,CITY OF SALISBURY,Male,56-60,1,1,8
5685,CITY OF SALISBURY,Male,56-60,1,2,5
5686,CITY OF SALISBURY,Male,56-60,2,0,98
5687,CITY OF SALISBURY,Male,56-60,2,1,2
5688,CITY OF SALISBURY,Male,56-60,2,2,1
5689,CITY OF SALISBURY,Male,56-60,3,0,5
5690,CITY OF SALISBURY,Male,56-60,3,3,1
5691,CITY OF SALISBURY,Male,56-60,4,0,1
5692,CITY OF SALISBURY,Male,56-60,5,0,1
5693,CITY OF SALISBURY,Male,61-65,0,1,31
5694,CITY OF SALISBURY,Male,61-65,0,2,10
5695,CITY OF SALISBURY,Male,61-65,0,3,1
5696,CITY OF SALISBURY,Male,61-65,1,0,386
5697,CITY OF SALISBURY,Male,61-65,1,1,13
5698,CITY OF SALISBURY,Male,61-65,1,2,3
5699,CITY OF SALISBURY,Male,61-65,1,3,1
5700,CITY OF SALISBURY,Male,61-65,1,4,1
5701,CITY OF SALISBURY,Male,61-65,2,0,72
5702,CITY OF SALISBURY,Male,61-65,2,1,4
5703,CITY OF SALISBURY,Male,61-65,2,2,1
5704,CITY OF SALISBURY,Male,61-65,3,0,10
5705,CITY OF SALISBURY,Male,66-70,0,>5,1
5706,CITY OF SALISBURY,Male,66-70,0,1,26
5707,CITY OF SALISBURY,Male,66-70,0,2,5
5708,CITY OF SALISBURY,Male,66-70,0,3,1
5709,CITY OF SALISBURY,Male,66-70,0,4,1
5710,CITY OF SALISBURY,Male,66-70,1,0,288
5711,CITY OF SALISBURY,Male,66-70,1,1,8
5712,CITY OF SALISBURY,Male,66-70,1,2,2
5713,CITY OF SALISBURY,Male,66-70,2,0,64
5714,CITY OF SALISBURY,Male,66-70,2,1,1
5715,CITY OF SALISBURY,Male,66-70,3,0,2
5716,CITY OF SALISBURY,Male,Unknown,0,>5,1
5717,CITY OF SALISBURY,Male,Unknown,0,1,160
5718,CITY OF SALISBURY,Male,Unknown,0,2,25
5719,CITY OF SALISBURY,Male,Unknown,0,3,3
5720,CITY OF SALISBURY,Male,Unknown,0,4,2
5721,CITY OF SALISBURY,Male,Unknown,0,5,1
5722,CITY OF SALISBURY,Male,Unknown,1,0,18
5723,CITY OF SALISBURY,Other,>70,1,0,9
5724,CITY OF SALISBURY,Other,>70,1,3,1
5725,CITY OF SALISBURY,Other,>70,2,0,2
5726,CITY OF SALISBURY,Other,16-20,0,2,1
5727,CITY OF SALISBURY,Other,16-20,1,0,1
5728,CITY OF SALISBURY,Other,21-25,0,1,4
5729,CITY OF SALISBURY,Other,21-25,2,0,1
5730,CITY OF SALISBURY,Other,26-30,0,1,4
5731,CITY OF SALISBURY,Other,26-30,0,2,2
5732,CITY OF SALISBURY,Other,26-30,1,0,5
5733,CITY OF SALISBURY,Other,31-35,0,1,2
5734,CITY OF SALISBURY,Other,31-35,1,0,5
5735,CITY OF SALISBURY,Other,31-35,2,0,2
5736,CITY OF SALISBURY,Other,36-40,0,1,1
5737,CITY OF SALISBURY,Other,36-40,1,0,5
5738,CITY OF SALISBURY,Other,36-40,1,1,1
5739,CITY OF SALISBURY,Other,36-40,2,0,2
5740,CITY OF SALISBURY,Other,41-45,0,1,2
5741,CITY OF SALISBURY,Other,41-45,1,0,3
5742,CITY OF SALISBURY,Other,46-50,0,1,2
5743,CITY OF SALISBURY,Other,46-50,1,0,4
5744,CITY OF SALISBURY,Other,46-50,2,0,1
5745,CITY OF SALISBURY,Other,51-55,1,0,1
5746,CITY OF SALISBURY,Other,51-55,2,0,1
5747,CITY OF SALISBURY,Other,56-60,0,1,3
5748,CITY OF SALISBURY,Other,56-60,1,0,3
5749,CITY OF SALISBURY,Other,56-60,2,0,1
5750,CITY OF SALISBURY,Other,61-65,1,0,5
5751,CITY OF SALISBURY,Other,66-70,1,0,4
5752,CITY OF SALISBURY,Other,66-70,2,0,1
5753,CITY OF SALISBURY,Other,Unknown,0,1,1
5754,CITY OF SALISBURY,Other,Unknown,1,0,1
5755,CITY OF SALISBURY,SUPPRESSED,Unknown,0,1,5
5756,CITY OF SALISBURY,SUPPRESSED,Unknown,1,0,31
5757,CITY OF SALISBURY,SUPPRESSED,Unknown,1,1,4
5758,CITY OF SALISBURY,SUPPRESSED,Unknown,1,2,1
5759,CITY OF SALISBURY,SUPPRESSED,Unknown,2,0,17
5760,CITY OF SALISBURY,SUPPRESSED,Unknown,2,1,2
5761,CITY OF SALISBURY,SUPPRESSED,Unknown,3,0,1
5762,CITY OF SALISBURY,SUPPRESSED,Unknown,3,1,1
5763,CITY OF SALISBURY,Unknown,21-25,0,1,2
5764,CITY OF SALISBURY,Unknown,21-25,0,2,2
5765,CITY OF SALISBURY,Unknown,26-30,1,0,1
5766,CITY OF SALISBURY,Unknown,31-35,0,1,1
5767,CITY OF SALISBURY,Unknown,31-35,1,0,1
5768,CITY OF SALISBURY,Unknown,36-40,0,1,4
5769,CITY OF SALISBURY,Unknown,41-45,0,1,2
5770,CITY OF SALISBURY,Unknown,41-45,0,2,1
5771,CITY OF SALISBURY,Unknown,46-50,0,2,1
5772,CITY OF SALISBURY,Unknown,51-55,0,1,2
5773,CITY OF SALISBURY,Unknown,56-60,0,1,1
5774,CITY OF SALISBURY,Unknown,61-65,0,2,1
5775,CITY OF SALISBURY,Unknown,Unknown,0,>5,1
5776,CITY OF SALISBURY,Unknown,Unknown,0,1,548
5777,CITY OF SALISBURY,Unknown,Unknown,0,2,59
5778,CITY OF SALISBURY,Unknown,Unknown,0,3,11
5779,CITY OF SALISBURY,Unknown,Unknown,0,4,4
5780,CITY OF SALISBURY,Unknown,Unknown,0,5,1
5781,CITY OF SALISBURY,Unknown,Unknown,1,0,1
5782,CITY OF TEA TREE GULLY,Female,>70,0,>5,2
5783,CITY OF TEA TREE GULLY,Female,>70,0,1,101
5784,CITY OF TEA TREE GULLY,Female,>70,0,2,27
5785,CITY OF TEA TREE GULLY,Female,>70,0,3,4
5786,CITY OF TEA TREE GULLY,Female,>70,1,0,815
5787,CITY OF TEA TREE GULLY,Female,>70,1,1,19
5788,CITY OF TEA TREE GULLY,Female,>70,1,2,4
5789,CITY OF TEA TREE GULLY,Female,>70,1,3,2
5790,CITY OF TEA TREE GULLY,Female,>70,2,0,98
5791,CITY OF TEA TREE GULLY,Female,>70,2,1,1
5792,CITY OF TEA TREE GULLY,Female,>70,3,0,7
5793,CITY OF TEA TREE GULLY,Female,>70,4,0,1
5794,CITY OF TEA TREE GULLY,Female,16-20,0,1,15
5795,CITY OF TEA TREE GULLY,Female,16-20,0,2,2
5796,CITY OF TEA TREE GULLY,Female,16-20,1,0,27
5797,CITY OF TEA TREE GULLY,Female,16-20,2,0,1
5798,CITY OF TEA TREE GULLY,Female,21-25,0,>5,1
5799,CITY OF TEA TREE GULLY,Female,21-25,0,1,120
5800,CITY OF TEA TREE GULLY,Female,21-25,0,2,25
5801,CITY OF TEA TREE GULLY,Female,21-25,0,3,5
5802,CITY OF TEA TREE GULLY,Female,21-25,0,4,2
5803,CITY OF TEA TREE GULLY,Female,21-25,1,0,208
5804,CITY OF TEA TREE GULLY,Female,21-25,1,1,14
5805,CITY OF TEA TREE GULLY,Female,21-25,1,2,4
5806,CITY OF TEA TREE GULLY,Female,21-25,1,3,1
5807,CITY OF TEA TREE GULLY,Female,21-25,1,5,1
5808,CITY OF TEA TREE GULLY,Female,21-25,2,0,28
5809,CITY OF TEA TREE GULLY,Female,21-25,2,2,1
5810,CITY OF TEA TREE GULLY,Female,21-25,3,0,1
5811,CITY OF TEA TREE GULLY,Female,26-30,0,1,90
5812,CITY OF TEA TREE GULLY,Female,26-30,0,2,42
5813,CITY OF TEA TREE GULLY,Female,26-30,0,3,8
5814,CITY OF TEA TREE GULLY,Female,26-30,0,4,4
5815,CITY OF TEA TREE GULLY,Female,26-30,1,0,516
5816,CITY OF TEA TREE GULLY,Female,26-30,1,1,34
5817,CITY OF TEA TREE GULLY,Female,26-30,1,2,9
5818,CITY OF TEA TREE GULLY,Female,26-30,1,3,2
5819,CITY OF TEA TREE GULLY,Female,26-30,1,4,1
5820,CITY OF TEA TREE GULLY,Female,26-30,2,0,103
5821,CITY OF TEA TREE GULLY,Female,26-30,2,1,6
5822,CITY OF TEA TREE GULLY,Female,26-30,2,2,2
5823,CITY OF TEA TREE GULLY,Female,26-30,2,3,1
5824,CITY OF TEA TREE GULLY,Female,26-30,3,0,8
5825,CITY OF TEA TREE GULLY,Female,26-30,4,0,1
5826,CITY OF TEA TREE GULLY,Female,26-30,4,4,1
5827,CITY OF TEA TREE GULLY,Female,31-35,0,1,105
5828,CITY OF TEA TREE GULLY,Female,31-35,0,2,34
5829,CITY OF TEA TREE GULLY,Female,31-35,0,3,10
5830,CITY OF TEA TREE GULLY,Female,31-35,1,0,672
5831,CITY OF TEA TREE GULLY,Female,31-35,1,1,27
5832,CITY OF TEA TREE GULLY,Female,31-35,1,2,17
5833,CITY OF TEA TREE GULLY,Female,31-35,1,3,2
5834,CITY OF TEA TREE GULLY,Female,31-35,2,0,159
5835,CITY OF TEA TREE GULLY,Female,31-35,2,1,16
5836,CITY OF TEA TREE GULLY,Female,31-35,2,2,4
5837,CITY OF TEA TREE GULLY,Female,31-35,2,3,2
5838,CITY OF TEA TREE GULLY,Female,31-35,3,0,4
5839,CITY OF TEA TREE GULLY,Female,31-35,3,1,1
5840,CITY OF TEA TREE GULLY,Female,31-35,5,0,1
5841,CITY OF TEA TREE GULLY,Female,36-40,>5,0,1
5842,CITY OF TEA TREE GULLY,Female,36-40,0,>5,1
5843,CITY OF TEA TREE GULLY,Female,36-40,0,1,100
5844,CITY OF TEA TREE GULLY,Female,36-40,0,2,31
5845,CITY OF TEA TREE GULLY,Female,36-40,0,3,7
5846,CITY OF TEA TREE GULLY,Female,36-40,0,4,3
5847,CITY OF TEA TREE GULLY,Female,36-40,1,0,750
5848,CITY OF TEA TREE GULLY,Female,36-40,1,1,39
5849,CITY OF TEA TREE GULLY,Female,36-40,1,2,21
5850,CITY OF TEA TREE GULLY,Female,36-40,1,3,4
5851,CITY OF TEA TREE GULLY,Female,36-40,1,4,1
5852,CITY OF TEA TREE GULLY,Female,36-40,2,0,170
5853,CITY OF TEA TREE GULLY,Female,36-40,2,1,7
5854,CITY OF TEA TREE GULLY,Female,36-40,2,2,5
5855,CITY OF TEA TREE GULLY,Female,36-40,2,3,1
5856,CITY OF TEA TREE GULLY,Female,36-40,3,0,15
5857,CITY OF TEA TREE GULLY,Female,36-40,3,2,2
5858,CITY OF TEA TREE GULLY,Female,36-40,4,0,2
5859,CITY OF TEA TREE GULLY,Female,41-45,0,1,114
5860,CITY OF TEA TREE GULLY,Female,41-45,0,2,47
5861,CITY OF TEA TREE GULLY,Female,41-45,0,3,10
5862,CITY OF TEA TREE GULLY,Female,41-45,0,4,2
5863,CITY OF TEA TREE GULLY,Female,41-45,1,>5,1
5864,CITY OF TEA TREE GULLY,Female,41-45,1,0,837
5865,CITY OF TEA TREE GULLY,Female,41-45,1,1,68
5866,CITY OF TEA TREE GULLY,Female,41-45,1,2,19
5867,CITY OF TEA TREE GULLY,Female,41-45,1,3,7
5868,CITY OF TEA TREE GULLY,Female,41-45,2,>5,1
5869,CITY OF TEA TREE GULLY,Female,41-45,2,0,181
5870,CITY OF TEA TREE GULLY,Female,41-45,2,1,22
5871,CITY OF TEA TREE GULLY,Female,41-45,2,2,8
5872,CITY OF TEA TREE GULLY,Female,41-45,2,3,3
5873,CITY OF TEA TREE GULLY,Female,41-45,2,4,1
5874,CITY OF TEA TREE GULLY,Female,41-45,2,5,1
5875,CITY OF TEA TREE GULLY,Female,41-45,3,0,13
5876,CITY OF TEA TREE GULLY,Female,41-45,3,1,2
5877,CITY OF TEA TREE GULLY,Female,41-45,3,2,1
5878,CITY OF TEA TREE GULLY,Female,41-45,5,2,1
5879,CITY OF TEA TREE GULLY,Female,46-50,0,1,116
5880,CITY OF TEA TREE GULLY,Female,46-50,0,2,39
5881,CITY OF TEA TREE GULLY,Female,46-50,0,3,5
5882,CITY OF TEA TREE GULLY,Female,46-50,0,4,3
5883,CITY OF TEA TREE GULLY,Female,46-50,1,0,801
5884,CITY OF TEA TREE GULLY,Female,46-50,1,1,75
5885,CITY OF TEA TREE GULLY,Female,46-50,1,2,25
5886,CITY OF TEA TREE GULLY,Female,46-50,1,3,6
5887,CITY OF TEA TREE GULLY,Female,46-50,1,4,2
5888,CITY OF TEA TREE GULLY,Female,46-50,2,0,221
5889,CITY OF TEA TREE GULLY,Female,46-50,2,1,23
5890,CITY OF TEA TREE GULLY,Female,46-50,2,2,4
5891,CITY OF TEA TREE GULLY,Female,46-50,2,4,3
5892,CITY OF TEA TREE GULLY,Female,46-50,3,0,18
5893,CITY OF TEA TREE GULLY,Female,46-50,3,1,3
5894,CITY OF TEA TREE GULLY,Female,46-50,3,4,1
5895,CITY OF TEA TREE GULLY,Female,46-50,4,0,3
5896,CITY OF TEA TREE GULLY,Female,46-50,4,1,1
5897,CITY OF TEA TREE GULLY,Female,51-55,0,>5,1
5898,CITY OF TEA TREE GULLY,Female,51-55,0,1,108
5899,CITY OF TEA TREE GULLY,Female,51-55,0,2,40
5900,CITY OF TEA TREE GULLY,Female,51-55,0,3,15
5901,CITY OF TEA TREE GULLY,Female,51-55,0,4,3
5902,CITY OF TEA TREE GULLY,Female,51-55,0,5,1
5903,CITY OF TEA TREE GULLY,Female,51-55,1,0,901
5904,CITY OF TEA TREE GULLY,Female,51-55,1,1,77
5905,CITY OF TEA TREE GULLY,Female,51-55,1,2,16
5906,CITY OF TEA TREE GULLY,Female,51-55,1,3,6
5907,CITY OF TEA TREE GULLY,Female,51-55,1,4,2
5908,CITY OF TEA TREE GULLY,Female,51-55,2,0,252
5909,CITY OF TEA TREE GULLY,Female,51-55,2,1,19
5910,CITY OF TEA TREE GULLY,Female,51-55,2,2,6
5911,CITY OF TEA TREE GULLY,Female,51-55,2,3,2
5912,CITY OF TEA TREE GULLY,Female,51-55,3,0,13
5913,CITY OF TEA TREE GULLY,Female,51-55,3,2,4
5914,CITY OF TEA TREE GULLY,Female,51-55,4,0,4
5915,CITY OF TEA TREE GULLY,Female,51-55,5,0,1
5916,CITY OF TEA TREE GULLY,Female,56-60,>5,0,1
5917,CITY OF TEA TREE GULLY,Female,56-60,>5,2,1
5918,CITY OF TEA TREE GULLY,Female,56-60,0,>5,1
5919,CITY OF TEA TREE GULLY,Female,56-60,0,1,74
5920,CITY OF TEA TREE GULLY,Female,56-60,0,2,30
5921,CITY OF TEA TREE GULLY,Female,56-60,0,3,6
5922,CITY OF TEA TREE GULLY,Female,56-60,0,4,1
5923,CITY OF TEA TREE GULLY,Female,56-60,0,5,1
5924,CITY OF TEA TREE GULLY,Female,56-60,1,>5,1
5925,CITY OF TEA TREE GULLY,Female,56-60,1,0,783
5926,CITY OF TEA TREE GULLY,Female,56-60,1,1,32
5927,CITY OF TEA TREE GULLY,Female,56-60,1,2,16
5928,CITY OF TEA TREE GULLY,Female,56-60,1,3,3
5929,CITY OF TEA TREE GULLY,Female,56-60,1,4,2
5930,CITY OF TEA TREE GULLY,Female,56-60,2,0,189
5931,CITY OF TEA TREE GULLY,Female,56-60,2,1,11
5932,CITY OF TEA TREE GULLY,Female,56-60,2,2,7
5933,CITY OF TEA TREE GULLY,Female,56-60,2,3,2
5934,CITY OF TEA TREE GULLY,Female,56-60,2,4,1
5935,CITY OF TEA TREE GULLY,Female,56-60,2,5,1
5936,CITY OF TEA TREE GULLY,Female,56-60,3,0,15
5937,CITY OF TEA TREE GULLY,Female,56-60,3,1,4
5938,CITY OF TEA TREE GULLY,Female,56-60,3,2,2
5939,CITY OF TEA TREE GULLY,Female,56-60,4,0,1
5940,CITY OF TEA TREE GULLY,Female,61-65,>5,0,1
5941,CITY OF TEA TREE GULLY,Female,61-65,0,>5,2
5942,CITY OF TEA TREE GULLY,Female,61-65,0,1,66
5943,CITY OF TEA TREE GULLY,Female,61-65,0,2,24
5944,CITY OF TEA TREE GULLY,Female,61-65,0,3,3
5945,CITY OF TEA TREE GULLY,Female,61-65,0,4,3
5946,CITY OF TEA TREE GULLY,Female,61-65,0,5,1
5947,CITY OF TEA TREE GULLY,Female,61-65,1,0,564
5948,CITY OF TEA TREE GULLY,Female,61-65,1,1,26
5949,CITY OF TEA TREE GULLY,Female,61-65,1,2,10
5950,CITY OF TEA TREE GULLY,Female,61-65,1,3,3
5951,CITY OF TEA TREE GULLY,Female,61-65,2,>5,1
5952,CITY OF TEA TREE GULLY,Female,61-65,2,0,143
5953,CITY OF TEA TREE GULLY,Female,61-65,2,1,8
5954,CITY OF TEA TREE GULLY,Female,61-65,2,2,2
5955,CITY OF TEA TREE GULLY,Female,61-65,3,0,11
5956,CITY OF TEA TREE GULLY,Female,61-65,3,2,1
5957,CITY OF TEA TREE GULLY,Female,61-65,4,0,2
5958,CITY OF TEA TREE GULLY,Female,61-65,5,0,1
5959,CITY OF TEA TREE GULLY,Female,66-70,0,1,62
5960,CITY OF TEA TREE GULLY,Female,66-70,0,2,20
5961,CITY OF TEA TREE GULLY,Female,66-70,0,3,2
5962,CITY OF TEA TREE GULLY,Female,66-70,1,0,446
5963,CITY OF TEA TREE GULLY,Female,66-70,1,1,20
5964,CITY OF TEA TREE GULLY,Female,66-70,1,2,2
5965,CITY OF TEA TREE GULLY,Female,66-70,1,3,1
5966,CITY OF TEA TREE GULLY,Female,66-70,2,0,101
5967,CITY OF TEA TREE GULLY,Female,66-70,2,1,4
5968,CITY OF TEA TREE GULLY,Female,66-70,2,2,2
5969,CITY OF TEA TREE GULLY,Female,66-70,2,3,2
5970,CITY OF TEA TREE GULLY,Female,66-70,3,0,2
5971,CITY OF TEA TREE GULLY,Female,66-70,4,0,1
5972,CITY OF TEA TREE GULLY,Female,Unknown,0,1,164
5973,CITY OF TEA TREE GULLY,Female,Unknown,0,2,34
5974,CITY OF TEA TREE GULLY,Female,Unknown,0,3,10
5975,CITY OF TEA TREE GULLY,Female,Unknown,0,4,1
5976,CITY OF TEA TREE GULLY,Female,Unknown,1,0,33
5977,CITY OF TEA TREE GULLY,Female,Unknown,1,1,3
5978,CITY OF TEA TREE GULLY,Female,Unknown,1,2,1
5979,CITY OF TEA TREE GULLY,Female,Unknown,2,0,3
5980,CITY OF TEA TREE GULLY,Male,>70,0,>5,2
5981,CITY OF TEA TREE GULLY,Male,>70,0,1,27
5982,CITY OF TEA TREE GULLY,Male,>70,0,2,8
5983,CITY OF TEA TREE GULLY,Male,>70,1,0,518
5984,CITY OF TEA TREE GULLY,Male,>70,1,1,7
5985,CITY OF TEA TREE GULLY,Male,>70,1,2,1
5986,CITY OF TEA TREE GULLY,Male,>70,2,0,65
5987,CITY OF TEA TREE GULLY,Male,>70,2,1,1
5988,CITY OF TEA TREE GULLY,Male,>70,3,0,3
5989,CITY OF TEA TREE GULLY,Male,16-20,0,1,4
5990,CITY OF TEA TREE GULLY,Male,16-20,1,0,17
5991,CITY OF TEA TREE GULLY,Male,21-25,0,1,35
5992,CITY OF TEA TREE GULLY,Male,21-25,0,2,2
5993,CITY OF TEA TREE GULLY,Male,21-25,1,0,108
5994,CITY OF TEA TREE GULLY,Male,21-25,1,1,1
5995,CITY OF TEA TREE GULLY,Male,21-25,2,0,8
5996,CITY OF TEA TREE GULLY,Male,21-25,2,2,1
5997,CITY OF TEA TREE GULLY,Male,26-30,0,1,46
5998,CITY OF TEA TREE GULLY,Male,26-30,0,2,14
5999,CITY OF TEA TREE GULLY,Male,26-30,0,3,1
6000,CITY OF TEA TREE GULLY,Male,26-30,1,0,321
6001,CITY OF TEA TREE GULLY,Male,26-30,1,1,4
6002,CITY OF TEA TREE GULLY,Male,26-30,1,2,4
6003,CITY OF TEA TREE GULLY,Male,26-30,2,0,34
6004,CITY OF TEA TREE GULLY,Male,26-30,2,1,2
6005,CITY OF TEA TREE GULLY,Male,26-30,2,4,1
6006,CITY OF TEA TREE GULLY,Male,26-30,3,0,1
6007,CITY OF TEA TREE GULLY,Male,31-35,>5,0,1
6008,CITY OF TEA TREE GULLY,Male,31-35,0,1,57
6009,CITY OF TEA TREE GULLY,Male,31-35,0,2,8
6010,CITY OF TEA TREE GULLY,Male,31-35,1,0,435
6011,CITY OF TEA TREE GULLY,Male,31-35,1,1,12
6012,CITY OF TEA TREE GULLY,Male,31-35,1,2,1
6013,CITY OF TEA TREE GULLY,Male,31-35,2,0,76
6014,CITY OF TEA TREE GULLY,Male,31-35,2,1,3
6015,CITY OF TEA TREE GULLY,Male,31-35,2,4,1
6016,CITY OF TEA TREE GULLY,Male,31-35,3,0,2
6017,CITY OF TEA TREE GULLY,Male,31-35,4,0,1
6018,CITY OF TEA TREE GULLY,Male,36-40,0,1,52
6019,CITY OF TEA TREE GULLY,Male,36-40,0,2,7
6020,CITY OF TEA TREE GULLY,Male,36-40,0,3,1
6021,CITY OF TEA TREE GULLY,Male,36-40,1,0,405
6022,CITY OF TEA TREE GULLY,Male,36-40,1,1,6
6023,CITY OF TEA TREE GULLY,Male,36-40,1,2,5
6024,CITY OF TEA TREE GULLY,Male,36-40,1,3,2
6025,CITY OF TEA TREE GULLY,Male,36-40,2,0,78
6026,CITY OF TEA TREE GULLY,Male,36-40,2,1,2
6027,CITY OF TEA TREE GULLY,Male,36-40,3,0,5
6028,CITY OF TEA TREE GULLY,Male,36-40,3,3,1
6029,CITY OF TEA TREE GULLY,Male,41-45,0,1,36
6030,CITY OF TEA TREE GULLY,Male,41-45,0,2,8
6031,CITY OF TEA TREE GULLY,Male,41-45,1,0,428
6032,CITY OF TEA TREE GULLY,Male,41-45,1,1,13
6033,CITY OF TEA TREE GULLY,Male,41-45,1,2,5
6034,CITY OF TEA TREE GULLY,Male,41-45,1,3,1
6035,CITY OF TEA TREE GULLY,Male,41-45,2,0,79
6036,CITY OF TEA TREE GULLY,Male,41-45,2,1,1
6037,CITY OF TEA TREE GULLY,Male,41-45,3,0,4
6038,CITY OF TEA TREE GULLY,Male,46-50,0,1,41
6039,CITY OF TEA TREE GULLY,Male,46-50,0,2,12
6040,CITY OF TEA TREE GULLY,Male,46-50,0,3,1
6041,CITY OF TEA TREE GULLY,Male,46-50,1,0,428
6042,CITY OF TEA TREE GULLY,Male,46-50,1,1,14
6043,CITY OF TEA TREE GULLY,Male,46-50,1,2,5
6044,CITY OF TEA TREE GULLY,Male,46-50,2,0,87
6045,CITY OF TEA TREE GULLY,Male,46-50,2,1,3
6046,CITY OF TEA TREE GULLY,Male,46-50,3,0,2
6047,CITY OF TEA TREE GULLY,Male,51-55,0,1,39
6048,CITY OF TEA TREE GULLY,Male,51-55,0,2,18
6049,CITY OF TEA TREE GULLY,Male,51-55,0,3,1
6050,CITY OF TEA TREE GULLY,Male,51-55,0,5,1
6051,CITY OF TEA TREE GULLY,Male,51-55,1,0,424
6052,CITY OF TEA TREE GULLY,Male,51-55,1,1,15
6053,CITY OF TEA TREE GULLY,Male,51-55,2,0,92
6054,CITY OF TEA TREE GULLY,Male,51-55,2,1,4
6055,CITY OF TEA TREE GULLY,Male,51-55,2,2,1
6056,CITY OF TEA TREE GULLY,Male,51-55,2,3,1
6057,CITY OF TEA TREE GULLY,Male,51-55,3,0,3
6058,CITY OF TEA TREE GULLY,Male,51-55,4,0,1
6059,CITY OF TEA TREE GULLY,Male,56-60,0,1,27
6060,CITY OF TEA TREE GULLY,Male,56-60,0,2,12
6061,CITY OF TEA TREE GULLY,Male,56-60,0,3,1
6062,CITY OF TEA TREE GULLY,Male,56-60,0,4,1
6063,CITY OF TEA TREE GULLY,Male,56-60,1,0,366
6064,CITY OF TEA TREE GULLY,Male,56-60,1,1,12
6065,CITY OF TEA TREE GULLY,Male,56-60,1,2,2
6066,CITY OF TEA TREE GULLY,Male,56-60,2,0,73
6067,CITY OF TEA TREE GULLY,Male,56-60,2,1,3
6068,CITY OF TEA TREE GULLY,Male,56-60,2,2,1
6069,CITY OF TEA TREE GULLY,Male,56-60,3,0,3
6070,CITY OF TEA TREE GULLY,Male,56-60,4,0,1
6071,CITY OF TEA TREE GULLY,Male,61-65,0,1,23
6072,CITY OF TEA TREE GULLY,Male,61-65,0,2,4
6073,CITY OF TEA TREE GULLY,Male,61-65,0,5,1
6074,CITY OF TEA TREE GULLY,Male,61-65,1,0,266
6075,CITY OF TEA TREE GULLY,Male,61-65,1,1,5
6076,CITY OF TEA TREE GULLY,Male,61-65,1,2,2
6077,CITY OF TEA TREE GULLY,Male,61-65,2,0,57
6078,CITY OF TEA TREE GULLY,Male,61-65,2,1,1
6079,CITY OF TEA TREE GULLY,Male,61-65,3,0,4
6080,CITY OF TEA TREE GULLY,Male,61-65,3,2,1
6081,CITY OF TEA TREE GULLY,Male,66-70,0,1,12
6082,CITY OF TEA TREE GULLY,Male,66-70,0,2,4
6083,CITY OF TEA TREE GULLY,Male,66-70,0,3,1
6084,CITY OF TEA TREE GULLY,Male,66-70,0,4,1
6085,CITY OF TEA TREE GULLY,Male,66-70,1,0,253
6086,CITY OF TEA TREE GULLY,Male,66-70,1,1,3
6087,CITY OF TEA TREE GULLY,Male,66-70,1,2,2
6088,CITY OF TEA TREE GULLY,Male,66-70,2,0,41
6089,CITY OF TEA TREE GULLY,Male,66-70,3,0,5
6090,CITY OF TEA TREE GULLY,Male,Unknown,0,1,57
6091,CITY OF TEA TREE GULLY,Male,Unknown,0,2,6
6092,CITY OF TEA TREE GULLY,Male,Unknown,0,3,2
6093,CITY OF TEA TREE GULLY,Male,Unknown,1,0,49
6094,CITY OF TEA TREE GULLY,Male,Unknown,2,0,2
6095,CITY OF TEA TREE GULLY,Other,>70,1,0,137
6096,CITY OF TEA TREE GULLY,Other,>70,1,1,3
6097,CITY OF TEA TREE GULLY,Other,>70,2,0,20
6098,CITY OF TEA TREE GULLY,Other,16-20,1,1,1
6099,CITY OF TEA TREE GULLY,Other,26-30,1,0,3
6100,CITY OF TEA TREE GULLY,Other,26-30,2,0,1
6101,CITY OF TEA TREE GULLY,Other,31-35,0,3,1
6102,CITY OF TEA TREE GULLY,Other,31-35,1,0,3
6103,CITY OF TEA TREE GULLY,Other,31-35,1,2,1
6104,CITY OF TEA TREE GULLY,Other,31-35,2,0,1
6105,CITY OF TEA TREE GULLY,Other,36-40,1,0,3
6106,CITY OF TEA TREE GULLY,Other,36-40,1,2,1
6107,CITY OF TEA TREE GULLY,Other,36-40,2,0,2
6108,CITY OF TEA TREE GULLY,Other,41-45,0,>5,1
6109,CITY OF TEA TREE GULLY,Other,41-45,0,2,1
6110,CITY OF TEA TREE GULLY,Other,41-45,1,0,4
6111,CITY OF TEA TREE GULLY,Other,46-50,1,0,4
6112,CITY OF TEA TREE GULLY,Other,46-50,2,0,1
6113,CITY OF TEA TREE GULLY,Other,51-55,1,0,8
6114,CITY OF TEA TREE GULLY,Other,56-60,0,>5,1
6115,CITY OF TEA TREE GULLY,Other,56-60,0,4,1
6116,CITY OF TEA TREE GULLY,Other,56-60,1,0,17
6117,CITY OF TEA TREE GULLY,Other,56-60,2,0,2
6118,CITY OF TEA TREE GULLY,Other,56-60,2,1,1
6119,CITY OF TEA TREE GULLY,Other,56-60,2,2,1
6120,CITY OF TEA TREE GULLY,Other,56-60,3,0,1
6121,CITY OF TEA TREE GULLY,Other,61-65,0,2,1
6122,CITY OF TEA TREE GULLY,Other,61-65,1,0,28
6123,CITY OF TEA TREE GULLY,Other,61-65,1,1,1
6124,CITY OF TEA TREE GULLY,Other,61-65,2,0,7
6125,CITY OF TEA TREE GULLY,Other,61-65,3,0,1
6126,CITY OF TEA TREE GULLY,Other,66-70,0,1,1
6127,CITY OF TEA TREE GULLY,Other,66-70,1,0,37
6128,CITY OF TEA TREE GULLY,Other,66-70,1,1,1
6129,CITY OF TEA TREE GULLY,Other,66-70,2,0,8
6130,CITY OF TEA TREE GULLY,Other,66-70,2,3,1
6131,CITY OF TEA TREE GULLY,Other,Unknown,0,1,3
6132,CITY OF TEA TREE GULLY,Other,Unknown,1,0,1
6133,CITY OF TEA TREE GULLY,SUPPRESSED,Unknown,0,1,1
6134,CITY OF TEA TREE GULLY,SUPPRESSED,Unknown,0,2,1
6135,CITY OF TEA TREE GULLY,SUPPRESSED,Unknown,0,3,2
6136,CITY OF TEA TREE GULLY,SUPPRESSED,Unknown,1,0,29
6137,CITY OF TEA TREE GULLY,SUPPRESSED,Unknown,1,1,1
6138,CITY OF TEA TREE GULLY,SUPPRESSED,Unknown,1,2,4
6139,CITY OF TEA TREE GULLY,SUPPRESSED,Unknown,1,3,1
6140,CITY OF TEA TREE GULLY,SUPPRESSED,Unknown,2,0,16
6141,CITY OF TEA TREE GULLY,SUPPRESSED,Unknown,2,2,1
6142,CITY OF TEA TREE GULLY,Unknown,>70,0,1,2
6143,CITY OF TEA TREE GULLY,Unknown,21-25,0,1,2
6144,CITY OF TEA TREE GULLY,Unknown,21-25,1,0,1
6145,CITY OF TEA TREE GULLY,Unknown,26-30,0,1,2
6146,CITY OF TEA TREE GULLY,Unknown,26-30,1,0,2
6147,CITY OF TEA TREE GULLY,Unknown,31-35,1,0,3
6148,CITY OF TEA TREE GULLY,Unknown,31-35,1,1,1
6149,CITY OF TEA TREE GULLY,Unknown,36-40,0,1,1
6150,CITY OF TEA TREE GULLY,Unknown,36-40,1,0,2
6151,CITY OF TEA TREE GULLY,Unknown,36-40,1,1,1
6152,CITY OF TEA TREE GULLY,Unknown,41-45,2,0,1
6153,CITY OF TEA TREE GULLY,Unknown,51-55,0,1,3
6154,CITY OF TEA TREE GULLY,Unknown,51-55,0,2,2
6155,CITY OF TEA TREE GULLY,Unknown,51-55,1,0,2
6156,CITY OF TEA TREE GULLY,Unknown,56-60,0,1,1
6157,CITY OF TEA TREE GULLY,Unknown,61-65,1,0,1
6158,CITY OF TEA TREE GULLY,Unknown,66-70,0,1,1
6159,CITY OF TEA TREE GULLY,Unknown,Unknown,0,1,428
6160,CITY OF TEA TREE GULLY,Unknown,Unknown,0,2,62
6161,CITY OF TEA TREE GULLY,Unknown,Unknown,0,3,7
6162,CITY OF TEA TREE GULLY,Unknown,Unknown,0,5,2
6163,CITY OF TEA TREE GULLY,Unknown,Unknown,1,0,38
6164,CITY OF TEA TREE GULLY,Unknown,Unknown,1,1,2
6165,CITY OF UNLEY,Female,>70,0,1,61
6166,CITY OF UNLEY,Female,>70,0,2,10
6167,CITY OF UNLEY,Female,>70,0,3,3
6168,CITY OF UNLEY,Female,>70,0,5,1
6169,CITY OF UNLEY,Female,>70,1,0,312
6170,CITY OF UNLEY,Female,>70,1,1,9
6171,CITY OF UNLEY,Female,>70,1,2,1
6172,CITY OF UNLEY,Female,>70,2,0,40
6173,CITY OF UNLEY,Female,>70,2,1,2
6174,CITY OF UNLEY,Female,>70,3,0,2
6175,CITY OF UNLEY,Female,>70,3,1,1
6176,CITY OF UNLEY,Female,>70,3,3,1
6177,CITY OF UNLEY,Female,>70,4,1,1
6178,CITY OF UNLEY,Female,>70,5,0,1
6179,CITY OF UNLEY,Female,16-20,0,1,5
6180,CITY OF UNLEY,Female,16-20,1,0,7
6181,CITY OF UNLEY,Female,21-25,0,1,41
6182,CITY OF UNLEY,Female,21-25,0,2,9
6183,CITY OF UNLEY,Female,21-25,1,0,44
6184,CITY OF UNLEY,Female,21-25,1,1,1
6185,CITY OF UNLEY,Female,21-25,1,4,1
6186,CITY OF UNLEY,Female,21-25,2,0,1
6187,CITY OF UNLEY,Female,21-25,2,2,1
6188,CITY OF UNLEY,Female,26-30,0,1,53
6189,CITY OF UNLEY,Female,26-30,0,2,12
6190,CITY OF UNLEY,Female,26-30,0,3,1
6191,CITY OF UNLEY,Female,26-30,1,0,75
6192,CITY OF UNLEY,Female,26-30,1,1,6
6193,CITY OF UNLEY,Female,26-30,2,0,8
6194,CITY OF UNLEY,Female,26-30,2,1,1
6195,CITY OF UNLEY,Female,26-30,3,0,1
6196,CITY OF UNLEY,Female,31-35,0,1,46
6197,CITY OF UNLEY,Female,31-35,0,2,14
6198,CITY OF UNLEY,Female,31-35,0,3,2
6199,CITY OF UNLEY,Female,31-35,1,0,138
6200,CITY OF UNLEY,Female,31-35,1,1,9
6201,CITY OF UNLEY,Female,31-35,1,2,2
6202,CITY OF UNLEY,Female,31-35,2,0,23
6203,CITY OF UNLEY,Female,31-35,2,1,1
6204,CITY OF UNLEY,Female,31-35,3,0,1
6205,CITY OF UNLEY,Female,36-40,0,1,47
6206,CITY OF UNLEY,Female,36-40,0,2,13
6207,CITY OF UNLEY,Female,36-40,1,0,174
6208,CITY OF UNLEY,Female,36-40,1,1,8
6209,CITY OF UNLEY,Female,36-40,1,2,1
6210,CITY OF UNLEY,Female,36-40,2,0,30
6211,CITY OF UNLEY,Female,36-40,2,2,1
6212,CITY OF UNLEY,Female,41-45,0,1,47
6213,CITY OF UNLEY,Female,41-45,0,2,21
6214,CITY OF UNLEY,Female,41-45,0,3,1
6215,CITY OF UNLEY,Female,41-45,1,0,222
6216,CITY OF UNLEY,Female,41-45,1,1,21
6217,CITY OF UNLEY,Female,41-45,1,2,4
6218,CITY OF UNLEY,Female,41-45,2,0,36
6219,CITY OF UNLEY,Female,41-45,2,1,2
6220,CITY OF UNLEY,Female,41-45,3,0,3
6221,CITY OF UNLEY,Female,46-50,0,1,46
6222,CITY OF UNLEY,Female,46-50,0,2,22
6223,CITY OF UNLEY,Female,46-50,0,3,5
6224,CITY OF UNLEY,Female,46-50,0,5,1
6225,CITY OF UNLEY,Female,46-50,1,0,283
6226,CITY OF UNLEY,Female,46-50,1,1,20
6227,CITY OF UNLEY,Female,46-50,1,2,4
6228,CITY OF UNLEY,Female,46-50,2,0,55
6229,CITY OF UNLEY,Female,46-50,2,1,5
6230,CITY OF UNLEY,Female,46-50,2,2,1
6231,CITY OF UNLEY,Female,46-50,3,0,5
6232,CITY OF UNLEY,Female,46-50,3,1,1
6233,CITY OF UNLEY,Female,51-55,0,1,37
6234,CITY OF UNLEY,Female,51-55,0,2,19
6235,CITY OF UNLEY,Female,51-55,0,3,3
6236,CITY OF UNLEY,Female,51-55,1,0,296
6237,CITY OF UNLEY,Female,51-55,1,1,18
6238,CITY OF UNLEY,Female,51-55,1,2,6
6239,CITY OF UNLEY,Female,51-55,1,3,2
6240,CITY OF UNLEY,Female,51-55,1,4,1
6241,CITY OF UNLEY,Female,51-55,2,0,86
6242,CITY OF UNLEY,Female,51-55,2,1,10
6243,CITY OF UNLEY,Female,51-55,2,2,3
6244,CITY OF UNLEY,Female,51-55,3,0,4
6245,CITY OF UNLEY,Female,51-55,3,1,1
6246,CITY OF UNLEY,Female,51-55,3,2,1
6247,CITY OF UNLEY,Female,56-60,0,1,38
6248,CITY OF UNLEY,Female,56-60,0,2,10
6249,CITY OF UNLEY,Female,56-60,0,3,1
6250,CITY OF UNLEY,Female,56-60,1,0,275
6251,CITY OF UNLEY,Female,56-60,1,1,13
6252,CITY OF UNLEY,Female,56-60,1,2,4
6253,CITY OF UNLEY,Female,56-60,1,3,3
6254,CITY OF UNLEY,Female,56-60,2,0,85
6255,CITY OF UNLEY,Female,56-60,2,1,4
6256,CITY OF UNLEY,Female,56-60,2,2,1
6257,CITY OF UNLEY,Female,61-65,0,1,34
6258,CITY OF UNLEY,Female,61-65,0,2,13
6259,CITY OF UNLEY,Female,61-65,0,3,2
6260,CITY OF UNLEY,Female,61-65,1,0,232
6261,CITY OF UNLEY,Female,61-65,1,1,10
6262,CITY OF UNLEY,Female,61-65,1,2,2
6263,CITY OF UNLEY,Female,61-65,1,3,1
6264,CITY OF UNLEY,Female,61-65,2,0,46
6265,CITY OF UNLEY,Female,61-65,2,1,2
6266,CITY OF UNLEY,Female,61-65,2,2,2
6267,CITY OF UNLEY,Female,61-65,3,0,5
6268,CITY OF UNLEY,Female,66-70,0,1,25
6269,CITY OF UNLEY,Female,66-70,0,2,11
6270,CITY OF UNLEY,Female,66-70,0,4,1
6271,CITY OF UNLEY,Female,66-70,1,0,172
6272,CITY OF UNLEY,Female,66-70,1,1,6
6273,CITY OF UNLEY,Female,66-70,1,2,1
6274,CITY OF UNLEY,Female,66-70,1,3,1
6275,CITY OF UNLEY,Female,66-70,2,0,31
6276,CITY OF UNLEY,Female,66-70,2,1,3
6277,CITY OF UNLEY,Female,66-70,3,0,2
6278,CITY OF UNLEY,Female,Unknown,0,1,6
6279,CITY OF UNLEY,Female,Unknown,0,2,2
6280,CITY OF UNLEY,Female,Unknown,1,0,1
6281,CITY OF UNLEY,Male,>70,0,1,19
6282,CITY OF UNLEY,Male,>70,0,2,5
6283,CITY OF UNLEY,Male,>70,1,0,134
6284,CITY OF UNLEY,Male,>70,1,1,8
6285,CITY OF UNLEY,Male,>70,2,0,19
6286,CITY OF UNLEY,Male,>70,2,1,2
6287,CITY OF UNLEY,Male,>70,3,2,1
6288,CITY OF UNLEY,Male,16-20,0,1,2
6289,CITY OF UNLEY,Male,16-20,1,0,1
6290,CITY OF UNLEY,Male,21-25,0,1,16
6291,CITY OF UNLEY,Male,21-25,0,2,1
6292,CITY OF UNLEY,Male,21-25,1,0,22
6293,CITY OF UNLEY,Male,21-25,1,1,1
6294,CITY OF UNLEY,Male,21-25,2,0,3
6295,CITY OF UNLEY,Male,21-25,2,1,1
6296,CITY OF UNLEY,Male,26-30,0,1,26
6297,CITY OF UNLEY,Male,26-30,0,2,3
6298,CITY OF UNLEY,Male,26-30,1,0,50
6299,CITY OF UNLEY,Male,26-30,1,2,1
6300,CITY OF UNLEY,Male,26-30,2,0,6
6301,CITY OF UNLEY,Male,26-30,2,1,1
6302,CITY OF UNLEY,Male,31-35,0,1,17
6303,CITY OF UNLEY,Male,31-35,0,2,3
6304,CITY OF UNLEY,Male,31-35,0,3,1
6305,CITY OF UNLEY,Male,31-35,1,0,85
6306,CITY OF UNLEY,Male,31-35,1,1,1
6307,CITY OF UNLEY,Male,31-35,1,2,1
6308,CITY OF UNLEY,Male,31-35,2,0,5
6309,CITY OF UNLEY,Male,36-40,0,1,20
6310,CITY OF UNLEY,Male,36-40,0,2,4
6311,CITY OF UNLEY,Male,36-40,0,3,2
6312,CITY OF UNLEY,Male,36-40,1,0,108
6313,CITY OF UNLEY,Male,36-40,1,1,1
6314,CITY OF UNLEY,Male,36-40,2,0,10
6315,CITY OF UNLEY,Male,36-40,2,1,1
6316,CITY OF UNLEY,Male,41-45,0,1,14
6317,CITY OF UNLEY,Male,41-45,0,2,4
6318,CITY OF UNLEY,Male,41-45,0,3,1
6319,CITY OF UNLEY,Male,41-45,1,0,88
6320,CITY OF UNLEY,Male,41-45,1,1,2
6321,CITY OF UNLEY,Male,41-45,2,0,10
6322,CITY OF UNLEY,Male,46-50,>5,0,2
6323,CITY OF UNLEY,Male,46-50,0,1,35
6324,CITY OF UNLEY,Male,46-50,0,2,5
6325,CITY OF UNLEY,Male,46-50,1,0,147
6326,CITY OF UNLEY,Male,46-50,1,1,2
6327,CITY OF UNLEY,Male,46-50,2,0,22
6328,CITY OF UNLEY,Male,46-50,2,1,2
6329,CITY OF UNLEY,Male,46-50,2,2,2
6330,CITY OF UNLEY,Male,46-50,3,0,1
6331,CITY OF UNLEY,Male,51-55,0,1,20
6332,CITY OF UNLEY,Male,51-55,0,2,6
6333,CITY OF UNLEY,Male,51-55,1,0,124
6334,CITY OF UNLEY,Male,51-55,1,1,7
6335,CITY OF UNLEY,Male,51-55,2,0,28
6336,CITY OF UNLEY,Male,51-55,2,1,1
6337,CITY OF UNLEY,Male,51-55,3,0,2
6338,CITY OF UNLEY,Male,56-60,0,1,17
6339,CITY OF UNLEY,Male,56-60,0,2,2
6340,CITY OF UNLEY,Male,56-60,0,3,2
6341,CITY OF UNLEY,Male,56-60,1,0,118
6342,CITY OF UNLEY,Male,56-60,1,1,2
6343,CITY OF UNLEY,Male,56-60,1,2,3
6344,CITY OF UNLEY,Male,56-60,2,0,21
6345,CITY OF UNLEY,Male,56-60,2,1,1
6346,CITY OF UNLEY,Male,56-60,2,2,1
6347,CITY OF UNLEY,Male,56-60,3,0,1
6348,CITY OF UNLEY,Male,61-65,0,>5,1
6349,CITY OF UNLEY,Male,61-65,0,1,11
6350,CITY OF UNLEY,Male,61-65,1,0,88
6351,CITY OF UNLEY,Male,61-65,1,1,4
6352,CITY OF UNLEY,Male,61-65,2,0,16
6353,CITY OF UNLEY,Male,61-65,2,1,2
6354,CITY OF UNLEY,Male,61-65,3,0,2
6355,CITY OF UNLEY,Male,66-70,0,1,2
6356,CITY OF UNLEY,Male,66-70,0,2,1
6357,CITY OF UNLEY,Male,66-70,1,0,81
6358,CITY OF UNLEY,Male,66-70,1,1,4
6359,CITY OF UNLEY,Male,66-70,2,0,10
6360,CITY OF UNLEY,Male,66-70,2,1,2
6361,CITY OF UNLEY,Male,66-70,2,2,1
6362,CITY OF UNLEY,Male,Unknown,0,1,2
6363,CITY OF UNLEY,Male,Unknown,0,2,1
6364,CITY OF UNLEY,Male,Unknown,2,0,1
6365,CITY OF UNLEY,Other,>70,1,0,13
6366,CITY OF UNLEY,Other,21-25,0,1,4
6367,CITY OF UNLEY,Other,21-25,1,0,1
6368,CITY OF UNLEY,Other,26-30,0,1,1
6369,CITY OF UNLEY,Other,31-35,0,1,1
6370,CITY OF UNLEY,Other,31-35,0,2,2
6371,CITY OF UNLEY,Other,31-35,1,0,4
6372,CITY OF UNLEY,Other,36-40,0,1,1
6373,CITY OF UNLEY,Other,36-40,1,0,4
6374,CITY OF UNLEY,Other,36-40,2,0,1
6375,CITY OF UNLEY,Other,41-45,0,2,1
6376,CITY OF UNLEY,Other,41-45,1,0,2
6377,CITY OF UNLEY,Other,46-50,1,0,13
6378,CITY OF UNLEY,Other,51-55,1,0,8
6379,CITY OF UNLEY,Other,51-55,2,0,2
6380,CITY OF UNLEY,Other,56-60,1,0,4
6381,CITY OF UNLEY,Other,56-60,2,0,1
6382,CITY OF UNLEY,Other,56-60,3,0,1
6383,CITY OF UNLEY,Other,61-65,1,0,7
6384,CITY OF UNLEY,Other,66-70,1,0,3
6385,CITY OF UNLEY,Other,66-70,2,0,1
6386,CITY OF UNLEY,Other,Unknown,1,0,1
6387,CITY OF UNLEY,SUPPRESSED,Unknown,0,2,1
6388,CITY OF UNLEY,SUPPRESSED,Unknown,1,0,16
6389,CITY OF UNLEY,SUPPRESSED,Unknown,1,2,1
6390,CITY OF UNLEY,SUPPRESSED,Unknown,2,0,4
6391,CITY OF UNLEY,Unknown,31-35,0,1,1
6392,CITY OF UNLEY,Unknown,Unknown,0,1,26
6393,CITY OF UNLEY,Unknown,Unknown,0,2,7
6394,CITY OF VICTOR HARBOR,Female,>70,0,>5,1
6395,CITY OF VICTOR HARBOR,Female,>70,0,1,96
6396,CITY OF VICTOR HARBOR,Female,>70,0,2,22
6397,CITY OF VICTOR HARBOR,Female,>70,0,3,2
6398,CITY OF VICTOR HARBOR,Female,>70,1,0,358
6399,CITY OF VICTOR HARBOR,Female,>70,1,1,25
6400,CITY OF VICTOR HARBOR,Female,>70,1,2,3
6401,CITY OF VICTOR HARBOR,Female,>70,1,3,3
6402,CITY OF VICTOR HARBOR,Female,>70,1,4,1
6403,CITY OF VICTOR HARBOR,Female,>70,1,5,1
6404,CITY OF VICTOR HARBOR,Female,>70,2,0,74
6405,CITY OF VICTOR HARBOR,Female,>70,2,1,2
6406,CITY OF VICTOR HARBOR,Female,>70,2,2,1
6407,CITY OF VICTOR HARBOR,Female,>70,3,0,8
6408,CITY OF VICTOR HARBOR,Female,>70,3,2,1
6409,CITY OF VICTOR HARBOR,Female,>70,4,0,2
6410,CITY OF VICTOR HARBOR,Female,16-20,0,1,4
6411,CITY OF VICTOR HARBOR,Female,16-20,0,2,1
6412,CITY OF VICTOR HARBOR,Female,16-20,1,0,5
6413,CITY OF VICTOR HARBOR,Female,16-20,2,1,1
6414,CITY OF VICTOR HARBOR,Female,21-25,0,1,8
6415,CITY OF VICTOR HARBOR,Female,21-25,0,2,3
6416,CITY OF VICTOR HARBOR,Female,21-25,1,0,29
6417,CITY OF VICTOR HARBOR,Female,21-25,1,1,4
6418,CITY OF VICTOR HARBOR,Female,21-25,1,3,1
6419,CITY OF VICTOR HARBOR,Female,21-25,2,0,6
6420,CITY OF VICTOR HARBOR,Female,21-25,2,1,1
6421,CITY OF VICTOR HARBOR,Female,26-30,0,1,13
6422,CITY OF VICTOR HARBOR,Female,26-30,0,2,6
6423,CITY OF VICTOR HARBOR,Female,26-30,0,3,1
6424,CITY OF VICTOR HARBOR,Female,26-30,1,0,45
6425,CITY OF VICTOR HARBOR,Female,26-30,1,1,5
6426,CITY OF VICTOR HARBOR,Female,26-30,1,2,2
6427,CITY OF VICTOR HARBOR,Female,26-30,2,0,13
6428,CITY OF VICTOR HARBOR,Female,26-30,2,1,1
6429,CITY OF VICTOR HARBOR,Female,26-30,2,2,1
6430,CITY OF VICTOR HARBOR,Female,31-35,>5,3,1
6431,CITY OF VICTOR HARBOR,Female,31-35,0,1,16
6432,CITY OF VICTOR HARBOR,Female,31-35,0,2,5
6433,CITY OF VICTOR HARBOR,Female,31-35,0,3,1
6434,CITY OF VICTOR HARBOR,Female,31-35,1,0,74
6435,CITY OF VICTOR HARBOR,Female,31-35,1,1,8
6436,CITY OF VICTOR HARBOR,Female,31-35,1,2,3
6437,CITY OF VICTOR HARBOR,Female,31-35,2,0,16
6438,CITY OF VICTOR HARBOR,Female,31-35,2,1,1
6439,CITY OF VICTOR HARBOR,Female,36-40,0,1,22
6440,CITY OF VICTOR HARBOR,Female,36-40,0,2,6
6441,CITY OF VICTOR HARBOR,Female,36-40,0,3,1
6442,CITY OF VICTOR HARBOR,Female,36-40,1,0,66
6443,CITY OF VICTOR HARBOR,Female,36-40,1,1,4
6444,CITY OF VICTOR HARBOR,Female,36-40,1,2,3
6445,CITY OF VICTOR HARBOR,Female,36-40,2,0,35
6446,CITY OF VICTOR HARBOR,Female,36-40,2,1,5
6447,CITY OF VICTOR HARBOR,Female,36-40,2,2,1
6448,CITY OF VICTOR HARBOR,Female,36-40,3,0,2
6449,CITY OF VICTOR HARBOR,Female,41-45,0,1,14
6450,CITY OF VICTOR HARBOR,Female,41-45,0,2,3
6451,CITY OF VICTOR HARBOR,Female,41-45,0,3,1
6452,CITY OF VICTOR HARBOR,Female,41-45,1,0,80
6453,CITY OF VICTOR HARBOR,Female,41-45,1,1,13
6454,CITY OF VICTOR HARBOR,Female,41-45,1,2,2
6455,CITY OF VICTOR HARBOR,Female,41-45,2,0,26
6456,CITY OF VICTOR HARBOR,Female,41-45,2,1,2
6457,CITY OF VICTOR HARBOR,Female,41-45,2,2,3
6458,CITY OF VICTOR HARBOR,Female,41-45,2,3,1
6459,CITY OF VICTOR HARBOR,Female,41-45,3,0,2
6460,CITY OF VICTOR HARBOR,Female,41-45,5,1,1
6461,CITY OF VICTOR HARBOR,Female,46-50,>5,2,1
6462,CITY OF VICTOR HARBOR,Female,46-50,0,1,14
6463,CITY OF VICTOR HARBOR,Female,46-50,0,2,3
6464,CITY OF VICTOR HARBOR,Female,46-50,0,4,2
6465,CITY OF VICTOR HARBOR,Female,46-50,1,0,102
6466,CITY OF VICTOR HARBOR,Female,46-50,1,1,16
6467,CITY OF VICTOR HARBOR,Female,46-50,1,2,8
6468,CITY OF VICTOR HARBOR,Female,46-50,1,3,2
6469,CITY OF VICTOR HARBOR,Female,46-50,2,0,41
6470,CITY OF VICTOR HARBOR,Female,46-50,2,1,5
6471,CITY OF VICTOR HARBOR,Female,46-50,2,2,3
6472,CITY OF VICTOR HARBOR,Female,46-50,2,3,1
6473,CITY OF VICTOR HARBOR,Female,46-50,3,0,3
6474,CITY OF VICTOR HARBOR,Female,51-55,0,1,24
6475,CITY OF VICTOR HARBOR,Female,51-55,0,2,7
6476,CITY OF VICTOR HARBOR,Female,51-55,1,0,97
6477,CITY OF VICTOR HARBOR,Female,51-55,1,1,19
6478,CITY OF VICTOR HARBOR,Female,51-55,1,2,6
6479,CITY OF VICTOR HARBOR,Female,51-55,1,4,2
6480,CITY OF VICTOR HARBOR,Female,51-55,2,0,43
6481,CITY OF VICTOR HARBOR,Female,51-55,2,1,4
6482,CITY OF VICTOR HARBOR,Female,51-55,2,2,1
6483,CITY OF VICTOR HARBOR,Female,51-55,2,3,1
6484,CITY OF VICTOR HARBOR,Female,51-55,3,0,9
6485,CITY OF VICTOR HARBOR,Female,56-60,0,1,16
6486,CITY OF VICTOR HARBOR,Female,56-60,0,2,9
6487,CITY OF VICTOR HARBOR,Female,56-60,0,3,2
6488,CITY OF VICTOR HARBOR,Female,56-60,0,4,1
6489,CITY OF VICTOR HARBOR,Female,56-60,1,0,109
6490,CITY OF VICTOR HARBOR,Female,56-60,1,1,9
6491,CITY OF VICTOR HARBOR,Female,56-60,1,2,4
6492,CITY OF VICTOR HARBOR,Female,56-60,2,0,31
6493,CITY OF VICTOR HARBOR,Female,56-60,2,1,4
6494,CITY OF VICTOR HARBOR,Female,56-60,2,2,3
6495,CITY OF VICTOR HARBOR,Female,56-60,2,3,2
6496,CITY OF VICTOR HARBOR,Female,56-60,3,0,4
6497,CITY OF VICTOR HARBOR,Female,56-60,3,3,1
6498,CITY OF VICTOR HARBOR,Female,56-60,4,0,2
6499,CITY OF VICTOR HARBOR,Female,56-60,5,0,1
6500,CITY OF VICTOR HARBOR,Female,61-65,>5,0,2
6501,CITY OF VICTOR HARBOR,Female,61-65,0,1,30
6502,CITY OF VICTOR HARBOR,Female,61-65,0,2,5
6503,CITY OF VICTOR HARBOR,Female,61-65,0,3,1
6504,CITY OF VICTOR HARBOR,Female,61-65,0,4,1
6505,CITY OF VICTOR HARBOR,Female,61-65,1,0,142
6506,CITY OF VICTOR HARBOR,Female,61-65,1,1,7
6507,CITY OF VICTOR HARBOR,Female,61-65,1,2,4
6508,CITY OF VICTOR HARBOR,Female,61-65,2,0,40
6509,CITY OF VICTOR HARBOR,Female,61-65,2,1,3
6510,CITY OF VICTOR HARBOR,Female,61-65,2,2,1
6511,CITY OF VICTOR HARBOR,Female,61-65,3,0,10
6512,CITY OF VICTOR HARBOR,Female,61-65,3,1,1
6513,CITY OF VICTOR HARBOR,Female,61-65,3,3,1
6514,CITY OF VICTOR HARBOR,Female,61-65,4,0,4
6515,CITY OF VICTOR HARBOR,Female,66-70,0,1,29
6516,CITY OF VICTOR HARBOR,Female,66-70,0,2,4
6517,CITY OF VICTOR HARBOR,Female,66-70,0,3,1
6518,CITY OF VICTOR HARBOR,Female,66-70,1,0,139
6519,CITY OF VICTOR HARBOR,Female,66-70,1,1,9
6520,CITY OF VICTOR HARBOR,Female,66-70,1,2,2
6521,CITY OF VICTOR HARBOR,Female,66-70,1,3,1
6522,CITY OF VICTOR HARBOR,Female,66-70,2,0,49
6523,CITY OF VICTOR HARBOR,Female,66-70,2,1,4
6524,CITY OF VICTOR HARBOR,Female,66-70,3,0,3
6525,CITY OF VICTOR HARBOR,Female,66-70,3,2,1
6526,CITY OF VICTOR HARBOR,Female,66-70,4,0,2
6527,CITY OF VICTOR HARBOR,Female,Unknown,0,1,4
6528,CITY OF VICTOR HARBOR,Female,Unknown,1,0,5
6529,CITY OF VICTOR HARBOR,Male,>70,>5,0,2
6530,CITY OF VICTOR HARBOR,Male,>70,0,1,35
6531,CITY OF VICTOR HARBOR,Male,>70,0,2,8
6532,CITY OF VICTOR HARBOR,Male,>70,0,3,2
6533,CITY OF VICTOR HARBOR,Male,>70,1,0,240
6534,CITY OF VICTOR HARBOR,Male,>70,1,1,5
6535,CITY OF VICTOR HARBOR,Male,>70,1,2,1
6536,CITY OF VICTOR HARBOR,Male,>70,2,0,27
6537,CITY OF VICTOR HARBOR,Male,>70,2,1,4
6538,CITY OF VICTOR HARBOR,Male,>70,2,2,1
6539,CITY OF VICTOR HARBOR,Male,>70,3,0,3
6540,CITY OF VICTOR HARBOR,Male,>70,5,0,2
6541,CITY OF VICTOR HARBOR,Male,16-20,1,0,3
6542,CITY OF VICTOR HARBOR,Male,21-25,0,1,3
6543,CITY OF VICTOR HARBOR,Male,21-25,0,2,1
6544,CITY OF VICTOR HARBOR,Male,21-25,1,0,27
6545,CITY OF VICTOR HARBOR,Male,21-25,1,2,1
6546,CITY OF VICTOR HARBOR,Male,21-25,2,0,1
6547,CITY OF VICTOR HARBOR,Male,21-25,2,3,1
6548,CITY OF VICTOR HARBOR,Male,26-30,0,1,7
6549,CITY OF VICTOR HARBOR,Male,26-30,0,2,1
6550,CITY OF VICTOR HARBOR,Male,26-30,1,0,34
6551,CITY OF VICTOR HARBOR,Male,26-30,1,1,1
6552,CITY OF VICTOR HARBOR,Male,26-30,1,2,2
6553,CITY OF VICTOR HARBOR,Male,26-30,2,0,6
6554,CITY OF VICTOR HARBOR,Male,26-30,3,0,1
6555,CITY OF VICTOR HARBOR,Male,26-30,4,0,1
6556,CITY OF VICTOR HARBOR,Male,31-35,0,1,2
6557,CITY OF VICTOR HARBOR,Male,31-35,0,2,1
6558,CITY OF VICTOR HARBOR,Male,31-35,1,0,32
6559,CITY OF VICTOR HARBOR,Male,31-35,2,0,7
6560,CITY OF VICTOR HARBOR,Male,31-35,3,0,1
6561,CITY OF VICTOR HARBOR,Male,36-40,0,1,1
6562,CITY OF VICTOR HARBOR,Male,36-40,0,2,2
6563,CITY OF VICTOR HARBOR,Male,36-40,1,0,45
6564,CITY OF VICTOR HARBOR,Male,36-40,1,1,2
6565,CITY OF VICTOR HARBOR,Male,36-40,2,0,5
6566,CITY OF VICTOR HARBOR,Male,36-40,2,1,1
6567,CITY OF VICTOR HARBOR,Male,41-45,0,1,7
6568,CITY OF VICTOR HARBOR,Male,41-45,0,2,1
6569,CITY OF VICTOR HARBOR,Male,41-45,1,0,47
6570,CITY OF VICTOR HARBOR,Male,41-45,1,3,1
6571,CITY OF VICTOR HARBOR,Male,41-45,2,0,6
6572,CITY OF VICTOR HARBOR,Male,41-45,3,0,1
6573,CITY OF VICTOR HARBOR,Male,41-45,3,1,1
6574,CITY OF VICTOR HARBOR,Male,46-50,0,1,9
6575,CITY OF VICTOR HARBOR,Male,46-50,0,2,1
6576,CITY OF VICTOR HARBOR,Male,46-50,0,3,1
6577,CITY OF VICTOR HARBOR,Male,46-50,1,0,60
6578,CITY OF VICTOR HARBOR,Male,46-50,1,1,2
6579,CITY OF VICTOR HARBOR,Male,46-50,2,0,8
6580,CITY OF VICTOR HARBOR,Male,46-50,3,0,1
6581,CITY OF VICTOR HARBOR,Male,51-55,0,1,6
6582,CITY OF VICTOR HARBOR,Male,51-55,1,0,57
6583,CITY OF VICTOR HARBOR,Male,51-55,1,1,5
6584,CITY OF VICTOR HARBOR,Male,51-55,1,2,1
6585,CITY OF VICTOR HARBOR,Male,51-55,2,0,19
6586,CITY OF VICTOR HARBOR,Male,51-55,2,1,1
6587,CITY OF VICTOR HARBOR,Male,51-55,3,0,1
6588,CITY OF VICTOR HARBOR,Male,56-60,0,1,4
6589,CITY OF VICTOR HARBOR,Male,56-60,0,2,1
6590,CITY OF VICTOR HARBOR,Male,56-60,0,3,1
6591,CITY OF VICTOR HARBOR,Male,56-60,1,0,65
6592,CITY OF VICTOR HARBOR,Male,56-60,1,1,3
6593,CITY OF VICTOR HARBOR,Male,56-60,1,2,1
6594,CITY OF VICTOR HARBOR,Male,56-60,2,0,9
6595,CITY OF VICTOR HARBOR,Male,56-60,3,0,2
6596,CITY OF VICTOR HARBOR,Male,56-60,5,0,1
6597,CITY OF VICTOR HARBOR,Male,61-65,0,1,5
6598,CITY OF VICTOR HARBOR,Male,61-65,0,2,2
6599,CITY OF VICTOR HARBOR,Male,61-65,1,0,68
6600,CITY OF VICTOR HARBOR,Male,61-65,1,1,3
6601,CITY OF VICTOR HARBOR,Male,61-65,1,2,3
6602,CITY OF VICTOR HARBOR,Male,61-65,2,0,19
6603,CITY OF VICTOR HARBOR,Male,61-65,3,0,1
6604,CITY OF VICTOR HARBOR,Male,61-65,3,1,1
6605,CITY OF VICTOR HARBOR,Male,61-65,5,0,1
6606,CITY OF VICTOR HARBOR,Male,66-70,0,1,4
6607,CITY OF VICTOR HARBOR,Male,66-70,0,2,2
6608,CITY OF VICTOR HARBOR,Male,66-70,1,0,75
6609,CITY OF VICTOR HARBOR,Male,66-70,1,1,1
6610,CITY OF VICTOR HARBOR,Male,66-70,1,2,1
6611,CITY OF VICTOR HARBOR,Male,66-70,2,0,9
6612,CITY OF VICTOR HARBOR,Male,66-70,2,1,1
6613,CITY OF VICTOR HARBOR,Male,66-70,3,0,2
6614,CITY OF VICTOR HARBOR,Male,Unknown,1,0,1
6615,CITY OF VICTOR HARBOR,Male,Unknown,2,0,1
6616,CITY OF VICTOR HARBOR,Other,>70,0,1,7
6617,CITY OF VICTOR HARBOR,Other,>70,0,2,1
6618,CITY OF VICTOR HARBOR,Other,>70,1,0,34
6619,CITY OF VICTOR HARBOR,Other,>70,1,1,1
6620,CITY OF VICTOR HARBOR,Other,>70,2,0,3
6621,CITY OF VICTOR HARBOR,Other,>70,3,0,1
6622,CITY OF VICTOR HARBOR,Other,26-30,0,1,1
6623,CITY OF VICTOR HARBOR,Other,31-35,0,1,1
6624,CITY OF VICTOR HARBOR,Other,31-35,1,0,1
6625,CITY OF VICTOR HARBOR,Other,36-40,1,0,3
6626,CITY OF VICTOR HARBOR,Other,36-40,2,0,1
6627,CITY OF VICTOR HARBOR,Other,41-45,1,0,1
6628,CITY OF VICTOR HARBOR,Other,41-45,2,0,2
6629,CITY OF VICTOR HARBOR,Other,46-50,1,0,4
6630,CITY OF VICTOR HARBOR,Other,46-50,3,0,1
6631,CITY OF VICTOR HARBOR,Other,51-55,0,1,1
6632,CITY OF VICTOR HARBOR,Other,51-55,1,0,5
6633,CITY OF VICTOR HARBOR,Other,51-55,1,1,2
6634,CITY OF VICTOR HARBOR,Other,51-55,2,0,1
6635,CITY OF VICTOR HARBOR,Other,51-55,3,1,1
6636,CITY OF VICTOR HARBOR,Other,56-60,0,2,1
6637,CITY OF VICTOR HARBOR,Other,56-60,1,0,4
6638,CITY OF VICTOR HARBOR,Other,56-60,1,1,1
6639,CITY OF VICTOR HARBOR,Other,56-60,2,0,2
6640,CITY OF VICTOR HARBOR,Other,56-60,5,0,1
6641,CITY OF VICTOR HARBOR,Other,61-65,1,0,8
6642,CITY OF VICTOR HARBOR,Other,61-65,2,0,3
6643,CITY OF VICTOR HARBOR,Other,66-70,0,3,1
6644,CITY OF VICTOR HARBOR,Other,66-70,1,0,13
6645,CITY OF VICTOR HARBOR,Other,66-70,2,0,1
6646,CITY OF VICTOR HARBOR,Other,Unknown,0,1,4
6647,CITY OF VICTOR HARBOR,Other,Unknown,1,0,1
6648,CITY OF VICTOR HARBOR,SUPPRESSED,Unknown,1,1,1
6649,CITY OF VICTOR HARBOR,SUPPRESSED,Unknown,2,0,2
6650,CITY OF VICTOR HARBOR,SUPPRESSED,Unknown,2,2,1
6651,CITY OF VICTOR HARBOR,Unknown,31-35,1,0,1
6652,CITY OF VICTOR HARBOR,Unknown,41-45,2,0,1
6653,CITY OF VICTOR HARBOR,Unknown,66-70,1,0,1
6654,CITY OF VICTOR HARBOR,Unknown,Unknown,0,1,5
6655,CITY OF VICTOR HARBOR,Unknown,Unknown,0,2,2
6656,CITY OF VICTOR HARBOR,Unknown,Unknown,1,0,4
6657,CITY OF VICTOR HARBOR,Unknown,Unknown,2,0,1
6658,CITY OF VICTOR HARBOR,Unknown,Unknown,3,0,1
6659,CITY OF WEST TORRENS,Female,>70,0,1,50
6660,CITY OF WEST TORRENS,Female,>70,0,2,10
6661,CITY OF WEST TORRENS,Female,>70,0,3,1
6662,CITY OF WEST TORRENS,Female,>70,1,0,345
6663,CITY OF WEST TORRENS,Female,>70,1,1,10
6664,CITY OF WEST TORRENS,Female,>70,2,0,45
6665,CITY OF WEST TORRENS,Female,>70,2,1,5
6666,CITY OF WEST TORRENS,Female,>70,3,5,1
6667,CITY OF WEST TORRENS,Female,16-20,0,1,7
6668,CITY OF WEST TORRENS,Female,16-20,0,2,4
6669,CITY OF WEST TORRENS,Female,16-20,1,0,8
6670,CITY OF WEST TORRENS,Female,21-25,0,1,70
6671,CITY OF WEST TORRENS,Female,21-25,0,2,20
6672,CITY OF WEST TORRENS,Female,21-25,0,3,5
6673,CITY OF WEST TORRENS,Female,21-25,0,4,1
6674,CITY OF WEST TORRENS,Female,21-25,1,0,100
6675,CITY OF WEST TORRENS,Female,21-25,1,1,6
6676,CITY OF WEST TORRENS,Female,21-25,1,2,1
6677,CITY OF WEST TORRENS,Female,21-25,1,3,2
6678,CITY OF WEST TORRENS,Female,21-25,2,0,15
6679,CITY OF WEST TORRENS,Female,26-30,0,1,108
6680,CITY OF WEST TORRENS,Female,26-30,0,2,35
6681,CITY OF WEST TORRENS,Female,26-30,0,3,8
6682,CITY OF WEST TORRENS,Female,26-30,0,5,1
6683,CITY OF WEST TORRENS,Female,26-30,1,0,247
6684,CITY OF WEST TORRENS,Female,26-30,1,1,12
6685,CITY OF WEST TORRENS,Female,26-30,1,4,1
6686,CITY OF WEST TORRENS,Female,26-30,2,0,22
6687,CITY OF WEST TORRENS,Female,26-30,2,1,1
6688,CITY OF WEST TORRENS,Female,26-30,2,2,1
6689,CITY OF WEST TORRENS,Female,26-30,2,3,1
6690,CITY OF WEST TORRENS,Female,26-30,3,0,1
6691,CITY OF WEST TORRENS,Female,31-35,0,1,90
6692,CITY OF WEST TORRENS,Female,31-35,0,2,25
6693,CITY OF WEST TORRENS,Female,31-35,0,3,2
6694,CITY OF WEST TORRENS,Female,31-35,1,0,330
6695,CITY OF WEST TORRENS,Female,31-35,1,1,15
6696,CITY OF WEST TORRENS,Female,31-35,1,2,5
6697,CITY OF WEST TORRENS,Female,31-35,1,3,1
6698,CITY OF WEST TORRENS,Female,31-35,2,0,58
6699,CITY OF WEST TORRENS,Female,31-35,2,1,1
6700,CITY OF WEST TORRENS,Female,31-35,2,2,1
6701,CITY OF WEST TORRENS,Female,31-35,2,3,2
6702,CITY OF WEST TORRENS,Female,31-35,3,0,2
6703,CITY OF WEST TORRENS,Female,36-40,>5,0,1
6704,CITY OF WEST TORRENS,Female,36-40,0,>5,1
6705,CITY OF WEST TORRENS,Female,36-40,0,1,75
6706,CITY OF WEST TORRENS,Female,36-40,0,2,18
6707,CITY OF WEST TORRENS,Female,36-40,0,3,3
6708,CITY OF WEST TORRENS,Female,36-40,0,4,1
6709,CITY OF WEST TORRENS,Female,36-40,1,0,347
6710,CITY OF WEST TORRENS,Female,36-40,1,1,21
6711,CITY OF WEST TORRENS,Female,36-40,1,2,4
6712,CITY OF WEST TORRENS,Female,36-40,2,0,49
6713,CITY OF WEST TORRENS,Female,36-40,2,1,1
6714,CITY OF WEST TORRENS,Female,36-40,2,2,1
6715,CITY OF WEST TORRENS,Female,36-40,2,4,1
6716,CITY OF WEST TORRENS,Female,36-40,3,0,3
6717,CITY OF WEST TORRENS,Female,41-45,0,1,62
6718,CITY OF WEST TORRENS,Female,41-45,0,2,24
6719,CITY OF WEST TORRENS,Female,41-45,0,3,4
6720,CITY OF WEST TORRENS,Female,41-45,0,4,2
6721,CITY OF WEST TORRENS,Female,41-45,1,0,313
6722,CITY OF WEST TORRENS,Female,41-45,1,1,17
6723,CITY OF WEST TORRENS,Female,41-45,1,2,8
6724,CITY OF WEST TORRENS,Female,41-45,2,0,56
6725,CITY OF WEST TORRENS,Female,41-45,2,1,6
6726,CITY OF WEST TORRENS,Female,41-45,2,2,1
6727,CITY OF WEST TORRENS,Female,41-45,2,4,1
6728,CITY OF WEST TORRENS,Female,41-45,3,0,2
6729,CITY OF WEST TORRENS,Female,46-50,0,1,54
6730,CITY OF WEST TORRENS,Female,46-50,0,2,27
6731,CITY OF WEST TORRENS,Female,46-50,0,3,3
6732,CITY OF WEST TORRENS,Female,46-50,0,4,1
6733,CITY OF WEST TORRENS,Female,46-50,1,0,308
6734,CITY OF WEST TORRENS,Female,46-50,1,1,25
6735,CITY OF WEST TORRENS,Female,46-50,1,2,5
6736,CITY OF WEST TORRENS,Female,46-50,1,3,2
6737,CITY OF WEST TORRENS,Female,46-50,2,0,54
6738,CITY OF WEST TORRENS,Female,46-50,2,1,5
6739,CITY OF WEST TORRENS,Female,46-50,2,2,3
6740,CITY OF WEST TORRENS,Female,46-50,2,3,2
6741,CITY OF WEST TORRENS,Female,46-50,3,0,8
6742,CITY OF WEST TORRENS,Female,46-50,4,0,1
6743,CITY OF WEST TORRENS,Female,51-55,>5,0,1
6744,CITY OF WEST TORRENS,Female,51-55,0,>5,1
6745,CITY OF WEST TORRENS,Female,51-55,0,1,61
6746,CITY OF WEST TORRENS,Female,51-55,0,2,30
6747,CITY OF WEST TORRENS,Female,51-55,0,3,1
6748,CITY OF WEST TORRENS,Female,51-55,0,4,1
6749,CITY OF WEST TORRENS,Female,51-55,1,0,359
6750,CITY OF WEST TORRENS,Female,51-55,1,1,25
6751,CITY OF WEST TORRENS,Female,51-55,1,2,5
6752,CITY OF WEST TORRENS,Female,51-55,1,3,3
6753,CITY OF WEST TORRENS,Female,51-55,2,0,88
6754,CITY OF WEST TORRENS,Female,51-55,2,1,5
6755,CITY OF WEST TORRENS,Female,51-55,2,2,3
6756,CITY OF WEST TORRENS,Female,51-55,3,0,2
6757,CITY OF WEST TORRENS,Female,51-55,4,0,1
6758,CITY OF WEST TORRENS,Female,56-60,0,>5,1
6759,CITY OF WEST TORRENS,Female,56-60,0,1,39
6760,CITY OF WEST TORRENS,Female,56-60,0,2,13
6761,CITY OF WEST TORRENS,Female,56-60,0,3,5
6762,CITY OF WEST TORRENS,Female,56-60,0,4,1
6763,CITY OF WEST TORRENS,Female,56-60,0,5,1
6764,CITY OF WEST TORRENS,Female,56-60,1,0,302
6765,CITY OF WEST TORRENS,Female,56-60,1,1,13
6766,CITY OF WEST TORRENS,Female,56-60,1,2,3
6767,CITY OF WEST TORRENS,Female,56-60,2,0,52
6768,CITY OF WEST TORRENS,Female,56-60,2,1,4
6769,CITY OF WEST TORRENS,Female,56-60,2,2,1
6770,CITY OF WEST TORRENS,Female,56-60,2,3,1
6771,CITY OF WEST TORRENS,Female,56-60,3,0,3
6772,CITY OF WEST TORRENS,Female,61-65,0,1,30
6773,CITY OF WEST TORRENS,Female,61-65,0,2,9
6774,CITY OF WEST TORRENS,Female,61-65,0,3,1
6775,CITY OF WEST TORRENS,Female,61-65,0,5,1
6776,CITY OF WEST TORRENS,Female,61-65,1,0,224
6777,CITY OF WEST TORRENS,Female,61-65,1,1,8
6778,CITY OF WEST TORRENS,Female,61-65,1,2,2
6779,CITY OF WEST TORRENS,Female,61-65,2,0,53
6780,CITY OF WEST TORRENS,Female,61-65,2,1,1
6781,CITY OF WEST TORRENS,Female,61-65,2,2,1
6782,CITY OF WEST TORRENS,Female,61-65,3,0,3
6783,CITY OF WEST TORRENS,Female,61-65,3,1,1
6784,CITY OF WEST TORRENS,Female,66-70,0,1,32
6785,CITY OF WEST TORRENS,Female,66-70,0,2,3
6786,CITY OF WEST TORRENS,Female,66-70,0,3,1
6787,CITY OF WEST TORRENS,Female,66-70,1,0,189
6788,CITY OF WEST TORRENS,Female,66-70,1,1,6
6789,CITY OF WEST TORRENS,Female,66-70,1,2,2
6790,CITY OF WEST TORRENS,Female,66-70,2,0,26
6791,CITY OF WEST TORRENS,Female,66-70,3,0,1
6792,CITY OF WEST TORRENS,Female,Unknown,0,1,12
6793,CITY OF WEST TORRENS,Female,Unknown,0,2,2
6794,CITY OF WEST TORRENS,Female,Unknown,0,4,2
6795,CITY OF WEST TORRENS,Female,Unknown,1,0,8
6796,CITY OF WEST TORRENS,Female,Unknown,1,1,1
6797,CITY OF WEST TORRENS,Female,Unknown,2,0,1
6798,CITY OF WEST TORRENS,Male,>70,0,1,25
6799,CITY OF WEST TORRENS,Male,>70,0,2,6
6800,CITY OF WEST TORRENS,Male,>70,0,4,1
6801,CITY OF WEST TORRENS,Male,>70,1,0,178
6802,CITY OF WEST TORRENS,Male,>70,1,1,2
6803,CITY OF WEST TORRENS,Male,>70,1,2,1
6804,CITY OF WEST TORRENS,Male,>70,2,0,20
6805,CITY OF WEST TORRENS,Male,16-20,0,1,3
6806,CITY OF WEST TORRENS,Male,16-20,1,0,1
6807,CITY OF WEST TORRENS,Male,16-20,2,0,1
6808,CITY OF WEST TORRENS,Male,21-25,0,1,24
6809,CITY OF WEST TORRENS,Male,21-25,0,2,7
6810,CITY OF WEST TORRENS,Male,21-25,0,4,1
6811,CITY OF WEST TORRENS,Male,21-25,1,0,53
6812,CITY OF WEST TORRENS,Male,21-25,1,1,1
6813,CITY OF WEST TORRENS,Male,21-25,2,0,1
6814,CITY OF WEST TORRENS,Male,21-25,2,1,1
6815,CITY OF WEST TORRENS,Male,26-30,0,1,44
6816,CITY OF WEST TORRENS,Male,26-30,0,2,10
6817,CITY OF WEST TORRENS,Male,26-30,1,0,138
6818,CITY OF WEST TORRENS,Male,26-30,1,1,6
6819,CITY OF WEST TORRENS,Male,26-30,2,0,12
6820,CITY OF WEST TORRENS,Male,31-35,0,1,33
6821,CITY OF WEST TORRENS,Male,31-35,0,2,14
6822,CITY OF WEST TORRENS,Male,31-35,1,0,196
6823,CITY OF WEST TORRENS,Male,31-35,1,1,1
6824,CITY OF WEST TORRENS,Male,31-35,1,2,1
6825,CITY OF WEST TORRENS,Male,31-35,2,0,19
6826,CITY OF WEST TORRENS,Male,31-35,2,1,1
6827,CITY OF WEST TORRENS,Male,31-35,4,0,1
6828,CITY OF WEST TORRENS,Male,36-40,0,1,33
6829,CITY OF WEST TORRENS,Male,36-40,0,2,10
6830,CITY OF WEST TORRENS,Male,36-40,1,0,210
6831,CITY OF WEST TORRENS,Male,36-40,1,1,7
6832,CITY OF WEST TORRENS,Male,36-40,1,2,1
6833,CITY OF WEST TORRENS,Male,36-40,2,0,30
6834,CITY OF WEST TORRENS,Male,36-40,2,1,2
6835,CITY OF WEST TORRENS,Male,36-40,3,0,2
6836,CITY OF WEST TORRENS,Male,41-45,0,1,27
6837,CITY OF WEST TORRENS,Male,41-45,0,2,3
6838,CITY OF WEST TORRENS,Male,41-45,1,0,201
6839,CITY OF WEST TORRENS,Male,41-45,1,1,6
6840,CITY OF WEST TORRENS,Male,41-45,2,0,23
6841,CITY OF WEST TORRENS,Male,41-45,3,0,1
6842,CITY OF WEST TORRENS,Male,46-50,0,1,20
6843,CITY OF WEST TORRENS,Male,46-50,0,2,5
6844,CITY OF WEST TORRENS,Male,46-50,0,3,1
6845,CITY OF WEST TORRENS,Male,46-50,1,0,188
6846,CITY OF WEST TORRENS,Male,46-50,1,1,3
6847,CITY OF WEST TORRENS,Male,46-50,1,2,1
6848,CITY OF WEST TORRENS,Male,46-50,1,3,1
6849,CITY OF WEST TORRENS,Male,46-50,2,0,23
6850,CITY OF WEST TORRENS,Male,46-50,2,1,3
6851,CITY OF WEST TORRENS,Male,46-50,3,0,2
6852,CITY OF WEST TORRENS,Male,46-50,4,0,1
6853,CITY OF WEST TORRENS,Male,51-55,>5,>5,1
6854,CITY OF WEST TORRENS,Male,51-55,0,1,22
6855,CITY OF WEST TORRENS,Male,51-55,0,2,7
6856,CITY OF WEST TORRENS,Male,51-55,1,0,209
6857,CITY OF WEST TORRENS,Male,51-55,1,1,10
6858,CITY OF WEST TORRENS,Male,51-55,2,0,32
6859,CITY OF WEST TORRENS,Male,51-55,2,1,2
6860,CITY OF WEST TORRENS,Male,51-55,3,0,3
6861,CITY OF WEST TORRENS,Male,51-55,4,0,1
6862,CITY OF WEST TORRENS,Male,56-60,0,1,17
6863,CITY OF WEST TORRENS,Male,56-60,0,2,3
6864,CITY OF WEST TORRENS,Male,56-60,0,4,1
6865,CITY OF WEST TORRENS,Male,56-60,1,0,164
6866,CITY OF WEST TORRENS,Male,56-60,1,1,3
6867,CITY OF WEST TORRENS,Male,56-60,2,0,25
6868,CITY OF WEST TORRENS,Male,56-60,2,1,2
6869,CITY OF WEST TORRENS,Male,61-65,0,1,14
6870,CITY OF WEST TORRENS,Male,61-65,0,2,5
6871,CITY OF WEST TORRENS,Male,61-65,1,0,123
6872,CITY OF WEST TORRENS,Male,61-65,1,1,4
6873,CITY OF WEST TORRENS,Male,61-65,2,0,17
6874,CITY OF WEST TORRENS,Male,61-65,3,0,1
6875,CITY OF WEST TORRENS,Male,61-65,4,0,1
6876,CITY OF WEST TORRENS,Male,66-70,0,>5,1
6877,CITY OF WEST TORRENS,Male,66-70,0,1,9
6878,CITY OF WEST TORRENS,Male,66-70,0,2,2
6879,CITY OF WEST TORRENS,Male,66-70,1,0,111
6880,CITY OF WEST TORRENS,Male,66-70,1,1,1
6881,CITY OF WEST TORRENS,Male,66-70,2,0,14
6882,CITY OF WEST TORRENS,Male,66-70,3,0,1
6883,CITY OF WEST TORRENS,Male,Unknown,0,1,4
6884,CITY OF WEST TORRENS,Male,Unknown,1,0,9
6885,CITY OF WEST TORRENS,Male,Unknown,2,0,2
6886,CITY OF WEST TORRENS,Other,>70,0,1,2
6887,CITY OF WEST TORRENS,Other,>70,1,0,61
6888,CITY OF WEST TORRENS,Other,>70,2,0,5
6889,CITY OF WEST TORRENS,Other,>70,3,0,1
6890,CITY OF WEST TORRENS,Other,16-20,0,1,1
6891,CITY OF WEST TORRENS,Other,26-30,0,1,2
6892,CITY OF WEST TORRENS,Other,26-30,1,0,5
6893,CITY OF WEST TORRENS,Other,26-30,1,3,1
6894,CITY OF WEST TORRENS,Other,26-30,2,0,2
6895,CITY OF WEST TORRENS,Other,31-35,0,1,1
6896,CITY OF WEST TORRENS,Other,31-35,1,0,7
6897,CITY OF WEST TORRENS,Other,31-35,2,0,1
6898,CITY OF WEST TORRENS,Other,31-35,2,2,1
6899,CITY OF WEST TORRENS,Other,36-40,1,0,8
6900,CITY OF WEST TORRENS,Other,36-40,1,1,2
6901,CITY OF WEST TORRENS,Other,36-40,2,0,2
6902,CITY OF WEST TORRENS,Other,41-45,0,1,2
6903,CITY OF WEST TORRENS,Other,41-45,1,0,11
6904,CITY OF WEST TORRENS,Other,41-45,1,1,1
6905,CITY OF WEST TORRENS,Other,41-45,2,0,3
6906,CITY OF WEST TORRENS,Other,41-45,3,0,1
6907,CITY OF WEST TORRENS,Other,46-50,0,1,1
6908,CITY OF WEST TORRENS,Other,46-50,1,0,11
6909,CITY OF WEST TORRENS,Other,46-50,1,1,1
6910,CITY OF WEST TORRENS,Other,46-50,2,0,1
6911,CITY OF WEST TORRENS,Other,51-55,0,1,1
6912,CITY OF WEST TORRENS,Other,51-55,1,0,19
6913,CITY OF WEST TORRENS,Other,51-55,1,1,1
6914,CITY OF WEST TORRENS,Other,56-60,1,0,11
6915,CITY OF WEST TORRENS,Other,56-60,1,1,1
6916,CITY OF WEST TORRENS,Other,56-60,2,0,7
6917,CITY OF WEST TORRENS,Other,56-60,3,0,1
6918,CITY OF WEST TORRENS,Other,61-65,1,0,26
6919,CITY OF WEST TORRENS,Other,61-65,1,2,1
6920,CITY OF WEST TORRENS,Other,61-65,2,0,4
6921,CITY OF WEST TORRENS,Other,66-70,0,1,1
6922,CITY OF WEST TORRENS,Other,66-70,1,0,18
6923,CITY OF WEST TORRENS,Other,66-70,2,0,4
6924,CITY OF WEST TORRENS,Other,Unknown,0,1,1
6925,CITY OF WEST TORRENS,Other,Unknown,1,0,5
6926,CITY OF WEST TORRENS,Other,Unknown,2,0,3
6927,CITY OF WEST TORRENS,SUPPRESSED,Unknown,1,0,10
6928,CITY OF WEST TORRENS,SUPPRESSED,Unknown,2,0,2
6929,CITY OF WEST TORRENS,Unknown,>70,0,1,4
6930,CITY OF WEST TORRENS,Unknown,21-25,0,1,2
6931,CITY OF WEST TORRENS,Unknown,26-30,0,1,5
6932,CITY OF WEST TORRENS,Unknown,26-30,0,2,3
6933,CITY OF WEST TORRENS,Unknown,26-30,1,0,1
6934,CITY OF WEST TORRENS,Unknown,31-35,0,1,6
6935,CITY OF WEST TORRENS,Unknown,31-35,1,0,2
6936,CITY OF WEST TORRENS,Unknown,36-40,0,1,1
6937,CITY OF WEST TORRENS,Unknown,46-50,0,1,1
6938,CITY OF WEST TORRENS,Unknown,51-55,0,1,2
6939,CITY OF WEST TORRENS,Unknown,56-60,0,1,2
6940,CITY OF WEST TORRENS,Unknown,61-65,0,1,2
6941,CITY OF WEST TORRENS,Unknown,66-70,0,1,1
6942,CITY OF WEST TORRENS,Unknown,Unknown,0,>5,1
6943,CITY OF WEST TORRENS,Unknown,Unknown,0,1,255
6944,CITY OF WEST TORRENS,Unknown,Unknown,0,2,33
6945,CITY OF WEST TORRENS,Unknown,Unknown,0,3,2
6946,CITY OF WEST TORRENS,Unknown,Unknown,1,0,7
6947,CLARE AND GILBERT VALLEYS COUNCIL,Female,>70,>5,0,1
6948,CLARE AND GILBERT VALLEYS COUNCIL,Female,>70,0,1,11
6949,CLARE AND GILBERT VALLEYS COUNCIL,Female,>70,0,2,1
6950,CLARE AND GILBERT VALLEYS COUNCIL,Female,>70,0,3,1
6951,CLARE AND GILBERT VALLEYS COUNCIL,Female,>70,0,4,1
6952,CLARE AND GILBERT VALLEYS COUNCIL,Female,>70,1,0,106
6953,CLARE AND GILBERT VALLEYS COUNCIL,Female,>70,1,1,9
6954,CLARE AND GILBERT VALLEYS COUNCIL,Female,>70,1,2,1
6955,CLARE AND GILBERT VALLEYS COUNCIL,Female,>70,2,0,23
6956,CLARE AND GILBERT VALLEYS COUNCIL,Female,>70,2,2,2
6957,CLARE AND GILBERT VALLEYS COUNCIL,Female,>70,3,0,2
6958,CLARE AND GILBERT VALLEYS COUNCIL,Female,>70,3,1,1
6959,CLARE AND GILBERT VALLEYS COUNCIL,Female,>70,4,0,1
6960,CLARE AND GILBERT VALLEYS COUNCIL,Female,>70,5,0,1
6961,CLARE AND GILBERT VALLEYS COUNCIL,Female,16-20,0,1,4
6962,CLARE AND GILBERT VALLEYS COUNCIL,Female,16-20,0,2,1
6963,CLARE AND GILBERT VALLEYS COUNCIL,Female,16-20,1,0,1
6964,CLARE AND GILBERT VALLEYS COUNCIL,Female,16-20,2,0,1
6965,CLARE AND GILBERT VALLEYS COUNCIL,Female,21-25,0,1,5
6966,CLARE AND GILBERT VALLEYS COUNCIL,Female,21-25,0,2,4
6967,CLARE AND GILBERT VALLEYS COUNCIL,Female,21-25,0,3,2
6968,CLARE AND GILBERT VALLEYS COUNCIL,Female,21-25,1,0,25
6969,CLARE AND GILBERT VALLEYS COUNCIL,Female,21-25,1,1,2
6970,CLARE AND GILBERT VALLEYS COUNCIL,Female,21-25,1,2,1
6971,CLARE AND GILBERT VALLEYS COUNCIL,Female,21-25,1,3,1
6972,CLARE AND GILBERT VALLEYS COUNCIL,Female,21-25,2,0,7
6973,CLARE AND GILBERT VALLEYS COUNCIL,Female,21-25,2,2,1
6974,CLARE AND GILBERT VALLEYS COUNCIL,Female,26-30,0,1,5
6975,CLARE AND GILBERT VALLEYS COUNCIL,Female,26-30,0,2,2
6976,CLARE AND GILBERT VALLEYS COUNCIL,Female,26-30,0,3,1
6977,CLARE AND GILBERT VALLEYS COUNCIL,Female,26-30,0,5,1
6978,CLARE AND GILBERT VALLEYS COUNCIL,Female,26-30,1,0,44
6979,CLARE AND GILBERT VALLEYS COUNCIL,Female,26-30,1,1,4
6980,CLARE AND GILBERT VALLEYS COUNCIL,Female,26-30,1,2,1
6981,CLARE AND GILBERT VALLEYS COUNCIL,Female,26-30,1,3,1
6982,CLARE AND GILBERT VALLEYS COUNCIL,Female,26-30,2,0,21
6983,CLARE AND GILBERT VALLEYS COUNCIL,Female,26-30,2,1,3
6984,CLARE AND GILBERT VALLEYS COUNCIL,Female,26-30,3,0,3
6985,CLARE AND GILBERT VALLEYS COUNCIL,Female,31-35,>5,0,1
6986,CLARE AND GILBERT VALLEYS COUNCIL,Female,31-35,>5,2,1
6987,CLARE AND GILBERT VALLEYS COUNCIL,Female,31-35,0,1,6
6988,CLARE AND GILBERT VALLEYS COUNCIL,Female,31-35,0,2,5
6989,CLARE AND GILBERT VALLEYS COUNCIL,Female,31-35,1,0,50
6990,CLARE AND GILBERT VALLEYS COUNCIL,Female,31-35,1,1,5
6991,CLARE AND GILBERT VALLEYS COUNCIL,Female,31-35,1,2,2
6992,CLARE AND GILBERT VALLEYS COUNCIL,Female,31-35,1,3,1
6993,CLARE AND GILBERT VALLEYS COUNCIL,Female,31-35,2,0,15
6994,CLARE AND GILBERT VALLEYS COUNCIL,Female,31-35,2,1,3
6995,CLARE AND GILBERT VALLEYS COUNCIL,Female,31-35,2,3,1
6996,CLARE AND GILBERT VALLEYS COUNCIL,Female,31-35,3,0,2
6997,CLARE AND GILBERT VALLEYS COUNCIL,Female,31-35,3,1,1
6998,CLARE AND GILBERT VALLEYS COUNCIL,Female,36-40,>5,0,1
6999,CLARE AND GILBERT VALLEYS COUNCIL,Female,36-40,0,1,16
7000,CLARE AND GILBERT VALLEYS COUNCIL,Female,36-40,0,2,6
7001,CLARE AND GILBERT VALLEYS COUNCIL,Female,36-40,0,3,1
7002,CLARE AND GILBERT VALLEYS COUNCIL,Female,36-40,1,0,61
7003,CLARE AND GILBERT VALLEYS COUNCIL,Female,36-40,1,1,8
7004,CLARE AND GILBERT VALLEYS COUNCIL,Female,36-40,1,2,3
7005,CLARE AND GILBERT VALLEYS COUNCIL,Female,36-40,2,0,25
7006,CLARE AND GILBERT VALLEYS COUNCIL,Female,36-40,2,1,2
7007,CLARE AND GILBERT VALLEYS COUNCIL,Female,36-40,2,2,3
7008,CLARE AND GILBERT VALLEYS COUNCIL,Female,36-40,3,0,4
7009,CLARE AND GILBERT VALLEYS COUNCIL,Female,36-40,3,2,2
7010,CLARE AND GILBERT VALLEYS COUNCIL,Female,36-40,4,0,2
7011,CLARE AND GILBERT VALLEYS COUNCIL,Female,36-40,4,1,1
7012,CLARE AND GILBERT VALLEYS COUNCIL,Female,36-40,4,3,1
7013,CLARE AND GILBERT VALLEYS COUNCIL,Female,41-45,0,1,8
7014,CLARE AND GILBERT VALLEYS COUNCIL,Female,41-45,0,2,5
7015,CLARE AND GILBERT VALLEYS COUNCIL,Female,41-45,1,0,56
7016,CLARE AND GILBERT VALLEYS COUNCIL,Female,41-45,1,1,6
7017,CLARE AND GILBERT VALLEYS COUNCIL,Female,41-45,1,2,5
7018,CLARE AND GILBERT VALLEYS COUNCIL,Female,41-45,1,3,1
7019,CLARE AND GILBERT VALLEYS COUNCIL,Female,41-45,1,4,1
7020,CLARE AND GILBERT VALLEYS COUNCIL,Female,41-45,2,0,18
7021,CLARE AND GILBERT VALLEYS COUNCIL,Female,41-45,2,1,1
7022,CLARE AND GILBERT VALLEYS COUNCIL,Female,41-45,2,2,3
7023,CLARE AND GILBERT VALLEYS COUNCIL,Female,41-45,3,0,2
7024,CLARE AND GILBERT VALLEYS COUNCIL,Female,41-45,4,0,2
7025,CLARE AND GILBERT VALLEYS COUNCIL,Female,46-50,0,1,9
7026,CLARE AND GILBERT VALLEYS COUNCIL,Female,46-50,0,2,1
7027,CLARE AND GILBERT VALLEYS COUNCIL,Female,46-50,0,4,1
7028,CLARE AND GILBERT VALLEYS COUNCIL,Female,46-50,1,0,57
7029,CLARE AND GILBERT VALLEYS COUNCIL,Female,46-50,1,1,10
7030,CLARE AND GILBERT VALLEYS COUNCIL,Female,46-50,1,2,3
7031,CLARE AND GILBERT VALLEYS COUNCIL,Female,46-50,1,3,1
7032,CLARE AND GILBERT VALLEYS COUNCIL,Female,46-50,1,4,1
7033,CLARE AND GILBERT VALLEYS COUNCIL,Female,46-50,2,0,28
7034,CLARE AND GILBERT VALLEYS COUNCIL,Female,46-50,2,1,5
7035,CLARE AND GILBERT VALLEYS COUNCIL,Female,46-50,2,2,1
7036,CLARE AND GILBERT VALLEYS COUNCIL,Female,46-50,2,3,1
7037,CLARE AND GILBERT VALLEYS COUNCIL,Female,46-50,3,0,7
7038,CLARE AND GILBERT VALLEYS COUNCIL,Female,46-50,4,0,3
7039,CLARE AND GILBERT VALLEYS COUNCIL,Female,51-55,>5,0,2
7040,CLARE AND GILBERT VALLEYS COUNCIL,Female,51-55,0,1,7
7041,CLARE AND GILBERT VALLEYS COUNCIL,Female,51-55,0,2,6
7042,CLARE AND GILBERT VALLEYS COUNCIL,Female,51-55,1,0,76
7043,CLARE AND GILBERT VALLEYS COUNCIL,Female,51-55,1,1,7
7044,CLARE AND GILBERT VALLEYS COUNCIL,Female,51-55,1,2,4
7045,CLARE AND GILBERT VALLEYS COUNCIL,Female,51-55,2,0,29
7046,CLARE AND GILBERT VALLEYS COUNCIL,Female,51-55,2,1,5
7047,CLARE AND GILBERT VALLEYS COUNCIL,Female,51-55,3,0,3
7048,CLARE AND GILBERT VALLEYS COUNCIL,Female,51-55,3,1,3
7049,CLARE AND GILBERT VALLEYS COUNCIL,Female,51-55,4,0,1
7050,CLARE AND GILBERT VALLEYS COUNCIL,Female,56-60,0,1,6
7051,CLARE AND GILBERT VALLEYS COUNCIL,Female,56-60,0,2,6
7052,CLARE AND GILBERT VALLEYS COUNCIL,Female,56-60,1,0,62
7053,CLARE AND GILBERT VALLEYS COUNCIL,Female,56-60,1,1,13
7054,CLARE AND GILBERT VALLEYS COUNCIL,Female,56-60,1,2,2
7055,CLARE AND GILBERT VALLEYS COUNCIL,Female,56-60,1,3,1
7056,CLARE AND GILBERT VALLEYS COUNCIL,Female,56-60,2,0,28
7057,CLARE AND GILBERT VALLEYS COUNCIL,Female,56-60,2,1,2
7058,CLARE AND GILBERT VALLEYS COUNCIL,Female,56-60,2,2,1
7059,CLARE AND GILBERT VALLEYS COUNCIL,Female,56-60,3,0,3
7060,CLARE AND GILBERT VALLEYS COUNCIL,Female,56-60,3,2,1
7061,CLARE AND GILBERT VALLEYS COUNCIL,Female,56-60,4,0,3
7062,CLARE AND GILBERT VALLEYS COUNCIL,Female,56-60,4,1,1
7063,CLARE AND GILBERT VALLEYS COUNCIL,Female,56-60,5,0,1
7064,CLARE AND GILBERT VALLEYS COUNCIL,Female,61-65,>5,0,1
7065,CLARE AND GILBERT VALLEYS COUNCIL,Female,61-65,0,1,18
7066,CLARE AND GILBERT VALLEYS COUNCIL,Female,61-65,0,2,3
7067,CLARE AND GILBERT VALLEYS COUNCIL,Female,61-65,1,0,85
7068,CLARE AND GILBERT VALLEYS COUNCIL,Female,61-65,1,1,6
7069,CLARE AND GILBERT VALLEYS COUNCIL,Female,61-65,1,2,2
7070,CLARE AND GILBERT VALLEYS COUNCIL,Female,61-65,1,3,1
7071,CLARE AND GILBERT VALLEYS COUNCIL,Female,61-65,2,0,20
7072,CLARE AND GILBERT VALLEYS COUNCIL,Female,61-65,2,2,2
7073,CLARE AND GILBERT VALLEYS COUNCIL,Female,61-65,3,0,5
7074,CLARE AND GILBERT VALLEYS COUNCIL,Female,61-65,3,1,2
7075,CLARE AND GILBERT VALLEYS COUNCIL,Female,61-65,4,0,5
7076,CLARE AND GILBERT VALLEYS COUNCIL,Female,66-70,0,1,8
7077,CLARE AND GILBERT VALLEYS COUNCIL,Female,66-70,0,2,2
7078,CLARE AND GILBERT VALLEYS COUNCIL,Female,66-70,1,>5,1
7079,CLARE AND GILBERT VALLEYS COUNCIL,Female,66-70,1,0,61
7080,CLARE AND GILBERT VALLEYS COUNCIL,Female,66-70,1,1,4
7081,CLARE AND GILBERT VALLEYS COUNCIL,Female,66-70,2,0,15
7082,CLARE AND GILBERT VALLEYS COUNCIL,Female,66-70,2,1,1
7083,CLARE AND GILBERT VALLEYS COUNCIL,Female,66-70,2,2,1
7084,CLARE AND GILBERT VALLEYS COUNCIL,Female,66-70,3,0,4
7085,CLARE AND GILBERT VALLEYS COUNCIL,Female,66-70,3,2,1
7086,CLARE AND GILBERT VALLEYS COUNCIL,Female,66-70,4,0,1
7087,CLARE AND GILBERT VALLEYS COUNCIL,Female,Unknown,0,1,3
7088,CLARE AND GILBERT VALLEYS COUNCIL,Female,Unknown,0,2,1
7089,CLARE AND GILBERT VALLEYS COUNCIL,Female,Unknown,1,0,1
7090,CLARE AND GILBERT VALLEYS COUNCIL,Male,>70,0,1,6
7091,CLARE AND GILBERT VALLEYS COUNCIL,Male,>70,1,0,87
7092,CLARE AND GILBERT VALLEYS COUNCIL,Male,>70,2,0,21
7093,CLARE AND GILBERT VALLEYS COUNCIL,Male,>70,2,1,1
7094,CLARE AND GILBERT VALLEYS COUNCIL,Male,>70,2,4,1
7095,CLARE AND GILBERT VALLEYS COUNCIL,Male,>70,3,0,3
7096,CLARE AND GILBERT VALLEYS COUNCIL,Male,>70,4,0,1
7097,CLARE AND GILBERT VALLEYS COUNCIL,Male,16-20,1,0,2
7098,CLARE AND GILBERT VALLEYS COUNCIL,Male,21-25,0,1,1
7099,CLARE AND GILBERT VALLEYS COUNCIL,Male,21-25,0,2,1
7100,CLARE AND GILBERT VALLEYS COUNCIL,Male,21-25,1,0,23
7101,CLARE AND GILBERT VALLEYS COUNCIL,Male,21-25,1,1,1
7102,CLARE AND GILBERT VALLEYS COUNCIL,Male,26-30,>5,0,1
7103,CLARE AND GILBERT VALLEYS COUNCIL,Male,26-30,0,1,2
7104,CLARE AND GILBERT VALLEYS COUNCIL,Male,26-30,0,2,2
7105,CLARE AND GILBERT VALLEYS COUNCIL,Male,26-30,1,0,36
7106,CLARE AND GILBERT VALLEYS COUNCIL,Male,26-30,1,1,1
7107,CLARE AND GILBERT VALLEYS COUNCIL,Male,26-30,2,0,13
7108,CLARE AND GILBERT VALLEYS COUNCIL,Male,26-30,3,0,1
7109,CLARE AND GILBERT VALLEYS COUNCIL,Male,31-35,>5,0,1
7110,CLARE AND GILBERT VALLEYS COUNCIL,Male,31-35,0,1,5
7111,CLARE AND GILBERT VALLEYS COUNCIL,Male,31-35,0,2,2
7112,CLARE AND GILBERT VALLEYS COUNCIL,Male,31-35,1,0,33
7113,CLARE AND GILBERT VALLEYS COUNCIL,Male,31-35,1,1,1
7114,CLARE AND GILBERT VALLEYS COUNCIL,Male,31-35,2,0,6
7115,CLARE AND GILBERT VALLEYS COUNCIL,Male,31-35,3,0,4
7116,CLARE AND GILBERT VALLEYS COUNCIL,Male,36-40,>5,0,1
7117,CLARE AND GILBERT VALLEYS COUNCIL,Male,36-40,0,1,3
7118,CLARE AND GILBERT VALLEYS COUNCIL,Male,36-40,0,2,2
7119,CLARE AND GILBERT VALLEYS COUNCIL,Male,36-40,1,0,45
7120,CLARE AND GILBERT VALLEYS COUNCIL,Male,36-40,1,1,2
7121,CLARE AND GILBERT VALLEYS COUNCIL,Male,36-40,2,0,8
7122,CLARE AND GILBERT VALLEYS COUNCIL,Male,36-40,3,0,1
7123,CLARE AND GILBERT VALLEYS COUNCIL,Male,41-45,0,1,3
7124,CLARE AND GILBERT VALLEYS COUNCIL,Male,41-45,0,2,1
7125,CLARE AND GILBERT VALLEYS COUNCIL,Male,41-45,1,0,31
7126,CLARE AND GILBERT VALLEYS COUNCIL,Male,41-45,1,1,1
7127,CLARE AND GILBERT VALLEYS COUNCIL,Male,41-45,2,0,17
7128,CLARE AND GILBERT VALLEYS COUNCIL,Male,41-45,3,0,6
7129,CLARE AND GILBERT VALLEYS COUNCIL,Male,46-50,>5,0,1
7130,CLARE AND GILBERT VALLEYS COUNCIL,Male,46-50,0,1,4
7131,CLARE AND GILBERT VALLEYS COUNCIL,Male,46-50,0,2,1
7132,CLARE AND GILBERT VALLEYS COUNCIL,Male,46-50,0,4,1
7133,CLARE AND GILBERT VALLEYS COUNCIL,Male,46-50,1,0,35
7134,CLARE AND GILBERT VALLEYS COUNCIL,Male,46-50,1,1,1
7135,CLARE AND GILBERT VALLEYS COUNCIL,Male,46-50,1,2,1
7136,CLARE AND GILBERT VALLEYS COUNCIL,Male,46-50,2,0,9
7137,CLARE AND GILBERT VALLEYS COUNCIL,Male,46-50,3,0,2
7138,CLARE AND GILBERT VALLEYS COUNCIL,Male,46-50,4,0,2
7139,CLARE AND GILBERT VALLEYS COUNCIL,Male,46-50,5,0,1
7140,CLARE AND GILBERT VALLEYS COUNCIL,Male,51-55,0,1,4
7141,CLARE AND GILBERT VALLEYS COUNCIL,Male,51-55,1,0,31
7142,CLARE AND GILBERT VALLEYS COUNCIL,Male,51-55,1,1,2
7143,CLARE AND GILBERT VALLEYS COUNCIL,Male,51-55,2,0,17
7144,CLARE AND GILBERT VALLEYS COUNCIL,Male,51-55,2,1,1
7145,CLARE AND GILBERT VALLEYS COUNCIL,Male,51-55,3,0,5
7146,CLARE AND GILBERT VALLEYS COUNCIL,Male,56-60,0,1,5
7147,CLARE AND GILBERT VALLEYS COUNCIL,Male,56-60,0,2,1
7148,CLARE AND GILBERT VALLEYS COUNCIL,Male,56-60,1,0,43
7149,CLARE AND GILBERT VALLEYS COUNCIL,Male,56-60,1,1,1
7150,CLARE AND GILBERT VALLEYS COUNCIL,Male,56-60,1,2,1
7151,CLARE AND GILBERT VALLEYS COUNCIL,Male,56-60,2,0,13
7152,CLARE AND GILBERT VALLEYS COUNCIL,Male,56-60,3,0,4
7153,CLARE AND GILBERT VALLEYS COUNCIL,Male,56-60,4,0,2
7154,CLARE AND GILBERT VALLEYS COUNCIL,Male,61-65,0,1,1
7155,CLARE AND GILBERT VALLEYS COUNCIL,Male,61-65,1,0,43
7156,CLARE AND GILBERT VALLEYS COUNCIL,Male,61-65,1,1,2
7157,CLARE AND GILBERT VALLEYS COUNCIL,Male,61-65,2,0,7
7158,CLARE AND GILBERT VALLEYS COUNCIL,Male,61-65,3,0,3
7159,CLARE AND GILBERT VALLEYS COUNCIL,Male,61-65,4,0,1
7160,CLARE AND GILBERT VALLEYS COUNCIL,Male,66-70,0,1,1
7161,CLARE AND GILBERT VALLEYS COUNCIL,Male,66-70,1,0,34
7162,CLARE AND GILBERT VALLEYS COUNCIL,Male,66-70,2,0,8
7163,CLARE AND GILBERT VALLEYS COUNCIL,Male,66-70,3,0,1
7164,CLARE AND GILBERT VALLEYS COUNCIL,Male,66-70,5,0,1
7165,CLARE AND GILBERT VALLEYS COUNCIL,Male,Unknown,0,1,3
7166,CLARE AND GILBERT VALLEYS COUNCIL,Male,Unknown,1,0,1
7167,CLARE AND GILBERT VALLEYS COUNCIL,Other,>70,1,0,13
7168,CLARE AND GILBERT VALLEYS COUNCIL,Other,>70,1,1,2
7169,CLARE AND GILBERT VALLEYS COUNCIL,Other,>70,2,0,2
7170,CLARE AND GILBERT VALLEYS COUNCIL,Other,>70,2,4,1
7171,CLARE AND GILBERT VALLEYS COUNCIL,Other,>70,3,0,2
7172,CLARE AND GILBERT VALLEYS COUNCIL,Other,21-25,1,1,1
7173,CLARE AND GILBERT VALLEYS COUNCIL,Other,21-25,5,0,1
7174,CLARE AND GILBERT VALLEYS COUNCIL,Other,26-30,1,0,1
7175,CLARE AND GILBERT VALLEYS COUNCIL,Other,31-35,2,0,1
7176,CLARE AND GILBERT VALLEYS COUNCIL,Other,36-40,1,0,2
7177,CLARE AND GILBERT VALLEYS COUNCIL,Other,36-40,2,0,2
7178,CLARE AND GILBERT VALLEYS COUNCIL,Other,41-45,1,0,2
7179,CLARE AND GILBERT VALLEYS COUNCIL,Other,41-45,1,1,1
7180,CLARE AND GILBERT VALLEYS COUNCIL,Other,41-45,2,0,1
7181,CLARE AND GILBERT VALLEYS COUNCIL,Other,46-50,1,0,2
7182,CLARE AND GILBERT VALLEYS COUNCIL,Other,46-50,2,0,1
7183,CLARE AND GILBERT VALLEYS COUNCIL,Other,46-50,2,2,1
7184,CLARE AND GILBERT VALLEYS COUNCIL,Other,51-55,1,0,2
7185,CLARE AND GILBERT VALLEYS COUNCIL,Other,51-55,2,0,1
7186,CLARE AND GILBERT VALLEYS COUNCIL,Other,51-55,3,1,1
7187,CLARE AND GILBERT VALLEYS COUNCIL,Other,56-60,>5,>5,1
7188,CLARE AND GILBERT VALLEYS COUNCIL,Other,56-60,1,0,6
7189,CLARE AND GILBERT VALLEYS COUNCIL,Other,56-60,2,0,1
7190,CLARE AND GILBERT VALLEYS COUNCIL,Other,56-60,2,1,1
7191,CLARE AND GILBERT VALLEYS COUNCIL,Other,61-65,1,0,5
7192,CLARE AND GILBERT VALLEYS COUNCIL,Other,61-65,2,0,3
7193,CLARE AND GILBERT VALLEYS COUNCIL,Other,66-70,1,0,3
7194,CLARE AND GILBERT VALLEYS COUNCIL,Other,66-70,2,0,3
7195,CLARE AND GILBERT VALLEYS COUNCIL,Other,66-70,3,0,2
7196,CLARE AND GILBERT VALLEYS COUNCIL,Other,Unknown,1,0,4
7197,CLARE AND GILBERT VALLEYS COUNCIL,Unknown,21-25,1,0,1
7198,CLARE AND GILBERT VALLEYS COUNCIL,Unknown,51-55,1,0,1
7199,CLARE AND GILBERT VALLEYS COUNCIL,Unknown,Unknown,0,1,43
7200,CLARE AND GILBERT VALLEYS COUNCIL,Unknown,Unknown,0,2,4
7201,CLARE AND GILBERT VALLEYS COUNCIL,Unknown,Unknown,1,0,10
7202,CLARE AND GILBERT VALLEYS COUNCIL,Unknown,Unknown,1,1,1
7203,COORONG DISTRICT COUNCIL,Female,>70,>5,0,1
7204,COORONG DISTRICT COUNCIL,Female,>70,0,1,9
7205,COORONG DISTRICT COUNCIL,Female,>70,0,2,3
7206,COORONG DISTRICT COUNCIL,Female,>70,0,3,4
7207,COORONG DISTRICT COUNCIL,Female,>70,1,0,56
7208,COORONG DISTRICT COUNCIL,Female,>70,1,1,1
7209,COORONG DISTRICT COUNCIL,Female,>70,1,2,3
7210,COORONG DISTRICT COUNCIL,Female,>70,2,0,12
7211,COORONG DISTRICT COUNCIL,Female,>70,3,0,3
7212,COORONG DISTRICT COUNCIL,Female,>70,4,0,2
7213,COORONG DISTRICT COUNCIL,Female,16-20,0,1,2
7214,COORONG DISTRICT COUNCIL,Female,16-20,0,2,2
7215,COORONG DISTRICT COUNCIL,Female,16-20,1,0,6
7216,COORONG DISTRICT COUNCIL,Female,16-20,2,0,2
7217,COORONG DISTRICT COUNCIL,Female,16-20,2,1,1
7218,COORONG DISTRICT COUNCIL,Female,16-20,3,0,1
7219,COORONG DISTRICT COUNCIL,Female,21-25,>5,0,2
7220,COORONG DISTRICT COUNCIL,Female,21-25,0,1,8
7221,COORONG DISTRICT COUNCIL,Female,21-25,0,2,2
7222,COORONG DISTRICT COUNCIL,Female,21-25,0,3,1
7223,COORONG DISTRICT COUNCIL,Female,21-25,1,0,20
7224,COORONG DISTRICT COUNCIL,Female,21-25,1,1,4
7225,COORONG DISTRICT COUNCIL,Female,21-25,1,2,2
7226,COORONG DISTRICT COUNCIL,Female,21-25,1,3,1
7227,COORONG DISTRICT COUNCIL,Female,21-25,2,0,6
7228,COORONG DISTRICT COUNCIL,Female,21-25,2,1,2
7229,COORONG DISTRICT COUNCIL,Female,21-25,3,0,1
7230,COORONG DISTRICT COUNCIL,Female,21-25,4,>5,1
7231,COORONG DISTRICT COUNCIL,Female,26-30,>5,0,1
7232,COORONG DISTRICT COUNCIL,Female,26-30,0,1,8
7233,COORONG DISTRICT COUNCIL,Female,26-30,0,4,1
7234,COORONG DISTRICT COUNCIL,Female,26-30,1,0,26
7235,COORONG DISTRICT COUNCIL,Female,26-30,1,1,5
7236,COORONG DISTRICT COUNCIL,Female,26-30,1,2,3
7237,COORONG DISTRICT COUNCIL,Female,26-30,1,3,2
7238,COORONG DISTRICT COUNCIL,Female,26-30,2,0,11
7239,COORONG DISTRICT COUNCIL,Female,26-30,2,2,3
7240,COORONG DISTRICT COUNCIL,Female,26-30,3,0,4
7241,COORONG DISTRICT COUNCIL,Female,26-30,3,1,1
7242,COORONG DISTRICT COUNCIL,Female,26-30,4,0,2
7243,COORONG DISTRICT COUNCIL,Female,31-35,0,1,7
7244,COORONG DISTRICT COUNCIL,Female,31-35,0,2,2
7245,COORONG DISTRICT COUNCIL,Female,31-35,1,0,29
7246,COORONG DISTRICT COUNCIL,Female,31-35,1,1,6
7247,COORONG DISTRICT COUNCIL,Female,31-35,1,2,3
7248,COORONG DISTRICT COUNCIL,Female,31-35,1,3,1
7249,COORONG DISTRICT COUNCIL,Female,31-35,2,0,15
7250,COORONG DISTRICT COUNCIL,Female,31-35,2,1,1
7251,COORONG DISTRICT COUNCIL,Female,31-35,2,2,1
7252,COORONG DISTRICT COUNCIL,Female,31-35,2,3,1
7253,COORONG DISTRICT COUNCIL,Female,31-35,3,0,1
7254,COORONG DISTRICT COUNCIL,Female,31-35,3,1,1
7255,COORONG DISTRICT COUNCIL,Female,31-35,4,2,1
7256,COORONG DISTRICT COUNCIL,Female,31-35,5,0,1
7257,COORONG DISTRICT COUNCIL,Female,36-40,0,1,5
7258,COORONG DISTRICT COUNCIL,Female,36-40,0,2,3
7259,COORONG DISTRICT COUNCIL,Female,36-40,0,3,1
7260,COORONG DISTRICT COUNCIL,Female,36-40,1,0,22
7261,COORONG DISTRICT COUNCIL,Female,36-40,1,1,7
7262,COORONG DISTRICT COUNCIL,Female,36-40,1,2,3
7263,COORONG DISTRICT COUNCIL,Female,36-40,1,3,1
7264,COORONG DISTRICT COUNCIL,Female,36-40,2,0,13
7265,COORONG DISTRICT COUNCIL,Female,36-40,2,1,5
7266,COORONG DISTRICT COUNCIL,Female,36-40,2,2,1
7267,COORONG DISTRICT COUNCIL,Female,36-40,2,3,2
7268,COORONG DISTRICT COUNCIL,Female,36-40,3,0,1
7269,COORONG DISTRICT COUNCIL,Female,36-40,3,1,2
7270,COORONG DISTRICT COUNCIL,Female,36-40,3,2,2
7271,COORONG DISTRICT COUNCIL,Female,36-40,4,0,2
7272,COORONG DISTRICT COUNCIL,Female,41-45,>5,0,3
7273,COORONG DISTRICT COUNCIL,Female,41-45,0,>5,1
7274,COORONG DISTRICT COUNCIL,Female,41-45,0,1,7
7275,COORONG DISTRICT COUNCIL,Female,41-45,0,2,6
7276,COORONG DISTRICT COUNCIL,Female,41-45,0,4,1
7277,COORONG DISTRICT COUNCIL,Female,41-45,1,0,19
7278,COORONG DISTRICT COUNCIL,Female,41-45,1,1,7
7279,COORONG DISTRICT COUNCIL,Female,41-45,1,2,2
7280,COORONG DISTRICT COUNCIL,Female,41-45,1,4,1
7281,COORONG DISTRICT COUNCIL,Female,41-45,2,0,8
7282,COORONG DISTRICT COUNCIL,Female,41-45,2,1,2
7283,COORONG DISTRICT COUNCIL,Female,41-45,2,4,1
7284,COORONG DISTRICT COUNCIL,Female,41-45,3,0,3
7285,COORONG DISTRICT COUNCIL,Female,41-45,3,2,1
7286,COORONG DISTRICT COUNCIL,Female,41-45,5,0,1
7287,COORONG DISTRICT COUNCIL,Female,41-45,5,2,1
7288,COORONG DISTRICT COUNCIL,Female,46-50,>5,0,1
7289,COORONG DISTRICT COUNCIL,Female,46-50,>5,2,1
7290,COORONG DISTRICT COUNCIL,Female,46-50,0,1,8
7291,COORONG DISTRICT COUNCIL,Female,46-50,0,2,1
7292,COORONG DISTRICT COUNCIL,Female,46-50,0,3,1
7293,COORONG DISTRICT COUNCIL,Female,46-50,1,0,39
7294,COORONG DISTRICT COUNCIL,Female,46-50,1,1,5
7295,COORONG DISTRICT COUNCIL,Female,46-50,1,2,2
7296,COORONG DISTRICT COUNCIL,Female,46-50,2,0,11
7297,COORONG DISTRICT COUNCIL,Female,46-50,2,2,1
7298,COORONG DISTRICT COUNCIL,Female,46-50,3,0,2
7299,COORONG DISTRICT COUNCIL,Female,46-50,3,1,2
7300,COORONG DISTRICT COUNCIL,Female,46-50,3,2,1
7301,COORONG DISTRICT COUNCIL,Female,46-50,3,5,1
7302,COORONG DISTRICT COUNCIL,Female,46-50,4,0,2
7303,COORONG DISTRICT COUNCIL,Female,46-50,4,1,1
7304,COORONG DISTRICT COUNCIL,Female,46-50,4,2,1
7305,COORONG DISTRICT COUNCIL,Female,51-55,0,1,10
7306,COORONG DISTRICT COUNCIL,Female,51-55,0,2,4
7307,COORONG DISTRICT COUNCIL,Female,51-55,0,4,1
7308,COORONG DISTRICT COUNCIL,Female,51-55,1,0,20
7309,COORONG DISTRICT COUNCIL,Female,51-55,1,1,4
7310,COORONG DISTRICT COUNCIL,Female,51-55,1,2,2
7311,COORONG DISTRICT COUNCIL,Female,51-55,1,3,1
7312,COORONG DISTRICT COUNCIL,Female,51-55,2,0,22
7313,COORONG DISTRICT COUNCIL,Female,51-55,2,1,3
7314,COORONG DISTRICT COUNCIL,Female,51-55,2,2,1
7315,COORONG DISTRICT COUNCIL,Female,51-55,3,0,3
7316,COORONG DISTRICT COUNCIL,Female,51-55,4,0,1
7317,COORONG DISTRICT COUNCIL,Female,51-55,5,0,1
7318,COORONG DISTRICT COUNCIL,Female,56-60,0,>5,2
7319,COORONG DISTRICT COUNCIL,Female,56-60,0,1,9
7320,COORONG DISTRICT COUNCIL,Female,56-60,0,2,7
7321,COORONG DISTRICT COUNCIL,Female,56-60,0,3,2
7322,COORONG DISTRICT COUNCIL,Female,56-60,1,0,34
7323,COORONG DISTRICT COUNCIL,Female,56-60,1,1,5
7324,COORONG DISTRICT COUNCIL,Female,56-60,2,0,14
7325,COORONG DISTRICT COUNCIL,Female,56-60,2,1,2
7326,COORONG DISTRICT COUNCIL,Female,56-60,3,0,2
7327,COORONG DISTRICT COUNCIL,Female,56-60,3,4,1
7328,COORONG DISTRICT COUNCIL,Female,56-60,4,0,4
7329,COORONG DISTRICT COUNCIL,Female,56-60,5,1,1
7330,COORONG DISTRICT COUNCIL,Female,61-65,0,1,12
7331,COORONG DISTRICT COUNCIL,Female,61-65,0,2,3
7332,COORONG DISTRICT COUNCIL,Female,61-65,0,5,1
7333,COORONG DISTRICT COUNCIL,Female,61-65,1,0,47
7334,COORONG DISTRICT COUNCIL,Female,61-65,1,1,5
7335,COORONG DISTRICT COUNCIL,Female,61-65,1,2,1
7336,COORONG DISTRICT COUNCIL,Female,61-65,2,0,12
7337,COORONG DISTRICT COUNCIL,Female,61-65,2,1,1
7338,COORONG DISTRICT COUNCIL,Female,61-65,2,2,2
7339,COORONG DISTRICT COUNCIL,Female,61-65,3,0,2
7340,COORONG DISTRICT COUNCIL,Female,61-65,3,2,1
7341,COORONG DISTRICT COUNCIL,Female,61-65,4,0,1
7342,COORONG DISTRICT COUNCIL,Female,61-65,5,0,1
7343,COORONG DISTRICT COUNCIL,Female,66-70,>5,2,1
7344,COORONG DISTRICT COUNCIL,Female,66-70,0,1,9
7345,COORONG DISTRICT COUNCIL,Female,66-70,0,2,1
7346,COORONG DISTRICT COUNCIL,Female,66-70,0,3,1
7347,COORONG DISTRICT COUNCIL,Female,66-70,1,0,30
7348,COORONG DISTRICT COUNCIL,Female,66-70,1,1,1
7349,COORONG DISTRICT COUNCIL,Female,66-70,1,2,2
7350,COORONG DISTRICT COUNCIL,Female,66-70,1,3,1
7351,COORONG DISTRICT COUNCIL,Female,66-70,2,0,16
7352,COORONG DISTRICT COUNCIL,Female,66-70,2,2,2
7353,COORONG DISTRICT COUNCIL,Female,66-70,2,3,1
7354,COORONG DISTRICT COUNCIL,Female,66-70,3,0,1
7355,COORONG DISTRICT COUNCIL,Female,66-70,3,4,1
7356,COORONG DISTRICT COUNCIL,Female,66-70,4,0,1
7357,COORONG DISTRICT COUNCIL,Female,Unknown,0,1,3
7358,COORONG DISTRICT COUNCIL,Female,Unknown,1,0,3
7359,COORONG DISTRICT COUNCIL,Male,>70,>5,0,1
7360,COORONG DISTRICT COUNCIL,Male,>70,0,1,7
7361,COORONG DISTRICT COUNCIL,Male,>70,0,2,1
7362,COORONG DISTRICT COUNCIL,Male,>70,0,3,2
7363,COORONG DISTRICT COUNCIL,Male,>70,0,4,1
7364,COORONG DISTRICT COUNCIL,Male,>70,1,0,65
7365,COORONG DISTRICT COUNCIL,Male,>70,1,1,4
7366,COORONG DISTRICT COUNCIL,Male,>70,2,0,9
7367,COORONG DISTRICT COUNCIL,Male,>70,2,1,2
7368,COORONG DISTRICT COUNCIL,Male,>70,3,0,3
7369,COORONG DISTRICT COUNCIL,Male,>70,4,0,3
7370,COORONG DISTRICT COUNCIL,Male,16-20,0,1,2
7371,COORONG DISTRICT COUNCIL,Male,16-20,1,0,1
7372,COORONG DISTRICT COUNCIL,Male,16-20,2,0,1
7373,COORONG DISTRICT COUNCIL,Male,21-25,0,1,5
7374,COORONG DISTRICT COUNCIL,Male,21-25,0,3,1
7375,COORONG DISTRICT COUNCIL,Male,21-25,1,0,20
7376,COORONG DISTRICT COUNCIL,Male,21-25,1,1,1
7377,COORONG DISTRICT COUNCIL,Male,21-25,2,0,6
7378,COORONG DISTRICT COUNCIL,Male,21-25,3,0,1
7379,COORONG DISTRICT COUNCIL,Male,26-30,0,1,3
7380,COORONG DISTRICT COUNCIL,Male,26-30,1,0,37
7381,COORONG DISTRICT COUNCIL,Male,26-30,1,1,2
7382,COORONG DISTRICT COUNCIL,Male,26-30,2,0,10
7383,COORONG DISTRICT COUNCIL,Male,26-30,4,0,2
7384,COORONG DISTRICT COUNCIL,Male,31-35,0,1,1
7385,COORONG DISTRICT COUNCIL,Male,31-35,0,2,1
7386,COORONG DISTRICT COUNCIL,Male,31-35,0,3,1
7387,COORONG DISTRICT COUNCIL,Male,31-35,1,0,26
7388,COORONG DISTRICT COUNCIL,Male,31-35,1,1,1
7389,COORONG DISTRICT COUNCIL,Male,31-35,2,0,10
7390,COORONG DISTRICT COUNCIL,Male,31-35,2,1,3
7391,COORONG DISTRICT COUNCIL,Male,31-35,3,0,2
7392,COORONG DISTRICT COUNCIL,Male,36-40,0,1,2
7393,COORONG DISTRICT COUNCIL,Male,36-40,1,0,24
7394,COORONG DISTRICT COUNCIL,Male,36-40,1,1,1
7395,COORONG DISTRICT COUNCIL,Male,36-40,2,0,12
7396,COORONG DISTRICT COUNCIL,Male,36-40,3,0,1
7397,COORONG DISTRICT COUNCIL,Male,41-45,>5,0,2
7398,COORONG DISTRICT COUNCIL,Male,41-45,0,1,2
7399,COORONG DISTRICT COUNCIL,Male,41-45,0,3,1
7400,COORONG DISTRICT COUNCIL,Male,41-45,1,0,27
7401,COORONG DISTRICT COUNCIL,Male,41-45,2,0,7
7402,COORONG DISTRICT COUNCIL,Male,41-45,2,1,1
7403,COORONG DISTRICT COUNCIL,Male,41-45,3,0,5
7404,COORONG DISTRICT COUNCIL,Male,41-45,4,0,2
7405,COORONG DISTRICT COUNCIL,Male,41-45,5,0,1
7406,COORONG DISTRICT COUNCIL,Male,46-50,>5,1,1
7407,COORONG DISTRICT COUNCIL,Male,46-50,0,1,3
7408,COORONG DISTRICT COUNCIL,Male,46-50,1,0,6
7409,COORONG DISTRICT COUNCIL,Male,46-50,1,1,1
7410,COORONG DISTRICT COUNCIL,Male,46-50,2,0,6
7411,COORONG DISTRICT COUNCIL,Male,46-50,2,2,1
7412,COORONG DISTRICT COUNCIL,Male,46-50,3,0,6
7413,COORONG DISTRICT COUNCIL,Male,51-55,>5,0,1
7414,COORONG DISTRICT COUNCIL,Male,51-55,0,1,2
7415,COORONG DISTRICT COUNCIL,Male,51-55,0,2,1
7416,COORONG DISTRICT COUNCIL,Male,51-55,1,0,24
7417,COORONG DISTRICT COUNCIL,Male,51-55,1,1,2
7418,COORONG DISTRICT COUNCIL,Male,51-55,2,0,9
7419,COORONG DISTRICT COUNCIL,Male,51-55,2,3,1
7420,COORONG DISTRICT COUNCIL,Male,51-55,3,0,2
7421,COORONG DISTRICT COUNCIL,Male,51-55,4,0,4
7422,COORONG DISTRICT COUNCIL,Male,51-55,5,1,1
7423,COORONG DISTRICT COUNCIL,Male,56-60,>5,0,2
7424,COORONG DISTRICT COUNCIL,Male,56-60,0,1,1
7425,COORONG DISTRICT COUNCIL,Male,56-60,0,3,1
7426,COORONG DISTRICT COUNCIL,Male,56-60,1,0,24
7427,COORONG DISTRICT COUNCIL,Male,56-60,1,1,1
7428,COORONG DISTRICT COUNCIL,Male,56-60,2,0,6
7429,COORONG DISTRICT COUNCIL,Male,56-60,3,0,6
7430,COORONG DISTRICT COUNCIL,Male,56-60,3,1,2
7431,COORONG DISTRICT COUNCIL,Male,56-60,4,0,2
7432,COORONG DISTRICT COUNCIL,Male,56-60,5,0,2
7433,COORONG DISTRICT COUNCIL,Male,61-65,>5,0,2
7434,COORONG DISTRICT COUNCIL,Male,61-65,0,1,1
7435,COORONG DISTRICT COUNCIL,Male,61-65,0,2,1
7436,COORONG DISTRICT COUNCIL,Male,61-65,0,3,1
7437,COORONG DISTRICT COUNCIL,Male,61-65,1,0,32
7438,COORONG DISTRICT COUNCIL,Male,61-65,2,0,4
7439,COORONG DISTRICT COUNCIL,Male,61-65,3,0,4
7440,COORONG DISTRICT COUNCIL,Male,61-65,4,0,1
7441,COORONG DISTRICT COUNCIL,Male,61-65,5,0,1
7442,COORONG DISTRICT COUNCIL,Male,66-70,>5,0,1
7443,COORONG DISTRICT COUNCIL,Male,66-70,1,0,32
7444,COORONG DISTRICT COUNCIL,Male,66-70,1,1,2
7445,COORONG DISTRICT COUNCIL,Male,66-70,1,2,2
7446,COORONG DISTRICT COUNCIL,Male,66-70,1,3,1
7447,COORONG DISTRICT COUNCIL,Male,66-70,2,0,8
7448,COORONG DISTRICT COUNCIL,Male,66-70,2,2,1
7449,COORONG DISTRICT COUNCIL,Male,66-70,3,0,1
7450,COORONG DISTRICT COUNCIL,Male,66-70,4,5,1
7451,COORONG DISTRICT COUNCIL,Male,Unknown,0,1,4
7452,COORONG DISTRICT COUNCIL,Male,Unknown,1,0,3
7453,COORONG DISTRICT COUNCIL,Other,>70,0,1,2
7454,COORONG DISTRICT COUNCIL,Other,>70,1,0,7
7455,COORONG DISTRICT COUNCIL,Other,>70,2,0,3
7456,COORONG DISTRICT COUNCIL,Other,21-25,3,0,1
7457,COORONG DISTRICT COUNCIL,Other,26-30,2,0,1
7458,COORONG DISTRICT COUNCIL,Other,36-40,1,0,1
7459,COORONG DISTRICT COUNCIL,Other,46-50,1,0,1
7460,COORONG DISTRICT COUNCIL,Other,51-55,1,0,2
7461,COORONG DISTRICT COUNCIL,Other,56-60,1,0,1
7462,COORONG DISTRICT COUNCIL,Other,56-60,1,1,1
7463,COORONG DISTRICT COUNCIL,Other,56-60,2,0,1
7464,COORONG DISTRICT COUNCIL,Other,61-65,1,0,2
7465,COORONG DISTRICT COUNCIL,Other,66-70,0,1,1
7466,COORONG DISTRICT COUNCIL,Other,66-70,1,0,1
7467,COORONG DISTRICT COUNCIL,Other,66-70,2,0,1
7468,COORONG DISTRICT COUNCIL,SUPPRESSED,Unknown,1,0,3
7469,COORONG DISTRICT COUNCIL,SUPPRESSED,Unknown,2,0,1
7470,COORONG DISTRICT COUNCIL,SUPPRESSED,Unknown,2,1,1
7471,COPPER COAST COUNCIL,Female,>70,0,1,40
7472,COPPER COAST COUNCIL,Female,>70,0,2,10
7473,COPPER COAST COUNCIL,Female,>70,0,3,1
7474,COPPER COAST COUNCIL,Female,>70,0,4,1
7475,COPPER COAST COUNCIL,Female,>70,0,5,1
7476,COPPER COAST COUNCIL,Female,>70,1,0,258
7477,COPPER COAST COUNCIL,Female,>70,1,1,17
7478,COPPER COAST COUNCIL,Female,>70,1,2,5
7479,COPPER COAST COUNCIL,Female,>70,1,3,1
7480,COPPER COAST COUNCIL,Female,>70,2,0,32
7481,COPPER COAST COUNCIL,Female,>70,2,2,2
7482,COPPER COAST COUNCIL,Female,>70,3,0,5
7483,COPPER COAST COUNCIL,Female,>70,4,0,1
7484,COPPER COAST COUNCIL,Female,16-20,0,1,6
7485,COPPER COAST COUNCIL,Female,16-20,1,0,11
7486,COPPER COAST COUNCIL,Female,16-20,1,1,4
7487,COPPER COAST COUNCIL,Female,16-20,2,1,1
7488,COPPER COAST COUNCIL,Female,21-25,0,1,21
7489,COPPER COAST COUNCIL,Female,21-25,0,2,14
7490,COPPER COAST COUNCIL,Female,21-25,0,3,1
7491,COPPER COAST COUNCIL,Female,21-25,1,0,45
7492,COPPER COAST COUNCIL,Female,21-25,1,1,6
7493,COPPER COAST COUNCIL,Female,21-25,1,2,4
7494,COPPER COAST COUNCIL,Female,21-25,2,0,3
7495,COPPER COAST COUNCIL,Female,26-30,0,1,20
7496,COPPER COAST COUNCIL,Female,26-30,0,2,10
7497,COPPER COAST COUNCIL,Female,26-30,0,3,3
7498,COPPER COAST COUNCIL,Female,26-30,0,4,1
7499,COPPER COAST COUNCIL,Female,26-30,0,5,1
7500,COPPER COAST COUNCIL,Female,26-30,1,0,64
7501,COPPER COAST COUNCIL,Female,26-30,1,1,5
7502,COPPER COAST COUNCIL,Female,26-30,1,2,3
7503,COPPER COAST COUNCIL,Female,26-30,1,3,1
7504,COPPER COAST COUNCIL,Female,26-30,2,0,20
7505,COPPER COAST COUNCIL,Female,26-30,2,1,4
7506,COPPER COAST COUNCIL,Female,26-30,3,1,1
7507,COPPER COAST COUNCIL,Female,31-35,0,1,17
7508,COPPER COAST COUNCIL,Female,31-35,0,2,6
7509,COPPER COAST COUNCIL,Female,31-35,0,3,1
7510,COPPER COAST COUNCIL,Female,31-35,1,0,77
7511,COPPER COAST COUNCIL,Female,31-35,1,1,17
7512,COPPER COAST COUNCIL,Female,31-35,1,2,3
7513,COPPER COAST COUNCIL,Female,31-35,1,3,1
7514,COPPER COAST COUNCIL,Female,31-35,2,>5,1
7515,COPPER COAST COUNCIL,Female,31-35,2,0,19
7516,COPPER COAST COUNCIL,Female,31-35,2,1,4
7517,COPPER COAST COUNCIL,Female,31-35,2,2,1
7518,COPPER COAST COUNCIL,Female,31-35,3,0,1
7519,COPPER COAST COUNCIL,Female,31-35,3,2,1
7520,COPPER COAST COUNCIL,Female,31-35,4,0,1
7521,COPPER COAST COUNCIL,Female,36-40,0,1,21
7522,COPPER COAST COUNCIL,Female,36-40,0,2,9
7523,COPPER COAST COUNCIL,Female,36-40,1,0,76
7524,COPPER COAST COUNCIL,Female,36-40,1,1,14
7525,COPPER COAST COUNCIL,Female,36-40,1,2,5
7526,COPPER COAST COUNCIL,Female,36-40,2,0,15
7527,COPPER COAST COUNCIL,Female,36-40,2,1,5
7528,COPPER COAST COUNCIL,Female,36-40,3,0,1
7529,COPPER COAST COUNCIL,Female,36-40,4,0,1
7530,COPPER COAST COUNCIL,Female,41-45,0,1,22
7531,COPPER COAST COUNCIL,Female,41-45,0,2,7
7532,COPPER COAST COUNCIL,Female,41-45,0,4,1
7533,COPPER COAST COUNCIL,Female,41-45,0,5,1
7534,COPPER COAST COUNCIL,Female,41-45,1,0,74
7535,COPPER COAST COUNCIL,Female,41-45,1,1,12
7536,COPPER COAST COUNCIL,Female,41-45,1,2,3
7537,COPPER COAST COUNCIL,Female,41-45,1,5,1
7538,COPPER COAST COUNCIL,Female,41-45,2,0,28
7539,COPPER COAST COUNCIL,Female,41-45,2,1,7
7540,COPPER COAST COUNCIL,Female,41-45,3,0,2
7541,COPPER COAST COUNCIL,Female,41-45,3,2,1
7542,COPPER COAST COUNCIL,Female,41-45,4,>5,1
7543,COPPER COAST COUNCIL,Female,46-50,>5,0,1
7544,COPPER COAST COUNCIL,Female,46-50,0,>5,1
7545,COPPER COAST COUNCIL,Female,46-50,0,1,17
7546,COPPER COAST COUNCIL,Female,46-50,0,2,3
7547,COPPER COAST COUNCIL,Female,46-50,0,3,1
7548,COPPER COAST COUNCIL,Female,46-50,1,0,93
7549,COPPER COAST COUNCIL,Female,46-50,1,1,17
7550,COPPER COAST COUNCIL,Female,46-50,1,2,6
7551,COPPER COAST COUNCIL,Female,46-50,1,3,2
7552,COPPER COAST COUNCIL,Female,46-50,2,0,31
7553,COPPER COAST COUNCIL,Female,46-50,2,1,7
7554,COPPER COAST COUNCIL,Female,46-50,2,2,5
7555,COPPER COAST COUNCIL,Female,46-50,2,3,1
7556,COPPER COAST COUNCIL,Female,46-50,2,4,1
7557,COPPER COAST COUNCIL,Female,46-50,3,>5,1
7558,COPPER COAST COUNCIL,Female,46-50,3,0,3
7559,COPPER COAST COUNCIL,Female,46-50,3,2,1
7560,COPPER COAST COUNCIL,Female,46-50,4,0,1
7561,COPPER COAST COUNCIL,Female,51-55,0,1,25
7562,COPPER COAST COUNCIL,Female,51-55,0,2,7
7563,COPPER COAST COUNCIL,Female,51-55,0,3,3
7564,COPPER COAST COUNCIL,Female,51-55,1,0,118
7565,COPPER COAST COUNCIL,Female,51-55,1,1,16
7566,COPPER COAST COUNCIL,Female,51-55,1,2,6
7567,COPPER COAST COUNCIL,Female,51-55,2,0,26
7568,COPPER COAST COUNCIL,Female,51-55,2,1,6
7569,COPPER COAST COUNCIL,Female,51-55,2,2,4
7570,COPPER COAST COUNCIL,Female,51-55,3,0,5
7571,COPPER COAST COUNCIL,Female,51-55,3,1,2
7572,COPPER COAST COUNCIL,Female,56-60,>5,0,2
7573,COPPER COAST COUNCIL,Female,56-60,0,>5,1
7574,COPPER COAST COUNCIL,Female,56-60,0,1,15
7575,COPPER COAST COUNCIL,Female,56-60,0,2,8
7576,COPPER COAST COUNCIL,Female,56-60,0,3,2
7577,COPPER COAST COUNCIL,Female,56-60,1,0,115
7578,COPPER COAST COUNCIL,Female,56-60,1,1,17
7579,COPPER COAST COUNCIL,Female,56-60,1,2,2
7580,COPPER COAST COUNCIL,Female,56-60,2,>5,1
7581,COPPER COAST COUNCIL,Female,56-60,2,0,34
7582,COPPER COAST COUNCIL,Female,56-60,2,1,5
7583,COPPER COAST COUNCIL,Female,56-60,2,2,1
7584,COPPER COAST COUNCIL,Female,56-60,3,0,4
7585,COPPER COAST COUNCIL,Female,56-60,4,0,1
7586,COPPER COAST COUNCIL,Female,56-60,4,2,1
7587,COPPER COAST COUNCIL,Female,56-60,5,0,1
7588,COPPER COAST COUNCIL,Female,61-65,>5,0,1
7589,COPPER COAST COUNCIL,Female,61-65,0,1,21
7590,COPPER COAST COUNCIL,Female,61-65,0,2,8
7591,COPPER COAST COUNCIL,Female,61-65,0,3,2
7592,COPPER COAST COUNCIL,Female,61-65,1,0,128
7593,COPPER COAST COUNCIL,Female,61-65,1,1,4
7594,COPPER COAST COUNCIL,Female,61-65,1,2,3
7595,COPPER COAST COUNCIL,Female,61-65,1,3,1
7596,COPPER COAST COUNCIL,Female,61-65,2,0,38
7597,COPPER COAST COUNCIL,Female,61-65,2,1,1
7598,COPPER COAST COUNCIL,Female,61-65,2,2,1
7599,COPPER COAST COUNCIL,Female,61-65,3,0,2
7600,COPPER COAST COUNCIL,Female,61-65,3,1,1
7601,COPPER COAST COUNCIL,Female,61-65,4,0,4
7602,COPPER COAST COUNCIL,Female,66-70,>5,0,1
7603,COPPER COAST COUNCIL,Female,66-70,0,1,13
7604,COPPER COAST COUNCIL,Female,66-70,0,2,7
7605,COPPER COAST COUNCIL,Female,66-70,0,3,2
7606,COPPER COAST COUNCIL,Female,66-70,1,0,151
7607,COPPER COAST COUNCIL,Female,66-70,1,1,12
7608,COPPER COAST COUNCIL,Female,66-70,1,2,3
7609,COPPER COAST COUNCIL,Female,66-70,2,0,35
7610,COPPER COAST COUNCIL,Female,66-70,2,1,5
7611,COPPER COAST COUNCIL,Female,66-70,2,2,1
7612,COPPER COAST COUNCIL,Female,66-70,3,0,1
7613,COPPER COAST COUNCIL,Female,66-70,3,1,1
7614,COPPER COAST COUNCIL,Female,66-70,3,2,1
7615,COPPER COAST COUNCIL,Female,66-70,4,0,1
7616,COPPER COAST COUNCIL,Female,66-70,5,0,1
7617,COPPER COAST COUNCIL,Female,Unknown,0,1,5
7618,COPPER COAST COUNCIL,Female,Unknown,0,2,3
7619,COPPER COAST COUNCIL,Female,Unknown,1,0,2
7620,COPPER COAST COUNCIL,Male,>70,0,1,14
7621,COPPER COAST COUNCIL,Male,>70,0,2,2
7622,COPPER COAST COUNCIL,Male,>70,1,0,183
7623,COPPER COAST COUNCIL,Male,>70,1,1,7
7624,COPPER COAST COUNCIL,Male,>70,1,2,1
7625,COPPER COAST COUNCIL,Male,>70,1,4,1
7626,COPPER COAST COUNCIL,Male,>70,2,0,28
7627,COPPER COAST COUNCIL,Male,>70,2,2,1
7628,COPPER COAST COUNCIL,Male,>70,3,0,2
7629,COPPER COAST COUNCIL,Male,16-20,0,1,3
7630,COPPER COAST COUNCIL,Male,16-20,1,0,6
7631,COPPER COAST COUNCIL,Male,21-25,0,1,7
7632,COPPER COAST COUNCIL,Male,21-25,0,2,1
7633,COPPER COAST COUNCIL,Male,21-25,1,0,21
7634,COPPER COAST COUNCIL,Male,21-25,1,1,1
7635,COPPER COAST COUNCIL,Male,21-25,2,0,3
7636,COPPER COAST COUNCIL,Male,26-30,0,1,8
7637,COPPER COAST COUNCIL,Male,26-30,0,2,1
7638,COPPER COAST COUNCIL,Male,26-30,1,0,46
7639,COPPER COAST COUNCIL,Male,26-30,1,1,2
7640,COPPER COAST COUNCIL,Male,26-30,2,0,8
7641,COPPER COAST COUNCIL,Male,31-35,0,1,4
7642,COPPER COAST COUNCIL,Male,31-35,0,2,1
7643,COPPER COAST COUNCIL,Male,31-35,0,4,1
7644,COPPER COAST COUNCIL,Male,31-35,1,0,39
7645,COPPER COAST COUNCIL,Male,31-35,1,1,3
7646,COPPER COAST COUNCIL,Male,31-35,2,0,5
7647,COPPER COAST COUNCIL,Male,36-40,0,1,4
7648,COPPER COAST COUNCIL,Male,36-40,0,2,2
7649,COPPER COAST COUNCIL,Male,36-40,1,0,31
7650,COPPER COAST COUNCIL,Male,36-40,2,0,8
7651,COPPER COAST COUNCIL,Male,41-45,0,1,5
7652,COPPER COAST COUNCIL,Male,41-45,0,4,1
7653,COPPER COAST COUNCIL,Male,41-45,1,0,35
7654,COPPER COAST COUNCIL,Male,41-45,1,1,6
7655,COPPER COAST COUNCIL,Male,41-45,1,3,1
7656,COPPER COAST COUNCIL,Male,41-45,2,0,14
7657,COPPER COAST COUNCIL,Male,41-45,2,1,1
7658,COPPER COAST COUNCIL,Male,46-50,0,1,4
7659,COPPER COAST COUNCIL,Male,46-50,0,2,2
7660,COPPER COAST COUNCIL,Male,46-50,1,0,40
7661,COPPER COAST COUNCIL,Male,46-50,1,1,5
7662,COPPER COAST COUNCIL,Male,46-50,2,0,9
7663,COPPER COAST COUNCIL,Male,46-50,2,1,1
7664,COPPER COAST COUNCIL,Male,46-50,2,2,1
7665,COPPER COAST COUNCIL,Male,46-50,3,0,1
7666,COPPER COAST COUNCIL,Male,51-55,0,1,6
7667,COPPER COAST COUNCIL,Male,51-55,0,2,1
7668,COPPER COAST COUNCIL,Male,51-55,0,5,1
7669,COPPER COAST COUNCIL,Male,51-55,1,0,58
7670,COPPER COAST COUNCIL,Male,51-55,1,1,3
7671,COPPER COAST COUNCIL,Male,51-55,1,2,1
7672,COPPER COAST COUNCIL,Male,51-55,1,3,1
7673,COPPER COAST COUNCIL,Male,51-55,2,0,8
7674,COPPER COAST COUNCIL,Male,51-55,2,1,2
7675,COPPER COAST COUNCIL,Male,51-55,3,0,3
7676,COPPER COAST COUNCIL,Male,51-55,3,4,1
7677,COPPER COAST COUNCIL,Male,51-55,4,0,1
7678,COPPER COAST COUNCIL,Male,51-55,5,1,1
7679,COPPER COAST COUNCIL,Male,56-60,>5,0,1
7680,COPPER COAST COUNCIL,Male,56-60,0,1,5
7681,COPPER COAST COUNCIL,Male,56-60,0,2,5
7682,COPPER COAST COUNCIL,Male,56-60,1,0,59
7683,COPPER COAST COUNCIL,Male,56-60,1,1,3
7684,COPPER COAST COUNCIL,Male,56-60,1,2,1
7685,COPPER COAST COUNCIL,Male,56-60,2,0,13
7686,COPPER COAST COUNCIL,Male,56-60,2,1,3
7687,COPPER COAST COUNCIL,Male,56-60,2,2,1
7688,COPPER COAST COUNCIL,Male,56-60,3,0,2
7689,COPPER COAST COUNCIL,Male,56-60,5,0,1
7690,COPPER COAST COUNCIL,Male,61-65,0,1,3
7691,COPPER COAST COUNCIL,Male,61-65,0,2,1
7692,COPPER COAST COUNCIL,Male,61-65,1,0,63
7693,COPPER COAST COUNCIL,Male,61-65,1,1,4
7694,COPPER COAST COUNCIL,Male,61-65,1,2,1
7695,COPPER COAST COUNCIL,Male,61-65,2,>5,2
7696,COPPER COAST COUNCIL,Male,61-65,2,0,19
7697,COPPER COAST COUNCIL,Male,61-65,2,1,2
7698,COPPER COAST COUNCIL,Male,61-65,2,2,1
7699,COPPER COAST COUNCIL,Male,61-65,3,1,2
7700,COPPER COAST COUNCIL,Male,66-70,>5,0,1
7701,COPPER COAST COUNCIL,Male,66-70,0,1,7
7702,COPPER COAST COUNCIL,Male,66-70,0,2,3
7703,COPPER COAST COUNCIL,Male,66-70,1,0,82
7704,COPPER COAST COUNCIL,Male,66-70,1,1,2
7705,COPPER COAST COUNCIL,Male,66-70,2,0,20
7706,COPPER COAST COUNCIL,Male,66-70,3,0,2
7707,COPPER COAST COUNCIL,Male,Unknown,0,1,1
7708,COPPER COAST COUNCIL,Male,Unknown,0,2,2
7709,COPPER COAST COUNCIL,Male,Unknown,1,0,1
7710,COPPER COAST COUNCIL,Other,>70,1,0,22
7711,COPPER COAST COUNCIL,Other,>70,1,1,1
7712,COPPER COAST COUNCIL,Other,>70,1,2,1
7713,COPPER COAST COUNCIL,Other,>70,2,0,4
7714,COPPER COAST COUNCIL,Other,>70,3,0,1
7715,COPPER COAST COUNCIL,Other,16-20,0,1,1
7716,COPPER COAST COUNCIL,Other,26-30,1,0,1
7717,COPPER COAST COUNCIL,Other,26-30,2,0,1
7718,COPPER COAST COUNCIL,Other,31-35,1,0,2
7719,COPPER COAST COUNCIL,Other,36-40,1,0,2
7720,COPPER COAST COUNCIL,Other,41-45,0,1,1
7721,COPPER COAST COUNCIL,Other,41-45,1,0,3
7722,COPPER COAST COUNCIL,Other,41-45,2,2,1
7723,COPPER COAST COUNCIL,Other,46-50,0,1,1
7724,COPPER COAST COUNCIL,Other,46-50,0,3,1
7725,COPPER COAST COUNCIL,Other,46-50,1,0,2
7726,COPPER COAST COUNCIL,Other,46-50,1,1,1
7727,COPPER COAST COUNCIL,Other,46-50,2,0,2
7728,COPPER COAST COUNCIL,Other,51-55,0,2,1
7729,COPPER COAST COUNCIL,Other,51-55,1,0,4
7730,COPPER COAST COUNCIL,Other,51-55,2,0,1
7731,COPPER COAST COUNCIL,Other,51-55,3,0,1
7732,COPPER COAST COUNCIL,Other,56-60,0,1,1
7733,COPPER COAST COUNCIL,Other,56-60,1,0,11
7734,COPPER COAST COUNCIL,Other,56-60,1,1,1
7735,COPPER COAST COUNCIL,Other,56-60,2,0,3
7736,COPPER COAST COUNCIL,Other,56-60,3,0,1
7737,COPPER COAST COUNCIL,Other,61-65,0,1,2
7738,COPPER COAST COUNCIL,Other,61-65,0,2,1
7739,COPPER COAST COUNCIL,Other,61-65,1,0,11
7740,COPPER COAST COUNCIL,Other,61-65,2,0,5
7741,COPPER COAST COUNCIL,Other,61-65,3,0,1
7742,COPPER COAST COUNCIL,Other,66-70,0,2,1
7743,COPPER COAST COUNCIL,Other,66-70,1,0,12
7744,COPPER COAST COUNCIL,Other,66-70,1,2,1
7745,COPPER COAST COUNCIL,Other,66-70,2,0,2
7746,COPPER COAST COUNCIL,Other,66-70,4,0,1
7747,COPPER COAST COUNCIL,Other,Unknown,1,0,1
7748,COPPER COAST COUNCIL,SUPPRESSED,Unknown,2,0,1
7749,COPPER COAST COUNCIL,Unknown,>70,0,1,4
7750,COPPER COAST COUNCIL,Unknown,16-20,0,1,1
7751,COPPER COAST COUNCIL,Unknown,21-25,0,1,2
7752,COPPER COAST COUNCIL,Unknown,26-30,0,1,3
7753,COPPER COAST COUNCIL,Unknown,26-30,1,0,1
7754,COPPER COAST COUNCIL,Unknown,31-35,0,1,3
7755,COPPER COAST COUNCIL,Unknown,31-35,0,2,1
7756,COPPER COAST COUNCIL,Unknown,36-40,0,1,3
7757,COPPER COAST COUNCIL,Unknown,36-40,0,3,1
7758,COPPER COAST COUNCIL,Unknown,41-45,0,1,5
7759,COPPER COAST COUNCIL,Unknown,41-45,0,2,1
7760,COPPER COAST COUNCIL,Unknown,46-50,0,1,1
7761,COPPER COAST COUNCIL,Unknown,46-50,0,2,1
7762,COPPER COAST COUNCIL,Unknown,51-55,0,1,2
7763,COPPER COAST COUNCIL,Unknown,51-55,0,2,2
7764,COPPER COAST COUNCIL,Unknown,56-60,0,1,4
7765,COPPER COAST COUNCIL,Unknown,56-60,0,2,1
7766,COPPER COAST COUNCIL,Unknown,61-65,0,1,3
7767,COPPER COAST COUNCIL,Unknown,61-65,0,2,1
7768,COPPER COAST COUNCIL,Unknown,66-70,0,1,1
7769,COPPER COAST COUNCIL,Unknown,Unknown,0,1,48
7770,COPPER COAST COUNCIL,Unknown,Unknown,0,2,14
7771,COPPER COAST COUNCIL,Unknown,Unknown,1,0,8
7772,DC OF ELLISTON,Female,>70,0,1,3
7773,DC OF ELLISTON,Female,>70,0,2,1
7774,DC OF ELLISTON,Female,>70,0,4,1
7775,DC OF ELLISTON,Female,>70,1,0,3
7776,DC OF ELLISTON,Female,>70,1,1,1
7777,DC OF ELLISTON,Female,16-20,0,1,1
7778,DC OF ELLISTON,Female,16-20,0,3,1
7779,DC OF ELLISTON,Female,16-20,1,0,3
7780,DC OF ELLISTON,Female,21-25,0,1,1
7781,DC OF ELLISTON,Female,21-25,1,0,4
7782,DC OF ELLISTON,Female,21-25,2,0,4
7783,DC OF ELLISTON,Female,26-30,1,0,5
7784,DC OF ELLISTON,Female,26-30,2,0,2
7785,DC OF ELLISTON,Female,31-35,1,0,7
7786,DC OF ELLISTON,Female,31-35,1,2,1
7787,DC OF ELLISTON,Female,31-35,2,0,1
7788,DC OF ELLISTON,Female,31-35,2,2,1
7789,DC OF ELLISTON,Female,36-40,>5,0,1
7790,DC OF ELLISTON,Female,36-40,1,0,7
7791,DC OF ELLISTON,Female,36-40,1,1,2
7792,DC OF ELLISTON,Female,36-40,2,2,1
7793,DC OF ELLISTON,Female,36-40,3,1,1
7794,DC OF ELLISTON,Female,36-40,4,0,1
7795,DC OF ELLISTON,Female,41-45,0,>5,1
7796,DC OF ELLISTON,Female,41-45,0,1,3
7797,DC OF ELLISTON,Female,41-45,0,2,1
7798,DC OF ELLISTON,Female,41-45,1,0,7
7799,DC OF ELLISTON,Female,41-45,1,1,1
7800,DC OF ELLISTON,Female,41-45,2,0,1
7801,DC OF ELLISTON,Female,46-50,0,3,1
7802,DC OF ELLISTON,Female,46-50,1,0,7
7803,DC OF ELLISTON,Female,46-50,2,0,1
7804,DC OF ELLISTON,Female,46-50,3,0,1
7805,DC OF ELLISTON,Female,51-55,0,1,1
7806,DC OF ELLISTON,Female,51-55,0,2,1
7807,DC OF ELLISTON,Female,51-55,1,0,7
7808,DC OF ELLISTON,Female,51-55,1,1,3
7809,DC OF ELLISTON,Female,51-55,2,0,2
7810,DC OF ELLISTON,Female,56-60,0,1,2
7811,DC OF ELLISTON,Female,56-60,1,0,7
7812,DC OF ELLISTON,Female,56-60,3,0,1
7813,DC OF ELLISTON,Female,56-60,3,2,1
7814,DC OF ELLISTON,Female,61-65,1,0,12
7815,DC OF ELLISTON,Female,61-65,2,0,5
7816,DC OF ELLISTON,Female,61-65,2,1,1
7817,DC OF ELLISTON,Female,66-70,1,0,8
7818,DC OF ELLISTON,Female,Unknown,0,1,1
7819,DC OF ELLISTON,Male,>70,0,1,1
7820,DC OF ELLISTON,Male,>70,1,0,9
7821,DC OF ELLISTON,Male,>70,2,0,3
7822,DC OF ELLISTON,Male,>70,4,0,1
7823,DC OF ELLISTON,Male,16-20,1,0,1
7824,DC OF ELLISTON,Male,21-25,0,1,2
7825,DC OF ELLISTON,Male,21-25,1,0,4
7826,DC OF ELLISTON,Male,21-25,2,0,1
7827,DC OF ELLISTON,Male,26-30,0,1,1
7828,DC OF ELLISTON,Male,26-30,1,0,5
7829,DC OF ELLISTON,Male,26-30,1,1,1
7830,DC OF ELLISTON,Male,26-30,2,0,1
7831,DC OF ELLISTON,Male,31-35,1,0,5
7832,DC OF ELLISTON,Male,31-35,2,0,1
7833,DC OF ELLISTON,Male,31-35,4,0,1
7834,DC OF ELLISTON,Male,36-40,0,1,2
7835,DC OF ELLISTON,Male,36-40,1,0,4
7836,DC OF ELLISTON,Male,36-40,3,0,1
7837,DC OF ELLISTON,Male,41-45,>5,0,1
7838,DC OF ELLISTON,Male,41-45,0,1,1
7839,DC OF ELLISTON,Male,41-45,1,0,5
7840,DC OF ELLISTON,Male,41-45,1,1,1
7841,DC OF ELLISTON,Male,41-45,2,0,2
7842,DC OF ELLISTON,Male,46-50,1,0,7
7843,DC OF ELLISTON,Male,46-50,2,0,1
7844,DC OF ELLISTON,Male,46-50,3,0,2
7845,DC OF ELLISTON,Male,46-50,5,0,1
7846,DC OF ELLISTON,Male,51-55,1,0,4
7847,DC OF ELLISTON,Male,51-55,2,0,5
7848,DC OF ELLISTON,Male,51-55,2,1,1
7849,DC OF ELLISTON,Male,51-55,3,0,1
7850,DC OF ELLISTON,Male,51-55,5,0,1
7851,DC OF ELLISTON,Male,56-60,1,0,10
7852,DC OF ELLISTON,Male,56-60,1,1,1
7853,DC OF ELLISTON,Male,56-60,2,0,1
7854,DC OF ELLISTON,Male,56-60,2,1,1
7855,DC OF ELLISTON,Male,56-60,3,0,1
7856,DC OF ELLISTON,Male,61-65,1,0,9
7857,DC OF ELLISTON,Male,61-65,1,1,2
7858,DC OF ELLISTON,Male,61-65,2,0,2
7859,DC OF ELLISTON,Male,61-65,3,0,2
7860,DC OF ELLISTON,Male,66-70,0,1,1
7861,DC OF ELLISTON,Male,66-70,1,0,6
7862,DC OF ELLISTON,Male,66-70,2,0,2
7863,DC OF ELLISTON,Male,66-70,3,0,1
7864,DC OF ELLISTON,Other,>70,1,0,2
7865,DC OF ELLISTON,Other,>70,2,0,1
7866,DC OF ELLISTON,Other,31-35,1,0,2
7867,DC OF ELLISTON,Other,31-35,1,3,1
7868,DC OF ELLISTON,Other,36-40,0,1,1
7869,DC OF ELLISTON,Other,41-45,1,0,1
7870,DC OF ELLISTON,Other,46-50,1,0,2
7871,DC OF ELLISTON,Other,51-55,1,0,1
7872,DC OF ELLISTON,Other,56-60,2,0,1
7873,DC OF ELLISTON,Other,61-65,1,0,1
7874,DC OF ELLISTON,Other,61-65,2,0,1
7875,DC OF ELLISTON,Other,66-70,1,0,1
7876,DC OF ELLISTON,Other,66-70,2,0,1
7877,DC OF ELLISTON,Other,Unknown,1,0,1
7878,DC OF ROBE,Female,>70,0,1,2
7879,DC OF ROBE,Female,>70,1,0,21
7880,DC OF ROBE,Female,>70,2,0,5
7881,DC OF ROBE,Female,>70,2,2,1
7882,DC OF ROBE,Female,16-20,1,0,1
7883,DC OF ROBE,Female,21-25,0,1,2
7884,DC OF ROBE,Female,21-25,0,2,1
7885,DC OF ROBE,Female,21-25,1,0,6
7886,DC OF ROBE,Female,26-30,1,0,7
7887,DC OF ROBE,Female,26-30,1,1,1
7888,DC OF ROBE,Female,26-30,2,0,4
7889,DC OF ROBE,Female,26-30,4,0,1
7890,DC OF ROBE,Female,31-35,>5,0,1
7891,DC OF ROBE,Female,31-35,0,2,1
7892,DC OF ROBE,Female,31-35,1,0,16
7893,DC OF ROBE,Female,31-35,2,0,3
7894,DC OF ROBE,Female,36-40,0,1,2
7895,DC OF ROBE,Female,36-40,1,0,18
7896,DC OF ROBE,Female,36-40,2,0,3
7897,DC OF ROBE,Female,41-45,0,1,1
7898,DC OF ROBE,Female,41-45,0,2,1
7899,DC OF ROBE,Female,41-45,1,0,11
7900,DC OF ROBE,Female,41-45,1,1,1
7901,DC OF ROBE,Female,41-45,2,0,2
7902,DC OF ROBE,Female,41-45,2,1,1
7903,DC OF ROBE,Female,41-45,2,2,1
7904,DC OF ROBE,Female,41-45,3,0,1
7905,DC OF ROBE,Female,46-50,0,1,2
7906,DC OF ROBE,Female,46-50,0,2,1
7907,DC OF ROBE,Female,46-50,1,0,10
7908,DC OF ROBE,Female,46-50,1,1,2
7909,DC OF ROBE,Female,46-50,2,0,5
7910,DC OF ROBE,Female,51-55,>5,0,1
7911,DC OF ROBE,Female,51-55,0,1,4
7912,DC OF ROBE,Female,51-55,1,0,13
7913,DC OF ROBE,Female,51-55,1,1,1
7914,DC OF ROBE,Female,51-55,2,0,2
7915,DC OF ROBE,Female,51-55,2,1,1
7916,DC OF ROBE,Female,51-55,3,0,1
7917,DC OF ROBE,Female,56-60,0,1,1
7918,DC OF ROBE,Female,56-60,1,0,14
7919,DC OF ROBE,Female,56-60,1,2,1
7920,DC OF ROBE,Female,56-60,2,0,10
7921,DC OF ROBE,Female,56-60,3,0,3
7922,DC OF ROBE,Female,61-65,1,0,11
7923,DC OF ROBE,Female,61-65,1,1,1
7924,DC OF ROBE,Female,61-65,2,0,3
7925,DC OF ROBE,Female,66-70,1,0,11
7926,DC OF ROBE,Female,66-70,2,0,5
7927,DC OF ROBE,Female,66-70,2,1,1
7928,DC OF ROBE,Female,66-70,3,0,1
7929,DC OF ROBE,Female,Unknown,0,1,1
7930,DC OF ROBE,Male,>70,0,1,3
7931,DC OF ROBE,Male,>70,1,0,15
7932,DC OF ROBE,Male,>70,2,0,8
7933,DC OF ROBE,Male,16-20,1,0,1
7934,DC OF ROBE,Male,21-25,1,0,2
7935,DC OF ROBE,Male,21-25,3,0,1
7936,DC OF ROBE,Male,26-30,0,1,1
7937,DC OF ROBE,Male,26-30,1,0,10
7938,DC OF ROBE,Male,26-30,2,0,1
7939,DC OF ROBE,Male,31-35,0,3,1
7940,DC OF ROBE,Male,31-35,1,0,9
7941,DC OF ROBE,Male,31-35,2,0,3
7942,DC OF ROBE,Male,36-40,1,0,7
7943,DC OF ROBE,Male,36-40,2,0,3
7944,DC OF ROBE,Male,36-40,3,0,1
7945,DC OF ROBE,Male,41-45,1,0,3
7946,DC OF ROBE,Male,41-45,1,1,1
7947,DC OF ROBE,Male,41-45,2,0,3
7948,DC OF ROBE,Male,46-50,1,0,4
7949,DC OF ROBE,Male,46-50,1,1,1
7950,DC OF ROBE,Male,46-50,2,0,1
7951,DC OF ROBE,Male,51-55,0,1,1
7952,DC OF ROBE,Male,51-55,1,0,15
7953,DC OF ROBE,Male,51-55,2,0,5
7954,DC OF ROBE,Male,51-55,4,0,1
7955,DC OF ROBE,Male,51-55,5,0,1
7956,DC OF ROBE,Male,56-60,0,1,1
7957,DC OF ROBE,Male,56-60,1,0,12
7958,DC OF ROBE,Male,56-60,1,2,1
7959,DC OF ROBE,Male,56-60,2,1,1
7960,DC OF ROBE,Male,61-65,1,0,16
7961,DC OF ROBE,Male,61-65,2,0,5
7962,DC OF ROBE,Male,66-70,>5,0,1
7963,DC OF ROBE,Male,66-70,1,0,11
7964,DC OF ROBE,Male,66-70,2,0,2
7965,DC OF ROBE,Male,Unknown,0,1,1
7966,DC OF ROBE,Male,Unknown,1,0,1
7967,DC OF ROBE,Other,>70,1,0,2
7968,DC OF ROBE,Other,>70,2,0,1
7969,DC OF ROBE,Other,51-55,1,0,2
7970,DC OF ROBE,Other,61-65,1,0,1
7971,DC OF ROBE,Unknown,41-45,1,0,1
7972,DISTRICT COUNCIL OF CLEVE,Female,>70,0,1,3
7973,DISTRICT COUNCIL OF CLEVE,Female,>70,1,0,13
7974,DISTRICT COUNCIL OF CLEVE,Female,>70,1,2,2
7975,DISTRICT COUNCIL OF CLEVE,Female,>70,2,1,1
7976,DISTRICT COUNCIL OF CLEVE,Female,21-25,0,1,2
7977,DISTRICT COUNCIL OF CLEVE,Female,21-25,0,2,1
7978,DISTRICT COUNCIL OF CLEVE,Female,21-25,0,3,1
7979,DISTRICT COUNCIL OF CLEVE,Female,21-25,1,0,6
7980,DISTRICT COUNCIL OF CLEVE,Female,21-25,1,2,1
7981,DISTRICT COUNCIL OF CLEVE,Female,21-25,2,0,1
7982,DISTRICT COUNCIL OF CLEVE,Female,26-30,0,1,1
7983,DISTRICT COUNCIL OF CLEVE,Female,26-30,0,2,2
7984,DISTRICT COUNCIL OF CLEVE,Female,26-30,1,0,9
7985,DISTRICT COUNCIL OF CLEVE,Female,26-30,2,0,1
7986,DISTRICT COUNCIL OF CLEVE,Female,26-30,2,2,1
7987,DISTRICT COUNCIL OF CLEVE,Female,31-35,>5,0,1
7988,DISTRICT COUNCIL OF CLEVE,Female,31-35,0,1,2
7989,DISTRICT COUNCIL OF CLEVE,Female,31-35,1,0,5
7990,DISTRICT COUNCIL OF CLEVE,Female,31-35,1,2,1
7991,DISTRICT COUNCIL OF CLEVE,Female,31-35,2,0,3
7992,DISTRICT COUNCIL OF CLEVE,Female,31-35,2,1,1
7993,DISTRICT COUNCIL OF CLEVE,Female,31-35,2,2,2
7994,DISTRICT COUNCIL OF CLEVE,Female,31-35,3,0,1
7995,DISTRICT COUNCIL OF CLEVE,Female,36-40,0,1,3
7996,DISTRICT COUNCIL OF CLEVE,Female,36-40,1,0,6
7997,DISTRICT COUNCIL OF CLEVE,Female,36-40,1,1,1
7998,DISTRICT COUNCIL OF CLEVE,Female,36-40,2,0,5
7999,DISTRICT COUNCIL OF CLEVE,Female,36-40,2,1,4
8000,DISTRICT COUNCIL OF CLEVE,Female,41-45,0,1,2
8001,DISTRICT COUNCIL OF CLEVE,Female,41-45,1,0,7
8002,DISTRICT COUNCIL OF CLEVE,Female,41-45,1,1,1
8003,DISTRICT COUNCIL OF CLEVE,Female,41-45,2,0,1
8004,DISTRICT COUNCIL OF CLEVE,Female,41-45,3,2,2
8005,DISTRICT COUNCIL OF CLEVE,Female,46-50,0,1,3
8006,DISTRICT COUNCIL OF CLEVE,Female,46-50,0,2,2
8007,DISTRICT COUNCIL OF CLEVE,Female,46-50,1,0,5
8008,DISTRICT COUNCIL OF CLEVE,Female,46-50,1,1,2
8009,DISTRICT COUNCIL OF CLEVE,Female,46-50,2,0,2
8010,DISTRICT COUNCIL OF CLEVE,Female,46-50,2,1,1
8011,DISTRICT COUNCIL OF CLEVE,Female,51-55,0,1,1
8012,DISTRICT COUNCIL OF CLEVE,Female,51-55,0,2,2
8013,DISTRICT COUNCIL OF CLEVE,Female,51-55,1,0,10
8014,DISTRICT COUNCIL OF CLEVE,Female,51-55,1,1,2
8015,DISTRICT COUNCIL OF CLEVE,Female,51-55,1,2,1
8016,DISTRICT COUNCIL OF CLEVE,Female,51-55,2,0,4
8017,DISTRICT COUNCIL OF CLEVE,Female,51-55,2,2,1
8018,DISTRICT COUNCIL OF CLEVE,Female,51-55,3,0,1
8019,DISTRICT COUNCIL OF CLEVE,Female,51-55,5,0,1
8020,DISTRICT COUNCIL OF CLEVE,Female,56-60,0,1,4
8021,DISTRICT COUNCIL OF CLEVE,Female,56-60,1,0,6
8022,DISTRICT COUNCIL OF CLEVE,Female,56-60,1,1,1
8023,DISTRICT COUNCIL OF CLEVE,Female,56-60,2,0,4
8024,DISTRICT COUNCIL OF CLEVE,Female,56-60,3,3,1
8025,DISTRICT COUNCIL OF CLEVE,Female,56-60,4,0,1
8026,DISTRICT COUNCIL OF CLEVE,Female,61-65,>5,0,1
8027,DISTRICT COUNCIL OF CLEVE,Female,61-65,1,0,14
8028,DISTRICT COUNCIL OF CLEVE,Female,61-65,1,1,3
8029,DISTRICT COUNCIL OF CLEVE,Female,61-65,2,0,1
8030,DISTRICT COUNCIL OF CLEVE,Female,61-65,2,2,1
8031,DISTRICT COUNCIL OF CLEVE,Female,61-65,4,0,1
8032,DISTRICT COUNCIL OF CLEVE,Female,66-70,0,1,1
8033,DISTRICT COUNCIL OF CLEVE,Female,66-70,1,0,8
8034,DISTRICT COUNCIL OF CLEVE,Female,66-70,2,0,2
8035,DISTRICT COUNCIL OF CLEVE,Female,Unknown,1,0,1
8036,DISTRICT COUNCIL OF CLEVE,Male,>70,0,1,1
8037,DISTRICT COUNCIL OF CLEVE,Male,>70,1,0,12
8038,DISTRICT COUNCIL OF CLEVE,Male,>70,2,0,2
8039,DISTRICT COUNCIL OF CLEVE,Male,>70,2,2,1
8040,DISTRICT COUNCIL OF CLEVE,Male,16-20,1,0,1
8041,DISTRICT COUNCIL OF CLEVE,Male,21-25,0,1,2
8042,DISTRICT COUNCIL OF CLEVE,Male,21-25,0,2,1
8043,DISTRICT COUNCIL OF CLEVE,Male,21-25,1,0,5
8044,DISTRICT COUNCIL OF CLEVE,Male,21-25,2,0,1
8045,DISTRICT COUNCIL OF CLEVE,Male,26-30,1,0,3
8046,DISTRICT COUNCIL OF CLEVE,Male,26-30,2,0,1
8047,DISTRICT COUNCIL OF CLEVE,Male,26-30,3,0,1
8048,DISTRICT COUNCIL OF CLEVE,Male,31-35,0,1,1
8049,DISTRICT COUNCIL OF CLEVE,Male,31-35,1,0,9
8050,DISTRICT COUNCIL OF CLEVE,Male,31-35,3,0,1
8051,DISTRICT COUNCIL OF CLEVE,Male,36-40,0,1,2
8052,DISTRICT COUNCIL OF CLEVE,Male,36-40,1,0,4
8053,DISTRICT COUNCIL OF CLEVE,Male,36-40,2,0,2
8054,DISTRICT COUNCIL OF CLEVE,Male,36-40,3,0,1
8055,DISTRICT COUNCIL OF CLEVE,Male,41-45,0,1,1
8056,DISTRICT COUNCIL OF CLEVE,Male,41-45,1,0,7
8057,DISTRICT COUNCIL OF CLEVE,Male,41-45,2,0,2
8058,DISTRICT COUNCIL OF CLEVE,Male,41-45,2,1,1
8059,DISTRICT COUNCIL OF CLEVE,Male,46-50,0,1,2
8060,DISTRICT COUNCIL OF CLEVE,Male,46-50,1,0,5
8061,DISTRICT COUNCIL OF CLEVE,Male,46-50,1,1,1
8062,DISTRICT COUNCIL OF CLEVE,Male,46-50,2,0,4
8063,DISTRICT COUNCIL OF CLEVE,Male,46-50,4,0,1
8064,DISTRICT COUNCIL OF CLEVE,Male,51-55,0,1,1
8065,DISTRICT COUNCIL OF CLEVE,Male,51-55,1,0,1
8066,DISTRICT COUNCIL OF CLEVE,Male,51-55,3,0,1
8067,DISTRICT COUNCIL OF CLEVE,Male,51-55,4,0,1
8068,DISTRICT COUNCIL OF CLEVE,Male,56-60,0,3,1
8069,DISTRICT COUNCIL OF CLEVE,Male,56-60,1,0,5
8070,DISTRICT COUNCIL OF CLEVE,Male,56-60,2,0,2
8071,DISTRICT COUNCIL OF CLEVE,Male,56-60,2,1,1
8072,DISTRICT COUNCIL OF CLEVE,Male,56-60,3,0,2
8073,DISTRICT COUNCIL OF CLEVE,Male,61-65,>5,0,1
8074,DISTRICT COUNCIL OF CLEVE,Male,61-65,1,0,11
8075,DISTRICT COUNCIL OF CLEVE,Male,61-65,2,0,3
8076,DISTRICT COUNCIL OF CLEVE,Male,66-70,0,1,1
8077,DISTRICT COUNCIL OF CLEVE,Male,66-70,1,0,4
8078,DISTRICT COUNCIL OF CLEVE,Male,66-70,1,2,1
8079,DISTRICT COUNCIL OF CLEVE,Male,66-70,2,0,2
8080,DISTRICT COUNCIL OF CLEVE,Male,66-70,3,0,2
8081,DISTRICT COUNCIL OF CLEVE,Male,66-70,4,0,1
8082,DISTRICT COUNCIL OF CLEVE,Other,>70,1,0,5
8083,DISTRICT COUNCIL OF CLEVE,Other,>70,2,0,1
8084,DISTRICT COUNCIL OF CLEVE,Other,>70,3,0,2
8085,DISTRICT COUNCIL OF CLEVE,Other,31-35,1,0,1
8086,DISTRICT COUNCIL OF CLEVE,Other,31-35,2,1,1
8087,DISTRICT COUNCIL OF CLEVE,Other,36-40,1,0,1
8088,DISTRICT COUNCIL OF CLEVE,Other,36-40,2,0,1
8089,DISTRICT COUNCIL OF CLEVE,Other,41-45,1,0,2
8090,DISTRICT COUNCIL OF CLEVE,Other,41-45,2,1,1
8091,DISTRICT COUNCIL OF CLEVE,Other,46-50,1,0,1
8092,DISTRICT COUNCIL OF CLEVE,Other,51-55,1,0,3
8093,DISTRICT COUNCIL OF CLEVE,Other,51-55,1,2,1
8094,DISTRICT COUNCIL OF CLEVE,Other,56-60,1,0,2
8095,DISTRICT COUNCIL OF CLEVE,Other,56-60,2,0,1
8096,DISTRICT COUNCIL OF CLEVE,Other,61-65,1,0,2
8097,DISTRICT COUNCIL OF CLEVE,Other,66-70,0,2,1
8098,DISTRICT COUNCIL OF CLEVE,Other,66-70,1,0,1
8099,DISTRICT COUNCIL OF CLEVE,Other,Unknown,1,0,1
8100,DISTRICT COUNCIL OF CLEVE,Unknown,Unknown,0,1,3
8101,DISTRICT COUNCIL OF CLEVE,Unknown,Unknown,0,2,1
8102,DISTRICT COUNCIL OF CLEVE,Unknown,Unknown,1,0,5
8103,INTERSTATE COUNCIL,Female,>70,0,1,2
8104,INTERSTATE COUNCIL,Female,>70,1,0,59
8105,INTERSTATE COUNCIL,Female,>70,1,1,2
8106,INTERSTATE COUNCIL,Female,>70,2,0,8
8107,INTERSTATE COUNCIL,Female,>70,5,0,1
8108,INTERSTATE COUNCIL,Female,16-20,0,1,3
8109,INTERSTATE COUNCIL,Female,16-20,1,0,4
8110,INTERSTATE COUNCIL,Female,16-20,3,0,1
8111,INTERSTATE COUNCIL,Female,21-25,0,1,21
8112,INTERSTATE COUNCIL,Female,21-25,0,2,4
8113,INTERSTATE COUNCIL,Female,21-25,1,0,76
8114,INTERSTATE COUNCIL,Female,21-25,1,1,5
8115,INTERSTATE COUNCIL,Female,21-25,2,0,2
8116,INTERSTATE COUNCIL,Female,21-25,2,2,1
8117,INTERSTATE COUNCIL,Female,26-30,0,1,34
8118,INTERSTATE COUNCIL,Female,26-30,0,2,5
8119,INTERSTATE COUNCIL,Female,26-30,1,0,166
8120,INTERSTATE COUNCIL,Female,26-30,1,1,11
8121,INTERSTATE COUNCIL,Female,26-30,1,2,1
8122,INTERSTATE COUNCIL,Female,26-30,2,0,27
8123,INTERSTATE COUNCIL,Female,26-30,2,1,4
8124,INTERSTATE COUNCIL,Female,26-30,3,0,1
8125,INTERSTATE COUNCIL,Female,31-35,>5,0,1
8126,INTERSTATE COUNCIL,Female,31-35,0,1,38
8127,INTERSTATE COUNCIL,Female,31-35,0,2,6
8128,INTERSTATE COUNCIL,Female,31-35,0,3,1
8129,INTERSTATE COUNCIL,Female,31-35,0,4,1
8130,INTERSTATE COUNCIL,Female,31-35,1,0,196
8131,INTERSTATE COUNCIL,Female,31-35,1,1,6
8132,INTERSTATE COUNCIL,Female,31-35,1,2,4
8133,INTERSTATE COUNCIL,Female,31-35,2,0,40
8134,INTERSTATE COUNCIL,Female,31-35,2,1,5
8135,INTERSTATE COUNCIL,Female,31-35,3,0,2
8136,INTERSTATE COUNCIL,Female,31-35,4,0,1
8137,INTERSTATE COUNCIL,Female,36-40,0,1,23
8138,INTERSTATE COUNCIL,Female,36-40,0,2,10
8139,INTERSTATE COUNCIL,Female,36-40,1,0,155
8140,INTERSTATE COUNCIL,Female,36-40,1,1,4
8141,INTERSTATE COUNCIL,Female,36-40,1,2,3
8142,INTERSTATE COUNCIL,Female,36-40,2,0,35
8143,INTERSTATE COUNCIL,Female,36-40,2,1,1
8144,INTERSTATE COUNCIL,Female,36-40,2,2,1
8145,INTERSTATE COUNCIL,Female,36-40,3,0,1
8146,INTERSTATE COUNCIL,Female,36-40,4,0,1
8147,INTERSTATE COUNCIL,Female,41-45,0,1,22
8148,INTERSTATE COUNCIL,Female,41-45,0,2,5
8149,INTERSTATE COUNCIL,Female,41-45,0,3,1
8150,INTERSTATE COUNCIL,Female,41-45,0,5,1
8151,INTERSTATE COUNCIL,Female,41-45,1,0,111
8152,INTERSTATE COUNCIL,Female,41-45,1,1,4
8153,INTERSTATE COUNCIL,Female,41-45,1,2,6
8154,INTERSTATE COUNCIL,Female,41-45,2,0,15
8155,INTERSTATE COUNCIL,Female,41-45,2,1,1
8156,INTERSTATE COUNCIL,Female,41-45,3,0,2
8157,INTERSTATE COUNCIL,Female,41-45,3,3,1
8158,INTERSTATE COUNCIL,Female,41-45,4,0,1
8159,INTERSTATE COUNCIL,Female,41-45,5,0,1
8160,INTERSTATE COUNCIL,Female,46-50,0,1,11
8161,INTERSTATE COUNCIL,Female,46-50,0,2,2
8162,INTERSTATE COUNCIL,Female,46-50,1,0,103
8163,INTERSTATE COUNCIL,Female,46-50,1,1,1
8164,INTERSTATE COUNCIL,Female,46-50,1,3,2
8165,INTERSTATE COUNCIL,Female,46-50,2,0,14
8166,INTERSTATE COUNCIL,Female,46-50,2,1,4
8167,INTERSTATE COUNCIL,Female,46-50,2,3,2
8168,INTERSTATE COUNCIL,Female,46-50,3,0,2
8169,INTERSTATE COUNCIL,Female,51-55,0,>5,2
8170,INTERSTATE COUNCIL,Female,51-55,0,1,12
8171,INTERSTATE COUNCIL,Female,51-55,0,2,2
8172,INTERSTATE COUNCIL,Female,51-55,0,4,1
8173,INTERSTATE COUNCIL,Female,51-55,1,0,98
8174,INTERSTATE COUNCIL,Female,51-55,1,1,6
8175,INTERSTATE COUNCIL,Female,51-55,2,0,23
8176,INTERSTATE COUNCIL,Female,51-55,2,1,1
8177,INTERSTATE COUNCIL,Female,51-55,2,2,1
8178,INTERSTATE COUNCIL,Female,51-55,2,3,1
8179,INTERSTATE COUNCIL,Female,56-60,>5,0,1
8180,INTERSTATE COUNCIL,Female,56-60,0,1,7
8181,INTERSTATE COUNCIL,Female,56-60,0,2,3
8182,INTERSTATE COUNCIL,Female,56-60,0,3,1
8183,INTERSTATE COUNCIL,Female,56-60,0,5,1
8184,INTERSTATE COUNCIL,Female,56-60,1,0,64
8185,INTERSTATE COUNCIL,Female,56-60,2,0,14
8186,INTERSTATE COUNCIL,Female,56-60,3,0,1
8187,INTERSTATE COUNCIL,Female,61-65,0,>5,1
8188,INTERSTATE COUNCIL,Female,61-65,0,1,6
8189,INTERSTATE COUNCIL,Female,61-65,0,2,2
8190,INTERSTATE COUNCIL,Female,61-65,1,0,66
8191,INTERSTATE COUNCIL,Female,61-65,1,1,1
8192,INTERSTATE COUNCIL,Female,61-65,2,0,14
8193,INTERSTATE COUNCIL,Female,61-65,2,2,1
8194,INTERSTATE COUNCIL,Female,61-65,3,0,1
8195,INTERSTATE COUNCIL,Female,61-65,4,1,1
8196,INTERSTATE COUNCIL,Female,66-70,>5,0,1
8197,INTERSTATE COUNCIL,Female,66-70,0,1,6
8198,INTERSTATE COUNCIL,Female,66-70,1,0,32
8199,INTERSTATE COUNCIL,Female,66-70,2,0,13
8200,INTERSTATE COUNCIL,Female,66-70,3,0,3
8201,INTERSTATE COUNCIL,Female,66-70,3,1,1
8202,INTERSTATE COUNCIL,Female,Unknown,0,1,11
8203,INTERSTATE COUNCIL,Female,Unknown,0,2,1
8204,INTERSTATE COUNCIL,Female,Unknown,1,0,41
8205,INTERSTATE COUNCIL,Female,Unknown,2,0,3
8206,INTERSTATE COUNCIL,Female,Unknown,3,0,2
8207,INTERSTATE COUNCIL,Male,>70,0,1,1
8208,INTERSTATE COUNCIL,Male,>70,1,0,33
8209,INTERSTATE COUNCIL,Male,>70,2,0,3
8210,INTERSTATE COUNCIL,Male,16-20,1,0,1
8211,INTERSTATE COUNCIL,Male,21-25,0,1,6
8212,INTERSTATE COUNCIL,Male,21-25,1,0,28
8213,INTERSTATE COUNCIL,Male,21-25,1,1,1
8214,INTERSTATE COUNCIL,Male,21-25,2,0,3
8215,INTERSTATE COUNCIL,Male,26-30,0,1,11
8216,INTERSTATE COUNCIL,Male,26-30,0,2,2
8217,INTERSTATE COUNCIL,Male,26-30,1,0,68
8218,INTERSTATE COUNCIL,Male,26-30,2,0,9
8219,INTERSTATE COUNCIL,Male,31-35,0,1,14
8220,INTERSTATE COUNCIL,Male,31-35,0,2,1
8221,INTERSTATE COUNCIL,Male,31-35,1,0,99
8222,INTERSTATE COUNCIL,Male,31-35,1,1,1
8223,INTERSTATE COUNCIL,Male,31-35,1,2,2
8224,INTERSTATE COUNCIL,Male,31-35,2,0,7
8225,INTERSTATE COUNCIL,Male,31-35,2,1,3
8226,INTERSTATE COUNCIL,Male,31-35,2,2,1
8227,INTERSTATE COUNCIL,Male,31-35,3,0,1
8228,INTERSTATE COUNCIL,Male,36-40,0,1,9
8229,INTERSTATE COUNCIL,Male,36-40,0,2,1
8230,INTERSTATE COUNCIL,Male,36-40,1,0,64
8231,INTERSTATE COUNCIL,Male,36-40,1,1,1
8232,INTERSTATE COUNCIL,Male,36-40,1,2,2
8233,INTERSTATE COUNCIL,Male,36-40,2,0,5
8234,INTERSTATE COUNCIL,Male,36-40,2,2,1
8235,INTERSTATE COUNCIL,Male,36-40,4,0,1
8236,INTERSTATE COUNCIL,Male,41-45,>5,0,1
8237,INTERSTATE COUNCIL,Male,41-45,0,1,10
8238,INTERSTATE COUNCIL,Male,41-45,1,0,61
8239,INTERSTATE COUNCIL,Male,41-45,1,1,2
8240,INTERSTATE COUNCIL,Male,41-45,2,0,12
8241,INTERSTATE COUNCIL,Male,46-50,0,1,4
8242,INTERSTATE COUNCIL,Male,46-50,0,2,2
8243,INTERSTATE COUNCIL,Male,46-50,1,0,54
8244,INTERSTATE COUNCIL,Male,46-50,1,1,1
8245,INTERSTATE COUNCIL,Male,46-50,1,2,1
8246,INTERSTATE COUNCIL,Male,46-50,2,0,5
8247,INTERSTATE COUNCIL,Male,46-50,2,1,1
8248,INTERSTATE COUNCIL,Male,46-50,3,3,1
8249,INTERSTATE COUNCIL,Male,46-50,5,0,1
8250,INTERSTATE COUNCIL,Male,51-55,0,1,4
8251,INTERSTATE COUNCIL,Male,51-55,0,2,1
8252,INTERSTATE COUNCIL,Male,51-55,1,0,47
8253,INTERSTATE COUNCIL,Male,51-55,2,0,14
8254,INTERSTATE COUNCIL,Male,51-55,3,0,1
8255,INTERSTATE COUNCIL,Male,56-60,0,1,3
8256,INTERSTATE COUNCIL,Male,56-60,1,0,34
8257,INTERSTATE COUNCIL,Male,56-60,1,1,2
8258,INTERSTATE COUNCIL,Male,56-60,2,0,6
8259,INTERSTATE COUNCIL,Male,61-65,0,1,1
8260,INTERSTATE COUNCIL,Male,61-65,1,0,45
8261,INTERSTATE COUNCIL,Male,61-65,2,0,6
8262,INTERSTATE COUNCIL,Male,61-65,3,0,1
8263,INTERSTATE COUNCIL,Male,66-70,0,1,1
8264,INTERSTATE COUNCIL,Male,66-70,1,0,29
8265,INTERSTATE COUNCIL,Male,66-70,2,0,5
8266,INTERSTATE COUNCIL,Male,66-70,2,2,1
8267,INTERSTATE COUNCIL,Male,66-70,3,0,1
8268,INTERSTATE COUNCIL,Male,Unknown,0,1,7
8269,INTERSTATE COUNCIL,Male,Unknown,0,2,1
8270,INTERSTATE COUNCIL,Male,Unknown,1,0,18
8271,INTERSTATE COUNCIL,Male,Unknown,2,0,3
8272,INTERSTATE COUNCIL,Other,>70,1,0,5
8273,INTERSTATE COUNCIL,Other,21-25,1,0,1
8274,INTERSTATE COUNCIL,Other,26-30,0,1,1
8275,INTERSTATE COUNCIL,Other,26-30,1,0,2
8276,INTERSTATE COUNCIL,Other,26-30,2,0,1
8277,INTERSTATE COUNCIL,Other,31-35,1,0,5
8278,INTERSTATE COUNCIL,Other,31-35,1,3,1
8279,INTERSTATE COUNCIL,Other,36-40,1,0,7
8280,INTERSTATE COUNCIL,Other,36-40,2,0,2
8281,INTERSTATE COUNCIL,Other,41-45,0,1,1
8282,INTERSTATE COUNCIL,Other,41-45,1,0,3
8283,INTERSTATE COUNCIL,Other,46-50,1,0,3
8284,INTERSTATE COUNCIL,Other,46-50,2,0,2
8285,INTERSTATE COUNCIL,Other,51-55,1,0,5
8286,INTERSTATE COUNCIL,Other,51-55,2,0,1
8287,INTERSTATE COUNCIL,Other,56-60,1,0,2
8288,INTERSTATE COUNCIL,Other,61-65,>5,0,1
8289,INTERSTATE COUNCIL,Other,61-65,1,0,1
8290,INTERSTATE COUNCIL,Other,66-70,1,0,3
8291,INTERSTATE COUNCIL,Other,66-70,2,1,1
8292,INTERSTATE COUNCIL,Other,Unknown,0,1,2
8293,INTERSTATE COUNCIL,Other,Unknown,1,0,6
8294,INTERSTATE COUNCIL,Other,Unknown,2,0,3
8295,INTERSTATE COUNCIL,SUPPRESSED,Unknown,1,0,3
8296,INTERSTATE COUNCIL,SUPPRESSED,Unknown,2,0,1
8297,INTERSTATE COUNCIL,SUPPRESSED,Unknown,4,0,1
8298,INTERSTATE COUNCIL,Unknown,26-30,1,0,1
8299,INTERSTATE COUNCIL,Unknown,31-35,0,1,1
8300,INTERSTATE COUNCIL,Unknown,36-40,1,0,2
8301,INTERSTATE COUNCIL,Unknown,56-60,1,0,1
8302,INTERSTATE COUNCIL,Unknown,66-70,2,0,1
8303,INTERSTATE COUNCIL,Unknown,Unknown,0,1,27
8304,INTERSTATE COUNCIL,Unknown,Unknown,0,2,4
8305,INTERSTATE COUNCIL,Unknown,Unknown,0,4,1
8306,INTERSTATE COUNCIL,Unknown,Unknown,1,0,103
8307,INTERSTATE COUNCIL,Unknown,Unknown,2,0,4
8308,INTERSTATE COUNCIL,Unknown,Unknown,3,0,1
8309,INTERSTATE COUNCIL,Unknown,Unknown,4,0,1
8310,KANGAROO ISLAND COUNCIL,Female,>70,0,1,20
8311,KANGAROO ISLAND COUNCIL,Female,>70,0,2,3
8312,KANGAROO ISLAND COUNCIL,Female,>70,1,0,70
8313,KANGAROO ISLAND COUNCIL,Female,>70,1,1,3
8314,KANGAROO ISLAND COUNCIL,Female,>70,2,0,19
8315,KANGAROO ISLAND COUNCIL,Female,>70,2,1,1
8316,KANGAROO ISLAND COUNCIL,Female,>70,3,0,3
8317,KANGAROO ISLAND COUNCIL,Female,>70,4,0,2
8318,KANGAROO ISLAND COUNCIL,Female,16-20,1,0,4
8319,KANGAROO ISLAND COUNCIL,Female,21-25,0,1,3
8320,KANGAROO ISLAND COUNCIL,Female,21-25,0,2,1
8321,KANGAROO ISLAND COUNCIL,Female,21-25,1,0,17
8322,KANGAROO ISLAND COUNCIL,Female,21-25,1,1,1
8323,KANGAROO ISLAND COUNCIL,Female,21-25,1,2,2
8324,KANGAROO ISLAND COUNCIL,Female,21-25,2,0,2
8325,KANGAROO ISLAND COUNCIL,Female,21-25,2,1,1
8326,KANGAROO ISLAND COUNCIL,Female,21-25,3,0,1
8327,KANGAROO ISLAND COUNCIL,Female,21-25,3,3,1
8328,KANGAROO ISLAND COUNCIL,Female,26-30,0,1,4
8329,KANGAROO ISLAND COUNCIL,Female,26-30,0,2,1
8330,KANGAROO ISLAND COUNCIL,Female,26-30,1,0,26
8331,KANGAROO ISLAND COUNCIL,Female,26-30,1,1,5
8332,KANGAROO ISLAND COUNCIL,Female,26-30,2,0,9
8333,KANGAROO ISLAND COUNCIL,Female,26-30,2,1,1
8334,KANGAROO ISLAND COUNCIL,Female,26-30,2,3,1
8335,KANGAROO ISLAND COUNCIL,Female,26-30,3,0,2
8336,KANGAROO ISLAND COUNCIL,Female,31-35,0,1,2
8337,KANGAROO ISLAND COUNCIL,Female,31-35,0,2,1
8338,KANGAROO ISLAND COUNCIL,Female,31-35,1,0,41
8339,KANGAROO ISLAND COUNCIL,Female,31-35,1,1,5
8340,KANGAROO ISLAND COUNCIL,Female,31-35,2,0,9
8341,KANGAROO ISLAND COUNCIL,Female,31-35,2,1,2
8342,KANGAROO ISLAND COUNCIL,Female,31-35,3,0,1
8343,KANGAROO ISLAND COUNCIL,Female,31-35,3,3,1
8344,KANGAROO ISLAND COUNCIL,Female,36-40,0,1,4
8345,KANGAROO ISLAND COUNCIL,Female,36-40,1,0,35
8346,KANGAROO ISLAND COUNCIL,Female,36-40,1,1,5
8347,KANGAROO ISLAND COUNCIL,Female,36-40,2,0,8
8348,KANGAROO ISLAND COUNCIL,Female,36-40,2,1,1
8349,KANGAROO ISLAND COUNCIL,Female,36-40,2,2,1
8350,KANGAROO ISLAND COUNCIL,Female,41-45,0,1,3
8351,KANGAROO ISLAND COUNCIL,Female,41-45,1,0,35
8352,KANGAROO ISLAND COUNCIL,Female,41-45,1,1,5
8353,KANGAROO ISLAND COUNCIL,Female,41-45,1,2,1
8354,KANGAROO ISLAND COUNCIL,Female,41-45,2,0,13
8355,KANGAROO ISLAND COUNCIL,Female,41-45,2,1,3
8356,KANGAROO ISLAND COUNCIL,Female,41-45,2,2,1
8357,KANGAROO ISLAND COUNCIL,Female,41-45,2,3,1
8358,KANGAROO ISLAND COUNCIL,Female,41-45,3,0,2
8359,KANGAROO ISLAND COUNCIL,Female,46-50,0,1,4
8360,KANGAROO ISLAND COUNCIL,Female,46-50,0,2,1
8361,KANGAROO ISLAND COUNCIL,Female,46-50,0,4,1
8362,KANGAROO ISLAND COUNCIL,Female,46-50,1,0,42
8363,KANGAROO ISLAND COUNCIL,Female,46-50,1,1,3
8364,KANGAROO ISLAND COUNCIL,Female,46-50,2,0,10
8365,KANGAROO ISLAND COUNCIL,Female,46-50,2,1,3
8366,KANGAROO ISLAND COUNCIL,Female,46-50,2,2,1
8367,KANGAROO ISLAND COUNCIL,Female,46-50,3,0,2
8368,KANGAROO ISLAND COUNCIL,Female,46-50,3,1,1
8369,KANGAROO ISLAND COUNCIL,Female,46-50,4,0,1
8370,KANGAROO ISLAND COUNCIL,Female,51-55,0,1,5
8371,KANGAROO ISLAND COUNCIL,Female,51-55,1,0,45
8372,KANGAROO ISLAND COUNCIL,Female,51-55,1,1,6
8373,KANGAROO ISLAND COUNCIL,Female,51-55,2,0,19
8374,KANGAROO ISLAND COUNCIL,Female,51-55,2,1,4
8375,KANGAROO ISLAND COUNCIL,Female,51-55,2,3,1
8376,KANGAROO ISLAND COUNCIL,Female,51-55,3,0,6
8377,KANGAROO ISLAND COUNCIL,Female,51-55,3,1,1
8378,KANGAROO ISLAND COUNCIL,Female,51-55,3,2,1
8379,KANGAROO ISLAND COUNCIL,Female,51-55,4,0,1
8380,KANGAROO ISLAND COUNCIL,Female,56-60,>5,0,2
8381,KANGAROO ISLAND COUNCIL,Female,56-60,0,1,3
8382,KANGAROO ISLAND COUNCIL,Female,56-60,1,0,40
8383,KANGAROO ISLAND COUNCIL,Female,56-60,1,1,3
8384,KANGAROO ISLAND COUNCIL,Female,56-60,1,2,2
8385,KANGAROO ISLAND COUNCIL,Female,56-60,2,0,11
8386,KANGAROO ISLAND COUNCIL,Female,56-60,2,1,2
8387,KANGAROO ISLAND COUNCIL,Female,56-60,2,2,3
8388,KANGAROO ISLAND COUNCIL,Female,56-60,3,0,4
8389,KANGAROO ISLAND COUNCIL,Female,56-60,4,0,1
8390,KANGAROO ISLAND COUNCIL,Female,61-65,>5,0,1
8391,KANGAROO ISLAND COUNCIL,Female,61-65,0,1,6
8392,KANGAROO ISLAND COUNCIL,Female,61-65,0,2,2
8393,KANGAROO ISLAND COUNCIL,Female,61-65,1,0,55
8394,KANGAROO ISLAND COUNCIL,Female,61-65,1,1,6
8395,KANGAROO ISLAND COUNCIL,Female,61-65,2,0,20
8396,KANGAROO ISLAND COUNCIL,Female,61-65,3,0,4
8397,KANGAROO ISLAND COUNCIL,Female,61-65,4,0,1
8398,KANGAROO ISLAND COUNCIL,Female,66-70,0,1,4
8399,KANGAROO ISLAND COUNCIL,Female,66-70,0,2,1
8400,KANGAROO ISLAND COUNCIL,Female,66-70,0,4,1
8401,KANGAROO ISLAND COUNCIL,Female,66-70,1,0,35
8402,KANGAROO ISLAND COUNCIL,Female,66-70,1,1,4
8403,KANGAROO ISLAND COUNCIL,Female,66-70,2,0,11
8404,KANGAROO ISLAND COUNCIL,Female,66-70,2,1,1
8405,KANGAROO ISLAND COUNCIL,Female,66-70,3,0,3
8406,KANGAROO ISLAND COUNCIL,Female,Unknown,0,1,2
8407,KANGAROO ISLAND COUNCIL,Female,Unknown,1,0,1
8408,KANGAROO ISLAND COUNCIL,Male,>70,0,1,7
8409,KANGAROO ISLAND COUNCIL,Male,>70,0,2,3
8410,KANGAROO ISLAND COUNCIL,Male,>70,0,4,1
8411,KANGAROO ISLAND COUNCIL,Male,>70,1,0,55
8412,KANGAROO ISLAND COUNCIL,Male,>70,1,1,1
8413,KANGAROO ISLAND COUNCIL,Male,>70,2,0,20
8414,KANGAROO ISLAND COUNCIL,Male,16-20,1,0,4
8415,KANGAROO ISLAND COUNCIL,Male,21-25,1,0,16
8416,KANGAROO ISLAND COUNCIL,Male,26-30,0,1,2
8417,KANGAROO ISLAND COUNCIL,Male,26-30,1,0,24
8418,KANGAROO ISLAND COUNCIL,Male,26-30,2,0,3
8419,KANGAROO ISLAND COUNCIL,Male,26-30,2,1,1
8420,KANGAROO ISLAND COUNCIL,Male,26-30,3,0,1
8421,KANGAROO ISLAND COUNCIL,Male,31-35,0,1,1
8422,KANGAROO ISLAND COUNCIL,Male,31-35,0,3,1
8423,KANGAROO ISLAND COUNCIL,Male,31-35,1,0,15
8424,KANGAROO ISLAND COUNCIL,Male,31-35,1,2,1
8425,KANGAROO ISLAND COUNCIL,Male,31-35,2,0,7
8426,KANGAROO ISLAND COUNCIL,Male,31-35,2,2,1
8427,KANGAROO ISLAND COUNCIL,Male,31-35,3,0,1
8428,KANGAROO ISLAND COUNCIL,Male,36-40,>5,0,1
8429,KANGAROO ISLAND COUNCIL,Male,36-40,1,0,22
8430,KANGAROO ISLAND COUNCIL,Male,36-40,1,1,1
8431,KANGAROO ISLAND COUNCIL,Male,36-40,1,2,1
8432,KANGAROO ISLAND COUNCIL,Male,36-40,2,0,8
8433,KANGAROO ISLAND COUNCIL,Male,36-40,2,1,1
8434,KANGAROO ISLAND COUNCIL,Male,36-40,2,2,1
8435,KANGAROO ISLAND COUNCIL,Male,36-40,3,0,5
8436,KANGAROO ISLAND COUNCIL,Male,36-40,4,0,3
8437,KANGAROO ISLAND COUNCIL,Male,41-45,1,0,26
8438,KANGAROO ISLAND COUNCIL,Male,41-45,2,0,5
8439,KANGAROO ISLAND COUNCIL,Male,41-45,3,0,2
8440,KANGAROO ISLAND COUNCIL,Male,46-50,0,1,1
8441,KANGAROO ISLAND COUNCIL,Male,46-50,0,2,1
8442,KANGAROO ISLAND COUNCIL,Male,46-50,1,0,24
8443,KANGAROO ISLAND COUNCIL,Male,46-50,2,0,6
8444,KANGAROO ISLAND COUNCIL,Male,46-50,3,0,5
8445,KANGAROO ISLAND COUNCIL,Male,51-55,0,1,1
8446,KANGAROO ISLAND COUNCIL,Male,51-55,1,0,29
8447,KANGAROO ISLAND COUNCIL,Male,51-55,1,1,2
8448,KANGAROO ISLAND COUNCIL,Male,51-55,2,0,13
8449,KANGAROO ISLAND COUNCIL,Male,51-55,3,0,2
8450,KANGAROO ISLAND COUNCIL,Male,51-55,4,0,1
8451,KANGAROO ISLAND COUNCIL,Male,51-55,5,0,1
8452,KANGAROO ISLAND COUNCIL,Male,56-60,>5,0,1
8453,KANGAROO ISLAND COUNCIL,Male,56-60,0,1,5
8454,KANGAROO ISLAND COUNCIL,Male,56-60,1,0,21
8455,KANGAROO ISLAND COUNCIL,Male,56-60,2,0,7
8456,KANGAROO ISLAND COUNCIL,Male,56-60,3,0,4
8457,KANGAROO ISLAND COUNCIL,Male,56-60,5,0,1
8458,KANGAROO ISLAND COUNCIL,Male,61-65,0,1,3
8459,KANGAROO ISLAND COUNCIL,Male,61-65,1,0,39
8460,KANGAROO ISLAND COUNCIL,Male,61-65,1,1,4
8461,KANGAROO ISLAND COUNCIL,Male,61-65,2,0,13
8462,KANGAROO ISLAND COUNCIL,Male,61-65,2,1,1
8463,KANGAROO ISLAND COUNCIL,Male,61-65,3,0,2
8464,KANGAROO ISLAND COUNCIL,Male,66-70,0,1,2
8465,KANGAROO ISLAND COUNCIL,Male,66-70,1,0,36
8466,KANGAROO ISLAND COUNCIL,Male,66-70,2,0,13
8467,KANGAROO ISLAND COUNCIL,Male,66-70,3,0,4
8468,KANGAROO ISLAND COUNCIL,Male,66-70,4,0,1
8469,KANGAROO ISLAND COUNCIL,Male,Unknown,1,0,4
8470,KANGAROO ISLAND COUNCIL,Other,>70,1,0,3
8471,KANGAROO ISLAND COUNCIL,Other,>70,2,0,2
8472,KANGAROO ISLAND COUNCIL,Other,26-30,1,0,1
8473,KANGAROO ISLAND COUNCIL,Other,26-30,2,0,2
8474,KANGAROO ISLAND COUNCIL,Other,31-35,1,0,1
8475,KANGAROO ISLAND COUNCIL,Other,31-35,2,3,1
8476,KANGAROO ISLAND COUNCIL,Other,36-40,1,1,1
8477,KANGAROO ISLAND COUNCIL,Other,36-40,2,0,2
8478,KANGAROO ISLAND COUNCIL,Other,41-45,1,0,1
8479,KANGAROO ISLAND COUNCIL,Other,46-50,2,0,1
8480,KANGAROO ISLAND COUNCIL,Other,51-55,1,0,1
8481,KANGAROO ISLAND COUNCIL,Other,56-60,0,1,1
8482,KANGAROO ISLAND COUNCIL,Other,56-60,1,0,3
8483,KANGAROO ISLAND COUNCIL,Other,56-60,2,0,1
8484,KANGAROO ISLAND COUNCIL,Other,61-65,0,1,1
8485,KANGAROO ISLAND COUNCIL,Other,61-65,1,0,3
8486,KANGAROO ISLAND COUNCIL,Other,66-70,1,0,3
8487,KANGAROO ISLAND COUNCIL,Other,66-70,2,0,1
8488,KANGAROO ISLAND COUNCIL,Other,Unknown,1,0,1
8489,KANGAROO ISLAND COUNCIL,SUPPRESSED,Unknown,2,2,1
8490,KINGSTON DC,Female,>70,0,1,1
8491,KINGSTON DC,Female,>70,1,0,31
8492,KINGSTON DC,Female,>70,2,0,5
8493,KINGSTON DC,Female,>70,2,3,1
8494,KINGSTON DC,Female,16-20,1,0,1
8495,KINGSTON DC,Female,21-25,0,1,1
8496,KINGSTON DC,Female,21-25,1,0,12
8497,KINGSTON DC,Female,21-25,2,0,2
8498,KINGSTON DC,Female,21-25,4,0,1
8499,KINGSTON DC,Female,26-30,>5,0,1
8500,KINGSTON DC,Female,26-30,0,1,2
8501,KINGSTON DC,Female,26-30,1,0,17
8502,KINGSTON DC,Female,26-30,2,0,4
8503,KINGSTON DC,Female,26-30,2,1,1
8504,KINGSTON DC,Female,31-35,0,1,1
8505,KINGSTON DC,Female,31-35,1,0,9
8506,KINGSTON DC,Female,31-35,2,0,3
8507,KINGSTON DC,Female,31-35,3,0,3
8508,KINGSTON DC,Female,36-40,0,2,1
8509,KINGSTON DC,Female,36-40,1,0,13
8510,KINGSTON DC,Female,36-40,1,1,2
8511,KINGSTON DC,Female,36-40,2,0,4
8512,KINGSTON DC,Female,36-40,2,1,1
8513,KINGSTON DC,Female,36-40,3,0,1
8514,KINGSTON DC,Female,36-40,5,0,1
8515,KINGSTON DC,Female,41-45,>5,0,1
8516,KINGSTON DC,Female,41-45,1,0,15
8517,KINGSTON DC,Female,41-45,1,1,1
8518,KINGSTON DC,Female,41-45,2,0,4
8519,KINGSTON DC,Female,41-45,2,1,2
8520,KINGSTON DC,Female,41-45,3,0,1
8521,KINGSTON DC,Female,46-50,>5,0,1
8522,KINGSTON DC,Female,46-50,0,1,1
8523,KINGSTON DC,Female,46-50,1,0,14
8524,KINGSTON DC,Female,46-50,2,0,6
8525,KINGSTON DC,Female,46-50,3,0,1
8526,KINGSTON DC,Female,46-50,4,0,1
8527,KINGSTON DC,Female,51-55,1,0,14
8528,KINGSTON DC,Female,51-55,1,1,1
8529,KINGSTON DC,Female,51-55,2,0,7
8530,KINGSTON DC,Female,56-60,0,1,4
8531,KINGSTON DC,Female,56-60,1,0,16
8532,KINGSTON DC,Female,56-60,1,1,1
8533,KINGSTON DC,Female,56-60,2,0,12
8534,KINGSTON DC,Female,56-60,2,3,1
8535,KINGSTON DC,Female,56-60,3,0,3
8536,KINGSTON DC,Female,61-65,1,0,13
8537,KINGSTON DC,Female,61-65,1,1,1
8538,KINGSTON DC,Female,61-65,2,0,9
8539,KINGSTON DC,Female,61-65,3,0,1
8540,KINGSTON DC,Female,61-65,4,0,2
8541,KINGSTON DC,Female,66-70,1,0,17
8542,KINGSTON DC,Female,66-70,2,0,1
8543,KINGSTON DC,Female,66-70,3,0,1
8544,KINGSTON DC,Female,66-70,4,0,1
8545,KINGSTON DC,Female,Unknown,0,2,1
8546,KINGSTON DC,Male,>70,0,1,2
8547,KINGSTON DC,Male,>70,1,0,24
8548,KINGSTON DC,Male,>70,1,1,1
8549,KINGSTON DC,Male,>70,2,0,6
8550,KINGSTON DC,Male,>70,3,0,1
8551,KINGSTON DC,Male,16-20,1,0,4
8552,KINGSTON DC,Male,21-25,1,0,5
8553,KINGSTON DC,Male,21-25,2,0,2
8554,KINGSTON DC,Male,26-30,0,1,1
8555,KINGSTON DC,Male,26-30,1,0,7
8556,KINGSTON DC,Male,26-30,2,0,2
8557,KINGSTON DC,Male,26-30,3,0,1
8558,KINGSTON DC,Male,26-30,4,0,2
8559,KINGSTON DC,Male,31-35,1,0,12
8560,KINGSTON DC,Male,31-35,2,0,4
8561,KINGSTON DC,Male,31-35,3,0,1
8562,KINGSTON DC,Male,36-40,0,1,1
8563,KINGSTON DC,Male,36-40,1,0,15
8564,KINGSTON DC,Male,36-40,2,0,5
8565,KINGSTON DC,Male,41-45,1,0,8
8566,KINGSTON DC,Male,41-45,2,0,7
8567,KINGSTON DC,Male,41-45,3,0,2
8568,KINGSTON DC,Male,46-50,0,1,1
8569,KINGSTON DC,Male,46-50,1,0,7
8570,KINGSTON DC,Male,46-50,2,0,4
8571,KINGSTON DC,Male,46-50,3,0,1
8572,KINGSTON DC,Male,51-55,>5,0,1
8573,KINGSTON DC,Male,51-55,1,0,17
8574,KINGSTON DC,Male,51-55,2,0,3
8575,KINGSTON DC,Male,51-55,4,0,2
8576,KINGSTON DC,Male,56-60,0,2,1
8577,KINGSTON DC,Male,56-60,1,0,11
8578,KINGSTON DC,Male,56-60,2,0,4
8579,KINGSTON DC,Male,56-60,3,0,1
8580,KINGSTON DC,Male,61-65,0,1,1
8581,KINGSTON DC,Male,61-65,1,0,10
8582,KINGSTON DC,Male,61-65,2,0,12
8583,KINGSTON DC,Male,61-65,3,0,2
8584,KINGSTON DC,Male,66-70,0,2,1
8585,KINGSTON DC,Male,66-70,1,0,19
8586,KINGSTON DC,Male,66-70,2,0,3
8587,KINGSTON DC,Male,66-70,5,0,1
8588,KINGSTON DC,Other,>70,1,0,2
8589,KINGSTON DC,Other,26-30,1,0,1
8590,KINGSTON DC,Other,26-30,2,0,1
8591,KINGSTON DC,Other,41-45,5,0,1
8592,KINGSTON DC,Other,46-50,1,0,1
8593,KINGSTON DC,Other,51-55,1,0,2
8594,KINGSTON DC,Other,56-60,1,0,1
8595,KINGSTON DC,Other,61-65,1,0,3
8596,KINGSTON DC,Other,61-65,2,0,1
8597,KINGSTON DC,Other,66-70,1,0,2
8598,KINGSTON DC,Other,66-70,2,0,1
8599,KINGSTON DC,Other,66-70,2,1,1
8600,LIGHT REGIONAL COUNCIL,Female,>70,0,1,20
8601,LIGHT REGIONAL COUNCIL,Female,>70,0,2,5
8602,LIGHT REGIONAL COUNCIL,Female,>70,1,0,120
8603,LIGHT REGIONAL COUNCIL,Female,>70,1,1,3
8604,LIGHT REGIONAL COUNCIL,Female,>70,1,2,2
8605,LIGHT REGIONAL COUNCIL,Female,>70,1,3,1
8606,LIGHT REGIONAL COUNCIL,Female,>70,2,0,27
8607,LIGHT REGIONAL COUNCIL,Female,>70,2,1,2
8608,LIGHT REGIONAL COUNCIL,Female,>70,3,0,7
8609,LIGHT REGIONAL COUNCIL,Female,>70,3,1,1
8610,LIGHT REGIONAL COUNCIL,Female,>70,4,0,1
8611,LIGHT REGIONAL COUNCIL,Female,>70,5,0,1
8612,LIGHT REGIONAL COUNCIL,Female,16-20,1,0,8
8613,LIGHT REGIONAL COUNCIL,Female,16-20,2,0,2
8614,LIGHT REGIONAL COUNCIL,Female,21-25,0,1,18
8615,LIGHT REGIONAL COUNCIL,Female,21-25,0,2,6
8616,LIGHT REGIONAL COUNCIL,Female,21-25,0,3,1
8617,LIGHT REGIONAL COUNCIL,Female,21-25,1,0,50
8618,LIGHT REGIONAL COUNCIL,Female,21-25,1,1,5
8619,LIGHT REGIONAL COUNCIL,Female,21-25,1,2,2
8620,LIGHT REGIONAL COUNCIL,Female,21-25,1,3,1
8621,LIGHT REGIONAL COUNCIL,Female,21-25,2,0,13
8622,LIGHT REGIONAL COUNCIL,Female,21-25,2,1,1
8623,LIGHT REGIONAL COUNCIL,Female,21-25,2,2,1
8624,LIGHT REGIONAL COUNCIL,Female,21-25,2,3,1
8625,LIGHT REGIONAL COUNCIL,Female,21-25,2,5,1
8626,LIGHT REGIONAL COUNCIL,Female,21-25,3,0,1
8627,LIGHT REGIONAL COUNCIL,Female,26-30,0,1,15
8628,LIGHT REGIONAL COUNCIL,Female,26-30,0,2,6
8629,LIGHT REGIONAL COUNCIL,Female,26-30,0,4,1
8630,LIGHT REGIONAL COUNCIL,Female,26-30,1,0,109
8631,LIGHT REGIONAL COUNCIL,Female,26-30,1,1,12
8632,LIGHT REGIONAL COUNCIL,Female,26-30,1,2,3
8633,LIGHT REGIONAL COUNCIL,Female,26-30,2,0,29
8634,LIGHT REGIONAL COUNCIL,Female,26-30,2,1,8
8635,LIGHT REGIONAL COUNCIL,Female,26-30,2,2,2
8636,LIGHT REGIONAL COUNCIL,Female,26-30,3,0,5
8637,LIGHT REGIONAL COUNCIL,Female,26-30,4,0,2
8638,LIGHT REGIONAL COUNCIL,Female,31-35,0,1,15
8639,LIGHT REGIONAL COUNCIL,Female,31-35,0,2,4
8640,LIGHT REGIONAL COUNCIL,Female,31-35,1,0,114
8641,LIGHT REGIONAL COUNCIL,Female,31-35,1,1,10
8642,LIGHT REGIONAL COUNCIL,Female,31-35,1,2,4
8643,LIGHT REGIONAL COUNCIL,Female,31-35,1,4,1
8644,LIGHT REGIONAL COUNCIL,Female,31-35,2,0,43
8645,LIGHT REGIONAL COUNCIL,Female,31-35,2,1,5
8646,LIGHT REGIONAL COUNCIL,Female,31-35,2,2,2
8647,LIGHT REGIONAL COUNCIL,Female,31-35,3,0,6
8648,LIGHT REGIONAL COUNCIL,Female,31-35,3,2,2
8649,LIGHT REGIONAL COUNCIL,Female,31-35,4,0,1
8650,LIGHT REGIONAL COUNCIL,Female,36-40,>5,2,1
8651,LIGHT REGIONAL COUNCIL,Female,36-40,0,1,14
8652,LIGHT REGIONAL COUNCIL,Female,36-40,0,2,7
8653,LIGHT REGIONAL COUNCIL,Female,36-40,0,3,2
8654,LIGHT REGIONAL COUNCIL,Female,36-40,1,0,129
8655,LIGHT REGIONAL COUNCIL,Female,36-40,1,1,13
8656,LIGHT REGIONAL COUNCIL,Female,36-40,1,2,7
8657,LIGHT REGIONAL COUNCIL,Female,36-40,2,0,36
8658,LIGHT REGIONAL COUNCIL,Female,36-40,2,1,5
8659,LIGHT REGIONAL COUNCIL,Female,36-40,2,2,2
8660,LIGHT REGIONAL COUNCIL,Female,36-40,3,>5,1
8661,LIGHT REGIONAL COUNCIL,Female,36-40,3,0,5
8662,LIGHT REGIONAL COUNCIL,Female,36-40,3,1,2
8663,LIGHT REGIONAL COUNCIL,Female,36-40,3,2,1
8664,LIGHT REGIONAL COUNCIL,Female,36-40,4,0,1
8665,LIGHT REGIONAL COUNCIL,Female,36-40,4,3,1
8666,LIGHT REGIONAL COUNCIL,Female,36-40,5,0,1
8667,LIGHT REGIONAL COUNCIL,Female,41-45,0,1,14
8668,LIGHT REGIONAL COUNCIL,Female,41-45,0,2,5
8669,LIGHT REGIONAL COUNCIL,Female,41-45,0,3,1
8670,LIGHT REGIONAL COUNCIL,Female,41-45,1,>5,1
8671,LIGHT REGIONAL COUNCIL,Female,41-45,1,0,129
8672,LIGHT REGIONAL COUNCIL,Female,41-45,1,1,12
8673,LIGHT REGIONAL COUNCIL,Female,41-45,1,2,7
8674,LIGHT REGIONAL COUNCIL,Female,41-45,1,3,2
8675,LIGHT REGIONAL COUNCIL,Female,41-45,1,4,1
8676,LIGHT REGIONAL COUNCIL,Female,41-45,2,0,56
8677,LIGHT REGIONAL COUNCIL,Female,41-45,2,1,9
8678,LIGHT REGIONAL COUNCIL,Female,41-45,2,2,3
8679,LIGHT REGIONAL COUNCIL,Female,41-45,2,3,1
8680,LIGHT REGIONAL COUNCIL,Female,41-45,3,0,5
8681,LIGHT REGIONAL COUNCIL,Female,41-45,3,1,1
8682,LIGHT REGIONAL COUNCIL,Female,41-45,3,2,1
8683,LIGHT REGIONAL COUNCIL,Female,41-45,4,0,3
8684,LIGHT REGIONAL COUNCIL,Female,41-45,4,1,1
8685,LIGHT REGIONAL COUNCIL,Female,46-50,0,1,20
8686,LIGHT REGIONAL COUNCIL,Female,46-50,0,2,6
8687,LIGHT REGIONAL COUNCIL,Female,46-50,0,3,1
8688,LIGHT REGIONAL COUNCIL,Female,46-50,1,0,120
8689,LIGHT REGIONAL COUNCIL,Female,46-50,1,1,12
8690,LIGHT REGIONAL COUNCIL,Female,46-50,1,2,3
8691,LIGHT REGIONAL COUNCIL,Female,46-50,1,3,1
8692,LIGHT REGIONAL COUNCIL,Female,46-50,2,0,60
8693,LIGHT REGIONAL COUNCIL,Female,46-50,2,1,7
8694,LIGHT REGIONAL COUNCIL,Female,46-50,2,2,3
8695,LIGHT REGIONAL COUNCIL,Female,46-50,3,0,9
8696,LIGHT REGIONAL COUNCIL,Female,46-50,3,1,2
8697,LIGHT REGIONAL COUNCIL,Female,46-50,3,2,2
8698,LIGHT REGIONAL COUNCIL,Female,46-50,4,0,1
8699,LIGHT REGIONAL COUNCIL,Female,46-50,4,2,1
8700,LIGHT REGIONAL COUNCIL,Female,51-55,>5,0,1
8701,LIGHT REGIONAL COUNCIL,Female,51-55,0,1,15
8702,LIGHT REGIONAL COUNCIL,Female,51-55,0,2,4
8703,LIGHT REGIONAL COUNCIL,Female,51-55,0,3,1
8704,LIGHT REGIONAL COUNCIL,Female,51-55,1,0,152
8705,LIGHT REGIONAL COUNCIL,Female,51-55,1,1,7
8706,LIGHT REGIONAL COUNCIL,Female,51-55,1,2,5
8707,LIGHT REGIONAL COUNCIL,Female,51-55,2,>5,1
8708,LIGHT REGIONAL COUNCIL,Female,51-55,2,0,76
8709,LIGHT REGIONAL COUNCIL,Female,51-55,2,1,6
8710,LIGHT REGIONAL COUNCIL,Female,51-55,2,3,2
8711,LIGHT REGIONAL COUNCIL,Female,51-55,2,4,1
8712,LIGHT REGIONAL COUNCIL,Female,51-55,3,>5,1
8713,LIGHT REGIONAL COUNCIL,Female,51-55,3,0,15
8714,LIGHT REGIONAL COUNCIL,Female,51-55,3,1,3
8715,LIGHT REGIONAL COUNCIL,Female,51-55,3,2,2
8716,LIGHT REGIONAL COUNCIL,Female,51-55,4,0,3
8717,LIGHT REGIONAL COUNCIL,Female,51-55,5,0,1
8718,LIGHT REGIONAL COUNCIL,Female,56-60,>5,0,2
8719,LIGHT REGIONAL COUNCIL,Female,56-60,0,1,19
8720,LIGHT REGIONAL COUNCIL,Female,56-60,0,2,5
8721,LIGHT REGIONAL COUNCIL,Female,56-60,0,3,1
8722,LIGHT REGIONAL COUNCIL,Female,56-60,0,4,1
8723,LIGHT REGIONAL COUNCIL,Female,56-60,0,5,1
8724,LIGHT REGIONAL COUNCIL,Female,56-60,1,0,110
8725,LIGHT REGIONAL COUNCIL,Female,56-60,1,1,10
8726,LIGHT REGIONAL COUNCIL,Female,56-60,1,2,6
8727,LIGHT REGIONAL COUNCIL,Female,56-60,2,0,61
8728,LIGHT REGIONAL COUNCIL,Female,56-60,2,1,4
8729,LIGHT REGIONAL COUNCIL,Female,56-60,2,2,2
8730,LIGHT REGIONAL COUNCIL,Female,56-60,2,3,1
8731,LIGHT REGIONAL COUNCIL,Female,56-60,3,0,8
8732,LIGHT REGIONAL COUNCIL,Female,56-60,3,4,1
8733,LIGHT REGIONAL COUNCIL,Female,56-60,4,0,5
8734,LIGHT REGIONAL COUNCIL,Female,56-60,4,1,2
8735,LIGHT REGIONAL COUNCIL,Female,61-65,>5,0,1
8736,LIGHT REGIONAL COUNCIL,Female,61-65,0,1,11
8737,LIGHT REGIONAL COUNCIL,Female,61-65,0,2,4
8738,LIGHT REGIONAL COUNCIL,Female,61-65,0,3,4
8739,LIGHT REGIONAL COUNCIL,Female,61-65,1,0,109
8740,LIGHT REGIONAL COUNCIL,Female,61-65,1,1,4
8741,LIGHT REGIONAL COUNCIL,Female,61-65,1,2,5
8742,LIGHT REGIONAL COUNCIL,Female,61-65,1,4,2
8743,LIGHT REGIONAL COUNCIL,Female,61-65,2,0,43
8744,LIGHT REGIONAL COUNCIL,Female,61-65,2,1,4
8745,LIGHT REGIONAL COUNCIL,Female,61-65,2,2,1
8746,LIGHT REGIONAL COUNCIL,Female,61-65,3,0,11
8747,LIGHT REGIONAL COUNCIL,Female,61-65,4,0,2
8748,LIGHT REGIONAL COUNCIL,Female,66-70,>5,0,2
8749,LIGHT REGIONAL COUNCIL,Female,66-70,0,1,2
8750,LIGHT REGIONAL COUNCIL,Female,66-70,0,2,6
8751,LIGHT REGIONAL COUNCIL,Female,66-70,0,5,1
8752,LIGHT REGIONAL COUNCIL,Female,66-70,1,0,75
8753,LIGHT REGIONAL COUNCIL,Female,66-70,1,1,2
8754,LIGHT REGIONAL COUNCIL,Female,66-70,1,2,4
8755,LIGHT REGIONAL COUNCIL,Female,66-70,2,0,21
8756,LIGHT REGIONAL COUNCIL,Female,66-70,2,1,1
8757,LIGHT REGIONAL COUNCIL,Female,66-70,2,2,1
8758,LIGHT REGIONAL COUNCIL,Female,66-70,3,0,9
8759,LIGHT REGIONAL COUNCIL,Female,Unknown,0,>5,1
8760,LIGHT REGIONAL COUNCIL,Female,Unknown,0,1,6
8761,LIGHT REGIONAL COUNCIL,Female,Unknown,0,2,2
8762,LIGHT REGIONAL COUNCIL,Female,Unknown,1,0,2
8763,LIGHT REGIONAL COUNCIL,Male,>70,>5,0,1
8764,LIGHT REGIONAL COUNCIL,Male,>70,0,1,9
8765,LIGHT REGIONAL COUNCIL,Male,>70,0,3,1
8766,LIGHT REGIONAL COUNCIL,Male,>70,1,0,83
8767,LIGHT REGIONAL COUNCIL,Male,>70,1,1,1
8768,LIGHT REGIONAL COUNCIL,Male,>70,1,3,1
8769,LIGHT REGIONAL COUNCIL,Male,>70,1,4,1
8770,LIGHT REGIONAL COUNCIL,Male,>70,2,0,10
8771,LIGHT REGIONAL COUNCIL,Male,>70,3,0,7
8772,LIGHT REGIONAL COUNCIL,Male,>70,4,1,1
8773,LIGHT REGIONAL COUNCIL,Male,>70,5,0,1
8774,LIGHT REGIONAL COUNCIL,Male,16-20,1,0,2
8775,LIGHT REGIONAL COUNCIL,Male,21-25,0,1,4
8776,LIGHT REGIONAL COUNCIL,Male,21-25,1,0,37
8777,LIGHT REGIONAL COUNCIL,Male,21-25,2,0,2
8778,LIGHT REGIONAL COUNCIL,Male,26-30,0,1,4
8779,LIGHT REGIONAL COUNCIL,Male,26-30,0,3,1
8780,LIGHT REGIONAL COUNCIL,Male,26-30,1,0,62
8781,LIGHT REGIONAL COUNCIL,Male,26-30,1,1,4
8782,LIGHT REGIONAL COUNCIL,Male,26-30,1,2,1
8783,LIGHT REGIONAL COUNCIL,Male,26-30,2,0,8
8784,LIGHT REGIONAL COUNCIL,Male,26-30,2,2,1
8785,LIGHT REGIONAL COUNCIL,Male,26-30,3,0,1
8786,LIGHT REGIONAL COUNCIL,Male,31-35,0,1,5
8787,LIGHT REGIONAL COUNCIL,Male,31-35,0,2,1
8788,LIGHT REGIONAL COUNCIL,Male,31-35,1,0,79
8789,LIGHT REGIONAL COUNCIL,Male,31-35,1,1,4
8790,LIGHT REGIONAL COUNCIL,Male,31-35,2,0,12
8791,LIGHT REGIONAL COUNCIL,Male,31-35,2,1,1
8792,LIGHT REGIONAL COUNCIL,Male,31-35,2,2,1
8793,LIGHT REGIONAL COUNCIL,Male,31-35,3,0,1
8794,LIGHT REGIONAL COUNCIL,Male,36-40,0,1,2
8795,LIGHT REGIONAL COUNCIL,Male,36-40,1,0,63
8796,LIGHT REGIONAL COUNCIL,Male,36-40,1,1,2
8797,LIGHT REGIONAL COUNCIL,Male,36-40,2,0,18
8798,LIGHT REGIONAL COUNCIL,Male,36-40,3,0,1
8799,LIGHT REGIONAL COUNCIL,Male,41-45,>5,0,1
8800,LIGHT REGIONAL COUNCIL,Male,41-45,0,1,4
8801,LIGHT REGIONAL COUNCIL,Male,41-45,0,2,1
8802,LIGHT REGIONAL COUNCIL,Male,41-45,1,0,56
8803,LIGHT REGIONAL COUNCIL,Male,41-45,1,1,4
8804,LIGHT REGIONAL COUNCIL,Male,41-45,2,0,30
8805,LIGHT REGIONAL COUNCIL,Male,41-45,2,1,1
8806,LIGHT REGIONAL COUNCIL,Male,41-45,3,0,7
8807,LIGHT REGIONAL COUNCIL,Male,41-45,5,0,2
8808,LIGHT REGIONAL COUNCIL,Male,46-50,0,1,2
8809,LIGHT REGIONAL COUNCIL,Male,46-50,0,2,2
8810,LIGHT REGIONAL COUNCIL,Male,46-50,1,0,67
8811,LIGHT REGIONAL COUNCIL,Male,46-50,1,1,6
8812,LIGHT REGIONAL COUNCIL,Male,46-50,2,0,24
8813,LIGHT REGIONAL COUNCIL,Male,46-50,2,1,2
8814,LIGHT REGIONAL COUNCIL,Male,46-50,3,0,6
8815,LIGHT REGIONAL COUNCIL,Male,46-50,4,0,3
8816,LIGHT REGIONAL COUNCIL,Male,51-55,0,1,2
8817,LIGHT REGIONAL COUNCIL,Male,51-55,0,2,2
8818,LIGHT REGIONAL COUNCIL,Male,51-55,1,0,82
8819,LIGHT REGIONAL COUNCIL,Male,51-55,1,1,3
8820,LIGHT REGIONAL COUNCIL,Male,51-55,1,5,1
8821,LIGHT REGIONAL COUNCIL,Male,51-55,2,0,26
8822,LIGHT REGIONAL COUNCIL,Male,51-55,3,0,5
8823,LIGHT REGIONAL COUNCIL,Male,56-60,0,1,3
8824,LIGHT REGIONAL COUNCIL,Male,56-60,0,2,1
8825,LIGHT REGIONAL COUNCIL,Male,56-60,1,0,76
8826,LIGHT REGIONAL COUNCIL,Male,56-60,1,1,5
8827,LIGHT REGIONAL COUNCIL,Male,56-60,1,2,1
8828,LIGHT REGIONAL COUNCIL,Male,56-60,1,4,1
8829,LIGHT REGIONAL COUNCIL,Male,56-60,2,0,24
8830,LIGHT REGIONAL COUNCIL,Male,56-60,2,1,1
8831,LIGHT REGIONAL COUNCIL,Male,56-60,2,2,2
8832,LIGHT REGIONAL COUNCIL,Male,56-60,2,3,1
8833,LIGHT REGIONAL COUNCIL,Male,56-60,3,0,3
8834,LIGHT REGIONAL COUNCIL,Male,56-60,4,0,1
8835,LIGHT REGIONAL COUNCIL,Male,61-65,0,1,5
8836,LIGHT REGIONAL COUNCIL,Male,61-65,0,2,2
8837,LIGHT REGIONAL COUNCIL,Male,61-65,1,0,64
8838,LIGHT REGIONAL COUNCIL,Male,61-65,1,3,1
8839,LIGHT REGIONAL COUNCIL,Male,61-65,2,0,20
8840,LIGHT REGIONAL COUNCIL,Male,61-65,2,2,1
8841,LIGHT REGIONAL COUNCIL,Male,61-65,3,0,5
8842,LIGHT REGIONAL COUNCIL,Male,61-65,4,0,1
8843,LIGHT REGIONAL COUNCIL,Male,66-70,0,1,2
8844,LIGHT REGIONAL COUNCIL,Male,66-70,1,0,60
8845,LIGHT REGIONAL COUNCIL,Male,66-70,1,1,3
8846,LIGHT REGIONAL COUNCIL,Male,66-70,1,2,1
8847,LIGHT REGIONAL COUNCIL,Male,66-70,1,3,1
8848,LIGHT REGIONAL COUNCIL,Male,66-70,2,0,14
8849,LIGHT REGIONAL COUNCIL,Male,Unknown,0,1,2
8850,LIGHT REGIONAL COUNCIL,Male,Unknown,1,0,2
8851,LIGHT REGIONAL COUNCIL,Male,Unknown,2,0,1
8852,LIGHT REGIONAL COUNCIL,Other,>70,1,0,19
8853,LIGHT REGIONAL COUNCIL,Other,>70,1,1,1
8854,LIGHT REGIONAL COUNCIL,Other,>70,1,2,1
8855,LIGHT REGIONAL COUNCIL,Other,>70,2,0,4
8856,LIGHT REGIONAL COUNCIL,Other,>70,2,1,1
8857,LIGHT REGIONAL COUNCIL,Other,>70,3,0,2
8858,LIGHT REGIONAL COUNCIL,Other,16-20,0,1,1
8859,LIGHT REGIONAL COUNCIL,Other,26-30,1,0,2
8860,LIGHT REGIONAL COUNCIL,Other,31-35,1,0,2
8861,LIGHT REGIONAL COUNCIL,Other,36-40,1,0,5
8862,LIGHT REGIONAL COUNCIL,Other,36-40,2,0,1
8863,LIGHT REGIONAL COUNCIL,Other,41-45,1,0,6
8864,LIGHT REGIONAL COUNCIL,Other,41-45,2,0,1
8865,LIGHT REGIONAL COUNCIL,Other,41-45,2,2,1
8866,LIGHT REGIONAL COUNCIL,Other,46-50,1,0,3
8867,LIGHT REGIONAL COUNCIL,Other,46-50,2,0,1
8868,LIGHT REGIONAL COUNCIL,Other,46-50,3,0,1
8869,LIGHT REGIONAL COUNCIL,Other,51-55,1,0,7
8870,LIGHT REGIONAL COUNCIL,Other,51-55,2,0,2
8871,LIGHT REGIONAL COUNCIL,Other,51-55,2,1,1
8872,LIGHT REGIONAL COUNCIL,Other,51-55,3,0,1
8873,LIGHT REGIONAL COUNCIL,Other,56-60,0,1,2
8874,LIGHT REGIONAL COUNCIL,Other,56-60,1,0,7
8875,LIGHT REGIONAL COUNCIL,Other,56-60,2,0,4
8876,LIGHT REGIONAL COUNCIL,Other,61-65,0,1,1
8877,LIGHT REGIONAL COUNCIL,Other,61-65,1,0,7
8878,LIGHT REGIONAL COUNCIL,Other,61-65,2,0,4
8879,LIGHT REGIONAL COUNCIL,Other,66-70,1,0,5
8880,LIGHT REGIONAL COUNCIL,Other,66-70,2,0,2
8881,LIGHT REGIONAL COUNCIL,Other,Unknown,1,0,1
8882,LIGHT REGIONAL COUNCIL,Other,Unknown,2,0,1
8883,LIGHT REGIONAL COUNCIL,SUPPRESSED,Unknown,0,1,1
8884,LIGHT REGIONAL COUNCIL,SUPPRESSED,Unknown,1,0,4
8885,LIGHT REGIONAL COUNCIL,SUPPRESSED,Unknown,1,1,1
8886,LIGHT REGIONAL COUNCIL,SUPPRESSED,Unknown,1,2,1
8887,LIGHT REGIONAL COUNCIL,SUPPRESSED,Unknown,1,3,1
8888,LIGHT REGIONAL COUNCIL,SUPPRESSED,Unknown,2,0,1
8889,LIGHT REGIONAL COUNCIL,SUPPRESSED,Unknown,2,1,1
8890,LIGHT REGIONAL COUNCIL,SUPPRESSED,Unknown,4,1,1
8891,LIGHT REGIONAL COUNCIL,Unknown,>70,0,1,2
8892,LIGHT REGIONAL COUNCIL,Unknown,26-30,0,1,2
8893,LIGHT REGIONAL COUNCIL,Unknown,26-30,0,2,1
8894,LIGHT REGIONAL COUNCIL,Unknown,26-30,1,1,1
8895,LIGHT REGIONAL COUNCIL,Unknown,31-35,0,1,1
8896,LIGHT REGIONAL COUNCIL,Unknown,41-45,0,1,1
8897,LIGHT REGIONAL COUNCIL,Unknown,46-50,0,1,1
8898,LIGHT REGIONAL COUNCIL,Unknown,46-50,1,1,1
8899,LIGHT REGIONAL COUNCIL,Unknown,46-50,2,0,1
8900,LIGHT REGIONAL COUNCIL,Unknown,51-55,0,1,1
8901,LIGHT REGIONAL COUNCIL,Unknown,51-55,1,0,1
8902,LIGHT REGIONAL COUNCIL,Unknown,56-60,0,1,1
8903,LIGHT REGIONAL COUNCIL,Unknown,66-70,0,1,1
8904,LIGHT REGIONAL COUNCIL,Unknown,Unknown,0,1,63
8905,LIGHT REGIONAL COUNCIL,Unknown,Unknown,0,2,8
8906,LIGHT REGIONAL COUNCIL,Unknown,Unknown,0,3,2
8907,LIGHT REGIONAL COUNCIL,Unknown,Unknown,0,4,1
8908,LIGHT REGIONAL COUNCIL,Unknown,Unknown,1,0,5
8909,MID MURRAY COUNCIL,Female,>70,>5,0,4
8910,MID MURRAY COUNCIL,Female,>70,0,>5,1
8911,MID MURRAY COUNCIL,Female,>70,0,1,12
8912,MID MURRAY COUNCIL,Female,>70,0,2,6
8913,MID MURRAY COUNCIL,Female,>70,1,0,123
8914,MID MURRAY COUNCIL,Female,>70,1,1,7
8915,MID MURRAY COUNCIL,Female,>70,2,0,22
8916,MID MURRAY COUNCIL,Female,>70,2,1,2
8917,MID MURRAY COUNCIL,Female,>70,3,0,2
8918,MID MURRAY COUNCIL,Female,>70,5,0,1
8919,MID MURRAY COUNCIL,Female,16-20,0,1,2
8920,MID MURRAY COUNCIL,Female,16-20,1,0,2
8921,MID MURRAY COUNCIL,Female,21-25,0,1,2
8922,MID MURRAY COUNCIL,Female,21-25,0,2,2
8923,MID MURRAY COUNCIL,Female,21-25,1,0,33
8924,MID MURRAY COUNCIL,Female,21-25,1,2,1
8925,MID MURRAY COUNCIL,Female,21-25,2,0,6
8926,MID MURRAY COUNCIL,Female,21-25,3,0,1
8927,MID MURRAY COUNCIL,Female,21-25,4,0,1
8928,MID MURRAY COUNCIL,Female,26-30,0,1,5
8929,MID MURRAY COUNCIL,Female,26-30,0,2,2
8930,MID MURRAY COUNCIL,Female,26-30,1,0,41
8931,MID MURRAY COUNCIL,Female,26-30,1,2,1
8932,MID MURRAY COUNCIL,Female,26-30,2,0,15
8933,MID MURRAY COUNCIL,Female,26-30,2,2,3
8934,MID MURRAY COUNCIL,Female,26-30,3,0,2
8935,MID MURRAY COUNCIL,Female,26-30,4,0,1
8936,MID MURRAY COUNCIL,Female,31-35,>5,0,1
8937,MID MURRAY COUNCIL,Female,31-35,0,1,4
8938,MID MURRAY COUNCIL,Female,31-35,0,2,5
8939,MID MURRAY COUNCIL,Female,31-35,0,3,1
8940,MID MURRAY COUNCIL,Female,31-35,1,0,46
8941,MID MURRAY COUNCIL,Female,31-35,1,1,4
8942,MID MURRAY COUNCIL,Female,31-35,1,2,1
8943,MID MURRAY COUNCIL,Female,31-35,2,0,22
8944,MID MURRAY COUNCIL,Female,31-35,2,1,3
8945,MID MURRAY COUNCIL,Female,31-35,2,3,1
8946,MID MURRAY COUNCIL,Female,31-35,2,5,1
8947,MID MURRAY COUNCIL,Female,31-35,3,0,7
8948,MID MURRAY COUNCIL,Female,31-35,4,0,2
8949,MID MURRAY COUNCIL,Female,36-40,>5,0,1
8950,MID MURRAY COUNCIL,Female,36-40,>5,1,1
8951,MID MURRAY COUNCIL,Female,36-40,0,1,10
8952,MID MURRAY COUNCIL,Female,36-40,0,2,3
8953,MID MURRAY COUNCIL,Female,36-40,1,0,39
8954,MID MURRAY COUNCIL,Female,36-40,1,1,6
8955,MID MURRAY COUNCIL,Female,36-40,1,3,2
8956,MID MURRAY COUNCIL,Female,36-40,2,0,31
8957,MID MURRAY COUNCIL,Female,36-40,2,1,1
8958,MID MURRAY COUNCIL,Female,36-40,3,0,9
8959,MID MURRAY COUNCIL,Female,36-40,3,2,1
8960,MID MURRAY COUNCIL,Female,36-40,4,0,2
8961,MID MURRAY COUNCIL,Female,36-40,4,1,1
8962,MID MURRAY COUNCIL,Female,41-45,0,1,5
8963,MID MURRAY COUNCIL,Female,41-45,0,2,4
8964,MID MURRAY COUNCIL,Female,41-45,1,0,49
8965,MID MURRAY COUNCIL,Female,41-45,1,1,2
8966,MID MURRAY COUNCIL,Female,41-45,1,2,1
8967,MID MURRAY COUNCIL,Female,41-45,1,3,1
8968,MID MURRAY COUNCIL,Female,41-45,2,0,14
8969,MID MURRAY COUNCIL,Female,41-45,2,1,2
8970,MID MURRAY COUNCIL,Female,41-45,2,2,1
8971,MID MURRAY COUNCIL,Female,41-45,3,0,11
8972,MID MURRAY COUNCIL,Female,41-45,3,1,1
8973,MID MURRAY COUNCIL,Female,41-45,4,0,3
8974,MID MURRAY COUNCIL,Female,41-45,4,2,1
8975,MID MURRAY COUNCIL,Female,41-45,5,0,2
8976,MID MURRAY COUNCIL,Female,46-50,>5,0,2
8977,MID MURRAY COUNCIL,Female,46-50,0,1,9
8978,MID MURRAY COUNCIL,Female,46-50,1,0,60
8979,MID MURRAY COUNCIL,Female,46-50,1,1,10
8980,MID MURRAY COUNCIL,Female,46-50,1,2,2
8981,MID MURRAY COUNCIL,Female,46-50,1,4,2
8982,MID MURRAY COUNCIL,Female,46-50,2,0,21
8983,MID MURRAY COUNCIL,Female,46-50,2,1,3
8984,MID MURRAY COUNCIL,Female,46-50,2,3,1
8985,MID MURRAY COUNCIL,Female,46-50,3,0,4
8986,MID MURRAY COUNCIL,Female,46-50,3,1,1
8987,MID MURRAY COUNCIL,Female,46-50,4,1,1
8988,MID MURRAY COUNCIL,Female,51-55,>5,0,3
8989,MID MURRAY COUNCIL,Female,51-55,0,1,5
8990,MID MURRAY COUNCIL,Female,51-55,0,2,2
8991,MID MURRAY COUNCIL,Female,51-55,0,5,1
8992,MID MURRAY COUNCIL,Female,51-55,1,0,78
8993,MID MURRAY COUNCIL,Female,51-55,1,1,4
8994,MID MURRAY COUNCIL,Female,51-55,1,2,4
8995,MID MURRAY COUNCIL,Female,51-55,2,0,28
8996,MID MURRAY COUNCIL,Female,51-55,2,1,6
8997,MID MURRAY COUNCIL,Female,51-55,2,3,1
8998,MID MURRAY COUNCIL,Female,51-55,3,0,10
8999,MID MURRAY COUNCIL,Female,51-55,3,2,2
9000,MID MURRAY COUNCIL,Female,51-55,4,0,6
9001,MID MURRAY COUNCIL,Female,51-55,5,0,1
9002,MID MURRAY COUNCIL,Female,56-60,>5,0,2
9003,MID MURRAY COUNCIL,Female,56-60,0,1,10
9004,MID MURRAY COUNCIL,Female,56-60,0,2,2
9005,MID MURRAY COUNCIL,Female,56-60,0,3,1
9006,MID MURRAY COUNCIL,Female,56-60,1,0,76
9007,MID MURRAY COUNCIL,Female,56-60,1,1,8
9008,MID MURRAY COUNCIL,Female,56-60,1,2,4
9009,MID MURRAY COUNCIL,Female,56-60,2,0,36
9010,MID MURRAY COUNCIL,Female,56-60,2,1,6
9011,MID MURRAY COUNCIL,Female,56-60,2,2,2
9012,MID MURRAY COUNCIL,Female,56-60,2,3,1
9013,MID MURRAY COUNCIL,Female,56-60,3,0,7
9014,MID MURRAY COUNCIL,Female,56-60,3,1,1
9015,MID MURRAY COUNCIL,Female,56-60,3,4,1
9016,MID MURRAY COUNCIL,Female,56-60,4,0,3
9017,MID MURRAY COUNCIL,Female,61-65,>5,0,4
9018,MID MURRAY COUNCIL,Female,61-65,>5,1,1
9019,MID MURRAY COUNCIL,Female,61-65,0,1,5
9020,MID MURRAY COUNCIL,Female,61-65,0,2,4
9021,MID MURRAY COUNCIL,Female,61-65,1,0,94
9022,MID MURRAY COUNCIL,Female,61-65,1,1,4
9023,MID MURRAY COUNCIL,Female,61-65,1,2,2
9024,MID MURRAY COUNCIL,Female,61-65,1,3,1
9025,MID MURRAY COUNCIL,Female,61-65,2,0,32
9026,MID MURRAY COUNCIL,Female,61-65,2,1,6
9027,MID MURRAY COUNCIL,Female,61-65,3,0,5
9028,MID MURRAY COUNCIL,Female,61-65,4,0,2
9029,MID MURRAY COUNCIL,Female,66-70,>5,0,4
9030,MID MURRAY COUNCIL,Female,66-70,0,1,7
9031,MID MURRAY COUNCIL,Female,66-70,0,2,2
9032,MID MURRAY COUNCIL,Female,66-70,1,0,80
9033,MID MURRAY COUNCIL,Female,66-70,1,2,2
9034,MID MURRAY COUNCIL,Female,66-70,1,3,1
9035,MID MURRAY COUNCIL,Female,66-70,2,0,19
9036,MID MURRAY COUNCIL,Female,66-70,3,0,6
9037,MID MURRAY COUNCIL,Female,66-70,4,0,3
9038,MID MURRAY COUNCIL,Female,66-70,4,2,1
9039,MID MURRAY COUNCIL,Female,Unknown,0,1,1
9040,MID MURRAY COUNCIL,Male,>70,>5,0,2
9041,MID MURRAY COUNCIL,Male,>70,0,1,2
9042,MID MURRAY COUNCIL,Male,>70,0,2,5
9043,MID MURRAY COUNCIL,Male,>70,1,0,130
9044,MID MURRAY COUNCIL,Male,>70,1,1,2
9045,MID MURRAY COUNCIL,Male,>70,1,2,1
9046,MID MURRAY COUNCIL,Male,>70,2,0,22
9047,MID MURRAY COUNCIL,Male,>70,2,2,1
9048,MID MURRAY COUNCIL,Male,>70,3,0,2
9049,MID MURRAY COUNCIL,Male,>70,4,1,1
9050,MID MURRAY COUNCIL,Male,16-20,0,1,2
9051,MID MURRAY COUNCIL,Male,16-20,1,0,2
9052,MID MURRAY COUNCIL,Male,21-25,0,1,2
9053,MID MURRAY COUNCIL,Male,21-25,0,2,2
9054,MID MURRAY COUNCIL,Male,21-25,1,0,14
9055,MID MURRAY COUNCIL,Male,21-25,2,0,3
9056,MID MURRAY COUNCIL,Male,21-25,4,0,1
9057,MID MURRAY COUNCIL,Male,26-30,0,2,1
9058,MID MURRAY COUNCIL,Male,26-30,1,0,31
9059,MID MURRAY COUNCIL,Male,26-30,2,0,5
9060,MID MURRAY COUNCIL,Male,26-30,3,0,1
9061,MID MURRAY COUNCIL,Male,31-35,>5,0,1
9062,MID MURRAY COUNCIL,Male,31-35,0,1,1
9063,MID MURRAY COUNCIL,Male,31-35,1,0,33
9064,MID MURRAY COUNCIL,Male,31-35,1,1,2
9065,MID MURRAY COUNCIL,Male,31-35,2,0,9
9066,MID MURRAY COUNCIL,Male,31-35,2,1,1
9067,MID MURRAY COUNCIL,Male,31-35,5,0,1
9068,MID MURRAY COUNCIL,Male,36-40,>5,0,1
9069,MID MURRAY COUNCIL,Male,36-40,0,1,1
9070,MID MURRAY COUNCIL,Male,36-40,1,0,24
9071,MID MURRAY COUNCIL,Male,36-40,1,1,2
9072,MID MURRAY COUNCIL,Male,36-40,1,2,1
9073,MID MURRAY COUNCIL,Male,36-40,2,0,8
9074,MID MURRAY COUNCIL,Male,36-40,3,0,1
9075,MID MURRAY COUNCIL,Male,36-40,5,0,2
9076,MID MURRAY COUNCIL,Male,41-45,0,1,2
9077,MID MURRAY COUNCIL,Male,41-45,1,0,24
9078,MID MURRAY COUNCIL,Male,41-45,1,1,1
9079,MID MURRAY COUNCIL,Male,41-45,2,0,15
9080,MID MURRAY COUNCIL,Male,41-45,2,1,1
9081,MID MURRAY COUNCIL,Male,41-45,2,2,1
9082,MID MURRAY COUNCIL,Male,41-45,3,0,4
9083,MID MURRAY COUNCIL,Male,46-50,>5,0,1
9084,MID MURRAY COUNCIL,Male,46-50,0,1,1
9085,MID MURRAY COUNCIL,Male,46-50,0,3,1
9086,MID MURRAY COUNCIL,Male,46-50,1,0,29
9087,MID MURRAY COUNCIL,Male,46-50,2,0,10
9088,MID MURRAY COUNCIL,Male,46-50,3,0,4
9089,MID MURRAY COUNCIL,Male,46-50,4,0,1
9090,MID MURRAY COUNCIL,Male,51-55,>5,0,1
9091,MID MURRAY COUNCIL,Male,51-55,0,1,1
9092,MID MURRAY COUNCIL,Male,51-55,0,3,1
9093,MID MURRAY COUNCIL,Male,51-55,1,0,51
9094,MID MURRAY COUNCIL,Male,51-55,1,1,3
9095,MID MURRAY COUNCIL,Male,51-55,2,0,20
9096,MID MURRAY COUNCIL,Male,51-55,2,1,2
9097,MID MURRAY COUNCIL,Male,51-55,3,0,5
9098,MID MURRAY COUNCIL,Male,51-55,3,1,1
9099,MID MURRAY COUNCIL,Male,51-55,3,2,1
9100,MID MURRAY COUNCIL,Male,56-60,>5,0,2
9101,MID MURRAY COUNCIL,Male,56-60,0,1,3
9102,MID MURRAY COUNCIL,Male,56-60,0,2,1
9103,MID MURRAY COUNCIL,Male,56-60,1,0,65
9104,MID MURRAY COUNCIL,Male,56-60,1,3,1
9105,MID MURRAY COUNCIL,Male,56-60,2,0,24
9106,MID MURRAY COUNCIL,Male,56-60,2,1,1
9107,MID MURRAY COUNCIL,Male,56-60,3,0,4
9108,MID MURRAY COUNCIL,Male,61-65,0,>5,2
9109,MID MURRAY COUNCIL,Male,61-65,0,1,5
9110,MID MURRAY COUNCIL,Male,61-65,0,2,1
9111,MID MURRAY COUNCIL,Male,61-65,1,0,69
9112,MID MURRAY COUNCIL,Male,61-65,1,1,2
9113,MID MURRAY COUNCIL,Male,61-65,2,0,17
9114,MID MURRAY COUNCIL,Male,61-65,3,0,5
9115,MID MURRAY COUNCIL,Male,61-65,4,0,2
9116,MID MURRAY COUNCIL,Male,61-65,5,1,1
9117,MID MURRAY COUNCIL,Male,66-70,0,3,1
9118,MID MURRAY COUNCIL,Male,66-70,1,0,61
9119,MID MURRAY COUNCIL,Male,66-70,1,1,2
9120,MID MURRAY COUNCIL,Male,66-70,2,0,15
9121,MID MURRAY COUNCIL,Male,66-70,2,1,2
9122,MID MURRAY COUNCIL,Male,66-70,3,0,2
9123,MID MURRAY COUNCIL,Male,66-70,4,0,3
9124,MID MURRAY COUNCIL,Male,66-70,5,0,1
9125,MID MURRAY COUNCIL,Other,>70,>5,0,1
9126,MID MURRAY COUNCIL,Other,>70,0,2,1
9127,MID MURRAY COUNCIL,Other,>70,1,0,16
9128,MID MURRAY COUNCIL,Other,>70,1,1,2
9129,MID MURRAY COUNCIL,Other,>70,2,0,9
9130,MID MURRAY COUNCIL,Other,>70,2,2,1
9131,MID MURRAY COUNCIL,Other,>70,3,0,1
9132,MID MURRAY COUNCIL,Other,16-20,1,0,1
9133,MID MURRAY COUNCIL,Other,26-30,1,0,2
9134,MID MURRAY COUNCIL,Other,26-30,3,0,1
9135,MID MURRAY COUNCIL,Other,31-35,3,1,1
9136,MID MURRAY COUNCIL,Other,36-40,1,0,1
9137,MID MURRAY COUNCIL,Other,36-40,2,0,1
9138,MID MURRAY COUNCIL,Other,41-45,1,0,4
9139,MID MURRAY COUNCIL,Other,41-45,3,0,1
9140,MID MURRAY COUNCIL,Other,46-50,1,0,6
9141,MID MURRAY COUNCIL,Other,46-50,4,0,1
9142,MID MURRAY COUNCIL,Other,51-55,0,1,1
9143,MID MURRAY COUNCIL,Other,51-55,1,0,7
9144,MID MURRAY COUNCIL,Other,56-60,1,0,11
9145,MID MURRAY COUNCIL,Other,56-60,2,0,2
9146,MID MURRAY COUNCIL,Other,61-65,1,0,7
9147,MID MURRAY COUNCIL,Other,61-65,2,0,1
9148,MID MURRAY COUNCIL,Other,66-70,1,0,7
9149,MID MURRAY COUNCIL,Other,66-70,2,0,2
9150,MID MURRAY COUNCIL,Other,66-70,3,0,1
9151,MID MURRAY COUNCIL,SUPPRESSED,Unknown,1,0,2
9152,MID MURRAY COUNCIL,SUPPRESSED,Unknown,3,>5,1
9153,MID MURRAY COUNCIL,SUPPRESSED,Unknown,4,0,1
9154,MID MURRAY COUNCIL,Unknown,>70,0,1,2
9155,MID MURRAY COUNCIL,Unknown,21-25,0,1,1
9156,MID MURRAY COUNCIL,Unknown,21-25,1,0,2
9157,MID MURRAY COUNCIL,Unknown,26-30,2,0,1
9158,MID MURRAY COUNCIL,Unknown,31-35,0,1,1
9159,MID MURRAY COUNCIL,Unknown,31-35,1,0,1
9160,MID MURRAY COUNCIL,Unknown,36-40,0,1,1
9161,MID MURRAY COUNCIL,Unknown,36-40,1,0,1
9162,MID MURRAY COUNCIL,Unknown,41-45,0,1,1
9163,MID MURRAY COUNCIL,Unknown,41-45,1,0,1
9164,MID MURRAY COUNCIL,Unknown,46-50,0,1,2
9165,MID MURRAY COUNCIL,Unknown,51-55,0,4,1
9166,MID MURRAY COUNCIL,Unknown,56-60,0,1,1
9167,MID MURRAY COUNCIL,Unknown,56-60,1,0,1
9168,MID MURRAY COUNCIL,Unknown,61-65,0,>5,1
9169,MID MURRAY COUNCIL,Unknown,66-70,0,1,1
9170,MID MURRAY COUNCIL,Unknown,Unknown,0,1,2
9171,MOUNT BARKER DISTRICT COUNCIL,Female,>70,0,1,85
9172,MOUNT BARKER DISTRICT COUNCIL,Female,>70,0,2,19
9173,MOUNT BARKER DISTRICT COUNCIL,Female,>70,0,3,1
9174,MOUNT BARKER DISTRICT COUNCIL,Female,>70,0,4,2
9175,MOUNT BARKER DISTRICT COUNCIL,Female,>70,0,5,1
9176,MOUNT BARKER DISTRICT COUNCIL,Female,>70,1,0,355
9177,MOUNT BARKER DISTRICT COUNCIL,Female,>70,1,1,29
9178,MOUNT BARKER DISTRICT COUNCIL,Female,>70,1,2,13
9179,MOUNT BARKER DISTRICT COUNCIL,Female,>70,1,3,2
9180,MOUNT BARKER DISTRICT COUNCIL,Female,>70,2,0,65
9181,MOUNT BARKER DISTRICT COUNCIL,Female,>70,2,1,3
9182,MOUNT BARKER DISTRICT COUNCIL,Female,>70,2,2,6
9183,MOUNT BARKER DISTRICT COUNCIL,Female,>70,2,5,1
9184,MOUNT BARKER DISTRICT COUNCIL,Female,>70,3,0,11
9185,MOUNT BARKER DISTRICT COUNCIL,Female,>70,4,0,3
9186,MOUNT BARKER DISTRICT COUNCIL,Female,16-20,0,1,10
9187,MOUNT BARKER DISTRICT COUNCIL,Female,16-20,0,2,1
9188,MOUNT BARKER DISTRICT COUNCIL,Female,16-20,1,0,14
9189,MOUNT BARKER DISTRICT COUNCIL,Female,16-20,1,1,1
9190,MOUNT BARKER DISTRICT COUNCIL,Female,21-25,0,1,56
9191,MOUNT BARKER DISTRICT COUNCIL,Female,21-25,0,2,19
9192,MOUNT BARKER DISTRICT COUNCIL,Female,21-25,0,3,1
9193,MOUNT BARKER DISTRICT COUNCIL,Female,21-25,1,0,101
9194,MOUNT BARKER DISTRICT COUNCIL,Female,21-25,1,1,12
9195,MOUNT BARKER DISTRICT COUNCIL,Female,21-25,1,2,2
9196,MOUNT BARKER DISTRICT COUNCIL,Female,21-25,2,0,15
9197,MOUNT BARKER DISTRICT COUNCIL,Female,21-25,2,1,4
9198,MOUNT BARKER DISTRICT COUNCIL,Female,21-25,3,0,1
9199,MOUNT BARKER DISTRICT COUNCIL,Female,21-25,3,1,1
9200,MOUNT BARKER DISTRICT COUNCIL,Female,26-30,0,1,68
9201,MOUNT BARKER DISTRICT COUNCIL,Female,26-30,0,2,31
9202,MOUNT BARKER DISTRICT COUNCIL,Female,26-30,0,3,3
9203,MOUNT BARKER DISTRICT COUNCIL,Female,26-30,1,0,259
9204,MOUNT BARKER DISTRICT COUNCIL,Female,26-30,1,1,23
9205,MOUNT BARKER DISTRICT COUNCIL,Female,26-30,1,2,4
9206,MOUNT BARKER DISTRICT COUNCIL,Female,26-30,1,3,2
9207,MOUNT BARKER DISTRICT COUNCIL,Female,26-30,2,0,71
9208,MOUNT BARKER DISTRICT COUNCIL,Female,26-30,2,1,4
9209,MOUNT BARKER DISTRICT COUNCIL,Female,26-30,2,2,3
9210,MOUNT BARKER DISTRICT COUNCIL,Female,26-30,2,3,1
9211,MOUNT BARKER DISTRICT COUNCIL,Female,26-30,3,0,1
9212,MOUNT BARKER DISTRICT COUNCIL,Female,26-30,3,1,1
9213,MOUNT BARKER DISTRICT COUNCIL,Female,31-35,>5,0,1
9214,MOUNT BARKER DISTRICT COUNCIL,Female,31-35,0,1,64
9215,MOUNT BARKER DISTRICT COUNCIL,Female,31-35,0,2,33
9216,MOUNT BARKER DISTRICT COUNCIL,Female,31-35,0,3,6
9217,MOUNT BARKER DISTRICT COUNCIL,Female,31-35,1,0,301
9218,MOUNT BARKER DISTRICT COUNCIL,Female,31-35,1,1,29
9219,MOUNT BARKER DISTRICT COUNCIL,Female,31-35,1,2,11
9220,MOUNT BARKER DISTRICT COUNCIL,Female,31-35,1,3,3
9221,MOUNT BARKER DISTRICT COUNCIL,Female,31-35,2,>5,2
9222,MOUNT BARKER DISTRICT COUNCIL,Female,31-35,2,0,96
9223,MOUNT BARKER DISTRICT COUNCIL,Female,31-35,2,1,10
9224,MOUNT BARKER DISTRICT COUNCIL,Female,31-35,2,2,5
9225,MOUNT BARKER DISTRICT COUNCIL,Female,31-35,2,4,1
9226,MOUNT BARKER DISTRICT COUNCIL,Female,31-35,3,0,9
9227,MOUNT BARKER DISTRICT COUNCIL,Female,31-35,3,2,1
9228,MOUNT BARKER DISTRICT COUNCIL,Female,36-40,>5,0,1
9229,MOUNT BARKER DISTRICT COUNCIL,Female,36-40,0,1,58
9230,MOUNT BARKER DISTRICT COUNCIL,Female,36-40,0,2,25
9231,MOUNT BARKER DISTRICT COUNCIL,Female,36-40,0,3,5
9232,MOUNT BARKER DISTRICT COUNCIL,Female,36-40,1,0,332
9233,MOUNT BARKER DISTRICT COUNCIL,Female,36-40,1,1,29
9234,MOUNT BARKER DISTRICT COUNCIL,Female,36-40,1,2,9
9235,MOUNT BARKER DISTRICT COUNCIL,Female,36-40,1,3,1
9236,MOUNT BARKER DISTRICT COUNCIL,Female,36-40,1,4,1
9237,MOUNT BARKER DISTRICT COUNCIL,Female,36-40,2,0,96
9238,MOUNT BARKER DISTRICT COUNCIL,Female,36-40,2,1,9
9239,MOUNT BARKER DISTRICT COUNCIL,Female,36-40,2,2,4
9240,MOUNT BARKER DISTRICT COUNCIL,Female,36-40,3,0,5
9241,MOUNT BARKER DISTRICT COUNCIL,Female,36-40,3,2,1
9242,MOUNT BARKER DISTRICT COUNCIL,Female,36-40,4,0,1
9243,MOUNT BARKER DISTRICT COUNCIL,Female,41-45,0,1,63
9244,MOUNT BARKER DISTRICT COUNCIL,Female,41-45,0,2,33
9245,MOUNT BARKER DISTRICT COUNCIL,Female,41-45,0,3,2
9246,MOUNT BARKER DISTRICT COUNCIL,Female,41-45,1,0,279
9247,MOUNT BARKER DISTRICT COUNCIL,Female,41-45,1,1,57
9248,MOUNT BARKER DISTRICT COUNCIL,Female,41-45,1,2,19
9249,MOUNT BARKER DISTRICT COUNCIL,Female,41-45,1,3,2
9250,MOUNT BARKER DISTRICT COUNCIL,Female,41-45,2,0,104
9251,MOUNT BARKER DISTRICT COUNCIL,Female,41-45,2,1,17
9252,MOUNT BARKER DISTRICT COUNCIL,Female,41-45,2,2,10
9253,MOUNT BARKER DISTRICT COUNCIL,Female,41-45,3,0,6
9254,MOUNT BARKER DISTRICT COUNCIL,Female,41-45,3,1,1
9255,MOUNT BARKER DISTRICT COUNCIL,Female,41-45,4,0,2
9256,MOUNT BARKER DISTRICT COUNCIL,Female,41-45,5,0,1
9257,MOUNT BARKER DISTRICT COUNCIL,Female,46-50,>5,0,1
9258,MOUNT BARKER DISTRICT COUNCIL,Female,46-50,0,1,70
9259,MOUNT BARKER DISTRICT COUNCIL,Female,46-50,0,2,19
9260,MOUNT BARKER DISTRICT COUNCIL,Female,46-50,0,3,6
9261,MOUNT BARKER DISTRICT COUNCIL,Female,46-50,1,0,325
9262,MOUNT BARKER DISTRICT COUNCIL,Female,46-50,1,1,41
9263,MOUNT BARKER DISTRICT COUNCIL,Female,46-50,1,2,20
9264,MOUNT BARKER DISTRICT COUNCIL,Female,46-50,1,3,4
9265,MOUNT BARKER DISTRICT COUNCIL,Female,46-50,1,5,2
9266,MOUNT BARKER DISTRICT COUNCIL,Female,46-50,2,>5,2
9267,MOUNT BARKER DISTRICT COUNCIL,Female,46-50,2,0,120
9268,MOUNT BARKER DISTRICT COUNCIL,Female,46-50,2,1,12
9269,MOUNT BARKER DISTRICT COUNCIL,Female,46-50,2,2,13
9270,MOUNT BARKER DISTRICT COUNCIL,Female,46-50,2,3,2
9271,MOUNT BARKER DISTRICT COUNCIL,Female,46-50,2,4,1
9272,MOUNT BARKER DISTRICT COUNCIL,Female,46-50,3,0,14
9273,MOUNT BARKER DISTRICT COUNCIL,Female,46-50,3,1,3
9274,MOUNT BARKER DISTRICT COUNCIL,Female,46-50,3,2,1
9275,MOUNT BARKER DISTRICT COUNCIL,Female,46-50,4,0,3
9276,MOUNT BARKER DISTRICT COUNCIL,Female,46-50,4,2,1
9277,MOUNT BARKER DISTRICT COUNCIL,Female,46-50,5,1,2
9278,MOUNT BARKER DISTRICT COUNCIL,Female,51-55,>5,0,2
9279,MOUNT BARKER DISTRICT COUNCIL,Female,51-55,>5,1,1
9280,MOUNT BARKER DISTRICT COUNCIL,Female,51-55,0,>5,1
9281,MOUNT BARKER DISTRICT COUNCIL,Female,51-55,0,1,79
9282,MOUNT BARKER DISTRICT COUNCIL,Female,51-55,0,2,36
9283,MOUNT BARKER DISTRICT COUNCIL,Female,51-55,0,3,5
9284,MOUNT BARKER DISTRICT COUNCIL,Female,51-55,0,4,1
9285,MOUNT BARKER DISTRICT COUNCIL,Female,51-55,1,0,341
9286,MOUNT BARKER DISTRICT COUNCIL,Female,51-55,1,1,47
9287,MOUNT BARKER DISTRICT COUNCIL,Female,51-55,1,2,18
9288,MOUNT BARKER DISTRICT COUNCIL,Female,51-55,1,3,3
9289,MOUNT BARKER DISTRICT COUNCIL,Female,51-55,1,4,2
9290,MOUNT BARKER DISTRICT COUNCIL,Female,51-55,2,0,158
9291,MOUNT BARKER DISTRICT COUNCIL,Female,51-55,2,1,13
9292,MOUNT BARKER DISTRICT COUNCIL,Female,51-55,2,2,12
9293,MOUNT BARKER DISTRICT COUNCIL,Female,51-55,2,3,1
9294,MOUNT BARKER DISTRICT COUNCIL,Female,51-55,2,5,1
9295,MOUNT BARKER DISTRICT COUNCIL,Female,51-55,3,0,14
9296,MOUNT BARKER DISTRICT COUNCIL,Female,51-55,3,1,2
9297,MOUNT BARKER DISTRICT COUNCIL,Female,51-55,3,2,1
9298,MOUNT BARKER DISTRICT COUNCIL,Female,56-60,>5,0,3
9299,MOUNT BARKER DISTRICT COUNCIL,Female,56-60,>5,2,1
9300,MOUNT BARKER DISTRICT COUNCIL,Female,56-60,0,1,63
9301,MOUNT BARKER DISTRICT COUNCIL,Female,56-60,0,2,25
9302,MOUNT BARKER DISTRICT COUNCIL,Female,56-60,0,3,3
9303,MOUNT BARKER DISTRICT COUNCIL,Female,56-60,1,>5,1
9304,MOUNT BARKER DISTRICT COUNCIL,Female,56-60,1,0,255
9305,MOUNT BARKER DISTRICT COUNCIL,Female,56-60,1,1,31
9306,MOUNT BARKER DISTRICT COUNCIL,Female,56-60,1,2,16
9307,MOUNT BARKER DISTRICT COUNCIL,Female,56-60,1,3,1
9308,MOUNT BARKER DISTRICT COUNCIL,Female,56-60,1,4,2
9309,MOUNT BARKER DISTRICT COUNCIL,Female,56-60,2,0,112
9310,MOUNT BARKER DISTRICT COUNCIL,Female,56-60,2,1,13
9311,MOUNT BARKER DISTRICT COUNCIL,Female,56-60,2,2,8
9312,MOUNT BARKER DISTRICT COUNCIL,Female,56-60,2,3,1
9313,MOUNT BARKER DISTRICT COUNCIL,Female,56-60,2,4,2
9314,MOUNT BARKER DISTRICT COUNCIL,Female,56-60,3,0,19
9315,MOUNT BARKER DISTRICT COUNCIL,Female,56-60,3,1,1
9316,MOUNT BARKER DISTRICT COUNCIL,Female,56-60,4,0,3
9317,MOUNT BARKER DISTRICT COUNCIL,Female,56-60,4,1,1
9318,MOUNT BARKER DISTRICT COUNCIL,Female,56-60,4,4,2
9319,MOUNT BARKER DISTRICT COUNCIL,Female,56-60,5,1,1
9320,MOUNT BARKER DISTRICT COUNCIL,Female,61-65,>5,0,1
9321,MOUNT BARKER DISTRICT COUNCIL,Female,61-65,0,1,42
9322,MOUNT BARKER DISTRICT COUNCIL,Female,61-65,0,2,16
9323,MOUNT BARKER DISTRICT COUNCIL,Female,61-65,0,3,3
9324,MOUNT BARKER DISTRICT COUNCIL,Female,61-65,1,>5,1
9325,MOUNT BARKER DISTRICT COUNCIL,Female,61-65,1,0,260
9326,MOUNT BARKER DISTRICT COUNCIL,Female,61-65,1,1,26
9327,MOUNT BARKER DISTRICT COUNCIL,Female,61-65,1,2,11
9328,MOUNT BARKER DISTRICT COUNCIL,Female,61-65,2,0,91
9329,MOUNT BARKER DISTRICT COUNCIL,Female,61-65,2,1,8
9330,MOUNT BARKER DISTRICT COUNCIL,Female,61-65,2,2,4
9331,MOUNT BARKER DISTRICT COUNCIL,Female,61-65,3,0,15
9332,MOUNT BARKER DISTRICT COUNCIL,Female,61-65,3,1,2
9333,MOUNT BARKER DISTRICT COUNCIL,Female,61-65,4,0,3
9334,MOUNT BARKER DISTRICT COUNCIL,Female,61-65,5,0,1
9335,MOUNT BARKER DISTRICT COUNCIL,Female,61-65,5,1,1
9336,MOUNT BARKER DISTRICT COUNCIL,Female,66-70,>5,0,4
9337,MOUNT BARKER DISTRICT COUNCIL,Female,66-70,0,>5,1
9338,MOUNT BARKER DISTRICT COUNCIL,Female,66-70,0,1,48
9339,MOUNT BARKER DISTRICT COUNCIL,Female,66-70,0,2,12
9340,MOUNT BARKER DISTRICT COUNCIL,Female,66-70,1,0,195
9341,MOUNT BARKER DISTRICT COUNCIL,Female,66-70,1,1,19
9342,MOUNT BARKER DISTRICT COUNCIL,Female,66-70,1,2,4
9343,MOUNT BARKER DISTRICT COUNCIL,Female,66-70,2,0,77
9344,MOUNT BARKER DISTRICT COUNCIL,Female,66-70,2,1,4
9345,MOUNT BARKER DISTRICT COUNCIL,Female,66-70,2,2,2
9346,MOUNT BARKER DISTRICT COUNCIL,Female,66-70,3,0,8
9347,MOUNT BARKER DISTRICT COUNCIL,Female,66-70,3,3,1
9348,MOUNT BARKER DISTRICT COUNCIL,Female,66-70,4,0,2
9349,MOUNT BARKER DISTRICT COUNCIL,Female,Unknown,0,1,9
9350,MOUNT BARKER DISTRICT COUNCIL,Female,Unknown,0,2,3
9351,MOUNT BARKER DISTRICT COUNCIL,Female,Unknown,1,0,4
9352,MOUNT BARKER DISTRICT COUNCIL,Male,>70,>5,0,1
9353,MOUNT BARKER DISTRICT COUNCIL,Male,>70,0,1,29
9354,MOUNT BARKER DISTRICT COUNCIL,Male,>70,0,2,11
9355,MOUNT BARKER DISTRICT COUNCIL,Male,>70,0,3,1
9356,MOUNT BARKER DISTRICT COUNCIL,Male,>70,0,4,1
9357,MOUNT BARKER DISTRICT COUNCIL,Male,>70,1,0,214
9358,MOUNT BARKER DISTRICT COUNCIL,Male,>70,1,1,8
9359,MOUNT BARKER DISTRICT COUNCIL,Male,>70,1,2,1
9360,MOUNT BARKER DISTRICT COUNCIL,Male,>70,2,0,50
9361,MOUNT BARKER DISTRICT COUNCIL,Male,>70,2,1,4
9362,MOUNT BARKER DISTRICT COUNCIL,Male,>70,2,2,1
9363,MOUNT BARKER DISTRICT COUNCIL,Male,>70,3,0,5
9364,MOUNT BARKER DISTRICT COUNCIL,Male,>70,3,1,1
9365,MOUNT BARKER DISTRICT COUNCIL,Male,>70,4,0,2
9366,MOUNT BARKER DISTRICT COUNCIL,Male,16-20,0,1,1
9367,MOUNT BARKER DISTRICT COUNCIL,Male,16-20,1,0,7
9368,MOUNT BARKER DISTRICT COUNCIL,Male,21-25,0,1,14
9369,MOUNT BARKER DISTRICT COUNCIL,Male,21-25,0,2,1
9370,MOUNT BARKER DISTRICT COUNCIL,Male,21-25,0,3,1
9371,MOUNT BARKER DISTRICT COUNCIL,Male,21-25,1,0,52
9372,MOUNT BARKER DISTRICT COUNCIL,Male,21-25,1,1,3
9373,MOUNT BARKER DISTRICT COUNCIL,Male,21-25,1,2,1
9374,MOUNT BARKER DISTRICT COUNCIL,Male,21-25,2,0,2
9375,MOUNT BARKER DISTRICT COUNCIL,Male,21-25,2,1,1
9376,MOUNT BARKER DISTRICT COUNCIL,Male,26-30,0,1,29
9377,MOUNT BARKER DISTRICT COUNCIL,Male,26-30,0,2,8
9378,MOUNT BARKER DISTRICT COUNCIL,Male,26-30,0,3,1
9379,MOUNT BARKER DISTRICT COUNCIL,Male,26-30,1,0,144
9380,MOUNT BARKER DISTRICT COUNCIL,Male,26-30,1,1,2
9381,MOUNT BARKER DISTRICT COUNCIL,Male,26-30,1,2,2
9382,MOUNT BARKER DISTRICT COUNCIL,Male,26-30,2,0,33
9383,MOUNT BARKER DISTRICT COUNCIL,Male,26-30,2,1,1
9384,MOUNT BARKER DISTRICT COUNCIL,Male,31-35,0,1,21
9385,MOUNT BARKER DISTRICT COUNCIL,Male,31-35,0,2,8
9386,MOUNT BARKER DISTRICT COUNCIL,Male,31-35,0,3,2
9387,MOUNT BARKER DISTRICT COUNCIL,Male,31-35,1,0,221
9388,MOUNT BARKER DISTRICT COUNCIL,Male,31-35,1,1,6
9389,MOUNT BARKER DISTRICT COUNCIL,Male,31-35,1,2,1
9390,MOUNT BARKER DISTRICT COUNCIL,Male,31-35,1,3,1
9391,MOUNT BARKER DISTRICT COUNCIL,Male,31-35,2,0,48
9392,MOUNT BARKER DISTRICT COUNCIL,Male,31-35,2,1,2
9393,MOUNT BARKER DISTRICT COUNCIL,Male,31-35,2,2,1
9394,MOUNT BARKER DISTRICT COUNCIL,Male,31-35,2,3,1
9395,MOUNT BARKER DISTRICT COUNCIL,Male,31-35,3,0,1
9396,MOUNT BARKER DISTRICT COUNCIL,Male,31-35,5,0,1
9397,MOUNT BARKER DISTRICT COUNCIL,Male,36-40,0,1,25
9398,MOUNT BARKER DISTRICT COUNCIL,Male,36-40,0,2,6
9399,MOUNT BARKER DISTRICT COUNCIL,Male,36-40,1,0,153
9400,MOUNT BARKER DISTRICT COUNCIL,Male,36-40,1,1,6
9401,MOUNT BARKER DISTRICT COUNCIL,Male,36-40,1,2,2
9402,MOUNT BARKER DISTRICT COUNCIL,Male,36-40,1,3,1
9403,MOUNT BARKER DISTRICT COUNCIL,Male,36-40,2,0,34
9404,MOUNT BARKER DISTRICT COUNCIL,Male,36-40,2,1,2
9405,MOUNT BARKER DISTRICT COUNCIL,Male,36-40,2,3,1
9406,MOUNT BARKER DISTRICT COUNCIL,Male,36-40,4,0,1
9407,MOUNT BARKER DISTRICT COUNCIL,Male,41-45,>5,0,1
9408,MOUNT BARKER DISTRICT COUNCIL,Male,41-45,0,1,18
9409,MOUNT BARKER DISTRICT COUNCIL,Male,41-45,0,2,5
9410,MOUNT BARKER DISTRICT COUNCIL,Male,41-45,0,3,2
9411,MOUNT BARKER DISTRICT COUNCIL,Male,41-45,1,0,160
9412,MOUNT BARKER DISTRICT COUNCIL,Male,41-45,1,1,9
9413,MOUNT BARKER DISTRICT COUNCIL,Male,41-45,1,2,4
9414,MOUNT BARKER DISTRICT COUNCIL,Male,41-45,2,0,32
9415,MOUNT BARKER DISTRICT COUNCIL,Male,41-45,2,1,5
9416,MOUNT BARKER DISTRICT COUNCIL,Male,41-45,2,2,1
9417,MOUNT BARKER DISTRICT COUNCIL,Male,41-45,3,0,2
9418,MOUNT BARKER DISTRICT COUNCIL,Male,46-50,0,1,18
9419,MOUNT BARKER DISTRICT COUNCIL,Male,46-50,0,2,3
9420,MOUNT BARKER DISTRICT COUNCIL,Male,46-50,0,3,1
9421,MOUNT BARKER DISTRICT COUNCIL,Male,46-50,1,0,160
9422,MOUNT BARKER DISTRICT COUNCIL,Male,46-50,1,1,6
9423,MOUNT BARKER DISTRICT COUNCIL,Male,46-50,1,2,2
9424,MOUNT BARKER DISTRICT COUNCIL,Male,46-50,1,3,1
9425,MOUNT BARKER DISTRICT COUNCIL,Male,46-50,2,0,34
9426,MOUNT BARKER DISTRICT COUNCIL,Male,46-50,2,1,4
9427,MOUNT BARKER DISTRICT COUNCIL,Male,46-50,2,2,1
9428,MOUNT BARKER DISTRICT COUNCIL,Male,46-50,3,0,4
9429,MOUNT BARKER DISTRICT COUNCIL,Male,51-55,0,1,26
9430,MOUNT BARKER DISTRICT COUNCIL,Male,51-55,0,2,10
9431,MOUNT BARKER DISTRICT COUNCIL,Male,51-55,1,0,173
9432,MOUNT BARKER DISTRICT COUNCIL,Male,51-55,1,1,5
9433,MOUNT BARKER DISTRICT COUNCIL,Male,51-55,1,2,6
9434,MOUNT BARKER DISTRICT COUNCIL,Male,51-55,1,3,1
9435,MOUNT BARKER DISTRICT COUNCIL,Male,51-55,2,0,52
9436,MOUNT BARKER DISTRICT COUNCIL,Male,51-55,2,1,9
9437,MOUNT BARKER DISTRICT COUNCIL,Male,51-55,2,2,2
9438,MOUNT BARKER DISTRICT COUNCIL,Male,51-55,2,3,1
9439,MOUNT BARKER DISTRICT COUNCIL,Male,51-55,3,0,3
9440,MOUNT BARKER DISTRICT COUNCIL,Male,51-55,3,1,2
9441,MOUNT BARKER DISTRICT COUNCIL,Male,51-55,4,0,3
9442,MOUNT BARKER DISTRICT COUNCIL,Male,56-60,>5,0,1
9443,MOUNT BARKER DISTRICT COUNCIL,Male,56-60,0,1,13
9444,MOUNT BARKER DISTRICT COUNCIL,Male,56-60,0,2,3
9445,MOUNT BARKER DISTRICT COUNCIL,Male,56-60,0,3,1
9446,MOUNT BARKER DISTRICT COUNCIL,Male,56-60,1,0,130
9447,MOUNT BARKER DISTRICT COUNCIL,Male,56-60,1,1,7
9448,MOUNT BARKER DISTRICT COUNCIL,Male,56-60,2,0,41
9449,MOUNT BARKER DISTRICT COUNCIL,Male,56-60,2,1,3
9450,MOUNT BARKER DISTRICT COUNCIL,Male,56-60,3,0,5
9451,MOUNT BARKER DISTRICT COUNCIL,Male,56-60,3,3,1
9452,MOUNT BARKER DISTRICT COUNCIL,Male,56-60,4,0,1
9453,MOUNT BARKER DISTRICT COUNCIL,Male,56-60,5,0,2
9454,MOUNT BARKER DISTRICT COUNCIL,Male,61-65,0,1,17
9455,MOUNT BARKER DISTRICT COUNCIL,Male,61-65,0,2,7
9456,MOUNT BARKER DISTRICT COUNCIL,Male,61-65,0,3,1
9457,MOUNT BARKER DISTRICT COUNCIL,Male,61-65,1,0,108
9458,MOUNT BARKER DISTRICT COUNCIL,Male,61-65,1,1,2
9459,MOUNT BARKER DISTRICT COUNCIL,Male,61-65,1,2,2
9460,MOUNT BARKER DISTRICT COUNCIL,Male,61-65,2,0,39
9461,MOUNT BARKER DISTRICT COUNCIL,Male,61-65,2,2,1
9462,MOUNT BARKER DISTRICT COUNCIL,Male,61-65,3,0,7
9463,MOUNT BARKER DISTRICT COUNCIL,Male,66-70,0,1,10
9464,MOUNT BARKER DISTRICT COUNCIL,Male,66-70,0,2,3
9465,MOUNT BARKER DISTRICT COUNCIL,Male,66-70,0,3,1
9466,MOUNT BARKER DISTRICT COUNCIL,Male,66-70,1,0,98
9467,MOUNT BARKER DISTRICT COUNCIL,Male,66-70,1,1,3
9468,MOUNT BARKER DISTRICT COUNCIL,Male,66-70,2,0,20
9469,MOUNT BARKER DISTRICT COUNCIL,Male,66-70,2,1,3
9470,MOUNT BARKER DISTRICT COUNCIL,Male,66-70,3,2,1
9471,MOUNT BARKER DISTRICT COUNCIL,Male,66-70,5,0,2
9472,MOUNT BARKER DISTRICT COUNCIL,Male,Unknown,0,1,2
9473,MOUNT BARKER DISTRICT COUNCIL,Male,Unknown,1,0,2
9474,MOUNT BARKER DISTRICT COUNCIL,Other,>70,0,2,1
9475,MOUNT BARKER DISTRICT COUNCIL,Other,>70,1,0,33
9476,MOUNT BARKER DISTRICT COUNCIL,Other,>70,1,1,3
9477,MOUNT BARKER DISTRICT COUNCIL,Other,>70,1,2,1
9478,MOUNT BARKER DISTRICT COUNCIL,Other,>70,2,0,10
9479,MOUNT BARKER DISTRICT COUNCIL,Other,21-25,0,1,3
9480,MOUNT BARKER DISTRICT COUNCIL,Other,21-25,1,0,1
9481,MOUNT BARKER DISTRICT COUNCIL,Other,21-25,1,1,2
9482,MOUNT BARKER DISTRICT COUNCIL,Other,21-25,4,0,1
9483,MOUNT BARKER DISTRICT COUNCIL,Other,26-30,0,1,1
9484,MOUNT BARKER DISTRICT COUNCIL,Other,26-30,1,0,5
9485,MOUNT BARKER DISTRICT COUNCIL,Other,26-30,1,1,2
9486,MOUNT BARKER DISTRICT COUNCIL,Other,31-35,0,1,1
9487,MOUNT BARKER DISTRICT COUNCIL,Other,31-35,0,2,1
9488,MOUNT BARKER DISTRICT COUNCIL,Other,31-35,1,0,6
9489,MOUNT BARKER DISTRICT COUNCIL,Other,36-40,0,1,1
9490,MOUNT BARKER DISTRICT COUNCIL,Other,36-40,0,2,2
9491,MOUNT BARKER DISTRICT COUNCIL,Other,36-40,1,0,7
9492,MOUNT BARKER DISTRICT COUNCIL,Other,36-40,2,0,1
9493,MOUNT BARKER DISTRICT COUNCIL,Other,36-40,2,2,1
9494,MOUNT BARKER DISTRICT COUNCIL,Other,36-40,3,0,1
9495,MOUNT BARKER DISTRICT COUNCIL,Other,41-45,0,1,1
9496,MOUNT BARKER DISTRICT COUNCIL,Other,41-45,1,0,8
9497,MOUNT BARKER DISTRICT COUNCIL,Other,41-45,2,0,4
9498,MOUNT BARKER DISTRICT COUNCIL,Other,41-45,3,0,1
9499,MOUNT BARKER DISTRICT COUNCIL,Other,46-50,0,1,1
9500,MOUNT BARKER DISTRICT COUNCIL,Other,46-50,1,0,9
9501,MOUNT BARKER DISTRICT COUNCIL,Other,46-50,2,0,4
9502,MOUNT BARKER DISTRICT COUNCIL,Other,46-50,2,2,2
9503,MOUNT BARKER DISTRICT COUNCIL,Other,51-55,0,1,1
9504,MOUNT BARKER DISTRICT COUNCIL,Other,51-55,0,2,2
9505,MOUNT BARKER DISTRICT COUNCIL,Other,51-55,1,0,10
9506,MOUNT BARKER DISTRICT COUNCIL,Other,51-55,2,0,6
9507,MOUNT BARKER DISTRICT COUNCIL,Other,51-55,2,1,2
9508,MOUNT BARKER DISTRICT COUNCIL,Other,51-55,3,0,2
9509,MOUNT BARKER DISTRICT COUNCIL,Other,56-60,0,3,1
9510,MOUNT BARKER DISTRICT COUNCIL,Other,56-60,1,0,11
9511,MOUNT BARKER DISTRICT COUNCIL,Other,56-60,1,2,1
9512,MOUNT BARKER DISTRICT COUNCIL,Other,56-60,2,0,5
9513,MOUNT BARKER DISTRICT COUNCIL,Other,56-60,2,1,1
9514,MOUNT BARKER DISTRICT COUNCIL,Other,56-60,3,0,1
9515,MOUNT BARKER DISTRICT COUNCIL,Other,61-65,1,0,17
9516,MOUNT BARKER DISTRICT COUNCIL,Other,61-65,2,0,7
9517,MOUNT BARKER DISTRICT COUNCIL,Other,66-70,1,0,8
9518,MOUNT BARKER DISTRICT COUNCIL,Other,66-70,1,1,2
9519,MOUNT BARKER DISTRICT COUNCIL,Other,66-70,2,0,4
9520,MOUNT BARKER DISTRICT COUNCIL,Other,66-70,3,1,1
9521,MOUNT BARKER DISTRICT COUNCIL,Other,Unknown,1,0,1
9522,MOUNT BARKER DISTRICT COUNCIL,SUPPRESSED,Unknown,0,1,1
9523,MOUNT BARKER DISTRICT COUNCIL,SUPPRESSED,Unknown,1,0,28
9524,MOUNT BARKER DISTRICT COUNCIL,SUPPRESSED,Unknown,1,1,1
9525,MOUNT BARKER DISTRICT COUNCIL,SUPPRESSED,Unknown,2,0,9
9526,MOUNT BARKER DISTRICT COUNCIL,SUPPRESSED,Unknown,2,1,1
9527,MOUNT BARKER DISTRICT COUNCIL,SUPPRESSED,Unknown,3,0,2
9528,MOUNT BARKER DISTRICT COUNCIL,Unknown,21-25,1,0,1
9529,MOUNT BARKER DISTRICT COUNCIL,Unknown,26-30,0,1,1
9530,MOUNT BARKER DISTRICT COUNCIL,Unknown,41-45,0,1,1
9531,MOUNT BARKER DISTRICT COUNCIL,Unknown,41-45,0,2,1
9532,MOUNT BARKER DISTRICT COUNCIL,Unknown,46-50,1,2,1
9533,MOUNT BARKER DISTRICT COUNCIL,Unknown,51-55,0,1,1
9534,MOUNT BARKER DISTRICT COUNCIL,Unknown,56-60,0,1,2
9535,MOUNT BARKER DISTRICT COUNCIL,Unknown,Unknown,0,1,88
9536,MOUNT BARKER DISTRICT COUNCIL,Unknown,Unknown,0,2,5
9537,MOUNT BARKER DISTRICT COUNCIL,Unknown,Unknown,0,3,1
9538,MOUNT BARKER DISTRICT COUNCIL,Unknown,Unknown,1,0,4
9539,MUNICIPAL COUNCIL OF ROXBY DOWNS,Female,>70,1,0,2
9540,MUNICIPAL COUNCIL OF ROXBY DOWNS,Female,16-20,0,1,2
9541,MUNICIPAL COUNCIL OF ROXBY DOWNS,Female,16-20,1,0,2
9542,MUNICIPAL COUNCIL OF ROXBY DOWNS,Female,21-25,0,1,10
9543,MUNICIPAL COUNCIL OF ROXBY DOWNS,Female,21-25,1,0,19
9544,MUNICIPAL COUNCIL OF ROXBY DOWNS,Female,21-25,1,1,2
9545,MUNICIPAL COUNCIL OF ROXBY DOWNS,Female,21-25,1,2,1
9546,MUNICIPAL COUNCIL OF ROXBY DOWNS,Female,21-25,2,0,4
9547,MUNICIPAL COUNCIL OF ROXBY DOWNS,Female,21-25,2,1,1
9548,MUNICIPAL COUNCIL OF ROXBY DOWNS,Female,26-30,0,1,4
9549,MUNICIPAL COUNCIL OF ROXBY DOWNS,Female,26-30,0,2,2
9550,MUNICIPAL COUNCIL OF ROXBY DOWNS,Female,26-30,0,4,1
9551,MUNICIPAL COUNCIL OF ROXBY DOWNS,Female,26-30,1,0,34
9552,MUNICIPAL COUNCIL OF ROXBY DOWNS,Female,26-30,1,1,4
9553,MUNICIPAL COUNCIL OF ROXBY DOWNS,Female,26-30,1,2,1
9554,MUNICIPAL COUNCIL OF ROXBY DOWNS,Female,26-30,2,0,14
9555,MUNICIPAL COUNCIL OF ROXBY DOWNS,Female,26-30,2,1,1
9556,MUNICIPAL COUNCIL OF ROXBY DOWNS,Female,26-30,3,0,1
9557,MUNICIPAL COUNCIL OF ROXBY DOWNS,Female,31-35,0,1,7
9558,MUNICIPAL COUNCIL OF ROXBY DOWNS,Female,31-35,1,0,45
9559,MUNICIPAL COUNCIL OF ROXBY DOWNS,Female,31-35,1,1,3
9560,MUNICIPAL COUNCIL OF ROXBY DOWNS,Female,31-35,1,2,1
9561,MUNICIPAL COUNCIL OF ROXBY DOWNS,Female,31-35,2,0,14
9562,MUNICIPAL COUNCIL OF ROXBY DOWNS,Female,31-35,2,1,1
9563,MUNICIPAL COUNCIL OF ROXBY DOWNS,Female,31-35,2,2,1
9564,MUNICIPAL COUNCIL OF ROXBY DOWNS,Female,36-40,0,1,8
9565,MUNICIPAL COUNCIL OF ROXBY DOWNS,Female,36-40,0,2,1
9566,MUNICIPAL COUNCIL OF ROXBY DOWNS,Female,36-40,1,0,26
9567,MUNICIPAL COUNCIL OF ROXBY DOWNS,Female,36-40,1,1,4
9568,MUNICIPAL COUNCIL OF ROXBY DOWNS,Female,36-40,1,2,2
9569,MUNICIPAL COUNCIL OF ROXBY DOWNS,Female,36-40,2,0,14
9570,MUNICIPAL COUNCIL OF ROXBY DOWNS,Female,36-40,2,1,1
9571,MUNICIPAL COUNCIL OF ROXBY DOWNS,Female,41-45,1,0,35
9572,MUNICIPAL COUNCIL OF ROXBY DOWNS,Female,41-45,1,1,1
9573,MUNICIPAL COUNCIL OF ROXBY DOWNS,Female,41-45,1,2,1
9574,MUNICIPAL COUNCIL OF ROXBY DOWNS,Female,41-45,2,0,7
9575,MUNICIPAL COUNCIL OF ROXBY DOWNS,Female,41-45,2,1,1
9576,MUNICIPAL COUNCIL OF ROXBY DOWNS,Female,41-45,2,2,2
9577,MUNICIPAL COUNCIL OF ROXBY DOWNS,Female,46-50,0,1,2
9578,MUNICIPAL COUNCIL OF ROXBY DOWNS,Female,46-50,1,0,10
9579,MUNICIPAL COUNCIL OF ROXBY DOWNS,Female,46-50,1,1,2
9580,MUNICIPAL COUNCIL OF ROXBY DOWNS,Female,46-50,1,2,1
9581,MUNICIPAL COUNCIL OF ROXBY DOWNS,Female,46-50,2,0,8
9582,MUNICIPAL COUNCIL OF ROXBY DOWNS,Female,46-50,2,1,1
9583,MUNICIPAL COUNCIL OF ROXBY DOWNS,Female,46-50,5,0,1
9584,MUNICIPAL COUNCIL OF ROXBY DOWNS,Female,51-55,0,1,1
9585,MUNICIPAL COUNCIL OF ROXBY DOWNS,Female,51-55,1,0,18
9586,MUNICIPAL COUNCIL OF ROXBY DOWNS,Female,51-55,1,1,5
9587,MUNICIPAL COUNCIL OF ROXBY DOWNS,Female,51-55,1,2,1
9588,MUNICIPAL COUNCIL OF ROXBY DOWNS,Female,51-55,2,0,13
9589,MUNICIPAL COUNCIL OF ROXBY DOWNS,Female,51-55,2,1,1
9590,MUNICIPAL COUNCIL OF ROXBY DOWNS,Female,51-55,3,0,1
9591,MUNICIPAL COUNCIL OF ROXBY DOWNS,Female,56-60,0,1,1
9592,MUNICIPAL COUNCIL OF ROXBY DOWNS,Female,56-60,1,0,13
9593,MUNICIPAL COUNCIL OF ROXBY DOWNS,Female,56-60,1,1,1
9594,MUNICIPAL COUNCIL OF ROXBY DOWNS,Female,56-60,2,0,2
9595,MUNICIPAL COUNCIL OF ROXBY DOWNS,Female,56-60,2,1,1
9596,MUNICIPAL COUNCIL OF ROXBY DOWNS,Female,61-65,0,1,1
9597,MUNICIPAL COUNCIL OF ROXBY DOWNS,Female,61-65,1,0,12
9598,MUNICIPAL COUNCIL OF ROXBY DOWNS,Female,61-65,1,2,1
9599,MUNICIPAL COUNCIL OF ROXBY DOWNS,Female,61-65,2,0,2
9600,MUNICIPAL COUNCIL OF ROXBY DOWNS,Female,61-65,2,1,1
9601,MUNICIPAL COUNCIL OF ROXBY DOWNS,Female,66-70,0,2,1
9602,MUNICIPAL COUNCIL OF ROXBY DOWNS,Female,66-70,1,0,4
9603,MUNICIPAL COUNCIL OF ROXBY DOWNS,Female,66-70,2,0,2
9604,MUNICIPAL COUNCIL OF ROXBY DOWNS,Male,>70,1,0,1
9605,MUNICIPAL COUNCIL OF ROXBY DOWNS,Male,16-20,1,0,1
9606,MUNICIPAL COUNCIL OF ROXBY DOWNS,Male,16-20,1,1,1
9607,MUNICIPAL COUNCIL OF ROXBY DOWNS,Male,21-25,1,0,11
9608,MUNICIPAL COUNCIL OF ROXBY DOWNS,Male,21-25,1,1,1
9609,MUNICIPAL COUNCIL OF ROXBY DOWNS,Male,21-25,2,0,1
9610,MUNICIPAL COUNCIL OF ROXBY DOWNS,Male,26-30,0,1,4
9611,MUNICIPAL COUNCIL OF ROXBY DOWNS,Male,26-30,1,0,16
9612,MUNICIPAL COUNCIL OF ROXBY DOWNS,Male,26-30,1,1,1
9613,MUNICIPAL COUNCIL OF ROXBY DOWNS,Male,31-35,0,1,2
9614,MUNICIPAL COUNCIL OF ROXBY DOWNS,Male,31-35,1,0,29
9615,MUNICIPAL COUNCIL OF ROXBY DOWNS,Male,31-35,2,0,4
9616,MUNICIPAL COUNCIL OF ROXBY DOWNS,Male,31-35,2,2,1
9617,MUNICIPAL COUNCIL OF ROXBY DOWNS,Male,31-35,3,0,1
9618,MUNICIPAL COUNCIL OF ROXBY DOWNS,Male,36-40,0,1,1
9619,MUNICIPAL COUNCIL OF ROXBY DOWNS,Male,36-40,0,3,1
9620,MUNICIPAL COUNCIL OF ROXBY DOWNS,Male,36-40,1,0,21
9621,MUNICIPAL COUNCIL OF ROXBY DOWNS,Male,36-40,2,0,5
9622,MUNICIPAL COUNCIL OF ROXBY DOWNS,Male,41-45,1,0,9
9623,MUNICIPAL COUNCIL OF ROXBY DOWNS,Male,41-45,1,1,2
9624,MUNICIPAL COUNCIL OF ROXBY DOWNS,Male,41-45,2,0,2
9625,MUNICIPAL COUNCIL OF ROXBY DOWNS,Male,41-45,3,0,1
9626,MUNICIPAL COUNCIL OF ROXBY DOWNS,Male,46-50,0,1,2
9627,MUNICIPAL COUNCIL OF ROXBY DOWNS,Male,46-50,1,0,10
9628,MUNICIPAL COUNCIL OF ROXBY DOWNS,Male,46-50,1,1,2
9629,MUNICIPAL COUNCIL OF ROXBY DOWNS,Male,46-50,2,0,4
9630,MUNICIPAL COUNCIL OF ROXBY DOWNS,Male,46-50,2,1,1
9631,MUNICIPAL COUNCIL OF ROXBY DOWNS,Male,51-55,0,1,5
9632,MUNICIPAL COUNCIL OF ROXBY DOWNS,Male,51-55,0,2,1
9633,MUNICIPAL COUNCIL OF ROXBY DOWNS,Male,51-55,1,0,4
9634,MUNICIPAL COUNCIL OF ROXBY DOWNS,Male,51-55,1,1,2
9635,MUNICIPAL COUNCIL OF ROXBY DOWNS,Male,51-55,2,0,5
9636,MUNICIPAL COUNCIL OF ROXBY DOWNS,Male,56-60,0,1,1
9637,MUNICIPAL COUNCIL OF ROXBY DOWNS,Male,56-60,1,0,8
9638,MUNICIPAL COUNCIL OF ROXBY DOWNS,Male,56-60,3,0,1
9639,MUNICIPAL COUNCIL OF ROXBY DOWNS,Male,61-65,0,2,1
9640,MUNICIPAL COUNCIL OF ROXBY DOWNS,Male,61-65,1,0,6
9641,MUNICIPAL COUNCIL OF ROXBY DOWNS,Male,61-65,2,0,3
9642,MUNICIPAL COUNCIL OF ROXBY DOWNS,Male,66-70,0,1,1
9643,MUNICIPAL COUNCIL OF ROXBY DOWNS,Male,66-70,1,0,2
9644,MUNICIPAL COUNCIL OF ROXBY DOWNS,Other,31-35,2,0,1
9645,MUNICIPAL COUNCIL OF ROXBY DOWNS,Other,36-40,1,0,2
9646,MUNICIPAL COUNCIL OF ROXBY DOWNS,Other,36-40,2,0,1
9647,MUNICIPAL COUNCIL OF ROXBY DOWNS,Other,41-45,1,0,3
9648,MUNICIPAL COUNCIL OF ROXBY DOWNS,Other,46-50,1,0,1
9649,MUNICIPAL COUNCIL OF ROXBY DOWNS,Other,46-50,2,0,1
9650,MUNICIPAL COUNCIL OF ROXBY DOWNS,Other,51-55,1,1,1
9651,MUNICIPAL COUNCIL OF ROXBY DOWNS,Other,51-55,2,0,1
9652,MUNICIPAL COUNCIL OF ROXBY DOWNS,Other,56-60,1,0,2
9653,MUNICIPAL COUNCIL OF ROXBY DOWNS,Other,61-65,1,0,2
9654,MUNICIPAL COUNCIL OF ROXBY DOWNS,Other,Unknown,1,0,3
9655,MUNICIPAL COUNCIL OF ROXBY DOWNS,Other,Unknown,1,1,1
9656,MUNICIPAL COUNCIL OF ROXBY DOWNS,Other,Unknown,2,0,1
9657,MUNICIPAL COUNCIL OF ROXBY DOWNS,SUPPRESSED,Unknown,2,0,1
9658,MUNICIPAL COUNCIL OF ROXBY DOWNS,Unknown,21-25,1,0,2
9659,MUNICIPAL COUNCIL OF ROXBY DOWNS,Unknown,31-35,1,0,1
9660,MUNICIPAL COUNCIL OF ROXBY DOWNS,Unknown,Unknown,0,1,2
9661,MUNICIPAL COUNCIL OF ROXBY DOWNS,Unknown,Unknown,1,0,7
9662,MUNICIPAL COUNCIL OF ROXBY DOWNS,Unknown,Unknown,1,2,1
9663,MUNICIPAL COUNCIL OF ROXBY DOWNS,Unknown,Unknown,2,0,1
9664,NARACOORTE LUCINDALE COUNCIL,Female,>70,0,1,5
9665,NARACOORTE LUCINDALE COUNCIL,Female,>70,0,2,3
9666,NARACOORTE LUCINDALE COUNCIL,Female,>70,0,4,1
9667,NARACOORTE LUCINDALE COUNCIL,Female,>70,1,0,57
9668,NARACOORTE LUCINDALE COUNCIL,Female,>70,1,1,2
9669,NARACOORTE LUCINDALE COUNCIL,Female,>70,2,0,5
9670,NARACOORTE LUCINDALE COUNCIL,Female,>70,2,1,2
9671,NARACOORTE LUCINDALE COUNCIL,Female,>70,3,0,1
9672,NARACOORTE LUCINDALE COUNCIL,Female,>70,4,0,1
9673,NARACOORTE LUCINDALE COUNCIL,Female,16-20,0,1,2
9674,NARACOORTE LUCINDALE COUNCIL,Female,16-20,0,2,1
9675,NARACOORTE LUCINDALE COUNCIL,Female,16-20,1,0,4
9676,NARACOORTE LUCINDALE COUNCIL,Female,16-20,2,0,1
9677,NARACOORTE LUCINDALE COUNCIL,Female,21-25,0,1,8
9678,NARACOORTE LUCINDALE COUNCIL,Female,21-25,0,2,2
9679,NARACOORTE LUCINDALE COUNCIL,Female,21-25,1,0,22
9680,NARACOORTE LUCINDALE COUNCIL,Female,21-25,1,1,3
9681,NARACOORTE LUCINDALE COUNCIL,Female,21-25,2,0,10
9682,NARACOORTE LUCINDALE COUNCIL,Female,21-25,2,1,2
9683,NARACOORTE LUCINDALE COUNCIL,Female,21-25,3,0,3
9684,NARACOORTE LUCINDALE COUNCIL,Female,26-30,0,1,7
9685,NARACOORTE LUCINDALE COUNCIL,Female,26-30,0,2,2
9686,NARACOORTE LUCINDALE COUNCIL,Female,26-30,0,3,1
9687,NARACOORTE LUCINDALE COUNCIL,Female,26-30,1,0,56
9688,NARACOORTE LUCINDALE COUNCIL,Female,26-30,1,1,3
9689,NARACOORTE LUCINDALE COUNCIL,Female,26-30,2,0,17
9690,NARACOORTE LUCINDALE COUNCIL,Female,26-30,2,1,1
9691,NARACOORTE LUCINDALE COUNCIL,Female,26-30,3,0,2
9692,NARACOORTE LUCINDALE COUNCIL,Female,26-30,3,1,1
9693,NARACOORTE LUCINDALE COUNCIL,Female,26-30,5,0,1
9694,NARACOORTE LUCINDALE COUNCIL,Female,31-35,0,1,6
9695,NARACOORTE LUCINDALE COUNCIL,Female,31-35,0,2,2
9696,NARACOORTE LUCINDALE COUNCIL,Female,31-35,1,0,43
9697,NARACOORTE LUCINDALE COUNCIL,Female,31-35,1,1,7
9698,NARACOORTE LUCINDALE COUNCIL,Female,31-35,2,0,17
9699,NARACOORTE LUCINDALE COUNCIL,Female,31-35,2,1,3
9700,NARACOORTE LUCINDALE COUNCIL,Female,31-35,3,1,1
9701,NARACOORTE LUCINDALE COUNCIL,Female,31-35,4,0,3
9702,NARACOORTE LUCINDALE COUNCIL,Female,36-40,0,1,4
9703,NARACOORTE LUCINDALE COUNCIL,Female,36-40,0,2,1
9704,NARACOORTE LUCINDALE COUNCIL,Female,36-40,1,0,37
9705,NARACOORTE LUCINDALE COUNCIL,Female,36-40,1,1,1
9706,NARACOORTE LUCINDALE COUNCIL,Female,36-40,1,2,1
9707,NARACOORTE LUCINDALE COUNCIL,Female,36-40,2,0,12
9708,NARACOORTE LUCINDALE COUNCIL,Female,36-40,2,1,4
9709,NARACOORTE LUCINDALE COUNCIL,Female,36-40,2,2,4
9710,NARACOORTE LUCINDALE COUNCIL,Female,36-40,3,0,3
9711,NARACOORTE LUCINDALE COUNCIL,Female,36-40,4,1,1
9712,NARACOORTE LUCINDALE COUNCIL,Female,41-45,0,1,6
9713,NARACOORTE LUCINDALE COUNCIL,Female,41-45,0,2,2
9714,NARACOORTE LUCINDALE COUNCIL,Female,41-45,0,3,1
9715,NARACOORTE LUCINDALE COUNCIL,Female,41-45,1,0,50
9716,NARACOORTE LUCINDALE COUNCIL,Female,41-45,1,1,12
9717,NARACOORTE LUCINDALE COUNCIL,Female,41-45,1,2,1
9718,NARACOORTE LUCINDALE COUNCIL,Female,41-45,2,0,19
9719,NARACOORTE LUCINDALE COUNCIL,Female,41-45,2,1,3
9720,NARACOORTE LUCINDALE COUNCIL,Female,41-45,3,0,6
9721,NARACOORTE LUCINDALE COUNCIL,Female,41-45,4,0,2
9722,NARACOORTE LUCINDALE COUNCIL,Female,41-45,5,0,1
9723,NARACOORTE LUCINDALE COUNCIL,Female,46-50,>5,0,3
9724,NARACOORTE LUCINDALE COUNCIL,Female,46-50,0,2,1
9725,NARACOORTE LUCINDALE COUNCIL,Female,46-50,1,0,56
9726,NARACOORTE LUCINDALE COUNCIL,Female,46-50,1,1,3
9727,NARACOORTE LUCINDALE COUNCIL,Female,46-50,1,2,2
9728,NARACOORTE LUCINDALE COUNCIL,Female,46-50,2,0,12
9729,NARACOORTE LUCINDALE COUNCIL,Female,46-50,2,1,4
9730,NARACOORTE LUCINDALE COUNCIL,Female,46-50,2,2,2
9731,NARACOORTE LUCINDALE COUNCIL,Female,46-50,3,0,6
9732,NARACOORTE LUCINDALE COUNCIL,Female,46-50,3,3,1
9733,NARACOORTE LUCINDALE COUNCIL,Female,51-55,>5,0,2
9734,NARACOORTE LUCINDALE COUNCIL,Female,51-55,>5,1,1
9735,NARACOORTE LUCINDALE COUNCIL,Female,51-55,0,1,6
9736,NARACOORTE LUCINDALE COUNCIL,Female,51-55,0,2,2
9737,NARACOORTE LUCINDALE COUNCIL,Female,51-55,1,0,38
9738,NARACOORTE LUCINDALE COUNCIL,Female,51-55,1,1,1
9739,NARACOORTE LUCINDALE COUNCIL,Female,51-55,1,2,1
9740,NARACOORTE LUCINDALE COUNCIL,Female,51-55,2,0,23
9741,NARACOORTE LUCINDALE COUNCIL,Female,51-55,2,1,2
9742,NARACOORTE LUCINDALE COUNCIL,Female,51-55,3,0,5
9743,NARACOORTE LUCINDALE COUNCIL,Female,51-55,3,2,1
9744,NARACOORTE LUCINDALE COUNCIL,Female,51-55,4,0,1
9745,NARACOORTE LUCINDALE COUNCIL,Female,51-55,4,1,1
9746,NARACOORTE LUCINDALE COUNCIL,Female,51-55,5,0,1
9747,NARACOORTE LUCINDALE COUNCIL,Female,56-60,>5,0,1
9748,NARACOORTE LUCINDALE COUNCIL,Female,56-60,0,1,4
9749,NARACOORTE LUCINDALE COUNCIL,Female,56-60,0,2,5
9750,NARACOORTE LUCINDALE COUNCIL,Female,56-60,0,3,1
9751,NARACOORTE LUCINDALE COUNCIL,Female,56-60,1,0,38
9752,NARACOORTE LUCINDALE COUNCIL,Female,56-60,1,1,3
9753,NARACOORTE LUCINDALE COUNCIL,Female,56-60,2,0,12
9754,NARACOORTE LUCINDALE COUNCIL,Female,56-60,2,1,1
9755,NARACOORTE LUCINDALE COUNCIL,Female,56-60,3,0,5
9756,NARACOORTE LUCINDALE COUNCIL,Female,56-60,5,0,1
9757,NARACOORTE LUCINDALE COUNCIL,Female,56-60,5,1,1
9758,NARACOORTE LUCINDALE COUNCIL,Female,56-60,5,2,1
9759,NARACOORTE LUCINDALE COUNCIL,Female,61-65,0,1,2
9760,NARACOORTE LUCINDALE COUNCIL,Female,61-65,0,2,1
9761,NARACOORTE LUCINDALE COUNCIL,Female,61-65,0,3,1
9762,NARACOORTE LUCINDALE COUNCIL,Female,61-65,1,0,36
9763,NARACOORTE LUCINDALE COUNCIL,Female,61-65,1,1,1
9764,NARACOORTE LUCINDALE COUNCIL,Female,61-65,1,2,1
9765,NARACOORTE LUCINDALE COUNCIL,Female,61-65,2,0,15
9766,NARACOORTE LUCINDALE COUNCIL,Female,61-65,2,1,1
9767,NARACOORTE LUCINDALE COUNCIL,Female,61-65,3,0,5
9768,NARACOORTE LUCINDALE COUNCIL,Female,61-65,4,0,1
9769,NARACOORTE LUCINDALE COUNCIL,Female,66-70,0,2,1
9770,NARACOORTE LUCINDALE COUNCIL,Female,66-70,1,0,31
9771,NARACOORTE LUCINDALE COUNCIL,Female,66-70,1,1,1
9772,NARACOORTE LUCINDALE COUNCIL,Female,66-70,2,0,15
9773,NARACOORTE LUCINDALE COUNCIL,Female,66-70,2,1,1
9774,NARACOORTE LUCINDALE COUNCIL,Female,66-70,2,2,1
9775,NARACOORTE LUCINDALE COUNCIL,Female,66-70,2,3,1
9776,NARACOORTE LUCINDALE COUNCIL,Female,66-70,3,0,3
9777,NARACOORTE LUCINDALE COUNCIL,Female,66-70,5,0,1
9778,NARACOORTE LUCINDALE COUNCIL,Female,Unknown,0,1,8
9779,NARACOORTE LUCINDALE COUNCIL,Female,Unknown,0,2,1
9780,NARACOORTE LUCINDALE COUNCIL,Female,Unknown,1,0,1
9781,NARACOORTE LUCINDALE COUNCIL,Male,>70,>5,0,3
9782,NARACOORTE LUCINDALE COUNCIL,Male,>70,0,1,1
9783,NARACOORTE LUCINDALE COUNCIL,Male,>70,0,2,1
9784,NARACOORTE LUCINDALE COUNCIL,Male,>70,1,0,64
9785,NARACOORTE LUCINDALE COUNCIL,Male,>70,2,0,24
9786,NARACOORTE LUCINDALE COUNCIL,Male,>70,2,1,2
9787,NARACOORTE LUCINDALE COUNCIL,Male,>70,3,0,10
9788,NARACOORTE LUCINDALE COUNCIL,Male,>70,4,0,3
9789,NARACOORTE LUCINDALE COUNCIL,Male,>70,5,0,1
9790,NARACOORTE LUCINDALE COUNCIL,Male,16-20,0,1,1
9791,NARACOORTE LUCINDALE COUNCIL,Male,16-20,1,0,1
9792,NARACOORTE LUCINDALE COUNCIL,Male,21-25,0,1,1
9793,NARACOORTE LUCINDALE COUNCIL,Male,21-25,1,0,19
9794,NARACOORTE LUCINDALE COUNCIL,Male,21-25,2,0,3
9795,NARACOORTE LUCINDALE COUNCIL,Male,21-25,4,0,2
9796,NARACOORTE LUCINDALE COUNCIL,Male,26-30,0,1,2
9797,NARACOORTE LUCINDALE COUNCIL,Male,26-30,1,0,36
9798,NARACOORTE LUCINDALE COUNCIL,Male,26-30,2,0,11
9799,NARACOORTE LUCINDALE COUNCIL,Male,26-30,3,0,3
9800,NARACOORTE LUCINDALE COUNCIL,Male,26-30,5,0,1
9801,NARACOORTE LUCINDALE COUNCIL,Male,31-35,>5,0,2
9802,NARACOORTE LUCINDALE COUNCIL,Male,31-35,0,1,3
9803,NARACOORTE LUCINDALE COUNCIL,Male,31-35,1,0,41
9804,NARACOORTE LUCINDALE COUNCIL,Male,31-35,1,1,1
9805,NARACOORTE LUCINDALE COUNCIL,Male,31-35,2,0,10
9806,NARACOORTE LUCINDALE COUNCIL,Male,31-35,2,1,1
9807,NARACOORTE LUCINDALE COUNCIL,Male,31-35,3,0,6
9808,NARACOORTE LUCINDALE COUNCIL,Male,36-40,>5,0,1
9809,NARACOORTE LUCINDALE COUNCIL,Male,36-40,0,1,3
9810,NARACOORTE LUCINDALE COUNCIL,Male,36-40,1,0,39
9811,NARACOORTE LUCINDALE COUNCIL,Male,36-40,2,0,7
9812,NARACOORTE LUCINDALE COUNCIL,Male,36-40,3,0,2
9813,NARACOORTE LUCINDALE COUNCIL,Male,36-40,4,0,1
9814,NARACOORTE LUCINDALE COUNCIL,Male,41-45,>5,0,1
9815,NARACOORTE LUCINDALE COUNCIL,Male,41-45,0,1,1
9816,NARACOORTE LUCINDALE COUNCIL,Male,41-45,0,2,1
9817,NARACOORTE LUCINDALE COUNCIL,Male,41-45,1,0,46
9818,NARACOORTE LUCINDALE COUNCIL,Male,41-45,1,1,4
9819,NARACOORTE LUCINDALE COUNCIL,Male,41-45,2,0,10
9820,NARACOORTE LUCINDALE COUNCIL,Male,41-45,3,0,1
9821,NARACOORTE LUCINDALE COUNCIL,Male,41-45,4,0,3
9822,NARACOORTE LUCINDALE COUNCIL,Male,41-45,5,0,1
9823,NARACOORTE LUCINDALE COUNCIL,Male,41-45,5,1,1
9824,NARACOORTE LUCINDALE COUNCIL,Male,46-50,>5,0,1
9825,NARACOORTE LUCINDALE COUNCIL,Male,46-50,0,1,2
9826,NARACOORTE LUCINDALE COUNCIL,Male,46-50,1,0,28
9827,NARACOORTE LUCINDALE COUNCIL,Male,46-50,1,1,1
9828,NARACOORTE LUCINDALE COUNCIL,Male,46-50,2,0,12
9829,NARACOORTE LUCINDALE COUNCIL,Male,46-50,3,0,5
9830,NARACOORTE LUCINDALE COUNCIL,Male,46-50,3,1,1
9831,NARACOORTE LUCINDALE COUNCIL,Male,46-50,4,0,2
9832,NARACOORTE LUCINDALE COUNCIL,Male,46-50,5,0,3
9833,NARACOORTE LUCINDALE COUNCIL,Male,51-55,>5,0,3
9834,NARACOORTE LUCINDALE COUNCIL,Male,51-55,0,1,1
9835,NARACOORTE LUCINDALE COUNCIL,Male,51-55,0,2,1
9836,NARACOORTE LUCINDALE COUNCIL,Male,51-55,1,0,40
9837,NARACOORTE LUCINDALE COUNCIL,Male,51-55,1,1,2
9838,NARACOORTE LUCINDALE COUNCIL,Male,51-55,2,0,19
9839,NARACOORTE LUCINDALE COUNCIL,Male,51-55,2,1,1
9840,NARACOORTE LUCINDALE COUNCIL,Male,51-55,3,0,8
9841,NARACOORTE LUCINDALE COUNCIL,Male,51-55,4,0,3
9842,NARACOORTE LUCINDALE COUNCIL,Male,51-55,5,0,2
9843,NARACOORTE LUCINDALE COUNCIL,Male,51-55,5,2,1
9844,NARACOORTE LUCINDALE COUNCIL,Male,56-60,0,1,3
9845,NARACOORTE LUCINDALE COUNCIL,Male,56-60,1,0,30
9846,NARACOORTE LUCINDALE COUNCIL,Male,56-60,1,1,1
9847,NARACOORTE LUCINDALE COUNCIL,Male,56-60,2,0,14
9848,NARACOORTE LUCINDALE COUNCIL,Male,56-60,2,1,1
9849,NARACOORTE LUCINDALE COUNCIL,Male,56-60,3,0,10
9850,NARACOORTE LUCINDALE COUNCIL,Male,56-60,4,0,4
9851,NARACOORTE LUCINDALE COUNCIL,Male,56-60,4,1,1
9852,NARACOORTE LUCINDALE COUNCIL,Male,56-60,5,0,3
9853,NARACOORTE LUCINDALE COUNCIL,Male,61-65,>5,0,1
9854,NARACOORTE LUCINDALE COUNCIL,Male,61-65,0,1,2
9855,NARACOORTE LUCINDALE COUNCIL,Male,61-65,1,0,37
9856,NARACOORTE LUCINDALE COUNCIL,Male,61-65,2,0,20
9857,NARACOORTE LUCINDALE COUNCIL,Male,61-65,3,0,5
9858,NARACOORTE LUCINDALE COUNCIL,Male,61-65,3,1,1
9859,NARACOORTE LUCINDALE COUNCIL,Male,61-65,4,0,3
9860,NARACOORTE LUCINDALE COUNCIL,Male,61-65,5,0,1
9861,NARACOORTE LUCINDALE COUNCIL,Male,66-70,>5,0,2
9862,NARACOORTE LUCINDALE COUNCIL,Male,66-70,0,1,2
9863,NARACOORTE LUCINDALE COUNCIL,Male,66-70,1,0,38
9864,NARACOORTE LUCINDALE COUNCIL,Male,66-70,1,2,1
9865,NARACOORTE LUCINDALE COUNCIL,Male,66-70,2,0,14
9866,NARACOORTE LUCINDALE COUNCIL,Male,66-70,3,0,4
9867,NARACOORTE LUCINDALE COUNCIL,Male,Unknown,0,1,1
9868,NARACOORTE LUCINDALE COUNCIL,Other,>70,0,2,1
9869,NARACOORTE LUCINDALE COUNCIL,Other,>70,1,0,17
9870,NARACOORTE LUCINDALE COUNCIL,Other,>70,1,1,1
9871,NARACOORTE LUCINDALE COUNCIL,Other,>70,2,0,3
9872,NARACOORTE LUCINDALE COUNCIL,Other,>70,2,2,1
9873,NARACOORTE LUCINDALE COUNCIL,Other,>70,3,0,1
9874,NARACOORTE LUCINDALE COUNCIL,Other,>70,4,0,1
9875,NARACOORTE LUCINDALE COUNCIL,Other,26-30,2,0,1
9876,NARACOORTE LUCINDALE COUNCIL,Other,31-35,1,0,4
9877,NARACOORTE LUCINDALE COUNCIL,Other,36-40,1,0,3
9878,NARACOORTE LUCINDALE COUNCIL,Other,36-40,2,0,1
9879,NARACOORTE LUCINDALE COUNCIL,Other,36-40,2,1,1
9880,NARACOORTE LUCINDALE COUNCIL,Other,41-45,1,0,2
9881,NARACOORTE LUCINDALE COUNCIL,Other,41-45,2,0,1
9882,NARACOORTE LUCINDALE COUNCIL,Other,46-50,1,0,5
9883,NARACOORTE LUCINDALE COUNCIL,Other,51-55,1,0,4
9884,NARACOORTE LUCINDALE COUNCIL,Other,51-55,4,0,1
9885,NARACOORTE LUCINDALE COUNCIL,Other,56-60,1,0,7
9886,NARACOORTE LUCINDALE COUNCIL,Other,56-60,2,0,2
9887,NARACOORTE LUCINDALE COUNCIL,Other,56-60,3,0,2
9888,NARACOORTE LUCINDALE COUNCIL,Other,56-60,4,0,1
9889,NARACOORTE LUCINDALE COUNCIL,Other,61-65,1,0,8
9890,NARACOORTE LUCINDALE COUNCIL,Other,61-65,2,0,3
9891,NARACOORTE LUCINDALE COUNCIL,Other,61-65,3,0,1
9892,NARACOORTE LUCINDALE COUNCIL,Other,61-65,4,0,1
9893,NARACOORTE LUCINDALE COUNCIL,Other,66-70,1,0,4
9894,NARACOORTE LUCINDALE COUNCIL,Other,66-70,2,0,1
9895,NARACOORTE LUCINDALE COUNCIL,Other,66-70,4,0,1
9896,NARACOORTE LUCINDALE COUNCIL,Other,66-70,5,0,1
9897,NARACOORTE LUCINDALE COUNCIL,Other,Unknown,0,2,1
9898,NARACOORTE LUCINDALE COUNCIL,Other,Unknown,1,0,9
9899,NARACOORTE LUCINDALE COUNCIL,Unknown,51-55,1,0,1
9900,NARACOORTE LUCINDALE COUNCIL,Unknown,Unknown,0,1,2
9901,NORTHERN AREAS COUNCIL,Female,>70,0,1,14
9902,NORTHERN AREAS COUNCIL,Female,>70,0,2,5
9903,NORTHERN AREAS COUNCIL,Female,>70,0,3,1
9904,NORTHERN AREAS COUNCIL,Female,>70,0,5,1
9905,NORTHERN AREAS COUNCIL,Female,>70,1,0,49
9906,NORTHERN AREAS COUNCIL,Female,>70,1,1,6
9907,NORTHERN AREAS COUNCIL,Female,>70,1,2,1
9908,NORTHERN AREAS COUNCIL,Female,>70,2,0,7
9909,NORTHERN AREAS COUNCIL,Female,>70,3,0,2
9910,NORTHERN AREAS COUNCIL,Female,>70,3,1,1
9911,NORTHERN AREAS COUNCIL,Female,16-20,0,1,1
9912,NORTHERN AREAS COUNCIL,Female,16-20,1,0,7
9913,NORTHERN AREAS COUNCIL,Female,16-20,2,0,2
9914,NORTHERN AREAS COUNCIL,Female,21-25,0,1,3
9915,NORTHERN AREAS COUNCIL,Female,21-25,1,0,22
9916,NORTHERN AREAS COUNCIL,Female,21-25,1,1,2
9917,NORTHERN AREAS COUNCIL,Female,21-25,2,0,4
9918,NORTHERN AREAS COUNCIL,Female,21-25,3,0,1
9919,NORTHERN AREAS COUNCIL,Female,26-30,0,1,6
9920,NORTHERN AREAS COUNCIL,Female,26-30,0,2,1
9921,NORTHERN AREAS COUNCIL,Female,26-30,1,0,28
9922,NORTHERN AREAS COUNCIL,Female,26-30,1,1,4
9923,NORTHERN AREAS COUNCIL,Female,26-30,1,2,1
9924,NORTHERN AREAS COUNCIL,Female,26-30,2,0,6
9925,NORTHERN AREAS COUNCIL,Female,26-30,2,1,2
9926,NORTHERN AREAS COUNCIL,Female,26-30,3,0,2
9927,NORTHERN AREAS COUNCIL,Female,26-30,3,1,1
9928,NORTHERN AREAS COUNCIL,Female,31-35,>5,0,1
9929,NORTHERN AREAS COUNCIL,Female,31-35,0,1,3
9930,NORTHERN AREAS COUNCIL,Female,31-35,1,0,35
9931,NORTHERN AREAS COUNCIL,Female,31-35,1,1,4
9932,NORTHERN AREAS COUNCIL,Female,31-35,1,2,2
9933,NORTHERN AREAS COUNCIL,Female,31-35,2,0,7
9934,NORTHERN AREAS COUNCIL,Female,31-35,2,1,4
9935,NORTHERN AREAS COUNCIL,Female,31-35,3,0,3
9936,NORTHERN AREAS COUNCIL,Female,31-35,4,0,1
9937,NORTHERN AREAS COUNCIL,Female,36-40,0,1,2
9938,NORTHERN AREAS COUNCIL,Female,36-40,0,2,2
9939,NORTHERN AREAS COUNCIL,Female,36-40,0,3,1
9940,NORTHERN AREAS COUNCIL,Female,36-40,0,4,1
9941,NORTHERN AREAS COUNCIL,Female,36-40,1,0,30
9942,NORTHERN AREAS COUNCIL,Female,36-40,1,1,2
9943,NORTHERN AREAS COUNCIL,Female,36-40,1,2,1
9944,NORTHERN AREAS COUNCIL,Female,36-40,2,0,9
9945,NORTHERN AREAS COUNCIL,Female,36-40,3,0,1
9946,NORTHERN AREAS COUNCIL,Female,41-45,>5,0,1
9947,NORTHERN AREAS COUNCIL,Female,41-45,0,1,5
9948,NORTHERN AREAS COUNCIL,Female,41-45,0,2,3
9949,NORTHERN AREAS COUNCIL,Female,41-45,0,3,2
9950,NORTHERN AREAS COUNCIL,Female,41-45,0,4,1
9951,NORTHERN AREAS COUNCIL,Female,41-45,1,0,27
9952,NORTHERN AREAS COUNCIL,Female,41-45,1,1,2
9953,NORTHERN AREAS COUNCIL,Female,41-45,2,0,7
9954,NORTHERN AREAS COUNCIL,Female,41-45,2,1,2
9955,NORTHERN AREAS COUNCIL,Female,41-45,3,0,2
9956,NORTHERN AREAS COUNCIL,Female,41-45,3,1,1
9957,NORTHERN AREAS COUNCIL,Female,41-45,4,0,1
9958,NORTHERN AREAS COUNCIL,Female,46-50,0,1,1
9959,NORTHERN AREAS COUNCIL,Female,46-50,0,2,1
9960,NORTHERN AREAS COUNCIL,Female,46-50,0,3,1
9961,NORTHERN AREAS COUNCIL,Female,46-50,0,4,1
9962,NORTHERN AREAS COUNCIL,Female,46-50,1,0,17
9963,NORTHERN AREAS COUNCIL,Female,46-50,1,1,5
9964,NORTHERN AREAS COUNCIL,Female,46-50,2,0,5
9965,NORTHERN AREAS COUNCIL,Female,46-50,2,2,1
9966,NORTHERN AREAS COUNCIL,Female,46-50,3,0,4
9967,NORTHERN AREAS COUNCIL,Female,46-50,4,0,2
9968,NORTHERN AREAS COUNCIL,Female,46-50,5,2,1
9969,NORTHERN AREAS COUNCIL,Female,51-55,0,1,8
9970,NORTHERN AREAS COUNCIL,Female,51-55,0,2,3
9971,NORTHERN AREAS COUNCIL,Female,51-55,0,3,2
9972,NORTHERN AREAS COUNCIL,Female,51-55,1,>5,1
9973,NORTHERN AREAS COUNCIL,Female,51-55,1,0,28
9974,NORTHERN AREAS COUNCIL,Female,51-55,1,1,2
9975,NORTHERN AREAS COUNCIL,Female,51-55,2,0,10
9976,NORTHERN AREAS COUNCIL,Female,51-55,2,1,1
9977,NORTHERN AREAS COUNCIL,Female,51-55,2,2,1
9978,NORTHERN AREAS COUNCIL,Female,51-55,3,0,5
9979,NORTHERN AREAS COUNCIL,Female,51-55,3,1,1
9980,NORTHERN AREAS COUNCIL,Female,51-55,4,1,1
9981,NORTHERN AREAS COUNCIL,Female,51-55,5,0,2
9982,NORTHERN AREAS COUNCIL,Female,56-60,>5,0,1
9983,NORTHERN AREAS COUNCIL,Female,56-60,>5,3,1
9984,NORTHERN AREAS COUNCIL,Female,56-60,0,1,6
9985,NORTHERN AREAS COUNCIL,Female,56-60,0,2,2
9986,NORTHERN AREAS COUNCIL,Female,56-60,1,0,28
9987,NORTHERN AREAS COUNCIL,Female,56-60,1,1,7
9988,NORTHERN AREAS COUNCIL,Female,56-60,2,0,10
9989,NORTHERN AREAS COUNCIL,Female,56-60,2,1,1
9990,NORTHERN AREAS COUNCIL,Female,56-60,3,>5,1
9991,NORTHERN AREAS COUNCIL,Female,56-60,3,0,2
9992,NORTHERN AREAS COUNCIL,Female,56-60,3,3,1
9993,NORTHERN AREAS COUNCIL,Female,56-60,4,1,1
9994,NORTHERN AREAS COUNCIL,Female,61-65,0,1,7
9995,NORTHERN AREAS COUNCIL,Female,61-65,0,2,2
9996,NORTHERN AREAS COUNCIL,Female,61-65,1,0,31
9997,NORTHERN AREAS COUNCIL,Female,61-65,1,1,3
9998,NORTHERN AREAS COUNCIL,Female,61-65,1,2,1
9999,NORTHERN AREAS COUNCIL,Female,61-65,2,0,12
10000,NORTHERN AREAS COUNCIL,Female,61-65,2,1,1
10001,NORTHERN AREAS COUNCIL,Female,61-65,3,0,2
10002,NORTHERN AREAS COUNCIL,Female,61-65,3,3,1
10003,NORTHERN AREAS COUNCIL,Female,61-65,4,0,1
10004,NORTHERN AREAS COUNCIL,Female,61-65,5,0,1
10005,NORTHERN AREAS COUNCIL,Female,66-70,0,1,3
10006,NORTHERN AREAS COUNCIL,Female,66-70,0,2,2
10007,NORTHERN AREAS COUNCIL,Female,66-70,1,0,19
10008,NORTHERN AREAS COUNCIL,Female,66-70,1,3,1
10009,NORTHERN AREAS COUNCIL,Female,66-70,1,4,1
10010,NORTHERN AREAS COUNCIL,Female,66-70,2,0,11
10011,NORTHERN AREAS COUNCIL,Female,66-70,2,1,2
10012,NORTHERN AREAS COUNCIL,Female,66-70,2,2,1
10013,NORTHERN AREAS COUNCIL,Female,66-70,3,0,1
10014,NORTHERN AREAS COUNCIL,Female,Unknown,0,1,5
10015,NORTHERN AREAS COUNCIL,Female,Unknown,1,0,1
10016,NORTHERN AREAS COUNCIL,Male,>70,0,1,2
10017,NORTHERN AREAS COUNCIL,Male,>70,1,0,53
10018,NORTHERN AREAS COUNCIL,Male,>70,1,1,2
10019,NORTHERN AREAS COUNCIL,Male,>70,2,0,9
10020,NORTHERN AREAS COUNCIL,Male,>70,2,1,1
10021,NORTHERN AREAS COUNCIL,Male,>70,3,0,2
10022,NORTHERN AREAS COUNCIL,Male,>70,5,0,2
10023,NORTHERN AREAS COUNCIL,Male,16-20,1,0,3
10024,NORTHERN AREAS COUNCIL,Male,21-25,0,2,1
10025,NORTHERN AREAS COUNCIL,Male,21-25,1,0,10
10026,NORTHERN AREAS COUNCIL,Male,21-25,1,1,2
10027,NORTHERN AREAS COUNCIL,Male,21-25,2,0,2
10028,NORTHERN AREAS COUNCIL,Male,21-25,4,0,1
10029,NORTHERN AREAS COUNCIL,Male,26-30,0,1,3
10030,NORTHERN AREAS COUNCIL,Male,26-30,0,2,1
10031,NORTHERN AREAS COUNCIL,Male,26-30,1,0,12
10032,NORTHERN AREAS COUNCIL,Male,26-30,2,0,4
10033,NORTHERN AREAS COUNCIL,Male,26-30,2,1,1
10034,NORTHERN AREAS COUNCIL,Male,31-35,1,0,12
10035,NORTHERN AREAS COUNCIL,Male,31-35,2,0,3
10036,NORTHERN AREAS COUNCIL,Male,31-35,3,0,2
10037,NORTHERN AREAS COUNCIL,Male,31-35,4,0,2
10038,NORTHERN AREAS COUNCIL,Male,36-40,0,1,2
10039,NORTHERN AREAS COUNCIL,Male,36-40,0,2,1
10040,NORTHERN AREAS COUNCIL,Male,36-40,1,0,13
10041,NORTHERN AREAS COUNCIL,Male,36-40,2,0,4
10042,NORTHERN AREAS COUNCIL,Male,36-40,3,0,1
10043,NORTHERN AREAS COUNCIL,Male,41-45,>5,0,3
10044,NORTHERN AREAS COUNCIL,Male,41-45,1,0,12
10045,NORTHERN AREAS COUNCIL,Male,41-45,1,1,2
10046,NORTHERN AREAS COUNCIL,Male,41-45,2,0,5
10047,NORTHERN AREAS COUNCIL,Male,41-45,2,1,1
10048,NORTHERN AREAS COUNCIL,Male,41-45,2,3,1
10049,NORTHERN AREAS COUNCIL,Male,41-45,3,0,1
10050,NORTHERN AREAS COUNCIL,Male,41-45,4,0,1
10051,NORTHERN AREAS COUNCIL,Male,41-45,5,0,1
10052,NORTHERN AREAS COUNCIL,Male,46-50,>5,1,1
10053,NORTHERN AREAS COUNCIL,Male,46-50,0,1,1
10054,NORTHERN AREAS COUNCIL,Male,46-50,1,0,18
10055,NORTHERN AREAS COUNCIL,Male,46-50,1,2,2
10056,NORTHERN AREAS COUNCIL,Male,46-50,2,0,4
10057,NORTHERN AREAS COUNCIL,Male,46-50,2,3,1
10058,NORTHERN AREAS COUNCIL,Male,46-50,3,0,3
10059,NORTHERN AREAS COUNCIL,Male,46-50,4,0,2
10060,NORTHERN AREAS COUNCIL,Male,51-55,>5,0,1
10061,NORTHERN AREAS COUNCIL,Male,51-55,0,1,1
10062,NORTHERN AREAS COUNCIL,Male,51-55,1,0,24
10063,NORTHERN AREAS COUNCIL,Male,51-55,2,0,7
10064,NORTHERN AREAS COUNCIL,Male,51-55,2,1,1
10065,NORTHERN AREAS COUNCIL,Male,51-55,2,2,1
10066,NORTHERN AREAS COUNCIL,Male,51-55,3,0,1
10067,NORTHERN AREAS COUNCIL,Male,51-55,4,0,1
10068,NORTHERN AREAS COUNCIL,Male,51-55,4,2,1
10069,NORTHERN AREAS COUNCIL,Male,56-60,>5,0,1
10070,NORTHERN AREAS COUNCIL,Male,56-60,0,1,3
10071,NORTHERN AREAS COUNCIL,Male,56-60,1,0,24
10072,NORTHERN AREAS COUNCIL,Male,56-60,1,1,3
10073,NORTHERN AREAS COUNCIL,Male,56-60,2,0,11
10074,NORTHERN AREAS COUNCIL,Male,56-60,2,2,1
10075,NORTHERN AREAS COUNCIL,Male,56-60,3,0,4
10076,NORTHERN AREAS COUNCIL,Male,56-60,4,0,1
10077,NORTHERN AREAS COUNCIL,Male,61-65,>5,0,1
10078,NORTHERN AREAS COUNCIL,Male,61-65,>5,1,1
10079,NORTHERN AREAS COUNCIL,Male,61-65,0,1,3
10080,NORTHERN AREAS COUNCIL,Male,61-65,0,2,1
10081,NORTHERN AREAS COUNCIL,Male,61-65,1,0,37
10082,NORTHERN AREAS COUNCIL,Male,61-65,1,1,2
10083,NORTHERN AREAS COUNCIL,Male,61-65,2,0,14
10084,NORTHERN AREAS COUNCIL,Male,61-65,3,0,5
10085,NORTHERN AREAS COUNCIL,Male,61-65,4,0,2
10086,NORTHERN AREAS COUNCIL,Male,61-65,5,0,2
10087,NORTHERN AREAS COUNCIL,Male,66-70,>5,0,1
10088,NORTHERN AREAS COUNCIL,Male,66-70,0,1,1
10089,NORTHERN AREAS COUNCIL,Male,66-70,1,0,30
10090,NORTHERN AREAS COUNCIL,Male,66-70,1,1,1
10091,NORTHERN AREAS COUNCIL,Male,66-70,2,0,12
10092,NORTHERN AREAS COUNCIL,Male,66-70,3,0,3
10093,NORTHERN AREAS COUNCIL,Male,66-70,4,0,1
10094,NORTHERN AREAS COUNCIL,Male,66-70,5,0,1
10095,NORTHERN AREAS COUNCIL,Male,Unknown,0,1,1
10096,NORTHERN AREAS COUNCIL,Other,>70,1,0,5
10097,NORTHERN AREAS COUNCIL,Other,>70,2,0,1
10098,NORTHERN AREAS COUNCIL,Other,21-25,1,0,1
10099,NORTHERN AREAS COUNCIL,Other,31-35,1,0,1
10100,NORTHERN AREAS COUNCIL,Other,36-40,1,0,1
10101,NORTHERN AREAS COUNCIL,Other,36-40,2,0,1
10102,NORTHERN AREAS COUNCIL,Other,41-45,1,0,1
10103,NORTHERN AREAS COUNCIL,Other,46-50,1,0,1
10104,NORTHERN AREAS COUNCIL,Other,51-55,1,0,1
10105,NORTHERN AREAS COUNCIL,Other,51-55,5,0,1
10106,NORTHERN AREAS COUNCIL,Other,56-60,1,0,1
10107,NORTHERN AREAS COUNCIL,Other,61-65,1,0,2
10108,NORTHERN AREAS COUNCIL,Other,61-65,2,0,1
10109,NORTHERN AREAS COUNCIL,Other,66-70,1,1,2
10110,OUTBACK COMMUNITIES AUTHORITY,Female,>70,0,1,2
10111,OUTBACK COMMUNITIES AUTHORITY,Female,>70,1,0,11
10112,OUTBACK COMMUNITIES AUTHORITY,Female,>70,2,0,1
10113,OUTBACK COMMUNITIES AUTHORITY,Female,>70,2,1,1
10114,OUTBACK COMMUNITIES AUTHORITY,Female,>70,4,0,2
10115,OUTBACK COMMUNITIES AUTHORITY,Female,16-20,1,0,2
10116,OUTBACK COMMUNITIES AUTHORITY,Female,21-25,0,1,1
10117,OUTBACK COMMUNITIES AUTHORITY,Female,21-25,1,0,5
10118,OUTBACK COMMUNITIES AUTHORITY,Female,21-25,2,0,1
10119,OUTBACK COMMUNITIES AUTHORITY,Female,21-25,2,2,1
10120,OUTBACK COMMUNITIES AUTHORITY,Female,21-25,3,0,1
10121,OUTBACK COMMUNITIES AUTHORITY,Female,26-30,0,2,1
10122,OUTBACK COMMUNITIES AUTHORITY,Female,26-30,1,0,12
10123,OUTBACK COMMUNITIES AUTHORITY,Female,26-30,1,1,1
10124,OUTBACK COMMUNITIES AUTHORITY,Female,26-30,2,0,1
10125,OUTBACK COMMUNITIES AUTHORITY,Female,31-35,0,1,3
10126,OUTBACK COMMUNITIES AUTHORITY,Female,31-35,0,2,1
10127,OUTBACK COMMUNITIES AUTHORITY,Female,31-35,1,0,10
10128,OUTBACK COMMUNITIES AUTHORITY,Female,31-35,1,2,1
10129,OUTBACK COMMUNITIES AUTHORITY,Female,31-35,2,0,4
10130,OUTBACK COMMUNITIES AUTHORITY,Female,36-40,>5,1,1
10131,OUTBACK COMMUNITIES AUTHORITY,Female,36-40,0,1,1
10132,OUTBACK COMMUNITIES AUTHORITY,Female,36-40,1,0,14
10133,OUTBACK COMMUNITIES AUTHORITY,Female,36-40,1,1,1
10134,OUTBACK COMMUNITIES AUTHORITY,Female,36-40,2,0,7
10135,OUTBACK COMMUNITIES AUTHORITY,Female,36-40,2,1,1
10136,OUTBACK COMMUNITIES AUTHORITY,Female,36-40,3,0,3
10137,OUTBACK COMMUNITIES AUTHORITY,Female,41-45,1,0,3
10138,OUTBACK COMMUNITIES AUTHORITY,Female,41-45,1,1,1
10139,OUTBACK COMMUNITIES AUTHORITY,Female,41-45,1,2,1
10140,OUTBACK COMMUNITIES AUTHORITY,Female,41-45,2,0,5
10141,OUTBACK COMMUNITIES AUTHORITY,Female,41-45,3,0,2
10142,OUTBACK COMMUNITIES AUTHORITY,Female,46-50,0,1,2
10143,OUTBACK COMMUNITIES AUTHORITY,Female,46-50,1,0,8
10144,OUTBACK COMMUNITIES AUTHORITY,Female,46-50,1,2,1
10145,OUTBACK COMMUNITIES AUTHORITY,Female,46-50,2,0,2
10146,OUTBACK COMMUNITIES AUTHORITY,Female,46-50,3,0,1
10147,OUTBACK COMMUNITIES AUTHORITY,Female,46-50,4,0,1
10148,OUTBACK COMMUNITIES AUTHORITY,Female,46-50,5,0,1
10149,OUTBACK COMMUNITIES AUTHORITY,Female,51-55,0,1,1
10150,OUTBACK COMMUNITIES AUTHORITY,Female,51-55,0,2,1
10151,OUTBACK COMMUNITIES AUTHORITY,Female,51-55,1,0,7
10152,OUTBACK COMMUNITIES AUTHORITY,Female,51-55,1,1,1
10153,OUTBACK COMMUNITIES AUTHORITY,Female,51-55,2,0,5
10154,OUTBACK COMMUNITIES AUTHORITY,Female,51-55,3,1,1
10155,OUTBACK COMMUNITIES AUTHORITY,Female,51-55,4,0,1
10156,OUTBACK COMMUNITIES AUTHORITY,Female,56-60,0,1,2
10157,OUTBACK COMMUNITIES AUTHORITY,Female,56-60,1,0,10
10158,OUTBACK COMMUNITIES AUTHORITY,Female,56-60,1,1,1
10159,OUTBACK COMMUNITIES AUTHORITY,Female,56-60,2,0,7
10160,OUTBACK COMMUNITIES AUTHORITY,Female,56-60,2,1,1
10161,OUTBACK COMMUNITIES AUTHORITY,Female,56-60,4,0,1
10162,OUTBACK COMMUNITIES AUTHORITY,Female,56-60,4,3,1
10163,OUTBACK COMMUNITIES AUTHORITY,Female,61-65,0,1,2
10164,OUTBACK COMMUNITIES AUTHORITY,Female,61-65,1,0,11
10165,OUTBACK COMMUNITIES AUTHORITY,Female,61-65,1,1,1
10166,OUTBACK COMMUNITIES AUTHORITY,Female,61-65,2,0,2
10167,OUTBACK COMMUNITIES AUTHORITY,Female,61-65,4,0,1
10168,OUTBACK COMMUNITIES AUTHORITY,Female,61-65,5,0,1
10169,OUTBACK COMMUNITIES AUTHORITY,Female,66-70,>5,0,1
10170,OUTBACK COMMUNITIES AUTHORITY,Female,66-70,0,2,1
10171,OUTBACK COMMUNITIES AUTHORITY,Female,66-70,1,0,12
10172,OUTBACK COMMUNITIES AUTHORITY,Female,66-70,1,4,1
10173,OUTBACK COMMUNITIES AUTHORITY,Female,66-70,2,0,2
10174,OUTBACK COMMUNITIES AUTHORITY,Female,66-70,2,1,1
10175,OUTBACK COMMUNITIES AUTHORITY,Female,66-70,3,1,1
10176,OUTBACK COMMUNITIES AUTHORITY,Female,66-70,4,0,1
10177,OUTBACK COMMUNITIES AUTHORITY,Female,Unknown,0,1,6
10178,OUTBACK COMMUNITIES AUTHORITY,Female,Unknown,0,3,1
10179,OUTBACK COMMUNITIES AUTHORITY,Female,Unknown,1,0,5
10180,OUTBACK COMMUNITIES AUTHORITY,Female,Unknown,1,1,1
10181,OUTBACK COMMUNITIES AUTHORITY,Female,Unknown,1,3,1
10182,OUTBACK COMMUNITIES AUTHORITY,Female,Unknown,3,2,1
10183,OUTBACK COMMUNITIES AUTHORITY,Male,>70,1,0,19
10184,OUTBACK COMMUNITIES AUTHORITY,Male,>70,2,0,2
10185,OUTBACK COMMUNITIES AUTHORITY,Male,16-20,1,0,2
10186,OUTBACK COMMUNITIES AUTHORITY,Male,21-25,1,0,6
10187,OUTBACK COMMUNITIES AUTHORITY,Male,26-30,1,0,8
10188,OUTBACK COMMUNITIES AUTHORITY,Male,26-30,2,0,3
10189,OUTBACK COMMUNITIES AUTHORITY,Male,31-35,0,1,1
10190,OUTBACK COMMUNITIES AUTHORITY,Male,31-35,1,0,5
10191,OUTBACK COMMUNITIES AUTHORITY,Male,36-40,1,0,9
10192,OUTBACK COMMUNITIES AUTHORITY,Male,36-40,2,0,1
10193,OUTBACK COMMUNITIES AUTHORITY,Male,41-45,1,0,1
10194,OUTBACK COMMUNITIES AUTHORITY,Male,41-45,2,0,2
10195,OUTBACK COMMUNITIES AUTHORITY,Male,46-50,1,0,2
10196,OUTBACK COMMUNITIES AUTHORITY,Male,46-50,1,1,1
10197,OUTBACK COMMUNITIES AUTHORITY,Male,46-50,3,0,1
10198,OUTBACK COMMUNITIES AUTHORITY,Male,51-55,1,0,7
10199,OUTBACK COMMUNITIES AUTHORITY,Male,51-55,2,0,1
10200,OUTBACK COMMUNITIES AUTHORITY,Male,51-55,2,1,1
10201,OUTBACK COMMUNITIES AUTHORITY,Male,51-55,3,0,1
10202,OUTBACK COMMUNITIES AUTHORITY,Male,56-60,1,0,8
10203,OUTBACK COMMUNITIES AUTHORITY,Male,61-65,0,1,1
10204,OUTBACK COMMUNITIES AUTHORITY,Male,61-65,1,0,7
10205,OUTBACK COMMUNITIES AUTHORITY,Male,61-65,2,0,2
10206,OUTBACK COMMUNITIES AUTHORITY,Male,61-65,2,1,1
10207,OUTBACK COMMUNITIES AUTHORITY,Male,61-65,3,0,1
10208,OUTBACK COMMUNITIES AUTHORITY,Male,66-70,1,0,9
10209,OUTBACK COMMUNITIES AUTHORITY,Male,66-70,2,0,1
10210,OUTBACK COMMUNITIES AUTHORITY,Male,66-70,3,0,1
10211,OUTBACK COMMUNITIES AUTHORITY,Male,66-70,5,2,1
10212,OUTBACK COMMUNITIES AUTHORITY,Male,Unknown,1,0,4
10213,OUTBACK COMMUNITIES AUTHORITY,Male,Unknown,1,1,1
10214,OUTBACK COMMUNITIES AUTHORITY,Male,Unknown,2,0,1
10215,OUTBACK COMMUNITIES AUTHORITY,Other,31-35,0,2,1
10216,OUTBACK COMMUNITIES AUTHORITY,Other,56-60,3,0,1
10217,OUTBACK COMMUNITIES AUTHORITY,Unknown,Unknown,0,1,6
10218,OUTBACK COMMUNITIES AUTHORITY,Unknown,Unknown,0,2,1
10219,OUTBACK COMMUNITIES AUTHORITY,Unknown,Unknown,1,0,12
10220,OUTBACK COMMUNITIES AUTHORITY,Unknown,Unknown,2,0,3
10221,OUTBACK COMMUNITIES AUTHORITY,Unknown,Unknown,2,1,1
10222,OUTBACK COMMUNITIES AUTHORITY,Unknown,Unknown,2,2,1
10223,OUTBACK COMMUNITIES AUTHORITY,Unknown,Unknown,3,0,1
10224,PORT AUGUSTA CITY COUNCIL,Female,>70,0,1,18
10225,PORT AUGUSTA CITY COUNCIL,Female,>70,0,2,4
10226,PORT AUGUSTA CITY COUNCIL,Female,>70,0,4,1
10227,PORT AUGUSTA CITY COUNCIL,Female,>70,1,0,128
10228,PORT AUGUSTA CITY COUNCIL,Female,>70,1,1,9
10229,PORT AUGUSTA CITY COUNCIL,Female,>70,1,2,1
10230,PORT AUGUSTA CITY COUNCIL,Female,>70,1,3,2
10231,PORT AUGUSTA CITY COUNCIL,Female,>70,2,0,20
10232,PORT AUGUSTA CITY COUNCIL,Female,>70,2,2,1
10233,PORT AUGUSTA CITY COUNCIL,Female,>70,3,0,4
10234,PORT AUGUSTA CITY COUNCIL,Female,>70,3,1,1
10235,PORT AUGUSTA CITY COUNCIL,Female,16-20,0,1,6
10236,PORT AUGUSTA CITY COUNCIL,Female,16-20,1,0,8
10237,PORT AUGUSTA CITY COUNCIL,Female,16-20,2,0,2
10238,PORT AUGUSTA CITY COUNCIL,Female,16-20,3,0,1
10239,PORT AUGUSTA CITY COUNCIL,Female,21-25,0,1,15
10240,PORT AUGUSTA CITY COUNCIL,Female,21-25,0,2,5
10241,PORT AUGUSTA CITY COUNCIL,Female,21-25,0,4,1
10242,PORT AUGUSTA CITY COUNCIL,Female,21-25,1,0,52
10243,PORT AUGUSTA CITY COUNCIL,Female,21-25,1,1,5
10244,PORT AUGUSTA CITY COUNCIL,Female,21-25,1,2,4
10245,PORT AUGUSTA CITY COUNCIL,Female,21-25,1,4,1
10246,PORT AUGUSTA CITY COUNCIL,Female,21-25,2,0,9
10247,PORT AUGUSTA CITY COUNCIL,Female,21-25,2,1,3
10248,PORT AUGUSTA CITY COUNCIL,Female,21-25,3,0,1
10249,PORT AUGUSTA CITY COUNCIL,Female,21-25,5,0,1
10250,PORT AUGUSTA CITY COUNCIL,Female,26-30,0,1,16
10251,PORT AUGUSTA CITY COUNCIL,Female,26-30,0,2,8
10252,PORT AUGUSTA CITY COUNCIL,Female,26-30,0,3,2
10253,PORT AUGUSTA CITY COUNCIL,Female,26-30,1,0,96
10254,PORT AUGUSTA CITY COUNCIL,Female,26-30,1,1,6
10255,PORT AUGUSTA CITY COUNCIL,Female,26-30,1,2,2
10256,PORT AUGUSTA CITY COUNCIL,Female,26-30,1,3,1
10257,PORT AUGUSTA CITY COUNCIL,Female,26-30,2,0,35
10258,PORT AUGUSTA CITY COUNCIL,Female,26-30,2,1,7
10259,PORT AUGUSTA CITY COUNCIL,Female,26-30,2,2,3
10260,PORT AUGUSTA CITY COUNCIL,Female,26-30,3,0,5
10261,PORT AUGUSTA CITY COUNCIL,Female,31-35,>5,0,1
10262,PORT AUGUSTA CITY COUNCIL,Female,31-35,0,1,14
10263,PORT AUGUSTA CITY COUNCIL,Female,31-35,0,2,4
10264,PORT AUGUSTA CITY COUNCIL,Female,31-35,0,3,2
10265,PORT AUGUSTA CITY COUNCIL,Female,31-35,1,0,112
10266,PORT AUGUSTA CITY COUNCIL,Female,31-35,1,1,8
10267,PORT AUGUSTA CITY COUNCIL,Female,31-35,1,2,2
10268,PORT AUGUSTA CITY COUNCIL,Female,31-35,2,0,35
10269,PORT AUGUSTA CITY COUNCIL,Female,31-35,2,1,7
10270,PORT AUGUSTA CITY COUNCIL,Female,31-35,2,2,2
10271,PORT AUGUSTA CITY COUNCIL,Female,31-35,2,3,1
10272,PORT AUGUSTA CITY COUNCIL,Female,31-35,3,0,5
10273,PORT AUGUSTA CITY COUNCIL,Female,31-35,3,1,1
10274,PORT AUGUSTA CITY COUNCIL,Female,36-40,0,1,5
10275,PORT AUGUSTA CITY COUNCIL,Female,36-40,0,2,5
10276,PORT AUGUSTA CITY COUNCIL,Female,36-40,0,3,1
10277,PORT AUGUSTA CITY COUNCIL,Female,36-40,1,0,117
10278,PORT AUGUSTA CITY COUNCIL,Female,36-40,1,1,6
10279,PORT AUGUSTA CITY COUNCIL,Female,36-40,1,2,3
10280,PORT AUGUSTA CITY COUNCIL,Female,36-40,1,4,2
10281,PORT AUGUSTA CITY COUNCIL,Female,36-40,2,0,30
10282,PORT AUGUSTA CITY COUNCIL,Female,36-40,2,1,4
10283,PORT AUGUSTA CITY COUNCIL,Female,36-40,2,2,2
10284,PORT AUGUSTA CITY COUNCIL,Female,36-40,2,5,1
10285,PORT AUGUSTA CITY COUNCIL,Female,36-40,3,0,4
10286,PORT AUGUSTA CITY COUNCIL,Female,36-40,3,1,1
10287,PORT AUGUSTA CITY COUNCIL,Female,36-40,4,0,3
10288,PORT AUGUSTA CITY COUNCIL,Female,36-40,4,3,1
10289,PORT AUGUSTA CITY COUNCIL,Female,41-45,0,1,13
10290,PORT AUGUSTA CITY COUNCIL,Female,41-45,0,2,4
10291,PORT AUGUSTA CITY COUNCIL,Female,41-45,0,4,1
10292,PORT AUGUSTA CITY COUNCIL,Female,41-45,1,0,83
10293,PORT AUGUSTA CITY COUNCIL,Female,41-45,1,1,7
10294,PORT AUGUSTA CITY COUNCIL,Female,41-45,1,2,6
10295,PORT AUGUSTA CITY COUNCIL,Female,41-45,1,3,3
10296,PORT AUGUSTA CITY COUNCIL,Female,41-45,2,>5,1
10297,PORT AUGUSTA CITY COUNCIL,Female,41-45,2,0,47
10298,PORT AUGUSTA CITY COUNCIL,Female,41-45,2,1,10
10299,PORT AUGUSTA CITY COUNCIL,Female,41-45,2,2,2
10300,PORT AUGUSTA CITY COUNCIL,Female,41-45,3,0,2
10301,PORT AUGUSTA CITY COUNCIL,Female,41-45,3,1,2
10302,PORT AUGUSTA CITY COUNCIL,Female,46-50,0,>5,1
10303,PORT AUGUSTA CITY COUNCIL,Female,46-50,0,1,13
10304,PORT AUGUSTA CITY COUNCIL,Female,46-50,0,2,4
10305,PORT AUGUSTA CITY COUNCIL,Female,46-50,0,3,2
10306,PORT AUGUSTA CITY COUNCIL,Female,46-50,1,0,85
10307,PORT AUGUSTA CITY COUNCIL,Female,46-50,1,1,8
10308,PORT AUGUSTA CITY COUNCIL,Female,46-50,1,2,3
10309,PORT AUGUSTA CITY COUNCIL,Female,46-50,1,3,1
10310,PORT AUGUSTA CITY COUNCIL,Female,46-50,2,0,24
10311,PORT AUGUSTA CITY COUNCIL,Female,46-50,2,1,4
10312,PORT AUGUSTA CITY COUNCIL,Female,46-50,2,2,3
10313,PORT AUGUSTA CITY COUNCIL,Female,46-50,2,4,1
10314,PORT AUGUSTA CITY COUNCIL,Female,46-50,3,0,4
10315,PORT AUGUSTA CITY COUNCIL,Female,51-55,0,1,13
10316,PORT AUGUSTA CITY COUNCIL,Female,51-55,0,2,5
10317,PORT AUGUSTA CITY COUNCIL,Female,51-55,1,0,93
10318,PORT AUGUSTA CITY COUNCIL,Female,51-55,1,1,7
10319,PORT AUGUSTA CITY COUNCIL,Female,51-55,1,2,3
10320,PORT AUGUSTA CITY COUNCIL,Female,51-55,1,3,1
10321,PORT AUGUSTA CITY COUNCIL,Female,51-55,1,4,1
10322,PORT AUGUSTA CITY COUNCIL,Female,51-55,2,0,48
10323,PORT AUGUSTA CITY COUNCIL,Female,51-55,2,1,4
10324,PORT AUGUSTA CITY COUNCIL,Female,51-55,2,2,2
10325,PORT AUGUSTA CITY COUNCIL,Female,51-55,2,3,1
10326,PORT AUGUSTA CITY COUNCIL,Female,51-55,3,0,7
10327,PORT AUGUSTA CITY COUNCIL,Female,51-55,3,2,1
10328,PORT AUGUSTA CITY COUNCIL,Female,51-55,4,0,3
10329,PORT AUGUSTA CITY COUNCIL,Female,51-55,4,2,1
10330,PORT AUGUSTA CITY COUNCIL,Female,51-55,5,0,1
10331,PORT AUGUSTA CITY COUNCIL,Female,56-60,0,>5,1
10332,PORT AUGUSTA CITY COUNCIL,Female,56-60,0,1,6
10333,PORT AUGUSTA CITY COUNCIL,Female,56-60,0,2,1
10334,PORT AUGUSTA CITY COUNCIL,Female,56-60,0,3,2
10335,PORT AUGUSTA CITY COUNCIL,Female,56-60,1,0,95
10336,PORT AUGUSTA CITY COUNCIL,Female,56-60,1,1,5
10337,PORT AUGUSTA CITY COUNCIL,Female,56-60,2,0,37
10338,PORT AUGUSTA CITY COUNCIL,Female,56-60,2,1,6
10339,PORT AUGUSTA CITY COUNCIL,Female,56-60,2,2,1
10340,PORT AUGUSTA CITY COUNCIL,Female,56-60,3,0,4
10341,PORT AUGUSTA CITY COUNCIL,Female,56-60,3,2,1
10342,PORT AUGUSTA CITY COUNCIL,Female,56-60,4,0,1
10343,PORT AUGUSTA CITY COUNCIL,Female,61-65,0,1,6
10344,PORT AUGUSTA CITY COUNCIL,Female,61-65,0,2,1
10345,PORT AUGUSTA CITY COUNCIL,Female,61-65,1,0,94
10346,PORT AUGUSTA CITY COUNCIL,Female,61-65,1,1,6
10347,PORT AUGUSTA CITY COUNCIL,Female,61-65,1,2,2
10348,PORT AUGUSTA CITY COUNCIL,Female,61-65,2,0,36
10349,PORT AUGUSTA CITY COUNCIL,Female,61-65,2,1,5
10350,PORT AUGUSTA CITY COUNCIL,Female,61-65,2,2,1
10351,PORT AUGUSTA CITY COUNCIL,Female,61-65,3,0,5
10352,PORT AUGUSTA CITY COUNCIL,Female,61-65,3,1,2
10353,PORT AUGUSTA CITY COUNCIL,Female,61-65,4,0,1
10354,PORT AUGUSTA CITY COUNCIL,Female,61-65,5,0,1
10355,PORT AUGUSTA CITY COUNCIL,Female,61-65,5,2,1
10356,PORT AUGUSTA CITY COUNCIL,Female,66-70,0,1,4
10357,PORT AUGUSTA CITY COUNCIL,Female,66-70,0,3,2
10358,PORT AUGUSTA CITY COUNCIL,Female,66-70,0,4,1
10359,PORT AUGUSTA CITY COUNCIL,Female,66-70,1,0,72
10360,PORT AUGUSTA CITY COUNCIL,Female,66-70,1,1,2
10361,PORT AUGUSTA CITY COUNCIL,Female,66-70,1,2,1
10362,PORT AUGUSTA CITY COUNCIL,Female,66-70,2,0,18
10363,PORT AUGUSTA CITY COUNCIL,Female,66-70,2,2,1
10364,PORT AUGUSTA CITY COUNCIL,Female,66-70,3,0,3
10365,PORT AUGUSTA CITY COUNCIL,Female,66-70,3,4,1
10366,PORT AUGUSTA CITY COUNCIL,Female,66-70,4,0,1
10367,PORT AUGUSTA CITY COUNCIL,Female,Unknown,0,1,28
10368,PORT AUGUSTA CITY COUNCIL,Female,Unknown,0,2,4
10369,PORT AUGUSTA CITY COUNCIL,Female,Unknown,0,3,1
10370,PORT AUGUSTA CITY COUNCIL,Female,Unknown,1,0,1
10371,PORT AUGUSTA CITY COUNCIL,Female,Unknown,2,2,1
10372,PORT AUGUSTA CITY COUNCIL,Male,>70,0,1,6
10373,PORT AUGUSTA CITY COUNCIL,Male,>70,0,2,3
10374,PORT AUGUSTA CITY COUNCIL,Male,>70,1,0,95
10375,PORT AUGUSTA CITY COUNCIL,Male,>70,1,1,3
10376,PORT AUGUSTA CITY COUNCIL,Male,>70,1,2,1
10377,PORT AUGUSTA CITY COUNCIL,Male,>70,1,3,3
10378,PORT AUGUSTA CITY COUNCIL,Male,>70,2,0,12
10379,PORT AUGUSTA CITY COUNCIL,Male,>70,3,0,1
10380,PORT AUGUSTA CITY COUNCIL,Male,16-20,0,1,1
10381,PORT AUGUSTA CITY COUNCIL,Male,16-20,1,0,4
10382,PORT AUGUSTA CITY COUNCIL,Male,21-25,0,1,5
10383,PORT AUGUSTA CITY COUNCIL,Male,21-25,0,2,1
10384,PORT AUGUSTA CITY COUNCIL,Male,21-25,1,0,44
10385,PORT AUGUSTA CITY COUNCIL,Male,21-25,1,2,1
10386,PORT AUGUSTA CITY COUNCIL,Male,21-25,2,0,1
10387,PORT AUGUSTA CITY COUNCIL,Male,21-25,2,4,1
10388,PORT AUGUSTA CITY COUNCIL,Male,26-30,0,1,8
10389,PORT AUGUSTA CITY COUNCIL,Male,26-30,0,2,2
10390,PORT AUGUSTA CITY COUNCIL,Male,26-30,1,0,66
10391,PORT AUGUSTA CITY COUNCIL,Male,26-30,1,1,1
10392,PORT AUGUSTA CITY COUNCIL,Male,26-30,1,2,1
10393,PORT AUGUSTA CITY COUNCIL,Male,26-30,2,0,12
10394,PORT AUGUSTA CITY COUNCIL,Male,26-30,2,3,1
10395,PORT AUGUSTA CITY COUNCIL,Male,31-35,0,1,9
10396,PORT AUGUSTA CITY COUNCIL,Male,31-35,0,2,1
10397,PORT AUGUSTA CITY COUNCIL,Male,31-35,1,0,60
10398,PORT AUGUSTA CITY COUNCIL,Male,31-35,1,1,2
10399,PORT AUGUSTA CITY COUNCIL,Male,31-35,2,0,17
10400,PORT AUGUSTA CITY COUNCIL,Male,31-35,3,2,1
10401,PORT AUGUSTA CITY COUNCIL,Male,36-40,0,1,3
10402,PORT AUGUSTA CITY COUNCIL,Male,36-40,0,2,3
10403,PORT AUGUSTA CITY COUNCIL,Male,36-40,1,0,71
10404,PORT AUGUSTA CITY COUNCIL,Male,36-40,1,1,5
10405,PORT AUGUSTA CITY COUNCIL,Male,36-40,2,0,18
10406,PORT AUGUSTA CITY COUNCIL,Male,36-40,2,1,1
10407,PORT AUGUSTA CITY COUNCIL,Male,36-40,3,0,5
10408,PORT AUGUSTA CITY COUNCIL,Male,41-45,0,1,3
10409,PORT AUGUSTA CITY COUNCIL,Male,41-45,0,2,1
10410,PORT AUGUSTA CITY COUNCIL,Male,41-45,1,0,48
10411,PORT AUGUSTA CITY COUNCIL,Male,41-45,1,1,1
10412,PORT AUGUSTA CITY COUNCIL,Male,41-45,2,0,13
10413,PORT AUGUSTA CITY COUNCIL,Male,41-45,2,1,1
10414,PORT AUGUSTA CITY COUNCIL,Male,41-45,2,2,1
10415,PORT AUGUSTA CITY COUNCIL,Male,41-45,3,0,2
10416,PORT AUGUSTA CITY COUNCIL,Male,46-50,0,1,4
10417,PORT AUGUSTA CITY COUNCIL,Male,46-50,0,2,1
10418,PORT AUGUSTA CITY COUNCIL,Male,46-50,1,0,43
10419,PORT AUGUSTA CITY COUNCIL,Male,46-50,2,0,13
10420,PORT AUGUSTA CITY COUNCIL,Male,46-50,2,1,1
10421,PORT AUGUSTA CITY COUNCIL,Male,46-50,3,0,1
10422,PORT AUGUSTA CITY COUNCIL,Male,51-55,0,1,3
10423,PORT AUGUSTA CITY COUNCIL,Male,51-55,0,2,1
10424,PORT AUGUSTA CITY COUNCIL,Male,51-55,0,3,1
10425,PORT AUGUSTA CITY COUNCIL,Male,51-55,1,0,58
10426,PORT AUGUSTA CITY COUNCIL,Male,51-55,1,1,4
10427,PORT AUGUSTA CITY COUNCIL,Male,51-55,1,3,1
10428,PORT AUGUSTA CITY COUNCIL,Male,51-55,2,0,15
10429,PORT AUGUSTA CITY COUNCIL,Male,51-55,2,1,1
10430,PORT AUGUSTA CITY COUNCIL,Male,51-55,2,2,1
10431,PORT AUGUSTA CITY COUNCIL,Male,51-55,3,0,2
10432,PORT AUGUSTA CITY COUNCIL,Male,56-60,0,1,2
10433,PORT AUGUSTA CITY COUNCIL,Male,56-60,1,0,61
10434,PORT AUGUSTA CITY COUNCIL,Male,56-60,1,1,3
10435,PORT AUGUSTA CITY COUNCIL,Male,56-60,1,2,1
10436,PORT AUGUSTA CITY COUNCIL,Male,56-60,2,0,17
10437,PORT AUGUSTA CITY COUNCIL,Male,56-60,2,1,3
10438,PORT AUGUSTA CITY COUNCIL,Male,56-60,3,0,2
10439,PORT AUGUSTA CITY COUNCIL,Male,61-65,0,1,4
10440,PORT AUGUSTA CITY COUNCIL,Male,61-65,0,2,1
10441,PORT AUGUSTA CITY COUNCIL,Male,61-65,1,0,71
10442,PORT AUGUSTA CITY COUNCIL,Male,61-65,2,0,20
10443,PORT AUGUSTA CITY COUNCIL,Male,61-65,3,0,1
10444,PORT AUGUSTA CITY COUNCIL,Male,61-65,4,0,2
10445,PORT AUGUSTA CITY COUNCIL,Male,66-70,0,1,3
10446,PORT AUGUSTA CITY COUNCIL,Male,66-70,1,0,58
10447,PORT AUGUSTA CITY COUNCIL,Male,66-70,1,1,3
10448,PORT AUGUSTA CITY COUNCIL,Male,66-70,1,2,1
10449,PORT AUGUSTA CITY COUNCIL,Male,66-70,2,0,12
10450,PORT AUGUSTA CITY COUNCIL,Male,66-70,3,0,1
10451,PORT AUGUSTA CITY COUNCIL,Male,Unknown,0,>5,1
10452,PORT AUGUSTA CITY COUNCIL,Male,Unknown,0,1,7
10453,PORT AUGUSTA CITY COUNCIL,Male,Unknown,0,2,1
10454,PORT AUGUSTA CITY COUNCIL,Male,Unknown,0,3,2
10455,PORT AUGUSTA CITY COUNCIL,Male,Unknown,1,0,1
10456,PORT AUGUSTA CITY COUNCIL,Other,>70,1,0,1
10457,PORT AUGUSTA CITY COUNCIL,Other,26-30,3,>5,1
10458,PORT AUGUSTA CITY COUNCIL,Other,31-35,1,0,1
10459,PORT AUGUSTA CITY COUNCIL,Other,56-60,1,0,3
10460,PORT AUGUSTA CITY COUNCIL,SUPPRESSED,Unknown,1,0,3
10461,PORT AUGUSTA CITY COUNCIL,SUPPRESSED,Unknown,2,0,2
10462,PORT AUGUSTA CITY COUNCIL,Unknown,26-30,0,1,1
10463,PORT AUGUSTA CITY COUNCIL,Unknown,66-70,0,1,1
10464,PORT AUGUSTA CITY COUNCIL,Unknown,Unknown,0,1,32
10465,PORT AUGUSTA CITY COUNCIL,Unknown,Unknown,0,2,6
10466,PORT AUGUSTA CITY COUNCIL,Unknown,Unknown,1,0,3
10467,PORT PIRIE REGIONAL COUNCIL,Female,>70,>5,0,1
10468,PORT PIRIE REGIONAL COUNCIL,Female,>70,0,1,26
10469,PORT PIRIE REGIONAL COUNCIL,Female,>70,0,2,5
10470,PORT PIRIE REGIONAL COUNCIL,Female,>70,0,3,2
10471,PORT PIRIE REGIONAL COUNCIL,Female,>70,0,4,2
10472,PORT PIRIE REGIONAL COUNCIL,Female,>70,1,>5,1
10473,PORT PIRIE REGIONAL COUNCIL,Female,>70,1,0,195
10474,PORT PIRIE REGIONAL COUNCIL,Female,>70,1,1,11
10475,PORT PIRIE REGIONAL COUNCIL,Female,>70,1,2,1
10476,PORT PIRIE REGIONAL COUNCIL,Female,>70,1,3,1
10477,PORT PIRIE REGIONAL COUNCIL,Female,>70,2,0,36
10478,PORT PIRIE REGIONAL COUNCIL,Female,>70,2,1,1
10479,PORT PIRIE REGIONAL COUNCIL,Female,>70,2,2,1
10480,PORT PIRIE REGIONAL COUNCIL,Female,>70,3,0,4
10481,PORT PIRIE REGIONAL COUNCIL,Female,>70,4,0,1
10482,PORT PIRIE REGIONAL COUNCIL,Female,16-20,0,1,7
10483,PORT PIRIE REGIONAL COUNCIL,Female,16-20,0,2,1
10484,PORT PIRIE REGIONAL COUNCIL,Female,16-20,1,0,8
10485,PORT PIRIE REGIONAL COUNCIL,Female,16-20,1,1,2
10486,PORT PIRIE REGIONAL COUNCIL,Female,16-20,2,0,1
10487,PORT PIRIE REGIONAL COUNCIL,Female,21-25,>5,0,1
10488,PORT PIRIE REGIONAL COUNCIL,Female,21-25,0,1,19
10489,PORT PIRIE REGIONAL COUNCIL,Female,21-25,0,2,8
10490,PORT PIRIE REGIONAL COUNCIL,Female,21-25,0,3,3
10491,PORT PIRIE REGIONAL COUNCIL,Female,21-25,0,5,1
10492,PORT PIRIE REGIONAL COUNCIL,Female,21-25,1,0,81
10493,PORT PIRIE REGIONAL COUNCIL,Female,21-25,1,1,6
10494,PORT PIRIE REGIONAL COUNCIL,Female,21-25,1,2,6
10495,PORT PIRIE REGIONAL COUNCIL,Female,21-25,1,3,1
10496,PORT PIRIE REGIONAL COUNCIL,Female,21-25,2,0,16
10497,PORT PIRIE REGIONAL COUNCIL,Female,21-25,2,1,3
10498,PORT PIRIE REGIONAL COUNCIL,Female,21-25,3,1,1
10499,PORT PIRIE REGIONAL COUNCIL,Female,21-25,3,2,1
10500,PORT PIRIE REGIONAL COUNCIL,Female,26-30,0,1,14
10501,PORT PIRIE REGIONAL COUNCIL,Female,26-30,0,2,6
10502,PORT PIRIE REGIONAL COUNCIL,Female,26-30,0,3,1
10503,PORT PIRIE REGIONAL COUNCIL,Female,26-30,0,4,1
10504,PORT PIRIE REGIONAL COUNCIL,Female,26-30,1,0,122
10505,PORT PIRIE REGIONAL COUNCIL,Female,26-30,1,1,12
10506,PORT PIRIE REGIONAL COUNCIL,Female,26-30,1,2,3
10507,PORT PIRIE REGIONAL COUNCIL,Female,26-30,1,3,1
10508,PORT PIRIE REGIONAL COUNCIL,Female,26-30,1,4,1
10509,PORT PIRIE REGIONAL COUNCIL,Female,26-30,2,0,29
10510,PORT PIRIE REGIONAL COUNCIL,Female,26-30,2,1,6
10511,PORT PIRIE REGIONAL COUNCIL,Female,26-30,2,2,4
10512,PORT PIRIE REGIONAL COUNCIL,Female,26-30,3,0,2
10513,PORT PIRIE REGIONAL COUNCIL,Female,26-30,3,3,1
10514,PORT PIRIE REGIONAL COUNCIL,Female,26-30,4,0,2
10515,PORT PIRIE REGIONAL COUNCIL,Female,31-35,0,>5,1
10516,PORT PIRIE REGIONAL COUNCIL,Female,31-35,0,1,20
10517,PORT PIRIE REGIONAL COUNCIL,Female,31-35,0,2,9
10518,PORT PIRIE REGIONAL COUNCIL,Female,31-35,0,3,2
10519,PORT PIRIE REGIONAL COUNCIL,Female,31-35,0,5,2
10520,PORT PIRIE REGIONAL COUNCIL,Female,31-35,1,0,83
10521,PORT PIRIE REGIONAL COUNCIL,Female,31-35,1,1,9
10522,PORT PIRIE REGIONAL COUNCIL,Female,31-35,1,2,4
10523,PORT PIRIE REGIONAL COUNCIL,Female,31-35,1,3,1
10524,PORT PIRIE REGIONAL COUNCIL,Female,31-35,2,0,36
10525,PORT PIRIE REGIONAL COUNCIL,Female,31-35,2,1,7
10526,PORT PIRIE REGIONAL COUNCIL,Female,31-35,2,2,2
10527,PORT PIRIE REGIONAL COUNCIL,Female,31-35,2,3,2
10528,PORT PIRIE REGIONAL COUNCIL,Female,31-35,3,0,3
10529,PORT PIRIE REGIONAL COUNCIL,Female,31-35,4,0,1
10530,PORT PIRIE REGIONAL COUNCIL,Female,31-35,5,0,1
10531,PORT PIRIE REGIONAL COUNCIL,Female,36-40,0,1,19
10532,PORT PIRIE REGIONAL COUNCIL,Female,36-40,0,2,4
10533,PORT PIRIE REGIONAL COUNCIL,Female,36-40,0,3,1
10534,PORT PIRIE REGIONAL COUNCIL,Female,36-40,1,0,101
10535,PORT PIRIE REGIONAL COUNCIL,Female,36-40,1,1,17
10536,PORT PIRIE REGIONAL COUNCIL,Female,36-40,1,2,2
10537,PORT PIRIE REGIONAL COUNCIL,Female,36-40,1,3,1
10538,PORT PIRIE REGIONAL COUNCIL,Female,36-40,1,4,1
10539,PORT PIRIE REGIONAL COUNCIL,Female,36-40,2,0,38
10540,PORT PIRIE REGIONAL COUNCIL,Female,36-40,2,1,8
10541,PORT PIRIE REGIONAL COUNCIL,Female,36-40,2,2,3
10542,PORT PIRIE REGIONAL COUNCIL,Female,36-40,2,3,1
10543,PORT PIRIE REGIONAL COUNCIL,Female,36-40,3,0,4
10544,PORT PIRIE REGIONAL COUNCIL,Female,36-40,4,0,1
10545,PORT PIRIE REGIONAL COUNCIL,Female,36-40,5,0,1
10546,PORT PIRIE REGIONAL COUNCIL,Female,41-45,0,>5,1
10547,PORT PIRIE REGIONAL COUNCIL,Female,41-45,0,1,9
10548,PORT PIRIE REGIONAL COUNCIL,Female,41-45,0,2,4
10549,PORT PIRIE REGIONAL COUNCIL,Female,41-45,0,3,5
10550,PORT PIRIE REGIONAL COUNCIL,Female,41-45,1,0,99
10551,PORT PIRIE REGIONAL COUNCIL,Female,41-45,1,1,15
10552,PORT PIRIE REGIONAL COUNCIL,Female,41-45,1,2,7
10553,PORT PIRIE REGIONAL COUNCIL,Female,41-45,1,3,1
10554,PORT PIRIE REGIONAL COUNCIL,Female,41-45,1,4,1
10555,PORT PIRIE REGIONAL COUNCIL,Female,41-45,2,0,37
10556,PORT PIRIE REGIONAL COUNCIL,Female,41-45,2,1,3
10557,PORT PIRIE REGIONAL COUNCIL,Female,41-45,2,2,3
10558,PORT PIRIE REGIONAL COUNCIL,Female,41-45,3,0,4
10559,PORT PIRIE REGIONAL COUNCIL,Female,41-45,3,2,1
10560,PORT PIRIE REGIONAL COUNCIL,Female,41-45,4,0,1
10561,PORT PIRIE REGIONAL COUNCIL,Female,46-50,0,1,7
10562,PORT PIRIE REGIONAL COUNCIL,Female,46-50,0,2,4
10563,PORT PIRIE REGIONAL COUNCIL,Female,46-50,1,0,96
10564,PORT PIRIE REGIONAL COUNCIL,Female,46-50,1,1,11
10565,PORT PIRIE REGIONAL COUNCIL,Female,46-50,1,2,5
10566,PORT PIRIE REGIONAL COUNCIL,Female,46-50,1,3,2
10567,PORT PIRIE REGIONAL COUNCIL,Female,46-50,1,5,1
10568,PORT PIRIE REGIONAL COUNCIL,Female,46-50,2,0,33
10569,PORT PIRIE REGIONAL COUNCIL,Female,46-50,2,1,2
10570,PORT PIRIE REGIONAL COUNCIL,Female,46-50,2,2,1
10571,PORT PIRIE REGIONAL COUNCIL,Female,46-50,2,3,1
10572,PORT PIRIE REGIONAL COUNCIL,Female,46-50,3,0,3
10573,PORT PIRIE REGIONAL COUNCIL,Female,46-50,3,1,2
10574,PORT PIRIE REGIONAL COUNCIL,Female,46-50,4,3,1
10575,PORT PIRIE REGIONAL COUNCIL,Female,51-55,0,>5,1
10576,PORT PIRIE REGIONAL COUNCIL,Female,51-55,0,1,19
10577,PORT PIRIE REGIONAL COUNCIL,Female,51-55,0,2,10
10578,PORT PIRIE REGIONAL COUNCIL,Female,51-55,0,3,3
10579,PORT PIRIE REGIONAL COUNCIL,Female,51-55,0,4,1
10580,PORT PIRIE REGIONAL COUNCIL,Female,51-55,1,0,119
10581,PORT PIRIE REGIONAL COUNCIL,Female,51-55,1,1,24
10582,PORT PIRIE REGIONAL COUNCIL,Female,51-55,1,2,6
10583,PORT PIRIE REGIONAL COUNCIL,Female,51-55,2,>5,1
10584,PORT PIRIE REGIONAL COUNCIL,Female,51-55,2,0,48
10585,PORT PIRIE REGIONAL COUNCIL,Female,51-55,2,1,7
10586,PORT PIRIE REGIONAL COUNCIL,Female,51-55,2,2,3
10587,PORT PIRIE REGIONAL COUNCIL,Female,51-55,2,4,3
10588,PORT PIRIE REGIONAL COUNCIL,Female,51-55,2,5,1
10589,PORT PIRIE REGIONAL COUNCIL,Female,51-55,3,0,11
10590,PORT PIRIE REGIONAL COUNCIL,Female,51-55,3,1,2
10591,PORT PIRIE REGIONAL COUNCIL,Female,51-55,4,0,3
10592,PORT PIRIE REGIONAL COUNCIL,Female,51-55,4,1,1
10593,PORT PIRIE REGIONAL COUNCIL,Female,56-60,>5,0,1
10594,PORT PIRIE REGIONAL COUNCIL,Female,56-60,0,1,24
10595,PORT PIRIE REGIONAL COUNCIL,Female,56-60,0,2,5
10596,PORT PIRIE REGIONAL COUNCIL,Female,56-60,0,3,1
10597,PORT PIRIE REGIONAL COUNCIL,Female,56-60,0,4,1
10598,PORT PIRIE REGIONAL COUNCIL,Female,56-60,1,>5,1
10599,PORT PIRIE REGIONAL COUNCIL,Female,56-60,1,0,105
10600,PORT PIRIE REGIONAL COUNCIL,Female,56-60,1,1,13
10601,PORT PIRIE REGIONAL COUNCIL,Female,56-60,1,2,3
10602,PORT PIRIE REGIONAL COUNCIL,Female,56-60,1,3,1
10603,PORT PIRIE REGIONAL COUNCIL,Female,56-60,2,0,34
10604,PORT PIRIE REGIONAL COUNCIL,Female,56-60,2,1,2
10605,PORT PIRIE REGIONAL COUNCIL,Female,56-60,2,2,3
10606,PORT PIRIE REGIONAL COUNCIL,Female,56-60,2,3,1
10607,PORT PIRIE REGIONAL COUNCIL,Female,56-60,2,4,1
10608,PORT PIRIE REGIONAL COUNCIL,Female,56-60,2,5,1
10609,PORT PIRIE REGIONAL COUNCIL,Female,56-60,3,0,7
10610,PORT PIRIE REGIONAL COUNCIL,Female,56-60,4,0,1
10611,PORT PIRIE REGIONAL COUNCIL,Female,56-60,5,0,1
10612,PORT PIRIE REGIONAL COUNCIL,Female,61-65,>5,0,1
10613,PORT PIRIE REGIONAL COUNCIL,Female,61-65,0,1,17
10614,PORT PIRIE REGIONAL COUNCIL,Female,61-65,0,2,2
10615,PORT PIRIE REGIONAL COUNCIL,Female,61-65,0,3,2
10616,PORT PIRIE REGIONAL COUNCIL,Female,61-65,0,5,1
10617,PORT PIRIE REGIONAL COUNCIL,Female,61-65,1,0,106
10618,PORT PIRIE REGIONAL COUNCIL,Female,61-65,1,1,10
10619,PORT PIRIE REGIONAL COUNCIL,Female,61-65,2,0,32
10620,PORT PIRIE REGIONAL COUNCIL,Female,61-65,2,1,5
10621,PORT PIRIE REGIONAL COUNCIL,Female,61-65,2,2,1
10622,PORT PIRIE REGIONAL COUNCIL,Female,61-65,2,3,1
10623,PORT PIRIE REGIONAL COUNCIL,Female,61-65,3,0,4
10624,PORT PIRIE REGIONAL COUNCIL,Female,61-65,4,0,2
10625,PORT PIRIE REGIONAL COUNCIL,Female,61-65,5,0,1
10626,PORT PIRIE REGIONAL COUNCIL,Female,66-70,0,1,13
10627,PORT PIRIE REGIONAL COUNCIL,Female,66-70,0,2,3
10628,PORT PIRIE REGIONAL COUNCIL,Female,66-70,0,3,1
10629,PORT PIRIE REGIONAL COUNCIL,Female,66-70,1,0,76
10630,PORT PIRIE REGIONAL COUNCIL,Female,66-70,1,1,5
10631,PORT PIRIE REGIONAL COUNCIL,Female,66-70,1,3,2
10632,PORT PIRIE REGIONAL COUNCIL,Female,66-70,2,0,22
10633,PORT PIRIE REGIONAL COUNCIL,Female,66-70,2,1,1
10634,PORT PIRIE REGIONAL COUNCIL,Female,66-70,3,0,2
10635,PORT PIRIE REGIONAL COUNCIL,Female,Unknown,0,1,5
10636,PORT PIRIE REGIONAL COUNCIL,Female,Unknown,0,2,3
10637,PORT PIRIE REGIONAL COUNCIL,Female,Unknown,0,4,1
10638,PORT PIRIE REGIONAL COUNCIL,Female,Unknown,1,0,8
10639,PORT PIRIE REGIONAL COUNCIL,Female,Unknown,2,0,2
10640,PORT PIRIE REGIONAL COUNCIL,Female,Unknown,3,0,1
10641,PORT PIRIE REGIONAL COUNCIL,Male,>70,0,1,4
10642,PORT PIRIE REGIONAL COUNCIL,Male,>70,0,2,1
10643,PORT PIRIE REGIONAL COUNCIL,Male,>70,1,0,114
10644,PORT PIRIE REGIONAL COUNCIL,Male,>70,1,1,5
10645,PORT PIRIE REGIONAL COUNCIL,Male,>70,1,2,1
10646,PORT PIRIE REGIONAL COUNCIL,Male,>70,2,0,27
10647,PORT PIRIE REGIONAL COUNCIL,Male,>70,2,2,1
10648,PORT PIRIE REGIONAL COUNCIL,Male,>70,3,0,2
10649,PORT PIRIE REGIONAL COUNCIL,Male,>70,4,0,1
10650,PORT PIRIE REGIONAL COUNCIL,Male,>70,5,0,1
10651,PORT PIRIE REGIONAL COUNCIL,Male,16-20,1,0,4
10652,PORT PIRIE REGIONAL COUNCIL,Male,21-25,0,1,8
10653,PORT PIRIE REGIONAL COUNCIL,Male,21-25,0,2,4
10654,PORT PIRIE REGIONAL COUNCIL,Male,21-25,0,3,2
10655,PORT PIRIE REGIONAL COUNCIL,Male,21-25,1,0,36
10656,PORT PIRIE REGIONAL COUNCIL,Male,21-25,1,2,1
10657,PORT PIRIE REGIONAL COUNCIL,Male,21-25,2,0,8
10658,PORT PIRIE REGIONAL COUNCIL,Male,26-30,0,1,6
10659,PORT PIRIE REGIONAL COUNCIL,Male,26-30,0,2,2
10660,PORT PIRIE REGIONAL COUNCIL,Male,26-30,1,0,102
10661,PORT PIRIE REGIONAL COUNCIL,Male,26-30,2,0,21
10662,PORT PIRIE REGIONAL COUNCIL,Male,26-30,2,2,1
10663,PORT PIRIE REGIONAL COUNCIL,Male,26-30,3,0,2
10664,PORT PIRIE REGIONAL COUNCIL,Male,26-30,4,1,1
10665,PORT PIRIE REGIONAL COUNCIL,Male,26-30,5,0,2
10666,PORT PIRIE REGIONAL COUNCIL,Male,31-35,>5,0,1
10667,PORT PIRIE REGIONAL COUNCIL,Male,31-35,0,>5,1
10668,PORT PIRIE REGIONAL COUNCIL,Male,31-35,0,1,8
10669,PORT PIRIE REGIONAL COUNCIL,Male,31-35,0,2,3
10670,PORT PIRIE REGIONAL COUNCIL,Male,31-35,0,4,1
10671,PORT PIRIE REGIONAL COUNCIL,Male,31-35,1,0,80
10672,PORT PIRIE REGIONAL COUNCIL,Male,31-35,1,1,6
10673,PORT PIRIE REGIONAL COUNCIL,Male,31-35,2,0,23
10674,PORT PIRIE REGIONAL COUNCIL,Male,31-35,2,2,1
10675,PORT PIRIE REGIONAL COUNCIL,Male,36-40,>5,0,1
10676,PORT PIRIE REGIONAL COUNCIL,Male,36-40,0,1,2
10677,PORT PIRIE REGIONAL COUNCIL,Male,36-40,0,2,2
10678,PORT PIRIE REGIONAL COUNCIL,Male,36-40,1,0,68
10679,PORT PIRIE REGIONAL COUNCIL,Male,36-40,1,1,4
10680,PORT PIRIE REGIONAL COUNCIL,Male,36-40,1,2,2
10681,PORT PIRIE REGIONAL COUNCIL,Male,36-40,2,0,21
10682,PORT PIRIE REGIONAL COUNCIL,Male,36-40,2,2,1
10683,PORT PIRIE REGIONAL COUNCIL,Male,36-40,4,0,1
10684,PORT PIRIE REGIONAL COUNCIL,Male,41-45,0,1,4
10685,PORT PIRIE REGIONAL COUNCIL,Male,41-45,0,2,1
10686,PORT PIRIE REGIONAL COUNCIL,Male,41-45,1,0,53
10687,PORT PIRIE REGIONAL COUNCIL,Male,41-45,1,1,3
10688,PORT PIRIE REGIONAL COUNCIL,Male,41-45,1,2,1
10689,PORT PIRIE REGIONAL COUNCIL,Male,41-45,1,3,1
10690,PORT PIRIE REGIONAL COUNCIL,Male,41-45,2,0,16
10691,PORT PIRIE REGIONAL COUNCIL,Male,41-45,2,1,2
10692,PORT PIRIE REGIONAL COUNCIL,Male,41-45,3,0,3
10693,PORT PIRIE REGIONAL COUNCIL,Male,41-45,4,0,2
10694,PORT PIRIE REGIONAL COUNCIL,Male,46-50,>5,0,1
10695,PORT PIRIE REGIONAL COUNCIL,Male,46-50,0,1,6
10696,PORT PIRIE REGIONAL COUNCIL,Male,46-50,0,2,1
10697,PORT PIRIE REGIONAL COUNCIL,Male,46-50,1,0,64
10698,PORT PIRIE REGIONAL COUNCIL,Male,46-50,1,1,3
10699,PORT PIRIE REGIONAL COUNCIL,Male,46-50,1,2,1
10700,PORT PIRIE REGIONAL COUNCIL,Male,46-50,1,4,1
10701,PORT PIRIE REGIONAL COUNCIL,Male,46-50,2,0,17
10702,PORT PIRIE REGIONAL COUNCIL,Male,46-50,2,1,2
10703,PORT PIRIE REGIONAL COUNCIL,Male,46-50,3,0,2
10704,PORT PIRIE REGIONAL COUNCIL,Male,51-55,>5,2,1
10705,PORT PIRIE REGIONAL COUNCIL,Male,51-55,0,>5,1
10706,PORT PIRIE REGIONAL COUNCIL,Male,51-55,0,1,4
10707,PORT PIRIE REGIONAL COUNCIL,Male,51-55,0,2,1
10708,PORT PIRIE REGIONAL COUNCIL,Male,51-55,0,3,1
10709,PORT PIRIE REGIONAL COUNCIL,Male,51-55,1,0,93
10710,PORT PIRIE REGIONAL COUNCIL,Male,51-55,1,1,2
10711,PORT PIRIE REGIONAL COUNCIL,Male,51-55,1,2,2
10712,PORT PIRIE REGIONAL COUNCIL,Male,51-55,2,0,24
10713,PORT PIRIE REGIONAL COUNCIL,Male,51-55,2,1,2
10714,PORT PIRIE REGIONAL COUNCIL,Male,51-55,2,2,1
10715,PORT PIRIE REGIONAL COUNCIL,Male,51-55,3,0,3
10716,PORT PIRIE REGIONAL COUNCIL,Male,51-55,3,3,1
10717,PORT PIRIE REGIONAL COUNCIL,Male,56-60,0,>5,1
10718,PORT PIRIE REGIONAL COUNCIL,Male,56-60,0,1,6
10719,PORT PIRIE REGIONAL COUNCIL,Male,56-60,0,2,2
10720,PORT PIRIE REGIONAL COUNCIL,Male,56-60,0,3,4
10721,PORT PIRIE REGIONAL COUNCIL,Male,56-60,1,0,68
10722,PORT PIRIE REGIONAL COUNCIL,Male,56-60,1,1,3
10723,PORT PIRIE REGIONAL COUNCIL,Male,56-60,2,0,21
10724,PORT PIRIE REGIONAL COUNCIL,Male,56-60,2,1,2
10725,PORT PIRIE REGIONAL COUNCIL,Male,56-60,2,2,1
10726,PORT PIRIE REGIONAL COUNCIL,Male,56-60,2,3,1
10727,PORT PIRIE REGIONAL COUNCIL,Male,56-60,3,0,1
10728,PORT PIRIE REGIONAL COUNCIL,Male,61-65,0,1,3
10729,PORT PIRIE REGIONAL COUNCIL,Male,61-65,0,2,1
10730,PORT PIRIE REGIONAL COUNCIL,Male,61-65,1,0,85
10731,PORT PIRIE REGIONAL COUNCIL,Male,61-65,1,1,4
10732,PORT PIRIE REGIONAL COUNCIL,Male,61-65,1,2,1
10733,PORT PIRIE REGIONAL COUNCIL,Male,61-65,1,3,1
10734,PORT PIRIE REGIONAL COUNCIL,Male,61-65,2,0,16
10735,PORT PIRIE REGIONAL COUNCIL,Male,61-65,2,1,1
10736,PORT PIRIE REGIONAL COUNCIL,Male,61-65,2,4,1
10737,PORT PIRIE REGIONAL COUNCIL,Male,61-65,3,0,3
10738,PORT PIRIE REGIONAL COUNCIL,Male,66-70,0,1,5
10739,PORT PIRIE REGIONAL COUNCIL,Male,66-70,0,2,1
10740,PORT PIRIE REGIONAL COUNCIL,Male,66-70,0,3,2
10741,PORT PIRIE REGIONAL COUNCIL,Male,66-70,1,0,61
10742,PORT PIRIE REGIONAL COUNCIL,Male,66-70,1,1,1
10743,PORT PIRIE REGIONAL COUNCIL,Male,66-70,1,2,1
10744,PORT PIRIE REGIONAL COUNCIL,Male,66-70,2,0,17
10745,PORT PIRIE REGIONAL COUNCIL,Male,66-70,3,0,3
10746,PORT PIRIE REGIONAL COUNCIL,Male,66-70,4,0,1
10747,PORT PIRIE REGIONAL COUNCIL,Male,Unknown,0,1,6
10748,PORT PIRIE REGIONAL COUNCIL,Male,Unknown,1,0,9
10749,PORT PIRIE REGIONAL COUNCIL,Male,Unknown,2,0,1
10750,PORT PIRIE REGIONAL COUNCIL,Other,>70,0,1,1
10751,PORT PIRIE REGIONAL COUNCIL,Other,>70,1,0,27
10752,PORT PIRIE REGIONAL COUNCIL,Other,>70,1,1,1
10753,PORT PIRIE REGIONAL COUNCIL,Other,>70,2,0,6
10754,PORT PIRIE REGIONAL COUNCIL,Other,>70,3,0,1
10755,PORT PIRIE REGIONAL COUNCIL,Other,16-20,1,0,2
10756,PORT PIRIE REGIONAL COUNCIL,Other,26-30,1,0,12
10757,PORT PIRIE REGIONAL COUNCIL,Other,26-30,3,0,1
10758,PORT PIRIE REGIONAL COUNCIL,Other,31-35,1,0,8
10759,PORT PIRIE REGIONAL COUNCIL,Other,31-35,2,0,4
10760,PORT PIRIE REGIONAL COUNCIL,Other,36-40,1,0,1
10761,PORT PIRIE REGIONAL COUNCIL,Other,36-40,2,0,2
10762,PORT PIRIE REGIONAL COUNCIL,Other,41-45,1,0,4
10763,PORT PIRIE REGIONAL COUNCIL,Other,41-45,1,1,2
10764,PORT PIRIE REGIONAL COUNCIL,Other,41-45,2,0,3
10765,PORT PIRIE REGIONAL COUNCIL,Other,46-50,0,2,1
10766,PORT PIRIE REGIONAL COUNCIL,Other,46-50,1,0,11
10767,PORT PIRIE REGIONAL COUNCIL,Other,46-50,1,2,1
10768,PORT PIRIE REGIONAL COUNCIL,Other,46-50,3,0,1
10769,PORT PIRIE REGIONAL COUNCIL,Other,51-55,1,0,11
10770,PORT PIRIE REGIONAL COUNCIL,Other,51-55,2,0,8
10771,PORT PIRIE REGIONAL COUNCIL,Other,51-55,2,1,1
10772,PORT PIRIE REGIONAL COUNCIL,Other,51-55,3,0,1
10773,PORT PIRIE REGIONAL COUNCIL,Other,56-60,0,4,1
10774,PORT PIRIE REGIONAL COUNCIL,Other,56-60,1,0,11
10775,PORT PIRIE REGIONAL COUNCIL,Other,56-60,1,1,1
10776,PORT PIRIE REGIONAL COUNCIL,Other,56-60,1,2,1
10777,PORT PIRIE REGIONAL COUNCIL,Other,56-60,2,0,3
10778,PORT PIRIE REGIONAL COUNCIL,Other,61-65,1,0,9
10779,PORT PIRIE REGIONAL COUNCIL,Other,61-65,1,2,2
10780,PORT PIRIE REGIONAL COUNCIL,Other,61-65,2,0,3
10781,PORT PIRIE REGIONAL COUNCIL,Other,66-70,1,0,6
10782,PORT PIRIE REGIONAL COUNCIL,Other,66-70,2,0,3
10783,PORT PIRIE REGIONAL COUNCIL,Other,66-70,3,0,1
10784,PORT PIRIE REGIONAL COUNCIL,Other,Unknown,0,1,2
10785,PORT PIRIE REGIONAL COUNCIL,Other,Unknown,1,0,34
10786,PORT PIRIE REGIONAL COUNCIL,Other,Unknown,1,1,2
10787,PORT PIRIE REGIONAL COUNCIL,Other,Unknown,2,0,6
10788,PORT PIRIE REGIONAL COUNCIL,Other,Unknown,3,0,2
10789,PORT PIRIE REGIONAL COUNCIL,SUPPRESSED,Unknown,1,0,2
10790,PORT PIRIE REGIONAL COUNCIL,SUPPRESSED,Unknown,2,0,1
10791,PORT PIRIE REGIONAL COUNCIL,SUPPRESSED,Unknown,3,0,1
10792,PORT PIRIE REGIONAL COUNCIL,Unknown,>70,0,3,1
10793,PORT PIRIE REGIONAL COUNCIL,Unknown,21-25,0,2,1
10794,PORT PIRIE REGIONAL COUNCIL,Unknown,21-25,1,0,3
10795,PORT PIRIE REGIONAL COUNCIL,Unknown,26-30,0,1,3
10796,PORT PIRIE REGIONAL COUNCIL,Unknown,26-30,1,0,2
10797,PORT PIRIE REGIONAL COUNCIL,Unknown,31-35,0,1,5
10798,PORT PIRIE REGIONAL COUNCIL,Unknown,31-35,0,2,2
10799,PORT PIRIE REGIONAL COUNCIL,Unknown,31-35,0,3,1
10800,PORT PIRIE REGIONAL COUNCIL,Unknown,31-35,1,0,4
10801,PORT PIRIE REGIONAL COUNCIL,Unknown,36-40,0,1,1
10802,PORT PIRIE REGIONAL COUNCIL,Unknown,36-40,0,2,1
10803,PORT PIRIE REGIONAL COUNCIL,Unknown,36-40,1,0,1
10804,PORT PIRIE REGIONAL COUNCIL,Unknown,41-45,0,1,1
10805,PORT PIRIE REGIONAL COUNCIL,Unknown,41-45,1,0,1
10806,PORT PIRIE REGIONAL COUNCIL,Unknown,46-50,0,1,1
10807,PORT PIRIE REGIONAL COUNCIL,Unknown,46-50,1,0,1
10808,PORT PIRIE REGIONAL COUNCIL,Unknown,46-50,1,1,1
10809,PORT PIRIE REGIONAL COUNCIL,Unknown,46-50,1,3,1
10810,PORT PIRIE REGIONAL COUNCIL,Unknown,51-55,0,1,3
10811,PORT PIRIE REGIONAL COUNCIL,Unknown,51-55,0,2,1
10812,PORT PIRIE REGIONAL COUNCIL,Unknown,51-55,1,0,2
10813,PORT PIRIE REGIONAL COUNCIL,Unknown,51-55,2,0,1
10814,PORT PIRIE REGIONAL COUNCIL,Unknown,56-60,0,1,1
10815,PORT PIRIE REGIONAL COUNCIL,Unknown,56-60,0,2,1
10816,PORT PIRIE REGIONAL COUNCIL,Unknown,56-60,1,0,3
10817,PORT PIRIE REGIONAL COUNCIL,Unknown,61-65,0,1,1
10818,PORT PIRIE REGIONAL COUNCIL,Unknown,66-70,1,0,1
10819,PORT PIRIE REGIONAL COUNCIL,Unknown,Unknown,0,1,60
10820,PORT PIRIE REGIONAL COUNCIL,Unknown,Unknown,0,2,9
10821,PORT PIRIE REGIONAL COUNCIL,Unknown,Unknown,0,3,1
10822,PORT PIRIE REGIONAL COUNCIL,Unknown,Unknown,1,0,28
10823,PORT PIRIE REGIONAL COUNCIL,Unknown,Unknown,2,0,2
10824,RENMARK PARINGA COUNCIL,Female,>70,0,>5,1
10825,RENMARK PARINGA COUNCIL,Female,>70,0,1,7
10826,RENMARK PARINGA COUNCIL,Female,>70,0,2,1
10827,RENMARK PARINGA COUNCIL,Female,>70,0,3,1
10828,RENMARK PARINGA COUNCIL,Female,>70,1,0,98
10829,RENMARK PARINGA COUNCIL,Female,>70,1,1,4
10830,RENMARK PARINGA COUNCIL,Female,>70,1,2,1
10831,RENMARK PARINGA COUNCIL,Female,>70,2,0,19
10832,RENMARK PARINGA COUNCIL,Female,>70,2,1,1
10833,RENMARK PARINGA COUNCIL,Female,>70,2,3,1
10834,RENMARK PARINGA COUNCIL,Female,>70,3,0,2
10835,RENMARK PARINGA COUNCIL,Female,16-20,0,1,3
10836,RENMARK PARINGA COUNCIL,Female,16-20,1,0,8
10837,RENMARK PARINGA COUNCIL,Female,21-25,0,1,3
10838,RENMARK PARINGA COUNCIL,Female,21-25,0,2,1
10839,RENMARK PARINGA COUNCIL,Female,21-25,1,0,35
10840,RENMARK PARINGA COUNCIL,Female,21-25,2,0,2
10841,RENMARK PARINGA COUNCIL,Female,21-25,3,0,1
10842,RENMARK PARINGA COUNCIL,Female,26-30,0,1,5
10843,RENMARK PARINGA COUNCIL,Female,26-30,0,2,2
10844,RENMARK PARINGA COUNCIL,Female,26-30,1,0,59
10845,RENMARK PARINGA COUNCIL,Female,26-30,1,1,6
10846,RENMARK PARINGA COUNCIL,Female,26-30,2,0,13
10847,RENMARK PARINGA COUNCIL,Female,26-30,2,1,2
10848,RENMARK PARINGA COUNCIL,Female,26-30,2,2,2
10849,RENMARK PARINGA COUNCIL,Female,31-35,>5,0,1
10850,RENMARK PARINGA COUNCIL,Female,31-35,0,>5,1
10851,RENMARK PARINGA COUNCIL,Female,31-35,0,1,4
10852,RENMARK PARINGA COUNCIL,Female,31-35,0,2,3
10853,RENMARK PARINGA COUNCIL,Female,31-35,1,0,55
10854,RENMARK PARINGA COUNCIL,Female,31-35,1,1,8
10855,RENMARK PARINGA COUNCIL,Female,31-35,1,4,1
10856,RENMARK PARINGA COUNCIL,Female,31-35,2,0,16
10857,RENMARK PARINGA COUNCIL,Female,31-35,2,1,2
10858,RENMARK PARINGA COUNCIL,Female,31-35,2,2,1
10859,RENMARK PARINGA COUNCIL,Female,36-40,0,1,3
10860,RENMARK PARINGA COUNCIL,Female,36-40,0,2,5
10861,RENMARK PARINGA COUNCIL,Female,36-40,1,0,60
10862,RENMARK PARINGA COUNCIL,Female,36-40,1,1,5
10863,RENMARK PARINGA COUNCIL,Female,36-40,1,2,2
10864,RENMARK PARINGA COUNCIL,Female,36-40,2,0,21
10865,RENMARK PARINGA COUNCIL,Female,36-40,2,1,1
10866,RENMARK PARINGA COUNCIL,Female,36-40,2,2,3
10867,RENMARK PARINGA COUNCIL,Female,36-40,2,3,1
10868,RENMARK PARINGA COUNCIL,Female,36-40,3,0,5
10869,RENMARK PARINGA COUNCIL,Female,41-45,>5,0,1
10870,RENMARK PARINGA COUNCIL,Female,41-45,0,1,3
10871,RENMARK PARINGA COUNCIL,Female,41-45,0,2,2
10872,RENMARK PARINGA COUNCIL,Female,41-45,1,0,65
10873,RENMARK PARINGA COUNCIL,Female,41-45,1,1,3
10874,RENMARK PARINGA COUNCIL,Female,41-45,1,2,1
10875,RENMARK PARINGA COUNCIL,Female,41-45,2,0,16
10876,RENMARK PARINGA COUNCIL,Female,41-45,2,1,3
10877,RENMARK PARINGA COUNCIL,Female,41-45,3,0,1
10878,RENMARK PARINGA COUNCIL,Female,41-45,3,1,1
10879,RENMARK PARINGA COUNCIL,Female,41-45,4,0,1
10880,RENMARK PARINGA COUNCIL,Female,46-50,0,1,6
10881,RENMARK PARINGA COUNCIL,Female,46-50,0,2,3
10882,RENMARK PARINGA COUNCIL,Female,46-50,0,3,1
10883,RENMARK PARINGA COUNCIL,Female,46-50,1,0,61
10884,RENMARK PARINGA COUNCIL,Female,46-50,1,1,3
10885,RENMARK PARINGA COUNCIL,Female,46-50,1,2,3
10886,RENMARK PARINGA COUNCIL,Female,46-50,2,0,17
10887,RENMARK PARINGA COUNCIL,Female,46-50,2,1,2
10888,RENMARK PARINGA COUNCIL,Female,46-50,2,3,1
10889,RENMARK PARINGA COUNCIL,Female,46-50,3,0,4
10890,RENMARK PARINGA COUNCIL,Female,46-50,4,0,1
10891,RENMARK PARINGA COUNCIL,Female,46-50,5,0,1
10892,RENMARK PARINGA COUNCIL,Female,51-55,>5,0,2
10893,RENMARK PARINGA COUNCIL,Female,51-55,0,>5,1
10894,RENMARK PARINGA COUNCIL,Female,51-55,0,1,5
10895,RENMARK PARINGA COUNCIL,Female,51-55,0,2,2
10896,RENMARK PARINGA COUNCIL,Female,51-55,1,0,78
10897,RENMARK PARINGA COUNCIL,Female,51-55,1,1,5
10898,RENMARK PARINGA COUNCIL,Female,51-55,1,2,2
10899,RENMARK PARINGA COUNCIL,Female,51-55,2,0,21
10900,RENMARK PARINGA COUNCIL,Female,51-55,2,2,1
10901,RENMARK PARINGA COUNCIL,Female,51-55,3,0,3
10902,RENMARK PARINGA COUNCIL,Female,51-55,4,0,2
10903,RENMARK PARINGA COUNCIL,Female,51-55,5,0,1
10904,RENMARK PARINGA COUNCIL,Female,56-60,0,1,5
10905,RENMARK PARINGA COUNCIL,Female,56-60,0,2,3
10906,RENMARK PARINGA COUNCIL,Female,56-60,0,3,4
10907,RENMARK PARINGA COUNCIL,Female,56-60,1,0,52
10908,RENMARK PARINGA COUNCIL,Female,56-60,1,1,4
10909,RENMARK PARINGA COUNCIL,Female,56-60,1,2,2
10910,RENMARK PARINGA COUNCIL,Female,56-60,2,0,11
10911,RENMARK PARINGA COUNCIL,Female,56-60,2,2,2
10912,RENMARK PARINGA COUNCIL,Female,56-60,3,0,4
10913,RENMARK PARINGA COUNCIL,Female,61-65,0,1,2
10914,RENMARK PARINGA COUNCIL,Female,61-65,0,2,2
10915,RENMARK PARINGA COUNCIL,Female,61-65,1,0,64
10916,RENMARK PARINGA COUNCIL,Female,61-65,1,1,3
10917,RENMARK PARINGA COUNCIL,Female,61-65,1,3,1
10918,RENMARK PARINGA COUNCIL,Female,61-65,2,0,16
10919,RENMARK PARINGA COUNCIL,Female,61-65,2,1,1
10920,RENMARK PARINGA COUNCIL,Female,61-65,2,2,1
10921,RENMARK PARINGA COUNCIL,Female,66-70,0,1,5
10922,RENMARK PARINGA COUNCIL,Female,66-70,0,2,1
10923,RENMARK PARINGA COUNCIL,Female,66-70,1,0,41
10924,RENMARK PARINGA COUNCIL,Female,66-70,1,1,3
10925,RENMARK PARINGA COUNCIL,Female,66-70,2,0,9
10926,RENMARK PARINGA COUNCIL,Female,66-70,2,1,3
10927,RENMARK PARINGA COUNCIL,Female,66-70,4,0,1
10928,RENMARK PARINGA COUNCIL,Female,Unknown,0,1,1
10929,RENMARK PARINGA COUNCIL,Female,Unknown,1,0,1
10930,RENMARK PARINGA COUNCIL,Female,Unknown,1,1,1
10931,RENMARK PARINGA COUNCIL,Male,>70,0,1,4
10932,RENMARK PARINGA COUNCIL,Male,>70,0,2,1
10933,RENMARK PARINGA COUNCIL,Male,>70,0,4,1
10934,RENMARK PARINGA COUNCIL,Male,>70,1,0,90
10935,RENMARK PARINGA COUNCIL,Male,>70,1,1,2
10936,RENMARK PARINGA COUNCIL,Male,>70,2,0,3
10937,RENMARK PARINGA COUNCIL,Male,>70,2,1,1
10938,RENMARK PARINGA COUNCIL,Male,>70,3,0,1
10939,RENMARK PARINGA COUNCIL,Male,16-20,2,0,1
10940,RENMARK PARINGA COUNCIL,Male,21-25,0,1,1
10941,RENMARK PARINGA COUNCIL,Male,21-25,1,0,26
10942,RENMARK PARINGA COUNCIL,Male,21-25,2,0,3
10943,RENMARK PARINGA COUNCIL,Male,26-30,0,1,2
10944,RENMARK PARINGA COUNCIL,Male,26-30,1,0,41
10945,RENMARK PARINGA COUNCIL,Male,26-30,2,0,5
10946,RENMARK PARINGA COUNCIL,Male,31-35,0,1,1
10947,RENMARK PARINGA COUNCIL,Male,31-35,0,4,1
10948,RENMARK PARINGA COUNCIL,Male,31-35,1,0,45
10949,RENMARK PARINGA COUNCIL,Male,31-35,1,1,2
10950,RENMARK PARINGA COUNCIL,Male,31-35,2,0,6
10951,RENMARK PARINGA COUNCIL,Male,31-35,2,1,1
10952,RENMARK PARINGA COUNCIL,Male,36-40,0,1,2
10953,RENMARK PARINGA COUNCIL,Male,36-40,0,2,1
10954,RENMARK PARINGA COUNCIL,Male,36-40,1,0,38
10955,RENMARK PARINGA COUNCIL,Male,36-40,1,1,1
10956,RENMARK PARINGA COUNCIL,Male,36-40,2,0,4
10957,RENMARK PARINGA COUNCIL,Male,36-40,3,0,1
10958,RENMARK PARINGA COUNCIL,Male,41-45,0,1,2
10959,RENMARK PARINGA COUNCIL,Male,41-45,1,0,30
10960,RENMARK PARINGA COUNCIL,Male,41-45,1,1,2
10961,RENMARK PARINGA COUNCIL,Male,41-45,2,0,7
10962,RENMARK PARINGA COUNCIL,Male,41-45,2,1,1
10963,RENMARK PARINGA COUNCIL,Male,46-50,0,1,1
10964,RENMARK PARINGA COUNCIL,Male,46-50,1,0,25
10965,RENMARK PARINGA COUNCIL,Male,46-50,1,1,2
10966,RENMARK PARINGA COUNCIL,Male,46-50,1,2,1
10967,RENMARK PARINGA COUNCIL,Male,46-50,2,0,7
10968,RENMARK PARINGA COUNCIL,Male,46-50,2,1,2
10969,RENMARK PARINGA COUNCIL,Male,46-50,2,2,1
10970,RENMARK PARINGA COUNCIL,Male,51-55,0,1,1
10971,RENMARK PARINGA COUNCIL,Male,51-55,0,2,1
10972,RENMARK PARINGA COUNCIL,Male,51-55,1,0,35
10973,RENMARK PARINGA COUNCIL,Male,51-55,1,1,3
10974,RENMARK PARINGA COUNCIL,Male,51-55,2,0,9
10975,RENMARK PARINGA COUNCIL,Male,51-55,3,0,2
10976,RENMARK PARINGA COUNCIL,Male,51-55,4,0,2
10977,RENMARK PARINGA COUNCIL,Male,56-60,0,1,1
10978,RENMARK PARINGA COUNCIL,Male,56-60,1,0,40
10979,RENMARK PARINGA COUNCIL,Male,56-60,1,1,1
10980,RENMARK PARINGA COUNCIL,Male,56-60,1,2,1
10981,RENMARK PARINGA COUNCIL,Male,56-60,2,0,12
10982,RENMARK PARINGA COUNCIL,Male,56-60,2,1,1
10983,RENMARK PARINGA COUNCIL,Male,56-60,3,0,3
10984,RENMARK PARINGA COUNCIL,Male,56-60,4,0,2
10985,RENMARK PARINGA COUNCIL,Male,61-65,0,1,2
10986,RENMARK PARINGA COUNCIL,Male,61-65,1,0,45
10987,RENMARK PARINGA COUNCIL,Male,61-65,1,1,2
10988,RENMARK PARINGA COUNCIL,Male,61-65,1,2,2
10989,RENMARK PARINGA COUNCIL,Male,61-65,2,0,11
10990,RENMARK PARINGA COUNCIL,Male,61-65,3,0,1
10991,RENMARK PARINGA COUNCIL,Male,66-70,0,2,1
10992,RENMARK PARINGA COUNCIL,Male,66-70,0,3,1
10993,RENMARK PARINGA COUNCIL,Male,66-70,1,0,36
10994,RENMARK PARINGA COUNCIL,Male,66-70,1,1,1
10995,RENMARK PARINGA COUNCIL,Male,66-70,2,0,7
10996,RENMARK PARINGA COUNCIL,Male,66-70,2,2,2
10997,RENMARK PARINGA COUNCIL,Male,Unknown,0,1,1
10998,RENMARK PARINGA COUNCIL,Male,Unknown,1,0,3
10999,RENMARK PARINGA COUNCIL,Other,>70,1,0,2
11000,RENMARK PARINGA COUNCIL,Other,56-60,1,0,1
11001,RENMARK PARINGA COUNCIL,Other,61-65,1,0,1
11002,RENMARK PARINGA COUNCIL,Other,66-70,1,0,2
11003,RENMARK PARINGA COUNCIL,SUPPRESSED,Unknown,1,0,1
11004,RENMARK PARINGA COUNCIL,Unknown,21-25,0,1,1
11005,RENMARK PARINGA COUNCIL,Unknown,21-25,1,0,1
11006,RENMARK PARINGA COUNCIL,Unknown,Unknown,0,>5,1
11007,RENMARK PARINGA COUNCIL,Unknown,Unknown,0,1,35
11008,RENMARK PARINGA COUNCIL,Unknown,Unknown,0,2,6
11009,RENMARK PARINGA COUNCIL,Unknown,Unknown,1,0,2
11010,SOUTHERN MALLEE DC,Female,>70,0,1,3
11011,SOUTHERN MALLEE DC,Female,>70,1,0,11
11012,SOUTHERN MALLEE DC,Female,>70,1,1,2
11013,SOUTHERN MALLEE DC,Female,>70,2,0,4
11014,SOUTHERN MALLEE DC,Female,16-20,1,0,1
11015,SOUTHERN MALLEE DC,Female,21-25,0,1,1
11016,SOUTHERN MALLEE DC,Female,21-25,0,2,1
11017,SOUTHERN MALLEE DC,Female,21-25,1,0,5
11018,SOUTHERN MALLEE DC,Female,21-25,2,0,1
11019,SOUTHERN MALLEE DC,Female,21-25,2,2,1
11020,SOUTHERN MALLEE DC,Female,26-30,0,1,1
11021,SOUTHERN MALLEE DC,Female,26-30,1,0,6
11022,SOUTHERN MALLEE DC,Female,26-30,1,1,2
11023,SOUTHERN MALLEE DC,Female,26-30,2,0,3
11024,SOUTHERN MALLEE DC,Female,31-35,0,1,2
11025,SOUTHERN MALLEE DC,Female,31-35,1,0,13
11026,SOUTHERN MALLEE DC,Female,31-35,1,1,3
11027,SOUTHERN MALLEE DC,Female,31-35,2,0,5
11028,SOUTHERN MALLEE DC,Female,31-35,2,1,1
11029,SOUTHERN MALLEE DC,Female,36-40,>5,0,1
11030,SOUTHERN MALLEE DC,Female,36-40,0,1,3
11031,SOUTHERN MALLEE DC,Female,36-40,1,0,11
11032,SOUTHERN MALLEE DC,Female,36-40,2,0,8
11033,SOUTHERN MALLEE DC,Female,36-40,2,1,1
11034,SOUTHERN MALLEE DC,Female,36-40,3,0,1
11035,SOUTHERN MALLEE DC,Female,41-45,0,1,1
11036,SOUTHERN MALLEE DC,Female,41-45,0,2,2
11037,SOUTHERN MALLEE DC,Female,41-45,1,0,7
11038,SOUTHERN MALLEE DC,Female,41-45,1,1,2
11039,SOUTHERN MALLEE DC,Female,41-45,1,2,1
11040,SOUTHERN MALLEE DC,Female,41-45,2,0,7
11041,SOUTHERN MALLEE DC,Female,41-45,2,1,1
11042,SOUTHERN MALLEE DC,Female,41-45,2,2,1
11043,SOUTHERN MALLEE DC,Female,41-45,3,0,2
11044,SOUTHERN MALLEE DC,Female,41-45,3,1,1
11045,SOUTHERN MALLEE DC,Female,41-45,4,0,1
11046,SOUTHERN MALLEE DC,Female,41-45,5,0,1
11047,SOUTHERN MALLEE DC,Female,46-50,>5,0,1
11048,SOUTHERN MALLEE DC,Female,46-50,>5,1,1
11049,SOUTHERN MALLEE DC,Female,46-50,0,1,3
11050,SOUTHERN MALLEE DC,Female,46-50,1,0,7
11051,SOUTHERN MALLEE DC,Female,46-50,1,2,1
11052,SOUTHERN MALLEE DC,Female,46-50,2,0,8
11053,SOUTHERN MALLEE DC,Female,46-50,2,1,1
11054,SOUTHERN MALLEE DC,Female,51-55,0,1,2
11055,SOUTHERN MALLEE DC,Female,51-55,0,2,1
11056,SOUTHERN MALLEE DC,Female,51-55,1,0,13
11057,SOUTHERN MALLEE DC,Female,51-55,1,1,1
11058,SOUTHERN MALLEE DC,Female,51-55,2,0,1
11059,SOUTHERN MALLEE DC,Female,51-55,3,0,2
11060,SOUTHERN MALLEE DC,Female,56-60,0,2,1
11061,SOUTHERN MALLEE DC,Female,56-60,1,0,16
11062,SOUTHERN MALLEE DC,Female,56-60,1,1,3
11063,SOUTHERN MALLEE DC,Female,56-60,1,2,1
11064,SOUTHERN MALLEE DC,Female,56-60,2,0,4
11065,SOUTHERN MALLEE DC,Female,56-60,3,0,2
11066,SOUTHERN MALLEE DC,Female,61-65,0,1,2
11067,SOUTHERN MALLEE DC,Female,61-65,1,0,11
11068,SOUTHERN MALLEE DC,Female,61-65,1,1,2
11069,SOUTHERN MALLEE DC,Female,61-65,1,2,2
11070,SOUTHERN MALLEE DC,Female,61-65,2,0,6
11071,SOUTHERN MALLEE DC,Female,61-65,2,1,1
11072,SOUTHERN MALLEE DC,Female,61-65,3,0,1
11073,SOUTHERN MALLEE DC,Female,66-70,>5,2,1
11074,SOUTHERN MALLEE DC,Female,66-70,0,1,2
11075,SOUTHERN MALLEE DC,Female,66-70,1,0,8
11076,SOUTHERN MALLEE DC,Female,66-70,2,0,3
11077,SOUTHERN MALLEE DC,Male,>70,0,1,2
11078,SOUTHERN MALLEE DC,Male,>70,0,2,1
11079,SOUTHERN MALLEE DC,Male,>70,1,0,26
11080,SOUTHERN MALLEE DC,Male,>70,2,0,4
11081,SOUTHERN MALLEE DC,Male,>70,3,0,1
11082,SOUTHERN MALLEE DC,Male,21-25,0,1,1
11083,SOUTHERN MALLEE DC,Male,21-25,1,0,7
11084,SOUTHERN MALLEE DC,Male,21-25,1,1,1
11085,SOUTHERN MALLEE DC,Male,21-25,2,0,1
11086,SOUTHERN MALLEE DC,Male,26-30,1,0,8
11087,SOUTHERN MALLEE DC,Male,26-30,2,0,3
11088,SOUTHERN MALLEE DC,Male,26-30,3,0,1
11089,SOUTHERN MALLEE DC,Male,31-35,>5,0,1
11090,SOUTHERN MALLEE DC,Male,31-35,0,1,1
11091,SOUTHERN MALLEE DC,Male,31-35,1,0,7
11092,SOUTHERN MALLEE DC,Male,31-35,2,0,4
11093,SOUTHERN MALLEE DC,Male,36-40,>5,0,1
11094,SOUTHERN MALLEE DC,Male,36-40,1,0,9
11095,SOUTHERN MALLEE DC,Male,36-40,2,0,6
11096,SOUTHERN MALLEE DC,Male,36-40,2,1,1
11097,SOUTHERN MALLEE DC,Male,41-45,0,1,1
11098,SOUTHERN MALLEE DC,Male,41-45,1,0,6
11099,SOUTHERN MALLEE DC,Male,41-45,1,2,1
11100,SOUTHERN MALLEE DC,Male,41-45,2,0,3
11101,SOUTHERN MALLEE DC,Male,41-45,3,0,3
11102,SOUTHERN MALLEE DC,Male,46-50,1,0,5
11103,SOUTHERN MALLEE DC,Male,46-50,2,0,3
11104,SOUTHERN MALLEE DC,Male,46-50,3,0,1
11105,SOUTHERN MALLEE DC,Male,46-50,4,0,1
11106,SOUTHERN MALLEE DC,Male,46-50,5,0,1
11107,SOUTHERN MALLEE DC,Male,51-55,>5,0,1
11108,SOUTHERN MALLEE DC,Male,51-55,1,0,5
11109,SOUTHERN MALLEE DC,Male,51-55,2,0,1
11110,SOUTHERN MALLEE DC,Male,51-55,2,1,1
11111,SOUTHERN MALLEE DC,Male,51-55,3,0,2
11112,SOUTHERN MALLEE DC,Male,51-55,4,0,1
11113,SOUTHERN MALLEE DC,Male,56-60,>5,0,2
11114,SOUTHERN MALLEE DC,Male,56-60,1,0,13
11115,SOUTHERN MALLEE DC,Male,56-60,2,0,8
11116,SOUTHERN MALLEE DC,Male,56-60,3,0,1
11117,SOUTHERN MALLEE DC,Male,61-65,1,0,11
11118,SOUTHERN MALLEE DC,Male,61-65,1,1,2
11119,SOUTHERN MALLEE DC,Male,61-65,3,0,1
11120,SOUTHERN MALLEE DC,Male,66-70,1,0,5
11121,SOUTHERN MALLEE DC,Male,66-70,2,0,3
11122,SOUTHERN MALLEE DC,Other,>70,1,0,2
11123,SOUTHERN MALLEE DC,Other,>70,2,0,1
11124,SOUTHERN MALLEE DC,Other,31-35,1,0,1
11125,SOUTHERN MALLEE DC,Other,41-45,1,0,1
11126,SOUTHERN MALLEE DC,Other,41-45,2,0,1
11127,SOUTHERN MALLEE DC,Other,46-50,1,0,1
11128,SOUTHERN MALLEE DC,Other,46-50,3,0,1
11129,SOUTHERN MALLEE DC,Other,51-55,1,0,1
11130,SOUTHERN MALLEE DC,Other,56-60,0,1,1
11131,SOUTHERN MALLEE DC,Other,56-60,1,0,1
11132,SOUTHERN MALLEE DC,Other,56-60,2,0,1
11133,SOUTHERN MALLEE DC,Other,56-60,3,0,1
11134,SOUTHERN MALLEE DC,Other,61-65,1,0,1
11135,SOUTHERN MALLEE DC,Other,61-65,2,0,1
11136,SOUTHERN MALLEE DC,Other,66-70,1,0,2
11137,SOUTHERN MALLEE DC,Unknown,51-55,0,2,1
11138,TATIARA DC,Female,>70,>5,0,2
11139,TATIARA DC,Female,>70,0,1,8
11140,TATIARA DC,Female,>70,0,2,1
11141,TATIARA DC,Female,>70,1,0,50
11142,TATIARA DC,Female,>70,2,0,12
11143,TATIARA DC,Female,>70,3,0,1
11144,TATIARA DC,Female,16-20,0,1,2
11145,TATIARA DC,Female,16-20,1,0,6
11146,TATIARA DC,Female,21-25,0,1,1
11147,TATIARA DC,Female,21-25,0,2,1
11148,TATIARA DC,Female,21-25,1,0,26
11149,TATIARA DC,Female,21-25,1,1,2
11150,TATIARA DC,Female,21-25,2,0,9
11151,TATIARA DC,Female,21-25,2,1,1
11152,TATIARA DC,Female,21-25,2,2,1
11153,TATIARA DC,Female,26-30,0,1,6
11154,TATIARA DC,Female,26-30,0,2,4
11155,TATIARA DC,Female,26-30,1,>5,1
11156,TATIARA DC,Female,26-30,1,0,30
11157,TATIARA DC,Female,26-30,1,1,7
11158,TATIARA DC,Female,26-30,1,2,1
11159,TATIARA DC,Female,26-30,2,0,19
11160,TATIARA DC,Female,26-30,2,1,1
11161,TATIARA DC,Female,26-30,3,0,3
11162,TATIARA DC,Female,26-30,4,0,1
11163,TATIARA DC,Female,31-35,0,1,4
11164,TATIARA DC,Female,31-35,0,2,2
11165,TATIARA DC,Female,31-35,1,0,32
11166,TATIARA DC,Female,31-35,1,1,2
11167,TATIARA DC,Female,31-35,1,3,1
11168,TATIARA DC,Female,31-35,2,0,14
11169,TATIARA DC,Female,31-35,2,1,3
11170,TATIARA DC,Female,31-35,2,2,2
11171,TATIARA DC,Female,31-35,3,0,4
11172,TATIARA DC,Female,36-40,0,1,4
11173,TATIARA DC,Female,36-40,0,2,1
11174,TATIARA DC,Female,36-40,1,0,33
11175,TATIARA DC,Female,36-40,1,1,2
11176,TATIARA DC,Female,36-40,1,2,1
11177,TATIARA DC,Female,36-40,1,3,1
11178,TATIARA DC,Female,36-40,2,0,10
11179,TATIARA DC,Female,36-40,2,1,2
11180,TATIARA DC,Female,36-40,3,0,4
11181,TATIARA DC,Female,36-40,3,1,1
11182,TATIARA DC,Female,36-40,3,2,1
11183,TATIARA DC,Female,36-40,4,0,2
11184,TATIARA DC,Female,36-40,4,1,1
11185,TATIARA DC,Female,41-45,>5,0,1
11186,TATIARA DC,Female,41-45,0,1,4
11187,TATIARA DC,Female,41-45,0,2,1
11188,TATIARA DC,Female,41-45,1,0,29
11189,TATIARA DC,Female,41-45,1,1,5
11190,TATIARA DC,Female,41-45,1,2,2
11191,TATIARA DC,Female,41-45,2,0,14
11192,TATIARA DC,Female,41-45,2,1,1
11193,TATIARA DC,Female,41-45,3,0,4
11194,TATIARA DC,Female,41-45,4,1,1
11195,TATIARA DC,Female,41-45,5,0,2
11196,TATIARA DC,Female,46-50,>5,0,1
11197,TATIARA DC,Female,46-50,0,1,7
11198,TATIARA DC,Female,46-50,0,2,2
11199,TATIARA DC,Female,46-50,0,3,1
11200,TATIARA DC,Female,46-50,1,0,38
11201,TATIARA DC,Female,46-50,1,1,2
11202,TATIARA DC,Female,46-50,1,2,1
11203,TATIARA DC,Female,46-50,2,0,17
11204,TATIARA DC,Female,46-50,2,1,1
11205,TATIARA DC,Female,46-50,2,3,1
11206,TATIARA DC,Female,46-50,3,0,4
11207,TATIARA DC,Female,46-50,3,2,1
11208,TATIARA DC,Female,46-50,4,0,1
11209,TATIARA DC,Female,51-55,0,1,2
11210,TATIARA DC,Female,51-55,0,2,3
11211,TATIARA DC,Female,51-55,1,0,30
11212,TATIARA DC,Female,51-55,1,1,2
11213,TATIARA DC,Female,51-55,1,2,1
11214,TATIARA DC,Female,51-55,2,0,15
11215,TATIARA DC,Female,51-55,2,1,2
11216,TATIARA DC,Female,51-55,2,2,2
11217,TATIARA DC,Female,51-55,3,0,8
11218,TATIARA DC,Female,51-55,3,1,1
11219,TATIARA DC,Female,51-55,4,0,1
11220,TATIARA DC,Female,51-55,5,0,2
11221,TATIARA DC,Female,56-60,0,1,1
11222,TATIARA DC,Female,56-60,0,3,1
11223,TATIARA DC,Female,56-60,1,0,31
11224,TATIARA DC,Female,56-60,1,1,4
11225,TATIARA DC,Female,56-60,1,2,1
11226,TATIARA DC,Female,56-60,2,0,11
11227,TATIARA DC,Female,56-60,2,1,2
11228,TATIARA DC,Female,56-60,3,0,1
11229,TATIARA DC,Female,56-60,4,0,1
11230,TATIARA DC,Female,61-65,0,1,4
11231,TATIARA DC,Female,61-65,0,2,1
11232,TATIARA DC,Female,61-65,1,>5,2
11233,TATIARA DC,Female,61-65,1,0,22
11234,TATIARA DC,Female,61-65,2,0,5
11235,TATIARA DC,Female,61-65,3,0,2
11236,TATIARA DC,Female,61-65,4,0,1
11237,TATIARA DC,Female,61-65,5,0,1
11238,TATIARA DC,Female,66-70,0,1,1
11239,TATIARA DC,Female,66-70,1,0,20
11240,TATIARA DC,Female,66-70,1,2,1
11241,TATIARA DC,Female,66-70,2,0,9
11242,TATIARA DC,Female,66-70,4,0,2
11243,TATIARA DC,Female,Unknown,1,0,1
11244,TATIARA DC,Male,>70,>5,0,1
11245,TATIARA DC,Male,>70,0,1,4
11246,TATIARA DC,Male,>70,1,0,37
11247,TATIARA DC,Male,>70,1,1,1
11248,TATIARA DC,Male,>70,2,0,13
11249,TATIARA DC,Male,>70,2,1,1
11250,TATIARA DC,Male,>70,2,3,1
11251,TATIARA DC,Male,>70,3,0,4
11252,TATIARA DC,Male,16-20,1,0,6
11253,TATIARA DC,Male,16-20,2,0,2
11254,TATIARA DC,Male,16-20,3,0,1
11255,TATIARA DC,Male,21-25,0,1,1
11256,TATIARA DC,Male,21-25,1,0,26
11257,TATIARA DC,Male,21-25,1,1,1
11258,TATIARA DC,Male,26-30,0,1,4
11259,TATIARA DC,Male,26-30,1,0,29
11260,TATIARA DC,Male,26-30,2,0,5
11261,TATIARA DC,Male,26-30,2,1,1
11262,TATIARA DC,Male,26-30,3,0,2
11263,TATIARA DC,Male,31-35,1,0,29
11264,TATIARA DC,Male,31-35,2,0,9
11265,TATIARA DC,Male,31-35,3,0,2
11266,TATIARA DC,Male,31-35,3,1,1
11267,TATIARA DC,Male,31-35,5,0,1
11268,TATIARA DC,Male,36-40,0,2,1
11269,TATIARA DC,Male,36-40,1,0,26
11270,TATIARA DC,Male,36-40,2,0,7
11271,TATIARA DC,Male,36-40,3,0,2
11272,TATIARA DC,Male,36-40,4,0,2
11273,TATIARA DC,Male,41-45,0,1,1
11274,TATIARA DC,Male,41-45,1,0,24
11275,TATIARA DC,Male,41-45,2,0,12
11276,TATIARA DC,Male,41-45,3,0,2
11277,TATIARA DC,Male,41-45,3,1,1
11278,TATIARA DC,Male,41-45,4,0,1
11279,TATIARA DC,Male,46-50,0,1,1
11280,TATIARA DC,Male,46-50,1,0,23
11281,TATIARA DC,Male,46-50,2,0,10
11282,TATIARA DC,Male,46-50,3,0,2
11283,TATIARA DC,Male,46-50,4,0,1
11284,TATIARA DC,Male,51-55,>5,0,2
11285,TATIARA DC,Male,51-55,0,1,1
11286,TATIARA DC,Male,51-55,0,2,1
11287,TATIARA DC,Male,51-55,1,0,28
11288,TATIARA DC,Male,51-55,1,1,2
11289,TATIARA DC,Male,51-55,2,0,16
11290,TATIARA DC,Male,51-55,3,0,6
11291,TATIARA DC,Male,51-55,4,0,2
11292,TATIARA DC,Male,51-55,5,0,1
11293,TATIARA DC,Male,56-60,>5,0,1
11294,TATIARA DC,Male,56-60,0,2,1
11295,TATIARA DC,Male,56-60,1,0,33
11296,TATIARA DC,Male,56-60,1,1,3
11297,TATIARA DC,Male,56-60,2,0,13
11298,TATIARA DC,Male,56-60,3,0,4
11299,TATIARA DC,Male,56-60,4,0,4
11300,TATIARA DC,Male,56-60,5,1,1
11301,TATIARA DC,Male,61-65,>5,0,2
11302,TATIARA DC,Male,61-65,0,1,1
11303,TATIARA DC,Male,61-65,1,0,25
11304,TATIARA DC,Male,61-65,1,1,3
11305,TATIARA DC,Male,61-65,2,0,12
11306,TATIARA DC,Male,61-65,2,1,2
11307,TATIARA DC,Male,61-65,2,2,1
11308,TATIARA DC,Male,61-65,3,0,6
11309,TATIARA DC,Male,61-65,4,0,3
11310,TATIARA DC,Male,61-65,4,2,1
11311,TATIARA DC,Male,66-70,0,1,1
11312,TATIARA DC,Male,66-70,1,0,28
11313,TATIARA DC,Male,66-70,2,0,13
11314,TATIARA DC,Male,66-70,2,1,1
11315,TATIARA DC,Male,66-70,3,0,2
11316,TATIARA DC,Male,66-70,5,0,1
11317,TATIARA DC,Male,Unknown,0,1,1
11318,TATIARA DC,Other,>70,1,0,3
11319,TATIARA DC,Other,>70,2,0,1
11320,TATIARA DC,Other,21-25,1,0,1
11321,TATIARA DC,Other,26-30,2,0,1
11322,TATIARA DC,Other,31-35,1,0,1
11323,TATIARA DC,Other,31-35,1,1,1
11324,TATIARA DC,Other,36-40,1,0,1
11325,TATIARA DC,Other,36-40,2,0,1
11326,TATIARA DC,Other,41-45,2,0,1
11327,TATIARA DC,Other,46-50,1,0,2
11328,TATIARA DC,Other,51-55,1,0,2
11329,TATIARA DC,Other,51-55,4,0,1
11330,TATIARA DC,Other,56-60,1,0,2
11331,TATIARA DC,Other,56-60,2,0,1
11332,TATIARA DC,Other,61-65,2,0,1
11333,TATIARA DC,Other,66-70,1,0,1
11334,TATIARA DC,Other,66-70,2,0,2
11335,TATIARA DC,SUPPRESSED,Unknown,1,0,2
11336,TATIARA DC,SUPPRESSED,Unknown,2,0,2
11337,TATIARA DC,Unknown,31-35,0,1,1
11338,TATIARA DC,Unknown,41-45,0,1,1
11339,TATIARA DC,Unknown,Unknown,0,1,36
11340,TATIARA DC,Unknown,Unknown,0,2,7
11341,TATIARA DC,Unknown,Unknown,1,0,6
11342,TATIARA DC,Unknown,Unknown,1,1,2
11343,THE BAROSSA COUNCIL,Female,>70,>5,0,5
11344,THE BAROSSA COUNCIL,Female,>70,0,1,42
11345,THE BAROSSA COUNCIL,Female,>70,0,2,7
11346,THE BAROSSA COUNCIL,Female,>70,0,3,1
11347,THE BAROSSA COUNCIL,Female,>70,1,0,257
11348,THE BAROSSA COUNCIL,Female,>70,1,1,10
11349,THE BAROSSA COUNCIL,Female,>70,1,2,4
11350,THE BAROSSA COUNCIL,Female,>70,1,4,1
11351,THE BAROSSA COUNCIL,Female,>70,2,>5,1
11352,THE BAROSSA COUNCIL,Female,>70,2,0,34
11353,THE BAROSSA COUNCIL,Female,>70,2,2,1
11354,THE BAROSSA COUNCIL,Female,>70,3,0,7
11355,THE BAROSSA COUNCIL,Female,>70,3,1,1
11356,THE BAROSSA COUNCIL,Female,>70,3,2,1
11357,THE BAROSSA COUNCIL,Female,>70,4,0,1
11358,THE BAROSSA COUNCIL,Female,>70,5,0,1
11359,THE BAROSSA COUNCIL,Female,16-20,0,1,5
11360,THE BAROSSA COUNCIL,Female,16-20,0,2,1
11361,THE BAROSSA COUNCIL,Female,16-20,1,0,7
11362,THE BAROSSA COUNCIL,Female,16-20,2,0,1
11363,THE BAROSSA COUNCIL,Female,21-25,0,1,41
11364,THE BAROSSA COUNCIL,Female,21-25,0,2,6
11365,THE BAROSSA COUNCIL,Female,21-25,0,3,2
11366,THE BAROSSA COUNCIL,Female,21-25,1,0,53
11367,THE BAROSSA COUNCIL,Female,21-25,1,1,4
11368,THE BAROSSA COUNCIL,Female,21-25,1,2,2
11369,THE BAROSSA COUNCIL,Female,21-25,1,3,1
11370,THE BAROSSA COUNCIL,Female,21-25,1,5,1
11371,THE BAROSSA COUNCIL,Female,21-25,2,0,9
11372,THE BAROSSA COUNCIL,Female,21-25,2,1,2
11373,THE BAROSSA COUNCIL,Female,21-25,4,0,2
11374,THE BAROSSA COUNCIL,Female,26-30,0,>5,1
11375,THE BAROSSA COUNCIL,Female,26-30,0,1,36
11376,THE BAROSSA COUNCIL,Female,26-30,0,2,6
11377,THE BAROSSA COUNCIL,Female,26-30,0,3,2
11378,THE BAROSSA COUNCIL,Female,26-30,0,4,2
11379,THE BAROSSA COUNCIL,Female,26-30,1,0,105
11380,THE BAROSSA COUNCIL,Female,26-30,1,1,16
11381,THE BAROSSA COUNCIL,Female,26-30,1,2,3
11382,THE BAROSSA COUNCIL,Female,26-30,1,3,1
11383,THE BAROSSA COUNCIL,Female,26-30,2,0,19
11384,THE BAROSSA COUNCIL,Female,26-30,2,1,1
11385,THE BAROSSA COUNCIL,Female,26-30,2,4,1
11386,THE BAROSSA COUNCIL,Female,26-30,3,0,3
11387,THE BAROSSA COUNCIL,Female,31-35,>5,0,2
11388,THE BAROSSA COUNCIL,Female,31-35,0,1,18
11389,THE BAROSSA COUNCIL,Female,31-35,0,2,5
11390,THE BAROSSA COUNCIL,Female,31-35,0,3,1
11391,THE BAROSSA COUNCIL,Female,31-35,0,4,1
11392,THE BAROSSA COUNCIL,Female,31-35,1,0,141
11393,THE BAROSSA COUNCIL,Female,31-35,1,1,17
11394,THE BAROSSA COUNCIL,Female,31-35,1,2,8
11395,THE BAROSSA COUNCIL,Female,31-35,1,3,1
11396,THE BAROSSA COUNCIL,Female,31-35,2,0,49
11397,THE BAROSSA COUNCIL,Female,31-35,2,1,6
11398,THE BAROSSA COUNCIL,Female,31-35,2,2,2
11399,THE BAROSSA COUNCIL,Female,31-35,2,3,3
11400,THE BAROSSA COUNCIL,Female,31-35,3,0,5
11401,THE BAROSSA COUNCIL,Female,31-35,3,1,1
11402,THE BAROSSA COUNCIL,Female,31-35,5,0,1
11403,THE BAROSSA COUNCIL,Female,36-40,0,1,25
11404,THE BAROSSA COUNCIL,Female,36-40,0,2,9
11405,THE BAROSSA COUNCIL,Female,36-40,0,3,9
11406,THE BAROSSA COUNCIL,Female,36-40,0,4,2
11407,THE BAROSSA COUNCIL,Female,36-40,0,5,1
11408,THE BAROSSA COUNCIL,Female,36-40,1,0,161
11409,THE BAROSSA COUNCIL,Female,36-40,1,1,27
11410,THE BAROSSA COUNCIL,Female,36-40,1,2,10
11411,THE BAROSSA COUNCIL,Female,36-40,1,4,1
11412,THE BAROSSA COUNCIL,Female,36-40,2,0,44
11413,THE BAROSSA COUNCIL,Female,36-40,2,1,9
11414,THE BAROSSA COUNCIL,Female,36-40,2,2,2
11415,THE BAROSSA COUNCIL,Female,36-40,2,4,1
11416,THE BAROSSA COUNCIL,Female,36-40,3,0,7
11417,THE BAROSSA COUNCIL,Female,36-40,4,2,1
11418,THE BAROSSA COUNCIL,Female,36-40,5,0,1
11419,THE BAROSSA COUNCIL,Female,36-40,5,1,1
11420,THE BAROSSA COUNCIL,Female,41-45,>5,0,1
11421,THE BAROSSA COUNCIL,Female,41-45,>5,1,1
11422,THE BAROSSA COUNCIL,Female,41-45,>5,2,1
11423,THE BAROSSA COUNCIL,Female,41-45,0,1,32
11424,THE BAROSSA COUNCIL,Female,41-45,0,2,13
11425,THE BAROSSA COUNCIL,Female,41-45,0,3,4
11426,THE BAROSSA COUNCIL,Female,41-45,0,4,1
11427,THE BAROSSA COUNCIL,Female,41-45,1,0,187
11428,THE BAROSSA COUNCIL,Female,41-45,1,1,31
11429,THE BAROSSA COUNCIL,Female,41-45,1,2,8
11430,THE BAROSSA COUNCIL,Female,41-45,1,3,3
11431,THE BAROSSA COUNCIL,Female,41-45,2,0,64
11432,THE BAROSSA COUNCIL,Female,41-45,2,1,7
11433,THE BAROSSA COUNCIL,Female,41-45,2,2,4
11434,THE BAROSSA COUNCIL,Female,41-45,2,3,1
11435,THE BAROSSA COUNCIL,Female,41-45,3,0,6
11436,THE BAROSSA COUNCIL,Female,41-45,3,1,2
11437,THE BAROSSA COUNCIL,Female,41-45,5,5,1
11438,THE BAROSSA COUNCIL,Female,46-50,0,1,29
11439,THE BAROSSA COUNCIL,Female,46-50,0,2,9
11440,THE BAROSSA COUNCIL,Female,46-50,0,3,3
11441,THE BAROSSA COUNCIL,Female,46-50,0,5,1
11442,THE BAROSSA COUNCIL,Female,46-50,1,0,193
11443,THE BAROSSA COUNCIL,Female,46-50,1,1,23
11444,THE BAROSSA COUNCIL,Female,46-50,1,2,15
11445,THE BAROSSA COUNCIL,Female,46-50,1,3,2
11446,THE BAROSSA COUNCIL,Female,46-50,2,0,83
11447,THE BAROSSA COUNCIL,Female,46-50,2,1,12
11448,THE BAROSSA COUNCIL,Female,46-50,2,2,5
11449,THE BAROSSA COUNCIL,Female,46-50,2,3,2
11450,THE BAROSSA COUNCIL,Female,46-50,2,4,1
11451,THE BAROSSA COUNCIL,Female,46-50,3,0,6
11452,THE BAROSSA COUNCIL,Female,46-50,3,2,1
11453,THE BAROSSA COUNCIL,Female,46-50,4,0,3
11454,THE BAROSSA COUNCIL,Female,46-50,4,1,1
11455,THE BAROSSA COUNCIL,Female,51-55,>5,0,1
11456,THE BAROSSA COUNCIL,Female,51-55,0,1,31
11457,THE BAROSSA COUNCIL,Female,51-55,0,2,14
11458,THE BAROSSA COUNCIL,Female,51-55,0,3,5
11459,THE BAROSSA COUNCIL,Female,51-55,0,4,1
11460,THE BAROSSA COUNCIL,Female,51-55,1,0,254
11461,THE BAROSSA COUNCIL,Female,51-55,1,1,24
11462,THE BAROSSA COUNCIL,Female,51-55,1,2,9
11463,THE BAROSSA COUNCIL,Female,51-55,1,4,1
11464,THE BAROSSA COUNCIL,Female,51-55,2,0,91
11465,THE BAROSSA COUNCIL,Female,51-55,2,1,12
11466,THE BAROSSA COUNCIL,Female,51-55,2,2,4
11467,THE BAROSSA COUNCIL,Female,51-55,2,3,1
11468,THE BAROSSA COUNCIL,Female,51-55,2,4,1
11469,THE BAROSSA COUNCIL,Female,51-55,3,0,10
11470,THE BAROSSA COUNCIL,Female,51-55,3,1,2
11471,THE BAROSSA COUNCIL,Female,51-55,4,0,4
11472,THE BAROSSA COUNCIL,Female,51-55,5,1,1
11473,THE BAROSSA COUNCIL,Female,56-60,>5,0,1
11474,THE BAROSSA COUNCIL,Female,56-60,0,>5,1
11475,THE BAROSSA COUNCIL,Female,56-60,0,1,28
11476,THE BAROSSA COUNCIL,Female,56-60,0,2,6
11477,THE BAROSSA COUNCIL,Female,56-60,0,3,1
11478,THE BAROSSA COUNCIL,Female,56-60,1,0,198
11479,THE BAROSSA COUNCIL,Female,56-60,1,1,15
11480,THE BAROSSA COUNCIL,Female,56-60,1,2,8
11481,THE BAROSSA COUNCIL,Female,56-60,1,3,1
11482,THE BAROSSA COUNCIL,Female,56-60,2,>5,1
11483,THE BAROSSA COUNCIL,Female,56-60,2,0,73
11484,THE BAROSSA COUNCIL,Female,56-60,2,1,7
11485,THE BAROSSA COUNCIL,Female,56-60,2,2,2
11486,THE BAROSSA COUNCIL,Female,56-60,3,0,8
11487,THE BAROSSA COUNCIL,Female,56-60,3,2,2
11488,THE BAROSSA COUNCIL,Female,56-60,3,3,1
11489,THE BAROSSA COUNCIL,Female,56-60,3,4,1
11490,THE BAROSSA COUNCIL,Female,56-60,4,0,2
11491,THE BAROSSA COUNCIL,Female,56-60,5,0,1
11492,THE BAROSSA COUNCIL,Female,61-65,>5,0,2
11493,THE BAROSSA COUNCIL,Female,61-65,0,1,22
11494,THE BAROSSA COUNCIL,Female,61-65,0,2,9
11495,THE BAROSSA COUNCIL,Female,61-65,0,3,4
11496,THE BAROSSA COUNCIL,Female,61-65,0,4,1
11497,THE BAROSSA COUNCIL,Female,61-65,1,0,185
11498,THE BAROSSA COUNCIL,Female,61-65,1,1,5
11499,THE BAROSSA COUNCIL,Female,61-65,1,2,1
11500,THE BAROSSA COUNCIL,Female,61-65,2,0,54
11501,THE BAROSSA COUNCIL,Female,61-65,2,1,4
11502,THE BAROSSA COUNCIL,Female,61-65,2,3,2
11503,THE BAROSSA COUNCIL,Female,61-65,3,0,6
11504,THE BAROSSA COUNCIL,Female,61-65,3,2,1
11505,THE BAROSSA COUNCIL,Female,61-65,4,0,3
11506,THE BAROSSA COUNCIL,Female,66-70,>5,0,2
11507,THE BAROSSA COUNCIL,Female,66-70,0,1,14
11508,THE BAROSSA COUNCIL,Female,66-70,0,2,2
11509,THE BAROSSA COUNCIL,Female,66-70,0,3,2
11510,THE BAROSSA COUNCIL,Female,66-70,0,4,1
11511,THE BAROSSA COUNCIL,Female,66-70,1,0,137
11512,THE BAROSSA COUNCIL,Female,66-70,1,1,6
11513,THE BAROSSA COUNCIL,Female,66-70,1,2,5
11514,THE BAROSSA COUNCIL,Female,66-70,2,0,39
11515,THE BAROSSA COUNCIL,Female,66-70,2,1,4
11516,THE BAROSSA COUNCIL,Female,66-70,2,2,2
11517,THE BAROSSA COUNCIL,Female,66-70,3,0,7
11518,THE BAROSSA COUNCIL,Female,66-70,3,2,2
11519,THE BAROSSA COUNCIL,Female,66-70,4,0,1
11520,THE BAROSSA COUNCIL,Female,Unknown,0,>5,1
11521,THE BAROSSA COUNCIL,Female,Unknown,0,1,9
11522,THE BAROSSA COUNCIL,Female,Unknown,0,2,1
11523,THE BAROSSA COUNCIL,Female,Unknown,0,3,1
11524,THE BAROSSA COUNCIL,Female,Unknown,0,4,1
11525,THE BAROSSA COUNCIL,Female,Unknown,3,0,1
11526,THE BAROSSA COUNCIL,Male,>70,>5,0,5
11527,THE BAROSSA COUNCIL,Male,>70,0,1,13
11528,THE BAROSSA COUNCIL,Male,>70,0,2,5
11529,THE BAROSSA COUNCIL,Male,>70,1,0,168
11530,THE BAROSSA COUNCIL,Male,>70,1,1,5
11531,THE BAROSSA COUNCIL,Male,>70,2,0,28
11532,THE BAROSSA COUNCIL,Male,>70,3,0,5
11533,THE BAROSSA COUNCIL,Male,>70,5,0,1
11534,THE BAROSSA COUNCIL,Male,16-20,1,0,5
11535,THE BAROSSA COUNCIL,Male,16-20,2,0,1
11536,THE BAROSSA COUNCIL,Male,21-25,0,1,9
11537,THE BAROSSA COUNCIL,Male,21-25,0,2,3
11538,THE BAROSSA COUNCIL,Male,21-25,1,0,41
11539,THE BAROSSA COUNCIL,Male,21-25,1,1,2
11540,THE BAROSSA COUNCIL,Male,26-30,0,1,10
11541,THE BAROSSA COUNCIL,Male,26-30,0,2,2
11542,THE BAROSSA COUNCIL,Male,26-30,1,0,73
11543,THE BAROSSA COUNCIL,Male,26-30,1,1,1
11544,THE BAROSSA COUNCIL,Male,26-30,2,0,12
11545,THE BAROSSA COUNCIL,Male,26-30,2,1,1
11546,THE BAROSSA COUNCIL,Male,26-30,3,0,2
11547,THE BAROSSA COUNCIL,Male,31-35,0,1,7
11548,THE BAROSSA COUNCIL,Male,31-35,0,2,1
11549,THE BAROSSA COUNCIL,Male,31-35,0,3,1
11550,THE BAROSSA COUNCIL,Male,31-35,0,4,1
11551,THE BAROSSA COUNCIL,Male,31-35,1,0,100
11552,THE BAROSSA COUNCIL,Male,31-35,1,1,4
11553,THE BAROSSA COUNCIL,Male,31-35,1,2,1
11554,THE BAROSSA COUNCIL,Male,31-35,1,3,1
11555,THE BAROSSA COUNCIL,Male,31-35,2,0,16
11556,THE BAROSSA COUNCIL,Male,31-35,3,0,4
11557,THE BAROSSA COUNCIL,Male,36-40,0,>5,1
11558,THE BAROSSA COUNCIL,Male,36-40,0,1,11
11559,THE BAROSSA COUNCIL,Male,36-40,1,0,102
11560,THE BAROSSA COUNCIL,Male,36-40,1,1,1
11561,THE BAROSSA COUNCIL,Male,36-40,2,0,30
11562,THE BAROSSA COUNCIL,Male,36-40,3,0,3
11563,THE BAROSSA COUNCIL,Male,36-40,5,0,2
11564,THE BAROSSA COUNCIL,Male,41-45,>5,0,1
11565,THE BAROSSA COUNCIL,Male,41-45,0,1,8
11566,THE BAROSSA COUNCIL,Male,41-45,1,0,102
11567,THE BAROSSA COUNCIL,Male,41-45,1,1,6
11568,THE BAROSSA COUNCIL,Male,41-45,2,0,18
11569,THE BAROSSA COUNCIL,Male,41-45,2,3,1
11570,THE BAROSSA COUNCIL,Male,41-45,3,0,3
11571,THE BAROSSA COUNCIL,Male,41-45,3,2,1
11572,THE BAROSSA COUNCIL,Male,46-50,>5,0,1
11573,THE BAROSSA COUNCIL,Male,46-50,0,1,11
11574,THE BAROSSA COUNCIL,Male,46-50,0,2,6
11575,THE BAROSSA COUNCIL,Male,46-50,1,0,106
11576,THE BAROSSA COUNCIL,Male,46-50,1,1,10
11577,THE BAROSSA COUNCIL,Male,46-50,2,0,27
11578,THE BAROSSA COUNCIL,Male,46-50,2,1,2
11579,THE BAROSSA COUNCIL,Male,46-50,3,0,6
11580,THE BAROSSA COUNCIL,Male,46-50,5,0,1
11581,THE BAROSSA COUNCIL,Male,51-55,0,1,11
11582,THE BAROSSA COUNCIL,Male,51-55,0,2,2
11583,THE BAROSSA COUNCIL,Male,51-55,0,3,1
11584,THE BAROSSA COUNCIL,Male,51-55,1,0,109
11585,THE BAROSSA COUNCIL,Male,51-55,1,1,3
11586,THE BAROSSA COUNCIL,Male,51-55,1,2,1
11587,THE BAROSSA COUNCIL,Male,51-55,1,3,1
11588,THE BAROSSA COUNCIL,Male,51-55,2,0,30
11589,THE BAROSSA COUNCIL,Male,51-55,3,0,3
11590,THE BAROSSA COUNCIL,Male,56-60,>5,0,2
11591,THE BAROSSA COUNCIL,Male,56-60,0,1,12
11592,THE BAROSSA COUNCIL,Male,56-60,0,2,1
11593,THE BAROSSA COUNCIL,Male,56-60,0,3,1
11594,THE BAROSSA COUNCIL,Male,56-60,1,0,97
11595,THE BAROSSA COUNCIL,Male,56-60,1,1,1
11596,THE BAROSSA COUNCIL,Male,56-60,2,0,24
11597,THE BAROSSA COUNCIL,Male,56-60,2,1,4
11598,THE BAROSSA COUNCIL,Male,56-60,3,0,5
11599,THE BAROSSA COUNCIL,Male,56-60,4,0,3
11600,THE BAROSSA COUNCIL,Male,56-60,5,0,1
11601,THE BAROSSA COUNCIL,Male,61-65,0,1,9
11602,THE BAROSSA COUNCIL,Male,61-65,0,2,1
11603,THE BAROSSA COUNCIL,Male,61-65,1,0,84
11604,THE BAROSSA COUNCIL,Male,61-65,1,1,4
11605,THE BAROSSA COUNCIL,Male,61-65,1,2,1
11606,THE BAROSSA COUNCIL,Male,61-65,2,0,20
11607,THE BAROSSA COUNCIL,Male,61-65,2,1,3
11608,THE BAROSSA COUNCIL,Male,61-65,3,0,3
11609,THE BAROSSA COUNCIL,Male,66-70,>5,0,1
11610,THE BAROSSA COUNCIL,Male,66-70,0,1,2
11611,THE BAROSSA COUNCIL,Male,66-70,0,2,2
11612,THE BAROSSA COUNCIL,Male,66-70,1,0,94
11613,THE BAROSSA COUNCIL,Male,66-70,1,1,2
11614,THE BAROSSA COUNCIL,Male,66-70,1,2,1
11615,THE BAROSSA COUNCIL,Male,66-70,2,0,15
11616,THE BAROSSA COUNCIL,Male,66-70,3,0,2
11617,THE BAROSSA COUNCIL,Male,66-70,3,1,1
11618,THE BAROSSA COUNCIL,Male,Unknown,0,1,4
11619,THE BAROSSA COUNCIL,Male,Unknown,1,0,3
11620,THE BAROSSA COUNCIL,Other,>70,>5,0,2
11621,THE BAROSSA COUNCIL,Other,>70,1,0,19
11622,THE BAROSSA COUNCIL,Other,>70,2,0,1
11623,THE BAROSSA COUNCIL,Other,>70,3,0,1
11624,THE BAROSSA COUNCIL,Other,31-35,1,0,6
11625,THE BAROSSA COUNCIL,Other,36-40,1,0,5
11626,THE BAROSSA COUNCIL,Other,36-40,1,1,1
11627,THE BAROSSA COUNCIL,Other,36-40,2,0,1
11628,THE BAROSSA COUNCIL,Other,41-45,0,1,2
11629,THE BAROSSA COUNCIL,Other,41-45,1,0,6
11630,THE BAROSSA COUNCIL,Other,41-45,2,0,1
11631,THE BAROSSA COUNCIL,Other,46-50,>5,2,1
11632,THE BAROSSA COUNCIL,Other,46-50,1,0,7
11633,THE BAROSSA COUNCIL,Other,46-50,2,0,2
11634,THE BAROSSA COUNCIL,Other,51-55,1,0,10
11635,THE BAROSSA COUNCIL,Other,51-55,1,2,1
11636,THE BAROSSA COUNCIL,Other,51-55,2,3,1
11637,THE BAROSSA COUNCIL,Other,56-60,1,0,9
11638,THE BAROSSA COUNCIL,Other,61-65,0,1,1
11639,THE BAROSSA COUNCIL,Other,61-65,1,0,7
11640,THE BAROSSA COUNCIL,Other,61-65,2,0,2
11641,THE BAROSSA COUNCIL,Other,61-65,5,0,1
11642,THE BAROSSA COUNCIL,Other,66-70,0,1,1
11643,THE BAROSSA COUNCIL,Other,66-70,1,0,6
11644,THE BAROSSA COUNCIL,Other,66-70,1,1,1
11645,THE BAROSSA COUNCIL,Other,Unknown,0,1,3
11646,THE BAROSSA COUNCIL,SUPPRESSED,Unknown,1,0,17
11647,THE BAROSSA COUNCIL,SUPPRESSED,Unknown,1,1,1
11648,THE BAROSSA COUNCIL,SUPPRESSED,Unknown,1,2,1
11649,THE BAROSSA COUNCIL,SUPPRESSED,Unknown,2,0,5
11650,THE BAROSSA COUNCIL,SUPPRESSED,Unknown,2,1,1
11651,THE BAROSSA COUNCIL,SUPPRESSED,Unknown,3,0,1
11652,THE BAROSSA COUNCIL,SUPPRESSED,Unknown,4,0,1
11653,THE BAROSSA COUNCIL,Unknown,>70,0,1,1
11654,THE BAROSSA COUNCIL,Unknown,21-25,0,1,1
11655,THE BAROSSA COUNCIL,Unknown,26-30,0,1,1
11656,THE BAROSSA COUNCIL,Unknown,41-45,0,1,2
11657,THE BAROSSA COUNCIL,Unknown,46-50,0,1,1
11658,THE BAROSSA COUNCIL,Unknown,Unknown,0,>5,1
11659,THE BAROSSA COUNCIL,Unknown,Unknown,0,1,199
11660,THE BAROSSA COUNCIL,Unknown,Unknown,0,2,25
11661,THE BAROSSA COUNCIL,Unknown,Unknown,0,3,5
11662,THE BAROSSA COUNCIL,Unknown,Unknown,1,0,1
11663,THE BERRI BARMERA COUNCIL,Female,>70,>5,0,1
11664,THE BERRI BARMERA COUNCIL,Female,>70,0,1,16
11665,THE BERRI BARMERA COUNCIL,Female,>70,0,2,2
11666,THE BERRI BARMERA COUNCIL,Female,>70,0,4,1
11667,THE BERRI BARMERA COUNCIL,Female,>70,1,0,117
11668,THE BERRI BARMERA COUNCIL,Female,>70,1,1,7
11669,THE BERRI BARMERA COUNCIL,Female,>70,1,2,2
11670,THE BERRI BARMERA COUNCIL,Female,>70,2,0,19
11671,THE BERRI BARMERA COUNCIL,Female,>70,2,1,3
11672,THE BERRI BARMERA COUNCIL,Female,>70,3,0,3
11673,THE BERRI BARMERA COUNCIL,Female,16-20,0,1,1
11674,THE BERRI BARMERA COUNCIL,Female,16-20,1,0,7
11675,THE BERRI BARMERA COUNCIL,Female,16-20,2,0,1
11676,THE BERRI BARMERA COUNCIL,Female,21-25,0,1,9
11677,THE BERRI BARMERA COUNCIL,Female,21-25,0,2,4
11678,THE BERRI BARMERA COUNCIL,Female,21-25,0,3,1
11679,THE BERRI BARMERA COUNCIL,Female,21-25,1,0,40
11680,THE BERRI BARMERA COUNCIL,Female,21-25,1,1,3
11681,THE BERRI BARMERA COUNCIL,Female,21-25,1,2,2
11682,THE BERRI BARMERA COUNCIL,Female,21-25,2,0,5
11683,THE BERRI BARMERA COUNCIL,Female,21-25,2,1,1
11684,THE BERRI BARMERA COUNCIL,Female,21-25,3,1,1
11685,THE BERRI BARMERA COUNCIL,Female,26-30,0,1,9
11686,THE BERRI BARMERA COUNCIL,Female,26-30,0,2,2
11687,THE BERRI BARMERA COUNCIL,Female,26-30,0,4,1
11688,THE BERRI BARMERA COUNCIL,Female,26-30,1,0,54
11689,THE BERRI BARMERA COUNCIL,Female,26-30,1,1,2
11690,THE BERRI BARMERA COUNCIL,Female,26-30,1,2,1
11691,THE BERRI BARMERA COUNCIL,Female,26-30,2,0,19
11692,THE BERRI BARMERA COUNCIL,Female,26-30,3,0,3
11693,THE BERRI BARMERA COUNCIL,Female,26-30,3,2,1
11694,THE BERRI BARMERA COUNCIL,Female,26-30,4,0,2
11695,THE BERRI BARMERA COUNCIL,Female,31-35,0,1,6
11696,THE BERRI BARMERA COUNCIL,Female,31-35,0,2,3
11697,THE BERRI BARMERA COUNCIL,Female,31-35,0,3,1
11698,THE BERRI BARMERA COUNCIL,Female,31-35,1,0,53
11699,THE BERRI BARMERA COUNCIL,Female,31-35,1,1,5
11700,THE BERRI BARMERA COUNCIL,Female,31-35,1,2,1
11701,THE BERRI BARMERA COUNCIL,Female,31-35,2,0,18
11702,THE BERRI BARMERA COUNCIL,Female,31-35,2,2,1
11703,THE BERRI BARMERA COUNCIL,Female,31-35,3,0,4
11704,THE BERRI BARMERA COUNCIL,Female,36-40,>5,0,2
11705,THE BERRI BARMERA COUNCIL,Female,36-40,0,1,9
11706,THE BERRI BARMERA COUNCIL,Female,36-40,0,2,2
11707,THE BERRI BARMERA COUNCIL,Female,36-40,1,0,64
11708,THE BERRI BARMERA COUNCIL,Female,36-40,1,1,5
11709,THE BERRI BARMERA COUNCIL,Female,36-40,1,3,1
11710,THE BERRI BARMERA COUNCIL,Female,36-40,1,4,1
11711,THE BERRI BARMERA COUNCIL,Female,36-40,2,0,21
11712,THE BERRI BARMERA COUNCIL,Female,36-40,2,1,3
11713,THE BERRI BARMERA COUNCIL,Female,36-40,3,0,1
11714,THE BERRI BARMERA COUNCIL,Female,36-40,3,1,1
11715,THE BERRI BARMERA COUNCIL,Female,36-40,4,0,1
11716,THE BERRI BARMERA COUNCIL,Female,41-45,0,1,8
11717,THE BERRI BARMERA COUNCIL,Female,41-45,0,2,1
11718,THE BERRI BARMERA COUNCIL,Female,41-45,1,0,72
11719,THE BERRI BARMERA COUNCIL,Female,41-45,1,1,2
11720,THE BERRI BARMERA COUNCIL,Female,41-45,1,3,1
11721,THE BERRI BARMERA COUNCIL,Female,41-45,1,5,1
11722,THE BERRI BARMERA COUNCIL,Female,41-45,2,0,21
11723,THE BERRI BARMERA COUNCIL,Female,41-45,2,1,2
11724,THE BERRI BARMERA COUNCIL,Female,41-45,2,2,1
11725,THE BERRI BARMERA COUNCIL,Female,41-45,3,0,3
11726,THE BERRI BARMERA COUNCIL,Female,46-50,>5,0,1
11727,THE BERRI BARMERA COUNCIL,Female,46-50,0,1,2
11728,THE BERRI BARMERA COUNCIL,Female,46-50,0,2,2
11729,THE BERRI BARMERA COUNCIL,Female,46-50,0,3,1
11730,THE BERRI BARMERA COUNCIL,Female,46-50,1,0,72
11731,THE BERRI BARMERA COUNCIL,Female,46-50,1,1,6
11732,THE BERRI BARMERA COUNCIL,Female,46-50,1,2,5
11733,THE BERRI BARMERA COUNCIL,Female,46-50,1,3,1
11734,THE BERRI BARMERA COUNCIL,Female,46-50,2,0,24
11735,THE BERRI BARMERA COUNCIL,Female,46-50,2,2,2
11736,THE BERRI BARMERA COUNCIL,Female,46-50,3,0,3
11737,THE BERRI BARMERA COUNCIL,Female,46-50,4,0,1
11738,THE BERRI BARMERA COUNCIL,Female,46-50,5,0,1
11739,THE BERRI BARMERA COUNCIL,Female,51-55,>5,0,1
11740,THE BERRI BARMERA COUNCIL,Female,51-55,0,1,6
11741,THE BERRI BARMERA COUNCIL,Female,51-55,0,2,5
11742,THE BERRI BARMERA COUNCIL,Female,51-55,1,0,69
11743,THE BERRI BARMERA COUNCIL,Female,51-55,1,1,9
11744,THE BERRI BARMERA COUNCIL,Female,51-55,1,2,1
11745,THE BERRI BARMERA COUNCIL,Female,51-55,1,3,1
11746,THE BERRI BARMERA COUNCIL,Female,51-55,2,0,29
11747,THE BERRI BARMERA COUNCIL,Female,51-55,2,1,3
11748,THE BERRI BARMERA COUNCIL,Female,51-55,2,2,1
11749,THE BERRI BARMERA COUNCIL,Female,51-55,3,0,8
11750,THE BERRI BARMERA COUNCIL,Female,51-55,3,2,1
11751,THE BERRI BARMERA COUNCIL,Female,51-55,4,0,1
11752,THE BERRI BARMERA COUNCIL,Female,56-60,>5,0,1
11753,THE BERRI BARMERA COUNCIL,Female,56-60,>5,4,1
11754,THE BERRI BARMERA COUNCIL,Female,56-60,0,>5,1
11755,THE BERRI BARMERA COUNCIL,Female,56-60,0,1,9
11756,THE BERRI BARMERA COUNCIL,Female,56-60,0,2,2
11757,THE BERRI BARMERA COUNCIL,Female,56-60,0,3,1
11758,THE BERRI BARMERA COUNCIL,Female,56-60,1,>5,1
11759,THE BERRI BARMERA COUNCIL,Female,56-60,1,0,62
11760,THE BERRI BARMERA COUNCIL,Female,56-60,1,1,6
11761,THE BERRI BARMERA COUNCIL,Female,56-60,1,2,1
11762,THE BERRI BARMERA COUNCIL,Female,56-60,1,3,1
11763,THE BERRI BARMERA COUNCIL,Female,56-60,2,0,23
11764,THE BERRI BARMERA COUNCIL,Female,56-60,2,1,2
11765,THE BERRI BARMERA COUNCIL,Female,56-60,2,4,1
11766,THE BERRI BARMERA COUNCIL,Female,56-60,3,0,2
11767,THE BERRI BARMERA COUNCIL,Female,56-60,3,2,1
11768,THE BERRI BARMERA COUNCIL,Female,56-60,4,0,2
11769,THE BERRI BARMERA COUNCIL,Female,56-60,5,0,2
11770,THE BERRI BARMERA COUNCIL,Female,61-65,0,1,7
11771,THE BERRI BARMERA COUNCIL,Female,61-65,0,2,3
11772,THE BERRI BARMERA COUNCIL,Female,61-65,0,3,1
11773,THE BERRI BARMERA COUNCIL,Female,61-65,0,4,1
11774,THE BERRI BARMERA COUNCIL,Female,61-65,1,0,71
11775,THE BERRI BARMERA COUNCIL,Female,61-65,1,1,6
11776,THE BERRI BARMERA COUNCIL,Female,61-65,1,2,1
11777,THE BERRI BARMERA COUNCIL,Female,61-65,2,0,26
11778,THE BERRI BARMERA COUNCIL,Female,61-65,2,1,2
11779,THE BERRI BARMERA COUNCIL,Female,61-65,3,0,1
11780,THE BERRI BARMERA COUNCIL,Female,61-65,4,0,2
11781,THE BERRI BARMERA COUNCIL,Female,61-65,5,0,1
11782,THE BERRI BARMERA COUNCIL,Female,66-70,>5,0,1
11783,THE BERRI BARMERA COUNCIL,Female,66-70,0,>5,1
11784,THE BERRI BARMERA COUNCIL,Female,66-70,0,1,10
11785,THE BERRI BARMERA COUNCIL,Female,66-70,0,2,1
11786,THE BERRI BARMERA COUNCIL,Female,66-70,0,3,1
11787,THE BERRI BARMERA COUNCIL,Female,66-70,1,0,51
11788,THE BERRI BARMERA COUNCIL,Female,66-70,1,1,2
11789,THE BERRI BARMERA COUNCIL,Female,66-70,2,0,17
11790,THE BERRI BARMERA COUNCIL,Female,66-70,3,0,2
11791,THE BERRI BARMERA COUNCIL,Female,Unknown,0,1,31
11792,THE BERRI BARMERA COUNCIL,Female,Unknown,0,2,1
11793,THE BERRI BARMERA COUNCIL,Female,Unknown,0,3,1
11794,THE BERRI BARMERA COUNCIL,Female,Unknown,1,0,4
11795,THE BERRI BARMERA COUNCIL,Male,>70,0,1,4
11796,THE BERRI BARMERA COUNCIL,Male,>70,0,2,1
11797,THE BERRI BARMERA COUNCIL,Male,>70,1,0,99
11798,THE BERRI BARMERA COUNCIL,Male,>70,1,1,2
11799,THE BERRI BARMERA COUNCIL,Male,>70,2,0,17
11800,THE BERRI BARMERA COUNCIL,Male,>70,3,0,5
11801,THE BERRI BARMERA COUNCIL,Male,>70,4,0,1
11802,THE BERRI BARMERA COUNCIL,Male,16-20,1,0,4
11803,THE BERRI BARMERA COUNCIL,Male,21-25,1,0,19
11804,THE BERRI BARMERA COUNCIL,Male,21-25,2,0,1
11805,THE BERRI BARMERA COUNCIL,Male,26-30,0,1,2
11806,THE BERRI BARMERA COUNCIL,Male,26-30,1,0,35
11807,THE BERRI BARMERA COUNCIL,Male,26-30,1,1,2
11808,THE BERRI BARMERA COUNCIL,Male,26-30,2,0,7
11809,THE BERRI BARMERA COUNCIL,Male,31-35,0,1,4
11810,THE BERRI BARMERA COUNCIL,Male,31-35,0,2,1
11811,THE BERRI BARMERA COUNCIL,Male,31-35,1,0,36
11812,THE BERRI BARMERA COUNCIL,Male,31-35,2,0,11
11813,THE BERRI BARMERA COUNCIL,Male,31-35,3,0,1
11814,THE BERRI BARMERA COUNCIL,Male,36-40,0,1,1
11815,THE BERRI BARMERA COUNCIL,Male,36-40,0,2,1
11816,THE BERRI BARMERA COUNCIL,Male,36-40,1,0,44
11817,THE BERRI BARMERA COUNCIL,Male,36-40,2,0,6
11818,THE BERRI BARMERA COUNCIL,Male,36-40,2,2,1
11819,THE BERRI BARMERA COUNCIL,Male,36-40,3,0,2
11820,THE BERRI BARMERA COUNCIL,Male,41-45,>5,0,2
11821,THE BERRI BARMERA COUNCIL,Male,41-45,0,1,1
11822,THE BERRI BARMERA COUNCIL,Male,41-45,0,2,2
11823,THE BERRI BARMERA COUNCIL,Male,41-45,1,0,31
11824,THE BERRI BARMERA COUNCIL,Male,41-45,1,1,2
11825,THE BERRI BARMERA COUNCIL,Male,41-45,2,0,7
11826,THE BERRI BARMERA COUNCIL,Male,41-45,2,1,2
11827,THE BERRI BARMERA COUNCIL,Male,41-45,2,2,1
11828,THE BERRI BARMERA COUNCIL,Male,46-50,1,0,39
11829,THE BERRI BARMERA COUNCIL,Male,46-50,1,1,2
11830,THE BERRI BARMERA COUNCIL,Male,46-50,1,2,1
11831,THE BERRI BARMERA COUNCIL,Male,46-50,2,0,13
11832,THE BERRI BARMERA COUNCIL,Male,46-50,3,0,1
11833,THE BERRI BARMERA COUNCIL,Male,51-55,0,1,3
11834,THE BERRI BARMERA COUNCIL,Male,51-55,1,0,51
11835,THE BERRI BARMERA COUNCIL,Male,51-55,1,1,4
11836,THE BERRI BARMERA COUNCIL,Male,51-55,1,2,1
11837,THE BERRI BARMERA COUNCIL,Male,51-55,2,0,11
11838,THE BERRI BARMERA COUNCIL,Male,51-55,2,2,1
11839,THE BERRI BARMERA COUNCIL,Male,51-55,3,0,1
11840,THE BERRI BARMERA COUNCIL,Male,56-60,0,1,1
11841,THE BERRI BARMERA COUNCIL,Male,56-60,1,0,40
11842,THE BERRI BARMERA COUNCIL,Male,56-60,1,1,2
11843,THE BERRI BARMERA COUNCIL,Male,56-60,2,0,11
11844,THE BERRI BARMERA COUNCIL,Male,56-60,2,1,2
11845,THE BERRI BARMERA COUNCIL,Male,56-60,3,0,2
11846,THE BERRI BARMERA COUNCIL,Male,61-65,0,1,1
11847,THE BERRI BARMERA COUNCIL,Male,61-65,0,2,1
11848,THE BERRI BARMERA COUNCIL,Male,61-65,1,0,49
11849,THE BERRI BARMERA COUNCIL,Male,61-65,1,1,3
11850,THE BERRI BARMERA COUNCIL,Male,61-65,1,2,1
11851,THE BERRI BARMERA COUNCIL,Male,61-65,2,0,13
11852,THE BERRI BARMERA COUNCIL,Male,61-65,3,0,1
11853,THE BERRI BARMERA COUNCIL,Male,66-70,0,1,1
11854,THE BERRI BARMERA COUNCIL,Male,66-70,1,0,45
11855,THE BERRI BARMERA COUNCIL,Male,66-70,2,0,12
11856,THE BERRI BARMERA COUNCIL,Male,66-70,3,0,1
11857,THE BERRI BARMERA COUNCIL,Male,Unknown,0,1,3
11858,THE BERRI BARMERA COUNCIL,Male,Unknown,0,3,1
11859,THE BERRI BARMERA COUNCIL,Male,Unknown,1,0,3
11860,THE BERRI BARMERA COUNCIL,Other,>70,1,0,3
11861,THE BERRI BARMERA COUNCIL,Other,>70,2,0,1
11862,THE BERRI BARMERA COUNCIL,Other,31-35,1,0,2
11863,THE BERRI BARMERA COUNCIL,Other,41-45,1,0,1
11864,THE BERRI BARMERA COUNCIL,Other,41-45,1,1,1
11865,THE BERRI BARMERA COUNCIL,Other,46-50,2,0,1
11866,THE BERRI BARMERA COUNCIL,Other,56-60,1,0,1
11867,THE BERRI BARMERA COUNCIL,Other,56-60,2,0,2
11868,THE BERRI BARMERA COUNCIL,Other,56-60,3,0,1
11869,THE BERRI BARMERA COUNCIL,Other,61-65,1,0,2
11870,THE BERRI BARMERA COUNCIL,Other,66-70,1,0,1
11871,THE BERRI BARMERA COUNCIL,SUPPRESSED,Unknown,1,0,1
11872,THE BERRI BARMERA COUNCIL,Unknown,21-25,1,0,1
11873,THE BERRI BARMERA COUNCIL,Unknown,Unknown,0,1,3
11874,THE BERRI BARMERA COUNCIL,Unknown,Unknown,0,2,2
11875,THE BERRI BARMERA COUNCIL,Unknown,Unknown,1,0,1
11876,THE CITY OF NORWOOD PAYNEHAM AND ST PETERS,Female,>70,0,1,40
11877,THE CITY OF NORWOOD PAYNEHAM AND ST PETERS,Female,>70,0,2,7
11878,THE CITY OF NORWOOD PAYNEHAM AND ST PETERS,Female,>70,1,0,249
11879,THE CITY OF NORWOOD PAYNEHAM AND ST PETERS,Female,>70,1,1,3
11880,THE CITY OF NORWOOD PAYNEHAM AND ST PETERS,Female,>70,1,2,1
11881,THE CITY OF NORWOOD PAYNEHAM AND ST PETERS,Female,>70,2,0,36
11882,THE CITY OF NORWOOD PAYNEHAM AND ST PETERS,Female,>70,2,1,1
11883,THE CITY OF NORWOOD PAYNEHAM AND ST PETERS,Female,16-20,0,1,2
11884,THE CITY OF NORWOOD PAYNEHAM AND ST PETERS,Female,16-20,0,2,2
11885,THE CITY OF NORWOOD PAYNEHAM AND ST PETERS,Female,16-20,0,3,1
11886,THE CITY OF NORWOOD PAYNEHAM AND ST PETERS,Female,16-20,1,0,1
11887,THE CITY OF NORWOOD PAYNEHAM AND ST PETERS,Female,16-20,1,1,1
11888,THE CITY OF NORWOOD PAYNEHAM AND ST PETERS,Female,16-20,2,0,1
11889,THE CITY OF NORWOOD PAYNEHAM AND ST PETERS,Female,21-25,0,1,39
11890,THE CITY OF NORWOOD PAYNEHAM AND ST PETERS,Female,21-25,0,2,3
11891,THE CITY OF NORWOOD PAYNEHAM AND ST PETERS,Female,21-25,1,0,46
11892,THE CITY OF NORWOOD PAYNEHAM AND ST PETERS,Female,21-25,1,1,2
11893,THE CITY OF NORWOOD PAYNEHAM AND ST PETERS,Female,21-25,1,2,1
11894,THE CITY OF NORWOOD PAYNEHAM AND ST PETERS,Female,21-25,2,0,6
11895,THE CITY OF NORWOOD PAYNEHAM AND ST PETERS,Female,21-25,3,3,1
11896,THE CITY OF NORWOOD PAYNEHAM AND ST PETERS,Female,26-30,0,1,51
11897,THE CITY OF NORWOOD PAYNEHAM AND ST PETERS,Female,26-30,0,2,13
11898,THE CITY OF NORWOOD PAYNEHAM AND ST PETERS,Female,26-30,0,3,2
11899,THE CITY OF NORWOOD PAYNEHAM AND ST PETERS,Female,26-30,1,0,95
11900,THE CITY OF NORWOOD PAYNEHAM AND ST PETERS,Female,26-30,1,1,2
11901,THE CITY OF NORWOOD PAYNEHAM AND ST PETERS,Female,26-30,1,2,1
11902,THE CITY OF NORWOOD PAYNEHAM AND ST PETERS,Female,26-30,2,0,7
11903,THE CITY OF NORWOOD PAYNEHAM AND ST PETERS,Female,26-30,2,1,1
11904,THE CITY OF NORWOOD PAYNEHAM AND ST PETERS,Female,26-30,4,0,1
11905,THE CITY OF NORWOOD PAYNEHAM AND ST PETERS,Female,31-35,0,1,42
11906,THE CITY OF NORWOOD PAYNEHAM AND ST PETERS,Female,31-35,0,2,10
11907,THE CITY OF NORWOOD PAYNEHAM AND ST PETERS,Female,31-35,1,0,150
11908,THE CITY OF NORWOOD PAYNEHAM AND ST PETERS,Female,31-35,1,1,5
11909,THE CITY OF NORWOOD PAYNEHAM AND ST PETERS,Female,31-35,1,2,1
11910,THE CITY OF NORWOOD PAYNEHAM AND ST PETERS,Female,31-35,1,3,2
11911,THE CITY OF NORWOOD PAYNEHAM AND ST PETERS,Female,31-35,2,0,22
11912,THE CITY OF NORWOOD PAYNEHAM AND ST PETERS,Female,31-35,2,1,2
11913,THE CITY OF NORWOOD PAYNEHAM AND ST PETERS,Female,31-35,3,0,2
11914,THE CITY OF NORWOOD PAYNEHAM AND ST PETERS,Female,31-35,4,0,2
11915,THE CITY OF NORWOOD PAYNEHAM AND ST PETERS,Female,36-40,0,1,35
11916,THE CITY OF NORWOOD PAYNEHAM AND ST PETERS,Female,36-40,0,2,13
11917,THE CITY OF NORWOOD PAYNEHAM AND ST PETERS,Female,36-40,0,4,1
11918,THE CITY OF NORWOOD PAYNEHAM AND ST PETERS,Female,36-40,1,0,176
11919,THE CITY OF NORWOOD PAYNEHAM AND ST PETERS,Female,36-40,1,1,3
11920,THE CITY OF NORWOOD PAYNEHAM AND ST PETERS,Female,36-40,1,2,3
11921,THE CITY OF NORWOOD PAYNEHAM AND ST PETERS,Female,36-40,1,3,1
11922,THE CITY OF NORWOOD PAYNEHAM AND ST PETERS,Female,36-40,2,0,24
11923,THE CITY OF NORWOOD PAYNEHAM AND ST PETERS,Female,36-40,2,1,2
11924,THE CITY OF NORWOOD PAYNEHAM AND ST PETERS,Female,41-45,0,1,31
11925,THE CITY OF NORWOOD PAYNEHAM AND ST PETERS,Female,41-45,0,2,5
11926,THE CITY OF NORWOOD PAYNEHAM AND ST PETERS,Female,41-45,1,0,172
11927,THE CITY OF NORWOOD PAYNEHAM AND ST PETERS,Female,41-45,1,1,9
11928,THE CITY OF NORWOOD PAYNEHAM AND ST PETERS,Female,41-45,1,2,1
11929,THE CITY OF NORWOOD PAYNEHAM AND ST PETERS,Female,41-45,2,0,24
11930,THE CITY OF NORWOOD PAYNEHAM AND ST PETERS,Female,41-45,2,1,1
11931,THE CITY OF NORWOOD PAYNEHAM AND ST PETERS,Female,41-45,5,0,1
11932,THE CITY OF NORWOOD PAYNEHAM AND ST PETERS,Female,46-50,0,1,27
11933,THE CITY OF NORWOOD PAYNEHAM AND ST PETERS,Female,46-50,0,2,12
11934,THE CITY OF NORWOOD PAYNEHAM AND ST PETERS,Female,46-50,0,3,1
11935,THE CITY OF NORWOOD PAYNEHAM AND ST PETERS,Female,46-50,1,0,229
11936,THE CITY OF NORWOOD PAYNEHAM AND ST PETERS,Female,46-50,1,1,11
11937,THE CITY OF NORWOOD PAYNEHAM AND ST PETERS,Female,46-50,1,2,6
11938,THE CITY OF NORWOOD PAYNEHAM AND ST PETERS,Female,46-50,1,3,1
11939,THE CITY OF NORWOOD PAYNEHAM AND ST PETERS,Female,46-50,2,0,35
11940,THE CITY OF NORWOOD PAYNEHAM AND ST PETERS,Female,46-50,2,1,2
11941,THE CITY OF NORWOOD PAYNEHAM AND ST PETERS,Female,46-50,3,0,1
11942,THE CITY OF NORWOOD PAYNEHAM AND ST PETERS,Female,46-50,3,2,1
11943,THE CITY OF NORWOOD PAYNEHAM AND ST PETERS,Female,51-55,0,1,35
11944,THE CITY OF NORWOOD PAYNEHAM AND ST PETERS,Female,51-55,0,2,18
11945,THE CITY OF NORWOOD PAYNEHAM AND ST PETERS,Female,51-55,0,3,1
11946,THE CITY OF NORWOOD PAYNEHAM AND ST PETERS,Female,51-55,1,0,251
11947,THE CITY OF NORWOOD PAYNEHAM AND ST PETERS,Female,51-55,1,1,12
11948,THE CITY OF NORWOOD PAYNEHAM AND ST PETERS,Female,51-55,1,2,5
11949,THE CITY OF NORWOOD PAYNEHAM AND ST PETERS,Female,51-55,2,0,63
11950,THE CITY OF NORWOOD PAYNEHAM AND ST PETERS,Female,51-55,2,1,1
11951,THE CITY OF NORWOOD PAYNEHAM AND ST PETERS,Female,51-55,3,0,1
11952,THE CITY OF NORWOOD PAYNEHAM AND ST PETERS,Female,51-55,3,1,1
11953,THE CITY OF NORWOOD PAYNEHAM AND ST PETERS,Female,51-55,4,0,1
11954,THE CITY OF NORWOOD PAYNEHAM AND ST PETERS,Female,56-60,0,1,37
11955,THE CITY OF NORWOOD PAYNEHAM AND ST PETERS,Female,56-60,0,2,7
11956,THE CITY OF NORWOOD PAYNEHAM AND ST PETERS,Female,56-60,0,5,1
11957,THE CITY OF NORWOOD PAYNEHAM AND ST PETERS,Female,56-60,1,0,237
11958,THE CITY OF NORWOOD PAYNEHAM AND ST PETERS,Female,56-60,1,1,4
11959,THE CITY OF NORWOOD PAYNEHAM AND ST PETERS,Female,56-60,1,2,5
11960,THE CITY OF NORWOOD PAYNEHAM AND ST PETERS,Female,56-60,2,0,43
11961,THE CITY OF NORWOOD PAYNEHAM AND ST PETERS,Female,56-60,2,1,4
11962,THE CITY OF NORWOOD PAYNEHAM AND ST PETERS,Female,56-60,3,0,2
11963,THE CITY OF NORWOOD PAYNEHAM AND ST PETERS,Female,61-65,0,>5,1
11964,THE CITY OF NORWOOD PAYNEHAM AND ST PETERS,Female,61-65,0,1,19
11965,THE CITY OF NORWOOD PAYNEHAM AND ST PETERS,Female,61-65,0,2,7
11966,THE CITY OF NORWOOD PAYNEHAM AND ST PETERS,Female,61-65,0,3,2
11967,THE CITY OF NORWOOD PAYNEHAM AND ST PETERS,Female,61-65,1,0,199
11968,THE CITY OF NORWOOD PAYNEHAM AND ST PETERS,Female,61-65,1,1,9
11969,THE CITY OF NORWOOD PAYNEHAM AND ST PETERS,Female,61-65,2,0,37
11970,THE CITY OF NORWOOD PAYNEHAM AND ST PETERS,Female,61-65,3,0,4
11971,THE CITY OF NORWOOD PAYNEHAM AND ST PETERS,Female,66-70,0,>5,1
11972,THE CITY OF NORWOOD PAYNEHAM AND ST PETERS,Female,66-70,0,1,18
11973,THE CITY OF NORWOOD PAYNEHAM AND ST PETERS,Female,66-70,0,2,4
11974,THE CITY OF NORWOOD PAYNEHAM AND ST PETERS,Female,66-70,0,3,2
11975,THE CITY OF NORWOOD PAYNEHAM AND ST PETERS,Female,66-70,1,0,134
11976,THE CITY OF NORWOOD PAYNEHAM AND ST PETERS,Female,66-70,1,1,5
11977,THE CITY OF NORWOOD PAYNEHAM AND ST PETERS,Female,66-70,2,0,17
11978,THE CITY OF NORWOOD PAYNEHAM AND ST PETERS,Female,66-70,3,0,1
11979,THE CITY OF NORWOOD PAYNEHAM AND ST PETERS,Female,66-70,5,0,1
11980,THE CITY OF NORWOOD PAYNEHAM AND ST PETERS,Female,Unknown,0,1,7
11981,THE CITY OF NORWOOD PAYNEHAM AND ST PETERS,Female,Unknown,0,2,3
11982,THE CITY OF NORWOOD PAYNEHAM AND ST PETERS,Female,Unknown,1,0,9
11983,THE CITY OF NORWOOD PAYNEHAM AND ST PETERS,Female,Unknown,2,0,2
11984,THE CITY OF NORWOOD PAYNEHAM AND ST PETERS,Male,>70,0,1,14
11985,THE CITY OF NORWOOD PAYNEHAM AND ST PETERS,Male,>70,0,2,2
11986,THE CITY OF NORWOOD PAYNEHAM AND ST PETERS,Male,>70,1,0,135
11987,THE CITY OF NORWOOD PAYNEHAM AND ST PETERS,Male,>70,1,1,3
11988,THE CITY OF NORWOOD PAYNEHAM AND ST PETERS,Male,>70,2,0,12
11989,THE CITY OF NORWOOD PAYNEHAM AND ST PETERS,Male,>70,3,0,2
11990,THE CITY OF NORWOOD PAYNEHAM AND ST PETERS,Male,16-20,0,1,1
11991,THE CITY OF NORWOOD PAYNEHAM AND ST PETERS,Male,16-20,1,0,1
11992,THE CITY OF NORWOOD PAYNEHAM AND ST PETERS,Male,21-25,0,1,14
11993,THE CITY OF NORWOOD PAYNEHAM AND ST PETERS,Male,21-25,1,0,24
11994,THE CITY OF NORWOOD PAYNEHAM AND ST PETERS,Male,21-25,2,0,1
11995,THE CITY OF NORWOOD PAYNEHAM AND ST PETERS,Male,26-30,0,1,19
11996,THE CITY OF NORWOOD PAYNEHAM AND ST PETERS,Male,26-30,0,2,2
11997,THE CITY OF NORWOOD PAYNEHAM AND ST PETERS,Male,26-30,1,0,58
11998,THE CITY OF NORWOOD PAYNEHAM AND ST PETERS,Male,26-30,1,1,4
11999,THE CITY OF NORWOOD PAYNEHAM AND ST PETERS,Male,26-30,2,0,7
12000,THE CITY OF NORWOOD PAYNEHAM AND ST PETERS,Male,31-35,0,1,15
12001,THE CITY OF NORWOOD PAYNEHAM AND ST PETERS,Male,31-35,0,2,2
12002,THE CITY OF NORWOOD PAYNEHAM AND ST PETERS,Male,31-35,1,0,84
12003,THE CITY OF NORWOOD PAYNEHAM AND ST PETERS,Male,31-35,1,2,1
12004,THE CITY OF NORWOOD PAYNEHAM AND ST PETERS,Male,31-35,2,0,8
12005,THE CITY OF NORWOOD PAYNEHAM AND ST PETERS,Male,31-35,3,0,1
12006,THE CITY OF NORWOOD PAYNEHAM AND ST PETERS,Male,36-40,0,1,18
12007,THE CITY OF NORWOOD PAYNEHAM AND ST PETERS,Male,36-40,0,2,3
12008,THE CITY OF NORWOOD PAYNEHAM AND ST PETERS,Male,36-40,1,0,119
12009,THE CITY OF NORWOOD PAYNEHAM AND ST PETERS,Male,36-40,1,1,4
12010,THE CITY OF NORWOOD PAYNEHAM AND ST PETERS,Male,36-40,1,2,1
12011,THE CITY OF NORWOOD PAYNEHAM AND ST PETERS,Male,36-40,2,0,13
12012,THE CITY OF NORWOOD PAYNEHAM AND ST PETERS,Male,36-40,3,0,1
12013,THE CITY OF NORWOOD PAYNEHAM AND ST PETERS,Male,41-45,0,1,10
12014,THE CITY OF NORWOOD PAYNEHAM AND ST PETERS,Male,41-45,0,2,1
12015,THE CITY OF NORWOOD PAYNEHAM AND ST PETERS,Male,41-45,1,0,96
12016,THE CITY OF NORWOOD PAYNEHAM AND ST PETERS,Male,41-45,1,1,2
12017,THE CITY OF NORWOOD PAYNEHAM AND ST PETERS,Male,41-45,2,0,10
12018,THE CITY OF NORWOOD PAYNEHAM AND ST PETERS,Male,41-45,2,1,1
12019,THE CITY OF NORWOOD PAYNEHAM AND ST PETERS,Male,46-50,0,1,7
12020,THE CITY OF NORWOOD PAYNEHAM AND ST PETERS,Male,46-50,0,2,3
12021,THE CITY OF NORWOOD PAYNEHAM AND ST PETERS,Male,46-50,1,0,97
12022,THE CITY OF NORWOOD PAYNEHAM AND ST PETERS,Male,46-50,1,1,2
12023,THE CITY OF NORWOOD PAYNEHAM AND ST PETERS,Male,46-50,2,0,15
12024,THE CITY OF NORWOOD PAYNEHAM AND ST PETERS,Male,51-55,0,1,15
12025,THE CITY OF NORWOOD PAYNEHAM AND ST PETERS,Male,51-55,0,2,2
12026,THE CITY OF NORWOOD PAYNEHAM AND ST PETERS,Male,51-55,1,0,117
12027,THE CITY OF NORWOOD PAYNEHAM AND ST PETERS,Male,51-55,1,1,3
12028,THE CITY OF NORWOOD PAYNEHAM AND ST PETERS,Male,51-55,1,2,2
12029,THE CITY OF NORWOOD PAYNEHAM AND ST PETERS,Male,51-55,1,3,1
12030,THE CITY OF NORWOOD PAYNEHAM AND ST PETERS,Male,51-55,2,0,14
12031,THE CITY OF NORWOOD PAYNEHAM AND ST PETERS,Male,51-55,3,0,1
12032,THE CITY OF NORWOOD PAYNEHAM AND ST PETERS,Male,56-60,0,1,5
12033,THE CITY OF NORWOOD PAYNEHAM AND ST PETERS,Male,56-60,0,4,1
12034,THE CITY OF NORWOOD PAYNEHAM AND ST PETERS,Male,56-60,1,0,92
12035,THE CITY OF NORWOOD PAYNEHAM AND ST PETERS,Male,56-60,1,1,1
12036,THE CITY OF NORWOOD PAYNEHAM AND ST PETERS,Male,56-60,1,2,1
12037,THE CITY OF NORWOOD PAYNEHAM AND ST PETERS,Male,56-60,2,0,17
12038,THE CITY OF NORWOOD PAYNEHAM AND ST PETERS,Male,61-65,>5,0,1
12039,THE CITY OF NORWOOD PAYNEHAM AND ST PETERS,Male,61-65,0,1,10
12040,THE CITY OF NORWOOD PAYNEHAM AND ST PETERS,Male,61-65,0,2,2
12041,THE CITY OF NORWOOD PAYNEHAM AND ST PETERS,Male,61-65,1,0,104
12042,THE CITY OF NORWOOD PAYNEHAM AND ST PETERS,Male,61-65,1,1,7
12043,THE CITY OF NORWOOD PAYNEHAM AND ST PETERS,Male,61-65,1,2,1
12044,THE CITY OF NORWOOD PAYNEHAM AND ST PETERS,Male,61-65,1,3,1
12045,THE CITY OF NORWOOD PAYNEHAM AND ST PETERS,Male,61-65,2,0,13
12046,THE CITY OF NORWOOD PAYNEHAM AND ST PETERS,Male,61-65,2,1,1
12047,THE CITY OF NORWOOD PAYNEHAM AND ST PETERS,Male,61-65,3,0,1
12048,THE CITY OF NORWOOD PAYNEHAM AND ST PETERS,Male,66-70,0,1,6
12049,THE CITY OF NORWOOD PAYNEHAM AND ST PETERS,Male,66-70,0,2,1
12050,THE CITY OF NORWOOD PAYNEHAM AND ST PETERS,Male,66-70,1,0,66
12051,THE CITY OF NORWOOD PAYNEHAM AND ST PETERS,Male,66-70,1,1,1
12052,THE CITY OF NORWOOD PAYNEHAM AND ST PETERS,Male,66-70,2,0,9
12053,THE CITY OF NORWOOD PAYNEHAM AND ST PETERS,Male,Unknown,0,1,5
12054,THE CITY OF NORWOOD PAYNEHAM AND ST PETERS,Male,Unknown,1,0,8
12055,THE CITY OF NORWOOD PAYNEHAM AND ST PETERS,Other,>70,1,0,1
12056,THE CITY OF NORWOOD PAYNEHAM AND ST PETERS,Other,>70,2,0,1
12057,THE CITY OF NORWOOD PAYNEHAM AND ST PETERS,Other,21-25,1,0,1
12058,THE CITY OF NORWOOD PAYNEHAM AND ST PETERS,Other,26-30,0,2,1
12059,THE CITY OF NORWOOD PAYNEHAM AND ST PETERS,Other,26-30,1,0,2
12060,THE CITY OF NORWOOD PAYNEHAM AND ST PETERS,Other,31-35,0,1,1
12061,THE CITY OF NORWOOD PAYNEHAM AND ST PETERS,Other,31-35,1,0,1
12062,THE CITY OF NORWOOD PAYNEHAM AND ST PETERS,Other,31-35,2,0,1
12063,THE CITY OF NORWOOD PAYNEHAM AND ST PETERS,Other,36-40,0,2,1
12064,THE CITY OF NORWOOD PAYNEHAM AND ST PETERS,Other,36-40,1,0,3
12065,THE CITY OF NORWOOD PAYNEHAM AND ST PETERS,Other,41-45,1,0,2
12066,THE CITY OF NORWOOD PAYNEHAM AND ST PETERS,Other,41-45,1,1,1
12067,THE CITY OF NORWOOD PAYNEHAM AND ST PETERS,Other,46-50,1,0,1
12068,THE CITY OF NORWOOD PAYNEHAM AND ST PETERS,Other,46-50,2,0,1
12069,THE CITY OF NORWOOD PAYNEHAM AND ST PETERS,Other,51-55,1,0,4
12070,THE CITY OF NORWOOD PAYNEHAM AND ST PETERS,Other,56-60,1,0,1
12071,THE CITY OF NORWOOD PAYNEHAM AND ST PETERS,Other,61-65,1,0,4
12072,THE CITY OF NORWOOD PAYNEHAM AND ST PETERS,SUPPRESSED,Unknown,1,0,12
12073,THE CITY OF NORWOOD PAYNEHAM AND ST PETERS,SUPPRESSED,Unknown,2,0,2
12074,THE CITY OF NORWOOD PAYNEHAM AND ST PETERS,Unknown,26-30,1,0,1
12075,THE CITY OF NORWOOD PAYNEHAM AND ST PETERS,Unknown,56-60,0,2,1
12076,THE CITY OF NORWOOD PAYNEHAM AND ST PETERS,Unknown,56-60,1,0,1
12077,THE CITY OF NORWOOD PAYNEHAM AND ST PETERS,Unknown,Unknown,0,1,21
12078,THE CITY OF NORWOOD PAYNEHAM AND ST PETERS,Unknown,Unknown,0,2,2
12079,THE CITY OF NORWOOD PAYNEHAM AND ST PETERS,Unknown,Unknown,1,0,7
12080,THE CORPORATION OF THE CITY OF WHYALLA,Female,>70,0,1,60
12081,THE CORPORATION OF THE CITY OF WHYALLA,Female,>70,0,2,13
12082,THE CORPORATION OF THE CITY OF WHYALLA,Female,>70,0,3,3
12083,THE CORPORATION OF THE CITY OF WHYALLA,Female,>70,0,5,1
12084,THE CORPORATION OF THE CITY OF WHYALLA,Female,>70,1,0,168
12085,THE CORPORATION OF THE CITY OF WHYALLA,Female,>70,1,1,17
12086,THE CORPORATION OF THE CITY OF WHYALLA,Female,>70,1,2,2
12087,THE CORPORATION OF THE CITY OF WHYALLA,Female,>70,1,3,1
12088,THE CORPORATION OF THE CITY OF WHYALLA,Female,>70,2,0,30
12089,THE CORPORATION OF THE CITY OF WHYALLA,Female,>70,2,1,5
12090,THE CORPORATION OF THE CITY OF WHYALLA,Female,>70,2,4,1
12091,THE CORPORATION OF THE CITY OF WHYALLA,Female,>70,3,0,1
12092,THE CORPORATION OF THE CITY OF WHYALLA,Female,16-20,0,1,19
12093,THE CORPORATION OF THE CITY OF WHYALLA,Female,16-20,1,0,30
12094,THE CORPORATION OF THE CITY OF WHYALLA,Female,16-20,1,1,1
12095,THE CORPORATION OF THE CITY OF WHYALLA,Female,16-20,2,0,1
12096,THE CORPORATION OF THE CITY OF WHYALLA,Female,21-25,0,1,43
12097,THE CORPORATION OF THE CITY OF WHYALLA,Female,21-25,0,2,13
12098,THE CORPORATION OF THE CITY OF WHYALLA,Female,21-25,0,3,1
12099,THE CORPORATION OF THE CITY OF WHYALLA,Female,21-25,0,4,2
12100,THE CORPORATION OF THE CITY OF WHYALLA,Female,21-25,1,0,99
12101,THE CORPORATION OF THE CITY OF WHYALLA,Female,21-25,1,1,10
12102,THE CORPORATION OF THE CITY OF WHYALLA,Female,21-25,1,2,4
12103,THE CORPORATION OF THE CITY OF WHYALLA,Female,21-25,2,0,24
12104,THE CORPORATION OF THE CITY OF WHYALLA,Female,21-25,2,1,2
12105,THE CORPORATION OF THE CITY OF WHYALLA,Female,21-25,3,0,4
12106,THE CORPORATION OF THE CITY OF WHYALLA,Female,21-25,3,2,1
12107,THE CORPORATION OF THE CITY OF WHYALLA,Female,26-30,0,1,35
12108,THE CORPORATION OF THE CITY OF WHYALLA,Female,26-30,0,2,17
12109,THE CORPORATION OF THE CITY OF WHYALLA,Female,26-30,0,3,3
12110,THE CORPORATION OF THE CITY OF WHYALLA,Female,26-30,0,4,1
12111,THE CORPORATION OF THE CITY OF WHYALLA,Female,26-30,1,0,127
12112,THE CORPORATION OF THE CITY OF WHYALLA,Female,26-30,1,1,13
12113,THE CORPORATION OF THE CITY OF WHYALLA,Female,26-30,1,2,5
12114,THE CORPORATION OF THE CITY OF WHYALLA,Female,26-30,1,3,2
12115,THE CORPORATION OF THE CITY OF WHYALLA,Female,26-30,1,4,1
12116,THE CORPORATION OF THE CITY OF WHYALLA,Female,26-30,2,0,48
12117,THE CORPORATION OF THE CITY OF WHYALLA,Female,26-30,2,1,9
12118,THE CORPORATION OF THE CITY OF WHYALLA,Female,26-30,2,2,2
12119,THE CORPORATION OF THE CITY OF WHYALLA,Female,26-30,2,3,1
12120,THE CORPORATION OF THE CITY OF WHYALLA,Female,26-30,3,0,6
12121,THE CORPORATION OF THE CITY OF WHYALLA,Female,26-30,3,1,3
12122,THE CORPORATION OF THE CITY OF WHYALLA,Female,26-30,3,2,1
12123,THE CORPORATION OF THE CITY OF WHYALLA,Female,31-35,0,>5,1
12124,THE CORPORATION OF THE CITY OF WHYALLA,Female,31-35,0,1,39
12125,THE CORPORATION OF THE CITY OF WHYALLA,Female,31-35,0,2,8
12126,THE CORPORATION OF THE CITY OF WHYALLA,Female,31-35,0,3,2
12127,THE CORPORATION OF THE CITY OF WHYALLA,Female,31-35,0,5,1
12128,THE CORPORATION OF THE CITY OF WHYALLA,Female,31-35,1,0,146
12129,THE CORPORATION OF THE CITY OF WHYALLA,Female,31-35,1,1,20
12130,THE CORPORATION OF THE CITY OF WHYALLA,Female,31-35,1,2,5
12131,THE CORPORATION OF THE CITY OF WHYALLA,Female,31-35,1,3,4
12132,THE CORPORATION OF THE CITY OF WHYALLA,Female,31-35,2,0,35
12133,THE CORPORATION OF THE CITY OF WHYALLA,Female,31-35,2,1,7
12134,THE CORPORATION OF THE CITY OF WHYALLA,Female,31-35,2,2,4
12135,THE CORPORATION OF THE CITY OF WHYALLA,Female,31-35,2,3,1
12136,THE CORPORATION OF THE CITY OF WHYALLA,Female,31-35,3,0,4
12137,THE CORPORATION OF THE CITY OF WHYALLA,Female,31-35,3,3,1
12138,THE CORPORATION OF THE CITY OF WHYALLA,Female,31-35,4,0,1
12139,THE CORPORATION OF THE CITY OF WHYALLA,Female,31-35,4,3,1
12140,THE CORPORATION OF THE CITY OF WHYALLA,Female,36-40,0,1,31
12141,THE CORPORATION OF THE CITY OF WHYALLA,Female,36-40,0,2,14
12142,THE CORPORATION OF THE CITY OF WHYALLA,Female,36-40,0,4,1
12143,THE CORPORATION OF THE CITY OF WHYALLA,Female,36-40,1,0,158
12144,THE CORPORATION OF THE CITY OF WHYALLA,Female,36-40,1,1,22
12145,THE CORPORATION OF THE CITY OF WHYALLA,Female,36-40,1,2,10
12146,THE CORPORATION OF THE CITY OF WHYALLA,Female,36-40,2,0,44
12147,THE CORPORATION OF THE CITY OF WHYALLA,Female,36-40,2,1,11
12148,THE CORPORATION OF THE CITY OF WHYALLA,Female,36-40,2,2,3
12149,THE CORPORATION OF THE CITY OF WHYALLA,Female,36-40,2,4,1
12150,THE CORPORATION OF THE CITY OF WHYALLA,Female,36-40,3,0,10
12151,THE CORPORATION OF THE CITY OF WHYALLA,Female,36-40,4,0,1
12152,THE CORPORATION OF THE CITY OF WHYALLA,Female,36-40,4,1,1
12153,THE CORPORATION OF THE CITY OF WHYALLA,Female,36-40,5,0,2
12154,THE CORPORATION OF THE CITY OF WHYALLA,Female,41-45,0,1,29
12155,THE CORPORATION OF THE CITY OF WHYALLA,Female,41-45,0,2,5
12156,THE CORPORATION OF THE CITY OF WHYALLA,Female,41-45,0,3,2
12157,THE CORPORATION OF THE CITY OF WHYALLA,Female,41-45,0,4,2
12158,THE CORPORATION OF THE CITY OF WHYALLA,Female,41-45,1,0,129
12159,THE CORPORATION OF THE CITY OF WHYALLA,Female,41-45,1,1,17
12160,THE CORPORATION OF THE CITY OF WHYALLA,Female,41-45,1,2,7
12161,THE CORPORATION OF THE CITY OF WHYALLA,Female,41-45,1,3,1
12162,THE CORPORATION OF THE CITY OF WHYALLA,Female,41-45,2,>5,1
12163,THE CORPORATION OF THE CITY OF WHYALLA,Female,41-45,2,0,40
12164,THE CORPORATION OF THE CITY OF WHYALLA,Female,41-45,2,1,7
12165,THE CORPORATION OF THE CITY OF WHYALLA,Female,41-45,2,2,4
12166,THE CORPORATION OF THE CITY OF WHYALLA,Female,41-45,2,3,2
12167,THE CORPORATION OF THE CITY OF WHYALLA,Female,41-45,3,0,5
12168,THE CORPORATION OF THE CITY OF WHYALLA,Female,41-45,3,1,3
12169,THE CORPORATION OF THE CITY OF WHYALLA,Female,41-45,3,2,1
12170,THE CORPORATION OF THE CITY OF WHYALLA,Female,46-50,0,1,33
12171,THE CORPORATION OF THE CITY OF WHYALLA,Female,46-50,0,2,10
12172,THE CORPORATION OF THE CITY OF WHYALLA,Female,46-50,0,3,1
12173,THE CORPORATION OF THE CITY OF WHYALLA,Female,46-50,0,5,1
12174,THE CORPORATION OF THE CITY OF WHYALLA,Female,46-50,1,0,128
12175,THE CORPORATION OF THE CITY OF WHYALLA,Female,46-50,1,1,14
12176,THE CORPORATION OF THE CITY OF WHYALLA,Female,46-50,1,2,8
12177,THE CORPORATION OF THE CITY OF WHYALLA,Female,46-50,1,3,2
12178,THE CORPORATION OF THE CITY OF WHYALLA,Female,46-50,1,4,1
12179,THE CORPORATION OF THE CITY OF WHYALLA,Female,46-50,1,5,1
12180,THE CORPORATION OF THE CITY OF WHYALLA,Female,46-50,2,>5,1
12181,THE CORPORATION OF THE CITY OF WHYALLA,Female,46-50,2,0,45
12182,THE CORPORATION OF THE CITY OF WHYALLA,Female,46-50,2,1,5
12183,THE CORPORATION OF THE CITY OF WHYALLA,Female,46-50,2,2,4
12184,THE CORPORATION OF THE CITY OF WHYALLA,Female,46-50,2,3,3
12185,THE CORPORATION OF THE CITY OF WHYALLA,Female,46-50,3,0,5
12186,THE CORPORATION OF THE CITY OF WHYALLA,Female,46-50,3,1,2
12187,THE CORPORATION OF THE CITY OF WHYALLA,Female,46-50,4,0,2
12188,THE CORPORATION OF THE CITY OF WHYALLA,Female,51-55,0,1,30
12189,THE CORPORATION OF THE CITY OF WHYALLA,Female,51-55,0,2,11
12190,THE CORPORATION OF THE CITY OF WHYALLA,Female,51-55,0,3,2
12191,THE CORPORATION OF THE CITY OF WHYALLA,Female,51-55,0,4,2
12192,THE CORPORATION OF THE CITY OF WHYALLA,Female,51-55,0,5,1
12193,THE CORPORATION OF THE CITY OF WHYALLA,Female,51-55,1,0,173
12194,THE CORPORATION OF THE CITY OF WHYALLA,Female,51-55,1,1,15
12195,THE CORPORATION OF THE CITY OF WHYALLA,Female,51-55,1,2,15
12196,THE CORPORATION OF THE CITY OF WHYALLA,Female,51-55,1,3,2
12197,THE CORPORATION OF THE CITY OF WHYALLA,Female,51-55,2,0,50
12198,THE CORPORATION OF THE CITY OF WHYALLA,Female,51-55,2,1,15
12199,THE CORPORATION OF THE CITY OF WHYALLA,Female,51-55,2,2,3
12200,THE CORPORATION OF THE CITY OF WHYALLA,Female,51-55,2,3,4
12201,THE CORPORATION OF THE CITY OF WHYALLA,Female,51-55,2,4,3
12202,THE CORPORATION OF THE CITY OF WHYALLA,Female,51-55,3,0,8
12203,THE CORPORATION OF THE CITY OF WHYALLA,Female,51-55,3,2,1
12204,THE CORPORATION OF THE CITY OF WHYALLA,Female,51-55,3,3,1
12205,THE CORPORATION OF THE CITY OF WHYALLA,Female,51-55,3,5,1
12206,THE CORPORATION OF THE CITY OF WHYALLA,Female,51-55,4,0,3
12207,THE CORPORATION OF THE CITY OF WHYALLA,Female,51-55,5,>5,1
12208,THE CORPORATION OF THE CITY OF WHYALLA,Female,56-60,>5,0,1
12209,THE CORPORATION OF THE CITY OF WHYALLA,Female,56-60,0,>5,1
12210,THE CORPORATION OF THE CITY OF WHYALLA,Female,56-60,0,1,33
12211,THE CORPORATION OF THE CITY OF WHYALLA,Female,56-60,0,2,21
12212,THE CORPORATION OF THE CITY OF WHYALLA,Female,56-60,0,3,5
12213,THE CORPORATION OF THE CITY OF WHYALLA,Female,56-60,0,4,2
12214,THE CORPORATION OF THE CITY OF WHYALLA,Female,56-60,0,5,1
12215,THE CORPORATION OF THE CITY OF WHYALLA,Female,56-60,1,0,147
12216,THE CORPORATION OF THE CITY OF WHYALLA,Female,56-60,1,1,30
12217,THE CORPORATION OF THE CITY OF WHYALLA,Female,56-60,1,2,4
12218,THE CORPORATION OF THE CITY OF WHYALLA,Female,56-60,1,3,2
12219,THE CORPORATION OF THE CITY OF WHYALLA,Female,56-60,2,0,41
12220,THE CORPORATION OF THE CITY OF WHYALLA,Female,56-60,2,1,3
12221,THE CORPORATION OF THE CITY OF WHYALLA,Female,56-60,2,2,2
12222,THE CORPORATION OF THE CITY OF WHYALLA,Female,56-60,3,0,8
12223,THE CORPORATION OF THE CITY OF WHYALLA,Female,56-60,3,1,1
12224,THE CORPORATION OF THE CITY OF WHYALLA,Female,56-60,4,0,1
12225,THE CORPORATION OF THE CITY OF WHYALLA,Female,61-65,0,1,22
12226,THE CORPORATION OF THE CITY OF WHYALLA,Female,61-65,0,2,16
12227,THE CORPORATION OF THE CITY OF WHYALLA,Female,61-65,0,3,3
12228,THE CORPORATION OF THE CITY OF WHYALLA,Female,61-65,1,0,133
12229,THE CORPORATION OF THE CITY OF WHYALLA,Female,61-65,1,1,15
12230,THE CORPORATION OF THE CITY OF WHYALLA,Female,61-65,1,2,4
12231,THE CORPORATION OF THE CITY OF WHYALLA,Female,61-65,1,5,1
12232,THE CORPORATION OF THE CITY OF WHYALLA,Female,61-65,2,0,41
12233,THE CORPORATION OF THE CITY OF WHYALLA,Female,61-65,2,1,7
12234,THE CORPORATION OF THE CITY OF WHYALLA,Female,61-65,2,2,4
12235,THE CORPORATION OF THE CITY OF WHYALLA,Female,61-65,2,3,1
12236,THE CORPORATION OF THE CITY OF WHYALLA,Female,61-65,3,0,6
12237,THE CORPORATION OF THE CITY OF WHYALLA,Female,61-65,3,1,1
12238,THE CORPORATION OF THE CITY OF WHYALLA,Female,66-70,>5,1,1
12239,THE CORPORATION OF THE CITY OF WHYALLA,Female,66-70,0,1,15
12240,THE CORPORATION OF THE CITY OF WHYALLA,Female,66-70,0,2,16
12241,THE CORPORATION OF THE CITY OF WHYALLA,Female,66-70,0,3,2
12242,THE CORPORATION OF THE CITY OF WHYALLA,Female,66-70,1,0,97
12243,THE CORPORATION OF THE CITY OF WHYALLA,Female,66-70,1,1,4
12244,THE CORPORATION OF THE CITY OF WHYALLA,Female,66-70,1,3,1
12245,THE CORPORATION OF THE CITY OF WHYALLA,Female,66-70,2,0,29
12246,THE CORPORATION OF THE CITY OF WHYALLA,Female,66-70,2,1,1
12247,THE CORPORATION OF THE CITY OF WHYALLA,Female,66-70,2,3,1
12248,THE CORPORATION OF THE CITY OF WHYALLA,Female,66-70,3,0,5
12249,THE CORPORATION OF THE CITY OF WHYALLA,Female,Unknown,0,1,2
12250,THE CORPORATION OF THE CITY OF WHYALLA,Female,Unknown,0,2,1
12251,THE CORPORATION OF THE CITY OF WHYALLA,Female,Unknown,1,0,3
12252,THE CORPORATION OF THE CITY OF WHYALLA,Male,>70,0,1,27
12253,THE CORPORATION OF THE CITY OF WHYALLA,Male,>70,0,2,4
12254,THE CORPORATION OF THE CITY OF WHYALLA,Male,>70,0,3,1
12255,THE CORPORATION OF THE CITY OF WHYALLA,Male,>70,1,0,140
12256,THE CORPORATION OF THE CITY OF WHYALLA,Male,>70,1,1,6
12257,THE CORPORATION OF THE CITY OF WHYALLA,Male,>70,1,2,2
12258,THE CORPORATION OF THE CITY OF WHYALLA,Male,>70,1,3,1
12259,THE CORPORATION OF THE CITY OF WHYALLA,Male,>70,2,0,23
12260,THE CORPORATION OF THE CITY OF WHYALLA,Male,>70,3,2,1
12261,THE CORPORATION OF THE CITY OF WHYALLA,Male,>70,4,2,1
12262,THE CORPORATION OF THE CITY OF WHYALLA,Male,16-20,0,1,3
12263,THE CORPORATION OF THE CITY OF WHYALLA,Male,16-20,0,2,1
12264,THE CORPORATION OF THE CITY OF WHYALLA,Male,16-20,1,0,3
12265,THE CORPORATION OF THE CITY OF WHYALLA,Male,21-25,0,1,13
12266,THE CORPORATION OF THE CITY OF WHYALLA,Male,21-25,0,2,2
12267,THE CORPORATION OF THE CITY OF WHYALLA,Male,21-25,1,0,59
12268,THE CORPORATION OF THE CITY OF WHYALLA,Male,21-25,2,0,5
12269,THE CORPORATION OF THE CITY OF WHYALLA,Male,21-25,2,1,1
12270,THE CORPORATION OF THE CITY OF WHYALLA,Male,26-30,0,1,14
12271,THE CORPORATION OF THE CITY OF WHYALLA,Male,26-30,0,2,3
12272,THE CORPORATION OF THE CITY OF WHYALLA,Male,26-30,1,0,109
12273,THE CORPORATION OF THE CITY OF WHYALLA,Male,26-30,1,1,6
12274,THE CORPORATION OF THE CITY OF WHYALLA,Male,26-30,1,2,1
12275,THE CORPORATION OF THE CITY OF WHYALLA,Male,26-30,2,0,17
12276,THE CORPORATION OF THE CITY OF WHYALLA,Male,26-30,2,2,2
12277,THE CORPORATION OF THE CITY OF WHYALLA,Male,26-30,3,0,3
12278,THE CORPORATION OF THE CITY OF WHYALLA,Male,31-35,0,1,23
12279,THE CORPORATION OF THE CITY OF WHYALLA,Male,31-35,0,2,3
12280,THE CORPORATION OF THE CITY OF WHYALLA,Male,31-35,1,0,108
12281,THE CORPORATION OF THE CITY OF WHYALLA,Male,31-35,1,1,5
12282,THE CORPORATION OF THE CITY OF WHYALLA,Male,31-35,1,2,2
12283,THE CORPORATION OF THE CITY OF WHYALLA,Male,31-35,2,0,28
12284,THE CORPORATION OF THE CITY OF WHYALLA,Male,31-35,2,1,1
12285,THE CORPORATION OF THE CITY OF WHYALLA,Male,31-35,2,2,1
12286,THE CORPORATION OF THE CITY OF WHYALLA,Male,31-35,3,0,2
12287,THE CORPORATION OF THE CITY OF WHYALLA,Male,36-40,0,1,20
12288,THE CORPORATION OF THE CITY OF WHYALLA,Male,36-40,0,2,2
12289,THE CORPORATION OF THE CITY OF WHYALLA,Male,36-40,0,3,1
12290,THE CORPORATION OF THE CITY OF WHYALLA,Male,36-40,0,5,1
12291,THE CORPORATION OF THE CITY OF WHYALLA,Male,36-40,1,0,99
12292,THE CORPORATION OF THE CITY OF WHYALLA,Male,36-40,1,1,7
12293,THE CORPORATION OF THE CITY OF WHYALLA,Male,36-40,1,2,2
12294,THE CORPORATION OF THE CITY OF WHYALLA,Male,36-40,2,0,27
12295,THE CORPORATION OF THE CITY OF WHYALLA,Male,36-40,2,1,2
12296,THE CORPORATION OF THE CITY OF WHYALLA,Male,36-40,4,0,1
12297,THE CORPORATION OF THE CITY OF WHYALLA,Male,41-45,0,1,11
12298,THE CORPORATION OF THE CITY OF WHYALLA,Male,41-45,0,2,3
12299,THE CORPORATION OF THE CITY OF WHYALLA,Male,41-45,1,0,86
12300,THE CORPORATION OF THE CITY OF WHYALLA,Male,41-45,1,1,3
12301,THE CORPORATION OF THE CITY OF WHYALLA,Male,41-45,2,0,28
12302,THE CORPORATION OF THE CITY OF WHYALLA,Male,41-45,3,0,2
12303,THE CORPORATION OF THE CITY OF WHYALLA,Male,41-45,4,0,1
12304,THE CORPORATION OF THE CITY OF WHYALLA,Male,46-50,0,1,11
12305,THE CORPORATION OF THE CITY OF WHYALLA,Male,46-50,0,2,4
12306,THE CORPORATION OF THE CITY OF WHYALLA,Male,46-50,0,3,1
12307,THE CORPORATION OF THE CITY OF WHYALLA,Male,46-50,0,4,1
12308,THE CORPORATION OF THE CITY OF WHYALLA,Male,46-50,1,0,90
12309,THE CORPORATION OF THE CITY OF WHYALLA,Male,46-50,1,1,1
12310,THE CORPORATION OF THE CITY OF WHYALLA,Male,46-50,1,2,1
12311,THE CORPORATION OF THE CITY OF WHYALLA,Male,46-50,2,0,17
12312,THE CORPORATION OF THE CITY OF WHYALLA,Male,46-50,2,1,6
12313,THE CORPORATION OF THE CITY OF WHYALLA,Male,46-50,2,4,1
12314,THE CORPORATION OF THE CITY OF WHYALLA,Male,46-50,3,0,2
12315,THE CORPORATION OF THE CITY OF WHYALLA,Male,46-50,4,2,1
12316,THE CORPORATION OF THE CITY OF WHYALLA,Male,51-55,>5,0,1
12317,THE CORPORATION OF THE CITY OF WHYALLA,Male,51-55,0,1,14
12318,THE CORPORATION OF THE CITY OF WHYALLA,Male,51-55,0,2,6
12319,THE CORPORATION OF THE CITY OF WHYALLA,Male,51-55,0,3,2
12320,THE CORPORATION OF THE CITY OF WHYALLA,Male,51-55,1,0,119
12321,THE CORPORATION OF THE CITY OF WHYALLA,Male,51-55,1,1,4
12322,THE CORPORATION OF THE CITY OF WHYALLA,Male,51-55,1,3,1
12323,THE CORPORATION OF THE CITY OF WHYALLA,Male,51-55,2,0,25
12324,THE CORPORATION OF THE CITY OF WHYALLA,Male,51-55,2,1,3
12325,THE CORPORATION OF THE CITY OF WHYALLA,Male,51-55,3,0,1
12326,THE CORPORATION OF THE CITY OF WHYALLA,Male,56-60,>5,0,1
12327,THE CORPORATION OF THE CITY OF WHYALLA,Male,56-60,0,1,15
12328,THE CORPORATION OF THE CITY OF WHYALLA,Male,56-60,0,2,4
12329,THE CORPORATION OF THE CITY OF WHYALLA,Male,56-60,0,3,1
12330,THE CORPORATION OF THE CITY OF WHYALLA,Male,56-60,1,0,117
12331,THE CORPORATION OF THE CITY OF WHYALLA,Male,56-60,1,1,6
12332,THE CORPORATION OF THE CITY OF WHYALLA,Male,56-60,1,2,1
12333,THE CORPORATION OF THE CITY OF WHYALLA,Male,56-60,1,4,1
12334,THE CORPORATION OF THE CITY OF WHYALLA,Male,56-60,2,0,18
12335,THE CORPORATION OF THE CITY OF WHYALLA,Male,56-60,2,1,2
12336,THE CORPORATION OF THE CITY OF WHYALLA,Male,56-60,2,4,1
12337,THE CORPORATION OF THE CITY OF WHYALLA,Male,56-60,3,0,1
12338,THE CORPORATION OF THE CITY OF WHYALLA,Male,56-60,4,0,1
12339,THE CORPORATION OF THE CITY OF WHYALLA,Male,61-65,0,1,16
12340,THE CORPORATION OF THE CITY OF WHYALLA,Male,61-65,0,2,3
12341,THE CORPORATION OF THE CITY OF WHYALLA,Male,61-65,1,0,111
12342,THE CORPORATION OF THE CITY OF WHYALLA,Male,61-65,1,1,4
12343,THE CORPORATION OF THE CITY OF WHYALLA,Male,61-65,2,0,21
12344,THE CORPORATION OF THE CITY OF WHYALLA,Male,61-65,2,1,2
12345,THE CORPORATION OF THE CITY OF WHYALLA,Male,61-65,3,0,2
12346,THE CORPORATION OF THE CITY OF WHYALLA,Male,61-65,4,0,1
12347,THE CORPORATION OF THE CITY OF WHYALLA,Male,61-65,4,1,1
12348,THE CORPORATION OF THE CITY OF WHYALLA,Male,66-70,0,1,11
12349,THE CORPORATION OF THE CITY OF WHYALLA,Male,66-70,0,2,2
12350,THE CORPORATION OF THE CITY OF WHYALLA,Male,66-70,0,3,1
12351,THE CORPORATION OF THE CITY OF WHYALLA,Male,66-70,0,4,1
12352,THE CORPORATION OF THE CITY OF WHYALLA,Male,66-70,1,0,78
12353,THE CORPORATION OF THE CITY OF WHYALLA,Male,66-70,1,1,1
12354,THE CORPORATION OF THE CITY OF WHYALLA,Male,66-70,1,3,1
12355,THE CORPORATION OF THE CITY OF WHYALLA,Male,66-70,2,0,12
12356,THE CORPORATION OF THE CITY OF WHYALLA,Male,66-70,2,1,1
12357,THE CORPORATION OF THE CITY OF WHYALLA,Male,66-70,2,2,2
12358,THE CORPORATION OF THE CITY OF WHYALLA,Male,66-70,3,0,2
12359,THE CORPORATION OF THE CITY OF WHYALLA,Male,66-70,3,1,1
12360,THE CORPORATION OF THE CITY OF WHYALLA,Male,66-70,4,0,1
12361,THE CORPORATION OF THE CITY OF WHYALLA,Male,66-70,5,0,1
12362,THE CORPORATION OF THE CITY OF WHYALLA,Male,Unknown,0,1,1
12363,THE CORPORATION OF THE CITY OF WHYALLA,Male,Unknown,0,3,1
12364,THE CORPORATION OF THE CITY OF WHYALLA,Male,Unknown,1,0,1
12365,THE CORPORATION OF THE CITY OF WHYALLA,Other,>70,0,1,10
12366,THE CORPORATION OF THE CITY OF WHYALLA,Other,>70,0,2,2
12367,THE CORPORATION OF THE CITY OF WHYALLA,Other,>70,1,0,41
12368,THE CORPORATION OF THE CITY OF WHYALLA,Other,>70,1,1,2
12369,THE CORPORATION OF THE CITY OF WHYALLA,Other,>70,1,2,1
12370,THE CORPORATION OF THE CITY OF WHYALLA,Other,>70,2,0,5
12371,THE CORPORATION OF THE CITY OF WHYALLA,Other,21-25,0,1,1
12372,THE CORPORATION OF THE CITY OF WHYALLA,Other,21-25,0,2,1
12373,THE CORPORATION OF THE CITY OF WHYALLA,Other,26-30,1,0,4
12374,THE CORPORATION OF THE CITY OF WHYALLA,Other,26-30,2,0,1
12375,THE CORPORATION OF THE CITY OF WHYALLA,Other,31-35,1,0,8
12376,THE CORPORATION OF THE CITY OF WHYALLA,Other,31-35,1,3,1
12377,THE CORPORATION OF THE CITY OF WHYALLA,Other,31-35,2,0,4
12378,THE CORPORATION OF THE CITY OF WHYALLA,Other,36-40,0,1,1
12379,THE CORPORATION OF THE CITY OF WHYALLA,Other,36-40,1,0,13
12380,THE CORPORATION OF THE CITY OF WHYALLA,Other,36-40,2,0,4
12381,THE CORPORATION OF THE CITY OF WHYALLA,Other,36-40,3,1,1
12382,THE CORPORATION OF THE CITY OF WHYALLA,Other,41-45,0,1,1
12383,THE CORPORATION OF THE CITY OF WHYALLA,Other,41-45,0,2,1
12384,THE CORPORATION OF THE CITY OF WHYALLA,Other,41-45,0,3,1
12385,THE CORPORATION OF THE CITY OF WHYALLA,Other,41-45,1,0,6
12386,THE CORPORATION OF THE CITY OF WHYALLA,Other,41-45,1,1,1
12387,THE CORPORATION OF THE CITY OF WHYALLA,Other,41-45,2,0,2
12388,THE CORPORATION OF THE CITY OF WHYALLA,Other,41-45,2,1,1
12389,THE CORPORATION OF THE CITY OF WHYALLA,Other,46-50,0,1,1
12390,THE CORPORATION OF THE CITY OF WHYALLA,Other,46-50,1,0,14
12391,THE CORPORATION OF THE CITY OF WHYALLA,Other,46-50,1,1,1
12392,THE CORPORATION OF THE CITY OF WHYALLA,Other,46-50,2,0,3
12393,THE CORPORATION OF THE CITY OF WHYALLA,Other,51-55,0,1,1
12394,THE CORPORATION OF THE CITY OF WHYALLA,Other,51-55,1,0,26
12395,THE CORPORATION OF THE CITY OF WHYALLA,Other,51-55,2,0,3
12396,THE CORPORATION OF THE CITY OF WHYALLA,Other,56-60,0,1,3
12397,THE CORPORATION OF THE CITY OF WHYALLA,Other,56-60,0,2,1
12398,THE CORPORATION OF THE CITY OF WHYALLA,Other,56-60,1,0,13
12399,THE CORPORATION OF THE CITY OF WHYALLA,Other,56-60,1,1,1
12400,THE CORPORATION OF THE CITY OF WHYALLA,Other,56-60,2,0,3
12401,THE CORPORATION OF THE CITY OF WHYALLA,Other,61-65,0,1,2
12402,THE CORPORATION OF THE CITY OF WHYALLA,Other,61-65,0,2,1
12403,THE CORPORATION OF THE CITY OF WHYALLA,Other,61-65,1,0,16
12404,THE CORPORATION OF THE CITY OF WHYALLA,Other,61-65,1,1,4
12405,THE CORPORATION OF THE CITY OF WHYALLA,Other,61-65,2,0,4
12406,THE CORPORATION OF THE CITY OF WHYALLA,Other,61-65,3,0,1
12407,THE CORPORATION OF THE CITY OF WHYALLA,Other,66-70,0,1,2
12408,THE CORPORATION OF THE CITY OF WHYALLA,Other,66-70,0,2,1
12409,THE CORPORATION OF THE CITY OF WHYALLA,Other,66-70,1,0,11
12410,THE CORPORATION OF THE CITY OF WHYALLA,Other,66-70,2,0,2
12411,THE CORPORATION OF THE CITY OF WHYALLA,Other,Unknown,0,1,3
12412,THE CORPORATION OF THE CITY OF WHYALLA,Other,Unknown,0,2,1
12413,THE CORPORATION OF THE CITY OF WHYALLA,Other,Unknown,1,0,53
12414,THE CORPORATION OF THE CITY OF WHYALLA,Other,Unknown,2,0,10
12415,THE CORPORATION OF THE CITY OF WHYALLA,Other,Unknown,3,0,1
12416,THE CORPORATION OF THE CITY OF WHYALLA,SUPPRESSED,Unknown,3,0,1
12417,THE CORPORATION OF THE CITY OF WHYALLA,Unknown,26-30,1,0,1
12418,THE CORPORATION OF THE CITY OF WHYALLA,Unknown,Unknown,0,1,1
12419,THE CORPORATION OF THE CITY OF WHYALLA,Unknown,Unknown,0,2,1
12420,THE CORPORATION OF THE CITY OF WHYALLA,Unknown,Unknown,1,0,8
12421,THE CORPORATION OF THE TOWN OF WALKERVILLE,Female,>70,0,1,18
12422,THE CORPORATION OF THE TOWN OF WALKERVILLE,Female,>70,0,2,5
12423,THE CORPORATION OF THE TOWN OF WALKERVILLE,Female,>70,0,3,1
12424,THE CORPORATION OF THE TOWN OF WALKERVILLE,Female,>70,1,0,66
12425,THE CORPORATION OF THE TOWN OF WALKERVILLE,Female,>70,1,1,1
12426,THE CORPORATION OF THE TOWN OF WALKERVILLE,Female,>70,2,0,12
12427,THE CORPORATION OF THE TOWN OF WALKERVILLE,Female,16-20,1,0,1
12428,THE CORPORATION OF THE TOWN OF WALKERVILLE,Female,21-25,0,1,10
12429,THE CORPORATION OF THE TOWN OF WALKERVILLE,Female,21-25,0,2,1
12430,THE CORPORATION OF THE TOWN OF WALKERVILLE,Female,21-25,1,0,8
12431,THE CORPORATION OF THE TOWN OF WALKERVILLE,Female,21-25,2,0,1
12432,THE CORPORATION OF THE TOWN OF WALKERVILLE,Female,26-30,0,1,11
12433,THE CORPORATION OF THE TOWN OF WALKERVILLE,Female,26-30,0,2,2
12434,THE CORPORATION OF THE TOWN OF WALKERVILLE,Female,26-30,0,3,1
12435,THE CORPORATION OF THE TOWN OF WALKERVILLE,Female,26-30,1,0,13
12436,THE CORPORATION OF THE TOWN OF WALKERVILLE,Female,26-30,1,1,2
12437,THE CORPORATION OF THE TOWN OF WALKERVILLE,Female,26-30,2,0,2
12438,THE CORPORATION OF THE TOWN OF WALKERVILLE,Female,26-30,2,1,1
12439,THE CORPORATION OF THE TOWN OF WALKERVILLE,Female,26-30,3,0,1
12440,THE CORPORATION OF THE TOWN OF WALKERVILLE,Female,31-35,0,1,9
12441,THE CORPORATION OF THE TOWN OF WALKERVILLE,Female,31-35,0,2,4
12442,THE CORPORATION OF THE TOWN OF WALKERVILLE,Female,31-35,1,0,24
12443,THE CORPORATION OF THE TOWN OF WALKERVILLE,Female,31-35,2,0,6
12444,THE CORPORATION OF THE TOWN OF WALKERVILLE,Female,31-35,4,0,1
12445,THE CORPORATION OF THE TOWN OF WALKERVILLE,Female,36-40,0,1,5
12446,THE CORPORATION OF THE TOWN OF WALKERVILLE,Female,36-40,0,2,3
12447,THE CORPORATION OF THE TOWN OF WALKERVILLE,Female,36-40,1,0,29
12448,THE CORPORATION OF THE TOWN OF WALKERVILLE,Female,36-40,1,1,2
12449,THE CORPORATION OF THE TOWN OF WALKERVILLE,Female,36-40,2,>5,1
12450,THE CORPORATION OF THE TOWN OF WALKERVILLE,Female,36-40,2,0,7
12451,THE CORPORATION OF THE TOWN OF WALKERVILLE,Female,36-40,2,1,1
12452,THE CORPORATION OF THE TOWN OF WALKERVILLE,Female,36-40,2,2,1
12453,THE CORPORATION OF THE TOWN OF WALKERVILLE,Female,41-45,0,1,8
12454,THE CORPORATION OF THE TOWN OF WALKERVILLE,Female,41-45,0,2,5
12455,THE CORPORATION OF THE TOWN OF WALKERVILLE,Female,41-45,1,0,37
12456,THE CORPORATION OF THE TOWN OF WALKERVILLE,Female,41-45,1,1,1
12457,THE CORPORATION OF THE TOWN OF WALKERVILLE,Female,41-45,1,2,1
12458,THE CORPORATION OF THE TOWN OF WALKERVILLE,Female,41-45,1,4,1
12459,THE CORPORATION OF THE TOWN OF WALKERVILLE,Female,41-45,2,0,5
12460,THE CORPORATION OF THE TOWN OF WALKERVILLE,Female,41-45,4,0,1
12461,THE CORPORATION OF THE TOWN OF WALKERVILLE,Female,46-50,0,1,8
12462,THE CORPORATION OF THE TOWN OF WALKERVILLE,Female,46-50,0,2,2
12463,THE CORPORATION OF THE TOWN OF WALKERVILLE,Female,46-50,1,0,34
12464,THE CORPORATION OF THE TOWN OF WALKERVILLE,Female,46-50,1,1,3
12465,THE CORPORATION OF THE TOWN OF WALKERVILLE,Female,46-50,1,2,3
12466,THE CORPORATION OF THE TOWN OF WALKERVILLE,Female,46-50,2,0,8
12467,THE CORPORATION OF THE TOWN OF WALKERVILLE,Female,46-50,2,1,2
12468,THE CORPORATION OF THE TOWN OF WALKERVILLE,Female,51-55,0,1,6
12469,THE CORPORATION OF THE TOWN OF WALKERVILLE,Female,51-55,0,2,2
12470,THE CORPORATION OF THE TOWN OF WALKERVILLE,Female,51-55,0,3,3
12471,THE CORPORATION OF THE TOWN OF WALKERVILLE,Female,51-55,1,0,39
12472,THE CORPORATION OF THE TOWN OF WALKERVILLE,Female,51-55,1,1,3
12473,THE CORPORATION OF THE TOWN OF WALKERVILLE,Female,51-55,1,2,3
12474,THE CORPORATION OF THE TOWN OF WALKERVILLE,Female,51-55,2,0,22
12475,THE CORPORATION OF THE TOWN OF WALKERVILLE,Female,51-55,3,0,1
12476,THE CORPORATION OF THE TOWN OF WALKERVILLE,Female,51-55,3,1,1
12477,THE CORPORATION OF THE TOWN OF WALKERVILLE,Female,56-60,0,1,9
12478,THE CORPORATION OF THE TOWN OF WALKERVILLE,Female,56-60,0,2,1
12479,THE CORPORATION OF THE TOWN OF WALKERVILLE,Female,56-60,1,0,54
12480,THE CORPORATION OF THE TOWN OF WALKERVILLE,Female,56-60,1,1,2
12481,THE CORPORATION OF THE TOWN OF WALKERVILLE,Female,56-60,2,0,16
12482,THE CORPORATION OF THE TOWN OF WALKERVILLE,Female,56-60,2,1,4
12483,THE CORPORATION OF THE TOWN OF WALKERVILLE,Female,61-65,0,1,7
12484,THE CORPORATION OF THE TOWN OF WALKERVILLE,Female,61-65,0,2,2
12485,THE CORPORATION OF THE TOWN OF WALKERVILLE,Female,61-65,1,0,45
12486,THE CORPORATION OF THE TOWN OF WALKERVILLE,Female,61-65,1,2,1
12487,THE CORPORATION OF THE TOWN OF WALKERVILLE,Female,61-65,2,0,6
12488,THE CORPORATION OF THE TOWN OF WALKERVILLE,Female,61-65,2,3,1
12489,THE CORPORATION OF THE TOWN OF WALKERVILLE,Female,66-70,0,1,5
12490,THE CORPORATION OF THE TOWN OF WALKERVILLE,Female,66-70,1,0,38
12491,THE CORPORATION OF THE TOWN OF WALKERVILLE,Female,66-70,1,1,1
12492,THE CORPORATION OF THE TOWN OF WALKERVILLE,Female,66-70,2,0,4
12493,THE CORPORATION OF THE TOWN OF WALKERVILLE,Female,Unknown,0,1,5
12494,THE CORPORATION OF THE TOWN OF WALKERVILLE,Female,Unknown,1,0,1
12495,THE CORPORATION OF THE TOWN OF WALKERVILLE,Male,>70,0,1,3
12496,THE CORPORATION OF THE TOWN OF WALKERVILLE,Male,>70,0,2,1
12497,THE CORPORATION OF THE TOWN OF WALKERVILLE,Male,>70,0,3,1
12498,THE CORPORATION OF THE TOWN OF WALKERVILLE,Male,>70,1,0,35
12499,THE CORPORATION OF THE TOWN OF WALKERVILLE,Male,>70,2,0,6
12500,THE CORPORATION OF THE TOWN OF WALKERVILLE,Male,>70,2,1,1
12501,THE CORPORATION OF THE TOWN OF WALKERVILLE,Male,21-25,0,1,1
12502,THE CORPORATION OF THE TOWN OF WALKERVILLE,Male,21-25,1,0,1
12503,THE CORPORATION OF THE TOWN OF WALKERVILLE,Male,21-25,1,1,1
12504,THE CORPORATION OF THE TOWN OF WALKERVILLE,Male,21-25,2,0,1
12505,THE CORPORATION OF THE TOWN OF WALKERVILLE,Male,26-30,0,2,1
12506,THE CORPORATION OF THE TOWN OF WALKERVILLE,Male,26-30,1,0,14
12507,THE CORPORATION OF THE TOWN OF WALKERVILLE,Male,26-30,2,0,1
12508,THE CORPORATION OF THE TOWN OF WALKERVILLE,Male,31-35,0,1,2
12509,THE CORPORATION OF THE TOWN OF WALKERVILLE,Male,31-35,1,0,15
12510,THE CORPORATION OF THE TOWN OF WALKERVILLE,Male,31-35,2,0,1
12511,THE CORPORATION OF THE TOWN OF WALKERVILLE,Male,36-40,0,1,6
12512,THE CORPORATION OF THE TOWN OF WALKERVILLE,Male,36-40,0,2,2
12513,THE CORPORATION OF THE TOWN OF WALKERVILLE,Male,36-40,1,0,23
12514,THE CORPORATION OF THE TOWN OF WALKERVILLE,Male,36-40,1,1,1
12515,THE CORPORATION OF THE TOWN OF WALKERVILLE,Male,36-40,2,0,2
12516,THE CORPORATION OF THE TOWN OF WALKERVILLE,Male,41-45,0,1,2
12517,THE CORPORATION OF THE TOWN OF WALKERVILLE,Male,41-45,1,0,13
12518,THE CORPORATION OF THE TOWN OF WALKERVILLE,Male,41-45,2,0,3
12519,THE CORPORATION OF THE TOWN OF WALKERVILLE,Male,46-50,0,1,3
12520,THE CORPORATION OF THE TOWN OF WALKERVILLE,Male,46-50,1,0,17
12521,THE CORPORATION OF THE TOWN OF WALKERVILLE,Male,46-50,1,2,1
12522,THE CORPORATION OF THE TOWN OF WALKERVILLE,Male,46-50,2,0,3
12523,THE CORPORATION OF THE TOWN OF WALKERVILLE,Male,51-55,0,1,3
12524,THE CORPORATION OF THE TOWN OF WALKERVILLE,Male,51-55,1,0,23
12525,THE CORPORATION OF THE TOWN OF WALKERVILLE,Male,51-55,1,1,3
12526,THE CORPORATION OF THE TOWN OF WALKERVILLE,Male,51-55,1,2,1
12527,THE CORPORATION OF THE TOWN OF WALKERVILLE,Male,51-55,2,0,5
12528,THE CORPORATION OF THE TOWN OF WALKERVILLE,Male,56-60,0,1,4
12529,THE CORPORATION OF THE TOWN OF WALKERVILLE,Male,56-60,0,2,3
12530,THE CORPORATION OF THE TOWN OF WALKERVILLE,Male,56-60,0,3,1
12531,THE CORPORATION OF THE TOWN OF WALKERVILLE,Male,56-60,1,0,32
12532,THE CORPORATION OF THE TOWN OF WALKERVILLE,Male,56-60,1,1,1
12533,THE CORPORATION OF THE TOWN OF WALKERVILLE,Male,56-60,2,0,2
12534,THE CORPORATION OF THE TOWN OF WALKERVILLE,Male,61-65,0,1,2
12535,THE CORPORATION OF THE TOWN OF WALKERVILLE,Male,61-65,0,2,2
12536,THE CORPORATION OF THE TOWN OF WALKERVILLE,Male,61-65,1,0,19
12537,THE CORPORATION OF THE TOWN OF WALKERVILLE,Male,61-65,1,2,1
12538,THE CORPORATION OF THE TOWN OF WALKERVILLE,Male,61-65,2,0,6
12539,THE CORPORATION OF THE TOWN OF WALKERVILLE,Male,66-70,0,1,3
12540,THE CORPORATION OF THE TOWN OF WALKERVILLE,Male,66-70,0,2,3
12541,THE CORPORATION OF THE TOWN OF WALKERVILLE,Male,66-70,1,0,16
12542,THE CORPORATION OF THE TOWN OF WALKERVILLE,Male,66-70,1,1,1
12543,THE CORPORATION OF THE TOWN OF WALKERVILLE,Male,66-70,2,0,5
12544,THE CORPORATION OF THE TOWN OF WALKERVILLE,Male,Unknown,0,1,1
12545,THE CORPORATION OF THE TOWN OF WALKERVILLE,Other,>70,1,0,4
12546,THE CORPORATION OF THE TOWN OF WALKERVILLE,Other,26-30,0,2,1
12547,THE CORPORATION OF THE TOWN OF WALKERVILLE,Other,31-35,0,2,1
12548,THE CORPORATION OF THE TOWN OF WALKERVILLE,Other,31-35,1,0,2
12549,THE CORPORATION OF THE TOWN OF WALKERVILLE,Other,41-45,1,0,1
12550,THE CORPORATION OF THE TOWN OF WALKERVILLE,Other,46-50,1,0,2
12551,THE CORPORATION OF THE TOWN OF WALKERVILLE,Other,46-50,1,1,1
12552,THE CORPORATION OF THE TOWN OF WALKERVILLE,Other,51-55,1,0,3
12553,THE CORPORATION OF THE TOWN OF WALKERVILLE,Other,56-60,1,0,4
12554,THE CORPORATION OF THE TOWN OF WALKERVILLE,Other,61-65,0,1,1
12555,THE CORPORATION OF THE TOWN OF WALKERVILLE,Other,61-65,1,0,1
12556,THE CORPORATION OF THE TOWN OF WALKERVILLE,Other,66-70,1,0,1
12557,THE CORPORATION OF THE TOWN OF WALKERVILLE,SUPPRESSED,Unknown,1,0,5
12558,THE CORPORATION OF THE TOWN OF WALKERVILLE,SUPPRESSED,Unknown,2,0,2
12559,THE CORPORATION OF THE TOWN OF WALKERVILLE,Unknown,Unknown,0,1,1
12560,THE CORPORATION OF THE TOWN OF WALKERVILLE,Unknown,Unknown,0,2,1
12561,THE DC OF CEDUNA,Female,>70,0,1,4
12562,THE DC OF CEDUNA,Female,>70,0,2,1
12563,THE DC OF CEDUNA,Female,>70,0,3,1
12564,THE DC OF CEDUNA,Female,>70,1,0,32
12565,THE DC OF CEDUNA,Female,>70,1,1,1
12566,THE DC OF CEDUNA,Female,>70,1,2,1
12567,THE DC OF CEDUNA,Female,>70,2,0,6
12568,THE DC OF CEDUNA,Female,>70,3,0,1
12569,THE DC OF CEDUNA,Female,>70,4,0,1
12570,THE DC OF CEDUNA,Female,16-20,0,1,1
12571,THE DC OF CEDUNA,Female,16-20,1,0,2
12572,THE DC OF CEDUNA,Female,21-25,0,1,8
12573,THE DC OF CEDUNA,Female,21-25,0,2,1
12574,THE DC OF CEDUNA,Female,21-25,0,3,1
12575,THE DC OF CEDUNA,Female,21-25,1,0,16
12576,THE DC OF CEDUNA,Female,21-25,1,1,1
12577,THE DC OF CEDUNA,Female,21-25,1,3,1
12578,THE DC OF CEDUNA,Female,21-25,2,0,3
12579,THE DC OF CEDUNA,Female,26-30,0,1,4
12580,THE DC OF CEDUNA,Female,26-30,1,0,24
12581,THE DC OF CEDUNA,Female,26-30,1,1,3
12582,THE DC OF CEDUNA,Female,26-30,2,0,4
12583,THE DC OF CEDUNA,Female,26-30,2,2,1
12584,THE DC OF CEDUNA,Female,31-35,0,1,6
12585,THE DC OF CEDUNA,Female,31-35,0,2,1
12586,THE DC OF CEDUNA,Female,31-35,0,3,1
12587,THE DC OF CEDUNA,Female,31-35,1,0,20
12588,THE DC OF CEDUNA,Female,31-35,1,1,4
12589,THE DC OF CEDUNA,Female,31-35,2,0,12
12590,THE DC OF CEDUNA,Female,31-35,2,1,1
12591,THE DC OF CEDUNA,Female,31-35,3,0,1
12592,THE DC OF CEDUNA,Female,36-40,0,1,2
12593,THE DC OF CEDUNA,Female,36-40,1,0,15
12594,THE DC OF CEDUNA,Female,36-40,1,1,2
12595,THE DC OF CEDUNA,Female,36-40,2,0,7
12596,THE DC OF CEDUNA,Female,36-40,2,2,2
12597,THE DC OF CEDUNA,Female,36-40,3,0,1
12598,THE DC OF CEDUNA,Female,36-40,4,0,1
12599,THE DC OF CEDUNA,Female,41-45,0,1,5
12600,THE DC OF CEDUNA,Female,41-45,1,0,25
12601,THE DC OF CEDUNA,Female,41-45,1,1,3
12602,THE DC OF CEDUNA,Female,41-45,2,0,5
12603,THE DC OF CEDUNA,Female,41-45,2,1,1
12604,THE DC OF CEDUNA,Female,41-45,3,0,2
12605,THE DC OF CEDUNA,Female,46-50,0,1,4
12606,THE DC OF CEDUNA,Female,46-50,0,2,3
12607,THE DC OF CEDUNA,Female,46-50,1,0,20
12608,THE DC OF CEDUNA,Female,46-50,1,1,1
12609,THE DC OF CEDUNA,Female,46-50,1,2,1
12610,THE DC OF CEDUNA,Female,46-50,2,0,6
12611,THE DC OF CEDUNA,Female,51-55,0,1,1
12612,THE DC OF CEDUNA,Female,51-55,0,2,1
12613,THE DC OF CEDUNA,Female,51-55,1,0,22
12614,THE DC OF CEDUNA,Female,51-55,1,1,4
12615,THE DC OF CEDUNA,Female,51-55,2,0,13
12616,THE DC OF CEDUNA,Female,51-55,3,0,2
12617,THE DC OF CEDUNA,Female,51-55,4,0,1
12618,THE DC OF CEDUNA,Female,56-60,>5,1,1
12619,THE DC OF CEDUNA,Female,56-60,0,1,4
12620,THE DC OF CEDUNA,Female,56-60,0,2,2
12621,THE DC OF CEDUNA,Female,56-60,1,0,19
12622,THE DC OF CEDUNA,Female,56-60,1,1,1
12623,THE DC OF CEDUNA,Female,56-60,2,0,5
12624,THE DC OF CEDUNA,Female,56-60,2,1,1
12625,THE DC OF CEDUNA,Female,61-65,>5,0,1
12626,THE DC OF CEDUNA,Female,61-65,0,1,3
12627,THE DC OF CEDUNA,Female,61-65,1,0,14
12628,THE DC OF CEDUNA,Female,61-65,1,1,2
12629,THE DC OF CEDUNA,Female,61-65,1,3,1
12630,THE DC OF CEDUNA,Female,61-65,2,0,4
12631,THE DC OF CEDUNA,Female,61-65,5,0,1
12632,THE DC OF CEDUNA,Female,66-70,0,1,3
12633,THE DC OF CEDUNA,Female,66-70,0,2,1
12634,THE DC OF CEDUNA,Female,66-70,0,3,1
12635,THE DC OF CEDUNA,Female,66-70,1,0,16
12636,THE DC OF CEDUNA,Female,66-70,1,1,1
12637,THE DC OF CEDUNA,Female,66-70,1,2,1
12638,THE DC OF CEDUNA,Female,66-70,2,0,3
12639,THE DC OF CEDUNA,Female,66-70,2,1,1
12640,THE DC OF CEDUNA,Female,66-70,2,4,1
12641,THE DC OF CEDUNA,Female,66-70,3,0,2
12642,THE DC OF CEDUNA,Female,Unknown,2,0,1
12643,THE DC OF CEDUNA,Female,Unknown,2,1,1
12644,THE DC OF CEDUNA,Male,>70,0,1,2
12645,THE DC OF CEDUNA,Male,>70,1,0,24
12646,THE DC OF CEDUNA,Male,>70,3,0,1
12647,THE DC OF CEDUNA,Male,16-20,1,0,2
12648,THE DC OF CEDUNA,Male,21-25,0,1,6
12649,THE DC OF CEDUNA,Male,21-25,1,0,14
12650,THE DC OF CEDUNA,Male,26-30,0,1,2
12651,THE DC OF CEDUNA,Male,26-30,0,2,1
12652,THE DC OF CEDUNA,Male,26-30,0,3,1
12653,THE DC OF CEDUNA,Male,26-30,1,0,15
12654,THE DC OF CEDUNA,Male,26-30,2,0,4
12655,THE DC OF CEDUNA,Male,31-35,0,1,3
12656,THE DC OF CEDUNA,Male,31-35,0,2,1
12657,THE DC OF CEDUNA,Male,31-35,1,0,16
12658,THE DC OF CEDUNA,Male,31-35,1,2,1
12659,THE DC OF CEDUNA,Male,31-35,2,0,4
12660,THE DC OF CEDUNA,Male,31-35,2,2,1
12661,THE DC OF CEDUNA,Male,36-40,0,1,1
12662,THE DC OF CEDUNA,Male,36-40,1,0,15
12663,THE DC OF CEDUNA,Male,36-40,1,2,1
12664,THE DC OF CEDUNA,Male,36-40,2,0,3
12665,THE DC OF CEDUNA,Male,36-40,2,1,1
12666,THE DC OF CEDUNA,Male,36-40,3,0,1
12667,THE DC OF CEDUNA,Male,41-45,0,1,1
12668,THE DC OF CEDUNA,Male,41-45,1,0,19
12669,THE DC OF CEDUNA,Male,41-45,1,1,1
12670,THE DC OF CEDUNA,Male,41-45,2,0,1
12671,THE DC OF CEDUNA,Male,41-45,2,1,1
12672,THE DC OF CEDUNA,Male,46-50,0,1,1
12673,THE DC OF CEDUNA,Male,46-50,1,0,14
12674,THE DC OF CEDUNA,Male,46-50,1,1,1
12675,THE DC OF CEDUNA,Male,46-50,2,0,4
12676,THE DC OF CEDUNA,Male,46-50,3,0,2
12677,THE DC OF CEDUNA,Male,51-55,0,1,2
12678,THE DC OF CEDUNA,Male,51-55,1,0,17
12679,THE DC OF CEDUNA,Male,51-55,2,0,5
12680,THE DC OF CEDUNA,Male,51-55,3,0,1
12681,THE DC OF CEDUNA,Male,56-60,0,1,1
12682,THE DC OF CEDUNA,Male,56-60,1,0,11
12683,THE DC OF CEDUNA,Male,56-60,2,0,3
12684,THE DC OF CEDUNA,Male,61-65,0,1,1
12685,THE DC OF CEDUNA,Male,61-65,1,0,16
12686,THE DC OF CEDUNA,Male,61-65,1,1,1
12687,THE DC OF CEDUNA,Male,61-65,2,0,5
12688,THE DC OF CEDUNA,Male,61-65,3,0,1
12689,THE DC OF CEDUNA,Male,66-70,0,1,1
12690,THE DC OF CEDUNA,Male,66-70,1,0,4
12691,THE DC OF CEDUNA,Male,66-70,1,1,2
12692,THE DC OF CEDUNA,Male,66-70,2,0,1
12693,THE DC OF CEDUNA,Male,Unknown,1,0,2
12694,THE DC OF CEDUNA,Other,31-35,1,0,1
12695,THE DC OF COOBER PEDY,Female,>70,1,0,9
12696,THE DC OF COOBER PEDY,Female,>70,1,1,1
12697,THE DC OF COOBER PEDY,Female,>70,2,0,4
12698,THE DC OF COOBER PEDY,Female,16-20,1,>5,1
12699,THE DC OF COOBER PEDY,Female,21-25,1,0,6
12700,THE DC OF COOBER PEDY,Female,21-25,3,0,1
12701,THE DC OF COOBER PEDY,Female,26-30,0,1,1
12702,THE DC OF COOBER PEDY,Female,26-30,0,3,1
12703,THE DC OF COOBER PEDY,Female,26-30,1,0,9
12704,THE DC OF COOBER PEDY,Female,26-30,2,0,1
12705,THE DC OF COOBER PEDY,Female,31-35,0,1,1
12706,THE DC OF COOBER PEDY,Female,31-35,1,0,7
12707,THE DC OF COOBER PEDY,Female,31-35,2,0,3
12708,THE DC OF COOBER PEDY,Female,31-35,3,0,2
12709,THE DC OF COOBER PEDY,Female,36-40,>5,0,1
12710,THE DC OF COOBER PEDY,Female,36-40,0,2,1
12711,THE DC OF COOBER PEDY,Female,36-40,1,0,4
12712,THE DC OF COOBER PEDY,Female,36-40,2,0,5
12713,THE DC OF COOBER PEDY,Female,41-45,0,>5,1
12714,THE DC OF COOBER PEDY,Female,41-45,0,1,1
12715,THE DC OF COOBER PEDY,Female,41-45,1,0,3
12716,THE DC OF COOBER PEDY,Female,41-45,4,0,1
12717,THE DC OF COOBER PEDY,Female,46-50,0,1,1
12718,THE DC OF COOBER PEDY,Female,46-50,1,0,9
12719,THE DC OF COOBER PEDY,Female,51-55,1,0,6
12720,THE DC OF COOBER PEDY,Female,56-60,0,1,1
12721,THE DC OF COOBER PEDY,Female,56-60,1,0,3
12722,THE DC OF COOBER PEDY,Female,56-60,1,1,2
12723,THE DC OF COOBER PEDY,Female,56-60,2,0,4
12724,THE DC OF COOBER PEDY,Female,56-60,3,0,1
12725,THE DC OF COOBER PEDY,Female,61-65,0,1,1
12726,THE DC OF COOBER PEDY,Female,61-65,1,0,4
12727,THE DC OF COOBER PEDY,Female,61-65,2,0,5
12728,THE DC OF COOBER PEDY,Female,66-70,0,1,1
12729,THE DC OF COOBER PEDY,Female,66-70,1,0,6
12730,THE DC OF COOBER PEDY,Female,66-70,2,0,1
12731,THE DC OF COOBER PEDY,Female,Unknown,1,0,2
12732,THE DC OF COOBER PEDY,Male,>70,1,0,16
12733,THE DC OF COOBER PEDY,Male,>70,1,1,1
12734,THE DC OF COOBER PEDY,Male,>70,2,0,4
12735,THE DC OF COOBER PEDY,Male,21-25,1,0,1
12736,THE DC OF COOBER PEDY,Male,26-30,1,0,6
12737,THE DC OF COOBER PEDY,Male,26-30,2,0,2
12738,THE DC OF COOBER PEDY,Male,31-35,1,0,4
12739,THE DC OF COOBER PEDY,Male,31-35,1,1,1
12740,THE DC OF COOBER PEDY,Male,31-35,2,0,1
12741,THE DC OF COOBER PEDY,Male,36-40,1,0,7
12742,THE DC OF COOBER PEDY,Male,36-40,2,0,2
12743,THE DC OF COOBER PEDY,Male,36-40,3,0,1
12744,THE DC OF COOBER PEDY,Male,41-45,1,0,4
12745,THE DC OF COOBER PEDY,Male,41-45,2,0,1
12746,THE DC OF COOBER PEDY,Male,46-50,1,0,4
12747,THE DC OF COOBER PEDY,Male,46-50,2,0,3
12748,THE DC OF COOBER PEDY,Male,51-55,1,0,7
12749,THE DC OF COOBER PEDY,Male,51-55,2,0,3
12750,THE DC OF COOBER PEDY,Male,51-55,3,0,1
12751,THE DC OF COOBER PEDY,Male,56-60,1,0,7
12752,THE DC OF COOBER PEDY,Male,61-65,1,0,6
12753,THE DC OF COOBER PEDY,Male,61-65,2,0,1
12754,THE DC OF COOBER PEDY,Male,66-70,0,2,1
12755,THE DC OF COOBER PEDY,Male,66-70,1,0,8
12756,THE DC OF COOBER PEDY,Male,66-70,2,0,2
12757,THE DC OF COOBER PEDY,Other,>70,1,0,3
12758,THE DC OF COOBER PEDY,Other,>70,2,0,2
12759,THE DC OF COOBER PEDY,Other,26-30,1,0,2
12760,THE DC OF COOBER PEDY,Other,31-35,1,0,2
12761,THE DC OF COOBER PEDY,Other,46-50,1,0,1
12762,THE DC OF COOBER PEDY,Other,51-55,1,0,2
12763,THE DC OF COOBER PEDY,Other,56-60,1,0,3
12764,THE DC OF COOBER PEDY,Other,56-60,1,1,1
12765,THE DC OF COOBER PEDY,Other,61-65,1,0,2
12766,THE DC OF COOBER PEDY,Other,66-70,1,0,6
12767,THE DC OF COOBER PEDY,Other,66-70,2,0,1
12768,THE DC OF COOBER PEDY,Other,66-70,3,0,1
12769,THE DC OF COOBER PEDY,Other,Unknown,1,0,16
12770,THE DC OF COOBER PEDY,Other,Unknown,2,0,5
12771,THE DC OF COOBER PEDY,SUPPRESSED,Unknown,1,0,1
12772,THE DC OF COOBER PEDY,Unknown,Unknown,0,1,1
12773,THE DC OF COOBER PEDY,Unknown,Unknown,1,0,1
12774,THE DC OF FRANKLIN HARBOUR,Female,>70,0,1,1
12775,THE DC OF FRANKLIN HARBOUR,Female,>70,1,0,17
12776,THE DC OF FRANKLIN HARBOUR,Female,>70,1,1,1
12777,THE DC OF FRANKLIN HARBOUR,Female,21-25,0,1,1
12778,THE DC OF FRANKLIN HARBOUR,Female,21-25,1,0,3
12779,THE DC OF FRANKLIN HARBOUR,Female,26-30,0,1,1
12780,THE DC OF FRANKLIN HARBOUR,Female,26-30,1,0,4
12781,THE DC OF FRANKLIN HARBOUR,Female,26-30,2,0,2
12782,THE DC OF FRANKLIN HARBOUR,Female,31-35,0,1,1
12783,THE DC OF FRANKLIN HARBOUR,Female,31-35,1,0,6
12784,THE DC OF FRANKLIN HARBOUR,Female,31-35,2,0,1
12785,THE DC OF FRANKLIN HARBOUR,Female,31-35,2,3,1
12786,THE DC OF FRANKLIN HARBOUR,Female,36-40,0,1,1
12787,THE DC OF FRANKLIN HARBOUR,Female,36-40,1,0,6
12788,THE DC OF FRANKLIN HARBOUR,Female,36-40,2,0,2
12789,THE DC OF FRANKLIN HARBOUR,Female,41-45,1,0,3
12790,THE DC OF FRANKLIN HARBOUR,Female,41-45,2,0,3
12791,THE DC OF FRANKLIN HARBOUR,Female,41-45,4,0,1
12792,THE DC OF FRANKLIN HARBOUR,Female,46-50,0,1,1
12793,THE DC OF FRANKLIN HARBOUR,Female,46-50,0,3,1
12794,THE DC OF FRANKLIN HARBOUR,Female,46-50,1,0,9
12795,THE DC OF FRANKLIN HARBOUR,Female,46-50,1,1,1
12796,THE DC OF FRANKLIN HARBOUR,Female,46-50,2,0,1
12797,THE DC OF FRANKLIN HARBOUR,Female,51-55,0,2,1
12798,THE DC OF FRANKLIN HARBOUR,Female,51-55,1,0,6
12799,THE DC OF FRANKLIN HARBOUR,Female,51-55,2,0,5
12800,THE DC OF FRANKLIN HARBOUR,Female,51-55,3,0,1
12801,THE DC OF FRANKLIN HARBOUR,Female,56-60,0,1,2
12802,THE DC OF FRANKLIN HARBOUR,Female,56-60,0,2,1
12803,THE DC OF FRANKLIN HARBOUR,Female,56-60,1,0,9
12804,THE DC OF FRANKLIN HARBOUR,Female,56-60,2,0,1
12805,THE DC OF FRANKLIN HARBOUR,Female,56-60,2,2,1
12806,THE DC OF FRANKLIN HARBOUR,Female,56-60,3,0,2
12807,THE DC OF FRANKLIN HARBOUR,Female,61-65,1,0,6
12808,THE DC OF FRANKLIN HARBOUR,Female,61-65,1,1,1
12809,THE DC OF FRANKLIN HARBOUR,Female,61-65,2,0,5
12810,THE DC OF FRANKLIN HARBOUR,Female,66-70,0,1,1
12811,THE DC OF FRANKLIN HARBOUR,Female,66-70,0,2,1
12812,THE DC OF FRANKLIN HARBOUR,Female,66-70,1,0,8
12813,THE DC OF FRANKLIN HARBOUR,Female,66-70,1,1,1
12814,THE DC OF FRANKLIN HARBOUR,Male,>70,1,0,15
12815,THE DC OF FRANKLIN HARBOUR,Male,>70,1,1,1
12816,THE DC OF FRANKLIN HARBOUR,Male,>70,2,0,2
12817,THE DC OF FRANKLIN HARBOUR,Male,21-25,1,0,6
12818,THE DC OF FRANKLIN HARBOUR,Male,26-30,1,0,5
12819,THE DC OF FRANKLIN HARBOUR,Male,26-30,2,0,1
12820,THE DC OF FRANKLIN HARBOUR,Male,31-35,1,0,6
12821,THE DC OF FRANKLIN HARBOUR,Male,31-35,2,0,1
12822,THE DC OF FRANKLIN HARBOUR,Male,31-35,3,0,1
12823,THE DC OF FRANKLIN HARBOUR,Male,36-40,0,1,2
12824,THE DC OF FRANKLIN HARBOUR,Male,36-40,1,0,4
12825,THE DC OF FRANKLIN HARBOUR,Male,36-40,2,0,1
12826,THE DC OF FRANKLIN HARBOUR,Male,41-45,1,0,2
12827,THE DC OF FRANKLIN HARBOUR,Male,41-45,1,2,1
12828,THE DC OF FRANKLIN HARBOUR,Male,41-45,2,1,1
12829,THE DC OF FRANKLIN HARBOUR,Male,46-50,1,0,5
12830,THE DC OF FRANKLIN HARBOUR,Male,46-50,2,0,2
12831,THE DC OF FRANKLIN HARBOUR,Male,51-55,1,0,7
12832,THE DC OF FRANKLIN HARBOUR,Male,51-55,2,0,4
12833,THE DC OF FRANKLIN HARBOUR,Male,51-55,4,0,1
12834,THE DC OF FRANKLIN HARBOUR,Male,56-60,1,0,9
12835,THE DC OF FRANKLIN HARBOUR,Male,56-60,2,0,8
12836,THE DC OF FRANKLIN HARBOUR,Male,61-65,1,0,3
12837,THE DC OF FRANKLIN HARBOUR,Male,61-65,2,0,1
12838,THE DC OF FRANKLIN HARBOUR,Male,66-70,1,0,5
12839,THE DC OF FRANKLIN HARBOUR,Male,66-70,2,0,2
12840,THE DC OF FRANKLIN HARBOUR,Other,>70,1,0,2
12841,THE DC OF FRANKLIN HARBOUR,Other,26-30,1,0,1
12842,THE DC OF FRANKLIN HARBOUR,Other,26-30,2,0,1
12843,THE DC OF FRANKLIN HARBOUR,Other,31-35,1,0,2
12844,THE DC OF FRANKLIN HARBOUR,Other,36-40,1,0,1
12845,THE DC OF FRANKLIN HARBOUR,Other,36-40,2,0,1
12846,THE DC OF FRANKLIN HARBOUR,Other,41-45,1,0,1
12847,THE DC OF FRANKLIN HARBOUR,Other,41-45,2,0,1
12848,THE DC OF FRANKLIN HARBOUR,Other,56-60,1,0,2
12849,THE DC OF FRANKLIN HARBOUR,Other,56-60,2,0,1
12850,THE DC OF FRANKLIN HARBOUR,Other,61-65,1,0,1
12851,THE DC OF FRANKLIN HARBOUR,Other,61-65,2,0,1
12852,THE DC OF FRANKLIN HARBOUR,Other,66-70,1,0,1
12853,THE DC OF FRANKLIN HARBOUR,Other,Unknown,1,0,2
12854,THE DC OF FRANKLIN HARBOUR,Other,Unknown,2,0,1
12855,THE DC OF FRANKLIN HARBOUR,Unknown,>70,0,2,1
12856,THE DC OF FRANKLIN HARBOUR,Unknown,26-30,1,0,1
12857,THE DC OF FRANKLIN HARBOUR,Unknown,51-55,1,0,1
12858,THE DC OF FRANKLIN HARBOUR,Unknown,Unknown,0,1,2
12859,THE DC OF GRANT,Female,>70,>5,0,1
12860,THE DC OF GRANT,Female,>70,0,1,25
12861,THE DC OF GRANT,Female,>70,0,2,7
12862,THE DC OF GRANT,Female,>70,0,3,3
12863,THE DC OF GRANT,Female,>70,1,0,68
12864,THE DC OF GRANT,Female,>70,1,1,7
12865,THE DC OF GRANT,Female,>70,2,0,9
12866,THE DC OF GRANT,Female,>70,2,1,1
12867,THE DC OF GRANT,Female,>70,2,2,1
12868,THE DC OF GRANT,Female,>70,3,0,2
12869,THE DC OF GRANT,Female,16-20,0,1,8
12870,THE DC OF GRANT,Female,16-20,0,2,1
12871,THE DC OF GRANT,Female,16-20,1,0,7
12872,THE DC OF GRANT,Female,21-25,0,1,7
12873,THE DC OF GRANT,Female,21-25,0,2,5
12874,THE DC OF GRANT,Female,21-25,0,3,1
12875,THE DC OF GRANT,Female,21-25,1,0,34
12876,THE DC OF GRANT,Female,21-25,1,1,1
12877,THE DC OF GRANT,Female,21-25,2,0,6
12878,THE DC OF GRANT,Female,21-25,2,1,1
12879,THE DC OF GRANT,Female,26-30,0,1,14
12880,THE DC OF GRANT,Female,26-30,1,0,39
12881,THE DC OF GRANT,Female,26-30,1,1,5
12882,THE DC OF GRANT,Female,26-30,2,0,14
12883,THE DC OF GRANT,Female,26-30,2,1,5
12884,THE DC OF GRANT,Female,26-30,2,2,1
12885,THE DC OF GRANT,Female,26-30,3,0,1
12886,THE DC OF GRANT,Female,26-30,3,1,2
12887,THE DC OF GRANT,Female,31-35,>5,0,2
12888,THE DC OF GRANT,Female,31-35,0,1,7
12889,THE DC OF GRANT,Female,31-35,0,2,6
12890,THE DC OF GRANT,Female,31-35,0,3,1
12891,THE DC OF GRANT,Female,31-35,1,0,39
12892,THE DC OF GRANT,Female,31-35,1,1,10
12893,THE DC OF GRANT,Female,31-35,1,2,3
12894,THE DC OF GRANT,Female,31-35,2,0,16
12895,THE DC OF GRANT,Female,31-35,2,1,4
12896,THE DC OF GRANT,Female,31-35,2,2,4
12897,THE DC OF GRANT,Female,31-35,3,0,2
12898,THE DC OF GRANT,Female,31-35,3,1,2
12899,THE DC OF GRANT,Female,31-35,3,2,2
12900,THE DC OF GRANT,Female,31-35,3,4,1
12901,THE DC OF GRANT,Female,31-35,5,0,1
12902,THE DC OF GRANT,Female,36-40,0,1,12
12903,THE DC OF GRANT,Female,36-40,0,2,7
12904,THE DC OF GRANT,Female,36-40,0,3,1
12905,THE DC OF GRANT,Female,36-40,1,0,58
12906,THE DC OF GRANT,Female,36-40,1,1,12
12907,THE DC OF GRANT,Female,36-40,1,2,6
12908,THE DC OF GRANT,Female,36-40,2,0,29
12909,THE DC OF GRANT,Female,36-40,2,1,4
12910,THE DC OF GRANT,Female,36-40,2,2,2
12911,THE DC OF GRANT,Female,36-40,2,3,1
12912,THE DC OF GRANT,Female,36-40,3,0,3
12913,THE DC OF GRANT,Female,36-40,3,2,2
12914,THE DC OF GRANT,Female,36-40,4,0,4
12915,THE DC OF GRANT,Female,36-40,4,1,1
12916,THE DC OF GRANT,Female,41-45,>5,0,2
12917,THE DC OF GRANT,Female,41-45,0,1,12
12918,THE DC OF GRANT,Female,41-45,0,2,2
12919,THE DC OF GRANT,Female,41-45,0,3,3
12920,THE DC OF GRANT,Female,41-45,0,4,1
12921,THE DC OF GRANT,Female,41-45,1,0,42
12922,THE DC OF GRANT,Female,41-45,1,1,16
12923,THE DC OF GRANT,Female,41-45,1,2,2
12924,THE DC OF GRANT,Female,41-45,2,0,18
12925,THE DC OF GRANT,Female,41-45,2,1,8
12926,THE DC OF GRANT,Female,41-45,2,2,1
12927,THE DC OF GRANT,Female,41-45,3,>5,1
12928,THE DC OF GRANT,Female,41-45,3,0,4
12929,THE DC OF GRANT,Female,41-45,3,1,4
12930,THE DC OF GRANT,Female,41-45,3,2,1
12931,THE DC OF GRANT,Female,41-45,4,0,3
12932,THE DC OF GRANT,Female,41-45,4,1,1
12933,THE DC OF GRANT,Female,46-50,>5,2,1
12934,THE DC OF GRANT,Female,46-50,>5,3,1
12935,THE DC OF GRANT,Female,46-50,0,1,13
12936,THE DC OF GRANT,Female,46-50,0,2,1
12937,THE DC OF GRANT,Female,46-50,0,3,2
12938,THE DC OF GRANT,Female,46-50,1,0,44
12939,THE DC OF GRANT,Female,46-50,1,1,15
12940,THE DC OF GRANT,Female,46-50,1,2,2
12941,THE DC OF GRANT,Female,46-50,1,3,1
12942,THE DC OF GRANT,Female,46-50,2,0,27
12943,THE DC OF GRANT,Female,46-50,2,1,7
12944,THE DC OF GRANT,Female,46-50,2,2,7
12945,THE DC OF GRANT,Female,46-50,2,3,1
12946,THE DC OF GRANT,Female,46-50,3,0,2
12947,THE DC OF GRANT,Female,46-50,3,1,2
12948,THE DC OF GRANT,Female,46-50,4,0,1
12949,THE DC OF GRANT,Female,46-50,4,1,1
12950,THE DC OF GRANT,Female,51-55,0,1,10
12951,THE DC OF GRANT,Female,51-55,0,2,3
12952,THE DC OF GRANT,Female,51-55,0,3,3
12953,THE DC OF GRANT,Female,51-55,1,0,69
12954,THE DC OF GRANT,Female,51-55,1,1,11
12955,THE DC OF GRANT,Female,51-55,1,2,10
12956,THE DC OF GRANT,Female,51-55,1,3,1
12957,THE DC OF GRANT,Female,51-55,1,4,1
12958,THE DC OF GRANT,Female,51-55,2,0,34
12959,THE DC OF GRANT,Female,51-55,2,1,8
12960,THE DC OF GRANT,Female,51-55,2,2,1
12961,THE DC OF GRANT,Female,51-55,3,>5,1
12962,THE DC OF GRANT,Female,51-55,3,0,9
12963,THE DC OF GRANT,Female,51-55,3,1,2
12964,THE DC OF GRANT,Female,51-55,3,2,1
12965,THE DC OF GRANT,Female,51-55,3,3,1
12966,THE DC OF GRANT,Female,51-55,4,0,2
12967,THE DC OF GRANT,Female,51-55,4,3,3
12968,THE DC OF GRANT,Female,51-55,5,0,2
12969,THE DC OF GRANT,Female,56-60,>5,1,1
12970,THE DC OF GRANT,Female,56-60,0,1,12
12971,THE DC OF GRANT,Female,56-60,0,2,4
12972,THE DC OF GRANT,Female,56-60,0,3,1
12973,THE DC OF GRANT,Female,56-60,1,0,70
12974,THE DC OF GRANT,Female,56-60,1,1,8
12975,THE DC OF GRANT,Female,56-60,1,2,4
12976,THE DC OF GRANT,Female,56-60,1,3,2
12977,THE DC OF GRANT,Female,56-60,2,0,21
12978,THE DC OF GRANT,Female,56-60,2,1,3
12979,THE DC OF GRANT,Female,56-60,2,2,2
12980,THE DC OF GRANT,Female,56-60,2,3,1
12981,THE DC OF GRANT,Female,56-60,2,4,1
12982,THE DC OF GRANT,Female,56-60,3,0,7
12983,THE DC OF GRANT,Female,56-60,3,1,2
12984,THE DC OF GRANT,Female,56-60,3,2,1
12985,THE DC OF GRANT,Female,56-60,4,1,2
12986,THE DC OF GRANT,Female,56-60,5,0,1
12987,THE DC OF GRANT,Female,56-60,5,1,2
12988,THE DC OF GRANT,Female,56-60,5,2,1
12989,THE DC OF GRANT,Female,61-65,>5,0,1
12990,THE DC OF GRANT,Female,61-65,>5,1,1
12991,THE DC OF GRANT,Female,61-65,>5,2,1
12992,THE DC OF GRANT,Female,61-65,0,>5,2
12993,THE DC OF GRANT,Female,61-65,0,1,9
12994,THE DC OF GRANT,Female,61-65,0,2,2
12995,THE DC OF GRANT,Female,61-65,0,3,1
12996,THE DC OF GRANT,Female,61-65,1,0,63
12997,THE DC OF GRANT,Female,61-65,1,1,3
12998,THE DC OF GRANT,Female,61-65,1,2,1
12999,THE DC OF GRANT,Female,61-65,2,0,26
13000,THE DC OF GRANT,Female,61-65,2,1,4
13001,THE DC OF GRANT,Female,61-65,3,0,4
13002,THE DC OF GRANT,Female,61-65,3,1,2
13003,THE DC OF GRANT,Female,61-65,4,0,2
13004,THE DC OF GRANT,Female,61-65,5,0,1
13005,THE DC OF GRANT,Female,61-65,5,1,1
13006,THE DC OF GRANT,Female,66-70,>5,0,2
13007,THE DC OF GRANT,Female,66-70,0,1,6
13008,THE DC OF GRANT,Female,66-70,0,2,1
13009,THE DC OF GRANT,Female,66-70,0,3,3
13010,THE DC OF GRANT,Female,66-70,1,0,43
13011,THE DC OF GRANT,Female,66-70,1,1,3
13012,THE DC OF GRANT,Female,66-70,1,4,1
13013,THE DC OF GRANT,Female,66-70,2,0,7
13014,THE DC OF GRANT,Female,66-70,3,0,5
13015,THE DC OF GRANT,Female,66-70,5,1,1
13016,THE DC OF GRANT,Female,Unknown,0,1,5
13017,THE DC OF GRANT,Female,Unknown,1,1,1
13018,THE DC OF GRANT,Male,>70,>5,0,1
13019,THE DC OF GRANT,Male,>70,>5,5,1
13020,THE DC OF GRANT,Male,>70,0,1,7
13021,THE DC OF GRANT,Male,>70,0,2,1
13022,THE DC OF GRANT,Male,>70,0,3,1
13023,THE DC OF GRANT,Male,>70,1,0,89
13024,THE DC OF GRANT,Male,>70,1,1,1
13025,THE DC OF GRANT,Male,>70,2,0,18
13026,THE DC OF GRANT,Male,>70,3,0,4
13027,THE DC OF GRANT,Male,>70,4,0,4
13028,THE DC OF GRANT,Male,>70,5,0,1
13029,THE DC OF GRANT,Male,16-20,1,0,6
13030,THE DC OF GRANT,Male,21-25,>5,0,1
13031,THE DC OF GRANT,Male,21-25,0,1,1
13032,THE DC OF GRANT,Male,21-25,1,0,26
13033,THE DC OF GRANT,Male,21-25,1,1,1
13034,THE DC OF GRANT,Male,21-25,2,0,5
13035,THE DC OF GRANT,Male,21-25,2,2,1
13036,THE DC OF GRANT,Male,26-30,0,1,3
13037,THE DC OF GRANT,Male,26-30,1,0,29
13038,THE DC OF GRANT,Male,26-30,2,0,10
13039,THE DC OF GRANT,Male,26-30,3,1,1
13040,THE DC OF GRANT,Male,31-35,>5,0,3
13041,THE DC OF GRANT,Male,31-35,0,1,2
13042,THE DC OF GRANT,Male,31-35,1,0,31
13043,THE DC OF GRANT,Male,31-35,1,1,2
13044,THE DC OF GRANT,Male,31-35,1,2,1
13045,THE DC OF GRANT,Male,31-35,2,0,12
13046,THE DC OF GRANT,Male,31-35,2,1,1
13047,THE DC OF GRANT,Male,31-35,2,2,1
13048,THE DC OF GRANT,Male,31-35,4,2,2
13049,THE DC OF GRANT,Male,31-35,5,0,1
13050,THE DC OF GRANT,Male,36-40,>5,0,3
13051,THE DC OF GRANT,Male,36-40,0,1,2
13052,THE DC OF GRANT,Male,36-40,0,2,1
13053,THE DC OF GRANT,Male,36-40,1,0,33
13054,THE DC OF GRANT,Male,36-40,1,1,3
13055,THE DC OF GRANT,Male,36-40,1,2,1
13056,THE DC OF GRANT,Male,36-40,2,0,10
13057,THE DC OF GRANT,Male,36-40,2,1,1
13058,THE DC OF GRANT,Male,41-45,>5,0,1
13059,THE DC OF GRANT,Male,41-45,0,>5,1
13060,THE DC OF GRANT,Male,41-45,0,1,4
13061,THE DC OF GRANT,Male,41-45,1,0,27
13062,THE DC OF GRANT,Male,41-45,1,1,5
13063,THE DC OF GRANT,Male,41-45,1,2,1
13064,THE DC OF GRANT,Male,41-45,1,4,1
13065,THE DC OF GRANT,Male,41-45,2,0,17
13066,THE DC OF GRANT,Male,41-45,2,1,2
13067,THE DC OF GRANT,Male,41-45,2,2,1
13068,THE DC OF GRANT,Male,41-45,3,0,2
13069,THE DC OF GRANT,Male,41-45,3,2,2
13070,THE DC OF GRANT,Male,41-45,4,0,1
13071,THE DC OF GRANT,Male,41-45,5,0,2
13072,THE DC OF GRANT,Male,46-50,>5,0,2
13073,THE DC OF GRANT,Male,46-50,0,1,3
13074,THE DC OF GRANT,Male,46-50,0,2,1
13075,THE DC OF GRANT,Male,46-50,1,0,31
13076,THE DC OF GRANT,Male,46-50,1,1,1
13077,THE DC OF GRANT,Male,46-50,1,2,2
13078,THE DC OF GRANT,Male,46-50,2,0,16
13079,THE DC OF GRANT,Male,46-50,2,1,1
13080,THE DC OF GRANT,Male,46-50,2,2,1
13081,THE DC OF GRANT,Male,46-50,3,0,7
13082,THE DC OF GRANT,Male,46-50,4,0,3
13083,THE DC OF GRANT,Male,46-50,5,0,4
13084,THE DC OF GRANT,Male,51-55,>5,0,2
13085,THE DC OF GRANT,Male,51-55,>5,1,1
13086,THE DC OF GRANT,Male,51-55,0,1,5
13087,THE DC OF GRANT,Male,51-55,0,2,1
13088,THE DC OF GRANT,Male,51-55,1,0,45
13089,THE DC OF GRANT,Male,51-55,1,1,6
13090,THE DC OF GRANT,Male,51-55,1,3,1
13091,THE DC OF GRANT,Male,51-55,2,0,11
13092,THE DC OF GRANT,Male,51-55,2,1,5
13093,THE DC OF GRANT,Male,51-55,2,2,3
13094,THE DC OF GRANT,Male,51-55,3,0,4
13095,THE DC OF GRANT,Male,51-55,4,0,1
13096,THE DC OF GRANT,Male,51-55,4,1,1
13097,THE DC OF GRANT,Male,56-60,>5,0,2
13098,THE DC OF GRANT,Male,56-60,0,1,5
13099,THE DC OF GRANT,Male,56-60,0,2,1
13100,THE DC OF GRANT,Male,56-60,1,0,43
13101,THE DC OF GRANT,Male,56-60,1,1,3
13102,THE DC OF GRANT,Male,56-60,1,2,2
13103,THE DC OF GRANT,Male,56-60,2,0,20
13104,THE DC OF GRANT,Male,56-60,2,1,2
13105,THE DC OF GRANT,Male,56-60,3,0,4
13106,THE DC OF GRANT,Male,56-60,3,1,2
13107,THE DC OF GRANT,Male,56-60,3,2,1
13108,THE DC OF GRANT,Male,56-60,4,0,1
13109,THE DC OF GRANT,Male,56-60,4,1,1
13110,THE DC OF GRANT,Male,56-60,5,0,1
13111,THE DC OF GRANT,Male,61-65,>5,0,1
13112,THE DC OF GRANT,Male,61-65,>5,1,2
13113,THE DC OF GRANT,Male,61-65,0,1,5
13114,THE DC OF GRANT,Male,61-65,0,2,1
13115,THE DC OF GRANT,Male,61-65,0,3,1
13116,THE DC OF GRANT,Male,61-65,1,0,36
13117,THE DC OF GRANT,Male,61-65,1,1,1
13118,THE DC OF GRANT,Male,61-65,1,2,1
13119,THE DC OF GRANT,Male,61-65,2,0,22
13120,THE DC OF GRANT,Male,61-65,2,1,1
13121,THE DC OF GRANT,Male,61-65,2,2,1
13122,THE DC OF GRANT,Male,61-65,3,0,2
13123,THE DC OF GRANT,Male,61-65,4,0,1
13124,THE DC OF GRANT,Male,61-65,5,0,1
13125,THE DC OF GRANT,Male,66-70,>5,0,4
13126,THE DC OF GRANT,Male,66-70,0,1,6
13127,THE DC OF GRANT,Male,66-70,1,0,45
13128,THE DC OF GRANT,Male,66-70,1,1,5
13129,THE DC OF GRANT,Male,66-70,2,0,19
13130,THE DC OF GRANT,Male,66-70,2,1,3
13131,THE DC OF GRANT,Male,66-70,3,0,2
13132,THE DC OF GRANT,Male,66-70,4,0,1
13133,THE DC OF GRANT,Male,66-70,5,0,1
13134,THE DC OF GRANT,Other,>70,1,0,5
13135,THE DC OF GRANT,Other,>70,3,0,1
13136,THE DC OF GRANT,Other,>70,4,4,1
13137,THE DC OF GRANT,Other,26-30,1,4,1
13138,THE DC OF GRANT,Other,31-35,1,0,3
13139,THE DC OF GRANT,Other,31-35,2,0,1
13140,THE DC OF GRANT,Other,41-45,1,0,2
13141,THE DC OF GRANT,Other,46-50,1,0,1
13142,THE DC OF GRANT,Other,46-50,3,0,1
13143,THE DC OF GRANT,Other,51-55,>5,2,1
13144,THE DC OF GRANT,Other,51-55,1,0,4
13145,THE DC OF GRANT,Other,51-55,1,1,1
13146,THE DC OF GRANT,Other,51-55,2,0,1
13147,THE DC OF GRANT,Other,56-60,2,0,1
13148,THE DC OF GRANT,Other,56-60,3,0,1
13149,THE DC OF GRANT,Other,56-60,3,1,1
13150,THE DC OF GRANT,Other,61-65,1,0,3
13151,THE DC OF GRANT,Other,66-70,1,0,2
13152,THE DC OF GRANT,SUPPRESSED,Unknown,1,0,2
13153,THE DC OF GRANT,Unknown,41-45,0,1,1
13154,THE DC OF KAROONDA EAST MURRAY,Female,>70,>5,0,1
13155,THE DC OF KAROONDA EAST MURRAY,Female,>70,0,1,3
13156,THE DC OF KAROONDA EAST MURRAY,Female,>70,0,3,1
13157,THE DC OF KAROONDA EAST MURRAY,Female,>70,1,0,9
13158,THE DC OF KAROONDA EAST MURRAY,Female,>70,1,1,1
13159,THE DC OF KAROONDA EAST MURRAY,Female,>70,2,0,2
13160,THE DC OF KAROONDA EAST MURRAY,Female,16-20,0,1,1
13161,THE DC OF KAROONDA EAST MURRAY,Female,16-20,1,0,1
13162,THE DC OF KAROONDA EAST MURRAY,Female,21-25,1,0,6
13163,THE DC OF KAROONDA EAST MURRAY,Female,21-25,2,0,1
13164,THE DC OF KAROONDA EAST MURRAY,Female,21-25,3,0,1
13165,THE DC OF KAROONDA EAST MURRAY,Female,26-30,0,2,1
13166,THE DC OF KAROONDA EAST MURRAY,Female,26-30,1,0,5
13167,THE DC OF KAROONDA EAST MURRAY,Female,31-35,1,0,8
13168,THE DC OF KAROONDA EAST MURRAY,Female,31-35,2,0,4
13169,THE DC OF KAROONDA EAST MURRAY,Female,36-40,1,0,4
13170,THE DC OF KAROONDA EAST MURRAY,Female,36-40,2,0,1
13171,THE DC OF KAROONDA EAST MURRAY,Female,36-40,2,1,2
13172,THE DC OF KAROONDA EAST MURRAY,Female,41-45,0,1,1
13173,THE DC OF KAROONDA EAST MURRAY,Female,41-45,1,0,1
13174,THE DC OF KAROONDA EAST MURRAY,Female,41-45,1,1,2
13175,THE DC OF KAROONDA EAST MURRAY,Female,41-45,1,3,1
13176,THE DC OF KAROONDA EAST MURRAY,Female,46-50,>5,0,1
13177,THE DC OF KAROONDA EAST MURRAY,Female,46-50,0,1,1
13178,THE DC OF KAROONDA EAST MURRAY,Female,46-50,1,0,7
13179,THE DC OF KAROONDA EAST MURRAY,Female,46-50,1,1,3
13180,THE DC OF KAROONDA EAST MURRAY,Female,46-50,1,4,1
13181,THE DC OF KAROONDA EAST MURRAY,Female,46-50,2,0,3
13182,THE DC OF KAROONDA EAST MURRAY,Female,46-50,2,2,1
13183,THE DC OF KAROONDA EAST MURRAY,Female,46-50,3,0,1
13184,THE DC OF KAROONDA EAST MURRAY,Female,46-50,5,1,1
13185,THE DC OF KAROONDA EAST MURRAY,Female,51-55,>5,1,2
13186,THE DC OF KAROONDA EAST MURRAY,Female,51-55,0,1,1
13187,THE DC OF KAROONDA EAST MURRAY,Female,51-55,1,0,4
13188,THE DC OF KAROONDA EAST MURRAY,Female,51-55,2,0,2
13189,THE DC OF KAROONDA EAST MURRAY,Female,51-55,2,4,1
13190,THE DC OF KAROONDA EAST MURRAY,Female,51-55,4,2,1
13191,THE DC OF KAROONDA EAST MURRAY,Female,56-60,>5,0,1
13192,THE DC OF KAROONDA EAST MURRAY,Female,56-60,0,2,1
13193,THE DC OF KAROONDA EAST MURRAY,Female,56-60,1,0,2
13194,THE DC OF KAROONDA EAST MURRAY,Female,56-60,1,2,1
13195,THE DC OF KAROONDA EAST MURRAY,Female,56-60,3,0,1
13196,THE DC OF KAROONDA EAST MURRAY,Female,61-65,1,0,2
13197,THE DC OF KAROONDA EAST MURRAY,Female,61-65,2,0,7
13198,THE DC OF KAROONDA EAST MURRAY,Female,66-70,>5,0,1
13199,THE DC OF KAROONDA EAST MURRAY,Female,66-70,0,1,2
13200,THE DC OF KAROONDA EAST MURRAY,Female,66-70,1,0,3
13201,THE DC OF KAROONDA EAST MURRAY,Female,66-70,2,0,2
13202,THE DC OF KAROONDA EAST MURRAY,Female,Unknown,0,1,1
13203,THE DC OF KAROONDA EAST MURRAY,Male,>70,0,2,1
13204,THE DC OF KAROONDA EAST MURRAY,Male,>70,1,0,14
13205,THE DC OF KAROONDA EAST MURRAY,Male,>70,2,0,1
13206,THE DC OF KAROONDA EAST MURRAY,Male,>70,2,1,1
13207,THE DC OF KAROONDA EAST MURRAY,Male,>70,3,0,1
13208,THE DC OF KAROONDA EAST MURRAY,Male,16-20,1,0,1
13209,THE DC OF KAROONDA EAST MURRAY,Male,21-25,1,0,5
13210,THE DC OF KAROONDA EAST MURRAY,Male,26-30,1,0,5
13211,THE DC OF KAROONDA EAST MURRAY,Male,26-30,3,0,1
13212,THE DC OF KAROONDA EAST MURRAY,Male,31-35,1,0,5
13213,THE DC OF KAROONDA EAST MURRAY,Male,31-35,2,0,5
13214,THE DC OF KAROONDA EAST MURRAY,Male,31-35,4,3,1
13215,THE DC OF KAROONDA EAST MURRAY,Male,36-40,1,0,2
13216,THE DC OF KAROONDA EAST MURRAY,Male,36-40,3,0,2
13217,THE DC OF KAROONDA EAST MURRAY,Male,41-45,1,0,2
13218,THE DC OF KAROONDA EAST MURRAY,Male,41-45,2,0,4
13219,THE DC OF KAROONDA EAST MURRAY,Male,41-45,5,2,1
13220,THE DC OF KAROONDA EAST MURRAY,Male,46-50,1,0,7
13221,THE DC OF KAROONDA EAST MURRAY,Male,46-50,1,1,1
13222,THE DC OF KAROONDA EAST MURRAY,Male,46-50,2,0,3
13223,THE DC OF KAROONDA EAST MURRAY,Male,46-50,3,0,1
13224,THE DC OF KAROONDA EAST MURRAY,Male,46-50,4,0,1
13225,THE DC OF KAROONDA EAST MURRAY,Male,51-55,1,0,9
13226,THE DC OF KAROONDA EAST MURRAY,Male,51-55,1,1,1
13227,THE DC OF KAROONDA EAST MURRAY,Male,51-55,1,2,1
13228,THE DC OF KAROONDA EAST MURRAY,Male,51-55,2,0,1
13229,THE DC OF KAROONDA EAST MURRAY,Male,51-55,3,0,1
13230,THE DC OF KAROONDA EAST MURRAY,Male,51-55,5,0,1
13231,THE DC OF KAROONDA EAST MURRAY,Male,56-60,1,0,6
13232,THE DC OF KAROONDA EAST MURRAY,Male,56-60,2,0,4
13233,THE DC OF KAROONDA EAST MURRAY,Male,56-60,3,0,2
13234,THE DC OF KAROONDA EAST MURRAY,Male,56-60,4,0,1
13235,THE DC OF KAROONDA EAST MURRAY,Male,61-65,>5,0,1
13236,THE DC OF KAROONDA EAST MURRAY,Male,61-65,1,0,6
13237,THE DC OF KAROONDA EAST MURRAY,Male,61-65,1,3,1
13238,THE DC OF KAROONDA EAST MURRAY,Male,61-65,3,0,1
13239,THE DC OF KAROONDA EAST MURRAY,Male,66-70,1,0,5
13240,THE DC OF KAROONDA EAST MURRAY,Male,66-70,2,0,1
13241,THE DC OF KAROONDA EAST MURRAY,Male,66-70,3,0,2
13242,THE DC OF KAROONDA EAST MURRAY,Male,66-70,4,0,1
13243,THE DC OF KAROONDA EAST MURRAY,Male,Unknown,0,1,1
13244,THE DC OF KAROONDA EAST MURRAY,Other,>70,0,1,1
13245,THE DC OF KAROONDA EAST MURRAY,Other,>70,1,0,12
13246,THE DC OF KAROONDA EAST MURRAY,Other,>70,2,0,1
13247,THE DC OF KAROONDA EAST MURRAY,Other,>70,3,0,1
13248,THE DC OF KAROONDA EAST MURRAY,Other,>70,4,0,1
13249,THE DC OF KAROONDA EAST MURRAY,Other,26-30,1,0,1
13250,THE DC OF KAROONDA EAST MURRAY,Other,41-45,1,0,2
13251,THE DC OF KAROONDA EAST MURRAY,Other,46-50,1,0,1
13252,THE DC OF KAROONDA EAST MURRAY,Other,46-50,2,0,1
13253,THE DC OF KAROONDA EAST MURRAY,Other,51-55,1,0,2
13254,THE DC OF KAROONDA EAST MURRAY,Other,51-55,2,0,2
13255,THE DC OF KAROONDA EAST MURRAY,Other,56-60,1,0,2
13256,THE DC OF KAROONDA EAST MURRAY,Other,56-60,2,0,2
13257,THE DC OF KAROONDA EAST MURRAY,Other,56-60,4,0,2
13258,THE DC OF KAROONDA EAST MURRAY,Other,61-65,1,0,5
13259,THE DC OF KAROONDA EAST MURRAY,Other,61-65,3,0,1
13260,THE DC OF KAROONDA EAST MURRAY,Other,66-70,1,0,7
13261,THE DC OF KAROONDA EAST MURRAY,Unknown,Unknown,0,2,2
13262,THE DC OF KIMBA,Female,>70,0,1,4
13263,THE DC OF KIMBA,Female,>70,1,0,5
13264,THE DC OF KIMBA,Female,16-20,1,0,1
13265,THE DC OF KIMBA,Female,21-25,0,1,1
13266,THE DC OF KIMBA,Female,21-25,1,0,2
13267,THE DC OF KIMBA,Female,21-25,2,0,1
13268,THE DC OF KIMBA,Female,21-25,3,0,1
13269,THE DC OF KIMBA,Female,26-30,0,2,1
13270,THE DC OF KIMBA,Female,26-30,1,0,7
13271,THE DC OF KIMBA,Female,26-30,2,0,4
13272,THE DC OF KIMBA,Female,31-35,1,0,5
13273,THE DC OF KIMBA,Female,31-35,1,1,1
13274,THE DC OF KIMBA,Female,31-35,2,0,1
13275,THE DC OF KIMBA,Female,31-35,2,2,1
13276,THE DC OF KIMBA,Female,36-40,>5,1,1
13277,THE DC OF KIMBA,Female,36-40,0,1,1
13278,THE DC OF KIMBA,Female,36-40,0,2,1
13279,THE DC OF KIMBA,Female,36-40,1,0,6
13280,THE DC OF KIMBA,Female,36-40,1,1,1
13281,THE DC OF KIMBA,Female,36-40,2,0,3
13282,THE DC OF KIMBA,Female,36-40,2,2,1
13283,THE DC OF KIMBA,Female,36-40,2,3,1
13284,THE DC OF KIMBA,Female,36-40,3,0,1
13285,THE DC OF KIMBA,Female,36-40,3,1,1
13286,THE DC OF KIMBA,Female,36-40,3,2,1
13287,THE DC OF KIMBA,Female,36-40,5,0,1
13288,THE DC OF KIMBA,Female,41-45,0,2,1
13289,THE DC OF KIMBA,Female,41-45,1,0,3
13290,THE DC OF KIMBA,Female,41-45,1,1,1
13291,THE DC OF KIMBA,Female,41-45,2,0,2
13292,THE DC OF KIMBA,Female,41-45,3,0,1
13293,THE DC OF KIMBA,Female,41-45,4,1,1
13294,THE DC OF KIMBA,Female,46-50,0,1,2
13295,THE DC OF KIMBA,Female,46-50,0,4,1
13296,THE DC OF KIMBA,Female,46-50,1,0,5
13297,THE DC OF KIMBA,Female,46-50,1,1,1
13298,THE DC OF KIMBA,Female,46-50,2,2,1
13299,THE DC OF KIMBA,Female,46-50,3,0,2
13300,THE DC OF KIMBA,Female,51-55,0,1,1
13301,THE DC OF KIMBA,Female,51-55,1,0,7
13302,THE DC OF KIMBA,Female,51-55,1,2,1
13303,THE DC OF KIMBA,Female,51-55,1,3,1
13304,THE DC OF KIMBA,Female,51-55,2,0,4
13305,THE DC OF KIMBA,Female,56-60,0,1,1
13306,THE DC OF KIMBA,Female,56-60,1,0,6
13307,THE DC OF KIMBA,Female,56-60,2,0,3
13308,THE DC OF KIMBA,Female,56-60,2,1,1
13309,THE DC OF KIMBA,Female,61-65,0,1,1
13310,THE DC OF KIMBA,Female,61-65,1,0,4
13311,THE DC OF KIMBA,Female,61-65,1,1,1
13312,THE DC OF KIMBA,Female,61-65,2,0,2
13313,THE DC OF KIMBA,Female,61-65,3,0,1
13314,THE DC OF KIMBA,Female,66-70,0,1,1
13315,THE DC OF KIMBA,Female,66-70,1,0,2
13316,THE DC OF KIMBA,Female,66-70,1,1,1
13317,THE DC OF KIMBA,Female,66-70,2,0,1
13318,THE DC OF KIMBA,Male,>70,>5,0,1
13319,THE DC OF KIMBA,Male,>70,0,1,1
13320,THE DC OF KIMBA,Male,>70,0,2,1
13321,THE DC OF KIMBA,Male,>70,1,0,7
13322,THE DC OF KIMBA,Male,>70,2,0,1
13323,THE DC OF KIMBA,Male,16-20,1,0,1
13324,THE DC OF KIMBA,Male,21-25,1,0,4
13325,THE DC OF KIMBA,Male,21-25,4,0,1
13326,THE DC OF KIMBA,Male,26-30,0,2,1
13327,THE DC OF KIMBA,Male,26-30,1,0,6
13328,THE DC OF KIMBA,Male,26-30,1,1,1
13329,THE DC OF KIMBA,Male,26-30,2,0,1
13330,THE DC OF KIMBA,Male,31-35,1,0,3
13331,THE DC OF KIMBA,Male,31-35,1,1,1
13332,THE DC OF KIMBA,Male,31-35,2,0,2
13333,THE DC OF KIMBA,Male,31-35,2,1,1
13334,THE DC OF KIMBA,Male,36-40,1,0,4
13335,THE DC OF KIMBA,Male,36-40,2,0,1
13336,THE DC OF KIMBA,Male,41-45,1,0,1
13337,THE DC OF KIMBA,Male,41-45,2,0,2
13338,THE DC OF KIMBA,Male,41-45,2,1,1
13339,THE DC OF KIMBA,Male,41-45,3,0,1
13340,THE DC OF KIMBA,Male,41-45,4,1,1
13341,THE DC OF KIMBA,Male,46-50,>5,0,1
13342,THE DC OF KIMBA,Male,46-50,0,2,1
13343,THE DC OF KIMBA,Male,46-50,0,3,1
13344,THE DC OF KIMBA,Male,46-50,1,0,3
13345,THE DC OF KIMBA,Male,46-50,2,0,2
13346,THE DC OF KIMBA,Male,51-55,>5,0,2
13347,THE DC OF KIMBA,Male,51-55,1,0,3
13348,THE DC OF KIMBA,Male,51-55,3,1,1
13349,THE DC OF KIMBA,Male,56-60,1,0,5
13350,THE DC OF KIMBA,Male,56-60,2,0,2
13351,THE DC OF KIMBA,Male,61-65,0,1,1
13352,THE DC OF KIMBA,Male,61-65,1,0,5
13353,THE DC OF KIMBA,Male,61-65,2,0,2
13354,THE DC OF KIMBA,Male,61-65,3,0,1
13355,THE DC OF KIMBA,Male,66-70,>5,0,1
13356,THE DC OF KIMBA,Male,66-70,3,0,2
13357,THE DC OF KIMBA,Other,>70,1,0,3
13358,THE DC OF KIMBA,Other,>70,2,0,1
13359,THE DC OF KIMBA,Other,31-35,2,0,1
13360,THE DC OF KIMBA,Other,36-40,2,0,1
13361,THE DC OF KIMBA,Other,41-45,1,0,1
13362,THE DC OF KIMBA,Other,46-50,1,1,1
13363,THE DC OF KIMBA,Other,51-55,1,1,1
13364,THE DC OF KIMBA,Other,56-60,2,0,1
13365,THE DC OF KIMBA,Other,61-65,1,0,1
13366,THE DC OF KIMBA,Other,61-65,2,0,1
13367,THE DC OF KIMBA,Other,66-70,1,0,2
13368,THE DC OF KIMBA,SUPPRESSED,Unknown,1,1,1
13369,THE DC OF LOWER EYRE PENINSULA,Female,>70,0,1,4
13370,THE DC OF LOWER EYRE PENINSULA,Female,>70,0,2,2
13371,THE DC OF LOWER EYRE PENINSULA,Female,>70,1,0,60
13372,THE DC OF LOWER EYRE PENINSULA,Female,>70,1,1,2
13373,THE DC OF LOWER EYRE PENINSULA,Female,>70,1,2,1
13374,THE DC OF LOWER EYRE PENINSULA,Female,>70,2,0,10
13375,THE DC OF LOWER EYRE PENINSULA,Female,>70,2,1,1
13376,THE DC OF LOWER EYRE PENINSULA,Female,>70,3,0,2
13377,THE DC OF LOWER EYRE PENINSULA,Female,16-20,0,1,2
13378,THE DC OF LOWER EYRE PENINSULA,Female,16-20,1,0,6
13379,THE DC OF LOWER EYRE PENINSULA,Female,21-25,0,1,5
13380,THE DC OF LOWER EYRE PENINSULA,Female,21-25,0,3,1
13381,THE DC OF LOWER EYRE PENINSULA,Female,21-25,1,0,17
13382,THE DC OF LOWER EYRE PENINSULA,Female,21-25,1,1,1
13383,THE DC OF LOWER EYRE PENINSULA,Female,21-25,1,2,1
13384,THE DC OF LOWER EYRE PENINSULA,Female,21-25,2,0,3
13385,THE DC OF LOWER EYRE PENINSULA,Female,21-25,2,1,1
13386,THE DC OF LOWER EYRE PENINSULA,Female,26-30,0,1,8
13387,THE DC OF LOWER EYRE PENINSULA,Female,26-30,0,2,2
13388,THE DC OF LOWER EYRE PENINSULA,Female,26-30,1,0,34
13389,THE DC OF LOWER EYRE PENINSULA,Female,26-30,1,1,6
13390,THE DC OF LOWER EYRE PENINSULA,Female,26-30,1,2,1
13391,THE DC OF LOWER EYRE PENINSULA,Female,26-30,2,0,3
13392,THE DC OF LOWER EYRE PENINSULA,Female,26-30,2,1,2
13393,THE DC OF LOWER EYRE PENINSULA,Female,26-30,2,2,1
13394,THE DC OF LOWER EYRE PENINSULA,Female,31-35,0,1,3
13395,THE DC OF LOWER EYRE PENINSULA,Female,31-35,0,3,1
13396,THE DC OF LOWER EYRE PENINSULA,Female,31-35,1,0,42
13397,THE DC OF LOWER EYRE PENINSULA,Female,31-35,1,1,7
13398,THE DC OF LOWER EYRE PENINSULA,Female,31-35,1,2,1
13399,THE DC OF LOWER EYRE PENINSULA,Female,31-35,1,4,1
13400,THE DC OF LOWER EYRE PENINSULA,Female,31-35,2,0,7
13401,THE DC OF LOWER EYRE PENINSULA,Female,31-35,2,1,1
13402,THE DC OF LOWER EYRE PENINSULA,Female,31-35,2,3,1
13403,THE DC OF LOWER EYRE PENINSULA,Female,31-35,3,0,1
13404,THE DC OF LOWER EYRE PENINSULA,Female,36-40,>5,0,1
13405,THE DC OF LOWER EYRE PENINSULA,Female,36-40,0,1,5
13406,THE DC OF LOWER EYRE PENINSULA,Female,36-40,0,2,3
13407,THE DC OF LOWER EYRE PENINSULA,Female,36-40,1,0,44
13408,THE DC OF LOWER EYRE PENINSULA,Female,36-40,1,1,5
13409,THE DC OF LOWER EYRE PENINSULA,Female,36-40,1,2,1
13410,THE DC OF LOWER EYRE PENINSULA,Female,36-40,2,0,14
13411,THE DC OF LOWER EYRE PENINSULA,Female,36-40,2,1,2
13412,THE DC OF LOWER EYRE PENINSULA,Female,36-40,2,2,1
13413,THE DC OF LOWER EYRE PENINSULA,Female,41-45,0,1,2
13414,THE DC OF LOWER EYRE PENINSULA,Female,41-45,0,2,4
13415,THE DC OF LOWER EYRE PENINSULA,Female,41-45,1,0,55
13416,THE DC OF LOWER EYRE PENINSULA,Female,41-45,1,1,14
13417,THE DC OF LOWER EYRE PENINSULA,Female,41-45,1,2,1
13418,THE DC OF LOWER EYRE PENINSULA,Female,41-45,2,0,17
13419,THE DC OF LOWER EYRE PENINSULA,Female,41-45,2,1,2
13420,THE DC OF LOWER EYRE PENINSULA,Female,41-45,2,2,2
13421,THE DC OF LOWER EYRE PENINSULA,Female,41-45,3,0,1
13422,THE DC OF LOWER EYRE PENINSULA,Female,41-45,4,1,1
13423,THE DC OF LOWER EYRE PENINSULA,Female,46-50,0,1,2
13424,THE DC OF LOWER EYRE PENINSULA,Female,46-50,0,2,2
13425,THE DC OF LOWER EYRE PENINSULA,Female,46-50,0,3,1
13426,THE DC OF LOWER EYRE PENINSULA,Female,46-50,1,0,63
13427,THE DC OF LOWER EYRE PENINSULA,Female,46-50,1,1,6
13428,THE DC OF LOWER EYRE PENINSULA,Female,46-50,1,2,1
13429,THE DC OF LOWER EYRE PENINSULA,Female,46-50,2,0,17
13430,THE DC OF LOWER EYRE PENINSULA,Female,46-50,2,1,1
13431,THE DC OF LOWER EYRE PENINSULA,Female,46-50,3,0,1
13432,THE DC OF LOWER EYRE PENINSULA,Female,46-50,3,1,1
13433,THE DC OF LOWER EYRE PENINSULA,Female,46-50,4,1,1
13434,THE DC OF LOWER EYRE PENINSULA,Female,51-55,>5,0,1
13435,THE DC OF LOWER EYRE PENINSULA,Female,51-55,0,1,8
13436,THE DC OF LOWER EYRE PENINSULA,Female,51-55,0,2,2
13437,THE DC OF LOWER EYRE PENINSULA,Female,51-55,0,3,1
13438,THE DC OF LOWER EYRE PENINSULA,Female,51-55,1,0,59
13439,THE DC OF LOWER EYRE PENINSULA,Female,51-55,1,1,8
13440,THE DC OF LOWER EYRE PENINSULA,Female,51-55,1,2,2
13441,THE DC OF LOWER EYRE PENINSULA,Female,51-55,2,0,23
13442,THE DC OF LOWER EYRE PENINSULA,Female,51-55,2,1,3
13443,THE DC OF LOWER EYRE PENINSULA,Female,51-55,2,2,1
13444,THE DC OF LOWER EYRE PENINSULA,Female,51-55,2,3,1
13445,THE DC OF LOWER EYRE PENINSULA,Female,51-55,3,0,4
13446,THE DC OF LOWER EYRE PENINSULA,Female,51-55,3,2,1
13447,THE DC OF LOWER EYRE PENINSULA,Female,51-55,4,1,1
13448,THE DC OF LOWER EYRE PENINSULA,Female,51-55,5,0,1
13449,THE DC OF LOWER EYRE PENINSULA,Female,56-60,0,1,4
13450,THE DC OF LOWER EYRE PENINSULA,Female,56-60,0,2,2
13451,THE DC OF LOWER EYRE PENINSULA,Female,56-60,1,0,42
13452,THE DC OF LOWER EYRE PENINSULA,Female,56-60,1,1,1
13453,THE DC OF LOWER EYRE PENINSULA,Female,56-60,1,2,1
13454,THE DC OF LOWER EYRE PENINSULA,Female,56-60,2,0,17
13455,THE DC OF LOWER EYRE PENINSULA,Female,56-60,2,1,1
13456,THE DC OF LOWER EYRE PENINSULA,Female,56-60,2,2,1
13457,THE DC OF LOWER EYRE PENINSULA,Female,56-60,3,0,3
13458,THE DC OF LOWER EYRE PENINSULA,Female,56-60,3,1,1
13459,THE DC OF LOWER EYRE PENINSULA,Female,56-60,5,0,1
13460,THE DC OF LOWER EYRE PENINSULA,Female,61-65,0,1,3
13461,THE DC OF LOWER EYRE PENINSULA,Female,61-65,0,2,1
13462,THE DC OF LOWER EYRE PENINSULA,Female,61-65,1,0,47
13463,THE DC OF LOWER EYRE PENINSULA,Female,61-65,1,1,1
13464,THE DC OF LOWER EYRE PENINSULA,Female,61-65,2,0,10
13465,THE DC OF LOWER EYRE PENINSULA,Female,61-65,2,1,2
13466,THE DC OF LOWER EYRE PENINSULA,Female,61-65,2,3,1
13467,THE DC OF LOWER EYRE PENINSULA,Female,61-65,3,0,3
13468,THE DC OF LOWER EYRE PENINSULA,Female,66-70,0,1,2
13469,THE DC OF LOWER EYRE PENINSULA,Female,66-70,0,2,4
13470,THE DC OF LOWER EYRE PENINSULA,Female,66-70,1,0,33
13471,THE DC OF LOWER EYRE PENINSULA,Female,66-70,1,1,1
13472,THE DC OF LOWER EYRE PENINSULA,Female,66-70,1,2,1
13473,THE DC OF LOWER EYRE PENINSULA,Female,66-70,2,0,5
13474,THE DC OF LOWER EYRE PENINSULA,Female,66-70,3,0,1
13475,THE DC OF LOWER EYRE PENINSULA,Female,Unknown,0,>5,2
13476,THE DC OF LOWER EYRE PENINSULA,Female,Unknown,0,1,7
13477,THE DC OF LOWER EYRE PENINSULA,Female,Unknown,1,0,3
13478,THE DC OF LOWER EYRE PENINSULA,Female,Unknown,2,0,1
13479,THE DC OF LOWER EYRE PENINSULA,Male,>70,0,2,1
13480,THE DC OF LOWER EYRE PENINSULA,Male,>70,1,0,43
13481,THE DC OF LOWER EYRE PENINSULA,Male,>70,1,1,1
13482,THE DC OF LOWER EYRE PENINSULA,Male,>70,2,0,7
13483,THE DC OF LOWER EYRE PENINSULA,Male,>70,2,1,1
13484,THE DC OF LOWER EYRE PENINSULA,Male,>70,4,0,1
13485,THE DC OF LOWER EYRE PENINSULA,Male,16-20,1,0,4
13486,THE DC OF LOWER EYRE PENINSULA,Male,16-20,2,0,1
13487,THE DC OF LOWER EYRE PENINSULA,Male,21-25,0,2,1
13488,THE DC OF LOWER EYRE PENINSULA,Male,21-25,0,3,1
13489,THE DC OF LOWER EYRE PENINSULA,Male,21-25,1,0,12
13490,THE DC OF LOWER EYRE PENINSULA,Male,21-25,2,1,1
13491,THE DC OF LOWER EYRE PENINSULA,Male,26-30,0,1,2
13492,THE DC OF LOWER EYRE PENINSULA,Male,26-30,0,2,1
13493,THE DC OF LOWER EYRE PENINSULA,Male,26-30,1,0,23
13494,THE DC OF LOWER EYRE PENINSULA,Male,26-30,2,0,3
13495,THE DC OF LOWER EYRE PENINSULA,Male,31-35,0,1,1
13496,THE DC OF LOWER EYRE PENINSULA,Male,31-35,1,0,21
13497,THE DC OF LOWER EYRE PENINSULA,Male,36-40,0,1,1
13498,THE DC OF LOWER EYRE PENINSULA,Male,36-40,1,0,32
13499,THE DC OF LOWER EYRE PENINSULA,Male,36-40,2,0,5
13500,THE DC OF LOWER EYRE PENINSULA,Male,36-40,2,1,1
13501,THE DC OF LOWER EYRE PENINSULA,Male,36-40,3,1,1
13502,THE DC OF LOWER EYRE PENINSULA,Male,41-45,0,2,1
13503,THE DC OF LOWER EYRE PENINSULA,Male,41-45,1,0,26
13504,THE DC OF LOWER EYRE PENINSULA,Male,41-45,1,2,1
13505,THE DC OF LOWER EYRE PENINSULA,Male,41-45,2,0,5
13506,THE DC OF LOWER EYRE PENINSULA,Male,41-45,4,1,1
13507,THE DC OF LOWER EYRE PENINSULA,Male,46-50,0,1,2
13508,THE DC OF LOWER EYRE PENINSULA,Male,46-50,1,0,40
13509,THE DC OF LOWER EYRE PENINSULA,Male,46-50,2,0,3
13510,THE DC OF LOWER EYRE PENINSULA,Male,46-50,2,1,1
13511,THE DC OF LOWER EYRE PENINSULA,Male,46-50,3,1,1
13512,THE DC OF LOWER EYRE PENINSULA,Male,51-55,0,1,2
13513,THE DC OF LOWER EYRE PENINSULA,Male,51-55,1,0,36
13514,THE DC OF LOWER EYRE PENINSULA,Male,51-55,1,1,1
13515,THE DC OF LOWER EYRE PENINSULA,Male,51-55,2,0,5
13516,THE DC OF LOWER EYRE PENINSULA,Male,51-55,3,0,3
13517,THE DC OF LOWER EYRE PENINSULA,Male,51-55,3,1,1
13518,THE DC OF LOWER EYRE PENINSULA,Male,51-55,4,1,1
13519,THE DC OF LOWER EYRE PENINSULA,Male,56-60,0,1,1
13520,THE DC OF LOWER EYRE PENINSULA,Male,56-60,1,0,25
13521,THE DC OF LOWER EYRE PENINSULA,Male,56-60,2,0,6
13522,THE DC OF LOWER EYRE PENINSULA,Male,56-60,2,1,2
13523,THE DC OF LOWER EYRE PENINSULA,Male,56-60,3,0,4
13524,THE DC OF LOWER EYRE PENINSULA,Male,56-60,4,0,1
13525,THE DC OF LOWER EYRE PENINSULA,Male,61-65,0,1,1
13526,THE DC OF LOWER EYRE PENINSULA,Male,61-65,0,2,1
13527,THE DC OF LOWER EYRE PENINSULA,Male,61-65,1,0,33
13528,THE DC OF LOWER EYRE PENINSULA,Male,61-65,1,1,1
13529,THE DC OF LOWER EYRE PENINSULA,Male,61-65,2,0,8
13530,THE DC OF LOWER EYRE PENINSULA,Male,61-65,3,0,2
13531,THE DC OF LOWER EYRE PENINSULA,Male,61-65,4,0,2
13532,THE DC OF LOWER EYRE PENINSULA,Male,61-65,5,0,1
13533,THE DC OF LOWER EYRE PENINSULA,Male,66-70,0,1,1
13534,THE DC OF LOWER EYRE PENINSULA,Male,66-70,0,3,1
13535,THE DC OF LOWER EYRE PENINSULA,Male,66-70,1,0,26
13536,THE DC OF LOWER EYRE PENINSULA,Male,66-70,1,2,2
13537,THE DC OF LOWER EYRE PENINSULA,Male,66-70,2,0,8
13538,THE DC OF LOWER EYRE PENINSULA,Male,66-70,3,0,1
13539,THE DC OF LOWER EYRE PENINSULA,Male,66-70,4,0,1
13540,THE DC OF LOWER EYRE PENINSULA,Male,Unknown,0,1,3
13541,THE DC OF LOWER EYRE PENINSULA,Male,Unknown,0,2,1
13542,THE DC OF LOWER EYRE PENINSULA,Male,Unknown,1,0,1
13543,THE DC OF LOWER EYRE PENINSULA,Other,>70,1,0,5
13544,THE DC OF LOWER EYRE PENINSULA,Other,>70,1,1,1
13545,THE DC OF LOWER EYRE PENINSULA,Other,26-30,2,0,1
13546,THE DC OF LOWER EYRE PENINSULA,Other,31-35,0,1,1
13547,THE DC OF LOWER EYRE PENINSULA,Other,36-40,1,0,1
13548,THE DC OF LOWER EYRE PENINSULA,Other,46-50,1,0,1
13549,THE DC OF LOWER EYRE PENINSULA,Other,51-55,0,1,1
13550,THE DC OF LOWER EYRE PENINSULA,Other,51-55,1,0,2
13551,THE DC OF LOWER EYRE PENINSULA,Other,51-55,2,0,1
13552,THE DC OF LOWER EYRE PENINSULA,Other,56-60,1,0,1
13553,THE DC OF LOWER EYRE PENINSULA,Other,61-65,0,1,1
13554,THE DC OF LOWER EYRE PENINSULA,Other,61-65,1,0,3
13555,THE DC OF LOWER EYRE PENINSULA,Other,66-70,1,0,1
13556,THE DC OF LOWER EYRE PENINSULA,Other,66-70,3,0,1
13557,THE DC OF LOWER EYRE PENINSULA,Other,Unknown,0,1,2
13558,THE DC OF LOWER EYRE PENINSULA,Unknown,21-25,0,1,1
13559,THE DC OF LOWER EYRE PENINSULA,Unknown,36-40,0,1,1
13560,THE DC OF LOWER EYRE PENINSULA,Unknown,41-45,0,2,1
13561,THE DC OF LOWER EYRE PENINSULA,Unknown,Unknown,0,1,20
13562,THE DC OF LOWER EYRE PENINSULA,Unknown,Unknown,1,0,5
13563,THE DC OF LOXTON WAIKERIE,Female,>70,0,1,9
13564,THE DC OF LOXTON WAIKERIE,Female,>70,0,2,3
13565,THE DC OF LOXTON WAIKERIE,Female,>70,1,0,124
13566,THE DC OF LOXTON WAIKERIE,Female,>70,1,1,1
13567,THE DC OF LOXTON WAIKERIE,Female,>70,2,0,20
13568,THE DC OF LOXTON WAIKERIE,Female,>70,2,1,1
13569,THE DC OF LOXTON WAIKERIE,Female,>70,3,0,2
13570,THE DC OF LOXTON WAIKERIE,Female,>70,4,0,1
13571,THE DC OF LOXTON WAIKERIE,Female,>70,5,0,1
13572,THE DC OF LOXTON WAIKERIE,Female,>70,5,1,1
13573,THE DC OF LOXTON WAIKERIE,Female,16-20,0,1,1
13574,THE DC OF LOXTON WAIKERIE,Female,16-20,0,2,1
13575,THE DC OF LOXTON WAIKERIE,Female,16-20,1,0,9
13576,THE DC OF LOXTON WAIKERIE,Female,21-25,0,1,6
13577,THE DC OF LOXTON WAIKERIE,Female,21-25,0,2,1
13578,THE DC OF LOXTON WAIKERIE,Female,21-25,1,0,40
13579,THE DC OF LOXTON WAIKERIE,Female,21-25,1,1,1
13580,THE DC OF LOXTON WAIKERIE,Female,21-25,1,2,2
13581,THE DC OF LOXTON WAIKERIE,Female,21-25,2,0,10
13582,THE DC OF LOXTON WAIKERIE,Female,21-25,2,1,1
13583,THE DC OF LOXTON WAIKERIE,Female,26-30,0,1,5
13584,THE DC OF LOXTON WAIKERIE,Female,26-30,0,2,2
13585,THE DC OF LOXTON WAIKERIE,Female,26-30,1,0,60
13586,THE DC OF LOXTON WAIKERIE,Female,26-30,1,1,2
13587,THE DC OF LOXTON WAIKERIE,Female,26-30,2,0,19
13588,THE DC OF LOXTON WAIKERIE,Female,26-30,2,2,1
13589,THE DC OF LOXTON WAIKERIE,Female,31-35,>5,2,1
13590,THE DC OF LOXTON WAIKERIE,Female,31-35,0,1,7
13591,THE DC OF LOXTON WAIKERIE,Female,31-35,1,0,77
13592,THE DC OF LOXTON WAIKERIE,Female,31-35,1,1,6
13593,THE DC OF LOXTON WAIKERIE,Female,31-35,1,2,1
13594,THE DC OF LOXTON WAIKERIE,Female,31-35,2,0,23
13595,THE DC OF LOXTON WAIKERIE,Female,31-35,2,1,2
13596,THE DC OF LOXTON WAIKERIE,Female,31-35,3,0,2
13597,THE DC OF LOXTON WAIKERIE,Female,31-35,4,0,1
13598,THE DC OF LOXTON WAIKERIE,Female,31-35,5,0,1
13599,THE DC OF LOXTON WAIKERIE,Female,36-40,>5,0,1
13600,THE DC OF LOXTON WAIKERIE,Female,36-40,0,1,3
13601,THE DC OF LOXTON WAIKERIE,Female,36-40,0,2,2
13602,THE DC OF LOXTON WAIKERIE,Female,36-40,1,0,76
13603,THE DC OF LOXTON WAIKERIE,Female,36-40,1,1,1
13604,THE DC OF LOXTON WAIKERIE,Female,36-40,1,2,1
13605,THE DC OF LOXTON WAIKERIE,Female,36-40,2,0,29
13606,THE DC OF LOXTON WAIKERIE,Female,36-40,2,1,3
13607,THE DC OF LOXTON WAIKERIE,Female,36-40,2,2,1
13608,THE DC OF LOXTON WAIKERIE,Female,36-40,3,0,2
13609,THE DC OF LOXTON WAIKERIE,Female,41-45,0,1,2
13610,THE DC OF LOXTON WAIKERIE,Female,41-45,0,2,3
13611,THE DC OF LOXTON WAIKERIE,Female,41-45,0,3,1
13612,THE DC OF LOXTON WAIKERIE,Female,41-45,1,0,82
13613,THE DC OF LOXTON WAIKERIE,Female,41-45,1,1,4
13614,THE DC OF LOXTON WAIKERIE,Female,41-45,1,2,3
13615,THE DC OF LOXTON WAIKERIE,Female,41-45,1,5,1
13616,THE DC OF LOXTON WAIKERIE,Female,41-45,2,0,30
13617,THE DC OF LOXTON WAIKERIE,Female,41-45,2,1,1
13618,THE DC OF LOXTON WAIKERIE,Female,41-45,2,2,1
13619,THE DC OF LOXTON WAIKERIE,Female,41-45,3,0,3
13620,THE DC OF LOXTON WAIKERIE,Female,46-50,0,1,4
13621,THE DC OF LOXTON WAIKERIE,Female,46-50,0,2,3
13622,THE DC OF LOXTON WAIKERIE,Female,46-50,0,3,1
13623,THE DC OF LOXTON WAIKERIE,Female,46-50,1,0,73
13624,THE DC OF LOXTON WAIKERIE,Female,46-50,1,1,6
13625,THE DC OF LOXTON WAIKERIE,Female,46-50,1,2,2
13626,THE DC OF LOXTON WAIKERIE,Female,46-50,2,0,29
13627,THE DC OF LOXTON WAIKERIE,Female,46-50,2,1,1
13628,THE DC OF LOXTON WAIKERIE,Female,46-50,3,0,4
13629,THE DC OF LOXTON WAIKERIE,Female,46-50,4,0,1
13630,THE DC OF LOXTON WAIKERIE,Female,51-55,0,1,10
13631,THE DC OF LOXTON WAIKERIE,Female,51-55,0,2,1
13632,THE DC OF LOXTON WAIKERIE,Female,51-55,0,4,1
13633,THE DC OF LOXTON WAIKERIE,Female,51-55,1,0,81
13634,THE DC OF LOXTON WAIKERIE,Female,51-55,1,1,6
13635,THE DC OF LOXTON WAIKERIE,Female,51-55,1,2,1
13636,THE DC OF LOXTON WAIKERIE,Female,51-55,2,>5,1
13637,THE DC OF LOXTON WAIKERIE,Female,51-55,2,0,26
13638,THE DC OF LOXTON WAIKERIE,Female,51-55,2,1,2
13639,THE DC OF LOXTON WAIKERIE,Female,51-55,2,2,1
13640,THE DC OF LOXTON WAIKERIE,Female,51-55,2,3,1
13641,THE DC OF LOXTON WAIKERIE,Female,51-55,3,0,3
13642,THE DC OF LOXTON WAIKERIE,Female,51-55,5,2,1
13643,THE DC OF LOXTON WAIKERIE,Female,56-60,0,1,5
13644,THE DC OF LOXTON WAIKERIE,Female,56-60,0,2,2
13645,THE DC OF LOXTON WAIKERIE,Female,56-60,1,0,100
13646,THE DC OF LOXTON WAIKERIE,Female,56-60,1,1,2
13647,THE DC OF LOXTON WAIKERIE,Female,56-60,2,0,29
13648,THE DC OF LOXTON WAIKERIE,Female,56-60,2,1,4
13649,THE DC OF LOXTON WAIKERIE,Female,56-60,2,2,1
13650,THE DC OF LOXTON WAIKERIE,Female,56-60,3,0,2
13651,THE DC OF LOXTON WAIKERIE,Female,56-60,4,0,2
13652,THE DC OF LOXTON WAIKERIE,Female,61-65,>5,0,1
13653,THE DC OF LOXTON WAIKERIE,Female,61-65,0,1,4
13654,THE DC OF LOXTON WAIKERIE,Female,61-65,0,2,1
13655,THE DC OF LOXTON WAIKERIE,Female,61-65,1,0,94
13656,THE DC OF LOXTON WAIKERIE,Female,61-65,1,1,2
13657,THE DC OF LOXTON WAIKERIE,Female,61-65,1,2,1
13658,THE DC OF LOXTON WAIKERIE,Female,61-65,2,0,20
13659,THE DC OF LOXTON WAIKERIE,Female,61-65,3,0,6
13660,THE DC OF LOXTON WAIKERIE,Female,61-65,4,0,1
13661,THE DC OF LOXTON WAIKERIE,Female,66-70,0,1,4
13662,THE DC OF LOXTON WAIKERIE,Female,66-70,1,0,61
13663,THE DC OF LOXTON WAIKERIE,Female,66-70,1,1,3
13664,THE DC OF LOXTON WAIKERIE,Female,66-70,2,0,15
13665,THE DC OF LOXTON WAIKERIE,Female,66-70,2,1,1
13666,THE DC OF LOXTON WAIKERIE,Female,66-70,3,0,1
13667,THE DC OF LOXTON WAIKERIE,Female,66-70,4,0,1
13668,THE DC OF LOXTON WAIKERIE,Female,Unknown,0,1,2
13669,THE DC OF LOXTON WAIKERIE,Female,Unknown,0,2,1
13670,THE DC OF LOXTON WAIKERIE,Male,>70,0,1,4
13671,THE DC OF LOXTON WAIKERIE,Male,>70,1,0,95
13672,THE DC OF LOXTON WAIKERIE,Male,>70,2,0,18
13673,THE DC OF LOXTON WAIKERIE,Male,>70,3,0,1
13674,THE DC OF LOXTON WAIKERIE,Male,16-20,0,1,2
13675,THE DC OF LOXTON WAIKERIE,Male,16-20,1,0,4
13676,THE DC OF LOXTON WAIKERIE,Male,16-20,2,0,1
13677,THE DC OF LOXTON WAIKERIE,Male,21-25,0,2,1
13678,THE DC OF LOXTON WAIKERIE,Male,21-25,1,0,25
13679,THE DC OF LOXTON WAIKERIE,Male,21-25,2,0,9
13680,THE DC OF LOXTON WAIKERIE,Male,26-30,0,1,3
13681,THE DC OF LOXTON WAIKERIE,Male,26-30,1,0,49
13682,THE DC OF LOXTON WAIKERIE,Male,26-30,2,0,8
13683,THE DC OF LOXTON WAIKERIE,Male,26-30,3,0,1
13684,THE DC OF LOXTON WAIKERIE,Male,31-35,0,1,2
13685,THE DC OF LOXTON WAIKERIE,Male,31-35,1,0,51
13686,THE DC OF LOXTON WAIKERIE,Male,31-35,2,0,10
13687,THE DC OF LOXTON WAIKERIE,Male,31-35,2,1,1
13688,THE DC OF LOXTON WAIKERIE,Male,36-40,0,1,1
13689,THE DC OF LOXTON WAIKERIE,Male,36-40,0,2,1
13690,THE DC OF LOXTON WAIKERIE,Male,36-40,1,0,48
13691,THE DC OF LOXTON WAIKERIE,Male,36-40,1,1,1
13692,THE DC OF LOXTON WAIKERIE,Male,36-40,2,0,8
13693,THE DC OF LOXTON WAIKERIE,Male,36-40,2,1,2
13694,THE DC OF LOXTON WAIKERIE,Male,41-45,0,1,1
13695,THE DC OF LOXTON WAIKERIE,Male,41-45,1,0,45
13696,THE DC OF LOXTON WAIKERIE,Male,41-45,2,0,11
13697,THE DC OF LOXTON WAIKERIE,Male,41-45,4,0,1
13698,THE DC OF LOXTON WAIKERIE,Male,46-50,0,1,1
13699,THE DC OF LOXTON WAIKERIE,Male,46-50,1,0,46
13700,THE DC OF LOXTON WAIKERIE,Male,46-50,1,1,4
13701,THE DC OF LOXTON WAIKERIE,Male,46-50,2,0,12
13702,THE DC OF LOXTON WAIKERIE,Male,46-50,3,0,3
13703,THE DC OF LOXTON WAIKERIE,Male,46-50,4,0,1
13704,THE DC OF LOXTON WAIKERIE,Male,46-50,5,0,1
13705,THE DC OF LOXTON WAIKERIE,Male,51-55,0,1,1
13706,THE DC OF LOXTON WAIKERIE,Male,51-55,1,0,63
13707,THE DC OF LOXTON WAIKERIE,Male,51-55,1,3,1
13708,THE DC OF LOXTON WAIKERIE,Male,51-55,2,0,17
13709,THE DC OF LOXTON WAIKERIE,Male,51-55,2,1,1
13710,THE DC OF LOXTON WAIKERIE,Male,51-55,3,0,2
13711,THE DC OF LOXTON WAIKERIE,Male,51-55,5,0,1
13712,THE DC OF LOXTON WAIKERIE,Male,56-60,0,2,3
13713,THE DC OF LOXTON WAIKERIE,Male,56-60,1,0,52
13714,THE DC OF LOXTON WAIKERIE,Male,56-60,1,1,3
13715,THE DC OF LOXTON WAIKERIE,Male,56-60,2,0,10
13716,THE DC OF LOXTON WAIKERIE,Male,56-60,4,0,1
13717,THE DC OF LOXTON WAIKERIE,Male,61-65,>5,0,1
13718,THE DC OF LOXTON WAIKERIE,Male,61-65,0,1,3
13719,THE DC OF LOXTON WAIKERIE,Male,61-65,0,2,1
13720,THE DC OF LOXTON WAIKERIE,Male,61-65,1,0,60
13721,THE DC OF LOXTON WAIKERIE,Male,61-65,1,1,2
13722,THE DC OF LOXTON WAIKERIE,Male,61-65,2,0,11
13723,THE DC OF LOXTON WAIKERIE,Male,61-65,3,0,2
13724,THE DC OF LOXTON WAIKERIE,Male,61-65,4,0,1
13725,THE DC OF LOXTON WAIKERIE,Male,66-70,>5,0,1
13726,THE DC OF LOXTON WAIKERIE,Male,66-70,0,1,2
13727,THE DC OF LOXTON WAIKERIE,Male,66-70,0,2,1
13728,THE DC OF LOXTON WAIKERIE,Male,66-70,1,0,49
13729,THE DC OF LOXTON WAIKERIE,Male,66-70,1,1,1
13730,THE DC OF LOXTON WAIKERIE,Male,66-70,2,0,16
13731,THE DC OF LOXTON WAIKERIE,Other,>70,1,0,9
13732,THE DC OF LOXTON WAIKERIE,Other,16-20,1,0,1
13733,THE DC OF LOXTON WAIKERIE,Other,26-30,1,0,1
13734,THE DC OF LOXTON WAIKERIE,Other,26-30,2,0,1
13735,THE DC OF LOXTON WAIKERIE,Other,31-35,1,0,2
13736,THE DC OF LOXTON WAIKERIE,Other,36-40,1,0,2
13737,THE DC OF LOXTON WAIKERIE,Other,36-40,2,0,1
13738,THE DC OF LOXTON WAIKERIE,Other,41-45,1,0,2
13739,THE DC OF LOXTON WAIKERIE,Other,41-45,2,0,1
13740,THE DC OF LOXTON WAIKERIE,Other,46-50,1,0,1
13741,THE DC OF LOXTON WAIKERIE,Other,51-55,1,0,5
13742,THE DC OF LOXTON WAIKERIE,Other,51-55,1,1,1
13743,THE DC OF LOXTON WAIKERIE,Other,51-55,2,0,1
13744,THE DC OF LOXTON WAIKERIE,Other,56-60,0,1,1
13745,THE DC OF LOXTON WAIKERIE,Other,56-60,1,0,4
13746,THE DC OF LOXTON WAIKERIE,Other,56-60,2,0,1
13747,THE DC OF LOXTON WAIKERIE,Other,61-65,1,0,1
13748,THE DC OF LOXTON WAIKERIE,Other,61-65,1,1,1
13749,THE DC OF LOXTON WAIKERIE,Other,66-70,1,0,4
13750,THE DC OF LOXTON WAIKERIE,Other,66-70,2,0,1
13751,THE DC OF LOXTON WAIKERIE,Unknown,Unknown,0,1,4
13752,THE DC OF MOUNT REMARKABLE,Female,>70,0,1,7
13753,THE DC OF MOUNT REMARKABLE,Female,>70,0,2,1
13754,THE DC OF MOUNT REMARKABLE,Female,>70,1,0,36
13755,THE DC OF MOUNT REMARKABLE,Female,>70,1,1,1
13756,THE DC OF MOUNT REMARKABLE,Female,>70,1,2,2
13757,THE DC OF MOUNT REMARKABLE,Female,>70,2,0,3
13758,THE DC OF MOUNT REMARKABLE,Female,>70,3,0,4
13759,THE DC OF MOUNT REMARKABLE,Female,>70,4,1,1
13760,THE DC OF MOUNT REMARKABLE,Female,16-20,1,0,1
13761,THE DC OF MOUNT REMARKABLE,Female,21-25,0,1,1
13762,THE DC OF MOUNT REMARKABLE,Female,21-25,1,0,7
13763,THE DC OF MOUNT REMARKABLE,Female,21-25,1,1,1
13764,THE DC OF MOUNT REMARKABLE,Female,26-30,1,0,13
13765,THE DC OF MOUNT REMARKABLE,Female,26-30,1,1,2
13766,THE DC OF MOUNT REMARKABLE,Female,26-30,2,0,9
13767,THE DC OF MOUNT REMARKABLE,Female,26-30,2,1,2
13768,THE DC OF MOUNT REMARKABLE,Female,31-35,>5,0,1
13769,THE DC OF MOUNT REMARKABLE,Female,31-35,0,1,1
13770,THE DC OF MOUNT REMARKABLE,Female,31-35,1,0,11
13771,THE DC OF MOUNT REMARKABLE,Female,31-35,2,0,3
13772,THE DC OF MOUNT REMARKABLE,Female,31-35,2,1,1
13773,THE DC OF MOUNT REMARKABLE,Female,36-40,0,1,3
13774,THE DC OF MOUNT REMARKABLE,Female,36-40,0,4,1
13775,THE DC OF MOUNT REMARKABLE,Female,36-40,1,0,10
13776,THE DC OF MOUNT REMARKABLE,Female,36-40,1,1,3
13777,THE DC OF MOUNT REMARKABLE,Female,36-40,1,2,1
13778,THE DC OF MOUNT REMARKABLE,Female,36-40,2,0,6
13779,THE DC OF MOUNT REMARKABLE,Female,36-40,3,0,1
13780,THE DC OF MOUNT REMARKABLE,Female,41-45,0,1,1
13781,THE DC OF MOUNT REMARKABLE,Female,41-45,1,0,10
13782,THE DC OF MOUNT REMARKABLE,Female,41-45,1,1,1
13783,THE DC OF MOUNT REMARKABLE,Female,41-45,2,0,3
13784,THE DC OF MOUNT REMARKABLE,Female,41-45,2,1,3
13785,THE DC OF MOUNT REMARKABLE,Female,41-45,4,2,1
13786,THE DC OF MOUNT REMARKABLE,Female,46-50,0,1,1
13787,THE DC OF MOUNT REMARKABLE,Female,46-50,1,0,20
13788,THE DC OF MOUNT REMARKABLE,Female,46-50,1,1,1
13789,THE DC OF MOUNT REMARKABLE,Female,46-50,2,0,6
13790,THE DC OF MOUNT REMARKABLE,Female,46-50,2,1,1
13791,THE DC OF MOUNT REMARKABLE,Female,46-50,3,0,1
13792,THE DC OF MOUNT REMARKABLE,Female,46-50,3,2,1
13793,THE DC OF MOUNT REMARKABLE,Female,46-50,4,0,1
13794,THE DC OF MOUNT REMARKABLE,Female,51-55,0,1,1
13795,THE DC OF MOUNT REMARKABLE,Female,51-55,0,2,1
13796,THE DC OF MOUNT REMARKABLE,Female,51-55,1,0,22
13797,THE DC OF MOUNT REMARKABLE,Female,51-55,1,2,5
13798,THE DC OF MOUNT REMARKABLE,Female,51-55,2,0,6
13799,THE DC OF MOUNT REMARKABLE,Female,51-55,2,4,1
13800,THE DC OF MOUNT REMARKABLE,Female,51-55,3,0,2
13801,THE DC OF MOUNT REMARKABLE,Female,56-60,0,1,1
13802,THE DC OF MOUNT REMARKABLE,Female,56-60,1,0,23
13803,THE DC OF MOUNT REMARKABLE,Female,56-60,1,1,3
13804,THE DC OF MOUNT REMARKABLE,Female,56-60,2,0,9
13805,THE DC OF MOUNT REMARKABLE,Female,56-60,2,1,1
13806,THE DC OF MOUNT REMARKABLE,Female,56-60,3,0,4
13807,THE DC OF MOUNT REMARKABLE,Female,56-60,3,1,1
13808,THE DC OF MOUNT REMARKABLE,Female,56-60,5,0,1
13809,THE DC OF MOUNT REMARKABLE,Female,56-60,5,2,1
13810,THE DC OF MOUNT REMARKABLE,Female,61-65,0,1,1
13811,THE DC OF MOUNT REMARKABLE,Female,61-65,1,0,19
13812,THE DC OF MOUNT REMARKABLE,Female,61-65,1,1,1
13813,THE DC OF MOUNT REMARKABLE,Female,61-65,1,4,1
13814,THE DC OF MOUNT REMARKABLE,Female,61-65,2,0,11
13815,THE DC OF MOUNT REMARKABLE,Female,61-65,2,1,2
13816,THE DC OF MOUNT REMARKABLE,Female,61-65,2,3,1
13817,THE DC OF MOUNT REMARKABLE,Female,61-65,3,0,2
13818,THE DC OF MOUNT REMARKABLE,Female,61-65,3,2,1
13819,THE DC OF MOUNT REMARKABLE,Female,61-65,4,0,1
13820,THE DC OF MOUNT REMARKABLE,Female,66-70,0,1,3
13821,THE DC OF MOUNT REMARKABLE,Female,66-70,0,2,1
13822,THE DC OF MOUNT REMARKABLE,Female,66-70,1,0,20
13823,THE DC OF MOUNT REMARKABLE,Female,66-70,1,1,2
13824,THE DC OF MOUNT REMARKABLE,Female,66-70,1,2,1
13825,THE DC OF MOUNT REMARKABLE,Female,66-70,2,0,6
13826,THE DC OF MOUNT REMARKABLE,Female,66-70,5,0,1
13827,THE DC OF MOUNT REMARKABLE,Female,Unknown,1,1,1
13828,THE DC OF MOUNT REMARKABLE,Male,>70,0,1,1
13829,THE DC OF MOUNT REMARKABLE,Male,>70,0,2,1
13830,THE DC OF MOUNT REMARKABLE,Male,>70,1,0,48
13831,THE DC OF MOUNT REMARKABLE,Male,>70,1,1,3
13832,THE DC OF MOUNT REMARKABLE,Male,>70,1,3,1
13833,THE DC OF MOUNT REMARKABLE,Male,>70,2,0,9
13834,THE DC OF MOUNT REMARKABLE,Male,>70,3,0,4
13835,THE DC OF MOUNT REMARKABLE,Male,>70,4,0,1
13836,THE DC OF MOUNT REMARKABLE,Male,16-20,1,0,1
13837,THE DC OF MOUNT REMARKABLE,Male,21-25,0,1,1
13838,THE DC OF MOUNT REMARKABLE,Male,21-25,0,2,1
13839,THE DC OF MOUNT REMARKABLE,Male,21-25,1,0,4
13840,THE DC OF MOUNT REMARKABLE,Male,26-30,1,0,12
13841,THE DC OF MOUNT REMARKABLE,Male,26-30,2,0,3
13842,THE DC OF MOUNT REMARKABLE,Male,26-30,3,0,1
13843,THE DC OF MOUNT REMARKABLE,Male,31-35,0,1,1
13844,THE DC OF MOUNT REMARKABLE,Male,31-35,1,0,9
13845,THE DC OF MOUNT REMARKABLE,Male,31-35,2,0,1
13846,THE DC OF MOUNT REMARKABLE,Male,31-35,3,0,1
13847,THE DC OF MOUNT REMARKABLE,Male,36-40,1,0,11
13848,THE DC OF MOUNT REMARKABLE,Male,36-40,2,0,5
13849,THE DC OF MOUNT REMARKABLE,Male,36-40,2,2,1
13850,THE DC OF MOUNT REMARKABLE,Male,36-40,3,0,3
13851,THE DC OF MOUNT REMARKABLE,Male,41-45,1,0,8
13852,THE DC OF MOUNT REMARKABLE,Male,41-45,2,0,4
13853,THE DC OF MOUNT REMARKABLE,Male,41-45,3,0,1
13854,THE DC OF MOUNT REMARKABLE,Male,46-50,0,1,1
13855,THE DC OF MOUNT REMARKABLE,Male,46-50,0,2,1
13856,THE DC OF MOUNT REMARKABLE,Male,46-50,1,0,7
13857,THE DC OF MOUNT REMARKABLE,Male,46-50,2,0,2
13858,THE DC OF MOUNT REMARKABLE,Male,46-50,2,2,1
13859,THE DC OF MOUNT REMARKABLE,Male,46-50,3,0,6
13860,THE DC OF MOUNT REMARKABLE,Male,46-50,4,0,1
13861,THE DC OF MOUNT REMARKABLE,Male,51-55,>5,0,3
13862,THE DC OF MOUNT REMARKABLE,Male,51-55,1,0,12
13863,THE DC OF MOUNT REMARKABLE,Male,51-55,1,1,1
13864,THE DC OF MOUNT REMARKABLE,Male,51-55,2,0,9
13865,THE DC OF MOUNT REMARKABLE,Male,51-55,4,0,1
13866,THE DC OF MOUNT REMARKABLE,Male,51-55,4,2,1
13867,THE DC OF MOUNT REMARKABLE,Male,56-60,>5,0,1
13868,THE DC OF MOUNT REMARKABLE,Male,56-60,0,1,1
13869,THE DC OF MOUNT REMARKABLE,Male,56-60,1,0,19
13870,THE DC OF MOUNT REMARKABLE,Male,56-60,2,0,4
13871,THE DC OF MOUNT REMARKABLE,Male,56-60,3,0,2
13872,THE DC OF MOUNT REMARKABLE,Male,56-60,4,0,2
13873,THE DC OF MOUNT REMARKABLE,Male,61-65,>5,0,1
13874,THE DC OF MOUNT REMARKABLE,Male,61-65,1,0,20
13875,THE DC OF MOUNT REMARKABLE,Male,61-65,2,0,9
13876,THE DC OF MOUNT REMARKABLE,Male,61-65,3,0,2
13877,THE DC OF MOUNT REMARKABLE,Male,61-65,3,1,1
13878,THE DC OF MOUNT REMARKABLE,Male,61-65,4,0,2
13879,THE DC OF MOUNT REMARKABLE,Male,61-65,5,0,2
13880,THE DC OF MOUNT REMARKABLE,Male,66-70,0,1,1
13881,THE DC OF MOUNT REMARKABLE,Male,66-70,1,0,23
13882,THE DC OF MOUNT REMARKABLE,Male,66-70,1,1,1
13883,THE DC OF MOUNT REMARKABLE,Male,66-70,2,0,3
13884,THE DC OF MOUNT REMARKABLE,Male,66-70,3,0,2
13885,THE DC OF MOUNT REMARKABLE,Male,Unknown,2,0,1
13886,THE DC OF MOUNT REMARKABLE,Other,>70,1,0,4
13887,THE DC OF MOUNT REMARKABLE,Other,>70,3,0,1
13888,THE DC OF MOUNT REMARKABLE,Other,36-40,1,0,1
13889,THE DC OF MOUNT REMARKABLE,Other,46-50,1,0,1
13890,THE DC OF MOUNT REMARKABLE,Other,51-55,2,0,1
13891,THE DC OF MOUNT REMARKABLE,Other,61-65,1,0,4
13892,THE DC OF MOUNT REMARKABLE,Other,61-65,2,0,2
13893,THE DC OF MOUNT REMARKABLE,Other,66-70,1,0,1
13894,THE DC OF MOUNT REMARKABLE,SUPPRESSED,Unknown,2,0,1
13895,THE DC OF MOUNT REMARKABLE,Unknown,Unknown,0,1,2
13896,THE DC OF ORROROO CARRIETON,Female,>70,0,1,1
13897,THE DC OF ORROROO CARRIETON,Female,>70,1,0,11
13898,THE DC OF ORROROO CARRIETON,Female,>70,2,0,2
13899,THE DC OF ORROROO CARRIETON,Female,>70,3,0,1
13900,THE DC OF ORROROO CARRIETON,Female,16-20,1,0,1
13901,THE DC OF ORROROO CARRIETON,Female,21-25,0,1,1
13902,THE DC OF ORROROO CARRIETON,Female,21-25,1,0,1
13903,THE DC OF ORROROO CARRIETON,Female,21-25,3,0,1
13904,THE DC OF ORROROO CARRIETON,Female,26-30,1,0,4
13905,THE DC OF ORROROO CARRIETON,Female,26-30,2,0,1
13906,THE DC OF ORROROO CARRIETON,Female,31-35,0,1,1
13907,THE DC OF ORROROO CARRIETON,Female,31-35,1,0,4
13908,THE DC OF ORROROO CARRIETON,Female,31-35,1,2,1
13909,THE DC OF ORROROO CARRIETON,Female,31-35,2,0,4
13910,THE DC OF ORROROO CARRIETON,Female,31-35,3,0,1
13911,THE DC OF ORROROO CARRIETON,Female,36-40,1,0,5
13912,THE DC OF ORROROO CARRIETON,Female,36-40,1,1,1
13913,THE DC OF ORROROO CARRIETON,Female,36-40,2,0,2
13914,THE DC OF ORROROO CARRIETON,Female,36-40,2,1,1
13915,THE DC OF ORROROO CARRIETON,Female,41-45,1,0,5
13916,THE DC OF ORROROO CARRIETON,Female,41-45,1,4,1
13917,THE DC OF ORROROO CARRIETON,Female,41-45,2,0,1
13918,THE DC OF ORROROO CARRIETON,Female,41-45,2,2,1
13919,THE DC OF ORROROO CARRIETON,Female,41-45,4,0,1
13920,THE DC OF ORROROO CARRIETON,Female,46-50,1,0,5
13921,THE DC OF ORROROO CARRIETON,Female,46-50,1,1,2
13922,THE DC OF ORROROO CARRIETON,Female,46-50,1,2,1
13923,THE DC OF ORROROO CARRIETON,Female,46-50,2,0,1
13924,THE DC OF ORROROO CARRIETON,Female,51-55,1,0,3
13925,THE DC OF ORROROO CARRIETON,Female,51-55,1,1,1
13926,THE DC OF ORROROO CARRIETON,Female,51-55,2,0,2
13927,THE DC OF ORROROO CARRIETON,Female,51-55,3,0,1
13928,THE DC OF ORROROO CARRIETON,Female,56-60,>5,0,1
13929,THE DC OF ORROROO CARRIETON,Female,56-60,0,1,1
13930,THE DC OF ORROROO CARRIETON,Female,56-60,1,0,4
13931,THE DC OF ORROROO CARRIETON,Female,56-60,1,1,1
13932,THE DC OF ORROROO CARRIETON,Female,56-60,1,3,1
13933,THE DC OF ORROROO CARRIETON,Female,56-60,3,0,1
13934,THE DC OF ORROROO CARRIETON,Female,61-65,0,4,2
13935,THE DC OF ORROROO CARRIETON,Female,61-65,1,0,10
13936,THE DC OF ORROROO CARRIETON,Female,61-65,1,1,1
13937,THE DC OF ORROROO CARRIETON,Female,61-65,2,0,1
13938,THE DC OF ORROROO CARRIETON,Female,61-65,2,1,1
13939,THE DC OF ORROROO CARRIETON,Female,66-70,1,0,1
13940,THE DC OF ORROROO CARRIETON,Female,66-70,2,0,1
13941,THE DC OF ORROROO CARRIETON,Male,>70,0,>5,1
13942,THE DC OF ORROROO CARRIETON,Male,>70,1,0,13
13943,THE DC OF ORROROO CARRIETON,Male,>70,2,0,2
13944,THE DC OF ORROROO CARRIETON,Male,>70,2,1,1
13945,THE DC OF ORROROO CARRIETON,Male,>70,3,0,1
13946,THE DC OF ORROROO CARRIETON,Male,21-25,1,0,2
13947,THE DC OF ORROROO CARRIETON,Male,21-25,2,0,1
13948,THE DC OF ORROROO CARRIETON,Male,26-30,1,0,3
13949,THE DC OF ORROROO CARRIETON,Male,26-30,1,1,1
13950,THE DC OF ORROROO CARRIETON,Male,31-35,2,0,1
13951,THE DC OF ORROROO CARRIETON,Male,31-35,3,0,1
13952,THE DC OF ORROROO CARRIETON,Male,36-40,0,2,1
13953,THE DC OF ORROROO CARRIETON,Male,36-40,1,0,3
13954,THE DC OF ORROROO CARRIETON,Male,36-40,2,0,1
13955,THE DC OF ORROROO CARRIETON,Male,36-40,4,0,1
13956,THE DC OF ORROROO CARRIETON,Male,41-45,0,1,1
13957,THE DC OF ORROROO CARRIETON,Male,41-45,1,0,6
13958,THE DC OF ORROROO CARRIETON,Male,41-45,2,0,1
13959,THE DC OF ORROROO CARRIETON,Male,41-45,2,1,1
13960,THE DC OF ORROROO CARRIETON,Male,46-50,1,0,1
13961,THE DC OF ORROROO CARRIETON,Male,46-50,2,0,2
13962,THE DC OF ORROROO CARRIETON,Male,51-55,1,0,4
13963,THE DC OF ORROROO CARRIETON,Male,51-55,1,1,1
13964,THE DC OF ORROROO CARRIETON,Male,51-55,2,0,1
13965,THE DC OF ORROROO CARRIETON,Male,51-55,2,1,1
13966,THE DC OF ORROROO CARRIETON,Male,51-55,3,0,1
13967,THE DC OF ORROROO CARRIETON,Male,51-55,4,0,1
13968,THE DC OF ORROROO CARRIETON,Male,56-60,1,0,3
13969,THE DC OF ORROROO CARRIETON,Male,56-60,2,0,2
13970,THE DC OF ORROROO CARRIETON,Male,61-65,0,1,1
13971,THE DC OF ORROROO CARRIETON,Male,61-65,1,0,7
13972,THE DC OF ORROROO CARRIETON,Male,61-65,1,1,1
13973,THE DC OF ORROROO CARRIETON,Male,61-65,2,0,1
13974,THE DC OF ORROROO CARRIETON,Male,61-65,3,0,1
13975,THE DC OF ORROROO CARRIETON,Male,66-70,>5,0,1
13976,THE DC OF ORROROO CARRIETON,Male,66-70,1,0,5
13977,THE DC OF ORROROO CARRIETON,Male,66-70,2,0,6
13978,THE DC OF ORROROO CARRIETON,Male,66-70,4,0,1
13979,THE DC OF ORROROO CARRIETON,Unknown,Unknown,1,0,1
13980,THE DC OF PETERBOROUGH,Female,>70,0,1,13
13981,THE DC OF PETERBOROUGH,Female,>70,0,2,5
13982,THE DC OF PETERBOROUGH,Female,>70,1,0,21
13983,THE DC OF PETERBOROUGH,Female,>70,1,2,1
13984,THE DC OF PETERBOROUGH,Female,>70,2,0,7
13985,THE DC OF PETERBOROUGH,Female,>70,2,3,1
13986,THE DC OF PETERBOROUGH,Female,>70,3,1,1
13987,THE DC OF PETERBOROUGH,Female,16-20,1,0,3
13988,THE DC OF PETERBOROUGH,Female,21-25,1,0,6
13989,THE DC OF PETERBOROUGH,Female,21-25,1,1,1
13990,THE DC OF PETERBOROUGH,Female,21-25,2,0,1
13991,THE DC OF PETERBOROUGH,Female,21-25,4,0,1
13992,THE DC OF PETERBOROUGH,Female,26-30,0,1,2
13993,THE DC OF PETERBOROUGH,Female,26-30,0,2,2
13994,THE DC OF PETERBOROUGH,Female,26-30,1,0,6
13995,THE DC OF PETERBOROUGH,Female,26-30,1,1,2
13996,THE DC OF PETERBOROUGH,Female,26-30,2,0,2
13997,THE DC OF PETERBOROUGH,Female,26-30,3,0,1
13998,THE DC OF PETERBOROUGH,Female,31-35,0,1,2
13999,THE DC OF PETERBOROUGH,Female,31-35,0,2,1
14000,THE DC OF PETERBOROUGH,Female,31-35,1,0,4
14001,THE DC OF PETERBOROUGH,Female,31-35,1,2,1
14002,THE DC OF PETERBOROUGH,Female,31-35,2,0,1
14003,THE DC OF PETERBOROUGH,Female,36-40,0,1,1
14004,THE DC OF PETERBOROUGH,Female,36-40,0,2,1
14005,THE DC OF PETERBOROUGH,Female,36-40,1,0,10
14006,THE DC OF PETERBOROUGH,Female,36-40,2,0,4
14007,THE DC OF PETERBOROUGH,Female,36-40,3,0,3
14008,THE DC OF PETERBOROUGH,Female,41-45,0,1,1
14009,THE DC OF PETERBOROUGH,Female,41-45,1,0,5
14010,THE DC OF PETERBOROUGH,Female,41-45,2,0,6
14011,THE DC OF PETERBOROUGH,Female,46-50,0,1,2
14012,THE DC OF PETERBOROUGH,Female,46-50,1,0,7
14013,THE DC OF PETERBOROUGH,Female,46-50,1,1,2
14014,THE DC OF PETERBOROUGH,Female,46-50,2,0,2
14015,THE DC OF PETERBOROUGH,Female,46-50,2,2,1
14016,THE DC OF PETERBOROUGH,Female,51-55,0,1,1
14017,THE DC OF PETERBOROUGH,Female,51-55,0,2,1
14018,THE DC OF PETERBOROUGH,Female,51-55,0,3,1
14019,THE DC OF PETERBOROUGH,Female,51-55,1,0,14
14020,THE DC OF PETERBOROUGH,Female,51-55,1,2,1
14021,THE DC OF PETERBOROUGH,Female,51-55,1,3,1
14022,THE DC OF PETERBOROUGH,Female,51-55,2,0,7
14023,THE DC OF PETERBOROUGH,Female,51-55,2,1,1
14024,THE DC OF PETERBOROUGH,Female,51-55,3,0,1
14025,THE DC OF PETERBOROUGH,Female,56-60,0,1,5
14026,THE DC OF PETERBOROUGH,Female,56-60,0,3,1
14027,THE DC OF PETERBOROUGH,Female,56-60,1,0,12
14028,THE DC OF PETERBOROUGH,Female,56-60,1,1,2
14029,THE DC OF PETERBOROUGH,Female,56-60,1,2,1
14030,THE DC OF PETERBOROUGH,Female,56-60,2,0,6
14031,THE DC OF PETERBOROUGH,Female,56-60,2,2,1
14032,THE DC OF PETERBOROUGH,Female,56-60,4,0,1
14033,THE DC OF PETERBOROUGH,Female,61-65,0,1,4
14034,THE DC OF PETERBOROUGH,Female,61-65,0,2,1
14035,THE DC OF PETERBOROUGH,Female,61-65,1,0,17
14036,THE DC OF PETERBOROUGH,Female,61-65,1,1,2
14037,THE DC OF PETERBOROUGH,Female,61-65,1,2,2
14038,THE DC OF PETERBOROUGH,Female,61-65,2,0,7
14039,THE DC OF PETERBOROUGH,Female,61-65,2,1,2
14040,THE DC OF PETERBOROUGH,Female,61-65,2,3,1
14041,THE DC OF PETERBOROUGH,Female,61-65,3,0,1
14042,THE DC OF PETERBOROUGH,Female,61-65,4,0,1
14043,THE DC OF PETERBOROUGH,Female,66-70,>5,0,1
14044,THE DC OF PETERBOROUGH,Female,66-70,0,1,6
14045,THE DC OF PETERBOROUGH,Female,66-70,0,2,1
14046,THE DC OF PETERBOROUGH,Female,66-70,1,0,18
14047,THE DC OF PETERBOROUGH,Female,66-70,1,1,1
14048,THE DC OF PETERBOROUGH,Female,66-70,2,0,4
14049,THE DC OF PETERBOROUGH,Male,>70,0,1,3
14050,THE DC OF PETERBOROUGH,Male,>70,0,3,1
14051,THE DC OF PETERBOROUGH,Male,>70,1,0,25
14052,THE DC OF PETERBOROUGH,Male,>70,2,0,6
14053,THE DC OF PETERBOROUGH,Male,>70,2,2,1
14054,THE DC OF PETERBOROUGH,Male,16-20,1,0,2
14055,THE DC OF PETERBOROUGH,Male,21-25,1,0,7
14056,THE DC OF PETERBOROUGH,Male,26-30,1,0,5
14057,THE DC OF PETERBOROUGH,Male,31-35,>5,0,1
14058,THE DC OF PETERBOROUGH,Male,31-35,1,0,4
14059,THE DC OF PETERBOROUGH,Male,31-35,1,1,1
14060,THE DC OF PETERBOROUGH,Male,31-35,2,0,2
14061,THE DC OF PETERBOROUGH,Male,36-40,0,1,1
14062,THE DC OF PETERBOROUGH,Male,36-40,0,2,1
14063,THE DC OF PETERBOROUGH,Male,36-40,1,0,4
14064,THE DC OF PETERBOROUGH,Male,36-40,1,1,1
14065,THE DC OF PETERBOROUGH,Male,36-40,1,2,1
14066,THE DC OF PETERBOROUGH,Male,41-45,1,0,5
14067,THE DC OF PETERBOROUGH,Male,41-45,2,0,1
14068,THE DC OF PETERBOROUGH,Male,41-45,3,0,2
14069,THE DC OF PETERBOROUGH,Male,46-50,0,1,1
14070,THE DC OF PETERBOROUGH,Male,46-50,1,0,4
14071,THE DC OF PETERBOROUGH,Male,46-50,3,0,3
14072,THE DC OF PETERBOROUGH,Male,51-55,1,0,8
14073,THE DC OF PETERBOROUGH,Male,51-55,2,0,2
14074,THE DC OF PETERBOROUGH,Male,51-55,3,0,1
14075,THE DC OF PETERBOROUGH,Male,56-60,0,1,1
14076,THE DC OF PETERBOROUGH,Male,56-60,0,2,1
14077,THE DC OF PETERBOROUGH,Male,56-60,1,0,10
14078,THE DC OF PETERBOROUGH,Male,56-60,2,0,5
14079,THE DC OF PETERBOROUGH,Male,56-60,5,0,1
14080,THE DC OF PETERBOROUGH,Male,61-65,0,1,3
14081,THE DC OF PETERBOROUGH,Male,61-65,0,2,1
14082,THE DC OF PETERBOROUGH,Male,61-65,1,0,12
14083,THE DC OF PETERBOROUGH,Male,61-65,1,1,1
14084,THE DC OF PETERBOROUGH,Male,61-65,2,0,5
14085,THE DC OF PETERBOROUGH,Male,66-70,>5,0,1
14086,THE DC OF PETERBOROUGH,Male,66-70,0,1,1
14087,THE DC OF PETERBOROUGH,Male,66-70,1,0,14
14088,THE DC OF PETERBOROUGH,Male,66-70,1,1,1
14089,THE DC OF PETERBOROUGH,Male,66-70,1,2,3
14090,THE DC OF PETERBOROUGH,Male,66-70,2,0,3
14091,THE DC OF PETERBOROUGH,Male,66-70,3,0,1
14092,THE DC OF PETERBOROUGH,Male,66-70,5,0,1
14093,THE DC OF PETERBOROUGH,Male,Unknown,1,0,2
14094,THE DC OF PETERBOROUGH,Other,>70,0,1,1
14095,THE DC OF PETERBOROUGH,Other,>70,1,0,8
14096,THE DC OF PETERBOROUGH,Other,>70,1,3,1
14097,THE DC OF PETERBOROUGH,Other,>70,2,0,3
14098,THE DC OF PETERBOROUGH,Other,>70,3,0,1
14099,THE DC OF PETERBOROUGH,Other,31-35,1,0,2
14100,THE DC OF PETERBOROUGH,Other,36-40,1,0,1
14101,THE DC OF PETERBOROUGH,Other,36-40,2,0,1
14102,THE DC OF PETERBOROUGH,Other,41-45,2,1,1
14103,THE DC OF PETERBOROUGH,Other,46-50,1,0,1
14104,THE DC OF PETERBOROUGH,Other,46-50,1,1,1
14105,THE DC OF PETERBOROUGH,Other,46-50,2,0,1
14106,THE DC OF PETERBOROUGH,Other,51-55,1,0,2
14107,THE DC OF PETERBOROUGH,Other,51-55,1,1,1
14108,THE DC OF PETERBOROUGH,Other,51-55,2,0,1
14109,THE DC OF PETERBOROUGH,Other,51-55,4,0,1
14110,THE DC OF PETERBOROUGH,Other,56-60,0,1,1
14111,THE DC OF PETERBOROUGH,Other,56-60,1,0,4
14112,THE DC OF PETERBOROUGH,Other,56-60,2,1,1
14113,THE DC OF PETERBOROUGH,Other,56-60,3,0,1
14114,THE DC OF PETERBOROUGH,Other,61-65,1,0,5
14115,THE DC OF PETERBOROUGH,Other,61-65,1,1,1
14116,THE DC OF PETERBOROUGH,Other,61-65,1,4,1
14117,THE DC OF PETERBOROUGH,Other,61-65,2,0,3
14118,THE DC OF PETERBOROUGH,Other,66-70,1,0,5
14119,THE DC OF PETERBOROUGH,Other,66-70,2,0,1
14120,THE DC OF PETERBOROUGH,Other,Unknown,1,0,3
14121,THE DC OF STREAKY BAY,Female,>70,0,1,8
14122,THE DC OF STREAKY BAY,Female,>70,0,2,1
14123,THE DC OF STREAKY BAY,Female,>70,1,0,12
14124,THE DC OF STREAKY BAY,Female,>70,1,2,1
14125,THE DC OF STREAKY BAY,Female,>70,2,0,4
14126,THE DC OF STREAKY BAY,Female,>70,5,0,1
14127,THE DC OF STREAKY BAY,Female,16-20,0,1,1
14128,THE DC OF STREAKY BAY,Female,21-25,0,1,1
14129,THE DC OF STREAKY BAY,Female,21-25,1,0,8
14130,THE DC OF STREAKY BAY,Female,21-25,2,0,3
14131,THE DC OF STREAKY BAY,Female,26-30,0,1,2
14132,THE DC OF STREAKY BAY,Female,26-30,0,2,1
14133,THE DC OF STREAKY BAY,Female,26-30,1,0,12
14134,THE DC OF STREAKY BAY,Female,26-30,1,1,1
14135,THE DC OF STREAKY BAY,Female,26-30,1,2,1
14136,THE DC OF STREAKY BAY,Female,26-30,2,0,7
14137,THE DC OF STREAKY BAY,Female,31-35,0,1,2
14138,THE DC OF STREAKY BAY,Female,31-35,1,0,21
14139,THE DC OF STREAKY BAY,Female,31-35,1,1,3
14140,THE DC OF STREAKY BAY,Female,31-35,2,0,3
14141,THE DC OF STREAKY BAY,Female,31-35,2,1,2
14142,THE DC OF STREAKY BAY,Female,31-35,3,0,1
14143,THE DC OF STREAKY BAY,Female,36-40,>5,0,1
14144,THE DC OF STREAKY BAY,Female,36-40,0,1,1
14145,THE DC OF STREAKY BAY,Female,36-40,1,0,10
14146,THE DC OF STREAKY BAY,Female,36-40,1,1,1
14147,THE DC OF STREAKY BAY,Female,36-40,2,0,3
14148,THE DC OF STREAKY BAY,Female,36-40,3,0,1
14149,THE DC OF STREAKY BAY,Female,41-45,0,1,2
14150,THE DC OF STREAKY BAY,Female,41-45,0,2,2
14151,THE DC OF STREAKY BAY,Female,41-45,1,0,11
14152,THE DC OF STREAKY BAY,Female,41-45,1,1,2
14153,THE DC OF STREAKY BAY,Female,41-45,1,2,2
14154,THE DC OF STREAKY BAY,Female,41-45,2,0,6
14155,THE DC OF STREAKY BAY,Female,41-45,3,0,1
14156,THE DC OF STREAKY BAY,Female,46-50,>5,2,1
14157,THE DC OF STREAKY BAY,Female,46-50,0,1,4
14158,THE DC OF STREAKY BAY,Female,46-50,0,2,2
14159,THE DC OF STREAKY BAY,Female,46-50,0,3,1
14160,THE DC OF STREAKY BAY,Female,46-50,1,0,13
14161,THE DC OF STREAKY BAY,Female,46-50,1,1,6
14162,THE DC OF STREAKY BAY,Female,46-50,1,2,1
14163,THE DC OF STREAKY BAY,Female,46-50,2,0,10
14164,THE DC OF STREAKY BAY,Female,46-50,2,1,1
14165,THE DC OF STREAKY BAY,Female,46-50,2,2,1
14166,THE DC OF STREAKY BAY,Female,46-50,3,0,2
14167,THE DC OF STREAKY BAY,Female,46-50,4,0,1
14168,THE DC OF STREAKY BAY,Female,51-55,0,1,4
14169,THE DC OF STREAKY BAY,Female,51-55,0,3,1
14170,THE DC OF STREAKY BAY,Female,51-55,1,0,17
14171,THE DC OF STREAKY BAY,Female,51-55,1,1,2
14172,THE DC OF STREAKY BAY,Female,51-55,2,0,2
14173,THE DC OF STREAKY BAY,Female,56-60,0,1,3
14174,THE DC OF STREAKY BAY,Female,56-60,0,2,2
14175,THE DC OF STREAKY BAY,Female,56-60,0,3,1
14176,THE DC OF STREAKY BAY,Female,56-60,1,0,10
14177,THE DC OF STREAKY BAY,Female,56-60,1,1,2
14178,THE DC OF STREAKY BAY,Female,56-60,2,0,7
14179,THE DC OF STREAKY BAY,Female,56-60,3,0,1
14180,THE DC OF STREAKY BAY,Female,61-65,0,1,4
14181,THE DC OF STREAKY BAY,Female,61-65,1,0,16
14182,THE DC OF STREAKY BAY,Female,61-65,1,1,2
14183,THE DC OF STREAKY BAY,Female,61-65,2,0,4
14184,THE DC OF STREAKY BAY,Female,61-65,3,1,1
14185,THE DC OF STREAKY BAY,Female,61-65,5,0,1
14186,THE DC OF STREAKY BAY,Female,66-70,0,1,3
14187,THE DC OF STREAKY BAY,Female,66-70,0,2,1
14188,THE DC OF STREAKY BAY,Female,66-70,1,0,16
14189,THE DC OF STREAKY BAY,Female,66-70,1,1,1
14190,THE DC OF STREAKY BAY,Female,66-70,1,3,1
14191,THE DC OF STREAKY BAY,Female,66-70,2,0,4
14192,THE DC OF STREAKY BAY,Female,Unknown,0,1,1
14193,THE DC OF STREAKY BAY,Male,>70,0,1,1
14194,THE DC OF STREAKY BAY,Male,>70,1,0,19
14195,THE DC OF STREAKY BAY,Male,>70,1,1,1
14196,THE DC OF STREAKY BAY,Male,>70,2,0,3
14197,THE DC OF STREAKY BAY,Male,>70,3,0,3
14198,THE DC OF STREAKY BAY,Male,>70,4,0,1
14199,THE DC OF STREAKY BAY,Male,>70,5,0,1
14200,THE DC OF STREAKY BAY,Male,16-20,1,0,1
14201,THE DC OF STREAKY BAY,Male,16-20,2,0,1
14202,THE DC OF STREAKY BAY,Male,21-25,0,1,1
14203,THE DC OF STREAKY BAY,Male,21-25,1,0,9
14204,THE DC OF STREAKY BAY,Male,21-25,2,0,2
14205,THE DC OF STREAKY BAY,Male,21-25,3,0,1
14206,THE DC OF STREAKY BAY,Male,26-30,1,0,9
14207,THE DC OF STREAKY BAY,Male,26-30,2,0,3
14208,THE DC OF STREAKY BAY,Male,31-35,1,0,21
14209,THE DC OF STREAKY BAY,Male,31-35,2,0,2
14210,THE DC OF STREAKY BAY,Male,31-35,3,0,1
14211,THE DC OF STREAKY BAY,Male,31-35,5,0,1
14212,THE DC OF STREAKY BAY,Male,36-40,0,1,1
14213,THE DC OF STREAKY BAY,Male,36-40,1,0,13
14214,THE DC OF STREAKY BAY,Male,36-40,1,1,1
14215,THE DC OF STREAKY BAY,Male,36-40,2,0,2
14216,THE DC OF STREAKY BAY,Male,36-40,3,0,1
14217,THE DC OF STREAKY BAY,Male,41-45,0,1,1
14218,THE DC OF STREAKY BAY,Male,41-45,1,0,11
14219,THE DC OF STREAKY BAY,Male,41-45,1,1,2
14220,THE DC OF STREAKY BAY,Male,41-45,2,0,2
14221,THE DC OF STREAKY BAY,Male,41-45,3,0,1
14222,THE DC OF STREAKY BAY,Male,46-50,1,0,13
14223,THE DC OF STREAKY BAY,Male,46-50,1,1,1
14224,THE DC OF STREAKY BAY,Male,46-50,2,0,8
14225,THE DC OF STREAKY BAY,Male,46-50,3,0,2
14226,THE DC OF STREAKY BAY,Male,46-50,3,1,1
14227,THE DC OF STREAKY BAY,Male,46-50,3,2,1
14228,THE DC OF STREAKY BAY,Male,46-50,4,0,2
14229,THE DC OF STREAKY BAY,Male,51-55,>5,0,1
14230,THE DC OF STREAKY BAY,Male,51-55,>5,2,1
14231,THE DC OF STREAKY BAY,Male,51-55,0,1,1
14232,THE DC OF STREAKY BAY,Male,51-55,1,0,14
14233,THE DC OF STREAKY BAY,Male,51-55,2,0,4
14234,THE DC OF STREAKY BAY,Male,51-55,2,2,1
14235,THE DC OF STREAKY BAY,Male,51-55,3,0,1
14236,THE DC OF STREAKY BAY,Male,56-60,0,2,1
14237,THE DC OF STREAKY BAY,Male,56-60,1,0,12
14238,THE DC OF STREAKY BAY,Male,56-60,2,0,5
14239,THE DC OF STREAKY BAY,Male,56-60,2,1,1
14240,THE DC OF STREAKY BAY,Male,56-60,3,0,1
14241,THE DC OF STREAKY BAY,Male,56-60,4,0,1
14242,THE DC OF STREAKY BAY,Male,61-65,>5,0,1
14243,THE DC OF STREAKY BAY,Male,61-65,1,0,24
14244,THE DC OF STREAKY BAY,Male,61-65,2,0,3
14245,THE DC OF STREAKY BAY,Male,61-65,3,0,1
14246,THE DC OF STREAKY BAY,Male,61-65,4,0,1
14247,THE DC OF STREAKY BAY,Male,66-70,>5,0,1
14248,THE DC OF STREAKY BAY,Male,66-70,0,1,1
14249,THE DC OF STREAKY BAY,Male,66-70,1,0,17
14250,THE DC OF STREAKY BAY,Male,66-70,2,0,5
14251,THE DC OF STREAKY BAY,Male,66-70,4,0,1
14252,THE DC OF STREAKY BAY,Male,Unknown,2,0,1
14253,THE DC OF STREAKY BAY,Unknown,Unknown,0,1,2
14254,THE DC OF TUMBY BAY,Female,>70,0,1,9
14255,THE DC OF TUMBY BAY,Female,>70,0,2,3
14256,THE DC OF TUMBY BAY,Female,>70,0,3,1
14257,THE DC OF TUMBY BAY,Female,>70,1,0,37
14258,THE DC OF TUMBY BAY,Female,>70,1,1,1
14259,THE DC OF TUMBY BAY,Female,>70,2,0,7
14260,THE DC OF TUMBY BAY,Female,>70,3,0,2
14261,THE DC OF TUMBY BAY,Female,16-20,0,1,1
14262,THE DC OF TUMBY BAY,Female,16-20,1,0,1
14263,THE DC OF TUMBY BAY,Female,16-20,1,1,1
14264,THE DC OF TUMBY BAY,Female,16-20,2,0,1
14265,THE DC OF TUMBY BAY,Female,21-25,0,1,3
14266,THE DC OF TUMBY BAY,Female,21-25,1,0,3
14267,THE DC OF TUMBY BAY,Female,21-25,1,1,1
14268,THE DC OF TUMBY BAY,Female,21-25,2,0,1
14269,THE DC OF TUMBY BAY,Female,21-25,2,1,1
14270,THE DC OF TUMBY BAY,Female,26-30,0,1,4
14271,THE DC OF TUMBY BAY,Female,26-30,0,2,1
14272,THE DC OF TUMBY BAY,Female,26-30,1,0,12
14273,THE DC OF TUMBY BAY,Female,26-30,2,0,1
14274,THE DC OF TUMBY BAY,Female,31-35,1,0,15
14275,THE DC OF TUMBY BAY,Female,31-35,1,1,3
14276,THE DC OF TUMBY BAY,Female,31-35,2,0,1
14277,THE DC OF TUMBY BAY,Female,31-35,2,2,1
14278,THE DC OF TUMBY BAY,Female,31-35,3,0,1
14279,THE DC OF TUMBY BAY,Female,36-40,>5,1,1
14280,THE DC OF TUMBY BAY,Female,36-40,0,1,4
14281,THE DC OF TUMBY BAY,Female,36-40,1,0,13
14282,THE DC OF TUMBY BAY,Female,36-40,1,1,3
14283,THE DC OF TUMBY BAY,Female,36-40,2,0,1
14284,THE DC OF TUMBY BAY,Female,41-45,0,1,3
14285,THE DC OF TUMBY BAY,Female,41-45,1,0,17
14286,THE DC OF TUMBY BAY,Female,41-45,1,1,1
14287,THE DC OF TUMBY BAY,Female,41-45,1,2,2
14288,THE DC OF TUMBY BAY,Female,41-45,2,0,5
14289,THE DC OF TUMBY BAY,Female,41-45,2,1,2
14290,THE DC OF TUMBY BAY,Female,41-45,3,0,1
14291,THE DC OF TUMBY BAY,Female,41-45,4,0,1
14292,THE DC OF TUMBY BAY,Female,46-50,0,1,3
14293,THE DC OF TUMBY BAY,Female,46-50,0,2,1
14294,THE DC OF TUMBY BAY,Female,46-50,1,0,15
14295,THE DC OF TUMBY BAY,Female,46-50,1,2,1
14296,THE DC OF TUMBY BAY,Female,46-50,2,0,3
14297,THE DC OF TUMBY BAY,Female,46-50,2,1,1
14298,THE DC OF TUMBY BAY,Female,46-50,2,2,1
14299,THE DC OF TUMBY BAY,Female,46-50,3,0,2
14300,THE DC OF TUMBY BAY,Female,46-50,4,0,1
14301,THE DC OF TUMBY BAY,Female,51-55,0,1,3
14302,THE DC OF TUMBY BAY,Female,51-55,0,4,1
14303,THE DC OF TUMBY BAY,Female,51-55,1,0,27
14304,THE DC OF TUMBY BAY,Female,51-55,1,1,3
14305,THE DC OF TUMBY BAY,Female,51-55,2,0,8
14306,THE DC OF TUMBY BAY,Female,51-55,2,2,1
14307,THE DC OF TUMBY BAY,Female,51-55,3,0,4
14308,THE DC OF TUMBY BAY,Female,56-60,0,1,3
14309,THE DC OF TUMBY BAY,Female,56-60,0,2,2
14310,THE DC OF TUMBY BAY,Female,56-60,1,0,23
14311,THE DC OF TUMBY BAY,Female,56-60,1,1,1
14312,THE DC OF TUMBY BAY,Female,56-60,2,0,5
14313,THE DC OF TUMBY BAY,Female,56-60,2,3,1
14314,THE DC OF TUMBY BAY,Female,56-60,3,0,3
14315,THE DC OF TUMBY BAY,Female,56-60,3,2,1
14316,THE DC OF TUMBY BAY,Female,61-65,0,1,2
14317,THE DC OF TUMBY BAY,Female,61-65,1,0,17
14318,THE DC OF TUMBY BAY,Female,61-65,2,0,3
14319,THE DC OF TUMBY BAY,Female,66-70,0,1,3
14320,THE DC OF TUMBY BAY,Female,66-70,1,0,19
14321,THE DC OF TUMBY BAY,Female,66-70,1,2,1
14322,THE DC OF TUMBY BAY,Female,66-70,2,0,1
14323,THE DC OF TUMBY BAY,Female,66-70,4,0,1
14324,THE DC OF TUMBY BAY,Female,Unknown,0,1,1
14325,THE DC OF TUMBY BAY,Male,>70,0,1,5
14326,THE DC OF TUMBY BAY,Male,>70,1,0,32
14327,THE DC OF TUMBY BAY,Male,>70,1,1,1
14328,THE DC OF TUMBY BAY,Male,21-25,1,0,6
14329,THE DC OF TUMBY BAY,Male,26-30,0,1,1
14330,THE DC OF TUMBY BAY,Male,26-30,1,0,7
14331,THE DC OF TUMBY BAY,Male,26-30,3,0,1
14332,THE DC OF TUMBY BAY,Male,31-35,1,0,10
14333,THE DC OF TUMBY BAY,Male,31-35,2,0,1
14334,THE DC OF TUMBY BAY,Male,31-35,3,0,1
14335,THE DC OF TUMBY BAY,Male,36-40,1,0,12
14336,THE DC OF TUMBY BAY,Male,36-40,2,0,3
14337,THE DC OF TUMBY BAY,Male,41-45,1,0,11
14338,THE DC OF TUMBY BAY,Male,41-45,2,0,1
14339,THE DC OF TUMBY BAY,Male,41-45,2,3,1
14340,THE DC OF TUMBY BAY,Male,41-45,4,0,1
14341,THE DC OF TUMBY BAY,Male,46-50,0,1,2
14342,THE DC OF TUMBY BAY,Male,46-50,1,0,7
14343,THE DC OF TUMBY BAY,Male,46-50,1,1,1
14344,THE DC OF TUMBY BAY,Male,46-50,2,0,5
14345,THE DC OF TUMBY BAY,Male,46-50,4,0,2
14346,THE DC OF TUMBY BAY,Male,51-55,0,1,1
14347,THE DC OF TUMBY BAY,Male,51-55,0,2,1
14348,THE DC OF TUMBY BAY,Male,51-55,1,0,14
14349,THE DC OF TUMBY BAY,Male,51-55,1,1,1
14350,THE DC OF TUMBY BAY,Male,51-55,2,0,1
14351,THE DC OF TUMBY BAY,Male,51-55,2,1,1
14352,THE DC OF TUMBY BAY,Male,51-55,3,0,2
14353,THE DC OF TUMBY BAY,Male,56-60,1,0,11
14354,THE DC OF TUMBY BAY,Male,56-60,2,0,4
14355,THE DC OF TUMBY BAY,Male,61-65,1,0,24
14356,THE DC OF TUMBY BAY,Male,61-65,2,0,4
14357,THE DC OF TUMBY BAY,Male,61-65,5,0,1
14358,THE DC OF TUMBY BAY,Male,66-70,0,1,2
14359,THE DC OF TUMBY BAY,Male,66-70,1,0,11
14360,THE DC OF TUMBY BAY,Male,66-70,2,0,4
14361,THE DC OF TUMBY BAY,Male,66-70,4,0,1
14362,THE DC OF TUMBY BAY,Other,>70,1,0,1
14363,THE DC OF TUMBY BAY,Other,31-35,2,0,2
14364,THE DC OF TUMBY BAY,Other,41-45,1,0,2
14365,THE DC OF TUMBY BAY,Unknown,Unknown,0,1,4
14366,THE DC OF TUMBY BAY,Unknown,Unknown,0,2,1
14367,THE DC OF TUMBY BAY,Unknown,Unknown,0,3,1
14368,THE DC OF YANKALILLA,Female,>70,0,>5,1
14369,THE DC OF YANKALILLA,Female,>70,0,1,20
14370,THE DC OF YANKALILLA,Female,>70,0,2,5
14371,THE DC OF YANKALILLA,Female,>70,0,4,1
14372,THE DC OF YANKALILLA,Female,>70,1,0,88
14373,THE DC OF YANKALILLA,Female,>70,1,1,14
14374,THE DC OF YANKALILLA,Female,>70,2,0,15
14375,THE DC OF YANKALILLA,Female,>70,3,0,1
14376,THE DC OF YANKALILLA,Female,>70,3,3,1
14377,THE DC OF YANKALILLA,Female,16-20,0,1,3
14378,THE DC OF YANKALILLA,Female,16-20,0,2,1
14379,THE DC OF YANKALILLA,Female,16-20,1,0,3
14380,THE DC OF YANKALILLA,Female,21-25,0,1,11
14381,THE DC OF YANKALILLA,Female,21-25,0,2,2
14382,THE DC OF YANKALILLA,Female,21-25,1,0,11
14383,THE DC OF YANKALILLA,Female,21-25,1,1,3
14384,THE DC OF YANKALILLA,Female,21-25,2,0,3
14385,THE DC OF YANKALILLA,Female,21-25,3,2,1
14386,THE DC OF YANKALILLA,Female,26-30,0,1,6
14387,THE DC OF YANKALILLA,Female,26-30,0,2,1
14388,THE DC OF YANKALILLA,Female,26-30,1,0,14
14389,THE DC OF YANKALILLA,Female,26-30,1,1,4
14390,THE DC OF YANKALILLA,Female,26-30,2,0,3
14391,THE DC OF YANKALILLA,Female,31-35,>5,0,1
14392,THE DC OF YANKALILLA,Female,31-35,0,1,4
14393,THE DC OF YANKALILLA,Female,31-35,0,2,1
14394,THE DC OF YANKALILLA,Female,31-35,1,0,35
14395,THE DC OF YANKALILLA,Female,31-35,1,1,2
14396,THE DC OF YANKALILLA,Female,31-35,2,0,10
14397,THE DC OF YANKALILLA,Female,31-35,2,3,1
14398,THE DC OF YANKALILLA,Female,31-35,3,0,1
14399,THE DC OF YANKALILLA,Female,36-40,>5,2,1
14400,THE DC OF YANKALILLA,Female,36-40,0,1,3
14401,THE DC OF YANKALILLA,Female,36-40,0,2,2
14402,THE DC OF YANKALILLA,Female,36-40,1,0,38
14403,THE DC OF YANKALILLA,Female,36-40,1,1,5
14404,THE DC OF YANKALILLA,Female,36-40,2,0,19
14405,THE DC OF YANKALILLA,Female,36-40,2,1,3
14406,THE DC OF YANKALILLA,Female,36-40,2,2,1
14407,THE DC OF YANKALILLA,Female,36-40,2,3,1
14408,THE DC OF YANKALILLA,Female,41-45,0,1,7
14409,THE DC OF YANKALILLA,Female,41-45,0,2,3
14410,THE DC OF YANKALILLA,Female,41-45,1,0,30
14411,THE DC OF YANKALILLA,Female,41-45,1,1,7
14412,THE DC OF YANKALILLA,Female,41-45,1,2,1
14413,THE DC OF YANKALILLA,Female,41-45,2,0,15
14414,THE DC OF YANKALILLA,Female,41-45,2,1,1
14415,THE DC OF YANKALILLA,Female,41-45,2,2,1
14416,THE DC OF YANKALILLA,Female,41-45,3,>5,1
14417,THE DC OF YANKALILLA,Female,41-45,3,0,3
14418,THE DC OF YANKALILLA,Female,46-50,>5,0,2
14419,THE DC OF YANKALILLA,Female,46-50,0,1,6
14420,THE DC OF YANKALILLA,Female,46-50,0,2,2
14421,THE DC OF YANKALILLA,Female,46-50,0,3,1
14422,THE DC OF YANKALILLA,Female,46-50,1,0,25
14423,THE DC OF YANKALILLA,Female,46-50,1,1,6
14424,THE DC OF YANKALILLA,Female,46-50,1,2,2
14425,THE DC OF YANKALILLA,Female,46-50,1,3,1
14426,THE DC OF YANKALILLA,Female,46-50,2,0,13
14427,THE DC OF YANKALILLA,Female,46-50,2,1,2
14428,THE DC OF YANKALILLA,Female,46-50,2,2,1
14429,THE DC OF YANKALILLA,Female,46-50,3,0,2
14430,THE DC OF YANKALILLA,Female,46-50,4,0,2
14431,THE DC OF YANKALILLA,Female,46-50,5,0,2
14432,THE DC OF YANKALILLA,Female,46-50,5,5,1
14433,THE DC OF YANKALILLA,Female,51-55,0,1,9
14434,THE DC OF YANKALILLA,Female,51-55,0,2,4
14435,THE DC OF YANKALILLA,Female,51-55,0,3,2
14436,THE DC OF YANKALILLA,Female,51-55,1,0,45
14437,THE DC OF YANKALILLA,Female,51-55,1,1,7
14438,THE DC OF YANKALILLA,Female,51-55,1,2,4
14439,THE DC OF YANKALILLA,Female,51-55,2,0,17
14440,THE DC OF YANKALILLA,Female,51-55,2,1,4
14441,THE DC OF YANKALILLA,Female,51-55,2,2,5
14442,THE DC OF YANKALILLA,Female,51-55,3,0,1
14443,THE DC OF YANKALILLA,Female,51-55,3,1,1
14444,THE DC OF YANKALILLA,Female,51-55,3,2,1
14445,THE DC OF YANKALILLA,Female,51-55,4,0,2
14446,THE DC OF YANKALILLA,Female,51-55,5,0,2
14447,THE DC OF YANKALILLA,Female,56-60,>5,0,2
14448,THE DC OF YANKALILLA,Female,56-60,>5,1,1
14449,THE DC OF YANKALILLA,Female,56-60,0,1,9
14450,THE DC OF YANKALILLA,Female,56-60,0,2,6
14451,THE DC OF YANKALILLA,Female,56-60,1,0,52
14452,THE DC OF YANKALILLA,Female,56-60,1,1,2
14453,THE DC OF YANKALILLA,Female,56-60,1,2,2
14454,THE DC OF YANKALILLA,Female,56-60,2,0,23
14455,THE DC OF YANKALILLA,Female,56-60,2,1,2
14456,THE DC OF YANKALILLA,Female,56-60,2,2,1
14457,THE DC OF YANKALILLA,Female,56-60,2,5,1
14458,THE DC OF YANKALILLA,Female,56-60,3,0,1
14459,THE DC OF YANKALILLA,Female,56-60,3,1,1
14460,THE DC OF YANKALILLA,Female,56-60,3,4,1
14461,THE DC OF YANKALILLA,Female,61-65,>5,0,2
14462,THE DC OF YANKALILLA,Female,61-65,0,>5,1
14463,THE DC OF YANKALILLA,Female,61-65,0,1,9
14464,THE DC OF YANKALILLA,Female,61-65,0,2,8
14465,THE DC OF YANKALILLA,Female,61-65,1,0,66
14466,THE DC OF YANKALILLA,Female,61-65,1,1,8
14467,THE DC OF YANKALILLA,Female,61-65,1,2,1
14468,THE DC OF YANKALILLA,Female,61-65,2,0,15
14469,THE DC OF YANKALILLA,Female,61-65,2,1,1
14470,THE DC OF YANKALILLA,Female,61-65,2,4,2
14471,THE DC OF YANKALILLA,Female,61-65,3,0,4
14472,THE DC OF YANKALILLA,Female,66-70,>5,0,1
14473,THE DC OF YANKALILLA,Female,66-70,0,1,3
14474,THE DC OF YANKALILLA,Female,66-70,0,2,2
14475,THE DC OF YANKALILLA,Female,66-70,1,0,54
14476,THE DC OF YANKALILLA,Female,66-70,1,2,1
14477,THE DC OF YANKALILLA,Female,66-70,2,0,12
14478,THE DC OF YANKALILLA,Female,66-70,2,2,1
14479,THE DC OF YANKALILLA,Female,66-70,3,0,2
14480,THE DC OF YANKALILLA,Female,66-70,4,0,2
14481,THE DC OF YANKALILLA,Female,66-70,5,0,2
14482,THE DC OF YANKALILLA,Female,Unknown,0,1,4
14483,THE DC OF YANKALILLA,Female,Unknown,0,2,1
14484,THE DC OF YANKALILLA,Female,Unknown,1,0,8
14485,THE DC OF YANKALILLA,Female,Unknown,2,0,3
14486,THE DC OF YANKALILLA,Female,Unknown,2,2,1
14487,THE DC OF YANKALILLA,Male,>70,0,1,7
14488,THE DC OF YANKALILLA,Male,>70,1,0,87
14489,THE DC OF YANKALILLA,Male,>70,1,1,3
14490,THE DC OF YANKALILLA,Male,>70,2,0,15
14491,THE DC OF YANKALILLA,Male,>70,2,1,1
14492,THE DC OF YANKALILLA,Male,>70,3,0,1
14493,THE DC OF YANKALILLA,Male,>70,4,0,1
14494,THE DC OF YANKALILLA,Male,16-20,0,1,1
14495,THE DC OF YANKALILLA,Male,16-20,1,0,3
14496,THE DC OF YANKALILLA,Male,16-20,2,0,1
14497,THE DC OF YANKALILLA,Male,21-25,1,0,10
14498,THE DC OF YANKALILLA,Male,21-25,1,1,1
14499,THE DC OF YANKALILLA,Male,21-25,2,0,1
14500,THE DC OF YANKALILLA,Male,26-30,0,1,2
14501,THE DC OF YANKALILLA,Male,26-30,0,2,1
14502,THE DC OF YANKALILLA,Male,26-30,1,0,13
14503,THE DC OF YANKALILLA,Male,26-30,1,1,1
14504,THE DC OF YANKALILLA,Male,26-30,2,0,3
14505,THE DC OF YANKALILLA,Male,31-35,0,1,2
14506,THE DC OF YANKALILLA,Male,31-35,0,2,1
14507,THE DC OF YANKALILLA,Male,31-35,1,0,14
14508,THE DC OF YANKALILLA,Male,31-35,1,1,1
14509,THE DC OF YANKALILLA,Male,31-35,2,0,5
14510,THE DC OF YANKALILLA,Male,31-35,3,0,1
14511,THE DC OF YANKALILLA,Male,36-40,0,1,1
14512,THE DC OF YANKALILLA,Male,36-40,1,0,19
14513,THE DC OF YANKALILLA,Male,36-40,2,0,5
14514,THE DC OF YANKALILLA,Male,36-40,4,0,1
14515,THE DC OF YANKALILLA,Male,41-45,0,1,1
14516,THE DC OF YANKALILLA,Male,41-45,0,2,1
14517,THE DC OF YANKALILLA,Male,41-45,1,0,22
14518,THE DC OF YANKALILLA,Male,41-45,1,1,2
14519,THE DC OF YANKALILLA,Male,41-45,1,2,1
14520,THE DC OF YANKALILLA,Male,41-45,2,0,6
14521,THE DC OF YANKALILLA,Male,41-45,2,1,1
14522,THE DC OF YANKALILLA,Male,41-45,3,0,2
14523,THE DC OF YANKALILLA,Male,41-45,4,0,1
14524,THE DC OF YANKALILLA,Male,41-45,5,0,1
14525,THE DC OF YANKALILLA,Male,46-50,0,1,1
14526,THE DC OF YANKALILLA,Male,46-50,1,0,17
14527,THE DC OF YANKALILLA,Male,46-50,1,1,1
14528,THE DC OF YANKALILLA,Male,46-50,2,0,5
14529,THE DC OF YANKALILLA,Male,46-50,2,1,1
14530,THE DC OF YANKALILLA,Male,46-50,2,2,1
14531,THE DC OF YANKALILLA,Male,46-50,5,0,2
14532,THE DC OF YANKALILLA,Male,51-55,>5,1,1
14533,THE DC OF YANKALILLA,Male,51-55,0,1,1
14534,THE DC OF YANKALILLA,Male,51-55,0,2,1
14535,THE DC OF YANKALILLA,Male,51-55,0,3,1
14536,THE DC OF YANKALILLA,Male,51-55,1,0,32
14537,THE DC OF YANKALILLA,Male,51-55,1,1,1
14538,THE DC OF YANKALILLA,Male,51-55,2,0,6
14539,THE DC OF YANKALILLA,Male,51-55,4,0,3
14540,THE DC OF YANKALILLA,Male,56-60,0,1,2
14541,THE DC OF YANKALILLA,Male,56-60,1,0,35
14542,THE DC OF YANKALILLA,Male,56-60,1,2,1
14543,THE DC OF YANKALILLA,Male,56-60,2,0,14
14544,THE DC OF YANKALILLA,Male,56-60,3,0,2
14545,THE DC OF YANKALILLA,Male,56-60,3,2,1
14546,THE DC OF YANKALILLA,Male,61-65,0,1,6
14547,THE DC OF YANKALILLA,Male,61-65,1,0,38
14548,THE DC OF YANKALILLA,Male,61-65,1,1,3
14549,THE DC OF YANKALILLA,Male,61-65,2,0,15
14550,THE DC OF YANKALILLA,Male,61-65,2,1,1
14551,THE DC OF YANKALILLA,Male,61-65,2,2,1
14552,THE DC OF YANKALILLA,Male,61-65,3,0,1
14553,THE DC OF YANKALILLA,Male,61-65,5,0,2
14554,THE DC OF YANKALILLA,Male,66-70,0,1,3
14555,THE DC OF YANKALILLA,Male,66-70,1,0,43
14556,THE DC OF YANKALILLA,Male,66-70,2,0,11
14557,THE DC OF YANKALILLA,Male,66-70,3,0,3
14558,THE DC OF YANKALILLA,Male,Unknown,0,1,1
14559,THE DC OF YANKALILLA,Male,Unknown,1,0,13
14560,THE DC OF YANKALILLA,Male,Unknown,1,1,1
14561,THE DC OF YANKALILLA,Male,Unknown,2,0,1
14562,THE DC OF YANKALILLA,Other,>70,1,0,16
14563,THE DC OF YANKALILLA,Other,>70,2,0,3
14564,THE DC OF YANKALILLA,Other,26-30,1,0,1
14565,THE DC OF YANKALILLA,Other,31-35,1,0,2
14566,THE DC OF YANKALILLA,Other,31-35,2,0,1
14567,THE DC OF YANKALILLA,Other,31-35,2,1,1
14568,THE DC OF YANKALILLA,Other,36-40,0,1,1
14569,THE DC OF YANKALILLA,Other,36-40,1,0,1
14570,THE DC OF YANKALILLA,Other,36-40,1,1,1
14571,THE DC OF YANKALILLA,Other,41-45,1,0,1
14572,THE DC OF YANKALILLA,Other,41-45,1,1,1
14573,THE DC OF YANKALILLA,Other,41-45,2,0,1
14574,THE DC OF YANKALILLA,Other,46-50,0,1,1
14575,THE DC OF YANKALILLA,Other,46-50,1,0,2
14576,THE DC OF YANKALILLA,Other,51-55,0,1,1
14577,THE DC OF YANKALILLA,Other,51-55,1,0,4
14578,THE DC OF YANKALILLA,Other,51-55,1,1,1
14579,THE DC OF YANKALILLA,Other,51-55,2,0,4
14580,THE DC OF YANKALILLA,Other,56-60,1,0,4
14581,THE DC OF YANKALILLA,Other,56-60,2,0,3
14582,THE DC OF YANKALILLA,Other,56-60,3,0,1
14583,THE DC OF YANKALILLA,Other,56-60,5,0,1
14584,THE DC OF YANKALILLA,Other,61-65,0,1,1
14585,THE DC OF YANKALILLA,Other,61-65,1,0,4
14586,THE DC OF YANKALILLA,Other,61-65,2,0,3
14587,THE DC OF YANKALILLA,Other,61-65,2,1,1
14588,THE DC OF YANKALILLA,Other,66-70,0,2,1
14589,THE DC OF YANKALILLA,Other,66-70,1,0,9
14590,THE DC OF YANKALILLA,Other,66-70,2,0,3
14591,THE DC OF YANKALILLA,Other,Unknown,0,1,1
14592,THE DC OF YANKALILLA,Other,Unknown,0,2,2
14593,THE DC OF YANKALILLA,Other,Unknown,1,0,6
14594,THE DC OF YANKALILLA,Other,Unknown,2,0,1
14595,THE DC OF YANKALILLA,SUPPRESSED,Unknown,0,1,1
14596,THE DC OF YANKALILLA,SUPPRESSED,Unknown,1,0,1
14597,THE DC OF YANKALILLA,SUPPRESSED,Unknown,2,0,1
14598,THE DC OF YANKALILLA,SUPPRESSED,Unknown,3,0,1
14599,THE DC OF YANKALILLA,Unknown,51-55,0,1,1
14600,THE DC OF YANKALILLA,Unknown,Unknown,0,1,1
14601,THE DC OF YANKALILLA,Unknown,Unknown,0,2,1
14602,THE DC OF YANKALILLA,Unknown,Unknown,1,0,3
14603,THE FLINDERS RANGES COUNCIL,Female,>70,0,1,3
14604,THE FLINDERS RANGES COUNCIL,Female,>70,0,2,1
14605,THE FLINDERS RANGES COUNCIL,Female,>70,1,0,28
14606,THE FLINDERS RANGES COUNCIL,Female,>70,1,1,3
14607,THE FLINDERS RANGES COUNCIL,Female,>70,1,2,1
14608,THE FLINDERS RANGES COUNCIL,Female,>70,1,3,1
14609,THE FLINDERS RANGES COUNCIL,Female,>70,2,0,4
14610,THE FLINDERS RANGES COUNCIL,Female,>70,2,2,1
14611,THE FLINDERS RANGES COUNCIL,Female,>70,3,0,1
14612,THE FLINDERS RANGES COUNCIL,Female,>70,3,2,1
14613,THE FLINDERS RANGES COUNCIL,Female,16-20,0,1,1
14614,THE FLINDERS RANGES COUNCIL,Female,16-20,1,0,2
14615,THE FLINDERS RANGES COUNCIL,Female,16-20,1,2,1
14616,THE FLINDERS RANGES COUNCIL,Female,21-25,0,1,2
14617,THE FLINDERS RANGES COUNCIL,Female,21-25,1,0,6
14618,THE FLINDERS RANGES COUNCIL,Female,21-25,1,3,1
14619,THE FLINDERS RANGES COUNCIL,Female,21-25,2,0,3
14620,THE FLINDERS RANGES COUNCIL,Female,26-30,0,1,1
14621,THE FLINDERS RANGES COUNCIL,Female,26-30,0,2,1
14622,THE FLINDERS RANGES COUNCIL,Female,26-30,1,0,5
14623,THE FLINDERS RANGES COUNCIL,Female,26-30,2,0,1
14624,THE FLINDERS RANGES COUNCIL,Female,31-35,0,1,2
14625,THE FLINDERS RANGES COUNCIL,Female,31-35,0,2,3
14626,THE FLINDERS RANGES COUNCIL,Female,31-35,1,0,11
14627,THE FLINDERS RANGES COUNCIL,Female,31-35,1,1,2
14628,THE FLINDERS RANGES COUNCIL,Female,31-35,2,0,5
14629,THE FLINDERS RANGES COUNCIL,Female,31-35,2,1,1
14630,THE FLINDERS RANGES COUNCIL,Female,36-40,0,3,1
14631,THE FLINDERS RANGES COUNCIL,Female,36-40,0,4,1
14632,THE FLINDERS RANGES COUNCIL,Female,36-40,1,0,8
14633,THE FLINDERS RANGES COUNCIL,Female,36-40,2,0,3
14634,THE FLINDERS RANGES COUNCIL,Female,36-40,5,0,1
14635,THE FLINDERS RANGES COUNCIL,Female,41-45,0,3,1
14636,THE FLINDERS RANGES COUNCIL,Female,41-45,1,0,13
14637,THE FLINDERS RANGES COUNCIL,Female,41-45,1,1,1
14638,THE FLINDERS RANGES COUNCIL,Female,41-45,2,0,3
14639,THE FLINDERS RANGES COUNCIL,Female,41-45,2,1,1
14640,THE FLINDERS RANGES COUNCIL,Female,41-45,3,1,1
14641,THE FLINDERS RANGES COUNCIL,Female,46-50,1,0,4
14642,THE FLINDERS RANGES COUNCIL,Female,46-50,1,1,2
14643,THE FLINDERS RANGES COUNCIL,Female,46-50,1,2,1
14644,THE FLINDERS RANGES COUNCIL,Female,46-50,2,0,1
14645,THE FLINDERS RANGES COUNCIL,Female,46-50,2,3,1
14646,THE FLINDERS RANGES COUNCIL,Female,46-50,4,0,1
14647,THE FLINDERS RANGES COUNCIL,Female,51-55,0,1,1
14648,THE FLINDERS RANGES COUNCIL,Female,51-55,0,2,4
14649,THE FLINDERS RANGES COUNCIL,Female,51-55,1,0,12
14650,THE FLINDERS RANGES COUNCIL,Female,51-55,1,1,1
14651,THE FLINDERS RANGES COUNCIL,Female,51-55,2,0,4
14652,THE FLINDERS RANGES COUNCIL,Female,51-55,2,1,2
14653,THE FLINDERS RANGES COUNCIL,Female,51-55,3,0,2
14654,THE FLINDERS RANGES COUNCIL,Female,51-55,3,1,1
14655,THE FLINDERS RANGES COUNCIL,Female,56-60,0,3,1
14656,THE FLINDERS RANGES COUNCIL,Female,56-60,1,0,17
14657,THE FLINDERS RANGES COUNCIL,Female,56-60,2,0,10
14658,THE FLINDERS RANGES COUNCIL,Female,56-60,2,2,1
14659,THE FLINDERS RANGES COUNCIL,Female,56-60,3,0,1
14660,THE FLINDERS RANGES COUNCIL,Female,56-60,3,1,1
14661,THE FLINDERS RANGES COUNCIL,Female,61-65,>5,0,1
14662,THE FLINDERS RANGES COUNCIL,Female,61-65,0,1,3
14663,THE FLINDERS RANGES COUNCIL,Female,61-65,0,2,1
14664,THE FLINDERS RANGES COUNCIL,Female,61-65,1,0,14
14665,THE FLINDERS RANGES COUNCIL,Female,61-65,1,1,1
14666,THE FLINDERS RANGES COUNCIL,Female,61-65,2,0,10
14667,THE FLINDERS RANGES COUNCIL,Female,61-65,2,1,1
14668,THE FLINDERS RANGES COUNCIL,Female,61-65,3,0,1
14669,THE FLINDERS RANGES COUNCIL,Female,61-65,4,0,1
14670,THE FLINDERS RANGES COUNCIL,Female,61-65,5,3,1
14671,THE FLINDERS RANGES COUNCIL,Female,66-70,0,2,2
14672,THE FLINDERS RANGES COUNCIL,Female,66-70,1,0,12
14673,THE FLINDERS RANGES COUNCIL,Female,66-70,1,1,2
14674,THE FLINDERS RANGES COUNCIL,Female,66-70,2,0,3
14675,THE FLINDERS RANGES COUNCIL,Female,Unknown,0,1,4
14676,THE FLINDERS RANGES COUNCIL,Female,Unknown,0,2,2
14677,THE FLINDERS RANGES COUNCIL,Female,Unknown,0,3,1
14678,THE FLINDERS RANGES COUNCIL,Male,>70,0,1,2
14679,THE FLINDERS RANGES COUNCIL,Male,>70,1,0,21
14680,THE FLINDERS RANGES COUNCIL,Male,>70,1,1,1
14681,THE FLINDERS RANGES COUNCIL,Male,>70,2,0,5
14682,THE FLINDERS RANGES COUNCIL,Male,>70,2,1,1
14683,THE FLINDERS RANGES COUNCIL,Male,>70,3,0,1
14684,THE FLINDERS RANGES COUNCIL,Male,>70,4,0,1
14685,THE FLINDERS RANGES COUNCIL,Male,16-20,0,1,1
14686,THE FLINDERS RANGES COUNCIL,Male,16-20,1,0,1
14687,THE FLINDERS RANGES COUNCIL,Male,21-25,1,0,8
14688,THE FLINDERS RANGES COUNCIL,Male,26-30,1,0,5
14689,THE FLINDERS RANGES COUNCIL,Male,31-35,1,0,11
14690,THE FLINDERS RANGES COUNCIL,Male,31-35,2,0,2
14691,THE FLINDERS RANGES COUNCIL,Male,31-35,3,0,1
14692,THE FLINDERS RANGES COUNCIL,Male,36-40,1,0,3
14693,THE FLINDERS RANGES COUNCIL,Male,36-40,2,0,2
14694,THE FLINDERS RANGES COUNCIL,Male,41-45,0,3,1
14695,THE FLINDERS RANGES COUNCIL,Male,41-45,1,0,1
14696,THE FLINDERS RANGES COUNCIL,Male,41-45,1,1,1
14697,THE FLINDERS RANGES COUNCIL,Male,41-45,2,0,2
14698,THE FLINDERS RANGES COUNCIL,Male,41-45,2,2,1
14699,THE FLINDERS RANGES COUNCIL,Male,46-50,1,0,6
14700,THE FLINDERS RANGES COUNCIL,Male,46-50,2,0,4
14701,THE FLINDERS RANGES COUNCIL,Male,46-50,2,1,1
14702,THE FLINDERS RANGES COUNCIL,Male,46-50,2,2,1
14703,THE FLINDERS RANGES COUNCIL,Male,46-50,3,0,1
14704,THE FLINDERS RANGES COUNCIL,Male,51-55,0,1,1
14705,THE FLINDERS RANGES COUNCIL,Male,51-55,1,0,7
14706,THE FLINDERS RANGES COUNCIL,Male,51-55,2,0,2
14707,THE FLINDERS RANGES COUNCIL,Male,51-55,3,0,1
14708,THE FLINDERS RANGES COUNCIL,Male,56-60,1,0,11
14709,THE FLINDERS RANGES COUNCIL,Male,56-60,2,0,3
14710,THE FLINDERS RANGES COUNCIL,Male,56-60,3,0,1
14711,THE FLINDERS RANGES COUNCIL,Male,61-65,0,1,1
14712,THE FLINDERS RANGES COUNCIL,Male,61-65,1,0,9
14713,THE FLINDERS RANGES COUNCIL,Male,61-65,1,1,1
14714,THE FLINDERS RANGES COUNCIL,Male,61-65,2,0,5
14715,THE FLINDERS RANGES COUNCIL,Male,61-65,2,1,1
14716,THE FLINDERS RANGES COUNCIL,Male,61-65,4,0,1
14717,THE FLINDERS RANGES COUNCIL,Male,66-70,1,0,13
14718,THE FLINDERS RANGES COUNCIL,Male,66-70,1,1,1
14719,THE FLINDERS RANGES COUNCIL,Male,66-70,2,0,4
14720,THE FLINDERS RANGES COUNCIL,Male,66-70,2,1,1
14721,THE FLINDERS RANGES COUNCIL,Male,Unknown,0,1,1
14722,THE FLINDERS RANGES COUNCIL,Other,>70,1,0,4
14723,THE FLINDERS RANGES COUNCIL,Other,26-30,1,0,1
14724,THE FLINDERS RANGES COUNCIL,Other,31-35,1,1,1
14725,THE FLINDERS RANGES COUNCIL,Other,46-50,1,0,1
14726,THE FLINDERS RANGES COUNCIL,Other,51-55,2,0,2
14727,THE FLINDERS RANGES COUNCIL,Other,56-60,3,0,1
14728,THE FLINDERS RANGES COUNCIL,Other,61-65,0,1,1
14729,THE FLINDERS RANGES COUNCIL,Other,61-65,1,0,2
14730,THE FLINDERS RANGES COUNCIL,Other,61-65,2,0,1
14731,THE FLINDERS RANGES COUNCIL,Other,66-70,1,0,2
14732,THE FLINDERS RANGES COUNCIL,Other,Unknown,1,0,1
14733,THE FLINDERS RANGES COUNCIL,Unknown,Unknown,0,1,7
14734,THE FLINDERS RANGES COUNCIL,Unknown,Unknown,0,2,1
14735,THE FLINDERS RANGES COUNCIL,Unknown,Unknown,0,4,1
14736,THE FLINDERS RANGES COUNCIL,Unknown,Unknown,1,0,1
14737,THE REGIONAL COUNCIL OF GOYDER,Female,>70,0,>5,1
14738,THE REGIONAL COUNCIL OF GOYDER,Female,>70,0,1,10
14739,THE REGIONAL COUNCIL OF GOYDER,Female,>70,0,2,4
14740,THE REGIONAL COUNCIL OF GOYDER,Female,>70,1,0,51
14741,THE REGIONAL COUNCIL OF GOYDER,Female,>70,1,1,1
14742,THE REGIONAL COUNCIL OF GOYDER,Female,>70,1,2,1
14743,THE REGIONAL COUNCIL OF GOYDER,Female,>70,2,0,12
14744,THE REGIONAL COUNCIL OF GOYDER,Female,>70,2,1,2
14745,THE REGIONAL COUNCIL OF GOYDER,Female,>70,3,0,4
14746,THE REGIONAL COUNCIL OF GOYDER,Female,>70,3,1,1
14747,THE REGIONAL COUNCIL OF GOYDER,Female,>70,3,2,1
14748,THE REGIONAL COUNCIL OF GOYDER,Female,>70,5,0,1
14749,THE REGIONAL COUNCIL OF GOYDER,Female,16-20,0,2,1
14750,THE REGIONAL COUNCIL OF GOYDER,Female,16-20,1,0,2
14751,THE REGIONAL COUNCIL OF GOYDER,Female,16-20,2,0,1
14752,THE REGIONAL COUNCIL OF GOYDER,Female,21-25,>5,0,1
14753,THE REGIONAL COUNCIL OF GOYDER,Female,21-25,0,1,5
14754,THE REGIONAL COUNCIL OF GOYDER,Female,21-25,0,3,1
14755,THE REGIONAL COUNCIL OF GOYDER,Female,21-25,1,0,11
14756,THE REGIONAL COUNCIL OF GOYDER,Female,21-25,1,3,1
14757,THE REGIONAL COUNCIL OF GOYDER,Female,21-25,2,0,2
14758,THE REGIONAL COUNCIL OF GOYDER,Female,21-25,2,1,1
14759,THE REGIONAL COUNCIL OF GOYDER,Female,26-30,1,>5,2
14760,THE REGIONAL COUNCIL OF GOYDER,Female,26-30,1,0,14
14761,THE REGIONAL COUNCIL OF GOYDER,Female,26-30,1,1,2
14762,THE REGIONAL COUNCIL OF GOYDER,Female,26-30,2,0,2
14763,THE REGIONAL COUNCIL OF GOYDER,Female,26-30,2,1,2
14764,THE REGIONAL COUNCIL OF GOYDER,Female,26-30,2,2,2
14765,THE REGIONAL COUNCIL OF GOYDER,Female,26-30,3,0,2
14766,THE REGIONAL COUNCIL OF GOYDER,Female,31-35,>5,0,1
14767,THE REGIONAL COUNCIL OF GOYDER,Female,31-35,0,1,3
14768,THE REGIONAL COUNCIL OF GOYDER,Female,31-35,0,3,1
14769,THE REGIONAL COUNCIL OF GOYDER,Female,31-35,1,0,15
14770,THE REGIONAL COUNCIL OF GOYDER,Female,31-35,1,1,4
14771,THE REGIONAL COUNCIL OF GOYDER,Female,31-35,2,0,11
14772,THE REGIONAL COUNCIL OF GOYDER,Female,31-35,2,2,1
14773,THE REGIONAL COUNCIL OF GOYDER,Female,31-35,2,4,1
14774,THE REGIONAL COUNCIL OF GOYDER,Female,31-35,3,0,2
14775,THE REGIONAL COUNCIL OF GOYDER,Female,31-35,3,2,1
14776,THE REGIONAL COUNCIL OF GOYDER,Female,31-35,4,0,2
14777,THE REGIONAL COUNCIL OF GOYDER,Female,31-35,5,0,1
14778,THE REGIONAL COUNCIL OF GOYDER,Female,36-40,0,1,2
14779,THE REGIONAL COUNCIL OF GOYDER,Female,36-40,0,2,1
14780,THE REGIONAL COUNCIL OF GOYDER,Female,36-40,1,0,18
14781,THE REGIONAL COUNCIL OF GOYDER,Female,36-40,1,1,3
14782,THE REGIONAL COUNCIL OF GOYDER,Female,36-40,1,2,3
14783,THE REGIONAL COUNCIL OF GOYDER,Female,36-40,1,3,1
14784,THE REGIONAL COUNCIL OF GOYDER,Female,36-40,2,0,11
14785,THE REGIONAL COUNCIL OF GOYDER,Female,36-40,2,2,1
14786,THE REGIONAL COUNCIL OF GOYDER,Female,36-40,3,0,1
14787,THE REGIONAL COUNCIL OF GOYDER,Female,36-40,3,2,1
14788,THE REGIONAL COUNCIL OF GOYDER,Female,36-40,4,0,1
14789,THE REGIONAL COUNCIL OF GOYDER,Female,41-45,0,1,5
14790,THE REGIONAL COUNCIL OF GOYDER,Female,41-45,0,3,1
14791,THE REGIONAL COUNCIL OF GOYDER,Female,41-45,0,4,1
14792,THE REGIONAL COUNCIL OF GOYDER,Female,41-45,1,0,13
14793,THE REGIONAL COUNCIL OF GOYDER,Female,41-45,1,1,5
14794,THE REGIONAL COUNCIL OF GOYDER,Female,41-45,1,2,2
14795,THE REGIONAL COUNCIL OF GOYDER,Female,41-45,2,0,13
14796,THE REGIONAL COUNCIL OF GOYDER,Female,41-45,2,1,1
14797,THE REGIONAL COUNCIL OF GOYDER,Female,41-45,2,2,1
14798,THE REGIONAL COUNCIL OF GOYDER,Female,41-45,2,3,1
14799,THE REGIONAL COUNCIL OF GOYDER,Female,41-45,3,0,1
14800,THE REGIONAL COUNCIL OF GOYDER,Female,41-45,4,0,1
14801,THE REGIONAL COUNCIL OF GOYDER,Female,41-45,4,1,2
14802,THE REGIONAL COUNCIL OF GOYDER,Female,46-50,>5,0,1
14803,THE REGIONAL COUNCIL OF GOYDER,Female,46-50,0,1,4
14804,THE REGIONAL COUNCIL OF GOYDER,Female,46-50,0,2,3
14805,THE REGIONAL COUNCIL OF GOYDER,Female,46-50,0,3,2
14806,THE REGIONAL COUNCIL OF GOYDER,Female,46-50,1,0,21
14807,THE REGIONAL COUNCIL OF GOYDER,Female,46-50,1,1,2
14808,THE REGIONAL COUNCIL OF GOYDER,Female,46-50,1,2,1
14809,THE REGIONAL COUNCIL OF GOYDER,Female,46-50,1,3,1
14810,THE REGIONAL COUNCIL OF GOYDER,Female,46-50,2,0,8
14811,THE REGIONAL COUNCIL OF GOYDER,Female,46-50,2,2,3
14812,THE REGIONAL COUNCIL OF GOYDER,Female,46-50,2,3,2
14813,THE REGIONAL COUNCIL OF GOYDER,Female,46-50,3,0,4
14814,THE REGIONAL COUNCIL OF GOYDER,Female,46-50,3,4,1
14815,THE REGIONAL COUNCIL OF GOYDER,Female,46-50,4,0,4
14816,THE REGIONAL COUNCIL OF GOYDER,Female,46-50,5,4,1
14817,THE REGIONAL COUNCIL OF GOYDER,Female,51-55,>5,0,2
14818,THE REGIONAL COUNCIL OF GOYDER,Female,51-55,0,1,6
14819,THE REGIONAL COUNCIL OF GOYDER,Female,51-55,0,2,2
14820,THE REGIONAL COUNCIL OF GOYDER,Female,51-55,0,3,1
14821,THE REGIONAL COUNCIL OF GOYDER,Female,51-55,1,0,20
14822,THE REGIONAL COUNCIL OF GOYDER,Female,51-55,1,1,3
14823,THE REGIONAL COUNCIL OF GOYDER,Female,51-55,1,2,3
14824,THE REGIONAL COUNCIL OF GOYDER,Female,51-55,2,0,9
14825,THE REGIONAL COUNCIL OF GOYDER,Female,51-55,2,1,2
14826,THE REGIONAL COUNCIL OF GOYDER,Female,51-55,3,0,8
14827,THE REGIONAL COUNCIL OF GOYDER,Female,51-55,3,1,1
14828,THE REGIONAL COUNCIL OF GOYDER,Female,56-60,>5,0,3
14829,THE REGIONAL COUNCIL OF GOYDER,Female,56-60,0,1,8
14830,THE REGIONAL COUNCIL OF GOYDER,Female,56-60,0,2,3
14831,THE REGIONAL COUNCIL OF GOYDER,Female,56-60,1,0,32
14832,THE REGIONAL COUNCIL OF GOYDER,Female,56-60,2,0,7
14833,THE REGIONAL COUNCIL OF GOYDER,Female,56-60,2,3,1
14834,THE REGIONAL COUNCIL OF GOYDER,Female,56-60,3,0,3
14835,THE REGIONAL COUNCIL OF GOYDER,Female,56-60,4,0,2
14836,THE REGIONAL COUNCIL OF GOYDER,Female,56-60,5,0,1
14837,THE REGIONAL COUNCIL OF GOYDER,Female,61-65,>5,0,4
14838,THE REGIONAL COUNCIL OF GOYDER,Female,61-65,0,1,2
14839,THE REGIONAL COUNCIL OF GOYDER,Female,61-65,0,2,1
14840,THE REGIONAL COUNCIL OF GOYDER,Female,61-65,0,3,1
14841,THE REGIONAL COUNCIL OF GOYDER,Female,61-65,0,4,1
14842,THE REGIONAL COUNCIL OF GOYDER,Female,61-65,1,0,36
14843,THE REGIONAL COUNCIL OF GOYDER,Female,61-65,1,1,2
14844,THE REGIONAL COUNCIL OF GOYDER,Female,61-65,2,0,11
14845,THE REGIONAL COUNCIL OF GOYDER,Female,61-65,2,1,2
14846,THE REGIONAL COUNCIL OF GOYDER,Female,61-65,2,2,1
14847,THE REGIONAL COUNCIL OF GOYDER,Female,61-65,3,0,6
14848,THE REGIONAL COUNCIL OF GOYDER,Female,61-65,4,0,2
14849,THE REGIONAL COUNCIL OF GOYDER,Female,61-65,5,0,1
14850,THE REGIONAL COUNCIL OF GOYDER,Female,66-70,>5,0,3
14851,THE REGIONAL COUNCIL OF GOYDER,Female,66-70,0,1,4
14852,THE REGIONAL COUNCIL OF GOYDER,Female,66-70,0,2,1
14853,THE REGIONAL COUNCIL OF GOYDER,Female,66-70,1,0,28
14854,THE REGIONAL COUNCIL OF GOYDER,Female,66-70,1,2,1
14855,THE REGIONAL COUNCIL OF GOYDER,Female,66-70,2,0,11
14856,THE REGIONAL COUNCIL OF GOYDER,Female,66-70,3,0,2
14857,THE REGIONAL COUNCIL OF GOYDER,Female,66-70,5,0,2
14858,THE REGIONAL COUNCIL OF GOYDER,Female,66-70,5,3,1
14859,THE REGIONAL COUNCIL OF GOYDER,Female,Unknown,0,1,5
14860,THE REGIONAL COUNCIL OF GOYDER,Female,Unknown,0,2,2
14861,THE REGIONAL COUNCIL OF GOYDER,Female,Unknown,0,3,3
14862,THE REGIONAL COUNCIL OF GOYDER,Female,Unknown,1,0,1
14863,THE REGIONAL COUNCIL OF GOYDER,Female,Unknown,1,1,1
14864,THE REGIONAL COUNCIL OF GOYDER,Female,Unknown,2,1,1
14865,THE REGIONAL COUNCIL OF GOYDER,Male,>70,0,1,4
14866,THE REGIONAL COUNCIL OF GOYDER,Male,>70,0,3,1
14867,THE REGIONAL COUNCIL OF GOYDER,Male,>70,1,0,52
14868,THE REGIONAL COUNCIL OF GOYDER,Male,>70,1,1,1
14869,THE REGIONAL COUNCIL OF GOYDER,Male,>70,2,0,17
14870,THE REGIONAL COUNCIL OF GOYDER,Male,>70,3,0,2
14871,THE REGIONAL COUNCIL OF GOYDER,Male,>70,4,0,1
14872,THE REGIONAL COUNCIL OF GOYDER,Male,16-20,1,0,3
14873,THE REGIONAL COUNCIL OF GOYDER,Male,21-25,1,0,11
14874,THE REGIONAL COUNCIL OF GOYDER,Male,21-25,2,0,2
14875,THE REGIONAL COUNCIL OF GOYDER,Male,21-25,3,0,2
14876,THE REGIONAL COUNCIL OF GOYDER,Male,26-30,0,1,2
14877,THE REGIONAL COUNCIL OF GOYDER,Male,26-30,0,2,1
14878,THE REGIONAL COUNCIL OF GOYDER,Male,26-30,1,0,13
14879,THE REGIONAL COUNCIL OF GOYDER,Male,26-30,1,1,1
14880,THE REGIONAL COUNCIL OF GOYDER,Male,26-30,2,0,6
14881,THE REGIONAL COUNCIL OF GOYDER,Male,26-30,4,0,1
14882,THE REGIONAL COUNCIL OF GOYDER,Male,31-35,0,1,4
14883,THE REGIONAL COUNCIL OF GOYDER,Male,31-35,1,0,10
14884,THE REGIONAL COUNCIL OF GOYDER,Male,31-35,2,0,6
14885,THE REGIONAL COUNCIL OF GOYDER,Male,31-35,2,1,1
14886,THE REGIONAL COUNCIL OF GOYDER,Male,31-35,3,0,1
14887,THE REGIONAL COUNCIL OF GOYDER,Male,31-35,3,2,1
14888,THE REGIONAL COUNCIL OF GOYDER,Male,36-40,1,0,14
14889,THE REGIONAL COUNCIL OF GOYDER,Male,36-40,2,0,7
14890,THE REGIONAL COUNCIL OF GOYDER,Male,36-40,3,0,3
14891,THE REGIONAL COUNCIL OF GOYDER,Male,36-40,4,0,3
14892,THE REGIONAL COUNCIL OF GOYDER,Male,41-45,0,1,2
14893,THE REGIONAL COUNCIL OF GOYDER,Male,41-45,1,0,12
14894,THE REGIONAL COUNCIL OF GOYDER,Male,41-45,1,1,1
14895,THE REGIONAL COUNCIL OF GOYDER,Male,41-45,2,0,10
14896,THE REGIONAL COUNCIL OF GOYDER,Male,41-45,3,0,3
14897,THE REGIONAL COUNCIL OF GOYDER,Male,41-45,4,0,2
14898,THE REGIONAL COUNCIL OF GOYDER,Male,46-50,>5,0,3
14899,THE REGIONAL COUNCIL OF GOYDER,Male,46-50,0,2,1
14900,THE REGIONAL COUNCIL OF GOYDER,Male,46-50,1,0,8
14901,THE REGIONAL COUNCIL OF GOYDER,Male,46-50,1,1,1
14902,THE REGIONAL COUNCIL OF GOYDER,Male,46-50,2,0,10
14903,THE REGIONAL COUNCIL OF GOYDER,Male,46-50,2,1,1
14904,THE REGIONAL COUNCIL OF GOYDER,Male,46-50,3,0,6
14905,THE REGIONAL COUNCIL OF GOYDER,Male,46-50,3,1,2
14906,THE REGIONAL COUNCIL OF GOYDER,Male,46-50,4,0,2
14907,THE REGIONAL COUNCIL OF GOYDER,Male,46-50,5,0,1
14908,THE REGIONAL COUNCIL OF GOYDER,Male,51-55,0,1,2
14909,THE REGIONAL COUNCIL OF GOYDER,Male,51-55,0,2,1
14910,THE REGIONAL COUNCIL OF GOYDER,Male,51-55,1,0,24
14911,THE REGIONAL COUNCIL OF GOYDER,Male,51-55,2,0,9
14912,THE REGIONAL COUNCIL OF GOYDER,Male,51-55,2,1,1
14913,THE REGIONAL COUNCIL OF GOYDER,Male,51-55,2,2,1
14914,THE REGIONAL COUNCIL OF GOYDER,Male,51-55,3,0,2
14915,THE REGIONAL COUNCIL OF GOYDER,Male,51-55,4,0,2
14916,THE REGIONAL COUNCIL OF GOYDER,Male,56-60,>5,0,2
14917,THE REGIONAL COUNCIL OF GOYDER,Male,56-60,0,2,1
14918,THE REGIONAL COUNCIL OF GOYDER,Male,56-60,0,3,1
14919,THE REGIONAL COUNCIL OF GOYDER,Male,56-60,1,0,25
14920,THE REGIONAL COUNCIL OF GOYDER,Male,56-60,2,0,5
14921,THE REGIONAL COUNCIL OF GOYDER,Male,56-60,2,1,1
14922,THE REGIONAL COUNCIL OF GOYDER,Male,56-60,3,0,5
14923,THE REGIONAL COUNCIL OF GOYDER,Male,56-60,4,0,2
14924,THE REGIONAL COUNCIL OF GOYDER,Male,61-65,0,1,2
14925,THE REGIONAL COUNCIL OF GOYDER,Male,61-65,1,0,33
14926,THE REGIONAL COUNCIL OF GOYDER,Male,61-65,1,2,1
14927,THE REGIONAL COUNCIL OF GOYDER,Male,61-65,2,0,11
14928,THE REGIONAL COUNCIL OF GOYDER,Male,61-65,3,0,2
14929,THE REGIONAL COUNCIL OF GOYDER,Male,61-65,4,0,2
14930,THE REGIONAL COUNCIL OF GOYDER,Male,66-70,0,1,2
14931,THE REGIONAL COUNCIL OF GOYDER,Male,66-70,1,0,35
14932,THE REGIONAL COUNCIL OF GOYDER,Male,66-70,2,0,7
14933,THE REGIONAL COUNCIL OF GOYDER,Male,66-70,3,0,4
14934,THE REGIONAL COUNCIL OF GOYDER,Male,66-70,4,0,1
14935,THE REGIONAL COUNCIL OF GOYDER,Male,Unknown,0,1,9
14936,THE REGIONAL COUNCIL OF GOYDER,Male,Unknown,0,2,2
14937,THE REGIONAL COUNCIL OF GOYDER,Male,Unknown,1,0,3
14938,THE REGIONAL COUNCIL OF GOYDER,Male,Unknown,2,0,1
14939,THE REGIONAL COUNCIL OF GOYDER,Other,>70,0,2,1
14940,THE REGIONAL COUNCIL OF GOYDER,Other,>70,1,0,6
14941,THE REGIONAL COUNCIL OF GOYDER,Other,>70,1,1,1
14942,THE REGIONAL COUNCIL OF GOYDER,Other,>70,2,0,1
14943,THE REGIONAL COUNCIL OF GOYDER,Other,>70,3,0,1
14944,THE REGIONAL COUNCIL OF GOYDER,Other,26-30,1,0,3
14945,THE REGIONAL COUNCIL OF GOYDER,Other,36-40,1,0,1
14946,THE REGIONAL COUNCIL OF GOYDER,Other,46-50,1,0,3
14947,THE REGIONAL COUNCIL OF GOYDER,Other,51-55,1,0,3
14948,THE REGIONAL COUNCIL OF GOYDER,Other,51-55,3,0,1
14949,THE REGIONAL COUNCIL OF GOYDER,Other,56-60,>5,0,1
14950,THE REGIONAL COUNCIL OF GOYDER,Other,56-60,1,0,6
14951,THE REGIONAL COUNCIL OF GOYDER,Other,56-60,2,0,1
14952,THE REGIONAL COUNCIL OF GOYDER,Other,56-60,3,0,2
14953,THE REGIONAL COUNCIL OF GOYDER,Other,61-65,0,1,2
14954,THE REGIONAL COUNCIL OF GOYDER,Other,61-65,1,0,2
14955,THE REGIONAL COUNCIL OF GOYDER,Other,66-70,1,0,1
14956,THE REGIONAL COUNCIL OF GOYDER,Other,66-70,2,0,2
14957,THE REGIONAL COUNCIL OF GOYDER,Other,66-70,3,0,1
14958,THE REGIONAL COUNCIL OF GOYDER,Other,66-70,4,0,1
14959,THE REGIONAL COUNCIL OF GOYDER,Other,Unknown,1,0,2
14960,THE REGIONAL COUNCIL OF GOYDER,SUPPRESSED,Unknown,>5,0,1
14961,THE REGIONAL COUNCIL OF GOYDER,Unknown,>70,0,>5,1
14962,THE REGIONAL COUNCIL OF GOYDER,Unknown,Unknown,0,1,1
14963,THE REGIONAL COUNCIL OF GOYDER,Unknown,Unknown,0,2,1
14964,THE RURAL CITY OF MURRAY BRIDGE,Female,>70,>5,0,4
14965,THE RURAL CITY OF MURRAY BRIDGE,Female,>70,>5,2,1
14966,THE RURAL CITY OF MURRAY BRIDGE,Female,>70,0,>5,2
14967,THE RURAL CITY OF MURRAY BRIDGE,Female,>70,0,1,42
14968,THE RURAL CITY OF MURRAY BRIDGE,Female,>70,0,2,7
14969,THE RURAL CITY OF MURRAY BRIDGE,Female,>70,0,3,2
14970,THE RURAL CITY OF MURRAY BRIDGE,Female,>70,1,0,263
14971,THE RURAL CITY OF MURRAY BRIDGE,Female,>70,1,1,9
14972,THE RURAL CITY OF MURRAY BRIDGE,Female,>70,1,2,7
14973,THE RURAL CITY OF MURRAY BRIDGE,Female,>70,2,0,51
14974,THE RURAL CITY OF MURRAY BRIDGE,Female,>70,3,0,6
14975,THE RURAL CITY OF MURRAY BRIDGE,Female,>70,3,4,1
14976,THE RURAL CITY OF MURRAY BRIDGE,Female,>70,4,0,1
14977,THE RURAL CITY OF MURRAY BRIDGE,Female,>70,4,1,1
14978,THE RURAL CITY OF MURRAY BRIDGE,Female,16-20,0,1,11
14979,THE RURAL CITY OF MURRAY BRIDGE,Female,16-20,0,2,2
14980,THE RURAL CITY OF MURRAY BRIDGE,Female,16-20,0,3,1
14981,THE RURAL CITY OF MURRAY BRIDGE,Female,16-20,1,0,10
14982,THE RURAL CITY OF MURRAY BRIDGE,Female,16-20,1,1,1
14983,THE RURAL CITY OF MURRAY BRIDGE,Female,16-20,2,0,1
14984,THE RURAL CITY OF MURRAY BRIDGE,Female,21-25,0,>5,1
14985,THE RURAL CITY OF MURRAY BRIDGE,Female,21-25,0,1,47
14986,THE RURAL CITY OF MURRAY BRIDGE,Female,21-25,0,2,10
14987,THE RURAL CITY OF MURRAY BRIDGE,Female,21-25,0,3,2
14988,THE RURAL CITY OF MURRAY BRIDGE,Female,21-25,0,4,1
14989,THE RURAL CITY OF MURRAY BRIDGE,Female,21-25,0,5,1
14990,THE RURAL CITY OF MURRAY BRIDGE,Female,21-25,1,0,79
14991,THE RURAL CITY OF MURRAY BRIDGE,Female,21-25,1,1,8
14992,THE RURAL CITY OF MURRAY BRIDGE,Female,21-25,1,2,1
14993,THE RURAL CITY OF MURRAY BRIDGE,Female,21-25,1,3,2
14994,THE RURAL CITY OF MURRAY BRIDGE,Female,21-25,2,>5,1
14995,THE RURAL CITY OF MURRAY BRIDGE,Female,21-25,2,0,12
14996,THE RURAL CITY OF MURRAY BRIDGE,Female,21-25,2,1,4
14997,THE RURAL CITY OF MURRAY BRIDGE,Female,21-25,3,0,1
14998,THE RURAL CITY OF MURRAY BRIDGE,Female,21-25,3,3,1
14999,THE RURAL CITY OF MURRAY BRIDGE,Female,26-30,0,1,34
15000,THE RURAL CITY OF MURRAY BRIDGE,Female,26-30,0,2,6
15001,THE RURAL CITY OF MURRAY BRIDGE,Female,26-30,0,3,2
15002,THE RURAL CITY OF MURRAY BRIDGE,Female,26-30,0,4,1
15003,THE RURAL CITY OF MURRAY BRIDGE,Female,26-30,0,5,1
15004,THE RURAL CITY OF MURRAY BRIDGE,Female,26-30,1,0,115
15005,THE RURAL CITY OF MURRAY BRIDGE,Female,26-30,1,1,33
15006,THE RURAL CITY OF MURRAY BRIDGE,Female,26-30,1,2,5
15007,THE RURAL CITY OF MURRAY BRIDGE,Female,26-30,1,3,2
15008,THE RURAL CITY OF MURRAY BRIDGE,Female,26-30,1,5,1
15009,THE RURAL CITY OF MURRAY BRIDGE,Female,26-30,2,>5,1
15010,THE RURAL CITY OF MURRAY BRIDGE,Female,26-30,2,0,41
15011,THE RURAL CITY OF MURRAY BRIDGE,Female,26-30,2,1,3
15012,THE RURAL CITY OF MURRAY BRIDGE,Female,26-30,2,2,2
15013,THE RURAL CITY OF MURRAY BRIDGE,Female,26-30,2,3,1
15014,THE RURAL CITY OF MURRAY BRIDGE,Female,26-30,3,0,12
15015,THE RURAL CITY OF MURRAY BRIDGE,Female,26-30,3,1,2
15016,THE RURAL CITY OF MURRAY BRIDGE,Female,26-30,3,2,1
15017,THE RURAL CITY OF MURRAY BRIDGE,Female,31-35,>5,0,3
15018,THE RURAL CITY OF MURRAY BRIDGE,Female,31-35,0,1,35
15019,THE RURAL CITY OF MURRAY BRIDGE,Female,31-35,0,2,8
15020,THE RURAL CITY OF MURRAY BRIDGE,Female,31-35,0,3,1
15021,THE RURAL CITY OF MURRAY BRIDGE,Female,31-35,0,4,3
15022,THE RURAL CITY OF MURRAY BRIDGE,Female,31-35,1,0,147
15023,THE RURAL CITY OF MURRAY BRIDGE,Female,31-35,1,1,25
15024,THE RURAL CITY OF MURRAY BRIDGE,Female,31-35,1,2,3
15025,THE RURAL CITY OF MURRAY BRIDGE,Female,31-35,1,3,2
15026,THE RURAL CITY OF MURRAY BRIDGE,Female,31-35,1,4,1
15027,THE RURAL CITY OF MURRAY BRIDGE,Female,31-35,2,0,48
15028,THE RURAL CITY OF MURRAY BRIDGE,Female,31-35,2,1,9
15029,THE RURAL CITY OF MURRAY BRIDGE,Female,31-35,2,3,1
15030,THE RURAL CITY OF MURRAY BRIDGE,Female,31-35,2,4,1
15031,THE RURAL CITY OF MURRAY BRIDGE,Female,31-35,3,0,5
15032,THE RURAL CITY OF MURRAY BRIDGE,Female,31-35,3,1,1
15033,THE RURAL CITY OF MURRAY BRIDGE,Female,31-35,5,0,1
15034,THE RURAL CITY OF MURRAY BRIDGE,Female,36-40,0,1,34
15035,THE RURAL CITY OF MURRAY BRIDGE,Female,36-40,0,2,13
15036,THE RURAL CITY OF MURRAY BRIDGE,Female,36-40,1,0,120
15037,THE RURAL CITY OF MURRAY BRIDGE,Female,36-40,1,1,21
15038,THE RURAL CITY OF MURRAY BRIDGE,Female,36-40,1,2,6
15039,THE RURAL CITY OF MURRAY BRIDGE,Female,36-40,1,3,1
15040,THE RURAL CITY OF MURRAY BRIDGE,Female,36-40,2,0,45
15041,THE RURAL CITY OF MURRAY BRIDGE,Female,36-40,2,1,9
15042,THE RURAL CITY OF MURRAY BRIDGE,Female,36-40,2,2,2
15043,THE RURAL CITY OF MURRAY BRIDGE,Female,36-40,2,3,1
15044,THE RURAL CITY OF MURRAY BRIDGE,Female,36-40,2,4,1
15045,THE RURAL CITY OF MURRAY BRIDGE,Female,36-40,2,5,1
15046,THE RURAL CITY OF MURRAY BRIDGE,Female,36-40,3,0,3
15047,THE RURAL CITY OF MURRAY BRIDGE,Female,36-40,3,1,1
15048,THE RURAL CITY OF MURRAY BRIDGE,Female,36-40,3,2,1
15049,THE RURAL CITY OF MURRAY BRIDGE,Female,36-40,4,0,2
15050,THE RURAL CITY OF MURRAY BRIDGE,Female,36-40,5,0,1
15051,THE RURAL CITY OF MURRAY BRIDGE,Female,41-45,>5,0,1
15052,THE RURAL CITY OF MURRAY BRIDGE,Female,41-45,>5,2,1
15053,THE RURAL CITY OF MURRAY BRIDGE,Female,41-45,0,1,16
15054,THE RURAL CITY OF MURRAY BRIDGE,Female,41-45,0,2,5
15055,THE RURAL CITY OF MURRAY BRIDGE,Female,41-45,0,3,3
15056,THE RURAL CITY OF MURRAY BRIDGE,Female,41-45,0,4,1
15057,THE RURAL CITY OF MURRAY BRIDGE,Female,41-45,1,0,114
15058,THE RURAL CITY OF MURRAY BRIDGE,Female,41-45,1,1,14
15059,THE RURAL CITY OF MURRAY BRIDGE,Female,41-45,1,2,1
15060,THE RURAL CITY OF MURRAY BRIDGE,Female,41-45,1,3,2
15061,THE RURAL CITY OF MURRAY BRIDGE,Female,41-45,2,0,38
15062,THE RURAL CITY OF MURRAY BRIDGE,Female,41-45,2,1,9
15063,THE RURAL CITY OF MURRAY BRIDGE,Female,41-45,2,2,3
15064,THE RURAL CITY OF MURRAY BRIDGE,Female,41-45,2,3,2
15065,THE RURAL CITY OF MURRAY BRIDGE,Female,41-45,2,4,1
15066,THE RURAL CITY OF MURRAY BRIDGE,Female,41-45,3,>5,1
15067,THE RURAL CITY OF MURRAY BRIDGE,Female,41-45,3,0,6
15068,THE RURAL CITY OF MURRAY BRIDGE,Female,41-45,3,1,3
15069,THE RURAL CITY OF MURRAY BRIDGE,Female,41-45,3,2,1
15070,THE RURAL CITY OF MURRAY BRIDGE,Female,41-45,3,3,1
15071,THE RURAL CITY OF MURRAY BRIDGE,Female,46-50,>5,0,1
15072,THE RURAL CITY OF MURRAY BRIDGE,Female,46-50,0,>5,4
15073,THE RURAL CITY OF MURRAY BRIDGE,Female,46-50,0,1,27
15074,THE RURAL CITY OF MURRAY BRIDGE,Female,46-50,0,2,12
15075,THE RURAL CITY OF MURRAY BRIDGE,Female,46-50,0,3,1
15076,THE RURAL CITY OF MURRAY BRIDGE,Female,46-50,0,4,1
15077,THE RURAL CITY OF MURRAY BRIDGE,Female,46-50,1,0,131
15078,THE RURAL CITY OF MURRAY BRIDGE,Female,46-50,1,1,11
15079,THE RURAL CITY OF MURRAY BRIDGE,Female,46-50,1,2,10
15080,THE RURAL CITY OF MURRAY BRIDGE,Female,46-50,1,3,5
15081,THE RURAL CITY OF MURRAY BRIDGE,Female,46-50,1,4,1
15082,THE RURAL CITY OF MURRAY BRIDGE,Female,46-50,2,0,37
15083,THE RURAL CITY OF MURRAY BRIDGE,Female,46-50,2,1,8
15084,THE RURAL CITY OF MURRAY BRIDGE,Female,46-50,2,2,3
15085,THE RURAL CITY OF MURRAY BRIDGE,Female,46-50,3,0,9
15086,THE RURAL CITY OF MURRAY BRIDGE,Female,46-50,3,1,3
15087,THE RURAL CITY OF MURRAY BRIDGE,Female,46-50,4,>5,1
15088,THE RURAL CITY OF MURRAY BRIDGE,Female,46-50,4,0,4
15089,THE RURAL CITY OF MURRAY BRIDGE,Female,46-50,5,0,2
15090,THE RURAL CITY OF MURRAY BRIDGE,Female,51-55,0,1,22
15091,THE RURAL CITY OF MURRAY BRIDGE,Female,51-55,0,2,10
15092,THE RURAL CITY OF MURRAY BRIDGE,Female,51-55,0,3,2
15093,THE RURAL CITY OF MURRAY BRIDGE,Female,51-55,0,4,1
15094,THE RURAL CITY OF MURRAY BRIDGE,Female,51-55,1,>5,1
15095,THE RURAL CITY OF MURRAY BRIDGE,Female,51-55,1,0,168
15096,THE RURAL CITY OF MURRAY BRIDGE,Female,51-55,1,1,13
15097,THE RURAL CITY OF MURRAY BRIDGE,Female,51-55,1,2,6
15098,THE RURAL CITY OF MURRAY BRIDGE,Female,51-55,1,3,2
15099,THE RURAL CITY OF MURRAY BRIDGE,Female,51-55,1,4,3
15100,THE RURAL CITY OF MURRAY BRIDGE,Female,51-55,1,5,1
15101,THE RURAL CITY OF MURRAY BRIDGE,Female,51-55,2,0,55
15102,THE RURAL CITY OF MURRAY BRIDGE,Female,51-55,2,1,11
15103,THE RURAL CITY OF MURRAY BRIDGE,Female,51-55,2,2,5
15104,THE RURAL CITY OF MURRAY BRIDGE,Female,51-55,2,3,1
15105,THE RURAL CITY OF MURRAY BRIDGE,Female,51-55,3,0,14
15106,THE RURAL CITY OF MURRAY BRIDGE,Female,51-55,3,1,1
15107,THE RURAL CITY OF MURRAY BRIDGE,Female,51-55,3,2,1
15108,THE RURAL CITY OF MURRAY BRIDGE,Female,51-55,4,0,3
15109,THE RURAL CITY OF MURRAY BRIDGE,Female,51-55,4,1,2
15110,THE RURAL CITY OF MURRAY BRIDGE,Female,51-55,5,0,1
15111,THE RURAL CITY OF MURRAY BRIDGE,Female,56-60,>5,0,3
15112,THE RURAL CITY OF MURRAY BRIDGE,Female,56-60,0,>5,1
15113,THE RURAL CITY OF MURRAY BRIDGE,Female,56-60,0,1,14
15114,THE RURAL CITY OF MURRAY BRIDGE,Female,56-60,0,2,6
15115,THE RURAL CITY OF MURRAY BRIDGE,Female,56-60,0,3,5
15116,THE RURAL CITY OF MURRAY BRIDGE,Female,56-60,1,>5,1
15117,THE RURAL CITY OF MURRAY BRIDGE,Female,56-60,1,0,158
15118,THE RURAL CITY OF MURRAY BRIDGE,Female,56-60,1,1,23
15119,THE RURAL CITY OF MURRAY BRIDGE,Female,56-60,1,2,7
15120,THE RURAL CITY OF MURRAY BRIDGE,Female,56-60,2,0,51
15121,THE RURAL CITY OF MURRAY BRIDGE,Female,56-60,2,1,3
15122,THE RURAL CITY OF MURRAY BRIDGE,Female,56-60,3,0,17
15123,THE RURAL CITY OF MURRAY BRIDGE,Female,56-60,3,1,2
15124,THE RURAL CITY OF MURRAY BRIDGE,Female,56-60,3,2,1
15125,THE RURAL CITY OF MURRAY BRIDGE,Female,56-60,3,4,1
15126,THE RURAL CITY OF MURRAY BRIDGE,Female,56-60,4,0,1
15127,THE RURAL CITY OF MURRAY BRIDGE,Female,56-60,5,0,1
15128,THE RURAL CITY OF MURRAY BRIDGE,Female,61-65,0,1,24
15129,THE RURAL CITY OF MURRAY BRIDGE,Female,61-65,0,2,3
15130,THE RURAL CITY OF MURRAY BRIDGE,Female,61-65,1,0,157
15131,THE RURAL CITY OF MURRAY BRIDGE,Female,61-65,1,1,7
15132,THE RURAL CITY OF MURRAY BRIDGE,Female,61-65,1,2,7
15133,THE RURAL CITY OF MURRAY BRIDGE,Female,61-65,1,3,3
15134,THE RURAL CITY OF MURRAY BRIDGE,Female,61-65,2,0,56
15135,THE RURAL CITY OF MURRAY BRIDGE,Female,61-65,2,1,5
15136,THE RURAL CITY OF MURRAY BRIDGE,Female,61-65,2,2,3
15137,THE RURAL CITY OF MURRAY BRIDGE,Female,61-65,2,3,1
15138,THE RURAL CITY OF MURRAY BRIDGE,Female,61-65,2,5,1
15139,THE RURAL CITY OF MURRAY BRIDGE,Female,61-65,3,0,10
15140,THE RURAL CITY OF MURRAY BRIDGE,Female,61-65,3,1,2
15141,THE RURAL CITY OF MURRAY BRIDGE,Female,61-65,4,0,2
15142,THE RURAL CITY OF MURRAY BRIDGE,Female,61-65,4,1,1
15143,THE RURAL CITY OF MURRAY BRIDGE,Female,66-70,>5,0,1
15144,THE RURAL CITY OF MURRAY BRIDGE,Female,66-70,0,1,16
15145,THE RURAL CITY OF MURRAY BRIDGE,Female,66-70,0,2,3
15146,THE RURAL CITY OF MURRAY BRIDGE,Female,66-70,0,3,2
15147,THE RURAL CITY OF MURRAY BRIDGE,Female,66-70,1,0,116
15148,THE RURAL CITY OF MURRAY BRIDGE,Female,66-70,1,1,7
15149,THE RURAL CITY OF MURRAY BRIDGE,Female,66-70,1,2,2
15150,THE RURAL CITY OF MURRAY BRIDGE,Female,66-70,2,0,29
15151,THE RURAL CITY OF MURRAY BRIDGE,Female,66-70,2,1,5
15152,THE RURAL CITY OF MURRAY BRIDGE,Female,66-70,2,2,2
15153,THE RURAL CITY OF MURRAY BRIDGE,Female,66-70,2,3,1
15154,THE RURAL CITY OF MURRAY BRIDGE,Female,66-70,3,0,5
15155,THE RURAL CITY OF MURRAY BRIDGE,Female,66-70,3,1,1
15156,THE RURAL CITY OF MURRAY BRIDGE,Female,66-70,3,2,2
15157,THE RURAL CITY OF MURRAY BRIDGE,Female,66-70,4,1,1
15158,THE RURAL CITY OF MURRAY BRIDGE,Female,Unknown,0,1,11
15159,THE RURAL CITY OF MURRAY BRIDGE,Female,Unknown,0,2,1
15160,THE RURAL CITY OF MURRAY BRIDGE,Female,Unknown,0,3,1
15161,THE RURAL CITY OF MURRAY BRIDGE,Female,Unknown,0,4,1
15162,THE RURAL CITY OF MURRAY BRIDGE,Female,Unknown,1,0,11
15163,THE RURAL CITY OF MURRAY BRIDGE,Female,Unknown,2,0,3
15164,THE RURAL CITY OF MURRAY BRIDGE,Male,>70,>5,0,1
15165,THE RURAL CITY OF MURRAY BRIDGE,Male,>70,0,1,11
15166,THE RURAL CITY OF MURRAY BRIDGE,Male,>70,0,2,5
15167,THE RURAL CITY OF MURRAY BRIDGE,Male,>70,1,0,153
15168,THE RURAL CITY OF MURRAY BRIDGE,Male,>70,1,1,8
15169,THE RURAL CITY OF MURRAY BRIDGE,Male,>70,2,0,28
15170,THE RURAL CITY OF MURRAY BRIDGE,Male,>70,2,1,1
15171,THE RURAL CITY OF MURRAY BRIDGE,Male,>70,2,3,1
15172,THE RURAL CITY OF MURRAY BRIDGE,Male,>70,3,0,8
15173,THE RURAL CITY OF MURRAY BRIDGE,Male,>70,3,1,1
15174,THE RURAL CITY OF MURRAY BRIDGE,Male,>70,4,2,1
15175,THE RURAL CITY OF MURRAY BRIDGE,Male,16-20,0,1,1
15176,THE RURAL CITY OF MURRAY BRIDGE,Male,16-20,1,0,3
15177,THE RURAL CITY OF MURRAY BRIDGE,Male,16-20,1,1,1
15178,THE RURAL CITY OF MURRAY BRIDGE,Male,21-25,0,1,8
15179,THE RURAL CITY OF MURRAY BRIDGE,Male,21-25,0,2,2
15180,THE RURAL CITY OF MURRAY BRIDGE,Male,21-25,1,0,69
15181,THE RURAL CITY OF MURRAY BRIDGE,Male,21-25,1,1,3
15182,THE RURAL CITY OF MURRAY BRIDGE,Male,21-25,2,0,9
15183,THE RURAL CITY OF MURRAY BRIDGE,Male,21-25,3,0,1
15184,THE RURAL CITY OF MURRAY BRIDGE,Male,26-30,0,1,14
15185,THE RURAL CITY OF MURRAY BRIDGE,Male,26-30,0,2,1
15186,THE RURAL CITY OF MURRAY BRIDGE,Male,26-30,0,3,2
15187,THE RURAL CITY OF MURRAY BRIDGE,Male,26-30,1,0,73
15188,THE RURAL CITY OF MURRAY BRIDGE,Male,26-30,1,1,1
15189,THE RURAL CITY OF MURRAY BRIDGE,Male,26-30,1,2,2
15190,THE RURAL CITY OF MURRAY BRIDGE,Male,26-30,2,0,21
15191,THE RURAL CITY OF MURRAY BRIDGE,Male,26-30,2,1,1
15192,THE RURAL CITY OF MURRAY BRIDGE,Male,26-30,2,2,1
15193,THE RURAL CITY OF MURRAY BRIDGE,Male,31-35,0,1,7
15194,THE RURAL CITY OF MURRAY BRIDGE,Male,31-35,0,3,2
15195,THE RURAL CITY OF MURRAY BRIDGE,Male,31-35,1,0,105
15196,THE RURAL CITY OF MURRAY BRIDGE,Male,31-35,1,1,5
15197,THE RURAL CITY OF MURRAY BRIDGE,Male,31-35,1,2,1
15198,THE RURAL CITY OF MURRAY BRIDGE,Male,31-35,2,0,19
15199,THE RURAL CITY OF MURRAY BRIDGE,Male,31-35,2,1,2
15200,THE RURAL CITY OF MURRAY BRIDGE,Male,31-35,3,0,1
15201,THE RURAL CITY OF MURRAY BRIDGE,Male,31-35,4,0,1
15202,THE RURAL CITY OF MURRAY BRIDGE,Male,36-40,0,1,10
15203,THE RURAL CITY OF MURRAY BRIDGE,Male,36-40,0,2,2
15204,THE RURAL CITY OF MURRAY BRIDGE,Male,36-40,0,4,1
15205,THE RURAL CITY OF MURRAY BRIDGE,Male,36-40,1,0,85
15206,THE RURAL CITY OF MURRAY BRIDGE,Male,36-40,1,1,5
15207,THE RURAL CITY OF MURRAY BRIDGE,Male,36-40,1,2,1
15208,THE RURAL CITY OF MURRAY BRIDGE,Male,36-40,2,0,25
15209,THE RURAL CITY OF MURRAY BRIDGE,Male,36-40,2,1,1
15210,THE RURAL CITY OF MURRAY BRIDGE,Male,36-40,3,0,1
15211,THE RURAL CITY OF MURRAY BRIDGE,Male,36-40,4,0,2
15212,THE RURAL CITY OF MURRAY BRIDGE,Male,41-45,>5,0,1
15213,THE RURAL CITY OF MURRAY BRIDGE,Male,41-45,0,1,7
15214,THE RURAL CITY OF MURRAY BRIDGE,Male,41-45,0,2,2
15215,THE RURAL CITY OF MURRAY BRIDGE,Male,41-45,0,3,1
15216,THE RURAL CITY OF MURRAY BRIDGE,Male,41-45,1,0,83
15217,THE RURAL CITY OF MURRAY BRIDGE,Male,41-45,1,1,1
15218,THE RURAL CITY OF MURRAY BRIDGE,Male,41-45,1,2,1
15219,THE RURAL CITY OF MURRAY BRIDGE,Male,41-45,2,0,13
15220,THE RURAL CITY OF MURRAY BRIDGE,Male,41-45,2,1,2
15221,THE RURAL CITY OF MURRAY BRIDGE,Male,41-45,3,0,6
15222,THE RURAL CITY OF MURRAY BRIDGE,Male,41-45,4,0,1
15223,THE RURAL CITY OF MURRAY BRIDGE,Male,46-50,>5,0,1
15224,THE RURAL CITY OF MURRAY BRIDGE,Male,46-50,0,1,9
15225,THE RURAL CITY OF MURRAY BRIDGE,Male,46-50,0,2,1
15226,THE RURAL CITY OF MURRAY BRIDGE,Male,46-50,0,3,1
15227,THE RURAL CITY OF MURRAY BRIDGE,Male,46-50,0,4,1
15228,THE RURAL CITY OF MURRAY BRIDGE,Male,46-50,1,0,65
15229,THE RURAL CITY OF MURRAY BRIDGE,Male,46-50,1,1,3
15230,THE RURAL CITY OF MURRAY BRIDGE,Male,46-50,2,0,19
15231,THE RURAL CITY OF MURRAY BRIDGE,Male,46-50,2,1,1
15232,THE RURAL CITY OF MURRAY BRIDGE,Male,46-50,2,2,1
15233,THE RURAL CITY OF MURRAY BRIDGE,Male,46-50,3,0,4
15234,THE RURAL CITY OF MURRAY BRIDGE,Male,51-55,>5,0,2
15235,THE RURAL CITY OF MURRAY BRIDGE,Male,51-55,0,1,11
15236,THE RURAL CITY OF MURRAY BRIDGE,Male,51-55,0,4,1
15237,THE RURAL CITY OF MURRAY BRIDGE,Male,51-55,1,0,74
15238,THE RURAL CITY OF MURRAY BRIDGE,Male,51-55,1,1,5
15239,THE RURAL CITY OF MURRAY BRIDGE,Male,51-55,1,2,4
15240,THE RURAL CITY OF MURRAY BRIDGE,Male,51-55,2,0,28
15241,THE RURAL CITY OF MURRAY BRIDGE,Male,51-55,2,1,2
15242,THE RURAL CITY OF MURRAY BRIDGE,Male,51-55,2,2,1
15243,THE RURAL CITY OF MURRAY BRIDGE,Male,51-55,3,0,3
15244,THE RURAL CITY OF MURRAY BRIDGE,Male,51-55,3,2,1
15245,THE RURAL CITY OF MURRAY BRIDGE,Male,51-55,5,0,1
15246,THE RURAL CITY OF MURRAY BRIDGE,Male,56-60,>5,0,3
15247,THE RURAL CITY OF MURRAY BRIDGE,Male,56-60,0,1,10
15248,THE RURAL CITY OF MURRAY BRIDGE,Male,56-60,0,2,2
15249,THE RURAL CITY OF MURRAY BRIDGE,Male,56-60,0,3,1
15250,THE RURAL CITY OF MURRAY BRIDGE,Male,56-60,1,0,87
15251,THE RURAL CITY OF MURRAY BRIDGE,Male,56-60,1,1,2
15252,THE RURAL CITY OF MURRAY BRIDGE,Male,56-60,1,2,4
15253,THE RURAL CITY OF MURRAY BRIDGE,Male,56-60,2,0,20
15254,THE RURAL CITY OF MURRAY BRIDGE,Male,56-60,3,>5,1
15255,THE RURAL CITY OF MURRAY BRIDGE,Male,56-60,3,0,3
15256,THE RURAL CITY OF MURRAY BRIDGE,Male,56-60,4,0,1
15257,THE RURAL CITY OF MURRAY BRIDGE,Male,61-65,>5,0,3
15258,THE RURAL CITY OF MURRAY BRIDGE,Male,61-65,0,1,9
15259,THE RURAL CITY OF MURRAY BRIDGE,Male,61-65,0,2,5
15260,THE RURAL CITY OF MURRAY BRIDGE,Male,61-65,0,3,2
15261,THE RURAL CITY OF MURRAY BRIDGE,Male,61-65,1,0,105
15262,THE RURAL CITY OF MURRAY BRIDGE,Male,61-65,1,1,2
15263,THE RURAL CITY OF MURRAY BRIDGE,Male,61-65,1,2,1
15264,THE RURAL CITY OF MURRAY BRIDGE,Male,61-65,2,0,27
15265,THE RURAL CITY OF MURRAY BRIDGE,Male,61-65,3,0,4
15266,THE RURAL CITY OF MURRAY BRIDGE,Male,61-65,4,0,3
15267,THE RURAL CITY OF MURRAY BRIDGE,Male,66-70,>5,0,1
15268,THE RURAL CITY OF MURRAY BRIDGE,Male,66-70,0,1,7
15269,THE RURAL CITY OF MURRAY BRIDGE,Male,66-70,0,2,2
15270,THE RURAL CITY OF MURRAY BRIDGE,Male,66-70,1,0,77
15271,THE RURAL CITY OF MURRAY BRIDGE,Male,66-70,1,1,3
15272,THE RURAL CITY OF MURRAY BRIDGE,Male,66-70,1,2,1
15273,THE RURAL CITY OF MURRAY BRIDGE,Male,66-70,2,0,18
15274,THE RURAL CITY OF MURRAY BRIDGE,Male,66-70,3,0,7
15275,THE RURAL CITY OF MURRAY BRIDGE,Male,66-70,4,0,1
15276,THE RURAL CITY OF MURRAY BRIDGE,Male,66-70,5,0,1
15277,THE RURAL CITY OF MURRAY BRIDGE,Male,Unknown,0,1,2
15278,THE RURAL CITY OF MURRAY BRIDGE,Male,Unknown,0,2,1
15279,THE RURAL CITY OF MURRAY BRIDGE,Male,Unknown,0,3,1
15280,THE RURAL CITY OF MURRAY BRIDGE,Male,Unknown,1,0,22
15281,THE RURAL CITY OF MURRAY BRIDGE,Male,Unknown,1,2,1
15282,THE RURAL CITY OF MURRAY BRIDGE,Male,Unknown,2,0,2
15283,THE RURAL CITY OF MURRAY BRIDGE,Other,>70,1,0,5
15284,THE RURAL CITY OF MURRAY BRIDGE,Other,21-25,0,1,1
15285,THE RURAL CITY OF MURRAY BRIDGE,Other,26-30,0,2,1
15286,THE RURAL CITY OF MURRAY BRIDGE,Other,36-40,0,1,1
15287,THE RURAL CITY OF MURRAY BRIDGE,Other,41-45,0,1,1
15288,THE RURAL CITY OF MURRAY BRIDGE,Other,41-45,1,0,1
15289,THE RURAL CITY OF MURRAY BRIDGE,Other,41-45,2,1,1
15290,THE RURAL CITY OF MURRAY BRIDGE,Other,51-55,1,0,2
15291,THE RURAL CITY OF MURRAY BRIDGE,Other,51-55,4,0,1
15292,THE RURAL CITY OF MURRAY BRIDGE,Other,56-60,1,0,1
15293,THE RURAL CITY OF MURRAY BRIDGE,Other,61-65,0,1,1
15294,THE RURAL CITY OF MURRAY BRIDGE,Other,61-65,1,0,2
15295,THE RURAL CITY OF MURRAY BRIDGE,Other,66-70,1,0,4
15296,THE RURAL CITY OF MURRAY BRIDGE,Other,66-70,1,2,1
15297,THE RURAL CITY OF MURRAY BRIDGE,Other,66-70,2,0,1
15298,THE RURAL CITY OF MURRAY BRIDGE,SUPPRESSED,Unknown,2,0,3
15299,THE RURAL CITY OF MURRAY BRIDGE,Unknown,>70,1,0,1
15300,THE RURAL CITY OF MURRAY BRIDGE,Unknown,26-30,0,1,1
15301,THE RURAL CITY OF MURRAY BRIDGE,Unknown,26-30,1,0,2
15302,THE RURAL CITY OF MURRAY BRIDGE,Unknown,31-35,1,0,1
15303,THE RURAL CITY OF MURRAY BRIDGE,Unknown,46-50,0,2,1
15304,THE RURAL CITY OF MURRAY BRIDGE,Unknown,56-60,0,1,1
15305,THE RURAL CITY OF MURRAY BRIDGE,Unknown,66-70,1,0,1
15306,THE RURAL CITY OF MURRAY BRIDGE,Unknown,Unknown,0,1,13
15307,THE RURAL CITY OF MURRAY BRIDGE,Unknown,Unknown,0,2,3
15308,THE RURAL CITY OF MURRAY BRIDGE,Unknown,Unknown,1,0,8
15309,THE RURAL CITY OF MURRAY BRIDGE,Unknown,Unknown,2,0,1
15310,TOWN OF GAWLER,Female,>70,>5,0,1
15311,TOWN OF GAWLER,Female,>70,0,>5,1
15312,TOWN OF GAWLER,Female,>70,0,1,49
15313,TOWN OF GAWLER,Female,>70,0,2,7
15314,TOWN OF GAWLER,Female,>70,0,3,2
15315,TOWN OF GAWLER,Female,>70,1,0,204
15316,TOWN OF GAWLER,Female,>70,1,1,9
15317,TOWN OF GAWLER,Female,>70,1,2,1
15318,TOWN OF GAWLER,Female,>70,1,4,1
15319,TOWN OF GAWLER,Female,>70,2,0,41
15320,TOWN OF GAWLER,Female,>70,2,1,2
15321,TOWN OF GAWLER,Female,>70,2,2,3
15322,TOWN OF GAWLER,Female,>70,3,0,7
15323,TOWN OF GAWLER,Female,>70,4,0,1
15324,TOWN OF GAWLER,Female,>70,5,0,1
15325,TOWN OF GAWLER,Female,16-20,0,1,5
15326,TOWN OF GAWLER,Female,16-20,0,2,1
15327,TOWN OF GAWLER,Female,16-20,1,0,11
15328,TOWN OF GAWLER,Female,21-25,0,1,40
15329,TOWN OF GAWLER,Female,21-25,0,2,12
15330,TOWN OF GAWLER,Female,21-25,0,3,1
15331,TOWN OF GAWLER,Female,21-25,0,4,1
15332,TOWN OF GAWLER,Female,21-25,1,0,107
15333,TOWN OF GAWLER,Female,21-25,1,1,5
15334,TOWN OF GAWLER,Female,21-25,1,2,2
15335,TOWN OF GAWLER,Female,21-25,1,3,1
15336,TOWN OF GAWLER,Female,21-25,2,0,15
15337,TOWN OF GAWLER,Female,21-25,2,1,6
15338,TOWN OF GAWLER,Female,21-25,2,2,1
15339,TOWN OF GAWLER,Female,21-25,2,3,1
15340,TOWN OF GAWLER,Female,21-25,3,0,2
15341,TOWN OF GAWLER,Female,26-30,0,>5,3
15342,TOWN OF GAWLER,Female,26-30,0,1,45
15343,TOWN OF GAWLER,Female,26-30,0,2,19
15344,TOWN OF GAWLER,Female,26-30,0,3,4
15345,TOWN OF GAWLER,Female,26-30,0,4,1
15346,TOWN OF GAWLER,Female,26-30,1,0,170
15347,TOWN OF GAWLER,Female,26-30,1,1,23
15348,TOWN OF GAWLER,Female,26-30,1,2,12
15349,TOWN OF GAWLER,Female,26-30,1,3,2
15350,TOWN OF GAWLER,Female,26-30,2,0,64
15351,TOWN OF GAWLER,Female,26-30,2,1,3
15352,TOWN OF GAWLER,Female,26-30,2,2,2
15353,TOWN OF GAWLER,Female,26-30,2,4,1
15354,TOWN OF GAWLER,Female,26-30,2,5,1
15355,TOWN OF GAWLER,Female,26-30,3,0,7
15356,TOWN OF GAWLER,Female,26-30,4,0,1
15357,TOWN OF GAWLER,Female,31-35,0,1,44
15358,TOWN OF GAWLER,Female,31-35,0,2,15
15359,TOWN OF GAWLER,Female,31-35,0,3,2
15360,TOWN OF GAWLER,Female,31-35,1,0,163
15361,TOWN OF GAWLER,Female,31-35,1,1,23
15362,TOWN OF GAWLER,Female,31-35,1,2,5
15363,TOWN OF GAWLER,Female,31-35,1,4,1
15364,TOWN OF GAWLER,Female,31-35,2,0,74
15365,TOWN OF GAWLER,Female,31-35,2,1,5
15366,TOWN OF GAWLER,Female,31-35,2,2,4
15367,TOWN OF GAWLER,Female,31-35,2,3,1
15368,TOWN OF GAWLER,Female,31-35,3,0,7
15369,TOWN OF GAWLER,Female,36-40,>5,0,1
15370,TOWN OF GAWLER,Female,36-40,0,1,27
15371,TOWN OF GAWLER,Female,36-40,0,2,12
15372,TOWN OF GAWLER,Female,36-40,0,3,2
15373,TOWN OF GAWLER,Female,36-40,1,0,207
15374,TOWN OF GAWLER,Female,36-40,1,1,19
15375,TOWN OF GAWLER,Female,36-40,1,2,6
15376,TOWN OF GAWLER,Female,36-40,1,3,2
15377,TOWN OF GAWLER,Female,36-40,1,4,1
15378,TOWN OF GAWLER,Female,36-40,1,5,1
15379,TOWN OF GAWLER,Female,36-40,2,0,59
15380,TOWN OF GAWLER,Female,36-40,2,1,9
15381,TOWN OF GAWLER,Female,36-40,2,2,4
15382,TOWN OF GAWLER,Female,36-40,3,0,5
15383,TOWN OF GAWLER,Female,36-40,3,2,2
15384,TOWN OF GAWLER,Female,36-40,4,1,1
15385,TOWN OF GAWLER,Female,41-45,0,1,35
15386,TOWN OF GAWLER,Female,41-45,0,2,15
15387,TOWN OF GAWLER,Female,41-45,0,3,2
15388,TOWN OF GAWLER,Female,41-45,1,0,186
15389,TOWN OF GAWLER,Female,41-45,1,1,22
15390,TOWN OF GAWLER,Female,41-45,1,2,10
15391,TOWN OF GAWLER,Female,41-45,1,4,1
15392,TOWN OF GAWLER,Female,41-45,2,0,64
15393,TOWN OF GAWLER,Female,41-45,2,1,9
15394,TOWN OF GAWLER,Female,41-45,2,2,4
15395,TOWN OF GAWLER,Female,41-45,3,0,2
15396,TOWN OF GAWLER,Female,41-45,3,1,1
15397,TOWN OF GAWLER,Female,41-45,3,2,1
15398,TOWN OF GAWLER,Female,41-45,3,4,1
15399,TOWN OF GAWLER,Female,41-45,4,0,1
15400,TOWN OF GAWLER,Female,41-45,4,1,1
15401,TOWN OF GAWLER,Female,41-45,4,3,1
15402,TOWN OF GAWLER,Female,46-50,>5,1,1
15403,TOWN OF GAWLER,Female,46-50,0,>5,1
15404,TOWN OF GAWLER,Female,46-50,0,1,27
15405,TOWN OF GAWLER,Female,46-50,0,2,8
15406,TOWN OF GAWLER,Female,46-50,0,3,3
15407,TOWN OF GAWLER,Female,46-50,0,4,1
15408,TOWN OF GAWLER,Female,46-50,0,5,1
15409,TOWN OF GAWLER,Female,46-50,1,0,144
15410,TOWN OF GAWLER,Female,46-50,1,1,13
15411,TOWN OF GAWLER,Female,46-50,1,2,7
15412,TOWN OF GAWLER,Female,46-50,2,0,70
15413,TOWN OF GAWLER,Female,46-50,2,1,6
15414,TOWN OF GAWLER,Female,46-50,2,2,3
15415,TOWN OF GAWLER,Female,46-50,2,3,1
15416,TOWN OF GAWLER,Female,46-50,3,0,4
15417,TOWN OF GAWLER,Female,46-50,3,1,1
15418,TOWN OF GAWLER,Female,46-50,3,2,1
15419,TOWN OF GAWLER,Female,46-50,4,2,1
15420,TOWN OF GAWLER,Female,46-50,5,0,1
15421,TOWN OF GAWLER,Female,51-55,0,1,29
15422,TOWN OF GAWLER,Female,51-55,0,2,16
15423,TOWN OF GAWLER,Female,51-55,0,3,4
15424,TOWN OF GAWLER,Female,51-55,1,>5,1
15425,TOWN OF GAWLER,Female,51-55,1,0,204
15426,TOWN OF GAWLER,Female,51-55,1,1,13
15427,TOWN OF GAWLER,Female,51-55,1,2,8
15428,TOWN OF GAWLER,Female,51-55,1,3,2
15429,TOWN OF GAWLER,Female,51-55,1,4,1
15430,TOWN OF GAWLER,Female,51-55,2,>5,1
15431,TOWN OF GAWLER,Female,51-55,2,0,81
15432,TOWN OF GAWLER,Female,51-55,2,1,10
15433,TOWN OF GAWLER,Female,51-55,2,3,3
15434,TOWN OF GAWLER,Female,51-55,2,4,1
15435,TOWN OF GAWLER,Female,51-55,3,0,14
15436,TOWN OF GAWLER,Female,51-55,3,1,2
15437,TOWN OF GAWLER,Female,51-55,3,2,1
15438,TOWN OF GAWLER,Female,51-55,3,3,1
15439,TOWN OF GAWLER,Female,51-55,4,0,2
15440,TOWN OF GAWLER,Female,56-60,>5,3,1
15441,TOWN OF GAWLER,Female,56-60,0,>5,1
15442,TOWN OF GAWLER,Female,56-60,0,1,33
15443,TOWN OF GAWLER,Female,56-60,0,2,9
15444,TOWN OF GAWLER,Female,56-60,0,3,3
15445,TOWN OF GAWLER,Female,56-60,0,5,2
15446,TOWN OF GAWLER,Female,56-60,1,>5,1
15447,TOWN OF GAWLER,Female,56-60,1,0,192
15448,TOWN OF GAWLER,Female,56-60,1,1,8
15449,TOWN OF GAWLER,Female,56-60,1,2,6
15450,TOWN OF GAWLER,Female,56-60,1,4,1
15451,TOWN OF GAWLER,Female,56-60,2,0,69
15452,TOWN OF GAWLER,Female,56-60,2,1,6
15453,TOWN OF GAWLER,Female,56-60,2,2,2
15454,TOWN OF GAWLER,Female,56-60,3,0,12
15455,TOWN OF GAWLER,Female,56-60,4,0,2
15456,TOWN OF GAWLER,Female,61-65,>5,0,3
15457,TOWN OF GAWLER,Female,61-65,0,>5,1
15458,TOWN OF GAWLER,Female,61-65,0,1,30
15459,TOWN OF GAWLER,Female,61-65,0,2,7
15460,TOWN OF GAWLER,Female,61-65,0,3,3
15461,TOWN OF GAWLER,Female,61-65,1,0,169
15462,TOWN OF GAWLER,Female,61-65,1,1,15
15463,TOWN OF GAWLER,Female,61-65,1,2,3
15464,TOWN OF GAWLER,Female,61-65,1,4,1
15465,TOWN OF GAWLER,Female,61-65,2,0,62
15466,TOWN OF GAWLER,Female,61-65,2,1,4
15467,TOWN OF GAWLER,Female,61-65,2,2,2
15468,TOWN OF GAWLER,Female,61-65,2,4,1
15469,TOWN OF GAWLER,Female,61-65,3,>5,1
15470,TOWN OF GAWLER,Female,61-65,3,0,6
15471,TOWN OF GAWLER,Female,61-65,3,1,1
15472,TOWN OF GAWLER,Female,61-65,4,0,3
15473,TOWN OF GAWLER,Female,61-65,4,1,1
15474,TOWN OF GAWLER,Female,66-70,0,1,14
15475,TOWN OF GAWLER,Female,66-70,0,2,7
15476,TOWN OF GAWLER,Female,66-70,0,3,2
15477,TOWN OF GAWLER,Female,66-70,1,0,129
15478,TOWN OF GAWLER,Female,66-70,1,1,5
15479,TOWN OF GAWLER,Female,66-70,1,2,1
15480,TOWN OF GAWLER,Female,66-70,2,0,39
15481,TOWN OF GAWLER,Female,66-70,2,1,4
15482,TOWN OF GAWLER,Female,66-70,4,0,1
15483,TOWN OF GAWLER,Female,Unknown,0,1,7
15484,TOWN OF GAWLER,Female,Unknown,0,2,1
15485,TOWN OF GAWLER,Female,Unknown,1,0,6
15486,TOWN OF GAWLER,Female,Unknown,2,0,1
15487,TOWN OF GAWLER,Male,>70,>5,0,1
15488,TOWN OF GAWLER,Male,>70,0,1,22
15489,TOWN OF GAWLER,Male,>70,0,2,6
15490,TOWN OF GAWLER,Male,>70,1,0,118
15491,TOWN OF GAWLER,Male,>70,1,1,2
15492,TOWN OF GAWLER,Male,>70,1,2,3
15493,TOWN OF GAWLER,Male,>70,2,0,14
15494,TOWN OF GAWLER,Male,>70,2,1,1
15495,TOWN OF GAWLER,Male,>70,3,0,3
15496,TOWN OF GAWLER,Male,>70,3,2,1
15497,TOWN OF GAWLER,Male,>70,4,0,2
15498,TOWN OF GAWLER,Male,16-20,0,1,3
15499,TOWN OF GAWLER,Male,16-20,1,0,7
15500,TOWN OF GAWLER,Male,21-25,0,1,13
15501,TOWN OF GAWLER,Male,21-25,0,2,2
15502,TOWN OF GAWLER,Male,21-25,1,0,56
15503,TOWN OF GAWLER,Male,21-25,1,1,1
15504,TOWN OF GAWLER,Male,21-25,2,0,10
15505,TOWN OF GAWLER,Male,26-30,0,1,19
15506,TOWN OF GAWLER,Male,26-30,0,2,2
15507,TOWN OF GAWLER,Male,26-30,0,3,1
15508,TOWN OF GAWLER,Male,26-30,1,0,114
15509,TOWN OF GAWLER,Male,26-30,1,1,2
15510,TOWN OF GAWLER,Male,26-30,1,2,2
15511,TOWN OF GAWLER,Male,26-30,2,0,18
15512,TOWN OF GAWLER,Male,26-30,2,1,1
15513,TOWN OF GAWLER,Male,31-35,0,1,10
15514,TOWN OF GAWLER,Male,31-35,0,2,8
15515,TOWN OF GAWLER,Male,31-35,1,0,112
15516,TOWN OF GAWLER,Male,31-35,1,1,2
15517,TOWN OF GAWLER,Male,31-35,1,2,3
15518,TOWN OF GAWLER,Male,31-35,2,0,21
15519,TOWN OF GAWLER,Male,36-40,>5,0,2
15520,TOWN OF GAWLER,Male,36-40,0,1,11
15521,TOWN OF GAWLER,Male,36-40,0,2,1
15522,TOWN OF GAWLER,Male,36-40,1,0,105
15523,TOWN OF GAWLER,Male,36-40,1,1,6
15524,TOWN OF GAWLER,Male,36-40,2,0,31
15525,TOWN OF GAWLER,Male,36-40,2,1,3
15526,TOWN OF GAWLER,Male,36-40,3,0,3
15527,TOWN OF GAWLER,Male,36-40,4,0,2
15528,TOWN OF GAWLER,Male,41-45,0,1,8
15529,TOWN OF GAWLER,Male,41-45,0,2,5
15530,TOWN OF GAWLER,Male,41-45,0,3,1
15531,TOWN OF GAWLER,Male,41-45,1,0,105
15532,TOWN OF GAWLER,Male,41-45,1,1,3
15533,TOWN OF GAWLER,Male,41-45,2,0,24
15534,TOWN OF GAWLER,Male,41-45,2,1,3
15535,TOWN OF GAWLER,Male,46-50,0,1,15
15536,TOWN OF GAWLER,Male,46-50,0,2,6
15537,TOWN OF GAWLER,Male,46-50,1,0,79
15538,TOWN OF GAWLER,Male,46-50,1,1,5
15539,TOWN OF GAWLER,Male,46-50,1,2,1
15540,TOWN OF GAWLER,Male,46-50,2,0,22
15541,TOWN OF GAWLER,Male,46-50,2,1,2
15542,TOWN OF GAWLER,Male,46-50,3,0,1
15543,TOWN OF GAWLER,Male,46-50,3,1,1
15544,TOWN OF GAWLER,Male,51-55,>5,0,1
15545,TOWN OF GAWLER,Male,51-55,0,1,7
15546,TOWN OF GAWLER,Male,51-55,0,2,1
15547,TOWN OF GAWLER,Male,51-55,1,0,103
15548,TOWN OF GAWLER,Male,51-55,1,1,6
15549,TOWN OF GAWLER,Male,51-55,1,2,2
15550,TOWN OF GAWLER,Male,51-55,1,3,1
15551,TOWN OF GAWLER,Male,51-55,1,5,1
15552,TOWN OF GAWLER,Male,51-55,2,0,14
15553,TOWN OF GAWLER,Male,51-55,2,1,1
15554,TOWN OF GAWLER,Male,51-55,3,0,4
15555,TOWN OF GAWLER,Male,51-55,4,0,1
15556,TOWN OF GAWLER,Male,51-55,5,0,1
15557,TOWN OF GAWLER,Male,56-60,0,1,10
15558,TOWN OF GAWLER,Male,56-60,0,2,3
15559,TOWN OF GAWLER,Male,56-60,1,0,87
15560,TOWN OF GAWLER,Male,56-60,1,1,1
15561,TOWN OF GAWLER,Male,56-60,1,2,1
15562,TOWN OF GAWLER,Male,56-60,1,3,1
15563,TOWN OF GAWLER,Male,56-60,2,0,15
15564,TOWN OF GAWLER,Male,56-60,2,1,2
15565,TOWN OF GAWLER,Male,56-60,3,0,2
15566,TOWN OF GAWLER,Male,61-65,0,1,8
15567,TOWN OF GAWLER,Male,61-65,0,2,3
15568,TOWN OF GAWLER,Male,61-65,1,0,76
15569,TOWN OF GAWLER,Male,61-65,1,2,1
15570,TOWN OF GAWLER,Male,61-65,2,0,26
15571,TOWN OF GAWLER,Male,61-65,2,1,2
15572,TOWN OF GAWLER,Male,61-65,2,2,1
15573,TOWN OF GAWLER,Male,61-65,3,0,1
15574,TOWN OF GAWLER,Male,66-70,0,1,7
15575,TOWN OF GAWLER,Male,66-70,1,0,68
15576,TOWN OF GAWLER,Male,66-70,1,1,2
15577,TOWN OF GAWLER,Male,66-70,2,0,14
15578,TOWN OF GAWLER,Male,66-70,2,1,3
15579,TOWN OF GAWLER,Male,66-70,3,0,1
15580,TOWN OF GAWLER,Male,66-70,5,0,1
15581,TOWN OF GAWLER,Male,Unknown,0,1,3
15582,TOWN OF GAWLER,Male,Unknown,0,2,1
15583,TOWN OF GAWLER,Male,Unknown,1,0,5
15584,TOWN OF GAWLER,Male,Unknown,1,2,1
15585,TOWN OF GAWLER,Other,>70,>5,0,1
15586,TOWN OF GAWLER,Other,>70,0,1,1
15587,TOWN OF GAWLER,Other,>70,0,2,1
15588,TOWN OF GAWLER,Other,>70,1,0,99
15589,TOWN OF GAWLER,Other,>70,1,1,3
15590,TOWN OF GAWLER,Other,>70,1,2,1
15591,TOWN OF GAWLER,Other,>70,2,0,13
15592,TOWN OF GAWLER,Other,>70,2,1,2
15593,TOWN OF GAWLER,Other,>70,3,0,3
15594,TOWN OF GAWLER,Other,>70,3,1,1
15595,TOWN OF GAWLER,Other,21-25,0,1,2
15596,TOWN OF GAWLER,Other,21-25,0,2,1
15597,TOWN OF GAWLER,Other,21-25,1,0,20
15598,TOWN OF GAWLER,Other,21-25,2,0,3
15599,TOWN OF GAWLER,Other,21-25,2,1,1
15600,TOWN OF GAWLER,Other,21-25,3,0,1
15601,TOWN OF GAWLER,Other,21-25,3,1,1
15602,TOWN OF GAWLER,Other,26-30,1,0,1
15603,TOWN OF GAWLER,Other,26-30,1,1,1
15604,TOWN OF GAWLER,Other,26-30,1,2,1
15605,TOWN OF GAWLER,Other,31-35,1,0,9
15606,TOWN OF GAWLER,Other,31-35,1,1,1
15607,TOWN OF GAWLER,Other,31-35,2,0,6
15608,TOWN OF GAWLER,Other,36-40,>5,0,1
15609,TOWN OF GAWLER,Other,36-40,0,1,1
15610,TOWN OF GAWLER,Other,36-40,1,0,2
15611,TOWN OF GAWLER,Other,36-40,1,1,1
15612,TOWN OF GAWLER,Other,36-40,2,0,2
15613,TOWN OF GAWLER,Other,36-40,2,1,1
15614,TOWN OF GAWLER,Other,41-45,1,0,2
15615,TOWN OF GAWLER,Other,41-45,1,1,1
15616,TOWN OF GAWLER,Other,41-45,2,0,2
15617,TOWN OF GAWLER,Other,41-45,2,1,1
15618,TOWN OF GAWLER,Other,46-50,1,0,8
15619,TOWN OF GAWLER,Other,46-50,1,1,2
15620,TOWN OF GAWLER,Other,46-50,2,0,3
15621,TOWN OF GAWLER,Other,46-50,2,2,1
15622,TOWN OF GAWLER,Other,46-50,3,0,1
15623,TOWN OF GAWLER,Other,46-50,4,2,1
15624,TOWN OF GAWLER,Other,51-55,0,1,2
15625,TOWN OF GAWLER,Other,51-55,1,0,16
15626,TOWN OF GAWLER,Other,51-55,1,1,3
15627,TOWN OF GAWLER,Other,51-55,2,0,9
15628,TOWN OF GAWLER,Other,51-55,4,0,1
15629,TOWN OF GAWLER,Other,56-60,0,2,2
15630,TOWN OF GAWLER,Other,56-60,1,0,20
15631,TOWN OF GAWLER,Other,56-60,1,1,3
15632,TOWN OF GAWLER,Other,56-60,1,2,2
15633,TOWN OF GAWLER,Other,56-60,2,0,3
15634,TOWN OF GAWLER,Other,56-60,3,0,2
15635,TOWN OF GAWLER,Other,56-60,3,3,1
15636,TOWN OF GAWLER,Other,56-60,4,0,1
15637,TOWN OF GAWLER,Other,56-60,5,0,1
15638,TOWN OF GAWLER,Other,61-65,1,0,33
15639,TOWN OF GAWLER,Other,61-65,1,1,1
15640,TOWN OF GAWLER,Other,61-65,2,0,10
15641,TOWN OF GAWLER,Other,61-65,2,1,1
15642,TOWN OF GAWLER,Other,61-65,3,0,1
15643,TOWN OF GAWLER,Other,66-70,0,3,1
15644,TOWN OF GAWLER,Other,66-70,1,0,32
15645,TOWN OF GAWLER,Other,66-70,2,0,10
15646,TOWN OF GAWLER,Other,66-70,4,1,2
15647,TOWN OF GAWLER,Other,Unknown,0,1,1
15648,TOWN OF GAWLER,Other,Unknown,0,3,1
15649,TOWN OF GAWLER,Other,Unknown,1,0,3
15650,TOWN OF GAWLER,SUPPRESSED,Unknown,0,1,1
15651,TOWN OF GAWLER,SUPPRESSED,Unknown,1,>5,1
15652,TOWN OF GAWLER,SUPPRESSED,Unknown,1,0,25
15653,TOWN OF GAWLER,SUPPRESSED,Unknown,1,1,4
15654,TOWN OF GAWLER,SUPPRESSED,Unknown,1,2,2
15655,TOWN OF GAWLER,SUPPRESSED,Unknown,2,0,9
15656,TOWN OF GAWLER,SUPPRESSED,Unknown,2,1,1
15657,TOWN OF GAWLER,Unknown,21-25,1,0,3
15658,TOWN OF GAWLER,Unknown,26-30,1,0,3
15659,TOWN OF GAWLER,Unknown,31-35,0,2,1
15660,TOWN OF GAWLER,Unknown,31-35,1,0,2
15661,TOWN OF GAWLER,Unknown,36-40,1,2,1
15662,TOWN OF GAWLER,Unknown,41-45,0,1,2
15663,TOWN OF GAWLER,Unknown,41-45,0,2,1
15664,TOWN OF GAWLER,Unknown,41-45,1,0,1
15665,TOWN OF GAWLER,Unknown,46-50,0,1,1
15666,TOWN OF GAWLER,Unknown,51-55,0,1,3
15667,TOWN OF GAWLER,Unknown,66-70,0,1,1
15668,TOWN OF GAWLER,Unknown,Unknown,0,>5,2
15669,TOWN OF GAWLER,Unknown,Unknown,0,1,191
15670,TOWN OF GAWLER,Unknown,Unknown,0,2,24
15671,TOWN OF GAWLER,Unknown,Unknown,0,3,4
15672,TOWN OF GAWLER,Unknown,Unknown,0,4,1
15673,TOWN OF GAWLER,Unknown,Unknown,0,5,1
15674,TOWN OF GAWLER,Unknown,Unknown,1,0,36
15675,TOWN OF GAWLER,Unknown,Unknown,1,1,1
15676,TOWN OF GAWLER,Unknown,Unknown,1,2,1
15677,TOWN OF GAWLER,Unknown,Unknown,2,0,1
15678,WAKEFIELD REGIONAL COUNCIL,Female,>70,>5,0,2
15679,WAKEFIELD REGIONAL COUNCIL,Female,>70,0,1,15
15680,WAKEFIELD REGIONAL COUNCIL,Female,>70,0,2,4
15681,WAKEFIELD REGIONAL COUNCIL,Female,>70,0,3,5
15682,WAKEFIELD REGIONAL COUNCIL,Female,>70,1,0,59
15683,WAKEFIELD REGIONAL COUNCIL,Female,>70,1,1,6
15684,WAKEFIELD REGIONAL COUNCIL,Female,>70,1,2,1
15685,WAKEFIELD REGIONAL COUNCIL,Female,>70,1,3,1
15686,WAKEFIELD REGIONAL COUNCIL,Female,>70,2,0,12
15687,WAKEFIELD REGIONAL COUNCIL,Female,>70,2,2,2
15688,WAKEFIELD REGIONAL COUNCIL,Female,>70,3,0,1
15689,WAKEFIELD REGIONAL COUNCIL,Female,>70,4,0,1
15690,WAKEFIELD REGIONAL COUNCIL,Female,16-20,0,1,2
15691,WAKEFIELD REGIONAL COUNCIL,Female,16-20,1,0,2
15692,WAKEFIELD REGIONAL COUNCIL,Female,16-20,1,1,2
15693,WAKEFIELD REGIONAL COUNCIL,Female,16-20,2,0,2
15694,WAKEFIELD REGIONAL COUNCIL,Female,21-25,0,1,5
15695,WAKEFIELD REGIONAL COUNCIL,Female,21-25,0,2,6
15696,WAKEFIELD REGIONAL COUNCIL,Female,21-25,0,4,1
15697,WAKEFIELD REGIONAL COUNCIL,Female,21-25,1,0,18
15698,WAKEFIELD REGIONAL COUNCIL,Female,21-25,1,2,2
15699,WAKEFIELD REGIONAL COUNCIL,Female,21-25,2,0,3
15700,WAKEFIELD REGIONAL COUNCIL,Female,21-25,2,5,1
15701,WAKEFIELD REGIONAL COUNCIL,Female,21-25,3,0,2
15702,WAKEFIELD REGIONAL COUNCIL,Female,21-25,3,5,1
15703,WAKEFIELD REGIONAL COUNCIL,Female,21-25,4,0,1
15704,WAKEFIELD REGIONAL COUNCIL,Female,26-30,0,1,4
15705,WAKEFIELD REGIONAL COUNCIL,Female,26-30,0,2,2
15706,WAKEFIELD REGIONAL COUNCIL,Female,26-30,1,0,30
15707,WAKEFIELD REGIONAL COUNCIL,Female,26-30,1,1,4
15708,WAKEFIELD REGIONAL COUNCIL,Female,26-30,1,2,1
15709,WAKEFIELD REGIONAL COUNCIL,Female,26-30,2,0,5
15710,WAKEFIELD REGIONAL COUNCIL,Female,26-30,2,1,4
15711,WAKEFIELD REGIONAL COUNCIL,Female,26-30,3,0,3
15712,WAKEFIELD REGIONAL COUNCIL,Female,26-30,3,5,1
15713,WAKEFIELD REGIONAL COUNCIL,Female,26-30,4,0,2
15714,WAKEFIELD REGIONAL COUNCIL,Female,31-35,0,>5,1
15715,WAKEFIELD REGIONAL COUNCIL,Female,31-35,0,1,7
15716,WAKEFIELD REGIONAL COUNCIL,Female,31-35,0,2,4
15717,WAKEFIELD REGIONAL COUNCIL,Female,31-35,0,3,1
15718,WAKEFIELD REGIONAL COUNCIL,Female,31-35,1,0,30
15719,WAKEFIELD REGIONAL COUNCIL,Female,31-35,1,2,2
15720,WAKEFIELD REGIONAL COUNCIL,Female,31-35,1,3,1
15721,WAKEFIELD REGIONAL COUNCIL,Female,31-35,2,0,13
15722,WAKEFIELD REGIONAL COUNCIL,Female,31-35,2,1,4
15723,WAKEFIELD REGIONAL COUNCIL,Female,31-35,2,2,1
15724,WAKEFIELD REGIONAL COUNCIL,Female,31-35,3,0,3
15725,WAKEFIELD REGIONAL COUNCIL,Female,31-35,3,1,1
15726,WAKEFIELD REGIONAL COUNCIL,Female,31-35,3,2,1
15727,WAKEFIELD REGIONAL COUNCIL,Female,31-35,5,2,1
15728,WAKEFIELD REGIONAL COUNCIL,Female,36-40,>5,0,1
15729,WAKEFIELD REGIONAL COUNCIL,Female,36-40,0,1,11
15730,WAKEFIELD REGIONAL COUNCIL,Female,36-40,0,2,1
15731,WAKEFIELD REGIONAL COUNCIL,Female,36-40,0,4,2
15732,WAKEFIELD REGIONAL COUNCIL,Female,36-40,1,0,38
15733,WAKEFIELD REGIONAL COUNCIL,Female,36-40,1,1,7
15734,WAKEFIELD REGIONAL COUNCIL,Female,36-40,1,2,2
15735,WAKEFIELD REGIONAL COUNCIL,Female,36-40,1,5,1
15736,WAKEFIELD REGIONAL COUNCIL,Female,36-40,2,0,11
15737,WAKEFIELD REGIONAL COUNCIL,Female,36-40,2,1,1
15738,WAKEFIELD REGIONAL COUNCIL,Female,36-40,2,2,1
15739,WAKEFIELD REGIONAL COUNCIL,Female,36-40,2,3,1
15740,WAKEFIELD REGIONAL COUNCIL,Female,36-40,3,0,2
15741,WAKEFIELD REGIONAL COUNCIL,Female,36-40,4,2,2
15742,WAKEFIELD REGIONAL COUNCIL,Female,41-45,0,1,7
15743,WAKEFIELD REGIONAL COUNCIL,Female,41-45,0,2,5
15744,WAKEFIELD REGIONAL COUNCIL,Female,41-45,1,0,30
15745,WAKEFIELD REGIONAL COUNCIL,Female,41-45,1,1,7
15746,WAKEFIELD REGIONAL COUNCIL,Female,41-45,1,2,2
15747,WAKEFIELD REGIONAL COUNCIL,Female,41-45,2,0,17
15748,WAKEFIELD REGIONAL COUNCIL,Female,41-45,2,1,5
15749,WAKEFIELD REGIONAL COUNCIL,Female,41-45,2,4,1
15750,WAKEFIELD REGIONAL COUNCIL,Female,41-45,3,>5,1
15751,WAKEFIELD REGIONAL COUNCIL,Female,41-45,3,0,4
15752,WAKEFIELD REGIONAL COUNCIL,Female,41-45,3,1,1
15753,WAKEFIELD REGIONAL COUNCIL,Female,41-45,3,2,1
15754,WAKEFIELD REGIONAL COUNCIL,Female,41-45,4,0,1
15755,WAKEFIELD REGIONAL COUNCIL,Female,41-45,5,1,1
15756,WAKEFIELD REGIONAL COUNCIL,Female,46-50,0,1,9
15757,WAKEFIELD REGIONAL COUNCIL,Female,46-50,0,2,2
15758,WAKEFIELD REGIONAL COUNCIL,Female,46-50,0,3,1
15759,WAKEFIELD REGIONAL COUNCIL,Female,46-50,1,0,43
15760,WAKEFIELD REGIONAL COUNCIL,Female,46-50,1,1,6
15761,WAKEFIELD REGIONAL COUNCIL,Female,46-50,1,2,4
15762,WAKEFIELD REGIONAL COUNCIL,Female,46-50,2,0,14
15763,WAKEFIELD REGIONAL COUNCIL,Female,46-50,2,1,3
15764,WAKEFIELD REGIONAL COUNCIL,Female,46-50,2,2,3
15765,WAKEFIELD REGIONAL COUNCIL,Female,46-50,3,0,2
15766,WAKEFIELD REGIONAL COUNCIL,Female,46-50,4,0,1
15767,WAKEFIELD REGIONAL COUNCIL,Female,46-50,4,1,1
15768,WAKEFIELD REGIONAL COUNCIL,Female,46-50,5,0,1
15769,WAKEFIELD REGIONAL COUNCIL,Female,51-55,>5,0,1
15770,WAKEFIELD REGIONAL COUNCIL,Female,51-55,0,>5,1
15771,WAKEFIELD REGIONAL COUNCIL,Female,51-55,0,1,13
15772,WAKEFIELD REGIONAL COUNCIL,Female,51-55,0,2,5
15773,WAKEFIELD REGIONAL COUNCIL,Female,51-55,1,0,51
15774,WAKEFIELD REGIONAL COUNCIL,Female,51-55,1,1,4
15775,WAKEFIELD REGIONAL COUNCIL,Female,51-55,1,2,2
15776,WAKEFIELD REGIONAL COUNCIL,Female,51-55,2,0,21
15777,WAKEFIELD REGIONAL COUNCIL,Female,51-55,2,1,3
15778,WAKEFIELD REGIONAL COUNCIL,Female,51-55,2,2,1
15779,WAKEFIELD REGIONAL COUNCIL,Female,51-55,2,3,1
15780,WAKEFIELD REGIONAL COUNCIL,Female,51-55,3,0,1
15781,WAKEFIELD REGIONAL COUNCIL,Female,51-55,3,1,1
15782,WAKEFIELD REGIONAL COUNCIL,Female,51-55,4,0,1
15783,WAKEFIELD REGIONAL COUNCIL,Female,56-60,0,1,8
15784,WAKEFIELD REGIONAL COUNCIL,Female,56-60,0,2,4
15785,WAKEFIELD REGIONAL COUNCIL,Female,56-60,0,4,1
15786,WAKEFIELD REGIONAL COUNCIL,Female,56-60,1,0,33
15787,WAKEFIELD REGIONAL COUNCIL,Female,56-60,1,1,7
15788,WAKEFIELD REGIONAL COUNCIL,Female,56-60,1,2,2
15789,WAKEFIELD REGIONAL COUNCIL,Female,56-60,1,3,1
15790,WAKEFIELD REGIONAL COUNCIL,Female,56-60,1,5,1
15791,WAKEFIELD REGIONAL COUNCIL,Female,56-60,2,>5,1
15792,WAKEFIELD REGIONAL COUNCIL,Female,56-60,2,0,21
15793,WAKEFIELD REGIONAL COUNCIL,Female,56-60,2,1,1
15794,WAKEFIELD REGIONAL COUNCIL,Female,56-60,2,3,1
15795,WAKEFIELD REGIONAL COUNCIL,Female,56-60,3,0,5
15796,WAKEFIELD REGIONAL COUNCIL,Female,56-60,3,2,1
15797,WAKEFIELD REGIONAL COUNCIL,Female,56-60,4,0,1
15798,WAKEFIELD REGIONAL COUNCIL,Female,56-60,5,0,1
15799,WAKEFIELD REGIONAL COUNCIL,Female,61-65,>5,0,1
15800,WAKEFIELD REGIONAL COUNCIL,Female,61-65,0,>5,1
15801,WAKEFIELD REGIONAL COUNCIL,Female,61-65,0,1,10
15802,WAKEFIELD REGIONAL COUNCIL,Female,61-65,0,2,1
15803,WAKEFIELD REGIONAL COUNCIL,Female,61-65,0,3,2
15804,WAKEFIELD REGIONAL COUNCIL,Female,61-65,1,0,45
15805,WAKEFIELD REGIONAL COUNCIL,Female,61-65,1,1,9
15806,WAKEFIELD REGIONAL COUNCIL,Female,61-65,1,2,1
15807,WAKEFIELD REGIONAL COUNCIL,Female,61-65,2,0,18
15808,WAKEFIELD REGIONAL COUNCIL,Female,61-65,2,1,1
15809,WAKEFIELD REGIONAL COUNCIL,Female,61-65,2,2,1
15810,WAKEFIELD REGIONAL COUNCIL,Female,61-65,3,0,2
15811,WAKEFIELD REGIONAL COUNCIL,Female,61-65,3,1,1
15812,WAKEFIELD REGIONAL COUNCIL,Female,66-70,>5,0,1
15813,WAKEFIELD REGIONAL COUNCIL,Female,66-70,0,1,4
15814,WAKEFIELD REGIONAL COUNCIL,Female,66-70,0,2,4
15815,WAKEFIELD REGIONAL COUNCIL,Female,66-70,0,4,1
15816,WAKEFIELD REGIONAL COUNCIL,Female,66-70,0,5,1
15817,WAKEFIELD REGIONAL COUNCIL,Female,66-70,1,0,33
15818,WAKEFIELD REGIONAL COUNCIL,Female,66-70,1,1,2
15819,WAKEFIELD REGIONAL COUNCIL,Female,66-70,1,2,1
15820,WAKEFIELD REGIONAL COUNCIL,Female,66-70,2,0,9
15821,WAKEFIELD REGIONAL COUNCIL,Female,66-70,2,1,3
15822,WAKEFIELD REGIONAL COUNCIL,Female,66-70,3,0,2
15823,WAKEFIELD REGIONAL COUNCIL,Female,66-70,4,0,1
15824,WAKEFIELD REGIONAL COUNCIL,Female,Unknown,0,1,1
15825,WAKEFIELD REGIONAL COUNCIL,Female,Unknown,0,2,1
15826,WAKEFIELD REGIONAL COUNCIL,Female,Unknown,1,0,2
15827,WAKEFIELD REGIONAL COUNCIL,Female,Unknown,2,0,1
15828,WAKEFIELD REGIONAL COUNCIL,Male,>70,>5,0,1
15829,WAKEFIELD REGIONAL COUNCIL,Male,>70,0,1,5
15830,WAKEFIELD REGIONAL COUNCIL,Male,>70,1,>5,1
15831,WAKEFIELD REGIONAL COUNCIL,Male,>70,1,0,65
15832,WAKEFIELD REGIONAL COUNCIL,Male,>70,1,1,1
15833,WAKEFIELD REGIONAL COUNCIL,Male,>70,1,2,1
15834,WAKEFIELD REGIONAL COUNCIL,Male,>70,2,0,9
15835,WAKEFIELD REGIONAL COUNCIL,Male,>70,2,1,1
15836,WAKEFIELD REGIONAL COUNCIL,Male,>70,3,0,1
15837,WAKEFIELD REGIONAL COUNCIL,Male,>70,3,1,2
15838,WAKEFIELD REGIONAL COUNCIL,Male,>70,4,0,1
15839,WAKEFIELD REGIONAL COUNCIL,Male,16-20,0,1,1
15840,WAKEFIELD REGIONAL COUNCIL,Male,16-20,1,0,3
15841,WAKEFIELD REGIONAL COUNCIL,Male,21-25,0,1,1
15842,WAKEFIELD REGIONAL COUNCIL,Male,21-25,0,2,2
15843,WAKEFIELD REGIONAL COUNCIL,Male,21-25,1,0,20
15844,WAKEFIELD REGIONAL COUNCIL,Male,21-25,2,0,3
15845,WAKEFIELD REGIONAL COUNCIL,Male,26-30,0,1,1
15846,WAKEFIELD REGIONAL COUNCIL,Male,26-30,0,2,2
15847,WAKEFIELD REGIONAL COUNCIL,Male,26-30,1,0,27
15848,WAKEFIELD REGIONAL COUNCIL,Male,26-30,1,1,1
15849,WAKEFIELD REGIONAL COUNCIL,Male,26-30,1,2,1
15850,WAKEFIELD REGIONAL COUNCIL,Male,26-30,2,0,7
15851,WAKEFIELD REGIONAL COUNCIL,Male,26-30,2,1,1
15852,WAKEFIELD REGIONAL COUNCIL,Male,31-35,0,1,5
15853,WAKEFIELD REGIONAL COUNCIL,Male,31-35,1,0,33
15854,WAKEFIELD REGIONAL COUNCIL,Male,31-35,1,1,1
15855,WAKEFIELD REGIONAL COUNCIL,Male,31-35,1,2,1
15856,WAKEFIELD REGIONAL COUNCIL,Male,31-35,2,0,5
15857,WAKEFIELD REGIONAL COUNCIL,Male,31-35,2,1,1
15858,WAKEFIELD REGIONAL COUNCIL,Male,31-35,3,0,1
15859,WAKEFIELD REGIONAL COUNCIL,Male,31-35,4,0,1
15860,WAKEFIELD REGIONAL COUNCIL,Male,36-40,0,1,3
15861,WAKEFIELD REGIONAL COUNCIL,Male,36-40,0,2,1
15862,WAKEFIELD REGIONAL COUNCIL,Male,36-40,1,0,36
15863,WAKEFIELD REGIONAL COUNCIL,Male,36-40,1,1,2
15864,WAKEFIELD REGIONAL COUNCIL,Male,36-40,2,0,6
15865,WAKEFIELD REGIONAL COUNCIL,Male,36-40,3,0,2
15866,WAKEFIELD REGIONAL COUNCIL,Male,36-40,4,0,1
15867,WAKEFIELD REGIONAL COUNCIL,Male,41-45,0,1,2
15868,WAKEFIELD REGIONAL COUNCIL,Male,41-45,0,2,2
15869,WAKEFIELD REGIONAL COUNCIL,Male,41-45,1,0,23
15870,WAKEFIELD REGIONAL COUNCIL,Male,41-45,1,1,3
15871,WAKEFIELD REGIONAL COUNCIL,Male,41-45,2,0,7
15872,WAKEFIELD REGIONAL COUNCIL,Male,41-45,2,1,2
15873,WAKEFIELD REGIONAL COUNCIL,Male,41-45,2,2,1
15874,WAKEFIELD REGIONAL COUNCIL,Male,46-50,0,1,3
15875,WAKEFIELD REGIONAL COUNCIL,Male,46-50,0,2,1
15876,WAKEFIELD REGIONAL COUNCIL,Male,46-50,1,0,30
15877,WAKEFIELD REGIONAL COUNCIL,Male,46-50,2,0,11
15878,WAKEFIELD REGIONAL COUNCIL,Male,46-50,2,1,2
15879,WAKEFIELD REGIONAL COUNCIL,Male,46-50,2,5,1
15880,WAKEFIELD REGIONAL COUNCIL,Male,46-50,3,0,4
15881,WAKEFIELD REGIONAL COUNCIL,Male,46-50,5,0,1
15882,WAKEFIELD REGIONAL COUNCIL,Male,51-55,>5,0,1
15883,WAKEFIELD REGIONAL COUNCIL,Male,51-55,0,1,3
15884,WAKEFIELD REGIONAL COUNCIL,Male,51-55,0,2,2
15885,WAKEFIELD REGIONAL COUNCIL,Male,51-55,1,0,32
15886,WAKEFIELD REGIONAL COUNCIL,Male,51-55,1,1,2
15887,WAKEFIELD REGIONAL COUNCIL,Male,51-55,1,2,1
15888,WAKEFIELD REGIONAL COUNCIL,Male,51-55,2,0,7
15889,WAKEFIELD REGIONAL COUNCIL,Male,51-55,2,1,2
15890,WAKEFIELD REGIONAL COUNCIL,Male,51-55,3,0,2
15891,WAKEFIELD REGIONAL COUNCIL,Male,56-60,0,1,3
15892,WAKEFIELD REGIONAL COUNCIL,Male,56-60,0,3,1
15893,WAKEFIELD REGIONAL COUNCIL,Male,56-60,1,0,29
15894,WAKEFIELD REGIONAL COUNCIL,Male,56-60,1,1,1
15895,WAKEFIELD REGIONAL COUNCIL,Male,56-60,1,2,1
15896,WAKEFIELD REGIONAL COUNCIL,Male,56-60,1,4,1
15897,WAKEFIELD REGIONAL COUNCIL,Male,56-60,2,0,5
15898,WAKEFIELD REGIONAL COUNCIL,Male,56-60,3,0,4
15899,WAKEFIELD REGIONAL COUNCIL,Male,56-60,4,0,2
15900,WAKEFIELD REGIONAL COUNCIL,Male,61-65,>5,0,1
15901,WAKEFIELD REGIONAL COUNCIL,Male,61-65,0,1,5
15902,WAKEFIELD REGIONAL COUNCIL,Male,61-65,0,3,1
15903,WAKEFIELD REGIONAL COUNCIL,Male,61-65,1,0,30
15904,WAKEFIELD REGIONAL COUNCIL,Male,61-65,1,1,3
15905,WAKEFIELD REGIONAL COUNCIL,Male,61-65,2,0,12
15906,WAKEFIELD REGIONAL COUNCIL,Male,61-65,2,1,1
15907,WAKEFIELD REGIONAL COUNCIL,Male,61-65,2,2,1
15908,WAKEFIELD REGIONAL COUNCIL,Male,61-65,3,0,3
15909,WAKEFIELD REGIONAL COUNCIL,Male,61-65,4,0,1
15910,WAKEFIELD REGIONAL COUNCIL,Male,66-70,>5,0,1
15911,WAKEFIELD REGIONAL COUNCIL,Male,66-70,0,1,2
15912,WAKEFIELD REGIONAL COUNCIL,Male,66-70,1,0,33
15913,WAKEFIELD REGIONAL COUNCIL,Male,66-70,1,1,1
15914,WAKEFIELD REGIONAL COUNCIL,Male,66-70,2,0,12
15915,WAKEFIELD REGIONAL COUNCIL,Male,66-70,2,1,2
15916,WAKEFIELD REGIONAL COUNCIL,Male,66-70,3,0,4
15917,WAKEFIELD REGIONAL COUNCIL,Male,66-70,4,0,1
15918,WAKEFIELD REGIONAL COUNCIL,Male,66-70,4,2,1
15919,WAKEFIELD REGIONAL COUNCIL,Other,>70,1,0,12
15920,WAKEFIELD REGIONAL COUNCIL,Other,>70,3,0,1
15921,WAKEFIELD REGIONAL COUNCIL,Other,31-35,2,1,1
15922,WAKEFIELD REGIONAL COUNCIL,Other,41-45,0,3,1
15923,WAKEFIELD REGIONAL COUNCIL,Other,41-45,1,0,1
15924,WAKEFIELD REGIONAL COUNCIL,Other,41-45,2,0,2
15925,WAKEFIELD REGIONAL COUNCIL,Other,41-45,3,1,1
15926,WAKEFIELD REGIONAL COUNCIL,Other,46-50,1,0,2
15927,WAKEFIELD REGIONAL COUNCIL,Other,51-55,2,0,1
15928,WAKEFIELD REGIONAL COUNCIL,Other,51-55,2,1,1
15929,WAKEFIELD REGIONAL COUNCIL,Other,56-60,1,0,1
15930,WAKEFIELD REGIONAL COUNCIL,Other,56-60,2,0,1
15931,WAKEFIELD REGIONAL COUNCIL,Other,61-65,1,0,5
15932,WAKEFIELD REGIONAL COUNCIL,Other,61-65,1,2,1
15933,WAKEFIELD REGIONAL COUNCIL,Other,61-65,3,0,1
15934,WAKEFIELD REGIONAL COUNCIL,Other,66-70,1,0,3
15935,WAKEFIELD REGIONAL COUNCIL,Other,66-70,2,0,1
15936,WAKEFIELD REGIONAL COUNCIL,Other,Unknown,1,0,1
15937,WAKEFIELD REGIONAL COUNCIL,SUPPRESSED,Unknown,1,0,3
15938,WAKEFIELD REGIONAL COUNCIL,SUPPRESSED,Unknown,1,1,1
15939,WAKEFIELD REGIONAL COUNCIL,SUPPRESSED,Unknown,2,0,1
15940,WAKEFIELD REGIONAL COUNCIL,Unknown,16-20,1,0,1
15941,WAKEFIELD REGIONAL COUNCIL,Unknown,21-25,0,1,1
15942,WAKEFIELD REGIONAL COUNCIL,Unknown,26-30,0,1,1
15943,WAKEFIELD REGIONAL COUNCIL,Unknown,31-35,0,1,1
15944,WAKEFIELD REGIONAL COUNCIL,Unknown,41-45,0,1,1
15945,WAKEFIELD REGIONAL COUNCIL,Unknown,46-50,1,0,1
15946,WAKEFIELD REGIONAL COUNCIL,Unknown,51-55,0,2,1
15947,WAKEFIELD REGIONAL COUNCIL,Unknown,66-70,0,2,1
15948,WAKEFIELD REGIONAL COUNCIL,Unknown,Unknown,0,1,51
15949,WAKEFIELD REGIONAL COUNCIL,Unknown,Unknown,0,2,14
15950,WAKEFIELD REGIONAL COUNCIL,Unknown,Unknown,0,3,5
15951,WAKEFIELD REGIONAL COUNCIL,Unknown,Unknown,1,0,2
15952,WATTLE RANGE COUNCIL,Female,>70,>5,0,1
15953,WATTLE RANGE COUNCIL,Female,>70,>5,1,1
15954,WATTLE RANGE COUNCIL,Female,>70,>5,3,1
15955,WATTLE RANGE COUNCIL,Female,>70,0,1,10
15956,WATTLE RANGE COUNCIL,Female,>70,1,0,133
15957,WATTLE RANGE COUNCIL,Female,>70,1,1,2
15958,WATTLE RANGE COUNCIL,Female,>70,2,0,28
15959,WATTLE RANGE COUNCIL,Female,>70,2,1,5
15960,WATTLE RANGE COUNCIL,Female,>70,2,2,1
15961,WATTLE RANGE COUNCIL,Female,>70,3,0,4
15962,WATTLE RANGE COUNCIL,Female,16-20,0,1,5
15963,WATTLE RANGE COUNCIL,Female,16-20,1,0,10
15964,WATTLE RANGE COUNCIL,Female,21-25,0,1,11
15965,WATTLE RANGE COUNCIL,Female,21-25,1,0,31
15966,WATTLE RANGE COUNCIL,Female,21-25,1,1,3
15967,WATTLE RANGE COUNCIL,Female,21-25,1,2,1
15968,WATTLE RANGE COUNCIL,Female,21-25,2,0,4
15969,WATTLE RANGE COUNCIL,Female,21-25,2,1,1
15970,WATTLE RANGE COUNCIL,Female,26-30,0,1,7
15971,WATTLE RANGE COUNCIL,Female,26-30,0,3,1
15972,WATTLE RANGE COUNCIL,Female,26-30,1,0,64
15973,WATTLE RANGE COUNCIL,Female,26-30,1,1,3
15974,WATTLE RANGE COUNCIL,Female,26-30,2,0,17
15975,WATTLE RANGE COUNCIL,Female,26-30,2,1,1
15976,WATTLE RANGE COUNCIL,Female,26-30,2,2,1
15977,WATTLE RANGE COUNCIL,Female,26-30,3,0,2
15978,WATTLE RANGE COUNCIL,Female,26-30,3,1,1
15979,WATTLE RANGE COUNCIL,Female,26-30,3,2,1
15980,WATTLE RANGE COUNCIL,Female,26-30,4,0,2
15981,WATTLE RANGE COUNCIL,Female,26-30,5,0,1
15982,WATTLE RANGE COUNCIL,Female,31-35,>5,0,3
15983,WATTLE RANGE COUNCIL,Female,31-35,0,1,6
15984,WATTLE RANGE COUNCIL,Female,31-35,0,3,2
15985,WATTLE RANGE COUNCIL,Female,31-35,0,4,1
15986,WATTLE RANGE COUNCIL,Female,31-35,1,0,64
15987,WATTLE RANGE COUNCIL,Female,31-35,1,1,3
15988,WATTLE RANGE COUNCIL,Female,31-35,1,2,2
15989,WATTLE RANGE COUNCIL,Female,31-35,2,0,24
15990,WATTLE RANGE COUNCIL,Female,31-35,2,1,3
15991,WATTLE RANGE COUNCIL,Female,31-35,2,2,1
15992,WATTLE RANGE COUNCIL,Female,31-35,3,0,6
15993,WATTLE RANGE COUNCIL,Female,31-35,5,1,1
15994,WATTLE RANGE COUNCIL,Female,36-40,>5,0,1
15995,WATTLE RANGE COUNCIL,Female,36-40,0,1,10
15996,WATTLE RANGE COUNCIL,Female,36-40,0,2,1
15997,WATTLE RANGE COUNCIL,Female,36-40,1,0,63
15998,WATTLE RANGE COUNCIL,Female,36-40,1,1,5
15999,WATTLE RANGE COUNCIL,Female,36-40,1,3,1
16000,WATTLE RANGE COUNCIL,Female,36-40,2,0,29
16001,WATTLE RANGE COUNCIL,Female,36-40,2,1,2
16002,WATTLE RANGE COUNCIL,Female,36-40,2,3,1
16003,WATTLE RANGE COUNCIL,Female,36-40,3,0,5
16004,WATTLE RANGE COUNCIL,Female,36-40,3,1,1
16005,WATTLE RANGE COUNCIL,Female,36-40,4,0,2
16006,WATTLE RANGE COUNCIL,Female,41-45,>5,0,2
16007,WATTLE RANGE COUNCIL,Female,41-45,0,1,5
16008,WATTLE RANGE COUNCIL,Female,41-45,0,2,1
16009,WATTLE RANGE COUNCIL,Female,41-45,0,4,1
16010,WATTLE RANGE COUNCIL,Female,41-45,1,0,85
16011,WATTLE RANGE COUNCIL,Female,41-45,1,1,8
16012,WATTLE RANGE COUNCIL,Female,41-45,1,2,1
16013,WATTLE RANGE COUNCIL,Female,41-45,2,0,24
16014,WATTLE RANGE COUNCIL,Female,41-45,2,1,2
16015,WATTLE RANGE COUNCIL,Female,41-45,3,0,6
16016,WATTLE RANGE COUNCIL,Female,41-45,4,0,1
16017,WATTLE RANGE COUNCIL,Female,41-45,5,0,1
16018,WATTLE RANGE COUNCIL,Female,46-50,>5,0,1
16019,WATTLE RANGE COUNCIL,Female,46-50,0,1,8
16020,WATTLE RANGE COUNCIL,Female,46-50,0,2,2
16021,WATTLE RANGE COUNCIL,Female,46-50,1,0,88
16022,WATTLE RANGE COUNCIL,Female,46-50,1,1,9
16023,WATTLE RANGE COUNCIL,Female,46-50,2,0,28
16024,WATTLE RANGE COUNCIL,Female,46-50,2,1,4
16025,WATTLE RANGE COUNCIL,Female,46-50,2,2,1
16026,WATTLE RANGE COUNCIL,Female,46-50,3,0,12
16027,WATTLE RANGE COUNCIL,Female,46-50,3,2,1
16028,WATTLE RANGE COUNCIL,Female,46-50,4,1,1
16029,WATTLE RANGE COUNCIL,Female,46-50,5,0,1
16030,WATTLE RANGE COUNCIL,Female,51-55,0,1,4
16031,WATTLE RANGE COUNCIL,Female,51-55,0,2,1
16032,WATTLE RANGE COUNCIL,Female,51-55,0,3,3
16033,WATTLE RANGE COUNCIL,Female,51-55,0,4,1
16034,WATTLE RANGE COUNCIL,Female,51-55,1,0,108
16035,WATTLE RANGE COUNCIL,Female,51-55,1,1,3
16036,WATTLE RANGE COUNCIL,Female,51-55,1,2,1
16037,WATTLE RANGE COUNCIL,Female,51-55,2,0,48
16038,WATTLE RANGE COUNCIL,Female,51-55,2,1,3
16039,WATTLE RANGE COUNCIL,Female,51-55,2,2,2
16040,WATTLE RANGE COUNCIL,Female,51-55,3,0,10
16041,WATTLE RANGE COUNCIL,Female,51-55,3,1,1
16042,WATTLE RANGE COUNCIL,Female,51-55,3,2,1
16043,WATTLE RANGE COUNCIL,Female,51-55,4,0,2
16044,WATTLE RANGE COUNCIL,Female,51-55,4,2,1
16045,WATTLE RANGE COUNCIL,Female,56-60,>5,>5,1
16046,WATTLE RANGE COUNCIL,Female,56-60,>5,0,2
16047,WATTLE RANGE COUNCIL,Female,56-60,0,1,3
16048,WATTLE RANGE COUNCIL,Female,56-60,0,2,4
16049,WATTLE RANGE COUNCIL,Female,56-60,1,0,95
16050,WATTLE RANGE COUNCIL,Female,56-60,1,1,4
16051,WATTLE RANGE COUNCIL,Female,56-60,1,2,1
16052,WATTLE RANGE COUNCIL,Female,56-60,2,0,28
16053,WATTLE RANGE COUNCIL,Female,56-60,2,1,1
16054,WATTLE RANGE COUNCIL,Female,56-60,2,2,1
16055,WATTLE RANGE COUNCIL,Female,56-60,2,4,1
16056,WATTLE RANGE COUNCIL,Female,56-60,3,0,9
16057,WATTLE RANGE COUNCIL,Female,56-60,4,0,3
16058,WATTLE RANGE COUNCIL,Female,56-60,5,0,1
16059,WATTLE RANGE COUNCIL,Female,61-65,>5,0,1
16060,WATTLE RANGE COUNCIL,Female,61-65,0,1,7
16061,WATTLE RANGE COUNCIL,Female,61-65,0,2,3
16062,WATTLE RANGE COUNCIL,Female,61-65,1,0,81
16063,WATTLE RANGE COUNCIL,Female,61-65,1,1,5
16064,WATTLE RANGE COUNCIL,Female,61-65,1,2,2
16065,WATTLE RANGE COUNCIL,Female,61-65,2,0,34
16066,WATTLE RANGE COUNCIL,Female,61-65,2,2,1
16067,WATTLE RANGE COUNCIL,Female,61-65,3,0,6
16068,WATTLE RANGE COUNCIL,Female,61-65,4,0,2
16069,WATTLE RANGE COUNCIL,Female,66-70,0,1,5
16070,WATTLE RANGE COUNCIL,Female,66-70,0,2,1
16071,WATTLE RANGE COUNCIL,Female,66-70,0,4,2
16072,WATTLE RANGE COUNCIL,Female,66-70,1,0,82
16073,WATTLE RANGE COUNCIL,Female,66-70,1,1,1
16074,WATTLE RANGE COUNCIL,Female,66-70,2,0,16
16075,WATTLE RANGE COUNCIL,Female,66-70,3,0,7
16076,WATTLE RANGE COUNCIL,Female,66-70,4,0,1
16077,WATTLE RANGE COUNCIL,Female,Unknown,0,1,4
16078,WATTLE RANGE COUNCIL,Female,Unknown,0,2,2
16079,WATTLE RANGE COUNCIL,Female,Unknown,0,4,1
16080,WATTLE RANGE COUNCIL,Female,Unknown,1,0,1
16081,WATTLE RANGE COUNCIL,Female,Unknown,2,0,1
16082,WATTLE RANGE COUNCIL,Male,>70,0,1,4
16083,WATTLE RANGE COUNCIL,Male,>70,0,3,1
16084,WATTLE RANGE COUNCIL,Male,>70,1,0,163
16085,WATTLE RANGE COUNCIL,Male,>70,1,1,3
16086,WATTLE RANGE COUNCIL,Male,>70,2,0,21
16087,WATTLE RANGE COUNCIL,Male,>70,3,0,10
16088,WATTLE RANGE COUNCIL,Male,>70,3,1,1
16089,WATTLE RANGE COUNCIL,Male,>70,4,0,3
16090,WATTLE RANGE COUNCIL,Male,16-20,1,0,3
16091,WATTLE RANGE COUNCIL,Male,16-20,2,0,1
16092,WATTLE RANGE COUNCIL,Male,21-25,0,1,2
16093,WATTLE RANGE COUNCIL,Male,21-25,1,0,31
16094,WATTLE RANGE COUNCIL,Male,21-25,1,2,1
16095,WATTLE RANGE COUNCIL,Male,21-25,2,0,7
16096,WATTLE RANGE COUNCIL,Male,21-25,3,0,1
16097,WATTLE RANGE COUNCIL,Male,26-30,0,1,1
16098,WATTLE RANGE COUNCIL,Male,26-30,1,0,36
16099,WATTLE RANGE COUNCIL,Male,26-30,1,1,1
16100,WATTLE RANGE COUNCIL,Male,26-30,2,0,9
16101,WATTLE RANGE COUNCIL,Male,26-30,3,0,1
16102,WATTLE RANGE COUNCIL,Male,26-30,4,0,2
16103,WATTLE RANGE COUNCIL,Male,31-35,>5,1,1
16104,WATTLE RANGE COUNCIL,Male,31-35,0,1,1
16105,WATTLE RANGE COUNCIL,Male,31-35,1,0,41
16106,WATTLE RANGE COUNCIL,Male,31-35,1,1,2
16107,WATTLE RANGE COUNCIL,Male,31-35,2,0,16
16108,WATTLE RANGE COUNCIL,Male,31-35,3,0,1
16109,WATTLE RANGE COUNCIL,Male,31-35,4,0,2
16110,WATTLE RANGE COUNCIL,Male,36-40,0,1,2
16111,WATTLE RANGE COUNCIL,Male,36-40,1,0,44
16112,WATTLE RANGE COUNCIL,Male,36-40,1,1,1
16113,WATTLE RANGE COUNCIL,Male,36-40,2,0,12
16114,WATTLE RANGE COUNCIL,Male,36-40,2,1,1
16115,WATTLE RANGE COUNCIL,Male,36-40,3,0,1
16116,WATTLE RANGE COUNCIL,Male,36-40,4,0,3
16117,WATTLE RANGE COUNCIL,Male,41-45,>5,0,2
16118,WATTLE RANGE COUNCIL,Male,41-45,0,>5,1
16119,WATTLE RANGE COUNCIL,Male,41-45,0,1,1
16120,WATTLE RANGE COUNCIL,Male,41-45,1,0,60
16121,WATTLE RANGE COUNCIL,Male,41-45,2,0,18
16122,WATTLE RANGE COUNCIL,Male,41-45,3,0,8
16123,WATTLE RANGE COUNCIL,Male,41-45,4,0,3
16124,WATTLE RANGE COUNCIL,Male,41-45,5,0,2
16125,WATTLE RANGE COUNCIL,Male,46-50,>5,0,1
16126,WATTLE RANGE COUNCIL,Male,46-50,0,1,6
16127,WATTLE RANGE COUNCIL,Male,46-50,1,0,54
16128,WATTLE RANGE COUNCIL,Male,46-50,1,1,4
16129,WATTLE RANGE COUNCIL,Male,46-50,1,2,1
16130,WATTLE RANGE COUNCIL,Male,46-50,2,0,15
16131,WATTLE RANGE COUNCIL,Male,46-50,2,1,1
16132,WATTLE RANGE COUNCIL,Male,46-50,3,0,4
16133,WATTLE RANGE COUNCIL,Male,46-50,4,0,2
16134,WATTLE RANGE COUNCIL,Male,46-50,5,0,1
16135,WATTLE RANGE COUNCIL,Male,51-55,>5,0,1
16136,WATTLE RANGE COUNCIL,Male,51-55,0,1,3
16137,WATTLE RANGE COUNCIL,Male,51-55,1,0,65
16138,WATTLE RANGE COUNCIL,Male,51-55,1,1,2
16139,WATTLE RANGE COUNCIL,Male,51-55,1,2,1
16140,WATTLE RANGE COUNCIL,Male,51-55,2,0,17
16141,WATTLE RANGE COUNCIL,Male,51-55,2,1,1
16142,WATTLE RANGE COUNCIL,Male,51-55,3,0,7
16143,WATTLE RANGE COUNCIL,Male,51-55,4,0,2
16144,WATTLE RANGE COUNCIL,Male,51-55,5,0,2
16145,WATTLE RANGE COUNCIL,Male,56-60,>5,0,1
16146,WATTLE RANGE COUNCIL,Male,56-60,0,1,2
16147,WATTLE RANGE COUNCIL,Male,56-60,0,2,1
16148,WATTLE RANGE COUNCIL,Male,56-60,1,0,68
16149,WATTLE RANGE COUNCIL,Male,56-60,1,1,2
16150,WATTLE RANGE COUNCIL,Male,56-60,1,2,1
16151,WATTLE RANGE COUNCIL,Male,56-60,2,0,26
16152,WATTLE RANGE COUNCIL,Male,56-60,3,0,9
16153,WATTLE RANGE COUNCIL,Male,56-60,5,0,2
16154,WATTLE RANGE COUNCIL,Male,61-65,>5,0,1
16155,WATTLE RANGE COUNCIL,Male,61-65,0,1,2
16156,WATTLE RANGE COUNCIL,Male,61-65,1,0,74
16157,WATTLE RANGE COUNCIL,Male,61-65,1,1,1
16158,WATTLE RANGE COUNCIL,Male,61-65,2,0,24
16159,WATTLE RANGE COUNCIL,Male,61-65,3,0,6
16160,WATTLE RANGE COUNCIL,Male,61-65,4,0,1
16161,WATTLE RANGE COUNCIL,Male,66-70,1,0,54
16162,WATTLE RANGE COUNCIL,Male,66-70,2,0,20
16163,WATTLE RANGE COUNCIL,Male,66-70,2,3,1
16164,WATTLE RANGE COUNCIL,Male,66-70,3,0,3
16165,WATTLE RANGE COUNCIL,Male,66-70,4,0,1
16166,WATTLE RANGE COUNCIL,Male,Unknown,0,1,4
16167,WATTLE RANGE COUNCIL,Male,Unknown,0,2,1
16168,WATTLE RANGE COUNCIL,Male,Unknown,1,0,2
16169,WATTLE RANGE COUNCIL,Other,>70,1,0,13
16170,WATTLE RANGE COUNCIL,Other,>70,2,0,4
16171,WATTLE RANGE COUNCIL,Other,>70,5,0,1
16172,WATTLE RANGE COUNCIL,Other,26-30,1,0,3
16173,WATTLE RANGE COUNCIL,Other,31-35,1,0,1
16174,WATTLE RANGE COUNCIL,Other,31-35,1,2,1
16175,WATTLE RANGE COUNCIL,Other,31-35,2,0,1
16176,WATTLE RANGE COUNCIL,Other,36-40,1,0,4
16177,WATTLE RANGE COUNCIL,Other,36-40,3,0,1
16178,WATTLE RANGE COUNCIL,Other,46-50,1,0,3
16179,WATTLE RANGE COUNCIL,Other,46-50,3,0,1
16180,WATTLE RANGE COUNCIL,Other,51-55,0,1,1
16181,WATTLE RANGE COUNCIL,Other,51-55,1,0,3
16182,WATTLE RANGE COUNCIL,Other,51-55,2,0,3
16183,WATTLE RANGE COUNCIL,Other,56-60,>5,0,1
16184,WATTLE RANGE COUNCIL,Other,56-60,1,0,8
16185,WATTLE RANGE COUNCIL,Other,56-60,1,1,2
16186,WATTLE RANGE COUNCIL,Other,56-60,2,0,2
16187,WATTLE RANGE COUNCIL,Other,56-60,3,0,2
16188,WATTLE RANGE COUNCIL,Other,56-60,4,0,1
16189,WATTLE RANGE COUNCIL,Other,61-65,1,0,7
16190,WATTLE RANGE COUNCIL,Other,61-65,2,0,1
16191,WATTLE RANGE COUNCIL,Other,61-65,3,0,1
16192,WATTLE RANGE COUNCIL,Other,66-70,1,0,8
16193,WATTLE RANGE COUNCIL,Other,66-70,2,0,4
16194,WATTLE RANGE COUNCIL,SUPPRESSED,Unknown,2,0,3
16195,WATTLE RANGE COUNCIL,Unknown,21-25,0,1,1
16196,WATTLE RANGE COUNCIL,Unknown,Unknown,0,1,3
16197,WATTLE RANGE COUNCIL,Unknown,Unknown,0,2,1
16198,WATTLE RANGE COUNCIL,Unknown,Unknown,1,0,1
16199,WUDINNA DISTRICT COUNCIL,Female,>70,1,0,8
16200,WUDINNA DISTRICT COUNCIL,Female,>70,2,0,2
16201,WUDINNA DISTRICT COUNCIL,Female,16-20,1,0,2
16202,WUDINNA DISTRICT COUNCIL,Female,21-25,0,1,1
16203,WUDINNA DISTRICT COUNCIL,Female,21-25,1,0,4
16204,WUDINNA DISTRICT COUNCIL,Female,21-25,1,1,1
16205,WUDINNA DISTRICT COUNCIL,Female,21-25,2,0,2
16206,WUDINNA DISTRICT COUNCIL,Female,26-30,0,1,1
16207,WUDINNA DISTRICT COUNCIL,Female,26-30,0,2,2
16208,WUDINNA DISTRICT COUNCIL,Female,26-30,1,0,8
16209,WUDINNA DISTRICT COUNCIL,Female,26-30,1,1,2
16210,WUDINNA DISTRICT COUNCIL,Female,26-30,3,0,1
16211,WUDINNA DISTRICT COUNCIL,Female,26-30,4,0,1
16212,WUDINNA DISTRICT COUNCIL,Female,31-35,0,1,1
16213,WUDINNA DISTRICT COUNCIL,Female,31-35,1,0,6
16214,WUDINNA DISTRICT COUNCIL,Female,31-35,2,0,3
16215,WUDINNA DISTRICT COUNCIL,Female,36-40,0,1,1
16216,WUDINNA DISTRICT COUNCIL,Female,36-40,1,0,9
16217,WUDINNA DISTRICT COUNCIL,Female,36-40,2,0,3
16218,WUDINNA DISTRICT COUNCIL,Female,41-45,0,1,1
16219,WUDINNA DISTRICT COUNCIL,Female,41-45,1,0,5
16220,WUDINNA DISTRICT COUNCIL,Female,41-45,1,1,4
16221,WUDINNA DISTRICT COUNCIL,Female,41-45,2,0,5
16222,WUDINNA DISTRICT COUNCIL,Female,41-45,2,1,1
16223,WUDINNA DISTRICT COUNCIL,Female,41-45,3,0,2
16224,WUDINNA DISTRICT COUNCIL,Female,41-45,4,0,1
16225,WUDINNA DISTRICT COUNCIL,Female,46-50,>5,0,1
16226,WUDINNA DISTRICT COUNCIL,Female,46-50,0,1,1
16227,WUDINNA DISTRICT COUNCIL,Female,46-50,1,0,2
16228,WUDINNA DISTRICT COUNCIL,Female,46-50,1,1,1
16229,WUDINNA DISTRICT COUNCIL,Female,46-50,2,0,1
16230,WUDINNA DISTRICT COUNCIL,Female,46-50,3,1,1
16231,WUDINNA DISTRICT COUNCIL,Female,51-55,1,0,7
16232,WUDINNA DISTRICT COUNCIL,Female,51-55,1,1,1
16233,WUDINNA DISTRICT COUNCIL,Female,51-55,2,0,5
16234,WUDINNA DISTRICT COUNCIL,Female,51-55,4,1,1
16235,WUDINNA DISTRICT COUNCIL,Female,51-55,5,0,1
16236,WUDINNA DISTRICT COUNCIL,Female,56-60,1,0,5
16237,WUDINNA DISTRICT COUNCIL,Female,56-60,2,0,1
16238,WUDINNA DISTRICT COUNCIL,Female,56-60,3,0,2
16239,WUDINNA DISTRICT COUNCIL,Female,56-60,5,0,1
16240,WUDINNA DISTRICT COUNCIL,Female,61-65,0,1,2
16241,WUDINNA DISTRICT COUNCIL,Female,61-65,0,2,1
16242,WUDINNA DISTRICT COUNCIL,Female,61-65,1,0,2
16243,WUDINNA DISTRICT COUNCIL,Female,61-65,2,0,2
16244,WUDINNA DISTRICT COUNCIL,Female,66-70,1,0,5
16245,WUDINNA DISTRICT COUNCIL,Female,66-70,2,0,1
16246,WUDINNA DISTRICT COUNCIL,Female,66-70,4,0,1
16247,WUDINNA DISTRICT COUNCIL,Female,Unknown,0,1,1
16248,WUDINNA DISTRICT COUNCIL,Female,Unknown,0,3,1
16249,WUDINNA DISTRICT COUNCIL,Male,>70,1,0,7
16250,WUDINNA DISTRICT COUNCIL,Male,>70,2,0,2
16251,WUDINNA DISTRICT COUNCIL,Male,16-20,0,1,1
16252,WUDINNA DISTRICT COUNCIL,Male,16-20,1,0,1
16253,WUDINNA DISTRICT COUNCIL,Male,21-25,0,1,1
16254,WUDINNA DISTRICT COUNCIL,Male,21-25,1,0,2
16255,WUDINNA DISTRICT COUNCIL,Male,21-25,2,0,1
16256,WUDINNA DISTRICT COUNCIL,Male,26-30,2,0,2
16257,WUDINNA DISTRICT COUNCIL,Male,31-35,>5,0,1
16258,WUDINNA DISTRICT COUNCIL,Male,31-35,1,0,4
16259,WUDINNA DISTRICT COUNCIL,Male,31-35,2,0,4
16260,WUDINNA DISTRICT COUNCIL,Male,31-35,3,0,1
16261,WUDINNA DISTRICT COUNCIL,Male,36-40,1,0,3
16262,WUDINNA DISTRICT COUNCIL,Male,36-40,2,0,2
16263,WUDINNA DISTRICT COUNCIL,Male,36-40,3,0,2
16264,WUDINNA DISTRICT COUNCIL,Male,41-45,1,0,4
16265,WUDINNA DISTRICT COUNCIL,Male,41-45,1,1,2
16266,WUDINNA DISTRICT COUNCIL,Male,41-45,2,0,3
16267,WUDINNA DISTRICT COUNCIL,Male,41-45,3,2,1
16268,WUDINNA DISTRICT COUNCIL,Male,46-50,1,0,4
16269,WUDINNA DISTRICT COUNCIL,Male,46-50,2,0,3
16270,WUDINNA DISTRICT COUNCIL,Male,46-50,3,0,1
16271,WUDINNA DISTRICT COUNCIL,Male,51-55,0,1,1
16272,WUDINNA DISTRICT COUNCIL,Male,51-55,1,0,6
16273,WUDINNA DISTRICT COUNCIL,Male,51-55,2,0,1
16274,WUDINNA DISTRICT COUNCIL,Male,51-55,3,0,2
16275,WUDINNA DISTRICT COUNCIL,Male,51-55,4,0,1
16276,WUDINNA DISTRICT COUNCIL,Male,56-60,1,0,6
16277,WUDINNA DISTRICT COUNCIL,Male,56-60,2,0,3
16278,WUDINNA DISTRICT COUNCIL,Male,56-60,2,1,1
16279,WUDINNA DISTRICT COUNCIL,Male,56-60,3,0,1
16280,WUDINNA DISTRICT COUNCIL,Male,56-60,4,0,1
16281,WUDINNA DISTRICT COUNCIL,Male,61-65,1,0,5
16282,WUDINNA DISTRICT COUNCIL,Male,61-65,1,1,1
16283,WUDINNA DISTRICT COUNCIL,Male,61-65,2,0,2
16284,WUDINNA DISTRICT COUNCIL,Male,61-65,3,0,1
16285,WUDINNA DISTRICT COUNCIL,Male,61-65,4,0,1
16286,WUDINNA DISTRICT COUNCIL,Male,66-70,0,2,1
16287,WUDINNA DISTRICT COUNCIL,Male,66-70,1,0,1
16288,WUDINNA DISTRICT COUNCIL,Other,>70,1,0,1
16289,WUDINNA DISTRICT COUNCIL,Other,>70,2,0,1
16290,WUDINNA DISTRICT COUNCIL,Other,26-30,2,0,1
16291,WUDINNA DISTRICT COUNCIL,Other,41-45,1,1,1
16292,WUDINNA DISTRICT COUNCIL,Other,51-55,2,0,1
16293,WUDINNA DISTRICT COUNCIL,Other,56-60,1,0,1
16294,WUDINNA DISTRICT COUNCIL,Other,61-65,1,0,1
16295,WUDINNA DISTRICT COUNCIL,Other,Unknown,0,1,1
16296,WUDINNA DISTRICT COUNCIL,Unknown,56-60,1,0,1
16297,WUDINNA DISTRICT COUNCIL,Unknown,Unknown,0,>5,1
16298,WUDINNA DISTRICT COUNCIL,Unknown,Unknown,0,1,3
16299,WUDINNA DISTRICT COUNCIL,Unknown,Unknown,0,2,1
16300,WUDINNA DISTRICT COUNCIL,Unknown,Unknown,1,0,6
16301,WUDINNA DISTRICT COUNCIL,Unknown,Unknown,2,2,1
16302,YORKE PENINSULA COUNCIL,Female,>70,0,1,21
16303,YORKE PENINSULA COUNCIL,Female,>70,0,2,6
16304,YORKE PENINSULA COUNCIL,Female,>70,0,3,3
16305,YORKE PENINSULA COUNCIL,Female,>70,0,5,1
16306,YORKE PENINSULA COUNCIL,Female,>70,1,0,177
16307,YORKE PENINSULA COUNCIL,Female,>70,1,1,10
16308,YORKE PENINSULA COUNCIL,Female,>70,1,2,1
16309,YORKE PENINSULA COUNCIL,Female,>70,1,3,1
16310,YORKE PENINSULA COUNCIL,Female,>70,2,0,27
16311,YORKE PENINSULA COUNCIL,Female,>70,3,0,2
16312,YORKE PENINSULA COUNCIL,Female,>70,3,1,1
16313,YORKE PENINSULA COUNCIL,Female,>70,4,0,3
16314,YORKE PENINSULA COUNCIL,Female,16-20,0,1,1
16315,YORKE PENINSULA COUNCIL,Female,16-20,1,0,5
16316,YORKE PENINSULA COUNCIL,Female,21-25,0,1,14
16317,YORKE PENINSULA COUNCIL,Female,21-25,0,2,4
16318,YORKE PENINSULA COUNCIL,Female,21-25,1,0,32
16319,YORKE PENINSULA COUNCIL,Female,21-25,1,1,3
16320,YORKE PENINSULA COUNCIL,Female,21-25,1,3,1
16321,YORKE PENINSULA COUNCIL,Female,21-25,2,0,6
16322,YORKE PENINSULA COUNCIL,Female,21-25,3,0,2
16323,YORKE PENINSULA COUNCIL,Female,21-25,4,0,1
16324,YORKE PENINSULA COUNCIL,Female,26-30,0,1,9
16325,YORKE PENINSULA COUNCIL,Female,26-30,0,2,1
16326,YORKE PENINSULA COUNCIL,Female,26-30,0,3,2
16327,YORKE PENINSULA COUNCIL,Female,26-30,1,0,61
16328,YORKE PENINSULA COUNCIL,Female,26-30,1,1,3
16329,YORKE PENINSULA COUNCIL,Female,26-30,1,2,4
16330,YORKE PENINSULA COUNCIL,Female,26-30,2,0,7
16331,YORKE PENINSULA COUNCIL,Female,26-30,2,1,1
16332,YORKE PENINSULA COUNCIL,Female,26-30,2,3,1
16333,YORKE PENINSULA COUNCIL,Female,26-30,3,0,2
16334,YORKE PENINSULA COUNCIL,Female,26-30,4,0,1
16335,YORKE PENINSULA COUNCIL,Female,31-35,0,1,11
16336,YORKE PENINSULA COUNCIL,Female,31-35,0,2,5
16337,YORKE PENINSULA COUNCIL,Female,31-35,1,0,53
16338,YORKE PENINSULA COUNCIL,Female,31-35,1,1,4
16339,YORKE PENINSULA COUNCIL,Female,31-35,1,2,2
16340,YORKE PENINSULA COUNCIL,Female,31-35,2,0,13
16341,YORKE PENINSULA COUNCIL,Female,31-35,2,1,2
16342,YORKE PENINSULA COUNCIL,Female,31-35,2,2,1
16343,YORKE PENINSULA COUNCIL,Female,31-35,2,3,1
16344,YORKE PENINSULA COUNCIL,Female,31-35,3,0,6
16345,YORKE PENINSULA COUNCIL,Female,36-40,>5,1,1
16346,YORKE PENINSULA COUNCIL,Female,36-40,0,1,14
16347,YORKE PENINSULA COUNCIL,Female,36-40,0,2,3
16348,YORKE PENINSULA COUNCIL,Female,36-40,1,0,56
16349,YORKE PENINSULA COUNCIL,Female,36-40,1,1,9
16350,YORKE PENINSULA COUNCIL,Female,36-40,1,2,3
16351,YORKE PENINSULA COUNCIL,Female,36-40,2,0,11
16352,YORKE PENINSULA COUNCIL,Female,36-40,3,0,4
16353,YORKE PENINSULA COUNCIL,Female,36-40,4,0,1
16354,YORKE PENINSULA COUNCIL,Female,36-40,5,0,2
16355,YORKE PENINSULA COUNCIL,Female,41-45,>5,0,1
16356,YORKE PENINSULA COUNCIL,Female,41-45,0,1,9
16357,YORKE PENINSULA COUNCIL,Female,41-45,0,2,1
16358,YORKE PENINSULA COUNCIL,Female,41-45,0,4,1
16359,YORKE PENINSULA COUNCIL,Female,41-45,1,0,51
16360,YORKE PENINSULA COUNCIL,Female,41-45,1,1,8
16361,YORKE PENINSULA COUNCIL,Female,41-45,1,2,4
16362,YORKE PENINSULA COUNCIL,Female,41-45,1,3,1
16363,YORKE PENINSULA COUNCIL,Female,41-45,2,0,19
16364,YORKE PENINSULA COUNCIL,Female,41-45,2,1,3
16365,YORKE PENINSULA COUNCIL,Female,41-45,2,2,4
16366,YORKE PENINSULA COUNCIL,Female,41-45,4,1,1
16367,YORKE PENINSULA COUNCIL,Female,41-45,5,0,1
16368,YORKE PENINSULA COUNCIL,Female,41-45,5,3,1
16369,YORKE PENINSULA COUNCIL,Female,46-50,0,1,17
16370,YORKE PENINSULA COUNCIL,Female,46-50,0,2,6
16371,YORKE PENINSULA COUNCIL,Female,46-50,0,4,1
16372,YORKE PENINSULA COUNCIL,Female,46-50,1,0,52
16373,YORKE PENINSULA COUNCIL,Female,46-50,1,1,8
16374,YORKE PENINSULA COUNCIL,Female,46-50,1,2,4
16375,YORKE PENINSULA COUNCIL,Female,46-50,1,5,1
16376,YORKE PENINSULA COUNCIL,Female,46-50,2,0,25
16377,YORKE PENINSULA COUNCIL,Female,46-50,2,1,1
16378,YORKE PENINSULA COUNCIL,Female,46-50,2,2,2
16379,YORKE PENINSULA COUNCIL,Female,46-50,3,0,3
16380,YORKE PENINSULA COUNCIL,Female,46-50,3,1,1
16381,YORKE PENINSULA COUNCIL,Female,46-50,3,2,1
16382,YORKE PENINSULA COUNCIL,Female,46-50,3,3,1
16383,YORKE PENINSULA COUNCIL,Female,46-50,4,1,2
16384,YORKE PENINSULA COUNCIL,Female,51-55,0,1,14
16385,YORKE PENINSULA COUNCIL,Female,51-55,0,2,3
16386,YORKE PENINSULA COUNCIL,Female,51-55,0,3,3
16387,YORKE PENINSULA COUNCIL,Female,51-55,1,0,61
16388,YORKE PENINSULA COUNCIL,Female,51-55,1,1,4
16389,YORKE PENINSULA COUNCIL,Female,51-55,1,2,3
16390,YORKE PENINSULA COUNCIL,Female,51-55,1,3,1
16391,YORKE PENINSULA COUNCIL,Female,51-55,1,4,1
16392,YORKE PENINSULA COUNCIL,Female,51-55,2,0,12
16393,YORKE PENINSULA COUNCIL,Female,51-55,2,1,1
16394,YORKE PENINSULA COUNCIL,Female,51-55,2,2,3
16395,YORKE PENINSULA COUNCIL,Female,51-55,3,0,8
16396,YORKE PENINSULA COUNCIL,Female,51-55,3,1,2
16397,YORKE PENINSULA COUNCIL,Female,51-55,4,0,1
16398,YORKE PENINSULA COUNCIL,Female,56-60,>5,0,2
16399,YORKE PENINSULA COUNCIL,Female,56-60,0,1,10
16400,YORKE PENINSULA COUNCIL,Female,56-60,0,2,7
16401,YORKE PENINSULA COUNCIL,Female,56-60,1,0,79
16402,YORKE PENINSULA COUNCIL,Female,56-60,1,1,6
16403,YORKE PENINSULA COUNCIL,Female,56-60,1,2,3
16404,YORKE PENINSULA COUNCIL,Female,56-60,1,3,2
16405,YORKE PENINSULA COUNCIL,Female,56-60,2,0,18
16406,YORKE PENINSULA COUNCIL,Female,56-60,2,1,2
16407,YORKE PENINSULA COUNCIL,Female,56-60,2,2,2
16408,YORKE PENINSULA COUNCIL,Female,56-60,3,0,4
16409,YORKE PENINSULA COUNCIL,Female,61-65,0,1,13
16410,YORKE PENINSULA COUNCIL,Female,61-65,0,2,1
16411,YORKE PENINSULA COUNCIL,Female,61-65,1,0,98
16412,YORKE PENINSULA COUNCIL,Female,61-65,1,1,7
16413,YORKE PENINSULA COUNCIL,Female,61-65,1,2,3
16414,YORKE PENINSULA COUNCIL,Female,61-65,2,0,33
16415,YORKE PENINSULA COUNCIL,Female,61-65,2,1,1
16416,YORKE PENINSULA COUNCIL,Female,61-65,2,2,2
16417,YORKE PENINSULA COUNCIL,Female,61-65,3,0,3
16418,YORKE PENINSULA COUNCIL,Female,61-65,4,1,1
16419,YORKE PENINSULA COUNCIL,Female,66-70,>5,0,1
16420,YORKE PENINSULA COUNCIL,Female,66-70,0,1,9
16421,YORKE PENINSULA COUNCIL,Female,66-70,0,2,5
16422,YORKE PENINSULA COUNCIL,Female,66-70,0,3,1
16423,YORKE PENINSULA COUNCIL,Female,66-70,1,0,75
16424,YORKE PENINSULA COUNCIL,Female,66-70,1,1,4
16425,YORKE PENINSULA COUNCIL,Female,66-70,1,3,1
16426,YORKE PENINSULA COUNCIL,Female,66-70,2,>5,1
16427,YORKE PENINSULA COUNCIL,Female,66-70,2,0,16
16428,YORKE PENINSULA COUNCIL,Female,66-70,2,2,1
16429,YORKE PENINSULA COUNCIL,Female,66-70,2,3,1
16430,YORKE PENINSULA COUNCIL,Female,66-70,3,0,4
16431,YORKE PENINSULA COUNCIL,Female,Unknown,0,1,3
16432,YORKE PENINSULA COUNCIL,Female,Unknown,1,0,3
16433,YORKE PENINSULA COUNCIL,Male,>70,>5,0,2
16434,YORKE PENINSULA COUNCIL,Male,>70,0,1,9
16435,YORKE PENINSULA COUNCIL,Male,>70,0,2,3
16436,YORKE PENINSULA COUNCIL,Male,>70,0,3,2
16437,YORKE PENINSULA COUNCIL,Male,>70,0,5,1
16438,YORKE PENINSULA COUNCIL,Male,>70,1,0,160
16439,YORKE PENINSULA COUNCIL,Male,>70,1,1,5
16440,YORKE PENINSULA COUNCIL,Male,>70,1,2,1
16441,YORKE PENINSULA COUNCIL,Male,>70,2,0,29
16442,YORKE PENINSULA COUNCIL,Male,>70,2,1,1
16443,YORKE PENINSULA COUNCIL,Male,>70,2,2,1
16444,YORKE PENINSULA COUNCIL,Male,>70,3,0,3
16445,YORKE PENINSULA COUNCIL,Male,>70,4,0,1
16446,YORKE PENINSULA COUNCIL,Male,16-20,0,1,1
16447,YORKE PENINSULA COUNCIL,Male,16-20,1,0,5
16448,YORKE PENINSULA COUNCIL,Male,21-25,0,1,3
16449,YORKE PENINSULA COUNCIL,Male,21-25,1,0,28
16450,YORKE PENINSULA COUNCIL,Male,21-25,2,0,4
16451,YORKE PENINSULA COUNCIL,Male,21-25,2,2,1
16452,YORKE PENINSULA COUNCIL,Male,21-25,3,0,1
16453,YORKE PENINSULA COUNCIL,Male,21-25,4,0,1
16454,YORKE PENINSULA COUNCIL,Male,26-30,0,1,4
16455,YORKE PENINSULA COUNCIL,Male,26-30,1,0,49
16456,YORKE PENINSULA COUNCIL,Male,26-30,1,1,1
16457,YORKE PENINSULA COUNCIL,Male,26-30,2,0,6
16458,YORKE PENINSULA COUNCIL,Male,26-30,3,0,1
16459,YORKE PENINSULA COUNCIL,Male,31-35,0,1,3
16460,YORKE PENINSULA COUNCIL,Male,31-35,1,0,46
16461,YORKE PENINSULA COUNCIL,Male,31-35,1,1,1
16462,YORKE PENINSULA COUNCIL,Male,31-35,1,2,1
16463,YORKE PENINSULA COUNCIL,Male,31-35,2,0,8
16464,YORKE PENINSULA COUNCIL,Male,31-35,2,1,1
16465,YORKE PENINSULA COUNCIL,Male,36-40,0,1,2
16466,YORKE PENINSULA COUNCIL,Male,36-40,0,2,3
16467,YORKE PENINSULA COUNCIL,Male,36-40,1,0,42
16468,YORKE PENINSULA COUNCIL,Male,36-40,2,0,12
16469,YORKE PENINSULA COUNCIL,Male,36-40,3,0,2
16470,YORKE PENINSULA COUNCIL,Male,36-40,4,0,2
16471,YORKE PENINSULA COUNCIL,Male,36-40,5,0,1
16472,YORKE PENINSULA COUNCIL,Male,41-45,>5,0,1
16473,YORKE PENINSULA COUNCIL,Male,41-45,0,1,3
16474,YORKE PENINSULA COUNCIL,Male,41-45,0,2,1
16475,YORKE PENINSULA COUNCIL,Male,41-45,1,0,36
16476,YORKE PENINSULA COUNCIL,Male,41-45,1,1,6
16477,YORKE PENINSULA COUNCIL,Male,41-45,1,2,1
16478,YORKE PENINSULA COUNCIL,Male,41-45,2,0,5
16479,YORKE PENINSULA COUNCIL,Male,41-45,2,3,1
16480,YORKE PENINSULA COUNCIL,Male,41-45,3,0,2
16481,YORKE PENINSULA COUNCIL,Male,41-45,3,1,1
16482,YORKE PENINSULA COUNCIL,Male,46-50,0,1,1
16483,YORKE PENINSULA COUNCIL,Male,46-50,1,0,37
16484,YORKE PENINSULA COUNCIL,Male,46-50,1,1,2
16485,YORKE PENINSULA COUNCIL,Male,46-50,2,0,6
16486,YORKE PENINSULA COUNCIL,Male,46-50,3,0,3
16487,YORKE PENINSULA COUNCIL,Male,46-50,4,0,2
16488,YORKE PENINSULA COUNCIL,Male,46-50,5,0,1
16489,YORKE PENINSULA COUNCIL,Male,51-55,0,1,4
16490,YORKE PENINSULA COUNCIL,Male,51-55,1,0,51
16491,YORKE PENINSULA COUNCIL,Male,51-55,1,1,3
16492,YORKE PENINSULA COUNCIL,Male,51-55,1,2,1
16493,YORKE PENINSULA COUNCIL,Male,51-55,2,0,10
16494,YORKE PENINSULA COUNCIL,Male,51-55,3,0,1
16495,YORKE PENINSULA COUNCIL,Male,56-60,>5,1,1
16496,YORKE PENINSULA COUNCIL,Male,56-60,0,1,4
16497,YORKE PENINSULA COUNCIL,Male,56-60,0,2,1
16498,YORKE PENINSULA COUNCIL,Male,56-60,1,0,68
16499,YORKE PENINSULA COUNCIL,Male,56-60,1,1,4
16500,YORKE PENINSULA COUNCIL,Male,56-60,1,3,1
16501,YORKE PENINSULA COUNCIL,Male,56-60,2,0,15
16502,YORKE PENINSULA COUNCIL,Male,56-60,3,0,8
16503,YORKE PENINSULA COUNCIL,Male,56-60,4,0,1
16504,YORKE PENINSULA COUNCIL,Male,56-60,4,1,1
16505,YORKE PENINSULA COUNCIL,Male,61-65,0,1,4
16506,YORKE PENINSULA COUNCIL,Male,61-65,0,2,1
16507,YORKE PENINSULA COUNCIL,Male,61-65,0,3,1
16508,YORKE PENINSULA COUNCIL,Male,61-65,1,0,82
16509,YORKE PENINSULA COUNCIL,Male,61-65,1,1,4
16510,YORKE PENINSULA COUNCIL,Male,61-65,2,0,14
16511,YORKE PENINSULA COUNCIL,Male,61-65,3,0,7
16512,YORKE PENINSULA COUNCIL,Male,61-65,4,0,1
16513,YORKE PENINSULA COUNCIL,Male,61-65,5,0,2
16514,YORKE PENINSULA COUNCIL,Male,66-70,>5,0,1
16515,YORKE PENINSULA COUNCIL,Male,66-70,0,1,2
16516,YORKE PENINSULA COUNCIL,Male,66-70,0,2,2
16517,YORKE PENINSULA COUNCIL,Male,66-70,0,3,1
16518,YORKE PENINSULA COUNCIL,Male,66-70,1,0,75
16519,YORKE PENINSULA COUNCIL,Male,66-70,1,2,1
16520,YORKE PENINSULA COUNCIL,Male,66-70,2,0,15
16521,YORKE PENINSULA COUNCIL,Male,66-70,3,0,6
16522,YORKE PENINSULA COUNCIL,Male,66-70,4,0,1
16523,YORKE PENINSULA COUNCIL,Male,66-70,5,0,1
16524,YORKE PENINSULA COUNCIL,Male,Unknown,0,1,2
16525,YORKE PENINSULA COUNCIL,Male,Unknown,1,0,3
16526,YORKE PENINSULA COUNCIL,Male,Unknown,4,0,1
16527,YORKE PENINSULA COUNCIL,Other,>70,1,>5,1
16528,YORKE PENINSULA COUNCIL,Other,>70,1,0,41
16529,YORKE PENINSULA COUNCIL,Other,>70,2,0,6
16530,YORKE PENINSULA COUNCIL,Other,>70,2,1,1
16531,YORKE PENINSULA COUNCIL,Other,>70,3,0,1
16532,YORKE PENINSULA COUNCIL,Other,21-25,1,0,3
16533,YORKE PENINSULA COUNCIL,Other,26-30,1,0,2
16534,YORKE PENINSULA COUNCIL,Other,31-35,1,0,5
16535,YORKE PENINSULA COUNCIL,Other,31-35,2,0,1
16536,YORKE PENINSULA COUNCIL,Other,36-40,1,0,3
16537,YORKE PENINSULA COUNCIL,Other,41-45,1,0,3
16538,YORKE PENINSULA COUNCIL,Other,41-45,1,1,1
16539,YORKE PENINSULA COUNCIL,Other,41-45,2,0,1
16540,YORKE PENINSULA COUNCIL,Other,46-50,1,0,3
16541,YORKE PENINSULA COUNCIL,Other,46-50,2,0,1
16542,YORKE PENINSULA COUNCIL,Other,51-55,1,0,5
16543,YORKE PENINSULA COUNCIL,Other,51-55,2,0,1
16544,YORKE PENINSULA COUNCIL,Other,51-55,3,0,1
16545,YORKE PENINSULA COUNCIL,Other,56-60,1,0,8
16546,YORKE PENINSULA COUNCIL,Other,56-60,2,0,2
16547,YORKE PENINSULA COUNCIL,Other,56-60,4,0,1
16548,YORKE PENINSULA COUNCIL,Other,61-65,1,0,14
16549,YORKE PENINSULA COUNCIL,Other,61-65,2,0,5
16550,YORKE PENINSULA COUNCIL,Other,61-65,3,0,1
16551,YORKE PENINSULA COUNCIL,Other,66-70,1,0,11
16552,YORKE PENINSULA COUNCIL,Other,66-70,2,0,7
16553,YORKE PENINSULA COUNCIL,Other,66-70,2,1,1
16554,YORKE PENINSULA COUNCIL,Other,Unknown,0,1,1
16555,YORKE PENINSULA COUNCIL,Other,Unknown,1,0,2
16556,YORKE PENINSULA COUNCIL,Unknown,>70,0,1,1
16557,YORKE PENINSULA COUNCIL,Unknown,16-20,1,0,1
16558,YORKE PENINSULA COUNCIL,Unknown,21-25,0,1,1
16559,YORKE PENINSULA COUNCIL,Unknown,26-30,0,1,1
16560,YORKE PENINSULA COUNCIL,Unknown,26-30,0,2,1
16561,YORKE PENINSULA COUNCIL,Unknown,31-35,1,1,1
16562,YORKE PENINSULA COUNCIL,Unknown,36-40,0,1,2
16563,YORKE PENINSULA COUNCIL,Unknown,41-45,0,1,1
16564,YORKE PENINSULA COUNCIL,Unknown,41-45,0,2,1
16565,YORKE PENINSULA COUNCIL,Unknown,46-50,0,1,2
16566,YORKE PENINSULA COUNCIL,Unknown,46-50,0,2,1
16567,YORKE PENINSULA COUNCIL,Unknown,51-55,0,1,2
16568,YORKE PENINSULA COUNCIL,Unknown,51-55,0,2,1
16569,YORKE PENINSULA COUNCIL,Unknown,56-60,0,1,1
16570,YORKE PENINSULA COUNCIL,Unknown,56-60,0,2,1
16571,YORKE PENINSULA COUNCIL,Unknown,61-65,0,1,2
16572,YORKE PENINSULA COUNCIL,Unknown,Unknown,0,1,19
16573,YORKE PENINSULA COUNCIL,Unknown,Unknown,0,2,3
16574,YORKE PENINSULA COUNCIL,Unknown,Unknown,0,3,4
16575,YORKE PENINSULA COUNCIL,Unknown,Unknown,1,0,5
16576,Unknown,Female,46-50,0,1,1
