_id,LocationType,Time,Season,OffendingAnimalLeashStatus,IncidentType,VictimType,FinancialYear,Count
1,Beach,5 pm to 8 pm,Autumn,No Leash,Attack,Animal,2021/22,1
2,Beach,5 pm to 8 pm,Autumn,No Leash,Attack,Human,2019/20,1
3,Beach,5 pm to 8 pm,Autumn,No Leash,Harassment,Animal,2019/20,1
4,Beach,5 pm to 8 pm,Autumn,No Leash,Harassment,Animal,2023/24,1
5,Beach,5 pm to 8 pm,Autumn,No Leash,Harassment,Human,2020/21,1
6,Beach,5 pm to 8 pm,Autumn,No Leash,Harassment,Unknown,2019/20,2
7,Beach,5 pm to 8 pm,Autumn,On a Leash,Attack,Animal,2018/19,1
8,Beach,5 pm to 8 pm,Autumn,On a Leash,Attack,Unknown,2020/21,1
9,Beach,5 pm to 8 pm,Autumn,Unknown,Attack,Human,2018/19,1
10,Beach,5 pm to 8 pm,Autumn,Unknown,Attack,Human,2021/22,1
11,Beach,5 pm to 8 pm,Spring,No Leash,Attack,Animal,2020/21,1
12,Beach,5 pm to 8 pm,Spring,No Leash,Attack,Human,2020/21,1
13,Beach,5 pm to 8 pm,Spring,No Leash,Attack,Human,2022/23,1
14,Beach,5 pm to 8 pm,Spring,No Leash,Harassment,Human,2023/24,1
15,Beach,5 pm to 8 pm,Spring,On a Leash,Attack,Animal,2019/20,1
16,Beach,5 pm to 8 pm,Spring,On a Leash,Attack,Human,2022/23,1
17,Beach,5 pm to 8 pm,Spring,On a Leash,Harassment,Unknown,2021/22,2
18,Beach,5 pm to 8 pm,Spring,Unknown,Attack,Animal,2019/20,1
19,Beach,5 pm to 8 pm,Spring,Unknown,Attack,Animal,2023/24,1
20,Beach,5 pm to 8 pm,Spring,Unknown,Harassment,Unknown,2021/22,1
21,Beach,5 pm to 8 pm,Summer,No Leash,Attack,Animal,2021/22,1
22,Beach,5 pm to 8 pm,Summer,No Leash,Attack,Human,2023/24,1
23,Beach,5 pm to 8 pm,Summer,On a Leash,Attack,Animal,2022/23,1
24,Beach,5 pm to 8 pm,Summer,On a Leash,Attack,Human,2021/22,1
25,Beach,5 pm to 8 pm,Summer,On a Leash,Harassment,Human,2021/22,1
26,Beach,5 pm to 8 pm,Summer,Unknown,Attack,Animal,2021/22,1
27,Beach,5 pm to 8 pm,Summer,Unknown,Harassment,Human,2020/21,1
28,Beach,5 pm to 8 pm,Summer,Unknown,Harassment,Human,2023/24,1
29,Beach,5 pm to 8 pm,Summer,Unknown,Harassment,Unknown,2022/23,1
30,Beach,5 pm to 8 pm,Winter,Unknown,Attack,Unknown,2022/23,1
31,Beach,6 am to 9 am,Autumn,No Leash,Attack,Animal,2019/20,1
32,Beach,6 am to 9 am,Autumn,No Leash,Attack,Animal,bef 30 Jun 2018,1
33,Beach,6 am to 9 am,Autumn,No Leash,Attack,Unknown,2020/21,1
34,Beach,6 am to 9 am,Autumn,No Leash,Attack,Unknown,2022/23,1
35,Beach,6 am to 9 am,Autumn,No Leash,Harassment,Animal,2023/24,1
36,Beach,6 am to 9 am,Autumn,Unknown,Attack,Animal,2020/21,1
37,Beach,6 am to 9 am,Autumn,Unknown,Attack,Animal,2022/23,1
38,Beach,6 am to 9 am,Autumn,Unknown,Attack,Human,2020/21,1
39,Beach,6 am to 9 am,Autumn,Unknown,Attack,Human,2021/22,1
40,Beach,6 am to 9 am,Autumn,Unknown,Harassment,Human,2023/24,1
41,Beach,6 am to 9 am,Spring,No Leash,Attack,Animal,2018/19,1
42,Beach,6 am to 9 am,Spring,No Leash,Attack,Animal,2022/23,1
43,Beach,6 am to 9 am,Spring,No Leash,Attack,Unknown,2021/22,1
44,Beach,6 am to 9 am,Spring,On a Leash,Harassment,Animal,2022/23,1
45,Beach,6 am to 9 am,Spring,Unknown,Attack,Animal,2018/19,1
46,Beach,6 am to 9 am,Spring,Unknown,Attack,Animal,2019/20,1
47,Beach,6 am to 9 am,Spring,Unknown,Attack,Animal,2023/24,1
48,Beach,6 am to 9 am,Spring,Unknown,Attack,Both,2022/23,1
49,Beach,6 am to 9 am,Spring,Unknown,Attack,Human,2022/23,1
50,Beach,6 am to 9 am,Spring,Unknown,Attack,Unknown,2022/23,1
51,Beach,6 am to 9 am,Spring,Unknown,Harassment,Animal,2021/22,1
52,Beach,6 am to 9 am,Summer,No Leash,Attack,Animal,2018/19,1
53,Beach,6 am to 9 am,Summer,No Leash,Attack,Animal,2019/20,2
54,Beach,6 am to 9 am,Summer,No Leash,Attack,Animal,2020/21,2
55,Beach,6 am to 9 am,Summer,No Leash,Attack,Animal,2021/22,1
56,Beach,6 am to 9 am,Summer,No Leash,Attack,Human,2019/20,1
57,Beach,6 am to 9 am,Summer,No Leash,Attack,Unknown,2023/24,1
58,Beach,6 am to 9 am,Summer,No Leash,Harassment,Animal,2019/20,1
59,Beach,6 am to 9 am,Summer,No Leash,Harassment,Animal,2020/21,1
60,Beach,6 am to 9 am,Summer,On a Leash,Attack,Animal,2019/20,2
61,Beach,6 am to 9 am,Summer,Unknown,Attack,Animal,2020/21,1
62,Beach,6 am to 9 am,Summer,Unknown,Attack,Animal,2022/23,1
63,Beach,6 am to 9 am,Summer,Unknown,Attack,Human,2018/19,1
64,Beach,6 am to 9 am,Summer,Unknown,Attack,Human,2023/24,1
65,Beach,6 am to 9 am,Summer,Unknown,Harassment,Unknown,2023/24,1
66,Beach,6 am to 9 am,Winter,No Leash,Attack,Animal,2022/23,1
67,Beach,6 am to 9 am,Winter,No Leash,Harassment,Animal,2023/24,1
68,Beach,6 am to 9 am,Winter,No Leash,Harassment,Human,2020/21,1
69,Beach,6 am to 9 am,Winter,On a Leash,Attack,Human,2020/21,1
70,Beach,6 am to 9 am,Winter,Unknown,Attack,Unknown,2021/22,1
71,Beach,6 am to 9 am,Winter,Unknown,Harassment,Animal,2019/20,1
72,Beach,6 am to 9 am,Winter,Unknown,Harassment,Human,2018/19,1
73,Beach,6 am to 9 am,Winter,Unknown,Harassment,Unknown,2019/20,1
74,Beach,8 pm to 10 pm,Autumn,Unknown,Attack,Animal,2021/22,1
75,Beach,8 pm to 10 pm,Autumn,Unknown,Attack,Unknown,2019/20,1
76,Beach,8 pm to 10 pm,Spring,Unknown,Attack,Animal,2021/22,1
77,Beach,8 pm to 10 pm,Summer,No Leash,Attack,Animal,2022/23,1
78,Beach,8 pm to 10 pm,Summer,Unknown,Attack,Animal,2018/19,1
79,Beach,9 am to Noon,Autumn,No Leash,Attack,Animal,2018/19,2
80,Beach,9 am to Noon,Autumn,No Leash,Attack,Human,2019/20,1
81,Beach,9 am to Noon,Autumn,No Leash,Harassment,Human,2020/21,1
82,Beach,9 am to Noon,Autumn,No Leash,Harassment,Human,2023/24,1
83,Beach,9 am to Noon,Autumn,No Leash,Harassment,Unknown,2021/22,1
84,Beach,9 am to Noon,Autumn,On a Leash,Attack,Unknown,2021/22,1
85,Beach,9 am to Noon,Autumn,Unknown,Attack,Animal,2023/24,1
86,Beach,9 am to Noon,Autumn,Unknown,Attack,Human,2020/21,1
87,Beach,9 am to Noon,Autumn,Unknown,Attack,Unknown,2019/20,1
88,Beach,9 am to Noon,Autumn,Unknown,Harassment,Animal,2020/21,1
89,Beach,9 am to Noon,Autumn,Unknown,Harassment,Human,2022/23,1
90,Beach,9 am to Noon,Spring,No Leash,Attack,Animal,2020/21,1
91,Beach,9 am to Noon,Spring,No Leash,Attack,Animal,2021/22,1
92,Beach,9 am to Noon,Spring,No Leash,Attack,Animal,2023/24,1
93,Beach,9 am to Noon,Spring,No Leash,Attack,Unknown,2020/21,1
94,Beach,9 am to Noon,Spring,No Leash,Attack,Unknown,2022/23,1
95,Beach,9 am to Noon,Spring,On a Leash,Attack,Animal,2020/21,2
96,Beach,9 am to Noon,Spring,On a Leash,Attack,Animal,2022/23,1
97,Beach,9 am to Noon,Spring,Unknown,Attack,Animal,2018/19,1
98,Beach,9 am to Noon,Summer,No Leash,Attack,Animal,2018/19,1
99,Beach,9 am to Noon,Summer,No Leash,Attack,Animal,2020/21,1
100,Beach,9 am to Noon,Summer,No Leash,Attack,Animal,2021/22,2
101,Beach,9 am to Noon,Summer,No Leash,Attack,Human,2018/19,1
102,Beach,9 am to Noon,Summer,No Leash,Attack,Human,2019/20,2
103,Beach,9 am to Noon,Summer,No Leash,Attack,Unknown,2021/22,1
104,Beach,9 am to Noon,Summer,No Leash,Attack,Unknown,2022/23,1
105,Beach,9 am to Noon,Summer,No Leash,Harassment,Animal,2020/21,1
106,Beach,9 am to Noon,Summer,No Leash,Harassment,Human,2020/21,1
107,Beach,9 am to Noon,Summer,On a Leash,Attack,Animal,2019/20,1
108,Beach,9 am to Noon,Summer,On a Leash,Attack,Human,2018/19,1
109,Beach,9 am to Noon,Summer,Unknown,Attack,Animal,2018/19,1
110,Beach,9 am to Noon,Summer,Unknown,Attack,Unknown,2020/21,1
111,Beach,9 am to Noon,Summer,Unknown,Attack,Unknown,2021/22,1
112,Beach,9 am to Noon,Summer,Unknown,Harassment,Unknown,2021/22,1
113,Beach,9 am to Noon,Winter,No Leash,Attack,Unknown,2023/24,1
114,Beach,9 am to Noon,Winter,No Leash,Harassment,Animal,2018/19,1
115,Beach,9 am to Noon,Winter,No Leash,Harassment,Animal,2019/20,1
116,Beach,9 am to Noon,Winter,No Leash,Harassment,Animal,2021/22,1
117,Beach,9 am to Noon,Winter,No Leash,Harassment,Both,2018/19,1
118,Beach,9 am to Noon,Winter,No Leash,Harassment,Human,2018/19,1
119,Beach,9 am to Noon,Winter,No Leash,Harassment,Human,2019/20,1
120,Beach,9 am to Noon,Winter,Unknown,Attack,Animal,2020/21,1
121,Beach,9 am to Noon,Winter,Unknown,Harassment,Animal,2022/23,1
122,Beach,9 am to Noon,Winter,Unknown,Harassment,Human,2020/21,1
123,Beach,9 am to Noon,Winter,Unknown,Harassment,Unknown,2023/24,1
124,Beach,Noon to 5 pm,Autumn,No Leash,Attack,Animal,2020/21,1
125,Beach,Noon to 5 pm,Autumn,No Leash,Attack,Human,2020/21,1
126,Beach,Noon to 5 pm,Autumn,No Leash,Attack,Human,2021/22,1
127,Beach,Noon to 5 pm,Autumn,No Leash,Harassment,Human,2023/24,1
128,Beach,Noon to 5 pm,Autumn,On a Leash,Attack,Animal,2018/19,1
129,Beach,Noon to 5 pm,Autumn,Unknown,Attack,Animal,2019/20,1
130,Beach,Noon to 5 pm,Autumn,Unknown,Attack,Animal,2020/21,1
131,Beach,Noon to 5 pm,Autumn,Unknown,Attack,Human,2018/19,1
132,Beach,Noon to 5 pm,Autumn,Unknown,Attack,Human,2019/20,1
133,Beach,Noon to 5 pm,Autumn,Unknown,Attack,Unknown,2021/22,1
134,Beach,Noon to 5 pm,Autumn,Unknown,Harassment,Human,2020/21,2
135,Beach,Noon to 5 pm,Autumn,Unknown,Harassment,Unknown,2021/22,1
136,Beach,Noon to 5 pm,Spring,No Leash,Attack,Human,2020/21,1
137,Beach,Noon to 5 pm,Spring,No Leash,Attack,Unknown,2023/24,1
138,Beach,Noon to 5 pm,Spring,No Leash,Harassment,Animal,2020/21,1
139,Beach,Noon to 5 pm,Spring,No Leash,Harassment,Animal,2022/23,1
140,Beach,Noon to 5 pm,Spring,No Leash,Harassment,Unknown,2021/22,1
141,Beach,Noon to 5 pm,Spring,On a Leash,Attack,Animal,2022/23,1
142,Beach,Noon to 5 pm,Spring,On a Leash,Attack,Human,2021/22,1
143,Beach,Noon to 5 pm,Spring,Unknown,Attack,Animal,2018/19,1
144,Beach,Noon to 5 pm,Spring,Unknown,Attack,Animal,2019/20,1
145,Beach,Noon to 5 pm,Spring,Unknown,Attack,Unknown,2021/22,1
146,Beach,Noon to 5 pm,Spring,Unknown,Harassment,Human,2021/22,1
147,Beach,Noon to 5 pm,Summer,No Leash,Attack,Human,2018/19,1
148,Beach,Noon to 5 pm,Summer,No Leash,Attack,Unknown,2020/21,1
149,Beach,Noon to 5 pm,Summer,No Leash,Attack,Unknown,2023/24,1
150,Beach,Noon to 5 pm,Summer,On a Leash,Attack,Animal,2018/19,1
151,Beach,Noon to 5 pm,Summer,On a Leash,Attack,Animal,2019/20,2
152,Beach,Noon to 5 pm,Summer,On a Leash,Attack,Animal,2022/23,1
153,Beach,Noon to 5 pm,Summer,On a Leash,Attack,Both,2019/20,1
154,Beach,Noon to 5 pm,Summer,On a Leash,Harassment,Unknown,2023/24,1
155,Beach,Noon to 5 pm,Summer,Unknown,Attack,Animal,2019/20,2
156,Beach,Noon to 5 pm,Summer,Unknown,Attack,Animal,2020/21,1
157,Beach,Noon to 5 pm,Summer,Unknown,Attack,Human,2020/21,1
158,Beach,Noon to 5 pm,Summer,Unknown,Attack,Human,2021/22,1
159,Beach,Noon to 5 pm,Summer,Unknown,Attack,Human,2022/23,1
160,Beach,Noon to 5 pm,Summer,Unknown,Attack,Human,2023/24,1
161,Beach,Noon to 5 pm,Summer,Unknown,Harassment,Animal,2018/19,1
162,Beach,Noon to 5 pm,Summer,Unknown,Harassment,Animal,2019/20,1
163,Beach,Noon to 5 pm,Summer,Unknown,Harassment,Both,2018/19,1
164,Beach,Noon to 5 pm,Summer,Unknown,Harassment,Unknown,2021/22,1
165,Beach,Noon to 5 pm,Winter,No Leash,Harassment,Human,2020/21,1
166,Beach,Noon to 5 pm,Winter,On a Leash,Attack,Human,2018/19,1
167,Beach,Noon to 5 pm,Winter,Unknown,Attack,Animal,2018/19,1
168,Beach,Noon to 5 pm,Winter,Unknown,Attack,Animal,2023/24,1
169,Beach,Noon to 5 pm,Winter,Unknown,Attack,Unknown,2019/20,1
170,Beach,Noon to 5 pm,Winter,Unknown,Attack,Unknown,2020/21,2
171,Beach,Noon to 5 pm,Winter,Unknown,Attack,Unknown,2021/22,2
172,Beach,Noon to 5 pm,Winter,Unknown,Attack,Unknown,2022/23,1
173,Beach,Noon to 5 pm,Winter,Unknown,Attack,Unknown,2023/24,1
174,Beach,Noon to 5 pm,Winter,Unknown,Harassment,Animal,2019/20,1
175,Beach,Unknown,Autumn,On a Leash,Attack,Unknown,2020/21,1
176,Beach,Unknown,Autumn,On a Leash,Attack,Unknown,2023/24,1
177,Beach,Unknown,Autumn,Unknown,Attack,Human,2019/20,1
178,Beach,Unknown,Spring,No Leash,Attack,Animal,2018/19,1
179,Beach,Unknown,Spring,No Leash,Attack,Animal,2020/21,1
180,Beach,Unknown,Spring,No Leash,Attack,Unknown,2020/21,1
181,Beach,Unknown,Spring,Unknown,Harassment,Human,2018/19,1
182,Beach,Unknown,Spring,Unknown,Harassment,Unknown,2020/21,1
183,Beach,Unknown,Summer,No Leash,Attack,Animal,2018/19,1
184,Beach,Unknown,Summer,On a Leash,Attack,Animal,bef 30 Jun 2018,1
185,Beach,Unknown,Summer,Unknown,Attack,Unknown,2020/21,1
186,Beach,Unknown,Summer,Unknown,Attack,Unknown,2021/22,1
187,Beach,Unknown,Summer,Unknown,Harassment,Human,2018/19,2
188,Beach,Unknown,Winter,No Leash,Attack,Animal,2018/19,1
189,Beach,Unknown,Winter,Unknown,Harassment,Human,2021/22,1
190,Beach,Unknown,Winter,Unknown,Harassment,Unknown,2018/19,1
191,Beach,Unknown,Winter,Unknown,Harassment,Unknown,bef 30 Jun 2018,1
192,Commercial property,5 pm to 8 pm,Spring,No Leash,Attack,Human,2022/23,1
193,Commercial property,5 pm to 8 pm,Summer,No Leash,Harassment,Animal,2019/20,1
194,Commercial property,5 pm to 8 pm,Summer,Unknown,Attack,Human,2020/21,1
195,Commercial property,5 pm to 8 pm,Winter,No Leash,Attack,Human,2021/22,1
196,Commercial property,5 pm to 8 pm,Winter,On a Leash,Attack,Human,2018/19,1
197,Commercial property,5 pm to 8 pm,Winter,Unknown,Attack,Animal,2021/22,2
198,Commercial property,5 pm to 8 pm,Winter,Unknown,Attack,Human,2022/23,1
199,Commercial property,6 am to 9 am,Autumn,Unknown,Attack,Human,2019/20,1
200,Commercial property,6 am to 9 am,Spring,No Leash,Attack,Human,bef 30 Jun 2018,1
201,Commercial property,6 am to 9 am,Spring,Unknown,Attack,Animal,2022/23,1
202,Commercial property,8 pm to 10 pm,Spring,Unknown,Attack,Human,2021/22,1
203,Commercial property,9 am to Noon,Autumn,No Leash,Attack,Unknown,bef 30 Jun 2018,1
204,Commercial property,9 am to Noon,Autumn,On a Leash,Attack,Human,2021/22,1
205,Commercial property,9 am to Noon,Spring,No Leash,Attack,Animal,2020/21,1
206,Commercial property,9 am to Noon,Spring,No Leash,Harassment,Human,2020/21,1
207,Commercial property,9 am to Noon,Spring,On a Leash,Attack,Animal,2020/21,1
208,Commercial property,9 am to Noon,Spring,On a Leash,Attack,Human,2023/24,1
209,Commercial property,9 am to Noon,Spring,Unknown,Attack,Unknown,2021/22,1
210,Commercial property,9 am to Noon,Summer,No Leash,Attack,Human,2020/21,1
211,Commercial property,9 am to Noon,Summer,On a Leash,Attack,Animal,2019/20,1
212,Commercial property,9 am to Noon,Summer,On a Leash,Attack,Human,2021/22,1
213,Commercial property,9 am to Noon,Summer,On a Leash,Attack,Unknown,2020/21,2
214,Commercial property,9 am to Noon,Summer,Unknown,Attack,Animal,2020/21,1
215,Commercial property,9 am to Noon,Summer,Unknown,Attack,Human,2018/19,1
216,Commercial property,9 am to Noon,Summer,Unknown,Attack,Human,2020/21,1
217,Commercial property,9 am to Noon,Summer,Unknown,Attack,Human,2023/24,1
218,Commercial property,9 am to Noon,Winter,No Leash,Attack,Animal,2021/22,1
219,Commercial property,9 am to Noon,Winter,No Leash,Attack,Human,2020/21,1
220,Commercial property,9 am to Noon,Winter,No Leash,Harassment,Unknown,2020/21,1
221,Commercial property,9 am to Noon,Winter,On a Leash,Attack,Human,2019/20,1
222,Commercial property,9 am to Noon,Winter,On a Leash,Attack,Human,2020/21,1
223,Commercial property,9 am to Noon,Winter,Unknown,Attack,Human,2019/20,1
224,Commercial property,Noon to 5 pm,Autumn,No Leash,Attack,Human,2022/23,1
225,Commercial property,Noon to 5 pm,Autumn,On a Leash,Attack,Human,2020/21,3
226,Commercial property,Noon to 5 pm,Autumn,On a Leash,Attack,Unknown,2022/23,1
227,Commercial property,Noon to 5 pm,Autumn,Unknown,Attack,Human,2019/20,2
228,Commercial property,Noon to 5 pm,Autumn,Unknown,Attack,Human,2023/24,1
229,Commercial property,Noon to 5 pm,Autumn,Unknown,Attack,Unknown,2021/22,1
230,Commercial property,Noon to 5 pm,Autumn,Unknown,Attack,Unknown,2022/23,1
231,Commercial property,Noon to 5 pm,Spring,No Leash,Attack,Animal,2019/20,2
232,Commercial property,Noon to 5 pm,Spring,No Leash,Attack,Human,2018/19,1
233,Commercial property,Noon to 5 pm,Spring,Unknown,Attack,Human,2021/22,1
234,Commercial property,Noon to 5 pm,Spring,Unknown,Attack,Unknown,bef 30 Jun 2018,1
235,Commercial property,Noon to 5 pm,Spring,Unknown,Harassment,Animal,2023/24,1
236,Commercial property,Noon to 5 pm,Summer,No Leash,Attack,Animal,2023/24,1
237,Commercial property,Noon to 5 pm,Summer,No Leash,Attack,Human,2018/19,1
238,Commercial property,Noon to 5 pm,Summer,No Leash,Attack,Human,2019/20,1
239,Commercial property,Noon to 5 pm,Summer,No Leash,Attack,Human,2020/21,3
240,Commercial property,Noon to 5 pm,Summer,On a Leash,Harassment,Animal,2019/20,1
241,Commercial property,Noon to 5 pm,Summer,Unknown,Attack,Human,2021/22,1
242,Commercial property,Noon to 5 pm,Summer,Unknown,Attack,Unknown,2021/22,1
243,Commercial property,Noon to 5 pm,Summer,Unknown,Harassment,Human,2019/20,1
244,Commercial property,Noon to 5 pm,Winter,No Leash,Attack,Human,2018/19,1
245,Commercial property,Noon to 5 pm,Winter,No Leash,Attack,Human,2021/22,1
246,Commercial property,Noon to 5 pm,Winter,No Leash,Attack,Unknown,2021/22,2
247,Commercial property,Noon to 5 pm,Winter,On a Leash,Attack,Animal,2019/20,1
248,Commercial property,Noon to 5 pm,Winter,On a Leash,Attack,Unknown,2023/24,1
249,Commercial property,Noon to 5 pm,Winter,Unknown,Attack,Animal,2020/21,1
250,Commercial property,Noon to 5 pm,Winter,Unknown,Attack,Animal,2022/23,1
251,Commercial property,Noon to 5 pm,Winter,Unknown,Attack,Human,2018/19,1
252,Commercial property,Noon to 5 pm,Winter,Unknown,Attack,Human,2021/22,1
253,Commercial property,Noon to 5 pm,Winter,Unknown,Attack,Human,2022/23,1
254,Commercial property,Noon to 5 pm,Winter,Unknown,Attack,Unknown,2021/22,1
255,Commercial property,Unknown,Autumn,No Leash,Attack,Animal,2020/21,1
256,Commercial property,Unknown,Autumn,On a Leash,Attack,Human,2021/22,1
257,Commercial property,Unknown,Autumn,Unknown,Attack,Animal,2020/21,1
258,Commercial property,Unknown,Autumn,Unknown,Harassment,Unknown,2022/23,1
259,Commercial property,Unknown,Spring,No Leash,Attack,Human,2021/22,1
260,Commercial property,Unknown,Spring,Unknown,Attack,Animal,2020/21,1
261,Commercial property,Unknown,Summer,No Leash,Attack,Animal,2020/21,1
262,Commercial property,Unknown,Summer,No Leash,Attack,Unknown,2019/20,1
263,Commercial property,Unknown,Summer,Unknown,Attack,Animal,2020/21,1
264,Commercial property,Unknown,Summer,Unknown,Attack,Unknown,2020/21,1
265,Commercial property,Unknown,Winter,No Leash,Attack,Unknown,2021/22,1
266,Commercial property,Unknown,Winter,Unknown,Attack,Animal,2020/21,1
267,Commercial property,Unknown,Winter,Unknown,Attack,Unknown,2018/19,1
268,Commercial property,Unknown,Winter,Unknown,Harassment,Unknown,2020/21,1
269,Dog Park,5 pm to 8 pm,Autumn,No Leash,Attack,Animal,2020/21,1
270,Dog Park,5 pm to 8 pm,Autumn,No Leash,Attack,Animal,2022/23,1
271,Dog Park,5 pm to 8 pm,Autumn,No Leash,Attack,Human,2020/21,1
272,Dog Park,5 pm to 8 pm,Autumn,No Leash,Attack,Unknown,2021/22,1
273,Dog Park,5 pm to 8 pm,Autumn,No Leash,Harassment,Animal,2023/24,1
274,Dog Park,5 pm to 8 pm,Autumn,On a Leash,Attack,Animal,2022/23,1
275,Dog Park,5 pm to 8 pm,Autumn,Unknown,Attack,Animal,2019/20,1
276,Dog Park,5 pm to 8 pm,Autumn,Unknown,Attack,Animal,2020/21,1
277,Dog Park,5 pm to 8 pm,Autumn,Unknown,Attack,Animal,2022/23,1
278,Dog Park,5 pm to 8 pm,Autumn,Unknown,Attack,Human,2021/22,1
279,Dog Park,5 pm to 8 pm,Autumn,Unknown,Harassment,Animal,2021/22,1
280,Dog Park,5 pm to 8 pm,Spring,No Leash,Attack,Animal,2020/21,2
281,Dog Park,5 pm to 8 pm,Spring,No Leash,Attack,Animal,2021/22,1
282,Dog Park,5 pm to 8 pm,Spring,No Leash,Attack,Human,2018/19,1
283,Dog Park,5 pm to 8 pm,Spring,No Leash,Attack,Human,2019/20,1
284,Dog Park,5 pm to 8 pm,Spring,No Leash,Harassment,Human,2018/19,1
285,Dog Park,5 pm to 8 pm,Spring,On a Leash,Attack,Animal,2023/24,1
286,Dog Park,5 pm to 8 pm,Spring,Unknown,Attack,Animal,2020/21,1
287,Dog Park,5 pm to 8 pm,Spring,Unknown,Attack,Animal,2023/24,1
288,Dog Park,5 pm to 8 pm,Spring,Unknown,Attack,Unknown,2023/24,1
289,Dog Park,5 pm to 8 pm,Spring,Unknown,Harassment,Animal,2020/21,1
290,Dog Park,5 pm to 8 pm,Spring,Unknown,Harassment,Animal,2022/23,1
291,Dog Park,5 pm to 8 pm,Spring,Unknown,Harassment,Unknown,2020/21,1
292,Dog Park,5 pm to 8 pm,Spring,Unknown,Harassment,Unknown,2022/23,1
293,Dog Park,5 pm to 8 pm,Summer,No Leash,Attack,Animal,2022/23,2
294,Dog Park,5 pm to 8 pm,Summer,No Leash,Attack,Human,2021/22,2
295,Dog Park,5 pm to 8 pm,Summer,No Leash,Harassment,Animal,2020/21,1
296,Dog Park,5 pm to 8 pm,Summer,No Leash,Harassment,Animal,2022/23,1
297,Dog Park,5 pm to 8 pm,Summer,Unknown,Attack,Animal,2020/21,1
298,Dog Park,5 pm to 8 pm,Summer,Unknown,Attack,Both,2019/20,1
299,Dog Park,5 pm to 8 pm,Summer,Unknown,Attack,Unknown,2020/21,1
300,Dog Park,5 pm to 8 pm,Summer,Unknown,Attack,Unknown,2021/22,1
301,Dog Park,5 pm to 8 pm,Summer,Unknown,Attack,Unknown,2023/24,1
302,Dog Park,5 pm to 8 pm,Summer,Unknown,Harassment,Animal,2018/19,1
303,Dog Park,5 pm to 8 pm,Summer,Unknown,Harassment,Animal,2019/20,1
304,Dog Park,5 pm to 8 pm,Summer,Unknown,Harassment,Animal,2020/21,1
305,Dog Park,5 pm to 8 pm,Winter,No Leash,Attack,Animal,2019/20,1
306,Dog Park,5 pm to 8 pm,Winter,No Leash,Harassment,Animal,2018/19,1
307,Dog Park,5 pm to 8 pm,Winter,Unknown,Attack,Animal,2023/24,1
308,Dog Park,5 pm to 8 pm,Winter,Unknown,Attack,Human,2022/23,1
309,Dog Park,5 pm to 8 pm,Winter,Unknown,Attack,Human,bef 30 Jun 2018,1
310,Dog Park,5 pm to 8 pm,Winter,Unknown,Harassment,Animal,2021/22,1
311,Dog Park,5 pm to 8 pm,Winter,Unknown,Harassment,Animal,2023/24,1
312,Dog Park,6 am to 9 am,Autumn,No Leash,Attack,Animal,2021/22,1
313,Dog Park,6 am to 9 am,Autumn,No Leash,Harassment,Animal,2022/23,1
314,Dog Park,6 am to 9 am,Autumn,Unknown,Attack,Animal,2022/23,1
315,Dog Park,6 am to 9 am,Autumn,Unknown,Attack,Unknown,2019/20,1
316,Dog Park,6 am to 9 am,Spring,No Leash,Attack,Animal,2021/22,2
317,Dog Park,6 am to 9 am,Spring,No Leash,Attack,Animal,bef 30 Jun 2018,1
318,Dog Park,6 am to 9 am,Spring,No Leash,Attack,Human,2020/21,1
319,Dog Park,6 am to 9 am,Spring,No Leash,Harassment,Animal,2023/24,1
320,Dog Park,6 am to 9 am,Spring,Unknown,Attack,Animal,2021/22,2
321,Dog Park,6 am to 9 am,Spring,Unknown,Attack,Human,2019/20,1
322,Dog Park,6 am to 9 am,Summer,No Leash,Attack,Animal,2019/20,1
323,Dog Park,6 am to 9 am,Summer,No Leash,Attack,Animal,2021/22,1
324,Dog Park,6 am to 9 am,Summer,No Leash,Attack,Animal,2022/23,1
325,Dog Park,6 am to 9 am,Summer,No Leash,Harassment,Animal,2022/23,1
326,Dog Park,6 am to 9 am,Summer,No Leash,Harassment,Human,2019/20,1
327,Dog Park,6 am to 9 am,Winter,No Leash,Attack,Animal,2022/23,1
328,Dog Park,6 am to 9 am,Winter,No Leash,Harassment,Animal,2021/22,1
329,Dog Park,6 am to 9 am,Winter,On a Leash,Attack,Unknown,2023/24,1
330,Dog Park,8 pm to 10 pm,Summer,No Leash,Attack,Animal,2022/23,1
331,Dog Park,8 pm to 10 pm,Summer,No Leash,Attack,Animal,2023/24,1
332,Dog Park,8 pm to 10 pm,Summer,No Leash,Harassment,Animal,2021/22,1
333,Dog Park,9 am to Noon,Autumn,No Leash,Attack,Animal,2020/21,2
334,Dog Park,9 am to Noon,Autumn,No Leash,Attack,Human,2022/23,1
335,Dog Park,9 am to Noon,Autumn,No Leash,Attack,Human,2023/24,1
336,Dog Park,9 am to Noon,Autumn,No Leash,Harassment,Animal,2023/24,1
337,Dog Park,9 am to Noon,Autumn,No Leash,Harassment,Both,2023/24,1
338,Dog Park,9 am to Noon,Autumn,No Leash,Harassment,Unknown,2020/21,1
339,Dog Park,9 am to Noon,Autumn,Unknown,Attack,Animal,2019/20,1
340,Dog Park,9 am to Noon,Autumn,Unknown,Attack,Animal,2022/23,1
341,Dog Park,9 am to Noon,Autumn,Unknown,Attack,Animal,2023/24,1
342,Dog Park,9 am to Noon,Autumn,Unknown,Attack,Unknown,2019/20,1
343,Dog Park,9 am to Noon,Autumn,Unknown,Attack,Unknown,2022/23,1
344,Dog Park,9 am to Noon,Autumn,Unknown,Harassment,Animal,2021/22,1
345,Dog Park,9 am to Noon,Autumn,Unknown,Harassment,Human,2021/22,1
346,Dog Park,9 am to Noon,Autumn,Unknown,Harassment,Human,2023/24,1
347,Dog Park,9 am to Noon,Spring,No Leash,Attack,Animal,2021/22,1
348,Dog Park,9 am to Noon,Spring,No Leash,Attack,Human,2019/20,1
349,Dog Park,9 am to Noon,Spring,No Leash,Attack,Human,2020/21,1
350,Dog Park,9 am to Noon,Spring,Unknown,Attack,Animal,2018/19,1
351,Dog Park,9 am to Noon,Spring,Unknown,Attack,Animal,2019/20,1
352,Dog Park,9 am to Noon,Spring,Unknown,Attack,Human,2019/20,1
353,Dog Park,9 am to Noon,Spring,Unknown,Attack,Unknown,2019/20,1
354,Dog Park,9 am to Noon,Spring,Unknown,Attack,Unknown,2022/23,1
355,Dog Park,9 am to Noon,Spring,Unknown,Attack,Unknown,2023/24,1
356,Dog Park,9 am to Noon,Spring,Unknown,Harassment,Animal,bef 30 Jun 2018,1
357,Dog Park,9 am to Noon,Spring,Unknown,Harassment,Human,2020/21,1
358,Dog Park,9 am to Noon,Spring,Unknown,Harassment,Unknown,2020/21,1
359,Dog Park,9 am to Noon,Summer,No Leash,Attack,Animal,2021/22,1
360,Dog Park,9 am to Noon,Summer,No Leash,Attack,Animal,2022/23,1
361,Dog Park,9 am to Noon,Summer,No Leash,Attack,Human,2019/20,1
362,Dog Park,9 am to Noon,Summer,No Leash,Harassment,Animal,2021/22,1
363,Dog Park,9 am to Noon,Summer,On a Leash,Attack,Animal,2019/20,1
364,Dog Park,9 am to Noon,Summer,Unknown,Attack,Animal,2022/23,1
365,Dog Park,9 am to Noon,Summer,Unknown,Harassment,Human,2019/20,1
366,Dog Park,9 am to Noon,Winter,No Leash,Attack,Animal,2018/19,1
367,Dog Park,9 am to Noon,Winter,No Leash,Attack,Unknown,2022/23,1
368,Dog Park,9 am to Noon,Winter,No Leash,Harassment,Animal,2020/21,1
369,Dog Park,9 am to Noon,Winter,No Leash,Harassment,Animal,bef 30 Jun 2018,1
370,Dog Park,9 am to Noon,Winter,No Leash,Harassment,Both,2020/21,1
371,Dog Park,9 am to Noon,Winter,No Leash,Harassment,Human,2022/23,1
372,Dog Park,9 am to Noon,Winter,On a Leash,Harassment,Human,2022/23,1
373,Dog Park,9 am to Noon,Winter,Unknown,Attack,Animal,2023/24,2
374,Dog Park,9 am to Noon,Winter,Unknown,Attack,Human,2022/23,1
375,Dog Park,9 am to Noon,Winter,Unknown,Attack,Unknown,2019/20,1
376,Dog Park,9 am to Noon,Winter,Unknown,Harassment,Human,2021/22,1
377,Dog Park,9 am to Noon,Winter,Unknown,Harassment,Unknown,2018/19,1
378,Dog Park,9 am to Noon,Winter,Unknown,Harassment,Unknown,2019/20,1
379,Dog Park,9 am to Noon,Winter,Unknown,Harassment,Unknown,bef 30 Jun 2018,1
380,Dog Park,Noon to 5 pm,Autumn,No Leash,Attack,Animal,2018/19,2
381,Dog Park,Noon to 5 pm,Autumn,No Leash,Attack,Animal,2020/21,4
382,Dog Park,Noon to 5 pm,Autumn,No Leash,Attack,Animal,2021/22,2
383,Dog Park,Noon to 5 pm,Autumn,No Leash,Attack,Animal,2022/23,1
384,Dog Park,Noon to 5 pm,Autumn,No Leash,Attack,Animal,2023/24,1
385,Dog Park,Noon to 5 pm,Autumn,No Leash,Attack,Both,2021/22,1
386,Dog Park,Noon to 5 pm,Autumn,No Leash,Attack,Human,2019/20,1
387,Dog Park,Noon to 5 pm,Autumn,No Leash,Attack,Human,2020/21,1
388,Dog Park,Noon to 5 pm,Autumn,No Leash,Attack,Unknown,2020/21,1
389,Dog Park,Noon to 5 pm,Autumn,No Leash,Attack,Unknown,2022/23,1
390,Dog Park,Noon to 5 pm,Autumn,On a Leash,Attack,Unknown,2022/23,1
391,Dog Park,Noon to 5 pm,Autumn,Unknown,Attack,Animal,2019/20,1
392,Dog Park,Noon to 5 pm,Autumn,Unknown,Attack,Animal,2020/21,1
393,Dog Park,Noon to 5 pm,Autumn,Unknown,Attack,Animal,2022/23,2
394,Dog Park,Noon to 5 pm,Autumn,Unknown,Attack,Human,2019/20,1
395,Dog Park,Noon to 5 pm,Autumn,Unknown,Attack,Unknown,2023/24,1
396,Dog Park,Noon to 5 pm,Autumn,Unknown,Harassment,Animal,2021/22,1
397,Dog Park,Noon to 5 pm,Autumn,Unknown,Harassment,Animal,2022/23,1
398,Dog Park,Noon to 5 pm,Autumn,Unknown,Harassment,Animal,bef 30 Jun 2018,1
399,Dog Park,Noon to 5 pm,Autumn,Unknown,Harassment,Human,2018/19,1
400,Dog Park,Noon to 5 pm,Autumn,Unknown,Harassment,Unknown,2021/22,1
401,Dog Park,Noon to 5 pm,Autumn,Unknown,Harassment,Unknown,2022/23,1
402,Dog Park,Noon to 5 pm,Spring,No Leash,Attack,Animal,2019/20,1
403,Dog Park,Noon to 5 pm,Spring,No Leash,Attack,Animal,2020/21,1
404,Dog Park,Noon to 5 pm,Spring,No Leash,Attack,Animal,2021/22,1
405,Dog Park,Noon to 5 pm,Spring,No Leash,Attack,Animal,2022/23,1
406,Dog Park,Noon to 5 pm,Spring,No Leash,Attack,Animal,2023/24,2
407,Dog Park,Noon to 5 pm,Spring,No Leash,Attack,Human,2020/21,1
408,Dog Park,Noon to 5 pm,Spring,No Leash,Attack,Unknown,2023/24,1
409,Dog Park,Noon to 5 pm,Spring,No Leash,Harassment,Animal,2018/19,1
410,Dog Park,Noon to 5 pm,Spring,No Leash,Harassment,Animal,2021/22,1
411,Dog Park,Noon to 5 pm,Spring,No Leash,Harassment,Human,2020/21,1
412,Dog Park,Noon to 5 pm,Spring,No Leash,Harassment,Unknown,2018/19,1
413,Dog Park,Noon to 5 pm,Spring,On a Leash,Attack,Animal,2019/20,1
414,Dog Park,Noon to 5 pm,Spring,Unknown,Attack,Animal,2018/19,1
415,Dog Park,Noon to 5 pm,Spring,Unknown,Attack,Animal,2019/20,1
416,Dog Park,Noon to 5 pm,Spring,Unknown,Attack,Animal,2020/21,1
417,Dog Park,Noon to 5 pm,Spring,Unknown,Attack,Animal,2021/22,2
418,Dog Park,Noon to 5 pm,Spring,Unknown,Attack,Animal,2022/23,2
419,Dog Park,Noon to 5 pm,Spring,Unknown,Attack,Animal,2023/24,2
420,Dog Park,Noon to 5 pm,Spring,Unknown,Attack,Unknown,2021/22,1
421,Dog Park,Noon to 5 pm,Spring,Unknown,Harassment,Animal,2019/20,1
422,Dog Park,Noon to 5 pm,Spring,Unknown,Harassment,Unknown,2018/19,1
423,Dog Park,Noon to 5 pm,Spring,Unknown,Harassment,Unknown,2019/20,1
424,Dog Park,Noon to 5 pm,Summer,No Leash,Attack,Animal,2019/20,1
425,Dog Park,Noon to 5 pm,Summer,No Leash,Attack,Animal,2020/21,1
426,Dog Park,Noon to 5 pm,Summer,No Leash,Attack,Animal,2023/24,1
427,Dog Park,Noon to 5 pm,Summer,On a Leash,Attack,Animal,2023/24,1
428,Dog Park,Noon to 5 pm,Summer,Unknown,Attack,Animal,2019/20,1
429,Dog Park,Noon to 5 pm,Summer,Unknown,Attack,Animal,2020/21,1
430,Dog Park,Noon to 5 pm,Summer,Unknown,Attack,Human,2019/20,1
431,Dog Park,Noon to 5 pm,Summer,Unknown,Attack,Human,2020/21,1
432,Dog Park,Noon to 5 pm,Summer,Unknown,Attack,Unknown,2019/20,1
433,Dog Park,Noon to 5 pm,Summer,Unknown,Harassment,Animal,2020/21,1
434,Dog Park,Noon to 5 pm,Winter,No Leash,Attack,Animal,2021/22,3
435,Dog Park,Noon to 5 pm,Winter,No Leash,Attack,Animal,2022/23,2
436,Dog Park,Noon to 5 pm,Winter,No Leash,Attack,Both,2020/21,1
437,Dog Park,Noon to 5 pm,Winter,No Leash,Attack,Human,2021/22,1
438,Dog Park,Noon to 5 pm,Winter,No Leash,Attack,Unknown,2023/24,1
439,Dog Park,Noon to 5 pm,Winter,No Leash,Harassment,Animal,2019/20,1
440,Dog Park,Noon to 5 pm,Winter,No Leash,Harassment,Human,2021/22,1
441,Dog Park,Noon to 5 pm,Winter,No Leash,Harassment,Unknown,2020/21,1
442,Dog Park,Noon to 5 pm,Winter,On a Leash,Attack,Animal,2023/24,1
443,Dog Park,Noon to 5 pm,Winter,Unknown,Attack,Animal,2020/21,2
444,Dog Park,Noon to 5 pm,Winter,Unknown,Attack,Animal,2021/22,1
445,Dog Park,Noon to 5 pm,Winter,Unknown,Attack,Animal,2022/23,3
446,Dog Park,Noon to 5 pm,Winter,Unknown,Attack,Animal,2023/24,1
447,Dog Park,Noon to 5 pm,Winter,Unknown,Attack,Human,2018/19,1
448,Dog Park,Noon to 5 pm,Winter,Unknown,Attack,Unknown,2019/20,1
449,Dog Park,Noon to 5 pm,Winter,Unknown,Attack,Unknown,2020/21,1
450,Dog Park,Noon to 5 pm,Winter,Unknown,Attack,Unknown,2021/22,1
451,Dog Park,Noon to 5 pm,Winter,Unknown,Attack,Unknown,2022/23,2
452,Dog Park,Noon to 5 pm,Winter,Unknown,Attack,Unknown,2023/24,1
453,Dog Park,Noon to 5 pm,Winter,Unknown,Harassment,Animal,2019/20,1
454,Dog Park,Noon to 5 pm,Winter,Unknown,Harassment,Animal,2021/22,1
455,Dog Park,Noon to 5 pm,Winter,Unknown,Harassment,Animal,2022/23,2
456,Dog Park,Noon to 5 pm,Winter,Unknown,Harassment,Unknown,2019/20,1
457,Dog Park,Noon to 5 pm,Winter,Unknown,Harassment,Unknown,2020/21,1
458,Dog Park,Unknown,Autumn,No Leash,Attack,Animal,2020/21,1
459,Dog Park,Unknown,Autumn,No Leash,Attack,Unknown,2021/22,1
460,Dog Park,Unknown,Autumn,No Leash,Harassment,Unknown,2022/23,1
461,Dog Park,Unknown,Autumn,Unknown,Attack,Animal,2018/19,1
462,Dog Park,Unknown,Autumn,Unknown,Attack,Animal,2021/22,1
463,Dog Park,Unknown,Spring,Unknown,Attack,Unknown,2022/23,1
464,Dog Park,Unknown,Summer,No Leash,Attack,Animal,2018/19,1
465,Dog Park,Unknown,Summer,No Leash,Attack,Animal,2022/23,1
466,Dog Park,Unknown,Summer,No Leash,Attack,Unknown,2023/24,1
467,Dog Park,Unknown,Summer,No Leash,Harassment,Animal,2018/19,1
468,Dog Park,Unknown,Summer,On a Leash,Harassment,Unknown,2020/21,1
469,Dog Park,Unknown,Winter,No Leash,Attack,Animal,2018/19,3
470,Dog Park,Unknown,Winter,No Leash,Attack,Animal,2019/20,1
471,Dog Park,Unknown,Winter,No Leash,Attack,Unknown,2019/20,1
472,Dog Park,Unknown,Winter,No Leash,Harassment,Unknown,2020/21,1
473,Dog Park,Unknown,Winter,Unknown,Attack,Animal,2022/23,2
474,Dog Park,Unknown,Winter,Unknown,Attack,Unknown,2018/19,1
475,Dog Park,Unknown,Winter,Unknown,Attack,Unknown,2022/23,1
476,Dog Park,Unknown,Winter,Unknown,Harassment,Animal,2020/21,1
477,Dog Park,Unknown,Winter,Unknown,Harassment,Animal,2021/22,1
478,Dog Park,Unknown,Winter,Unknown,Harassment,Unknown,2021/22,1
479,Footpath,5 pm to 8 pm,Autumn,No Leash,Attack,Animal,2018/19,2
480,Footpath,5 pm to 8 pm,Autumn,No Leash,Attack,Animal,2019/20,2
481,Footpath,5 pm to 8 pm,Autumn,No Leash,Attack,Animal,2020/21,3
482,Footpath,5 pm to 8 pm,Autumn,No Leash,Attack,Animal,2021/22,2
483,Footpath,5 pm to 8 pm,Autumn,No Leash,Attack,Animal,2022/23,7
484,Footpath,5 pm to 8 pm,Autumn,No Leash,Attack,Animal,2023/24,4
485,Footpath,5 pm to 8 pm,Autumn,No Leash,Attack,Both,2018/19,2
486,Footpath,5 pm to 8 pm,Autumn,No Leash,Attack,Both,2023/24,1
487,Footpath,5 pm to 8 pm,Autumn,No Leash,Attack,Human,2018/19,2
488,Footpath,5 pm to 8 pm,Autumn,No Leash,Attack,Human,2019/20,4
489,Footpath,5 pm to 8 pm,Autumn,No Leash,Attack,Human,2020/21,1
490,Footpath,5 pm to 8 pm,Autumn,No Leash,Attack,Human,2021/22,3
491,Footpath,5 pm to 8 pm,Autumn,No Leash,Attack,Human,2022/23,3
492,Footpath,5 pm to 8 pm,Autumn,No Leash,Attack,Human,bef 30 Jun 2018,2
493,Footpath,5 pm to 8 pm,Autumn,No Leash,Attack,Unknown,2018/19,2
494,Footpath,5 pm to 8 pm,Autumn,No Leash,Attack,Unknown,2019/20,2
495,Footpath,5 pm to 8 pm,Autumn,No Leash,Attack,Unknown,2020/21,1
496,Footpath,5 pm to 8 pm,Autumn,No Leash,Attack,Unknown,2021/22,1
497,Footpath,5 pm to 8 pm,Autumn,No Leash,Attack,Unknown,2022/23,1
498,Footpath,5 pm to 8 pm,Autumn,No Leash,Harassment,Animal,2019/20,3
499,Footpath,5 pm to 8 pm,Autumn,No Leash,Harassment,Animal,2020/21,2
500,Footpath,5 pm to 8 pm,Autumn,No Leash,Harassment,Animal,2022/23,3
501,Footpath,5 pm to 8 pm,Autumn,No Leash,Harassment,Animal,2023/24,2
502,Footpath,5 pm to 8 pm,Autumn,No Leash,Harassment,Both,2018/19,1
503,Footpath,5 pm to 8 pm,Autumn,No Leash,Harassment,Both,2021/22,1
504,Footpath,5 pm to 8 pm,Autumn,No Leash,Harassment,Human,2019/20,1
505,Footpath,5 pm to 8 pm,Autumn,No Leash,Harassment,Human,2020/21,4
506,Footpath,5 pm to 8 pm,Autumn,No Leash,Harassment,Human,2021/22,1
507,Footpath,5 pm to 8 pm,Autumn,No Leash,Harassment,Human,2022/23,2
508,Footpath,5 pm to 8 pm,Autumn,No Leash,Harassment,Human,2023/24,1
509,Footpath,5 pm to 8 pm,Autumn,No Leash,Harassment,Unknown,2018/19,1
510,Footpath,5 pm to 8 pm,Autumn,No Leash,Harassment,Unknown,2019/20,1
511,Footpath,5 pm to 8 pm,Autumn,No Leash,Harassment,Unknown,2020/21,1
512,Footpath,5 pm to 8 pm,Autumn,No Leash,Harassment,Unknown,2021/22,1
513,Footpath,5 pm to 8 pm,Autumn,No Leash,Harassment,Unknown,2023/24,1
514,Footpath,5 pm to 8 pm,Autumn,No Leash,Harassment,Unknown,bef 30 Jun 2018,1
515,Footpath,5 pm to 8 pm,Autumn,On a Leash,Attack,Animal,2018/19,1
516,Footpath,5 pm to 8 pm,Autumn,On a Leash,Attack,Animal,2020/21,1
517,Footpath,5 pm to 8 pm,Autumn,On a Leash,Attack,Animal,2021/22,2
518,Footpath,5 pm to 8 pm,Autumn,On a Leash,Attack,Animal,2022/23,2
519,Footpath,5 pm to 8 pm,Autumn,On a Leash,Attack,Both,2020/21,1
520,Footpath,5 pm to 8 pm,Autumn,On a Leash,Attack,Human,2018/19,1
521,Footpath,5 pm to 8 pm,Autumn,On a Leash,Attack,Human,2019/20,2
522,Footpath,5 pm to 8 pm,Autumn,On a Leash,Attack,Human,2020/21,1
523,Footpath,5 pm to 8 pm,Autumn,On a Leash,Attack,Human,2022/23,1
524,Footpath,5 pm to 8 pm,Autumn,On a Leash,Attack,Unknown,2020/21,1
525,Footpath,5 pm to 8 pm,Autumn,On a Leash,Attack,Unknown,2021/22,1
526,Footpath,5 pm to 8 pm,Autumn,Unknown,Attack,Animal,2018/19,2
527,Footpath,5 pm to 8 pm,Autumn,Unknown,Attack,Animal,2019/20,3
528,Footpath,5 pm to 8 pm,Autumn,Unknown,Attack,Animal,2020/21,2
529,Footpath,5 pm to 8 pm,Autumn,Unknown,Attack,Animal,2021/22,2
530,Footpath,5 pm to 8 pm,Autumn,Unknown,Attack,Animal,2022/23,1
531,Footpath,5 pm to 8 pm,Autumn,Unknown,Attack,Animal,2023/24,3
532,Footpath,5 pm to 8 pm,Autumn,Unknown,Attack,Both,2020/21,1
533,Footpath,5 pm to 8 pm,Autumn,Unknown,Attack,Human,2018/19,1
534,Footpath,5 pm to 8 pm,Autumn,Unknown,Attack,Human,2019/20,1
535,Footpath,5 pm to 8 pm,Autumn,Unknown,Attack,Human,2021/22,2
536,Footpath,5 pm to 8 pm,Autumn,Unknown,Attack,Human,2022/23,1
537,Footpath,5 pm to 8 pm,Autumn,Unknown,Attack,Human,bef 30 Jun 2018,1
538,Footpath,5 pm to 8 pm,Autumn,Unknown,Attack,Unknown,2018/19,1
539,Footpath,5 pm to 8 pm,Autumn,Unknown,Attack,Unknown,2019/20,2
540,Footpath,5 pm to 8 pm,Autumn,Unknown,Attack,Unknown,2021/22,1
541,Footpath,5 pm to 8 pm,Autumn,Unknown,Attack,Unknown,2023/24,2
542,Footpath,5 pm to 8 pm,Autumn,Unknown,Harassment,Human,2019/20,1
543,Footpath,5 pm to 8 pm,Autumn,Unknown,Harassment,Human,2021/22,1
544,Footpath,5 pm to 8 pm,Autumn,Unknown,Harassment,Unknown,2018/19,2
545,Footpath,5 pm to 8 pm,Autumn,Unknown,Harassment,Unknown,2019/20,1
546,Footpath,5 pm to 8 pm,Autumn,Unknown,Harassment,Unknown,2020/21,1
547,Footpath,5 pm to 8 pm,Autumn,Unknown,Harassment,Unknown,2021/22,2
548,Footpath,5 pm to 8 pm,Autumn,Unknown,Harassment,Unknown,2022/23,2
549,Footpath,5 pm to 8 pm,Autumn,Unknown,Harassment,Unknown,2023/24,1
550,Footpath,5 pm to 8 pm,Autumn,Unknown,Harassment,Unknown,bef 30 Jun 2018,1
551,Footpath,5 pm to 8 pm,Spring,No Leash,Attack,Animal,2018/19,1
552,Footpath,5 pm to 8 pm,Spring,No Leash,Attack,Animal,2019/20,5
553,Footpath,5 pm to 8 pm,Spring,No Leash,Attack,Animal,2020/21,10
554,Footpath,5 pm to 8 pm,Spring,No Leash,Attack,Animal,2021/22,10
555,Footpath,5 pm to 8 pm,Spring,No Leash,Attack,Animal,2022/23,6
556,Footpath,5 pm to 8 pm,Spring,No Leash,Attack,Animal,2023/24,7
557,Footpath,5 pm to 8 pm,Spring,No Leash,Attack,Both,2020/21,2
558,Footpath,5 pm to 8 pm,Spring,No Leash,Attack,Both,2021/22,1
559,Footpath,5 pm to 8 pm,Spring,No Leash,Attack,Both,2022/23,1
560,Footpath,5 pm to 8 pm,Spring,No Leash,Attack,Both,2023/24,1
561,Footpath,5 pm to 8 pm,Spring,No Leash,Attack,Human,2018/19,1
562,Footpath,5 pm to 8 pm,Spring,No Leash,Attack,Human,2019/20,2
563,Footpath,5 pm to 8 pm,Spring,No Leash,Attack,Human,2020/21,3
564,Footpath,5 pm to 8 pm,Spring,No Leash,Attack,Human,2021/22,4
565,Footpath,5 pm to 8 pm,Spring,No Leash,Attack,Human,2022/23,5
566,Footpath,5 pm to 8 pm,Spring,No Leash,Attack,Human,2023/24,5
567,Footpath,5 pm to 8 pm,Spring,No Leash,Attack,Human,bef 30 Jun 2018,1
568,Footpath,5 pm to 8 pm,Spring,No Leash,Attack,Unknown,2019/20,4
569,Footpath,5 pm to 8 pm,Spring,No Leash,Attack,Unknown,2020/21,2
570,Footpath,5 pm to 8 pm,Spring,No Leash,Attack,Unknown,2021/22,1
571,Footpath,5 pm to 8 pm,Spring,No Leash,Attack,Unknown,2022/23,5
572,Footpath,5 pm to 8 pm,Spring,No Leash,Attack,Unknown,2023/24,3
573,Footpath,5 pm to 8 pm,Spring,No Leash,Harassment,Animal,2018/19,3
574,Footpath,5 pm to 8 pm,Spring,No Leash,Harassment,Animal,2019/20,3
575,Footpath,5 pm to 8 pm,Spring,No Leash,Harassment,Animal,2020/21,2
576,Footpath,5 pm to 8 pm,Spring,No Leash,Harassment,Animal,2021/22,4
577,Footpath,5 pm to 8 pm,Spring,No Leash,Harassment,Animal,2022/23,1
578,Footpath,5 pm to 8 pm,Spring,No Leash,Harassment,Animal,2023/24,2
579,Footpath,5 pm to 8 pm,Spring,No Leash,Harassment,Both,2021/22,1
580,Footpath,5 pm to 8 pm,Spring,No Leash,Harassment,Human,2018/19,1
581,Footpath,5 pm to 8 pm,Spring,No Leash,Harassment,Human,2019/20,1
582,Footpath,5 pm to 8 pm,Spring,No Leash,Harassment,Human,2020/21,1
583,Footpath,5 pm to 8 pm,Spring,No Leash,Harassment,Human,2021/22,2
584,Footpath,5 pm to 8 pm,Spring,No Leash,Harassment,Human,2023/24,1
585,Footpath,5 pm to 8 pm,Spring,No Leash,Harassment,Unknown,2019/20,2
586,Footpath,5 pm to 8 pm,Spring,No Leash,Harassment,Unknown,2021/22,1
587,Footpath,5 pm to 8 pm,Spring,No Leash,Harassment,Unknown,2023/24,1
588,Footpath,5 pm to 8 pm,Spring,On a Leash,Attack,Animal,2019/20,1
589,Footpath,5 pm to 8 pm,Spring,On a Leash,Attack,Animal,2020/21,1
590,Footpath,5 pm to 8 pm,Spring,On a Leash,Attack,Animal,2022/23,1
591,Footpath,5 pm to 8 pm,Spring,On a Leash,Attack,Animal,2023/24,4
592,Footpath,5 pm to 8 pm,Spring,On a Leash,Attack,Both,2018/19,1
593,Footpath,5 pm to 8 pm,Spring,On a Leash,Attack,Human,2018/19,2
594,Footpath,5 pm to 8 pm,Spring,On a Leash,Attack,Human,2020/21,2
595,Footpath,5 pm to 8 pm,Spring,On a Leash,Attack,Human,2021/22,2
596,Footpath,5 pm to 8 pm,Spring,On a Leash,Attack,Human,2022/23,2
597,Footpath,5 pm to 8 pm,Spring,On a Leash,Attack,Human,2023/24,2
598,Footpath,5 pm to 8 pm,Spring,On a Leash,Attack,Human,bef 30 Jun 2018,1
599,Footpath,5 pm to 8 pm,Spring,On a Leash,Attack,Unknown,2023/24,1
600,Footpath,5 pm to 8 pm,Spring,On a Leash,Harassment,Human,2021/22,1
601,Footpath,5 pm to 8 pm,Spring,Unknown,Attack,Animal,2018/19,4
602,Footpath,5 pm to 8 pm,Spring,Unknown,Attack,Animal,2020/21,2
603,Footpath,5 pm to 8 pm,Spring,Unknown,Attack,Animal,2021/22,1
604,Footpath,5 pm to 8 pm,Spring,Unknown,Attack,Both,2022/23,1
605,Footpath,5 pm to 8 pm,Spring,Unknown,Attack,Human,2019/20,1
606,Footpath,5 pm to 8 pm,Spring,Unknown,Attack,Human,2020/21,2
607,Footpath,5 pm to 8 pm,Spring,Unknown,Attack,Human,2021/22,2
608,Footpath,5 pm to 8 pm,Spring,Unknown,Attack,Human,2022/23,2
609,Footpath,5 pm to 8 pm,Spring,Unknown,Attack,Human,2023/24,1
610,Footpath,5 pm to 8 pm,Spring,Unknown,Attack,Unknown,2020/21,2
611,Footpath,5 pm to 8 pm,Spring,Unknown,Attack,Unknown,2021/22,1
612,Footpath,5 pm to 8 pm,Spring,Unknown,Attack,Unknown,2022/23,3
613,Footpath,5 pm to 8 pm,Spring,Unknown,Attack,Unknown,2023/24,1
614,Footpath,5 pm to 8 pm,Spring,Unknown,Harassment,Animal,2019/20,1
615,Footpath,5 pm to 8 pm,Spring,Unknown,Harassment,Animal,2020/21,1
616,Footpath,5 pm to 8 pm,Spring,Unknown,Harassment,Human,2018/19,1
617,Footpath,5 pm to 8 pm,Spring,Unknown,Harassment,Human,2019/20,1
618,Footpath,5 pm to 8 pm,Spring,Unknown,Harassment,Human,2020/21,2
619,Footpath,5 pm to 8 pm,Spring,Unknown,Harassment,Human,2023/24,1
620,Footpath,5 pm to 8 pm,Spring,Unknown,Harassment,Unknown,2018/19,1
621,Footpath,5 pm to 8 pm,Spring,Unknown,Harassment,Unknown,2019/20,3
622,Footpath,5 pm to 8 pm,Spring,Unknown,Harassment,Unknown,2021/22,1
623,Footpath,5 pm to 8 pm,Spring,Unknown,Harassment,Unknown,2022/23,2
624,Footpath,5 pm to 8 pm,Spring,Unknown,Harassment,Unknown,2023/24,1
625,Footpath,5 pm to 8 pm,Summer,No Leash,Attack,Animal,2018/19,5
626,Footpath,5 pm to 8 pm,Summer,No Leash,Attack,Animal,2019/20,4
627,Footpath,5 pm to 8 pm,Summer,No Leash,Attack,Animal,2020/21,12
628,Footpath,5 pm to 8 pm,Summer,No Leash,Attack,Animal,2021/22,3
629,Footpath,5 pm to 8 pm,Summer,No Leash,Attack,Animal,2022/23,6
630,Footpath,5 pm to 8 pm,Summer,No Leash,Attack,Animal,2023/24,6
631,Footpath,5 pm to 8 pm,Summer,No Leash,Attack,Both,2021/22,1
632,Footpath,5 pm to 8 pm,Summer,No Leash,Attack,Human,2019/20,2
633,Footpath,5 pm to 8 pm,Summer,No Leash,Attack,Human,2020/21,1
634,Footpath,5 pm to 8 pm,Summer,No Leash,Attack,Human,2021/22,2
635,Footpath,5 pm to 8 pm,Summer,No Leash,Attack,Human,2022/23,1
636,Footpath,5 pm to 8 pm,Summer,No Leash,Attack,Human,2023/24,2
637,Footpath,5 pm to 8 pm,Summer,No Leash,Attack,Human,bef 30 Jun 2018,2
638,Footpath,5 pm to 8 pm,Summer,No Leash,Attack,Unknown,2019/20,1
639,Footpath,5 pm to 8 pm,Summer,No Leash,Attack,Unknown,2020/21,1
640,Footpath,5 pm to 8 pm,Summer,No Leash,Attack,Unknown,2021/22,4
641,Footpath,5 pm to 8 pm,Summer,No Leash,Attack,Unknown,2022/23,2
642,Footpath,5 pm to 8 pm,Summer,No Leash,Attack,Unknown,2023/24,4
643,Footpath,5 pm to 8 pm,Summer,No Leash,Harassment,Animal,2019/20,3
644,Footpath,5 pm to 8 pm,Summer,No Leash,Harassment,Animal,2020/21,1
645,Footpath,5 pm to 8 pm,Summer,No Leash,Harassment,Animal,2021/22,2
646,Footpath,5 pm to 8 pm,Summer,No Leash,Harassment,Animal,2022/23,1
647,Footpath,5 pm to 8 pm,Summer,No Leash,Harassment,Animal,2023/24,3
648,Footpath,5 pm to 8 pm,Summer,No Leash,Harassment,Human,2018/19,1
649,Footpath,5 pm to 8 pm,Summer,No Leash,Harassment,Human,2020/21,2
650,Footpath,5 pm to 8 pm,Summer,No Leash,Harassment,Human,2022/23,1
651,Footpath,5 pm to 8 pm,Summer,No Leash,Harassment,Human,2023/24,1
652,Footpath,5 pm to 8 pm,Summer,No Leash,Harassment,Human,bef 30 Jun 2018,1
653,Footpath,5 pm to 8 pm,Summer,No Leash,Harassment,Unknown,2018/19,1
654,Footpath,5 pm to 8 pm,Summer,No Leash,Harassment,Unknown,2020/21,1
655,Footpath,5 pm to 8 pm,Summer,No Leash,Harassment,Unknown,2021/22,2
656,Footpath,5 pm to 8 pm,Summer,No Leash,Harassment,Unknown,2022/23,4
657,Footpath,5 pm to 8 pm,Summer,No Leash,Harassment,Unknown,2023/24,1
658,Footpath,5 pm to 8 pm,Summer,On a Leash,Attack,Animal,2018/19,4
659,Footpath,5 pm to 8 pm,Summer,On a Leash,Attack,Animal,2020/21,1
660,Footpath,5 pm to 8 pm,Summer,On a Leash,Attack,Animal,2023/24,1
661,Footpath,5 pm to 8 pm,Summer,On a Leash,Attack,Human,2018/19,1
662,Footpath,5 pm to 8 pm,Summer,On a Leash,Attack,Human,2021/22,1
663,Footpath,5 pm to 8 pm,Summer,On a Leash,Attack,Human,2022/23,1
664,Footpath,5 pm to 8 pm,Summer,On a Leash,Attack,Human,2023/24,1
665,Footpath,5 pm to 8 pm,Summer,On a Leash,Attack,Unknown,2021/22,1
666,Footpath,5 pm to 8 pm,Summer,On a Leash,Harassment,Animal,2018/19,1
667,Footpath,5 pm to 8 pm,Summer,On a Leash,Harassment,Animal,2023/24,1
668,Footpath,5 pm to 8 pm,Summer,On a Leash,Harassment,Animal,bef 30 Jun 2018,1
669,Footpath,5 pm to 8 pm,Summer,Unknown,Attack,Animal,2018/19,2
670,Footpath,5 pm to 8 pm,Summer,Unknown,Attack,Animal,2019/20,2
671,Footpath,5 pm to 8 pm,Summer,Unknown,Attack,Animal,2020/21,2
672,Footpath,5 pm to 8 pm,Summer,Unknown,Attack,Animal,2021/22,1
673,Footpath,5 pm to 8 pm,Summer,Unknown,Attack,Animal,2022/23,1
674,Footpath,5 pm to 8 pm,Summer,Unknown,Attack,Animal,2023/24,3
675,Footpath,5 pm to 8 pm,Summer,Unknown,Attack,Both,2018/19,1
676,Footpath,5 pm to 8 pm,Summer,Unknown,Attack,Human,2021/22,4
677,Footpath,5 pm to 8 pm,Summer,Unknown,Attack,Human,2022/23,2
678,Footpath,5 pm to 8 pm,Summer,Unknown,Attack,Human,2023/24,2
679,Footpath,5 pm to 8 pm,Summer,Unknown,Attack,Unknown,2019/20,1
680,Footpath,5 pm to 8 pm,Summer,Unknown,Attack,Unknown,2020/21,1
681,Footpath,5 pm to 8 pm,Summer,Unknown,Attack,Unknown,2021/22,1
682,Footpath,5 pm to 8 pm,Summer,Unknown,Attack,Unknown,2022/23,1
683,Footpath,5 pm to 8 pm,Summer,Unknown,Harassment,Animal,2019/20,1
684,Footpath,5 pm to 8 pm,Summer,Unknown,Harassment,Animal,2020/21,1
685,Footpath,5 pm to 8 pm,Summer,Unknown,Harassment,Animal,2023/24,1
686,Footpath,5 pm to 8 pm,Summer,Unknown,Harassment,Human,2019/20,1
687,Footpath,5 pm to 8 pm,Summer,Unknown,Harassment,Human,2021/22,3
688,Footpath,5 pm to 8 pm,Summer,Unknown,Harassment,Human,2022/23,1
689,Footpath,5 pm to 8 pm,Summer,Unknown,Harassment,Human,2023/24,1
690,Footpath,5 pm to 8 pm,Summer,Unknown,Harassment,Unknown,2020/21,2
691,Footpath,5 pm to 8 pm,Summer,Unknown,Harassment,Unknown,2021/22,1
692,Footpath,5 pm to 8 pm,Summer,Unknown,Harassment,Unknown,2022/23,2
693,Footpath,5 pm to 8 pm,Winter,No Leash,Attack,Animal,2018/19,3
694,Footpath,5 pm to 8 pm,Winter,No Leash,Attack,Animal,2019/20,2
695,Footpath,5 pm to 8 pm,Winter,No Leash,Attack,Animal,2020/21,5
696,Footpath,5 pm to 8 pm,Winter,No Leash,Attack,Animal,2021/22,7
697,Footpath,5 pm to 8 pm,Winter,No Leash,Attack,Animal,2022/23,3
698,Footpath,5 pm to 8 pm,Winter,No Leash,Attack,Animal,2023/24,4
699,Footpath,5 pm to 8 pm,Winter,No Leash,Attack,Animal,bef 30 Jun 2018,3
700,Footpath,5 pm to 8 pm,Winter,No Leash,Attack,Both,2019/20,1
701,Footpath,5 pm to 8 pm,Winter,No Leash,Attack,Both,2020/21,1
702,Footpath,5 pm to 8 pm,Winter,No Leash,Attack,Both,2021/22,1
703,Footpath,5 pm to 8 pm,Winter,No Leash,Attack,Human,2018/19,3
704,Footpath,5 pm to 8 pm,Winter,No Leash,Attack,Human,2020/21,4
705,Footpath,5 pm to 8 pm,Winter,No Leash,Attack,Human,2021/22,1
706,Footpath,5 pm to 8 pm,Winter,No Leash,Attack,Human,2022/23,3
707,Footpath,5 pm to 8 pm,Winter,No Leash,Attack,Human,2023/24,1
708,Footpath,5 pm to 8 pm,Winter,No Leash,Attack,Unknown,2019/20,3
709,Footpath,5 pm to 8 pm,Winter,No Leash,Attack,Unknown,2020/21,1
710,Footpath,5 pm to 8 pm,Winter,No Leash,Attack,Unknown,2021/22,3
711,Footpath,5 pm to 8 pm,Winter,No Leash,Attack,Unknown,2022/23,2
712,Footpath,5 pm to 8 pm,Winter,No Leash,Attack,Unknown,2023/24,3
713,Footpath,5 pm to 8 pm,Winter,No Leash,Attack,Unknown,bef 30 Jun 2018,1
714,Footpath,5 pm to 8 pm,Winter,No Leash,Harassment,Animal,2018/19,1
715,Footpath,5 pm to 8 pm,Winter,No Leash,Harassment,Animal,2019/20,1
716,Footpath,5 pm to 8 pm,Winter,No Leash,Harassment,Animal,2020/21,2
717,Footpath,5 pm to 8 pm,Winter,No Leash,Harassment,Animal,2021/22,1
718,Footpath,5 pm to 8 pm,Winter,No Leash,Harassment,Animal,2022/23,1
719,Footpath,5 pm to 8 pm,Winter,No Leash,Harassment,Animal,bef 30 Jun 2018,1
720,Footpath,5 pm to 8 pm,Winter,No Leash,Harassment,Human,2018/19,2
721,Footpath,5 pm to 8 pm,Winter,No Leash,Harassment,Human,2019/20,3
722,Footpath,5 pm to 8 pm,Winter,No Leash,Harassment,Human,2020/21,3
723,Footpath,5 pm to 8 pm,Winter,No Leash,Harassment,Human,2021/22,2
724,Footpath,5 pm to 8 pm,Winter,No Leash,Harassment,Unknown,2020/21,1
725,Footpath,5 pm to 8 pm,Winter,No Leash,Harassment,Unknown,2022/23,3
726,Footpath,5 pm to 8 pm,Winter,No Leash,Harassment,Unknown,2023/24,1
727,Footpath,5 pm to 8 pm,Winter,On a Leash,Attack,Animal,2018/19,1
728,Footpath,5 pm to 8 pm,Winter,On a Leash,Attack,Animal,2020/21,1
729,Footpath,5 pm to 8 pm,Winter,On a Leash,Attack,Animal,2023/24,1
730,Footpath,5 pm to 8 pm,Winter,On a Leash,Attack,Both,2018/19,1
731,Footpath,5 pm to 8 pm,Winter,On a Leash,Attack,Human,2018/19,1
732,Footpath,5 pm to 8 pm,Winter,On a Leash,Attack,Human,2019/20,2
733,Footpath,5 pm to 8 pm,Winter,On a Leash,Attack,Human,2021/22,2
734,Footpath,5 pm to 8 pm,Winter,On a Leash,Attack,Unknown,2021/22,1
735,Footpath,5 pm to 8 pm,Winter,On a Leash,Attack,Unknown,2022/23,1
736,Footpath,5 pm to 8 pm,Winter,On a Leash,Harassment,Animal,2018/19,1
737,Footpath,5 pm to 8 pm,Winter,On a Leash,Harassment,Human,2021/22,1
738,Footpath,5 pm to 8 pm,Winter,Unknown,Attack,Animal,2019/20,2
739,Footpath,5 pm to 8 pm,Winter,Unknown,Attack,Animal,2020/21,1
740,Footpath,5 pm to 8 pm,Winter,Unknown,Attack,Animal,2021/22,1
741,Footpath,5 pm to 8 pm,Winter,Unknown,Attack,Animal,2022/23,1
742,Footpath,5 pm to 8 pm,Winter,Unknown,Attack,Both,2023/24,1
743,Footpath,5 pm to 8 pm,Winter,Unknown,Attack,Both,bef 30 Jun 2018,1
744,Footpath,5 pm to 8 pm,Winter,Unknown,Attack,Human,2018/19,2
745,Footpath,5 pm to 8 pm,Winter,Unknown,Attack,Human,2020/21,3
746,Footpath,5 pm to 8 pm,Winter,Unknown,Attack,Human,2021/22,1
747,Footpath,5 pm to 8 pm,Winter,Unknown,Attack,Human,2023/24,1
748,Footpath,5 pm to 8 pm,Winter,Unknown,Attack,Unknown,2018/19,1
749,Footpath,5 pm to 8 pm,Winter,Unknown,Attack,Unknown,2019/20,2
750,Footpath,5 pm to 8 pm,Winter,Unknown,Attack,Unknown,2021/22,2
751,Footpath,5 pm to 8 pm,Winter,Unknown,Attack,Unknown,2022/23,2
752,Footpath,5 pm to 8 pm,Winter,Unknown,Attack,Unknown,2023/24,2
753,Footpath,5 pm to 8 pm,Winter,Unknown,Harassment,Animal,2018/19,1
754,Footpath,5 pm to 8 pm,Winter,Unknown,Harassment,Animal,2021/22,1
755,Footpath,5 pm to 8 pm,Winter,Unknown,Harassment,Animal,2023/24,1
756,Footpath,5 pm to 8 pm,Winter,Unknown,Harassment,Both,2020/21,1
757,Footpath,5 pm to 8 pm,Winter,Unknown,Harassment,Human,2018/19,2
758,Footpath,5 pm to 8 pm,Winter,Unknown,Harassment,Human,2020/21,1
759,Footpath,5 pm to 8 pm,Winter,Unknown,Harassment,Human,2023/24,2
760,Footpath,5 pm to 8 pm,Winter,Unknown,Harassment,Unknown,2019/20,1
761,Footpath,5 pm to 8 pm,Winter,Unknown,Harassment,Unknown,2021/22,2
762,Footpath,5 pm to 8 pm,Winter,Unknown,Harassment,Unknown,2023/24,1
763,Footpath,6 am to 9 am,Autumn,No Leash,Attack,Animal,2018/19,2
764,Footpath,6 am to 9 am,Autumn,No Leash,Attack,Animal,2019/20,2
765,Footpath,6 am to 9 am,Autumn,No Leash,Attack,Animal,2020/21,2
766,Footpath,6 am to 9 am,Autumn,No Leash,Attack,Animal,2021/22,2
767,Footpath,6 am to 9 am,Autumn,No Leash,Attack,Animal,2022/23,2
768,Footpath,6 am to 9 am,Autumn,No Leash,Attack,Animal,2023/24,1
769,Footpath,6 am to 9 am,Autumn,No Leash,Attack,Animal,bef 30 Jun 2018,2
770,Footpath,6 am to 9 am,Autumn,No Leash,Attack,Human,2019/20,1
771,Footpath,6 am to 9 am,Autumn,No Leash,Attack,Human,2020/21,1
772,Footpath,6 am to 9 am,Autumn,No Leash,Attack,Human,2021/22,1
773,Footpath,6 am to 9 am,Autumn,No Leash,Attack,Human,2022/23,2
774,Footpath,6 am to 9 am,Autumn,No Leash,Attack,Human,bef 30 Jun 2018,1
775,Footpath,6 am to 9 am,Autumn,No Leash,Attack,Unknown,2019/20,1
776,Footpath,6 am to 9 am,Autumn,No Leash,Attack,Unknown,2021/22,3
777,Footpath,6 am to 9 am,Autumn,No Leash,Attack,Unknown,2022/23,2
778,Footpath,6 am to 9 am,Autumn,No Leash,Harassment,Animal,2018/19,1
779,Footpath,6 am to 9 am,Autumn,No Leash,Harassment,Animal,2020/21,2
780,Footpath,6 am to 9 am,Autumn,No Leash,Harassment,Animal,2021/22,2
781,Footpath,6 am to 9 am,Autumn,No Leash,Harassment,Human,2018/19,7
782,Footpath,6 am to 9 am,Autumn,No Leash,Harassment,Human,2019/20,2
783,Footpath,6 am to 9 am,Autumn,No Leash,Harassment,Human,2020/21,1
784,Footpath,6 am to 9 am,Autumn,No Leash,Harassment,Human,2021/22,1
785,Footpath,6 am to 9 am,Autumn,No Leash,Harassment,Human,2022/23,2
786,Footpath,6 am to 9 am,Autumn,No Leash,Harassment,Human,2023/24,1
787,Footpath,6 am to 9 am,Autumn,No Leash,Harassment,Human,bef 30 Jun 2018,1
788,Footpath,6 am to 9 am,Autumn,No Leash,Harassment,Unknown,2018/19,1
789,Footpath,6 am to 9 am,Autumn,No Leash,Harassment,Unknown,2019/20,1
790,Footpath,6 am to 9 am,Autumn,No Leash,Harassment,Unknown,2020/21,1
791,Footpath,6 am to 9 am,Autumn,No Leash,Harassment,Unknown,2021/22,1
792,Footpath,6 am to 9 am,Autumn,No Leash,Harassment,Unknown,2022/23,1
793,Footpath,6 am to 9 am,Autumn,No Leash,Harassment,Unknown,2023/24,1
794,Footpath,6 am to 9 am,Autumn,No Leash,Harassment,Unknown,bef 30 Jun 2018,1
795,Footpath,6 am to 9 am,Autumn,On a Leash,Attack,Animal,2018/19,1
796,Footpath,6 am to 9 am,Autumn,On a Leash,Attack,Animal,2021/22,2
797,Footpath,6 am to 9 am,Autumn,On a Leash,Attack,Animal,2023/24,1
798,Footpath,6 am to 9 am,Autumn,On a Leash,Attack,Human,2020/21,1
799,Footpath,6 am to 9 am,Autumn,On a Leash,Attack,Human,2021/22,2
800,Footpath,6 am to 9 am,Autumn,On a Leash,Attack,Unknown,2019/20,1
801,Footpath,6 am to 9 am,Autumn,On a Leash,Attack,Unknown,2022/23,1
802,Footpath,6 am to 9 am,Autumn,On a Leash,Harassment,Animal,2020/21,1
803,Footpath,6 am to 9 am,Autumn,On a Leash,Harassment,Human,2021/22,1
804,Footpath,6 am to 9 am,Autumn,Unknown,Attack,Animal,2019/20,1
805,Footpath,6 am to 9 am,Autumn,Unknown,Attack,Animal,2020/21,2
806,Footpath,6 am to 9 am,Autumn,Unknown,Attack,Animal,2021/22,2
807,Footpath,6 am to 9 am,Autumn,Unknown,Attack,Animal,2023/24,1
808,Footpath,6 am to 9 am,Autumn,Unknown,Attack,Animal,bef 30 Jun 2018,1
809,Footpath,6 am to 9 am,Autumn,Unknown,Attack,Human,2019/20,2
810,Footpath,6 am to 9 am,Autumn,Unknown,Attack,Human,2020/21,3
811,Footpath,6 am to 9 am,Autumn,Unknown,Attack,Unknown,2021/22,1
812,Footpath,6 am to 9 am,Autumn,Unknown,Attack,Unknown,2022/23,2
813,Footpath,6 am to 9 am,Autumn,Unknown,Harassment,Animal,2018/19,1
814,Footpath,6 am to 9 am,Autumn,Unknown,Harassment,Animal,2019/20,1
815,Footpath,6 am to 9 am,Autumn,Unknown,Harassment,Animal,2020/21,1
816,Footpath,6 am to 9 am,Autumn,Unknown,Harassment,Animal,2022/23,1
817,Footpath,6 am to 9 am,Autumn,Unknown,Harassment,Human,2018/19,1
818,Footpath,6 am to 9 am,Autumn,Unknown,Harassment,Human,2019/20,1
819,Footpath,6 am to 9 am,Autumn,Unknown,Harassment,Human,2020/21,1
820,Footpath,6 am to 9 am,Autumn,Unknown,Harassment,Human,2021/22,1
821,Footpath,6 am to 9 am,Autumn,Unknown,Harassment,Human,2023/24,1
822,Footpath,6 am to 9 am,Autumn,Unknown,Harassment,Unknown,2018/19,1
823,Footpath,6 am to 9 am,Autumn,Unknown,Harassment,Unknown,2019/20,1
824,Footpath,6 am to 9 am,Autumn,Unknown,Harassment,Unknown,2020/21,1
825,Footpath,6 am to 9 am,Autumn,Unknown,Harassment,Unknown,2022/23,1
826,Footpath,6 am to 9 am,Autumn,Unknown,Harassment,Unknown,2023/24,1
827,Footpath,6 am to 9 am,Spring,No Leash,Attack,Animal,2018/19,4
828,Footpath,6 am to 9 am,Spring,No Leash,Attack,Animal,2019/20,3
829,Footpath,6 am to 9 am,Spring,No Leash,Attack,Animal,2020/21,1
830,Footpath,6 am to 9 am,Spring,No Leash,Attack,Animal,2023/24,2
831,Footpath,6 am to 9 am,Spring,No Leash,Attack,Both,2018/19,1
832,Footpath,6 am to 9 am,Spring,No Leash,Attack,Both,2020/21,1
833,Footpath,6 am to 9 am,Spring,No Leash,Attack,Both,2022/23,2
834,Footpath,6 am to 9 am,Spring,No Leash,Attack,Human,2019/20,4
835,Footpath,6 am to 9 am,Spring,No Leash,Attack,Human,2022/23,1
836,Footpath,6 am to 9 am,Spring,No Leash,Attack,Human,2023/24,4
837,Footpath,6 am to 9 am,Spring,No Leash,Attack,Unknown,2019/20,1
838,Footpath,6 am to 9 am,Spring,No Leash,Attack,Unknown,2022/23,1
839,Footpath,6 am to 9 am,Spring,No Leash,Attack,Unknown,2023/24,2
840,Footpath,6 am to 9 am,Spring,No Leash,Harassment,Animal,2019/20,1
841,Footpath,6 am to 9 am,Spring,No Leash,Harassment,Animal,2023/24,1
842,Footpath,6 am to 9 am,Spring,No Leash,Harassment,Both,2020/21,1
843,Footpath,6 am to 9 am,Spring,No Leash,Harassment,Human,2019/20,1
844,Footpath,6 am to 9 am,Spring,No Leash,Harassment,Human,2020/21,2
845,Footpath,6 am to 9 am,Spring,No Leash,Harassment,Human,2023/24,2
846,Footpath,6 am to 9 am,Spring,No Leash,Harassment,Unknown,2021/22,1
847,Footpath,6 am to 9 am,Spring,No Leash,Harassment,Unknown,2023/24,1
848,Footpath,6 am to 9 am,Spring,On a Leash,Attack,Animal,2019/20,1
849,Footpath,6 am to 9 am,Spring,On a Leash,Attack,Animal,2022/23,1
850,Footpath,6 am to 9 am,Spring,On a Leash,Attack,Human,2018/19,1
851,Footpath,6 am to 9 am,Spring,On a Leash,Attack,Human,2020/21,1
852,Footpath,6 am to 9 am,Spring,On a Leash,Attack,Human,2023/24,1
853,Footpath,6 am to 9 am,Spring,On a Leash,Attack,Unknown,2020/21,1
854,Footpath,6 am to 9 am,Spring,On a Leash,Attack,Unknown,2022/23,1
855,Footpath,6 am to 9 am,Spring,Unknown,Attack,Animal,2020/21,1
856,Footpath,6 am to 9 am,Spring,Unknown,Attack,Animal,2022/23,1
857,Footpath,6 am to 9 am,Spring,Unknown,Attack,Animal,2023/24,1
858,Footpath,6 am to 9 am,Spring,Unknown,Attack,Human,2021/22,1
859,Footpath,6 am to 9 am,Spring,Unknown,Attack,Human,2023/24,1
860,Footpath,6 am to 9 am,Spring,Unknown,Attack,Unknown,2019/20,1
861,Footpath,6 am to 9 am,Spring,Unknown,Attack,Unknown,2020/21,1
862,Footpath,6 am to 9 am,Spring,Unknown,Attack,Unknown,2022/23,3
863,Footpath,6 am to 9 am,Spring,Unknown,Attack,Unknown,2023/24,1
864,Footpath,6 am to 9 am,Spring,Unknown,Harassment,Animal,2018/19,1
865,Footpath,6 am to 9 am,Spring,Unknown,Harassment,Animal,2019/20,1
866,Footpath,6 am to 9 am,Spring,Unknown,Harassment,Animal,2020/21,1
867,Footpath,6 am to 9 am,Spring,Unknown,Harassment,Animal,2023/24,1
868,Footpath,6 am to 9 am,Spring,Unknown,Harassment,Human,2019/20,2
869,Footpath,6 am to 9 am,Spring,Unknown,Harassment,Unknown,2021/22,1
870,Footpath,6 am to 9 am,Spring,Unknown,Harassment,Unknown,2022/23,2
871,Footpath,6 am to 9 am,Spring,Unknown,Harassment,Unknown,bef 30 Jun 2018,1
872,Footpath,6 am to 9 am,Summer,No Leash,Attack,Animal,2018/19,3
873,Footpath,6 am to 9 am,Summer,No Leash,Attack,Animal,2019/20,2
874,Footpath,6 am to 9 am,Summer,No Leash,Attack,Animal,2020/21,1
875,Footpath,6 am to 9 am,Summer,No Leash,Attack,Animal,2021/22,5
876,Footpath,6 am to 9 am,Summer,No Leash,Attack,Animal,2022/23,1
877,Footpath,6 am to 9 am,Summer,No Leash,Attack,Human,2019/20,2
878,Footpath,6 am to 9 am,Summer,No Leash,Attack,Human,2020/21,2
879,Footpath,6 am to 9 am,Summer,No Leash,Attack,Unknown,2018/19,1
880,Footpath,6 am to 9 am,Summer,No Leash,Attack,Unknown,2019/20,3
881,Footpath,6 am to 9 am,Summer,No Leash,Attack,Unknown,2020/21,1
882,Footpath,6 am to 9 am,Summer,No Leash,Attack,Unknown,2021/22,1
883,Footpath,6 am to 9 am,Summer,No Leash,Attack,Unknown,2022/23,1
884,Footpath,6 am to 9 am,Summer,No Leash,Attack,Unknown,2023/24,4
885,Footpath,6 am to 9 am,Summer,No Leash,Harassment,Animal,2020/21,2
886,Footpath,6 am to 9 am,Summer,No Leash,Harassment,Animal,2021/22,3
887,Footpath,6 am to 9 am,Summer,No Leash,Harassment,Both,2018/19,1
888,Footpath,6 am to 9 am,Summer,No Leash,Harassment,Both,2022/23,2
889,Footpath,6 am to 9 am,Summer,No Leash,Harassment,Human,2018/19,1
890,Footpath,6 am to 9 am,Summer,No Leash,Harassment,Human,2019/20,2
891,Footpath,6 am to 9 am,Summer,No Leash,Harassment,Human,2020/21,2
892,Footpath,6 am to 9 am,Summer,No Leash,Harassment,Human,2021/22,2
893,Footpath,6 am to 9 am,Summer,No Leash,Harassment,Human,2022/23,1
894,Footpath,6 am to 9 am,Summer,No Leash,Harassment,Human,2023/24,1
895,Footpath,6 am to 9 am,Summer,No Leash,Harassment,Human,bef 30 Jun 2018,1
896,Footpath,6 am to 9 am,Summer,No Leash,Harassment,Unknown,2018/19,1
897,Footpath,6 am to 9 am,Summer,No Leash,Harassment,Unknown,2020/21,1
898,Footpath,6 am to 9 am,Summer,No Leash,Harassment,Unknown,2021/22,1
899,Footpath,6 am to 9 am,Summer,No Leash,Harassment,Unknown,2022/23,1
900,Footpath,6 am to 9 am,Summer,No Leash,Harassment,Unknown,2023/24,2
901,Footpath,6 am to 9 am,Summer,On a Leash,Attack,Animal,2019/20,1
902,Footpath,6 am to 9 am,Summer,On a Leash,Attack,Animal,2020/21,1
903,Footpath,6 am to 9 am,Summer,On a Leash,Attack,Animal,2023/24,1
904,Footpath,6 am to 9 am,Summer,On a Leash,Attack,Animal,bef 30 Jun 2018,1
905,Footpath,6 am to 9 am,Summer,On a Leash,Attack,Human,2018/19,1
906,Footpath,6 am to 9 am,Summer,On a Leash,Attack,Human,2019/20,1
907,Footpath,6 am to 9 am,Summer,On a Leash,Attack,Unknown,2019/20,1
908,Footpath,6 am to 9 am,Summer,On a Leash,Attack,Unknown,2020/21,1
909,Footpath,6 am to 9 am,Summer,On a Leash,Attack,Unknown,2023/24,1
910,Footpath,6 am to 9 am,Summer,On a Leash,Harassment,Animal,2020/21,1
911,Footpath,6 am to 9 am,Summer,On a Leash,Harassment,Animal,2021/22,1
912,Footpath,6 am to 9 am,Summer,On a Leash,Harassment,Animal,2023/24,1
913,Footpath,6 am to 9 am,Summer,On a Leash,Harassment,Unknown,2020/21,1
914,Footpath,6 am to 9 am,Summer,Unknown,Attack,Animal,2018/19,2
915,Footpath,6 am to 9 am,Summer,Unknown,Attack,Animal,2019/20,2
916,Footpath,6 am to 9 am,Summer,Unknown,Attack,Animal,2021/22,1
917,Footpath,6 am to 9 am,Summer,Unknown,Attack,Animal,2022/23,1
918,Footpath,6 am to 9 am,Summer,Unknown,Attack,Animal,2023/24,3
919,Footpath,6 am to 9 am,Summer,Unknown,Attack,Human,2020/21,2
920,Footpath,6 am to 9 am,Summer,Unknown,Attack,Human,2021/22,2
921,Footpath,6 am to 9 am,Summer,Unknown,Attack,Human,2023/24,1
922,Footpath,6 am to 9 am,Summer,Unknown,Attack,Unknown,2023/24,3
923,Footpath,6 am to 9 am,Summer,Unknown,Harassment,Human,2018/19,1
924,Footpath,6 am to 9 am,Summer,Unknown,Harassment,Human,2019/20,2
925,Footpath,6 am to 9 am,Summer,Unknown,Harassment,Human,2021/22,2
926,Footpath,6 am to 9 am,Summer,Unknown,Harassment,Human,2022/23,3
927,Footpath,6 am to 9 am,Summer,Unknown,Harassment,Unknown,2020/21,1
928,Footpath,6 am to 9 am,Summer,Unknown,Harassment,Unknown,2021/22,1
929,Footpath,6 am to 9 am,Summer,Unknown,Harassment,Unknown,2023/24,1
930,Footpath,6 am to 9 am,Winter,No Leash,Attack,Animal,2018/19,1
931,Footpath,6 am to 9 am,Winter,No Leash,Attack,Animal,2019/20,2
932,Footpath,6 am to 9 am,Winter,No Leash,Attack,Animal,2020/21,3
933,Footpath,6 am to 9 am,Winter,No Leash,Attack,Animal,2021/22,4
934,Footpath,6 am to 9 am,Winter,No Leash,Attack,Animal,2022/23,3
935,Footpath,6 am to 9 am,Winter,No Leash,Attack,Animal,2023/24,2
936,Footpath,6 am to 9 am,Winter,No Leash,Attack,Both,2018/19,1
937,Footpath,6 am to 9 am,Winter,No Leash,Attack,Human,2018/19,1
938,Footpath,6 am to 9 am,Winter,No Leash,Attack,Human,2019/20,1
939,Footpath,6 am to 9 am,Winter,No Leash,Attack,Human,2020/21,1
940,Footpath,6 am to 9 am,Winter,No Leash,Attack,Human,2021/22,1
941,Footpath,6 am to 9 am,Winter,No Leash,Attack,Human,2022/23,2
942,Footpath,6 am to 9 am,Winter,No Leash,Attack,Human,2023/24,1
943,Footpath,6 am to 9 am,Winter,No Leash,Attack,Unknown,2019/20,2
944,Footpath,6 am to 9 am,Winter,No Leash,Attack,Unknown,2021/22,1
945,Footpath,6 am to 9 am,Winter,No Leash,Attack,Unknown,2022/23,1
946,Footpath,6 am to 9 am,Winter,No Leash,Attack,Unknown,2023/24,1
947,Footpath,6 am to 9 am,Winter,No Leash,Harassment,Animal,2019/20,1
948,Footpath,6 am to 9 am,Winter,No Leash,Harassment,Animal,2021/22,3
949,Footpath,6 am to 9 am,Winter,No Leash,Harassment,Animal,bef 30 Jun 2018,1
950,Footpath,6 am to 9 am,Winter,No Leash,Harassment,Both,2020/21,1
951,Footpath,6 am to 9 am,Winter,No Leash,Harassment,Human,2018/19,1
952,Footpath,6 am to 9 am,Winter,No Leash,Harassment,Human,2020/21,3
953,Footpath,6 am to 9 am,Winter,No Leash,Harassment,Human,2021/22,1
954,Footpath,6 am to 9 am,Winter,No Leash,Harassment,Human,2022/23,1
955,Footpath,6 am to 9 am,Winter,No Leash,Harassment,Unknown,2018/19,1
956,Footpath,6 am to 9 am,Winter,No Leash,Harassment,Unknown,2019/20,1
957,Footpath,6 am to 9 am,Winter,No Leash,Harassment,Unknown,2020/21,1
958,Footpath,6 am to 9 am,Winter,No Leash,Harassment,Unknown,2023/24,2
959,Footpath,6 am to 9 am,Winter,On a Leash,Attack,Animal,2018/19,1
960,Footpath,6 am to 9 am,Winter,On a Leash,Attack,Animal,2019/20,1
961,Footpath,6 am to 9 am,Winter,On a Leash,Attack,Animal,2022/23,1
962,Footpath,6 am to 9 am,Winter,On a Leash,Attack,Animal,2023/24,2
963,Footpath,6 am to 9 am,Winter,On a Leash,Attack,Human,2020/21,1
964,Footpath,6 am to 9 am,Winter,On a Leash,Attack,Human,2022/23,1
965,Footpath,6 am to 9 am,Winter,On a Leash,Harassment,Animal,2022/23,1
966,Footpath,6 am to 9 am,Winter,On a Leash,Harassment,Both,2020/21,1
967,Footpath,6 am to 9 am,Winter,On a Leash,Harassment,Human,2018/19,1
968,Footpath,6 am to 9 am,Winter,Unknown,Attack,Animal,2019/20,2
969,Footpath,6 am to 9 am,Winter,Unknown,Attack,Animal,2020/21,1
970,Footpath,6 am to 9 am,Winter,Unknown,Attack,Animal,2021/22,3
971,Footpath,6 am to 9 am,Winter,Unknown,Attack,Animal,2023/24,1
972,Footpath,6 am to 9 am,Winter,Unknown,Attack,Human,2019/20,2
973,Footpath,6 am to 9 am,Winter,Unknown,Attack,Human,2021/22,1
974,Footpath,6 am to 9 am,Winter,Unknown,Attack,Unknown,2019/20,1
975,Footpath,6 am to 9 am,Winter,Unknown,Attack,Unknown,2020/21,1
976,Footpath,6 am to 9 am,Winter,Unknown,Attack,Unknown,2021/22,1
977,Footpath,6 am to 9 am,Winter,Unknown,Attack,Unknown,2022/23,1
978,Footpath,6 am to 9 am,Winter,Unknown,Harassment,Both,bef 30 Jun 2018,1
979,Footpath,6 am to 9 am,Winter,Unknown,Harassment,Human,2018/19,1
980,Footpath,6 am to 9 am,Winter,Unknown,Harassment,Human,2022/23,2
981,Footpath,6 am to 9 am,Winter,Unknown,Harassment,Human,2023/24,1
982,Footpath,6 am to 9 am,Winter,Unknown,Harassment,Unknown,2020/21,1
983,Footpath,6 am to 9 am,Winter,Unknown,Harassment,Unknown,2022/23,1
984,Footpath,8 pm to 10 pm,Autumn,No Leash,Attack,Animal,2020/21,2
985,Footpath,8 pm to 10 pm,Autumn,No Leash,Attack,Animal,2022/23,1
986,Footpath,8 pm to 10 pm,Autumn,No Leash,Attack,Human,2022/23,2
987,Footpath,8 pm to 10 pm,Autumn,No Leash,Attack,Human,bef 30 Jun 2018,1
988,Footpath,8 pm to 10 pm,Autumn,No Leash,Attack,Unknown,2021/22,1
989,Footpath,8 pm to 10 pm,Autumn,No Leash,Attack,Unknown,bef 30 Jun 2018,1
990,Footpath,8 pm to 10 pm,Autumn,No Leash,Harassment,Animal,2018/19,1
991,Footpath,8 pm to 10 pm,Autumn,No Leash,Harassment,Animal,2019/20,1
992,Footpath,8 pm to 10 pm,Autumn,No Leash,Harassment,Animal,2022/23,1
993,Footpath,8 pm to 10 pm,Autumn,No Leash,Harassment,Animal,2023/24,1
994,Footpath,8 pm to 10 pm,Autumn,No Leash,Harassment,Animal,bef 30 Jun 2018,1
995,Footpath,8 pm to 10 pm,Autumn,No Leash,Harassment,Unknown,2022/23,1
996,Footpath,8 pm to 10 pm,Autumn,On a Leash,Harassment,Human,2020/21,1
997,Footpath,8 pm to 10 pm,Autumn,Unknown,Attack,Animal,2018/19,1
998,Footpath,8 pm to 10 pm,Autumn,Unknown,Attack,Human,2021/22,1
999,Footpath,8 pm to 10 pm,Autumn,Unknown,Attack,Human,2022/23,1
1000,Footpath,8 pm to 10 pm,Autumn,Unknown,Attack,Unknown,2019/20,1
1001,Footpath,8 pm to 10 pm,Autumn,Unknown,Attack,Unknown,2021/22,1
1002,Footpath,8 pm to 10 pm,Autumn,Unknown,Attack,Unknown,2022/23,1
1003,Footpath,8 pm to 10 pm,Autumn,Unknown,Harassment,Animal,2020/21,1
1004,Footpath,8 pm to 10 pm,Autumn,Unknown,Harassment,Unknown,2021/22,2
1005,Footpath,8 pm to 10 pm,Autumn,Unknown,Harassment,Unknown,2022/23,1
1006,Footpath,8 pm to 10 pm,Spring,No Leash,Attack,Animal,2019/20,1
1007,Footpath,8 pm to 10 pm,Spring,No Leash,Attack,Animal,2020/21,2
1008,Footpath,8 pm to 10 pm,Spring,No Leash,Attack,Animal,2021/22,1
1009,Footpath,8 pm to 10 pm,Spring,No Leash,Attack,Animal,2022/23,1
1010,Footpath,8 pm to 10 pm,Spring,No Leash,Attack,Human,2019/20,1
1011,Footpath,8 pm to 10 pm,Spring,No Leash,Attack,Human,2020/21,1
1012,Footpath,8 pm to 10 pm,Spring,No Leash,Attack,Unknown,2018/19,1
1013,Footpath,8 pm to 10 pm,Spring,No Leash,Attack,Unknown,2021/22,1
1014,Footpath,8 pm to 10 pm,Spring,No Leash,Harassment,Animal,2020/21,1
1015,Footpath,8 pm to 10 pm,Spring,No Leash,Harassment,Animal,2021/22,2
1016,Footpath,8 pm to 10 pm,Spring,No Leash,Harassment,Animal,2023/24,1
1017,Footpath,8 pm to 10 pm,Spring,No Leash,Harassment,Human,2019/20,1
1018,Footpath,8 pm to 10 pm,Spring,No Leash,Harassment,Unknown,2021/22,3
1019,Footpath,8 pm to 10 pm,Spring,No Leash,Harassment,Unknown,2023/24,1
1020,Footpath,8 pm to 10 pm,Spring,Unknown,Attack,Animal,2019/20,1
1021,Footpath,8 pm to 10 pm,Spring,Unknown,Attack,Animal,2022/23,1
1022,Footpath,8 pm to 10 pm,Spring,Unknown,Attack,Animal,2023/24,1
1023,Footpath,8 pm to 10 pm,Spring,Unknown,Attack,Both,2020/21,1
1024,Footpath,8 pm to 10 pm,Spring,Unknown,Attack,Both,2022/23,1
1025,Footpath,8 pm to 10 pm,Spring,Unknown,Attack,Human,2020/21,1
1026,Footpath,8 pm to 10 pm,Spring,Unknown,Attack,Human,2021/22,1
1027,Footpath,8 pm to 10 pm,Spring,Unknown,Attack,Human,2022/23,1
1028,Footpath,8 pm to 10 pm,Spring,Unknown,Attack,Unknown,2018/19,1
1029,Footpath,8 pm to 10 pm,Spring,Unknown,Attack,Unknown,2019/20,1
1030,Footpath,8 pm to 10 pm,Spring,Unknown,Attack,Unknown,2023/24,2
1031,Footpath,8 pm to 10 pm,Spring,Unknown,Harassment,Human,2022/23,1
1032,Footpath,8 pm to 10 pm,Spring,Unknown,Harassment,Unknown,2019/20,1
1033,Footpath,8 pm to 10 pm,Spring,Unknown,Harassment,Unknown,2020/21,1
1034,Footpath,8 pm to 10 pm,Spring,Unknown,Harassment,Unknown,2022/23,1
1035,Footpath,8 pm to 10 pm,Spring,Unknown,Harassment,Unknown,2023/24,1
1036,Footpath,8 pm to 10 pm,Summer,No Leash,Attack,Animal,2018/19,1
1037,Footpath,8 pm to 10 pm,Summer,No Leash,Attack,Animal,2020/21,4
1038,Footpath,8 pm to 10 pm,Summer,No Leash,Attack,Animal,2021/22,2
1039,Footpath,8 pm to 10 pm,Summer,No Leash,Attack,Animal,2022/23,3
1040,Footpath,8 pm to 10 pm,Summer,No Leash,Attack,Animal,2023/24,1
1041,Footpath,8 pm to 10 pm,Summer,No Leash,Attack,Both,2019/20,1
1042,Footpath,8 pm to 10 pm,Summer,No Leash,Attack,Human,2020/21,2
1043,Footpath,8 pm to 10 pm,Summer,No Leash,Attack,Human,2023/24,2
1044,Footpath,8 pm to 10 pm,Summer,No Leash,Attack,Unknown,2023/24,1
1045,Footpath,8 pm to 10 pm,Summer,No Leash,Harassment,Animal,2021/22,1
1046,Footpath,8 pm to 10 pm,Summer,No Leash,Harassment,Animal,2023/24,1
1047,Footpath,8 pm to 10 pm,Summer,No Leash,Harassment,Both,2018/19,1
1048,Footpath,8 pm to 10 pm,Summer,No Leash,Harassment,Human,2019/20,1
1049,Footpath,8 pm to 10 pm,Summer,No Leash,Harassment,Human,2020/21,1
1050,Footpath,8 pm to 10 pm,Summer,No Leash,Harassment,Human,2022/23,1
1051,Footpath,8 pm to 10 pm,Summer,No Leash,Harassment,Human,2023/24,2
1052,Footpath,8 pm to 10 pm,Summer,No Leash,Harassment,Unknown,2020/21,1
1053,Footpath,8 pm to 10 pm,Summer,No Leash,Harassment,Unknown,2021/22,1
1054,Footpath,8 pm to 10 pm,Summer,No Leash,Harassment,Unknown,2023/24,1
1055,Footpath,8 pm to 10 pm,Summer,On a Leash,Attack,Animal,2020/21,1
1056,Footpath,8 pm to 10 pm,Summer,On a Leash,Attack,Animal,2023/24,2
1057,Footpath,8 pm to 10 pm,Summer,On a Leash,Attack,Human,2020/21,2
1058,Footpath,8 pm to 10 pm,Summer,On a Leash,Attack,Human,2023/24,1
1059,Footpath,8 pm to 10 pm,Summer,On a Leash,Attack,Unknown,2018/19,1
1060,Footpath,8 pm to 10 pm,Summer,On a Leash,Attack,Unknown,2022/23,1
1061,Footpath,8 pm to 10 pm,Summer,On a Leash,Harassment,Human,2018/19,1
1062,Footpath,8 pm to 10 pm,Summer,On a Leash,Harassment,Human,2019/20,1
1063,Footpath,8 pm to 10 pm,Summer,Unknown,Attack,Animal,2019/20,2
1064,Footpath,8 pm to 10 pm,Summer,Unknown,Attack,Animal,2020/21,1
1065,Footpath,8 pm to 10 pm,Summer,Unknown,Attack,Animal,2021/22,1
1066,Footpath,8 pm to 10 pm,Summer,Unknown,Attack,Animal,2023/24,1
1067,Footpath,8 pm to 10 pm,Summer,Unknown,Attack,Both,2021/22,1
1068,Footpath,8 pm to 10 pm,Summer,Unknown,Attack,Human,2022/23,2
1069,Footpath,8 pm to 10 pm,Summer,Unknown,Attack,Unknown,2019/20,1
1070,Footpath,8 pm to 10 pm,Summer,Unknown,Attack,Unknown,2022/23,1
1071,Footpath,8 pm to 10 pm,Winter,No Leash,Attack,Animal,2022/23,1
1072,Footpath,8 pm to 10 pm,Winter,No Leash,Attack,Unknown,2019/20,1
1073,Footpath,8 pm to 10 pm,Winter,No Leash,Harassment,Human,2018/19,3
1074,Footpath,8 pm to 10 pm,Winter,Unknown,Attack,Animal,2021/22,1
1075,Footpath,8 pm to 10 pm,Winter,Unknown,Attack,Unknown,2023/24,1
1076,Footpath,8 pm to 10 pm,Winter,Unknown,Attack,Unknown,bef 30 Jun 2018,1
1077,Footpath,9 am to Noon,Autumn,No Leash,Attack,Animal,2018/19,4
1078,Footpath,9 am to Noon,Autumn,No Leash,Attack,Animal,2019/20,8
1079,Footpath,9 am to Noon,Autumn,No Leash,Attack,Animal,2020/21,6
1080,Footpath,9 am to Noon,Autumn,No Leash,Attack,Animal,2021/22,5
1081,Footpath,9 am to Noon,Autumn,No Leash,Attack,Animal,2022/23,10
1082,Footpath,9 am to Noon,Autumn,No Leash,Attack,Animal,2023/24,4
1083,Footpath,9 am to Noon,Autumn,No Leash,Attack,Both,2019/20,2
1084,Footpath,9 am to Noon,Autumn,No Leash,Attack,Both,2020/21,1
1085,Footpath,9 am to Noon,Autumn,No Leash,Attack,Both,2021/22,1
1086,Footpath,9 am to Noon,Autumn,No Leash,Attack,Both,2023/24,1
1087,Footpath,9 am to Noon,Autumn,No Leash,Attack,Human,2018/19,5
1088,Footpath,9 am to Noon,Autumn,No Leash,Attack,Human,2019/20,3
1089,Footpath,9 am to Noon,Autumn,No Leash,Attack,Human,2020/21,1
1090,Footpath,9 am to Noon,Autumn,No Leash,Attack,Human,2021/22,2
1091,Footpath,9 am to Noon,Autumn,No Leash,Attack,Human,2022/23,3
1092,Footpath,9 am to Noon,Autumn,No Leash,Attack,Unknown,2019/20,3
1093,Footpath,9 am to Noon,Autumn,No Leash,Attack,Unknown,2020/21,3
1094,Footpath,9 am to Noon,Autumn,No Leash,Attack,Unknown,2021/22,1
1095,Footpath,9 am to Noon,Autumn,No Leash,Attack,Unknown,2022/23,1
1096,Footpath,9 am to Noon,Autumn,No Leash,Attack,Unknown,2023/24,1
1097,Footpath,9 am to Noon,Autumn,No Leash,Harassment,Animal,2018/19,3
1098,Footpath,9 am to Noon,Autumn,No Leash,Harassment,Animal,2019/20,2
1099,Footpath,9 am to Noon,Autumn,No Leash,Harassment,Animal,2021/22,1
1100,Footpath,9 am to Noon,Autumn,No Leash,Harassment,Animal,2022/23,1
1101,Footpath,9 am to Noon,Autumn,No Leash,Harassment,Animal,bef 30 Jun 2018,1
1102,Footpath,9 am to Noon,Autumn,No Leash,Harassment,Both,2019/20,1
1103,Footpath,9 am to Noon,Autumn,No Leash,Harassment,Human,2018/19,1
1104,Footpath,9 am to Noon,Autumn,No Leash,Harassment,Human,2019/20,5
1105,Footpath,9 am to Noon,Autumn,No Leash,Harassment,Human,2020/21,4
1106,Footpath,9 am to Noon,Autumn,No Leash,Harassment,Human,2021/22,1
1107,Footpath,9 am to Noon,Autumn,No Leash,Harassment,Human,2022/23,4
1108,Footpath,9 am to Noon,Autumn,No Leash,Harassment,Human,2023/24,1
1109,Footpath,9 am to Noon,Autumn,No Leash,Harassment,Unknown,2018/19,1
1110,Footpath,9 am to Noon,Autumn,No Leash,Harassment,Unknown,2019/20,2
1111,Footpath,9 am to Noon,Autumn,No Leash,Harassment,Unknown,2020/21,2
1112,Footpath,9 am to Noon,Autumn,No Leash,Harassment,Unknown,2021/22,3
1113,Footpath,9 am to Noon,Autumn,No Leash,Harassment,Unknown,2023/24,1
1114,Footpath,9 am to Noon,Autumn,On a Leash,Attack,Animal,2019/20,3
1115,Footpath,9 am to Noon,Autumn,On a Leash,Attack,Animal,2020/21,2
1116,Footpath,9 am to Noon,Autumn,On a Leash,Attack,Animal,2021/22,1
1117,Footpath,9 am to Noon,Autumn,On a Leash,Attack,Animal,2022/23,1
1118,Footpath,9 am to Noon,Autumn,On a Leash,Attack,Animal,2023/24,1
1119,Footpath,9 am to Noon,Autumn,On a Leash,Attack,Animal,bef 30 Jun 2018,1
1120,Footpath,9 am to Noon,Autumn,On a Leash,Attack,Human,2018/19,1
1121,Footpath,9 am to Noon,Autumn,On a Leash,Attack,Human,2019/20,2
1122,Footpath,9 am to Noon,Autumn,On a Leash,Attack,Human,2020/21,1
1123,Footpath,9 am to Noon,Autumn,On a Leash,Attack,Human,2021/22,1
1124,Footpath,9 am to Noon,Autumn,On a Leash,Attack,Human,2023/24,3
1125,Footpath,9 am to Noon,Autumn,On a Leash,Attack,Unknown,2021/22,2
1126,Footpath,9 am to Noon,Autumn,On a Leash,Attack,Unknown,2022/23,1
1127,Footpath,9 am to Noon,Autumn,On a Leash,Harassment,Animal,2019/20,1
1128,Footpath,9 am to Noon,Autumn,On a Leash,Harassment,Human,2018/19,2
1129,Footpath,9 am to Noon,Autumn,On a Leash,Harassment,Human,2021/22,1
1130,Footpath,9 am to Noon,Autumn,Unknown,Attack,Animal,2018/19,1
1131,Footpath,9 am to Noon,Autumn,Unknown,Attack,Animal,2019/20,2
1132,Footpath,9 am to Noon,Autumn,Unknown,Attack,Animal,2021/22,1
1133,Footpath,9 am to Noon,Autumn,Unknown,Attack,Animal,2022/23,2
1134,Footpath,9 am to Noon,Autumn,Unknown,Attack,Animal,2023/24,5
1135,Footpath,9 am to Noon,Autumn,Unknown,Attack,Both,2019/20,1
1136,Footpath,9 am to Noon,Autumn,Unknown,Attack,Human,2018/19,1
1137,Footpath,9 am to Noon,Autumn,Unknown,Attack,Human,2019/20,1
1138,Footpath,9 am to Noon,Autumn,Unknown,Attack,Human,2021/22,1
1139,Footpath,9 am to Noon,Autumn,Unknown,Attack,Human,2022/23,2
1140,Footpath,9 am to Noon,Autumn,Unknown,Attack,Human,2023/24,1
1141,Footpath,9 am to Noon,Autumn,Unknown,Attack,Unknown,2019/20,1
1142,Footpath,9 am to Noon,Autumn,Unknown,Attack,Unknown,2020/21,1
1143,Footpath,9 am to Noon,Autumn,Unknown,Attack,Unknown,2021/22,3
1144,Footpath,9 am to Noon,Autumn,Unknown,Attack,Unknown,2022/23,2
1145,Footpath,9 am to Noon,Autumn,Unknown,Attack,Unknown,2023/24,1
1146,Footpath,9 am to Noon,Autumn,Unknown,Harassment,Animal,2019/20,1
1147,Footpath,9 am to Noon,Autumn,Unknown,Harassment,Animal,2020/21,1
1148,Footpath,9 am to Noon,Autumn,Unknown,Harassment,Animal,bef 30 Jun 2018,1
1149,Footpath,9 am to Noon,Autumn,Unknown,Harassment,Human,2018/19,1
1150,Footpath,9 am to Noon,Autumn,Unknown,Harassment,Human,2019/20,3
1151,Footpath,9 am to Noon,Autumn,Unknown,Harassment,Human,2020/21,1
1152,Footpath,9 am to Noon,Autumn,Unknown,Harassment,Human,2022/23,1
1153,Footpath,9 am to Noon,Autumn,Unknown,Harassment,Human,2023/24,1
1154,Footpath,9 am to Noon,Autumn,Unknown,Harassment,Unknown,2018/19,1
1155,Footpath,9 am to Noon,Autumn,Unknown,Harassment,Unknown,2019/20,1
1156,Footpath,9 am to Noon,Autumn,Unknown,Harassment,Unknown,2020/21,2
1157,Footpath,9 am to Noon,Autumn,Unknown,Harassment,Unknown,2021/22,2
1158,Footpath,9 am to Noon,Autumn,Unknown,Harassment,Unknown,2022/23,5
1159,Footpath,9 am to Noon,Spring,No Leash,Attack,Animal,2018/19,3
1160,Footpath,9 am to Noon,Spring,No Leash,Attack,Animal,2019/20,2
1161,Footpath,9 am to Noon,Spring,No Leash,Attack,Animal,2020/21,4
1162,Footpath,9 am to Noon,Spring,No Leash,Attack,Animal,2021/22,8
1163,Footpath,9 am to Noon,Spring,No Leash,Attack,Animal,2022/23,2
1164,Footpath,9 am to Noon,Spring,No Leash,Attack,Animal,2023/24,5
1165,Footpath,9 am to Noon,Spring,No Leash,Attack,Both,2021/22,1
1166,Footpath,9 am to Noon,Spring,No Leash,Attack,Both,2022/23,1
1167,Footpath,9 am to Noon,Spring,No Leash,Attack,Both,2023/24,1
1168,Footpath,9 am to Noon,Spring,No Leash,Attack,Human,2018/19,4
1169,Footpath,9 am to Noon,Spring,No Leash,Attack,Human,2019/20,5
1170,Footpath,9 am to Noon,Spring,No Leash,Attack,Human,2020/21,3
1171,Footpath,9 am to Noon,Spring,No Leash,Attack,Human,2021/22,2
1172,Footpath,9 am to Noon,Spring,No Leash,Attack,Human,2022/23,1
1173,Footpath,9 am to Noon,Spring,No Leash,Attack,Human,2023/24,3
1174,Footpath,9 am to Noon,Spring,No Leash,Attack,Unknown,2020/21,3
1175,Footpath,9 am to Noon,Spring,No Leash,Attack,Unknown,2021/22,2
1176,Footpath,9 am to Noon,Spring,No Leash,Attack,Unknown,2022/23,1
1177,Footpath,9 am to Noon,Spring,No Leash,Attack,Unknown,2023/24,2
1178,Footpath,9 am to Noon,Spring,No Leash,Harassment,Animal,2018/19,3
1179,Footpath,9 am to Noon,Spring,No Leash,Harassment,Animal,2019/20,3
1180,Footpath,9 am to Noon,Spring,No Leash,Harassment,Animal,2020/21,3
1181,Footpath,9 am to Noon,Spring,No Leash,Harassment,Animal,2021/22,3
1182,Footpath,9 am to Noon,Spring,No Leash,Harassment,Animal,2023/24,2
1183,Footpath,9 am to Noon,Spring,No Leash,Harassment,Both,2020/21,1
1184,Footpath,9 am to Noon,Spring,No Leash,Harassment,Human,2019/20,4
1185,Footpath,9 am to Noon,Spring,No Leash,Harassment,Human,2020/21,4
1186,Footpath,9 am to Noon,Spring,No Leash,Harassment,Human,2021/22,7
1187,Footpath,9 am to Noon,Spring,No Leash,Harassment,Human,2022/23,1
1188,Footpath,9 am to Noon,Spring,No Leash,Harassment,Human,2023/24,4
1189,Footpath,9 am to Noon,Spring,No Leash,Harassment,Unknown,2019/20,2
1190,Footpath,9 am to Noon,Spring,No Leash,Harassment,Unknown,2020/21,3
1191,Footpath,9 am to Noon,Spring,No Leash,Harassment,Unknown,2021/22,3
1192,Footpath,9 am to Noon,Spring,No Leash,Harassment,Unknown,2022/23,2
1193,Footpath,9 am to Noon,Spring,No Leash,Harassment,Unknown,2023/24,1
1194,Footpath,9 am to Noon,Spring,On a Leash,Attack,Animal,2018/19,2
1195,Footpath,9 am to Noon,Spring,On a Leash,Attack,Animal,2020/21,1
1196,Footpath,9 am to Noon,Spring,On a Leash,Attack,Animal,2021/22,1
1197,Footpath,9 am to Noon,Spring,On a Leash,Attack,Animal,2022/23,1
1198,Footpath,9 am to Noon,Spring,On a Leash,Attack,Human,2018/19,1
1199,Footpath,9 am to Noon,Spring,On a Leash,Attack,Human,2019/20,1
1200,Footpath,9 am to Noon,Spring,On a Leash,Attack,Human,2020/21,1
1201,Footpath,9 am to Noon,Spring,On a Leash,Attack,Human,2021/22,1
1202,Footpath,9 am to Noon,Spring,On a Leash,Attack,Unknown,2020/21,1
1203,Footpath,9 am to Noon,Spring,On a Leash,Attack,Unknown,2023/24,2
1204,Footpath,9 am to Noon,Spring,On a Leash,Harassment,Animal,2021/22,1
1205,Footpath,9 am to Noon,Spring,On a Leash,Harassment,Human,2022/23,1
1206,Footpath,9 am to Noon,Spring,On a Leash,Harassment,Human,2023/24,1
1207,Footpath,9 am to Noon,Spring,Unknown,Attack,Animal,2018/19,1
1208,Footpath,9 am to Noon,Spring,Unknown,Attack,Animal,2019/20,1
1209,Footpath,9 am to Noon,Spring,Unknown,Attack,Animal,2020/21,3
1210,Footpath,9 am to Noon,Spring,Unknown,Attack,Animal,2021/22,1
1211,Footpath,9 am to Noon,Spring,Unknown,Attack,Animal,2022/23,2
1212,Footpath,9 am to Noon,Spring,Unknown,Attack,Animal,2023/24,1
1213,Footpath,9 am to Noon,Spring,Unknown,Attack,Animal,bef 30 Jun 2018,1
1214,Footpath,9 am to Noon,Spring,Unknown,Attack,Human,2018/19,2
1215,Footpath,9 am to Noon,Spring,Unknown,Attack,Human,2020/21,1
1216,Footpath,9 am to Noon,Spring,Unknown,Attack,Human,2021/22,3
1217,Footpath,9 am to Noon,Spring,Unknown,Attack,Human,2022/23,4
1218,Footpath,9 am to Noon,Spring,Unknown,Attack,Human,2023/24,1
1219,Footpath,9 am to Noon,Spring,Unknown,Attack,Unknown,2020/21,1
1220,Footpath,9 am to Noon,Spring,Unknown,Attack,Unknown,2021/22,1
1221,Footpath,9 am to Noon,Spring,Unknown,Attack,Unknown,2023/24,1
1222,Footpath,9 am to Noon,Spring,Unknown,Harassment,Animal,2019/20,1
1223,Footpath,9 am to Noon,Spring,Unknown,Harassment,Animal,2022/23,1
1224,Footpath,9 am to Noon,Spring,Unknown,Harassment,Animal,2023/24,1
1225,Footpath,9 am to Noon,Spring,Unknown,Harassment,Human,2018/19,2
1226,Footpath,9 am to Noon,Spring,Unknown,Harassment,Human,2019/20,2
1227,Footpath,9 am to Noon,Spring,Unknown,Harassment,Human,2020/21,2
1228,Footpath,9 am to Noon,Spring,Unknown,Harassment,Human,2021/22,3
1229,Footpath,9 am to Noon,Spring,Unknown,Harassment,Human,2022/23,2
1230,Footpath,9 am to Noon,Spring,Unknown,Harassment,Human,2023/24,2
1231,Footpath,9 am to Noon,Spring,Unknown,Harassment,Unknown,2018/19,3
1232,Footpath,9 am to Noon,Spring,Unknown,Harassment,Unknown,2019/20,2
1233,Footpath,9 am to Noon,Spring,Unknown,Harassment,Unknown,2021/22,1
1234,Footpath,9 am to Noon,Spring,Unknown,Harassment,Unknown,2023/24,2
1235,Footpath,9 am to Noon,Summer,No Leash,Attack,Animal,2018/19,2
1236,Footpath,9 am to Noon,Summer,No Leash,Attack,Animal,2019/20,2
1237,Footpath,9 am to Noon,Summer,No Leash,Attack,Animal,2020/21,10
1238,Footpath,9 am to Noon,Summer,No Leash,Attack,Animal,2021/22,2
1239,Footpath,9 am to Noon,Summer,No Leash,Attack,Animal,2022/23,5
1240,Footpath,9 am to Noon,Summer,No Leash,Attack,Animal,2023/24,4
1241,Footpath,9 am to Noon,Summer,No Leash,Attack,Both,2021/22,1
1242,Footpath,9 am to Noon,Summer,No Leash,Attack,Human,2018/19,1
1243,Footpath,9 am to Noon,Summer,No Leash,Attack,Human,2019/20,3
1244,Footpath,9 am to Noon,Summer,No Leash,Attack,Human,2020/21,2
1245,Footpath,9 am to Noon,Summer,No Leash,Attack,Human,2021/22,2
1246,Footpath,9 am to Noon,Summer,No Leash,Attack,Human,2022/23,2
1247,Footpath,9 am to Noon,Summer,No Leash,Attack,Human,2023/24,4
1248,Footpath,9 am to Noon,Summer,No Leash,Attack,Human,bef 30 Jun 2018,1
1249,Footpath,9 am to Noon,Summer,No Leash,Attack,Unknown,2018/19,3
1250,Footpath,9 am to Noon,Summer,No Leash,Attack,Unknown,2019/20,2
1251,Footpath,9 am to Noon,Summer,No Leash,Attack,Unknown,2020/21,1
1252,Footpath,9 am to Noon,Summer,No Leash,Attack,Unknown,2021/22,3
1253,Footpath,9 am to Noon,Summer,No Leash,Attack,Unknown,2022/23,5
1254,Footpath,9 am to Noon,Summer,No Leash,Attack,Unknown,2023/24,1
1255,Footpath,9 am to Noon,Summer,No Leash,Harassment,Animal,2020/21,2
1256,Footpath,9 am to Noon,Summer,No Leash,Harassment,Animal,2021/22,1
1257,Footpath,9 am to Noon,Summer,No Leash,Harassment,Animal,2022/23,4
1258,Footpath,9 am to Noon,Summer,No Leash,Harassment,Both,2022/23,1
1259,Footpath,9 am to Noon,Summer,No Leash,Harassment,Both,2023/24,1
1260,Footpath,9 am to Noon,Summer,No Leash,Harassment,Human,2019/20,2
1261,Footpath,9 am to Noon,Summer,No Leash,Harassment,Human,2020/21,1
1262,Footpath,9 am to Noon,Summer,No Leash,Harassment,Human,2021/22,2
1263,Footpath,9 am to Noon,Summer,No Leash,Harassment,Human,2022/23,2
1264,Footpath,9 am to Noon,Summer,No Leash,Harassment,Human,bef 30 Jun 2018,1
1265,Footpath,9 am to Noon,Summer,No Leash,Harassment,Unknown,2018/19,1
1266,Footpath,9 am to Noon,Summer,No Leash,Harassment,Unknown,2019/20,2
1267,Footpath,9 am to Noon,Summer,No Leash,Harassment,Unknown,2020/21,1
1268,Footpath,9 am to Noon,Summer,On a Leash,Attack,Animal,2018/19,1
1269,Footpath,9 am to Noon,Summer,On a Leash,Attack,Animal,2020/21,2
1270,Footpath,9 am to Noon,Summer,On a Leash,Attack,Animal,2022/23,1
1271,Footpath,9 am to Noon,Summer,On a Leash,Attack,Animal,2023/24,1
1272,Footpath,9 am to Noon,Summer,On a Leash,Attack,Animal,bef 30 Jun 2018,1
1273,Footpath,9 am to Noon,Summer,On a Leash,Attack,Human,2020/21,1
1274,Footpath,9 am to Noon,Summer,On a Leash,Attack,Human,2022/23,1
1275,Footpath,9 am to Noon,Summer,On a Leash,Attack,Human,2023/24,3
1276,Footpath,9 am to Noon,Summer,On a Leash,Attack,Unknown,2019/20,1
1277,Footpath,9 am to Noon,Summer,On a Leash,Attack,Unknown,2022/23,1
1278,Footpath,9 am to Noon,Summer,On a Leash,Harassment,Human,2018/19,1
1279,Footpath,9 am to Noon,Summer,On a Leash,Harassment,Unknown,2023/24,1
1280,Footpath,9 am to Noon,Summer,Unknown,Attack,Animal,2018/19,1
1281,Footpath,9 am to Noon,Summer,Unknown,Attack,Animal,2019/20,2
1282,Footpath,9 am to Noon,Summer,Unknown,Attack,Animal,2020/21,1
1283,Footpath,9 am to Noon,Summer,Unknown,Attack,Animal,2021/22,2
1284,Footpath,9 am to Noon,Summer,Unknown,Attack,Animal,2022/23,2
1285,Footpath,9 am to Noon,Summer,Unknown,Attack,Animal,2023/24,4
1286,Footpath,9 am to Noon,Summer,Unknown,Attack,Both,2023/24,1
1287,Footpath,9 am to Noon,Summer,Unknown,Attack,Human,2018/19,1
1288,Footpath,9 am to Noon,Summer,Unknown,Attack,Human,2020/21,2
1289,Footpath,9 am to Noon,Summer,Unknown,Attack,Human,2021/22,1
1290,Footpath,9 am to Noon,Summer,Unknown,Attack,Human,2022/23,1
1291,Footpath,9 am to Noon,Summer,Unknown,Attack,Human,2023/24,3
1292,Footpath,9 am to Noon,Summer,Unknown,Attack,Unknown,2020/21,1
1293,Footpath,9 am to Noon,Summer,Unknown,Attack,Unknown,2021/22,1
1294,Footpath,9 am to Noon,Summer,Unknown,Attack,Unknown,2022/23,3
1295,Footpath,9 am to Noon,Summer,Unknown,Attack,Unknown,2023/24,3
1296,Footpath,9 am to Noon,Summer,Unknown,Harassment,Animal,2018/19,2
1297,Footpath,9 am to Noon,Summer,Unknown,Harassment,Animal,2019/20,2
1298,Footpath,9 am to Noon,Summer,Unknown,Harassment,Animal,2021/22,1
1299,Footpath,9 am to Noon,Summer,Unknown,Harassment,Both,2020/21,1
1300,Footpath,9 am to Noon,Summer,Unknown,Harassment,Human,2019/20,1
1301,Footpath,9 am to Noon,Summer,Unknown,Harassment,Human,2020/21,1
1302,Footpath,9 am to Noon,Summer,Unknown,Harassment,Human,2021/22,2
1303,Footpath,9 am to Noon,Summer,Unknown,Harassment,Human,2022/23,2
1304,Footpath,9 am to Noon,Summer,Unknown,Harassment,Human,2023/24,3
1305,Footpath,9 am to Noon,Summer,Unknown,Harassment,Unknown,2019/20,3
1306,Footpath,9 am to Noon,Summer,Unknown,Harassment,Unknown,2020/21,2
1307,Footpath,9 am to Noon,Summer,Unknown,Harassment,Unknown,2021/22,2
1308,Footpath,9 am to Noon,Summer,Unknown,Harassment,Unknown,2022/23,1
1309,Footpath,9 am to Noon,Winter,No Leash,Attack,Animal,2018/19,6
1310,Footpath,9 am to Noon,Winter,No Leash,Attack,Animal,2019/20,8
1311,Footpath,9 am to Noon,Winter,No Leash,Attack,Animal,2020/21,4
1312,Footpath,9 am to Noon,Winter,No Leash,Attack,Animal,2021/22,11
1313,Footpath,9 am to Noon,Winter,No Leash,Attack,Animal,2022/23,9
1314,Footpath,9 am to Noon,Winter,No Leash,Attack,Animal,2023/24,3
1315,Footpath,9 am to Noon,Winter,No Leash,Attack,Animal,bef 30 Jun 2018,1
1316,Footpath,9 am to Noon,Winter,No Leash,Attack,Both,2019/20,1
1317,Footpath,9 am to Noon,Winter,No Leash,Attack,Both,2022/23,1
1318,Footpath,9 am to Noon,Winter,No Leash,Attack,Both,2023/24,2
1319,Footpath,9 am to Noon,Winter,No Leash,Attack,Human,2019/20,1
1320,Footpath,9 am to Noon,Winter,No Leash,Attack,Human,2020/21,2
1321,Footpath,9 am to Noon,Winter,No Leash,Attack,Human,2021/22,5
1322,Footpath,9 am to Noon,Winter,No Leash,Attack,Human,2022/23,3
1323,Footpath,9 am to Noon,Winter,No Leash,Attack,Human,2023/24,3
1324,Footpath,9 am to Noon,Winter,No Leash,Attack,Unknown,2019/20,2
1325,Footpath,9 am to Noon,Winter,No Leash,Attack,Unknown,2020/21,2
1326,Footpath,9 am to Noon,Winter,No Leash,Attack,Unknown,2021/22,2
1327,Footpath,9 am to Noon,Winter,No Leash,Attack,Unknown,2022/23,1
1328,Footpath,9 am to Noon,Winter,No Leash,Attack,Unknown,2023/24,3
1329,Footpath,9 am to Noon,Winter,No Leash,Harassment,Animal,2018/19,3
1330,Footpath,9 am to Noon,Winter,No Leash,Harassment,Animal,2019/20,2
1331,Footpath,9 am to Noon,Winter,No Leash,Harassment,Animal,2020/21,4
1332,Footpath,9 am to Noon,Winter,No Leash,Harassment,Animal,2021/22,4
1333,Footpath,9 am to Noon,Winter,No Leash,Harassment,Animal,2022/23,2
1334,Footpath,9 am to Noon,Winter,No Leash,Harassment,Animal,2023/24,1
1335,Footpath,9 am to Noon,Winter,No Leash,Harassment,Animal,bef 30 Jun 2018,1
1336,Footpath,9 am to Noon,Winter,No Leash,Harassment,Both,2020/21,1
1337,Footpath,9 am to Noon,Winter,No Leash,Harassment,Both,2022/23,1
1338,Footpath,9 am to Noon,Winter,No Leash,Harassment,Human,2018/19,3
1339,Footpath,9 am to Noon,Winter,No Leash,Harassment,Human,2019/20,5
1340,Footpath,9 am to Noon,Winter,No Leash,Harassment,Human,2020/21,6
1341,Footpath,9 am to Noon,Winter,No Leash,Harassment,Human,2021/22,2
1342,Footpath,9 am to Noon,Winter,No Leash,Harassment,Human,2022/23,3
1343,Footpath,9 am to Noon,Winter,No Leash,Harassment,Human,2023/24,1
1344,Footpath,9 am to Noon,Winter,No Leash,Harassment,Human,bef 30 Jun 2018,1
1345,Footpath,9 am to Noon,Winter,No Leash,Harassment,Unknown,2018/19,1
1346,Footpath,9 am to Noon,Winter,No Leash,Harassment,Unknown,2019/20,2
1347,Footpath,9 am to Noon,Winter,No Leash,Harassment,Unknown,2020/21,2
1348,Footpath,9 am to Noon,Winter,No Leash,Harassment,Unknown,2021/22,1
1349,Footpath,9 am to Noon,Winter,No Leash,Harassment,Unknown,2022/23,1
1350,Footpath,9 am to Noon,Winter,No Leash,Harassment,Unknown,2023/24,2
1351,Footpath,9 am to Noon,Winter,On a Leash,Attack,Animal,2019/20,1
1352,Footpath,9 am to Noon,Winter,On a Leash,Attack,Animal,2020/21,1
1353,Footpath,9 am to Noon,Winter,On a Leash,Attack,Animal,2021/22,2
1354,Footpath,9 am to Noon,Winter,On a Leash,Attack,Animal,2023/24,1
1355,Footpath,9 am to Noon,Winter,On a Leash,Attack,Both,2020/21,1
1356,Footpath,9 am to Noon,Winter,On a Leash,Attack,Human,2018/19,1
1357,Footpath,9 am to Noon,Winter,On a Leash,Attack,Human,2021/22,3
1358,Footpath,9 am to Noon,Winter,On a Leash,Attack,Human,2023/24,3
1359,Footpath,9 am to Noon,Winter,On a Leash,Attack,Unknown,2022/23,1
1360,Footpath,9 am to Noon,Winter,On a Leash,Harassment,Unknown,2020/21,1
1361,Footpath,9 am to Noon,Winter,On a Leash,Harassment,Unknown,2023/24,1
1362,Footpath,9 am to Noon,Winter,Unknown,Attack,Animal,2018/19,1
1363,Footpath,9 am to Noon,Winter,Unknown,Attack,Animal,2020/21,1
1364,Footpath,9 am to Noon,Winter,Unknown,Attack,Animal,2022/23,1
1365,Footpath,9 am to Noon,Winter,Unknown,Attack,Animal,2023/24,2
1366,Footpath,9 am to Noon,Winter,Unknown,Attack,Both,2020/21,1
1367,Footpath,9 am to Noon,Winter,Unknown,Attack,Human,2018/19,1
1368,Footpath,9 am to Noon,Winter,Unknown,Attack,Human,2019/20,1
1369,Footpath,9 am to Noon,Winter,Unknown,Attack,Human,2021/22,1
1370,Footpath,9 am to Noon,Winter,Unknown,Attack,Human,2022/23,2
1371,Footpath,9 am to Noon,Winter,Unknown,Attack,Unknown,2020/21,2
1372,Footpath,9 am to Noon,Winter,Unknown,Attack,Unknown,2021/22,3
1373,Footpath,9 am to Noon,Winter,Unknown,Attack,Unknown,bef 30 Jun 2018,1
1374,Footpath,9 am to Noon,Winter,Unknown,Harassment,Animal,2018/19,1
1375,Footpath,9 am to Noon,Winter,Unknown,Harassment,Animal,2019/20,2
1376,Footpath,9 am to Noon,Winter,Unknown,Harassment,Animal,2023/24,1
1377,Footpath,9 am to Noon,Winter,Unknown,Harassment,Both,2020/21,1
1378,Footpath,9 am to Noon,Winter,Unknown,Harassment,Human,2018/19,1
1379,Footpath,9 am to Noon,Winter,Unknown,Harassment,Human,2019/20,1
1380,Footpath,9 am to Noon,Winter,Unknown,Harassment,Human,2023/24,1
1381,Footpath,9 am to Noon,Winter,Unknown,Harassment,Human,bef 30 Jun 2018,1
1382,Footpath,9 am to Noon,Winter,Unknown,Harassment,Unknown,2019/20,2
1383,Footpath,9 am to Noon,Winter,Unknown,Harassment,Unknown,2021/22,4
1384,Footpath,9 am to Noon,Winter,Unknown,Harassment,Unknown,2022/23,1
1385,Footpath,9 am to Noon,Winter,Unknown,Harassment,Unknown,2023/24,2
1386,Footpath,Noon to 5 pm,Autumn,No Leash,Attack,Animal,2018/19,5
1387,Footpath,Noon to 5 pm,Autumn,No Leash,Attack,Animal,2019/20,12
1388,Footpath,Noon to 5 pm,Autumn,No Leash,Attack,Animal,2020/21,4
1389,Footpath,Noon to 5 pm,Autumn,No Leash,Attack,Animal,2021/22,4
1390,Footpath,Noon to 5 pm,Autumn,No Leash,Attack,Animal,2022/23,6
1391,Footpath,Noon to 5 pm,Autumn,No Leash,Attack,Animal,2023/24,2
1392,Footpath,Noon to 5 pm,Autumn,No Leash,Attack,Animal,bef 30 Jun 2018,2
1393,Footpath,Noon to 5 pm,Autumn,No Leash,Attack,Both,2018/19,2
1394,Footpath,Noon to 5 pm,Autumn,No Leash,Attack,Both,2019/20,2
1395,Footpath,Noon to 5 pm,Autumn,No Leash,Attack,Both,2022/23,1
1396,Footpath,Noon to 5 pm,Autumn,No Leash,Attack,Human,2018/19,3
1397,Footpath,Noon to 5 pm,Autumn,No Leash,Attack,Human,2019/20,4
1398,Footpath,Noon to 5 pm,Autumn,No Leash,Attack,Human,2020/21,7
1399,Footpath,Noon to 5 pm,Autumn,No Leash,Attack,Human,2021/22,3
1400,Footpath,Noon to 5 pm,Autumn,No Leash,Attack,Human,2022/23,6
1401,Footpath,Noon to 5 pm,Autumn,No Leash,Attack,Human,2023/24,2
1402,Footpath,Noon to 5 pm,Autumn,No Leash,Attack,Human,bef 30 Jun 2018,1
1403,Footpath,Noon to 5 pm,Autumn,No Leash,Attack,Unknown,2018/19,2
1404,Footpath,Noon to 5 pm,Autumn,No Leash,Attack,Unknown,2019/20,1
1405,Footpath,Noon to 5 pm,Autumn,No Leash,Attack,Unknown,2020/21,3
1406,Footpath,Noon to 5 pm,Autumn,No Leash,Attack,Unknown,2021/22,1
1407,Footpath,Noon to 5 pm,Autumn,No Leash,Attack,Unknown,2023/24,2
1408,Footpath,Noon to 5 pm,Autumn,No Leash,Harassment,Animal,2019/20,5
1409,Footpath,Noon to 5 pm,Autumn,No Leash,Harassment,Animal,2020/21,3
1410,Footpath,Noon to 5 pm,Autumn,No Leash,Harassment,Animal,2021/22,5
1411,Footpath,Noon to 5 pm,Autumn,No Leash,Harassment,Animal,2022/23,2
1412,Footpath,Noon to 5 pm,Autumn,No Leash,Harassment,Animal,2023/24,1
1413,Footpath,Noon to 5 pm,Autumn,No Leash,Harassment,Both,2018/19,2
1414,Footpath,Noon to 5 pm,Autumn,No Leash,Harassment,Human,2018/19,4
1415,Footpath,Noon to 5 pm,Autumn,No Leash,Harassment,Human,2019/20,3
1416,Footpath,Noon to 5 pm,Autumn,No Leash,Harassment,Human,2020/21,3
1417,Footpath,Noon to 5 pm,Autumn,No Leash,Harassment,Human,2021/22,4
1418,Footpath,Noon to 5 pm,Autumn,No Leash,Harassment,Human,2022/23,2
1419,Footpath,Noon to 5 pm,Autumn,No Leash,Harassment,Human,2023/24,1
1420,Footpath,Noon to 5 pm,Autumn,No Leash,Harassment,Unknown,2019/20,4
1421,Footpath,Noon to 5 pm,Autumn,No Leash,Harassment,Unknown,2021/22,5
1422,Footpath,Noon to 5 pm,Autumn,No Leash,Harassment,Unknown,2022/23,1
1423,Footpath,Noon to 5 pm,Autumn,No Leash,Harassment,Unknown,2023/24,2
1424,Footpath,Noon to 5 pm,Autumn,On a Leash,Attack,Animal,2018/19,1
1425,Footpath,Noon to 5 pm,Autumn,On a Leash,Attack,Animal,2019/20,3
1426,Footpath,Noon to 5 pm,Autumn,On a Leash,Attack,Animal,2022/23,1
1427,Footpath,Noon to 5 pm,Autumn,On a Leash,Attack,Human,2019/20,1
1428,Footpath,Noon to 5 pm,Autumn,On a Leash,Attack,Human,2022/23,2
1429,Footpath,Noon to 5 pm,Autumn,On a Leash,Attack,Unknown,2023/24,1
1430,Footpath,Noon to 5 pm,Autumn,On a Leash,Harassment,Animal,2020/21,1
1431,Footpath,Noon to 5 pm,Autumn,On a Leash,Harassment,Animal,2021/22,1
1432,Footpath,Noon to 5 pm,Autumn,On a Leash,Harassment,Human,2018/19,2
1433,Footpath,Noon to 5 pm,Autumn,On a Leash,Harassment,Human,bef 30 Jun 2018,1
1434,Footpath,Noon to 5 pm,Autumn,Unknown,Attack,Animal,2018/19,2
1435,Footpath,Noon to 5 pm,Autumn,Unknown,Attack,Animal,2019/20,1
1436,Footpath,Noon to 5 pm,Autumn,Unknown,Attack,Animal,2020/21,2
1437,Footpath,Noon to 5 pm,Autumn,Unknown,Attack,Animal,2021/22,4
1438,Footpath,Noon to 5 pm,Autumn,Unknown,Attack,Animal,bef 30 Jun 2018,2
1439,Footpath,Noon to 5 pm,Autumn,Unknown,Attack,Both,2018/19,2
1440,Footpath,Noon to 5 pm,Autumn,Unknown,Attack,Human,2018/19,1
1441,Footpath,Noon to 5 pm,Autumn,Unknown,Attack,Human,2019/20,1
1442,Footpath,Noon to 5 pm,Autumn,Unknown,Attack,Human,2020/21,1
1443,Footpath,Noon to 5 pm,Autumn,Unknown,Attack,Human,2021/22,1
1444,Footpath,Noon to 5 pm,Autumn,Unknown,Attack,Human,2023/24,1
1445,Footpath,Noon to 5 pm,Autumn,Unknown,Attack,Unknown,2018/19,1
1446,Footpath,Noon to 5 pm,Autumn,Unknown,Attack,Unknown,2019/20,3
1447,Footpath,Noon to 5 pm,Autumn,Unknown,Attack,Unknown,2020/21,5
1448,Footpath,Noon to 5 pm,Autumn,Unknown,Attack,Unknown,2021/22,1
1449,Footpath,Noon to 5 pm,Autumn,Unknown,Attack,Unknown,2022/23,3
1450,Footpath,Noon to 5 pm,Autumn,Unknown,Attack,Unknown,2023/24,2
1451,Footpath,Noon to 5 pm,Autumn,Unknown,Harassment,Animal,2019/20,1
1452,Footpath,Noon to 5 pm,Autumn,Unknown,Harassment,Animal,2020/21,1
1453,Footpath,Noon to 5 pm,Autumn,Unknown,Harassment,Animal,2021/22,2
1454,Footpath,Noon to 5 pm,Autumn,Unknown,Harassment,Animal,2022/23,1
1455,Footpath,Noon to 5 pm,Autumn,Unknown,Harassment,Human,2018/19,2
1456,Footpath,Noon to 5 pm,Autumn,Unknown,Harassment,Human,2019/20,2
1457,Footpath,Noon to 5 pm,Autumn,Unknown,Harassment,Human,2020/21,1
1458,Footpath,Noon to 5 pm,Autumn,Unknown,Harassment,Human,2021/22,1
1459,Footpath,Noon to 5 pm,Autumn,Unknown,Harassment,Unknown,2018/19,1
1460,Footpath,Noon to 5 pm,Autumn,Unknown,Harassment,Unknown,2019/20,1
1461,Footpath,Noon to 5 pm,Autumn,Unknown,Harassment,Unknown,2020/21,1
1462,Footpath,Noon to 5 pm,Autumn,Unknown,Harassment,Unknown,2021/22,2
1463,Footpath,Noon to 5 pm,Autumn,Unknown,Harassment,Unknown,2022/23,2
1464,Footpath,Noon to 5 pm,Autumn,Unknown,Harassment,Unknown,2023/24,1
1465,Footpath,Noon to 5 pm,Spring,No Leash,Attack,Animal,2018/19,6
1466,Footpath,Noon to 5 pm,Spring,No Leash,Attack,Animal,2019/20,5
1467,Footpath,Noon to 5 pm,Spring,No Leash,Attack,Animal,2020/21,12
1468,Footpath,Noon to 5 pm,Spring,No Leash,Attack,Animal,2021/22,6
1469,Footpath,Noon to 5 pm,Spring,No Leash,Attack,Animal,2022/23,5
1470,Footpath,Noon to 5 pm,Spring,No Leash,Attack,Animal,2023/24,2
1471,Footpath,Noon to 5 pm,Spring,No Leash,Attack,Animal,bef 30 Jun 2018,1
1472,Footpath,Noon to 5 pm,Spring,No Leash,Attack,Both,2018/19,1
1473,Footpath,Noon to 5 pm,Spring,No Leash,Attack,Both,2020/21,1
1474,Footpath,Noon to 5 pm,Spring,No Leash,Attack,Both,2023/24,1
1475,Footpath,Noon to 5 pm,Spring,No Leash,Attack,Human,2018/19,1
1476,Footpath,Noon to 5 pm,Spring,No Leash,Attack,Human,2019/20,1
1477,Footpath,Noon to 5 pm,Spring,No Leash,Attack,Human,2020/21,2
1478,Footpath,Noon to 5 pm,Spring,No Leash,Attack,Human,2021/22,4
1479,Footpath,Noon to 5 pm,Spring,No Leash,Attack,Human,2022/23,6
1480,Footpath,Noon to 5 pm,Spring,No Leash,Attack,Human,2023/24,4
1481,Footpath,Noon to 5 pm,Spring,No Leash,Attack,Unknown,2020/21,3
1482,Footpath,Noon to 5 pm,Spring,No Leash,Attack,Unknown,2021/22,4
1483,Footpath,Noon to 5 pm,Spring,No Leash,Attack,Unknown,2022/23,5
1484,Footpath,Noon to 5 pm,Spring,No Leash,Attack,Unknown,2023/24,1
1485,Footpath,Noon to 5 pm,Spring,No Leash,Harassment,Animal,2018/19,3
1486,Footpath,Noon to 5 pm,Spring,No Leash,Harassment,Animal,2019/20,5
1487,Footpath,Noon to 5 pm,Spring,No Leash,Harassment,Animal,2020/21,2
1488,Footpath,Noon to 5 pm,Spring,No Leash,Harassment,Animal,2021/22,2
1489,Footpath,Noon to 5 pm,Spring,No Leash,Harassment,Animal,2022/23,4
1490,Footpath,Noon to 5 pm,Spring,No Leash,Harassment,Animal,2023/24,3
1491,Footpath,Noon to 5 pm,Spring,No Leash,Harassment,Both,2021/22,1
1492,Footpath,Noon to 5 pm,Spring,No Leash,Harassment,Human,2018/19,2
1493,Footpath,Noon to 5 pm,Spring,No Leash,Harassment,Human,2019/20,7
1494,Footpath,Noon to 5 pm,Spring,No Leash,Harassment,Human,2020/21,8
1495,Footpath,Noon to 5 pm,Spring,No Leash,Harassment,Human,2021/22,5
1496,Footpath,Noon to 5 pm,Spring,No Leash,Harassment,Human,2022/23,2
1497,Footpath,Noon to 5 pm,Spring,No Leash,Harassment,Human,2023/24,1
1498,Footpath,Noon to 5 pm,Spring,No Leash,Harassment,Unknown,2018/19,1
1499,Footpath,Noon to 5 pm,Spring,No Leash,Harassment,Unknown,2019/20,3
1500,Footpath,Noon to 5 pm,Spring,No Leash,Harassment,Unknown,2020/21,1
1501,Footpath,Noon to 5 pm,Spring,No Leash,Harassment,Unknown,2021/22,3
1502,Footpath,Noon to 5 pm,Spring,No Leash,Harassment,Unknown,2022/23,2
1503,Footpath,Noon to 5 pm,Spring,No Leash,Harassment,Unknown,2023/24,4
1504,Footpath,Noon to 5 pm,Spring,On a Leash,Attack,Animal,2018/19,2
1505,Footpath,Noon to 5 pm,Spring,On a Leash,Attack,Animal,2019/20,1
1506,Footpath,Noon to 5 pm,Spring,On a Leash,Attack,Animal,2021/22,3
1507,Footpath,Noon to 5 pm,Spring,On a Leash,Attack,Animal,2022/23,1
1508,Footpath,Noon to 5 pm,Spring,On a Leash,Attack,Human,2018/19,1
1509,Footpath,Noon to 5 pm,Spring,On a Leash,Attack,Human,2021/22,4
1510,Footpath,Noon to 5 pm,Spring,On a Leash,Attack,Human,2022/23,2
1511,Footpath,Noon to 5 pm,Spring,On a Leash,Attack,Human,2023/24,1
1512,Footpath,Noon to 5 pm,Spring,On a Leash,Attack,Unknown,2019/20,2
1513,Footpath,Noon to 5 pm,Spring,On a Leash,Attack,Unknown,2021/22,2
1514,Footpath,Noon to 5 pm,Spring,On a Leash,Harassment,Animal,2023/24,1
1515,Footpath,Noon to 5 pm,Spring,On a Leash,Harassment,Human,2021/22,1
1516,Footpath,Noon to 5 pm,Spring,On a Leash,Harassment,Unknown,2021/22,1
1517,Footpath,Noon to 5 pm,Spring,On a Leash,Harassment,Unknown,2022/23,1
1518,Footpath,Noon to 5 pm,Spring,Unknown,Attack,Animal,2018/19,3
1519,Footpath,Noon to 5 pm,Spring,Unknown,Attack,Animal,2019/20,2
1520,Footpath,Noon to 5 pm,Spring,Unknown,Attack,Animal,2020/21,2
1521,Footpath,Noon to 5 pm,Spring,Unknown,Attack,Animal,2021/22,3
1522,Footpath,Noon to 5 pm,Spring,Unknown,Attack,Animal,2022/23,2
1523,Footpath,Noon to 5 pm,Spring,Unknown,Attack,Animal,2023/24,1
1524,Footpath,Noon to 5 pm,Spring,Unknown,Attack,Both,2022/23,1
1525,Footpath,Noon to 5 pm,Spring,Unknown,Attack,Human,2018/19,3
1526,Footpath,Noon to 5 pm,Spring,Unknown,Attack,Human,2019/20,1
1527,Footpath,Noon to 5 pm,Spring,Unknown,Attack,Human,2020/21,1
1528,Footpath,Noon to 5 pm,Spring,Unknown,Attack,Human,2021/22,3
1529,Footpath,Noon to 5 pm,Spring,Unknown,Attack,Human,2022/23,1
1530,Footpath,Noon to 5 pm,Spring,Unknown,Attack,Human,2023/24,2
1531,Footpath,Noon to 5 pm,Spring,Unknown,Attack,Human,bef 30 Jun 2018,1
1532,Footpath,Noon to 5 pm,Spring,Unknown,Attack,Unknown,2018/19,2
1533,Footpath,Noon to 5 pm,Spring,Unknown,Attack,Unknown,2020/21,3
1534,Footpath,Noon to 5 pm,Spring,Unknown,Attack,Unknown,2021/22,2
1535,Footpath,Noon to 5 pm,Spring,Unknown,Attack,Unknown,2022/23,3
1536,Footpath,Noon to 5 pm,Spring,Unknown,Attack,Unknown,2023/24,3
1537,Footpath,Noon to 5 pm,Spring,Unknown,Harassment,Animal,2018/19,1
1538,Footpath,Noon to 5 pm,Spring,Unknown,Harassment,Animal,2019/20,2
1539,Footpath,Noon to 5 pm,Spring,Unknown,Harassment,Animal,2020/21,1
1540,Footpath,Noon to 5 pm,Spring,Unknown,Harassment,Both,2019/20,1
1541,Footpath,Noon to 5 pm,Spring,Unknown,Harassment,Both,2021/22,1
1542,Footpath,Noon to 5 pm,Spring,Unknown,Harassment,Both,bef 30 Jun 2018,1
1543,Footpath,Noon to 5 pm,Spring,Unknown,Harassment,Human,2018/19,1
1544,Footpath,Noon to 5 pm,Spring,Unknown,Harassment,Human,2020/21,1
1545,Footpath,Noon to 5 pm,Spring,Unknown,Harassment,Human,2021/22,1
1546,Footpath,Noon to 5 pm,Spring,Unknown,Harassment,Human,2022/23,1
1547,Footpath,Noon to 5 pm,Spring,Unknown,Harassment,Human,2023/24,1
1548,Footpath,Noon to 5 pm,Spring,Unknown,Harassment,Unknown,2018/19,2
1549,Footpath,Noon to 5 pm,Spring,Unknown,Harassment,Unknown,2019/20,1
1550,Footpath,Noon to 5 pm,Spring,Unknown,Harassment,Unknown,2020/21,2
1551,Footpath,Noon to 5 pm,Spring,Unknown,Harassment,Unknown,2021/22,2
1552,Footpath,Noon to 5 pm,Spring,Unknown,Harassment,Unknown,2022/23,4
1553,Footpath,Noon to 5 pm,Spring,Unknown,Harassment,Unknown,2023/24,2
1554,Footpath,Noon to 5 pm,Summer,No Leash,Attack,Animal,2018/19,1
1555,Footpath,Noon to 5 pm,Summer,No Leash,Attack,Animal,2019/20,4
1556,Footpath,Noon to 5 pm,Summer,No Leash,Attack,Animal,2020/21,5
1557,Footpath,Noon to 5 pm,Summer,No Leash,Attack,Animal,2021/22,2
1558,Footpath,Noon to 5 pm,Summer,No Leash,Attack,Animal,2022/23,2
1559,Footpath,Noon to 5 pm,Summer,No Leash,Attack,Animal,2023/24,3
1560,Footpath,Noon to 5 pm,Summer,No Leash,Attack,Both,2020/21,1
1561,Footpath,Noon to 5 pm,Summer,No Leash,Attack,Both,2023/24,2
1562,Footpath,Noon to 5 pm,Summer,No Leash,Attack,Human,2018/19,2
1563,Footpath,Noon to 5 pm,Summer,No Leash,Attack,Human,2019/20,5
1564,Footpath,Noon to 5 pm,Summer,No Leash,Attack,Human,2020/21,2
1565,Footpath,Noon to 5 pm,Summer,No Leash,Attack,Human,2021/22,2
1566,Footpath,Noon to 5 pm,Summer,No Leash,Attack,Human,2022/23,3
1567,Footpath,Noon to 5 pm,Summer,No Leash,Attack,Human,2023/24,1
1568,Footpath,Noon to 5 pm,Summer,No Leash,Attack,Human,bef 30 Jun 2018,1
1569,Footpath,Noon to 5 pm,Summer,No Leash,Attack,Unknown,2019/20,1
1570,Footpath,Noon to 5 pm,Summer,No Leash,Attack,Unknown,2020/21,3
1571,Footpath,Noon to 5 pm,Summer,No Leash,Attack,Unknown,2021/22,1
1572,Footpath,Noon to 5 pm,Summer,No Leash,Attack,Unknown,2022/23,1
1573,Footpath,Noon to 5 pm,Summer,No Leash,Attack,Unknown,2023/24,2
1574,Footpath,Noon to 5 pm,Summer,No Leash,Harassment,Animal,2019/20,1
1575,Footpath,Noon to 5 pm,Summer,No Leash,Harassment,Animal,2020/21,3
1576,Footpath,Noon to 5 pm,Summer,No Leash,Harassment,Human,2019/20,5
1577,Footpath,Noon to 5 pm,Summer,No Leash,Harassment,Human,2020/21,8
1578,Footpath,Noon to 5 pm,Summer,No Leash,Harassment,Human,2022/23,3
1579,Footpath,Noon to 5 pm,Summer,No Leash,Harassment,Human,2023/24,2
1580,Footpath,Noon to 5 pm,Summer,No Leash,Harassment,Unknown,2019/20,3
1581,Footpath,Noon to 5 pm,Summer,No Leash,Harassment,Unknown,2021/22,3
1582,Footpath,Noon to 5 pm,Summer,No Leash,Harassment,Unknown,2022/23,2
1583,Footpath,Noon to 5 pm,Summer,No Leash,Harassment,Unknown,2023/24,1
1584,Footpath,Noon to 5 pm,Summer,On a Leash,Attack,Animal,2019/20,2
1585,Footpath,Noon to 5 pm,Summer,On a Leash,Attack,Animal,2020/21,1
1586,Footpath,Noon to 5 pm,Summer,On a Leash,Attack,Animal,2022/23,1
1587,Footpath,Noon to 5 pm,Summer,On a Leash,Attack,Human,2018/19,1
1588,Footpath,Noon to 5 pm,Summer,On a Leash,Attack,Human,2020/21,1
1589,Footpath,Noon to 5 pm,Summer,On a Leash,Attack,Human,2022/23,1
1590,Footpath,Noon to 5 pm,Summer,On a Leash,Attack,Unknown,2021/22,1
1591,Footpath,Noon to 5 pm,Summer,On a Leash,Harassment,Human,2020/21,1
1592,Footpath,Noon to 5 pm,Summer,On a Leash,Harassment,Human,2022/23,1
1593,Footpath,Noon to 5 pm,Summer,On a Leash,Harassment,Unknown,2019/20,1
1594,Footpath,Noon to 5 pm,Summer,Unknown,Attack,Animal,2018/19,1
1595,Footpath,Noon to 5 pm,Summer,Unknown,Attack,Animal,2019/20,1
1596,Footpath,Noon to 5 pm,Summer,Unknown,Attack,Animal,2020/21,1
1597,Footpath,Noon to 5 pm,Summer,Unknown,Attack,Animal,2021/22,2
1598,Footpath,Noon to 5 pm,Summer,Unknown,Attack,Animal,2023/24,2
1599,Footpath,Noon to 5 pm,Summer,Unknown,Attack,Animal,bef 30 Jun 2018,1
1600,Footpath,Noon to 5 pm,Summer,Unknown,Attack,Human,2020/21,3
1601,Footpath,Noon to 5 pm,Summer,Unknown,Attack,Human,2021/22,1
1602,Footpath,Noon to 5 pm,Summer,Unknown,Attack,Human,2022/23,3
1603,Footpath,Noon to 5 pm,Summer,Unknown,Attack,Human,2023/24,2
1604,Footpath,Noon to 5 pm,Summer,Unknown,Attack,Unknown,2018/19,1
1605,Footpath,Noon to 5 pm,Summer,Unknown,Attack,Unknown,2019/20,1
1606,Footpath,Noon to 5 pm,Summer,Unknown,Attack,Unknown,2020/21,1
1607,Footpath,Noon to 5 pm,Summer,Unknown,Attack,Unknown,2022/23,1
1608,Footpath,Noon to 5 pm,Summer,Unknown,Harassment,Animal,2018/19,1
1609,Footpath,Noon to 5 pm,Summer,Unknown,Harassment,Animal,2019/20,1
1610,Footpath,Noon to 5 pm,Summer,Unknown,Harassment,Animal,2020/21,2
1611,Footpath,Noon to 5 pm,Summer,Unknown,Harassment,Animal,2021/22,1
1612,Footpath,Noon to 5 pm,Summer,Unknown,Harassment,Animal,2022/23,1
1613,Footpath,Noon to 5 pm,Summer,Unknown,Harassment,Human,2020/21,2
1614,Footpath,Noon to 5 pm,Summer,Unknown,Harassment,Unknown,2019/20,2
1615,Footpath,Noon to 5 pm,Summer,Unknown,Harassment,Unknown,2020/21,2
1616,Footpath,Noon to 5 pm,Summer,Unknown,Harassment,Unknown,2021/22,3
1617,Footpath,Noon to 5 pm,Summer,Unknown,Harassment,Unknown,2022/23,1
1618,Footpath,Noon to 5 pm,Summer,Unknown,Harassment,Unknown,bef 30 Jun 2018,1
1619,Footpath,Noon to 5 pm,Winter,No Leash,Attack,Animal,2018/19,9
1620,Footpath,Noon to 5 pm,Winter,No Leash,Attack,Animal,2019/20,14
1621,Footpath,Noon to 5 pm,Winter,No Leash,Attack,Animal,2020/21,11
1622,Footpath,Noon to 5 pm,Winter,No Leash,Attack,Animal,2021/22,13
1623,Footpath,Noon to 5 pm,Winter,No Leash,Attack,Animal,2022/23,10
1624,Footpath,Noon to 5 pm,Winter,No Leash,Attack,Animal,2023/24,6
1625,Footpath,Noon to 5 pm,Winter,No Leash,Attack,Animal,bef 30 Jun 2018,1
1626,Footpath,Noon to 5 pm,Winter,No Leash,Attack,Both,2018/19,2
1627,Footpath,Noon to 5 pm,Winter,No Leash,Attack,Both,2019/20,1
1628,Footpath,Noon to 5 pm,Winter,No Leash,Attack,Both,2021/22,3
1629,Footpath,Noon to 5 pm,Winter,No Leash,Attack,Both,2022/23,3
1630,Footpath,Noon to 5 pm,Winter,No Leash,Attack,Both,2023/24,1
1631,Footpath,Noon to 5 pm,Winter,No Leash,Attack,Human,2018/19,3
1632,Footpath,Noon to 5 pm,Winter,No Leash,Attack,Human,2019/20,2
1633,Footpath,Noon to 5 pm,Winter,No Leash,Attack,Human,2020/21,5
1634,Footpath,Noon to 5 pm,Winter,No Leash,Attack,Human,2021/22,5
1635,Footpath,Noon to 5 pm,Winter,No Leash,Attack,Human,2022/23,5
1636,Footpath,Noon to 5 pm,Winter,No Leash,Attack,Human,2023/24,5
1637,Footpath,Noon to 5 pm,Winter,No Leash,Attack,Human,bef 30 Jun 2018,1
1638,Footpath,Noon to 5 pm,Winter,No Leash,Attack,Unknown,2018/19,1
1639,Footpath,Noon to 5 pm,Winter,No Leash,Attack,Unknown,2019/20,1
1640,Footpath,Noon to 5 pm,Winter,No Leash,Attack,Unknown,2020/21,4
1641,Footpath,Noon to 5 pm,Winter,No Leash,Attack,Unknown,2021/22,5
1642,Footpath,Noon to 5 pm,Winter,No Leash,Attack,Unknown,2022/23,4
1643,Footpath,Noon to 5 pm,Winter,No Leash,Attack,Unknown,2023/24,4
1644,Footpath,Noon to 5 pm,Winter,No Leash,Attack,Unknown,bef 30 Jun 2018,1
1645,Footpath,Noon to 5 pm,Winter,No Leash,Harassment,Animal,2018/19,2
1646,Footpath,Noon to 5 pm,Winter,No Leash,Harassment,Animal,2019/20,6
1647,Footpath,Noon to 5 pm,Winter,No Leash,Harassment,Animal,2020/21,3
1648,Footpath,Noon to 5 pm,Winter,No Leash,Harassment,Animal,2021/22,5
1649,Footpath,Noon to 5 pm,Winter,No Leash,Harassment,Animal,2022/23,1
1650,Footpath,Noon to 5 pm,Winter,No Leash,Harassment,Animal,2023/24,3
1651,Footpath,Noon to 5 pm,Winter,No Leash,Harassment,Human,2018/19,1
1652,Footpath,Noon to 5 pm,Winter,No Leash,Harassment,Human,2019/20,6
1653,Footpath,Noon to 5 pm,Winter,No Leash,Harassment,Human,2020/21,6
1654,Footpath,Noon to 5 pm,Winter,No Leash,Harassment,Human,2021/22,2
1655,Footpath,Noon to 5 pm,Winter,No Leash,Harassment,Human,2022/23,6
1656,Footpath,Noon to 5 pm,Winter,No Leash,Harassment,Human,2023/24,4
1657,Footpath,Noon to 5 pm,Winter,No Leash,Harassment,Human,bef 30 Jun 2018,2
1658,Footpath,Noon to 5 pm,Winter,No Leash,Harassment,Unknown,2018/19,2
1659,Footpath,Noon to 5 pm,Winter,No Leash,Harassment,Unknown,2019/20,3
1660,Footpath,Noon to 5 pm,Winter,No Leash,Harassment,Unknown,2020/21,3
1661,Footpath,Noon to 5 pm,Winter,No Leash,Harassment,Unknown,2022/23,3
1662,Footpath,Noon to 5 pm,Winter,No Leash,Harassment,Unknown,2023/24,2
1663,Footpath,Noon to 5 pm,Winter,On a Leash,Attack,Animal,2018/19,1
1664,Footpath,Noon to 5 pm,Winter,On a Leash,Attack,Animal,2019/20,1
1665,Footpath,Noon to 5 pm,Winter,On a Leash,Attack,Animal,2020/21,1
1666,Footpath,Noon to 5 pm,Winter,On a Leash,Attack,Animal,2021/22,2
1667,Footpath,Noon to 5 pm,Winter,On a Leash,Attack,Animal,2022/23,1
1668,Footpath,Noon to 5 pm,Winter,On a Leash,Attack,Human,2019/20,3
1669,Footpath,Noon to 5 pm,Winter,On a Leash,Attack,Human,2020/21,3
1670,Footpath,Noon to 5 pm,Winter,On a Leash,Attack,Human,2021/22,3
1671,Footpath,Noon to 5 pm,Winter,On a Leash,Attack,Human,2022/23,1
1672,Footpath,Noon to 5 pm,Winter,On a Leash,Attack,Human,2023/24,4
1673,Footpath,Noon to 5 pm,Winter,On a Leash,Attack,Unknown,2019/20,1
1674,Footpath,Noon to 5 pm,Winter,On a Leash,Attack,Unknown,2020/21,1
1675,Footpath,Noon to 5 pm,Winter,On a Leash,Attack,Unknown,2021/22,1
1676,Footpath,Noon to 5 pm,Winter,On a Leash,Attack,Unknown,2023/24,2
1677,Footpath,Noon to 5 pm,Winter,On a Leash,Harassment,Animal,2019/20,1
1678,Footpath,Noon to 5 pm,Winter,On a Leash,Harassment,Animal,2021/22,1
1679,Footpath,Noon to 5 pm,Winter,On a Leash,Harassment,Animal,2023/24,1
1680,Footpath,Noon to 5 pm,Winter,On a Leash,Harassment,Human,2022/23,1
1681,Footpath,Noon to 5 pm,Winter,On a Leash,Harassment,Unknown,2019/20,1
1682,Footpath,Noon to 5 pm,Winter,Unknown,Attack,Animal,2018/19,2
1683,Footpath,Noon to 5 pm,Winter,Unknown,Attack,Animal,2019/20,3
1684,Footpath,Noon to 5 pm,Winter,Unknown,Attack,Animal,2020/21,2
1685,Footpath,Noon to 5 pm,Winter,Unknown,Attack,Animal,2021/22,1
1686,Footpath,Noon to 5 pm,Winter,Unknown,Attack,Animal,2022/23,3
1687,Footpath,Noon to 5 pm,Winter,Unknown,Attack,Animal,2023/24,3
1688,Footpath,Noon to 5 pm,Winter,Unknown,Attack,Animal,bef 30 Jun 2018,1
1689,Footpath,Noon to 5 pm,Winter,Unknown,Attack,Both,2018/19,1
1690,Footpath,Noon to 5 pm,Winter,Unknown,Attack,Both,2023/24,2
1691,Footpath,Noon to 5 pm,Winter,Unknown,Attack,Human,2018/19,2
1692,Footpath,Noon to 5 pm,Winter,Unknown,Attack,Human,2019/20,1
1693,Footpath,Noon to 5 pm,Winter,Unknown,Attack,Human,2020/21,1
1694,Footpath,Noon to 5 pm,Winter,Unknown,Attack,Human,2021/22,3
1695,Footpath,Noon to 5 pm,Winter,Unknown,Attack,Human,2022/23,1
1696,Footpath,Noon to 5 pm,Winter,Unknown,Attack,Human,2023/24,1
1697,Footpath,Noon to 5 pm,Winter,Unknown,Attack,Unknown,2018/19,1
1698,Footpath,Noon to 5 pm,Winter,Unknown,Attack,Unknown,2019/20,4
1699,Footpath,Noon to 5 pm,Winter,Unknown,Attack,Unknown,2020/21,2
1700,Footpath,Noon to 5 pm,Winter,Unknown,Attack,Unknown,2021/22,1
1701,Footpath,Noon to 5 pm,Winter,Unknown,Attack,Unknown,2022/23,1
1702,Footpath,Noon to 5 pm,Winter,Unknown,Attack,Unknown,2023/24,1
1703,Footpath,Noon to 5 pm,Winter,Unknown,Harassment,Animal,2019/20,1
1704,Footpath,Noon to 5 pm,Winter,Unknown,Harassment,Animal,2023/24,1
1705,Footpath,Noon to 5 pm,Winter,Unknown,Harassment,Both,2019/20,1
1706,Footpath,Noon to 5 pm,Winter,Unknown,Harassment,Human,2018/19,3
1707,Footpath,Noon to 5 pm,Winter,Unknown,Harassment,Human,2019/20,2
1708,Footpath,Noon to 5 pm,Winter,Unknown,Harassment,Human,2020/21,3
1709,Footpath,Noon to 5 pm,Winter,Unknown,Harassment,Human,2021/22,1
1710,Footpath,Noon to 5 pm,Winter,Unknown,Harassment,Human,2022/23,2
1711,Footpath,Noon to 5 pm,Winter,Unknown,Harassment,Human,2023/24,1
1712,Footpath,Noon to 5 pm,Winter,Unknown,Harassment,Human,bef 30 Jun 2018,1
1713,Footpath,Noon to 5 pm,Winter,Unknown,Harassment,Unknown,2018/19,1
1714,Footpath,Noon to 5 pm,Winter,Unknown,Harassment,Unknown,2019/20,2
1715,Footpath,Noon to 5 pm,Winter,Unknown,Harassment,Unknown,2020/21,3
1716,Footpath,Noon to 5 pm,Winter,Unknown,Harassment,Unknown,2021/22,3
1717,Footpath,Noon to 5 pm,Winter,Unknown,Harassment,Unknown,2022/23,2
1718,Footpath,Noon to 5 pm,Winter,Unknown,Harassment,Unknown,2023/24,3
1719,Footpath,Unknown,Autumn,No Leash,Attack,Animal,2018/19,3
1720,Footpath,Unknown,Autumn,No Leash,Attack,Animal,2019/20,2
1721,Footpath,Unknown,Autumn,No Leash,Attack,Animal,2020/21,4
1722,Footpath,Unknown,Autumn,No Leash,Attack,Animal,2021/22,1
1723,Footpath,Unknown,Autumn,No Leash,Attack,Animal,2022/23,1
1724,Footpath,Unknown,Autumn,No Leash,Attack,Animal,2023/24,2
1725,Footpath,Unknown,Autumn,No Leash,Attack,Both,2019/20,1
1726,Footpath,Unknown,Autumn,No Leash,Attack,Human,2018/19,3
1727,Footpath,Unknown,Autumn,No Leash,Attack,Human,2019/20,2
1728,Footpath,Unknown,Autumn,No Leash,Attack,Human,2020/21,2
1729,Footpath,Unknown,Autumn,No Leash,Attack,Human,2022/23,1
1730,Footpath,Unknown,Autumn,No Leash,Attack,Human,bef 30 Jun 2018,1
1731,Footpath,Unknown,Autumn,No Leash,Attack,Unknown,2019/20,1
1732,Footpath,Unknown,Autumn,No Leash,Attack,Unknown,2020/21,1
1733,Footpath,Unknown,Autumn,No Leash,Attack,Unknown,2021/22,2
1734,Footpath,Unknown,Autumn,No Leash,Harassment,Animal,2018/19,2
1735,Footpath,Unknown,Autumn,No Leash,Harassment,Animal,2019/20,1
1736,Footpath,Unknown,Autumn,No Leash,Harassment,Animal,2022/23,1
1737,Footpath,Unknown,Autumn,No Leash,Harassment,Both,2018/19,1
1738,Footpath,Unknown,Autumn,No Leash,Harassment,Human,2019/20,1
1739,Footpath,Unknown,Autumn,No Leash,Harassment,Human,2021/22,2
1740,Footpath,Unknown,Autumn,No Leash,Harassment,Human,2022/23,1
1741,Footpath,Unknown,Autumn,No Leash,Harassment,Human,bef 30 Jun 2018,1
1742,Footpath,Unknown,Autumn,No Leash,Harassment,Unknown,2020/21,1
1743,Footpath,Unknown,Autumn,On a Leash,Attack,Human,2022/23,1
1744,Footpath,Unknown,Autumn,Unknown,Attack,Animal,2018/19,2
1745,Footpath,Unknown,Autumn,Unknown,Attack,Animal,2022/23,1
1746,Footpath,Unknown,Autumn,Unknown,Attack,Animal,2023/24,1
1747,Footpath,Unknown,Autumn,Unknown,Attack,Human,2018/19,1
1748,Footpath,Unknown,Autumn,Unknown,Attack,Human,2023/24,1
1749,Footpath,Unknown,Autumn,Unknown,Attack,Unknown,2019/20,1
1750,Footpath,Unknown,Autumn,Unknown,Attack,Unknown,2021/22,1
1751,Footpath,Unknown,Autumn,Unknown,Attack,Unknown,2022/23,4
1752,Footpath,Unknown,Autumn,Unknown,Harassment,Animal,2019/20,1
1753,Footpath,Unknown,Autumn,Unknown,Harassment,Human,2019/20,2
1754,Footpath,Unknown,Autumn,Unknown,Harassment,Human,2022/23,1
1755,Footpath,Unknown,Autumn,Unknown,Harassment,Unknown,2019/20,2
1756,Footpath,Unknown,Autumn,Unknown,Harassment,Unknown,2021/22,3
1757,Footpath,Unknown,Autumn,Unknown,Harassment,Unknown,2022/23,4
1758,Footpath,Unknown,Autumn,Unknown,Harassment,Unknown,2023/24,1
1759,Footpath,Unknown,Spring,No Leash,Attack,Animal,2018/19,3
1760,Footpath,Unknown,Spring,No Leash,Attack,Animal,2019/20,1
1761,Footpath,Unknown,Spring,No Leash,Attack,Animal,2020/21,1
1762,Footpath,Unknown,Spring,No Leash,Attack,Animal,2023/24,5
1763,Footpath,Unknown,Spring,No Leash,Attack,Human,2018/19,1
1764,Footpath,Unknown,Spring,No Leash,Attack,Human,2021/22,1
1765,Footpath,Unknown,Spring,No Leash,Attack,Human,2022/23,1
1766,Footpath,Unknown,Spring,No Leash,Attack,Human,2023/24,2
1767,Footpath,Unknown,Spring,No Leash,Attack,Unknown,2019/20,1
1768,Footpath,Unknown,Spring,No Leash,Attack,Unknown,2020/21,1
1769,Footpath,Unknown,Spring,No Leash,Attack,Unknown,2021/22,1
1770,Footpath,Unknown,Spring,No Leash,Harassment,Animal,2020/21,2
1771,Footpath,Unknown,Spring,No Leash,Harassment,Animal,2022/23,1
1772,Footpath,Unknown,Spring,No Leash,Harassment,Human,2018/19,3
1773,Footpath,Unknown,Spring,No Leash,Harassment,Human,2019/20,2
1774,Footpath,Unknown,Spring,No Leash,Harassment,Human,2020/21,3
1775,Footpath,Unknown,Spring,No Leash,Harassment,Human,2022/23,3
1776,Footpath,Unknown,Spring,No Leash,Harassment,Human,2023/24,1
1777,Footpath,Unknown,Spring,No Leash,Harassment,Unknown,2018/19,1
1778,Footpath,Unknown,Spring,No Leash,Harassment,Unknown,2020/21,1
1779,Footpath,Unknown,Spring,No Leash,Harassment,Unknown,2021/22,1
1780,Footpath,Unknown,Spring,No Leash,Harassment,Unknown,2023/24,1
1781,Footpath,Unknown,Spring,On a Leash,Attack,Human,2019/20,1
1782,Footpath,Unknown,Spring,On a Leash,Attack,Human,2021/22,1
1783,Footpath,Unknown,Spring,On a Leash,Attack,Unknown,2020/21,2
1784,Footpath,Unknown,Spring,On a Leash,Attack,Unknown,2023/24,1
1785,Footpath,Unknown,Spring,On a Leash,Harassment,Animal,2023/24,1
1786,Footpath,Unknown,Spring,On a Leash,Harassment,Human,2018/19,1
1787,Footpath,Unknown,Spring,On a Leash,Harassment,Human,2021/22,1
1788,Footpath,Unknown,Spring,Unknown,Attack,Animal,2018/19,1
1789,Footpath,Unknown,Spring,Unknown,Attack,Animal,2019/20,1
1790,Footpath,Unknown,Spring,Unknown,Attack,Animal,2020/21,1
1791,Footpath,Unknown,Spring,Unknown,Attack,Animal,2021/22,2
1792,Footpath,Unknown,Spring,Unknown,Attack,Animal,2022/23,1
1793,Footpath,Unknown,Spring,Unknown,Attack,Animal,2023/24,1
1794,Footpath,Unknown,Spring,Unknown,Attack,Human,2018/19,2
1795,Footpath,Unknown,Spring,Unknown,Attack,Human,2019/20,1
1796,Footpath,Unknown,Spring,Unknown,Attack,Human,2023/24,1
1797,Footpath,Unknown,Spring,Unknown,Attack,Unknown,2018/19,1
1798,Footpath,Unknown,Spring,Unknown,Attack,Unknown,2019/20,1
1799,Footpath,Unknown,Spring,Unknown,Attack,Unknown,2020/21,1
1800,Footpath,Unknown,Spring,Unknown,Attack,Unknown,2022/23,1
1801,Footpath,Unknown,Spring,Unknown,Harassment,Animal,2022/23,1
1802,Footpath,Unknown,Spring,Unknown,Harassment,Human,2018/19,2
1803,Footpath,Unknown,Spring,Unknown,Harassment,Human,2019/20,1
1804,Footpath,Unknown,Spring,Unknown,Harassment,Human,2020/21,1
1805,Footpath,Unknown,Spring,Unknown,Harassment,Human,2021/22,1
1806,Footpath,Unknown,Spring,Unknown,Harassment,Human,2022/23,1
1807,Footpath,Unknown,Spring,Unknown,Harassment,Unknown,2018/19,1
1808,Footpath,Unknown,Spring,Unknown,Harassment,Unknown,2021/22,1
1809,Footpath,Unknown,Spring,Unknown,Harassment,Unknown,2023/24,1
1810,Footpath,Unknown,Summer,No Leash,Attack,Animal,2018/19,1
1811,Footpath,Unknown,Summer,No Leash,Attack,Animal,2020/21,3
1812,Footpath,Unknown,Summer,No Leash,Attack,Animal,2021/22,1
1813,Footpath,Unknown,Summer,No Leash,Attack,Animal,2022/23,2
1814,Footpath,Unknown,Summer,No Leash,Attack,Human,2018/19,1
1815,Footpath,Unknown,Summer,No Leash,Attack,Human,2020/21,1
1816,Footpath,Unknown,Summer,No Leash,Attack,Human,2021/22,1
1817,Footpath,Unknown,Summer,No Leash,Attack,Human,2023/24,1
1818,Footpath,Unknown,Summer,No Leash,Attack,Human,bef 30 Jun 2018,1
1819,Footpath,Unknown,Summer,No Leash,Attack,Unknown,2019/20,1
1820,Footpath,Unknown,Summer,No Leash,Attack,Unknown,2021/22,1
1821,Footpath,Unknown,Summer,No Leash,Attack,Unknown,bef 30 Jun 2018,1
1822,Footpath,Unknown,Summer,No Leash,Harassment,Animal,2018/19,1
1823,Footpath,Unknown,Summer,No Leash,Harassment,Human,2018/19,3
1824,Footpath,Unknown,Summer,No Leash,Harassment,Human,2019/20,2
1825,Footpath,Unknown,Summer,No Leash,Harassment,Human,2020/21,2
1826,Footpath,Unknown,Summer,No Leash,Harassment,Human,2022/23,1
1827,Footpath,Unknown,Summer,No Leash,Harassment,Human,2023/24,1
1828,Footpath,Unknown,Summer,No Leash,Harassment,Unknown,2018/19,1
1829,Footpath,Unknown,Summer,No Leash,Harassment,Unknown,2019/20,1
1830,Footpath,Unknown,Summer,On a Leash,Attack,Animal,2019/20,1
1831,Footpath,Unknown,Summer,On a Leash,Attack,Animal,2022/23,1
1832,Footpath,Unknown,Summer,On a Leash,Attack,Human,2020/21,1
1833,Footpath,Unknown,Summer,On a Leash,Harassment,Human,2018/19,1
1834,Footpath,Unknown,Summer,On a Leash,Harassment,Human,2023/24,1
1835,Footpath,Unknown,Summer,Unknown,Attack,Animal,2018/19,1
1836,Footpath,Unknown,Summer,Unknown,Attack,Animal,2019/20,2
1837,Footpath,Unknown,Summer,Unknown,Attack,Animal,2020/21,1
1838,Footpath,Unknown,Summer,Unknown,Attack,Animal,2023/24,2
1839,Footpath,Unknown,Summer,Unknown,Attack,Human,2018/19,1
1840,Footpath,Unknown,Summer,Unknown,Attack,Human,2020/21,2
1841,Footpath,Unknown,Summer,Unknown,Attack,Unknown,2019/20,1
1842,Footpath,Unknown,Summer,Unknown,Attack,Unknown,2021/22,1
1843,Footpath,Unknown,Summer,Unknown,Attack,Unknown,2022/23,1
1844,Footpath,Unknown,Summer,Unknown,Attack,Unknown,2023/24,3
1845,Footpath,Unknown,Summer,Unknown,Harassment,Human,2018/19,1
1846,Footpath,Unknown,Summer,Unknown,Harassment,Human,2019/20,1
1847,Footpath,Unknown,Summer,Unknown,Harassment,Human,2022/23,1
1848,Footpath,Unknown,Summer,Unknown,Harassment,Unknown,2019/20,1
1849,Footpath,Unknown,Summer,Unknown,Harassment,Unknown,2021/22,2
1850,Footpath,Unknown,Summer,Unknown,Harassment,Unknown,2022/23,3
1851,Footpath,Unknown,Winter,No Leash,Attack,Animal,2018/19,2
1852,Footpath,Unknown,Winter,No Leash,Attack,Animal,2019/20,1
1853,Footpath,Unknown,Winter,No Leash,Attack,Animal,2020/21,1
1854,Footpath,Unknown,Winter,No Leash,Attack,Animal,2021/22,3
1855,Footpath,Unknown,Winter,No Leash,Attack,Animal,2022/23,2
1856,Footpath,Unknown,Winter,No Leash,Attack,Animal,bef 30 Jun 2018,1
1857,Footpath,Unknown,Winter,No Leash,Attack,Human,2021/22,1
1858,Footpath,Unknown,Winter,No Leash,Attack,Human,bef 30 Jun 2018,1
1859,Footpath,Unknown,Winter,No Leash,Attack,Unknown,2020/21,2
1860,Footpath,Unknown,Winter,No Leash,Attack,Unknown,2022/23,1
1861,Footpath,Unknown,Winter,No Leash,Harassment,Animal,2019/20,1
1862,Footpath,Unknown,Winter,No Leash,Harassment,Animal,2021/22,1
1863,Footpath,Unknown,Winter,No Leash,Harassment,Animal,2022/23,2
1864,Footpath,Unknown,Winter,No Leash,Harassment,Human,2018/19,1
1865,Footpath,Unknown,Winter,No Leash,Harassment,Human,2020/21,2
1866,Footpath,Unknown,Winter,No Leash,Harassment,Human,2023/24,1
1867,Footpath,Unknown,Winter,No Leash,Harassment,Human,bef 30 Jun 2018,1
1868,Footpath,Unknown,Winter,No Leash,Harassment,Unknown,2018/19,1
1869,Footpath,Unknown,Winter,No Leash,Harassment,Unknown,2019/20,1
1870,Footpath,Unknown,Winter,No Leash,Harassment,Unknown,2020/21,2
1871,Footpath,Unknown,Winter,No Leash,Harassment,Unknown,2022/23,1
1872,Footpath,Unknown,Winter,On a Leash,Attack,Animal,2020/21,1
1873,Footpath,Unknown,Winter,On a Leash,Attack,Animal,2021/22,1
1874,Footpath,Unknown,Winter,On a Leash,Attack,Animal,2022/23,1
1875,Footpath,Unknown,Winter,On a Leash,Attack,Human,2020/21,1
1876,Footpath,Unknown,Winter,Unknown,Attack,Animal,2018/19,1
1877,Footpath,Unknown,Winter,Unknown,Attack,Animal,2019/20,1
1878,Footpath,Unknown,Winter,Unknown,Attack,Animal,2021/22,2
1879,Footpath,Unknown,Winter,Unknown,Attack,Animal,2022/23,1
1880,Footpath,Unknown,Winter,Unknown,Attack,Animal,2023/24,1
1881,Footpath,Unknown,Winter,Unknown,Attack,Human,2020/21,1
1882,Footpath,Unknown,Winter,Unknown,Attack,Human,2022/23,1
1883,Footpath,Unknown,Winter,Unknown,Attack,Human,2023/24,1
1884,Footpath,Unknown,Winter,Unknown,Attack,Unknown,2019/20,1
1885,Footpath,Unknown,Winter,Unknown,Attack,Unknown,2023/24,1
1886,Footpath,Unknown,Winter,Unknown,Harassment,Animal,2018/19,1
1887,Footpath,Unknown,Winter,Unknown,Harassment,Human,2018/19,4
1888,Footpath,Unknown,Winter,Unknown,Harassment,Human,2020/21,2
1889,Footpath,Unknown,Winter,Unknown,Harassment,Human,2021/22,1
1890,Footpath,Unknown,Winter,Unknown,Harassment,Unknown,2020/21,2
1891,Footpath,Unknown,Winter,Unknown,Harassment,Unknown,2023/24,2
1892,Home,5 pm to 8 pm,Autumn,No Leash,Attack,Animal,2018/19,2
1893,Home,5 pm to 8 pm,Autumn,No Leash,Attack,Animal,2020/21,1
1894,Home,5 pm to 8 pm,Autumn,No Leash,Attack,Animal,2022/23,1
1895,Home,5 pm to 8 pm,Autumn,No Leash,Attack,Both,2018/19,1
1896,Home,5 pm to 8 pm,Autumn,No Leash,Attack,Both,2019/20,1
1897,Home,5 pm to 8 pm,Autumn,No Leash,Attack,Human,2021/22,1
1898,Home,5 pm to 8 pm,Autumn,No Leash,Attack,Human,2023/24,1
1899,Home,5 pm to 8 pm,Autumn,No Leash,Attack,Human,bef 30 Jun 2018,1
1900,Home,5 pm to 8 pm,Autumn,No Leash,Attack,Unknown,2022/23,2
1901,Home,5 pm to 8 pm,Autumn,No Leash,Attack,Unknown,2023/24,1
1902,Home,5 pm to 8 pm,Autumn,No Leash,Harassment,Human,2018/19,1
1903,Home,5 pm to 8 pm,Autumn,No Leash,Harassment,Human,2022/23,1
1904,Home,5 pm to 8 pm,Autumn,On a Leash,Attack,Human,2022/23,1
1905,Home,5 pm to 8 pm,Autumn,On a Leash,Attack,Human,2023/24,2
1906,Home,5 pm to 8 pm,Autumn,On a Leash,Harassment,Human,2022/23,1
1907,Home,5 pm to 8 pm,Autumn,Unknown,Attack,Animal,2019/20,1
1908,Home,5 pm to 8 pm,Autumn,Unknown,Attack,Animal,2022/23,3
1909,Home,5 pm to 8 pm,Autumn,Unknown,Attack,Unknown,2021/22,2
1910,Home,5 pm to 8 pm,Autumn,Unknown,Attack,Unknown,2022/23,1
1911,Home,5 pm to 8 pm,Autumn,Unknown,Attack,Unknown,2023/24,1
1912,Home,5 pm to 8 pm,Autumn,Unknown,Harassment,Human,2018/19,1
1913,Home,5 pm to 8 pm,Autumn,Unknown,Harassment,Unknown,2018/19,1
1914,Home,5 pm to 8 pm,Autumn,Unknown,Harassment,Unknown,2022/23,2
1915,Home,5 pm to 8 pm,Spring,No Leash,Attack,Animal,2019/20,1
1916,Home,5 pm to 8 pm,Spring,No Leash,Attack,Animal,2020/21,2
1917,Home,5 pm to 8 pm,Spring,No Leash,Attack,Animal,2021/22,2
1918,Home,5 pm to 8 pm,Spring,No Leash,Attack,Animal,2022/23,2
1919,Home,5 pm to 8 pm,Spring,No Leash,Attack,Human,2018/19,1
1920,Home,5 pm to 8 pm,Spring,No Leash,Attack,Human,2020/21,1
1921,Home,5 pm to 8 pm,Spring,No Leash,Attack,Human,2021/22,1
1922,Home,5 pm to 8 pm,Spring,No Leash,Attack,Human,2023/24,1
1923,Home,5 pm to 8 pm,Spring,No Leash,Attack,Unknown,2019/20,1
1924,Home,5 pm to 8 pm,Spring,No Leash,Attack,Unknown,2020/21,1
1925,Home,5 pm to 8 pm,Spring,No Leash,Harassment,Human,2019/20,1
1926,Home,5 pm to 8 pm,Spring,No Leash,Harassment,Unknown,2022/23,1
1927,Home,5 pm to 8 pm,Spring,On a Leash,Attack,Animal,2019/20,1
1928,Home,5 pm to 8 pm,Spring,Unknown,Attack,Animal,2018/19,1
1929,Home,5 pm to 8 pm,Spring,Unknown,Attack,Animal,2020/21,1
1930,Home,5 pm to 8 pm,Spring,Unknown,Attack,Animal,2023/24,1
1931,Home,5 pm to 8 pm,Spring,Unknown,Attack,Human,2018/19,1
1932,Home,5 pm to 8 pm,Spring,Unknown,Attack,Unknown,2022/23,2
1933,Home,5 pm to 8 pm,Summer,No Leash,Attack,Animal,2018/19,1
1934,Home,5 pm to 8 pm,Summer,No Leash,Attack,Animal,2020/21,1
1935,Home,5 pm to 8 pm,Summer,No Leash,Attack,Animal,2022/23,1
1936,Home,5 pm to 8 pm,Summer,No Leash,Attack,Animal,2023/24,1
1937,Home,5 pm to 8 pm,Summer,No Leash,Attack,Human,2018/19,1
1938,Home,5 pm to 8 pm,Summer,No Leash,Attack,Human,2019/20,1
1939,Home,5 pm to 8 pm,Summer,No Leash,Attack,Human,2020/21,3
1940,Home,5 pm to 8 pm,Summer,No Leash,Attack,Human,2023/24,1
1941,Home,5 pm to 8 pm,Summer,No Leash,Attack,Unknown,2019/20,1
1942,Home,5 pm to 8 pm,Summer,No Leash,Attack,Unknown,2020/21,2
1943,Home,5 pm to 8 pm,Summer,No Leash,Harassment,Animal,2022/23,1
1944,Home,5 pm to 8 pm,Summer,No Leash,Harassment,Animal,2023/24,1
1945,Home,5 pm to 8 pm,Summer,No Leash,Harassment,Human,2018/19,1
1946,Home,5 pm to 8 pm,Summer,No Leash,Harassment,Human,2020/21,1
1947,Home,5 pm to 8 pm,Summer,On a Leash,Attack,Animal,2019/20,1
1948,Home,5 pm to 8 pm,Summer,On a Leash,Attack,Animal,2020/21,1
1949,Home,5 pm to 8 pm,Summer,On a Leash,Attack,Animal,2023/24,1
1950,Home,5 pm to 8 pm,Summer,On a Leash,Attack,Human,2022/23,1
1951,Home,5 pm to 8 pm,Summer,On a Leash,Harassment,Animal,2023/24,1
1952,Home,5 pm to 8 pm,Summer,Unknown,Attack,Animal,2022/23,1
1953,Home,5 pm to 8 pm,Summer,Unknown,Attack,Human,2019/20,1
1954,Home,5 pm to 8 pm,Summer,Unknown,Harassment,Unknown,2020/21,1
1955,Home,5 pm to 8 pm,Winter,No Leash,Attack,Human,2018/19,2
1956,Home,5 pm to 8 pm,Winter,No Leash,Attack,Human,2019/20,1
1957,Home,5 pm to 8 pm,Winter,No Leash,Attack,Human,2020/21,2
1958,Home,5 pm to 8 pm,Winter,No Leash,Attack,Human,2022/23,1
1959,Home,5 pm to 8 pm,Winter,No Leash,Attack,Unknown,2020/21,2
1960,Home,5 pm to 8 pm,Winter,No Leash,Harassment,Human,2019/20,1
1961,Home,5 pm to 8 pm,Winter,No Leash,Harassment,Unknown,2018/19,1
1962,Home,5 pm to 8 pm,Winter,Unknown,Attack,Animal,2018/19,1
1963,Home,5 pm to 8 pm,Winter,Unknown,Attack,Human,2019/20,1
1964,Home,5 pm to 8 pm,Winter,Unknown,Attack,Human,bef 30 Jun 2018,1
1965,Home,5 pm to 8 pm,Winter,Unknown,Attack,Unknown,2018/19,1
1966,Home,5 pm to 8 pm,Winter,Unknown,Attack,Unknown,2022/23,1
1967,Home,5 pm to 8 pm,Winter,Unknown,Harassment,Animal,2022/23,1
1968,Home,5 pm to 8 pm,Winter,Unknown,Harassment,Unknown,2022/23,1
1969,Home,6 am to 9 am,Autumn,No Leash,Attack,Animal,2018/19,1
1970,Home,6 am to 9 am,Autumn,No Leash,Attack,Animal,2019/20,1
1971,Home,6 am to 9 am,Autumn,No Leash,Attack,Animal,2021/22,2
1972,Home,6 am to 9 am,Autumn,No Leash,Attack,Animal,2022/23,2
1973,Home,6 am to 9 am,Autumn,No Leash,Attack,Human,2022/23,1
1974,Home,6 am to 9 am,Autumn,No Leash,Attack,Unknown,2019/20,1
1975,Home,6 am to 9 am,Autumn,No Leash,Attack,Unknown,2020/21,1
1976,Home,6 am to 9 am,Autumn,No Leash,Attack,Unknown,2021/22,1
1977,Home,6 am to 9 am,Autumn,No Leash,Attack,Unknown,2022/23,1
1978,Home,6 am to 9 am,Autumn,No Leash,Harassment,Unknown,2019/20,1
1979,Home,6 am to 9 am,Autumn,Unknown,Attack,Animal,2018/19,1
1980,Home,6 am to 9 am,Autumn,Unknown,Attack,Animal,2019/20,2
1981,Home,6 am to 9 am,Autumn,Unknown,Attack,Animal,2020/21,1
1982,Home,6 am to 9 am,Autumn,Unknown,Attack,Unknown,2019/20,1
1983,Home,6 am to 9 am,Autumn,Unknown,Harassment,Unknown,2023/24,1
1984,Home,6 am to 9 am,Spring,No Leash,Attack,Animal,2018/19,1
1985,Home,6 am to 9 am,Spring,No Leash,Attack,Animal,2020/21,2
1986,Home,6 am to 9 am,Spring,No Leash,Attack,Unknown,2019/20,1
1987,Home,6 am to 9 am,Spring,No Leash,Attack,Unknown,2021/22,2
1988,Home,6 am to 9 am,Spring,No Leash,Attack,Unknown,2022/23,1
1989,Home,6 am to 9 am,Spring,No Leash,Harassment,Animal,2022/23,1
1990,Home,6 am to 9 am,Spring,No Leash,Harassment,Animal,2023/24,1
1991,Home,6 am to 9 am,Spring,On a Leash,Attack,Animal,2019/20,1
1992,Home,6 am to 9 am,Spring,On a Leash,Attack,Animal,2020/21,1
1993,Home,6 am to 9 am,Spring,Unknown,Attack,Animal,2018/19,1
1994,Home,6 am to 9 am,Spring,Unknown,Attack,Human,2018/19,2
1995,Home,6 am to 9 am,Spring,Unknown,Attack,Unknown,2023/24,1
1996,Home,6 am to 9 am,Spring,Unknown,Harassment,Animal,2021/22,1
1997,Home,6 am to 9 am,Summer,No Leash,Attack,Animal,2018/19,1
1998,Home,6 am to 9 am,Summer,No Leash,Attack,Animal,2019/20,1
1999,Home,6 am to 9 am,Summer,No Leash,Attack,Animal,2020/21,2
2000,Home,6 am to 9 am,Summer,No Leash,Attack,Unknown,2019/20,1
2001,Home,6 am to 9 am,Summer,No Leash,Attack,Unknown,2021/22,1
2002,Home,6 am to 9 am,Summer,No Leash,Harassment,Human,2023/24,1
2003,Home,6 am to 9 am,Summer,On a Leash,Attack,Animal,2023/24,1
2004,Home,6 am to 9 am,Summer,Unknown,Attack,Unknown,2019/20,1
2005,Home,6 am to 9 am,Summer,Unknown,Harassment,Human,2020/21,1
2006,Home,6 am to 9 am,Winter,No Leash,Attack,Animal,2018/19,1
2007,Home,6 am to 9 am,Winter,No Leash,Attack,Animal,2019/20,1
2008,Home,6 am to 9 am,Winter,No Leash,Attack,Animal,2021/22,1
2009,Home,6 am to 9 am,Winter,No Leash,Attack,Animal,2022/23,1
2010,Home,6 am to 9 am,Winter,No Leash,Attack,Human,2019/20,1
2011,Home,6 am to 9 am,Winter,No Leash,Attack,Unknown,2018/19,1
2012,Home,6 am to 9 am,Winter,No Leash,Harassment,Animal,2019/20,1
2013,Home,6 am to 9 am,Winter,No Leash,Harassment,Animal,2021/22,1
2014,Home,6 am to 9 am,Winter,On a Leash,Attack,Animal,2020/21,1
2015,Home,6 am to 9 am,Winter,Unknown,Attack,Animal,2019/20,1
2016,Home,6 am to 9 am,Winter,Unknown,Attack,Human,bef 30 Jun 2018,1
2017,Home,6 am to 9 am,Winter,Unknown,Attack,Unknown,2022/23,1
2018,Home,6 am to 9 am,Winter,Unknown,Harassment,Unknown,bef 30 Jun 2018,1
2019,Home,8 pm to 10 pm,Autumn,No Leash,Attack,Unknown,2023/24,1
2020,Home,8 pm to 10 pm,Autumn,Unknown,Attack,Human,2021/22,1
2021,Home,8 pm to 10 pm,Autumn,Unknown,Attack,Unknown,2021/22,1
2022,Home,8 pm to 10 pm,Spring,No Leash,Attack,Animal,2019/20,1
2023,Home,8 pm to 10 pm,Spring,No Leash,Attack,Animal,2023/24,2
2024,Home,8 pm to 10 pm,Spring,No Leash,Attack,Human,2019/20,1
2025,Home,8 pm to 10 pm,Spring,No Leash,Attack,Human,2022/23,2
2026,Home,8 pm to 10 pm,Spring,No Leash,Attack,Human,2023/24,3
2027,Home,8 pm to 10 pm,Spring,No Leash,Attack,Unknown,2019/20,1
2028,Home,8 pm to 10 pm,Spring,No Leash,Harassment,Human,2023/24,1
2029,Home,8 pm to 10 pm,Spring,On a Leash,Attack,Human,2019/20,1
2030,Home,8 pm to 10 pm,Spring,Unknown,Attack,Unknown,2020/21,1
2031,Home,8 pm to 10 pm,Spring,Unknown,Attack,Unknown,2022/23,1
2032,Home,8 pm to 10 pm,Summer,No Leash,Attack,Animal,2019/20,3
2033,Home,8 pm to 10 pm,Summer,No Leash,Attack,Animal,2020/21,1
2034,Home,8 pm to 10 pm,Summer,No Leash,Attack,Animal,2023/24,1
2035,Home,8 pm to 10 pm,Summer,No Leash,Attack,Human,2022/23,1
2036,Home,8 pm to 10 pm,Summer,Unknown,Attack,Animal,2023/24,1
2037,Home,8 pm to 10 pm,Summer,Unknown,Attack,Unknown,2023/24,2
2038,Home,8 pm to 10 pm,Summer,Unknown,Harassment,Unknown,2022/23,1
2039,Home,8 pm to 10 pm,Winter,No Leash,Attack,Human,2022/23,1
2040,Home,8 pm to 10 pm,Winter,No Leash,Harassment,Animal,2021/22,2
2041,Home,8 pm to 10 pm,Winter,Unknown,Attack,Animal,2020/21,1
2042,Home,8 pm to 10 pm,Winter,Unknown,Attack,Unknown,2021/22,2
2043,Home,9 am to Noon,Autumn,No Leash,Attack,Animal,2018/19,1
2044,Home,9 am to Noon,Autumn,No Leash,Attack,Animal,2019/20,1
2045,Home,9 am to Noon,Autumn,No Leash,Attack,Animal,2020/21,1
2046,Home,9 am to Noon,Autumn,No Leash,Attack,Animal,2021/22,1
2047,Home,9 am to Noon,Autumn,No Leash,Attack,Animal,2022/23,1
2048,Home,9 am to Noon,Autumn,No Leash,Attack,Human,2019/20,2
2049,Home,9 am to Noon,Autumn,No Leash,Attack,Human,2020/21,1
2050,Home,9 am to Noon,Autumn,No Leash,Attack,Human,2021/22,2
2051,Home,9 am to Noon,Autumn,No Leash,Harassment,Animal,2018/19,1
2052,Home,9 am to Noon,Autumn,No Leash,Harassment,Animal,2019/20,1
2053,Home,9 am to Noon,Autumn,No Leash,Harassment,Animal,2022/23,2
2054,Home,9 am to Noon,Autumn,No Leash,Harassment,Animal,2023/24,1
2055,Home,9 am to Noon,Autumn,No Leash,Harassment,Human,2018/19,1
2056,Home,9 am to Noon,Autumn,No Leash,Harassment,Human,2020/21,1
2057,Home,9 am to Noon,Autumn,No Leash,Harassment,Human,2022/23,1
2058,Home,9 am to Noon,Autumn,On a Leash,Attack,Human,2022/23,1
2059,Home,9 am to Noon,Autumn,Unknown,Attack,Animal,2019/20,1
2060,Home,9 am to Noon,Autumn,Unknown,Attack,Animal,2020/21,1
2061,Home,9 am to Noon,Autumn,Unknown,Attack,Human,2021/22,1
2062,Home,9 am to Noon,Autumn,Unknown,Attack,Unknown,2018/19,2
2063,Home,9 am to Noon,Autumn,Unknown,Attack,Unknown,2021/22,3
2064,Home,9 am to Noon,Autumn,Unknown,Attack,Unknown,2022/23,1
2065,Home,9 am to Noon,Autumn,Unknown,Attack,Unknown,2023/24,1
2066,Home,9 am to Noon,Spring,No Leash,Attack,Animal,2018/19,1
2067,Home,9 am to Noon,Spring,No Leash,Attack,Animal,2019/20,3
2068,Home,9 am to Noon,Spring,No Leash,Attack,Animal,2020/21,2
2069,Home,9 am to Noon,Spring,No Leash,Attack,Animal,2022/23,1
2070,Home,9 am to Noon,Spring,No Leash,Attack,Human,2018/19,1
2071,Home,9 am to Noon,Spring,No Leash,Attack,Human,2019/20,2
2072,Home,9 am to Noon,Spring,No Leash,Attack,Human,2020/21,2
2073,Home,9 am to Noon,Spring,No Leash,Attack,Human,2021/22,2
2074,Home,9 am to Noon,Spring,No Leash,Attack,Human,2022/23,3
2075,Home,9 am to Noon,Spring,No Leash,Attack,Human,2023/24,1
2076,Home,9 am to Noon,Spring,No Leash,Attack,Unknown,2022/23,1
2077,Home,9 am to Noon,Spring,No Leash,Harassment,Animal,2019/20,1
2078,Home,9 am to Noon,Spring,No Leash,Harassment,Human,2020/21,2
2079,Home,9 am to Noon,Spring,No Leash,Harassment,Human,2021/22,1
2080,Home,9 am to Noon,Spring,No Leash,Harassment,Human,2023/24,1
2081,Home,9 am to Noon,Spring,On a Leash,Attack,Animal,2021/22,1
2082,Home,9 am to Noon,Spring,On a Leash,Attack,Human,2020/21,1
2083,Home,9 am to Noon,Spring,On a Leash,Attack,Unknown,2020/21,1
2084,Home,9 am to Noon,Spring,Unknown,Attack,Unknown,2018/19,2
2085,Home,9 am to Noon,Spring,Unknown,Attack,Unknown,2023/24,1
2086,Home,9 am to Noon,Spring,Unknown,Harassment,Unknown,2022/23,1
2087,Home,9 am to Noon,Spring,Unknown,Harassment,Unknown,2023/24,1
2088,Home,9 am to Noon,Summer,No Leash,Attack,Animal,2018/19,2
2089,Home,9 am to Noon,Summer,No Leash,Attack,Animal,2019/20,4
2090,Home,9 am to Noon,Summer,No Leash,Attack,Animal,2020/21,1
2091,Home,9 am to Noon,Summer,No Leash,Attack,Animal,2021/22,3
2092,Home,9 am to Noon,Summer,No Leash,Attack,Human,2018/19,3
2093,Home,9 am to Noon,Summer,No Leash,Attack,Human,2020/21,4
2094,Home,9 am to Noon,Summer,No Leash,Attack,Human,2021/22,2
2095,Home,9 am to Noon,Summer,No Leash,Attack,Human,2023/24,3
2096,Home,9 am to Noon,Summer,No Leash,Attack,Unknown,2021/22,3
2097,Home,9 am to Noon,Summer,No Leash,Attack,Unknown,2023/24,3
2098,Home,9 am to Noon,Summer,No Leash,Harassment,Animal,2020/21,1
2099,Home,9 am to Noon,Summer,No Leash,Harassment,Human,2018/19,1
2100,Home,9 am to Noon,Summer,No Leash,Harassment,Human,2022/23,1
2101,Home,9 am to Noon,Summer,No Leash,Harassment,Unknown,2020/21,1
2102,Home,9 am to Noon,Summer,No Leash,Harassment,Unknown,2023/24,2
2103,Home,9 am to Noon,Summer,On a Leash,Harassment,Animal,2020/21,1
2104,Home,9 am to Noon,Summer,Unknown,Attack,Animal,2018/19,1
2105,Home,9 am to Noon,Summer,Unknown,Attack,Animal,2020/21,1
2106,Home,9 am to Noon,Summer,Unknown,Attack,Animal,2022/23,2
2107,Home,9 am to Noon,Summer,Unknown,Attack,Animal,2023/24,1
2108,Home,9 am to Noon,Summer,Unknown,Attack,Human,2021/22,1
2109,Home,9 am to Noon,Summer,Unknown,Attack,Unknown,2018/19,1
2110,Home,9 am to Noon,Summer,Unknown,Attack,Unknown,2020/21,1
2111,Home,9 am to Noon,Summer,Unknown,Attack,Unknown,2021/22,3
2112,Home,9 am to Noon,Summer,Unknown,Attack,Unknown,2022/23,1
2113,Home,9 am to Noon,Summer,Unknown,Attack,Unknown,2023/24,3
2114,Home,9 am to Noon,Summer,Unknown,Harassment,Unknown,2023/24,1
2115,Home,9 am to Noon,Winter,No Leash,Attack,Animal,2018/19,1
2116,Home,9 am to Noon,Winter,No Leash,Attack,Animal,2020/21,1
2117,Home,9 am to Noon,Winter,No Leash,Attack,Animal,2021/22,3
2118,Home,9 am to Noon,Winter,No Leash,Attack,Animal,2023/24,1
2119,Home,9 am to Noon,Winter,No Leash,Attack,Animal,bef 30 Jun 2018,1
2120,Home,9 am to Noon,Winter,No Leash,Attack,Both,2020/21,1
2121,Home,9 am to Noon,Winter,No Leash,Attack,Both,2021/22,1
2122,Home,9 am to Noon,Winter,No Leash,Attack,Human,2019/20,1
2123,Home,9 am to Noon,Winter,No Leash,Attack,Human,2022/23,1
2124,Home,9 am to Noon,Winter,No Leash,Attack,Human,2023/24,1
2125,Home,9 am to Noon,Winter,No Leash,Attack,Unknown,2020/21,1
2126,Home,9 am to Noon,Winter,No Leash,Harassment,Animal,2019/20,1
2127,Home,9 am to Noon,Winter,No Leash,Harassment,Animal,2022/23,1
2128,Home,9 am to Noon,Winter,No Leash,Harassment,Human,2018/19,1
2129,Home,9 am to Noon,Winter,No Leash,Harassment,Human,2020/21,2
2130,Home,9 am to Noon,Winter,No Leash,Harassment,Human,2022/23,2
2131,Home,9 am to Noon,Winter,No Leash,Harassment,Unknown,2021/22,1
2132,Home,9 am to Noon,Winter,On a Leash,Attack,Animal,2018/19,1
2133,Home,9 am to Noon,Winter,On a Leash,Attack,Unknown,2022/23,1
2134,Home,9 am to Noon,Winter,Unknown,Attack,Animal,2018/19,1
2135,Home,9 am to Noon,Winter,Unknown,Attack,Animal,2021/22,1
2136,Home,9 am to Noon,Winter,Unknown,Attack,Animal,bef 30 Jun 2018,1
2137,Home,9 am to Noon,Winter,Unknown,Attack,Human,bef 30 Jun 2018,1
2138,Home,9 am to Noon,Winter,Unknown,Attack,Unknown,2018/19,3
2139,Home,9 am to Noon,Winter,Unknown,Attack,Unknown,2022/23,1
2140,Home,9 am to Noon,Winter,Unknown,Attack,Unknown,2023/24,2
2141,Home,9 am to Noon,Winter,Unknown,Harassment,Animal,2019/20,1
2142,Home,9 am to Noon,Winter,Unknown,Harassment,Animal,bef 30 Jun 2018,1
2143,Home,9 am to Noon,Winter,Unknown,Harassment,Unknown,2022/23,1
2144,Home,Noon to 5 pm,Autumn,No Leash,Attack,Animal,2018/19,1
2145,Home,Noon to 5 pm,Autumn,No Leash,Attack,Animal,2019/20,3
2146,Home,Noon to 5 pm,Autumn,No Leash,Attack,Animal,2020/21,1
2147,Home,Noon to 5 pm,Autumn,No Leash,Attack,Animal,2021/22,2
2148,Home,Noon to 5 pm,Autumn,No Leash,Attack,Animal,2022/23,2
2149,Home,Noon to 5 pm,Autumn,No Leash,Attack,Animal,2023/24,1
2150,Home,Noon to 5 pm,Autumn,No Leash,Attack,Animal,bef 30 Jun 2018,1
2151,Home,Noon to 5 pm,Autumn,No Leash,Attack,Human,2018/19,2
2152,Home,Noon to 5 pm,Autumn,No Leash,Attack,Human,2019/20,2
2153,Home,Noon to 5 pm,Autumn,No Leash,Attack,Human,2020/21,1
2154,Home,Noon to 5 pm,Autumn,No Leash,Attack,Human,2021/22,2
2155,Home,Noon to 5 pm,Autumn,No Leash,Attack,Human,2022/23,2
2156,Home,Noon to 5 pm,Autumn,No Leash,Attack,Human,2023/24,1
2157,Home,Noon to 5 pm,Autumn,No Leash,Attack,Unknown,2018/19,1
2158,Home,Noon to 5 pm,Autumn,No Leash,Attack,Unknown,2021/22,4
2159,Home,Noon to 5 pm,Autumn,No Leash,Attack,Unknown,2022/23,1
2160,Home,Noon to 5 pm,Autumn,No Leash,Harassment,Animal,2021/22,1
2161,Home,Noon to 5 pm,Autumn,No Leash,Harassment,Human,2019/20,2
2162,Home,Noon to 5 pm,Autumn,No Leash,Harassment,Human,2021/22,2
2163,Home,Noon to 5 pm,Autumn,No Leash,Harassment,Human,2023/24,2
2164,Home,Noon to 5 pm,Autumn,No Leash,Harassment,Unknown,2019/20,4
2165,Home,Noon to 5 pm,Autumn,On a Leash,Attack,Animal,2020/21,1
2166,Home,Noon to 5 pm,Autumn,On a Leash,Attack,Animal,2023/24,1
2167,Home,Noon to 5 pm,Autumn,On a Leash,Attack,Human,bef 30 Jun 2018,1
2168,Home,Noon to 5 pm,Autumn,Unknown,Attack,Animal,2020/21,1
2169,Home,Noon to 5 pm,Autumn,Unknown,Attack,Animal,2021/22,1
2170,Home,Noon to 5 pm,Autumn,Unknown,Attack,Human,2019/20,1
2171,Home,Noon to 5 pm,Autumn,Unknown,Attack,Human,2023/24,1
2172,Home,Noon to 5 pm,Autumn,Unknown,Attack,Unknown,2018/19,1
2173,Home,Noon to 5 pm,Autumn,Unknown,Attack,Unknown,2021/22,4
2174,Home,Noon to 5 pm,Autumn,Unknown,Harassment,Human,2020/21,1
2175,Home,Noon to 5 pm,Autumn,Unknown,Harassment,Human,2023/24,1
2176,Home,Noon to 5 pm,Autumn,Unknown,Harassment,Unknown,2018/19,1
2177,Home,Noon to 5 pm,Autumn,Unknown,Harassment,Unknown,2019/20,1
2178,Home,Noon to 5 pm,Spring,No Leash,Attack,Animal,2018/19,2
2179,Home,Noon to 5 pm,Spring,No Leash,Attack,Animal,2019/20,1
2180,Home,Noon to 5 pm,Spring,No Leash,Attack,Animal,2020/21,6
2181,Home,Noon to 5 pm,Spring,No Leash,Attack,Animal,2022/23,3
2182,Home,Noon to 5 pm,Spring,No Leash,Attack,Animal,2023/24,1
2183,Home,Noon to 5 pm,Spring,No Leash,Attack,Human,2018/19,1
2184,Home,Noon to 5 pm,Spring,No Leash,Attack,Human,2019/20,1
2185,Home,Noon to 5 pm,Spring,No Leash,Attack,Human,2021/22,2
2186,Home,Noon to 5 pm,Spring,No Leash,Attack,Human,2022/23,1
2187,Home,Noon to 5 pm,Spring,No Leash,Attack,Human,2023/24,6
2188,Home,Noon to 5 pm,Spring,No Leash,Attack,Unknown,2019/20,3
2189,Home,Noon to 5 pm,Spring,No Leash,Attack,Unknown,2020/21,1
2190,Home,Noon to 5 pm,Spring,No Leash,Attack,Unknown,2021/22,1
2191,Home,Noon to 5 pm,Spring,No Leash,Attack,Unknown,2022/23,2
2192,Home,Noon to 5 pm,Spring,No Leash,Attack,Unknown,2023/24,1
2193,Home,Noon to 5 pm,Spring,No Leash,Harassment,Animal,2021/22,1
2194,Home,Noon to 5 pm,Spring,No Leash,Harassment,Animal,2023/24,1
2195,Home,Noon to 5 pm,Spring,No Leash,Harassment,Human,2022/23,1
2196,Home,Noon to 5 pm,Spring,No Leash,Harassment,Unknown,2022/23,1
2197,Home,Noon to 5 pm,Spring,On a Leash,Attack,Animal,2021/22,1
2198,Home,Noon to 5 pm,Spring,On a Leash,Attack,Animal,2022/23,1
2199,Home,Noon to 5 pm,Spring,On a Leash,Attack,Human,2021/22,1
2200,Home,Noon to 5 pm,Spring,Unknown,Attack,Animal,2018/19,1
2201,Home,Noon to 5 pm,Spring,Unknown,Attack,Animal,2019/20,1
2202,Home,Noon to 5 pm,Spring,Unknown,Attack,Animal,2020/21,1
2203,Home,Noon to 5 pm,Spring,Unknown,Attack,Animal,2021/22,2
2204,Home,Noon to 5 pm,Spring,Unknown,Attack,Human,2019/20,1
2205,Home,Noon to 5 pm,Spring,Unknown,Attack,Human,2020/21,1
2206,Home,Noon to 5 pm,Spring,Unknown,Attack,Human,2022/23,1
2207,Home,Noon to 5 pm,Spring,Unknown,Attack,Human,2023/24,1
2208,Home,Noon to 5 pm,Spring,Unknown,Attack,Unknown,2019/20,2
2209,Home,Noon to 5 pm,Spring,Unknown,Attack,Unknown,2022/23,2
2210,Home,Noon to 5 pm,Spring,Unknown,Attack,Unknown,2023/24,1
2211,Home,Noon to 5 pm,Spring,Unknown,Harassment,Human,2021/22,2
2212,Home,Noon to 5 pm,Spring,Unknown,Harassment,Unknown,2020/21,1
2213,Home,Noon to 5 pm,Spring,Unknown,Harassment,Unknown,2022/23,1
2214,Home,Noon to 5 pm,Summer,No Leash,Attack,Animal,2018/19,3
2215,Home,Noon to 5 pm,Summer,No Leash,Attack,Animal,2020/21,1
2216,Home,Noon to 5 pm,Summer,No Leash,Attack,Animal,2023/24,2
2217,Home,Noon to 5 pm,Summer,No Leash,Attack,Human,2019/20,2
2218,Home,Noon to 5 pm,Summer,No Leash,Attack,Human,2020/21,5
2219,Home,Noon to 5 pm,Summer,No Leash,Attack,Human,2021/22,1
2220,Home,Noon to 5 pm,Summer,No Leash,Attack,Human,2022/23,1
2221,Home,Noon to 5 pm,Summer,No Leash,Attack,Human,2023/24,3
2222,Home,Noon to 5 pm,Summer,No Leash,Attack,Unknown,2018/19,2
2223,Home,Noon to 5 pm,Summer,No Leash,Attack,Unknown,2022/23,1
2224,Home,Noon to 5 pm,Summer,No Leash,Harassment,Animal,2019/20,1
2225,Home,Noon to 5 pm,Summer,No Leash,Harassment,Human,2019/20,1
2226,Home,Noon to 5 pm,Summer,No Leash,Harassment,Unknown,2019/20,1
2227,Home,Noon to 5 pm,Summer,No Leash,Harassment,Unknown,2020/21,1
2228,Home,Noon to 5 pm,Summer,No Leash,Harassment,Unknown,2022/23,1
2229,Home,Noon to 5 pm,Summer,No Leash,Harassment,Unknown,2023/24,2
2230,Home,Noon to 5 pm,Summer,On a Leash,Attack,Both,2019/20,1
2231,Home,Noon to 5 pm,Summer,On a Leash,Attack,Human,2018/19,2
2232,Home,Noon to 5 pm,Summer,On a Leash,Attack,Unknown,2020/21,1
2233,Home,Noon to 5 pm,Summer,On a Leash,Harassment,Human,2021/22,1
2234,Home,Noon to 5 pm,Summer,Unknown,Attack,Animal,2020/21,2
2235,Home,Noon to 5 pm,Summer,Unknown,Attack,Animal,2021/22,1
2236,Home,Noon to 5 pm,Summer,Unknown,Attack,Animal,2023/24,1
2237,Home,Noon to 5 pm,Summer,Unknown,Attack,Human,2018/19,1
2238,Home,Noon to 5 pm,Summer,Unknown,Attack,Human,2022/23,2
2239,Home,Noon to 5 pm,Summer,Unknown,Attack,Human,2023/24,1
2240,Home,Noon to 5 pm,Summer,Unknown,Attack,Unknown,2019/20,1
2241,Home,Noon to 5 pm,Summer,Unknown,Attack,Unknown,2021/22,2
2242,Home,Noon to 5 pm,Summer,Unknown,Attack,Unknown,2022/23,1
2243,Home,Noon to 5 pm,Summer,Unknown,Attack,Unknown,2023/24,2
2244,Home,Noon to 5 pm,Summer,Unknown,Harassment,Animal,2020/21,1
2245,Home,Noon to 5 pm,Summer,Unknown,Harassment,Human,2018/19,1
2246,Home,Noon to 5 pm,Summer,Unknown,Harassment,Human,2019/20,1
2247,Home,Noon to 5 pm,Summer,Unknown,Harassment,Human,2023/24,2
2248,Home,Noon to 5 pm,Summer,Unknown,Harassment,Unknown,2023/24,1
2249,Home,Noon to 5 pm,Winter,No Leash,Attack,Animal,2018/19,3
2250,Home,Noon to 5 pm,Winter,No Leash,Attack,Animal,2019/20,1
2251,Home,Noon to 5 pm,Winter,No Leash,Attack,Animal,2020/21,2
2252,Home,Noon to 5 pm,Winter,No Leash,Attack,Animal,2021/22,3
2253,Home,Noon to 5 pm,Winter,No Leash,Attack,Animal,2022/23,3
2254,Home,Noon to 5 pm,Winter,No Leash,Attack,Animal,2023/24,1
2255,Home,Noon to 5 pm,Winter,No Leash,Attack,Animal,bef 30 Jun 2018,1
2256,Home,Noon to 5 pm,Winter,No Leash,Attack,Both,2018/19,1
2257,Home,Noon to 5 pm,Winter,No Leash,Attack,Human,2018/19,2
2258,Home,Noon to 5 pm,Winter,No Leash,Attack,Human,2019/20,3
2259,Home,Noon to 5 pm,Winter,No Leash,Attack,Human,2020/21,3
2260,Home,Noon to 5 pm,Winter,No Leash,Attack,Human,2021/22,4
2261,Home,Noon to 5 pm,Winter,No Leash,Attack,Human,2022/23,2
2262,Home,Noon to 5 pm,Winter,No Leash,Attack,Human,2023/24,1
2263,Home,Noon to 5 pm,Winter,No Leash,Attack,Unknown,2018/19,1
2264,Home,Noon to 5 pm,Winter,No Leash,Attack,Unknown,2019/20,4
2265,Home,Noon to 5 pm,Winter,No Leash,Attack,Unknown,2020/21,1
2266,Home,Noon to 5 pm,Winter,No Leash,Attack,Unknown,2021/22,1
2267,Home,Noon to 5 pm,Winter,No Leash,Attack,Unknown,2022/23,6
2268,Home,Noon to 5 pm,Winter,No Leash,Attack,Unknown,2023/24,2
2269,Home,Noon to 5 pm,Winter,No Leash,Harassment,Animal,2019/20,1
2270,Home,Noon to 5 pm,Winter,No Leash,Harassment,Animal,2020/21,1
2271,Home,Noon to 5 pm,Winter,No Leash,Harassment,Animal,2021/22,2
2272,Home,Noon to 5 pm,Winter,No Leash,Harassment,Animal,2022/23,1
2273,Home,Noon to 5 pm,Winter,No Leash,Harassment,Human,2019/20,1
2274,Home,Noon to 5 pm,Winter,No Leash,Harassment,Human,2021/22,1
2275,Home,Noon to 5 pm,Winter,No Leash,Harassment,Human,2022/23,1
2276,Home,Noon to 5 pm,Winter,No Leash,Harassment,Unknown,2018/19,1
2277,Home,Noon to 5 pm,Winter,No Leash,Harassment,Unknown,2019/20,1
2278,Home,Noon to 5 pm,Winter,No Leash,Harassment,Unknown,2020/21,2
2279,Home,Noon to 5 pm,Winter,No Leash,Harassment,Unknown,2023/24,1
2280,Home,Noon to 5 pm,Winter,On a Leash,Attack,Animal,2019/20,1
2281,Home,Noon to 5 pm,Winter,On a Leash,Attack,Animal,2022/23,1
2282,Home,Noon to 5 pm,Winter,On a Leash,Attack,Animal,2023/24,1
2283,Home,Noon to 5 pm,Winter,On a Leash,Attack,Human,2021/22,1
2284,Home,Noon to 5 pm,Winter,On a Leash,Harassment,Unknown,2020/21,1
2285,Home,Noon to 5 pm,Winter,Unknown,Attack,Animal,2018/19,2
2286,Home,Noon to 5 pm,Winter,Unknown,Attack,Animal,2021/22,2
2287,Home,Noon to 5 pm,Winter,Unknown,Attack,Animal,2022/23,1
2288,Home,Noon to 5 pm,Winter,Unknown,Attack,Animal,2023/24,1
2289,Home,Noon to 5 pm,Winter,Unknown,Attack,Human,2018/19,2
2290,Home,Noon to 5 pm,Winter,Unknown,Attack,Human,2020/21,1
2291,Home,Noon to 5 pm,Winter,Unknown,Attack,Unknown,2021/22,1
2292,Home,Noon to 5 pm,Winter,Unknown,Attack,Unknown,2022/23,2
2293,Home,Noon to 5 pm,Winter,Unknown,Attack,Unknown,2023/24,2
2294,Home,Noon to 5 pm,Winter,Unknown,Harassment,Animal,2018/19,1
2295,Home,Noon to 5 pm,Winter,Unknown,Harassment,Animal,2021/22,2
2296,Home,Noon to 5 pm,Winter,Unknown,Harassment,Human,2018/19,1
2297,Home,Noon to 5 pm,Winter,Unknown,Harassment,Human,2020/21,1
2298,Home,Noon to 5 pm,Winter,Unknown,Harassment,Human,2022/23,1
2299,Home,Noon to 5 pm,Winter,Unknown,Harassment,Unknown,2020/21,1
2300,Home,Noon to 5 pm,Winter,Unknown,Harassment,Unknown,2022/23,1
2301,Home,Noon to 5 pm,Winter,Unknown,Harassment,Unknown,2023/24,1
2302,Home,Noon to 5 pm,Winter,Unknown,Harassment,Unknown,bef 30 Jun 2018,1
2303,Home,Unknown,Autumn,No Leash,Attack,Animal,2018/19,1
2304,Home,Unknown,Autumn,No Leash,Attack,Animal,2022/23,2
2305,Home,Unknown,Autumn,No Leash,Attack,Animal,bef 30 Jun 2018,1
2306,Home,Unknown,Autumn,No Leash,Attack,Human,2018/19,1
2307,Home,Unknown,Autumn,No Leash,Attack,Human,2019/20,2
2308,Home,Unknown,Autumn,No Leash,Attack,Human,2021/22,3
2309,Home,Unknown,Autumn,No Leash,Attack,Unknown,2019/20,1
2310,Home,Unknown,Autumn,No Leash,Attack,Unknown,2021/22,2
2311,Home,Unknown,Autumn,No Leash,Harassment,Human,2019/20,1
2312,Home,Unknown,Autumn,No Leash,Harassment,Human,2020/21,1
2313,Home,Unknown,Autumn,On a Leash,Attack,Unknown,2019/20,1
2314,Home,Unknown,Autumn,Unknown,Attack,Animal,2021/22,2
2315,Home,Unknown,Autumn,Unknown,Attack,Human,2018/19,1
2316,Home,Unknown,Autumn,Unknown,Attack,Unknown,2021/22,2
2317,Home,Unknown,Spring,No Leash,Attack,Animal,2018/19,1
2318,Home,Unknown,Spring,No Leash,Attack,Animal,2019/20,1
2319,Home,Unknown,Spring,No Leash,Attack,Animal,2020/21,2
2320,Home,Unknown,Spring,No Leash,Attack,Animal,2021/22,1
2321,Home,Unknown,Spring,No Leash,Attack,Animal,2022/23,1
2322,Home,Unknown,Spring,No Leash,Attack,Human,2021/22,1
2323,Home,Unknown,Spring,No Leash,Attack,Human,2022/23,1
2324,Home,Unknown,Spring,No Leash,Attack,Unknown,2018/19,1
2325,Home,Unknown,Spring,No Leash,Attack,Unknown,2019/20,1
2326,Home,Unknown,Spring,No Leash,Attack,Unknown,2021/22,1
2327,Home,Unknown,Spring,No Leash,Attack,Unknown,2022/23,2
2328,Home,Unknown,Spring,No Leash,Attack,Unknown,2023/24,2
2329,Home,Unknown,Spring,No Leash,Harassment,Human,2018/19,1
2330,Home,Unknown,Spring,No Leash,Harassment,Human,2022/23,1
2331,Home,Unknown,Spring,No Leash,Harassment,Unknown,2019/20,1
2332,Home,Unknown,Spring,On a Leash,Attack,Animal,2022/23,1
2333,Home,Unknown,Spring,Unknown,Attack,Animal,2019/20,1
2334,Home,Unknown,Spring,Unknown,Attack,Animal,2021/22,1
2335,Home,Unknown,Spring,Unknown,Attack,Human,2019/20,1
2336,Home,Unknown,Spring,Unknown,Attack,Unknown,2020/21,1
2337,Home,Unknown,Spring,Unknown,Attack,Unknown,2021/22,1
2338,Home,Unknown,Spring,Unknown,Attack,Unknown,2022/23,1
2339,Home,Unknown,Spring,Unknown,Harassment,Human,2018/19,1
2340,Home,Unknown,Spring,Unknown,Harassment,Unknown,2018/19,1
2341,Home,Unknown,Summer,No Leash,Attack,Animal,2018/19,1
2342,Home,Unknown,Summer,No Leash,Attack,Animal,2019/20,1
2343,Home,Unknown,Summer,No Leash,Attack,Animal,2020/21,2
2344,Home,Unknown,Summer,No Leash,Attack,Human,2018/19,1
2345,Home,Unknown,Summer,No Leash,Attack,Human,2019/20,2
2346,Home,Unknown,Summer,No Leash,Attack,Unknown,2019/20,1
2347,Home,Unknown,Summer,No Leash,Attack,Unknown,2020/21,1
2348,Home,Unknown,Summer,No Leash,Attack,Unknown,2022/23,3
2349,Home,Unknown,Summer,No Leash,Attack,Unknown,2023/24,1
2350,Home,Unknown,Summer,No Leash,Harassment,Animal,2018/19,1
2351,Home,Unknown,Summer,No Leash,Harassment,Unknown,2018/19,1
2352,Home,Unknown,Summer,Unknown,Attack,Animal,2019/20,1
2353,Home,Unknown,Summer,Unknown,Attack,Animal,2022/23,1
2354,Home,Unknown,Summer,Unknown,Attack,Human,2019/20,1
2355,Home,Unknown,Summer,Unknown,Attack,Human,2021/22,1
2356,Home,Unknown,Summer,Unknown,Attack,Human,2022/23,1
2357,Home,Unknown,Summer,Unknown,Attack,Unknown,2019/20,1
2358,Home,Unknown,Summer,Unknown,Attack,Unknown,2022/23,3
2359,Home,Unknown,Summer,Unknown,Harassment,Human,2019/20,1
2360,Home,Unknown,Summer,Unknown,Harassment,Unknown,2022/23,1
2361,Home,Unknown,Winter,No Leash,Attack,Animal,2018/19,2
2362,Home,Unknown,Winter,No Leash,Attack,Animal,2021/22,1
2363,Home,Unknown,Winter,No Leash,Attack,Animal,2022/23,1
2364,Home,Unknown,Winter,No Leash,Attack,Animal,2023/24,1
2365,Home,Unknown,Winter,No Leash,Attack,Animal,bef 30 Jun 2018,1
2366,Home,Unknown,Winter,No Leash,Attack,Human,2019/20,1
2367,Home,Unknown,Winter,No Leash,Attack,Human,2023/24,2
2368,Home,Unknown,Winter,No Leash,Attack,Unknown,2019/20,1
2369,Home,Unknown,Winter,No Leash,Attack,Unknown,2020/21,1
2370,Home,Unknown,Winter,No Leash,Attack,Unknown,2021/22,1
2371,Home,Unknown,Winter,No Leash,Attack,Unknown,2022/23,1
2372,Home,Unknown,Winter,No Leash,Attack,Unknown,2023/24,1
2373,Home,Unknown,Winter,No Leash,Harassment,Human,2020/21,1
2374,Home,Unknown,Winter,Unknown,Attack,Animal,2018/19,1
2375,Home,Unknown,Winter,Unknown,Attack,Both,2020/21,1
2376,Home,Unknown,Winter,Unknown,Attack,Human,2019/20,1
2377,Home,Unknown,Winter,Unknown,Attack,Unknown,2019/20,1
2378,Home,Unknown,Winter,Unknown,Attack,Unknown,2020/21,1
2379,Home,Unknown,Winter,Unknown,Attack,Unknown,2022/23,1
2380,Home,Unknown,Winter,Unknown,Attack,Unknown,2023/24,1
2381,Home,Unknown,Winter,Unknown,Harassment,Animal,2018/19,1
2382,Home,Unknown,Winter,Unknown,Harassment,Animal,bef 30 Jun 2018,1
2383,Home,Unknown,Winter,Unknown,Harassment,Human,2018/19,1
2384,Home,Unknown,Winter,Unknown,Harassment,Unknown,2023/24,1
2385,Other,5 pm to 8 pm,Autumn,No Leash,Attack,Animal,2018/19,1
2386,Other,5 pm to 8 pm,Autumn,No Leash,Attack,Animal,2021/22,2
2387,Other,5 pm to 8 pm,Autumn,No Leash,Attack,Human,2023/24,1
2388,Other,5 pm to 8 pm,Autumn,No Leash,Attack,Unknown,2021/22,1
2389,Other,5 pm to 8 pm,Autumn,No Leash,Harassment,Human,2019/20,1
2390,Other,5 pm to 8 pm,Autumn,No Leash,Harassment,Human,2023/24,1
2391,Other,5 pm to 8 pm,Autumn,No Leash,Harassment,Unknown,2022/23,1
2392,Other,5 pm to 8 pm,Autumn,On a Leash,Attack,Human,2018/19,1
2393,Other,5 pm to 8 pm,Autumn,On a Leash,Attack,Unknown,2021/22,1
2394,Other,5 pm to 8 pm,Autumn,On a Leash,Harassment,Animal,2020/21,1
2395,Other,5 pm to 8 pm,Autumn,On a Leash,Harassment,Human,2020/21,1
2396,Other,5 pm to 8 pm,Autumn,Unknown,Attack,Animal,2019/20,1
2397,Other,5 pm to 8 pm,Autumn,Unknown,Attack,Both,2021/22,1
2398,Other,5 pm to 8 pm,Autumn,Unknown,Attack,Unknown,2018/19,1
2399,Other,5 pm to 8 pm,Autumn,Unknown,Attack,Unknown,2022/23,1
2400,Other,5 pm to 8 pm,Autumn,Unknown,Attack,Unknown,2023/24,1
2401,Other,5 pm to 8 pm,Autumn,Unknown,Harassment,Human,2019/20,1
2402,Other,5 pm to 8 pm,Spring,No Leash,Attack,Animal,2019/20,1
2403,Other,5 pm to 8 pm,Spring,No Leash,Attack,Animal,2020/21,1
2404,Other,5 pm to 8 pm,Spring,No Leash,Attack,Human,2018/19,1
2405,Other,5 pm to 8 pm,Spring,No Leash,Attack,Human,2021/22,1
2406,Other,5 pm to 8 pm,Spring,No Leash,Attack,Unknown,2018/19,1
2407,Other,5 pm to 8 pm,Spring,No Leash,Harassment,Animal,2018/19,2
2408,Other,5 pm to 8 pm,Spring,No Leash,Harassment,Animal,2020/21,1
2409,Other,5 pm to 8 pm,Spring,No Leash,Harassment,Animal,2023/24,1
2410,Other,5 pm to 8 pm,Spring,No Leash,Harassment,Unknown,2022/23,1
2411,Other,5 pm to 8 pm,Spring,On a Leash,Attack,Animal,2020/21,1
2412,Other,5 pm to 8 pm,Spring,Unknown,Attack,Human,2020/21,1
2413,Other,5 pm to 8 pm,Summer,No Leash,Attack,Animal,2018/19,2
2414,Other,5 pm to 8 pm,Summer,No Leash,Attack,Animal,2019/20,1
2415,Other,5 pm to 8 pm,Summer,No Leash,Attack,Animal,2020/21,1
2416,Other,5 pm to 8 pm,Summer,No Leash,Attack,Animal,2023/24,1
2417,Other,5 pm to 8 pm,Summer,No Leash,Attack,Both,2021/22,1
2418,Other,5 pm to 8 pm,Summer,No Leash,Attack,Human,2019/20,1
2419,Other,5 pm to 8 pm,Summer,No Leash,Attack,Unknown,2020/21,1
2420,Other,5 pm to 8 pm,Summer,No Leash,Harassment,Unknown,2023/24,1
2421,Other,5 pm to 8 pm,Summer,On a Leash,Attack,Animal,2023/24,1
2422,Other,5 pm to 8 pm,Summer,On a Leash,Attack,Unknown,2019/20,1
2423,Other,5 pm to 8 pm,Summer,On a Leash,Attack,Unknown,2022/23,1
2424,Other,5 pm to 8 pm,Summer,Unknown,Attack,Animal,2020/21,2
2425,Other,5 pm to 8 pm,Summer,Unknown,Attack,Human,2021/22,1
2426,Other,5 pm to 8 pm,Summer,Unknown,Attack,Human,2023/24,1
2427,Other,5 pm to 8 pm,Summer,Unknown,Attack,Unknown,2020/21,1
2428,Other,5 pm to 8 pm,Summer,Unknown,Attack,Unknown,2023/24,1
2429,Other,5 pm to 8 pm,Summer,Unknown,Harassment,Animal,2021/22,1
2430,Other,5 pm to 8 pm,Winter,No Leash,Attack,Animal,2018/19,2
2431,Other,5 pm to 8 pm,Winter,No Leash,Attack,Animal,2022/23,1
2432,Other,5 pm to 8 pm,Winter,No Leash,Attack,Human,2018/19,1
2433,Other,5 pm to 8 pm,Winter,No Leash,Attack,Human,2021/22,1
2434,Other,5 pm to 8 pm,Winter,No Leash,Attack,Unknown,2020/21,1
2435,Other,5 pm to 8 pm,Winter,On a Leash,Attack,Animal,2022/23,1
2436,Other,5 pm to 8 pm,Winter,Unknown,Attack,Animal,2021/22,1
2437,Other,5 pm to 8 pm,Winter,Unknown,Attack,Animal,2023/24,1
2438,Other,5 pm to 8 pm,Winter,Unknown,Attack,Unknown,2018/19,1
2439,Other,5 pm to 8 pm,Winter,Unknown,Harassment,Human,2022/23,1
2440,Other,5 pm to 8 pm,Winter,Unknown,Harassment,Human,2023/24,1
2441,Other,6 am to 9 am,Autumn,No Leash,Attack,Animal,2019/20,1
2442,Other,6 am to 9 am,Autumn,No Leash,Attack,Animal,2022/23,2
2443,Other,6 am to 9 am,Autumn,No Leash,Attack,Animal,2023/24,1
2444,Other,6 am to 9 am,Autumn,No Leash,Attack,Animal,bef 30 Jun 2018,1
2445,Other,6 am to 9 am,Autumn,No Leash,Harassment,Unknown,2022/23,1
2446,Other,6 am to 9 am,Autumn,No Leash,Harassment,Unknown,2023/24,1
2447,Other,6 am to 9 am,Autumn,Unknown,Attack,Animal,2018/19,1
2448,Other,6 am to 9 am,Autumn,Unknown,Attack,Animal,2022/23,2
2449,Other,6 am to 9 am,Autumn,Unknown,Attack,Human,2021/22,1
2450,Other,6 am to 9 am,Spring,No Leash,Harassment,Animal,2020/21,1
2451,Other,6 am to 9 am,Spring,Unknown,Attack,Animal,2020/21,1
2452,Other,6 am to 9 am,Spring,Unknown,Harassment,Unknown,2022/23,1
2453,Other,6 am to 9 am,Summer,No Leash,Attack,Animal,2023/24,1
2454,Other,6 am to 9 am,Summer,No Leash,Attack,Unknown,2019/20,1
2455,Other,6 am to 9 am,Summer,No Leash,Attack,Unknown,2023/24,1
2456,Other,6 am to 9 am,Summer,No Leash,Harassment,Animal,2023/24,1
2457,Other,6 am to 9 am,Summer,No Leash,Harassment,Unknown,2022/23,1
2458,Other,6 am to 9 am,Summer,On a Leash,Attack,Unknown,2019/20,1
2459,Other,6 am to 9 am,Summer,On a Leash,Harassment,Human,2022/23,1
2460,Other,6 am to 9 am,Summer,Unknown,Attack,Animal,2022/23,1
2461,Other,6 am to 9 am,Summer,Unknown,Attack,Human,2019/20,1
2462,Other,6 am to 9 am,Summer,Unknown,Harassment,Animal,2021/22,1
2463,Other,6 am to 9 am,Summer,Unknown,Harassment,Animal,2023/24,1
2464,Other,6 am to 9 am,Winter,No Leash,Attack,Animal,2019/20,2
2465,Other,6 am to 9 am,Winter,No Leash,Attack,Human,2020/21,1
2466,Other,6 am to 9 am,Winter,No Leash,Harassment,Human,2021/22,1
2467,Other,6 am to 9 am,Winter,No Leash,Harassment,Human,2023/24,1
2468,Other,6 am to 9 am,Winter,No Leash,Harassment,Unknown,2019/20,1
2469,Other,6 am to 9 am,Winter,No Leash,Harassment,Unknown,2022/23,1
2470,Other,6 am to 9 am,Winter,On a Leash,Attack,Animal,2022/23,1
2471,Other,6 am to 9 am,Winter,On a Leash,Attack,Human,2022/23,1
2472,Other,6 am to 9 am,Winter,On a Leash,Harassment,Animal,2018/19,1
2473,Other,6 am to 9 am,Winter,Unknown,Attack,Animal,2020/21,1
2474,Other,6 am to 9 am,Winter,Unknown,Attack,Human,2020/21,1
2475,Other,6 am to 9 am,Winter,Unknown,Harassment,Animal,2021/22,1
2476,Other,6 am to 9 am,Winter,Unknown,Harassment,Human,2023/24,1
2477,Other,6 am to 9 am,Winter,Unknown,Harassment,Unknown,2021/22,1
2478,Other,8 pm to 10 pm,Autumn,Unknown,Attack,Human,2018/19,1
2479,Other,8 pm to 10 pm,Autumn,Unknown,Attack,Unknown,2023/24,1
2480,Other,8 pm to 10 pm,Summer,No Leash,Attack,Animal,2023/24,1
2481,Other,8 pm to 10 pm,Summer,No Leash,Attack,Unknown,2018/19,1
2482,Other,8 pm to 10 pm,Summer,No Leash,Attack,Unknown,2019/20,1
2483,Other,8 pm to 10 pm,Summer,On a Leash,Attack,Animal,2020/21,1
2484,Other,8 pm to 10 pm,Winter,No Leash,Harassment,Human,2021/22,1
2485,Other,8 pm to 10 pm,Winter,On a Leash,Harassment,Human,2022/23,1
2486,Other,8 pm to 10 pm,Winter,Unknown,Harassment,Human,2019/20,1
2487,Other,9 am to Noon,Autumn,No Leash,Attack,Animal,2018/19,1
2488,Other,9 am to Noon,Autumn,No Leash,Attack,Animal,2019/20,2
2489,Other,9 am to Noon,Autumn,No Leash,Attack,Human,2018/19,1
2490,Other,9 am to Noon,Autumn,No Leash,Attack,Human,2021/22,1
2491,Other,9 am to Noon,Autumn,No Leash,Attack,Unknown,2020/21,1
2492,Other,9 am to Noon,Autumn,No Leash,Attack,Unknown,2021/22,1
2493,Other,9 am to Noon,Autumn,No Leash,Harassment,Animal,2020/21,1
2494,Other,9 am to Noon,Autumn,No Leash,Harassment,Animal,2023/24,1
2495,Other,9 am to Noon,Autumn,No Leash,Harassment,Human,2018/19,1
2496,Other,9 am to Noon,Autumn,No Leash,Harassment,Human,2021/22,1
2497,Other,9 am to Noon,Autumn,On a Leash,Attack,Animal,2023/24,1
2498,Other,9 am to Noon,Autumn,On a Leash,Attack,Human,2018/19,1
2499,Other,9 am to Noon,Autumn,On a Leash,Attack,Human,2022/23,1
2500,Other,9 am to Noon,Autumn,Unknown,Attack,Unknown,2021/22,1
2501,Other,9 am to Noon,Autumn,Unknown,Attack,Unknown,2022/23,1
2502,Other,9 am to Noon,Autumn,Unknown,Harassment,Human,2023/24,1
2503,Other,9 am to Noon,Autumn,Unknown,Harassment,Unknown,2023/24,1
2504,Other,9 am to Noon,Spring,No Leash,Attack,Animal,2020/21,2
2505,Other,9 am to Noon,Spring,No Leash,Attack,Animal,2023/24,4
2506,Other,9 am to Noon,Spring,No Leash,Attack,Human,2023/24,1
2507,Other,9 am to Noon,Spring,No Leash,Harassment,Unknown,2018/19,1
2508,Other,9 am to Noon,Spring,No Leash,Harassment,Unknown,2020/21,1
2509,Other,9 am to Noon,Spring,No Leash,Harassment,Unknown,2023/24,1
2510,Other,9 am to Noon,Spring,On a Leash,Harassment,Animal,2020/21,1
2511,Other,9 am to Noon,Spring,Unknown,Attack,Animal,2021/22,1
2512,Other,9 am to Noon,Spring,Unknown,Attack,Human,2019/20,1
2513,Other,9 am to Noon,Spring,Unknown,Attack,Unknown,2023/24,1
2514,Other,9 am to Noon,Spring,Unknown,Harassment,Unknown,2022/23,1
2515,Other,9 am to Noon,Summer,No Leash,Attack,Animal,2021/22,1
2516,Other,9 am to Noon,Summer,No Leash,Attack,Human,2019/20,1
2517,Other,9 am to Noon,Summer,No Leash,Attack,Human,2022/23,1
2518,Other,9 am to Noon,Summer,No Leash,Attack,Human,2023/24,1
2519,Other,9 am to Noon,Summer,No Leash,Attack,Unknown,2018/19,1
2520,Other,9 am to Noon,Summer,No Leash,Attack,Unknown,2023/24,1
2521,Other,9 am to Noon,Summer,No Leash,Harassment,Animal,2020/21,1
2522,Other,9 am to Noon,Summer,No Leash,Harassment,Animal,2023/24,1
2523,Other,9 am to Noon,Summer,No Leash,Harassment,Both,2021/22,1
2524,Other,9 am to Noon,Summer,No Leash,Harassment,Human,2022/23,1
2525,Other,9 am to Noon,Summer,No Leash,Harassment,Unknown,2022/23,1
2526,Other,9 am to Noon,Summer,No Leash,Harassment,Unknown,2023/24,1
2527,Other,9 am to Noon,Summer,On a Leash,Harassment,Unknown,2019/20,1
2528,Other,9 am to Noon,Summer,Unknown,Attack,Animal,2023/24,1
2529,Other,9 am to Noon,Summer,Unknown,Attack,Unknown,2019/20,1
2530,Other,9 am to Noon,Summer,Unknown,Attack,Unknown,2020/21,1
2531,Other,9 am to Noon,Summer,Unknown,Attack,Unknown,2022/23,1
2532,Other,9 am to Noon,Summer,Unknown,Harassment,Human,2019/20,1
2533,Other,9 am to Noon,Winter,No Leash,Attack,Animal,2018/19,1
2534,Other,9 am to Noon,Winter,No Leash,Attack,Animal,2019/20,3
2535,Other,9 am to Noon,Winter,No Leash,Attack,Animal,2020/21,2
2536,Other,9 am to Noon,Winter,No Leash,Attack,Animal,2022/23,1
2537,Other,9 am to Noon,Winter,No Leash,Attack,Animal,2023/24,1
2538,Other,9 am to Noon,Winter,No Leash,Attack,Human,2020/21,1
2539,Other,9 am to Noon,Winter,No Leash,Attack,Unknown,2020/21,2
2540,Other,9 am to Noon,Winter,No Leash,Attack,Unknown,2021/22,2
2541,Other,9 am to Noon,Winter,No Leash,Attack,Unknown,2023/24,1
2542,Other,9 am to Noon,Winter,No Leash,Harassment,Animal,2019/20,2
2543,Other,9 am to Noon,Winter,No Leash,Harassment,Animal,2021/22,1
2544,Other,9 am to Noon,Winter,No Leash,Harassment,Animal,2023/24,2
2545,Other,9 am to Noon,Winter,No Leash,Harassment,Human,2021/22,1
2546,Other,9 am to Noon,Winter,On a Leash,Attack,Animal,2022/23,1
2547,Other,9 am to Noon,Winter,On a Leash,Attack,Human,2019/20,1
2548,Other,9 am to Noon,Winter,On a Leash,Harassment,Animal,2020/21,1
2549,Other,9 am to Noon,Winter,On a Leash,Harassment,Unknown,bef 30 Jun 2018,1
2550,Other,9 am to Noon,Winter,Unknown,Attack,Animal,2022/23,1
2551,Other,9 am to Noon,Winter,Unknown,Attack,Unknown,2022/23,1
2552,Other,9 am to Noon,Winter,Unknown,Harassment,Unknown,2018/19,1
2553,Other,9 am to Noon,Winter,Unknown,Harassment,Unknown,2019/20,1
2554,Other,Noon to 5 pm,Autumn,No Leash,Attack,Animal,2018/19,1
2555,Other,Noon to 5 pm,Autumn,No Leash,Attack,Animal,2020/21,1
2556,Other,Noon to 5 pm,Autumn,No Leash,Attack,Animal,2021/22,1
2557,Other,Noon to 5 pm,Autumn,No Leash,Attack,Animal,2022/23,2
2558,Other,Noon to 5 pm,Autumn,No Leash,Attack,Human,2019/20,1
2559,Other,Noon to 5 pm,Autumn,No Leash,Attack,Human,2021/22,1
2560,Other,Noon to 5 pm,Autumn,No Leash,Attack,Unknown,2021/22,1
2561,Other,Noon to 5 pm,Autumn,No Leash,Attack,Unknown,2022/23,1
2562,Other,Noon to 5 pm,Autumn,No Leash,Harassment,Human,2019/20,1
2563,Other,Noon to 5 pm,Autumn,No Leash,Harassment,Human,2022/23,1
2564,Other,Noon to 5 pm,Autumn,No Leash,Harassment,Human,2023/24,1
2565,Other,Noon to 5 pm,Autumn,No Leash,Harassment,Unknown,bef 30 Jun 2018,1
2566,Other,Noon to 5 pm,Autumn,On a Leash,Attack,Human,2020/21,1
2567,Other,Noon to 5 pm,Autumn,On a Leash,Attack,Human,2023/24,2
2568,Other,Noon to 5 pm,Autumn,On a Leash,Attack,Unknown,2021/22,1
2569,Other,Noon to 5 pm,Autumn,On a Leash,Harassment,Unknown,2022/23,1
2570,Other,Noon to 5 pm,Autumn,Unknown,Attack,Animal,2021/22,2
2571,Other,Noon to 5 pm,Autumn,Unknown,Attack,Animal,2023/24,1
2572,Other,Noon to 5 pm,Autumn,Unknown,Attack,Human,2018/19,1
2573,Other,Noon to 5 pm,Autumn,Unknown,Attack,Human,2021/22,1
2574,Other,Noon to 5 pm,Autumn,Unknown,Attack,Unknown,2018/19,1
2575,Other,Noon to 5 pm,Autumn,Unknown,Attack,Unknown,2022/23,1
2576,Other,Noon to 5 pm,Autumn,Unknown,Harassment,Human,2019/20,1
2577,Other,Noon to 5 pm,Autumn,Unknown,Harassment,Human,2023/24,1
2578,Other,Noon to 5 pm,Autumn,Unknown,Harassment,Unknown,2020/21,1
2579,Other,Noon to 5 pm,Autumn,Unknown,Harassment,Unknown,2021/22,1
2580,Other,Noon to 5 pm,Spring,No Leash,Attack,Animal,2018/19,1
2581,Other,Noon to 5 pm,Spring,No Leash,Attack,Animal,2019/20,1
2582,Other,Noon to 5 pm,Spring,No Leash,Attack,Animal,2021/22,1
2583,Other,Noon to 5 pm,Spring,No Leash,Attack,Animal,2023/24,3
2584,Other,Noon to 5 pm,Spring,No Leash,Attack,Unknown,2021/22,1
2585,Other,Noon to 5 pm,Spring,No Leash,Attack,Unknown,2022/23,1
2586,Other,Noon to 5 pm,Spring,No Leash,Attack,Unknown,2023/24,1
2587,Other,Noon to 5 pm,Spring,No Leash,Harassment,Animal,2018/19,1
2588,Other,Noon to 5 pm,Spring,No Leash,Harassment,Animal,2019/20,1
2589,Other,Noon to 5 pm,Spring,No Leash,Harassment,Both,2021/22,1
2590,Other,Noon to 5 pm,Spring,No Leash,Harassment,Human,2019/20,1
2591,Other,Noon to 5 pm,Spring,No Leash,Harassment,Human,2023/24,1
2592,Other,Noon to 5 pm,Spring,No Leash,Harassment,Unknown,2020/21,1
2593,Other,Noon to 5 pm,Spring,On a Leash,Attack,Animal,2023/24,1
2594,Other,Noon to 5 pm,Spring,On a Leash,Attack,Human,2018/19,1
2595,Other,Noon to 5 pm,Spring,On a Leash,Attack,Unknown,2023/24,1
2596,Other,Noon to 5 pm,Spring,On a Leash,Harassment,Animal,2023/24,1
2597,Other,Noon to 5 pm,Spring,Unknown,Attack,Animal,2018/19,1
2598,Other,Noon to 5 pm,Spring,Unknown,Attack,Animal,2020/21,1
2599,Other,Noon to 5 pm,Spring,Unknown,Attack,Animal,2022/23,1
2600,Other,Noon to 5 pm,Spring,Unknown,Attack,Human,2020/21,1
2601,Other,Noon to 5 pm,Spring,Unknown,Attack,Unknown,2020/21,1
2602,Other,Noon to 5 pm,Spring,Unknown,Harassment,Animal,2019/20,1
2603,Other,Noon to 5 pm,Spring,Unknown,Harassment,Human,2022/23,1
2604,Other,Noon to 5 pm,Spring,Unknown,Harassment,Human,2023/24,1
2605,Other,Noon to 5 pm,Spring,Unknown,Harassment,Unknown,2021/22,1
2606,Other,Noon to 5 pm,Spring,Unknown,Harassment,Unknown,2022/23,1
2607,Other,Noon to 5 pm,Summer,No Leash,Attack,Animal,2019/20,2
2608,Other,Noon to 5 pm,Summer,No Leash,Attack,Animal,2021/22,1
2609,Other,Noon to 5 pm,Summer,No Leash,Attack,Human,2022/23,1
2610,Other,Noon to 5 pm,Summer,No Leash,Attack,Unknown,2019/20,1
2611,Other,Noon to 5 pm,Summer,No Leash,Harassment,Human,2018/19,1
2612,Other,Noon to 5 pm,Summer,No Leash,Harassment,Human,2020/21,2
2613,Other,Noon to 5 pm,Summer,No Leash,Harassment,Unknown,2023/24,1
2614,Other,Noon to 5 pm,Summer,On a Leash,Attack,Animal,2023/24,1
2615,Other,Noon to 5 pm,Summer,On a Leash,Attack,Both,2021/22,1
2616,Other,Noon to 5 pm,Summer,On a Leash,Attack,Human,2022/23,1
2617,Other,Noon to 5 pm,Summer,On a Leash,Attack,Unknown,2023/24,1
2618,Other,Noon to 5 pm,Summer,Unknown,Attack,Human,2018/19,1
2619,Other,Noon to 5 pm,Summer,Unknown,Attack,Unknown,2020/21,1
2620,Other,Noon to 5 pm,Summer,Unknown,Harassment,Human,2022/23,1
2621,Other,Noon to 5 pm,Winter,No Leash,Attack,Animal,2018/19,1
2622,Other,Noon to 5 pm,Winter,No Leash,Attack,Animal,2019/20,2
2623,Other,Noon to 5 pm,Winter,No Leash,Attack,Animal,2020/21,3
2624,Other,Noon to 5 pm,Winter,No Leash,Attack,Animal,2022/23,2
2625,Other,Noon to 5 pm,Winter,No Leash,Attack,Animal,2023/24,2
2626,Other,Noon to 5 pm,Winter,No Leash,Attack,Human,2023/24,1
2627,Other,Noon to 5 pm,Winter,No Leash,Attack,Unknown,2023/24,1
2628,Other,Noon to 5 pm,Winter,No Leash,Harassment,Animal,2022/23,1
2629,Other,Noon to 5 pm,Winter,No Leash,Harassment,Animal,2023/24,1
2630,Other,Noon to 5 pm,Winter,No Leash,Harassment,Human,2018/19,3
2631,Other,Noon to 5 pm,Winter,No Leash,Harassment,Human,2022/23,1
2632,Other,Noon to 5 pm,Winter,No Leash,Harassment,Human,2023/24,1
2633,Other,Noon to 5 pm,Winter,No Leash,Harassment,Unknown,2018/19,1
2634,Other,Noon to 5 pm,Winter,No Leash,Harassment,Unknown,2019/20,1
2635,Other,Noon to 5 pm,Winter,No Leash,Harassment,Unknown,2022/23,1
2636,Other,Noon to 5 pm,Winter,On a Leash,Attack,Animal,2020/21,1
2637,Other,Noon to 5 pm,Winter,On a Leash,Attack,Human,2020/21,1
2638,Other,Noon to 5 pm,Winter,On a Leash,Attack,Human,2022/23,1
2639,Other,Noon to 5 pm,Winter,Unknown,Attack,Animal,2019/20,1
2640,Other,Noon to 5 pm,Winter,Unknown,Attack,Animal,2021/22,2
2641,Other,Noon to 5 pm,Winter,Unknown,Attack,Animal,2023/24,1
2642,Other,Noon to 5 pm,Winter,Unknown,Attack,Unknown,2020/21,1
2643,Other,Noon to 5 pm,Winter,Unknown,Attack,Unknown,2022/23,1
2644,Other,Noon to 5 pm,Winter,Unknown,Harassment,Unknown,2021/22,1
2645,Other,Noon to 5 pm,Winter,Unknown,Harassment,Unknown,2023/24,1
2646,Other,Unknown,Autumn,No Leash,Attack,Animal,2019/20,1
2647,Other,Unknown,Autumn,No Leash,Attack,Animal,2021/22,1
2648,Other,Unknown,Autumn,No Leash,Attack,Animal,2022/23,1
2649,Other,Unknown,Autumn,No Leash,Attack,Animal,bef 30 Jun 2018,1
2650,Other,Unknown,Autumn,No Leash,Attack,Human,bef 30 Jun 2018,2
2651,Other,Unknown,Autumn,No Leash,Harassment,Unknown,2019/20,1
2652,Other,Unknown,Autumn,On a Leash,Attack,Human,bef 30 Jun 2018,1
2653,Other,Unknown,Autumn,Unknown,Attack,Animal,2022/23,1
2654,Other,Unknown,Autumn,Unknown,Attack,Human,2019/20,2
2655,Other,Unknown,Autumn,Unknown,Attack,Unknown,2022/23,2
2656,Other,Unknown,Autumn,Unknown,Harassment,Human,2018/19,1
2657,Other,Unknown,Autumn,Unknown,Harassment,Unknown,2019/20,1
2658,Other,Unknown,Spring,No Leash,Attack,Animal,2020/21,1
2659,Other,Unknown,Spring,No Leash,Attack,Animal,bef 30 Jun 2018,1
2660,Other,Unknown,Spring,No Leash,Attack,Human,2019/20,1
2661,Other,Unknown,Spring,No Leash,Attack,Unknown,2022/23,1
2662,Other,Unknown,Spring,No Leash,Harassment,Unknown,2020/21,2
2663,Other,Unknown,Spring,No Leash,Harassment,Unknown,2022/23,2
2664,Other,Unknown,Spring,Unknown,Attack,Animal,2021/22,1
2665,Other,Unknown,Spring,Unknown,Attack,Unknown,2023/24,1
2666,Other,Unknown,Spring,Unknown,Harassment,Unknown,2020/21,2
2667,Other,Unknown,Summer,No Leash,Attack,Animal,2018/19,1
2668,Other,Unknown,Summer,No Leash,Attack,Animal,2021/22,1
2669,Other,Unknown,Summer,No Leash,Attack,Human,2023/24,1
2670,Other,Unknown,Summer,No Leash,Attack,Human,bef 30 Jun 2018,1
2671,Other,Unknown,Summer,No Leash,Attack,Unknown,2018/19,1
2672,Other,Unknown,Summer,No Leash,Harassment,Human,2023/24,1
2673,Other,Unknown,Summer,No Leash,Harassment,Unknown,2022/23,1
2674,Other,Unknown,Summer,Unknown,Attack,Animal,2018/19,1
2675,Other,Unknown,Summer,Unknown,Attack,Animal,2020/21,2
2676,Other,Unknown,Summer,Unknown,Attack,Unknown,2020/21,1
2677,Other,Unknown,Summer,Unknown,Harassment,Unknown,2018/19,1
2678,Other,Unknown,Summer,Unknown,Harassment,Unknown,2021/22,1
2679,Other,Unknown,Winter,No Leash,Attack,Animal,2019/20,1
2680,Other,Unknown,Winter,No Leash,Attack,Animal,bef 30 Jun 2018,1
2681,Other,Unknown,Winter,No Leash,Attack,Human,2018/19,1
2682,Other,Unknown,Winter,No Leash,Attack,Unknown,2020/21,1
2683,Other,Unknown,Winter,No Leash,Attack,Unknown,2023/24,1
2684,Other,Unknown,Winter,Unknown,Attack,Animal,2018/19,1
2685,Other,Unknown,Winter,Unknown,Attack,Animal,2021/22,1
2686,Other,Unknown,Winter,Unknown,Attack,Animal,2022/23,1
2687,Other,Unknown,Winter,Unknown,Attack,Unknown,2020/21,2
2688,Other,Unknown,Winter,Unknown,Attack,Unknown,2021/22,1
2689,Other,Unknown,Winter,Unknown,Attack,Unknown,2022/23,1
2690,Other,Unknown,Winter,Unknown,Harassment,Animal,2018/19,1
2691,Other,Unknown,Winter,Unknown,Harassment,Unknown,2020/21,1
2692,Park,5 pm to 8 pm,Autumn,No Leash,Attack,Animal,2018/19,1
2693,Park,5 pm to 8 pm,Autumn,No Leash,Attack,Animal,2019/20,2
2694,Park,5 pm to 8 pm,Autumn,No Leash,Attack,Animal,2020/21,2
2695,Park,5 pm to 8 pm,Autumn,No Leash,Attack,Animal,2021/22,2
2696,Park,5 pm to 8 pm,Autumn,No Leash,Attack,Animal,2022/23,2
2697,Park,5 pm to 8 pm,Autumn,No Leash,Attack,Animal,2023/24,1
2698,Park,5 pm to 8 pm,Autumn,No Leash,Attack,Unknown,2018/19,1
2699,Park,5 pm to 8 pm,Autumn,No Leash,Attack,Unknown,2022/23,1
2700,Park,5 pm to 8 pm,Autumn,No Leash,Attack,Unknown,2023/24,1
2701,Park,5 pm to 8 pm,Autumn,No Leash,Harassment,Animal,2019/20,1
2702,Park,5 pm to 8 pm,Autumn,No Leash,Harassment,Animal,2021/22,1
2703,Park,5 pm to 8 pm,Autumn,No Leash,Harassment,Human,2021/22,1
2704,Park,5 pm to 8 pm,Autumn,No Leash,Harassment,Unknown,2019/20,1
2705,Park,5 pm to 8 pm,Autumn,No Leash,Harassment,Unknown,2021/22,1
2706,Park,5 pm to 8 pm,Autumn,No Leash,Harassment,Unknown,2023/24,1
2707,Park,5 pm to 8 pm,Autumn,On a Leash,Attack,Animal,2021/22,1
2708,Park,5 pm to 8 pm,Autumn,On a Leash,Attack,Human,2020/21,1
2709,Park,5 pm to 8 pm,Autumn,On a Leash,Attack,Human,2022/23,1
2710,Park,5 pm to 8 pm,Autumn,On a Leash,Harassment,Human,2022/23,1
2711,Park,5 pm to 8 pm,Autumn,Unknown,Attack,Animal,2018/19,1
2712,Park,5 pm to 8 pm,Autumn,Unknown,Attack,Animal,2020/21,2
2713,Park,5 pm to 8 pm,Autumn,Unknown,Attack,Animal,2021/22,3
2714,Park,5 pm to 8 pm,Autumn,Unknown,Attack,Animal,2022/23,1
2715,Park,5 pm to 8 pm,Autumn,Unknown,Attack,Both,2019/20,1
2716,Park,5 pm to 8 pm,Autumn,Unknown,Attack,Human,2021/22,1
2717,Park,5 pm to 8 pm,Autumn,Unknown,Attack,Unknown,2018/19,1
2718,Park,5 pm to 8 pm,Autumn,Unknown,Attack,Unknown,2021/22,1
2719,Park,5 pm to 8 pm,Autumn,Unknown,Attack,Unknown,2022/23,1
2720,Park,5 pm to 8 pm,Autumn,Unknown,Attack,Unknown,2023/24,1
2721,Park,5 pm to 8 pm,Autumn,Unknown,Harassment,Animal,2020/21,1
2722,Park,5 pm to 8 pm,Autumn,Unknown,Harassment,Animal,2023/24,1
2723,Park,5 pm to 8 pm,Autumn,Unknown,Harassment,Human,2019/20,1
2724,Park,5 pm to 8 pm,Autumn,Unknown,Harassment,Human,2021/22,1
2725,Park,5 pm to 8 pm,Autumn,Unknown,Harassment,Human,2022/23,2
2726,Park,5 pm to 8 pm,Autumn,Unknown,Harassment,Unknown,2020/21,1
2727,Park,5 pm to 8 pm,Autumn,Unknown,Harassment,Unknown,2022/23,1
2728,Park,5 pm to 8 pm,Autumn,Unknown,Harassment,Unknown,2023/24,1
2729,Park,5 pm to 8 pm,Spring,No Leash,Attack,Animal,2018/19,2
2730,Park,5 pm to 8 pm,Spring,No Leash,Attack,Animal,2019/20,3
2731,Park,5 pm to 8 pm,Spring,No Leash,Attack,Animal,2020/21,1
2732,Park,5 pm to 8 pm,Spring,No Leash,Attack,Animal,2021/22,4
2733,Park,5 pm to 8 pm,Spring,No Leash,Attack,Human,2018/19,1
2734,Park,5 pm to 8 pm,Spring,No Leash,Attack,Human,2020/21,1
2735,Park,5 pm to 8 pm,Spring,No Leash,Attack,Human,2023/24,1
2736,Park,5 pm to 8 pm,Spring,No Leash,Attack,Unknown,2019/20,1
2737,Park,5 pm to 8 pm,Spring,No Leash,Attack,Unknown,2021/22,1
2738,Park,5 pm to 8 pm,Spring,No Leash,Harassment,Animal,2019/20,2
2739,Park,5 pm to 8 pm,Spring,No Leash,Harassment,Animal,2021/22,1
2740,Park,5 pm to 8 pm,Spring,No Leash,Harassment,Animal,2023/24,1
2741,Park,5 pm to 8 pm,Spring,No Leash,Harassment,Human,2018/19,1
2742,Park,5 pm to 8 pm,Spring,No Leash,Harassment,Human,2019/20,1
2743,Park,5 pm to 8 pm,Spring,No Leash,Harassment,Human,2020/21,1
2744,Park,5 pm to 8 pm,Spring,No Leash,Harassment,Human,2021/22,3
2745,Park,5 pm to 8 pm,Spring,No Leash,Harassment,Unknown,2018/19,1
2746,Park,5 pm to 8 pm,Spring,No Leash,Harassment,Unknown,2021/22,1
2747,Park,5 pm to 8 pm,Spring,On a Leash,Attack,Animal,2020/21,2
2748,Park,5 pm to 8 pm,Spring,On a Leash,Attack,Unknown,2021/22,1
2749,Park,5 pm to 8 pm,Spring,On a Leash,Attack,Unknown,2022/23,1
2750,Park,5 pm to 8 pm,Spring,On a Leash,Harassment,Human,2019/20,1
2751,Park,5 pm to 8 pm,Spring,On a Leash,Harassment,Unknown,2022/23,1
2752,Park,5 pm to 8 pm,Spring,Unknown,Attack,Animal,2018/19,1
2753,Park,5 pm to 8 pm,Spring,Unknown,Attack,Animal,2020/21,2
2754,Park,5 pm to 8 pm,Spring,Unknown,Attack,Animal,2021/22,1
2755,Park,5 pm to 8 pm,Spring,Unknown,Attack,Animal,2023/24,1
2756,Park,5 pm to 8 pm,Spring,Unknown,Attack,Both,2018/19,1
2757,Park,5 pm to 8 pm,Spring,Unknown,Attack,Human,2020/21,1
2758,Park,5 pm to 8 pm,Spring,Unknown,Attack,Human,2023/24,1
2759,Park,5 pm to 8 pm,Spring,Unknown,Attack,Unknown,2019/20,1
2760,Park,5 pm to 8 pm,Spring,Unknown,Attack,Unknown,2021/22,1
2761,Park,5 pm to 8 pm,Spring,Unknown,Attack,Unknown,2022/23,1
2762,Park,5 pm to 8 pm,Spring,Unknown,Attack,Unknown,2023/24,2
2763,Park,5 pm to 8 pm,Spring,Unknown,Harassment,Human,2019/20,2
2764,Park,5 pm to 8 pm,Spring,Unknown,Harassment,Human,2020/21,1
2765,Park,5 pm to 8 pm,Spring,Unknown,Harassment,Human,2021/22,1
2766,Park,5 pm to 8 pm,Spring,Unknown,Harassment,Unknown,2020/21,1
2767,Park,5 pm to 8 pm,Spring,Unknown,Harassment,Unknown,2023/24,2
2768,Park,5 pm to 8 pm,Summer,No Leash,Attack,Animal,2018/19,4
2769,Park,5 pm to 8 pm,Summer,No Leash,Attack,Animal,2019/20,3
2770,Park,5 pm to 8 pm,Summer,No Leash,Attack,Animal,2022/23,4
2771,Park,5 pm to 8 pm,Summer,No Leash,Attack,Both,2020/21,1
2772,Park,5 pm to 8 pm,Summer,No Leash,Attack,Human,2020/21,2
2773,Park,5 pm to 8 pm,Summer,No Leash,Attack,Human,2021/22,2
2774,Park,5 pm to 8 pm,Summer,No Leash,Attack,Human,bef 30 Jun 2018,1
2775,Park,5 pm to 8 pm,Summer,No Leash,Attack,Unknown,2018/19,1
2776,Park,5 pm to 8 pm,Summer,No Leash,Attack,Unknown,2020/21,3
2777,Park,5 pm to 8 pm,Summer,No Leash,Attack,Unknown,2021/22,1
2778,Park,5 pm to 8 pm,Summer,No Leash,Harassment,Animal,2018/19,2
2779,Park,5 pm to 8 pm,Summer,No Leash,Harassment,Human,2019/20,1
2780,Park,5 pm to 8 pm,Summer,No Leash,Harassment,Human,2020/21,1
2781,Park,5 pm to 8 pm,Summer,No Leash,Harassment,Unknown,2020/21,1
2782,Park,5 pm to 8 pm,Summer,No Leash,Harassment,Unknown,2021/22,1
2783,Park,5 pm to 8 pm,Summer,On a Leash,Attack,Animal,2020/21,1
2784,Park,5 pm to 8 pm,Summer,On a Leash,Attack,Both,2022/23,1
2785,Park,5 pm to 8 pm,Summer,On a Leash,Attack,Human,2018/19,1
2786,Park,5 pm to 8 pm,Summer,On a Leash,Attack,Human,2019/20,1
2787,Park,5 pm to 8 pm,Summer,On a Leash,Attack,Human,2022/23,1
2788,Park,5 pm to 8 pm,Summer,On a Leash,Attack,Human,2023/24,1
2789,Park,5 pm to 8 pm,Summer,On a Leash,Harassment,Human,2023/24,1
2790,Park,5 pm to 8 pm,Summer,Unknown,Attack,Animal,2018/19,1
2791,Park,5 pm to 8 pm,Summer,Unknown,Attack,Animal,2019/20,1
2792,Park,5 pm to 8 pm,Summer,Unknown,Attack,Animal,2020/21,1
2793,Park,5 pm to 8 pm,Summer,Unknown,Attack,Animal,2022/23,1
2794,Park,5 pm to 8 pm,Summer,Unknown,Attack,Animal,2023/24,2
2795,Park,5 pm to 8 pm,Summer,Unknown,Attack,Human,2019/20,1
2796,Park,5 pm to 8 pm,Summer,Unknown,Attack,Human,2020/21,1
2797,Park,5 pm to 8 pm,Summer,Unknown,Attack,Human,2021/22,1
2798,Park,5 pm to 8 pm,Summer,Unknown,Attack,Unknown,2020/21,2
2799,Park,5 pm to 8 pm,Summer,Unknown,Attack,Unknown,2022/23,2
2800,Park,5 pm to 8 pm,Summer,Unknown,Harassment,Animal,2021/22,1
2801,Park,5 pm to 8 pm,Summer,Unknown,Harassment,Human,2019/20,1
2802,Park,5 pm to 8 pm,Summer,Unknown,Harassment,Human,2020/21,2
2803,Park,5 pm to 8 pm,Summer,Unknown,Harassment,Human,2023/24,2
2804,Park,5 pm to 8 pm,Summer,Unknown,Harassment,Unknown,2019/20,1
2805,Park,5 pm to 8 pm,Winter,No Leash,Attack,Animal,2019/20,1
2806,Park,5 pm to 8 pm,Winter,No Leash,Attack,Animal,2020/21,3
2807,Park,5 pm to 8 pm,Winter,No Leash,Attack,Animal,2021/22,1
2808,Park,5 pm to 8 pm,Winter,No Leash,Attack,Animal,2022/23,1
2809,Park,5 pm to 8 pm,Winter,No Leash,Attack,Animal,2023/24,1
2810,Park,5 pm to 8 pm,Winter,No Leash,Attack,Animal,bef 30 Jun 2018,1
2811,Park,5 pm to 8 pm,Winter,No Leash,Attack,Human,2018/19,1
2812,Park,5 pm to 8 pm,Winter,No Leash,Attack,Human,2022/23,2
2813,Park,5 pm to 8 pm,Winter,No Leash,Attack,Unknown,2018/19,1
2814,Park,5 pm to 8 pm,Winter,No Leash,Attack,Unknown,2021/22,1
2815,Park,5 pm to 8 pm,Winter,No Leash,Harassment,Animal,2019/20,1
2816,Park,5 pm to 8 pm,Winter,No Leash,Harassment,Both,2020/21,1
2817,Park,5 pm to 8 pm,Winter,No Leash,Harassment,Human,2020/21,1
2818,Park,5 pm to 8 pm,Winter,No Leash,Harassment,Unknown,2022/23,1
2819,Park,5 pm to 8 pm,Winter,On a Leash,Attack,Animal,2019/20,1
2820,Park,5 pm to 8 pm,Winter,Unknown,Attack,Animal,2018/19,2
2821,Park,5 pm to 8 pm,Winter,Unknown,Attack,Animal,2021/22,1
2822,Park,5 pm to 8 pm,Winter,Unknown,Attack,Animal,2022/23,1
2823,Park,5 pm to 8 pm,Winter,Unknown,Attack,Animal,bef 30 Jun 2018,1
2824,Park,5 pm to 8 pm,Winter,Unknown,Attack,Human,2022/23,1
2825,Park,5 pm to 8 pm,Winter,Unknown,Attack,Human,2023/24,1
2826,Park,5 pm to 8 pm,Winter,Unknown,Attack,Unknown,2018/19,1
2827,Park,5 pm to 8 pm,Winter,Unknown,Attack,Unknown,2023/24,1
2828,Park,5 pm to 8 pm,Winter,Unknown,Attack,Unknown,bef 30 Jun 2018,1
2829,Park,5 pm to 8 pm,Winter,Unknown,Harassment,Animal,2019/20,1
2830,Park,5 pm to 8 pm,Winter,Unknown,Harassment,Animal,2020/21,1
2831,Park,5 pm to 8 pm,Winter,Unknown,Harassment,Human,2019/20,1
2832,Park,5 pm to 8 pm,Winter,Unknown,Harassment,Human,2023/24,1
2833,Park,5 pm to 8 pm,Winter,Unknown,Harassment,Unknown,2021/22,1
2834,Park,6 am to 9 am,Autumn,No Leash,Attack,Animal,2018/19,1
2835,Park,6 am to 9 am,Autumn,No Leash,Attack,Animal,2020/21,1
2836,Park,6 am to 9 am,Autumn,No Leash,Attack,Animal,2021/22,1
2837,Park,6 am to 9 am,Autumn,No Leash,Attack,Animal,bef 30 Jun 2018,1
2838,Park,6 am to 9 am,Autumn,No Leash,Attack,Human,2018/19,1
2839,Park,6 am to 9 am,Autumn,No Leash,Attack,Human,2019/20,1
2840,Park,6 am to 9 am,Autumn,No Leash,Attack,Human,2023/24,1
2841,Park,6 am to 9 am,Autumn,No Leash,Attack,Unknown,2020/21,1
2842,Park,6 am to 9 am,Autumn,No Leash,Harassment,Human,2018/19,2
2843,Park,6 am to 9 am,Autumn,No Leash,Harassment,Human,2021/22,1
2844,Park,6 am to 9 am,Autumn,No Leash,Harassment,Human,2023/24,1
2845,Park,6 am to 9 am,Autumn,No Leash,Harassment,Unknown,2018/19,1
2846,Park,6 am to 9 am,Autumn,On a Leash,Attack,Human,2023/24,1
2847,Park,6 am to 9 am,Autumn,Unknown,Attack,Animal,2021/22,2
2848,Park,6 am to 9 am,Autumn,Unknown,Attack,Animal,2022/23,1
2849,Park,6 am to 9 am,Autumn,Unknown,Attack,Human,bef 30 Jun 2018,1
2850,Park,6 am to 9 am,Autumn,Unknown,Attack,Unknown,2023/24,1
2851,Park,6 am to 9 am,Autumn,Unknown,Harassment,Both,2018/19,1
2852,Park,6 am to 9 am,Autumn,Unknown,Harassment,Human,2018/19,1
2853,Park,6 am to 9 am,Autumn,Unknown,Harassment,Human,2019/20,1
2854,Park,6 am to 9 am,Autumn,Unknown,Harassment,Unknown,2023/24,1
2855,Park,6 am to 9 am,Spring,No Leash,Attack,Animal,2018/19,1
2856,Park,6 am to 9 am,Spring,No Leash,Attack,Animal,2020/21,1
2857,Park,6 am to 9 am,Spring,No Leash,Attack,Animal,2023/24,1
2858,Park,6 am to 9 am,Spring,No Leash,Attack,Both,2019/20,1
2859,Park,6 am to 9 am,Spring,No Leash,Attack,Both,2022/23,1
2860,Park,6 am to 9 am,Spring,No Leash,Harassment,Human,2019/20,1
2861,Park,6 am to 9 am,Spring,No Leash,Harassment,Human,2020/21,3
2862,Park,6 am to 9 am,Spring,No Leash,Harassment,Human,2021/22,1
2863,Park,6 am to 9 am,Spring,On a Leash,Attack,Animal,2023/24,1
2864,Park,6 am to 9 am,Spring,On a Leash,Attack,Human,2020/21,3
2865,Park,6 am to 9 am,Spring,On a Leash,Harassment,Animal,2023/24,1
2866,Park,6 am to 9 am,Spring,Unknown,Attack,Human,2023/24,1
2867,Park,6 am to 9 am,Spring,Unknown,Attack,Unknown,2019/20,1
2868,Park,6 am to 9 am,Spring,Unknown,Harassment,Animal,2020/21,1
2869,Park,6 am to 9 am,Spring,Unknown,Harassment,Human,2019/20,1
2870,Park,6 am to 9 am,Summer,No Leash,Attack,Animal,2018/19,1
2871,Park,6 am to 9 am,Summer,No Leash,Attack,Animal,2019/20,3
2872,Park,6 am to 9 am,Summer,No Leash,Attack,Animal,2021/22,1
2873,Park,6 am to 9 am,Summer,No Leash,Attack,Animal,2022/23,1
2874,Park,6 am to 9 am,Summer,No Leash,Attack,Animal,2023/24,1
2875,Park,6 am to 9 am,Summer,No Leash,Attack,Unknown,2018/19,1
2876,Park,6 am to 9 am,Summer,No Leash,Attack,Unknown,2022/23,1
2877,Park,6 am to 9 am,Summer,No Leash,Attack,Unknown,2023/24,1
2878,Park,6 am to 9 am,Summer,No Leash,Harassment,Animal,2023/24,1
2879,Park,6 am to 9 am,Summer,No Leash,Harassment,Both,2019/20,1
2880,Park,6 am to 9 am,Summer,No Leash,Harassment,Human,2021/22,1
2881,Park,6 am to 9 am,Summer,No Leash,Harassment,Unknown,2019/20,1
2882,Park,6 am to 9 am,Summer,On a Leash,Attack,Human,2018/19,1
2883,Park,6 am to 9 am,Summer,On a Leash,Attack,Human,2019/20,1
2884,Park,6 am to 9 am,Summer,On a Leash,Harassment,Animal,2021/22,1
2885,Park,6 am to 9 am,Summer,Unknown,Attack,Animal,2018/19,1
2886,Park,6 am to 9 am,Summer,Unknown,Attack,Animal,2022/23,2
2887,Park,6 am to 9 am,Summer,Unknown,Attack,Human,2021/22,1
2888,Park,6 am to 9 am,Summer,Unknown,Attack,Human,2023/24,1
2889,Park,6 am to 9 am,Summer,Unknown,Attack,Unknown,2019/20,1
2890,Park,6 am to 9 am,Summer,Unknown,Harassment,Animal,2023/24,1
2891,Park,6 am to 9 am,Summer,Unknown,Harassment,Human,2020/21,1
2892,Park,6 am to 9 am,Summer,Unknown,Harassment,Human,2021/22,1
2893,Park,6 am to 9 am,Summer,Unknown,Harassment,Human,2023/24,1
2894,Park,6 am to 9 am,Summer,Unknown,Harassment,Unknown,2021/22,1
2895,Park,6 am to 9 am,Summer,Unknown,Harassment,Unknown,2022/23,1
2896,Park,6 am to 9 am,Winter,No Leash,Attack,Animal,2019/20,1
2897,Park,6 am to 9 am,Winter,No Leash,Attack,Animal,2020/21,1
2898,Park,6 am to 9 am,Winter,No Leash,Attack,Animal,2023/24,1
2899,Park,6 am to 9 am,Winter,No Leash,Attack,Human,bef 30 Jun 2018,1
2900,Park,6 am to 9 am,Winter,No Leash,Harassment,Human,2022/23,2
2901,Park,6 am to 9 am,Winter,No Leash,Harassment,Human,2023/24,2
2902,Park,6 am to 9 am,Winter,On a Leash,Attack,Animal,2020/21,1
2903,Park,6 am to 9 am,Winter,On a Leash,Attack,Animal,2022/23,1
2904,Park,6 am to 9 am,Winter,Unknown,Attack,Animal,2018/19,2
2905,Park,6 am to 9 am,Winter,Unknown,Attack,Animal,2019/20,2
2906,Park,6 am to 9 am,Winter,Unknown,Attack,Animal,2021/22,1
2907,Park,6 am to 9 am,Winter,Unknown,Attack,Animal,2023/24,1
2908,Park,6 am to 9 am,Winter,Unknown,Attack,Human,2018/19,1
2909,Park,6 am to 9 am,Winter,Unknown,Attack,Unknown,2022/23,1
2910,Park,6 am to 9 am,Winter,Unknown,Harassment,Animal,2019/20,1
2911,Park,6 am to 9 am,Winter,Unknown,Harassment,Human,2018/19,1
2912,Park,6 am to 9 am,Winter,Unknown,Harassment,Human,2020/21,1
2913,Park,6 am to 9 am,Winter,Unknown,Harassment,Unknown,2023/24,1
2914,Park,8 pm to 10 pm,Autumn,No Leash,Attack,Unknown,2019/20,1
2915,Park,8 pm to 10 pm,Autumn,No Leash,Attack,Unknown,2021/22,1
2916,Park,8 pm to 10 pm,Spring,No Leash,Attack,Animal,2021/22,1
2917,Park,8 pm to 10 pm,Spring,No Leash,Attack,Human,2022/23,1
2918,Park,8 pm to 10 pm,Spring,On a Leash,Attack,Animal,2023/24,1
2919,Park,8 pm to 10 pm,Spring,Unknown,Attack,Unknown,2020/21,1
2920,Park,8 pm to 10 pm,Summer,No Leash,Harassment,Both,2019/20,1
2921,Park,8 pm to 10 pm,Summer,On a Leash,Attack,Unknown,2019/20,1
2922,Park,8 pm to 10 pm,Summer,On a Leash,Harassment,Animal,2020/21,1
2923,Park,8 pm to 10 pm,Summer,Unknown,Attack,Animal,2019/20,1
2924,Park,8 pm to 10 pm,Summer,Unknown,Attack,Animal,2020/21,1
2925,Park,8 pm to 10 pm,Summer,Unknown,Attack,Both,2020/21,1
2926,Park,8 pm to 10 pm,Summer,Unknown,Attack,Human,2018/19,1
2927,Park,8 pm to 10 pm,Summer,Unknown,Attack,Unknown,2021/22,1
2928,Park,8 pm to 10 pm,Summer,Unknown,Harassment,Human,2019/20,1
2929,Park,8 pm to 10 pm,Winter,Unknown,Harassment,Unknown,2020/21,1
2930,Park,9 am to Noon,Autumn,No Leash,Attack,Animal,2018/19,1
2931,Park,9 am to Noon,Autumn,No Leash,Attack,Animal,2021/22,2
2932,Park,9 am to Noon,Autumn,No Leash,Attack,Animal,2023/24,1
2933,Park,9 am to Noon,Autumn,No Leash,Attack,Animal,bef 30 Jun 2018,2
2934,Park,9 am to Noon,Autumn,No Leash,Attack,Human,2018/19,1
2935,Park,9 am to Noon,Autumn,No Leash,Attack,Human,2022/23,1
2936,Park,9 am to Noon,Autumn,No Leash,Attack,Human,2023/24,1
2937,Park,9 am to Noon,Autumn,No Leash,Attack,Unknown,2019/20,1
2938,Park,9 am to Noon,Autumn,No Leash,Attack,Unknown,2020/21,1
2939,Park,9 am to Noon,Autumn,No Leash,Attack,Unknown,2022/23,1
2940,Park,9 am to Noon,Autumn,No Leash,Attack,Unknown,bef 30 Jun 2018,1
2941,Park,9 am to Noon,Autumn,No Leash,Harassment,Animal,2019/20,1
2942,Park,9 am to Noon,Autumn,No Leash,Harassment,Animal,2020/21,2
2943,Park,9 am to Noon,Autumn,No Leash,Harassment,Animal,2021/22,1
2944,Park,9 am to Noon,Autumn,No Leash,Harassment,Animal,bef 30 Jun 2018,1
2945,Park,9 am to Noon,Autumn,No Leash,Harassment,Human,2019/20,1
2946,Park,9 am to Noon,Autumn,No Leash,Harassment,Unknown,2021/22,1
2947,Park,9 am to Noon,Autumn,On a Leash,Attack,Animal,2018/19,1
2948,Park,9 am to Noon,Autumn,On a Leash,Attack,Animal,2020/21,1
2949,Park,9 am to Noon,Autumn,On a Leash,Attack,Animal,bef 30 Jun 2018,1
2950,Park,9 am to Noon,Autumn,On a Leash,Attack,Human,bef 30 Jun 2018,1
2951,Park,9 am to Noon,Autumn,On a Leash,Attack,Unknown,2020/21,1
2952,Park,9 am to Noon,Autumn,On a Leash,Harassment,Unknown,2022/23,1
2953,Park,9 am to Noon,Autumn,Unknown,Attack,Animal,2019/20,1
2954,Park,9 am to Noon,Autumn,Unknown,Attack,Animal,2020/21,1
2955,Park,9 am to Noon,Autumn,Unknown,Attack,Animal,2021/22,1
2956,Park,9 am to Noon,Autumn,Unknown,Attack,Both,2018/19,1
2957,Park,9 am to Noon,Autumn,Unknown,Attack,Human,2020/21,2
2958,Park,9 am to Noon,Autumn,Unknown,Attack,Human,2022/23,1
2959,Park,9 am to Noon,Autumn,Unknown,Attack,Human,2023/24,1
2960,Park,9 am to Noon,Autumn,Unknown,Harassment,Animal,2018/19,1
2961,Park,9 am to Noon,Autumn,Unknown,Harassment,Animal,2020/21,1
2962,Park,9 am to Noon,Autumn,Unknown,Harassment,Animal,2023/24,2
2963,Park,9 am to Noon,Autumn,Unknown,Harassment,Human,2019/20,1
2964,Park,9 am to Noon,Autumn,Unknown,Harassment,Human,2020/21,1
2965,Park,9 am to Noon,Autumn,Unknown,Harassment,Unknown,2022/23,1
2966,Park,9 am to Noon,Autumn,Unknown,Harassment,Unknown,2023/24,1
2967,Park,9 am to Noon,Spring,No Leash,Attack,Animal,2018/19,2
2968,Park,9 am to Noon,Spring,No Leash,Attack,Animal,2019/20,2
2969,Park,9 am to Noon,Spring,No Leash,Attack,Animal,2023/24,1
2970,Park,9 am to Noon,Spring,No Leash,Attack,Both,2019/20,1
2971,Park,9 am to Noon,Spring,No Leash,Attack,Both,2023/24,1
2972,Park,9 am to Noon,Spring,No Leash,Attack,Human,2019/20,2
2973,Park,9 am to Noon,Spring,No Leash,Attack,Human,2021/22,1
2974,Park,9 am to Noon,Spring,No Leash,Attack,Human,2023/24,1
2975,Park,9 am to Noon,Spring,No Leash,Attack,Unknown,2020/21,3
2976,Park,9 am to Noon,Spring,No Leash,Attack,Unknown,2021/22,1
2977,Park,9 am to Noon,Spring,No Leash,Harassment,Animal,2021/22,1
2978,Park,9 am to Noon,Spring,No Leash,Harassment,Animal,2022/23,1
2979,Park,9 am to Noon,Spring,No Leash,Harassment,Human,2018/19,1
2980,Park,9 am to Noon,Spring,No Leash,Harassment,Human,2020/21,1
2981,Park,9 am to Noon,Spring,No Leash,Harassment,Human,2023/24,1
2982,Park,9 am to Noon,Spring,No Leash,Harassment,Unknown,2019/20,1
2983,Park,9 am to Noon,Spring,No Leash,Harassment,Unknown,2021/22,1
2984,Park,9 am to Noon,Spring,No Leash,Harassment,Unknown,2022/23,1
2985,Park,9 am to Noon,Spring,On a Leash,Attack,Animal,2021/22,2
2986,Park,9 am to Noon,Spring,On a Leash,Attack,Both,2019/20,1
2987,Park,9 am to Noon,Spring,On a Leash,Harassment,Animal,2021/22,1
2988,Park,9 am to Noon,Spring,Unknown,Attack,Animal,2019/20,1
2989,Park,9 am to Noon,Spring,Unknown,Attack,Animal,2020/21,1
2990,Park,9 am to Noon,Spring,Unknown,Attack,Animal,2022/23,1
2991,Park,9 am to Noon,Spring,Unknown,Attack,Human,2018/19,1
2992,Park,9 am to Noon,Spring,Unknown,Attack,Human,2019/20,1
2993,Park,9 am to Noon,Spring,Unknown,Attack,Human,2020/21,1
2994,Park,9 am to Noon,Spring,Unknown,Attack,Human,2021/22,1
2995,Park,9 am to Noon,Spring,Unknown,Attack,Human,2022/23,2
2996,Park,9 am to Noon,Spring,Unknown,Attack,Unknown,2020/21,2
2997,Park,9 am to Noon,Spring,Unknown,Attack,Unknown,2022/23,1
2998,Park,9 am to Noon,Spring,Unknown,Harassment,Animal,2019/20,1
2999,Park,9 am to Noon,Spring,Unknown,Harassment,Animal,2022/23,2
3000,Park,9 am to Noon,Spring,Unknown,Harassment,Animal,2023/24,1
3001,Park,9 am to Noon,Spring,Unknown,Harassment,Human,2019/20,2
3002,Park,9 am to Noon,Spring,Unknown,Harassment,Human,2021/22,1
3003,Park,9 am to Noon,Spring,Unknown,Harassment,Unknown,2021/22,1
3004,Park,9 am to Noon,Spring,Unknown,Harassment,Unknown,2023/24,3
3005,Park,9 am to Noon,Summer,No Leash,Attack,Animal,2018/19,1
3006,Park,9 am to Noon,Summer,No Leash,Attack,Animal,2020/21,1
3007,Park,9 am to Noon,Summer,No Leash,Attack,Animal,2021/22,1
3008,Park,9 am to Noon,Summer,No Leash,Attack,Animal,2023/24,1
3009,Park,9 am to Noon,Summer,No Leash,Attack,Human,2020/21,1
3010,Park,9 am to Noon,Summer,No Leash,Attack,Human,2022/23,1
3011,Park,9 am to Noon,Summer,No Leash,Attack,Human,2023/24,1
3012,Park,9 am to Noon,Summer,No Leash,Attack,Unknown,2018/19,1
3013,Park,9 am to Noon,Summer,No Leash,Attack,Unknown,2020/21,1
3014,Park,9 am to Noon,Summer,No Leash,Attack,Unknown,2022/23,1
3015,Park,9 am to Noon,Summer,No Leash,Attack,Unknown,2023/24,1
3016,Park,9 am to Noon,Summer,No Leash,Harassment,Animal,2020/21,1
3017,Park,9 am to Noon,Summer,No Leash,Harassment,Animal,2022/23,1
3018,Park,9 am to Noon,Summer,No Leash,Harassment,Animal,2023/24,1
3019,Park,9 am to Noon,Summer,No Leash,Harassment,Human,2019/20,1
3020,Park,9 am to Noon,Summer,No Leash,Harassment,Human,2020/21,1
3021,Park,9 am to Noon,Summer,No Leash,Harassment,Unknown,2020/21,2
3022,Park,9 am to Noon,Summer,On a Leash,Attack,Animal,2020/21,1
3023,Park,9 am to Noon,Summer,On a Leash,Attack,Animal,2022/23,1
3024,Park,9 am to Noon,Summer,On a Leash,Attack,Human,2019/20,2
3025,Park,9 am to Noon,Summer,On a Leash,Attack,Human,2022/23,1
3026,Park,9 am to Noon,Summer,On a Leash,Attack,Unknown,2021/22,1
3027,Park,9 am to Noon,Summer,Unknown,Attack,Animal,2022/23,1
3028,Park,9 am to Noon,Summer,Unknown,Attack,Human,2019/20,1
3029,Park,9 am to Noon,Summer,Unknown,Attack,Human,2020/21,1
3030,Park,9 am to Noon,Summer,Unknown,Attack,Human,2021/22,2
3031,Park,9 am to Noon,Summer,Unknown,Attack,Unknown,2021/22,1
3032,Park,9 am to Noon,Summer,Unknown,Attack,Unknown,2022/23,1
3033,Park,9 am to Noon,Summer,Unknown,Harassment,Animal,2018/19,1
3034,Park,9 am to Noon,Summer,Unknown,Harassment,Human,2020/21,1
3035,Park,9 am to Noon,Summer,Unknown,Harassment,Human,2021/22,1
3036,Park,9 am to Noon,Summer,Unknown,Harassment,Human,2022/23,1
3037,Park,9 am to Noon,Summer,Unknown,Harassment,Unknown,2022/23,2
3038,Park,9 am to Noon,Winter,No Leash,Attack,Animal,2018/19,2
3039,Park,9 am to Noon,Winter,No Leash,Attack,Animal,2019/20,2
3040,Park,9 am to Noon,Winter,No Leash,Attack,Animal,2021/22,2
3041,Park,9 am to Noon,Winter,No Leash,Attack,Animal,2023/24,1
3042,Park,9 am to Noon,Winter,No Leash,Attack,Human,2019/20,1
3043,Park,9 am to Noon,Winter,No Leash,Attack,Human,2022/23,1
3044,Park,9 am to Noon,Winter,No Leash,Attack,Unknown,2020/21,1
3045,Park,9 am to Noon,Winter,No Leash,Attack,Unknown,2022/23,1
3046,Park,9 am to Noon,Winter,No Leash,Harassment,Animal,2018/19,1
3047,Park,9 am to Noon,Winter,No Leash,Harassment,Animal,2019/20,2
3048,Park,9 am to Noon,Winter,No Leash,Harassment,Animal,2020/21,1
3049,Park,9 am to Noon,Winter,No Leash,Harassment,Human,2018/19,2
3050,Park,9 am to Noon,Winter,No Leash,Harassment,Human,2019/20,1
3051,Park,9 am to Noon,Winter,No Leash,Harassment,Human,2020/21,1
3052,Park,9 am to Noon,Winter,No Leash,Harassment,Human,2021/22,1
3053,Park,9 am to Noon,Winter,No Leash,Harassment,Human,2022/23,1
3054,Park,9 am to Noon,Winter,No Leash,Harassment,Unknown,2019/20,1
3055,Park,9 am to Noon,Winter,No Leash,Harassment,Unknown,2020/21,1
3056,Park,9 am to Noon,Winter,No Leash,Harassment,Unknown,2021/22,1
3057,Park,9 am to Noon,Winter,No Leash,Harassment,Unknown,2023/24,1
3058,Park,9 am to Noon,Winter,On a Leash,Attack,Animal,2018/19,2
3059,Park,9 am to Noon,Winter,On a Leash,Attack,Animal,2019/20,1
3060,Park,9 am to Noon,Winter,On a Leash,Attack,Animal,2023/24,1
3061,Park,9 am to Noon,Winter,On a Leash,Attack,Human,2022/23,1
3062,Park,9 am to Noon,Winter,On a Leash,Harassment,Animal,2020/21,1
3063,Park,9 am to Noon,Winter,Unknown,Attack,Animal,2018/19,2
3064,Park,9 am to Noon,Winter,Unknown,Attack,Animal,2019/20,1
3065,Park,9 am to Noon,Winter,Unknown,Attack,Animal,2021/22,2
3066,Park,9 am to Noon,Winter,Unknown,Attack,Animal,2022/23,2
3067,Park,9 am to Noon,Winter,Unknown,Attack,Animal,2023/24,1
3068,Park,9 am to Noon,Winter,Unknown,Attack,Both,2019/20,2
3069,Park,9 am to Noon,Winter,Unknown,Attack,Human,2020/21,1
3070,Park,9 am to Noon,Winter,Unknown,Attack,Human,2021/22,1
3071,Park,9 am to Noon,Winter,Unknown,Attack,Unknown,2018/19,1
3072,Park,9 am to Noon,Winter,Unknown,Attack,Unknown,2019/20,1
3073,Park,9 am to Noon,Winter,Unknown,Attack,Unknown,2020/21,1
3074,Park,9 am to Noon,Winter,Unknown,Harassment,Animal,2020/21,1
3075,Park,9 am to Noon,Winter,Unknown,Harassment,Human,2018/19,2
3076,Park,9 am to Noon,Winter,Unknown,Harassment,Human,2019/20,2
3077,Park,9 am to Noon,Winter,Unknown,Harassment,Unknown,2019/20,1
3078,Park,9 am to Noon,Winter,Unknown,Harassment,Unknown,2020/21,3
3079,Park,9 am to Noon,Winter,Unknown,Harassment,Unknown,2021/22,1
3080,Park,Noon to 5 pm,Autumn,No Leash,Attack,Animal,2018/19,3
3081,Park,Noon to 5 pm,Autumn,No Leash,Attack,Animal,2019/20,3
3082,Park,Noon to 5 pm,Autumn,No Leash,Attack,Animal,2020/21,2
3083,Park,Noon to 5 pm,Autumn,No Leash,Attack,Animal,2021/22,1
3084,Park,Noon to 5 pm,Autumn,No Leash,Attack,Animal,2022/23,1
3085,Park,Noon to 5 pm,Autumn,No Leash,Attack,Animal,2023/24,1
3086,Park,Noon to 5 pm,Autumn,No Leash,Attack,Both,2018/19,1
3087,Park,Noon to 5 pm,Autumn,No Leash,Attack,Both,2019/20,1
3088,Park,Noon to 5 pm,Autumn,No Leash,Attack,Both,2020/21,1
3089,Park,Noon to 5 pm,Autumn,No Leash,Attack,Human,2019/20,1
3090,Park,Noon to 5 pm,Autumn,No Leash,Attack,Human,2023/24,1
3091,Park,Noon to 5 pm,Autumn,No Leash,Attack,Unknown,2019/20,1
3092,Park,Noon to 5 pm,Autumn,No Leash,Attack,Unknown,2020/21,2
3093,Park,Noon to 5 pm,Autumn,No Leash,Attack,Unknown,2022/23,3
3094,Park,Noon to 5 pm,Autumn,No Leash,Harassment,Animal,2019/20,1
3095,Park,Noon to 5 pm,Autumn,No Leash,Harassment,Animal,2020/21,2
3096,Park,Noon to 5 pm,Autumn,No Leash,Harassment,Both,2021/22,1
3097,Park,Noon to 5 pm,Autumn,No Leash,Harassment,Human,2021/22,1
3098,Park,Noon to 5 pm,Autumn,No Leash,Harassment,Human,2022/23,5
3099,Park,Noon to 5 pm,Autumn,No Leash,Harassment,Human,bef 30 Jun 2018,2
3100,Park,Noon to 5 pm,Autumn,On a Leash,Attack,Animal,2021/22,1
3101,Park,Noon to 5 pm,Autumn,On a Leash,Attack,Animal,2022/23,1
3102,Park,Noon to 5 pm,Autumn,On a Leash,Attack,Human,2019/20,2
3103,Park,Noon to 5 pm,Autumn,On a Leash,Attack,Human,2021/22,1
3104,Park,Noon to 5 pm,Autumn,On a Leash,Attack,Human,2022/23,1
3105,Park,Noon to 5 pm,Autumn,On a Leash,Attack,Human,2023/24,1
3106,Park,Noon to 5 pm,Autumn,Unknown,Attack,Animal,2018/19,3
3107,Park,Noon to 5 pm,Autumn,Unknown,Attack,Animal,2019/20,2
3108,Park,Noon to 5 pm,Autumn,Unknown,Attack,Animal,2020/21,1
3109,Park,Noon to 5 pm,Autumn,Unknown,Attack,Animal,2021/22,1
3110,Park,Noon to 5 pm,Autumn,Unknown,Attack,Animal,2023/24,1
3111,Park,Noon to 5 pm,Autumn,Unknown,Attack,Animal,bef 30 Jun 2018,1
3112,Park,Noon to 5 pm,Autumn,Unknown,Attack,Human,2018/19,1
3113,Park,Noon to 5 pm,Autumn,Unknown,Attack,Human,2020/21,2
3114,Park,Noon to 5 pm,Autumn,Unknown,Attack,Human,2022/23,1
3115,Park,Noon to 5 pm,Autumn,Unknown,Attack,Unknown,2018/19,1
3116,Park,Noon to 5 pm,Autumn,Unknown,Attack,Unknown,2019/20,1
3117,Park,Noon to 5 pm,Autumn,Unknown,Harassment,Animal,2019/20,1
3118,Park,Noon to 5 pm,Autumn,Unknown,Harassment,Animal,2020/21,1
3119,Park,Noon to 5 pm,Autumn,Unknown,Harassment,Human,2019/20,1
3120,Park,Noon to 5 pm,Autumn,Unknown,Harassment,Human,2020/21,3
3121,Park,Noon to 5 pm,Autumn,Unknown,Harassment,Human,2021/22,1
3122,Park,Noon to 5 pm,Autumn,Unknown,Harassment,Human,2022/23,3
3123,Park,Noon to 5 pm,Autumn,Unknown,Harassment,Unknown,2019/20,1
3124,Park,Noon to 5 pm,Spring,No Leash,Attack,Animal,2020/21,1
3125,Park,Noon to 5 pm,Spring,No Leash,Attack,Animal,2021/22,2
3126,Park,Noon to 5 pm,Spring,No Leash,Attack,Animal,2023/24,1
3127,Park,Noon to 5 pm,Spring,No Leash,Attack,Animal,bef 30 Jun 2018,1
3128,Park,Noon to 5 pm,Spring,No Leash,Attack,Human,2018/19,1
3129,Park,Noon to 5 pm,Spring,No Leash,Attack,Human,2021/22,2
3130,Park,Noon to 5 pm,Spring,No Leash,Attack,Human,2023/24,1
3131,Park,Noon to 5 pm,Spring,No Leash,Attack,Unknown,2020/21,1
3132,Park,Noon to 5 pm,Spring,No Leash,Attack,Unknown,2021/22,1
3133,Park,Noon to 5 pm,Spring,No Leash,Attack,Unknown,2023/24,1
3134,Park,Noon to 5 pm,Spring,No Leash,Harassment,Animal,2020/21,1
3135,Park,Noon to 5 pm,Spring,No Leash,Harassment,Animal,2021/22,1
3136,Park,Noon to 5 pm,Spring,No Leash,Harassment,Animal,2022/23,1
3137,Park,Noon to 5 pm,Spring,No Leash,Harassment,Human,2018/19,1
3138,Park,Noon to 5 pm,Spring,No Leash,Harassment,Human,2022/23,1
3139,Park,Noon to 5 pm,Spring,No Leash,Harassment,Unknown,2022/23,1
3140,Park,Noon to 5 pm,Spring,No Leash,Harassment,Unknown,2023/24,1
3141,Park,Noon to 5 pm,Spring,On a Leash,Attack,Human,2018/19,1
3142,Park,Noon to 5 pm,Spring,On a Leash,Attack,Human,2019/20,1
3143,Park,Noon to 5 pm,Spring,On a Leash,Attack,Unknown,2019/20,1
3144,Park,Noon to 5 pm,Spring,On a Leash,Harassment,Animal,2021/22,1
3145,Park,Noon to 5 pm,Spring,On a Leash,Harassment,Human,2022/23,1
3146,Park,Noon to 5 pm,Spring,On a Leash,Harassment,Human,2023/24,2
3147,Park,Noon to 5 pm,Spring,Unknown,Attack,Animal,2018/19,2
3148,Park,Noon to 5 pm,Spring,Unknown,Attack,Animal,2019/20,2
3149,Park,Noon to 5 pm,Spring,Unknown,Attack,Animal,2020/21,2
3150,Park,Noon to 5 pm,Spring,Unknown,Attack,Animal,2021/22,1
3151,Park,Noon to 5 pm,Spring,Unknown,Attack,Animal,2022/23,2
3152,Park,Noon to 5 pm,Spring,Unknown,Attack,Animal,2023/24,1
3153,Park,Noon to 5 pm,Spring,Unknown,Attack,Human,2020/21,1
3154,Park,Noon to 5 pm,Spring,Unknown,Attack,Unknown,2019/20,1
3155,Park,Noon to 5 pm,Spring,Unknown,Attack,Unknown,2020/21,1
3156,Park,Noon to 5 pm,Spring,Unknown,Attack,Unknown,2022/23,1
3157,Park,Noon to 5 pm,Spring,Unknown,Attack,Unknown,2023/24,1
3158,Park,Noon to 5 pm,Spring,Unknown,Harassment,Animal,2020/21,1
3159,Park,Noon to 5 pm,Spring,Unknown,Harassment,Animal,2021/22,1
3160,Park,Noon to 5 pm,Spring,Unknown,Harassment,Animal,2023/24,1
3161,Park,Noon to 5 pm,Spring,Unknown,Harassment,Human,2020/21,2
3162,Park,Noon to 5 pm,Spring,Unknown,Harassment,Unknown,2018/19,1
3163,Park,Noon to 5 pm,Spring,Unknown,Harassment,Unknown,2019/20,1
3164,Park,Noon to 5 pm,Spring,Unknown,Harassment,Unknown,2021/22,1
3165,Park,Noon to 5 pm,Spring,Unknown,Harassment,Unknown,2023/24,1
3166,Park,Noon to 5 pm,Summer,No Leash,Attack,Animal,2018/19,2
3167,Park,Noon to 5 pm,Summer,No Leash,Attack,Animal,2019/20,1
3168,Park,Noon to 5 pm,Summer,No Leash,Attack,Animal,2020/21,2
3169,Park,Noon to 5 pm,Summer,No Leash,Attack,Animal,2021/22,1
3170,Park,Noon to 5 pm,Summer,No Leash,Attack,Animal,2023/24,1
3171,Park,Noon to 5 pm,Summer,No Leash,Attack,Animal,bef 30 Jun 2018,1
3172,Park,Noon to 5 pm,Summer,On a Leash,Attack,Human,2021/22,1
3173,Park,Noon to 5 pm,Summer,On a Leash,Attack,Human,2023/24,1
3174,Park,Noon to 5 pm,Summer,On a Leash,Attack,Unknown,2023/24,1
3175,Park,Noon to 5 pm,Summer,On a Leash,Harassment,Animal,2020/21,1
3176,Park,Noon to 5 pm,Summer,Unknown,Attack,Animal,2020/21,1
3177,Park,Noon to 5 pm,Summer,Unknown,Attack,Animal,2022/23,2
3178,Park,Noon to 5 pm,Summer,Unknown,Attack,Animal,2023/24,2
3179,Park,Noon to 5 pm,Summer,Unknown,Attack,Unknown,2020/21,1
3180,Park,Noon to 5 pm,Summer,Unknown,Attack,Unknown,2021/22,1
3181,Park,Noon to 5 pm,Summer,Unknown,Harassment,Animal,2021/22,1
3182,Park,Noon to 5 pm,Summer,Unknown,Harassment,Human,2020/21,1
3183,Park,Noon to 5 pm,Summer,Unknown,Harassment,Human,2023/24,1
3184,Park,Noon to 5 pm,Summer,Unknown,Harassment,Unknown,2018/19,1
3185,Park,Noon to 5 pm,Summer,Unknown,Harassment,Unknown,2020/21,1
3186,Park,Noon to 5 pm,Summer,Unknown,Harassment,Unknown,2021/22,1
3187,Park,Noon to 5 pm,Winter,No Leash,Attack,Animal,2018/19,8
3188,Park,Noon to 5 pm,Winter,No Leash,Attack,Animal,2019/20,3
3189,Park,Noon to 5 pm,Winter,No Leash,Attack,Animal,2020/21,2
3190,Park,Noon to 5 pm,Winter,No Leash,Attack,Animal,2021/22,2
3191,Park,Noon to 5 pm,Winter,No Leash,Attack,Animal,2022/23,1
3192,Park,Noon to 5 pm,Winter,No Leash,Attack,Animal,2023/24,3
3193,Park,Noon to 5 pm,Winter,No Leash,Attack,Animal,bef 30 Jun 2018,1
3194,Park,Noon to 5 pm,Winter,No Leash,Attack,Both,2018/19,1
3195,Park,Noon to 5 pm,Winter,No Leash,Attack,Both,2019/20,1
3196,Park,Noon to 5 pm,Winter,No Leash,Attack,Human,2018/19,1
3197,Park,Noon to 5 pm,Winter,No Leash,Attack,Human,2019/20,2
3198,Park,Noon to 5 pm,Winter,No Leash,Attack,Human,2020/21,2
3199,Park,Noon to 5 pm,Winter,No Leash,Attack,Human,2021/22,2
3200,Park,Noon to 5 pm,Winter,No Leash,Attack,Human,2022/23,1
3201,Park,Noon to 5 pm,Winter,No Leash,Attack,Human,2023/24,1
3202,Park,Noon to 5 pm,Winter,No Leash,Attack,Unknown,2018/19,1
3203,Park,Noon to 5 pm,Winter,No Leash,Attack,Unknown,2019/20,1
3204,Park,Noon to 5 pm,Winter,No Leash,Attack,Unknown,2023/24,2
3205,Park,Noon to 5 pm,Winter,No Leash,Harassment,Animal,2018/19,2
3206,Park,Noon to 5 pm,Winter,No Leash,Harassment,Animal,2020/21,4
3207,Park,Noon to 5 pm,Winter,No Leash,Harassment,Animal,2021/22,1
3208,Park,Noon to 5 pm,Winter,No Leash,Harassment,Animal,2022/23,3
3209,Park,Noon to 5 pm,Winter,No Leash,Harassment,Animal,2023/24,1
3210,Park,Noon to 5 pm,Winter,No Leash,Harassment,Human,2018/19,1
3211,Park,Noon to 5 pm,Winter,No Leash,Harassment,Human,2020/21,3
3212,Park,Noon to 5 pm,Winter,No Leash,Harassment,Unknown,2018/19,1
3213,Park,Noon to 5 pm,Winter,No Leash,Harassment,Unknown,2020/21,2
3214,Park,Noon to 5 pm,Winter,No Leash,Harassment,Unknown,2023/24,1
3215,Park,Noon to 5 pm,Winter,On a Leash,Attack,Animal,2021/22,1
3216,Park,Noon to 5 pm,Winter,On a Leash,Attack,Animal,2023/24,1
3217,Park,Noon to 5 pm,Winter,On a Leash,Attack,Both,2018/19,1
3218,Park,Noon to 5 pm,Winter,On a Leash,Attack,Human,2019/20,1
3219,Park,Noon to 5 pm,Winter,On a Leash,Attack,Human,2021/22,1
3220,Park,Noon to 5 pm,Winter,On a Leash,Attack,Human,2022/23,1
3221,Park,Noon to 5 pm,Winter,On a Leash,Harassment,Unknown,2022/23,1
3222,Park,Noon to 5 pm,Winter,Unknown,Attack,Animal,2018/19,2
3223,Park,Noon to 5 pm,Winter,Unknown,Attack,Animal,2019/20,2
3224,Park,Noon to 5 pm,Winter,Unknown,Attack,Animal,2020/21,1
3225,Park,Noon to 5 pm,Winter,Unknown,Attack,Animal,2021/22,3
3226,Park,Noon to 5 pm,Winter,Unknown,Attack,Animal,2023/24,1
3227,Park,Noon to 5 pm,Winter,Unknown,Attack,Animal,bef 30 Jun 2018,1
3228,Park,Noon to 5 pm,Winter,Unknown,Attack,Human,2018/19,3
3229,Park,Noon to 5 pm,Winter,Unknown,Attack,Human,2019/20,2
3230,Park,Noon to 5 pm,Winter,Unknown,Attack,Human,2022/23,1
3231,Park,Noon to 5 pm,Winter,Unknown,Attack,Human,2023/24,1
3232,Park,Noon to 5 pm,Winter,Unknown,Attack,Unknown,2018/19,2
3233,Park,Noon to 5 pm,Winter,Unknown,Attack,Unknown,2019/20,1
3234,Park,Noon to 5 pm,Winter,Unknown,Attack,Unknown,2021/22,1
3235,Park,Noon to 5 pm,Winter,Unknown,Attack,Unknown,2022/23,2
3236,Park,Noon to 5 pm,Winter,Unknown,Attack,Unknown,2023/24,3
3237,Park,Noon to 5 pm,Winter,Unknown,Harassment,Animal,2019/20,1
3238,Park,Noon to 5 pm,Winter,Unknown,Harassment,Animal,2020/21,1
3239,Park,Noon to 5 pm,Winter,Unknown,Harassment,Animal,2021/22,1
3240,Park,Noon to 5 pm,Winter,Unknown,Harassment,Animal,2022/23,1
3241,Park,Noon to 5 pm,Winter,Unknown,Harassment,Human,2019/20,1
3242,Park,Noon to 5 pm,Winter,Unknown,Harassment,Human,2020/21,1
3243,Park,Noon to 5 pm,Winter,Unknown,Harassment,Human,2021/22,3
3244,Park,Noon to 5 pm,Winter,Unknown,Harassment,Unknown,2018/19,1
3245,Park,Noon to 5 pm,Winter,Unknown,Harassment,Unknown,2019/20,1
3246,Park,Noon to 5 pm,Winter,Unknown,Harassment,Unknown,2022/23,1
3247,Park,Unknown,Autumn,No Leash,Attack,Animal,2019/20,1
3248,Park,Unknown,Autumn,No Leash,Attack,Animal,2020/21,1
3249,Park,Unknown,Autumn,No Leash,Attack,Unknown,2021/22,1
3250,Park,Unknown,Autumn,No Leash,Harassment,Animal,2020/21,2
3251,Park,Unknown,Autumn,On a Leash,Attack,Human,2020/21,1
3252,Park,Unknown,Autumn,On a Leash,Harassment,Animal,2018/19,1
3253,Park,Unknown,Autumn,Unknown,Attack,Animal,2019/20,2
3254,Park,Unknown,Autumn,Unknown,Attack,Animal,2020/21,1
3255,Park,Unknown,Autumn,Unknown,Attack,Animal,2021/22,1
3256,Park,Unknown,Autumn,Unknown,Attack,Animal,2022/23,1
3257,Park,Unknown,Autumn,Unknown,Harassment,Human,2019/20,1
3258,Park,Unknown,Autumn,Unknown,Harassment,Human,2020/21,2
3259,Park,Unknown,Autumn,Unknown,Harassment,Human,2022/23,1
3260,Park,Unknown,Autumn,Unknown,Harassment,Human,2023/24,1
3261,Park,Unknown,Autumn,Unknown,Harassment,Unknown,2018/19,1
3262,Park,Unknown,Autumn,Unknown,Harassment,Unknown,2021/22,1
3263,Park,Unknown,Autumn,Unknown,Harassment,Unknown,bef 30 Jun 2018,1
3264,Park,Unknown,Spring,No Leash,Attack,Animal,2018/19,3
3265,Park,Unknown,Spring,No Leash,Attack,Animal,2019/20,2
3266,Park,Unknown,Spring,No Leash,Attack,Animal,2020/21,2
3267,Park,Unknown,Spring,No Leash,Attack,Animal,2022/23,1
3268,Park,Unknown,Spring,No Leash,Attack,Both,bef 30 Jun 2018,1
3269,Park,Unknown,Spring,No Leash,Attack,Human,2023/24,1
3270,Park,Unknown,Spring,No Leash,Attack,Unknown,2021/22,1
3271,Park,Unknown,Spring,No Leash,Harassment,Human,2018/19,1
3272,Park,Unknown,Spring,Unknown,Attack,Animal,2018/19,1
3273,Park,Unknown,Spring,Unknown,Attack,Animal,2020/21,1
3274,Park,Unknown,Spring,Unknown,Attack,Animal,2022/23,1
3275,Park,Unknown,Spring,Unknown,Attack,Human,2023/24,1
3276,Park,Unknown,Spring,Unknown,Harassment,Animal,2019/20,1
3277,Park,Unknown,Spring,Unknown,Harassment,Human,2018/19,1
3278,Park,Unknown,Spring,Unknown,Harassment,Human,2021/22,1
3279,Park,Unknown,Spring,Unknown,Harassment,Human,2023/24,1
3280,Park,Unknown,Spring,Unknown,Harassment,Unknown,2020/21,1
3281,Park,Unknown,Spring,Unknown,Harassment,Unknown,2021/22,1
3282,Park,Unknown,Summer,No Leash,Attack,Animal,2018/19,3
3283,Park,Unknown,Summer,No Leash,Attack,Animal,2019/20,1
3284,Park,Unknown,Summer,No Leash,Attack,Animal,2021/22,1
3285,Park,Unknown,Summer,No Leash,Attack,Animal,2023/24,1
3286,Park,Unknown,Summer,No Leash,Attack,Human,2018/19,1
3287,Park,Unknown,Summer,No Leash,Attack,Human,2021/22,1
3288,Park,Unknown,Summer,No Leash,Attack,Unknown,2019/20,1
3289,Park,Unknown,Summer,No Leash,Harassment,Animal,2019/20,1
3290,Park,Unknown,Summer,Unknown,Attack,Animal,2018/19,1
3291,Park,Unknown,Summer,Unknown,Attack,Animal,2019/20,1
3292,Park,Unknown,Summer,Unknown,Attack,Animal,2020/21,1
3293,Park,Unknown,Summer,Unknown,Attack,Animal,2022/23,1
3294,Park,Unknown,Summer,Unknown,Attack,Both,2023/24,1
3295,Park,Unknown,Summer,Unknown,Attack,Human,2019/20,1
3296,Park,Unknown,Summer,Unknown,Attack,Human,2021/22,1
3297,Park,Unknown,Summer,Unknown,Attack,Unknown,2023/24,1
3298,Park,Unknown,Summer,Unknown,Harassment,Both,2022/23,1
3299,Park,Unknown,Summer,Unknown,Harassment,Human,2019/20,1
3300,Park,Unknown,Summer,Unknown,Harassment,Human,2021/22,1
3301,Park,Unknown,Summer,Unknown,Harassment,Unknown,2018/19,1
3302,Park,Unknown,Summer,Unknown,Harassment,Unknown,2021/22,1
3303,Park,Unknown,Winter,No Leash,Attack,Animal,2018/19,1
3304,Park,Unknown,Winter,No Leash,Attack,Animal,2023/24,1
3305,Park,Unknown,Winter,No Leash,Attack,Animal,bef 30 Jun 2018,1
3306,Park,Unknown,Winter,No Leash,Attack,Both,2019/20,1
3307,Park,Unknown,Winter,No Leash,Attack,Human,2022/23,1
3308,Park,Unknown,Winter,No Leash,Attack,Unknown,2020/21,1
3309,Park,Unknown,Winter,No Leash,Harassment,Animal,2021/22,1
3310,Park,Unknown,Winter,No Leash,Harassment,Human,bef 30 Jun 2018,1
3311,Park,Unknown,Winter,Unknown,Attack,Animal,2018/19,2
3312,Park,Unknown,Winter,Unknown,Attack,Animal,2019/20,1
3313,Park,Unknown,Winter,Unknown,Attack,Unknown,2022/23,1
3314,Park,Unknown,Winter,Unknown,Harassment,Animal,2018/19,1
3315,Park,Unknown,Winter,Unknown,Harassment,Human,2018/19,1
3316,Park,Unknown,Winter,Unknown,Harassment,Unknown,2020/21,1
3317,Place of business,5 pm to 8 pm,Autumn,On a Leash,Attack,Human,2021/22,1
3318,Place of business,5 pm to 8 pm,Spring,No Leash,Attack,Animal,2021/22,1
3319,Place of business,5 pm to 8 pm,Spring,On a Leash,Attack,Unknown,2022/23,1
3320,Place of business,5 pm to 8 pm,Spring,Unknown,Attack,Human,2022/23,1
3321,Place of business,5 pm to 8 pm,Spring,Unknown,Harassment,Human,2019/20,1
3322,Place of business,5 pm to 8 pm,Summer,Unknown,Attack,Unknown,2022/23,1
3323,Place of business,6 am to 9 am,Autumn,No Leash,Attack,Unknown,2019/20,1
3324,Place of business,6 am to 9 am,Autumn,Unknown,Attack,Unknown,bef 30 Jun 2018,1
3325,Place of business,6 am to 9 am,Spring,No Leash,Attack,Human,2019/20,1
3326,Place of business,6 am to 9 am,Spring,Unknown,Attack,Animal,2020/21,1
3327,Place of business,6 am to 9 am,Summer,No Leash,Attack,Unknown,2019/20,1
3328,Place of business,6 am to 9 am,Summer,No Leash,Harassment,Human,2023/24,1
3329,Place of business,6 am to 9 am,Winter,No Leash,Attack,Animal,2023/24,1
3330,Place of business,6 am to 9 am,Winter,On a Leash,Attack,Unknown,2021/22,1
3331,Place of business,6 am to 9 am,Winter,Unknown,Attack,Human,2020/21,1
3332,Place of business,8 pm to 10 pm,Winter,Unknown,Harassment,Human,2023/24,1
3333,Place of business,9 am to Noon,Autumn,No Leash,Attack,Unknown,2022/23,1
3334,Place of business,9 am to Noon,Autumn,Unknown,Attack,Animal,2020/21,1
3335,Place of business,9 am to Noon,Autumn,Unknown,Attack,Unknown,2022/23,1
3336,Place of business,9 am to Noon,Autumn,Unknown,Attack,Unknown,2023/24,2
3337,Place of business,9 am to Noon,Spring,No Leash,Attack,Animal,2021/22,1
3338,Place of business,9 am to Noon,Spring,No Leash,Attack,Human,2021/22,1
3339,Place of business,9 am to Noon,Spring,On a Leash,Attack,Human,2022/23,1
3340,Place of business,9 am to Noon,Spring,On a Leash,Harassment,Unknown,2022/23,1
3341,Place of business,9 am to Noon,Summer,No Leash,Harassment,Unknown,2022/23,1
3342,Place of business,9 am to Noon,Summer,On a Leash,Attack,Unknown,2023/24,1
3343,Place of business,9 am to Noon,Summer,Unknown,Harassment,Animal,2021/22,1
3344,Place of business,9 am to Noon,Winter,No Leash,Attack,Human,2020/21,1
3345,Place of business,9 am to Noon,Winter,No Leash,Attack,Human,2023/24,1
3346,Place of business,9 am to Noon,Winter,No Leash,Attack,Unknown,2019/20,1
3347,Place of business,9 am to Noon,Winter,No Leash,Attack,Unknown,2020/21,1
3348,Place of business,9 am to Noon,Winter,On a Leash,Attack,Animal,2019/20,1
3349,Place of business,9 am to Noon,Winter,On a Leash,Attack,Human,2023/24,1
3350,Place of business,9 am to Noon,Winter,On a Leash,Harassment,Animal,2023/24,1
3351,Place of business,9 am to Noon,Winter,Unknown,Attack,Human,2019/20,1
3352,Place of business,9 am to Noon,Winter,Unknown,Attack,Unknown,2020/21,1
3353,Place of business,Noon to 5 pm,Autumn,No Leash,Attack,Animal,2019/20,1
3354,Place of business,Noon to 5 pm,Autumn,No Leash,Harassment,Unknown,2021/22,1
3355,Place of business,Noon to 5 pm,Autumn,On a Leash,Attack,Human,2019/20,1
3356,Place of business,Noon to 5 pm,Autumn,On a Leash,Attack,Human,2020/21,1
3357,Place of business,Noon to 5 pm,Autumn,Unknown,Attack,Human,2021/22,1
3358,Place of business,Noon to 5 pm,Autumn,Unknown,Attack,Unknown,2022/23,1
3359,Place of business,Noon to 5 pm,Spring,No Leash,Attack,Unknown,2022/23,1
3360,Place of business,Noon to 5 pm,Spring,Unknown,Attack,Human,2021/22,1
3361,Place of business,Noon to 5 pm,Summer,No Leash,Attack,Both,2021/22,1
3362,Place of business,Noon to 5 pm,Summer,No Leash,Attack,Human,2023/24,1
3363,Place of business,Noon to 5 pm,Summer,On a Leash,Attack,Human,2020/21,1
3364,Place of business,Noon to 5 pm,Summer,Unknown,Attack,Human,2018/19,1
3365,Place of business,Noon to 5 pm,Summer,Unknown,Attack,Human,2020/21,1
3366,Place of business,Noon to 5 pm,Summer,Unknown,Attack,Human,bef 30 Jun 2018,1
3367,Place of business,Noon to 5 pm,Summer,Unknown,Harassment,Unknown,2022/23,1
3368,Place of business,Noon to 5 pm,Winter,No Leash,Attack,Animal,2020/21,1
3369,Place of business,Noon to 5 pm,Winter,No Leash,Attack,Unknown,2019/20,1
3370,Place of business,Noon to 5 pm,Winter,No Leash,Harassment,Human,2021/22,1
3371,Place of business,Noon to 5 pm,Winter,On a Leash,Attack,Human,2018/19,1
3372,Place of business,Noon to 5 pm,Winter,On a Leash,Attack,Human,2020/21,1
3373,Place of business,Noon to 5 pm,Winter,Unknown,Attack,Animal,2021/22,1
3374,Place of business,Noon to 5 pm,Winter,Unknown,Attack,Human,2018/19,1
3375,Place of business,Unknown,Autumn,Unknown,Attack,Human,2018/19,1
3376,Place of business,Unknown,Autumn,Unknown,Attack,Human,2019/20,1
3377,Place of business,Unknown,Spring,Unknown,Harassment,Unknown,2018/19,1
3378,Place of business,Unknown,Spring,Unknown,Harassment,Unknown,2022/23,1
3379,Place of business,Unknown,Summer,Unknown,Harassment,Unknown,2022/23,1
3380,Place of business,Unknown,Winter,No Leash,Attack,Animal,2018/19,1
3381,Place of business,Unknown,Winter,No Leash,Attack,Both,bef 30 Jun 2018,1
3382,Place of business,Unknown,Winter,No Leash,Attack,Human,2021/22,1
3383,Place of business,Unknown,Winter,Unknown,Attack,Unknown,2018/19,1
3384,Residential property,5 pm to 8 pm,Autumn,No Leash,Attack,Animal,2018/19,3
3385,Residential property,5 pm to 8 pm,Autumn,No Leash,Attack,Animal,2022/23,2
3386,Residential property,5 pm to 8 pm,Autumn,No Leash,Attack,Animal,2023/24,1
3387,Residential property,5 pm to 8 pm,Autumn,No Leash,Attack,Human,2019/20,1
3388,Residential property,5 pm to 8 pm,Autumn,No Leash,Attack,Human,2020/21,1
3389,Residential property,5 pm to 8 pm,Autumn,No Leash,Attack,Human,2021/22,1
3390,Residential property,5 pm to 8 pm,Autumn,No Leash,Attack,Human,2023/24,1
3391,Residential property,5 pm to 8 pm,Autumn,No Leash,Attack,Human,bef 30 Jun 2018,1
3392,Residential property,5 pm to 8 pm,Autumn,No Leash,Attack,Unknown,2020/21,2
3393,Residential property,5 pm to 8 pm,Autumn,No Leash,Attack,Unknown,2021/22,1
3394,Residential property,5 pm to 8 pm,Autumn,No Leash,Harassment,Animal,2021/22,1
3395,Residential property,5 pm to 8 pm,Autumn,No Leash,Harassment,Animal,2022/23,1
3396,Residential property,5 pm to 8 pm,Autumn,No Leash,Harassment,Animal,2023/24,1
3397,Residential property,5 pm to 8 pm,Autumn,No Leash,Harassment,Animal,bef 30 Jun 2018,1
3398,Residential property,5 pm to 8 pm,Autumn,No Leash,Harassment,Human,2018/19,1
3399,Residential property,5 pm to 8 pm,Autumn,No Leash,Harassment,Human,2022/23,1
3400,Residential property,5 pm to 8 pm,Autumn,On a Leash,Attack,Animal,2022/23,1
3401,Residential property,5 pm to 8 pm,Autumn,On a Leash,Attack,Unknown,2018/19,2
3402,Residential property,5 pm to 8 pm,Autumn,Unknown,Attack,Unknown,2021/22,1
3403,Residential property,5 pm to 8 pm,Autumn,Unknown,Harassment,Unknown,2021/22,1
3404,Residential property,5 pm to 8 pm,Spring,No Leash,Attack,Animal,2018/19,1
3405,Residential property,5 pm to 8 pm,Spring,No Leash,Attack,Animal,2019/20,3
3406,Residential property,5 pm to 8 pm,Spring,No Leash,Attack,Animal,2020/21,2
3407,Residential property,5 pm to 8 pm,Spring,No Leash,Attack,Animal,2021/22,4
3408,Residential property,5 pm to 8 pm,Spring,No Leash,Attack,Animal,2022/23,1
3409,Residential property,5 pm to 8 pm,Spring,No Leash,Attack,Both,2022/23,1
3410,Residential property,5 pm to 8 pm,Spring,No Leash,Attack,Human,2018/19,1
3411,Residential property,5 pm to 8 pm,Spring,No Leash,Attack,Human,2019/20,3
3412,Residential property,5 pm to 8 pm,Spring,No Leash,Attack,Human,2021/22,2
3413,Residential property,5 pm to 8 pm,Spring,No Leash,Attack,Human,2023/24,1
3414,Residential property,5 pm to 8 pm,Spring,No Leash,Attack,Unknown,2018/19,1
3415,Residential property,5 pm to 8 pm,Spring,No Leash,Attack,Unknown,2020/21,1
3416,Residential property,5 pm to 8 pm,Spring,No Leash,Attack,Unknown,2021/22,1
3417,Residential property,5 pm to 8 pm,Spring,No Leash,Attack,Unknown,2022/23,1
3418,Residential property,5 pm to 8 pm,Spring,No Leash,Harassment,Animal,2020/21,1
3419,Residential property,5 pm to 8 pm,Spring,No Leash,Harassment,Animal,2021/22,1
3420,Residential property,5 pm to 8 pm,Spring,No Leash,Harassment,Human,2020/21,1
3421,Residential property,5 pm to 8 pm,Spring,No Leash,Harassment,Human,2021/22,1
3422,Residential property,5 pm to 8 pm,Spring,No Leash,Harassment,Human,2023/24,1
3423,Residential property,5 pm to 8 pm,Spring,No Leash,Harassment,Unknown,2020/21,2
3424,Residential property,5 pm to 8 pm,Spring,On a Leash,Attack,Animal,2018/19,1
3425,Residential property,5 pm to 8 pm,Spring,On a Leash,Attack,Animal,2020/21,1
3426,Residential property,5 pm to 8 pm,Spring,On a Leash,Attack,Animal,2021/22,1
3427,Residential property,5 pm to 8 pm,Spring,On a Leash,Harassment,Human,2023/24,1
3428,Residential property,5 pm to 8 pm,Spring,Unknown,Attack,Animal,2023/24,1
3429,Residential property,5 pm to 8 pm,Spring,Unknown,Attack,Both,2023/24,1
3430,Residential property,5 pm to 8 pm,Spring,Unknown,Attack,Human,2021/22,1
3431,Residential property,5 pm to 8 pm,Spring,Unknown,Attack,Unknown,2019/20,1
3432,Residential property,5 pm to 8 pm,Spring,Unknown,Attack,Unknown,2020/21,1
3433,Residential property,5 pm to 8 pm,Spring,Unknown,Attack,Unknown,2023/24,1
3434,Residential property,5 pm to 8 pm,Spring,Unknown,Harassment,Unknown,2023/24,1
3435,Residential property,5 pm to 8 pm,Summer,No Leash,Attack,Animal,2018/19,2
3436,Residential property,5 pm to 8 pm,Summer,No Leash,Attack,Animal,2020/21,4
3437,Residential property,5 pm to 8 pm,Summer,No Leash,Attack,Animal,2021/22,2
3438,Residential property,5 pm to 8 pm,Summer,No Leash,Attack,Animal,2022/23,1
3439,Residential property,5 pm to 8 pm,Summer,No Leash,Attack,Animal,2023/24,1
3440,Residential property,5 pm to 8 pm,Summer,No Leash,Attack,Human,2018/19,1
3441,Residential property,5 pm to 8 pm,Summer,No Leash,Attack,Human,2019/20,2
3442,Residential property,5 pm to 8 pm,Summer,No Leash,Attack,Human,2020/21,4
3443,Residential property,5 pm to 8 pm,Summer,No Leash,Attack,Human,2021/22,1
3444,Residential property,5 pm to 8 pm,Summer,No Leash,Attack,Human,2022/23,2
3445,Residential property,5 pm to 8 pm,Summer,No Leash,Attack,Human,2023/24,1
3446,Residential property,5 pm to 8 pm,Summer,No Leash,Attack,Unknown,2020/21,2
3447,Residential property,5 pm to 8 pm,Summer,No Leash,Attack,Unknown,2022/23,1
3448,Residential property,5 pm to 8 pm,Summer,No Leash,Harassment,Animal,2019/20,1
3449,Residential property,5 pm to 8 pm,Summer,No Leash,Harassment,Animal,2020/21,1
3450,Residential property,5 pm to 8 pm,Summer,No Leash,Harassment,Unknown,2022/23,1
3451,Residential property,5 pm to 8 pm,Summer,No Leash,Harassment,Unknown,2023/24,2
3452,Residential property,5 pm to 8 pm,Summer,On a Leash,Attack,Human,2023/24,1
3453,Residential property,5 pm to 8 pm,Summer,On a Leash,Harassment,Human,2023/24,1
3454,Residential property,5 pm to 8 pm,Summer,Unknown,Attack,Animal,2018/19,1
3455,Residential property,5 pm to 8 pm,Summer,Unknown,Attack,Animal,2019/20,2
3456,Residential property,5 pm to 8 pm,Summer,Unknown,Attack,Animal,2020/21,3
3457,Residential property,5 pm to 8 pm,Summer,Unknown,Attack,Animal,2023/24,1
3458,Residential property,5 pm to 8 pm,Summer,Unknown,Attack,Both,2021/22,1
3459,Residential property,5 pm to 8 pm,Summer,Unknown,Attack,Human,2018/19,1
3460,Residential property,5 pm to 8 pm,Summer,Unknown,Attack,Human,2019/20,2
3461,Residential property,5 pm to 8 pm,Summer,Unknown,Attack,Human,2022/23,1
3462,Residential property,5 pm to 8 pm,Summer,Unknown,Attack,Unknown,2020/21,1
3463,Residential property,5 pm to 8 pm,Summer,Unknown,Attack,Unknown,2023/24,1
3464,Residential property,5 pm to 8 pm,Summer,Unknown,Harassment,Human,2020/21,1
3465,Residential property,5 pm to 8 pm,Summer,Unknown,Harassment,Human,2021/22,1
3466,Residential property,5 pm to 8 pm,Summer,Unknown,Harassment,Unknown,2023/24,1
3467,Residential property,5 pm to 8 pm,Winter,No Leash,Attack,Animal,2018/19,2
3468,Residential property,5 pm to 8 pm,Winter,No Leash,Attack,Animal,2021/22,1
3469,Residential property,5 pm to 8 pm,Winter,No Leash,Attack,Animal,2022/23,1
3470,Residential property,5 pm to 8 pm,Winter,No Leash,Attack,Unknown,2019/20,3
3471,Residential property,5 pm to 8 pm,Winter,No Leash,Attack,Unknown,2020/21,2
3472,Residential property,5 pm to 8 pm,Winter,No Leash,Harassment,Human,2018/19,1
3473,Residential property,5 pm to 8 pm,Winter,No Leash,Harassment,Unknown,bef 30 Jun 2018,1
3474,Residential property,5 pm to 8 pm,Winter,On a Leash,Attack,Human,2018/19,1
3475,Residential property,5 pm to 8 pm,Winter,On a Leash,Attack,Human,2019/20,1
3476,Residential property,5 pm to 8 pm,Winter,Unknown,Attack,Animal,2018/19,2
3477,Residential property,5 pm to 8 pm,Winter,Unknown,Attack,Animal,2022/23,1
3478,Residential property,5 pm to 8 pm,Winter,Unknown,Attack,Animal,2023/24,1
3479,Residential property,5 pm to 8 pm,Winter,Unknown,Attack,Both,2021/22,1
3480,Residential property,5 pm to 8 pm,Winter,Unknown,Attack,Unknown,2018/19,1
3481,Residential property,5 pm to 8 pm,Winter,Unknown,Attack,Unknown,2023/24,2
3482,Residential property,5 pm to 8 pm,Winter,Unknown,Harassment,Animal,2019/20,1
3483,Residential property,5 pm to 8 pm,Winter,Unknown,Harassment,Human,2018/19,1
3484,Residential property,5 pm to 8 pm,Winter,Unknown,Harassment,Unknown,2022/23,1
3485,Residential property,6 am to 9 am,Autumn,No Leash,Attack,Animal,2018/19,1
3486,Residential property,6 am to 9 am,Autumn,No Leash,Attack,Animal,2021/22,1
3487,Residential property,6 am to 9 am,Autumn,No Leash,Attack,Animal,2022/23,2
3488,Residential property,6 am to 9 am,Autumn,No Leash,Attack,Animal,2023/24,3
3489,Residential property,6 am to 9 am,Autumn,No Leash,Harassment,Animal,2018/19,1
3490,Residential property,6 am to 9 am,Autumn,No Leash,Harassment,Animal,2022/23,1
3491,Residential property,6 am to 9 am,Autumn,No Leash,Harassment,Animal,bef 30 Jun 2018,1
3492,Residential property,6 am to 9 am,Autumn,No Leash,Harassment,Human,2018/19,1
3493,Residential property,6 am to 9 am,Autumn,On a Leash,Attack,Animal,2021/22,1
3494,Residential property,6 am to 9 am,Autumn,Unknown,Attack,Animal,2020/21,1
3495,Residential property,6 am to 9 am,Autumn,Unknown,Attack,Unknown,2022/23,1
3496,Residential property,6 am to 9 am,Autumn,Unknown,Harassment,Unknown,2023/24,1
3497,Residential property,6 am to 9 am,Spring,No Leash,Attack,Animal,2023/24,1
3498,Residential property,6 am to 9 am,Spring,No Leash,Attack,Both,2018/19,1
3499,Residential property,6 am to 9 am,Spring,No Leash,Attack,Human,2020/21,2
3500,Residential property,6 am to 9 am,Spring,No Leash,Attack,Human,2022/23,1
3501,Residential property,6 am to 9 am,Spring,No Leash,Attack,Human,2023/24,1
3502,Residential property,6 am to 9 am,Spring,No Leash,Attack,Unknown,2022/23,2
3503,Residential property,6 am to 9 am,Spring,No Leash,Attack,Unknown,2023/24,2
3504,Residential property,6 am to 9 am,Spring,No Leash,Harassment,Animal,2020/21,1
3505,Residential property,6 am to 9 am,Spring,No Leash,Harassment,Human,2020/21,2
3506,Residential property,6 am to 9 am,Spring,No Leash,Harassment,Unknown,2019/20,1
3507,Residential property,6 am to 9 am,Spring,No Leash,Harassment,Unknown,2020/21,1
3508,Residential property,6 am to 9 am,Spring,No Leash,Harassment,Unknown,2022/23,1
3509,Residential property,6 am to 9 am,Spring,Unknown,Attack,Animal,2018/19,1
3510,Residential property,6 am to 9 am,Spring,Unknown,Attack,Animal,2022/23,1
3511,Residential property,6 am to 9 am,Spring,Unknown,Attack,Human,2018/19,1
3512,Residential property,6 am to 9 am,Spring,Unknown,Attack,Human,2019/20,1
3513,Residential property,6 am to 9 am,Spring,Unknown,Attack,Human,2020/21,1
3514,Residential property,6 am to 9 am,Spring,Unknown,Attack,Human,2021/22,1
3515,Residential property,6 am to 9 am,Spring,Unknown,Attack,Unknown,2018/19,1
3516,Residential property,6 am to 9 am,Spring,Unknown,Attack,Unknown,2020/21,1
3517,Residential property,6 am to 9 am,Spring,Unknown,Attack,Unknown,2023/24,1
3518,Residential property,6 am to 9 am,Summer,No Leash,Attack,Animal,2018/19,1
3519,Residential property,6 am to 9 am,Summer,No Leash,Attack,Animal,2019/20,2
3520,Residential property,6 am to 9 am,Summer,No Leash,Attack,Animal,2020/21,2
3521,Residential property,6 am to 9 am,Summer,No Leash,Attack,Animal,2021/22,4
3522,Residential property,6 am to 9 am,Summer,No Leash,Attack,Animal,2022/23,1
3523,Residential property,6 am to 9 am,Summer,No Leash,Attack,Animal,2023/24,1
3524,Residential property,6 am to 9 am,Summer,No Leash,Attack,Human,2019/20,1
3525,Residential property,6 am to 9 am,Summer,No Leash,Attack,Human,2020/21,2
3526,Residential property,6 am to 9 am,Summer,No Leash,Attack,Unknown,2019/20,1
3527,Residential property,6 am to 9 am,Summer,No Leash,Attack,Unknown,2022/23,1
3528,Residential property,6 am to 9 am,Summer,No Leash,Attack,Unknown,2023/24,1
3529,Residential property,6 am to 9 am,Summer,No Leash,Harassment,Animal,2022/23,1
3530,Residential property,6 am to 9 am,Summer,On a Leash,Attack,Animal,2021/22,1
3531,Residential property,6 am to 9 am,Summer,On a Leash,Harassment,Unknown,2022/23,1
3532,Residential property,6 am to 9 am,Summer,Unknown,Attack,Animal,2021/22,1
3533,Residential property,6 am to 9 am,Summer,Unknown,Attack,Human,2020/21,1
3534,Residential property,6 am to 9 am,Summer,Unknown,Attack,Unknown,2023/24,1
3535,Residential property,6 am to 9 am,Summer,Unknown,Harassment,Animal,2018/19,1
3536,Residential property,6 am to 9 am,Summer,Unknown,Harassment,Unknown,2023/24,1
3537,Residential property,6 am to 9 am,Winter,No Leash,Attack,Animal,2018/19,1
3538,Residential property,6 am to 9 am,Winter,No Leash,Attack,Animal,2019/20,1
3539,Residential property,6 am to 9 am,Winter,No Leash,Attack,Animal,2021/22,1
3540,Residential property,6 am to 9 am,Winter,No Leash,Attack,Animal,bef 30 Jun 2018,1
3541,Residential property,6 am to 9 am,Winter,No Leash,Attack,Human,2018/19,1
3542,Residential property,6 am to 9 am,Winter,No Leash,Attack,Unknown,2019/20,2
3543,Residential property,6 am to 9 am,Winter,No Leash,Attack,Unknown,2021/22,2
3544,Residential property,6 am to 9 am,Winter,No Leash,Harassment,Animal,2019/20,1
3545,Residential property,6 am to 9 am,Winter,No Leash,Harassment,Animal,2020/21,1
3546,Residential property,6 am to 9 am,Winter,No Leash,Harassment,Human,2018/19,1
3547,Residential property,6 am to 9 am,Winter,No Leash,Harassment,Human,2023/24,1
3548,Residential property,6 am to 9 am,Winter,Unknown,Harassment,Animal,2021/22,1
3549,Residential property,8 pm to 10 pm,Autumn,No Leash,Attack,Both,2020/21,1
3550,Residential property,8 pm to 10 pm,Autumn,No Leash,Attack,Human,2023/24,2
3551,Residential property,8 pm to 10 pm,Autumn,No Leash,Attack,Unknown,2022/23,1
3552,Residential property,8 pm to 10 pm,Autumn,No Leash,Harassment,Unknown,2022/23,1
3553,Residential property,8 pm to 10 pm,Autumn,Unknown,Attack,Human,2021/22,1
3554,Residential property,8 pm to 10 pm,Spring,No Leash,Attack,Animal,2020/21,1
3555,Residential property,8 pm to 10 pm,Spring,No Leash,Attack,Animal,2022/23,1
3556,Residential property,8 pm to 10 pm,Spring,No Leash,Attack,Human,2021/22,1
3557,Residential property,8 pm to 10 pm,Spring,No Leash,Attack,Human,2022/23,1
3558,Residential property,8 pm to 10 pm,Spring,No Leash,Attack,Unknown,2022/23,1
3559,Residential property,8 pm to 10 pm,Spring,No Leash,Harassment,Unknown,2018/19,1
3560,Residential property,8 pm to 10 pm,Spring,No Leash,Harassment,Unknown,2022/23,1
3561,Residential property,8 pm to 10 pm,Spring,Unknown,Attack,Unknown,2022/23,1
3562,Residential property,8 pm to 10 pm,Summer,No Leash,Attack,Animal,2020/21,1
3563,Residential property,8 pm to 10 pm,Summer,No Leash,Attack,Animal,2022/23,2
3564,Residential property,8 pm to 10 pm,Summer,No Leash,Attack,Unknown,2022/23,1
3565,Residential property,8 pm to 10 pm,Summer,No Leash,Harassment,Animal,2018/19,1
3566,Residential property,8 pm to 10 pm,Summer,No Leash,Harassment,Animal,2021/22,1
3567,Residential property,8 pm to 10 pm,Summer,No Leash,Harassment,Unknown,2021/22,1
3568,Residential property,8 pm to 10 pm,Summer,Unknown,Attack,Unknown,2020/21,1
3569,Residential property,8 pm to 10 pm,Summer,Unknown,Harassment,Animal,2019/20,1
3570,Residential property,8 pm to 10 pm,Summer,Unknown,Harassment,Animal,2020/21,1
3571,Residential property,8 pm to 10 pm,Summer,Unknown,Harassment,Human,2022/23,1
3572,Residential property,8 pm to 10 pm,Summer,Unknown,Harassment,Unknown,2022/23,1
3573,Residential property,8 pm to 10 pm,Winter,No Leash,Attack,Animal,2021/22,1
3574,Residential property,8 pm to 10 pm,Winter,No Leash,Attack,Human,2020/21,1
3575,Residential property,8 pm to 10 pm,Winter,No Leash,Attack,Unknown,2019/20,1
3576,Residential property,8 pm to 10 pm,Winter,No Leash,Harassment,Human,2022/23,1
3577,Residential property,8 pm to 10 pm,Winter,No Leash,Harassment,Human,2023/24,1
3578,Residential property,8 pm to 10 pm,Winter,Unknown,Attack,Human,2020/21,1
3579,Residential property,8 pm to 10 pm,Winter,Unknown,Attack,Unknown,2023/24,1
3580,Residential property,9 am to Noon,Autumn,No Leash,Attack,Animal,2018/19,2
3581,Residential property,9 am to Noon,Autumn,No Leash,Attack,Animal,2019/20,1
3582,Residential property,9 am to Noon,Autumn,No Leash,Attack,Animal,2020/21,3
3583,Residential property,9 am to Noon,Autumn,No Leash,Attack,Animal,2021/22,3
3584,Residential property,9 am to Noon,Autumn,No Leash,Attack,Animal,2022/23,1
3585,Residential property,9 am to Noon,Autumn,No Leash,Attack,Animal,bef 30 Jun 2018,1
3586,Residential property,9 am to Noon,Autumn,No Leash,Attack,Human,2019/20,1
3587,Residential property,9 am to Noon,Autumn,No Leash,Attack,Human,2020/21,2
3588,Residential property,9 am to Noon,Autumn,No Leash,Attack,Human,2021/22,1
3589,Residential property,9 am to Noon,Autumn,No Leash,Attack,Human,2022/23,1
3590,Residential property,9 am to Noon,Autumn,No Leash,Attack,Human,2023/24,2
3591,Residential property,9 am to Noon,Autumn,No Leash,Attack,Unknown,2023/24,1
3592,Residential property,9 am to Noon,Autumn,No Leash,Harassment,Animal,2023/24,1
3593,Residential property,9 am to Noon,Autumn,No Leash,Harassment,Animal,bef 30 Jun 2018,3
3594,Residential property,9 am to Noon,Autumn,No Leash,Harassment,Human,2020/21,1
3595,Residential property,9 am to Noon,Autumn,No Leash,Harassment,Unknown,2018/19,1
3596,Residential property,9 am to Noon,Autumn,No Leash,Harassment,Unknown,2020/21,3
3597,Residential property,9 am to Noon,Autumn,On a Leash,Attack,Human,2020/21,1
3598,Residential property,9 am to Noon,Autumn,Unknown,Attack,Animal,2020/21,1
3599,Residential property,9 am to Noon,Autumn,Unknown,Attack,Animal,2022/23,1
3600,Residential property,9 am to Noon,Autumn,Unknown,Attack,Human,2021/22,1
3601,Residential property,9 am to Noon,Autumn,Unknown,Attack,Unknown,2023/24,1
3602,Residential property,9 am to Noon,Autumn,Unknown,Harassment,Animal,2020/21,1
3603,Residential property,9 am to Noon,Autumn,Unknown,Harassment,Animal,2022/23,1
3604,Residential property,9 am to Noon,Autumn,Unknown,Harassment,Human,2023/24,1
3605,Residential property,9 am to Noon,Autumn,Unknown,Harassment,Unknown,2021/22,1
3606,Residential property,9 am to Noon,Spring,No Leash,Attack,Animal,2018/19,2
3607,Residential property,9 am to Noon,Spring,No Leash,Attack,Animal,2019/20,1
3608,Residential property,9 am to Noon,Spring,No Leash,Attack,Animal,2020/21,4
3609,Residential property,9 am to Noon,Spring,No Leash,Attack,Animal,2021/22,2
3610,Residential property,9 am to Noon,Spring,No Leash,Attack,Animal,2022/23,2
3611,Residential property,9 am to Noon,Spring,No Leash,Attack,Animal,2023/24,1
3612,Residential property,9 am to Noon,Spring,No Leash,Attack,Both,2018/19,1
3613,Residential property,9 am to Noon,Spring,No Leash,Attack,Both,2023/24,1
3614,Residential property,9 am to Noon,Spring,No Leash,Attack,Human,2018/19,1
3615,Residential property,9 am to Noon,Spring,No Leash,Attack,Human,2019/20,4
3616,Residential property,9 am to Noon,Spring,No Leash,Attack,Human,2020/21,2
3617,Residential property,9 am to Noon,Spring,No Leash,Attack,Human,2021/22,1
3618,Residential property,9 am to Noon,Spring,No Leash,Attack,Human,2022/23,2
3619,Residential property,9 am to Noon,Spring,No Leash,Attack,Human,2023/24,2
3620,Residential property,9 am to Noon,Spring,No Leash,Attack,Unknown,2020/21,2
3621,Residential property,9 am to Noon,Spring,No Leash,Attack,Unknown,2022/23,3
3622,Residential property,9 am to Noon,Spring,No Leash,Harassment,Animal,2021/22,1
3623,Residential property,9 am to Noon,Spring,No Leash,Harassment,Human,2020/21,1
3624,Residential property,9 am to Noon,Spring,No Leash,Harassment,Human,2021/22,1
3625,Residential property,9 am to Noon,Spring,No Leash,Harassment,Unknown,2018/19,1
3626,Residential property,9 am to Noon,Spring,No Leash,Harassment,Unknown,2020/21,2
3627,Residential property,9 am to Noon,Spring,On a Leash,Attack,Unknown,2020/21,1
3628,Residential property,9 am to Noon,Spring,On a Leash,Harassment,Animal,2020/21,1
3629,Residential property,9 am to Noon,Spring,Unknown,Attack,Animal,2020/21,2
3630,Residential property,9 am to Noon,Spring,Unknown,Attack,Animal,2023/24,1
3631,Residential property,9 am to Noon,Spring,Unknown,Attack,Human,2018/19,1
3632,Residential property,9 am to Noon,Spring,Unknown,Attack,Human,2023/24,1
3633,Residential property,9 am to Noon,Spring,Unknown,Attack,Unknown,2018/19,1
3634,Residential property,9 am to Noon,Spring,Unknown,Attack,Unknown,2023/24,1
3635,Residential property,9 am to Noon,Spring,Unknown,Harassment,Animal,2019/20,1
3636,Residential property,9 am to Noon,Spring,Unknown,Harassment,Animal,2022/23,1
3637,Residential property,9 am to Noon,Spring,Unknown,Harassment,Animal,2023/24,1
3638,Residential property,9 am to Noon,Spring,Unknown,Harassment,Human,2018/19,1
3639,Residential property,9 am to Noon,Spring,Unknown,Harassment,Human,2019/20,1
3640,Residential property,9 am to Noon,Spring,Unknown,Harassment,Unknown,2022/23,2
3641,Residential property,9 am to Noon,Summer,No Leash,Attack,Animal,2018/19,4
3642,Residential property,9 am to Noon,Summer,No Leash,Attack,Animal,2019/20,1
3643,Residential property,9 am to Noon,Summer,No Leash,Attack,Animal,2020/21,1
3644,Residential property,9 am to Noon,Summer,No Leash,Attack,Animal,2021/22,4
3645,Residential property,9 am to Noon,Summer,No Leash,Attack,Animal,2023/24,1
3646,Residential property,9 am to Noon,Summer,No Leash,Attack,Human,2019/20,3
3647,Residential property,9 am to Noon,Summer,No Leash,Attack,Human,2020/21,1
3648,Residential property,9 am to Noon,Summer,No Leash,Attack,Human,2021/22,1
3649,Residential property,9 am to Noon,Summer,No Leash,Attack,Human,2022/23,2
3650,Residential property,9 am to Noon,Summer,No Leash,Attack,Unknown,2020/21,2
3651,Residential property,9 am to Noon,Summer,No Leash,Attack,Unknown,2021/22,1
3652,Residential property,9 am to Noon,Summer,No Leash,Attack,Unknown,2022/23,2
3653,Residential property,9 am to Noon,Summer,No Leash,Attack,Unknown,2023/24,1
3654,Residential property,9 am to Noon,Summer,No Leash,Attack,Unknown,bef 30 Jun 2018,1
3655,Residential property,9 am to Noon,Summer,No Leash,Harassment,Animal,2020/21,1
3656,Residential property,9 am to Noon,Summer,No Leash,Harassment,Human,2020/21,2
3657,Residential property,9 am to Noon,Summer,No Leash,Harassment,Human,2021/22,1
3658,Residential property,9 am to Noon,Summer,No Leash,Harassment,Human,2023/24,1
3659,Residential property,9 am to Noon,Summer,No Leash,Harassment,Unknown,2021/22,1
3660,Residential property,9 am to Noon,Summer,On a Leash,Attack,Animal,2022/23,2
3661,Residential property,9 am to Noon,Summer,On a Leash,Attack,Human,2019/20,1
3662,Residential property,9 am to Noon,Summer,On a Leash,Attack,Human,2023/24,1
3663,Residential property,9 am to Noon,Summer,On a Leash,Attack,Unknown,2018/19,1
3664,Residential property,9 am to Noon,Summer,On a Leash,Attack,Unknown,2019/20,1
3665,Residential property,9 am to Noon,Summer,On a Leash,Attack,Unknown,2021/22,1
3666,Residential property,9 am to Noon,Summer,Unknown,Attack,Animal,2021/22,1
3667,Residential property,9 am to Noon,Summer,Unknown,Attack,Animal,2023/24,3
3668,Residential property,9 am to Noon,Summer,Unknown,Attack,Human,2021/22,1
3669,Residential property,9 am to Noon,Summer,Unknown,Attack,Unknown,2018/19,1
3670,Residential property,9 am to Noon,Summer,Unknown,Attack,Unknown,2022/23,1
3671,Residential property,9 am to Noon,Summer,Unknown,Harassment,Animal,2023/24,1
3672,Residential property,9 am to Noon,Summer,Unknown,Harassment,Human,2019/20,1
3673,Residential property,9 am to Noon,Summer,Unknown,Harassment,Human,2020/21,1
3674,Residential property,9 am to Noon,Summer,Unknown,Harassment,Unknown,2018/19,1
3675,Residential property,9 am to Noon,Winter,No Leash,Attack,Animal,2018/19,3
3676,Residential property,9 am to Noon,Winter,No Leash,Attack,Animal,2020/21,1
3677,Residential property,9 am to Noon,Winter,No Leash,Attack,Animal,2021/22,3
3678,Residential property,9 am to Noon,Winter,No Leash,Attack,Animal,2022/23,2
3679,Residential property,9 am to Noon,Winter,No Leash,Attack,Animal,2023/24,2
3680,Residential property,9 am to Noon,Winter,No Leash,Attack,Animal,bef 30 Jun 2018,1
3681,Residential property,9 am to Noon,Winter,No Leash,Attack,Human,2019/20,6
3682,Residential property,9 am to Noon,Winter,No Leash,Attack,Human,2020/21,1
3683,Residential property,9 am to Noon,Winter,No Leash,Attack,Human,2023/24,1
3684,Residential property,9 am to Noon,Winter,No Leash,Attack,Human,bef 30 Jun 2018,1
3685,Residential property,9 am to Noon,Winter,No Leash,Attack,Unknown,2020/21,1
3686,Residential property,9 am to Noon,Winter,No Leash,Attack,Unknown,2021/22,1
3687,Residential property,9 am to Noon,Winter,No Leash,Attack,Unknown,2022/23,2
3688,Residential property,9 am to Noon,Winter,No Leash,Attack,Unknown,2023/24,3
3689,Residential property,9 am to Noon,Winter,No Leash,Harassment,Animal,2021/22,1
3690,Residential property,9 am to Noon,Winter,No Leash,Harassment,Human,2018/19,1
3691,Residential property,9 am to Noon,Winter,No Leash,Harassment,Human,2019/20,1
3692,Residential property,9 am to Noon,Winter,No Leash,Harassment,Human,2020/21,2
3693,Residential property,9 am to Noon,Winter,No Leash,Harassment,Human,2021/22,1
3694,Residential property,9 am to Noon,Winter,No Leash,Harassment,Human,2023/24,2
3695,Residential property,9 am to Noon,Winter,No Leash,Harassment,Human,bef 30 Jun 2018,1
3696,Residential property,9 am to Noon,Winter,No Leash,Harassment,Unknown,2021/22,3
3697,Residential property,9 am to Noon,Winter,No Leash,Harassment,Unknown,2022/23,2
3698,Residential property,9 am to Noon,Winter,On a Leash,Attack,Animal,2021/22,1
3699,Residential property,9 am to Noon,Winter,On a Leash,Attack,Animal,2022/23,1
3700,Residential property,9 am to Noon,Winter,On a Leash,Attack,Unknown,2022/23,1
3701,Residential property,9 am to Noon,Winter,Unknown,Attack,Animal,2018/19,1
3702,Residential property,9 am to Noon,Winter,Unknown,Attack,Animal,2021/22,1
3703,Residential property,9 am to Noon,Winter,Unknown,Attack,Both,2020/21,1
3704,Residential property,9 am to Noon,Winter,Unknown,Attack,Human,2018/19,1
3705,Residential property,9 am to Noon,Winter,Unknown,Attack,Human,2020/21,1
3706,Residential property,9 am to Noon,Winter,Unknown,Attack,Human,2021/22,1
3707,Residential property,9 am to Noon,Winter,Unknown,Attack,Human,2022/23,1
3708,Residential property,9 am to Noon,Winter,Unknown,Attack,Unknown,2018/19,2
3709,Residential property,9 am to Noon,Winter,Unknown,Attack,Unknown,2019/20,1
3710,Residential property,9 am to Noon,Winter,Unknown,Attack,Unknown,2020/21,1
3711,Residential property,9 am to Noon,Winter,Unknown,Attack,Unknown,2022/23,1
3712,Residential property,9 am to Noon,Winter,Unknown,Harassment,Animal,2019/20,1
3713,Residential property,9 am to Noon,Winter,Unknown,Harassment,Animal,2022/23,1
3714,Residential property,9 am to Noon,Winter,Unknown,Harassment,Animal,2023/24,1
3715,Residential property,9 am to Noon,Winter,Unknown,Harassment,Human,2020/21,1
3716,Residential property,9 am to Noon,Winter,Unknown,Harassment,Unknown,2021/22,1
3717,Residential property,Noon to 5 pm,Autumn,No Leash,Attack,Animal,2018/19,1
3718,Residential property,Noon to 5 pm,Autumn,No Leash,Attack,Animal,2019/20,4
3719,Residential property,Noon to 5 pm,Autumn,No Leash,Attack,Animal,2020/21,4
3720,Residential property,Noon to 5 pm,Autumn,No Leash,Attack,Animal,2021/22,2
3721,Residential property,Noon to 5 pm,Autumn,No Leash,Attack,Animal,2022/23,2
3722,Residential property,Noon to 5 pm,Autumn,No Leash,Attack,Animal,bef 30 Jun 2018,1
3723,Residential property,Noon to 5 pm,Autumn,No Leash,Attack,Human,2019/20,1
3724,Residential property,Noon to 5 pm,Autumn,No Leash,Attack,Human,2020/21,1
3725,Residential property,Noon to 5 pm,Autumn,No Leash,Attack,Human,2021/22,1
3726,Residential property,Noon to 5 pm,Autumn,No Leash,Attack,Human,2022/23,3
3727,Residential property,Noon to 5 pm,Autumn,No Leash,Attack,Human,2023/24,2
3728,Residential property,Noon to 5 pm,Autumn,No Leash,Attack,Unknown,2019/20,1
3729,Residential property,Noon to 5 pm,Autumn,No Leash,Attack,Unknown,2020/21,1
3730,Residential property,Noon to 5 pm,Autumn,No Leash,Attack,Unknown,2021/22,1
3731,Residential property,Noon to 5 pm,Autumn,No Leash,Attack,Unknown,2022/23,1
3732,Residential property,Noon to 5 pm,Autumn,No Leash,Harassment,Animal,2020/21,2
3733,Residential property,Noon to 5 pm,Autumn,No Leash,Harassment,Human,2018/19,1
3734,Residential property,Noon to 5 pm,Autumn,No Leash,Harassment,Human,2019/20,1
3735,Residential property,Noon to 5 pm,Autumn,No Leash,Harassment,Human,2020/21,4
3736,Residential property,Noon to 5 pm,Autumn,No Leash,Harassment,Human,2022/23,1
3737,Residential property,Noon to 5 pm,Autumn,No Leash,Harassment,Human,2023/24,1
3738,Residential property,Noon to 5 pm,Autumn,No Leash,Harassment,Unknown,2019/20,1
3739,Residential property,Noon to 5 pm,Autumn,On a Leash,Attack,Human,2018/19,1
3740,Residential property,Noon to 5 pm,Autumn,On a Leash,Attack,Human,2023/24,1
3741,Residential property,Noon to 5 pm,Autumn,Unknown,Attack,Animal,2020/21,1
3742,Residential property,Noon to 5 pm,Autumn,Unknown,Attack,Animal,2021/22,2
3743,Residential property,Noon to 5 pm,Autumn,Unknown,Attack,Animal,2022/23,1
3744,Residential property,Noon to 5 pm,Autumn,Unknown,Attack,Animal,2023/24,2
3745,Residential property,Noon to 5 pm,Autumn,Unknown,Attack,Animal,bef 30 Jun 2018,1
3746,Residential property,Noon to 5 pm,Autumn,Unknown,Attack,Human,2019/20,1
3747,Residential property,Noon to 5 pm,Autumn,Unknown,Attack,Human,2022/23,2
3748,Residential property,Noon to 5 pm,Autumn,Unknown,Attack,Human,2023/24,1
3749,Residential property,Noon to 5 pm,Autumn,Unknown,Attack,Unknown,2019/20,1
3750,Residential property,Noon to 5 pm,Autumn,Unknown,Attack,Unknown,2021/22,1
3751,Residential property,Noon to 5 pm,Autumn,Unknown,Harassment,Human,2021/22,1
3752,Residential property,Noon to 5 pm,Autumn,Unknown,Harassment,Unknown,2023/24,1
3753,Residential property,Noon to 5 pm,Spring,No Leash,Attack,Animal,2018/19,2
3754,Residential property,Noon to 5 pm,Spring,No Leash,Attack,Animal,2019/20,2
3755,Residential property,Noon to 5 pm,Spring,No Leash,Attack,Animal,2020/21,3
3756,Residential property,Noon to 5 pm,Spring,No Leash,Attack,Animal,2021/22,6
3757,Residential property,Noon to 5 pm,Spring,No Leash,Attack,Animal,2022/23,3
3758,Residential property,Noon to 5 pm,Spring,No Leash,Attack,Animal,2023/24,3
3759,Residential property,Noon to 5 pm,Spring,No Leash,Attack,Both,2020/21,1
3760,Residential property,Noon to 5 pm,Spring,No Leash,Attack,Both,2021/22,1
3761,Residential property,Noon to 5 pm,Spring,No Leash,Attack,Human,2018/19,1
3762,Residential property,Noon to 5 pm,Spring,No Leash,Attack,Human,2019/20,5
3763,Residential property,Noon to 5 pm,Spring,No Leash,Attack,Human,2020/21,1
3764,Residential property,Noon to 5 pm,Spring,No Leash,Attack,Human,2021/22,3
3765,Residential property,Noon to 5 pm,Spring,No Leash,Attack,Human,2022/23,2
3766,Residential property,Noon to 5 pm,Spring,No Leash,Attack,Human,2023/24,1
3767,Residential property,Noon to 5 pm,Spring,No Leash,Attack,Unknown,2020/21,1
3768,Residential property,Noon to 5 pm,Spring,No Leash,Attack,Unknown,2021/22,2
3769,Residential property,Noon to 5 pm,Spring,No Leash,Attack,Unknown,2022/23,1
3770,Residential property,Noon to 5 pm,Spring,No Leash,Attack,Unknown,2023/24,2
3771,Residential property,Noon to 5 pm,Spring,No Leash,Attack,Unknown,bef 30 Jun 2018,1
3772,Residential property,Noon to 5 pm,Spring,No Leash,Harassment,Animal,2019/20,1
3773,Residential property,Noon to 5 pm,Spring,No Leash,Harassment,Animal,2020/21,2
3774,Residential property,Noon to 5 pm,Spring,No Leash,Harassment,Animal,2022/23,1
3775,Residential property,Noon to 5 pm,Spring,No Leash,Harassment,Human,2019/20,1
3776,Residential property,Noon to 5 pm,Spring,No Leash,Harassment,Human,2020/21,2
3777,Residential property,Noon to 5 pm,Spring,No Leash,Harassment,Human,2021/22,2
3778,Residential property,Noon to 5 pm,Spring,No Leash,Harassment,Unknown,2020/21,2
3779,Residential property,Noon to 5 pm,Spring,No Leash,Harassment,Unknown,2022/23,1
3780,Residential property,Noon to 5 pm,Spring,On a Leash,Attack,Animal,2022/23,1
3781,Residential property,Noon to 5 pm,Spring,On a Leash,Attack,Human,2020/21,1
3782,Residential property,Noon to 5 pm,Spring,Unknown,Attack,Animal,2020/21,1
3783,Residential property,Noon to 5 pm,Spring,Unknown,Attack,Animal,2022/23,1
3784,Residential property,Noon to 5 pm,Spring,Unknown,Attack,Animal,2023/24,2
3785,Residential property,Noon to 5 pm,Spring,Unknown,Attack,Both,2021/22,1
3786,Residential property,Noon to 5 pm,Spring,Unknown,Attack,Human,2018/19,1
3787,Residential property,Noon to 5 pm,Spring,Unknown,Attack,Human,2019/20,1
3788,Residential property,Noon to 5 pm,Spring,Unknown,Attack,Human,2020/21,1
3789,Residential property,Noon to 5 pm,Spring,Unknown,Attack,Unknown,2018/19,1
3790,Residential property,Noon to 5 pm,Spring,Unknown,Attack,Unknown,2021/22,1
3791,Residential property,Noon to 5 pm,Spring,Unknown,Attack,Unknown,2022/23,1
3792,Residential property,Noon to 5 pm,Spring,Unknown,Attack,Unknown,2023/24,3
3793,Residential property,Noon to 5 pm,Spring,Unknown,Harassment,Animal,2022/23,1
3794,Residential property,Noon to 5 pm,Spring,Unknown,Harassment,Animal,bef 30 Jun 2018,1
3795,Residential property,Noon to 5 pm,Spring,Unknown,Harassment,Human,2019/20,1
3796,Residential property,Noon to 5 pm,Spring,Unknown,Harassment,Unknown,2019/20,1
3797,Residential property,Noon to 5 pm,Spring,Unknown,Harassment,Unknown,2022/23,1
3798,Residential property,Noon to 5 pm,Summer,No Leash,Attack,Animal,2019/20,4
3799,Residential property,Noon to 5 pm,Summer,No Leash,Attack,Animal,2020/21,4
3800,Residential property,Noon to 5 pm,Summer,No Leash,Attack,Animal,2021/22,1
3801,Residential property,Noon to 5 pm,Summer,No Leash,Attack,Animal,2022/23,1
3802,Residential property,Noon to 5 pm,Summer,No Leash,Attack,Animal,2023/24,1
3803,Residential property,Noon to 5 pm,Summer,No Leash,Attack,Animal,bef 30 Jun 2018,2
3804,Residential property,Noon to 5 pm,Summer,No Leash,Attack,Both,2019/20,2
3805,Residential property,Noon to 5 pm,Summer,No Leash,Attack,Human,2019/20,2
3806,Residential property,Noon to 5 pm,Summer,No Leash,Attack,Human,2020/21,2
3807,Residential property,Noon to 5 pm,Summer,No Leash,Attack,Human,2021/22,2
3808,Residential property,Noon to 5 pm,Summer,No Leash,Attack,Human,2022/23,2
3809,Residential property,Noon to 5 pm,Summer,No Leash,Attack,Unknown,2020/21,2
3810,Residential property,Noon to 5 pm,Summer,No Leash,Attack,Unknown,2021/22,2
3811,Residential property,Noon to 5 pm,Summer,No Leash,Attack,Unknown,2022/23,4
3812,Residential property,Noon to 5 pm,Summer,No Leash,Attack,Unknown,2023/24,2
3813,Residential property,Noon to 5 pm,Summer,No Leash,Harassment,Animal,2018/19,1
3814,Residential property,Noon to 5 pm,Summer,No Leash,Harassment,Animal,2021/22,1
3815,Residential property,Noon to 5 pm,Summer,No Leash,Harassment,Animal,2023/24,1
3816,Residential property,Noon to 5 pm,Summer,No Leash,Harassment,Human,2023/24,1
3817,Residential property,Noon to 5 pm,Summer,On a Leash,Attack,Unknown,2021/22,1
3818,Residential property,Noon to 5 pm,Summer,Unknown,Attack,Animal,2018/19,2
3819,Residential property,Noon to 5 pm,Summer,Unknown,Attack,Animal,2021/22,1
3820,Residential property,Noon to 5 pm,Summer,Unknown,Attack,Animal,2023/24,1
3821,Residential property,Noon to 5 pm,Summer,Unknown,Attack,Human,2018/19,1
3822,Residential property,Noon to 5 pm,Summer,Unknown,Attack,Human,2019/20,2
3823,Residential property,Noon to 5 pm,Summer,Unknown,Attack,Human,2021/22,1
3824,Residential property,Noon to 5 pm,Summer,Unknown,Attack,Unknown,2019/20,1
3825,Residential property,Noon to 5 pm,Summer,Unknown,Attack,Unknown,2021/22,1
3826,Residential property,Noon to 5 pm,Summer,Unknown,Attack,Unknown,2022/23,2
3827,Residential property,Noon to 5 pm,Summer,Unknown,Harassment,Animal,2018/19,1
3828,Residential property,Noon to 5 pm,Summer,Unknown,Harassment,Animal,2023/24,1
3829,Residential property,Noon to 5 pm,Summer,Unknown,Harassment,Human,2018/19,1
3830,Residential property,Noon to 5 pm,Summer,Unknown,Harassment,Unknown,2018/19,1
3831,Residential property,Noon to 5 pm,Summer,Unknown,Harassment,Unknown,2023/24,1
3832,Residential property,Noon to 5 pm,Winter,No Leash,Attack,Animal,2018/19,6
3833,Residential property,Noon to 5 pm,Winter,No Leash,Attack,Animal,2019/20,6
3834,Residential property,Noon to 5 pm,Winter,No Leash,Attack,Animal,2020/21,7
3835,Residential property,Noon to 5 pm,Winter,No Leash,Attack,Animal,2021/22,5
3836,Residential property,Noon to 5 pm,Winter,No Leash,Attack,Animal,2022/23,5
3837,Residential property,Noon to 5 pm,Winter,No Leash,Attack,Animal,2023/24,1
3838,Residential property,Noon to 5 pm,Winter,No Leash,Attack,Human,2018/19,4
3839,Residential property,Noon to 5 pm,Winter,No Leash,Attack,Human,2019/20,1
3840,Residential property,Noon to 5 pm,Winter,No Leash,Attack,Human,2020/21,3
3841,Residential property,Noon to 5 pm,Winter,No Leash,Attack,Human,2021/22,2
3842,Residential property,Noon to 5 pm,Winter,No Leash,Attack,Human,2023/24,4
3843,Residential property,Noon to 5 pm,Winter,No Leash,Attack,Unknown,2018/19,1
3844,Residential property,Noon to 5 pm,Winter,No Leash,Attack,Unknown,2021/22,1
3845,Residential property,Noon to 5 pm,Winter,No Leash,Attack,Unknown,2022/23,2
3846,Residential property,Noon to 5 pm,Winter,No Leash,Attack,Unknown,2023/24,1
3847,Residential property,Noon to 5 pm,Winter,No Leash,Attack,Unknown,bef 30 Jun 2018,1
3848,Residential property,Noon to 5 pm,Winter,No Leash,Harassment,Animal,2018/19,1
3849,Residential property,Noon to 5 pm,Winter,No Leash,Harassment,Animal,2019/20,1
3850,Residential property,Noon to 5 pm,Winter,No Leash,Harassment,Animal,2021/22,1
3851,Residential property,Noon to 5 pm,Winter,No Leash,Harassment,Animal,2022/23,1
3852,Residential property,Noon to 5 pm,Winter,No Leash,Harassment,Human,2018/19,1
3853,Residential property,Noon to 5 pm,Winter,No Leash,Harassment,Human,2019/20,2
3854,Residential property,Noon to 5 pm,Winter,No Leash,Harassment,Human,2022/23,4
3855,Residential property,Noon to 5 pm,Winter,No Leash,Harassment,Human,2023/24,1
3856,Residential property,Noon to 5 pm,Winter,No Leash,Harassment,Unknown,2018/19,1
3857,Residential property,Noon to 5 pm,Winter,No Leash,Harassment,Unknown,2019/20,1
3858,Residential property,Noon to 5 pm,Winter,No Leash,Harassment,Unknown,2021/22,2
3859,Residential property,Noon to 5 pm,Winter,No Leash,Harassment,Unknown,2022/23,1
3860,Residential property,Noon to 5 pm,Winter,On a Leash,Attack,Animal,2020/21,1
3861,Residential property,Noon to 5 pm,Winter,On a Leash,Attack,Animal,2021/22,1
3862,Residential property,Noon to 5 pm,Winter,On a Leash,Attack,Unknown,2021/22,1
3863,Residential property,Noon to 5 pm,Winter,On a Leash,Harassment,Animal,2023/24,1
3864,Residential property,Noon to 5 pm,Winter,Unknown,Attack,Animal,2018/19,2
3865,Residential property,Noon to 5 pm,Winter,Unknown,Attack,Animal,2019/20,2
3866,Residential property,Noon to 5 pm,Winter,Unknown,Attack,Animal,2020/21,2
3867,Residential property,Noon to 5 pm,Winter,Unknown,Attack,Animal,2021/22,3
3868,Residential property,Noon to 5 pm,Winter,Unknown,Attack,Animal,2023/24,1
3869,Residential property,Noon to 5 pm,Winter,Unknown,Attack,Human,2018/19,1
3870,Residential property,Noon to 5 pm,Winter,Unknown,Attack,Human,2019/20,1
3871,Residential property,Noon to 5 pm,Winter,Unknown,Attack,Human,2022/23,1
3872,Residential property,Noon to 5 pm,Winter,Unknown,Attack,Unknown,2018/19,1
3873,Residential property,Noon to 5 pm,Winter,Unknown,Attack,Unknown,2020/21,3
3874,Residential property,Noon to 5 pm,Winter,Unknown,Attack,Unknown,2022/23,1
3875,Residential property,Noon to 5 pm,Winter,Unknown,Attack,Unknown,2023/24,2
3876,Residential property,Noon to 5 pm,Winter,Unknown,Harassment,Animal,2020/21,1
3877,Residential property,Noon to 5 pm,Winter,Unknown,Harassment,Animal,2022/23,2
3878,Residential property,Noon to 5 pm,Winter,Unknown,Harassment,Human,2019/20,1
3879,Residential property,Noon to 5 pm,Winter,Unknown,Harassment,Human,2022/23,1
3880,Residential property,Noon to 5 pm,Winter,Unknown,Harassment,Human,2023/24,1
3881,Residential property,Noon to 5 pm,Winter,Unknown,Harassment,Unknown,2022/23,1
3882,Residential property,Unknown,Autumn,No Leash,Attack,Animal,2018/19,3
3883,Residential property,Unknown,Autumn,No Leash,Attack,Animal,2020/21,1
3884,Residential property,Unknown,Autumn,No Leash,Attack,Animal,2021/22,2
3885,Residential property,Unknown,Autumn,No Leash,Attack,Animal,bef 30 Jun 2018,1
3886,Residential property,Unknown,Autumn,No Leash,Attack,Human,2018/19,1
3887,Residential property,Unknown,Autumn,No Leash,Attack,Human,2019/20,1
3888,Residential property,Unknown,Autumn,No Leash,Attack,Human,2021/22,2
3889,Residential property,Unknown,Autumn,No Leash,Attack,Human,2022/23,2
3890,Residential property,Unknown,Autumn,No Leash,Attack,Human,bef 30 Jun 2018,1
3891,Residential property,Unknown,Autumn,No Leash,Harassment,Animal,2019/20,2
3892,Residential property,Unknown,Autumn,No Leash,Harassment,Animal,2020/21,1
3893,Residential property,Unknown,Autumn,No Leash,Harassment,Unknown,2019/20,1
3894,Residential property,Unknown,Autumn,On a Leash,Attack,Human,2018/19,1
3895,Residential property,Unknown,Autumn,On a Leash,Attack,Unknown,2018/19,1
3896,Residential property,Unknown,Autumn,On a Leash,Attack,Unknown,bef 30 Jun 2018,1
3897,Residential property,Unknown,Autumn,On a Leash,Harassment,Human,2018/19,1
3898,Residential property,Unknown,Autumn,Unknown,Attack,Animal,2018/19,1
3899,Residential property,Unknown,Autumn,Unknown,Attack,Animal,2019/20,1
3900,Residential property,Unknown,Autumn,Unknown,Attack,Animal,2021/22,2
3901,Residential property,Unknown,Autumn,Unknown,Attack,Animal,2022/23,1
3902,Residential property,Unknown,Autumn,Unknown,Attack,Human,2021/22,1
3903,Residential property,Unknown,Autumn,Unknown,Attack,Unknown,2019/20,1
3904,Residential property,Unknown,Autumn,Unknown,Attack,Unknown,2022/23,1
3905,Residential property,Unknown,Autumn,Unknown,Attack,Unknown,bef 30 Jun 2018,1
3906,Residential property,Unknown,Autumn,Unknown,Harassment,Unknown,2022/23,3
3907,Residential property,Unknown,Spring,No Leash,Attack,Animal,2019/20,2
3908,Residential property,Unknown,Spring,No Leash,Attack,Animal,2020/21,1
3909,Residential property,Unknown,Spring,No Leash,Attack,Animal,2021/22,2
3910,Residential property,Unknown,Spring,No Leash,Attack,Animal,2023/24,1
3911,Residential property,Unknown,Spring,No Leash,Attack,Animal,bef 30 Jun 2018,1
3912,Residential property,Unknown,Spring,No Leash,Attack,Human,2018/19,1
3913,Residential property,Unknown,Spring,No Leash,Attack,Human,2020/21,2
3914,Residential property,Unknown,Spring,No Leash,Attack,Human,2021/22,1
3915,Residential property,Unknown,Spring,No Leash,Attack,Human,2022/23,1
3916,Residential property,Unknown,Spring,No Leash,Attack,Unknown,2020/21,1
3917,Residential property,Unknown,Spring,No Leash,Attack,Unknown,2021/22,1
3918,Residential property,Unknown,Spring,No Leash,Attack,Unknown,2022/23,2
3919,Residential property,Unknown,Spring,No Leash,Attack,Unknown,2023/24,1
3920,Residential property,Unknown,Spring,No Leash,Harassment,Animal,bef 30 Jun 2018,1
3921,Residential property,Unknown,Spring,No Leash,Harassment,Human,2018/19,2
3922,Residential property,Unknown,Spring,No Leash,Harassment,Human,2019/20,2
3923,Residential property,Unknown,Spring,No Leash,Harassment,Human,2020/21,1
3924,Residential property,Unknown,Spring,No Leash,Harassment,Human,bef 30 Jun 2018,1
3925,Residential property,Unknown,Spring,No Leash,Harassment,Unknown,2022/23,1
3926,Residential property,Unknown,Spring,On a Leash,Attack,Human,2022/23,1
3927,Residential property,Unknown,Spring,Unknown,Attack,Animal,2018/19,1
3928,Residential property,Unknown,Spring,Unknown,Attack,Animal,2020/21,1
3929,Residential property,Unknown,Spring,Unknown,Attack,Animal,2021/22,2
3930,Residential property,Unknown,Spring,Unknown,Attack,Animal,2023/24,1
3931,Residential property,Unknown,Spring,Unknown,Attack,Human,2020/21,1
3932,Residential property,Unknown,Spring,Unknown,Attack,Unknown,2020/21,2
3933,Residential property,Unknown,Spring,Unknown,Attack,Unknown,2023/24,1
3934,Residential property,Unknown,Spring,Unknown,Harassment,Animal,2019/20,1
3935,Residential property,Unknown,Spring,Unknown,Harassment,Human,2018/19,1
3936,Residential property,Unknown,Spring,Unknown,Harassment,Human,2019/20,1
3937,Residential property,Unknown,Summer,No Leash,Attack,Animal,2018/19,2
3938,Residential property,Unknown,Summer,No Leash,Attack,Animal,2022/23,1
3939,Residential property,Unknown,Summer,No Leash,Attack,Human,2022/23,1
3940,Residential property,Unknown,Summer,No Leash,Attack,Unknown,2020/21,1
3941,Residential property,Unknown,Summer,No Leash,Attack,Unknown,2022/23,2
3942,Residential property,Unknown,Summer,No Leash,Harassment,Animal,2018/19,1
3943,Residential property,Unknown,Summer,No Leash,Harassment,Animal,2022/23,1
3944,Residential property,Unknown,Summer,No Leash,Harassment,Unknown,bef 30 Jun 2018,1
3945,Residential property,Unknown,Summer,On a Leash,Attack,Animal,2020/21,1
3946,Residential property,Unknown,Summer,On a Leash,Harassment,Animal,2020/21,1
3947,Residential property,Unknown,Summer,Unknown,Attack,Animal,2018/19,1
3948,Residential property,Unknown,Summer,Unknown,Attack,Human,2019/20,1
3949,Residential property,Unknown,Summer,Unknown,Attack,Unknown,2018/19,1
3950,Residential property,Unknown,Summer,Unknown,Attack,Unknown,2020/21,1
3951,Residential property,Unknown,Summer,Unknown,Attack,Unknown,2022/23,2
3952,Residential property,Unknown,Summer,Unknown,Harassment,Animal,2021/22,1
3953,Residential property,Unknown,Summer,Unknown,Harassment,Unknown,2022/23,1
3954,Residential property,Unknown,Winter,No Leash,Attack,Animal,2018/19,2
3955,Residential property,Unknown,Winter,No Leash,Attack,Animal,2019/20,2
3956,Residential property,Unknown,Winter,No Leash,Attack,Animal,2020/21,2
3957,Residential property,Unknown,Winter,No Leash,Attack,Animal,2022/23,1
3958,Residential property,Unknown,Winter,No Leash,Attack,Animal,2023/24,1
3959,Residential property,Unknown,Winter,No Leash,Attack,Animal,bef 30 Jun 2018,2
3960,Residential property,Unknown,Winter,No Leash,Attack,Human,2019/20,1
3961,Residential property,Unknown,Winter,No Leash,Attack,Human,2023/24,2
3962,Residential property,Unknown,Winter,No Leash,Attack,Unknown,2019/20,2
3963,Residential property,Unknown,Winter,No Leash,Attack,Unknown,2022/23,1
3964,Residential property,Unknown,Winter,No Leash,Harassment,Human,2022/23,1
3965,Residential property,Unknown,Winter,No Leash,Harassment,Human,2023/24,1
3966,Residential property,Unknown,Winter,No Leash,Harassment,Human,bef 30 Jun 2018,1
3967,Residential property,Unknown,Winter,No Leash,Harassment,Unknown,2023/24,1
3968,Residential property,Unknown,Winter,On a Leash,Attack,Human,2022/23,1
3969,Residential property,Unknown,Winter,Unknown,Attack,Animal,bef 30 Jun 2018,1
3970,Residential property,Unknown,Winter,Unknown,Attack,Human,2020/21,1
3971,Residential property,Unknown,Winter,Unknown,Attack,Human,2022/23,1
3972,Residential property,Unknown,Winter,Unknown,Attack,Unknown,2021/22,2
3973,Residential property,Unknown,Winter,Unknown,Attack,Unknown,2022/23,1
3974,Residential property,Unknown,Winter,Unknown,Attack,Unknown,2023/24,1
3975,Residential property,Unknown,Winter,Unknown,Harassment,Human,2022/23,1
3976,Residential property,Unknown,Winter,Unknown,Harassment,Unknown,2019/20,1
3977,Residential property,Unknown,Winter,Unknown,Harassment,Unknown,2023/24,2
3978,School,5 pm to 8 pm,Autumn,No Leash,Attack,Animal,2020/21,1
3979,School,5 pm to 8 pm,Autumn,No Leash,Attack,Human,2020/21,1
3980,School,5 pm to 8 pm,Autumn,Unknown,Attack,Human,2022/23,1
3981,School,5 pm to 8 pm,Spring,No Leash,Attack,Animal,2022/23,1
3982,School,5 pm to 8 pm,Spring,Unknown,Attack,Animal,2023/24,1
3983,School,5 pm to 8 pm,Spring,Unknown,Attack,Human,2019/20,1
3984,School,5 pm to 8 pm,Summer,No Leash,Harassment,Unknown,2020/21,1
3985,School,5 pm to 8 pm,Summer,On a Leash,Attack,Animal,2019/20,1
3986,School,5 pm to 8 pm,Summer,Unknown,Attack,Human,2022/23,1
3987,School,5 pm to 8 pm,Summer,Unknown,Attack,Unknown,2020/21,1
3988,School,5 pm to 8 pm,Summer,Unknown,Harassment,Human,2023/24,1
3989,School,5 pm to 8 pm,Summer,Unknown,Harassment,Unknown,2020/21,1
3990,School,6 am to 9 am,Autumn,Unknown,Attack,Unknown,2019/20,1
3991,School,8 pm to 10 pm,Spring,Unknown,Attack,Animal,2023/24,1
3992,School,9 am to Noon,Autumn,No Leash,Attack,Human,2022/23,1
3993,School,9 am to Noon,Autumn,Unknown,Attack,Unknown,2019/20,1
3994,School,9 am to Noon,Spring,No Leash,Attack,Human,2018/19,1
3995,School,9 am to Noon,Spring,No Leash,Attack,Unknown,2019/20,2
3996,School,9 am to Noon,Spring,Unknown,Attack,Animal,2019/20,1
3997,School,9 am to Noon,Summer,No Leash,Harassment,Unknown,2019/20,1
3998,School,9 am to Noon,Summer,No Leash,Harassment,Unknown,2020/21,1
3999,School,Noon to 5 pm,Autumn,No Leash,Attack,Human,2019/20,1
4000,School,Noon to 5 pm,Autumn,No Leash,Attack,Human,2022/23,1
4001,School,Noon to 5 pm,Autumn,Unknown,Attack,Animal,2018/19,1
4002,School,Noon to 5 pm,Spring,No Leash,Harassment,Animal,2019/20,1
4003,School,Noon to 5 pm,Spring,Unknown,Attack,Unknown,2022/23,1
4004,School,Noon to 5 pm,Winter,No Leash,Attack,Human,2021/22,1
4005,School,Noon to 5 pm,Winter,Unknown,Harassment,Unknown,2021/22,1
4006,School,Unknown,Winter,Unknown,Attack,Unknown,2021/22,1
4007,Street,5 pm to 8 pm,Autumn,No Leash,Attack,Animal,2019/20,1
4008,Street,5 pm to 8 pm,Autumn,No Leash,Attack,Animal,2021/22,1
4009,Street,5 pm to 8 pm,Autumn,No Leash,Attack,Animal,2022/23,1
4010,Street,5 pm to 8 pm,Autumn,No Leash,Attack,Animal,2023/24,1
4011,Street,5 pm to 8 pm,Autumn,No Leash,Attack,Animal,bef 30 Jun 2018,5
4012,Street,5 pm to 8 pm,Autumn,No Leash,Attack,Both,2021/22,1
4013,Street,5 pm to 8 pm,Autumn,No Leash,Attack,Human,2021/22,3
4014,Street,5 pm to 8 pm,Autumn,No Leash,Attack,Human,2022/23,1
4015,Street,5 pm to 8 pm,Autumn,No Leash,Attack,Human,2023/24,1
4016,Street,5 pm to 8 pm,Autumn,No Leash,Attack,Unknown,2018/19,1
4017,Street,5 pm to 8 pm,Autumn,No Leash,Harassment,Animal,2018/19,2
4018,Street,5 pm to 8 pm,Autumn,No Leash,Harassment,Human,2020/21,1
4019,Street,5 pm to 8 pm,Autumn,No Leash,Harassment,Human,2021/22,1
4020,Street,5 pm to 8 pm,Autumn,No Leash,Harassment,Human,2022/23,3
4021,Street,5 pm to 8 pm,Autumn,No Leash,Harassment,Human,bef 30 Jun 2018,1
4022,Street,5 pm to 8 pm,Autumn,No Leash,Harassment,Unknown,2021/22,1
4023,Street,5 pm to 8 pm,Autumn,On a Leash,Attack,Animal,2022/23,1
4024,Street,5 pm to 8 pm,Autumn,On a Leash,Attack,Animal,bef 30 Jun 2018,1
4025,Street,5 pm to 8 pm,Autumn,On a Leash,Attack,Human,2018/19,1
4026,Street,5 pm to 8 pm,Autumn,On a Leash,Attack,Human,2020/21,1
4027,Street,5 pm to 8 pm,Autumn,On a Leash,Attack,Human,2021/22,1
4028,Street,5 pm to 8 pm,Autumn,On a Leash,Harassment,Unknown,2022/23,1
4029,Street,5 pm to 8 pm,Autumn,Unknown,Attack,Animal,2018/19,1
4030,Street,5 pm to 8 pm,Autumn,Unknown,Attack,Animal,2022/23,1
4031,Street,5 pm to 8 pm,Autumn,Unknown,Attack,Both,2023/24,1
4032,Street,5 pm to 8 pm,Autumn,Unknown,Attack,Unknown,2022/23,1
4033,Street,5 pm to 8 pm,Autumn,Unknown,Harassment,Human,2022/23,1
4034,Street,5 pm to 8 pm,Autumn,Unknown,Harassment,Human,2023/24,1
4035,Street,5 pm to 8 pm,Autumn,Unknown,Harassment,Unknown,2020/21,1
4036,Street,5 pm to 8 pm,Autumn,Unknown,Harassment,Unknown,2022/23,1
4037,Street,5 pm to 8 pm,Autumn,Unknown,Harassment,Unknown,bef 30 Jun 2018,1
4038,Street,5 pm to 8 pm,Spring,No Leash,Attack,Animal,2019/20,3
4039,Street,5 pm to 8 pm,Spring,No Leash,Attack,Animal,2020/21,2
4040,Street,5 pm to 8 pm,Spring,No Leash,Attack,Animal,2021/22,3
4041,Street,5 pm to 8 pm,Spring,No Leash,Attack,Animal,2023/24,2
4042,Street,5 pm to 8 pm,Spring,No Leash,Attack,Both,2021/22,1
4043,Street,5 pm to 8 pm,Spring,No Leash,Attack,Human,2023/24,1
4044,Street,5 pm to 8 pm,Spring,No Leash,Attack,Unknown,2021/22,1
4045,Street,5 pm to 8 pm,Spring,No Leash,Attack,Unknown,2022/23,1
4046,Street,5 pm to 8 pm,Spring,No Leash,Harassment,Animal,2022/23,2
4047,Street,5 pm to 8 pm,Spring,No Leash,Harassment,Animal,2023/24,1
4048,Street,5 pm to 8 pm,Spring,No Leash,Harassment,Human,2018/19,2
4049,Street,5 pm to 8 pm,Spring,No Leash,Harassment,Human,2021/22,2
4050,Street,5 pm to 8 pm,Spring,No Leash,Harassment,Unknown,2022/23,1
4051,Street,5 pm to 8 pm,Spring,On a Leash,Attack,Animal,2018/19,2
4052,Street,5 pm to 8 pm,Spring,On a Leash,Attack,Human,2020/21,1
4053,Street,5 pm to 8 pm,Spring,On a Leash,Attack,Unknown,2020/21,1
4054,Street,5 pm to 8 pm,Spring,Unknown,Attack,Animal,2020/21,1
4055,Street,5 pm to 8 pm,Spring,Unknown,Attack,Human,2022/23,1
4056,Street,5 pm to 8 pm,Spring,Unknown,Attack,Human,2023/24,1
4057,Street,5 pm to 8 pm,Spring,Unknown,Attack,Unknown,2019/20,1
4058,Street,5 pm to 8 pm,Spring,Unknown,Attack,Unknown,2023/24,1
4059,Street,5 pm to 8 pm,Spring,Unknown,Harassment,Animal,2019/20,1
4060,Street,5 pm to 8 pm,Spring,Unknown,Harassment,Human,2022/23,1
4061,Street,5 pm to 8 pm,Spring,Unknown,Harassment,Human,2023/24,1
4062,Street,5 pm to 8 pm,Spring,Unknown,Harassment,Unknown,2018/19,1
4063,Street,5 pm to 8 pm,Spring,Unknown,Harassment,Unknown,2023/24,1
4064,Street,5 pm to 8 pm,Summer,No Leash,Attack,Animal,2018/19,5
4065,Street,5 pm to 8 pm,Summer,No Leash,Attack,Animal,2020/21,1
4066,Street,5 pm to 8 pm,Summer,No Leash,Attack,Animal,2021/22,1
4067,Street,5 pm to 8 pm,Summer,No Leash,Attack,Animal,2022/23,2
4068,Street,5 pm to 8 pm,Summer,No Leash,Attack,Animal,2023/24,2
4069,Street,5 pm to 8 pm,Summer,No Leash,Attack,Animal,bef 30 Jun 2018,1
4070,Street,5 pm to 8 pm,Summer,No Leash,Attack,Human,2018/19,1
4071,Street,5 pm to 8 pm,Summer,No Leash,Attack,Human,2020/21,4
4072,Street,5 pm to 8 pm,Summer,No Leash,Attack,Human,2021/22,2
4073,Street,5 pm to 8 pm,Summer,No Leash,Attack,Human,2022/23,2
4074,Street,5 pm to 8 pm,Summer,No Leash,Attack,Human,2023/24,1
4075,Street,5 pm to 8 pm,Summer,No Leash,Attack,Unknown,2018/19,1
4076,Street,5 pm to 8 pm,Summer,No Leash,Attack,Unknown,2021/22,1
4077,Street,5 pm to 8 pm,Summer,No Leash,Harassment,Animal,2019/20,1
4078,Street,5 pm to 8 pm,Summer,No Leash,Harassment,Animal,bef 30 Jun 2018,1
4079,Street,5 pm to 8 pm,Summer,No Leash,Harassment,Human,2019/20,1
4080,Street,5 pm to 8 pm,Summer,No Leash,Harassment,Unknown,2019/20,1
4081,Street,5 pm to 8 pm,Summer,No Leash,Harassment,Unknown,2021/22,2
4082,Street,5 pm to 8 pm,Summer,On a Leash,Attack,Animal,2021/22,2
4083,Street,5 pm to 8 pm,Summer,On a Leash,Attack,Human,2022/23,1
4084,Street,5 pm to 8 pm,Summer,Unknown,Attack,Animal,2018/19,1
4085,Street,5 pm to 8 pm,Summer,Unknown,Attack,Animal,2020/21,1
4086,Street,5 pm to 8 pm,Summer,Unknown,Attack,Animal,2023/24,1
4087,Street,5 pm to 8 pm,Summer,Unknown,Attack,Human,2023/24,2
4088,Street,5 pm to 8 pm,Summer,Unknown,Attack,Unknown,2020/21,1
4089,Street,5 pm to 8 pm,Summer,Unknown,Harassment,Animal,2021/22,1
4090,Street,5 pm to 8 pm,Summer,Unknown,Harassment,Animal,2022/23,1
4091,Street,5 pm to 8 pm,Summer,Unknown,Harassment,Animal,2023/24,1
4092,Street,5 pm to 8 pm,Winter,No Leash,Attack,Animal,2018/19,2
4093,Street,5 pm to 8 pm,Winter,No Leash,Attack,Animal,2019/20,2
4094,Street,5 pm to 8 pm,Winter,No Leash,Attack,Animal,2022/23,2
4095,Street,5 pm to 8 pm,Winter,No Leash,Attack,Animal,2023/24,3
4096,Street,5 pm to 8 pm,Winter,No Leash,Attack,Both,2023/24,1
4097,Street,5 pm to 8 pm,Winter,No Leash,Attack,Human,2019/20,2
4098,Street,5 pm to 8 pm,Winter,No Leash,Attack,Human,2020/21,1
4099,Street,5 pm to 8 pm,Winter,No Leash,Attack,Unknown,2020/21,1
4100,Street,5 pm to 8 pm,Winter,No Leash,Harassment,Animal,2022/23,1
4101,Street,5 pm to 8 pm,Winter,No Leash,Harassment,Animal,2023/24,1
4102,Street,5 pm to 8 pm,Winter,No Leash,Harassment,Human,2019/20,2
4103,Street,5 pm to 8 pm,Winter,No Leash,Harassment,Human,2020/21,1
4104,Street,5 pm to 8 pm,Winter,No Leash,Harassment,Unknown,2019/20,1
4105,Street,5 pm to 8 pm,Winter,On a Leash,Attack,Animal,2019/20,1
4106,Street,5 pm to 8 pm,Winter,On a Leash,Attack,Human,2020/21,1
4107,Street,5 pm to 8 pm,Winter,Unknown,Attack,Animal,2022/23,1
4108,Street,5 pm to 8 pm,Winter,Unknown,Attack,Both,2023/24,1
4109,Street,5 pm to 8 pm,Winter,Unknown,Attack,Human,2023/24,1
4110,Street,5 pm to 8 pm,Winter,Unknown,Attack,Unknown,2018/19,1
4111,Street,5 pm to 8 pm,Winter,Unknown,Attack,Unknown,2019/20,1
4112,Street,5 pm to 8 pm,Winter,Unknown,Attack,Unknown,2022/23,1
4113,Street,5 pm to 8 pm,Winter,Unknown,Harassment,Human,2019/20,1
4114,Street,5 pm to 8 pm,Winter,Unknown,Harassment,Unknown,2018/19,1
4115,Street,5 pm to 8 pm,Winter,Unknown,Harassment,Unknown,2019/20,2
4116,Street,6 am to 9 am,Autumn,No Leash,Attack,Animal,2020/21,1
4117,Street,6 am to 9 am,Autumn,No Leash,Attack,Animal,2022/23,2
4118,Street,6 am to 9 am,Autumn,No Leash,Attack,Animal,2023/24,2
4119,Street,6 am to 9 am,Autumn,No Leash,Attack,Human,2020/21,1
4120,Street,6 am to 9 am,Autumn,No Leash,Attack,Human,2023/24,1
4121,Street,6 am to 9 am,Autumn,No Leash,Attack,Unknown,2018/19,1
4122,Street,6 am to 9 am,Autumn,No Leash,Attack,Unknown,2020/21,1
4123,Street,6 am to 9 am,Autumn,No Leash,Attack,Unknown,2021/22,2
4124,Street,6 am to 9 am,Autumn,No Leash,Harassment,Human,2018/19,2
4125,Street,6 am to 9 am,Autumn,No Leash,Harassment,Human,2020/21,2
4126,Street,6 am to 9 am,Autumn,No Leash,Harassment,Human,2021/22,2
4127,Street,6 am to 9 am,Autumn,No Leash,Harassment,Human,2022/23,1
4128,Street,6 am to 9 am,Autumn,No Leash,Harassment,Unknown,2022/23,1
4129,Street,6 am to 9 am,Autumn,On a Leash,Attack,Animal,2019/20,1
4130,Street,6 am to 9 am,Autumn,On a Leash,Attack,Animal,2020/21,1
4131,Street,6 am to 9 am,Autumn,On a Leash,Attack,Animal,2022/23,2
4132,Street,6 am to 9 am,Autumn,On a Leash,Harassment,Animal,2023/24,1
4133,Street,6 am to 9 am,Autumn,Unknown,Attack,Animal,2020/21,1
4134,Street,6 am to 9 am,Autumn,Unknown,Attack,Unknown,2021/22,1
4135,Street,6 am to 9 am,Spring,No Leash,Attack,Animal,2019/20,2
4136,Street,6 am to 9 am,Spring,No Leash,Attack,Animal,2021/22,3
4137,Street,6 am to 9 am,Spring,No Leash,Attack,Animal,2022/23,1
4138,Street,6 am to 9 am,Spring,No Leash,Attack,Human,2019/20,1
4139,Street,6 am to 9 am,Spring,No Leash,Attack,Unknown,2019/20,2
4140,Street,6 am to 9 am,Spring,No Leash,Harassment,Animal,2018/19,1
4141,Street,6 am to 9 am,Spring,No Leash,Harassment,Animal,2021/22,1
4142,Street,6 am to 9 am,Spring,No Leash,Harassment,Animal,2022/23,1
4143,Street,6 am to 9 am,Spring,No Leash,Harassment,Animal,2023/24,1
4144,Street,6 am to 9 am,Spring,No Leash,Harassment,Human,2021/22,1
4145,Street,6 am to 9 am,Spring,No Leash,Harassment,Human,2022/23,1
4146,Street,6 am to 9 am,Spring,No Leash,Harassment,Unknown,2019/20,1
4147,Street,6 am to 9 am,Spring,No Leash,Harassment,Unknown,2020/21,1
4148,Street,6 am to 9 am,Spring,No Leash,Harassment,Unknown,2021/22,1
4149,Street,6 am to 9 am,Spring,Unknown,Attack,Unknown,2022/23,1
4150,Street,6 am to 9 am,Spring,Unknown,Harassment,Human,2018/19,1
4151,Street,6 am to 9 am,Spring,Unknown,Harassment,Human,2019/20,1
4152,Street,6 am to 9 am,Spring,Unknown,Harassment,Unknown,2022/23,1
4153,Street,6 am to 9 am,Summer,No Leash,Attack,Animal,2018/19,4
4154,Street,6 am to 9 am,Summer,No Leash,Attack,Animal,2020/21,1
4155,Street,6 am to 9 am,Summer,No Leash,Attack,Animal,2021/22,3
4156,Street,6 am to 9 am,Summer,No Leash,Attack,Animal,2022/23,1
4157,Street,6 am to 9 am,Summer,No Leash,Attack,Animal,2023/24,1
4158,Street,6 am to 9 am,Summer,No Leash,Attack,Both,2022/23,1
4159,Street,6 am to 9 am,Summer,No Leash,Attack,Human,2018/19,1
4160,Street,6 am to 9 am,Summer,No Leash,Attack,Human,2022/23,3
4161,Street,6 am to 9 am,Summer,No Leash,Attack,Human,2023/24,1
4162,Street,6 am to 9 am,Summer,No Leash,Attack,Unknown,2019/20,2
4163,Street,6 am to 9 am,Summer,No Leash,Attack,Unknown,2020/21,1
4164,Street,6 am to 9 am,Summer,No Leash,Attack,Unknown,2021/22,1
4165,Street,6 am to 9 am,Summer,No Leash,Attack,Unknown,2023/24,2
4166,Street,6 am to 9 am,Summer,No Leash,Harassment,Animal,2018/19,1
4167,Street,6 am to 9 am,Summer,No Leash,Harassment,Animal,2022/23,1
4168,Street,6 am to 9 am,Summer,No Leash,Harassment,Human,2023/24,1
4169,Street,6 am to 9 am,Summer,No Leash,Harassment,Unknown,2023/24,1
4170,Street,6 am to 9 am,Summer,Unknown,Attack,Animal,2018/19,1
4171,Street,6 am to 9 am,Summer,Unknown,Attack,Animal,2023/24,1
4172,Street,6 am to 9 am,Summer,Unknown,Attack,Animal,bef 30 Jun 2018,1
4173,Street,6 am to 9 am,Summer,Unknown,Attack,Human,2018/19,1
4174,Street,6 am to 9 am,Summer,Unknown,Attack,Unknown,2023/24,1
4175,Street,6 am to 9 am,Summer,Unknown,Harassment,Human,2020/21,1
4176,Street,6 am to 9 am,Summer,Unknown,Harassment,Unknown,2023/24,3
4177,Street,6 am to 9 am,Winter,No Leash,Attack,Animal,2019/20,1
4178,Street,6 am to 9 am,Winter,No Leash,Attack,Animal,2020/21,1
4179,Street,6 am to 9 am,Winter,No Leash,Attack,Animal,2021/22,2
4180,Street,6 am to 9 am,Winter,No Leash,Attack,Animal,2023/24,1
4181,Street,6 am to 9 am,Winter,No Leash,Attack,Human,2020/21,1
4182,Street,6 am to 9 am,Winter,No Leash,Attack,Human,2023/24,1
4183,Street,6 am to 9 am,Winter,No Leash,Harassment,Animal,2019/20,1
4184,Street,6 am to 9 am,Winter,No Leash,Harassment,Animal,2020/21,1
4185,Street,6 am to 9 am,Winter,No Leash,Harassment,Animal,2022/23,1
4186,Street,6 am to 9 am,Winter,No Leash,Harassment,Human,2018/19,1
4187,Street,6 am to 9 am,Winter,No Leash,Harassment,Human,2023/24,1
4188,Street,6 am to 9 am,Winter,No Leash,Harassment,Unknown,2021/22,2
4189,Street,6 am to 9 am,Winter,On a Leash,Attack,Human,2023/24,1
4190,Street,6 am to 9 am,Winter,On a Leash,Harassment,Animal,2022/23,1
4191,Street,6 am to 9 am,Winter,Unknown,Attack,Animal,2018/19,2
4192,Street,6 am to 9 am,Winter,Unknown,Attack,Animal,2019/20,1
4193,Street,6 am to 9 am,Winter,Unknown,Attack,Animal,2022/23,1
4194,Street,6 am to 9 am,Winter,Unknown,Harassment,Unknown,2023/24,1
4195,Street,8 pm to 10 pm,Autumn,No Leash,Attack,Animal,2018/19,1
4196,Street,8 pm to 10 pm,Autumn,No Leash,Attack,Animal,2023/24,1
4197,Street,8 pm to 10 pm,Autumn,No Leash,Harassment,Human,2019/20,1
4198,Street,8 pm to 10 pm,Autumn,No Leash,Harassment,Human,2021/22,2
4199,Street,8 pm to 10 pm,Autumn,Unknown,Attack,Animal,2020/21,1
4200,Street,8 pm to 10 pm,Autumn,Unknown,Attack,Both,2021/22,1
4201,Street,8 pm to 10 pm,Spring,No Leash,Attack,Animal,2018/19,1
4202,Street,8 pm to 10 pm,Spring,No Leash,Attack,Animal,2020/21,1
4203,Street,8 pm to 10 pm,Spring,No Leash,Attack,Animal,2021/22,1
4204,Street,8 pm to 10 pm,Spring,No Leash,Attack,Human,2020/21,1
4205,Street,8 pm to 10 pm,Spring,No Leash,Attack,Human,2023/24,1
4206,Street,8 pm to 10 pm,Spring,No Leash,Attack,Unknown,2022/23,1
4207,Street,8 pm to 10 pm,Spring,No Leash,Harassment,Animal,2023/24,1
4208,Street,8 pm to 10 pm,Spring,No Leash,Harassment,Human,2020/21,1
4209,Street,8 pm to 10 pm,Spring,No Leash,Harassment,Human,2021/22,1
4210,Street,8 pm to 10 pm,Spring,Unknown,Harassment,Human,2019/20,1
4211,Street,8 pm to 10 pm,Spring,Unknown,Harassment,Unknown,2021/22,1
4212,Street,8 pm to 10 pm,Summer,No Leash,Attack,Animal,2020/21,3
4213,Street,8 pm to 10 pm,Summer,No Leash,Attack,Animal,2021/22,1
4214,Street,8 pm to 10 pm,Summer,No Leash,Attack,Animal,2022/23,2
4215,Street,8 pm to 10 pm,Summer,No Leash,Attack,Human,2023/24,1
4216,Street,8 pm to 10 pm,Summer,No Leash,Attack,Unknown,2019/20,1
4217,Street,8 pm to 10 pm,Summer,No Leash,Attack,Unknown,2020/21,1
4218,Street,8 pm to 10 pm,Summer,No Leash,Attack,Unknown,2021/22,1
4219,Street,8 pm to 10 pm,Summer,No Leash,Harassment,Unknown,2020/21,1
4220,Street,8 pm to 10 pm,Summer,On a Leash,Attack,Animal,2021/22,1
4221,Street,8 pm to 10 pm,Summer,On a Leash,Attack,Unknown,bef 30 Jun 2018,1
4222,Street,8 pm to 10 pm,Summer,Unknown,Attack,Animal,2021/22,1
4223,Street,8 pm to 10 pm,Summer,Unknown,Attack,Human,2020/21,1
4224,Street,8 pm to 10 pm,Summer,Unknown,Harassment,Animal,2018/19,1
4225,Street,8 pm to 10 pm,Summer,Unknown,Harassment,Unknown,2019/20,1
4226,Street,8 pm to 10 pm,Summer,Unknown,Harassment,Unknown,2023/24,1
4227,Street,8 pm to 10 pm,Winter,No Leash,Attack,Unknown,2021/22,1
4228,Street,8 pm to 10 pm,Winter,No Leash,Harassment,Human,2019/20,2
4229,Street,8 pm to 10 pm,Winter,No Leash,Harassment,Unknown,2022/23,1
4230,Street,8 pm to 10 pm,Winter,Unknown,Attack,Unknown,2023/24,1
4231,Street,9 am to Noon,Autumn,No Leash,Attack,Animal,2018/19,2
4232,Street,9 am to Noon,Autumn,No Leash,Attack,Animal,2019/20,2
4233,Street,9 am to Noon,Autumn,No Leash,Attack,Animal,2021/22,6
4234,Street,9 am to Noon,Autumn,No Leash,Attack,Animal,2023/24,1
4235,Street,9 am to Noon,Autumn,No Leash,Attack,Both,2019/20,1
4236,Street,9 am to Noon,Autumn,No Leash,Attack,Both,2023/24,2
4237,Street,9 am to Noon,Autumn,No Leash,Attack,Human,2020/21,2
4238,Street,9 am to Noon,Autumn,No Leash,Attack,Human,2021/22,2
4239,Street,9 am to Noon,Autumn,No Leash,Attack,Human,2022/23,1
4240,Street,9 am to Noon,Autumn,No Leash,Attack,Unknown,2018/19,1
4241,Street,9 am to Noon,Autumn,No Leash,Attack,Unknown,2019/20,3
4242,Street,9 am to Noon,Autumn,No Leash,Attack,Unknown,2020/21,1
4243,Street,9 am to Noon,Autumn,No Leash,Attack,Unknown,2021/22,2
4244,Street,9 am to Noon,Autumn,No Leash,Attack,Unknown,2023/24,1
4245,Street,9 am to Noon,Autumn,No Leash,Attack,Unknown,bef 30 Jun 2018,1
4246,Street,9 am to Noon,Autumn,No Leash,Harassment,Animal,2018/19,1
4247,Street,9 am to Noon,Autumn,No Leash,Harassment,Human,2018/19,4
4248,Street,9 am to Noon,Autumn,No Leash,Harassment,Human,2019/20,2
4249,Street,9 am to Noon,Autumn,No Leash,Harassment,Human,2020/21,1
4250,Street,9 am to Noon,Autumn,No Leash,Harassment,Human,2021/22,2
4251,Street,9 am to Noon,Autumn,No Leash,Harassment,Unknown,2019/20,1
4252,Street,9 am to Noon,Autumn,No Leash,Harassment,Unknown,2021/22,3
4253,Street,9 am to Noon,Autumn,On a Leash,Attack,Human,2023/24,1
4254,Street,9 am to Noon,Autumn,On a Leash,Attack,Unknown,2020/21,1
4255,Street,9 am to Noon,Autumn,On a Leash,Attack,Unknown,2022/23,1
4256,Street,9 am to Noon,Autumn,On a Leash,Harassment,Animal,2019/20,1
4257,Street,9 am to Noon,Autumn,Unknown,Attack,Animal,2023/24,1
4258,Street,9 am to Noon,Autumn,Unknown,Attack,Human,2019/20,1
4259,Street,9 am to Noon,Autumn,Unknown,Attack,Human,2020/21,1
4260,Street,9 am to Noon,Autumn,Unknown,Attack,Unknown,2021/22,2
4261,Street,9 am to Noon,Autumn,Unknown,Attack,Unknown,2023/24,1
4262,Street,9 am to Noon,Autumn,Unknown,Harassment,Unknown,2022/23,1
4263,Street,9 am to Noon,Spring,No Leash,Attack,Animal,2018/19,3
4264,Street,9 am to Noon,Spring,No Leash,Attack,Animal,2020/21,1
4265,Street,9 am to Noon,Spring,No Leash,Attack,Animal,2021/22,3
4266,Street,9 am to Noon,Spring,No Leash,Attack,Animal,2022/23,2
4267,Street,9 am to Noon,Spring,No Leash,Attack,Animal,2023/24,3
4268,Street,9 am to Noon,Spring,No Leash,Attack,Both,2020/21,1
4269,Street,9 am to Noon,Spring,No Leash,Attack,Human,2019/20,4
4270,Street,9 am to Noon,Spring,No Leash,Attack,Human,2020/21,2
4271,Street,9 am to Noon,Spring,No Leash,Attack,Human,2021/22,2
4272,Street,9 am to Noon,Spring,No Leash,Attack,Unknown,2022/23,2
4273,Street,9 am to Noon,Spring,No Leash,Harassment,Animal,2018/19,2
4274,Street,9 am to Noon,Spring,No Leash,Harassment,Animal,2019/20,1
4275,Street,9 am to Noon,Spring,No Leash,Harassment,Animal,2022/23,2
4276,Street,9 am to Noon,Spring,No Leash,Harassment,Animal,2023/24,1
4277,Street,9 am to Noon,Spring,No Leash,Harassment,Human,2018/19,1
4278,Street,9 am to Noon,Spring,No Leash,Harassment,Human,2019/20,2
4279,Street,9 am to Noon,Spring,No Leash,Harassment,Human,2020/21,2
4280,Street,9 am to Noon,Spring,No Leash,Harassment,Human,2021/22,2
4281,Street,9 am to Noon,Spring,No Leash,Harassment,Human,2022/23,2
4282,Street,9 am to Noon,Spring,No Leash,Harassment,Human,2023/24,1
4283,Street,9 am to Noon,Spring,No Leash,Harassment,Human,bef 30 Jun 2018,1
4284,Street,9 am to Noon,Spring,On a Leash,Attack,Animal,2021/22,1
4285,Street,9 am to Noon,Spring,On a Leash,Attack,Human,2020/21,1
4286,Street,9 am to Noon,Spring,On a Leash,Attack,Human,2023/24,1
4287,Street,9 am to Noon,Spring,On a Leash,Harassment,Human,2021/22,1
4288,Street,9 am to Noon,Spring,Unknown,Attack,Animal,2020/21,2
4289,Street,9 am to Noon,Spring,Unknown,Attack,Animal,2022/23,1
4290,Street,9 am to Noon,Spring,Unknown,Attack,Human,2022/23,1
4291,Street,9 am to Noon,Spring,Unknown,Attack,Unknown,2018/19,1
4292,Street,9 am to Noon,Spring,Unknown,Attack,Unknown,2020/21,1
4293,Street,9 am to Noon,Spring,Unknown,Attack,Unknown,2022/23,1
4294,Street,9 am to Noon,Spring,Unknown,Attack,Unknown,2023/24,2
4295,Street,9 am to Noon,Spring,Unknown,Attack,Unknown,bef 30 Jun 2018,1
4296,Street,9 am to Noon,Spring,Unknown,Harassment,Human,2018/19,1
4297,Street,9 am to Noon,Spring,Unknown,Harassment,Human,2020/21,1
4298,Street,9 am to Noon,Spring,Unknown,Harassment,Human,2022/23,2
4299,Street,9 am to Noon,Spring,Unknown,Harassment,Unknown,2019/20,1
4300,Street,9 am to Noon,Summer,No Leash,Attack,Animal,2018/19,1
4301,Street,9 am to Noon,Summer,No Leash,Attack,Animal,2019/20,3
4302,Street,9 am to Noon,Summer,No Leash,Attack,Animal,2020/21,4
4303,Street,9 am to Noon,Summer,No Leash,Attack,Animal,2021/22,2
4304,Street,9 am to Noon,Summer,No Leash,Attack,Animal,2023/24,2
4305,Street,9 am to Noon,Summer,No Leash,Attack,Both,2018/19,1
4306,Street,9 am to Noon,Summer,No Leash,Attack,Both,2020/21,1
4307,Street,9 am to Noon,Summer,No Leash,Attack,Human,2020/21,2
4308,Street,9 am to Noon,Summer,No Leash,Attack,Human,2021/22,1
4309,Street,9 am to Noon,Summer,No Leash,Attack,Human,2022/23,3
4310,Street,9 am to Noon,Summer,No Leash,Attack,Human,2023/24,1
4311,Street,9 am to Noon,Summer,No Leash,Attack,Unknown,2021/22,2
4312,Street,9 am to Noon,Summer,No Leash,Harassment,Animal,2018/19,2
4313,Street,9 am to Noon,Summer,No Leash,Harassment,Animal,2021/22,1
4314,Street,9 am to Noon,Summer,No Leash,Harassment,Animal,2022/23,1
4315,Street,9 am to Noon,Summer,No Leash,Harassment,Human,2018/19,1
4316,Street,9 am to Noon,Summer,No Leash,Harassment,Human,2022/23,1
4317,Street,9 am to Noon,Summer,No Leash,Harassment,Unknown,2018/19,1
4318,Street,9 am to Noon,Summer,No Leash,Harassment,Unknown,2019/20,1
4319,Street,9 am to Noon,Summer,No Leash,Harassment,Unknown,2023/24,1
4320,Street,9 am to Noon,Summer,Unknown,Attack,Animal,2018/19,3
4321,Street,9 am to Noon,Summer,Unknown,Attack,Animal,2020/21,1
4322,Street,9 am to Noon,Summer,Unknown,Attack,Animal,2021/22,1
4323,Street,9 am to Noon,Summer,Unknown,Attack,Animal,2022/23,1
4324,Street,9 am to Noon,Summer,Unknown,Attack,Both,2022/23,1
4325,Street,9 am to Noon,Summer,Unknown,Attack,Human,2018/19,2
4326,Street,9 am to Noon,Summer,Unknown,Attack,Human,2019/20,1
4327,Street,9 am to Noon,Summer,Unknown,Attack,Human,2022/23,2
4328,Street,9 am to Noon,Summer,Unknown,Attack,Human,2023/24,1
4329,Street,9 am to Noon,Summer,Unknown,Attack,Unknown,2018/19,1
4330,Street,9 am to Noon,Summer,Unknown,Attack,Unknown,2020/21,1
4331,Street,9 am to Noon,Summer,Unknown,Attack,Unknown,2023/24,1
4332,Street,9 am to Noon,Summer,Unknown,Harassment,Animal,2022/23,1
4333,Street,9 am to Noon,Summer,Unknown,Harassment,Animal,2023/24,1
4334,Street,9 am to Noon,Summer,Unknown,Harassment,Human,2018/19,2
4335,Street,9 am to Noon,Summer,Unknown,Harassment,Unknown,2018/19,1
4336,Street,9 am to Noon,Summer,Unknown,Harassment,Unknown,2020/21,1
4337,Street,9 am to Noon,Summer,Unknown,Harassment,Unknown,2022/23,1
4338,Street,9 am to Noon,Winter,No Leash,Attack,Animal,2018/19,1
4339,Street,9 am to Noon,Winter,No Leash,Attack,Animal,2019/20,1
4340,Street,9 am to Noon,Winter,No Leash,Attack,Animal,2020/21,4
4341,Street,9 am to Noon,Winter,No Leash,Attack,Animal,2021/22,1
4342,Street,9 am to Noon,Winter,No Leash,Attack,Animal,2022/23,4
4343,Street,9 am to Noon,Winter,No Leash,Attack,Animal,2023/24,2
4344,Street,9 am to Noon,Winter,No Leash,Attack,Both,2021/22,1
4345,Street,9 am to Noon,Winter,No Leash,Attack,Both,2023/24,1
4346,Street,9 am to Noon,Winter,No Leash,Attack,Human,2019/20,2
4347,Street,9 am to Noon,Winter,No Leash,Attack,Human,2020/21,2
4348,Street,9 am to Noon,Winter,No Leash,Attack,Human,2021/22,1
4349,Street,9 am to Noon,Winter,No Leash,Attack,Human,2022/23,1
4350,Street,9 am to Noon,Winter,No Leash,Attack,Human,2023/24,2
4351,Street,9 am to Noon,Winter,No Leash,Attack,Unknown,2019/20,1
4352,Street,9 am to Noon,Winter,No Leash,Attack,Unknown,2020/21,1
4353,Street,9 am to Noon,Winter,No Leash,Attack,Unknown,2021/22,1
4354,Street,9 am to Noon,Winter,No Leash,Attack,Unknown,2022/23,1
4355,Street,9 am to Noon,Winter,No Leash,Attack,Unknown,2023/24,1
4356,Street,9 am to Noon,Winter,No Leash,Harassment,Animal,2020/21,2
4357,Street,9 am to Noon,Winter,No Leash,Harassment,Animal,2021/22,1
4358,Street,9 am to Noon,Winter,No Leash,Harassment,Animal,2022/23,1
4359,Street,9 am to Noon,Winter,No Leash,Harassment,Human,2020/21,3
4360,Street,9 am to Noon,Winter,No Leash,Harassment,Human,2021/22,3
4361,Street,9 am to Noon,Winter,No Leash,Harassment,Unknown,2018/19,1
4362,Street,9 am to Noon,Winter,No Leash,Harassment,Unknown,2019/20,1
4363,Street,9 am to Noon,Winter,No Leash,Harassment,Unknown,2021/22,4
4364,Street,9 am to Noon,Winter,No Leash,Harassment,Unknown,2022/23,1
4365,Street,9 am to Noon,Winter,On a Leash,Attack,Both,2023/24,1
4366,Street,9 am to Noon,Winter,On a Leash,Harassment,Animal,2022/23,1
4367,Street,9 am to Noon,Winter,Unknown,Attack,Animal,2019/20,1
4368,Street,9 am to Noon,Winter,Unknown,Attack,Animal,2021/22,1
4369,Street,9 am to Noon,Winter,Unknown,Attack,Human,2018/19,1
4370,Street,9 am to Noon,Winter,Unknown,Attack,Human,2019/20,1
4371,Street,9 am to Noon,Winter,Unknown,Attack,Unknown,2019/20,1
4372,Street,9 am to Noon,Winter,Unknown,Attack,Unknown,2021/22,1
4373,Street,9 am to Noon,Winter,Unknown,Attack,Unknown,2022/23,1
4374,Street,9 am to Noon,Winter,Unknown,Attack,Unknown,2023/24,3
4375,Street,9 am to Noon,Winter,Unknown,Harassment,Human,2022/23,2
4376,Street,9 am to Noon,Winter,Unknown,Harassment,Unknown,2019/20,1
4377,Street,Noon to 5 pm,Autumn,No Leash,Attack,Animal,2018/19,2
4378,Street,Noon to 5 pm,Autumn,No Leash,Attack,Animal,2019/20,1
4379,Street,Noon to 5 pm,Autumn,No Leash,Attack,Animal,2020/21,3
4380,Street,Noon to 5 pm,Autumn,No Leash,Attack,Animal,2022/23,3
4381,Street,Noon to 5 pm,Autumn,No Leash,Attack,Animal,2023/24,2
4382,Street,Noon to 5 pm,Autumn,No Leash,Attack,Both,2020/21,1
4383,Street,Noon to 5 pm,Autumn,No Leash,Attack,Both,2021/22,1
4384,Street,Noon to 5 pm,Autumn,No Leash,Attack,Both,2022/23,1
4385,Street,Noon to 5 pm,Autumn,No Leash,Attack,Human,2019/20,1
4386,Street,Noon to 5 pm,Autumn,No Leash,Attack,Human,2020/21,3
4387,Street,Noon to 5 pm,Autumn,No Leash,Attack,Human,2021/22,1
4388,Street,Noon to 5 pm,Autumn,No Leash,Attack,Human,2022/23,1
4389,Street,Noon to 5 pm,Autumn,No Leash,Attack,Unknown,2018/19,1
4390,Street,Noon to 5 pm,Autumn,No Leash,Attack,Unknown,2019/20,1
4391,Street,Noon to 5 pm,Autumn,No Leash,Attack,Unknown,2021/22,1
4392,Street,Noon to 5 pm,Autumn,No Leash,Attack,Unknown,2022/23,1
4393,Street,Noon to 5 pm,Autumn,No Leash,Harassment,Animal,2019/20,3
4394,Street,Noon to 5 pm,Autumn,No Leash,Harassment,Human,2018/19,1
4395,Street,Noon to 5 pm,Autumn,No Leash,Harassment,Human,2019/20,6
4396,Street,Noon to 5 pm,Autumn,No Leash,Harassment,Human,2020/21,2
4397,Street,Noon to 5 pm,Autumn,No Leash,Harassment,Human,2021/22,3
4398,Street,Noon to 5 pm,Autumn,No Leash,Harassment,Human,2023/24,1
4399,Street,Noon to 5 pm,Autumn,No Leash,Harassment,Unknown,2018/19,1
4400,Street,Noon to 5 pm,Autumn,No Leash,Harassment,Unknown,2019/20,3
4401,Street,Noon to 5 pm,Autumn,No Leash,Harassment,Unknown,2020/21,2
4402,Street,Noon to 5 pm,Autumn,No Leash,Harassment,Unknown,2021/22,1
4403,Street,Noon to 5 pm,Autumn,No Leash,Harassment,Unknown,2023/24,1
4404,Street,Noon to 5 pm,Autumn,No Leash,Harassment,Unknown,bef 30 Jun 2018,1
4405,Street,Noon to 5 pm,Autumn,On a Leash,Attack,Animal,2018/19,1
4406,Street,Noon to 5 pm,Autumn,On a Leash,Attack,Animal,2022/23,1
4407,Street,Noon to 5 pm,Autumn,On a Leash,Attack,Human,2018/19,1
4408,Street,Noon to 5 pm,Autumn,On a Leash,Attack,Unknown,2019/20,1
4409,Street,Noon to 5 pm,Autumn,On a Leash,Harassment,Animal,2021/22,1
4410,Street,Noon to 5 pm,Autumn,On a Leash,Harassment,Animal,2023/24,1
4411,Street,Noon to 5 pm,Autumn,On a Leash,Harassment,Human,2019/20,1
4412,Street,Noon to 5 pm,Autumn,Unknown,Attack,Animal,2021/22,1
4413,Street,Noon to 5 pm,Autumn,Unknown,Attack,Animal,2022/23,1
4414,Street,Noon to 5 pm,Autumn,Unknown,Attack,Animal,2023/24,1
4415,Street,Noon to 5 pm,Autumn,Unknown,Attack,Human,2019/20,1
4416,Street,Noon to 5 pm,Autumn,Unknown,Attack,Human,2022/23,1
4417,Street,Noon to 5 pm,Autumn,Unknown,Attack,Unknown,2018/19,1
4418,Street,Noon to 5 pm,Autumn,Unknown,Attack,Unknown,2021/22,1
4419,Street,Noon to 5 pm,Autumn,Unknown,Harassment,Animal,2019/20,1
4420,Street,Noon to 5 pm,Autumn,Unknown,Harassment,Human,2020/21,1
4421,Street,Noon to 5 pm,Autumn,Unknown,Harassment,Human,2021/22,1
4422,Street,Noon to 5 pm,Autumn,Unknown,Harassment,Human,2023/24,1
4423,Street,Noon to 5 pm,Autumn,Unknown,Harassment,Unknown,2020/21,2
4424,Street,Noon to 5 pm,Autumn,Unknown,Harassment,Unknown,2021/22,1
4425,Street,Noon to 5 pm,Autumn,Unknown,Harassment,Unknown,2022/23,1
4426,Street,Noon to 5 pm,Spring,No Leash,Attack,Animal,2018/19,4
4427,Street,Noon to 5 pm,Spring,No Leash,Attack,Animal,2019/20,3
4428,Street,Noon to 5 pm,Spring,No Leash,Attack,Animal,2021/22,1
4429,Street,Noon to 5 pm,Spring,No Leash,Attack,Animal,2022/23,2
4430,Street,Noon to 5 pm,Spring,No Leash,Attack,Animal,2023/24,1
4431,Street,Noon to 5 pm,Spring,No Leash,Attack,Human,2018/19,2
4432,Street,Noon to 5 pm,Spring,No Leash,Attack,Human,2019/20,1
4433,Street,Noon to 5 pm,Spring,No Leash,Attack,Human,2020/21,2
4434,Street,Noon to 5 pm,Spring,No Leash,Attack,Human,2021/22,1
4435,Street,Noon to 5 pm,Spring,No Leash,Attack,Human,2023/24,1
4436,Street,Noon to 5 pm,Spring,No Leash,Attack,Unknown,2019/20,1
4437,Street,Noon to 5 pm,Spring,No Leash,Attack,Unknown,2020/21,1
4438,Street,Noon to 5 pm,Spring,No Leash,Attack,Unknown,2021/22,3
4439,Street,Noon to 5 pm,Spring,No Leash,Attack,Unknown,2022/23,1
4440,Street,Noon to 5 pm,Spring,No Leash,Attack,Unknown,2023/24,2
4441,Street,Noon to 5 pm,Spring,No Leash,Harassment,Animal,2019/20,2
4442,Street,Noon to 5 pm,Spring,No Leash,Harassment,Animal,2022/23,1
4443,Street,Noon to 5 pm,Spring,No Leash,Harassment,Animal,2023/24,1
4444,Street,Noon to 5 pm,Spring,No Leash,Harassment,Human,2018/19,2
4445,Street,Noon to 5 pm,Spring,No Leash,Harassment,Human,2019/20,4
4446,Street,Noon to 5 pm,Spring,No Leash,Harassment,Human,2020/21,2
4447,Street,Noon to 5 pm,Spring,No Leash,Harassment,Human,2021/22,3
4448,Street,Noon to 5 pm,Spring,No Leash,Harassment,Human,2022/23,2
4449,Street,Noon to 5 pm,Spring,No Leash,Harassment,Human,2023/24,2
4450,Street,Noon to 5 pm,Spring,On a Leash,Attack,Animal,2019/20,1
4451,Street,Noon to 5 pm,Spring,On a Leash,Attack,Animal,2020/21,1
4452,Street,Noon to 5 pm,Spring,On a Leash,Attack,Animal,2022/23,1
4453,Street,Noon to 5 pm,Spring,On a Leash,Attack,Animal,2023/24,1
4454,Street,Noon to 5 pm,Spring,On a Leash,Attack,Human,2019/20,2
4455,Street,Noon to 5 pm,Spring,On a Leash,Attack,Unknown,bef 30 Jun 2018,1
4456,Street,Noon to 5 pm,Spring,On a Leash,Harassment,Animal,2021/22,1
4457,Street,Noon to 5 pm,Spring,Unknown,Attack,Animal,2019/20,1
4458,Street,Noon to 5 pm,Spring,Unknown,Attack,Animal,2022/23,2
4459,Street,Noon to 5 pm,Spring,Unknown,Attack,Animal,2023/24,1
4460,Street,Noon to 5 pm,Spring,Unknown,Attack,Animal,bef 30 Jun 2018,1
4461,Street,Noon to 5 pm,Spring,Unknown,Attack,Unknown,2019/20,1
4462,Street,Noon to 5 pm,Spring,Unknown,Attack,Unknown,2021/22,1
4463,Street,Noon to 5 pm,Spring,Unknown,Attack,Unknown,2022/23,1
4464,Street,Noon to 5 pm,Spring,Unknown,Harassment,Human,2021/22,3
4465,Street,Noon to 5 pm,Spring,Unknown,Harassment,Human,2022/23,1
4466,Street,Noon to 5 pm,Spring,Unknown,Harassment,Unknown,2022/23,1
4467,Street,Noon to 5 pm,Summer,No Leash,Attack,Animal,2020/21,2
4468,Street,Noon to 5 pm,Summer,No Leash,Attack,Animal,2022/23,1
4469,Street,Noon to 5 pm,Summer,No Leash,Attack,Human,2019/20,1
4470,Street,Noon to 5 pm,Summer,No Leash,Attack,Human,2020/21,2
4471,Street,Noon to 5 pm,Summer,No Leash,Attack,Human,2021/22,2
4472,Street,Noon to 5 pm,Summer,No Leash,Attack,Human,2022/23,1
4473,Street,Noon to 5 pm,Summer,No Leash,Attack,Human,2023/24,2
4474,Street,Noon to 5 pm,Summer,No Leash,Attack,Unknown,2019/20,2
4475,Street,Noon to 5 pm,Summer,No Leash,Attack,Unknown,2021/22,1
4476,Street,Noon to 5 pm,Summer,No Leash,Harassment,Animal,2019/20,1
4477,Street,Noon to 5 pm,Summer,No Leash,Harassment,Animal,2020/21,1
4478,Street,Noon to 5 pm,Summer,No Leash,Harassment,Animal,2021/22,2
4479,Street,Noon to 5 pm,Summer,No Leash,Harassment,Human,2018/19,1
4480,Street,Noon to 5 pm,Summer,No Leash,Harassment,Human,2019/20,2
4481,Street,Noon to 5 pm,Summer,No Leash,Harassment,Human,2020/21,1
4482,Street,Noon to 5 pm,Summer,No Leash,Harassment,Human,2021/22,2
4483,Street,Noon to 5 pm,Summer,No Leash,Harassment,Human,2022/23,1
4484,Street,Noon to 5 pm,Summer,No Leash,Harassment,Human,2023/24,1
4485,Street,Noon to 5 pm,Summer,No Leash,Harassment,Unknown,2021/22,1
4486,Street,Noon to 5 pm,Summer,No Leash,Harassment,Unknown,2022/23,3
4487,Street,Noon to 5 pm,Summer,On a Leash,Attack,Human,2023/24,1
4488,Street,Noon to 5 pm,Summer,On a Leash,Attack,Unknown,2021/22,1
4489,Street,Noon to 5 pm,Summer,Unknown,Attack,Animal,2018/19,1
4490,Street,Noon to 5 pm,Summer,Unknown,Attack,Animal,2019/20,1
4491,Street,Noon to 5 pm,Summer,Unknown,Attack,Animal,2020/21,1
4492,Street,Noon to 5 pm,Summer,Unknown,Attack,Animal,2022/23,2
4493,Street,Noon to 5 pm,Summer,Unknown,Attack,Unknown,2020/21,1
4494,Street,Noon to 5 pm,Summer,Unknown,Attack,Unknown,2021/22,1
4495,Street,Noon to 5 pm,Summer,Unknown,Harassment,Human,2018/19,2
4496,Street,Noon to 5 pm,Summer,Unknown,Harassment,Human,2019/20,2
4497,Street,Noon to 5 pm,Summer,Unknown,Harassment,Human,2021/22,1
4498,Street,Noon to 5 pm,Summer,Unknown,Harassment,Unknown,2018/19,1
4499,Street,Noon to 5 pm,Winter,No Leash,Attack,Animal,2018/19,2
4500,Street,Noon to 5 pm,Winter,No Leash,Attack,Animal,2020/21,5
4501,Street,Noon to 5 pm,Winter,No Leash,Attack,Animal,2021/22,2
4502,Street,Noon to 5 pm,Winter,No Leash,Attack,Animal,2022/23,5
4503,Street,Noon to 5 pm,Winter,No Leash,Attack,Animal,2023/24,2
4504,Street,Noon to 5 pm,Winter,No Leash,Attack,Both,2022/23,1
4505,Street,Noon to 5 pm,Winter,No Leash,Attack,Human,2019/20,3
4506,Street,Noon to 5 pm,Winter,No Leash,Attack,Human,2020/21,5
4507,Street,Noon to 5 pm,Winter,No Leash,Attack,Human,2021/22,5
4508,Street,Noon to 5 pm,Winter,No Leash,Attack,Human,2022/23,5
4509,Street,Noon to 5 pm,Winter,No Leash,Attack,Human,2023/24,2
4510,Street,Noon to 5 pm,Winter,No Leash,Attack,Unknown,2019/20,1
4511,Street,Noon to 5 pm,Winter,No Leash,Attack,Unknown,2021/22,1
4512,Street,Noon to 5 pm,Winter,No Leash,Attack,Unknown,2022/23,2
4513,Street,Noon to 5 pm,Winter,No Leash,Attack,Unknown,2023/24,1
4514,Street,Noon to 5 pm,Winter,No Leash,Harassment,Animal,2018/19,1
4515,Street,Noon to 5 pm,Winter,No Leash,Harassment,Animal,2020/21,1
4516,Street,Noon to 5 pm,Winter,No Leash,Harassment,Animal,2021/22,2
4517,Street,Noon to 5 pm,Winter,No Leash,Harassment,Animal,2022/23,2
4518,Street,Noon to 5 pm,Winter,No Leash,Harassment,Animal,2023/24,1
4519,Street,Noon to 5 pm,Winter,No Leash,Harassment,Animal,bef 30 Jun 2018,1
4520,Street,Noon to 5 pm,Winter,No Leash,Harassment,Human,2018/19,2
4521,Street,Noon to 5 pm,Winter,No Leash,Harassment,Human,2019/20,5
4522,Street,Noon to 5 pm,Winter,No Leash,Harassment,Human,2020/21,4
4523,Street,Noon to 5 pm,Winter,No Leash,Harassment,Human,2021/22,6
4524,Street,Noon to 5 pm,Winter,No Leash,Harassment,Human,2022/23,1
4525,Street,Noon to 5 pm,Winter,No Leash,Harassment,Human,2023/24,1
4526,Street,Noon to 5 pm,Winter,No Leash,Harassment,Human,bef 30 Jun 2018,1
4527,Street,Noon to 5 pm,Winter,No Leash,Harassment,Unknown,2019/20,1
4528,Street,Noon to 5 pm,Winter,No Leash,Harassment,Unknown,2021/22,1
4529,Street,Noon to 5 pm,Winter,No Leash,Harassment,Unknown,2023/24,2
4530,Street,Noon to 5 pm,Winter,No Leash,Harassment,Unknown,bef 30 Jun 2018,1
4531,Street,Noon to 5 pm,Winter,On a Leash,Attack,Animal,2020/21,1
4532,Street,Noon to 5 pm,Winter,On a Leash,Attack,Animal,2023/24,1
4533,Street,Noon to 5 pm,Winter,On a Leash,Attack,Human,2018/19,1
4534,Street,Noon to 5 pm,Winter,On a Leash,Attack,Human,bef 30 Jun 2018,1
4535,Street,Noon to 5 pm,Winter,On a Leash,Harassment,Animal,2019/20,1
4536,Street,Noon to 5 pm,Winter,Unknown,Attack,Animal,2020/21,1
4537,Street,Noon to 5 pm,Winter,Unknown,Attack,Animal,2021/22,2
4538,Street,Noon to 5 pm,Winter,Unknown,Attack,Animal,2022/23,1
4539,Street,Noon to 5 pm,Winter,Unknown,Attack,Animal,bef 30 Jun 2018,1
4540,Street,Noon to 5 pm,Winter,Unknown,Attack,Human,2018/19,1
4541,Street,Noon to 5 pm,Winter,Unknown,Attack,Human,2020/21,1
4542,Street,Noon to 5 pm,Winter,Unknown,Attack,Unknown,2020/21,1
4543,Street,Noon to 5 pm,Winter,Unknown,Attack,Unknown,2021/22,2
4544,Street,Noon to 5 pm,Winter,Unknown,Attack,Unknown,2022/23,2
4545,Street,Noon to 5 pm,Winter,Unknown,Harassment,Human,2019/20,1
4546,Street,Noon to 5 pm,Winter,Unknown,Harassment,Human,2020/21,1
4547,Street,Noon to 5 pm,Winter,Unknown,Harassment,Human,bef 30 Jun 2018,1
4548,Street,Noon to 5 pm,Winter,Unknown,Harassment,Unknown,2021/22,1
4549,Street,Noon to 5 pm,Winter,Unknown,Harassment,Unknown,2023/24,1
4550,Street,Unknown,Autumn,No Leash,Attack,Animal,2021/22,1
4551,Street,Unknown,Autumn,No Leash,Attack,Animal,2023/24,1
4552,Street,Unknown,Autumn,No Leash,Attack,Animal,bef 30 Jun 2018,1
4553,Street,Unknown,Autumn,No Leash,Attack,Human,2020/21,1
4554,Street,Unknown,Autumn,No Leash,Harassment,Animal,2020/21,1
4555,Street,Unknown,Autumn,No Leash,Harassment,Unknown,bef 30 Jun 2018,1
4556,Street,Unknown,Autumn,On a Leash,Attack,Animal,bef 30 Jun 2018,1
4557,Street,Unknown,Autumn,Unknown,Attack,Unknown,2023/24,1
4558,Street,Unknown,Autumn,Unknown,Harassment,Unknown,2022/23,1
4559,Street,Unknown,Autumn,Unknown,Harassment,Unknown,2023/24,1
4560,Street,Unknown,Spring,No Leash,Attack,Animal,2019/20,1
4561,Street,Unknown,Spring,No Leash,Attack,Animal,2021/22,1
4562,Street,Unknown,Spring,No Leash,Attack,Animal,2023/24,1
4563,Street,Unknown,Spring,No Leash,Attack,Both,2021/22,1
4564,Street,Unknown,Spring,No Leash,Attack,Human,2018/19,2
4565,Street,Unknown,Spring,No Leash,Attack,Human,2020/21,2
4566,Street,Unknown,Spring,No Leash,Harassment,Animal,2022/23,1
4567,Street,Unknown,Spring,No Leash,Harassment,Human,2020/21,1
4568,Street,Unknown,Spring,No Leash,Harassment,Human,2022/23,1
4569,Street,Unknown,Spring,No Leash,Harassment,Unknown,2020/21,1
4570,Street,Unknown,Spring,No Leash,Harassment,Unknown,2023/24,1
4571,Street,Unknown,Spring,On a Leash,Attack,Animal,2020/21,1
4572,Street,Unknown,Spring,On a Leash,Attack,Human,2021/22,1
4573,Street,Unknown,Spring,Unknown,Attack,Animal,2018/19,1
4574,Street,Unknown,Spring,Unknown,Attack,Animal,2019/20,1
4575,Street,Unknown,Spring,Unknown,Attack,Human,2018/19,1
4576,Street,Unknown,Spring,Unknown,Attack,Human,2020/21,1
4577,Street,Unknown,Spring,Unknown,Harassment,Both,2022/23,1
4578,Street,Unknown,Spring,Unknown,Harassment,Human,2019/20,1
4579,Street,Unknown,Spring,Unknown,Harassment,Unknown,2022/23,1
4580,Street,Unknown,Summer,No Leash,Attack,Animal,2021/22,1
4581,Street,Unknown,Summer,No Leash,Attack,Animal,2022/23,1
4582,Street,Unknown,Summer,No Leash,Attack,Animal,bef 30 Jun 2018,1
4583,Street,Unknown,Summer,No Leash,Attack,Both,2021/22,1
4584,Street,Unknown,Summer,No Leash,Attack,Human,2018/19,2
4585,Street,Unknown,Summer,No Leash,Attack,Human,2019/20,1
4586,Street,Unknown,Summer,No Leash,Attack,Unknown,2019/20,2
4587,Street,Unknown,Summer,No Leash,Attack,Unknown,2022/23,2
4588,Street,Unknown,Summer,No Leash,Harassment,Animal,2020/21,1
4589,Street,Unknown,Summer,No Leash,Harassment,Human,2020/21,2
4590,Street,Unknown,Summer,No Leash,Harassment,Human,2022/23,2
4591,Street,Unknown,Summer,On a Leash,Attack,Animal,2018/19,1
4592,Street,Unknown,Summer,On a Leash,Attack,Human,2020/21,1
4593,Street,Unknown,Summer,Unknown,Attack,Animal,2018/19,1
4594,Street,Unknown,Summer,Unknown,Attack,Human,2018/19,2
4595,Street,Unknown,Summer,Unknown,Harassment,Human,2018/19,1
4596,Street,Unknown,Summer,Unknown,Harassment,Human,2019/20,1
4597,Street,Unknown,Summer,Unknown,Harassment,Human,2021/22,1
4598,Street,Unknown,Summer,Unknown,Harassment,Human,2022/23,1
4599,Street,Unknown,Summer,Unknown,Harassment,Unknown,2023/24,1
4600,Street,Unknown,Winter,No Leash,Attack,Animal,2019/20,1
4601,Street,Unknown,Winter,No Leash,Attack,Both,2023/24,1
4602,Street,Unknown,Winter,No Leash,Attack,Human,2021/22,1
4603,Street,Unknown,Winter,No Leash,Attack,Unknown,2019/20,1
4604,Street,Unknown,Winter,No Leash,Attack,Unknown,2020/21,1
4605,Street,Unknown,Winter,No Leash,Harassment,Human,2020/21,1
4606,Street,Unknown,Winter,No Leash,Harassment,Unknown,2022/23,1
4607,Street,Unknown,Winter,On a Leash,Attack,Human,2018/19,1
4608,Street,Unknown,Winter,Unknown,Attack,Animal,2019/20,1
4609,Street,Unknown,Winter,Unknown,Attack,Unknown,2018/19,1
4610,Street,Unknown,Winter,Unknown,Attack,Unknown,2021/22,1
4611,Street,Unknown,Winter,Unknown,Attack,Unknown,2022/23,1
4612,Street,Unknown,Winter,Unknown,Harassment,Unknown,2020/21,1
