_id,Council,AnimalSpecies,Gender,Reg_status,Microchipped,Desexed,Count
1,ADELAIDE CITY COUNCIL,Cat,Female,Registered,N,N,1
2,ADELAIDE CITY COUNCIL,Cat,Female,Registered,Y,N,37
3,ADELAIDE CITY COUNCIL,Cat,Female,Registered,Y,Y,306
4,ADELAIDE CITY COUNCIL,Cat,Female,Unregistered,Y,Y,5
5,ADELAIDE CITY COUNCIL,Cat,Male,Registered,N,N,3
6,ADELAIDE CITY COUNCIL,Cat,Male,Registered,N,Y,2
7,ADELAIDE CITY COUNCIL,Cat,Male,Registered,Y,N,36
8,ADELAIDE CITY COUNCIL,Cat,Male,Registered,Y,Y,297
9,ADELAIDE CITY COUNCIL,Cat,Male,Unregistered,Y,N,2
10,ADELAIDE CITY COUNCIL,Cat,Male,Unregistered,Y,Y,5
11,ADELAIDE CITY COUNCIL,Dog,Female,Registered,N,N,2
12,ADELAIDE CITY COUNCIL,Dog,Female,Registered,N,Y,4
13,ADELAIDE CITY COUNCIL,Dog,Female,Registered,Y,N,75
14,ADELAIDE CITY COUNCIL,Dog,Female,Registered,Y,Y,484
15,ADELAIDE CITY COUNCIL,Dog,Female,Unregistered,N,N,2
16,ADELAIDE CITY COUNCIL,Dog,Female,Unregistered,Y,N,12
17,ADELAIDE CITY COUNCIL,Dog,Female,Unregistered,Y,Y,12
18,ADELAIDE CITY COUNCIL,Dog,Male,Registered,N,N,2
19,ADELAIDE CITY COUNCIL,Dog,Male,Registered,N,Y,4
20,ADELAIDE CITY COUNCIL,Dog,Male,Registered,Y,N,96
21,ADELAIDE CITY COUNCIL,Dog,Male,Registered,Y,Y,544
22,ADELAIDE CITY COUNCIL,Dog,Male,Unregistered,N,N,7
23,ADELAIDE CITY COUNCIL,Dog,Male,Unregistered,Y,N,9
24,ADELAIDE CITY COUNCIL,Dog,Male,Unregistered,Y,Y,12
25,ADELAIDE HILLS COUNCIL,Cat,Female,Registered,N,N,2
26,ADELAIDE HILLS COUNCIL,Cat,Female,Registered,N,Y,1
27,ADELAIDE HILLS COUNCIL,Cat,Female,Registered,Y,N,22
28,ADELAIDE HILLS COUNCIL,Cat,Female,Registered,Y,Y,727
29,ADELAIDE HILLS COUNCIL,Cat,Female,Unregistered,N,N,2
30,ADELAIDE HILLS COUNCIL,Cat,Female,Unregistered,N,Y,3
31,ADELAIDE HILLS COUNCIL,Cat,Female,Unregistered,Y,N,14
32,ADELAIDE HILLS COUNCIL,Cat,Female,Unregistered,Y,Y,169
33,ADELAIDE HILLS COUNCIL,Cat,Male,Registered,N,N,1
34,ADELAIDE HILLS COUNCIL,Cat,Male,Registered,N,Y,1
35,ADELAIDE HILLS COUNCIL,Cat,Male,Registered,Y,N,10
36,ADELAIDE HILLS COUNCIL,Cat,Male,Registered,Y,Y,690
37,ADELAIDE HILLS COUNCIL,Cat,Male,Unregistered,N,N,2
38,ADELAIDE HILLS COUNCIL,Cat,Male,Unregistered,N,Y,3
39,ADELAIDE HILLS COUNCIL,Cat,Male,Unregistered,Y,N,18
40,ADELAIDE HILLS COUNCIL,Cat,Male,Unregistered,Y,Y,164
41,ADELAIDE HILLS COUNCIL,Dog,Female,Registered,N,N,30
42,ADELAIDE HILLS COUNCIL,Dog,Female,Registered,N,Y,21
43,ADELAIDE HILLS COUNCIL,Dog,Female,Registered,Y,N,760
44,ADELAIDE HILLS COUNCIL,Dog,Female,Registered,Y,Y,3476
45,ADELAIDE HILLS COUNCIL,Dog,Female,Unregistered,N,N,29
46,ADELAIDE HILLS COUNCIL,Dog,Female,Unregistered,N,Y,16
47,ADELAIDE HILLS COUNCIL,Dog,Female,Unregistered,Y,N,135
48,ADELAIDE HILLS COUNCIL,Dog,Female,Unregistered,Y,Y,426
49,ADELAIDE HILLS COUNCIL,Dog,Male,Registered,N,N,56
50,ADELAIDE HILLS COUNCIL,Dog,Male,Registered,N,Y,26
51,ADELAIDE HILLS COUNCIL,Dog,Male,Registered,Y,N,672
52,ADELAIDE HILLS COUNCIL,Dog,Male,Registered,Y,Y,3463
53,ADELAIDE HILLS COUNCIL,Dog,Male,Unregistered,N,N,46
54,ADELAIDE HILLS COUNCIL,Dog,Male,Unregistered,N,Y,18
55,ADELAIDE HILLS COUNCIL,Dog,Male,Unregistered,Y,N,165
56,ADELAIDE HILLS COUNCIL,Dog,Male,Unregistered,Y,Y,487
57,ADELAIDE HILLS COUNCIL,Dog,Unknown,Registered,N,N,2
58,ADELAIDE HILLS COUNCIL,Dog,Unknown,Registered,Y,Y,3
59,ADELAIDE HILLS COUNCIL,Dog,Unknown,Unregistered,Y,N,1
60,ADELAIDE HILLS COUNCIL,Dog,Unknown,Unregistered,Y,Y,1
61,ADELAIDE PLAINS COUNCIL,Cat,Female,Registered,N,N,1
62,ADELAIDE PLAINS COUNCIL,Cat,Female,Registered,N,Y,10
63,ADELAIDE PLAINS COUNCIL,Cat,Female,Registered,Y,N,52
64,ADELAIDE PLAINS COUNCIL,Cat,Female,Registered,Y,Y,227
65,ADELAIDE PLAINS COUNCIL,Cat,Female,Unregistered,N,N,2
66,ADELAIDE PLAINS COUNCIL,Cat,Female,Unregistered,N,Y,12
67,ADELAIDE PLAINS COUNCIL,Cat,Female,Unregistered,Y,N,27
68,ADELAIDE PLAINS COUNCIL,Cat,Female,Unregistered,Y,Y,106
69,ADELAIDE PLAINS COUNCIL,Cat,Male,Registered,N,N,4
70,ADELAIDE PLAINS COUNCIL,Cat,Male,Registered,N,Y,9
71,ADELAIDE PLAINS COUNCIL,Cat,Male,Registered,Y,N,32
72,ADELAIDE PLAINS COUNCIL,Cat,Male,Registered,Y,Y,212
73,ADELAIDE PLAINS COUNCIL,Cat,Male,Unregistered,N,Y,11
74,ADELAIDE PLAINS COUNCIL,Cat,Male,Unregistered,Y,N,32
75,ADELAIDE PLAINS COUNCIL,Cat,Male,Unregistered,Y,Y,104
76,ADELAIDE PLAINS COUNCIL,Dog,Female,Registered,N,N,43
77,ADELAIDE PLAINS COUNCIL,Dog,Female,Registered,N,Y,11
78,ADELAIDE PLAINS COUNCIL,Dog,Female,Registered,Y,N,1611
79,ADELAIDE PLAINS COUNCIL,Dog,Female,Registered,Y,Y,1267
80,ADELAIDE PLAINS COUNCIL,Dog,Female,Unregistered,N,N,24
81,ADELAIDE PLAINS COUNCIL,Dog,Female,Unregistered,N,Y,4
82,ADELAIDE PLAINS COUNCIL,Dog,Female,Unregistered,Y,N,150
83,ADELAIDE PLAINS COUNCIL,Dog,Female,Unregistered,Y,Y,63
84,ADELAIDE PLAINS COUNCIL,Dog,Male,Registered,N,N,60
85,ADELAIDE PLAINS COUNCIL,Dog,Male,Registered,N,Y,8
86,ADELAIDE PLAINS COUNCIL,Dog,Male,Registered,Y,N,1079
87,ADELAIDE PLAINS COUNCIL,Dog,Male,Registered,Y,Y,1157
88,ADELAIDE PLAINS COUNCIL,Dog,Male,Unregistered,N,N,23
89,ADELAIDE PLAINS COUNCIL,Dog,Male,Unregistered,N,Y,3
90,ADELAIDE PLAINS COUNCIL,Dog,Male,Unregistered,Y,N,108
91,ADELAIDE PLAINS COUNCIL,Dog,Male,Unregistered,Y,Y,86
92,ADELAIDE PLAINS COUNCIL,Dog,Unknown,Registered,Y,Y,1
93,ALEXANDRINA COUNCIL,Cat,Female,Registered,N,N,7
94,ALEXANDRINA COUNCIL,Cat,Female,Registered,N,Y,3
95,ALEXANDRINA COUNCIL,Cat,Female,Registered,Y,N,65
96,ALEXANDRINA COUNCIL,Cat,Female,Registered,Y,Y,552
97,ALEXANDRINA COUNCIL,Cat,Female,Unregistered,N,N,2
98,ALEXANDRINA COUNCIL,Cat,Female,Unregistered,N,Y,3
99,ALEXANDRINA COUNCIL,Cat,Female,Unregistered,Y,N,12
100,ALEXANDRINA COUNCIL,Cat,Female,Unregistered,Y,Y,132
101,ALEXANDRINA COUNCIL,Cat,Male,Registered,N,N,8
102,ALEXANDRINA COUNCIL,Cat,Male,Registered,N,Y,2
103,ALEXANDRINA COUNCIL,Cat,Male,Registered,Y,N,48
104,ALEXANDRINA COUNCIL,Cat,Male,Registered,Y,Y,477
105,ALEXANDRINA COUNCIL,Cat,Male,Unregistered,N,N,1
106,ALEXANDRINA COUNCIL,Cat,Male,Unregistered,N,Y,1
107,ALEXANDRINA COUNCIL,Cat,Male,Unregistered,Y,N,13
108,ALEXANDRINA COUNCIL,Cat,Male,Unregistered,Y,Y,141
109,ALEXANDRINA COUNCIL,Dog,Female,Registered,N,N,37
110,ALEXANDRINA COUNCIL,Dog,Female,Registered,N,Y,5
111,ALEXANDRINA COUNCIL,Dog,Female,Registered,Y,N,1101
112,ALEXANDRINA COUNCIL,Dog,Female,Registered,Y,Y,3044
113,ALEXANDRINA COUNCIL,Dog,Female,Unregistered,N,N,7
114,ALEXANDRINA COUNCIL,Dog,Female,Unregistered,N,Y,1
115,ALEXANDRINA COUNCIL,Dog,Female,Unregistered,Y,N,52
116,ALEXANDRINA COUNCIL,Dog,Female,Unregistered,Y,Y,125
117,ALEXANDRINA COUNCIL,Dog,Male,Registered,N,N,35
118,ALEXANDRINA COUNCIL,Dog,Male,Registered,N,Y,6
119,ALEXANDRINA COUNCIL,Dog,Male,Registered,Y,N,902
120,ALEXANDRINA COUNCIL,Dog,Male,Registered,Y,Y,2809
121,ALEXANDRINA COUNCIL,Dog,Male,Unregistered,N,N,17
122,ALEXANDRINA COUNCIL,Dog,Male,Unregistered,N,Y,1
123,ALEXANDRINA COUNCIL,Dog,Male,Unregistered,Y,N,44
124,ALEXANDRINA COUNCIL,Dog,Male,Unregistered,Y,Y,159
125,BARUNGA WEST COUNCIL,Cat,Female,Registered,N,N,1
126,BARUNGA WEST COUNCIL,Cat,Female,Registered,Y,N,4
127,BARUNGA WEST COUNCIL,Cat,Female,Registered,Y,Y,72
128,BARUNGA WEST COUNCIL,Cat,Female,Unregistered,Y,N,4
129,BARUNGA WEST COUNCIL,Cat,Female,Unregistered,Y,Y,5
130,BARUNGA WEST COUNCIL,Cat,Male,Registered,N,Y,1
131,BARUNGA WEST COUNCIL,Cat,Male,Registered,Y,N,7
132,BARUNGA WEST COUNCIL,Cat,Male,Registered,Y,Y,69
133,BARUNGA WEST COUNCIL,Cat,Male,Unregistered,Y,N,1
134,BARUNGA WEST COUNCIL,Cat,Male,Unregistered,Y,Y,9
135,BARUNGA WEST COUNCIL,Dog,Female,Registered,N,N,4
136,BARUNGA WEST COUNCIL,Dog,Female,Registered,Y,N,102
137,BARUNGA WEST COUNCIL,Dog,Female,Registered,Y,Y,228
138,BARUNGA WEST COUNCIL,Dog,Female,Unregistered,N,Y,1
139,BARUNGA WEST COUNCIL,Dog,Female,Unregistered,Y,N,6
140,BARUNGA WEST COUNCIL,Dog,Female,Unregistered,Y,Y,3
141,BARUNGA WEST COUNCIL,Dog,Male,Registered,N,N,3
142,BARUNGA WEST COUNCIL,Dog,Male,Registered,Y,N,106
143,BARUNGA WEST COUNCIL,Dog,Male,Registered,Y,Y,215
144,BARUNGA WEST COUNCIL,Dog,Male,Unregistered,N,N,1
145,BARUNGA WEST COUNCIL,Dog,Male,Unregistered,Y,N,4
146,BARUNGA WEST COUNCIL,Dog,Male,Unregistered,Y,Y,1
147,BARUNGA WEST COUNCIL,Dog,Unknown,Registered,Y,Y,1
148,CAMPBELLTOWN CITY COUNCIL,Cat,Female,Registered,N,N,16
149,CAMPBELLTOWN CITY COUNCIL,Cat,Female,Registered,N,Y,41
150,CAMPBELLTOWN CITY COUNCIL,Cat,Female,Registered,Y,N,124
151,CAMPBELLTOWN CITY COUNCIL,Cat,Female,Registered,Y,Y,1002
152,CAMPBELLTOWN CITY COUNCIL,Cat,Female,Unregistered,N,N,1
153,CAMPBELLTOWN CITY COUNCIL,Cat,Female,Unregistered,N,Y,4
154,CAMPBELLTOWN CITY COUNCIL,Cat,Female,Unregistered,Y,N,39
155,CAMPBELLTOWN CITY COUNCIL,Cat,Female,Unregistered,Y,Y,170
156,CAMPBELLTOWN CITY COUNCIL,Cat,Male,Registered,N,N,15
157,CAMPBELLTOWN CITY COUNCIL,Cat,Male,Registered,N,Y,22
158,CAMPBELLTOWN CITY COUNCIL,Cat,Male,Registered,Y,N,109
159,CAMPBELLTOWN CITY COUNCIL,Cat,Male,Registered,Y,Y,1002
160,CAMPBELLTOWN CITY COUNCIL,Cat,Male,Unregistered,N,N,5
161,CAMPBELLTOWN CITY COUNCIL,Cat,Male,Unregistered,N,Y,4
162,CAMPBELLTOWN CITY COUNCIL,Cat,Male,Unregistered,Y,N,20
163,CAMPBELLTOWN CITY COUNCIL,Cat,Male,Unregistered,Y,Y,173
164,CAMPBELLTOWN CITY COUNCIL,Dog,Female,Registered,N,N,41
165,CAMPBELLTOWN CITY COUNCIL,Dog,Female,Registered,N,Y,47
166,CAMPBELLTOWN CITY COUNCIL,Dog,Female,Registered,Y,N,519
167,CAMPBELLTOWN CITY COUNCIL,Dog,Female,Registered,Y,Y,2080
168,CAMPBELLTOWN CITY COUNCIL,Dog,Female,Unregistered,N,N,6
169,CAMPBELLTOWN CITY COUNCIL,Dog,Female,Unregistered,Y,N,14
170,CAMPBELLTOWN CITY COUNCIL,Dog,Female,Unregistered,Y,Y,19
171,CAMPBELLTOWN CITY COUNCIL,Dog,Male,Registered,N,N,72
172,CAMPBELLTOWN CITY COUNCIL,Dog,Male,Registered,N,Y,49
173,CAMPBELLTOWN CITY COUNCIL,Dog,Male,Registered,Y,N,656
174,CAMPBELLTOWN CITY COUNCIL,Dog,Male,Registered,Y,Y,2251
175,CAMPBELLTOWN CITY COUNCIL,Dog,Male,Unregistered,N,N,7
176,CAMPBELLTOWN CITY COUNCIL,Dog,Male,Unregistered,Y,N,22
177,CAMPBELLTOWN CITY COUNCIL,Dog,Male,Unregistered,Y,Y,19
178,CAMPBELLTOWN CITY COUNCIL,Dog,Unknown,Registered,N,N,1
179,CAMPBELLTOWN CITY COUNCIL,Dog,Unknown,Registered,Y,N,1
180,CAMPBELLTOWN CITY COUNCIL,Dog,Unknown,Registered,Y,Y,3
181,CITY OF BURNSIDE,Cat,Female,Registered,N,N,4
182,CITY OF BURNSIDE,Cat,Female,Registered,N,Y,4
183,CITY OF BURNSIDE,Cat,Female,Registered,Y,N,77
184,CITY OF BURNSIDE,Cat,Female,Registered,Y,Y,635
185,CITY OF BURNSIDE,Cat,Female,Unregistered,N,N,2
186,CITY OF BURNSIDE,Cat,Female,Unregistered,N,Y,1
187,CITY OF BURNSIDE,Cat,Female,Unregistered,Y,N,31
188,CITY OF BURNSIDE,Cat,Female,Unregistered,Y,Y,131
189,CITY OF BURNSIDE,Cat,Male,Registered,N,N,4
190,CITY OF BURNSIDE,Cat,Male,Registered,N,Y,3
191,CITY OF BURNSIDE,Cat,Male,Registered,Y,N,60
192,CITY OF BURNSIDE,Cat,Male,Registered,Y,Y,561
193,CITY OF BURNSIDE,Cat,Male,Unregistered,N,N,1
194,CITY OF BURNSIDE,Cat,Male,Unregistered,N,Y,1
195,CITY OF BURNSIDE,Cat,Male,Unregistered,Y,N,27
196,CITY OF BURNSIDE,Cat,Male,Unregistered,Y,Y,114
197,CITY OF BURNSIDE,Dog,Female,Registered,N,N,9
198,CITY OF BURNSIDE,Dog,Female,Registered,N,Y,6
199,CITY OF BURNSIDE,Dog,Female,Registered,Y,N,330
200,CITY OF BURNSIDE,Dog,Female,Registered,Y,Y,2246
201,CITY OF BURNSIDE,Dog,Female,Unregistered,N,N,1
202,CITY OF BURNSIDE,Dog,Female,Unregistered,Y,N,12
203,CITY OF BURNSIDE,Dog,Female,Unregistered,Y,Y,9
204,CITY OF BURNSIDE,Dog,Male,Registered,N,N,10
205,CITY OF BURNSIDE,Dog,Male,Registered,N,Y,4
206,CITY OF BURNSIDE,Dog,Male,Registered,Y,N,459
207,CITY OF BURNSIDE,Dog,Male,Registered,Y,Y,2451
208,CITY OF BURNSIDE,Dog,Male,Unregistered,N,N,1
209,CITY OF BURNSIDE,Dog,Male,Unregistered,N,Y,1
210,CITY OF BURNSIDE,Dog,Male,Unregistered,Y,N,16
211,CITY OF BURNSIDE,Dog,Male,Unregistered,Y,Y,3
212,CITY OF BURNSIDE,Dog,Unknown,Registered,Y,N,1
213,CITY OF CHARLES STURT,Cat,Female,Registered,N,N,15
214,CITY OF CHARLES STURT,Cat,Female,Registered,N,Y,13
215,CITY OF CHARLES STURT,Cat,Female,Registered,Y,N,177
216,CITY OF CHARLES STURT,Cat,Female,Registered,Y,Y,1675
217,CITY OF CHARLES STURT,Cat,Female,Unregistered,N,N,23
218,CITY OF CHARLES STURT,Cat,Female,Unregistered,N,Y,12
219,CITY OF CHARLES STURT,Cat,Female,Unregistered,Y,N,114
220,CITY OF CHARLES STURT,Cat,Female,Unregistered,Y,Y,713
221,CITY OF CHARLES STURT,Cat,Male,Registered,N,N,16
222,CITY OF CHARLES STURT,Cat,Male,Registered,N,Y,13
223,CITY OF CHARLES STURT,Cat,Male,Registered,Y,N,152
224,CITY OF CHARLES STURT,Cat,Male,Registered,Y,Y,1476
225,CITY OF CHARLES STURT,Cat,Male,Unregistered,N,N,10
226,CITY OF CHARLES STURT,Cat,Male,Unregistered,N,Y,13
227,CITY OF CHARLES STURT,Cat,Male,Unregistered,Y,N,117
228,CITY OF CHARLES STURT,Cat,Male,Unregistered,Y,Y,640
229,CITY OF CHARLES STURT,Dog,Female,Registered,N,N,58
230,CITY OF CHARLES STURT,Dog,Female,Registered,N,Y,9
231,CITY OF CHARLES STURT,Dog,Female,Registered,Y,N,1414
232,CITY OF CHARLES STURT,Dog,Female,Registered,Y,Y,6349
233,CITY OF CHARLES STURT,Dog,Female,Unregistered,N,N,9
234,CITY OF CHARLES STURT,Dog,Female,Unregistered,Y,N,18
235,CITY OF CHARLES STURT,Dog,Female,Unregistered,Y,Y,16
236,CITY OF CHARLES STURT,Dog,Male,Registered,N,N,78
237,CITY OF CHARLES STURT,Dog,Male,Registered,N,Y,11
238,CITY OF CHARLES STURT,Dog,Male,Registered,Y,N,1903
239,CITY OF CHARLES STURT,Dog,Male,Registered,Y,Y,6615
240,CITY OF CHARLES STURT,Dog,Male,Unregistered,N,N,7
241,CITY OF CHARLES STURT,Dog,Male,Unregistered,Y,N,24
242,CITY OF CHARLES STURT,Dog,Male,Unregistered,Y,Y,23
243,CITY OF CHARLES STURT,Dog,Unknown,Registered,Y,N,2
244,CITY OF CHARLES STURT,Dog,Unknown,Registered,Y,Y,9
245,CITY OF HOLDFAST BAY,Cat,Female,Registered,N,N,1
246,CITY OF HOLDFAST BAY,Cat,Female,Registered,N,Y,4
247,CITY OF HOLDFAST BAY,Cat,Female,Registered,Y,N,36
248,CITY OF HOLDFAST BAY,Cat,Female,Registered,Y,Y,400
249,CITY OF HOLDFAST BAY,Cat,Female,Unregistered,N,Y,2
250,CITY OF HOLDFAST BAY,Cat,Female,Unregistered,Y,N,18
251,CITY OF HOLDFAST BAY,Cat,Female,Unregistered,Y,Y,181
252,CITY OF HOLDFAST BAY,Cat,Male,Registered,N,N,3
253,CITY OF HOLDFAST BAY,Cat,Male,Registered,N,Y,1
254,CITY OF HOLDFAST BAY,Cat,Male,Registered,Y,N,31
255,CITY OF HOLDFAST BAY,Cat,Male,Registered,Y,Y,389
256,CITY OF HOLDFAST BAY,Cat,Male,Unregistered,N,Y,7
257,CITY OF HOLDFAST BAY,Cat,Male,Unregistered,Y,N,24
258,CITY OF HOLDFAST BAY,Cat,Male,Unregistered,Y,Y,193
259,CITY OF HOLDFAST BAY,Dog,Female,Registered,N,N,11
260,CITY OF HOLDFAST BAY,Dog,Female,Registered,N,Y,23
261,CITY OF HOLDFAST BAY,Dog,Female,Registered,Y,N,316
262,CITY OF HOLDFAST BAY,Dog,Female,Registered,Y,Y,2268
263,CITY OF HOLDFAST BAY,Dog,Female,Unregistered,N,N,10
264,CITY OF HOLDFAST BAY,Dog,Female,Unregistered,N,Y,6
265,CITY OF HOLDFAST BAY,Dog,Female,Unregistered,Y,N,31
266,CITY OF HOLDFAST BAY,Dog,Female,Unregistered,Y,Y,98
267,CITY OF HOLDFAST BAY,Dog,Male,Registered,N,N,20
268,CITY OF HOLDFAST BAY,Dog,Male,Registered,N,Y,25
269,CITY OF HOLDFAST BAY,Dog,Male,Registered,Y,N,372
270,CITY OF HOLDFAST BAY,Dog,Male,Registered,Y,Y,2235
271,CITY OF HOLDFAST BAY,Dog,Male,Unregistered,N,N,10
272,CITY OF HOLDFAST BAY,Dog,Male,Unregistered,N,Y,8
273,CITY OF HOLDFAST BAY,Dog,Male,Unregistered,Y,N,44
274,CITY OF HOLDFAST BAY,Dog,Male,Unregistered,Y,Y,140
275,CITY OF HOLDFAST BAY,Dog,Unknown,Registered,Y,Y,5
276,CITY OF MARION,Cat,Female,Registered,N,N,5
277,CITY OF MARION,Cat,Female,Registered,N,Y,11
278,CITY OF MARION,Cat,Female,Registered,Y,N,142
279,CITY OF MARION,Cat,Female,Registered,Y,Y,1443
280,CITY OF MARION,Cat,Female,Unregistered,N,N,9
281,CITY OF MARION,Cat,Female,Unregistered,N,Y,7
282,CITY OF MARION,Cat,Female,Unregistered,Y,N,95
283,CITY OF MARION,Cat,Female,Unregistered,Y,Y,544
284,CITY OF MARION,Cat,Male,Registered,N,N,11
285,CITY OF MARION,Cat,Male,Registered,N,Y,6
286,CITY OF MARION,Cat,Male,Registered,Y,N,124
287,CITY OF MARION,Cat,Male,Registered,Y,Y,1264
288,CITY OF MARION,Cat,Male,Unregistered,N,N,2
289,CITY OF MARION,Cat,Male,Unregistered,N,Y,6
290,CITY OF MARION,Cat,Male,Unregistered,Y,N,65
291,CITY OF MARION,Cat,Male,Unregistered,Y,Y,540
292,CITY OF MARION,Cat,Unknown,Unregistered,Y,Y,1
293,CITY OF MARION,Dog,Female,Registered,N,N,28
294,CITY OF MARION,Dog,Female,Registered,N,Y,18
295,CITY OF MARION,Dog,Female,Registered,Y,N,961
296,CITY OF MARION,Dog,Female,Registered,Y,Y,5477
297,CITY OF MARION,Dog,Female,Unregistered,N,N,37
298,CITY OF MARION,Dog,Female,Unregistered,N,Y,12
299,CITY OF MARION,Dog,Female,Unregistered,Y,N,119
300,CITY OF MARION,Dog,Female,Unregistered,Y,Y,215
301,CITY OF MARION,Dog,Male,Registered,N,N,36
302,CITY OF MARION,Dog,Male,Registered,N,Y,22
303,CITY OF MARION,Dog,Male,Registered,Y,N,1192
304,CITY OF MARION,Dog,Male,Registered,Y,Y,5875
305,CITY OF MARION,Dog,Male,Unregistered,N,N,59
306,CITY OF MARION,Dog,Male,Unregistered,N,Y,13
307,CITY OF MARION,Dog,Male,Unregistered,Y,N,155
308,CITY OF MARION,Dog,Male,Unregistered,Y,Y,276
309,CITY OF MARION,Dog,Unknown,Registered,Y,Y,6
310,CITY OF MITCHAM,Cat,Female,Registered,N,N,11
311,CITY OF MITCHAM,Cat,Female,Registered,N,Y,10
312,CITY OF MITCHAM,Cat,Female,Registered,Y,N,56
313,CITY OF MITCHAM,Cat,Female,Registered,Y,Y,2055
314,CITY OF MITCHAM,Cat,Female,Unregistered,N,N,3
315,CITY OF MITCHAM,Cat,Female,Unregistered,Y,N,7
316,CITY OF MITCHAM,Cat,Female,Unregistered,Y,Y,80
317,CITY OF MITCHAM,Cat,Male,Registered,N,N,6
318,CITY OF MITCHAM,Cat,Male,Registered,N,Y,6
319,CITY OF MITCHAM,Cat,Male,Registered,Y,N,31
320,CITY OF MITCHAM,Cat,Male,Registered,Y,Y,1827
321,CITY OF MITCHAM,Cat,Male,Unregistered,N,N,3
322,CITY OF MITCHAM,Cat,Male,Unregistered,N,Y,1
323,CITY OF MITCHAM,Cat,Male,Unregistered,Y,N,4
324,CITY OF MITCHAM,Cat,Male,Unregistered,Y,Y,94
325,CITY OF MITCHAM,Cat,Unknown,Registered,Y,Y,8
326,CITY OF MITCHAM,Dog,Female,Registered,N,N,41
327,CITY OF MITCHAM,Dog,Female,Registered,N,Y,34
328,CITY OF MITCHAM,Dog,Female,Registered,Y,N,582
329,CITY OF MITCHAM,Dog,Female,Registered,Y,Y,4624
330,CITY OF MITCHAM,Dog,Female,Unregistered,N,N,3
331,CITY OF MITCHAM,Dog,Female,Unregistered,Y,N,15
332,CITY OF MITCHAM,Dog,Female,Unregistered,Y,Y,13
333,CITY OF MITCHAM,Dog,Male,Registered,N,N,73
334,CITY OF MITCHAM,Dog,Male,Registered,N,Y,34
335,CITY OF MITCHAM,Dog,Male,Registered,Y,N,666
336,CITY OF MITCHAM,Dog,Male,Registered,Y,Y,4670
337,CITY OF MITCHAM,Dog,Male,Unregistered,N,N,4
338,CITY OF MITCHAM,Dog,Male,Unregistered,Y,N,13
339,CITY OF MITCHAM,Dog,Male,Unregistered,Y,Y,21
340,CITY OF MITCHAM,Dog,Unknown,Registered,Y,N,1
341,CITY OF MITCHAM,Dog,Unknown,Registered,Y,Y,11
342,CITY OF MOUNT GAMBIER,Cat,Female,Registered,N,N,20
343,CITY OF MOUNT GAMBIER,Cat,Female,Registered,N,Y,55
344,CITY OF MOUNT GAMBIER,Cat,Female,Registered,Y,N,56
345,CITY OF MOUNT GAMBIER,Cat,Female,Registered,Y,Y,912
346,CITY OF MOUNT GAMBIER,Cat,Female,Unregistered,N,N,10
347,CITY OF MOUNT GAMBIER,Cat,Female,Unregistered,N,Y,32
348,CITY OF MOUNT GAMBIER,Cat,Female,Unregistered,Y,N,21
349,CITY OF MOUNT GAMBIER,Cat,Female,Unregistered,Y,Y,199
350,CITY OF MOUNT GAMBIER,Cat,Male,Registered,N,N,13
351,CITY OF MOUNT GAMBIER,Cat,Male,Registered,N,Y,39
352,CITY OF MOUNT GAMBIER,Cat,Male,Registered,Y,N,77
353,CITY OF MOUNT GAMBIER,Cat,Male,Registered,Y,Y,779
354,CITY OF MOUNT GAMBIER,Cat,Male,Unregistered,N,N,4
355,CITY OF MOUNT GAMBIER,Cat,Male,Unregistered,N,Y,16
356,CITY OF MOUNT GAMBIER,Cat,Male,Unregistered,Y,N,30
357,CITY OF MOUNT GAMBIER,Cat,Male,Unregistered,Y,Y,181
358,CITY OF MOUNT GAMBIER,Dog,Female,Registered,N,N,27
359,CITY OF MOUNT GAMBIER,Dog,Female,Registered,N,Y,9
360,CITY OF MOUNT GAMBIER,Dog,Female,Registered,Y,N,538
361,CITY OF MOUNT GAMBIER,Dog,Female,Registered,Y,Y,2032
362,CITY OF MOUNT GAMBIER,Dog,Female,Unregistered,N,N,6
363,CITY OF MOUNT GAMBIER,Dog,Female,Unregistered,N,Y,1
364,CITY OF MOUNT GAMBIER,Dog,Female,Unregistered,Y,N,16
365,CITY OF MOUNT GAMBIER,Dog,Female,Unregistered,Y,Y,10
366,CITY OF MOUNT GAMBIER,Dog,Male,Registered,N,N,57
367,CITY OF MOUNT GAMBIER,Dog,Male,Registered,N,Y,11
368,CITY OF MOUNT GAMBIER,Dog,Male,Registered,Y,N,649
369,CITY OF MOUNT GAMBIER,Dog,Male,Registered,Y,Y,2131
370,CITY OF MOUNT GAMBIER,Dog,Male,Unregistered,N,N,3
371,CITY OF MOUNT GAMBIER,Dog,Male,Unregistered,Y,N,20
372,CITY OF MOUNT GAMBIER,Dog,Male,Unregistered,Y,Y,11
373,CITY OF ONKAPARINGA,Cat,Female,Registered,N,N,25
374,CITY OF ONKAPARINGA,Cat,Female,Registered,N,Y,21
375,CITY OF ONKAPARINGA,Cat,Female,Registered,Y,N,290
376,CITY OF ONKAPARINGA,Cat,Female,Registered,Y,Y,2809
377,CITY OF ONKAPARINGA,Cat,Female,Unregistered,N,N,40
378,CITY OF ONKAPARINGA,Cat,Female,Unregistered,N,Y,55
379,CITY OF ONKAPARINGA,Cat,Female,Unregistered,Y,N,309
380,CITY OF ONKAPARINGA,Cat,Female,Unregistered,Y,Y,2640
381,CITY OF ONKAPARINGA,Cat,Male,Registered,N,N,22
382,CITY OF ONKAPARINGA,Cat,Male,Registered,N,Y,14
383,CITY OF ONKAPARINGA,Cat,Male,Registered,Y,N,272
384,CITY OF ONKAPARINGA,Cat,Male,Registered,Y,Y,2472
385,CITY OF ONKAPARINGA,Cat,Male,Unregistered,N,N,27
386,CITY OF ONKAPARINGA,Cat,Male,Unregistered,N,Y,31
387,CITY OF ONKAPARINGA,Cat,Male,Unregistered,Y,N,270
388,CITY OF ONKAPARINGA,Cat,Male,Unregistered,Y,Y,2399
389,CITY OF ONKAPARINGA,Dog,Female,Registered,N,N,159
390,CITY OF ONKAPARINGA,Dog,Female,Registered,N,Y,42
391,CITY OF ONKAPARINGA,Dog,Female,Registered,Y,N,2400
392,CITY OF ONKAPARINGA,Dog,Female,Registered,Y,Y,13878
393,CITY OF ONKAPARINGA,Dog,Female,Unregistered,N,N,189
394,CITY OF ONKAPARINGA,Dog,Female,Unregistered,N,Y,47
395,CITY OF ONKAPARINGA,Dog,Female,Unregistered,Y,N,560
396,CITY OF ONKAPARINGA,Dog,Female,Unregistered,Y,Y,1002
397,CITY OF ONKAPARINGA,Dog,Male,Registered,N,N,155
398,CITY OF ONKAPARINGA,Dog,Male,Registered,N,Y,29
399,CITY OF ONKAPARINGA,Dog,Male,Registered,Y,N,2737
400,CITY OF ONKAPARINGA,Dog,Male,Registered,Y,Y,13531
401,CITY OF ONKAPARINGA,Dog,Male,Unregistered,N,N,233
402,CITY OF ONKAPARINGA,Dog,Male,Unregistered,N,Y,60
403,CITY OF ONKAPARINGA,Dog,Male,Unregistered,Y,N,665
404,CITY OF ONKAPARINGA,Dog,Male,Unregistered,Y,Y,1147
405,CITY OF ONKAPARINGA,Dog,Unknown,Registered,Y,N,1
406,CITY OF ONKAPARINGA,Dog,Unknown,Registered,Y,Y,74
407,CITY OF ONKAPARINGA,Dog,Unknown,Unregistered,N,N,1
408,CITY OF ONKAPARINGA,Dog,Unknown,Unregistered,Y,N,1
409,CITY OF ONKAPARINGA,Dog,Unknown,Unregistered,Y,Y,2
410,CITY OF PLAYFORD,Cat,Female,Registered,N,N,48
411,CITY OF PLAYFORD,Cat,Female,Registered,N,Y,54
412,CITY OF PLAYFORD,Cat,Female,Registered,Y,N,419
413,CITY OF PLAYFORD,Cat,Female,Registered,Y,Y,2194
414,CITY OF PLAYFORD,Cat,Female,Unregistered,N,N,31
415,CITY OF PLAYFORD,Cat,Female,Unregistered,N,Y,53
416,CITY OF PLAYFORD,Cat,Female,Unregistered,Y,N,222
417,CITY OF PLAYFORD,Cat,Female,Unregistered,Y,Y,936
418,CITY OF PLAYFORD,Cat,Male,Registered,N,N,46
419,CITY OF PLAYFORD,Cat,Male,Registered,N,Y,37
420,CITY OF PLAYFORD,Cat,Male,Registered,Y,N,310
421,CITY OF PLAYFORD,Cat,Male,Registered,Y,Y,1934
422,CITY OF PLAYFORD,Cat,Male,Unregistered,N,N,28
423,CITY OF PLAYFORD,Cat,Male,Unregistered,N,Y,40
424,CITY OF PLAYFORD,Cat,Male,Unregistered,Y,N,200
425,CITY OF PLAYFORD,Cat,Male,Unregistered,Y,Y,888
426,CITY OF PLAYFORD,Dog,Female,Registered,N,N,173
427,CITY OF PLAYFORD,Dog,Female,Registered,N,Y,26
428,CITY OF PLAYFORD,Dog,Female,Registered,Y,N,2290
429,CITY OF PLAYFORD,Dog,Female,Registered,Y,Y,6102
430,CITY OF PLAYFORD,Dog,Female,Unregistered,N,N,276
431,CITY OF PLAYFORD,Dog,Female,Unregistered,N,Y,38
432,CITY OF PLAYFORD,Dog,Female,Unregistered,Y,N,563
433,CITY OF PLAYFORD,Dog,Female,Unregistered,Y,Y,652
434,CITY OF PLAYFORD,Dog,Male,Registered,N,N,173
435,CITY OF PLAYFORD,Dog,Male,Registered,N,Y,28
436,CITY OF PLAYFORD,Dog,Male,Registered,Y,N,2330
437,CITY OF PLAYFORD,Dog,Male,Registered,Y,Y,5982
438,CITY OF PLAYFORD,Dog,Male,Unregistered,N,N,306
439,CITY OF PLAYFORD,Dog,Male,Unregistered,N,Y,40
440,CITY OF PLAYFORD,Dog,Male,Unregistered,Y,N,686
441,CITY OF PLAYFORD,Dog,Male,Unregistered,Y,Y,735
442,CITY OF PORT ADELAIDE ENFIELD,Cat,Female,Registered,N,N,24
443,CITY OF PORT ADELAIDE ENFIELD,Cat,Female,Registered,N,Y,35
444,CITY OF PORT ADELAIDE ENFIELD,Cat,Female,Registered,Y,N,351
445,CITY OF PORT ADELAIDE ENFIELD,Cat,Female,Registered,Y,Y,1814
446,CITY OF PORT ADELAIDE ENFIELD,Cat,Female,Unregistered,N,N,19
447,CITY OF PORT ADELAIDE ENFIELD,Cat,Female,Unregistered,N,Y,54
448,CITY OF PORT ADELAIDE ENFIELD,Cat,Female,Unregistered,Y,N,244
449,CITY OF PORT ADELAIDE ENFIELD,Cat,Female,Unregistered,Y,Y,1014
450,CITY OF PORT ADELAIDE ENFIELD,Cat,Male,Registered,N,N,25
451,CITY OF PORT ADELAIDE ENFIELD,Cat,Male,Registered,N,Y,18
452,CITY OF PORT ADELAIDE ENFIELD,Cat,Male,Registered,Y,N,287
453,CITY OF PORT ADELAIDE ENFIELD,Cat,Male,Registered,Y,Y,1602
454,CITY OF PORT ADELAIDE ENFIELD,Cat,Male,Unregistered,N,N,33
455,CITY OF PORT ADELAIDE ENFIELD,Cat,Male,Unregistered,N,Y,41
456,CITY OF PORT ADELAIDE ENFIELD,Cat,Male,Unregistered,Y,N,215
457,CITY OF PORT ADELAIDE ENFIELD,Cat,Male,Unregistered,Y,Y,946
458,CITY OF PORT ADELAIDE ENFIELD,Dog,Female,Registered,N,N,110
459,CITY OF PORT ADELAIDE ENFIELD,Dog,Female,Registered,N,Y,22
460,CITY OF PORT ADELAIDE ENFIELD,Dog,Female,Registered,Y,N,1413
461,CITY OF PORT ADELAIDE ENFIELD,Dog,Female,Registered,Y,Y,6200
462,CITY OF PORT ADELAIDE ENFIELD,Dog,Female,Unregistered,N,N,97
463,CITY OF PORT ADELAIDE ENFIELD,Dog,Female,Unregistered,N,Y,15
464,CITY OF PORT ADELAIDE ENFIELD,Dog,Female,Unregistered,Y,N,257
465,CITY OF PORT ADELAIDE ENFIELD,Dog,Female,Unregistered,Y,Y,570
466,CITY OF PORT ADELAIDE ENFIELD,Dog,Male,Registered,N,N,120
467,CITY OF PORT ADELAIDE ENFIELD,Dog,Male,Registered,N,Y,19
468,CITY OF PORT ADELAIDE ENFIELD,Dog,Male,Registered,Y,N,1713
469,CITY OF PORT ADELAIDE ENFIELD,Dog,Male,Registered,Y,Y,6570
470,CITY OF PORT ADELAIDE ENFIELD,Dog,Male,Unregistered,N,N,162
471,CITY OF PORT ADELAIDE ENFIELD,Dog,Male,Unregistered,N,Y,23
472,CITY OF PORT ADELAIDE ENFIELD,Dog,Male,Unregistered,Y,N,327
473,CITY OF PORT ADELAIDE ENFIELD,Dog,Male,Unregistered,Y,Y,670
474,CITY OF PORT ADELAIDE ENFIELD,Dog,Unknown,Registered,Y,Y,2
475,CITY OF PORT ADELAIDE ENFIELD,Dog,Unknown,Unregistered,Y,Y,1
476,CITY OF PORT LINCOLN,Cat,Female,Registered,N,N,5
477,CITY OF PORT LINCOLN,Cat,Female,Registered,N,Y,6
478,CITY OF PORT LINCOLN,Cat,Female,Registered,Y,N,40
479,CITY OF PORT LINCOLN,Cat,Female,Registered,Y,Y,377
480,CITY OF PORT LINCOLN,Cat,Female,Unregistered,N,N,2
481,CITY OF PORT LINCOLN,Cat,Female,Unregistered,N,Y,1
482,CITY OF PORT LINCOLN,Cat,Female,Unregistered,Y,N,4
483,CITY OF PORT LINCOLN,Cat,Female,Unregistered,Y,Y,65
484,CITY OF PORT LINCOLN,Cat,Male,Registered,N,N,6
485,CITY OF PORT LINCOLN,Cat,Male,Registered,N,Y,6
486,CITY OF PORT LINCOLN,Cat,Male,Registered,Y,N,31
487,CITY OF PORT LINCOLN,Cat,Male,Registered,Y,Y,300
488,CITY OF PORT LINCOLN,Cat,Male,Unregistered,Y,N,2
489,CITY OF PORT LINCOLN,Cat,Male,Unregistered,Y,Y,43
490,CITY OF PORT LINCOLN,Dog,Female,Registered,N,N,15
491,CITY OF PORT LINCOLN,Dog,Female,Registered,N,Y,3
492,CITY OF PORT LINCOLN,Dog,Female,Registered,Y,N,236
493,CITY OF PORT LINCOLN,Dog,Female,Registered,Y,Y,1028
494,CITY OF PORT LINCOLN,Dog,Female,Unregistered,N,N,10
495,CITY OF PORT LINCOLN,Dog,Female,Unregistered,Y,N,20
496,CITY OF PORT LINCOLN,Dog,Female,Unregistered,Y,Y,23
497,CITY OF PORT LINCOLN,Dog,Male,Registered,N,N,22
498,CITY OF PORT LINCOLN,Dog,Male,Registered,N,Y,2
499,CITY OF PORT LINCOLN,Dog,Male,Registered,Y,N,304
500,CITY OF PORT LINCOLN,Dog,Male,Registered,Y,Y,1124
501,CITY OF PORT LINCOLN,Dog,Male,Unregistered,N,N,11
502,CITY OF PORT LINCOLN,Dog,Male,Unregistered,Y,N,29
503,CITY OF PORT LINCOLN,Dog,Male,Unregistered,Y,Y,23
504,CITY OF PROSPECT,Cat,Female,Registered,N,N,2
505,CITY OF PROSPECT,Cat,Female,Registered,N,Y,2
506,CITY OF PROSPECT,Cat,Female,Registered,Y,N,29
507,CITY OF PROSPECT,Cat,Female,Registered,Y,Y,220
508,CITY OF PROSPECT,Cat,Female,Unregistered,N,N,1
509,CITY OF PROSPECT,Cat,Female,Unregistered,N,Y,10
510,CITY OF PROSPECT,Cat,Female,Unregistered,Y,N,33
511,CITY OF PROSPECT,Cat,Female,Unregistered,Y,Y,259
512,CITY OF PROSPECT,Cat,Male,Registered,Y,N,23
513,CITY OF PROSPECT,Cat,Male,Registered,Y,Y,209
514,CITY OF PROSPECT,Cat,Male,Unregistered,N,Y,6
515,CITY OF PROSPECT,Cat,Male,Unregistered,Y,N,40
516,CITY OF PROSPECT,Cat,Male,Unregistered,Y,Y,240
517,CITY OF PROSPECT,Dog,Female,Registered,N,N,3
518,CITY OF PROSPECT,Dog,Female,Registered,N,Y,1
519,CITY OF PROSPECT,Dog,Female,Registered,Y,N,185
520,CITY OF PROSPECT,Dog,Female,Registered,Y,Y,1069
521,CITY OF PROSPECT,Dog,Female,Unregistered,N,N,2
522,CITY OF PROSPECT,Dog,Female,Unregistered,Y,N,8
523,CITY OF PROSPECT,Dog,Female,Unregistered,Y,Y,7
524,CITY OF PROSPECT,Dog,Male,Registered,N,N,6
525,CITY OF PROSPECT,Dog,Male,Registered,N,Y,3
526,CITY OF PROSPECT,Dog,Male,Registered,Y,N,239
527,CITY OF PROSPECT,Dog,Male,Registered,Y,Y,1121
528,CITY OF PROSPECT,Dog,Male,Unregistered,N,N,1
529,CITY OF PROSPECT,Dog,Male,Unregistered,Y,N,8
530,CITY OF PROSPECT,Dog,Male,Unregistered,Y,Y,7
531,CITY OF PROSPECT,Dog,Unknown,Registered,Y,Y,1
532,CITY OF SALISBURY,Cat,Female,Registered,N,N,51
533,CITY OF SALISBURY,Cat,Female,Registered,N,Y,25
534,CITY OF SALISBURY,Cat,Female,Registered,Y,N,293
535,CITY OF SALISBURY,Cat,Female,Registered,Y,Y,1736
536,CITY OF SALISBURY,Cat,Female,Unregistered,N,N,17
537,CITY OF SALISBURY,Cat,Female,Unregistered,N,Y,60
538,CITY OF SALISBURY,Cat,Female,Unregistered,Y,N,280
539,CITY OF SALISBURY,Cat,Female,Unregistered,Y,Y,1425
540,CITY OF SALISBURY,Cat,Male,Registered,N,N,48
541,CITY OF SALISBURY,Cat,Male,Registered,N,Y,17
542,CITY OF SALISBURY,Cat,Male,Registered,Y,N,252
543,CITY OF SALISBURY,Cat,Male,Registered,Y,Y,1548
544,CITY OF SALISBURY,Cat,Male,Unregistered,N,N,25
545,CITY OF SALISBURY,Cat,Male,Unregistered,N,Y,48
546,CITY OF SALISBURY,Cat,Male,Unregistered,Y,N,262
547,CITY OF SALISBURY,Cat,Male,Unregistered,Y,Y,1387
548,CITY OF SALISBURY,Dog,Female,Registered,N,N,511
549,CITY OF SALISBURY,Dog,Female,Registered,N,Y,92
550,CITY OF SALISBURY,Dog,Female,Registered,Y,N,2308
551,CITY OF SALISBURY,Dog,Female,Registered,Y,Y,7259
552,CITY OF SALISBURY,Dog,Female,Unregistered,N,N,61
553,CITY OF SALISBURY,Dog,Female,Unregistered,N,Y,3
554,CITY OF SALISBURY,Dog,Female,Unregistered,Y,N,77
555,CITY OF SALISBURY,Dog,Female,Unregistered,Y,Y,62
556,CITY OF SALISBURY,Dog,Male,Registered,N,N,576
557,CITY OF SALISBURY,Dog,Male,Registered,N,Y,91
558,CITY OF SALISBURY,Dog,Male,Registered,Y,N,2636
559,CITY OF SALISBURY,Dog,Male,Registered,Y,Y,7140
560,CITY OF SALISBURY,Dog,Male,Unregistered,N,N,75
561,CITY OF SALISBURY,Dog,Male,Unregistered,N,Y,6
562,CITY OF SALISBURY,Dog,Male,Unregistered,Y,N,79
563,CITY OF SALISBURY,Dog,Male,Unregistered,Y,Y,74
564,CITY OF SALISBURY,Dog,Unknown,Registered,Y,Y,9
565,CITY OF TEA TREE GULLY,Cat,Female,Registered,N,N,17
566,CITY OF TEA TREE GULLY,Cat,Female,Registered,N,Y,14
567,CITY OF TEA TREE GULLY,Cat,Female,Registered,Y,N,229
568,CITY OF TEA TREE GULLY,Cat,Female,Registered,Y,Y,1605
569,CITY OF TEA TREE GULLY,Cat,Female,Unregistered,N,N,7
570,CITY OF TEA TREE GULLY,Cat,Female,Unregistered,N,Y,23
571,CITY OF TEA TREE GULLY,Cat,Female,Unregistered,Y,N,189
572,CITY OF TEA TREE GULLY,Cat,Female,Unregistered,Y,Y,750
573,CITY OF TEA TREE GULLY,Cat,Male,Registered,N,N,22
574,CITY OF TEA TREE GULLY,Cat,Male,Registered,N,Y,15
575,CITY OF TEA TREE GULLY,Cat,Male,Registered,Y,N,210
576,CITY OF TEA TREE GULLY,Cat,Male,Registered,Y,Y,1362
577,CITY OF TEA TREE GULLY,Cat,Male,Unregistered,N,N,6
578,CITY OF TEA TREE GULLY,Cat,Male,Unregistered,N,Y,15
579,CITY OF TEA TREE GULLY,Cat,Male,Unregistered,Y,N,176
580,CITY OF TEA TREE GULLY,Cat,Male,Unregistered,Y,Y,715
581,CITY OF TEA TREE GULLY,Dog,Female,Registered,N,N,114
582,CITY OF TEA TREE GULLY,Dog,Female,Registered,N,Y,62
583,CITY OF TEA TREE GULLY,Dog,Female,Registered,Y,N,1346
584,CITY OF TEA TREE GULLY,Dog,Female,Registered,Y,Y,6462
585,CITY OF TEA TREE GULLY,Dog,Female,Unregistered,N,N,101
586,CITY OF TEA TREE GULLY,Dog,Female,Unregistered,N,Y,42
587,CITY OF TEA TREE GULLY,Dog,Female,Unregistered,Y,N,221
588,CITY OF TEA TREE GULLY,Dog,Female,Unregistered,Y,Y,545
589,CITY OF TEA TREE GULLY,Dog,Male,Registered,N,N,155
590,CITY OF TEA TREE GULLY,Dog,Male,Registered,N,Y,73
591,CITY OF TEA TREE GULLY,Dog,Male,Registered,Y,N,1625
592,CITY OF TEA TREE GULLY,Dog,Male,Registered,Y,Y,6450
593,CITY OF TEA TREE GULLY,Dog,Male,Unregistered,N,N,95
594,CITY OF TEA TREE GULLY,Dog,Male,Unregistered,N,Y,37
595,CITY OF TEA TREE GULLY,Dog,Male,Unregistered,Y,N,314
596,CITY OF TEA TREE GULLY,Dog,Male,Unregistered,Y,Y,684
597,CITY OF TEA TREE GULLY,Dog,Unknown,Registered,N,Y,1
598,CITY OF TEA TREE GULLY,Dog,Unknown,Registered,Y,Y,18
599,CITY OF TEA TREE GULLY,Dog,Unknown,Unregistered,Y,Y,1
600,CITY OF UNLEY,Cat,Female,Registered,N,N,1
601,CITY OF UNLEY,Cat,Female,Registered,N,Y,1
602,CITY OF UNLEY,Cat,Female,Registered,Y,N,33
603,CITY OF UNLEY,Cat,Female,Registered,Y,Y,613
604,CITY OF UNLEY,Cat,Female,Unregistered,N,N,1
605,CITY OF UNLEY,Cat,Female,Unregistered,Y,N,7
606,CITY OF UNLEY,Cat,Female,Unregistered,Y,Y,115
607,CITY OF UNLEY,Cat,Male,Registered,N,N,1
608,CITY OF UNLEY,Cat,Male,Registered,N,Y,3
609,CITY OF UNLEY,Cat,Male,Registered,Y,N,35
610,CITY OF UNLEY,Cat,Male,Registered,Y,Y,632
611,CITY OF UNLEY,Cat,Male,Unregistered,N,Y,1
612,CITY OF UNLEY,Cat,Male,Unregistered,Y,N,7
613,CITY OF UNLEY,Cat,Male,Unregistered,Y,Y,94
614,CITY OF UNLEY,Cat,Unknown,Registered,Y,Y,1
615,CITY OF UNLEY,Dog,Female,Registered,N,N,7
616,CITY OF UNLEY,Dog,Female,Registered,N,Y,13
617,CITY OF UNLEY,Dog,Female,Registered,Y,N,247
618,CITY OF UNLEY,Dog,Female,Registered,Y,Y,2129
619,CITY OF UNLEY,Dog,Female,Unregistered,N,N,2
620,CITY OF UNLEY,Dog,Female,Unregistered,Y,N,3
621,CITY OF UNLEY,Dog,Female,Unregistered,Y,Y,5
622,CITY OF UNLEY,Dog,Male,Registered,N,N,13
623,CITY OF UNLEY,Dog,Male,Registered,N,Y,15
624,CITY OF UNLEY,Dog,Male,Registered,Y,N,290
625,CITY OF UNLEY,Dog,Male,Registered,Y,Y,2237
626,CITY OF UNLEY,Dog,Male,Unregistered,N,N,1
627,CITY OF UNLEY,Dog,Male,Unregistered,Y,N,5
628,CITY OF UNLEY,Dog,Male,Unregistered,Y,Y,5
629,CITY OF VICTOR HARBOR,Cat,Female,Registered,N,N,4
630,CITY OF VICTOR HARBOR,Cat,Female,Registered,N,Y,9
631,CITY OF VICTOR HARBOR,Cat,Female,Registered,Y,N,19
632,CITY OF VICTOR HARBOR,Cat,Female,Registered,Y,Y,453
633,CITY OF VICTOR HARBOR,Cat,Female,Unregistered,N,N,2
634,CITY OF VICTOR HARBOR,Cat,Female,Unregistered,N,Y,8
635,CITY OF VICTOR HARBOR,Cat,Female,Unregistered,Y,N,5
636,CITY OF VICTOR HARBOR,Cat,Female,Unregistered,Y,Y,70
637,CITY OF VICTOR HARBOR,Cat,Male,Registered,N,N,1
638,CITY OF VICTOR HARBOR,Cat,Male,Registered,N,Y,7
639,CITY OF VICTOR HARBOR,Cat,Male,Registered,Y,N,10
640,CITY OF VICTOR HARBOR,Cat,Male,Registered,Y,Y,373
641,CITY OF VICTOR HARBOR,Cat,Male,Unregistered,N,Y,2
642,CITY OF VICTOR HARBOR,Cat,Male,Unregistered,Y,N,5
643,CITY OF VICTOR HARBOR,Cat,Male,Unregistered,Y,Y,69
644,CITY OF VICTOR HARBOR,Dog,Female,Registered,N,N,31
645,CITY OF VICTOR HARBOR,Dog,Female,Registered,N,Y,14
646,CITY OF VICTOR HARBOR,Dog,Female,Registered,Y,N,341
647,CITY OF VICTOR HARBOR,Dog,Female,Registered,Y,Y,1416
648,CITY OF VICTOR HARBOR,Dog,Female,Unregistered,N,N,14
649,CITY OF VICTOR HARBOR,Dog,Female,Unregistered,N,Y,4
650,CITY OF VICTOR HARBOR,Dog,Female,Unregistered,Y,N,61
651,CITY OF VICTOR HARBOR,Dog,Female,Unregistered,Y,Y,104
652,CITY OF VICTOR HARBOR,Dog,Male,Registered,N,N,37
653,CITY OF VICTOR HARBOR,Dog,Male,Registered,N,Y,19
654,CITY OF VICTOR HARBOR,Dog,Male,Registered,Y,N,321
655,CITY OF VICTOR HARBOR,Dog,Male,Registered,Y,Y,1219
656,CITY OF VICTOR HARBOR,Dog,Male,Unregistered,N,N,21
657,CITY OF VICTOR HARBOR,Dog,Male,Unregistered,N,Y,1
658,CITY OF VICTOR HARBOR,Dog,Male,Unregistered,Y,N,54
659,CITY OF VICTOR HARBOR,Dog,Male,Unregistered,Y,Y,95
660,CITY OF WEST TORRENS,Cat,Female,Registered,N,N,3
661,CITY OF WEST TORRENS,Cat,Female,Registered,N,Y,5
662,CITY OF WEST TORRENS,Cat,Female,Registered,Y,N,120
663,CITY OF WEST TORRENS,Cat,Female,Registered,Y,Y,712
664,CITY OF WEST TORRENS,Cat,Female,Unregistered,N,N,1
665,CITY OF WEST TORRENS,Cat,Female,Unregistered,N,Y,9
666,CITY OF WEST TORRENS,Cat,Female,Unregistered,Y,N,117
667,CITY OF WEST TORRENS,Cat,Female,Unregistered,Y,Y,620
668,CITY OF WEST TORRENS,Cat,Male,Registered,N,N,3
669,CITY OF WEST TORRENS,Cat,Male,Registered,N,Y,2
670,CITY OF WEST TORRENS,Cat,Male,Registered,Y,N,94
671,CITY OF WEST TORRENS,Cat,Male,Registered,Y,Y,682
672,CITY OF WEST TORRENS,Cat,Male,Unregistered,N,N,3
673,CITY OF WEST TORRENS,Cat,Male,Unregistered,N,Y,2
674,CITY OF WEST TORRENS,Cat,Male,Unregistered,Y,N,112
675,CITY OF WEST TORRENS,Cat,Male,Unregistered,Y,Y,631
676,CITY OF WEST TORRENS,Dog,Female,Registered,N,N,31
677,CITY OF WEST TORRENS,Dog,Female,Registered,N,Y,16
678,CITY OF WEST TORRENS,Dog,Female,Registered,Y,N,395
679,CITY OF WEST TORRENS,Dog,Female,Registered,Y,Y,2765
680,CITY OF WEST TORRENS,Dog,Female,Unregistered,N,N,15
681,CITY OF WEST TORRENS,Dog,Female,Unregistered,N,Y,2
682,CITY OF WEST TORRENS,Dog,Female,Unregistered,Y,N,53
683,CITY OF WEST TORRENS,Dog,Female,Unregistered,Y,Y,106
684,CITY OF WEST TORRENS,Dog,Male,Registered,N,N,47
685,CITY OF WEST TORRENS,Dog,Male,Registered,N,Y,15
686,CITY OF WEST TORRENS,Dog,Male,Registered,Y,N,519
687,CITY OF WEST TORRENS,Dog,Male,Registered,Y,Y,3056
688,CITY OF WEST TORRENS,Dog,Male,Unregistered,N,N,25
689,CITY OF WEST TORRENS,Dog,Male,Unregistered,N,Y,5
690,CITY OF WEST TORRENS,Dog,Male,Unregistered,Y,N,59
691,CITY OF WEST TORRENS,Dog,Male,Unregistered,Y,Y,112
692,CITY OF WEST TORRENS,Dog,Unknown,Registered,Y,Y,1
693,CLARE AND GILBERT VALLEYS COUNCIL,Cat,Female,Registered,N,N,2
694,CLARE AND GILBERT VALLEYS COUNCIL,Cat,Female,Registered,N,Y,5
695,CLARE AND GILBERT VALLEYS COUNCIL,Cat,Female,Registered,Y,N,35
696,CLARE AND GILBERT VALLEYS COUNCIL,Cat,Female,Registered,Y,Y,193
697,CLARE AND GILBERT VALLEYS COUNCIL,Cat,Female,Unregistered,N,Y,3
698,CLARE AND GILBERT VALLEYS COUNCIL,Cat,Female,Unregistered,Y,N,11
699,CLARE AND GILBERT VALLEYS COUNCIL,Cat,Female,Unregistered,Y,Y,73
700,CLARE AND GILBERT VALLEYS COUNCIL,Cat,Male,Registered,N,N,5
701,CLARE AND GILBERT VALLEYS COUNCIL,Cat,Male,Registered,N,Y,5
702,CLARE AND GILBERT VALLEYS COUNCIL,Cat,Male,Registered,Y,N,34
703,CLARE AND GILBERT VALLEYS COUNCIL,Cat,Male,Registered,Y,Y,174
704,CLARE AND GILBERT VALLEYS COUNCIL,Cat,Male,Unregistered,N,Y,2
705,CLARE AND GILBERT VALLEYS COUNCIL,Cat,Male,Unregistered,Y,N,9
706,CLARE AND GILBERT VALLEYS COUNCIL,Cat,Male,Unregistered,Y,Y,78
707,CLARE AND GILBERT VALLEYS COUNCIL,Dog,Female,Registered,N,N,68
708,CLARE AND GILBERT VALLEYS COUNCIL,Dog,Female,Registered,N,Y,30
709,CLARE AND GILBERT VALLEYS COUNCIL,Dog,Female,Registered,Y,N,406
710,CLARE AND GILBERT VALLEYS COUNCIL,Dog,Female,Registered,Y,Y,748
711,CLARE AND GILBERT VALLEYS COUNCIL,Dog,Female,Unregistered,N,N,30
712,CLARE AND GILBERT VALLEYS COUNCIL,Dog,Female,Unregistered,N,Y,11
713,CLARE AND GILBERT VALLEYS COUNCIL,Dog,Female,Unregistered,Y,N,52
714,CLARE AND GILBERT VALLEYS COUNCIL,Dog,Female,Unregistered,Y,Y,54
715,CLARE AND GILBERT VALLEYS COUNCIL,Dog,Male,Registered,N,N,57
716,CLARE AND GILBERT VALLEYS COUNCIL,Dog,Male,Registered,N,Y,35
717,CLARE AND GILBERT VALLEYS COUNCIL,Dog,Male,Registered,Y,N,343
718,CLARE AND GILBERT VALLEYS COUNCIL,Dog,Male,Registered,Y,Y,713
719,CLARE AND GILBERT VALLEYS COUNCIL,Dog,Male,Unregistered,N,N,33
720,CLARE AND GILBERT VALLEYS COUNCIL,Dog,Male,Unregistered,N,Y,11
721,CLARE AND GILBERT VALLEYS COUNCIL,Dog,Male,Unregistered,Y,N,58
722,CLARE AND GILBERT VALLEYS COUNCIL,Dog,Male,Unregistered,Y,Y,63
723,COORONG DISTRICT COUNCIL,Cat,Female,Registered,N,N,3
724,COORONG DISTRICT COUNCIL,Cat,Female,Registered,N,Y,3
725,COORONG DISTRICT COUNCIL,Cat,Female,Registered,Y,N,49
726,COORONG DISTRICT COUNCIL,Cat,Female,Registered,Y,Y,223
727,COORONG DISTRICT COUNCIL,Cat,Female,Unregistered,Y,Y,1
728,COORONG DISTRICT COUNCIL,Cat,Male,Registered,N,N,3
729,COORONG DISTRICT COUNCIL,Cat,Male,Registered,N,Y,8
730,COORONG DISTRICT COUNCIL,Cat,Male,Registered,Y,N,50
731,COORONG DISTRICT COUNCIL,Cat,Male,Registered,Y,Y,234
732,COORONG DISTRICT COUNCIL,Dog,Female,Registered,N,N,14
733,COORONG DISTRICT COUNCIL,Dog,Female,Registered,N,Y,8
734,COORONG DISTRICT COUNCIL,Dog,Female,Registered,Y,N,454
735,COORONG DISTRICT COUNCIL,Dog,Female,Registered,Y,Y,439
736,COORONG DISTRICT COUNCIL,Dog,Female,Unregistered,N,N,1
737,COORONG DISTRICT COUNCIL,Dog,Female,Unregistered,N,Y,1
738,COORONG DISTRICT COUNCIL,Dog,Female,Unregistered,Y,N,66
739,COORONG DISTRICT COUNCIL,Dog,Female,Unregistered,Y,Y,27
740,COORONG DISTRICT COUNCIL,Dog,Male,Registered,N,N,20
741,COORONG DISTRICT COUNCIL,Dog,Male,Registered,N,Y,6
742,COORONG DISTRICT COUNCIL,Dog,Male,Registered,Y,N,424
743,COORONG DISTRICT COUNCIL,Dog,Male,Registered,Y,Y,416
744,COORONG DISTRICT COUNCIL,Dog,Male,Unregistered,N,N,1
745,COORONG DISTRICT COUNCIL,Dog,Male,Unregistered,Y,N,67
746,COORONG DISTRICT COUNCIL,Dog,Male,Unregistered,Y,Y,30
747,COPPER COAST COUNCIL,Cat,Female,Registered,N,N,2
748,COPPER COAST COUNCIL,Cat,Female,Registered,N,Y,2
749,COPPER COAST COUNCIL,Cat,Female,Registered,Y,N,69
750,COPPER COAST COUNCIL,Cat,Female,Registered,Y,Y,413
751,COPPER COAST COUNCIL,Cat,Female,Unregistered,N,N,2
752,COPPER COAST COUNCIL,Cat,Female,Unregistered,N,Y,5
753,COPPER COAST COUNCIL,Cat,Female,Unregistered,Y,N,19
754,COPPER COAST COUNCIL,Cat,Female,Unregistered,Y,Y,164
755,COPPER COAST COUNCIL,Cat,Male,Registered,N,N,2
756,COPPER COAST COUNCIL,Cat,Male,Registered,N,Y,5
757,COPPER COAST COUNCIL,Cat,Male,Registered,Y,N,62
758,COPPER COAST COUNCIL,Cat,Male,Registered,Y,Y,341
759,COPPER COAST COUNCIL,Cat,Male,Unregistered,N,N,1
760,COPPER COAST COUNCIL,Cat,Male,Unregistered,Y,N,17
761,COPPER COAST COUNCIL,Cat,Male,Unregistered,Y,Y,173
762,COPPER COAST COUNCIL,Dog,Female,Registered,N,N,5
763,COPPER COAST COUNCIL,Dog,Female,Registered,N,Y,3
764,COPPER COAST COUNCIL,Dog,Female,Registered,Y,N,345
765,COPPER COAST COUNCIL,Dog,Female,Registered,Y,Y,1382
766,COPPER COAST COUNCIL,Dog,Female,Unregistered,N,N,3
767,COPPER COAST COUNCIL,Dog,Female,Unregistered,N,Y,1
768,COPPER COAST COUNCIL,Dog,Female,Unregistered,Y,N,21
769,COPPER COAST COUNCIL,Dog,Female,Unregistered,Y,Y,24
770,COPPER COAST COUNCIL,Dog,Male,Registered,N,N,2
771,COPPER COAST COUNCIL,Dog,Male,Registered,Y,N,379
772,COPPER COAST COUNCIL,Dog,Male,Registered,Y,Y,1285
773,COPPER COAST COUNCIL,Dog,Male,Unregistered,N,N,6
774,COPPER COAST COUNCIL,Dog,Male,Unregistered,Y,N,27
775,COPPER COAST COUNCIL,Dog,Male,Unregistered,Y,Y,40
776,DC OF ELLISTON,Cat,Female,Registered,N,Y,1
777,DC OF ELLISTON,Cat,Female,Registered,Y,N,1
778,DC OF ELLISTON,Cat,Female,Registered,Y,Y,38
779,DC OF ELLISTON,Cat,Male,Registered,N,Y,1
780,DC OF ELLISTON,Cat,Male,Registered,Y,Y,29
781,DC OF ELLISTON,Cat,Male,Unregistered,Y,Y,1
782,DC OF ELLISTON,Dog,Female,Registered,N,N,2
783,DC OF ELLISTON,Dog,Female,Registered,Y,N,65
784,DC OF ELLISTON,Dog,Female,Registered,Y,Y,96
785,DC OF ELLISTON,Dog,Female,Unregistered,Y,N,2
786,DC OF ELLISTON,Dog,Male,Registered,N,N,3
787,DC OF ELLISTON,Dog,Male,Registered,N,Y,2
788,DC OF ELLISTON,Dog,Male,Registered,Y,N,82
789,DC OF ELLISTON,Dog,Male,Registered,Y,Y,80
790,DC OF ROBE,Cat,Female,Registered,Y,N,1
791,DC OF ROBE,Cat,Female,Registered,Y,Y,16
792,DC OF ROBE,Cat,Female,Unregistered,Y,Y,8
793,DC OF ROBE,Cat,Male,Registered,N,N,1
794,DC OF ROBE,Cat,Male,Registered,Y,N,3
795,DC OF ROBE,Cat,Male,Registered,Y,Y,15
796,DC OF ROBE,Cat,Male,Unregistered,Y,N,1
797,DC OF ROBE,Cat,Male,Unregistered,Y,Y,6
798,DC OF ROBE,Dog,Female,Registered,N,N,19
799,DC OF ROBE,Dog,Female,Registered,N,Y,6
800,DC OF ROBE,Dog,Female,Registered,Y,N,66
801,DC OF ROBE,Dog,Female,Registered,Y,Y,132
802,DC OF ROBE,Dog,Female,Unregistered,Y,N,3
803,DC OF ROBE,Dog,Female,Unregistered,Y,Y,2
804,DC OF ROBE,Dog,Male,Registered,N,N,18
805,DC OF ROBE,Dog,Male,Registered,N,Y,13
806,DC OF ROBE,Dog,Male,Registered,Y,N,77
807,DC OF ROBE,Dog,Male,Registered,Y,Y,137
808,DC OF ROBE,Dog,Male,Unregistered,Y,N,2
809,DC OF ROBE,Dog,Male,Unregistered,Y,Y,4
810,DISTRICT COUNCIL OF CLEVE,Cat,Female,Registered,N,N,3
811,DISTRICT COUNCIL OF CLEVE,Cat,Female,Registered,Y,N,5
812,DISTRICT COUNCIL OF CLEVE,Cat,Female,Registered,Y,Y,37
813,DISTRICT COUNCIL OF CLEVE,Cat,Female,Unregistered,Y,N,3
814,DISTRICT COUNCIL OF CLEVE,Cat,Female,Unregistered,Y,Y,13
815,DISTRICT COUNCIL OF CLEVE,Cat,Male,Registered,N,N,3
816,DISTRICT COUNCIL OF CLEVE,Cat,Male,Registered,Y,N,4
817,DISTRICT COUNCIL OF CLEVE,Cat,Male,Registered,Y,Y,34
818,DISTRICT COUNCIL OF CLEVE,Cat,Male,Unregistered,N,Y,1
819,DISTRICT COUNCIL OF CLEVE,Cat,Male,Unregistered,Y,N,4
820,DISTRICT COUNCIL OF CLEVE,Cat,Male,Unregistered,Y,Y,8
821,DISTRICT COUNCIL OF CLEVE,Dog,Female,Registered,N,N,18
822,DISTRICT COUNCIL OF CLEVE,Dog,Female,Registered,N,Y,4
823,DISTRICT COUNCIL OF CLEVE,Dog,Female,Registered,Y,N,75
824,DISTRICT COUNCIL OF CLEVE,Dog,Female,Registered,Y,Y,90
825,DISTRICT COUNCIL OF CLEVE,Dog,Female,Unregistered,N,N,3
826,DISTRICT COUNCIL OF CLEVE,Dog,Female,Unregistered,N,Y,2
827,DISTRICT COUNCIL OF CLEVE,Dog,Female,Unregistered,Y,N,21
828,DISTRICT COUNCIL OF CLEVE,Dog,Female,Unregistered,Y,Y,17
829,DISTRICT COUNCIL OF CLEVE,Dog,Male,Registered,N,N,15
830,DISTRICT COUNCIL OF CLEVE,Dog,Male,Registered,N,Y,6
831,DISTRICT COUNCIL OF CLEVE,Dog,Male,Registered,Y,N,74
832,DISTRICT COUNCIL OF CLEVE,Dog,Male,Registered,Y,Y,71
833,DISTRICT COUNCIL OF CLEVE,Dog,Male,Unregistered,N,N,6
834,DISTRICT COUNCIL OF CLEVE,Dog,Male,Unregistered,N,Y,1
835,DISTRICT COUNCIL OF CLEVE,Dog,Male,Unregistered,Y,N,10
836,DISTRICT COUNCIL OF CLEVE,Dog,Male,Unregistered,Y,Y,18
837,INTERSTATE COUNCIL,Cat,Female,Registered,N,N,3
838,INTERSTATE COUNCIL,Cat,Female,Registered,Y,N,6
839,INTERSTATE COUNCIL,Cat,Female,Registered,Y,Y,35
840,INTERSTATE COUNCIL,Cat,Female,Unregistered,N,N,2
841,INTERSTATE COUNCIL,Cat,Female,Unregistered,N,Y,4
842,INTERSTATE COUNCIL,Cat,Female,Unregistered,Y,N,35
843,INTERSTATE COUNCIL,Cat,Female,Unregistered,Y,Y,191
844,INTERSTATE COUNCIL,Cat,Male,Registered,Y,N,4
845,INTERSTATE COUNCIL,Cat,Male,Registered,Y,Y,39
846,INTERSTATE COUNCIL,Cat,Male,Unregistered,Y,N,37
847,INTERSTATE COUNCIL,Cat,Male,Unregistered,Y,Y,182
848,INTERSTATE COUNCIL,Dog,Female,Registered,N,N,4
849,INTERSTATE COUNCIL,Dog,Female,Registered,Y,N,47
850,INTERSTATE COUNCIL,Dog,Female,Registered,Y,Y,79
851,INTERSTATE COUNCIL,Dog,Female,Unregistered,N,N,28
852,INTERSTATE COUNCIL,Dog,Female,Unregistered,N,Y,4
853,INTERSTATE COUNCIL,Dog,Female,Unregistered,Y,N,490
854,INTERSTATE COUNCIL,Dog,Female,Unregistered,Y,Y,596
855,INTERSTATE COUNCIL,Dog,Male,Registered,N,N,3
856,INTERSTATE COUNCIL,Dog,Male,Registered,Y,N,44
857,INTERSTATE COUNCIL,Dog,Male,Registered,Y,Y,77
858,INTERSTATE COUNCIL,Dog,Male,Unregistered,N,N,26
859,INTERSTATE COUNCIL,Dog,Male,Unregistered,N,Y,9
860,INTERSTATE COUNCIL,Dog,Male,Unregistered,Y,N,560
861,INTERSTATE COUNCIL,Dog,Male,Unregistered,Y,Y,648
862,KANGAROO ISLAND COUNCIL,Cat,Female,Registered,Y,N,2
863,KANGAROO ISLAND COUNCIL,Cat,Female,Registered,Y,Y,116
864,KANGAROO ISLAND COUNCIL,Cat,Female,Unregistered,N,N,1
865,KANGAROO ISLAND COUNCIL,Cat,Female,Unregistered,Y,Y,28
866,KANGAROO ISLAND COUNCIL,Cat,Male,Registered,Y,N,1
867,KANGAROO ISLAND COUNCIL,Cat,Male,Registered,Y,Y,88
868,KANGAROO ISLAND COUNCIL,Cat,Male,Unregistered,Y,N,5
869,KANGAROO ISLAND COUNCIL,Cat,Male,Unregistered,Y,Y,16
870,KANGAROO ISLAND COUNCIL,Dog,Female,Registered,N,N,3
871,KANGAROO ISLAND COUNCIL,Dog,Female,Registered,Y,N,221
872,KANGAROO ISLAND COUNCIL,Dog,Female,Registered,Y,Y,492
873,KANGAROO ISLAND COUNCIL,Dog,Female,Unregistered,N,N,12
874,KANGAROO ISLAND COUNCIL,Dog,Female,Unregistered,Y,N,60
875,KANGAROO ISLAND COUNCIL,Dog,Female,Unregistered,Y,Y,98
876,KANGAROO ISLAND COUNCIL,Dog,Male,Registered,N,N,5
877,KANGAROO ISLAND COUNCIL,Dog,Male,Registered,N,Y,2
878,KANGAROO ISLAND COUNCIL,Dog,Male,Registered,Y,N,243
879,KANGAROO ISLAND COUNCIL,Dog,Male,Registered,Y,Y,388
880,KANGAROO ISLAND COUNCIL,Dog,Male,Unregistered,N,N,8
881,KANGAROO ISLAND COUNCIL,Dog,Male,Unregistered,Y,N,75
882,KANGAROO ISLAND COUNCIL,Dog,Male,Unregistered,Y,Y,73
883,KINGSTON DC,Cat,Female,Registered,Y,N,2
884,KINGSTON DC,Cat,Female,Registered,Y,Y,19
885,KINGSTON DC,Cat,Female,Unregistered,Y,N,1
886,KINGSTON DC,Cat,Male,Registered,N,N,1
887,KINGSTON DC,Cat,Male,Registered,Y,Y,18
888,KINGSTON DC,Cat,Male,Unregistered,Y,N,1
889,KINGSTON DC,Dog,Female,Registered,N,N,23
890,KINGSTON DC,Dog,Female,Registered,N,Y,7
891,KINGSTON DC,Dog,Female,Registered,Y,N,134
892,KINGSTON DC,Dog,Female,Registered,Y,Y,196
893,KINGSTON DC,Dog,Female,Unregistered,N,N,1
894,KINGSTON DC,Dog,Female,Unregistered,Y,N,7
895,KINGSTON DC,Dog,Female,Unregistered,Y,Y,3
896,KINGSTON DC,Dog,Male,Registered,N,N,25
897,KINGSTON DC,Dog,Male,Registered,N,Y,9
898,KINGSTON DC,Dog,Male,Registered,Y,N,139
899,KINGSTON DC,Dog,Male,Registered,Y,Y,165
900,KINGSTON DC,Dog,Male,Unregistered,N,N,1
901,KINGSTON DC,Dog,Male,Unregistered,Y,N,12
902,KINGSTON DC,Dog,Male,Unregistered,Y,Y,3
903,LIGHT REGIONAL COUNCIL,Cat,Female,Registered,N,N,5
904,LIGHT REGIONAL COUNCIL,Cat,Female,Registered,N,Y,2
905,LIGHT REGIONAL COUNCIL,Cat,Female,Registered,Y,N,42
906,LIGHT REGIONAL COUNCIL,Cat,Female,Registered,Y,Y,275
907,LIGHT REGIONAL COUNCIL,Cat,Female,Unregistered,N,N,2
908,LIGHT REGIONAL COUNCIL,Cat,Female,Unregistered,N,Y,2
909,LIGHT REGIONAL COUNCIL,Cat,Female,Unregistered,Y,N,34
910,LIGHT REGIONAL COUNCIL,Cat,Female,Unregistered,Y,Y,152
911,LIGHT REGIONAL COUNCIL,Cat,Male,Registered,N,N,1
912,LIGHT REGIONAL COUNCIL,Cat,Male,Registered,N,Y,2
913,LIGHT REGIONAL COUNCIL,Cat,Male,Registered,Y,N,34
914,LIGHT REGIONAL COUNCIL,Cat,Male,Registered,Y,Y,283
915,LIGHT REGIONAL COUNCIL,Cat,Male,Unregistered,N,N,5
916,LIGHT REGIONAL COUNCIL,Cat,Male,Unregistered,N,Y,5
917,LIGHT REGIONAL COUNCIL,Cat,Male,Unregistered,Y,N,25
918,LIGHT REGIONAL COUNCIL,Cat,Male,Unregistered,Y,Y,160
919,LIGHT REGIONAL COUNCIL,Dog,Female,Registered,N,N,64
920,LIGHT REGIONAL COUNCIL,Dog,Female,Registered,N,Y,33
921,LIGHT REGIONAL COUNCIL,Dog,Female,Registered,Y,N,512
922,LIGHT REGIONAL COUNCIL,Dog,Female,Registered,Y,Y,1418
923,LIGHT REGIONAL COUNCIL,Dog,Female,Unregistered,N,N,17
924,LIGHT REGIONAL COUNCIL,Dog,Female,Unregistered,N,Y,3
925,LIGHT REGIONAL COUNCIL,Dog,Female,Unregistered,Y,N,54
926,LIGHT REGIONAL COUNCIL,Dog,Female,Unregistered,Y,Y,48
927,LIGHT REGIONAL COUNCIL,Dog,Male,Registered,N,N,56
928,LIGHT REGIONAL COUNCIL,Dog,Male,Registered,N,Y,32
929,LIGHT REGIONAL COUNCIL,Dog,Male,Registered,Y,N,565
930,LIGHT REGIONAL COUNCIL,Dog,Male,Registered,Y,Y,1470
931,LIGHT REGIONAL COUNCIL,Dog,Male,Unregistered,N,N,19
932,LIGHT REGIONAL COUNCIL,Dog,Male,Unregistered,N,Y,3
933,LIGHT REGIONAL COUNCIL,Dog,Male,Unregistered,Y,N,44
934,LIGHT REGIONAL COUNCIL,Dog,Male,Unregistered,Y,Y,68
935,MID MURRAY COUNCIL,Cat,Female,Registered,N,N,4
936,MID MURRAY COUNCIL,Cat,Female,Registered,N,Y,7
937,MID MURRAY COUNCIL,Cat,Female,Registered,Y,N,15
938,MID MURRAY COUNCIL,Cat,Female,Registered,Y,Y,159
939,MID MURRAY COUNCIL,Cat,Female,Unregistered,N,N,6
940,MID MURRAY COUNCIL,Cat,Female,Unregistered,N,Y,3
941,MID MURRAY COUNCIL,Cat,Female,Unregistered,Y,N,6
942,MID MURRAY COUNCIL,Cat,Female,Unregistered,Y,Y,65
943,MID MURRAY COUNCIL,Cat,Male,Registered,N,N,1
944,MID MURRAY COUNCIL,Cat,Male,Registered,N,Y,2
945,MID MURRAY COUNCIL,Cat,Male,Registered,Y,N,17
946,MID MURRAY COUNCIL,Cat,Male,Registered,Y,Y,152
947,MID MURRAY COUNCIL,Cat,Male,Unregistered,N,N,2
948,MID MURRAY COUNCIL,Cat,Male,Unregistered,N,Y,2
949,MID MURRAY COUNCIL,Cat,Male,Unregistered,Y,N,2
950,MID MURRAY COUNCIL,Cat,Male,Unregistered,Y,Y,64
951,MID MURRAY COUNCIL,Dog,Female,Registered,N,N,45
952,MID MURRAY COUNCIL,Dog,Female,Registered,N,Y,10
953,MID MURRAY COUNCIL,Dog,Female,Registered,Y,N,533
954,MID MURRAY COUNCIL,Dog,Female,Registered,Y,Y,959
955,MID MURRAY COUNCIL,Dog,Female,Unregistered,N,N,19
956,MID MURRAY COUNCIL,Dog,Female,Unregistered,N,Y,4
957,MID MURRAY COUNCIL,Dog,Female,Unregistered,Y,N,52
958,MID MURRAY COUNCIL,Dog,Female,Unregistered,Y,Y,29
959,MID MURRAY COUNCIL,Dog,Male,Registered,N,N,41
960,MID MURRAY COUNCIL,Dog,Male,Registered,N,Y,9
961,MID MURRAY COUNCIL,Dog,Male,Registered,Y,N,485
962,MID MURRAY COUNCIL,Dog,Male,Registered,Y,Y,868
963,MID MURRAY COUNCIL,Dog,Male,Unregistered,N,N,13
964,MID MURRAY COUNCIL,Dog,Male,Unregistered,Y,N,34
965,MID MURRAY COUNCIL,Dog,Male,Unregistered,Y,Y,38
966,MID MURRAY COUNCIL,Dog,Unknown,Registered,Y,N,1
967,MOUNT BARKER DISTRICT COUNCIL,Cat,Female,Registered,N,N,10
968,MOUNT BARKER DISTRICT COUNCIL,Cat,Female,Registered,N,Y,11
969,MOUNT BARKER DISTRICT COUNCIL,Cat,Female,Registered,Y,N,79
970,MOUNT BARKER DISTRICT COUNCIL,Cat,Female,Registered,Y,Y,1287
971,MOUNT BARKER DISTRICT COUNCIL,Cat,Female,Unregistered,N,N,8
972,MOUNT BARKER DISTRICT COUNCIL,Cat,Female,Unregistered,N,Y,3
973,MOUNT BARKER DISTRICT COUNCIL,Cat,Female,Unregistered,Y,N,31
974,MOUNT BARKER DISTRICT COUNCIL,Cat,Female,Unregistered,Y,Y,170
975,MOUNT BARKER DISTRICT COUNCIL,Cat,Male,Registered,N,N,7
976,MOUNT BARKER DISTRICT COUNCIL,Cat,Male,Registered,N,Y,10
977,MOUNT BARKER DISTRICT COUNCIL,Cat,Male,Registered,Y,N,49
978,MOUNT BARKER DISTRICT COUNCIL,Cat,Male,Registered,Y,Y,1248
979,MOUNT BARKER DISTRICT COUNCIL,Cat,Male,Unregistered,N,N,3
980,MOUNT BARKER DISTRICT COUNCIL,Cat,Male,Unregistered,N,Y,2
981,MOUNT BARKER DISTRICT COUNCIL,Cat,Male,Unregistered,Y,N,34
982,MOUNT BARKER DISTRICT COUNCIL,Cat,Male,Unregistered,Y,Y,201
983,MOUNT BARKER DISTRICT COUNCIL,Cat,Unknown,Registered,Y,Y,1
984,MOUNT BARKER DISTRICT COUNCIL,Dog,Female,Registered,N,N,113
985,MOUNT BARKER DISTRICT COUNCIL,Dog,Female,Registered,N,Y,74
986,MOUNT BARKER DISTRICT COUNCIL,Dog,Female,Registered,Y,N,1074
987,MOUNT BARKER DISTRICT COUNCIL,Dog,Female,Registered,Y,Y,3382
988,MOUNT BARKER DISTRICT COUNCIL,Dog,Female,Unregistered,N,N,10
989,MOUNT BARKER DISTRICT COUNCIL,Dog,Female,Unregistered,N,Y,6
990,MOUNT BARKER DISTRICT COUNCIL,Dog,Female,Unregistered,Y,N,20
991,MOUNT BARKER DISTRICT COUNCIL,Dog,Female,Unregistered,Y,Y,31
992,MOUNT BARKER DISTRICT COUNCIL,Dog,Male,Registered,N,N,91
993,MOUNT BARKER DISTRICT COUNCIL,Dog,Male,Registered,N,Y,78
994,MOUNT BARKER DISTRICT COUNCIL,Dog,Male,Registered,Y,N,995
995,MOUNT BARKER DISTRICT COUNCIL,Dog,Male,Registered,Y,Y,3595
996,MOUNT BARKER DISTRICT COUNCIL,Dog,Male,Unregistered,N,N,8
997,MOUNT BARKER DISTRICT COUNCIL,Dog,Male,Unregistered,N,Y,3
998,MOUNT BARKER DISTRICT COUNCIL,Dog,Male,Unregistered,Y,N,12
999,MOUNT BARKER DISTRICT COUNCIL,Dog,Male,Unregistered,Y,Y,52
1000,MOUNT BARKER DISTRICT COUNCIL,Dog,Unknown,Registered,Y,Y,4
1001,MUNICIPAL COUNCIL OF ROXBY DOWNS,Cat,Female,Registered,N,N,3
1002,MUNICIPAL COUNCIL OF ROXBY DOWNS,Cat,Female,Registered,N,Y,3
1003,MUNICIPAL COUNCIL OF ROXBY DOWNS,Cat,Female,Registered,Y,N,5
1004,MUNICIPAL COUNCIL OF ROXBY DOWNS,Cat,Female,Registered,Y,Y,52
1005,MUNICIPAL COUNCIL OF ROXBY DOWNS,Cat,Female,Unregistered,Y,Y,4
1006,MUNICIPAL COUNCIL OF ROXBY DOWNS,Cat,Male,Registered,N,N,3
1007,MUNICIPAL COUNCIL OF ROXBY DOWNS,Cat,Male,Registered,Y,N,8
1008,MUNICIPAL COUNCIL OF ROXBY DOWNS,Cat,Male,Registered,Y,Y,60
1009,MUNICIPAL COUNCIL OF ROXBY DOWNS,Cat,Male,Unregistered,Y,N,1
1010,MUNICIPAL COUNCIL OF ROXBY DOWNS,Cat,Male,Unregistered,Y,Y,9
1011,MUNICIPAL COUNCIL OF ROXBY DOWNS,Dog,Female,Registered,N,N,12
1012,MUNICIPAL COUNCIL OF ROXBY DOWNS,Dog,Female,Registered,N,Y,1
1013,MUNICIPAL COUNCIL OF ROXBY DOWNS,Dog,Female,Registered,Y,N,60
1014,MUNICIPAL COUNCIL OF ROXBY DOWNS,Dog,Female,Registered,Y,Y,206
1015,MUNICIPAL COUNCIL OF ROXBY DOWNS,Dog,Female,Unregistered,N,N,5
1016,MUNICIPAL COUNCIL OF ROXBY DOWNS,Dog,Female,Unregistered,N,Y,1
1017,MUNICIPAL COUNCIL OF ROXBY DOWNS,Dog,Female,Unregistered,Y,N,11
1018,MUNICIPAL COUNCIL OF ROXBY DOWNS,Dog,Female,Unregistered,Y,Y,26
1019,MUNICIPAL COUNCIL OF ROXBY DOWNS,Dog,Male,Registered,N,N,7
1020,MUNICIPAL COUNCIL OF ROXBY DOWNS,Dog,Male,Registered,N,Y,2
1021,MUNICIPAL COUNCIL OF ROXBY DOWNS,Dog,Male,Registered,Y,N,94
1022,MUNICIPAL COUNCIL OF ROXBY DOWNS,Dog,Male,Registered,Y,Y,204
1023,MUNICIPAL COUNCIL OF ROXBY DOWNS,Dog,Male,Unregistered,N,N,4
1024,MUNICIPAL COUNCIL OF ROXBY DOWNS,Dog,Male,Unregistered,Y,N,25
1025,MUNICIPAL COUNCIL OF ROXBY DOWNS,Dog,Male,Unregistered,Y,Y,23
1026,MUNICIPAL COUNCIL OF ROXBY DOWNS,Dog,Unknown,Unregistered,N,Y,1
1027,NARACOORTE LUCINDALE COUNCIL,Cat,Female,Registered,N,N,2
1028,NARACOORTE LUCINDALE COUNCIL,Cat,Female,Registered,N,Y,4
1029,NARACOORTE LUCINDALE COUNCIL,Cat,Female,Registered,Y,N,22
1030,NARACOORTE LUCINDALE COUNCIL,Cat,Female,Registered,Y,Y,77
1031,NARACOORTE LUCINDALE COUNCIL,Cat,Female,Unregistered,N,Y,1
1032,NARACOORTE LUCINDALE COUNCIL,Cat,Female,Unregistered,Y,N,16
1033,NARACOORTE LUCINDALE COUNCIL,Cat,Female,Unregistered,Y,Y,30
1034,NARACOORTE LUCINDALE COUNCIL,Cat,Male,Registered,N,N,2
1035,NARACOORTE LUCINDALE COUNCIL,Cat,Male,Registered,N,Y,2
1036,NARACOORTE LUCINDALE COUNCIL,Cat,Male,Registered,Y,N,22
1037,NARACOORTE LUCINDALE COUNCIL,Cat,Male,Registered,Y,Y,69
1038,NARACOORTE LUCINDALE COUNCIL,Cat,Male,Unregistered,N,Y,1
1039,NARACOORTE LUCINDALE COUNCIL,Cat,Male,Unregistered,Y,N,17
1040,NARACOORTE LUCINDALE COUNCIL,Cat,Male,Unregistered,Y,Y,23
1041,NARACOORTE LUCINDALE COUNCIL,Dog,Female,Registered,N,N,104
1042,NARACOORTE LUCINDALE COUNCIL,Dog,Female,Registered,N,Y,36
1043,NARACOORTE LUCINDALE COUNCIL,Dog,Female,Registered,Y,N,414
1044,NARACOORTE LUCINDALE COUNCIL,Dog,Female,Registered,Y,Y,550
1045,NARACOORTE LUCINDALE COUNCIL,Dog,Female,Unregistered,N,N,24
1046,NARACOORTE LUCINDALE COUNCIL,Dog,Female,Unregistered,N,Y,3
1047,NARACOORTE LUCINDALE COUNCIL,Dog,Female,Unregistered,Y,N,50
1048,NARACOORTE LUCINDALE COUNCIL,Dog,Female,Unregistered,Y,Y,31
1049,NARACOORTE LUCINDALE COUNCIL,Dog,Male,Registered,N,N,145
1050,NARACOORTE LUCINDALE COUNCIL,Dog,Male,Registered,N,Y,19
1051,NARACOORTE LUCINDALE COUNCIL,Dog,Male,Registered,Y,N,412
1052,NARACOORTE LUCINDALE COUNCIL,Dog,Male,Registered,Y,Y,521
1053,NARACOORTE LUCINDALE COUNCIL,Dog,Male,Unregistered,N,N,27
1054,NARACOORTE LUCINDALE COUNCIL,Dog,Male,Unregistered,N,Y,8
1055,NARACOORTE LUCINDALE COUNCIL,Dog,Male,Unregistered,Y,N,51
1056,NARACOORTE LUCINDALE COUNCIL,Dog,Male,Unregistered,Y,Y,48
1057,NORTHERN AREAS COUNCIL,Cat,Female,Registered,N,N,2
1058,NORTHERN AREAS COUNCIL,Cat,Female,Registered,N,Y,5
1059,NORTHERN AREAS COUNCIL,Cat,Female,Registered,Y,N,31
1060,NORTHERN AREAS COUNCIL,Cat,Female,Registered,Y,Y,129
1061,NORTHERN AREAS COUNCIL,Cat,Female,Unregistered,Y,N,1
1062,NORTHERN AREAS COUNCIL,Cat,Female,Unregistered,Y,Y,5
1063,NORTHERN AREAS COUNCIL,Cat,Male,Registered,N,N,3
1064,NORTHERN AREAS COUNCIL,Cat,Male,Registered,N,Y,10
1065,NORTHERN AREAS COUNCIL,Cat,Male,Registered,Y,N,23
1066,NORTHERN AREAS COUNCIL,Cat,Male,Registered,Y,Y,102
1067,NORTHERN AREAS COUNCIL,Cat,Male,Unregistered,Y,N,1
1068,NORTHERN AREAS COUNCIL,Cat,Male,Unregistered,Y,Y,2
1069,NORTHERN AREAS COUNCIL,Dog,Female,Registered,N,N,48
1070,NORTHERN AREAS COUNCIL,Dog,Female,Registered,N,Y,14
1071,NORTHERN AREAS COUNCIL,Dog,Female,Registered,Y,N,303
1072,NORTHERN AREAS COUNCIL,Dog,Female,Registered,Y,Y,362
1073,NORTHERN AREAS COUNCIL,Dog,Female,Unregistered,N,N,4
1074,NORTHERN AREAS COUNCIL,Dog,Female,Unregistered,N,Y,1
1075,NORTHERN AREAS COUNCIL,Dog,Female,Unregistered,Y,N,8
1076,NORTHERN AREAS COUNCIL,Dog,Female,Unregistered,Y,Y,11
1077,NORTHERN AREAS COUNCIL,Dog,Male,Registered,N,N,69
1078,NORTHERN AREAS COUNCIL,Dog,Male,Registered,N,Y,11
1079,NORTHERN AREAS COUNCIL,Dog,Male,Registered,Y,N,254
1080,NORTHERN AREAS COUNCIL,Dog,Male,Registered,Y,Y,326
1081,NORTHERN AREAS COUNCIL,Dog,Male,Unregistered,N,N,6
1082,NORTHERN AREAS COUNCIL,Dog,Male,Unregistered,N,Y,1
1083,NORTHERN AREAS COUNCIL,Dog,Male,Unregistered,Y,N,14
1084,NORTHERN AREAS COUNCIL,Dog,Male,Unregistered,Y,Y,5
1085,OUTBACK COMMUNITIES AUTHORITY,Cat,Female,Registered,N,N,3
1086,OUTBACK COMMUNITIES AUTHORITY,Cat,Female,Registered,N,Y,2
1087,OUTBACK COMMUNITIES AUTHORITY,Cat,Female,Registered,Y,N,4
1088,OUTBACK COMMUNITIES AUTHORITY,Cat,Female,Registered,Y,Y,5
1089,OUTBACK COMMUNITIES AUTHORITY,Cat,Female,Unregistered,N,N,1
1090,OUTBACK COMMUNITIES AUTHORITY,Cat,Female,Unregistered,N,Y,7
1091,OUTBACK COMMUNITIES AUTHORITY,Cat,Female,Unregistered,Y,N,2
1092,OUTBACK COMMUNITIES AUTHORITY,Cat,Female,Unregistered,Y,Y,20
1093,OUTBACK COMMUNITIES AUTHORITY,Cat,Male,Registered,N,Y,1
1094,OUTBACK COMMUNITIES AUTHORITY,Cat,Male,Registered,Y,N,2
1095,OUTBACK COMMUNITIES AUTHORITY,Cat,Male,Registered,Y,Y,13
1096,OUTBACK COMMUNITIES AUTHORITY,Cat,Male,Unregistered,N,N,1
1097,OUTBACK COMMUNITIES AUTHORITY,Cat,Male,Unregistered,N,Y,7
1098,OUTBACK COMMUNITIES AUTHORITY,Cat,Male,Unregistered,Y,N,3
1099,OUTBACK COMMUNITIES AUTHORITY,Cat,Male,Unregistered,Y,Y,15
1100,OUTBACK COMMUNITIES AUTHORITY,Dog,Female,Registered,N,N,5
1101,OUTBACK COMMUNITIES AUTHORITY,Dog,Female,Registered,N,Y,5
1102,OUTBACK COMMUNITIES AUTHORITY,Dog,Female,Registered,Y,N,47
1103,OUTBACK COMMUNITIES AUTHORITY,Dog,Female,Registered,Y,Y,61
1104,OUTBACK COMMUNITIES AUTHORITY,Dog,Female,Unregistered,N,N,15
1105,OUTBACK COMMUNITIES AUTHORITY,Dog,Female,Unregistered,N,Y,13
1106,OUTBACK COMMUNITIES AUTHORITY,Dog,Female,Unregistered,Y,N,39
1107,OUTBACK COMMUNITIES AUTHORITY,Dog,Female,Unregistered,Y,Y,70
1108,OUTBACK COMMUNITIES AUTHORITY,Dog,Male,Registered,N,N,4
1109,OUTBACK COMMUNITIES AUTHORITY,Dog,Male,Registered,N,Y,3
1110,OUTBACK COMMUNITIES AUTHORITY,Dog,Male,Registered,Y,N,29
1111,OUTBACK COMMUNITIES AUTHORITY,Dog,Male,Registered,Y,Y,48
1112,OUTBACK COMMUNITIES AUTHORITY,Dog,Male,Unregistered,N,N,14
1113,OUTBACK COMMUNITIES AUTHORITY,Dog,Male,Unregistered,N,Y,12
1114,OUTBACK COMMUNITIES AUTHORITY,Dog,Male,Unregistered,Y,N,49
1115,OUTBACK COMMUNITIES AUTHORITY,Dog,Male,Unregistered,Y,Y,51
1116,OUTBACK COMMUNITIES AUTHORITY,Dog,Unknown,Registered,Y,Y,2
1117,PORT AUGUSTA CITY COUNCIL,Cat,Female,Registered,N,N,4
1118,PORT AUGUSTA CITY COUNCIL,Cat,Female,Registered,N,Y,3
1119,PORT AUGUSTA CITY COUNCIL,Cat,Female,Registered,Y,N,39
1120,PORT AUGUSTA CITY COUNCIL,Cat,Female,Registered,Y,Y,239
1121,PORT AUGUSTA CITY COUNCIL,Cat,Female,Unregistered,N,N,2
1122,PORT AUGUSTA CITY COUNCIL,Cat,Female,Unregistered,N,Y,7
1123,PORT AUGUSTA CITY COUNCIL,Cat,Female,Unregistered,Y,N,27
1124,PORT AUGUSTA CITY COUNCIL,Cat,Female,Unregistered,Y,Y,105
1125,PORT AUGUSTA CITY COUNCIL,Cat,Male,Registered,N,N,9
1126,PORT AUGUSTA CITY COUNCIL,Cat,Male,Registered,N,Y,5
1127,PORT AUGUSTA CITY COUNCIL,Cat,Male,Registered,Y,N,25
1128,PORT AUGUSTA CITY COUNCIL,Cat,Male,Registered,Y,Y,234
1129,PORT AUGUSTA CITY COUNCIL,Cat,Male,Unregistered,N,N,2
1130,PORT AUGUSTA CITY COUNCIL,Cat,Male,Unregistered,N,Y,5
1131,PORT AUGUSTA CITY COUNCIL,Cat,Male,Unregistered,Y,N,17
1132,PORT AUGUSTA CITY COUNCIL,Cat,Male,Unregistered,Y,Y,110
1133,PORT AUGUSTA CITY COUNCIL,Dog,Female,Registered,N,N,28
1134,PORT AUGUSTA CITY COUNCIL,Dog,Female,Registered,N,Y,3
1135,PORT AUGUSTA CITY COUNCIL,Dog,Female,Registered,Y,N,365
1136,PORT AUGUSTA CITY COUNCIL,Dog,Female,Registered,Y,Y,1186
1137,PORT AUGUSTA CITY COUNCIL,Dog,Female,Unregistered,N,N,25
1138,PORT AUGUSTA CITY COUNCIL,Dog,Female,Unregistered,N,Y,1
1139,PORT AUGUSTA CITY COUNCIL,Dog,Female,Unregistered,Y,N,32
1140,PORT AUGUSTA CITY COUNCIL,Dog,Female,Unregistered,Y,Y,49
1141,PORT AUGUSTA CITY COUNCIL,Dog,Male,Registered,N,N,42
1142,PORT AUGUSTA CITY COUNCIL,Dog,Male,Registered,N,Y,4
1143,PORT AUGUSTA CITY COUNCIL,Dog,Male,Registered,Y,N,468
1144,PORT AUGUSTA CITY COUNCIL,Dog,Male,Registered,Y,Y,974
1145,PORT AUGUSTA CITY COUNCIL,Dog,Male,Unregistered,N,N,31
1146,PORT AUGUSTA CITY COUNCIL,Dog,Male,Unregistered,Y,N,54
1147,PORT AUGUSTA CITY COUNCIL,Dog,Male,Unregistered,Y,Y,54
1148,PORT PIRIE REGIONAL COUNCIL,Cat,Female,Registered,N,N,7
1149,PORT PIRIE REGIONAL COUNCIL,Cat,Female,Registered,N,Y,11
1150,PORT PIRIE REGIONAL COUNCIL,Cat,Female,Registered,Y,N,49
1151,PORT PIRIE REGIONAL COUNCIL,Cat,Female,Registered,Y,Y,304
1152,PORT PIRIE REGIONAL COUNCIL,Cat,Female,Unregistered,N,N,6
1153,PORT PIRIE REGIONAL COUNCIL,Cat,Female,Unregistered,N,Y,3
1154,PORT PIRIE REGIONAL COUNCIL,Cat,Female,Unregistered,Y,N,68
1155,PORT PIRIE REGIONAL COUNCIL,Cat,Female,Unregistered,Y,Y,232
1156,PORT PIRIE REGIONAL COUNCIL,Cat,Male,Registered,N,N,8
1157,PORT PIRIE REGIONAL COUNCIL,Cat,Male,Registered,N,Y,5
1158,PORT PIRIE REGIONAL COUNCIL,Cat,Male,Registered,Y,N,51
1159,PORT PIRIE REGIONAL COUNCIL,Cat,Male,Registered,Y,Y,274
1160,PORT PIRIE REGIONAL COUNCIL,Cat,Male,Unregistered,N,N,5
1161,PORT PIRIE REGIONAL COUNCIL,Cat,Male,Unregistered,N,Y,4
1162,PORT PIRIE REGIONAL COUNCIL,Cat,Male,Unregistered,Y,N,45
1163,PORT PIRIE REGIONAL COUNCIL,Cat,Male,Unregistered,Y,Y,216
1164,PORT PIRIE REGIONAL COUNCIL,Dog,Female,Registered,N,N,54
1165,PORT PIRIE REGIONAL COUNCIL,Dog,Female,Registered,N,Y,19
1166,PORT PIRIE REGIONAL COUNCIL,Dog,Female,Registered,Y,N,426
1167,PORT PIRIE REGIONAL COUNCIL,Dog,Female,Registered,Y,Y,1079
1168,PORT PIRIE REGIONAL COUNCIL,Dog,Female,Unregistered,N,N,79
1169,PORT PIRIE REGIONAL COUNCIL,Dog,Female,Unregistered,N,Y,16
1170,PORT PIRIE REGIONAL COUNCIL,Dog,Female,Unregistered,Y,N,212
1171,PORT PIRIE REGIONAL COUNCIL,Dog,Female,Unregistered,Y,Y,243
1172,PORT PIRIE REGIONAL COUNCIL,Dog,Male,Registered,N,N,61
1173,PORT PIRIE REGIONAL COUNCIL,Dog,Male,Registered,N,Y,14
1174,PORT PIRIE REGIONAL COUNCIL,Dog,Male,Registered,Y,N,449
1175,PORT PIRIE REGIONAL COUNCIL,Dog,Male,Registered,Y,Y,994
1176,PORT PIRIE REGIONAL COUNCIL,Dog,Male,Unregistered,N,N,132
1177,PORT PIRIE REGIONAL COUNCIL,Dog,Male,Unregistered,N,Y,19
1178,PORT PIRIE REGIONAL COUNCIL,Dog,Male,Unregistered,Y,N,248
1179,PORT PIRIE REGIONAL COUNCIL,Dog,Male,Unregistered,Y,Y,272
1180,RENMARK PARINGA COUNCIL,Cat,Female,Registered,N,N,3
1181,RENMARK PARINGA COUNCIL,Cat,Female,Registered,N,Y,1
1182,RENMARK PARINGA COUNCIL,Cat,Female,Registered,Y,N,40
1183,RENMARK PARINGA COUNCIL,Cat,Female,Registered,Y,Y,79
1184,RENMARK PARINGA COUNCIL,Cat,Female,Unregistered,Y,N,42
1185,RENMARK PARINGA COUNCIL,Cat,Female,Unregistered,Y,Y,36
1186,RENMARK PARINGA COUNCIL,Cat,Male,Registered,N,N,1
1187,RENMARK PARINGA COUNCIL,Cat,Male,Registered,N,Y,1
1188,RENMARK PARINGA COUNCIL,Cat,Male,Registered,Y,N,28
1189,RENMARK PARINGA COUNCIL,Cat,Male,Registered,Y,Y,80
1190,RENMARK PARINGA COUNCIL,Cat,Male,Unregistered,N,Y,2
1191,RENMARK PARINGA COUNCIL,Cat,Male,Unregistered,Y,N,42
1192,RENMARK PARINGA COUNCIL,Cat,Male,Unregistered,Y,Y,30
1193,RENMARK PARINGA COUNCIL,Dog,Female,Registered,N,N,34
1194,RENMARK PARINGA COUNCIL,Dog,Female,Registered,N,Y,5
1195,RENMARK PARINGA COUNCIL,Dog,Female,Registered,Y,N,246
1196,RENMARK PARINGA COUNCIL,Dog,Female,Registered,Y,Y,630
1197,RENMARK PARINGA COUNCIL,Dog,Female,Unregistered,N,N,15
1198,RENMARK PARINGA COUNCIL,Dog,Female,Unregistered,N,Y,2
1199,RENMARK PARINGA COUNCIL,Dog,Female,Unregistered,Y,N,34
1200,RENMARK PARINGA COUNCIL,Dog,Female,Unregistered,Y,Y,11
1201,RENMARK PARINGA COUNCIL,Dog,Male,Registered,N,N,52
1202,RENMARK PARINGA COUNCIL,Dog,Male,Registered,N,Y,9
1203,RENMARK PARINGA COUNCIL,Dog,Male,Registered,Y,N,290
1204,RENMARK PARINGA COUNCIL,Dog,Male,Registered,Y,Y,545
1205,RENMARK PARINGA COUNCIL,Dog,Male,Unregistered,N,N,16
1206,RENMARK PARINGA COUNCIL,Dog,Male,Unregistered,N,Y,2
1207,RENMARK PARINGA COUNCIL,Dog,Male,Unregistered,Y,N,20
1208,RENMARK PARINGA COUNCIL,Dog,Male,Unregistered,Y,Y,12
1209,SOUTHERN MALLEE DC,Cat,Female,Registered,N,N,1
1210,SOUTHERN MALLEE DC,Cat,Female,Registered,Y,N,3
1211,SOUTHERN MALLEE DC,Cat,Female,Registered,Y,Y,29
1212,SOUTHERN MALLEE DC,Cat,Female,Unregistered,Y,N,1
1213,SOUTHERN MALLEE DC,Cat,Female,Unregistered,Y,Y,4
1214,SOUTHERN MALLEE DC,Cat,Male,Registered,N,Y,1
1215,SOUTHERN MALLEE DC,Cat,Male,Registered,Y,N,5
1216,SOUTHERN MALLEE DC,Cat,Male,Registered,Y,Y,40
1217,SOUTHERN MALLEE DC,Cat,Male,Unregistered,Y,Y,2
1218,SOUTHERN MALLEE DC,Dog,Female,Registered,N,N,13
1219,SOUTHERN MALLEE DC,Dog,Female,Registered,Y,N,131
1220,SOUTHERN MALLEE DC,Dog,Female,Registered,Y,Y,153
1221,SOUTHERN MALLEE DC,Dog,Female,Unregistered,N,N,8
1222,SOUTHERN MALLEE DC,Dog,Female,Unregistered,Y,N,11
1223,SOUTHERN MALLEE DC,Dog,Female,Unregistered,Y,Y,4
1224,SOUTHERN MALLEE DC,Dog,Male,Registered,N,N,13
1225,SOUTHERN MALLEE DC,Dog,Male,Registered,N,Y,1
1226,SOUTHERN MALLEE DC,Dog,Male,Registered,Y,N,136
1227,SOUTHERN MALLEE DC,Dog,Male,Registered,Y,Y,124
1228,SOUTHERN MALLEE DC,Dog,Male,Unregistered,N,N,1
1229,SOUTHERN MALLEE DC,Dog,Male,Unregistered,Y,N,4
1230,SOUTHERN MALLEE DC,Dog,Male,Unregistered,Y,Y,3
1231,TATIARA DC,Cat,Female,Registered,N,Y,1
1232,TATIARA DC,Cat,Female,Registered,Y,N,44
1233,TATIARA DC,Cat,Female,Registered,Y,Y,62
1234,TATIARA DC,Cat,Female,Unregistered,Y,N,37
1235,TATIARA DC,Cat,Female,Unregistered,Y,Y,24
1236,TATIARA DC,Cat,Male,Registered,N,N,3
1237,TATIARA DC,Cat,Male,Registered,N,Y,2
1238,TATIARA DC,Cat,Male,Registered,Y,N,22
1239,TATIARA DC,Cat,Male,Registered,Y,Y,56
1240,TATIARA DC,Cat,Male,Unregistered,Y,N,27
1241,TATIARA DC,Cat,Male,Unregistered,Y,Y,16
1242,TATIARA DC,Dog,Female,Registered,N,N,3
1243,TATIARA DC,Dog,Female,Registered,N,Y,1
1244,TATIARA DC,Dog,Female,Registered,Y,N,439
1245,TATIARA DC,Dog,Female,Registered,Y,Y,466
1246,TATIARA DC,Dog,Female,Unregistered,N,N,1
1247,TATIARA DC,Dog,Female,Unregistered,Y,N,9
1248,TATIARA DC,Dog,Female,Unregistered,Y,Y,2
1249,TATIARA DC,Dog,Male,Registered,N,N,7
1250,TATIARA DC,Dog,Male,Registered,N,Y,1
1251,TATIARA DC,Dog,Male,Registered,Y,N,368
1252,TATIARA DC,Dog,Male,Registered,Y,Y,415
1253,TATIARA DC,Dog,Male,Unregistered,Y,N,13
1254,TATIARA DC,Dog,Male,Unregistered,Y,Y,8
1255,THE BAROSSA COUNCIL,Cat,Female,Registered,N,N,3
1256,THE BAROSSA COUNCIL,Cat,Female,Registered,N,Y,7
1257,THE BAROSSA COUNCIL,Cat,Female,Registered,Y,N,68
1258,THE BAROSSA COUNCIL,Cat,Female,Registered,Y,Y,447
1259,THE BAROSSA COUNCIL,Cat,Female,Unregistered,N,N,2
1260,THE BAROSSA COUNCIL,Cat,Female,Unregistered,N,Y,7
1261,THE BAROSSA COUNCIL,Cat,Female,Unregistered,Y,N,66
1262,THE BAROSSA COUNCIL,Cat,Female,Unregistered,Y,Y,349
1263,THE BAROSSA COUNCIL,Cat,Male,Registered,N,N,3
1264,THE BAROSSA COUNCIL,Cat,Male,Registered,N,Y,6
1265,THE BAROSSA COUNCIL,Cat,Male,Registered,Y,N,53
1266,THE BAROSSA COUNCIL,Cat,Male,Registered,Y,Y,439
1267,THE BAROSSA COUNCIL,Cat,Male,Unregistered,N,N,1
1268,THE BAROSSA COUNCIL,Cat,Male,Unregistered,N,Y,6
1269,THE BAROSSA COUNCIL,Cat,Male,Unregistered,Y,N,58
1270,THE BAROSSA COUNCIL,Cat,Male,Unregistered,Y,Y,316
1271,THE BAROSSA COUNCIL,Dog,Female,Registered,N,N,43
1272,THE BAROSSA COUNCIL,Dog,Female,Registered,N,Y,18
1273,THE BAROSSA COUNCIL,Dog,Female,Registered,Y,N,648
1274,THE BAROSSA COUNCIL,Dog,Female,Registered,Y,Y,2201
1275,THE BAROSSA COUNCIL,Dog,Female,Unregistered,N,N,5
1276,THE BAROSSA COUNCIL,Dog,Female,Unregistered,N,Y,1
1277,THE BAROSSA COUNCIL,Dog,Female,Unregistered,Y,N,43
1278,THE BAROSSA COUNCIL,Dog,Female,Unregistered,Y,Y,11
1279,THE BAROSSA COUNCIL,Dog,Male,Registered,N,N,34
1280,THE BAROSSA COUNCIL,Dog,Male,Registered,N,Y,15
1281,THE BAROSSA COUNCIL,Dog,Male,Registered,Y,N,611
1282,THE BAROSSA COUNCIL,Dog,Male,Registered,Y,Y,2236
1283,THE BAROSSA COUNCIL,Dog,Male,Unregistered,N,N,3
1284,THE BAROSSA COUNCIL,Dog,Male,Unregistered,N,Y,1
1285,THE BAROSSA COUNCIL,Dog,Male,Unregistered,Y,N,51
1286,THE BAROSSA COUNCIL,Dog,Male,Unregistered,Y,Y,12
1287,THE BERRI BARMERA COUNCIL,Cat,Female,Registered,N,N,11
1288,THE BERRI BARMERA COUNCIL,Cat,Female,Registered,N,Y,3
1289,THE BERRI BARMERA COUNCIL,Cat,Female,Registered,Y,N,29
1290,THE BERRI BARMERA COUNCIL,Cat,Female,Registered,Y,Y,120
1291,THE BERRI BARMERA COUNCIL,Cat,Female,Unregistered,N,N,2
1292,THE BERRI BARMERA COUNCIL,Cat,Female,Unregistered,N,Y,2
1293,THE BERRI BARMERA COUNCIL,Cat,Female,Unregistered,Y,N,34
1294,THE BERRI BARMERA COUNCIL,Cat,Female,Unregistered,Y,Y,45
1295,THE BERRI BARMERA COUNCIL,Cat,Male,Registered,N,N,8
1296,THE BERRI BARMERA COUNCIL,Cat,Male,Registered,N,Y,4
1297,THE BERRI BARMERA COUNCIL,Cat,Male,Registered,Y,N,33
1298,THE BERRI BARMERA COUNCIL,Cat,Male,Registered,Y,Y,93
1299,THE BERRI BARMERA COUNCIL,Cat,Male,Unregistered,N,Y,1
1300,THE BERRI BARMERA COUNCIL,Cat,Male,Unregistered,Y,N,29
1301,THE BERRI BARMERA COUNCIL,Cat,Male,Unregistered,Y,Y,45
1302,THE BERRI BARMERA COUNCIL,Dog,Female,Registered,N,N,25
1303,THE BERRI BARMERA COUNCIL,Dog,Female,Registered,N,Y,5
1304,THE BERRI BARMERA COUNCIL,Dog,Female,Registered,Y,N,332
1305,THE BERRI BARMERA COUNCIL,Dog,Female,Registered,Y,Y,832
1306,THE BERRI BARMERA COUNCIL,Dog,Female,Unregistered,N,N,7
1307,THE BERRI BARMERA COUNCIL,Dog,Female,Unregistered,N,Y,1
1308,THE BERRI BARMERA COUNCIL,Dog,Female,Unregistered,Y,N,18
1309,THE BERRI BARMERA COUNCIL,Dog,Female,Unregistered,Y,Y,24
1310,THE BERRI BARMERA COUNCIL,Dog,Male,Registered,N,N,27
1311,THE BERRI BARMERA COUNCIL,Dog,Male,Registered,N,Y,6
1312,THE BERRI BARMERA COUNCIL,Dog,Male,Registered,Y,N,347
1313,THE BERRI BARMERA COUNCIL,Dog,Male,Registered,Y,Y,685
1314,THE BERRI BARMERA COUNCIL,Dog,Male,Unregistered,N,N,11
1315,THE BERRI BARMERA COUNCIL,Dog,Male,Unregistered,N,Y,1
1316,THE BERRI BARMERA COUNCIL,Dog,Male,Unregistered,Y,N,20
1317,THE BERRI BARMERA COUNCIL,Dog,Male,Unregistered,Y,Y,20
1318,THE CITY OF NORWOOD PAYNEHAM AND ST PETERS,Cat,Female,Registered,N,N,2
1319,THE CITY OF NORWOOD PAYNEHAM AND ST PETERS,Cat,Female,Registered,N,Y,2
1320,THE CITY OF NORWOOD PAYNEHAM AND ST PETERS,Cat,Female,Registered,Y,N,24
1321,THE CITY OF NORWOOD PAYNEHAM AND ST PETERS,Cat,Female,Registered,Y,Y,278
1322,THE CITY OF NORWOOD PAYNEHAM AND ST PETERS,Cat,Female,Unregistered,N,N,3
1323,THE CITY OF NORWOOD PAYNEHAM AND ST PETERS,Cat,Female,Unregistered,Y,N,29
1324,THE CITY OF NORWOOD PAYNEHAM AND ST PETERS,Cat,Female,Unregistered,Y,Y,176
1325,THE CITY OF NORWOOD PAYNEHAM AND ST PETERS,Cat,Male,Registered,N,N,3
1326,THE CITY OF NORWOOD PAYNEHAM AND ST PETERS,Cat,Male,Registered,Y,N,36
1327,THE CITY OF NORWOOD PAYNEHAM AND ST PETERS,Cat,Male,Registered,Y,Y,278
1328,THE CITY OF NORWOOD PAYNEHAM AND ST PETERS,Cat,Male,Unregistered,N,N,3
1329,THE CITY OF NORWOOD PAYNEHAM AND ST PETERS,Cat,Male,Unregistered,Y,N,30
1330,THE CITY OF NORWOOD PAYNEHAM AND ST PETERS,Cat,Male,Unregistered,Y,Y,187
1331,THE CITY OF NORWOOD PAYNEHAM AND ST PETERS,Dog,Female,Registered,N,N,13
1332,THE CITY OF NORWOOD PAYNEHAM AND ST PETERS,Dog,Female,Registered,N,Y,12
1333,THE CITY OF NORWOOD PAYNEHAM AND ST PETERS,Dog,Female,Registered,Y,N,244
1334,THE CITY OF NORWOOD PAYNEHAM AND ST PETERS,Dog,Female,Registered,Y,Y,1440
1335,THE CITY OF NORWOOD PAYNEHAM AND ST PETERS,Dog,Female,Unregistered,N,N,17
1336,THE CITY OF NORWOOD PAYNEHAM AND ST PETERS,Dog,Female,Unregistered,N,Y,4
1337,THE CITY OF NORWOOD PAYNEHAM AND ST PETERS,Dog,Female,Unregistered,Y,N,46
1338,THE CITY OF NORWOOD PAYNEHAM AND ST PETERS,Dog,Female,Unregistered,Y,Y,152
1339,THE CITY OF NORWOOD PAYNEHAM AND ST PETERS,Dog,Male,Registered,N,N,29
1340,THE CITY OF NORWOOD PAYNEHAM AND ST PETERS,Dog,Male,Registered,N,Y,13
1341,THE CITY OF NORWOOD PAYNEHAM AND ST PETERS,Dog,Male,Registered,Y,N,301
1342,THE CITY OF NORWOOD PAYNEHAM AND ST PETERS,Dog,Male,Registered,Y,Y,1582
1343,THE CITY OF NORWOOD PAYNEHAM AND ST PETERS,Dog,Male,Unregistered,N,N,13
1344,THE CITY OF NORWOOD PAYNEHAM AND ST PETERS,Dog,Male,Unregistered,N,Y,16
1345,THE CITY OF NORWOOD PAYNEHAM AND ST PETERS,Dog,Male,Unregistered,Y,N,61
1346,THE CITY OF NORWOOD PAYNEHAM AND ST PETERS,Dog,Male,Unregistered,Y,Y,183
1347,THE CITY OF NORWOOD PAYNEHAM AND ST PETERS,Dog,Unknown,Registered,Y,N,1
1348,THE CORPORATION OF THE CITY OF WHYALLA,Cat,Female,Registered,N,N,3
1349,THE CORPORATION OF THE CITY OF WHYALLA,Cat,Female,Registered,N,Y,1
1350,THE CORPORATION OF THE CITY OF WHYALLA,Cat,Female,Registered,Y,N,15
1351,THE CORPORATION OF THE CITY OF WHYALLA,Cat,Female,Registered,Y,Y,762
1352,THE CORPORATION OF THE CITY OF WHYALLA,Cat,Female,Unregistered,N,N,10
1353,THE CORPORATION OF THE CITY OF WHYALLA,Cat,Female,Unregistered,N,Y,2
1354,THE CORPORATION OF THE CITY OF WHYALLA,Cat,Female,Unregistered,Y,N,23
1355,THE CORPORATION OF THE CITY OF WHYALLA,Cat,Female,Unregistered,Y,Y,189
1356,THE CORPORATION OF THE CITY OF WHYALLA,Cat,Male,Registered,N,N,6
1357,THE CORPORATION OF THE CITY OF WHYALLA,Cat,Male,Registered,N,Y,1
1358,THE CORPORATION OF THE CITY OF WHYALLA,Cat,Male,Registered,Y,N,7
1359,THE CORPORATION OF THE CITY OF WHYALLA,Cat,Male,Registered,Y,Y,668
1360,THE CORPORATION OF THE CITY OF WHYALLA,Cat,Male,Unregistered,N,N,6
1361,THE CORPORATION OF THE CITY OF WHYALLA,Cat,Male,Unregistered,N,Y,6
1362,THE CORPORATION OF THE CITY OF WHYALLA,Cat,Male,Unregistered,Y,N,20
1363,THE CORPORATION OF THE CITY OF WHYALLA,Cat,Male,Unregistered,Y,Y,205
1364,THE CORPORATION OF THE CITY OF WHYALLA,Dog,Female,Registered,N,N,35
1365,THE CORPORATION OF THE CITY OF WHYALLA,Dog,Female,Registered,N,Y,4
1366,THE CORPORATION OF THE CITY OF WHYALLA,Dog,Female,Registered,Y,N,345
1367,THE CORPORATION OF THE CITY OF WHYALLA,Dog,Female,Registered,Y,Y,1648
1368,THE CORPORATION OF THE CITY OF WHYALLA,Dog,Female,Unregistered,N,N,101
1369,THE CORPORATION OF THE CITY OF WHYALLA,Dog,Female,Unregistered,N,Y,14
1370,THE CORPORATION OF THE CITY OF WHYALLA,Dog,Female,Unregistered,Y,N,202
1371,THE CORPORATION OF THE CITY OF WHYALLA,Dog,Female,Unregistered,Y,Y,361
1372,THE CORPORATION OF THE CITY OF WHYALLA,Dog,Male,Registered,N,N,51
1373,THE CORPORATION OF THE CITY OF WHYALLA,Dog,Male,Registered,N,Y,5
1374,THE CORPORATION OF THE CITY OF WHYALLA,Dog,Male,Registered,Y,N,400
1375,THE CORPORATION OF THE CITY OF WHYALLA,Dog,Male,Registered,Y,Y,1409
1376,THE CORPORATION OF THE CITY OF WHYALLA,Dog,Male,Unregistered,N,N,115
1377,THE CORPORATION OF THE CITY OF WHYALLA,Dog,Male,Unregistered,N,Y,15
1378,THE CORPORATION OF THE CITY OF WHYALLA,Dog,Male,Unregistered,Y,N,231
1379,THE CORPORATION OF THE CITY OF WHYALLA,Dog,Male,Unregistered,Y,Y,370
1380,THE CORPORATION OF THE TOWN OF WALKERVILLE,Cat,Female,Registered,Y,N,13
1381,THE CORPORATION OF THE TOWN OF WALKERVILLE,Cat,Female,Registered,Y,Y,93
1382,THE CORPORATION OF THE TOWN OF WALKERVILLE,Cat,Female,Unregistered,N,N,1
1383,THE CORPORATION OF THE TOWN OF WALKERVILLE,Cat,Female,Unregistered,N,Y,3
1384,THE CORPORATION OF THE TOWN OF WALKERVILLE,Cat,Female,Unregistered,Y,N,8
1385,THE CORPORATION OF THE TOWN OF WALKERVILLE,Cat,Female,Unregistered,Y,Y,52
1386,THE CORPORATION OF THE TOWN OF WALKERVILLE,Cat,Male,Registered,N,N,2
1387,THE CORPORATION OF THE TOWN OF WALKERVILLE,Cat,Male,Registered,Y,N,11
1388,THE CORPORATION OF THE TOWN OF WALKERVILLE,Cat,Male,Registered,Y,Y,80
1389,THE CORPORATION OF THE TOWN OF WALKERVILLE,Cat,Male,Unregistered,Y,N,8
1390,THE CORPORATION OF THE TOWN OF WALKERVILLE,Cat,Male,Unregistered,Y,Y,40
1391,THE CORPORATION OF THE TOWN OF WALKERVILLE,Dog,Female,Registered,N,N,3
1392,THE CORPORATION OF THE TOWN OF WALKERVILLE,Dog,Female,Registered,Y,N,48
1393,THE CORPORATION OF THE TOWN OF WALKERVILLE,Dog,Female,Registered,Y,Y,363
1394,THE CORPORATION OF THE TOWN OF WALKERVILLE,Dog,Female,Unregistered,N,N,1
1395,THE CORPORATION OF THE TOWN OF WALKERVILLE,Dog,Female,Unregistered,Y,N,1
1396,THE CORPORATION OF THE TOWN OF WALKERVILLE,Dog,Female,Unregistered,Y,Y,3
1397,THE CORPORATION OF THE TOWN OF WALKERVILLE,Dog,Male,Registered,N,N,9
1398,THE CORPORATION OF THE TOWN OF WALKERVILLE,Dog,Male,Registered,N,Y,3
1399,THE CORPORATION OF THE TOWN OF WALKERVILLE,Dog,Male,Registered,Y,N,80
1400,THE CORPORATION OF THE TOWN OF WALKERVILLE,Dog,Male,Registered,Y,Y,423
1401,THE CORPORATION OF THE TOWN OF WALKERVILLE,Dog,Male,Unregistered,N,N,1
1402,THE CORPORATION OF THE TOWN OF WALKERVILLE,Dog,Male,Unregistered,Y,N,6
1403,THE CORPORATION OF THE TOWN OF WALKERVILLE,Dog,Male,Unregistered,Y,Y,8
1404,THE DC OF CEDUNA,Cat,Female,Registered,N,N,2
1405,THE DC OF CEDUNA,Cat,Female,Registered,N,Y,6
1406,THE DC OF CEDUNA,Cat,Female,Registered,Y,N,8
1407,THE DC OF CEDUNA,Cat,Female,Registered,Y,Y,72
1408,THE DC OF CEDUNA,Cat,Female,Unregistered,Y,Y,2
1409,THE DC OF CEDUNA,Cat,Male,Registered,N,N,3
1410,THE DC OF CEDUNA,Cat,Male,Registered,N,Y,9
1411,THE DC OF CEDUNA,Cat,Male,Registered,Y,N,9
1412,THE DC OF CEDUNA,Cat,Male,Registered,Y,Y,55
1413,THE DC OF CEDUNA,Cat,Male,Unregistered,Y,Y,2
1414,THE DC OF CEDUNA,Dog,Female,Registered,N,N,16
1415,THE DC OF CEDUNA,Dog,Female,Registered,N,Y,4
1416,THE DC OF CEDUNA,Dog,Female,Registered,Y,N,91
1417,THE DC OF CEDUNA,Dog,Female,Registered,Y,Y,236
1418,THE DC OF CEDUNA,Dog,Female,Unregistered,N,N,3
1419,THE DC OF CEDUNA,Dog,Female,Unregistered,N,Y,3
1420,THE DC OF CEDUNA,Dog,Female,Unregistered,Y,Y,8
1421,THE DC OF CEDUNA,Dog,Male,Registered,N,N,25
1422,THE DC OF CEDUNA,Dog,Male,Registered,N,Y,3
1423,THE DC OF CEDUNA,Dog,Male,Registered,Y,N,115
1424,THE DC OF CEDUNA,Dog,Male,Registered,Y,Y,202
1425,THE DC OF CEDUNA,Dog,Male,Unregistered,N,N,8
1426,THE DC OF CEDUNA,Dog,Male,Unregistered,Y,N,8
1427,THE DC OF CEDUNA,Dog,Male,Unregistered,Y,Y,8
1428,THE DC OF COOBER PEDY,Cat,Female,Registered,N,N,4
1429,THE DC OF COOBER PEDY,Cat,Female,Registered,N,Y,1
1430,THE DC OF COOBER PEDY,Cat,Female,Registered,Y,Y,5
1431,THE DC OF COOBER PEDY,Cat,Female,Unregistered,N,Y,1
1432,THE DC OF COOBER PEDY,Cat,Female,Unregistered,Y,Y,7
1433,THE DC OF COOBER PEDY,Cat,Male,Registered,N,N,4
1434,THE DC OF COOBER PEDY,Cat,Male,Registered,Y,Y,5
1435,THE DC OF COOBER PEDY,Cat,Male,Unregistered,N,N,1
1436,THE DC OF COOBER PEDY,Cat,Male,Unregistered,N,Y,2
1437,THE DC OF COOBER PEDY,Cat,Male,Unregistered,Y,Y,5
1438,THE DC OF COOBER PEDY,Dog,Female,Registered,N,N,3
1439,THE DC OF COOBER PEDY,Dog,Female,Registered,N,Y,3
1440,THE DC OF COOBER PEDY,Dog,Female,Registered,Y,N,11
1441,THE DC OF COOBER PEDY,Dog,Female,Registered,Y,Y,38
1442,THE DC OF COOBER PEDY,Dog,Female,Unregistered,N,N,24
1443,THE DC OF COOBER PEDY,Dog,Female,Unregistered,N,Y,16
1444,THE DC OF COOBER PEDY,Dog,Female,Unregistered,Y,N,13
1445,THE DC OF COOBER PEDY,Dog,Female,Unregistered,Y,Y,51
1446,THE DC OF COOBER PEDY,Dog,Male,Registered,N,N,5
1447,THE DC OF COOBER PEDY,Dog,Male,Registered,N,Y,6
1448,THE DC OF COOBER PEDY,Dog,Male,Registered,Y,N,17
1449,THE DC OF COOBER PEDY,Dog,Male,Registered,Y,Y,22
1450,THE DC OF COOBER PEDY,Dog,Male,Unregistered,N,N,43
1451,THE DC OF COOBER PEDY,Dog,Male,Unregistered,N,Y,14
1452,THE DC OF COOBER PEDY,Dog,Male,Unregistered,Y,N,18
1453,THE DC OF COOBER PEDY,Dog,Male,Unregistered,Y,Y,33
1454,THE DC OF FRANKLIN HARBOUR,Cat,Female,Registered,Y,Y,12
1455,THE DC OF FRANKLIN HARBOUR,Cat,Female,Unregistered,Y,N,1
1456,THE DC OF FRANKLIN HARBOUR,Cat,Female,Unregistered,Y,Y,6
1457,THE DC OF FRANKLIN HARBOUR,Cat,Male,Registered,N,N,1
1458,THE DC OF FRANKLIN HARBOUR,Cat,Male,Registered,Y,Y,11
1459,THE DC OF FRANKLIN HARBOUR,Cat,Male,Unregistered,Y,Y,8
1460,THE DC OF FRANKLIN HARBOUR,Dog,Female,Registered,N,N,7
1461,THE DC OF FRANKLIN HARBOUR,Dog,Female,Registered,N,Y,4
1462,THE DC OF FRANKLIN HARBOUR,Dog,Female,Registered,Y,N,24
1463,THE DC OF FRANKLIN HARBOUR,Dog,Female,Registered,Y,Y,76
1464,THE DC OF FRANKLIN HARBOUR,Dog,Female,Unregistered,N,N,3
1465,THE DC OF FRANKLIN HARBOUR,Dog,Female,Unregistered,Y,N,10
1466,THE DC OF FRANKLIN HARBOUR,Dog,Female,Unregistered,Y,Y,23
1467,THE DC OF FRANKLIN HARBOUR,Dog,Male,Registered,N,N,20
1468,THE DC OF FRANKLIN HARBOUR,Dog,Male,Registered,Y,N,41
1469,THE DC OF FRANKLIN HARBOUR,Dog,Male,Registered,Y,Y,56
1470,THE DC OF FRANKLIN HARBOUR,Dog,Male,Unregistered,N,N,9
1471,THE DC OF FRANKLIN HARBOUR,Dog,Male,Unregistered,N,Y,3
1472,THE DC OF FRANKLIN HARBOUR,Dog,Male,Unregistered,Y,N,11
1473,THE DC OF FRANKLIN HARBOUR,Dog,Male,Unregistered,Y,Y,11
1474,THE DC OF GRANT,Cat,Female,Registered,N,N,1
1475,THE DC OF GRANT,Cat,Female,Registered,N,Y,27
1476,THE DC OF GRANT,Cat,Female,Registered,Y,N,24
1477,THE DC OF GRANT,Cat,Female,Registered,Y,Y,373
1478,THE DC OF GRANT,Cat,Female,Unregistered,Y,N,1
1479,THE DC OF GRANT,Cat,Female,Unregistered,Y,Y,9
1480,THE DC OF GRANT,Cat,Male,Registered,N,N,2
1481,THE DC OF GRANT,Cat,Male,Registered,N,Y,17
1482,THE DC OF GRANT,Cat,Male,Registered,Y,N,23
1483,THE DC OF GRANT,Cat,Male,Registered,Y,Y,349
1484,THE DC OF GRANT,Cat,Male,Unregistered,Y,Y,10
1485,THE DC OF GRANT,Dog,Female,Registered,N,N,7
1486,THE DC OF GRANT,Dog,Female,Registered,Y,N,553
1487,THE DC OF GRANT,Dog,Female,Registered,Y,Y,929
1488,THE DC OF GRANT,Dog,Female,Unregistered,Y,N,18
1489,THE DC OF GRANT,Dog,Female,Unregistered,Y,Y,7
1490,THE DC OF GRANT,Dog,Male,Registered,N,N,15
1491,THE DC OF GRANT,Dog,Male,Registered,N,Y,1
1492,THE DC OF GRANT,Dog,Male,Registered,Y,N,592
1493,THE DC OF GRANT,Dog,Male,Registered,Y,Y,846
1494,THE DC OF GRANT,Dog,Male,Unregistered,N,Y,1
1495,THE DC OF GRANT,Dog,Male,Unregistered,Y,N,21
1496,THE DC OF GRANT,Dog,Male,Unregistered,Y,Y,8
1497,THE DC OF KAROONDA EAST MURRAY,Cat,Female,Registered,N,N,3
1498,THE DC OF KAROONDA EAST MURRAY,Cat,Female,Registered,Y,N,3
1499,THE DC OF KAROONDA EAST MURRAY,Cat,Female,Registered,Y,Y,26
1500,THE DC OF KAROONDA EAST MURRAY,Cat,Female,Unregistered,N,N,1
1501,THE DC OF KAROONDA EAST MURRAY,Cat,Female,Unregistered,Y,N,3
1502,THE DC OF KAROONDA EAST MURRAY,Cat,Female,Unregistered,Y,Y,6
1503,THE DC OF KAROONDA EAST MURRAY,Cat,Male,Registered,N,Y,1
1504,THE DC OF KAROONDA EAST MURRAY,Cat,Male,Registered,Y,N,6
1505,THE DC OF KAROONDA EAST MURRAY,Cat,Male,Registered,Y,Y,12
1506,THE DC OF KAROONDA EAST MURRAY,Cat,Male,Unregistered,Y,N,1
1507,THE DC OF KAROONDA EAST MURRAY,Cat,Male,Unregistered,Y,Y,5
1508,THE DC OF KAROONDA EAST MURRAY,Dog,Female,Registered,N,N,14
1509,THE DC OF KAROONDA EAST MURRAY,Dog,Female,Registered,Y,N,111
1510,THE DC OF KAROONDA EAST MURRAY,Dog,Female,Registered,Y,Y,73
1511,THE DC OF KAROONDA EAST MURRAY,Dog,Female,Unregistered,N,N,1
1512,THE DC OF KAROONDA EAST MURRAY,Dog,Female,Unregistered,Y,N,2
1513,THE DC OF KAROONDA EAST MURRAY,Dog,Male,Registered,N,N,12
1514,THE DC OF KAROONDA EAST MURRAY,Dog,Male,Registered,N,Y,1
1515,THE DC OF KAROONDA EAST MURRAY,Dog,Male,Registered,Y,N,121
1516,THE DC OF KAROONDA EAST MURRAY,Dog,Male,Registered,Y,Y,70
1517,THE DC OF KAROONDA EAST MURRAY,Dog,Male,Unregistered,N,N,2
1518,THE DC OF KAROONDA EAST MURRAY,Dog,Male,Unregistered,Y,N,6
1519,THE DC OF KAROONDA EAST MURRAY,Dog,Male,Unregistered,Y,Y,1
1520,THE DC OF KIMBA,Cat,Female,Registered,N,N,1
1521,THE DC OF KIMBA,Cat,Female,Registered,N,Y,1
1522,THE DC OF KIMBA,Cat,Female,Registered,Y,N,8
1523,THE DC OF KIMBA,Cat,Female,Registered,Y,Y,30
1524,THE DC OF KIMBA,Cat,Male,Registered,N,N,2
1525,THE DC OF KIMBA,Cat,Male,Registered,N,Y,1
1526,THE DC OF KIMBA,Cat,Male,Registered,Y,N,4
1527,THE DC OF KIMBA,Cat,Male,Registered,Y,Y,22
1528,THE DC OF KIMBA,Dog,Female,Registered,N,N,8
1529,THE DC OF KIMBA,Dog,Female,Registered,N,Y,6
1530,THE DC OF KIMBA,Dog,Female,Registered,Y,N,58
1531,THE DC OF KIMBA,Dog,Female,Registered,Y,Y,92
1532,THE DC OF KIMBA,Dog,Male,Registered,N,N,11
1533,THE DC OF KIMBA,Dog,Male,Registered,N,Y,3
1534,THE DC OF KIMBA,Dog,Male,Registered,Y,N,65
1535,THE DC OF KIMBA,Dog,Male,Registered,Y,Y,63
1536,THE DC OF KIMBA,Dog,Male,Unregistered,Y,N,1
1537,THE DC OF LOWER EYRE PENINSULA,Cat,Female,Registered,N,Y,7
1538,THE DC OF LOWER EYRE PENINSULA,Cat,Female,Registered,Y,N,6
1539,THE DC OF LOWER EYRE PENINSULA,Cat,Female,Registered,Y,Y,101
1540,THE DC OF LOWER EYRE PENINSULA,Cat,Female,Unregistered,N,Y,12
1541,THE DC OF LOWER EYRE PENINSULA,Cat,Female,Unregistered,Y,N,9
1542,THE DC OF LOWER EYRE PENINSULA,Cat,Female,Unregistered,Y,Y,45
1543,THE DC OF LOWER EYRE PENINSULA,Cat,Male,Registered,N,N,1
1544,THE DC OF LOWER EYRE PENINSULA,Cat,Male,Registered,N,Y,3
1545,THE DC OF LOWER EYRE PENINSULA,Cat,Male,Registered,Y,N,6
1546,THE DC OF LOWER EYRE PENINSULA,Cat,Male,Registered,Y,Y,105
1547,THE DC OF LOWER EYRE PENINSULA,Cat,Male,Unregistered,N,Y,4
1548,THE DC OF LOWER EYRE PENINSULA,Cat,Male,Unregistered,Y,N,9
1549,THE DC OF LOWER EYRE PENINSULA,Cat,Male,Unregistered,Y,Y,40
1550,THE DC OF LOWER EYRE PENINSULA,Dog,Female,Registered,N,N,23
1551,THE DC OF LOWER EYRE PENINSULA,Dog,Female,Registered,N,Y,10
1552,THE DC OF LOWER EYRE PENINSULA,Dog,Female,Registered,Y,N,214
1553,THE DC OF LOWER EYRE PENINSULA,Dog,Female,Registered,Y,Y,519
1554,THE DC OF LOWER EYRE PENINSULA,Dog,Female,Unregistered,N,N,2
1555,THE DC OF LOWER EYRE PENINSULA,Dog,Female,Unregistered,N,Y,2
1556,THE DC OF LOWER EYRE PENINSULA,Dog,Female,Unregistered,Y,N,8
1557,THE DC OF LOWER EYRE PENINSULA,Dog,Female,Unregistered,Y,Y,2
1558,THE DC OF LOWER EYRE PENINSULA,Dog,Male,Registered,N,N,32
1559,THE DC OF LOWER EYRE PENINSULA,Dog,Male,Registered,N,Y,14
1560,THE DC OF LOWER EYRE PENINSULA,Dog,Male,Registered,Y,N,212
1561,THE DC OF LOWER EYRE PENINSULA,Dog,Male,Registered,Y,Y,458
1562,THE DC OF LOWER EYRE PENINSULA,Dog,Male,Unregistered,N,N,1
1563,THE DC OF LOWER EYRE PENINSULA,Dog,Male,Unregistered,Y,N,6
1564,THE DC OF LOWER EYRE PENINSULA,Dog,Male,Unregistered,Y,Y,5
1565,THE DC OF LOWER EYRE PENINSULA,Dog,Unknown,Registered,Y,N,1
1566,THE DC OF LOXTON WAIKERIE,Cat,Female,Registered,N,N,4
1567,THE DC OF LOXTON WAIKERIE,Cat,Female,Registered,N,Y,6
1568,THE DC OF LOXTON WAIKERIE,Cat,Female,Registered,Y,N,18
1569,THE DC OF LOXTON WAIKERIE,Cat,Female,Registered,Y,Y,85
1570,THE DC OF LOXTON WAIKERIE,Cat,Female,Unregistered,N,N,1
1571,THE DC OF LOXTON WAIKERIE,Cat,Female,Unregistered,N,Y,2
1572,THE DC OF LOXTON WAIKERIE,Cat,Female,Unregistered,Y,N,3
1573,THE DC OF LOXTON WAIKERIE,Cat,Female,Unregistered,Y,Y,25
1574,THE DC OF LOXTON WAIKERIE,Cat,Male,Registered,N,N,6
1575,THE DC OF LOXTON WAIKERIE,Cat,Male,Registered,N,Y,6
1576,THE DC OF LOXTON WAIKERIE,Cat,Male,Registered,Y,N,12
1577,THE DC OF LOXTON WAIKERIE,Cat,Male,Registered,Y,Y,79
1578,THE DC OF LOXTON WAIKERIE,Cat,Male,Unregistered,N,N,2
1579,THE DC OF LOXTON WAIKERIE,Cat,Male,Unregistered,N,Y,2
1580,THE DC OF LOXTON WAIKERIE,Cat,Male,Unregistered,Y,N,4
1581,THE DC OF LOXTON WAIKERIE,Cat,Male,Unregistered,Y,Y,25
1582,THE DC OF LOXTON WAIKERIE,Dog,Female,Registered,N,N,34
1583,THE DC OF LOXTON WAIKERIE,Dog,Female,Registered,N,Y,12
1584,THE DC OF LOXTON WAIKERIE,Dog,Female,Registered,Y,N,413
1585,THE DC OF LOXTON WAIKERIE,Dog,Female,Registered,Y,Y,795
1586,THE DC OF LOXTON WAIKERIE,Dog,Female,Unregistered,N,N,8
1587,THE DC OF LOXTON WAIKERIE,Dog,Female,Unregistered,Y,N,13
1588,THE DC OF LOXTON WAIKERIE,Dog,Female,Unregistered,Y,Y,7
1589,THE DC OF LOXTON WAIKERIE,Dog,Male,Registered,N,N,45
1590,THE DC OF LOXTON WAIKERIE,Dog,Male,Registered,N,Y,7
1591,THE DC OF LOXTON WAIKERIE,Dog,Male,Registered,Y,N,478
1592,THE DC OF LOXTON WAIKERIE,Dog,Male,Registered,Y,Y,768
1593,THE DC OF LOXTON WAIKERIE,Dog,Male,Unregistered,N,N,11
1594,THE DC OF LOXTON WAIKERIE,Dog,Male,Unregistered,N,Y,1
1595,THE DC OF LOXTON WAIKERIE,Dog,Male,Unregistered,Y,N,13
1596,THE DC OF LOXTON WAIKERIE,Dog,Male,Unregistered,Y,Y,8
1597,THE DC OF LOXTON WAIKERIE,Dog,Unknown,Registered,Y,Y,1
1598,THE DC OF MOUNT REMARKABLE,Cat,Female,Registered,N,N,1
1599,THE DC OF MOUNT REMARKABLE,Cat,Female,Registered,N,Y,1
1600,THE DC OF MOUNT REMARKABLE,Cat,Female,Registered,Y,N,5
1601,THE DC OF MOUNT REMARKABLE,Cat,Female,Registered,Y,Y,51
1602,THE DC OF MOUNT REMARKABLE,Cat,Female,Unregistered,N,Y,2
1603,THE DC OF MOUNT REMARKABLE,Cat,Female,Unregistered,Y,N,5
1604,THE DC OF MOUNT REMARKABLE,Cat,Female,Unregistered,Y,Y,10
1605,THE DC OF MOUNT REMARKABLE,Cat,Male,Registered,N,Y,1
1606,THE DC OF MOUNT REMARKABLE,Cat,Male,Registered,Y,N,7
1607,THE DC OF MOUNT REMARKABLE,Cat,Male,Registered,Y,Y,34
1608,THE DC OF MOUNT REMARKABLE,Cat,Male,Unregistered,Y,N,5
1609,THE DC OF MOUNT REMARKABLE,Cat,Male,Unregistered,Y,Y,4
1610,THE DC OF MOUNT REMARKABLE,Dog,Female,Registered,N,N,28
1611,THE DC OF MOUNT REMARKABLE,Dog,Female,Registered,N,Y,6
1612,THE DC OF MOUNT REMARKABLE,Dog,Female,Registered,Y,N,170
1613,THE DC OF MOUNT REMARKABLE,Dog,Female,Registered,Y,Y,236
1614,THE DC OF MOUNT REMARKABLE,Dog,Female,Unregistered,N,N,4
1615,THE DC OF MOUNT REMARKABLE,Dog,Female,Unregistered,Y,N,30
1616,THE DC OF MOUNT REMARKABLE,Dog,Female,Unregistered,Y,Y,8
1617,THE DC OF MOUNT REMARKABLE,Dog,Male,Registered,N,N,35
1618,THE DC OF MOUNT REMARKABLE,Dog,Male,Registered,N,Y,8
1619,THE DC OF MOUNT REMARKABLE,Dog,Male,Registered,Y,N,164
1620,THE DC OF MOUNT REMARKABLE,Dog,Male,Registered,Y,Y,200
1621,THE DC OF MOUNT REMARKABLE,Dog,Male,Unregistered,N,N,7
1622,THE DC OF MOUNT REMARKABLE,Dog,Male,Unregistered,Y,N,17
1623,THE DC OF MOUNT REMARKABLE,Dog,Male,Unregistered,Y,Y,7
1624,THE DC OF ORROROO CARRIETON,Cat,Female,Registered,N,Y,1
1625,THE DC OF ORROROO CARRIETON,Cat,Female,Registered,Y,N,2
1626,THE DC OF ORROROO CARRIETON,Cat,Female,Registered,Y,Y,21
1627,THE DC OF ORROROO CARRIETON,Cat,Male,Registered,N,Y,1
1628,THE DC OF ORROROO CARRIETON,Cat,Male,Registered,Y,N,7
1629,THE DC OF ORROROO CARRIETON,Cat,Male,Registered,Y,Y,18
1630,THE DC OF ORROROO CARRIETON,Dog,Female,Registered,N,N,13
1631,THE DC OF ORROROO CARRIETON,Dog,Female,Registered,N,Y,5
1632,THE DC OF ORROROO CARRIETON,Dog,Female,Registered,Y,N,59
1633,THE DC OF ORROROO CARRIETON,Dog,Female,Registered,Y,Y,61
1634,THE DC OF ORROROO CARRIETON,Dog,Female,Unregistered,Y,N,4
1635,THE DC OF ORROROO CARRIETON,Dog,Female,Unregistered,Y,Y,1
1636,THE DC OF ORROROO CARRIETON,Dog,Male,Registered,N,N,15
1637,THE DC OF ORROROO CARRIETON,Dog,Male,Registered,Y,N,52
1638,THE DC OF ORROROO CARRIETON,Dog,Male,Registered,Y,Y,35
1639,THE DC OF ORROROO CARRIETON,Dog,Male,Unregistered,N,N,2
1640,THE DC OF ORROROO CARRIETON,Dog,Male,Unregistered,Y,N,3
1641,THE DC OF ORROROO CARRIETON,Dog,Male,Unregistered,Y,Y,1
1642,THE DC OF PETERBOROUGH,Cat,Female,Registered,N,N,3
1643,THE DC OF PETERBOROUGH,Cat,Female,Registered,N,Y,2
1644,THE DC OF PETERBOROUGH,Cat,Female,Registered,Y,N,1
1645,THE DC OF PETERBOROUGH,Cat,Female,Registered,Y,Y,77
1646,THE DC OF PETERBOROUGH,Cat,Female,Unregistered,Y,N,5
1647,THE DC OF PETERBOROUGH,Cat,Female,Unregistered,Y,Y,2
1648,THE DC OF PETERBOROUGH,Cat,Male,Registered,N,N,2
1649,THE DC OF PETERBOROUGH,Cat,Male,Registered,N,Y,1
1650,THE DC OF PETERBOROUGH,Cat,Male,Registered,Y,N,3
1651,THE DC OF PETERBOROUGH,Cat,Male,Registered,Y,Y,50
1652,THE DC OF PETERBOROUGH,Cat,Male,Unregistered,N,N,1
1653,THE DC OF PETERBOROUGH,Cat,Male,Unregistered,Y,N,5
1654,THE DC OF PETERBOROUGH,Cat,Male,Unregistered,Y,Y,5
1655,THE DC OF PETERBOROUGH,Dog,Female,Registered,N,N,26
1656,THE DC OF PETERBOROUGH,Dog,Female,Registered,N,Y,17
1657,THE DC OF PETERBOROUGH,Dog,Female,Registered,Y,N,71
1658,THE DC OF PETERBOROUGH,Dog,Female,Registered,Y,Y,151
1659,THE DC OF PETERBOROUGH,Dog,Female,Unregistered,N,N,15
1660,THE DC OF PETERBOROUGH,Dog,Female,Unregistered,N,Y,4
1661,THE DC OF PETERBOROUGH,Dog,Female,Unregistered,Y,N,12
1662,THE DC OF PETERBOROUGH,Dog,Female,Unregistered,Y,Y,8
1663,THE DC OF PETERBOROUGH,Dog,Male,Registered,N,N,30
1664,THE DC OF PETERBOROUGH,Dog,Male,Registered,N,Y,8
1665,THE DC OF PETERBOROUGH,Dog,Male,Registered,Y,N,72
1666,THE DC OF PETERBOROUGH,Dog,Male,Registered,Y,Y,118
1667,THE DC OF PETERBOROUGH,Dog,Male,Unregistered,N,N,13
1668,THE DC OF PETERBOROUGH,Dog,Male,Unregistered,N,Y,5
1669,THE DC OF PETERBOROUGH,Dog,Male,Unregistered,Y,N,13
1670,THE DC OF PETERBOROUGH,Dog,Male,Unregistered,Y,Y,17
1671,THE DC OF STREAKY BAY,Cat,Female,Registered,N,Y,3
1672,THE DC OF STREAKY BAY,Cat,Female,Registered,Y,N,1
1673,THE DC OF STREAKY BAY,Cat,Female,Registered,Y,Y,55
1674,THE DC OF STREAKY BAY,Cat,Female,Unregistered,Y,N,1
1675,THE DC OF STREAKY BAY,Cat,Female,Unregistered,Y,Y,7
1676,THE DC OF STREAKY BAY,Cat,Male,Registered,Y,N,2
1677,THE DC OF STREAKY BAY,Cat,Male,Registered,Y,Y,53
1678,THE DC OF STREAKY BAY,Cat,Male,Unregistered,N,N,1
1679,THE DC OF STREAKY BAY,Cat,Male,Unregistered,Y,Y,4
1680,THE DC OF STREAKY BAY,Dog,Female,Registered,N,N,12
1681,THE DC OF STREAKY BAY,Dog,Female,Registered,N,Y,3
1682,THE DC OF STREAKY BAY,Dog,Female,Registered,Y,N,118
1683,THE DC OF STREAKY BAY,Dog,Female,Registered,Y,Y,172
1684,THE DC OF STREAKY BAY,Dog,Female,Unregistered,N,N,4
1685,THE DC OF STREAKY BAY,Dog,Female,Unregistered,Y,N,3
1686,THE DC OF STREAKY BAY,Dog,Female,Unregistered,Y,Y,4
1687,THE DC OF STREAKY BAY,Dog,Male,Registered,N,N,11
1688,THE DC OF STREAKY BAY,Dog,Male,Registered,N,Y,7
1689,THE DC OF STREAKY BAY,Dog,Male,Registered,Y,N,168
1690,THE DC OF STREAKY BAY,Dog,Male,Registered,Y,Y,191
1691,THE DC OF STREAKY BAY,Dog,Male,Unregistered,N,N,2
1692,THE DC OF STREAKY BAY,Dog,Male,Unregistered,Y,N,2
1693,THE DC OF STREAKY BAY,Dog,Male,Unregistered,Y,Y,1
1694,THE DC OF TUMBY BAY,Cat,Female,Registered,N,N,1
1695,THE DC OF TUMBY BAY,Cat,Female,Registered,N,Y,5
1696,THE DC OF TUMBY BAY,Cat,Female,Registered,Y,N,4
1697,THE DC OF TUMBY BAY,Cat,Female,Registered,Y,Y,44
1698,THE DC OF TUMBY BAY,Cat,Female,Unregistered,N,Y,2
1699,THE DC OF TUMBY BAY,Cat,Female,Unregistered,Y,N,3
1700,THE DC OF TUMBY BAY,Cat,Female,Unregistered,Y,Y,13
1701,THE DC OF TUMBY BAY,Cat,Male,Registered,N,Y,1
1702,THE DC OF TUMBY BAY,Cat,Male,Registered,Y,N,2
1703,THE DC OF TUMBY BAY,Cat,Male,Registered,Y,Y,31
1704,THE DC OF TUMBY BAY,Cat,Male,Unregistered,N,Y,2
1705,THE DC OF TUMBY BAY,Cat,Male,Unregistered,Y,N,2
1706,THE DC OF TUMBY BAY,Cat,Male,Unregistered,Y,Y,17
1707,THE DC OF TUMBY BAY,Dog,Female,Registered,N,N,13
1708,THE DC OF TUMBY BAY,Dog,Female,Registered,N,Y,4
1709,THE DC OF TUMBY BAY,Dog,Female,Registered,Y,N,73
1710,THE DC OF TUMBY BAY,Dog,Female,Registered,Y,Y,189
1711,THE DC OF TUMBY BAY,Dog,Female,Unregistered,N,N,3
1712,THE DC OF TUMBY BAY,Dog,Female,Unregistered,Y,N,5
1713,THE DC OF TUMBY BAY,Dog,Female,Unregistered,Y,Y,2
1714,THE DC OF TUMBY BAY,Dog,Male,Registered,N,N,13
1715,THE DC OF TUMBY BAY,Dog,Male,Registered,N,Y,1
1716,THE DC OF TUMBY BAY,Dog,Male,Registered,Y,N,85
1717,THE DC OF TUMBY BAY,Dog,Male,Registered,Y,Y,180
1718,THE DC OF TUMBY BAY,Dog,Male,Unregistered,Y,N,3
1719,THE DC OF TUMBY BAY,Dog,Male,Unregistered,Y,Y,5
1720,THE DC OF TUMBY BAY,Dog,Unknown,Registered,N,N,8
1721,THE DC OF TUMBY BAY,Dog,Unknown,Registered,Y,N,8
1722,THE DC OF TUMBY BAY,Dog,Unknown,Registered,Y,Y,14
1723,THE DC OF YANKALILLA,Cat,Female,Registered,N,N,2
1724,THE DC OF YANKALILLA,Cat,Female,Registered,N,Y,1
1725,THE DC OF YANKALILLA,Cat,Female,Registered,Y,N,20
1726,THE DC OF YANKALILLA,Cat,Female,Registered,Y,Y,210
1727,THE DC OF YANKALILLA,Cat,Female,Unregistered,N,Y,6
1728,THE DC OF YANKALILLA,Cat,Female,Unregistered,Y,N,1
1729,THE DC OF YANKALILLA,Cat,Female,Unregistered,Y,Y,14
1730,THE DC OF YANKALILLA,Cat,Male,Registered,N,N,1
1731,THE DC OF YANKALILLA,Cat,Male,Registered,Y,N,7
1732,THE DC OF YANKALILLA,Cat,Male,Registered,Y,Y,175
1733,THE DC OF YANKALILLA,Cat,Male,Unregistered,N,N,2
1734,THE DC OF YANKALILLA,Cat,Male,Unregistered,N,Y,5
1735,THE DC OF YANKALILLA,Cat,Male,Unregistered,Y,N,1
1736,THE DC OF YANKALILLA,Cat,Male,Unregistered,Y,Y,11
1737,THE DC OF YANKALILLA,Dog,Female,Registered,N,N,7
1738,THE DC OF YANKALILLA,Dog,Female,Registered,N,Y,2
1739,THE DC OF YANKALILLA,Dog,Female,Registered,Y,N,285
1740,THE DC OF YANKALILLA,Dog,Female,Registered,Y,Y,642
1741,THE DC OF YANKALILLA,Dog,Female,Unregistered,N,N,5
1742,THE DC OF YANKALILLA,Dog,Female,Unregistered,Y,N,19
1743,THE DC OF YANKALILLA,Dog,Female,Unregistered,Y,Y,17
1744,THE DC OF YANKALILLA,Dog,Male,Registered,N,N,11
1745,THE DC OF YANKALILLA,Dog,Male,Registered,N,Y,1
1746,THE DC OF YANKALILLA,Dog,Male,Registered,Y,N,235
1747,THE DC OF YANKALILLA,Dog,Male,Registered,Y,Y,579
1748,THE DC OF YANKALILLA,Dog,Male,Unregistered,N,N,8
1749,THE DC OF YANKALILLA,Dog,Male,Unregistered,Y,N,27
1750,THE DC OF YANKALILLA,Dog,Male,Unregistered,Y,Y,20
1751,THE DC OF YANKALILLA,Dog,Unknown,Registered,Y,Y,1
1752,THE FLINDERS RANGES COUNCIL,Cat,Female,Registered,N,Y,1
1753,THE FLINDERS RANGES COUNCIL,Cat,Female,Registered,Y,N,5
1754,THE FLINDERS RANGES COUNCIL,Cat,Female,Registered,Y,Y,62
1755,THE FLINDERS RANGES COUNCIL,Cat,Female,Unregistered,N,Y,2
1756,THE FLINDERS RANGES COUNCIL,Cat,Female,Unregistered,Y,N,4
1757,THE FLINDERS RANGES COUNCIL,Cat,Female,Unregistered,Y,Y,9
1758,THE FLINDERS RANGES COUNCIL,Cat,Male,Registered,N,Y,3
1759,THE FLINDERS RANGES COUNCIL,Cat,Male,Registered,Y,N,5
1760,THE FLINDERS RANGES COUNCIL,Cat,Male,Registered,Y,Y,38
1761,THE FLINDERS RANGES COUNCIL,Cat,Male,Unregistered,Y,N,3
1762,THE FLINDERS RANGES COUNCIL,Cat,Male,Unregistered,Y,Y,9
1763,THE FLINDERS RANGES COUNCIL,Dog,Female,Registered,N,N,1
1764,THE FLINDERS RANGES COUNCIL,Dog,Female,Registered,N,Y,1
1765,THE FLINDERS RANGES COUNCIL,Dog,Female,Registered,Y,N,79
1766,THE FLINDERS RANGES COUNCIL,Dog,Female,Registered,Y,Y,168
1767,THE FLINDERS RANGES COUNCIL,Dog,Female,Unregistered,Y,Y,1
1768,THE FLINDERS RANGES COUNCIL,Dog,Male,Registered,N,N,4
1769,THE FLINDERS RANGES COUNCIL,Dog,Male,Registered,N,Y,1
1770,THE FLINDERS RANGES COUNCIL,Dog,Male,Registered,Y,N,97
1771,THE FLINDERS RANGES COUNCIL,Dog,Male,Registered,Y,Y,160
1772,THE FLINDERS RANGES COUNCIL,Dog,Male,Unregistered,Y,N,5
1773,THE FLINDERS RANGES COUNCIL,Dog,Male,Unregistered,Y,Y,1
1774,THE FLINDERS RANGES COUNCIL,Dog,Unknown,Registered,Y,Y,1
1775,THE REGIONAL COUNCIL OF GOYDER,Cat,Female,Registered,N,N,4
1776,THE REGIONAL COUNCIL OF GOYDER,Cat,Female,Registered,N,Y,5
1777,THE REGIONAL COUNCIL OF GOYDER,Cat,Female,Registered,Y,N,15
1778,THE REGIONAL COUNCIL OF GOYDER,Cat,Female,Registered,Y,Y,108
1779,THE REGIONAL COUNCIL OF GOYDER,Cat,Female,Unregistered,N,Y,1
1780,THE REGIONAL COUNCIL OF GOYDER,Cat,Female,Unregistered,Y,N,6
1781,THE REGIONAL COUNCIL OF GOYDER,Cat,Female,Unregistered,Y,Y,42
1782,THE REGIONAL COUNCIL OF GOYDER,Cat,Male,Registered,N,N,1
1783,THE REGIONAL COUNCIL OF GOYDER,Cat,Male,Registered,N,Y,2
1784,THE REGIONAL COUNCIL OF GOYDER,Cat,Male,Registered,Y,N,8
1785,THE REGIONAL COUNCIL OF GOYDER,Cat,Male,Registered,Y,Y,112
1786,THE REGIONAL COUNCIL OF GOYDER,Cat,Male,Unregistered,N,Y,2
1787,THE REGIONAL COUNCIL OF GOYDER,Cat,Male,Unregistered,Y,N,3
1788,THE REGIONAL COUNCIL OF GOYDER,Cat,Male,Unregistered,Y,Y,32
1789,THE REGIONAL COUNCIL OF GOYDER,Dog,Female,Registered,N,N,32
1790,THE REGIONAL COUNCIL OF GOYDER,Dog,Female,Registered,N,Y,5
1791,THE REGIONAL COUNCIL OF GOYDER,Dog,Female,Registered,Y,N,383
1792,THE REGIONAL COUNCIL OF GOYDER,Dog,Female,Registered,Y,Y,379
1793,THE REGIONAL COUNCIL OF GOYDER,Dog,Female,Unregistered,N,N,9
1794,THE REGIONAL COUNCIL OF GOYDER,Dog,Female,Unregistered,N,Y,3
1795,THE REGIONAL COUNCIL OF GOYDER,Dog,Female,Unregistered,Y,N,42
1796,THE REGIONAL COUNCIL OF GOYDER,Dog,Female,Unregistered,Y,Y,26
1797,THE REGIONAL COUNCIL OF GOYDER,Dog,Male,Registered,N,N,24
1798,THE REGIONAL COUNCIL OF GOYDER,Dog,Male,Registered,N,Y,9
1799,THE REGIONAL COUNCIL OF GOYDER,Dog,Male,Registered,Y,N,322
1800,THE REGIONAL COUNCIL OF GOYDER,Dog,Male,Registered,Y,Y,328
1801,THE REGIONAL COUNCIL OF GOYDER,Dog,Male,Unregistered,N,N,15
1802,THE REGIONAL COUNCIL OF GOYDER,Dog,Male,Unregistered,N,Y,2
1803,THE REGIONAL COUNCIL OF GOYDER,Dog,Male,Unregistered,Y,N,33
1804,THE REGIONAL COUNCIL OF GOYDER,Dog,Male,Unregistered,Y,Y,29
1805,THE RURAL CITY OF MURRAY BRIDGE,Cat,Female,Registered,N,N,10
1806,THE RURAL CITY OF MURRAY BRIDGE,Cat,Female,Registered,N,Y,15
1807,THE RURAL CITY OF MURRAY BRIDGE,Cat,Female,Registered,Y,N,82
1808,THE RURAL CITY OF MURRAY BRIDGE,Cat,Female,Registered,Y,Y,542
1809,THE RURAL CITY OF MURRAY BRIDGE,Cat,Female,Unregistered,N,N,7
1810,THE RURAL CITY OF MURRAY BRIDGE,Cat,Female,Unregistered,N,Y,5
1811,THE RURAL CITY OF MURRAY BRIDGE,Cat,Female,Unregistered,Y,N,33
1812,THE RURAL CITY OF MURRAY BRIDGE,Cat,Female,Unregistered,Y,Y,207
1813,THE RURAL CITY OF MURRAY BRIDGE,Cat,Male,Registered,N,N,8
1814,THE RURAL CITY OF MURRAY BRIDGE,Cat,Male,Registered,N,Y,9
1815,THE RURAL CITY OF MURRAY BRIDGE,Cat,Male,Registered,Y,N,62
1816,THE RURAL CITY OF MURRAY BRIDGE,Cat,Male,Registered,Y,Y,493
1817,THE RURAL CITY OF MURRAY BRIDGE,Cat,Male,Unregistered,N,N,3
1818,THE RURAL CITY OF MURRAY BRIDGE,Cat,Male,Unregistered,N,Y,3
1819,THE RURAL CITY OF MURRAY BRIDGE,Cat,Male,Unregistered,Y,N,33
1820,THE RURAL CITY OF MURRAY BRIDGE,Cat,Male,Unregistered,Y,Y,148
1821,THE RURAL CITY OF MURRAY BRIDGE,Dog,Female,Registered,N,N,35
1822,THE RURAL CITY OF MURRAY BRIDGE,Dog,Female,Registered,N,Y,9
1823,THE RURAL CITY OF MURRAY BRIDGE,Dog,Female,Registered,Y,N,742
1824,THE RURAL CITY OF MURRAY BRIDGE,Dog,Female,Registered,Y,Y,1632
1825,THE RURAL CITY OF MURRAY BRIDGE,Dog,Female,Unregistered,N,N,74
1826,THE RURAL CITY OF MURRAY BRIDGE,Dog,Female,Unregistered,N,Y,11
1827,THE RURAL CITY OF MURRAY BRIDGE,Dog,Female,Unregistered,Y,N,87
1828,THE RURAL CITY OF MURRAY BRIDGE,Dog,Female,Unregistered,Y,Y,116
1829,THE RURAL CITY OF MURRAY BRIDGE,Dog,Male,Registered,N,N,43
1830,THE RURAL CITY OF MURRAY BRIDGE,Dog,Male,Registered,N,Y,9
1831,THE RURAL CITY OF MURRAY BRIDGE,Dog,Male,Registered,Y,N,691
1832,THE RURAL CITY OF MURRAY BRIDGE,Dog,Male,Registered,Y,Y,1622
1833,THE RURAL CITY OF MURRAY BRIDGE,Dog,Male,Unregistered,N,N,60
1834,THE RURAL CITY OF MURRAY BRIDGE,Dog,Male,Unregistered,N,Y,13
1835,THE RURAL CITY OF MURRAY BRIDGE,Dog,Male,Unregistered,Y,N,118
1836,THE RURAL CITY OF MURRAY BRIDGE,Dog,Male,Unregistered,Y,Y,158
1837,THE RURAL CITY OF MURRAY BRIDGE,Dog,Unknown,Registered,Y,Y,4
1838,THE RURAL CITY OF MURRAY BRIDGE,Dog,Unknown,Unregistered,Y,Y,1
1839,TOWN OF GAWLER,Cat,Female,Registered,N,N,9
1840,TOWN OF GAWLER,Cat,Female,Registered,N,Y,26
1841,TOWN OF GAWLER,Cat,Female,Registered,Y,N,73
1842,TOWN OF GAWLER,Cat,Female,Registered,Y,Y,615
1843,TOWN OF GAWLER,Cat,Female,Unregistered,N,N,5
1844,TOWN OF GAWLER,Cat,Female,Unregistered,N,Y,14
1845,TOWN OF GAWLER,Cat,Female,Unregistered,Y,N,69
1846,TOWN OF GAWLER,Cat,Female,Unregistered,Y,Y,283
1847,TOWN OF GAWLER,Cat,Male,Registered,N,N,10
1848,TOWN OF GAWLER,Cat,Male,Registered,N,Y,23
1849,TOWN OF GAWLER,Cat,Male,Registered,Y,N,61
1850,TOWN OF GAWLER,Cat,Male,Registered,Y,Y,531
1851,TOWN OF GAWLER,Cat,Male,Unregistered,N,N,6
1852,TOWN OF GAWLER,Cat,Male,Unregistered,N,Y,4
1853,TOWN OF GAWLER,Cat,Male,Unregistered,Y,N,45
1854,TOWN OF GAWLER,Cat,Male,Unregistered,Y,Y,242
1855,TOWN OF GAWLER,Dog,Female,Registered,N,N,75
1856,TOWN OF GAWLER,Dog,Female,Registered,N,Y,35
1857,TOWN OF GAWLER,Dog,Female,Registered,Y,N,542
1858,TOWN OF GAWLER,Dog,Female,Registered,Y,Y,2230
1859,TOWN OF GAWLER,Dog,Female,Unregistered,N,N,26
1860,TOWN OF GAWLER,Dog,Female,Unregistered,N,Y,6
1861,TOWN OF GAWLER,Dog,Female,Unregistered,Y,N,77
1862,TOWN OF GAWLER,Dog,Female,Unregistered,Y,Y,62
1863,TOWN OF GAWLER,Dog,Male,Registered,N,N,71
1864,TOWN OF GAWLER,Dog,Male,Registered,N,Y,27
1865,TOWN OF GAWLER,Dog,Male,Registered,Y,N,593
1866,TOWN OF GAWLER,Dog,Male,Registered,Y,Y,2209
1867,TOWN OF GAWLER,Dog,Male,Unregistered,N,N,35
1868,TOWN OF GAWLER,Dog,Male,Unregistered,N,Y,10
1869,TOWN OF GAWLER,Dog,Male,Unregistered,Y,N,90
1870,TOWN OF GAWLER,Dog,Male,Unregistered,Y,Y,101
1871,WAKEFIELD REGIONAL COUNCIL,Cat,Female,Registered,N,N,3
1872,WAKEFIELD REGIONAL COUNCIL,Cat,Female,Registered,N,Y,12
1873,WAKEFIELD REGIONAL COUNCIL,Cat,Female,Registered,Y,N,35
1874,WAKEFIELD REGIONAL COUNCIL,Cat,Female,Registered,Y,Y,191
1875,WAKEFIELD REGIONAL COUNCIL,Cat,Female,Unregistered,N,N,1
1876,WAKEFIELD REGIONAL COUNCIL,Cat,Female,Unregistered,N,Y,6
1877,WAKEFIELD REGIONAL COUNCIL,Cat,Female,Unregistered,Y,N,32
1878,WAKEFIELD REGIONAL COUNCIL,Cat,Female,Unregistered,Y,Y,88
1879,WAKEFIELD REGIONAL COUNCIL,Cat,Male,Registered,N,N,5
1880,WAKEFIELD REGIONAL COUNCIL,Cat,Male,Registered,N,Y,7
1881,WAKEFIELD REGIONAL COUNCIL,Cat,Male,Registered,Y,N,29
1882,WAKEFIELD REGIONAL COUNCIL,Cat,Male,Registered,Y,Y,180
1883,WAKEFIELD REGIONAL COUNCIL,Cat,Male,Unregistered,N,N,2
1884,WAKEFIELD REGIONAL COUNCIL,Cat,Male,Unregistered,N,Y,9
1885,WAKEFIELD REGIONAL COUNCIL,Cat,Male,Unregistered,Y,N,19
1886,WAKEFIELD REGIONAL COUNCIL,Cat,Male,Unregistered,Y,Y,82
1887,WAKEFIELD REGIONAL COUNCIL,Dog,Female,Registered,N,N,31
1888,WAKEFIELD REGIONAL COUNCIL,Dog,Female,Registered,N,Y,6
1889,WAKEFIELD REGIONAL COUNCIL,Dog,Female,Registered,Y,N,412
1890,WAKEFIELD REGIONAL COUNCIL,Dog,Female,Registered,Y,Y,499
1891,WAKEFIELD REGIONAL COUNCIL,Dog,Female,Unregistered,N,N,8
1892,WAKEFIELD REGIONAL COUNCIL,Dog,Female,Unregistered,N,Y,1
1893,WAKEFIELD REGIONAL COUNCIL,Dog,Female,Unregistered,Y,N,16
1894,WAKEFIELD REGIONAL COUNCIL,Dog,Female,Unregistered,Y,Y,7
1895,WAKEFIELD REGIONAL COUNCIL,Dog,Male,Registered,N,N,36
1896,WAKEFIELD REGIONAL COUNCIL,Dog,Male,Registered,N,Y,3
1897,WAKEFIELD REGIONAL COUNCIL,Dog,Male,Registered,Y,N,368
1898,WAKEFIELD REGIONAL COUNCIL,Dog,Male,Registered,Y,Y,499
1899,WAKEFIELD REGIONAL COUNCIL,Dog,Male,Unregistered,N,N,8
1900,WAKEFIELD REGIONAL COUNCIL,Dog,Male,Unregistered,Y,N,15
1901,WAKEFIELD REGIONAL COUNCIL,Dog,Male,Unregistered,Y,Y,11
1902,WATTLE RANGE COUNCIL,Cat,Female,Registered,N,N,2
1903,WATTLE RANGE COUNCIL,Cat,Female,Registered,N,Y,8
1904,WATTLE RANGE COUNCIL,Cat,Female,Registered,Y,N,23
1905,WATTLE RANGE COUNCIL,Cat,Female,Registered,Y,Y,142
1906,WATTLE RANGE COUNCIL,Cat,Female,Unregistered,N,N,2
1907,WATTLE RANGE COUNCIL,Cat,Female,Unregistered,N,Y,3
1908,WATTLE RANGE COUNCIL,Cat,Female,Unregistered,Y,N,3
1909,WATTLE RANGE COUNCIL,Cat,Female,Unregistered,Y,Y,21
1910,WATTLE RANGE COUNCIL,Cat,Male,Registered,N,N,2
1911,WATTLE RANGE COUNCIL,Cat,Male,Registered,N,Y,1
1912,WATTLE RANGE COUNCIL,Cat,Male,Registered,Y,N,20
1913,WATTLE RANGE COUNCIL,Cat,Male,Registered,Y,Y,117
1914,WATTLE RANGE COUNCIL,Cat,Male,Unregistered,N,N,3
1915,WATTLE RANGE COUNCIL,Cat,Male,Unregistered,N,Y,1
1916,WATTLE RANGE COUNCIL,Cat,Male,Unregistered,Y,N,4
1917,WATTLE RANGE COUNCIL,Cat,Male,Unregistered,Y,Y,22
1918,WATTLE RANGE COUNCIL,Dog,Female,Registered,N,N,42
1919,WATTLE RANGE COUNCIL,Dog,Female,Registered,N,Y,6
1920,WATTLE RANGE COUNCIL,Dog,Female,Registered,Y,N,686
1921,WATTLE RANGE COUNCIL,Dog,Female,Registered,Y,Y,1051
1922,WATTLE RANGE COUNCIL,Dog,Female,Unregistered,N,N,10
1923,WATTLE RANGE COUNCIL,Dog,Female,Unregistered,Y,N,25
1924,WATTLE RANGE COUNCIL,Dog,Female,Unregistered,Y,Y,17
1925,WATTLE RANGE COUNCIL,Dog,Male,Registered,N,N,52
1926,WATTLE RANGE COUNCIL,Dog,Male,Registered,N,Y,7
1927,WATTLE RANGE COUNCIL,Dog,Male,Registered,Y,N,661
1928,WATTLE RANGE COUNCIL,Dog,Male,Registered,Y,Y,895
1929,WATTLE RANGE COUNCIL,Dog,Male,Unregistered,N,N,12
1930,WATTLE RANGE COUNCIL,Dog,Male,Unregistered,N,Y,2
1931,WATTLE RANGE COUNCIL,Dog,Male,Unregistered,Y,N,25
1932,WATTLE RANGE COUNCIL,Dog,Male,Unregistered,Y,Y,27
1933,WUDINNA DISTRICT COUNCIL,Cat,Female,Registered,Y,N,1
1934,WUDINNA DISTRICT COUNCIL,Cat,Female,Registered,Y,Y,8
1935,WUDINNA DISTRICT COUNCIL,Cat,Female,Unregistered,Y,N,1
1936,WUDINNA DISTRICT COUNCIL,Cat,Female,Unregistered,Y,Y,19
1937,WUDINNA DISTRICT COUNCIL,Cat,Male,Registered,N,N,1
1938,WUDINNA DISTRICT COUNCIL,Cat,Male,Registered,Y,N,2
1939,WUDINNA DISTRICT COUNCIL,Cat,Male,Registered,Y,Y,8
1940,WUDINNA DISTRICT COUNCIL,Cat,Male,Unregistered,N,Y,1
1941,WUDINNA DISTRICT COUNCIL,Cat,Male,Unregistered,Y,N,1
1942,WUDINNA DISTRICT COUNCIL,Cat,Male,Unregistered,Y,Y,14
1943,WUDINNA DISTRICT COUNCIL,Dog,Female,Registered,N,N,9
1944,WUDINNA DISTRICT COUNCIL,Dog,Female,Registered,N,Y,6
1945,WUDINNA DISTRICT COUNCIL,Dog,Female,Registered,Y,N,65
1946,WUDINNA DISTRICT COUNCIL,Dog,Female,Registered,Y,Y,48
1947,WUDINNA DISTRICT COUNCIL,Dog,Female,Unregistered,N,N,6
1948,WUDINNA DISTRICT COUNCIL,Dog,Female,Unregistered,Y,N,28
1949,WUDINNA DISTRICT COUNCIL,Dog,Female,Unregistered,Y,Y,33
1950,WUDINNA DISTRICT COUNCIL,Dog,Male,Registered,N,N,7
1951,WUDINNA DISTRICT COUNCIL,Dog,Male,Registered,N,Y,3
1952,WUDINNA DISTRICT COUNCIL,Dog,Male,Registered,Y,N,45
1953,WUDINNA DISTRICT COUNCIL,Dog,Male,Registered,Y,Y,39
1954,WUDINNA DISTRICT COUNCIL,Dog,Male,Unregistered,N,N,3
1955,WUDINNA DISTRICT COUNCIL,Dog,Male,Unregistered,Y,N,20
1956,WUDINNA DISTRICT COUNCIL,Dog,Male,Unregistered,Y,Y,24
1957,WUDINNA DISTRICT COUNCIL,Dog,Unknown,Registered,Y,N,1
1958,YORKE PENINSULA COUNCIL,Cat,Female,Registered,N,N,2
1959,YORKE PENINSULA COUNCIL,Cat,Female,Registered,Y,N,5
1960,YORKE PENINSULA COUNCIL,Cat,Female,Registered,Y,Y,226
1961,YORKE PENINSULA COUNCIL,Cat,Female,Unregistered,N,N,2
1962,YORKE PENINSULA COUNCIL,Cat,Female,Unregistered,N,Y,6
1963,YORKE PENINSULA COUNCIL,Cat,Female,Unregistered,Y,N,12
1964,YORKE PENINSULA COUNCIL,Cat,Female,Unregistered,Y,Y,101
1965,YORKE PENINSULA COUNCIL,Cat,Male,Registered,N,N,3
1966,YORKE PENINSULA COUNCIL,Cat,Male,Registered,N,Y,1
1967,YORKE PENINSULA COUNCIL,Cat,Male,Registered,Y,N,3
1968,YORKE PENINSULA COUNCIL,Cat,Male,Registered,Y,Y,198
1969,YORKE PENINSULA COUNCIL,Cat,Male,Unregistered,N,N,3
1970,YORKE PENINSULA COUNCIL,Cat,Male,Unregistered,N,Y,1
1971,YORKE PENINSULA COUNCIL,Cat,Male,Unregistered,Y,N,12
1972,YORKE PENINSULA COUNCIL,Cat,Male,Unregistered,Y,Y,122
1973,YORKE PENINSULA COUNCIL,Dog,Female,Registered,N,N,38
1974,YORKE PENINSULA COUNCIL,Dog,Female,Registered,N,Y,10
1975,YORKE PENINSULA COUNCIL,Dog,Female,Registered,Y,N,390
1976,YORKE PENINSULA COUNCIL,Dog,Female,Registered,Y,Y,1011
1977,YORKE PENINSULA COUNCIL,Dog,Female,Unregistered,N,N,5
1978,YORKE PENINSULA COUNCIL,Dog,Female,Unregistered,N,Y,2
1979,YORKE PENINSULA COUNCIL,Dog,Female,Unregistered,Y,N,34
1980,YORKE PENINSULA COUNCIL,Dog,Female,Unregistered,Y,Y,44
1981,YORKE PENINSULA COUNCIL,Dog,Male,Registered,N,N,40
1982,YORKE PENINSULA COUNCIL,Dog,Male,Registered,N,Y,8
1983,YORKE PENINSULA COUNCIL,Dog,Male,Registered,Y,N,413
1984,YORKE PENINSULA COUNCIL,Dog,Male,Registered,Y,Y,837
1985,YORKE PENINSULA COUNCIL,Dog,Male,Unregistered,N,N,15
1986,YORKE PENINSULA COUNCIL,Dog,Male,Unregistered,N,Y,1
1987,YORKE PENINSULA COUNCIL,Dog,Male,Unregistered,Y,N,33
1988,YORKE PENINSULA COUNCIL,Dog,Male,Unregistered,Y,Y,47
